ElapsedSec,ALT,Pres
0.0,0.0,0.0
0.0,-29.04,101674.33
0.0,-29.04,101674.33
0.0,-29.04,101674.33
0.0,-29.04,101674.33
0.0,-29.04,101674.33
0.0,-29.04,101674.33
0.0,-29.04,101674.33
0.0,-29.04,101674.33
0.0,-29.04,101674.33
0.0,-29.04,101674.33
0.0,-29.04,101674.33
0.0,-29.04,101674.33
0.0,-29.04,101674.33
0.0,-29.04,101674.33
0.0,-29.04,101674.33
0.0,-29.04,101674.33
0.0,-29.04,101674.33
0.0,-29.04,101674.33
0.05,-29.04,101674.33
0.12,-29.04,101674.33
0.19,-29.04,101674.33
0.25,-29.04,101674.33
0.32,-29.04,101674.33
0.38,-29.04,101674.33
0.45,-29.04,101674.33
0.51,-29.04,101674.33
0.58,-29.04,101674.33
0.64,-29.04,101674.33
0.71,-29.04,101674.33
0.78,-29.04,101674.33
0.84,-29.04,101674.33
0.91,-29.04,101674.33
0.97,-29.04,101674.33
1.04,-29.04,101674.33
1.1,-29.04,101674.33
1.17,-29.04,101674.33
1.23,-29.04,101674.33
1.3,-29.04,101674.33
1.37,-29.04,101674.33
1.43,-29.04,101674.33
1.5,-29.04,101674.33
1.56,-29.04,101674.33
1.63,-29.04,101674.33
1.69,-29.04,101674.33
1.76,-29.04,101674.33
1.83,-29.04,101674.33
1.89,-29.04,101674.33
1.96,-29.04,101674.33
2.02,-29.04,101674.33
2.09,-29.04,101674.33
2.16,-29.04,101674.33
2.22,-29.04,101674.33
2.29,-29.04,101674.33
2.35,-29.04,101674.33
2.42,-29.04,101674.33
2.48,-29.04,101674.33
2.55,-29.04,101674.33
2.62,-29.04,101674.33
2.68,-29.04,101674.33
2.75,-29.04,101674.33
2.81,-29.04,101674.33
2.88,-29.04,101674.33
2.94,-29.04,101674.33
3.01,-29.04,101674.33
3.08,-29.04,101674.33
3.14,-29.04,101674.33
3.21,-29.04,101674.33
3.27,-29.04,101674.33
3.34,-29.04,101674.33
3.41,-29.04,101674.33
3.47,-29.04,101674.33
3.54,-29.04,101674.33
3.61,-29.04,101674.33
3.67,-29.04,101674.33
3.74,-29.04,101674.33
3.81,-29.04,101674.33
3.87,-29.04,101674.33
3.94,-29.04,101674.33
4.01,-29.04,101674.33
4.07,-29.04,101674.33
4.16,-29.04,101674.33
4.22,-29.04,101674.33
4.29,-29.04,101674.33
4.36,-29.04,101674.33
4.43,-29.04,101674.33
4.5,-29.04,101674.33
4.56,-29.04,101674.33
4.63,-29.04,101674.33
4.69,-29.04,101674.33
4.76,-29.04,101674.33
4.83,-29.04,101674.33
4.9,-29.04,101674.33
4.97,-29.04,101674.33
5.03,-29.04,101674.33
5.1,-29.04,101674.33
5.16,-29.04,101674.33
5.23,-29.04,101674.33
5.3,-29.04,101674.33
5.36,-29.04,101674.33
5.43,-29.04,101674.33
5.5,-29.04,101674.33
5.56,-29.04,101674.33
5.63,-29.04,101674.33
5.69,-29.04,101674.33
5.76,-29.04,101674.33
5.82,-29.04,101674.33
5.89,-29.04,101674.33
5.96,-29.04,101674.33
6.02,-29.04,101674.33
6.09,-29.04,101674.33
6.15,-29.04,101674.33
6.22,-29.04,101674.33
6.29,-29.04,101674.33
6.36,-29.04,101674.33
6.42,-29.04,101674.33
6.49,-29.04,101674.33
6.56,-29.04,101674.33
6.62,-29.04,101674.33
6.69,-29.04,101674.33
6.75,-29.04,101674.33
6.82,-29.04,101674.33
6.89,-29.04,101674.33
6.95,-29.04,101674.33
7.02,-29.04,101674.33
7.08,-29.04,101674.33
7.15,-29.04,101674.33
7.22,-29.04,101674.33
7.28,-29.04,101674.33
7.35,-29.04,101674.33
7.42,-29.04,101674.33
7.48,-29.04,101674.33
7.55,-29.04,101674.33
7.62,-29.04,101674.33
7.68,-29.04,101674.33
7.75,-29.04,101674.33
7.81,-29.04,101674.33
7.88,-29.04,101674.33
7.95,-29.04,101674.33
8.01,-29.04,101674.33
8.08,-29.04,101674.33
8.15,-29.04,101674.33
8.21,-29.04,101674.33
8.28,-29.04,101674.33
8.34,-29.04,101674.33
8.41,-29.04,101674.33
8.48,-29.04,101674.33
8.55,-29.04,101674.33
8.61,-29.04,101674.33
8.68,-29.04,101674.33
8.75,-29.04,101674.33
8.81,-29.04,101674.33
8.88,-29.04,101674.33
8.95,-29.04,101674.33
9.01,-29.04,101674.33
9.08,-29.04,101674.33
9.15,-29.04,101674.33
9.21,-29.04,101674.33
9.28,-29.04,101674.33
9.35,-29.04,101674.33
9.42,-29.04,101674.33
9.48,-29.04,101674.33
9.55,-29.04,101674.33
9.62,-29.04,101674.33
9.68,-29.04,101674.33
9.75,-29.04,101674.33
9.82,-29.04,101674.33
9.88,-29.04,101674.33
9.95,-29.04,101674.33
10.02,-29.04,101674.33
10.08,-29.04,101674.33
10.15,-29.04,101674.33
10.22,-29.04,101674.33
10.28,-29.04,101674.33
10.35,-29.04,101674.33
10.42,-29.04,101674.33
10.48,-29.04,101674.33
10.55,-29.04,101674.33
10.62,-29.04,101674.33
10.68,-29.04,101674.33
10.75,-29.04,101674.33
10.82,-29.04,101674.33
10.89,-29.04,101674.33
10.96,-29.04,101674.33
11.02,-29.04,101674.33
11.09,-29.04,101674.33
11.16,-29.04,101674.33
11.22,-29.04,101674.33
11.29,-29.04,101674.33
11.35,-29.04,101674.33
11.42,-29.04,101674.33
11.49,-29.04,101674.33
11.55,-29.04,101674.33
11.62,-29.04,101674.33
11.68,-29.04,101674.33
11.75,-29.04,101674.33
11.82,-29.04,101674.33
11.88,-29.04,101674.33
11.95,-29.04,101674.33
12.02,-29.04,101674.33
12.08,-29.04,101674.33
12.15,-29.04,101674.33
12.21,-29.04,101674.33
12.28,-29.04,101674.33
12.35,-29.04,101674.33
12.41,-29.04,101674.33
12.48,-29.04,101674.33
12.54,-29.04,101674.33
12.61,-29.04,101674.33
12.67,-29.04,101674.33
12.74,-29.04,101674.33
12.81,-29.04,101674.33
12.87,-29.04,101674.33
12.94,-29.04,101674.33
13.01,-29.04,101674.33
13.1,-29.04,101674.33
13.16,-29.04,101674.33
13.23,-29.04,101674.33
13.3,-29.04,101674.33
13.36,-29.04,101674.33
13.43,-29.04,101674.33
13.5,-29.04,101674.33
13.56,-29.04,101674.33
13.63,-29.04,101674.33
13.69,-29.04,101674.33
13.76,-29.04,101674.33
13.83,-29.04,101674.33
13.89,-29.04,101674.33
13.96,-29.04,101674.33
14.04,-29.04,101674.33
14.1,-29.04,101674.33
14.17,-29.04,101674.33
14.24,-29.04,101674.33
14.3,-29.04,101674.33
14.37,-29.04,101674.33
14.44,-29.04,101674.33
14.5,-29.04,101674.33
14.57,-29.04,101674.33
14.63,-29.04,101674.33
14.7,-29.04,101674.33
14.77,-29.04,101674.33
14.83,-29.04,101674.33
14.9,-29.04,101674.33
14.97,-29.04,101674.33
15.03,-29.04,101674.33
15.1,-29.04,101674.33
15.17,-29.04,101674.33
15.23,-29.04,101674.33
15.3,-29.04,101674.33
15.37,-29.04,101674.33
15.43,-29.04,101674.33
15.5,-29.04,101674.33
15.57,-29.04,101674.33
15.63,-29.04,101674.33
15.7,-29.04,101674.33
15.77,-29.04,101674.33
15.83,-29.04,101674.33
15.9,-29.04,101674.33
15.97,-29.04,101674.33
16.03,-29.04,101674.33
16.1,-29.04,101674.33
16.16,-29.04,101674.33
16.23,-29.04,101674.33
16.3,-29.04,101674.33
16.37,-29.04,101674.33
16.43,-29.04,101674.33
16.5,-29.04,101674.33
16.56,-29.04,101674.33
16.63,-29.04,101674.33
16.7,-29.04,101674.33
16.76,-29.04,101674.33
16.83,-29.04,101674.33
16.9,-29.04,101674.33
16.96,-29.04,101674.33
17.03,-29.04,101674.33
17.1,-29.04,101674.33
17.17,-29.04,101674.33
17.24,-29.04,101674.33
17.31,-29.04,101674.33
17.37,-29.04,101674.33
17.44,-29.04,101674.33
17.5,-29.04,101674.33
17.57,-29.04,101674.33
17.64,-29.04,101674.33
17.7,-29.04,101674.33
17.77,-29.04,101674.33
17.83,-29.04,101674.33
17.9,-29.04,101674.33
17.97,-29.04,101674.33
18.03,-29.04,101674.33
18.1,-29.04,101674.33
18.16,-29.04,101674.33
18.23,-29.04,101674.33
18.3,-29.04,101674.33
18.36,-29.04,101674.33
18.43,-29.04,101674.33
18.5,-29.04,101674.33
18.56,-29.04,101674.33
18.63,-29.04,101674.33
18.69,-29.04,101674.33
18.76,-29.04,101674.33
18.83,-29.04,101674.33
18.89,-29.04,101674.33
18.96,-29.04,101674.33
19.02,-29.04,101674.33
19.09,-29.04,101674.33
19.16,-29.04,101674.33
19.22,-29.04,101674.33
19.29,-29.04,101674.33
19.35,-29.04,101674.33
19.42,-29.04,101674.33
19.49,-29.04,101674.33
19.55,-29.04,101674.33
19.62,-29.04,101674.33
19.69,-29.04,101674.33
19.75,-29.04,101674.33
19.82,-29.04,101674.33
19.88,-29.04,101674.33
19.95,-29.04,101674.33
20.02,-29.04,101674.33
20.08,-29.04,101674.33
20.15,-29.04,101674.33
20.22,-29.04,101674.33
20.28,-29.04,101674.33
20.35,-29.04,101674.33
20.42,-29.04,101674.33
20.48,-29.04,101674.33
20.55,-29.04,101674.33
20.61,-29.04,101674.33
20.68,-29.04,101674.33
20.75,-29.04,101674.33
20.81,-29.04,101674.33
20.88,-29.04,101674.33
20.95,-29.04,101674.33
21.01,-29.04,101674.33
21.08,-29.04,101674.33
21.15,-29.04,101674.33
21.21,-29.04,101674.33
21.28,-29.04,101674.33
21.34,-29.04,101674.33
21.41,-29.04,101674.33
21.48,-29.04,101674.33
21.54,-29.04,101674.33
21.61,-29.04,101674.33
21.68,-29.04,101674.33
21.74,-29.04,101674.33
21.81,-29.04,101674.33
21.88,-29.04,101674.33
21.94,-29.04,101674.33
22.01,-29.04,101674.33
22.08,-29.04,101674.33
22.14,-29.04,101674.33
22.21,-29.04,101674.33
22.28,-29.04,101674.33
22.34,-29.04,101674.33
22.41,-29.04,101674.33
22.48,-29.04,101674.33
22.54,-29.04,101674.33
22.61,-29.04,101674.33
22.68,-29.04,101674.33
22.74,-29.04,101674.33
22.81,-29.04,101674.33
22.88,-29.04,101674.33
22.94,-29.04,101674.33
23.01,-29.04,101674.33
23.08,-29.04,101674.33
23.14,-29.04,101674.33
23.21,-29.04,101674.33
23.28,-29.04,101674.33
23.34,-29.04,101674.33
23.41,-29.04,101674.33
23.48,-29.04,101674.33
23.54,-29.04,101674.33
23.61,-29.04,101674.33
23.68,-29.04,101674.33
23.74,-29.04,101674.33
23.81,-29.04,101674.33
23.88,-29.04,101674.33
23.95,-29.04,101674.33
24.02,-29.04,101674.33
24.08,-29.04,101674.33
24.15,-29.04,101674.33
24.21,-29.04,101674.33
24.28,-29.04,101674.33
24.35,-29.04,101674.33
24.41,-29.04,101674.33
24.48,-29.04,101674.33
24.54,-29.04,101674.33
24.61,-29.04,101674.33
24.67,-29.04,101674.33
24.74,-29.04,101674.33
24.81,-29.04,101674.33
24.87,-29.04,101674.33
24.94,-29.04,101674.33
25.01,-29.04,101674.33
25.07,-29.04,101674.33
25.15,-29.04,101674.33
25.21,-29.04,101674.33
25.28,-29.04,101674.33
25.35,-29.04,101674.33
25.41,-29.04,101674.33
25.48,-29.04,101674.33
25.54,-29.04,101674.33
25.61,-29.04,101674.33
25.67,-29.04,101674.33
25.74,-29.04,101674.33
25.81,-29.04,101674.33
25.87,-29.04,101674.33
25.94,-29.04,101674.33
26.01,-29.04,101674.33
26.07,-29.04,101674.33
26.14,-29.04,101674.33
26.2,-29.04,101674.33
26.27,-29.04,101674.33
26.34,-29.04,101674.33
26.4,-29.04,101674.33
26.47,-29.04,101674.33
26.53,-29.04,101674.33
26.6,-29.04,101674.33
26.67,-29.04,101674.33
26.73,-29.04,101674.33
26.8,-29.04,101674.33
26.86,-29.04,101674.33
26.93,-29.04,101674.33
26.99,-29.04,101674.33
27.06,-29.04,101674.33
27.13,-29.04,101674.33
27.19,-29.04,101674.33
27.26,-29.04,101674.33
27.33,-29.04,101674.33
27.39,-29.04,101674.33
27.46,-29.04,101674.33
27.52,-29.04,101674.33
27.59,-29.04,101674.33
27.66,-29.04,101674.33
27.72,-29.04,101674.33
27.79,-29.04,101674.33
27.86,-29.04,101674.33
27.92,-29.04,101674.33
27.99,-29.04,101674.33
28.05,-29.04,101674.33
28.12,-29.04,101674.33
28.19,-29.04,101674.33
28.25,-29.04,101674.33
28.32,-29.04,101674.33
28.39,-29.04,101674.33
28.45,-29.04,101674.33
28.52,-29.04,101674.33
28.59,-29.04,101674.33
28.65,-29.04,101674.33
28.72,-29.04,101674.33
28.79,-29.04,101674.33
28.85,-29.04,101674.33
28.92,-29.04,101674.33
28.99,-29.04,101674.33
29.05,-29.04,101674.33
29.12,-29.04,101674.33
29.19,-29.04,101674.33
29.25,-29.04,101674.33
29.32,-29.04,101674.33
29.39,-29.04,101674.33
29.45,-29.04,101674.33
29.52,-29.04,101674.33
29.58,-29.04,101674.33
29.65,-29.04,101674.33
29.72,-29.04,101674.33
29.78,-29.04,101674.33
29.85,-29.04,101674.33
29.92,-29.04,101674.33
29.98,-29.04,101674.33
30.05,-29.04,101674.33
30.12,-29.04,101674.33
30.18,-29.04,101674.33
30.25,-29.04,101674.33
30.32,-29.04,101674.33
30.38,-29.04,101674.33
30.45,-29.04,101674.33
30.52,-29.04,101674.33
30.58,-29.04,101674.33
30.65,-29.04,101674.33
30.71,-29.04,101674.33
30.78,-29.04,101674.33
30.85,-29.04,101674.33
30.91,-29.04,101674.33
30.98,-29.04,101674.33
31.05,-29.04,101674.33
31.11,-29.04,101674.33
31.18,-29.04,101674.33
31.25,-29.04,101674.33
31.31,-29.04,101674.33
31.38,-29.04,101674.33
31.45,-29.04,101674.33
31.52,-29.04,101674.33
31.58,-29.04,101674.33
31.65,-29.04,101674.33
31.72,-29.04,101674.33
31.79,-29.04,101674.33
31.85,-29.04,101674.33
31.92,-29.04,101674.33
31.99,-29.04,101674.33
32.05,-29.04,101674.33
32.12,-29.04,101674.33
32.18,-29.04,101674.33
32.25,-29.04,101674.33
32.32,-29.04,101674.33
32.38,-29.04,101674.33
32.45,-29.04,101674.33
32.51,-29.04,101674.33
32.58,-29.04,101674.33
32.65,-29.04,101674.33
32.71,-29.04,101674.33
32.78,-29.04,101674.33
32.84,-29.04,101674.33
32.91,-29.04,101674.33
32.98,-29.04,101674.33
33.04,-29.04,101674.33
33.11,-29.04,101674.33
33.17,-29.04,101674.33
33.24,-29.04,101674.33
33.31,-29.04,101674.33
33.37,-29.04,101674.33
33.44,-29.04,101674.33
33.51,-29.04,101674.33
33.57,-29.04,101674.33
33.64,-29.04,101674.33
33.71,-29.04,101674.33
33.77,-29.04,101674.33
33.84,-29.04,101674.33
33.9,-29.04,101674.33
33.97,-29.04,101674.33
34.04,-29.04,101674.33
34.11,-29.04,101674.33
34.18,-29.04,101674.33
34.24,-29.04,101674.33
34.31,-29.04,101674.33
34.37,-29.04,101674.33
34.44,-29.04,101674.33
34.51,-29.04,101674.33
34.57,-29.04,101674.33
34.64,-29.04,101674.33
34.71,-29.04,101674.33
34.77,-29.04,101674.33
34.84,-29.04,101674.33
34.9,-29.04,101674.33
34.97,-29.04,101674.33
35.04,-29.04,101674.33
35.1,-29.04,101674.33
35.17,-29.04,101674.33
35.24,-29.04,101674.33
35.3,-29.04,101674.33
35.37,-29.04,101674.33
35.44,-29.04,101674.33
35.5,-29.04,101674.33
35.57,-29.04,101674.33
35.63,-29.04,101674.33
35.7,-29.04,101674.33
35.77,-29.04,101674.33
35.83,-29.04,101674.33
35.9,-29.04,101674.33
35.97,-29.04,101674.33
36.03,-29.04,101674.33
36.1,-29.04,101674.33
36.17,-29.04,101674.33
36.23,-29.04,101674.33
36.3,-29.04,101674.33
36.37,-29.04,101674.33
36.43,-29.04,101674.33
36.5,-29.04,101674.33
36.56,-29.04,101674.33
36.63,-29.04,101674.33
36.7,-29.04,101674.33
36.76,-29.04,101674.33
36.83,-29.04,101674.33
36.9,-29.04,101674.33
36.96,-29.04,101674.33
37.03,-29.04,101674.33
37.1,-29.04,101674.33
37.16,-29.04,101674.33
37.23,-29.04,101674.33
37.3,-29.04,101674.33
37.36,-29.04,101674.33
37.43,-29.04,101674.33
37.5,-29.04,101674.33
37.56,-29.04,101674.33
37.63,-29.04,101674.33
37.7,-29.04,101674.33
37.76,-29.04,101674.33
37.83,-29.04,101674.33
37.9,-29.04,101674.33
37.96,-29.04,101674.33
38.03,-29.04,101674.33
38.1,-29.04,101674.33
38.16,-29.04,101674.33
38.23,-29.04,101674.33
38.3,-29.04,101674.33
38.36,-29.04,101674.33
38.43,-29.04,101674.33
38.5,-29.04,101674.33
38.57,-29.04,101674.33
38.63,-29.04,101674.33
38.7,-29.04,101674.33
38.77,-29.04,101674.33
38.83,-29.04,101674.33
38.9,-29.04,101674.33
38.96,-29.04,101674.33
39.03,-29.04,101674.33
39.1,-29.04,101674.33
39.16,-29.04,101674.33
39.23,-29.04,101674.33
39.29,-29.04,101674.33
39.36,-29.04,101674.33
39.43,-29.04,101674.33
39.49,-29.04,101674.33
39.56,-29.04,101674.33
39.62,-29.04,101674.33
39.69,-29.04,101674.33
39.76,-29.04,101674.33
39.82,-29.04,101674.33
39.89,-29.04,101674.33
39.96,-29.04,101674.33
40.02,-29.04,101674.33
40.09,-29.04,101674.33
40.15,-29.04,101674.33
40.22,-29.04,101674.33
40.29,-29.04,101674.33
40.35,-29.04,101674.33
40.42,-29.04,101674.33
40.48,-29.04,101674.33
40.55,-29.04,101674.33
40.62,-29.04,101674.33
40.68,-29.04,101674.33
40.75,-29.04,101674.33
40.81,-29.04,101674.33
40.88,-29.04,101674.33
40.95,-29.04,101674.33
41.01,-29.04,101674.33
41.08,-29.04,101674.33
41.15,-29.04,101674.33
41.21,-29.04,101674.33
41.28,-29.04,101674.33
41.35,-29.04,101674.33
41.41,-29.04,101674.33
41.48,-29.04,101674.33
41.54,-29.04,101674.33
41.61,-29.04,101674.33
41.68,-29.04,101674.33
41.74,-29.04,101674.33
41.81,-29.04,101674.33
41.88,-29.04,101674.33
41.94,-29.04,101674.33
42.01,-29.04,101674.33
42.07,-29.04,101674.33
42.14,-29.04,101674.33
42.21,-29.04,101674.33
42.28,-29.04,101674.33
42.34,-29.04,101674.33
42.41,-29.04,101674.33
42.47,-29.04,101674.33
42.54,-29.04,101674.33
42.61,-29.04,101674.33
42.67,-29.04,101674.33
42.74,-29.04,101674.33
42.81,-29.04,101674.33
42.87,-29.04,101674.33
42.94,-29.04,101674.33
43.01,-29.04,101674.33
43.07,-29.04,101674.33
43.14,-29.04,101674.33
43.2,-29.04,101674.33
43.27,-29.04,101674.33
43.34,-29.04,101674.33
43.4,-29.04,101674.33
43.47,-29.04,101674.33
43.54,-29.04,101674.33
43.6,-29.04,101674.33
43.67,-29.04,101674.33
43.74,-29.04,101674.33
43.8,-29.04,101674.33
43.87,-29.04,101674.33
43.94,-29.04,101674.33
44.0,-29.04,101674.33
44.07,-29.04,101674.33
44.14,-29.04,101674.33
44.2,-29.04,101674.33
44.27,-29.04,101674.33
44.33,-29.04,101674.33
44.4,-29.04,101674.33
44.47,-29.04,101674.33
44.54,-29.04,101674.33
44.6,-29.04,101674.33
44.67,-29.04,101674.33
44.73,-29.04,101674.33
44.8,-29.04,101674.33
44.87,-29.04,101674.33
44.93,-29.04,101674.33
45.0,-29.04,101674.33
45.08,-29.04,101674.33
45.14,-29.04,101674.33
45.21,-29.04,101674.33
45.27,-29.04,101674.33
45.34,-29.04,101674.33
45.4,-29.04,101674.33
45.47,-29.04,101674.33
45.54,-29.04,101674.33
45.6,-29.04,101674.33
45.67,-29.04,101674.33
45.74,-29.04,101674.33
45.8,-29.04,101674.33
45.87,-29.04,101674.33
45.93,-29.04,101674.33
46.0,-29.04,101674.33
46.06,-29.04,101674.33
46.13,-29.04,101674.33
46.2,-29.04,101674.33
46.26,-29.04,101674.33
46.33,-29.04,101674.33
46.4,-29.04,101674.33
46.46,-29.04,101674.33
46.53,-29.04,101674.33
46.6,-29.04,101674.33
46.66,-29.04,101674.33
46.73,-29.04,101674.33
46.79,-29.04,101674.33
46.86,-29.04,101674.33
46.93,-29.04,101674.33
46.99,-29.04,101674.33
47.06,-29.04,101674.33
47.12,-29.04,101674.33
47.19,-29.04,101674.33
47.26,-29.04,101674.33
47.32,-29.04,101674.33
47.39,-29.04,101674.33
47.46,-29.04,101674.33
47.52,-29.04,101674.33
47.59,-29.04,101674.33
47.66,-29.04,101674.33
47.73,-29.04,101674.33
47.8,-29.04,101674.33
47.86,-29.04,101674.33
47.93,-29.04,101674.33
48.0,-29.04,101674.33
48.06,-29.04,101674.33
48.13,-29.04,101674.33
48.19,-29.04,101674.33
48.26,-29.04,101674.33
48.33,-29.04,101674.33
48.39,-29.04,101674.33
48.46,-29.04,101674.33
48.53,-29.04,101674.33
48.59,-29.04,101674.33
48.66,-29.04,101674.33
48.72,-29.04,101674.33
48.79,-29.04,101674.33
48.87,-29.04,101674.33
48.95,-29.04,101674.33
49.03,-29.04,101674.33
49.1,-29.04,101674.33
49.17,-29.04,101674.33
49.26,-29.04,101674.33
49.33,-29.04,101674.33
49.4,-29.04,101674.33
49.46,-29.04,101674.33
49.53,-29.04,101674.33
49.6,-29.04,101674.33
49.66,-29.04,101674.33
49.73,-29.04,101674.33
49.8,-29.04,101674.33
49.86,-29.04,101674.33
49.93,-29.04,101674.33
50.0,-29.04,101674.33
50.06,-29.04,101674.33
50.13,-29.04,101674.33
50.2,-29.04,101674.33
50.26,-29.04,101674.33
50.33,-29.04,101674.33
50.4,-29.04,101674.33
50.46,-29.04,101674.33
50.53,-29.04,101674.33
50.6,-29.04,101674.33
50.66,-29.04,101674.33
50.73,-29.04,101674.33
50.8,-29.04,101674.33
50.87,-29.04,101674.33
50.93,-29.04,101674.33
51.0,-29.04,101674.33
51.07,-29.04,101674.33
51.13,-29.04,101674.33
51.2,-29.04,101674.33
51.27,-29.04,101674.33
51.33,-29.04,101674.33
51.4,-29.04,101674.33
51.47,-29.04,101674.33
51.53,-29.04,101674.33
51.6,-29.04,101674.33
51.67,-29.04,101674.33
51.73,-29.04,101674.33
51.8,-29.04,101674.33
51.87,-29.04,101674.33
51.94,-29.04,101674.33
52.0,-29.04,101674.33
52.07,-29.04,101674.33
52.14,-29.04,101674.33
52.2,-29.04,101674.33
52.27,-29.04,101674.33
52.33,-29.04,101674.33
52.4,-29.04,101674.33
52.47,-29.04,101674.33
52.53,-29.04,101674.33
52.6,-29.04,101674.33
52.66,-29.04,101674.33
52.73,-29.04,101674.33
52.79,-29.04,101674.33
52.86,-29.04,101674.33
52.93,-29.04,101674.33
52.99,-29.04,101674.33
53.06,-29.04,101674.33
53.12,-29.04,101674.33
53.19,-29.04,101674.33
53.26,-29.04,101674.33
53.32,-29.04,101674.33
53.39,-29.04,101674.33
53.46,-29.04,101674.33
53.52,-29.04,101674.33
53.59,-29.04,101674.33
53.66,-29.04,101674.33
53.72,-29.04,101674.33
53.79,-29.04,101674.33
53.85,-29.04,101674.33
53.92,-29.04,101674.33
53.99,-29.04,101674.33
54.05,-29.04,101674.33
54.12,-29.04,101674.33
54.18,-29.04,101674.33
54.25,-29.04,101674.33
54.32,-29.04,101674.33
54.38,-29.04,101674.33
54.45,-29.04,101674.33
54.52,-29.04,101674.33
54.58,-29.04,101674.33
54.65,-29.04,101674.33
54.72,-29.04,101674.33
54.78,-29.04,101674.33
54.85,-29.04,101674.33
54.91,-29.04,101674.33
54.98,-29.04,101674.33
55.05,-29.04,101674.33
55.11,-29.04,101674.33
55.18,-29.04,101674.33
55.25,-29.04,101674.33
55.31,-29.04,101674.33
55.38,-29.04,101674.33
55.45,-29.04,101674.33
55.51,-29.04,101674.33
55.58,-29.04,101674.33
55.65,-29.04,101674.33
55.71,-29.04,101674.33
55.78,-29.04,101674.33
55.85,-29.04,101674.33
55.91,-29.04,101674.33
55.98,-29.04,101674.33
56.04,-29.04,101674.33
56.11,-29.04,101674.33
56.18,-29.04,101674.33
56.24,-29.04,101674.33
56.31,-29.04,101674.33
56.38,-29.04,101674.33
56.44,-29.04,101674.33
56.51,-29.04,101674.33
56.58,-29.04,101674.33
56.64,-29.04,101674.33
56.71,-29.04,101674.33
56.78,-29.04,101674.33
56.84,-29.04,101674.33
56.91,-29.04,101674.33
56.98,-29.04,101674.33
57.04,-29.04,101674.33
57.11,-29.04,101674.33
57.18,-29.04,101674.33
57.24,-29.04,101674.33
57.31,-29.04,101674.33
57.37,-29.04,101674.33
57.44,-29.04,101674.33
57.51,-29.04,101674.33
57.58,-29.04,101674.33
57.64,-29.04,101674.33
57.71,-29.04,101674.33
57.78,-29.04,101674.33
57.84,-29.04,101674.33
57.91,-29.04,101674.33
57.98,-29.04,101674.33
58.04,-29.04,101674.33
58.11,-29.04,101674.33
58.18,-29.04,101674.33
58.24,-29.04,101674.33
58.31,-29.04,101674.33
58.38,-29.04,101674.33
58.45,-29.04,101674.33
58.52,-29.04,101674.33
58.58,-29.04,101674.33
58.65,-29.04,101674.33
58.71,-29.04,101674.33
58.78,-29.04,101674.33
58.85,-29.04,101674.33
58.91,-29.04,101674.33
58.98,-29.04,101674.33
59.05,-29.04,101674.33
59.11,-29.04,101674.33
59.18,-29.04,101674.33
59.24,-29.04,101674.33
59.31,-29.04,101674.33
59.38,-29.04,101674.33
59.44,-29.04,101674.33
59.51,-29.04,101674.33
59.57,-29.04,101674.33
59.64,-29.04,101674.33
59.71,-29.04,101674.33
59.77,-29.04,101674.33
59.84,-29.04,101674.33
59.91,-29.04,101674.33
59.97,-29.04,101674.33
60.04,-29.04,101674.33
60.1,-29.04,101674.33
60.17,-29.04,101674.33
60.24,-29.04,101674.33
60.3,-29.04,101674.33
60.37,-29.04,101674.33
60.43,-29.04,101674.33
60.5,-29.04,101674.33
60.57,-29.04,101674.33
60.63,-29.04,101674.33
60.7,-29.04,101674.33
60.77,-29.04,101674.33
60.83,-29.04,101674.33
60.9,-29.04,101674.33
60.96,-29.04,101674.33
61.03,-29.04,101674.33
61.1,-29.04,101674.33
61.16,-29.04,101674.33
61.23,-29.04,101674.33
61.3,-29.04,101674.33
61.36,-29.04,101674.33
61.43,-29.04,101674.33
61.5,-29.04,101674.33
61.56,-29.04,101674.33
61.63,-29.04,101674.33
61.7,-29.04,101674.33
61.76,-29.04,101674.33
61.83,-29.04,101674.33
61.9,-29.04,101674.33
61.96,-29.04,101674.33
62.03,-29.04,101674.33
62.1,-29.04,101674.33
62.16,-29.04,101674.33
62.23,-29.04,101674.33
62.29,-29.04,101674.33
62.36,-29.04,101674.33
62.43,-29.04,101674.33
62.49,-29.04,101674.33
62.56,-29.04,101674.33
62.63,-29.04,101674.33
62.69,-29.04,101674.33
62.77,-29.04,101674.33
62.83,-29.04,101674.33
62.9,-29.04,101674.33
62.97,-29.04,101674.33
63.03,-29.04,101674.33
63.1,-29.04,101674.33
63.17,-29.04,101674.33
63.23,-29.04,101674.33
63.3,-29.04,101674.33
63.36,-29.04,101674.33
63.43,-29.04,101674.33
63.49,-29.04,101674.33
63.56,-29.04,101674.33
63.63,-29.04,101674.33
63.69,-29.04,101674.33
63.76,-29.04,101674.33
63.82,-29.04,101674.33
63.89,-29.04,101674.33
63.96,-29.04,101674.33
64.02,-29.04,101674.33
64.09,-29.04,101674.33
64.16,-29.04,101674.33
64.22,-29.04,101674.33
64.29,-29.04,101674.33
64.35,-29.04,101674.33
64.42,-29.04,101674.33
64.49,-29.04,101674.33
64.55,-29.04,101674.33
64.62,-29.04,101674.33
64.68,-29.04,101674.33
64.75,-29.04,101674.33
64.82,-29.04,101674.33
64.88,-29.04,101674.33
64.95,-29.04,101674.33
65.01,-29.04,101674.33
65.09,-29.04,101674.33
65.15,-29.04,101674.33
65.22,-29.04,101674.33
65.28,-29.04,101674.33
65.35,-29.04,101674.33
65.41,-29.04,101674.33
65.48,-29.04,101674.33
65.54,-29.04,101674.33
65.61,-29.04,101674.33
65.68,-29.04,101674.33
65.74,-29.04,101674.33
65.81,-29.04,101674.33
65.87,-29.04,101674.33
65.94,-29.04,101674.33
66.0,-29.04,101674.33
66.07,-29.04,101674.33
66.13,-29.04,101674.33
66.2,-29.04,101674.33
66.26,-29.04,101674.33
66.33,-29.04,101674.33
66.4,-29.04,101674.33
66.47,-29.04,101674.33
66.53,-29.04,101674.33
66.6,-29.04,101674.33
66.66,-29.04,101674.33
66.73,-29.04,101674.33
66.8,-29.04,101674.33
66.86,-29.04,101674.33
66.93,-29.04,101674.33
66.99,-29.04,101674.33
67.06,-29.04,101674.33
67.12,-29.04,101674.33
67.19,-29.04,101674.33
67.26,-29.04,101674.33
67.32,-29.04,101674.33
67.39,-29.04,101674.33
67.45,-29.04,101674.33
67.52,-29.04,101674.33
67.58,-29.04,101674.33
67.65,-29.04,101674.33
67.71,-29.04,101674.33
67.78,-29.04,101674.33
67.85,-29.04,101674.33
67.91,-29.04,101674.33
67.98,-29.04,101674.33
68.04,-29.04,101674.33
68.11,-29.04,101674.33
68.18,-29.04,101674.33
68.24,-29.04,101674.33
68.31,-29.04,101674.33
68.38,-29.04,101674.33
68.44,-29.04,101674.33
68.51,-29.04,101674.33
68.57,-29.04,101674.33
68.64,-29.04,101674.33
68.71,-29.04,101674.33
68.77,-29.04,101674.33
68.84,-29.04,101674.33
68.9,-29.04,101674.33
68.97,-29.04,101674.33
69.04,-29.04,101674.33
69.1,-29.04,101674.33
69.17,-29.04,101674.33
69.23,-29.04,101674.33
69.3,-29.04,101674.33
69.37,-29.04,101674.33
69.43,-29.04,101674.33
69.5,-29.04,101674.33
69.57,-29.04,101674.33
69.63,-29.04,101674.33
69.7,-29.04,101674.33
69.76,-29.04,101674.33
69.83,-29.04,101674.33
69.9,-29.04,101674.33
69.97,-29.04,101674.33
70.03,-29.04,101674.33
70.1,-29.04,101674.33
70.16,-29.04,101674.33
70.23,-29.04,101674.33
70.3,-29.04,101674.33
70.36,-29.04,101674.33
70.43,-29.04,101674.33
70.5,-29.04,101674.33
70.56,-29.04,101674.33
70.63,-29.04,101674.33
70.7,-29.04,101674.33
70.76,-29.04,101674.33
70.83,-29.04,101674.33
70.9,-29.04,101674.33
70.96,-29.04,101674.33
71.03,-29.04,101674.33
71.09,-29.04,101674.33
71.16,-29.04,101674.33
71.23,-29.04,101674.33
71.29,-29.04,101674.33
71.36,-29.04,101674.33
71.43,-29.04,101674.33
71.49,-29.04,101674.33
71.56,-29.04,101674.33
71.63,-29.04,101674.33
71.69,-29.04,101674.33
71.76,-29.04,101674.33
71.83,-29.04,101674.33
71.9,-29.04,101674.33
71.96,-29.04,101674.33
72.03,-29.04,101674.33
72.1,-29.04,101674.33
72.16,-29.04,101674.33
72.23,-29.04,101674.33
72.3,-29.04,101674.33
72.36,-29.04,101674.33
72.43,-29.04,101674.33
72.49,-29.04,101674.33
72.56,-29.04,101674.33
72.63,-29.04,101674.33
72.7,-29.04,101674.33
72.76,-29.04,101674.33
72.83,-29.04,101674.33
72.9,-29.04,101674.33
72.97,-29.04,101674.33
73.03,-29.04,101674.33
73.1,-29.04,101674.33
73.16,-29.04,101674.33
73.23,-29.04,101674.33
73.3,-29.04,101674.33
73.36,-29.04,101674.33
73.43,-29.04,101674.33
73.49,-29.04,101674.33
73.56,-29.04,101674.33
73.63,-29.04,101674.33
73.69,-29.04,101674.33
73.76,-29.04,101674.33
73.82,-29.04,101674.33
73.89,-29.04,101674.33
73.96,-29.04,101674.33
74.02,-29.04,101674.33
74.09,-29.04,101674.33
74.15,-29.04,101674.33
74.22,-29.04,101674.33
74.29,-29.04,101674.33
74.35,-29.04,101674.33
74.42,-29.04,101674.33
74.48,-29.04,101674.33
74.55,-29.04,101674.33
74.62,-29.04,101674.33
74.68,-29.04,101674.33
74.75,-29.04,101674.33
74.82,-29.04,101674.33
74.88,-29.04,101674.33
74.95,-29.04,101674.33
75.02,-29.04,101674.33
75.08,-29.04,101674.33
75.15,-29.04,101674.33
75.21,-29.04,101674.33
75.28,-29.04,101674.33
75.35,-29.04,101674.33
75.41,-29.04,101674.33
75.48,-29.04,101674.33
75.55,-29.04,101674.33
75.61,-29.04,101674.33
75.68,-29.04,101674.33
75.74,-29.04,101674.33
75.81,-29.04,101674.33
75.88,-29.04,101674.33
75.94,-29.04,101674.33
76.01,-29.04,101674.33
76.08,-29.04,101674.33
76.14,-29.04,101674.33
76.21,-29.04,101674.33
76.28,-29.04,101674.33
76.34,-29.04,101674.33
76.41,-29.04,101674.33
76.48,-29.04,101674.33
76.54,-29.04,101674.33
76.61,-29.04,101674.33
76.67,-29.04,101674.33
76.74,-29.04,101674.33
76.81,-29.04,101674.33
76.87,-29.04,101674.33
76.94,-29.04,101674.33
77.01,-29.04,101674.33
77.07,-29.04,101674.33
77.14,-29.04,101674.33
77.21,-29.04,101674.33
77.27,-29.04,101674.33
77.34,-29.04,101674.33
77.4,-29.04,101674.33
77.47,-29.04,101674.33
77.54,-29.04,101674.33
77.6,-29.04,101674.33
77.67,-29.04,101674.33
77.74,-29.04,101674.33
77.8,-29.04,101674.33
77.87,-29.04,101674.33
77.94,-29.04,101674.33
78.01,-29.04,101674.33
78.07,-29.04,101674.33
78.14,-29.04,101674.33
78.21,-29.04,101674.33
78.27,-29.04,101674.33
78.34,-29.04,101674.33
78.41,-29.04,101674.33
78.47,-29.04,101674.33
78.54,-29.04,101674.33
78.6,-29.04,101674.33
78.67,-29.04,101674.33
78.74,-29.04,101674.33
78.81,-29.04,101674.33
78.88,-29.04,101674.33
78.94,-29.04,101674.33
79.01,-29.04,101674.33
79.08,-29.04,101674.33
79.14,-29.04,101674.33
79.21,-29.04,101674.33
79.28,-29.04,101674.33
79.34,-29.04,101674.33
79.42,-29.04,101674.33
79.48,-29.04,101674.33
79.55,-29.04,101674.33
79.62,-29.04,101674.33
79.68,-29.04,101674.33
79.75,-29.04,101674.33
79.81,-29.04,101674.33
79.88,-29.04,101674.33
79.95,-29.04,101674.33
80.01,-29.04,101674.33
80.08,-29.04,101674.33
80.14,-29.04,101674.33
80.21,-29.04,101674.33
80.28,-29.04,101674.33
80.34,-29.04,101674.33
80.41,-29.04,101674.33
80.48,-29.04,101674.33
80.54,-29.04,101674.33
80.61,-29.04,101674.33
80.68,-29.04,101674.33
80.74,-29.04,101674.33
80.81,-29.04,101674.33
80.87,-29.04,101674.33
80.94,-29.04,101674.33
81.01,-29.04,101674.33
81.07,-29.04,101674.33
81.14,-29.04,101674.33
81.21,-29.04,101674.33
81.27,-29.04,101674.33
81.34,-29.04,101674.33
81.41,-29.04,101674.33
81.47,-29.04,101674.33
81.54,-29.04,101674.33
81.61,-29.04,101674.33
81.67,-29.04,101674.33
81.74,-29.04,101674.33
81.8,-29.04,101674.33
81.87,-29.04,101674.33
81.93,-29.04,101674.33
82.0,-29.04,101674.33
82.06,-29.04,101674.33
82.13,-29.04,101674.33
82.2,-29.04,101674.33
82.26,-29.04,101674.33
82.33,-29.04,101674.33
82.39,-29.04,101674.33
82.46,-29.04,101674.33
82.52,-29.04,101674.33
82.59,-29.04,101674.33
82.66,-29.04,101674.33
82.72,-29.04,101674.33
82.79,-29.04,101674.33
82.85,-29.04,101674.33
82.92,-29.04,101674.33
82.99,-29.04,101674.33
83.05,-29.04,101674.33
83.12,-29.04,101674.33
83.18,-29.04,101674.33
83.25,-29.04,101674.33
83.31,-29.04,101674.33
83.38,-29.04,101674.33
83.45,-29.04,101674.33
83.51,-29.04,101674.33
83.58,-29.04,101674.33
83.64,-29.04,101674.33
83.71,-29.04,101674.33
83.78,-29.04,101674.33
83.84,-29.04,101674.33
83.91,-29.04,101674.33
83.97,-29.04,101674.33
84.04,-29.04,101674.33
84.11,-29.04,101674.33
84.17,-29.04,101674.33
84.24,-29.04,101674.33
84.3,-29.04,101674.33
84.38,-29.04,101674.33
84.45,-29.04,101674.33
84.51,-29.04,101674.33
84.58,-29.04,101674.33
84.65,-29.04,101674.33
84.71,-29.04,101674.33
84.78,-29.04,101674.33
84.84,-29.04,101674.33
84.91,-29.04,101674.33
84.98,-29.04,101674.33
85.04,-29.04,101674.33
85.11,-29.04,101674.33
85.17,-29.04,101674.33
85.24,-29.04,101674.33
85.31,-29.04,101674.33
85.37,-29.04,101674.33
85.44,-29.04,101674.33
85.5,-29.04,101674.33
85.57,-29.04,101674.33
85.64,-29.04,101674.33
85.7,-29.04,101674.33
85.77,-29.04,101674.33
85.84,-29.04,101674.33
85.9,-29.04,101674.33
85.97,-29.04,101674.33
86.04,-29.04,101674.33
86.11,-29.04,101674.33
86.17,-29.04,101674.33
86.24,-29.04,101674.33
86.3,-29.04,101674.33
86.37,-29.04,101674.33
86.43,-29.04,101674.33
86.5,-29.04,101674.33
86.56,-29.04,101674.33
86.63,-29.04,101674.33
86.7,-29.04,101674.33
86.76,-29.04,101674.33
86.83,-29.04,101674.33
86.9,-29.04,101674.33
86.96,-29.04,101674.33
87.03,-29.04,101674.33
87.09,-29.04,101674.33
87.16,-29.04,101674.33
87.23,-29.04,101674.33
87.29,-29.04,101674.33
87.36,-29.04,101674.33
87.42,-29.04,101674.33
87.49,-29.04,101674.33
87.56,-29.04,101674.33
87.62,-29.04,101674.33
87.69,-29.04,101674.33
87.75,-29.04,101674.33
87.82,-29.04,101674.33
87.89,-29.04,101674.33
87.95,-29.04,101674.33
88.02,-29.04,101674.33
88.09,-29.04,101674.33
88.15,-29.04,101674.33
88.22,-29.04,101674.33
88.28,-29.04,101674.33
88.35,-29.04,101674.33
88.42,-29.04,101674.33
88.48,-29.04,101674.33
88.55,-29.04,101674.33
88.62,-29.04,101674.33
88.68,-29.04,101674.33
88.75,-29.04,101674.33
88.81,-29.04,101674.33
88.88,-29.04,101674.33
88.95,-29.04,101674.33
89.01,-29.04,101674.33
89.08,-29.04,101674.33
89.15,-29.04,101674.33
89.21,-29.04,101674.33
89.28,-29.04,101674.33
89.35,-29.04,101674.33
89.41,-29.04,101674.33
89.48,-29.04,101674.33
89.55,-29.04,101674.33
89.61,-29.04,101674.33
89.68,-29.04,101674.33
89.75,-29.04,101674.33
89.81,-29.04,101674.33
89.88,-29.04,101674.33
89.94,-29.04,101674.33
90.01,-29.04,101674.33
90.08,-29.04,101674.33
90.15,-29.04,101674.33
90.21,-29.04,101674.33
90.28,-29.04,101674.33
90.34,-29.04,101674.33
90.41,-29.04,101674.33
90.48,-29.04,101674.33
90.54,-29.04,101674.33
90.61,-29.04,101674.33
90.68,-29.04,101674.33
90.74,-29.04,101674.33
90.81,-29.04,101674.33
90.88,-29.04,101674.33
90.94,-29.04,101674.33
91.01,-29.04,101674.33
91.08,-29.04,101674.33
91.14,-29.04,101674.33
91.21,-29.04,101674.33
91.27,-29.04,101674.33
91.34,-29.04,101674.33
91.41,-29.04,101674.33
91.48,-29.04,101674.33
91.54,-29.04,101674.33
91.61,-29.04,101674.33
91.67,-29.04,101674.33
91.74,-29.04,101674.33
91.81,-29.04,101674.33
91.87,-29.04,101674.33
91.94,-29.04,101674.33
92.01,-29.04,101674.33
92.07,-29.04,101674.33
92.14,-29.04,101674.33
92.21,-29.04,101674.33
92.28,-29.04,101674.33
92.34,-29.04,101674.33
92.41,-29.04,101674.33
92.48,-29.04,101674.33
92.54,-29.04,101674.33
92.61,-29.04,101674.33
92.68,-29.04,101674.33
92.75,-29.04,101674.33
92.81,-29.04,101674.33
92.88,-29.04,101674.33
92.95,-29.04,101674.33
93.01,-29.04,101674.33
93.08,-29.04,101674.33
93.14,-29.04,101674.33
93.21,-29.04,101674.33
93.28,-29.04,101674.33
93.34,-29.04,101674.33
93.41,-29.04,101674.33
93.48,-29.04,101674.33
93.54,-29.04,101674.33
93.61,-29.04,101674.33
93.68,-29.04,101674.33
93.74,-29.04,101674.33
93.81,-29.04,101674.33
93.87,-29.04,101674.33
93.94,-29.04,101674.33
94.01,-29.04,101674.33
94.07,-29.04,101674.33
94.14,-29.04,101674.33
94.2,-29.04,101674.33
94.27,-29.04,101674.33
94.34,-29.04,101674.33
94.4,-29.04,101674.33
94.47,-29.04,101674.33
94.54,-29.04,101674.33
94.6,-29.04,101674.33
94.67,-29.04,101674.33
94.73,-29.04,101674.33
94.8,-29.04,101674.33
94.87,-29.04,101674.33
94.93,-29.04,101674.33
95.0,-29.04,101674.33
95.06,-29.04,101674.33
95.13,-29.04,101674.33
95.2,-29.04,101674.33
95.26,-29.04,101674.33
95.33,-29.04,101674.33
95.4,-29.04,101674.33
95.46,-29.04,101674.33
95.53,-29.04,101674.33
95.59,-29.04,101674.33
95.66,-29.04,101674.33
95.73,-29.04,101674.33
95.79,-29.04,101674.33
95.86,-29.04,101674.33
95.93,-29.04,101674.33
95.99,-29.04,101674.33
96.06,-29.04,101674.33
96.13,-29.04,101674.33
96.19,-29.04,101674.33
96.26,-29.04,101674.33
96.33,-29.04,101674.33
96.39,-29.04,101674.33
96.46,-29.04,101674.33
96.53,-29.04,101674.33
96.59,-29.04,101674.33
96.66,-29.04,101674.33
96.73,-29.04,101674.33
96.79,-29.04,101674.33
96.86,-29.04,101674.33
96.93,-29.04,101674.33
96.99,-29.04,101674.33
97.06,-29.04,101674.33
97.13,-29.04,101674.33
97.19,-29.04,101674.33
97.26,-29.04,101674.33
97.32,-29.04,101674.33
97.39,-29.04,101674.33
97.46,-29.04,101674.33
97.52,-29.04,101674.33
97.59,-29.04,101674.33
97.66,-29.04,101674.33
97.72,-29.04,101674.33
97.79,-29.04,101674.33
97.86,-29.04,101674.33
97.92,-29.04,101674.33
97.99,-29.04,101674.33
98.06,-29.04,101674.33
98.13,-29.04,101674.33
98.19,-29.04,101674.33
98.26,-29.04,101674.33
98.33,-29.04,101674.33
98.39,-29.04,101674.33
98.46,-29.04,101674.33
98.53,-29.04,101674.33
98.59,-29.04,101674.33
98.66,-29.04,101674.33
98.73,-29.04,101674.33
98.79,-29.04,101674.33
98.86,-29.04,101674.33
98.93,-29.04,101674.33
98.99,-29.04,101674.33
99.06,-29.04,101674.33
99.13,-29.04,101674.33
99.19,-29.04,101674.33
99.26,-29.04,101674.33
99.33,-29.04,101674.33
99.4,-29.04,101674.33
99.47,-29.04,101674.33
99.53,-29.04,101674.33
99.6,-29.04,101674.33
99.66,-29.04,101674.33
99.73,-29.04,101674.33
99.8,-29.04,101674.33
99.86,-29.04,101674.33
99.93,-29.04,101674.33
99.99,-29.04,101674.33
100.06,-29.04,101674.33
100.13,-29.04,101674.33
100.19,-29.04,101674.33
100.26,-29.04,101674.33
100.32,-29.04,101674.33
100.39,-29.04,101674.33
100.46,-29.04,101674.33
100.52,-29.04,101674.33
100.59,-29.04,101674.33
100.66,-29.04,101674.33
100.72,-29.04,101674.33
100.79,-29.04,101674.33
100.86,-29.04,101674.33
100.92,-29.04,101674.33
100.99,-29.04,101674.33
101.06,-29.04,101674.33
101.12,-29.04,101674.33
101.19,-29.04,101674.33
101.25,-29.04,101674.33
101.32,-29.04,101674.33
101.39,-29.04,101674.33
101.45,-29.04,101674.33
101.52,-29.04,101674.33
101.59,-29.04,101674.33
101.65,-29.04,101674.33
101.72,-29.04,101674.33
101.79,-29.04,101674.33
101.85,-29.04,101674.33
101.92,-29.04,101674.33
101.99,-29.04,101674.33
102.05,-29.04,101674.33
102.12,-29.04,101674.33
102.19,-29.04,101674.33
102.25,-29.04,101674.33
102.32,-29.04,101674.33
102.38,-29.04,101674.33
102.45,-29.04,101674.33
102.52,-29.04,101674.33
102.58,-29.04,101674.33
102.65,-29.04,101674.33
102.72,-29.04,101674.33
102.78,-29.04,101674.33
102.85,-29.04,101674.33
102.92,-29.04,101674.33
102.98,-29.04,101674.33
103.05,-29.04,101674.33
103.12,-29.04,101674.33
103.18,-29.04,101674.33
103.25,-29.04,101674.33
103.32,-29.04,101674.33
103.38,-29.04,101674.33
103.45,-29.04,101674.33
103.51,-29.04,101674.33
103.58,-29.04,101674.33
103.65,-29.04,101674.33
103.72,-29.04,101674.33
103.78,-29.04,101674.33
103.85,-29.04,101674.33
103.92,-29.04,101674.33
103.98,-29.04,101674.33
104.05,-29.04,101674.33
104.11,-29.04,101674.33
104.18,-29.04,101674.33
104.25,-29.04,101674.33
104.31,-29.04,101674.33
104.38,-29.04,101674.33
104.44,-29.04,101674.33
104.51,-29.04,101674.33
104.58,-29.04,101674.33
104.64,-29.04,101674.33
104.71,-29.04,101674.33
104.77,-29.04,101674.33
104.84,-29.04,101674.33
104.91,-29.04,101674.33
104.97,-29.04,101674.33
105.04,-29.04,101674.33
105.11,-29.04,101674.33
105.17,-29.04,101674.33
105.24,-29.04,101674.33
105.3,-29.04,101674.33
105.37,-29.04,101674.33
105.44,-29.04,101674.33
105.5,-29.04,101674.33
105.57,-29.04,101674.33
105.63,-29.04,101674.33
105.7,-29.04,101674.33
105.77,-29.04,101674.33
105.83,-29.04,101674.33
105.9,-29.04,101674.33
105.96,-29.04,101674.33
106.03,-29.04,101674.33
106.09,-29.04,101674.33
106.16,-29.04,101674.33
106.23,-29.04,101674.33
106.29,-29.04,101674.33
106.36,-29.04,101674.33
106.42,-29.04,101674.33
106.49,-29.04,101674.33
106.55,-29.04,101674.33
106.62,-29.04,101674.33
106.68,-29.04,101674.33
106.75,-29.04,101674.33
106.82,-29.04,101674.33
106.88,-29.04,101674.33
106.95,-29.04,101674.33
107.01,-29.04,101674.33
107.08,-29.04,101674.33
107.15,-29.04,101674.33
107.22,-29.04,101674.33
107.29,-29.04,101674.33
107.35,-29.04,101674.33
107.42,-29.04,101674.33
107.48,-29.04,101674.33
107.55,-29.04,101674.33
107.61,-29.04,101674.33
107.68,-29.04,101674.33
107.74,-29.04,101674.33
107.81,-29.04,101674.33
107.87,-29.04,101674.33
107.94,-29.04,101674.33
108.0,-29.04,101674.33
108.07,-29.04,101674.33
108.13,-29.04,101674.33
108.2,-29.04,101674.33
108.26,-29.04,101674.33
108.33,-29.04,101674.33
108.4,-29.04,101674.33
108.46,-29.04,101674.33
108.53,-29.04,101674.33
108.59,-29.04,101674.33
108.66,-29.04,101674.33
108.72,-29.04,101674.33
108.79,-29.04,101674.33
108.86,-29.04,101674.33
108.92,-29.04,101674.33
108.99,-29.04,101674.33
109.05,-29.04,101674.33
109.12,-29.04,101674.33
109.19,-29.04,101674.33
109.25,-29.04,101674.33
109.32,-29.04,101674.33
109.39,-29.04,101674.33
109.45,-29.04,101674.33
109.52,-29.04,101674.33
109.58,-29.04,101674.33
109.65,-29.04,101674.33
109.72,-29.04,101674.33
109.78,-29.04,101674.33
109.85,-29.04,101674.33
109.92,-29.04,101674.33
109.98,-29.04,101674.33
110.05,-29.04,101674.33
110.11,-29.04,101674.33
110.18,-29.04,101674.33
110.25,-29.04,101674.33
110.31,-29.04,101674.33
110.38,-29.04,101674.33
110.45,-29.04,101674.33
110.51,-29.04,101674.33
110.58,-29.04,101674.33
110.65,-29.04,101674.33
110.71,-29.04,101674.33
110.78,-29.04,101674.33
110.85,-29.04,101674.33
110.91,-29.04,101674.33
110.98,-29.04,101674.33
111.05,-29.04,101674.33
111.11,-29.04,101674.33
111.18,-29.04,101674.33
111.24,-29.04,101674.33
111.31,-29.04,101674.33
111.38,-29.04,101674.33
111.44,-29.04,101674.33
111.51,-29.04,101674.33
111.58,-29.04,101674.33
111.64,-29.04,101674.33
111.71,-29.04,101674.33
111.78,-29.04,101674.33
111.84,-29.04,101674.33
111.91,-29.04,101674.33
111.97,-29.04,101674.33
112.04,-29.04,101674.33
112.11,-29.04,101674.33
112.17,-29.04,101674.33
112.24,-29.04,101674.33
112.31,-29.04,101674.33
112.37,-29.04,101674.33
112.44,-29.04,101674.33
112.51,-29.04,101674.33
112.57,-29.04,101674.33
112.64,-29.04,101674.33
112.71,-29.04,101674.33
112.77,-29.04,101674.33
112.84,-29.04,101674.33
112.91,-29.04,101674.33
112.97,-29.04,101674.33
113.04,-29.04,101674.33
113.11,-29.04,101674.33
113.17,-29.04,101674.33
113.24,-29.04,101674.33
113.31,-29.04,101674.33
113.37,-29.04,101674.33
113.44,-29.04,101674.33
113.5,-29.04,101674.33
113.57,-29.04,101674.33
113.64,-29.04,101674.33
113.71,-29.04,101674.33
113.77,-29.04,101674.33
113.85,-29.04,101674.33
113.91,-29.04,101674.33
113.98,-29.04,101674.33
114.04,-29.04,101674.33
114.11,-29.04,101674.33
114.17,-29.04,101674.33
114.24,-29.04,101674.33
114.31,-29.04,101674.33
114.37,-29.04,101674.33
114.44,-29.04,101674.33
114.5,-29.04,101674.33
114.57,-29.04,101674.33
114.64,-29.04,101674.33
114.7,-29.04,101674.33
114.77,-29.04,101674.33
114.84,-29.04,101674.33
114.9,-29.04,101674.33
114.97,-29.04,101674.33
115.03,-29.04,101674.33
115.1,-29.04,101674.33
115.16,-29.04,101674.33
115.23,-29.04,101674.33
115.3,-29.04,101674.33
115.36,-29.04,101674.33
115.43,-29.04,101674.33
115.5,-29.04,101674.33
115.56,-29.04,101674.33
115.63,-29.04,101674.33
115.69,-29.04,101674.33
115.76,-29.04,101674.33
115.83,-29.04,101674.33
115.89,-29.04,101674.33
115.96,-29.04,101674.33
116.02,-29.04,101674.33
116.09,-29.04,101674.33
116.16,-29.04,101674.33
116.22,-29.04,101674.33
116.29,-29.04,101674.33
116.36,-29.04,101674.33
116.42,-29.04,101674.33
116.49,-29.04,101674.33
116.56,-29.04,101674.33
116.62,-29.04,101674.33
116.69,-29.04,101674.33
116.75,-29.04,101674.33
116.82,-29.04,101674.33
116.89,-29.04,101674.33
116.95,-29.04,101674.33
117.02,-29.04,101674.33
117.09,-29.04,101674.33
117.15,-29.04,101674.33
117.22,-29.04,101674.33
117.28,-29.04,101674.33
117.35,-29.04,101674.33
117.42,-29.04,101674.33
117.48,-29.04,101674.33
117.55,-29.04,101674.33
117.62,-29.04,101674.33
117.68,-29.04,101674.33
117.75,-29.04,101674.33
117.81,-29.04,101674.33
117.88,-29.04,101674.33
117.95,-29.04,101674.33
118.01,-29.04,101674.33
118.08,-29.04,101674.33
118.15,-29.04,101674.33
118.21,-29.04,101674.33
118.28,-29.04,101674.33
118.35,-29.04,101674.33
118.41,-29.04,101674.33
118.48,-29.04,101674.33
118.55,-29.04,101674.33
118.61,-29.04,101674.33
118.68,-29.04,101674.33
118.75,-29.04,101674.33
118.81,-29.04,101674.33
118.88,-29.04,101674.33
118.94,-29.04,101674.33
119.01,-29.04,101674.33
119.08,-29.04,101674.33
119.14,-29.04,101674.33
119.21,-29.04,101674.33
119.28,-29.04,101674.33
119.34,-29.04,101674.33
119.41,-29.04,101674.33
119.48,-29.04,101674.33
119.54,-29.04,101674.33
119.61,-29.04,101674.33
119.68,-29.04,101674.33
119.74,-29.04,101674.33
119.81,-29.04,101674.33
119.88,-29.04,101674.33
119.94,-29.04,101674.33
120.01,-29.04,101674.33
120.08,-29.04,101674.33
120.14,-29.04,101674.33
120.21,-29.04,101674.33
120.28,-29.04,101674.33
120.34,-29.04,101674.33
120.42,-29.04,101674.33
120.48,-29.04,101674.33
120.55,-29.04,101674.33
120.62,-29.04,101674.33
120.68,-29.04,101674.33
120.75,-29.04,101674.33
120.81,-29.04,101674.33
120.88,-29.04,101674.33
120.94,-29.04,101674.33
121.01,-29.04,101674.33
121.08,-29.04,101674.33
121.15,-29.04,101674.33
121.21,-29.04,101674.33
121.28,-29.04,101674.33
121.34,-29.04,101674.33
121.41,-29.04,101674.33
121.48,-29.04,101674.33
121.54,-29.04,101674.33
121.61,-29.04,101674.33
121.67,-29.04,101674.33
121.74,-29.04,101674.33
121.81,-29.04,101674.33
121.87,-29.04,101674.33
121.94,-29.04,101674.33
122.0,-29.04,101674.33
122.07,-29.04,101674.33
122.14,-29.04,101674.33
122.2,-29.04,101674.33
122.27,-29.04,101674.33
122.34,-29.04,101674.33
122.4,-29.04,101674.33
122.47,-29.04,101674.33
122.53,-29.04,101674.33
122.6,-29.04,101674.33
122.67,-29.04,101674.33
122.73,-29.04,101674.33
122.8,-29.04,101674.33
122.87,-29.04,101674.33
122.93,-29.04,101674.33
123.0,-29.04,101674.33
123.06,-29.04,101674.33
123.13,-29.04,101674.33
123.2,-29.04,101674.33
123.26,-29.04,101674.33
123.33,-29.04,101674.33
123.39,-29.04,101674.33
123.46,-29.04,101674.33
123.53,-29.04,101674.33
123.59,-29.04,101674.33
123.66,-29.04,101674.33
123.72,-29.04,101674.33
123.79,-29.04,101674.33
123.85,-29.04,101674.33
123.92,-29.04,101674.33
123.99,-29.04,101674.33
124.05,-29.04,101674.33
124.12,-29.04,101674.33
124.18,-29.04,101674.33
124.25,-29.04,101674.33
124.32,-29.04,101674.33
124.38,-29.04,101674.33
124.45,-29.04,101674.33
124.51,-29.04,101674.33
124.58,-29.04,101674.33
124.65,-29.04,101674.33
124.71,-29.04,101674.33
124.78,-29.04,101674.33
124.84,-29.04,101674.33
124.91,-29.04,101674.33
124.97,-29.04,101674.33
125.04,-29.04,101674.33
125.11,-29.04,101674.33
125.17,-29.04,101674.33
125.24,-29.04,101674.33
125.3,-29.04,101674.33
125.37,-29.04,101674.33
125.43,-29.04,101674.33
125.5,-29.04,101674.33
125.57,-29.04,101674.33
125.63,-29.04,101674.33
125.7,-29.04,101674.33
125.76,-29.04,101674.33
125.83,-29.04,101674.33
125.9,-29.04,101674.33
125.96,-29.04,101674.33
126.03,-29.04,101674.33
126.09,-29.04,101674.33
126.16,-29.04,101674.33
126.23,-29.04,101674.33
126.29,-29.04,101674.33
126.36,-29.04,101674.33
126.42,-29.04,101674.33
126.49,-29.04,101674.33
126.56,-29.04,101674.33
126.62,-29.04,101674.33
126.69,-29.04,101674.33
126.75,-29.04,101674.33
126.82,-29.04,101674.33
126.89,-29.04,101674.33
126.95,-29.04,101674.33
127.02,-29.04,101674.33
127.09,-29.04,101674.33
127.16,-29.04,101674.33
127.22,-29.04,101674.33
127.29,-29.04,101674.33
127.35,-29.04,101674.33
127.42,-29.04,101674.33
127.48,-29.04,101674.33
127.55,-29.04,101674.33
127.61,-29.04,101674.33
127.68,-29.04,101674.33
127.74,-29.04,101674.33
127.81,-29.04,101674.33
127.88,-29.04,101674.33
127.94,-29.04,101674.33
128.01,-29.04,101674.33
128.07,-29.04,101674.33
128.14,-29.04,101674.33
128.21,-29.04,101674.33
128.27,-29.04,101674.33
128.34,-29.04,101674.33
128.4,-29.04,101674.33
128.47,-29.04,101674.33
128.54,-29.04,101674.33
128.6,-29.04,101674.33
128.67,-29.04,101674.33
128.74,-29.04,101674.33
128.8,-29.04,101674.33
128.87,-29.04,101674.33
128.93,-29.04,101674.33
129.0,-29.04,101674.33
129.07,-29.04,101674.33
129.13,-29.04,101674.33
129.2,-29.04,101674.33
129.26,-29.04,101674.33
129.33,-29.04,101674.33
129.4,-29.04,101674.33
129.46,-29.04,101674.33
129.53,-29.04,101674.33
129.6,-29.04,101674.33
129.66,-29.04,101674.33
129.73,-29.04,101674.33
129.8,-29.04,101674.33
129.86,-29.04,101674.33
129.93,-29.04,101674.33
130.0,-29.04,101674.33
130.06,-29.04,101674.33
130.13,-29.04,101674.33
130.19,-29.04,101674.33
130.26,-29.04,101674.33
130.33,-29.04,101674.33
130.39,-29.04,101674.33
130.46,-29.04,101674.33
130.52,-29.04,101674.33
130.59,-29.04,101674.33
130.66,-29.04,101674.33
130.72,-29.04,101674.33
130.79,-29.04,101674.33
130.86,-29.04,101674.33
130.92,-29.04,101674.33
130.99,-29.04,101674.33
131.06,-29.04,101674.33
131.12,-29.04,101674.33
131.19,-29.04,101674.33
131.26,-29.04,101674.33
131.32,-29.04,101674.33
131.39,-29.04,101674.33
131.46,-29.04,101674.33
131.52,-29.04,101674.33
131.59,-29.04,101674.33
131.65,-29.04,101674.33
131.72,-29.04,101674.33
131.79,-29.04,101674.33
131.86,-29.04,101674.33
131.92,-29.04,101674.33
131.99,-29.04,101674.33
132.05,-29.04,101674.33
132.12,-29.04,101674.33
132.19,-29.04,101674.33
132.25,-29.04,101674.33
132.32,-29.04,101674.33
132.39,-29.04,101674.33
132.45,-29.04,101674.33
132.52,-29.04,101674.33
132.59,-29.04,101674.33
132.65,-29.04,101674.33
132.72,-29.04,101674.33
132.79,-29.04,101674.33
132.86,-29.04,101674.33
132.92,-29.04,101674.33
132.99,-29.04,101674.33
133.06,-29.04,101674.33
133.12,-29.04,101674.33
133.19,-29.04,101674.33
133.25,-29.04,101674.33
133.32,-29.04,101674.33
133.39,-29.04,101674.33
133.45,-29.04,101674.33
133.52,-29.04,101674.33
133.59,-29.04,101674.33
133.65,-29.04,101674.33
133.72,-29.04,101674.33
133.79,-29.04,101674.33
133.86,-29.04,101674.33
133.92,-29.04,101674.33
133.99,-29.04,101674.33
134.06,-29.04,101674.33
134.12,-29.04,101674.33
134.19,-29.04,101674.33
134.26,-29.04,101674.33
134.32,-29.04,101674.33
134.39,-29.04,101674.33
134.45,-29.04,101674.33
134.52,-29.04,101674.33
134.59,-29.04,101674.33
134.65,-29.04,101674.33
134.72,-29.04,101674.33
134.78,-29.04,101674.33
134.85,-29.04,101674.33
134.92,-29.04,101674.33
134.98,-29.04,101674.33
135.05,-29.04,101674.33
135.11,-29.04,101674.33
135.18,-29.04,101674.33
135.25,-29.04,101674.33
135.31,-29.04,101674.33
135.38,-29.04,101674.33
135.45,-29.04,101674.33
135.51,-29.04,101674.33
135.58,-29.04,101674.33
135.64,-29.04,101674.33
135.71,-29.04,101674.33
135.77,-29.04,101674.33
135.84,-29.04,101674.33
135.91,-29.04,101674.33
135.97,-29.04,101674.33
136.04,-29.04,101674.33
136.11,-29.04,101674.33
136.17,-29.04,101674.33
136.24,-29.04,101674.33
136.31,-29.04,101674.33
136.37,-29.04,101674.33
136.44,-29.04,101674.33
136.5,-29.04,101674.33
136.57,-29.04,101674.33
136.64,-29.04,101674.33
136.7,-29.04,101674.33
136.77,-29.04,101674.33
136.84,-29.04,101674.33
136.9,-29.04,101674.33
136.97,-29.04,101674.33
137.03,-29.04,101674.33
137.1,-29.04,101674.33
137.17,-29.04,101674.33
137.24,-29.04,101674.33
137.3,-29.04,101674.33
137.37,-29.04,101674.33
137.43,-29.04,101674.33
137.5,-29.04,101674.33
137.57,-29.04,101674.33
137.63,-29.04,101674.33
137.7,-29.04,101674.33
137.77,-29.04,101674.33
137.83,-29.04,101674.33
137.9,-29.04,101674.33
137.96,-29.04,101674.33
138.03,-29.04,101674.33
138.1,-29.04,101674.33
138.16,-29.04,101674.33
138.23,-29.04,101674.33
138.3,-29.04,101674.33
138.36,-29.04,101674.33
138.43,-29.04,101674.33
138.5,-29.04,101674.33
138.56,-29.04,101674.33
138.63,-29.04,101674.33
138.7,-29.04,101674.33
138.76,-29.04,101674.33
138.83,-29.04,101674.33
138.9,-29.04,101674.33
138.96,-29.04,101674.33
139.03,-29.04,101674.33
139.1,-29.04,101674.33
139.16,-29.04,101674.33
139.23,-29.04,101674.33
139.3,-29.04,101674.33
139.36,-29.04,101674.33
139.43,-29.04,101674.33
139.5,-29.04,101674.33
139.56,-29.04,101674.33
139.63,-29.04,101674.33
139.7,-29.04,101674.33
139.76,-29.04,101674.33
139.83,-29.04,101674.33
139.9,-29.04,101674.33
139.96,-29.04,101674.33
140.03,-29.04,101674.33
140.1,-29.04,101674.33
140.16,-29.04,101674.33
140.23,-29.04,101674.33
140.3,-29.04,101674.33
140.37,-29.04,101674.33
140.44,-29.04,101674.33
140.5,-29.04,101674.33
140.57,-29.04,101674.33
140.63,-29.04,101674.33
140.7,-29.04,101674.33
140.77,-29.04,101674.33
140.83,-29.04,101674.33
140.9,-29.04,101674.33
140.96,-29.04,101674.33
141.03,-29.04,101674.33
141.1,-29.04,101674.33
141.16,-29.04,101674.33
141.23,-29.04,101674.33
141.29,-29.04,101674.33
141.36,-29.04,101674.33
141.43,-29.04,101674.33
141.49,-29.04,101674.33
141.56,-29.04,101674.33
141.62,-29.04,101674.33
141.69,-29.04,101674.33
141.76,-29.04,101674.33
141.82,-29.04,101674.33
141.89,-29.04,101674.33
141.96,-29.04,101674.33
142.02,-29.04,101674.33
142.09,-29.04,101674.33
142.15,-29.04,101674.33
142.22,-29.04,101674.33
142.29,-29.04,101674.33
142.35,-29.04,101674.33
142.42,-29.04,101674.33
142.49,-29.04,101674.33
142.55,-29.04,101674.33
142.62,-29.04,101674.33
142.69,-29.04,101674.33
142.75,-29.04,101674.33
142.82,-29.04,101674.33
142.88,-29.04,101674.33
142.95,-29.04,101674.33
143.02,-29.04,101674.33
143.08,-29.04,101674.33
143.15,-29.04,101674.33
143.22,-29.04,101674.33
143.28,-29.04,101674.33
143.35,-29.04,101674.33
143.41,-29.04,101674.33
143.48,-29.04,101674.33
143.55,-29.04,101674.33
143.61,-29.04,101674.33
143.68,-29.04,101674.33
143.75,-29.04,101674.33
143.81,-29.04,101674.33
143.88,-29.04,101674.33
143.95,-29.04,101674.33
144.01,-29.04,101674.33
144.08,-29.04,101674.33
144.14,-29.04,101674.33
144.21,-29.04,101674.33
144.28,-29.04,101674.33
144.34,-29.04,101674.33
144.41,-29.04,101674.33
144.48,-29.04,101674.33
144.54,-29.04,101674.33
144.61,-29.04,101674.33
144.68,-29.04,101674.33
144.74,-29.04,101674.33
144.81,-29.04,101674.33
144.88,-29.04,101674.33
144.94,-29.04,101674.33
145.01,-29.04,101674.33
145.08,-29.04,101674.33
145.14,-29.04,101674.33
145.21,-29.04,101674.33
145.27,-29.04,101674.33
145.34,-29.04,101674.33
145.41,-29.04,101674.33
145.47,-29.04,101674.33
145.54,-29.04,101674.33
145.61,-29.04,101674.33
145.67,-29.04,101674.33
145.74,-29.04,101674.33
145.81,-29.04,101674.33
145.88,-29.04,101674.33
145.94,-29.04,101674.33
146.01,-29.04,101674.33
146.08,-29.04,101674.33
146.14,-29.04,101674.33
146.21,-29.04,101674.33
146.28,-29.04,101674.33
146.34,-29.04,101674.33
146.41,-29.04,101674.33
146.47,-29.04,101674.33
146.54,-29.04,101674.33
146.61,-29.04,101674.33
146.67,-29.04,101674.33
146.74,-29.04,101674.33
146.81,-29.04,101674.33
146.88,-29.04,101674.33
146.95,-29.04,101674.33
147.01,-29.04,101674.33
147.08,-29.04,101674.33
147.15,-29.04,101674.33
147.21,-29.04,101674.33
147.28,-29.04,101674.33
147.34,-29.04,101674.33
147.41,-29.04,101674.33
147.48,-29.04,101674.33
147.54,-29.04,101674.33
147.61,-29.04,101674.33
147.67,-29.04,101674.33
147.74,-29.04,101674.33
147.81,-29.04,101674.33
147.87,-29.04,101674.33
147.94,-29.04,101674.33
148.0,-29.04,101674.33
148.07,-29.04,101674.33
148.14,-29.04,101674.33
148.21,-29.04,101674.33
148.28,-29.04,101674.33
148.34,-29.04,101674.33
148.41,-29.04,101674.33
148.48,-29.04,101674.33
148.54,-29.04,101674.33
148.61,-29.04,101674.33
148.67,-29.04,101674.33
148.74,-29.04,101674.33
148.81,-29.04,101674.33
148.87,-29.04,101674.33
148.94,-29.04,101674.33
149.0,-29.04,101674.33
149.07,-29.04,101674.33
149.14,-29.04,101674.33
149.2,-29.04,101674.33
149.27,-29.04,101674.33
149.33,-29.04,101674.33
149.4,-29.04,101674.33
149.47,-29.04,101674.33
149.53,-29.04,101674.33
149.6,-29.04,101674.33
149.67,-29.04,101674.33
149.73,-29.04,101674.33
149.8,-29.04,101674.33
149.86,-29.04,101674.33
149.93,-29.04,101674.33
150.0,-29.04,101674.33
150.06,-29.04,101674.33
150.13,-29.04,101674.33
150.2,-29.04,101674.33
150.26,-29.04,101674.33
150.33,-29.04,101674.33
150.39,-29.04,101674.33
150.46,-29.04,101674.33
150.53,-29.04,101674.33
150.59,-29.04,101674.33
150.66,-29.04,101674.33
150.72,-29.04,101674.33
150.79,-29.04,101674.33
150.86,-29.04,101674.33
150.92,-29.04,101674.33
150.99,-29.04,101674.33
151.05,-29.04,101674.33
151.12,-29.04,101674.33
151.19,-29.04,101674.33
151.25,-29.04,101674.33
151.32,-29.04,101674.33
151.39,-29.04,101674.33
151.45,-29.04,101674.33
151.52,-29.04,101674.33
151.58,-29.04,101674.33
151.65,-29.04,101674.33
151.72,-29.04,101674.33
151.78,-29.04,101674.33
151.85,-29.04,101674.33
151.92,-29.04,101674.33
151.98,-29.04,101674.33
152.05,-29.04,101674.33
152.11,-29.04,101674.33
152.18,-29.04,101674.33
152.25,-29.04,101674.33
152.32,-29.04,101674.33
152.38,-29.04,101674.33
152.45,-29.04,101674.33
152.51,-29.04,101674.33
152.58,-29.04,101674.33
152.65,-29.04,101674.33
152.71,-29.04,101674.33
152.78,-29.04,101674.33
152.85,-29.04,101674.33
152.91,-29.04,101674.33
152.98,-29.04,101674.33
153.05,-29.04,101674.33
153.11,-29.04,101674.33
153.18,-29.04,101674.33
153.25,-29.04,101674.33
153.31,-29.04,101674.33
153.38,-29.04,101674.33
153.45,-29.04,101674.33
153.51,-29.04,101674.33
153.58,-29.04,101674.33
153.65,-29.04,101674.33
153.71,-29.04,101674.33
153.78,-29.04,101674.33
153.85,-29.04,101674.33
153.91,-29.04,101674.33
153.98,-29.04,101674.33
154.05,-29.04,101674.33
154.11,-29.04,101674.33
154.18,-29.04,101674.33
154.25,-29.04,101674.33
154.31,-29.04,101674.33
154.38,-29.04,101674.33
154.45,-29.04,101674.33
154.51,-29.04,101674.33
154.58,-29.04,101674.33
154.65,-29.04,101674.33
154.71,-29.04,101674.33
154.78,-29.04,101674.33
154.85,-29.04,101674.33
154.92,-29.04,101674.33
154.99,-29.04,101674.33
155.05,-29.04,101674.33
155.12,-29.04,101674.33
155.18,-29.04,101674.33
155.25,-29.04,101674.33
155.32,-29.04,101674.33
155.38,-29.04,101674.33
155.45,-29.04,101674.33
155.52,-29.04,101674.33
155.58,-29.04,101674.33
155.65,-29.04,101674.33
155.71,-29.04,101674.33
155.78,-29.04,101674.33
155.85,-29.04,101674.33
155.91,-29.04,101674.33
155.98,-29.04,101674.33
156.05,-29.04,101674.33
156.11,-29.04,101674.33
156.18,-29.04,101674.33
156.24,-29.04,101674.33
156.31,-29.04,101674.33
156.38,-29.04,101674.33
156.44,-29.04,101674.33
156.51,-29.04,101674.33
156.57,-29.04,101674.33
156.64,-29.04,101674.33
156.7,-29.04,101674.33
156.77,-29.04,101674.33
156.84,-29.04,101674.33
156.91,-29.04,101674.33
156.97,-29.04,101674.33
157.04,-29.04,101674.33
157.1,-29.04,101674.33
157.17,-29.04,101674.33
157.23,-29.04,101674.33
157.3,-29.04,101674.33
157.37,-29.04,101674.33
157.43,-29.04,101674.33
157.5,-29.04,101674.33
157.56,-29.04,101674.33
157.63,-29.04,101674.33
157.7,-29.04,101674.33
157.76,-29.04,101674.33
157.83,-29.04,101674.33
157.89,-29.04,101674.33
157.96,-29.04,101674.33
158.02,-29.04,101674.33
158.09,-29.04,101674.33
158.16,-29.04,101674.33
158.22,-29.04,101674.33
158.29,-29.04,101674.33
158.35,-29.04,101674.33
158.42,-29.04,101674.33
158.49,-29.04,101674.33
158.55,-29.04,101674.33
158.62,-29.04,101674.33
158.68,-29.04,101674.33
158.75,-29.04,101674.33
158.82,-29.04,101674.33
158.88,-29.04,101674.33
158.95,-29.04,101674.33
159.01,-29.04,101674.33
159.08,-29.04,101674.33
159.14,-29.04,101674.33
159.21,-29.04,101674.33
159.28,-29.04,101674.33
159.34,-29.04,101674.33
159.41,-29.04,101674.33
159.47,-29.04,101674.33
159.54,-29.04,101674.33
159.61,-29.04,101674.33
159.67,-29.04,101674.33
159.74,-29.04,101674.33
159.8,-29.04,101674.33
159.87,-29.04,101674.33
159.94,-29.04,101674.33
160.0,-29.04,101674.33
160.07,-29.04,101674.33
160.13,-29.04,101674.33
160.2,-29.04,101674.33
160.27,-29.04,101674.33
160.33,-29.04,101674.33
160.4,-29.04,101674.33
160.46,-29.04,101674.33
160.53,-29.04,101674.33
160.6,-29.04,101674.33
160.66,-29.04,101674.33
160.73,-29.04,101674.33
160.79,-29.04,101674.33
160.86,-29.04,101674.33
160.93,-29.04,101674.33
160.99,-29.04,101674.33
161.06,-29.04,101674.33
161.13,-29.04,101674.33
161.19,-29.04,101674.33
161.26,-29.04,101674.33
161.33,-29.04,101674.33
161.39,-29.04,101674.33
161.47,-29.04,101674.33
161.53,-29.04,101674.33
161.6,-29.04,101674.33
161.66,-29.04,101674.33
161.73,-29.04,101674.33
161.8,-29.04,101674.33
161.86,-29.04,101674.33
161.93,-29.04,101674.33
161.99,-29.04,101674.33
162.06,-29.04,101674.33
162.13,-29.04,101674.33
162.19,-29.04,101674.33
162.26,-29.04,101674.33
162.32,-29.04,101674.33
162.39,-29.04,101674.33
162.46,-29.04,101674.33
162.52,-29.04,101674.33
162.59,-29.04,101674.33
162.65,-29.04,101674.33
162.72,-29.04,101674.33
162.79,-29.04,101674.33
162.85,-29.04,101674.33
162.92,-29.04,101674.33
162.99,-29.04,101674.33
163.05,-29.04,101674.33
163.12,-29.04,101674.33
163.18,-29.04,101674.33
163.25,-29.04,101674.33
163.32,-29.04,101674.33
163.38,-29.04,101674.33
163.45,-29.04,101674.33
163.51,-29.04,101674.33
163.58,-29.04,101674.33
163.65,-29.04,101674.33
163.71,-29.04,101674.33
163.78,-29.04,101674.33
163.84,-29.04,101674.33
163.91,-29.04,101674.33
163.98,-29.04,101674.33
164.04,-29.04,101674.33
164.11,-29.04,101674.33
164.18,-29.04,101674.33
164.24,-29.04,101674.33
164.31,-29.04,101674.33
164.37,-29.04,101674.33
164.44,-29.04,101674.33
164.51,-29.04,101674.33
164.57,-29.04,101674.33
164.64,-29.04,101674.33
164.71,-29.04,101674.33
164.77,-29.04,101674.33
164.84,-29.04,101674.33
164.9,-29.04,101674.33
164.97,-29.04,101674.33
165.04,-29.04,101674.33
165.11,-29.04,101674.33
165.17,-29.04,101674.33
165.24,-29.04,101674.33
165.3,-29.04,101674.33
165.37,-29.04,101674.33
165.44,-29.04,101674.33
165.5,-29.04,101674.33
165.57,-29.04,101674.33
165.64,-29.04,101674.33
165.7,-29.04,101674.33
165.77,-29.04,101674.33
165.84,-29.04,101674.33
165.9,-29.04,101674.33
165.97,-29.04,101674.33
166.04,-29.04,101674.33
166.1,-29.04,101674.33
166.17,-29.04,101674.33
166.24,-29.04,101674.33
166.3,-29.04,101674.33
166.37,-29.04,101674.33
166.43,-29.04,101674.33
166.5,-29.04,101674.33
166.57,-29.04,101674.33
166.63,-29.04,101674.33
166.7,-29.04,101674.33
166.77,-29.04,101674.33
166.83,-29.04,101674.33
166.9,-29.04,101674.33
166.97,-29.04,101674.33
167.03,-29.04,101674.33
167.1,-29.04,101674.33
167.17,-29.04,101674.33
167.24,-29.04,101674.33
167.3,-29.04,101674.33
167.37,-29.04,101674.33
167.43,-29.04,101674.33
167.5,-29.04,101674.33
167.57,-29.04,101674.33
167.63,-29.04,101674.33
167.7,-29.04,101674.33
167.78,-29.04,101674.33
167.84,-29.04,101674.33
167.91,-29.04,101674.33
167.97,-29.04,101674.33
168.04,-29.04,101674.33
168.11,-29.04,101674.33
168.17,-29.04,101674.33
168.24,-29.04,101674.33
168.31,-29.04,101674.33
168.37,-29.04,101674.33
168.44,-29.04,101674.33
168.5,-29.04,101674.33
168.57,-29.04,101674.33
168.64,-29.04,101674.33
168.7,-29.04,101674.33
168.77,-29.04,101674.33
168.83,-29.04,101674.33
168.9,-29.04,101674.33
168.96,-29.04,101674.33
169.03,-29.04,101674.33
169.1,-29.04,101674.33
169.16,-29.04,101674.33
169.23,-29.04,101674.33
169.3,-29.04,101674.33
169.36,-29.04,101674.33
169.43,-29.04,101674.33
169.49,-29.04,101674.33
169.56,-29.04,101674.33
169.63,-29.04,101674.33
169.69,-29.04,101674.33
169.76,-29.04,101674.33
169.82,-29.04,101674.33
169.89,-29.04,101674.33
169.96,-29.04,101674.33
170.02,-29.04,101674.33
170.09,-29.04,101674.33
170.15,-29.04,101674.33
170.22,-29.04,101674.33
170.29,-29.04,101674.33
170.35,-29.04,101674.33
170.42,-29.04,101674.33
170.49,-29.04,101674.33
170.55,-29.04,101674.33
170.62,-29.04,101674.33
170.69,-29.04,101674.33
170.75,-29.04,101674.33
170.82,-29.04,101674.33
170.88,-29.04,101674.33
170.95,-29.04,101674.33
171.02,-29.04,101674.33
171.08,-29.04,101674.33
171.15,-29.04,101674.33
171.22,-29.04,101674.33
171.28,-29.04,101674.33
171.35,-29.04,101674.33
171.42,-29.04,101674.33
171.48,-29.04,101674.33
171.55,-29.04,101674.33
171.62,-29.04,101674.33
171.68,-29.04,101674.33
171.75,-29.04,101674.33
171.81,-29.04,101674.33
171.88,-29.04,101674.33
171.95,-29.04,101674.33
172.01,-29.04,101674.33
172.08,-29.04,101674.33
172.15,-29.04,101674.33
172.21,-29.04,101674.33
172.28,-29.04,101674.33
172.35,-29.04,101674.33
172.41,-29.04,101674.33
172.48,-29.04,101674.33
172.55,-29.04,101674.33
172.61,-29.04,101674.33
172.68,-29.04,101674.33
172.75,-29.04,101674.33
172.81,-29.04,101674.33
172.88,-29.04,101674.33
172.95,-29.04,101674.33
173.01,-29.04,101674.33
173.08,-29.04,101674.33
173.15,-29.04,101674.33
173.21,-29.04,101674.33
173.28,-29.04,101674.33
173.34,-29.04,101674.33
173.41,-29.04,101674.33
173.48,-29.04,101674.33
173.55,-29.04,101674.33
173.61,-29.04,101674.33
173.68,-29.04,101674.33
173.75,-29.04,101674.33
173.81,-29.04,101674.33
173.88,-29.04,101674.33
173.95,-29.04,101674.33
174.01,-29.04,101674.33
174.09,-29.04,101674.33
174.15,-29.04,101674.33
174.22,-29.04,101674.33
174.28,-29.04,101674.33
174.35,-29.04,101674.33
174.41,-29.04,101674.33
174.48,-29.04,101674.33
174.55,-29.04,101674.33
174.61,-29.04,101674.33
174.68,-29.04,101674.33
174.75,-29.04,101674.33
174.81,-29.04,101674.33
174.88,-29.04,101674.33
174.94,-29.04,101674.33
175.01,-29.04,101674.33
175.08,-29.04,101674.33
175.14,-29.04,101674.33
175.21,-29.04,101674.33
175.27,-29.04,101674.33
175.34,-29.04,101674.33
175.41,-29.04,101674.33
175.47,-29.04,101674.33
175.54,-29.04,101674.33
175.61,-29.04,101674.33
175.67,-29.04,101674.33
175.74,-29.04,101674.33
175.81,-29.04,101674.33
175.87,-29.04,101674.33
175.94,-29.04,101674.33
176.0,-29.04,101674.33
176.07,-29.04,101674.33
176.14,-29.04,101674.33
176.2,-29.04,101674.33
176.27,-29.04,101674.33
176.33,-29.04,101674.33
176.4,-29.04,101674.33
176.47,-29.04,101674.33
176.53,-29.04,101674.33
176.6,-29.04,101674.33
176.66,-29.04,101674.33
176.73,-29.04,101674.33
176.8,-29.04,101674.33
176.86,-29.04,101674.33
176.93,-29.04,101674.33
177.0,-29.04,101674.33
177.06,-29.04,101674.33
177.13,-29.04,101674.33
177.2,-29.04,101674.33
177.26,-29.04,101674.33
177.33,-29.04,101674.33
177.39,-29.04,101674.33
177.46,-29.04,101674.33
177.53,-29.04,101674.33
177.59,-29.04,101674.33
177.66,-29.04,101674.33
177.73,-29.04,101674.33
177.79,-29.04,101674.33
177.86,-29.04,101674.33
177.93,-29.04,101674.33
177.99,-29.04,101674.33
178.06,-29.04,101674.33
178.12,-29.04,101674.33
178.19,-29.04,101674.33
178.26,-29.04,101674.33
178.32,-29.04,101674.33
178.39,-29.04,101674.33
178.46,-29.04,101674.33
178.52,-29.04,101674.33
178.59,-29.04,101674.33
178.66,-29.04,101674.33
178.72,-29.04,101674.33
178.79,-29.04,101674.33
178.86,-29.04,101674.33
178.92,-29.04,101674.33
178.99,-29.04,101674.33
179.06,-29.04,101674.33
179.12,-29.04,101674.33
179.19,-29.04,101674.33
179.26,-29.04,101674.33
179.32,-29.04,101674.33
179.39,-29.04,101674.33
179.46,-29.04,101674.33
179.52,-29.04,101674.33
179.59,-29.04,101674.33
179.66,-29.04,101674.33
179.72,-29.04,101674.33
179.79,-29.04,101674.33
179.86,-29.04,101674.33
179.92,-29.04,101674.33
179.99,-29.04,101674.33
180.06,-29.04,101674.33
180.13,-29.04,101674.33
180.19,-29.04,101674.33
180.26,-29.04,101674.33
180.33,-29.04,101674.33
180.4,-29.04,101674.33
180.46,-29.04,101674.33
180.53,-29.04,101674.33
180.6,-29.04,101674.33
180.66,-29.04,101674.33
180.73,-29.04,101674.33
180.79,-29.04,101674.33
180.86,-29.04,101674.33
180.93,-29.04,101674.33
180.99,-29.04,101674.33
181.06,-29.04,101674.33
181.13,-29.04,101674.33
181.19,-29.04,101674.33
181.26,-29.04,101674.33
181.32,-29.04,101674.33
181.39,-29.04,101674.33
181.46,-29.04,101674.33
181.52,-29.04,101674.33
181.59,-29.04,101674.33
181.65,-29.04,101674.33
181.72,-29.04,101674.33
181.79,-29.04,101674.33
181.85,-29.04,101674.33
181.92,-29.04,101674.33
181.98,-29.04,101674.33
182.05,-29.04,101674.33
182.12,-29.04,101674.33
182.18,-29.04,101674.33
182.25,-29.04,101674.33
182.32,-29.04,101674.33
182.38,-29.04,101674.33
182.45,-29.04,101674.33
182.52,-29.04,101674.33
182.58,-29.04,101674.33
182.65,-29.04,101674.33
182.71,-29.04,101674.33
182.78,-29.04,101674.33
182.85,-29.04,101674.33
182.91,-29.04,101674.33
182.98,-29.04,101674.33
183.05,-29.04,101674.33
183.11,-29.04,101674.33
183.18,-29.04,101674.33
183.24,-29.04,101674.33
183.31,-29.04,101674.33
183.38,-29.04,101674.33
183.44,-29.04,101674.33
183.51,-29.04,101674.33
183.58,-29.04,101674.33
183.64,-29.04,101674.33
183.71,-29.04,101674.33
183.78,-29.04,101674.33
183.84,-29.04,101674.33
183.91,-29.04,101674.33
183.98,-29.04,101674.33
184.04,-29.04,101674.33
184.11,-29.04,101674.33
184.18,-29.04,101674.33
184.24,-29.04,101674.33
184.31,-29.04,101674.33
184.37,-29.04,101674.33
184.44,-29.04,101674.33
184.51,-29.04,101674.33
184.57,-29.04,101674.33
184.64,-29.04,101674.33
184.71,-29.04,101674.33
184.77,-29.04,101674.33
184.84,-29.04,101674.33
184.91,-29.04,101674.33
184.97,-29.04,101674.33
185.04,-29.04,101674.33
185.11,-29.04,101674.33
185.17,-29.04,101674.33
185.24,-29.04,101674.33
185.3,-29.04,101674.33
185.37,-29.04,101674.33
185.44,-29.04,101674.33
185.5,-29.04,101674.33
185.57,-29.04,101674.33
185.64,-29.04,101674.33
185.7,-29.04,101674.33
185.77,-29.04,101674.33
185.84,-29.04,101674.33
185.9,-29.04,101674.33
185.97,-29.04,101674.33
186.04,-29.04,101674.33
186.1,-29.04,101674.33
186.17,-29.04,101674.33
186.24,-29.04,101674.33
186.3,-29.04,101674.33
186.37,-29.04,101674.33
186.44,-29.04,101674.33
186.5,-29.04,101674.33
186.57,-29.04,101674.33
186.64,-29.04,101674.33
186.7,-29.04,101674.33
186.78,-29.04,101674.33
186.84,-29.04,101674.33
186.91,-29.04,101674.33
186.98,-29.04,101674.33
187.04,-29.04,101674.33
187.11,-29.04,101674.33
187.17,-29.04,101674.33
187.24,-29.04,101674.33
187.31,-29.04,101674.33
187.37,-29.04,101674.33
187.44,-29.04,101674.33
187.5,-29.04,101674.33
187.57,-29.04,101674.33
187.64,-29.04,101674.33
187.7,-29.04,101674.33
187.77,-29.04,101674.33
187.84,-29.04,101674.33
187.9,-29.04,101674.33
187.97,-29.04,101674.33
188.03,-29.04,101674.33
188.1,-29.04,101674.33
188.17,-29.04,101674.33
188.23,-29.04,101674.33
188.3,-29.04,101674.33
188.37,-29.04,101674.33
188.43,-29.04,101674.33
188.5,-29.04,101674.33
188.56,-29.04,101674.33
188.63,-29.04,101674.33
188.7,-29.04,101674.33
188.76,-29.04,101674.33
188.83,-29.04,101674.33
188.9,-29.04,101674.33
188.96,-29.04,101674.33
189.03,-29.04,101674.33
189.09,-29.04,101674.33
189.16,-29.04,101674.33
189.23,-29.04,101674.33
189.3,-29.04,101674.33
189.37,-29.04,101674.33
189.43,-29.04,101674.33
189.5,-29.04,101674.33
189.57,-29.04,101674.33
189.63,-29.04,101674.33
189.7,-29.04,101674.33
189.76,-29.04,101674.33
189.83,-29.04,101674.33
189.9,-29.04,101674.33
189.96,-29.04,101674.33
190.03,-29.04,101674.33
190.09,-29.04,101674.33
190.16,-29.04,101674.33
190.23,-29.04,101674.33
190.29,-29.04,101674.33
190.36,-29.04,101674.33
190.42,-29.04,101674.33
190.49,-29.04,101674.33
190.56,-29.04,101674.33
190.62,-29.04,101674.33
190.69,-29.04,101674.33
190.76,-29.04,101674.33
190.82,-29.04,101674.33
190.89,-29.04,101674.33
190.96,-29.04,101674.33
191.02,-29.04,101674.33
191.09,-29.04,101674.33
191.15,-29.04,101674.33
191.22,-29.04,101674.33
191.29,-29.04,101674.33
191.35,-29.04,101674.33
191.42,-29.04,101674.33
191.49,-29.04,101674.33
191.55,-29.04,101674.33
191.62,-29.04,101674.33
191.69,-29.04,101674.33
191.75,-29.04,101674.33
191.82,-29.04,101674.33
191.88,-29.04,101674.33
191.95,-29.04,101674.33
192.02,-29.04,101674.33
192.08,-29.04,101674.33
192.15,-29.04,101674.33
192.22,-29.04,101674.33
192.28,-29.04,101674.33
192.35,-29.04,101674.33
192.41,-29.04,101674.33
192.48,-29.04,101674.33
192.55,-29.04,101674.33
192.61,-29.04,101674.33
192.68,-29.04,101674.33
192.75,-29.04,101674.33
192.81,-29.04,101674.33
192.88,-29.04,101674.33
192.95,-29.04,101674.33
193.01,-29.04,101674.33
193.08,-29.04,101674.33
193.15,-29.04,101674.33
193.21,-29.04,101674.33
193.28,-29.04,101674.33
193.35,-29.04,101674.33
193.41,-29.04,101674.33
193.48,-29.04,101674.33
193.55,-29.04,101674.33
193.61,-29.04,101674.33
193.68,-29.04,101674.33
193.75,-29.04,101674.33
193.81,-29.04,101674.33
193.88,-29.04,101674.33
193.95,-29.04,101674.33
194.01,-29.04,101674.33
194.08,-29.04,101674.33
194.15,-29.04,101674.33
194.21,-29.04,101674.33
194.28,-29.04,101674.33
194.35,-29.04,101674.33
194.41,-29.04,101674.33
194.48,-29.04,101674.33
194.55,-29.04,101674.33
194.61,-29.04,101674.33
194.68,-29.04,101674.33
194.75,-29.04,101674.33
194.81,-29.04,101674.33
194.88,-29.04,101674.33
194.95,-29.04,101674.33
195.01,-29.04,101674.33
195.08,-29.04,101674.33
195.15,-29.04,101674.33
195.21,-29.04,101674.33
195.28,-29.04,101674.33
195.35,-29.04,101674.33
195.41,-29.04,101674.33
195.48,-29.04,101674.33
195.55,-29.04,101674.33
195.62,-29.04,101674.33
195.68,-29.04,101674.33
195.75,-29.04,101674.33
195.82,-29.04,101674.33
195.89,-29.04,101674.33
195.95,-29.04,101674.33
196.02,-29.04,101674.33
196.09,-29.04,101674.33
196.15,-29.04,101674.33
196.22,-29.04,101674.33
196.28,-29.04,101674.33
196.35,-29.04,101674.33
196.42,-29.04,101674.33
196.48,-29.04,101674.33
196.55,-29.04,101674.33
196.61,-29.04,101674.33
196.68,-29.04,101674.33
196.75,-29.04,101674.33
196.81,-29.04,101674.33
196.88,-29.04,101674.33
196.95,-29.04,101674.33
197.01,-29.04,101674.33
197.08,-29.04,101674.33
197.14,-29.04,101674.33
197.21,-29.04,101674.33
197.28,-29.04,101674.33
197.34,-29.04,101674.33
197.41,-29.04,101674.33
197.48,-29.04,101674.33
197.54,-29.04,101674.33
197.61,-29.04,101674.33
197.67,-29.04,101674.33
197.74,-29.04,101674.33
197.81,-29.04,101674.33
197.87,-29.04,101674.33
197.94,-29.04,101674.33
198.01,-29.04,101674.33
198.07,-29.04,101674.33
198.14,-29.04,101674.33
198.2,-29.04,101674.33
198.27,-29.04,101674.33
198.34,-29.04,101674.33
198.4,-29.04,101674.33
198.47,-29.04,101674.33
198.54,-29.04,101674.33
198.6,-29.04,101674.33
198.67,-29.04,101674.33
198.74,-29.04,101674.33
198.8,-29.04,101674.33
198.87,-29.04,101674.33
198.94,-29.04,101674.33
199.0,-29.04,101674.33
199.07,-29.04,101674.33
199.14,-29.04,101674.33
199.2,-29.04,101674.33
199.27,-29.04,101674.33
199.34,-29.04,101674.33
199.4,-29.04,101674.33
199.47,-29.04,101674.33
199.53,-29.04,101674.33
199.6,-29.04,101674.33
199.67,-29.04,101674.33
199.73,-29.04,101674.33
199.8,-29.04,101674.33
199.87,-29.04,101674.33
199.93,-29.04,101674.33
200.0,-29.04,101674.33
200.07,-29.04,101674.33
200.13,-29.04,101674.33
200.2,-29.04,101674.33
200.27,-29.04,101674.33
200.33,-29.04,101674.33
200.4,-29.04,101674.33
200.47,-29.04,101674.33
200.53,-29.04,101674.33
200.6,-29.04,101674.33
200.67,-29.04,101674.33
200.73,-29.04,101674.33
200.8,-29.04,101674.33
200.87,-29.04,101674.33
200.93,-29.04,101674.33
201.0,-29.04,101674.33
201.07,-29.04,101674.33
201.13,-29.04,101674.33
201.2,-29.04,101674.33
201.27,-29.04,101674.33
201.34,-29.04,101674.33
201.4,-29.04,101674.33
201.47,-29.04,101674.33
201.54,-29.04,101674.33
201.6,-29.04,101674.33
201.67,-29.04,101674.33
201.74,-29.04,101674.33
201.8,-29.04,101674.33
201.87,-29.04,101674.33
201.94,-29.04,101674.33
202.0,-29.04,101674.33
202.07,-29.04,101674.33
202.14,-29.04,101674.33
202.2,-29.04,101674.33
202.27,-29.04,101674.33
202.35,-29.04,101674.33
202.41,-29.04,101674.33
202.48,-29.04,101674.33
202.55,-29.04,101674.33
202.61,-29.04,101674.33
202.68,-29.04,101674.33
202.74,-29.04,101674.33
202.81,-29.04,101674.33
202.88,-29.04,101674.33
202.94,-29.04,101674.33
203.01,-29.04,101674.33
203.07,-29.04,101674.33
203.14,-29.04,101674.33
203.21,-29.04,101674.33
203.27,-29.04,101674.33
203.34,-29.04,101674.33
203.41,-29.04,101674.33
203.47,-29.04,101674.33
203.54,-29.04,101674.33
203.6,-29.04,101674.33
203.67,-29.04,101674.33
203.74,-29.04,101674.33
203.8,-29.04,101674.33
203.87,-29.04,101674.33
203.93,-29.04,101674.33
204.0,-29.04,101674.33
204.07,-29.04,101674.33
204.13,-29.04,101674.33
204.2,-29.04,101674.33
204.27,-29.04,101674.33
204.33,-29.04,101674.33
204.4,-29.04,101674.33
204.46,-29.04,101674.33
204.53,-29.04,101674.33
204.6,-29.04,101674.33
204.66,-29.04,101674.33
204.73,-29.04,101674.33
204.8,-29.04,101674.33
204.86,-29.04,101674.33
204.93,-29.04,101674.33
204.99,-29.04,101674.33
205.06,-29.04,101674.33
205.13,-29.04,101674.33
205.19,-29.04,101674.33
205.26,-29.04,101674.33
205.33,-29.04,101674.33
205.39,-29.04,101674.33
205.46,-29.04,101674.33
205.53,-29.04,101674.33
205.59,-29.04,101674.33
205.66,-29.04,101674.33
205.73,-29.04,101674.33
205.79,-29.04,101674.33
205.86,-29.04,101674.33
205.92,-29.04,101674.33
205.99,-29.04,101674.33
206.06,-29.04,101674.33
206.13,-29.04,101674.33
206.19,-29.04,101674.33
206.26,-29.04,101674.33
206.32,-29.04,101674.33
206.39,-29.04,101674.33
206.46,-29.04,101674.33
206.52,-29.04,101674.33
206.59,-29.04,101674.33
206.66,-29.04,101674.33
206.72,-29.04,101674.33
206.79,-29.04,101674.33
206.86,-29.04,101674.33
206.92,-29.04,101674.33
206.99,-29.04,101674.33
207.06,-29.04,101674.33
207.12,-29.04,101674.33
207.19,-29.04,101674.33
207.26,-29.04,101674.33
207.32,-29.04,101674.33
207.39,-29.04,101674.33
207.46,-29.04,101674.33
207.52,-29.04,101674.33
207.59,-29.04,101674.33
207.66,-29.04,101674.33
207.72,-29.04,101674.33
207.79,-29.04,101674.33
207.86,-29.04,101674.33
207.92,-29.04,101674.33
207.99,-29.04,101674.33
208.06,-29.04,101674.33
208.13,-29.04,101674.33
208.19,-29.04,101674.33
208.26,-29.04,101674.33
208.33,-29.04,101674.33
208.39,-29.04,101674.33
208.46,-29.04,101674.33
208.53,-29.04,101674.33
208.59,-29.04,101674.33
208.66,-29.04,101674.33
208.73,-29.04,101674.33
208.79,-29.04,101674.33
208.86,-29.04,101674.33
208.93,-29.04,101674.33
209.0,-29.04,101674.33
209.07,-29.04,101674.33
209.13,-29.04,101674.33
209.2,-29.04,101674.33
209.27,-29.04,101674.33
209.33,-29.04,101674.33
209.4,-29.04,101674.33
209.46,-29.04,101674.33
209.53,-29.04,101674.33
209.6,-29.04,101674.33
209.66,-29.04,101674.33
209.73,-29.04,101674.33
209.79,-29.04,101674.33
209.86,-29.04,101674.33
209.93,-29.04,101674.33
209.99,-29.04,101674.33
210.06,-29.04,101674.33
210.13,-29.04,101674.33
210.19,-29.04,101674.33
210.26,-29.04,101674.33
210.32,-29.04,101674.33
210.39,-29.04,101674.33
210.46,-29.04,101674.33
210.52,-29.04,101674.33
210.59,-29.04,101674.33
210.66,-29.04,101674.33
210.72,-29.04,101674.33
210.79,-29.04,101674.33
210.85,-29.04,101674.33
210.92,-29.04,101674.33
210.99,-29.04,101674.33
211.05,-29.04,101674.33
211.12,-29.04,101674.33
211.19,-29.04,101674.33
211.25,-29.04,101674.33
211.32,-29.04,101674.33
211.38,-29.04,101674.33
211.45,-29.04,101674.33
211.52,-29.04,101674.33
211.58,-29.04,101674.33
211.65,-29.04,101674.33
211.72,-29.04,101674.33
211.78,-29.04,101674.33
211.85,-29.04,101674.33
211.92,-29.04,101674.33
211.98,-29.04,101674.33
212.05,-29.04,101674.33
212.12,-29.04,101674.33
212.18,-29.04,101674.33
212.25,-29.04,101674.33
212.32,-29.04,101674.33
212.38,-29.04,101674.33
212.45,-29.04,101674.33
212.52,-29.04,101674.33
212.58,-29.04,101674.33
212.65,-29.04,101674.33
212.72,-29.04,101674.33
212.78,-29.04,101674.33
212.85,-29.04,101674.33
212.92,-29.04,101674.33
212.98,-29.04,101674.33
213.05,-29.04,101674.33
213.11,-29.04,101674.33
213.18,-29.04,101674.33
213.25,-29.04,101674.33
213.31,-29.04,101674.33
213.38,-29.04,101674.33
213.44,-29.04,101674.33
213.51,-29.04,101674.33
213.58,-29.04,101674.33
213.64,-29.04,101674.33
213.71,-29.04,101674.33
213.78,-29.04,101674.33
213.84,-29.04,101674.33
213.91,-29.04,101674.33
213.97,-29.04,101674.33
214.04,-29.04,101674.33
214.11,-29.04,101674.33
214.17,-29.04,101674.33
214.24,-29.04,101674.33
214.31,-29.04,101674.33
214.37,-29.04,101674.33
214.44,-29.04,101674.33
214.5,-29.04,101674.33
214.57,-29.04,101674.33
214.64,-29.04,101674.33
214.7,-29.04,101674.33
214.77,-29.04,101674.33
214.83,-29.04,101674.33
214.9,-29.04,101674.33
214.97,-29.04,101674.33
215.03,-29.04,101674.33
215.1,-29.04,101674.33
215.16,-29.04,101674.33
215.23,-29.04,101674.33
215.29,-29.04,101674.33
215.36,-29.04,101674.33
215.43,-29.04,101674.33
215.49,-29.04,101674.33
215.56,-29.04,101674.33
215.63,-29.04,101674.33
215.7,-29.04,101674.33
215.76,-29.04,101674.33
215.83,-29.04,101674.33
215.89,-29.04,101674.33
215.96,-29.04,101674.33
216.02,-29.04,101674.33
216.09,-29.04,101674.33
216.16,-29.04,101674.33
216.22,-29.04,101674.33
216.29,-29.04,101674.33
216.35,-29.04,101674.33
216.42,-29.04,101674.33
216.48,-29.04,101674.33
216.55,-29.04,101674.33
216.61,-29.04,101674.33
216.68,-29.04,101674.33
216.75,-29.04,101674.33
216.81,-29.04,101674.33
216.88,-29.04,101674.33
216.94,-29.04,101674.33
217.01,-29.04,101674.33
217.08,-29.04,101674.33
217.14,-29.04,101674.33
217.21,-29.04,101674.33
217.27,-29.04,101674.33
217.34,-29.04,101674.33
217.4,-29.04,101674.33
217.47,-29.04,101674.33
217.54,-29.04,101674.33
217.6,-29.04,101674.33
217.67,-29.04,101674.33
217.74,-29.04,101674.33
217.8,-29.04,101674.33
217.87,-29.04,101674.33
217.94,-29.04,101674.33
218.0,-29.04,101674.33
218.07,-29.04,101674.33
218.14,-29.04,101674.33
218.2,-29.04,101674.33
218.27,-29.04,101674.33
218.34,-29.04,101674.33
218.4,-29.04,101674.33
218.47,-29.04,101674.33
218.54,-29.04,101674.33
218.6,-29.04,101674.33
218.67,-29.04,101674.33
218.74,-29.04,101674.33
218.8,-29.04,101674.33
218.87,-29.04,101674.33
218.94,-29.04,101674.33
219.0,-29.04,101674.33
219.07,-29.04,101674.33
219.14,-29.04,101674.33
219.2,-29.04,101674.33
219.27,-29.04,101674.33
219.34,-29.04,101674.33
219.4,-29.04,101674.33
219.47,-29.04,101674.33
219.54,-29.04,101674.33
219.6,-29.04,101674.33
219.67,-29.04,101674.33
219.74,-29.04,101674.33
219.8,-29.04,101674.33
219.87,-29.04,101674.33
219.94,-29.04,101674.33
220.0,-29.04,101674.33
220.07,-29.04,101674.33
220.14,-29.04,101674.33
220.2,-29.04,101674.33
220.27,-29.04,101674.33
220.34,-29.04,101674.33
220.4,-29.04,101674.33
220.47,-29.04,101674.33
220.54,-29.04,101674.33
220.6,-29.04,101674.33
220.67,-29.04,101674.33
220.74,-29.04,101674.33
220.8,-29.04,101674.33
220.87,-29.04,101674.33
220.94,-29.04,101674.33
221.0,-29.04,101674.33
221.07,-29.04,101674.33
221.14,-29.04,101674.33
221.2,-29.04,101674.33
221.27,-29.04,101674.33
221.34,-29.04,101674.33
221.4,-29.04,101674.33
221.47,-29.04,101674.33
221.54,-29.04,101674.33
221.6,-29.04,101674.33
221.67,-29.04,101674.33
221.74,-29.04,101674.33
221.8,-29.04,101674.33
221.87,-29.04,101674.33
221.94,-29.04,101674.33
222.01,-29.04,101674.33
222.07,-29.04,101674.33
222.15,-29.04,101674.33
222.21,-29.04,101674.33
222.28,-29.04,101674.33
222.34,-29.04,101674.33
222.41,-29.04,101674.33
222.48,-29.04,101674.33
222.54,-29.04,101674.33
222.61,-29.04,101674.33
222.68,-29.04,101674.33
222.74,-29.04,101674.33
222.81,-29.04,101674.33
222.87,-29.04,101674.33
222.94,-29.04,101674.33
223.01,-29.04,101674.33
223.07,-29.04,101674.33
223.15,-29.04,101674.33
223.21,-29.04,101674.33
223.28,-29.04,101674.33
223.35,-29.04,101674.33
223.41,-29.04,101674.33
223.48,-29.04,101674.33
223.55,-29.04,101674.33
223.61,-29.04,101674.33
223.68,-29.04,101674.33
223.74,-29.04,101674.33
223.81,-29.04,101674.33
223.88,-29.04,101674.33
223.94,-29.04,101674.33
224.01,-29.04,101674.33
224.08,-29.04,101674.33
224.14,-29.04,101674.33
224.21,-29.04,101674.33
224.28,-29.04,101674.33
224.34,-29.04,101674.33
224.41,-29.04,101674.33
224.48,-29.04,101674.33
224.54,-29.04,101674.33
224.61,-29.04,101674.33
224.67,-29.04,101674.33
224.74,-29.04,101674.33
224.81,-29.04,101674.33
224.87,-29.04,101674.33
224.94,-29.04,101674.33
225.01,-29.04,101674.33
225.07,-29.04,101674.33
225.14,-29.04,101674.33
225.21,-29.04,101674.33
225.27,-29.04,101674.33
225.34,-29.04,101674.33
225.4,-29.04,101674.33
225.47,-29.04,101674.33
225.54,-29.04,101674.33
225.6,-29.04,101674.33
225.67,-29.04,101674.33
225.74,-29.04,101674.33
225.8,-29.04,101674.33
225.87,-29.04,101674.33
225.93,-29.04,101674.33
226.0,-29.04,101674.33
226.07,-29.04,101674.33
226.14,-29.04,101674.33
226.2,-29.04,101674.33
226.27,-29.04,101674.33
226.33,-29.04,101674.33
226.4,-29.04,101674.33
226.47,-29.04,101674.33
226.53,-29.04,101674.33
226.6,-29.04,101674.33
226.67,-29.04,101674.33
226.74,-29.04,101674.33
226.8,-29.04,101674.33
226.87,-29.04,101674.33
226.94,-29.04,101674.33
227.0,-29.04,101674.33
227.07,-29.04,101674.33
227.14,-29.04,101674.33
227.2,-29.04,101674.33
227.27,-29.04,101674.33
227.34,-29.04,101674.33
227.4,-29.04,101674.33
227.47,-29.04,101674.33
227.54,-29.04,101674.33
227.6,-29.04,101674.33
227.67,-29.04,101674.33
227.74,-29.04,101674.33
227.8,-29.04,101674.33
227.87,-29.04,101674.33
227.94,-29.04,101674.33
228.0,-29.04,101674.33
228.07,-29.04,101674.33
228.14,-29.04,101674.33
228.2,-29.04,101674.33
228.27,-29.04,101674.33
228.34,-29.04,101674.33
228.4,-29.04,101674.33
228.47,-29.04,101674.33
228.54,-29.04,101674.33
228.6,-29.04,101674.33
228.67,-29.04,101674.33
228.74,-29.04,101674.33
228.81,-29.04,101674.33
228.88,-29.04,101674.33
228.94,-29.04,101674.33
229.01,-29.04,101674.33
229.08,-29.04,101674.33
229.14,-29.04,101674.33
229.21,-29.04,101674.33
229.27,-29.04,101674.33
229.34,-29.04,101674.33
229.41,-29.04,101674.33
229.47,-29.04,101674.33
229.54,-29.04,101674.33
229.6,-29.04,101674.33
229.67,-29.04,101674.33
229.74,-29.04,101674.33
229.8,-29.04,101674.33
229.87,-29.04,101674.33
229.93,-29.04,101674.33
230.0,-29.04,101674.33
230.08,-29.04,101674.33
230.14,-29.04,101674.33
230.21,-29.04,101674.33
230.28,-29.04,101674.33
230.34,-29.04,101674.33
230.41,-29.04,101674.33
230.48,-29.04,101674.33
230.54,-29.04,101674.33
230.61,-29.04,101674.33
230.67,-29.04,101674.33
230.74,-29.04,101674.33
230.81,-29.04,101674.33
230.87,-29.04,101674.33
230.94,-29.04,101674.33
231.0,-29.04,101674.33
231.07,-29.04,101674.33
231.14,-29.04,101674.33
231.2,-29.04,101674.33
231.27,-29.04,101674.33
231.33,-29.04,101674.33
231.4,-29.04,101674.33
231.47,-29.04,101674.33
231.53,-29.04,101674.33
231.6,-29.04,101674.33
231.66,-29.04,101674.33
231.73,-29.04,101674.33
231.8,-29.04,101674.33
231.86,-29.04,101674.33
231.93,-29.04,101674.33
231.99,-29.04,101674.33
232.06,-29.04,101674.33
232.13,-29.04,101674.33
232.19,-29.04,101674.33
232.26,-29.04,101674.33
232.33,-29.04,101674.33
232.39,-29.04,101674.33
232.46,-29.04,101674.33
232.52,-29.04,101674.33
232.59,-29.04,101674.33
232.66,-29.04,101674.33
232.72,-29.04,101674.33
232.79,-29.04,101674.33
232.86,-29.04,101674.33
232.92,-29.04,101674.33
232.99,-29.04,101674.33
233.05,-29.04,101674.33
233.12,-29.04,101674.33
233.19,-29.04,101674.33
233.25,-29.04,101674.33
233.32,-29.04,101674.33
233.39,-29.04,101674.33
233.45,-29.04,101674.33
233.52,-29.04,101674.33
233.59,-29.04,101674.33
233.65,-29.04,101674.33
233.72,-29.04,101674.33
233.78,-29.04,101674.33
233.85,-29.04,101674.33
233.92,-29.04,101674.33
233.98,-29.04,101674.33
234.12,-29.04,101674.33
234.19,-29.04,101674.33
234.25,-29.04,101674.33
234.32,-29.04,101674.33
234.39,-29.04,101674.33
234.45,-29.04,101674.33
234.52,-29.04,101674.33
234.59,-29.04,101674.33
234.65,-29.04,101674.33
234.72,-29.04,101674.33
234.79,-29.04,101674.33
234.85,-29.04,101674.33
234.92,-29.04,101674.33
234.98,-29.04,101674.33
235.05,-29.04,101674.33
235.12,-29.04,101674.33
235.19,-29.04,101674.33
235.25,-29.04,101674.33
235.32,-29.04,101674.33
235.38,-29.04,101674.33
235.45,-29.04,101674.33
235.52,-29.04,101674.33
235.58,-29.04,101674.33
235.65,-29.04,101674.33
235.72,-29.04,101674.33
235.78,-29.04,101674.33
235.85,-29.04,101674.33
235.92,-29.04,101674.33
235.98,-29.04,101674.33
236.05,-29.04,101674.33
236.12,-29.04,101674.33
236.18,-29.04,101674.33
236.25,-29.04,101674.33
236.32,-29.04,101674.33
236.38,-29.04,101674.33
236.45,-29.04,101674.33
236.52,-29.04,101674.33
236.58,-29.04,101674.33
236.65,-29.04,101674.33
236.72,-29.04,101674.33
236.79,-29.04,101674.33
236.85,-29.04,101674.33
236.92,-29.04,101674.33
236.99,-29.04,101674.33
237.05,-29.04,101674.33
237.12,-29.04,101674.33
237.19,-29.04,101674.33
237.26,-29.04,101674.33
237.32,-29.04,101674.33
237.39,-29.04,101674.33
237.45,-29.04,101674.33
237.52,-29.04,101674.33
237.59,-29.04,101674.33
237.65,-29.04,101674.33
237.72,-29.04,101674.33
237.78,-29.04,101674.33
237.85,-29.04,101674.33
237.92,-29.04,101674.33
237.98,-29.04,101674.33
238.05,-29.04,101674.33
238.11,-29.04,101674.33
238.18,-29.04,101674.33
238.25,-29.04,101674.33
238.31,-29.04,101674.33
238.38,-29.04,101674.33
238.45,-29.04,101674.33
238.51,-29.04,101674.33
238.58,-29.04,101674.33
238.64,-29.04,101674.33
238.71,-29.04,101674.33
238.78,-29.04,101674.33
238.84,-29.04,101674.33
238.91,-29.04,101674.33
238.97,-29.04,101674.33
239.04,-29.04,101674.33
239.11,-29.04,101674.33
239.18,-29.04,101674.33
239.24,-29.04,101674.33
239.31,-29.04,101674.33
239.37,-29.04,101674.33
239.44,-29.04,101674.33
239.51,-29.04,101674.33
239.57,-29.04,101674.33
239.64,-29.04,101674.33
239.71,-29.04,101674.33
239.77,-29.04,101674.33
239.84,-29.04,101674.33
239.9,-29.04,101674.33
239.97,-29.04,101674.33
240.04,-29.04,101674.33
240.1,-29.04,101674.33
240.17,-29.04,101674.33
240.24,-29.04,101674.33
240.3,-29.04,101674.33
240.37,-29.04,101674.33
240.44,-29.04,101674.33
240.5,-29.04,101674.33
240.57,-29.04,101674.33
240.64,-29.04,101674.33
240.7,-29.04,101674.33
240.77,-29.04,101674.33
240.83,-29.04,101674.33
240.9,-29.04,101674.33
240.97,-29.04,101674.33
241.03,-29.04,101674.33
241.1,-29.04,101674.33
241.17,-29.04,101674.33
241.23,-29.04,101674.33
241.3,-29.04,101674.33
241.37,-29.04,101674.33
241.43,-29.04,101674.33
241.5,-29.04,101674.33
241.56,-29.04,101674.33
241.63,-29.04,101674.33
241.7,-29.04,101674.33
241.76,-29.04,101674.33
241.83,-29.04,101674.33
241.9,-29.04,101674.33
241.96,-29.04,101674.33
242.03,-29.04,101674.33
242.1,-29.04,101674.33
242.16,-29.04,101674.33
242.23,-29.04,101674.33
242.3,-29.04,101674.33
242.36,-29.04,101674.33
242.43,-29.04,101674.33
242.5,-29.04,101674.33
242.56,-29.04,101674.33
242.63,-29.04,101674.33
242.7,-29.04,101674.33
242.76,-29.04,101674.33
242.83,-29.04,101674.33
242.9,-29.04,101674.33
242.96,-29.04,101674.33
243.03,-29.04,101674.33
243.1,-29.04,101674.33
243.16,-29.04,101674.33
243.23,-29.04,101674.33
243.3,-29.04,101674.33
243.37,-29.04,101674.33
243.44,-29.04,101674.33
243.5,-29.04,101674.33
243.57,-29.04,101674.33
243.64,-29.04,101674.33
243.7,-29.04,101674.33
243.77,-29.04,101674.33
243.83,-29.04,101674.33
243.9,-29.04,101674.33
243.97,-29.04,101674.33
244.03,-29.04,101674.33
244.1,-29.04,101674.33
244.16,-29.04,101674.33
244.23,-29.04,101674.33
244.3,-29.04,101674.33
244.36,-29.04,101674.33
244.43,-29.04,101674.33
244.49,-29.04,101674.33
244.56,-29.04,101674.33
244.63,-29.04,101674.33
244.69,-29.04,101674.33
244.76,-29.04,101674.33
244.82,-29.04,101674.33
244.89,-29.04,101674.33
244.96,-29.04,101674.33
245.02,-29.04,101674.33
245.09,-29.04,101674.33
245.15,-29.04,101674.33
245.22,-29.04,101674.33
245.29,-29.04,101674.33
245.35,-29.04,101674.33
245.42,-29.04,101674.33
245.49,-29.04,101674.33
245.55,-29.04,101674.33
245.62,-29.04,101674.33
245.68,-29.04,101674.33
245.75,-29.04,101674.33
245.82,-29.04,101674.33
245.88,-29.04,101674.33
245.95,-29.04,101674.33
246.02,-29.04,101674.33
246.08,-29.04,101674.33
246.15,-29.04,101674.33
246.22,-29.04,101674.33
246.28,-29.04,101674.33
246.35,-29.04,101674.33
246.41,-29.04,101674.33
246.48,-29.04,101674.33
246.55,-29.04,101674.33
246.61,-29.04,101674.33
246.68,-29.04,101674.33
246.75,-29.04,101674.33
246.81,-29.04,101674.33
246.88,-29.04,101674.33
246.94,-29.04,101674.33
247.01,-29.04,101674.33
247.08,-29.04,101674.33
247.14,-29.04,101674.33
247.21,-29.04,101674.33
247.28,-29.04,101674.33
247.34,-29.04,101674.33
247.41,-29.04,101674.33
247.48,-29.04,101674.33
247.54,-29.04,101674.33
247.61,-29.04,101674.33
247.68,-29.04,101674.33
247.74,-29.04,101674.33
247.81,-29.04,101674.33
247.88,-29.04,101674.33
247.94,-29.04,101674.33
248.01,-29.04,101674.33
248.07,-29.04,101674.33
248.14,-29.04,101674.33
248.21,-29.04,101674.33
248.28,-29.04,101674.33
248.34,-29.04,101674.33
248.41,-29.04,101674.33
248.48,-29.04,101674.33
248.54,-29.04,101674.33
248.61,-29.04,101674.33
248.67,-29.04,101674.33
248.74,-29.04,101674.33
248.81,-29.04,101674.33
248.87,-29.04,101674.33
248.94,-29.04,101674.33
249.01,-29.04,101674.33
249.07,-29.04,101674.33
249.14,-29.04,101674.33
249.21,-29.04,101674.33
249.28,-29.04,101674.33
249.34,-29.04,101674.33
249.41,-29.04,101674.33
249.48,-29.04,101674.33
249.54,-29.04,101674.33
249.61,-29.04,101674.33
249.68,-29.04,101674.33
249.75,-29.04,101674.33
249.81,-29.04,101674.33
249.88,-29.04,101674.33
249.95,-29.04,101674.33
250.01,-29.04,101674.33
250.08,-29.04,101674.33
250.14,-29.04,101674.33
250.21,-29.04,101674.33
250.28,-29.04,101674.33
250.34,-29.04,101674.33
250.41,-29.04,101674.33
250.47,-29.04,101674.33
250.54,-29.04,101674.33
250.61,-29.04,101674.33
250.67,-29.04,101674.33
250.74,-29.04,101674.33
250.8,-29.04,101674.33
250.87,-29.04,101674.33
250.94,-29.04,101674.33
251.0,-29.04,101674.33
251.07,-29.04,101674.33
251.13,-29.04,101674.33
251.2,-29.04,101674.33
251.27,-29.04,101674.33
251.33,-29.04,101674.33
251.4,-29.04,101674.33
251.47,-29.04,101674.33
251.53,-29.04,101674.33
251.6,-29.04,101674.33
251.67,-29.04,101674.33
251.73,-29.04,101674.33
251.8,-29.04,101674.33
251.87,-29.04,101674.33
251.93,-29.04,101674.33
252.0,-29.04,101674.33
252.06,-29.04,101674.33
252.13,-29.04,101674.33
252.2,-29.04,101674.33
252.26,-29.04,101674.33
252.33,-29.04,101674.33
252.4,-29.04,101674.33
252.46,-29.04,101674.33
252.53,-29.04,101674.33
252.6,-29.04,101674.33
252.66,-29.04,101674.33
252.73,-29.04,101674.33
252.79,-29.04,101674.33
252.86,-29.04,101674.33
252.93,-29.04,101674.33
252.99,-29.04,101674.33
253.06,-29.04,101674.33
253.13,-29.04,101674.33
253.19,-29.04,101674.33
253.26,-29.04,101674.33
253.33,-29.04,101674.33
253.39,-29.04,101674.33
253.46,-29.04,101674.33
253.52,-29.04,101674.33
253.59,-29.04,101674.33
253.66,-29.04,101674.33
253.72,-29.04,101674.33
253.79,-29.04,101674.33
253.86,-29.04,101674.33
253.92,-29.04,101674.33
253.99,-29.04,101674.33
254.06,-29.04,101674.33
254.12,-29.04,101674.33
254.19,-29.04,101674.33
254.26,-29.04,101674.33
254.32,-29.04,101674.33
254.39,-29.04,101674.33
254.46,-29.04,101674.33
254.52,-29.04,101674.33
254.59,-29.04,101674.33
254.66,-29.04,101674.33
254.72,-29.04,101674.33
254.79,-29.04,101674.33
254.86,-29.04,101674.33
254.92,-29.04,101674.33
254.99,-29.04,101674.33
255.06,-29.04,101674.33
255.12,-29.04,101674.33
255.19,-29.04,101674.33
255.26,-29.04,101674.33
255.33,-29.04,101674.33
255.39,-29.04,101674.33
255.46,-29.04,101674.33
255.53,-29.04,101674.33
255.59,-29.04,101674.33
255.66,-29.04,101674.33
255.73,-29.04,101674.33
255.79,-29.04,101674.33
255.87,-29.04,101674.33
255.93,-29.04,101674.33
256.0,-29.04,101674.33
256.06,-29.04,101674.33
256.13,-29.04,101674.33
256.2,-29.04,101674.33
256.26,-29.04,101674.33
256.33,-29.04,101674.33
256.4,-29.04,101674.33
256.46,-29.04,101674.33
256.53,-29.04,101674.33
256.59,-29.04,101674.33
256.66,-29.04,101674.33
256.73,-29.04,101674.33
256.79,-29.04,101674.33
256.86,-29.04,101674.33
256.92,-29.04,101674.33
256.99,-29.04,101674.33
257.06,-29.04,101674.33
257.12,-29.04,101674.33
257.19,-29.04,101674.33
257.26,-29.04,101674.33
257.32,-29.04,101674.33
257.39,-29.04,101674.33
257.45,-29.04,101674.33
257.52,-29.04,101674.33
257.59,-29.04,101674.33
257.65,-29.04,101674.33
257.72,-29.04,101674.33
257.78,-29.04,101674.33
257.85,-29.04,101674.33
257.92,-29.04,101674.33
257.98,-29.04,101674.33
258.05,-29.04,101674.33
258.12,-29.04,101674.33
258.18,-29.04,101674.33
258.25,-29.04,101674.33
258.32,-29.04,101674.33
258.38,-29.04,101674.33
258.45,-29.04,101674.33
258.52,-29.04,101674.33
258.58,-29.04,101674.33
258.65,-29.04,101674.33
258.71,-29.04,101674.33
258.78,-29.04,101674.33
258.85,-29.04,101674.33
258.91,-29.04,101674.33
258.98,-29.04,101674.33
259.05,-29.04,101674.33
259.11,-29.04,101674.33
259.18,-29.04,101674.33
259.25,-29.04,101674.33
259.31,-29.04,101674.33
259.38,-29.04,101674.33
259.44,-29.04,101674.33
259.51,-29.04,101674.33
259.58,-29.04,101674.33
259.64,-29.04,101674.33
259.71,-29.04,101674.33
259.78,-29.04,101674.33
259.84,-29.04,101674.33
259.91,-29.04,101674.33
259.97,-29.04,101674.33
260.04,-29.04,101674.33
260.11,-29.04,101674.33
260.17,-29.04,101674.33
260.24,-29.04,101674.33
260.31,-29.04,101674.33
260.37,-29.04,101674.33
260.44,-29.04,101674.33
260.51,-29.04,101674.33
260.57,-29.04,101674.33
260.64,-29.04,101674.33
260.71,-29.04,101674.33
260.77,-29.04,101674.33
260.84,-29.04,101674.33
260.91,-29.04,101674.33
260.97,-29.04,101674.33
261.04,-29.04,101674.33
261.11,-29.04,101674.33
261.17,-29.04,101674.33
261.24,-29.04,101674.33
261.31,-29.04,101674.33
261.38,-29.04,101674.33
261.44,-29.04,101674.33
261.51,-29.04,101674.33
261.58,-29.04,101674.33
261.64,-29.04,101674.33
261.71,-29.04,101674.33
261.78,-29.04,101674.33
261.84,-29.04,101674.33
261.91,-29.04,101674.33
261.98,-29.04,101674.33
262.04,-29.04,101674.33
262.11,-29.04,101674.33
262.19,-29.04,101674.33
262.25,-29.04,101674.33
262.32,-29.04,101674.33
262.39,-29.04,101674.33
262.45,-29.04,101674.33
262.52,-29.04,101674.33
262.58,-29.04,101674.33
262.65,-29.04,101674.33
262.72,-29.04,101674.33
262.78,-29.04,101674.33
262.85,-29.04,101674.33
262.92,-29.04,101674.33
262.98,-29.04,101674.33
263.05,-29.04,101674.33
263.11,-29.04,101674.33
263.18,-29.04,101674.33
263.25,-29.04,101674.33
263.31,-29.04,101674.33
263.38,-29.04,101674.33
263.44,-29.04,101674.33
263.51,-29.04,101674.33
263.58,-29.04,101674.33
263.64,-29.04,101674.33
263.71,-29.04,101674.33
263.78,-29.04,101674.33
263.84,-29.04,101674.33
263.91,-29.04,101674.33
263.97,-29.04,101674.33
264.04,-29.04,101674.33
264.11,-29.04,101674.33
264.17,-29.04,101674.33
264.24,-29.04,101674.33
264.31,-29.04,101674.33
264.37,-29.04,101674.33
264.44,-29.04,101674.33
264.5,-29.04,101674.33
264.57,-29.04,101674.33
264.64,-29.04,101674.33
264.7,-29.04,101674.33
264.77,-29.04,101674.33
264.84,-29.04,101674.33
264.9,-29.04,101674.33
264.97,-29.04,101674.33
265.04,-29.04,101674.33
265.1,-29.04,101674.33
265.17,-29.04,101674.33
265.24,-29.04,101674.33
265.3,-29.04,101674.33
265.37,-29.04,101674.33
265.44,-29.04,101674.33
265.5,-29.04,101674.33
265.57,-29.04,101674.33
265.64,-29.04,101674.33
265.7,-29.04,101674.33
265.77,-29.04,101674.33
265.84,-29.04,101674.33
265.9,-29.04,101674.33
265.97,-29.04,101674.33
266.04,-29.04,101674.33
266.1,-29.04,101674.33
266.17,-29.04,101674.33
266.24,-29.04,101674.33
266.3,-29.04,101674.33
266.37,-29.04,101674.33
266.44,-29.04,101674.33
266.5,-29.04,101674.33
266.57,-29.04,101674.33
266.64,-29.04,101674.33
266.7,-29.04,101674.33
266.77,-29.04,101674.33
266.84,-29.04,101674.33
266.9,-29.04,101674.33
266.97,-29.04,101674.33
267.03,-29.04,101674.33
267.1,-29.04,101674.33
267.17,-29.04,101674.33
267.24,-29.04,101674.33
267.3,-29.04,101674.33
267.37,-29.04,101674.33
267.44,-29.04,101674.33
267.5,-29.04,101674.33
267.57,-29.04,101674.33
267.64,-29.04,101674.33
267.7,-29.04,101674.33
267.77,-29.04,101674.33
267.84,-29.04,101674.33
267.9,-29.04,101674.33
267.97,-29.04,101674.33
268.04,-29.04,101674.33
268.1,-29.04,101674.33
268.17,-29.04,101674.33
268.24,-29.04,101674.33
268.3,-29.04,101674.33
268.37,-29.04,101674.33
268.44,-29.04,101674.33
268.5,-29.04,101674.33
268.57,-29.04,101674.33
268.64,-29.04,101674.33
268.71,-29.04,101674.33
268.77,-29.04,101674.33
268.85,-29.04,101674.33
268.91,-29.04,101674.33
268.98,-29.04,101674.33
269.04,-29.04,101674.33
269.11,-29.04,101674.33
269.18,-29.04,101674.33
269.24,-29.04,101674.33
269.31,-29.04,101674.33
269.38,-29.04,101674.33
269.44,-29.04,101674.33
269.51,-29.04,101674.33
269.57,-29.04,101674.33
269.64,-29.04,101674.33
269.71,-29.04,101674.33
269.77,-29.04,101674.33
269.84,-29.04,101674.33
269.9,-29.04,101674.33
269.97,-29.04,101674.33
270.04,-29.04,101674.33
270.1,-29.04,101674.33
270.17,-29.04,101674.33
270.24,-29.04,101674.33
270.3,-29.04,101674.33
270.37,-29.04,101674.33
270.44,-29.04,101674.33
270.5,-29.04,101674.33
270.57,-29.04,101674.33
270.63,-29.04,101674.33
270.7,-29.04,101674.33
270.77,-29.04,101674.33
270.83,-29.04,101674.33
270.9,-29.04,101674.33
270.97,-29.04,101674.33
271.03,-29.04,101674.33
271.1,-29.04,101674.33
271.17,-29.04,101674.33
271.24,-29.04,101674.33
271.31,-29.04,101674.33
271.37,-29.04,101674.33
271.44,-29.04,101674.33
271.51,-29.04,101674.33
271.57,-29.04,101674.33
271.64,-29.04,101674.33
271.7,-29.04,101674.33
271.77,-29.04,101674.33
271.83,-29.04,101674.33
271.9,-29.04,101674.33
271.97,-29.04,101674.33
272.03,-29.04,101674.33
272.1,-29.04,101674.33
272.16,-29.04,101674.33
272.23,-29.04,101674.33
272.3,-29.04,101674.33
272.36,-29.04,101674.33
272.43,-29.04,101674.33
272.5,-29.04,101674.33
272.56,-29.04,101674.33
272.63,-29.04,101674.33
272.7,-29.04,101674.33
272.76,-29.04,101674.33
272.83,-29.04,101674.33
272.89,-29.04,101674.33
272.96,-29.04,101674.33
273.03,-29.04,101674.33
273.09,-29.04,101674.33
273.16,-29.04,101674.33
273.23,-29.04,101674.33
273.3,-29.04,101674.33
273.36,-29.04,101674.33
273.43,-29.04,101674.33
273.49,-29.04,101674.33
273.56,-29.04,101674.33
273.63,-29.04,101674.33
273.69,-29.04,101674.33
273.76,-29.04,101674.33
273.83,-29.04,101674.33
273.89,-29.04,101674.33
273.96,-29.04,101674.33
274.03,-29.04,101674.33
274.09,-29.04,101674.33
274.16,-29.04,101674.33
274.23,-29.04,101674.33
274.29,-29.04,101674.33
274.36,-29.04,101674.33
274.43,-29.04,101674.33
274.49,-29.04,101674.33
274.56,-29.04,101674.33
274.63,-29.04,101674.33
274.69,-29.04,101674.33
274.76,-29.04,101674.33
274.83,-29.04,101674.33
274.89,-29.04,101674.33
274.96,-29.04,101674.33
275.02,-29.04,101674.33
275.09,-29.04,101674.33
275.16,-29.04,101674.33
275.22,-29.04,101674.33
275.29,-29.04,101674.33
275.36,-29.04,101674.33
275.42,-29.04,101674.33
275.49,-29.04,101674.33
275.56,-29.04,101674.33
275.62,-29.04,101674.33
275.69,-29.04,101674.33
275.76,-29.04,101674.33
275.82,-29.04,101674.33
275.89,-29.04,101674.33
275.96,-29.04,101674.33
276.02,-29.04,101674.33
276.09,-29.04,101674.33
276.16,-29.04,101674.33
276.22,-29.04,101674.33
276.29,-29.04,101674.33
276.36,-29.04,101674.33
276.42,-29.04,101674.33
276.49,-29.04,101674.33
276.56,-29.04,101674.33
276.62,-29.04,101674.33
276.69,-29.04,101674.33
276.76,-29.04,101674.33
276.82,-29.04,101674.33
276.89,-29.04,101674.33
276.96,-29.04,101674.33
277.02,-29.04,101674.33
277.09,-29.04,101674.33
277.16,-29.04,101674.33
277.23,-29.04,101674.33
277.29,-29.04,101674.33
277.36,-29.04,101674.33
277.43,-29.04,101674.33
277.49,-29.04,101674.33
277.56,-29.04,101674.33
277.63,-29.04,101674.33
277.69,-29.04,101674.33
277.76,-29.04,101674.33
277.84,-29.04,101674.33
277.9,-29.04,101674.33
277.97,-29.04,101674.33
278.03,-29.04,101674.33
278.1,-29.04,101674.33
278.17,-29.04,101674.33
278.23,-29.04,101674.33
278.3,-29.04,101674.33
278.37,-29.04,101674.33
278.43,-29.04,101674.33
278.5,-29.04,101674.33
278.57,-29.04,101674.33
278.63,-29.04,101674.33
278.7,-29.04,101674.33
278.76,-29.04,101674.33
278.83,-29.04,101674.33
278.9,-29.04,101674.33
278.96,-29.04,101674.33
279.03,-29.04,101674.33
279.1,-29.04,101674.33
279.16,-29.04,101674.33
279.23,-29.04,101674.33
279.3,-29.04,101674.33
279.36,-29.04,101674.33
279.43,-29.04,101674.33
279.5,-29.04,101674.33
279.56,-29.04,101674.33
279.63,-29.04,101674.33
279.69,-29.04,101674.33
279.76,-29.04,101674.33
279.83,-29.04,101674.33
279.89,-29.04,101674.33
279.96,-29.04,101674.33
280.03,-29.04,101674.33
280.09,-29.04,101674.33
280.16,-29.04,101674.33
280.22,-29.04,101674.33
280.29,-29.04,101674.33
280.36,-29.04,101674.33
280.43,-29.04,101674.33
280.49,-29.04,101674.33
280.56,-29.04,101674.33
280.62,-29.04,101674.33
280.69,-29.04,101674.33
280.76,-29.04,101674.33
280.82,-29.04,101674.33
280.89,-29.04,101674.33
280.96,-29.04,101674.33
281.02,-29.04,101674.33
281.09,-29.04,101674.33
281.16,-29.04,101674.33
281.22,-29.04,101674.33
281.29,-29.04,101674.33
281.36,-29.04,101674.33
281.42,-29.04,101674.33
281.49,-29.04,101674.33
281.56,-29.04,101674.33
281.62,-29.04,101674.33
281.69,-29.04,101674.33
281.76,-29.04,101674.33
281.82,-29.04,101674.33
281.89,-29.04,101674.33
281.96,-29.04,101674.33
282.02,-29.04,101674.33
282.09,-29.04,101674.33
282.16,-29.04,101674.33
282.22,-29.04,101674.33
282.29,-29.04,101674.33
282.36,-29.04,101674.33
282.43,-29.04,101674.33
282.49,-29.04,101674.33
282.56,-29.04,101674.33
282.63,-29.04,101674.33
282.69,-29.04,101674.33
282.76,-29.04,101674.33
282.83,-29.04,101674.33
282.9,-29.04,101674.33
282.96,-29.04,101674.33
283.03,-29.04,101674.33
283.1,-29.04,101674.33
283.16,-29.04,101674.33
283.23,-29.04,101674.33
283.3,-29.04,101674.33
283.36,-29.04,101674.33
283.43,-29.04,101674.33
283.5,-29.04,101674.33
283.57,-29.04,101674.33
283.63,-29.04,101674.33
283.7,-29.04,101674.33
283.77,-29.04,101674.33
283.83,-29.04,101674.33
283.9,-29.04,101674.33
283.97,-29.04,101674.33
284.03,-29.04,101674.33
284.1,-29.04,101674.33
284.17,-29.04,101674.33
284.23,-29.04,101674.33
284.3,-29.04,101674.33
284.37,-29.04,101674.33
284.44,-29.04,101674.33
284.51,-29.04,101674.33
284.58,-29.04,101674.33
284.64,-29.04,101674.33
284.71,-29.04,101674.33
284.77,-29.04,101674.33
284.84,-29.04,101674.33
284.91,-29.04,101674.33
284.97,-29.04,101674.33
285.04,-29.04,101674.33
285.11,-29.04,101674.33
285.17,-29.04,101674.33
285.24,-29.04,101674.33
285.31,-29.04,101674.33
285.37,-29.04,101674.33
285.44,-29.04,101674.33
285.5,-29.04,101674.33
285.57,-29.04,101674.33
285.64,-29.04,101674.33
285.7,-29.04,101674.33
285.77,-29.04,101674.33
285.84,-29.04,101674.33
285.9,-29.04,101674.33
285.97,-29.04,101674.33
286.03,-29.04,101674.33
286.1,-29.04,101674.33
286.17,-29.04,101674.33
286.23,-29.04,101674.33
286.3,-29.04,101674.33
286.37,-29.04,101674.33
286.44,-29.04,101674.33
286.5,-29.04,101674.33
286.57,-29.04,101674.33
286.64,-29.04,101674.33
286.7,-29.04,101674.33
286.77,-29.04,101674.33
286.84,-29.04,101674.33
286.9,-29.04,101674.33
286.97,-29.04,101674.33
287.04,-29.04,101674.33
287.1,-29.04,101674.33
287.17,-29.04,101674.33
287.24,-29.04,101674.33
287.3,-29.04,101674.33
287.37,-29.04,101674.33
287.44,-29.04,101674.33
287.5,-29.04,101674.33
287.57,-29.04,101674.33
287.64,-29.04,101674.33
287.7,-29.04,101674.33
287.77,-29.04,101674.33
287.84,-29.04,101674.33
287.9,-29.04,101674.33
287.97,-29.04,101674.33
288.03,-29.04,101674.33
288.1,-29.04,101674.33
288.17,-29.04,101674.33
288.23,-29.04,101674.33
288.3,-29.04,101674.33
288.37,-29.04,101674.33
288.44,-29.04,101674.33
288.5,-29.04,101674.33
288.57,-29.04,101674.33
288.64,-29.04,101674.33
288.7,-29.04,101674.33
288.77,-29.04,101674.33
288.84,-29.04,101674.33
288.9,-29.04,101674.33
288.97,-29.04,101674.33
289.04,-29.04,101674.33
289.1,-29.04,101674.33
289.17,-29.04,101674.33
289.24,-29.04,101674.33
289.3,-29.04,101674.33
289.37,-29.04,101674.33
289.44,-29.04,101674.33
289.5,-29.04,101674.33
289.57,-29.04,101674.33
289.64,-29.04,101674.33
289.7,-29.04,101674.33
289.77,-29.04,101674.33
289.84,-29.04,101674.33
289.9,-29.04,101674.33
289.97,-29.04,101674.33
290.04,-29.04,101674.33
290.1,-29.04,101674.33
290.17,-29.04,101674.33
290.24,-29.04,101674.33
290.31,-29.04,101674.33
290.37,-29.04,101674.33
290.44,-29.04,101674.33
290.51,-29.04,101674.33
290.57,-29.04,101674.33
290.64,-29.04,101674.33
290.71,-29.04,101674.33
290.78,-29.04,101674.33
290.85,-29.04,101674.33
290.92,-29.04,101674.33
290.99,-29.04,101674.33
291.05,-29.04,101674.33
291.12,-29.04,101674.33
291.18,-29.04,101674.33
291.25,-29.04,101674.33
291.32,-29.04,101674.33
291.38,-29.04,101674.33
291.45,-29.04,101674.33
291.52,-29.04,101674.33
291.58,-29.04,101674.33
291.65,-29.04,101674.33
291.71,-29.04,101674.33
291.78,-29.04,101674.33
291.85,-29.04,101674.33
291.91,-29.04,101674.33
291.98,-29.04,101674.33
292.05,-29.04,101674.33
292.11,-29.04,101674.33
292.18,-29.04,101674.33
292.25,-29.04,101674.33
292.31,-29.04,101674.33
292.38,-29.04,101674.33
292.45,-29.04,101674.33
292.51,-29.04,101674.33
292.58,-29.04,101674.33
292.65,-29.04,101674.33
292.71,-29.04,101674.33
292.78,-29.04,101674.33
292.84,-29.04,101674.33
292.91,-29.04,101674.33
292.98,-29.04,101674.33
293.04,-29.04,101674.33
293.11,-29.04,101674.33
293.18,-29.04,101674.33
293.24,-29.04,101674.33
293.31,-29.04,101674.33
293.38,-29.04,101674.33
293.45,-29.04,101674.33
293.51,-29.04,101674.33
293.58,-29.04,101674.33
293.65,-29.04,101674.33
293.71,-29.04,101674.33
293.78,-29.04,101674.33
293.85,-29.04,101674.33
293.91,-29.04,101674.33
293.98,-29.04,101674.33
294.04,-29.04,101674.33
294.11,-29.04,101674.33
294.18,-29.04,101674.33
294.25,-29.04,101674.33
294.31,-29.04,101674.33
294.38,-29.04,101674.33
294.45,-29.04,101674.33
294.51,-29.04,101674.33
294.58,-29.04,101674.33
294.65,-29.04,101674.33
294.71,-29.04,101674.33
294.78,-29.04,101674.33
294.85,-29.04,101674.33
294.91,-29.04,101674.33
294.98,-29.04,101674.33
295.05,-29.04,101674.33
295.11,-29.04,101674.33
295.18,-29.04,101674.33
295.25,-29.04,101674.33
295.32,-29.04,101674.33
295.38,-29.04,101674.33
295.45,-29.04,101674.33
295.52,-29.04,101674.33
295.58,-29.04,101674.33
295.65,-29.04,101674.33
295.72,-29.04,101674.33
295.78,-29.04,101674.33
295.85,-29.04,101674.33
295.92,-29.04,101674.33
295.98,-29.04,101674.33
296.05,-29.04,101674.33
296.12,-29.04,101674.33
296.19,-29.04,101674.33
296.25,-29.04,101674.33
296.32,-29.04,101674.33
296.39,-29.04,101674.33
296.45,-29.04,101674.33
296.52,-29.04,101674.33
296.59,-29.04,101674.33
296.65,-29.04,101674.33
296.72,-29.04,101674.33
296.79,-29.04,101674.33
296.85,-29.04,101674.33
296.92,-29.04,101674.33
296.99,-29.04,101674.33
297.06,-29.04,101674.33
297.12,-29.04,101674.33
297.19,-29.04,101674.33
297.26,-29.04,101674.33
297.32,-29.04,101674.33
297.39,-29.04,101674.33
297.46,-29.04,101674.33
297.53,-29.04,101674.33
297.6,-29.04,101674.33
297.66,-29.04,101674.33
297.73,-29.04,101674.33
297.8,-29.04,101674.33
297.86,-29.04,101674.33
297.93,-29.04,101674.33
297.99,-29.04,101674.33
298.06,-29.04,101674.33
298.13,-29.04,101674.33
298.2,-29.04,101674.33
298.26,-29.04,101674.33
298.33,-29.04,101674.33
298.39,-29.04,101674.33
298.46,-29.04,101674.33
298.53,-29.04,101674.33
298.59,-29.04,101674.33
298.66,-29.04,101674.33
298.73,-29.04,101674.33
298.79,-29.04,101674.33
298.86,-29.04,101674.33
298.93,-29.04,101674.33
298.99,-29.04,101674.33
299.06,-29.04,101674.33
299.13,-29.04,101674.33
299.19,-29.04,101674.33
299.26,-29.04,101674.33
299.33,-29.04,101674.33
299.39,-29.04,101674.33
299.46,-29.04,101674.33
299.53,-29.04,101674.33
299.59,-29.04,101674.33
299.66,-29.04,101674.33
299.73,-29.04,101674.33
299.79,-29.04,101674.33
299.86,-29.04,101674.33
299.92,-29.04,101674.33
299.99,-29.04,101674.33
300.06,-29.04,101674.33
300.12,-29.04,101674.33
300.19,-29.04,101674.33
300.26,-29.04,101674.33
300.32,-29.04,101674.33
300.39,-29.04,101674.33
300.46,-29.04,101674.33
300.52,-29.04,101674.33
300.59,-29.04,101674.33
300.66,-29.04,101674.33
300.72,-29.04,101674.33
300.79,-29.04,101674.33
300.86,-29.04,101674.33
300.92,-29.04,101674.33
300.99,-29.04,101674.33
301.06,-29.04,101674.33
301.12,-29.04,101674.33
301.19,-29.04,101674.33
301.26,-29.04,101674.33
301.32,-29.04,101674.33
301.39,-29.04,101674.33
301.46,-29.04,101674.33
301.52,-29.04,101674.33
301.59,-29.04,101674.33
301.66,-29.04,101674.33
301.73,-29.04,101674.33
301.79,-29.04,101674.33
301.86,-29.04,101674.33
301.93,-29.04,101674.33
301.99,-29.04,101674.33
302.06,-29.04,101674.33
302.13,-29.04,101674.33
302.19,-29.04,101674.33
302.26,-29.04,101674.33
302.33,-29.04,101674.33
302.39,-29.04,101674.33
302.46,-29.04,101674.33
302.53,-29.04,101674.33
302.6,-29.04,101674.33
302.66,-29.04,101674.33
302.73,-29.04,101674.33
302.8,-29.04,101674.33
302.86,-29.04,101674.33
302.93,-29.04,101674.33
303.0,-29.04,101674.33
303.07,-29.04,101674.33
303.13,-29.04,101674.33
303.2,-29.04,101674.33
303.27,-29.04,101674.33
303.33,-29.04,101674.33
303.4,-29.04,101674.33
303.47,-29.04,101674.33
303.53,-29.04,101674.33
303.6,-29.04,101674.33
303.67,-29.04,101674.33
303.74,-29.04,101674.33
303.8,-29.04,101674.33
303.87,-29.04,101674.33
303.94,-29.04,101674.33
304.01,-29.04,101674.33
304.08,-29.04,101674.33
304.15,-29.04,101674.33
304.21,-29.04,101674.33
304.28,-29.04,101674.33
304.35,-29.04,101674.33
304.41,-29.04,101674.33
304.48,-29.04,101674.33
304.54,-29.04,101674.33
304.61,-29.04,101674.33
304.68,-29.04,101674.33
304.74,-29.04,101674.33
304.81,-29.04,101674.33
304.88,-29.04,101674.33
304.94,-29.04,101674.33
305.01,-29.04,101674.33
305.08,-29.04,101674.33
305.14,-29.04,101674.33
305.21,-29.04,101674.33
305.28,-29.04,101674.33
305.34,-29.04,101674.33
305.41,-29.04,101674.33
305.48,-29.04,101674.33
305.54,-29.04,101674.33
305.61,-29.04,101674.33
305.68,-29.04,101674.33
305.74,-29.04,101674.33
305.81,-29.04,101674.33
305.88,-29.04,101674.33
305.94,-29.04,101674.33
306.01,-29.04,101674.33
306.08,-29.04,101674.33
306.14,-29.04,101674.33
306.21,-29.04,101674.33
306.28,-29.04,101674.33
306.34,-29.04,101674.33
306.41,-29.04,101674.33
306.48,-29.04,101674.33
306.54,-29.04,101674.33
306.61,-29.04,101674.33
306.68,-29.04,101674.33
306.74,-29.04,101674.33
306.81,-29.04,101674.33
306.88,-29.04,101674.33
306.94,-29.04,101674.33
307.01,-29.04,101674.33
307.08,-29.04,101674.33
307.14,-29.04,101674.33
307.21,-29.04,101674.33
307.28,-29.04,101674.33
307.34,-29.04,101674.33
307.41,-29.04,101674.33
307.48,-29.04,101674.33
307.54,-29.04,101674.33
307.61,-29.04,101674.33
307.68,-29.04,101674.33
307.75,-29.04,101674.33
307.82,-29.04,101674.33
307.88,-29.04,101674.33
307.95,-29.04,101674.33
308.01,-29.04,101674.33
308.08,-29.04,101674.33
308.15,-29.04,101674.33
308.21,-29.04,101674.33
308.28,-29.04,101674.33
308.34,-29.04,101674.33
308.41,-29.04,101674.33
308.48,-29.04,101674.33
308.54,-29.04,101674.33
308.61,-29.04,101674.33
308.68,-29.04,101674.33
308.74,-29.04,101674.33
308.81,-29.04,101674.33
308.87,-29.04,101674.33
308.94,-29.04,101674.33
309.01,-29.04,101674.33
309.07,-29.04,101674.33
309.14,-29.04,101674.33
309.21,-29.04,101674.33
309.27,-29.04,101674.33
309.34,-29.04,101674.33
309.4,-29.04,101674.33
309.47,-29.04,101674.33
309.54,-29.04,101674.33
309.6,-29.04,101674.33
309.67,-29.04,101674.33
309.74,-29.04,101674.33
309.8,-29.04,101674.33
309.87,-29.04,101674.33
309.94,-29.04,101674.33
310.0,-29.04,101674.33
310.07,-29.04,101674.33
310.14,-29.04,101674.33
310.2,-29.04,101674.33
310.27,-29.04,101674.33
310.34,-29.04,101674.33
310.4,-29.04,101674.33
310.47,-29.04,101674.33
310.54,-29.04,101674.33
310.6,-29.04,101674.33
310.67,-29.04,101674.33
310.74,-29.04,101674.33
310.81,-29.04,101674.33
310.87,-29.04,101674.33
310.94,-29.04,101674.33
311.01,-29.04,101674.33
311.07,-29.04,101674.33
311.14,-29.04,101674.33
311.2,-29.04,101674.33
311.27,-29.04,101674.33
311.33,-29.04,101674.33
311.4,-29.04,101674.33
311.47,-29.04,101674.33
311.53,-29.04,101674.33
311.6,-29.04,101674.33
311.66,-29.04,101674.33
311.73,-29.04,101674.33
311.8,-29.04,101674.33
311.86,-29.04,101674.33
311.93,-29.04,101674.33
311.99,-29.04,101674.33
312.06,-29.04,101674.33
312.12,-29.04,101674.33
312.19,-29.04,101674.33
312.26,-29.04,101674.33
312.33,-29.04,101674.33
312.4,-29.04,101674.33
312.46,-29.04,101674.33
312.53,-29.04,101674.33
312.59,-29.04,101674.33
312.66,-29.04,101674.33
312.73,-29.04,101674.33
312.79,-29.04,101674.33
312.86,-29.04,101674.33
312.93,-29.04,101674.33
312.99,-29.04,101674.33
313.06,-29.04,101674.33
313.12,-29.04,101674.33
313.19,-29.04,101674.33
313.26,-29.04,101674.33
313.32,-29.04,101674.33
313.39,-29.04,101674.33
313.46,-29.04,101674.33
313.53,-29.04,101674.33
313.59,-29.04,101674.33
313.66,-29.04,101674.33
313.72,-29.04,101674.33
313.79,-29.04,101674.33
313.86,-29.04,101674.33
313.92,-29.04,101674.33
313.99,-29.04,101674.33
314.06,-29.04,101674.33
314.12,-29.04,101674.33
314.19,-29.04,101674.33
314.26,-29.04,101674.33
314.32,-29.04,101674.33
314.39,-29.04,101674.33
314.46,-29.04,101674.33
314.52,-29.04,101674.33
314.59,-29.04,101674.33
314.66,-29.04,101674.33
314.72,-29.04,101674.33
314.79,-29.04,101674.33
314.86,-29.04,101674.33
314.92,-29.04,101674.33
314.99,-29.04,101674.33
315.05,-29.04,101674.33
315.12,-29.04,101674.33
315.19,-29.04,101674.33
315.25,-29.04,101674.33
315.32,-29.04,101674.33
315.39,-29.04,101674.33
315.45,-29.04,101674.33
315.52,-29.04,101674.33
315.59,-29.04,101674.33
315.65,-29.04,101674.33
315.72,-29.04,101674.33
315.79,-29.04,101674.33
315.85,-29.04,101674.33
315.92,-29.04,101674.33
315.99,-29.04,101674.33
316.05,-29.04,101674.33
316.12,-29.04,101674.33
316.19,-29.04,101674.33
316.25,-29.04,101674.33
316.32,-29.04,101674.33
316.39,-29.04,101674.33
316.45,-29.04,101674.33
316.52,-29.04,101674.33
316.59,-29.04,101674.33
316.65,-29.04,101674.33
316.72,-29.04,101674.33
316.79,-29.04,101674.33
316.85,-29.04,101674.33
316.92,-29.04,101674.33
316.99,-29.04,101674.33
317.05,-29.04,101674.33
317.12,-29.04,101674.33
317.19,-29.04,101674.33
317.25,-29.04,101674.33
317.32,-29.04,101674.33
317.39,-29.04,101674.33
317.46,-29.04,101674.33
317.52,-29.04,101674.33
317.59,-29.04,101674.33
317.66,-29.04,101674.33
317.72,-29.04,101674.33
317.79,-29.04,101674.33
317.86,-29.04,101674.33
317.93,-29.04,101674.33
317.99,-29.04,101674.33
318.06,-29.04,101674.33
318.13,-29.04,101674.33
318.19,-29.04,101674.33
318.26,-29.04,101674.33
318.33,-29.04,101674.33
318.4,-29.04,101674.33
318.46,-29.04,101674.33
318.53,-29.04,101674.33
318.6,-29.04,101674.33
318.66,-29.04,101674.33
318.73,-29.04,101674.33
318.81,-29.04,101674.33
318.87,-29.04,101674.33
318.94,-29.04,101674.33
319.01,-29.04,101674.33
319.07,-29.04,101674.33
319.14,-29.04,101674.33
319.21,-29.04,101674.33
319.27,-29.04,101674.33
319.34,-29.04,101674.33
319.41,-29.04,101674.33
319.47,-29.04,101674.33
319.54,-29.04,101674.33
319.6,-29.04,101674.33
319.67,-29.04,101674.33
319.74,-29.04,101674.33
319.8,-29.04,101674.33
319.87,-29.04,101674.33
319.94,-29.04,101674.33
320.0,-29.04,101674.33
320.07,-29.04,101674.33
320.13,-29.04,101674.33
320.2,-29.04,101674.33
320.27,-29.04,101674.33
320.33,-29.04,101674.33
320.4,-29.04,101674.33
320.47,-29.04,101674.33
320.53,-29.04,101674.33
320.6,-29.04,101674.33
320.67,-29.04,101674.33
320.73,-29.04,101674.33
320.8,-29.04,101674.33
320.87,-29.04,101674.33
320.93,-29.04,101674.33
321.0,-29.04,101674.33
321.06,-29.04,101674.33
321.13,-29.04,101674.33
321.2,-29.04,101674.33
321.27,-29.04,101674.33
321.33,-29.04,101674.33
321.4,-29.04,101674.33
321.47,-29.04,101674.33
321.53,-29.04,101674.33
321.6,-29.04,101674.33
321.67,-29.04,101674.33
321.73,-29.04,101674.33
321.8,-29.04,101674.33
321.87,-29.04,101674.33
321.93,-29.04,101674.33
322.0,-29.04,101674.33
322.07,-29.04,101674.33
322.13,-29.04,101674.33
322.2,-29.04,101674.33
322.27,-29.04,101674.33
322.33,-29.04,101674.33
322.4,-29.04,101674.33
322.47,-29.04,101674.33
322.53,-29.04,101674.33
322.6,-29.04,101674.33
322.67,-29.04,101674.33
322.73,-29.04,101674.33
322.8,-29.04,101674.33
322.87,-29.04,101674.33
322.94,-29.04,101674.33
323.0,-29.04,101674.33
323.07,-29.04,101674.33
323.14,-29.04,101674.33
323.2,-29.04,101674.33
323.27,-29.04,101674.33
323.34,-29.04,101674.33
323.41,-29.04,101674.33
323.47,-29.04,101674.33
323.54,-29.04,101674.33
323.61,-29.04,101674.33
323.67,-29.04,101674.33
323.74,-29.04,101674.33
323.81,-29.04,101674.33
323.88,-29.04,101674.33
323.94,-29.04,101674.33
324.01,-29.04,101674.33
324.08,-29.04,101674.33
324.14,-29.04,101674.33
324.21,-29.04,101674.33
324.28,-29.04,101674.33
324.35,-29.04,101674.33
324.41,-29.04,101674.33
324.48,-29.04,101674.33
324.55,-29.04,101674.33
324.61,-29.04,101674.33
324.68,-29.04,101674.33
324.75,-29.04,101674.33
324.81,-29.04,101674.33
324.88,-29.04,101674.33
324.96,-29.04,101674.33
325.03,-29.04,101674.33
325.09,-29.04,101674.33
325.16,-29.04,101674.33
325.22,-29.04,101674.33
325.29,-29.04,101674.33
325.36,-29.04,101674.33
325.42,-29.04,101674.33
325.49,-29.04,101674.33
325.56,-29.04,101674.33
325.62,-29.04,101674.33
325.69,-29.04,101674.33
325.76,-29.04,101674.33
325.82,-29.04,101674.33
325.89,-29.04,101674.33
325.96,-29.04,101674.33
326.02,-29.04,101674.33
326.09,-29.04,101674.33
326.16,-29.04,101674.33
326.22,-29.04,101674.33
326.29,-29.04,101674.33
326.35,-29.04,101674.33
326.42,-29.04,101674.33
326.49,-29.04,101674.33
326.55,-29.04,101674.33
326.62,-29.04,101674.33
326.69,-29.04,101674.33
326.75,-29.04,101674.33
326.82,-29.04,101674.33
326.88,-29.04,101674.33
326.95,-29.04,101674.33
327.02,-29.04,101674.33
327.08,-29.04,101674.33
327.15,-29.04,101674.33
327.22,-29.04,101674.33
327.28,-29.04,101674.33
327.35,-29.04,101674.33
327.42,-29.04,101674.33
327.48,-29.04,101674.33
327.55,-29.04,101674.33
327.62,-29.04,101674.33
327.68,-29.04,101674.33
327.75,-29.04,101674.33
327.82,-29.04,101674.33
327.88,-29.04,101674.33
327.95,-29.04,101674.33
328.02,-29.04,101674.33
328.08,-29.04,101674.33
328.15,-29.04,101674.33
328.22,-29.04,101674.33
328.28,-29.04,101674.33
328.35,-29.04,101674.33
328.42,-29.04,101674.33
328.48,-29.04,101674.33
328.55,-29.04,101674.33
328.62,-29.04,101674.33
328.68,-29.04,101674.33
328.75,-29.04,101674.33
328.82,-29.04,101674.33
328.88,-29.04,101674.33
328.95,-29.04,101674.33
329.02,-29.04,101674.33
329.08,-29.04,101674.33
329.15,-29.04,101674.33
329.22,-29.04,101674.33
329.28,-29.04,101674.33
329.35,-29.04,101674.33
329.42,-29.04,101674.33
329.48,-29.04,101674.33
329.55,-29.04,101674.33
329.62,-29.04,101674.33
329.69,-29.04,101674.33
329.75,-29.04,101674.33
329.82,-29.04,101674.33
329.89,-29.04,101674.33
329.95,-29.04,101674.33
330.02,-29.04,101674.33
330.09,-29.04,101674.33
330.15,-29.04,101674.33
330.22,-29.04,101674.33
330.29,-29.04,101674.33
330.36,-29.04,101674.33
330.42,-29.04,101674.33
330.49,-29.04,101674.33
330.56,-29.04,101674.33
330.62,-29.04,101674.33
330.69,-29.04,101674.33
330.76,-29.04,101674.33
330.82,-29.04,101674.33
330.89,-29.04,101674.33
330.96,-29.04,101674.33
331.02,-29.04,101674.33
331.09,-29.04,101674.33
331.17,-29.04,101674.33
331.23,-29.04,101674.33
331.3,-29.04,101674.33
331.36,-29.04,101674.33
331.43,-29.04,101674.33
331.5,-29.04,101674.33
331.56,-29.04,101674.33
331.63,-29.04,101674.33
331.7,-29.04,101674.33
331.76,-29.04,101674.33
331.83,-29.04,101674.33
331.9,-29.04,101674.33
331.96,-29.04,101674.33
332.03,-29.04,101674.33
332.09,-29.04,101674.33
332.16,-29.04,101674.33
332.23,-29.04,101674.33
332.29,-29.04,101674.33
332.36,-29.04,101674.33
332.43,-29.04,101674.33
332.49,-29.04,101674.33
332.56,-29.04,101674.33
332.62,-29.04,101674.33
332.69,-29.04,101674.33
332.76,-29.04,101674.33
332.83,-29.04,101674.33
332.89,-29.04,101674.33
332.96,-29.04,101674.33
333.03,-29.04,101674.33
333.09,-29.04,101674.33
333.16,-29.04,101674.33
333.22,-29.04,101674.33
333.29,-29.04,101674.33
333.36,-29.04,101674.33
333.42,-29.04,101674.33
333.49,-29.04,101674.33
333.56,-29.04,101674.33
333.62,-29.04,101674.33
333.69,-29.04,101674.33
333.76,-29.04,101674.33
333.83,-29.04,101674.33
333.89,-29.04,101674.33
333.96,-29.04,101674.33
334.03,-29.04,101674.33
334.09,-29.04,101674.33
334.16,-29.04,101674.33
334.23,-29.04,101674.33
334.29,-29.04,101674.33
334.36,-29.04,101674.33
334.43,-29.04,101674.33
334.49,-29.04,101674.33
334.56,-29.04,101674.33
334.63,-29.04,101674.33
334.69,-29.04,101674.33
334.76,-29.04,101674.33
334.83,-29.04,101674.33
334.89,-29.04,101674.33
334.96,-29.04,101674.33
335.03,-29.04,101674.33
335.09,-29.04,101674.33
335.16,-29.04,101674.33
335.23,-29.04,101674.33
335.29,-29.04,101674.33
335.36,-29.04,101674.33
335.43,-29.04,101674.33
335.5,-29.04,101674.33
335.56,-29.04,101674.33
335.63,-29.04,101674.33
335.7,-29.04,101674.33
335.76,-29.04,101674.33
335.83,-29.04,101674.33
335.9,-29.04,101674.33
335.96,-29.04,101674.33
336.03,-29.04,101674.33
336.1,-29.04,101674.33
336.16,-29.04,101674.33
336.23,-29.04,101674.33
336.3,-29.04,101674.33
336.37,-29.04,101674.33
336.43,-29.04,101674.33
336.5,-29.04,101674.33
336.57,-29.04,101674.33
336.63,-29.04,101674.33
336.7,-29.04,101674.33
336.77,-29.04,101674.33
336.83,-29.04,101674.33
336.9,-29.04,101674.33
336.97,-29.04,101674.33
337.04,-29.04,101674.33
337.1,-29.04,101674.33
337.17,-29.04,101674.33
337.24,-29.04,101674.33
337.31,-29.04,101674.33
337.37,-29.04,101674.33
337.44,-29.04,101674.33
337.51,-29.04,101674.33
337.57,-29.04,101674.33
337.64,-29.04,101674.33
337.71,-29.04,101674.33
337.78,-29.04,101674.33
337.85,-29.04,101674.33
337.91,-29.04,101674.33
337.98,-29.04,101674.33
338.05,-29.04,101674.33
338.11,-29.04,101674.33
338.18,-29.04,101674.33
338.25,-29.04,101674.33
338.31,-29.04,101674.33
338.38,-29.04,101674.33
338.44,-29.04,101674.33
338.51,-29.04,101674.33
338.58,-29.04,101674.33
338.64,-29.04,101674.33
338.71,-29.04,101674.33
338.77,-29.04,101674.33
338.84,-29.04,101674.33
338.91,-29.04,101674.33
338.98,-29.04,101674.33
339.04,-29.04,101674.33
339.11,-29.04,101674.33
339.18,-29.04,101674.33
339.24,-29.04,101674.33
339.31,-29.04,101674.33
339.37,-29.04,101674.33
339.44,-29.04,101674.33
339.51,-29.04,101674.33
339.57,-29.04,101674.33
339.64,-29.04,101674.33
339.71,-29.04,101674.33
339.77,-29.04,101674.33
339.84,-29.04,101674.33
339.91,-29.04,101674.33
339.97,-29.04,101674.33
340.04,-29.04,101674.33
340.11,-29.04,101674.33
340.17,-29.04,101674.33
340.24,-29.04,101674.33
340.31,-29.04,101674.33
340.37,-29.04,101674.33
340.44,-29.04,101674.33
340.51,-29.04,101674.33
340.57,-29.04,101674.33
340.64,-29.04,101674.33
340.71,-29.04,101674.33
340.77,-29.04,101674.33
340.84,-29.04,101674.33
340.91,-29.04,101674.33
340.97,-29.04,101674.33
341.04,-29.04,101674.33
341.11,-29.04,101674.33
341.17,-29.04,101674.33
341.24,-29.04,101674.33
341.31,-29.04,101674.33
341.38,-29.04,101674.33
341.44,-29.04,101674.33
341.51,-29.04,101674.33
341.58,-29.04,101674.33
341.64,-29.04,101674.33
341.71,-29.04,101674.33
341.78,-29.04,101674.33
341.84,-29.04,101674.33
341.91,-29.04,101674.33
341.98,-29.04,101674.33
342.04,-29.04,101674.33
342.11,-29.04,101674.33
342.18,-29.04,101674.33
342.24,-29.04,101674.33
342.31,-29.04,101674.33
342.38,-29.04,101674.33
342.44,-29.04,101674.33
342.51,-29.04,101674.33
342.58,-29.04,101674.33
342.65,-29.04,101674.33
342.71,-29.04,101674.33
342.78,-29.04,101674.33
342.85,-29.04,101674.33
342.91,-29.04,101674.33
342.98,-29.04,101674.33
343.05,-29.04,101674.33
343.12,-29.04,101674.33
343.18,-29.04,101674.33
343.25,-29.04,101674.33
343.32,-29.04,101674.33
343.38,-29.04,101674.33
343.45,-29.04,101674.33
343.52,-29.04,101674.33
343.58,-29.04,101674.33
343.65,-29.04,101674.33
343.72,-29.04,101674.33
343.79,-29.04,101674.33
343.85,-29.04,101674.33
343.92,-29.04,101674.33
343.99,-29.04,101674.33
344.05,-29.04,101674.33
344.12,-29.04,101674.33
344.19,-29.04,101674.33
344.25,-29.04,101674.33
344.33,-29.04,101674.33
344.39,-29.04,101674.33
344.46,-29.04,101674.33
344.53,-29.04,101674.33
344.59,-29.04,101674.33
344.66,-29.04,101674.33
344.73,-29.04,101674.33
344.79,-29.04,101674.33
344.86,-29.04,101674.33
344.93,-29.04,101674.33
344.99,-29.04,101674.33
345.06,-29.04,101674.33
345.13,-29.04,101674.33
345.19,-29.04,101674.33
345.26,-29.04,101674.33
345.32,-29.04,101674.33
345.39,-29.04,101674.33
345.46,-29.04,101674.33
345.52,-29.04,101674.33
345.59,-29.04,101674.33
345.66,-29.04,101674.33
345.72,-29.04,101674.33
345.79,-29.04,101674.33
345.86,-29.04,101674.33
345.92,-29.04,101674.33
345.99,-29.04,101674.33
346.06,-29.04,101674.33
346.12,-29.04,101674.33
346.19,-29.04,101674.33
346.26,-29.04,101674.33
346.32,-29.04,101674.33
346.39,-29.04,101674.33
346.45,-29.04,101674.33
346.52,-29.04,101674.33
346.59,-29.04,101674.33
346.66,-29.04,101674.33
346.72,-29.04,101674.33
346.79,-29.04,101674.33
346.85,-29.04,101674.33
346.92,-29.04,101674.33
346.99,-29.04,101674.33
347.05,-29.04,101674.33
347.12,-29.04,101674.33
347.19,-29.04,101674.33
347.25,-29.04,101674.33
347.32,-29.04,101674.33
347.39,-29.04,101674.33
347.45,-29.04,101674.33
347.52,-29.04,101674.33
347.59,-29.04,101674.33
347.66,-29.04,101674.33
347.72,-29.04,101674.33
347.79,-29.04,101674.33
347.86,-29.04,101674.33
347.92,-29.04,101674.33
347.99,-29.04,101674.33
348.05,-29.04,101674.33
348.12,-29.04,101674.33
348.19,-29.04,101674.33
348.25,-29.04,101674.33
348.32,-29.04,101674.33
348.39,-29.04,101674.33
348.45,-29.04,101674.33
348.52,-29.04,101674.33
348.59,-29.04,101674.33
348.66,-29.04,101674.33
348.72,-29.04,101674.33
348.79,-29.04,101674.33
348.86,-29.04,101674.33
348.92,-29.04,101674.33
348.99,-29.04,101674.33
349.06,-29.04,101674.33
349.13,-29.04,101674.33
349.19,-29.04,101674.33
349.26,-29.04,101674.33
349.33,-29.04,101674.33
349.39,-29.04,101674.33
349.46,-29.04,101674.33
349.53,-29.04,101674.33
349.59,-29.04,101674.33
349.66,-29.04,101674.33
349.73,-29.04,101674.33
349.79,-29.04,101674.33
349.86,-29.04,101674.33
349.93,-29.04,101674.33
350.0,-29.04,101674.33
350.06,-29.04,101674.33
350.13,-29.04,101674.33
350.2,-29.04,101674.33
350.26,-29.04,101674.33
350.33,-29.04,101674.33
350.4,-29.04,101674.33
350.47,-29.04,101674.33
350.53,-29.04,101674.33
350.6,-29.04,101674.33
350.67,-29.04,101674.33
350.73,-29.04,101674.33
350.8,-29.04,101674.33
350.87,-29.04,101674.33
350.93,-29.04,101674.33
351.01,-29.04,101674.33
351.07,-29.04,101674.33
351.14,-29.04,101674.33
351.21,-29.04,101674.33
351.27,-29.04,101674.33
351.34,-29.04,101674.33
351.4,-29.04,101674.33
351.47,-29.04,101674.33
351.54,-29.04,101674.33
351.6,-29.04,101674.33
351.67,-29.04,101674.33
351.74,-29.04,101674.33
351.8,-29.04,101674.33
351.87,-29.04,101674.33
351.94,-29.04,101674.33
352.0,-29.04,101674.33
352.07,-29.04,101674.33
352.13,-29.04,101674.33
352.2,-29.04,101674.33
352.27,-29.04,101674.33
352.33,-29.04,101674.33
352.4,-29.04,101674.33
352.47,-29.04,101674.33
352.54,-29.04,101674.33
352.6,-29.04,101674.33
352.67,-29.04,101674.33
352.74,-29.04,101674.33
352.8,-29.04,101674.33
352.87,-29.04,101674.33
352.93,-29.04,101674.33
353.0,-29.04,101674.33
353.07,-29.04,101674.33
353.13,-29.04,101674.33
353.2,-29.04,101674.33
353.27,-29.04,101674.33
353.35,-29.04,101674.33
353.41,-29.04,101674.33
353.48,-29.04,101674.33
353.55,-29.04,101674.33
353.61,-29.04,101674.33
353.68,-29.04,101674.33
353.74,-29.04,101674.33
353.81,-29.04,101674.33
353.88,-29.04,101674.33
353.94,-29.04,101674.33
354.01,-29.04,101674.33
354.08,-29.04,101674.33
354.14,-29.04,101674.33
354.21,-29.04,101674.33
354.28,-29.04,101674.33
354.34,-29.04,101674.33
354.41,-29.04,101674.33
354.47,-29.04,101674.33
354.54,-29.04,101674.33
354.61,-29.04,101674.33
354.67,-29.04,101674.33
354.74,-29.04,101674.33
354.81,-29.04,101674.33
354.87,-29.04,101674.33
354.94,-29.04,101674.33
355.01,-29.04,101674.33
355.07,-29.04,101674.33
355.14,-29.04,101674.33
355.2,-29.04,101674.33
355.27,-29.04,101674.33
355.34,-29.04,101674.33
355.41,-29.04,101674.33
355.47,-29.04,101674.33
355.54,-29.04,101674.33
355.6,-29.04,101674.33
355.67,-29.04,101674.33
355.74,-29.04,101674.33
355.8,-29.04,101674.33
355.87,-29.04,101674.33
355.94,-29.04,101674.33
356.0,-29.04,101674.33
356.07,-29.04,101674.33
356.14,-29.04,101674.33
356.2,-29.04,101674.33
356.27,-29.04,101674.33
356.34,-29.04,101674.33
356.4,-29.04,101674.33
356.47,-29.04,101674.33
356.54,-29.04,101674.33
356.6,-29.04,101674.33
356.67,-29.04,101674.33
356.74,-29.04,101674.33
356.8,-29.04,101674.33
356.87,-29.04,101674.33
356.94,-29.04,101674.33
357.0,-29.04,101674.33
357.07,-29.04,101674.33
357.14,-29.04,101674.33
357.2,-29.04,101674.33
357.27,-29.04,101674.33
357.34,-29.04,101674.33
357.4,-29.04,101674.33
357.47,-29.04,101674.33
357.54,-29.04,101674.33
357.6,-29.04,101674.33
357.67,-29.04,101674.33
357.74,-29.04,101674.33
357.8,-29.04,101674.33
357.87,-29.04,101674.33
357.94,-29.04,101674.33
358.0,-29.04,101674.33
358.07,-29.04,101674.33
358.14,-29.04,101674.33
358.2,-29.04,101674.33
358.27,-29.04,101674.33
358.34,-29.04,101674.33
358.41,-29.04,101674.33
358.47,-29.04,101674.33
358.54,-29.04,101674.33
358.61,-29.04,101674.33
358.67,-29.04,101674.33
358.74,-29.04,101674.33
358.81,-29.04,101674.33
358.87,-29.04,101674.33
358.94,-29.04,101674.33
359.01,-29.04,101674.33
359.07,-29.04,101674.33
359.14,-29.04,101674.33
359.21,-29.04,101674.33
359.28,-29.04,101674.33
359.34,-29.04,101674.33
359.41,-29.04,101674.33
359.48,-29.04,101674.33
359.54,-29.04,101674.33
359.61,-29.04,101674.33
359.68,-29.04,101674.33
359.75,-29.04,101674.33
359.81,-29.04,101674.33
359.88,-29.04,101674.33
359.95,-29.04,101674.33
360.02,-29.04,101674.33
360.09,-29.04,101674.33
360.15,-29.04,101674.33
360.22,-29.04,101674.33
360.29,-29.04,101674.33
360.35,-29.04,101674.33
360.42,-29.04,101674.33
360.49,-29.04,101674.33
360.55,-29.04,101674.33
360.62,-29.04,101674.33
360.69,-29.04,101674.33
360.75,-29.04,101674.33
360.82,-29.04,101674.33
360.89,-29.04,101674.33
360.95,-29.04,101674.33
361.02,-29.04,101674.33
361.08,-29.04,101674.33
361.15,-29.04,101674.33
361.22,-29.04,101674.33
361.28,-29.04,101674.33
361.35,-29.04,101674.33
361.42,-29.04,101674.33
361.48,-29.04,101674.33
361.55,-29.04,101674.33
361.62,-29.04,101674.33
361.68,-29.04,101674.33
361.75,-29.04,101674.33
361.82,-29.04,101674.33
361.88,-29.04,101674.33
361.95,-29.04,101674.33
362.01,-29.04,101674.33
362.08,-29.04,101674.33
362.15,-29.04,101674.33
362.21,-29.04,101674.33
362.28,-29.04,101674.33
362.35,-29.04,101674.33
362.41,-29.04,101674.33
362.48,-29.04,101674.33
362.55,-29.04,101674.33
362.61,-29.04,101674.33
362.68,-29.04,101674.33
362.75,-29.04,101674.33
362.81,-29.04,101674.33
362.88,-29.04,101674.33
362.95,-29.04,101674.33
363.01,-29.04,101674.33
363.08,-29.04,101674.33
363.15,-29.04,101674.33
363.21,-29.04,101674.33
363.28,-29.04,101674.33
363.35,-29.04,101674.33
363.41,-29.04,101674.33
363.48,-29.04,101674.33
363.55,-29.04,101674.33
363.61,-29.04,101674.33
363.68,-29.04,101674.33
363.75,-29.04,101674.33
363.81,-29.04,101674.33
363.88,-29.04,101674.33
363.94,-29.04,101674.33
364.01,-29.04,101674.33
364.08,-29.04,101674.33
364.15,-29.04,101674.33
364.21,-29.04,101674.33
364.28,-29.04,101674.33
364.35,-29.04,101674.33
364.41,-29.04,101674.33
364.48,-29.04,101674.33
364.55,-29.04,101674.33
364.61,-29.04,101674.33
364.68,-29.04,101674.33
364.75,-29.04,101674.33
364.81,-29.04,101674.33
364.88,-29.04,101674.33
364.95,-29.04,101674.33
365.01,-29.04,101674.33
365.08,-29.04,101674.33
365.15,-29.04,101674.33
365.22,-29.04,101674.33
365.28,-29.04,101674.33
365.35,-29.04,101674.33
365.42,-29.04,101674.33
365.48,-29.04,101674.33
365.55,-29.04,101674.33
365.62,-29.04,101674.33
365.68,-29.04,101674.33
365.75,-29.04,101674.33
365.82,-29.04,101674.33
365.89,-29.04,101674.33
365.95,-29.04,101674.33
366.02,-29.04,101674.33
366.09,-29.04,101674.33
366.15,-29.04,101674.33
366.22,-29.04,101674.33
366.29,-29.04,101674.33
366.35,-29.04,101674.33
366.42,-29.04,101674.33
366.49,-29.04,101674.33
366.55,-29.04,101674.33
366.62,-29.04,101674.33
366.69,-29.04,101674.33
366.76,-29.04,101674.33
366.83,-29.04,101674.33
366.89,-29.04,101674.33
366.96,-29.04,101674.33
367.03,-29.04,101674.33
367.09,-29.04,101674.33
367.16,-29.04,101674.33
367.23,-29.04,101674.33
367.29,-29.04,101674.33
367.36,-29.04,101674.33
367.42,-29.04,101674.33
367.49,-29.04,101674.33
367.56,-29.04,101674.33
367.62,-29.04,101674.33
367.69,-29.04,101674.33
367.76,-29.04,101674.33
367.82,-29.04,101674.33
367.89,-29.04,101674.33
367.95,-29.04,101674.33
368.02,-29.04,101674.33
368.09,-29.04,101674.33
368.15,-29.04,101674.33
368.22,-29.04,101674.33
368.29,-29.04,101674.33
368.35,-29.04,101674.33
368.42,-29.04,101674.33
368.49,-29.04,101674.33
368.55,-29.04,101674.33
368.62,-29.04,101674.33
368.69,-29.04,101674.33
368.75,-29.04,101674.33
368.82,-29.04,101674.33
368.89,-29.04,101674.33
368.95,-29.04,101674.33
369.02,-29.04,101674.33
369.09,-29.04,101674.33
369.15,-29.04,101674.33
369.22,-29.04,101674.33
369.29,-29.04,101674.33
369.35,-29.04,101674.33
369.42,-29.04,101674.33
369.49,-29.04,101674.33
369.55,-29.04,101674.33
369.62,-29.04,101674.33
369.69,-29.04,101674.33
369.75,-29.04,101674.33
369.82,-29.04,101674.33
369.89,-29.04,101674.33
369.95,-29.04,101674.33
370.02,-29.04,101674.33
370.09,-29.04,101674.33
370.15,-29.04,101674.33
370.22,-29.04,101674.33
370.29,-29.04,101674.33
370.35,-29.04,101674.33
370.42,-29.04,101674.33
370.49,-29.04,101674.33
370.55,-29.04,101674.33
370.62,-29.04,101674.33
370.68,-29.04,101674.33
370.75,-29.04,101674.33
370.82,-29.04,101674.33
370.88,-29.04,101674.33
370.95,-29.04,101674.33
371.02,-29.04,101674.33
371.09,-29.04,101674.33
371.15,-29.04,101674.33
371.22,-29.04,101674.33
371.29,-29.04,101674.33
371.35,-29.04,101674.33
371.42,-29.04,101674.33
371.49,-29.04,101674.33
371.55,-29.04,101674.33
371.62,-29.04,101674.33
371.69,-29.04,101674.33
371.75,-29.04,101674.33
371.82,-29.04,101674.33
371.89,-29.04,101674.33
371.95,-29.04,101674.33
372.02,-29.04,101674.33
372.09,-29.04,101674.33
372.16,-29.04,101674.33
372.22,-29.04,101674.33
372.29,-29.04,101674.33
372.36,-29.04,101674.33
372.42,-29.04,101674.33
372.49,-29.04,101674.33
372.56,-29.04,101674.33
372.62,-29.04,101674.33
372.69,-29.04,101674.33
372.76,-29.04,101674.33
372.82,-29.04,101674.33
372.89,-29.04,101674.33
372.96,-29.04,101674.33
373.03,-29.04,101674.33
373.09,-29.04,101674.33
373.16,-29.04,101674.33
373.23,-29.04,101674.33
373.29,-29.04,101674.33
373.36,-29.04,101674.33
373.44,-29.04,101674.33
373.5,-29.04,101674.33
373.57,-29.04,101674.33
373.63,-29.04,101674.33
373.7,-29.04,101674.33
373.77,-29.04,101674.33
373.83,-29.04,101674.33
373.9,-29.04,101674.33
373.96,-29.04,101674.33
374.03,-29.04,101674.33
374.1,-29.04,101674.33
374.16,-29.04,101674.33
374.23,-29.04,101674.33
374.3,-29.04,101674.33
374.36,-29.04,101674.33
374.43,-29.04,101674.33
374.5,-29.04,101674.33
374.56,-29.04,101674.33
374.63,-29.04,101674.33
374.7,-29.04,101674.33
374.76,-29.04,101674.33
374.83,-29.04,101674.33
374.89,-29.04,101674.33
374.96,-29.04,101674.33
375.03,-29.04,101674.33
375.09,-29.04,101674.33
375.16,-29.04,101674.33
375.23,-29.04,101674.33
375.29,-29.04,101674.33
375.36,-29.04,101674.33
375.43,-29.04,101674.33
375.49,-29.04,101674.33
375.56,-29.04,101674.33
375.63,-29.04,101674.33
375.69,-29.04,101674.33
375.76,-29.04,101674.33
375.82,-29.04,101674.33
375.89,-29.04,101674.33
375.96,-29.04,101674.33
376.02,-29.04,101674.33
376.09,-29.04,101674.33
376.16,-29.04,101674.33
376.22,-29.04,101674.33
376.29,-29.04,101674.33
376.36,-29.04,101674.33
376.42,-29.04,101674.33
376.49,-29.04,101674.33
376.56,-29.04,101674.33
376.62,-29.04,101674.33
376.69,-29.04,101674.33
376.76,-29.04,101674.33
376.82,-29.04,101674.33
376.89,-29.04,101674.33
376.96,-29.04,101674.33
377.02,-29.04,101674.33
377.09,-29.04,101674.33
377.16,-29.04,101674.33
377.22,-29.04,101674.33
377.29,-29.04,101674.33
377.36,-29.04,101674.33
377.42,-29.04,101674.33
377.49,-29.04,101674.33
377.56,-29.04,101674.33
377.62,-29.04,101674.33
377.69,-29.04,101674.33
377.76,-29.04,101674.33
377.82,-29.04,101674.33
377.89,-29.04,101674.33
377.96,-29.04,101674.33
378.02,-29.04,101674.33
378.09,-29.04,101674.33
378.16,-29.04,101674.33
378.22,-29.04,101674.33
378.29,-29.04,101674.33
378.36,-29.04,101674.33
378.42,-29.04,101674.33
378.49,-29.04,101674.33
378.56,-29.04,101674.33
378.63,-29.04,101674.33
378.69,-29.04,101674.33
378.76,-29.04,101674.33
378.83,-29.04,101674.33
378.89,-29.04,101674.33
378.96,-29.04,101674.33
379.03,-29.04,101674.33
379.1,-29.04,101674.33
379.16,-29.04,101674.33
379.23,-29.04,101674.33
379.3,-29.04,101674.33
379.36,-29.04,101674.33
379.43,-29.04,101674.33
379.5,-29.04,101674.33
379.56,-29.04,101674.33
379.63,-29.04,101674.33
379.7,-29.04,101674.33
379.76,-29.04,101674.33
379.83,-29.04,101674.33
379.9,-29.04,101674.33
379.96,-29.04,101674.33
380.03,-29.04,101674.33
380.1,-29.04,101674.33
380.17,-29.04,101674.33
380.24,-29.04,101674.33
380.31,-29.04,101674.33
380.37,-29.04,101674.33
380.44,-29.04,101674.33
380.51,-29.04,101674.33
380.57,-29.04,101674.33
380.64,-29.04,101674.33
380.71,-29.04,101674.33
380.77,-29.04,101674.33
380.84,-29.04,101674.33
380.9,-29.04,101674.33
380.97,-29.04,101674.33
381.04,-29.04,101674.33
381.1,-29.04,101674.33
381.17,-29.04,101674.33
381.24,-29.04,101674.33
381.3,-29.04,101674.33
381.37,-29.04,101674.33
381.44,-29.04,101674.33
381.5,-29.04,101674.33
381.57,-29.04,101674.33
381.63,-29.04,101674.33
381.7,-29.04,101674.33
381.77,-29.04,101674.33
381.83,-29.04,101674.33
381.9,-29.04,101674.33
381.97,-29.04,101674.33
382.03,-29.04,101674.33
382.1,-29.04,101674.33
382.17,-29.04,101674.33
382.23,-29.04,101674.33
382.3,-29.04,101674.33
382.37,-29.04,101674.33
382.43,-29.04,101674.33
382.5,-29.04,101674.33
382.57,-29.04,101674.33
382.63,-29.04,101674.33
382.7,-29.04,101674.33
382.76,-29.04,101674.33
382.83,-29.04,101674.33
382.9,-29.04,101674.33
382.96,-29.04,101674.33
383.03,-29.04,101674.33
383.1,-29.04,101674.33
383.16,-29.04,101674.33
383.23,-29.04,101674.33
383.3,-29.04,101674.33
383.36,-29.04,101674.33
383.43,-29.04,101674.33
383.49,-29.04,101674.33
383.56,-29.04,101674.33
383.63,-29.04,101674.33
383.69,-29.04,101674.33
383.76,-29.04,101674.33
383.83,-29.04,101674.33
383.89,-29.04,101674.33
383.96,-29.04,101674.33
384.03,-29.04,101674.33
384.09,-29.04,101674.33
384.16,-29.04,101674.33
384.23,-29.04,101674.33
384.29,-29.04,101674.33
384.36,-29.04,101674.33
384.43,-29.04,101674.33
384.49,-29.04,101674.33
384.56,-29.04,101674.33
384.63,-29.04,101674.33
384.69,-29.04,101674.33
384.76,-29.04,101674.33
384.83,-29.04,101674.33
384.9,-29.04,101674.33
384.96,-29.04,101674.33
385.03,-29.04,101674.33
385.1,-29.04,101674.33
385.16,-29.04,101674.33
385.23,-29.04,101674.33
385.3,-29.04,101674.33
385.36,-29.04,101674.33
385.43,-29.04,101674.33
385.5,-29.04,101674.33
385.56,-29.04,101674.33
385.63,-29.04,101674.33
385.7,-29.04,101674.33
385.76,-29.04,101674.33
385.83,-29.04,101674.33
385.9,-29.04,101674.33
385.96,-29.04,101674.33
386.03,-29.04,101674.33
386.1,-29.04,101674.33
386.16,-29.04,101674.33
386.23,-29.04,101674.33
386.3,-29.04,101674.33
386.36,-29.04,101674.33
386.43,-29.04,101674.33
386.5,-29.04,101674.33
386.56,-29.04,101674.33
386.63,-29.04,101674.33
386.7,-29.04,101674.33
386.77,-29.04,101674.33
386.84,-29.04,101674.33
386.91,-29.04,101674.33
386.98,-29.04,101674.33
387.04,-29.04,101674.33
387.11,-29.04,101674.33
387.17,-29.04,101674.33
387.24,-29.04,101674.33
387.31,-29.04,101674.33
387.37,-29.04,101674.33
387.44,-29.04,101674.33
387.51,-29.04,101674.33
387.57,-29.04,101674.33
387.64,-29.04,101674.33
387.71,-29.04,101674.33
387.77,-29.04,101674.33
387.84,-29.04,101674.33
387.9,-29.04,101674.33
387.97,-29.04,101674.33
388.04,-29.04,101674.33
388.1,-29.04,101674.33
388.17,-29.04,101674.33
388.24,-29.04,101674.33
388.3,-29.04,101674.33
388.37,-29.04,101674.33
388.44,-29.04,101674.33
388.5,-29.04,101674.33
388.57,-29.04,101674.33
388.64,-29.04,101674.33
388.7,-29.04,101674.33
388.77,-29.04,101674.33
388.84,-29.04,101674.33
388.9,-29.04,101674.33
388.97,-29.04,101674.33
389.04,-29.04,101674.33
389.1,-29.04,101674.33
389.17,-29.04,101674.33
389.24,-29.04,101674.33
389.3,-29.04,101674.33
389.37,-29.04,101674.33
389.44,-29.04,101674.33
389.5,-29.04,101674.33
389.57,-29.04,101674.33
389.64,-29.04,101674.33
389.7,-29.04,101674.33
389.77,-29.04,101674.33
389.84,-29.04,101674.33
389.9,-29.04,101674.33
389.97,-29.04,101674.33
390.04,-29.04,101674.33
390.1,-29.04,101674.33
390.17,-29.04,101674.33
390.24,-29.04,101674.33
390.3,-29.04,101674.33
390.37,-29.04,101674.33
390.44,-29.04,101674.33
390.5,-29.04,101674.33
390.57,-29.04,101674.33
390.64,-29.04,101674.33
390.7,-29.04,101674.33
390.77,-29.04,101674.33
390.84,-29.04,101674.33
390.91,-29.04,101674.33
390.97,-29.04,101674.33
391.04,-29.04,101674.33
391.11,-29.04,101674.33
391.17,-29.04,101674.33
391.24,-29.04,101674.33
391.31,-29.04,101674.33
391.37,-29.04,101674.33
391.44,-29.04,101674.33
391.51,-29.04,101674.33
391.57,-29.04,101674.33
391.64,-29.04,101674.33
391.71,-29.04,101674.33
391.77,-29.04,101674.33
391.84,-29.04,101674.33
391.91,-29.04,101674.33
391.98,-29.04,101674.33
392.04,-29.04,101674.33
392.11,-29.04,101674.33
392.18,-29.04,101674.33
392.24,-29.04,101674.33
392.31,-29.04,101674.33
392.38,-29.04,101674.33
392.45,-29.04,101674.33
392.51,-29.04,101674.33
392.58,-29.04,101674.33
392.65,-29.04,101674.33
392.71,-29.04,101674.33
392.78,-29.04,101674.33
392.85,-29.04,101674.33
392.92,-29.04,101674.33
392.98,-29.04,101674.33
393.05,-29.04,101674.33
393.12,-29.04,101674.33
393.18,-29.04,101674.33
393.25,-29.04,101674.33
393.32,-29.04,101674.33
393.39,-29.04,101674.33
393.46,-29.04,101674.33
393.53,-29.04,101674.33
393.59,-29.04,101674.33
393.66,-29.04,101674.33
393.72,-29.04,101674.33
393.79,-29.04,101674.33
393.86,-29.04,101674.33
393.92,-29.04,101674.33
393.99,-29.04,101674.33
394.06,-29.04,101674.33
394.12,-29.04,101674.33
394.19,-29.04,101674.33
394.26,-29.04,101674.33
394.32,-29.04,101674.33
394.39,-29.04,101674.33
394.45,-29.04,101674.33
394.52,-29.04,101674.33
394.59,-29.04,101674.33
394.66,-29.04,101674.33
394.73,-29.04,101674.33
394.8,-29.04,101674.33
394.86,-29.04,101674.33
394.93,-29.04,101674.33
394.99,-29.04,101674.33
395.06,-29.04,101674.33
395.12,-29.04,101674.33
395.19,-29.04,101674.33
395.26,-29.04,101674.33
395.32,-29.04,101674.33
395.39,-29.04,101674.33
395.46,-29.04,101674.33
395.52,-29.04,101674.33
395.59,-29.04,101674.33
395.66,-29.04,101674.33
395.72,-29.04,101674.33
395.79,-29.04,101674.33
395.85,-29.04,101674.33
395.92,-29.04,101674.33
395.99,-29.04,101674.33
396.05,-29.04,101674.33
396.12,-29.04,101674.33
396.19,-29.04,101674.33
396.25,-29.04,101674.33
396.32,-29.04,101674.33
396.39,-29.04,101674.33
396.45,-29.04,101674.33
396.52,-29.04,101674.33
396.59,-29.04,101674.33
396.65,-29.04,101674.33
396.72,-29.04,101674.33
396.79,-29.04,101674.33
396.85,-29.04,101674.33
396.92,-29.04,101674.33
396.99,-29.04,101674.33
397.05,-29.04,101674.33
397.12,-29.04,101674.33
397.19,-29.04,101674.33
397.25,-29.04,101674.33
397.32,-29.04,101674.33
397.38,-29.04,101674.33
397.45,-29.04,101674.33
397.52,-29.04,101674.33
397.59,-29.04,101674.33
397.65,-29.04,101674.33
397.72,-29.04,101674.33
397.79,-29.04,101674.33
397.85,-29.04,101674.33
397.92,-29.04,101674.33
397.99,-29.04,101674.33
398.05,-29.04,101674.33
398.12,-29.04,101674.33
398.18,-29.04,101674.33
398.25,-29.04,101674.33
398.32,-29.04,101674.33
398.38,-29.04,101674.33
398.45,-29.04,101674.33
398.52,-29.04,101674.33
398.58,-29.04,101674.33
398.65,-29.04,101674.33
398.72,-29.04,101674.33
398.78,-29.04,101674.33
398.85,-29.04,101674.33
398.92,-29.04,101674.33
398.98,-29.04,101674.33
399.05,-29.04,101674.33
399.12,-29.04,101674.33
399.18,-29.04,101674.33
399.25,-29.04,101674.33
399.32,-29.04,101674.33
399.38,-29.04,101674.33
399.45,-29.04,101674.33
399.52,-29.04,101674.33
399.58,-29.04,101674.33
399.65,-29.04,101674.33
399.72,-29.04,101674.33
399.78,-29.04,101674.33
399.85,-29.04,101674.33
399.92,-29.04,101674.33
399.98,-29.04,101674.33
400.05,-29.04,101674.33
400.12,-29.04,101674.33
400.19,-29.04,101674.33
400.25,-29.04,101674.33
400.32,-29.04,101674.33
400.39,-29.04,101674.33
400.45,-29.04,101674.33
400.52,-29.04,101674.33
400.59,-29.04,101674.33
400.66,-29.04,101674.33
400.72,-29.04,101674.33
400.79,-29.04,101674.33
400.86,-29.04,101674.33
400.92,-29.04,101674.33
400.99,-29.04,101674.33
401.06,-29.04,101674.33
401.12,-29.04,101674.33
401.19,-29.04,101674.33
401.26,-29.04,101674.33
401.33,-29.04,101674.33
401.4,-29.04,101674.33
401.46,-29.04,101674.33
401.53,-29.04,101674.33
401.6,-29.04,101674.33
401.66,-29.04,101674.33
401.73,-29.04,101674.33
401.79,-29.04,101674.33
401.86,-29.04,101674.33
401.93,-29.04,101674.33
401.99,-29.04,101674.33
402.06,-29.04,101674.33
402.13,-29.04,101674.33
402.19,-29.04,101674.33
402.26,-29.04,101674.33
402.32,-29.04,101674.33
402.39,-29.04,101674.33
402.46,-29.04,101674.33
402.52,-29.04,101674.33
402.59,-29.04,101674.33
402.66,-29.04,101674.33
402.72,-29.04,101674.33
402.79,-29.04,101674.33
402.86,-29.04,101674.33
402.92,-29.04,101674.33
402.99,-29.04,101674.33
403.05,-29.04,101674.33
403.12,-29.04,101674.33
403.19,-29.04,101674.33
403.25,-29.04,101674.33
403.32,-29.04,101674.33
403.38,-29.04,101674.33
403.45,-29.04,101674.33
403.52,-29.04,101674.33
403.59,-29.04,101674.33
403.65,-29.04,101674.33
403.72,-29.04,101674.33
403.78,-29.04,101674.33
403.85,-29.04,101674.33
403.92,-29.04,101674.33
403.98,-29.04,101674.33
404.05,-29.04,101674.33
404.12,-29.04,101674.33
404.18,-29.04,101674.33
404.25,-29.04,101674.33
404.32,-29.04,101674.33
404.38,-29.04,101674.33
404.45,-29.04,101674.33
404.52,-29.04,101674.33
404.58,-29.04,101674.33
404.65,-29.04,101674.33
404.72,-29.04,101674.33
404.78,-29.04,101674.33
404.85,-29.04,101674.33
404.92,-29.04,101674.33
404.98,-29.04,101674.33
405.05,-29.04,101674.33
405.12,-29.04,101674.33
405.18,-29.04,101674.33
405.25,-29.04,101674.33
405.32,-29.04,101674.33
405.38,-29.04,101674.33
405.45,-29.04,101674.33
405.52,-29.04,101674.33
405.58,-29.04,101674.33
405.65,-29.04,101674.33
405.72,-29.04,101674.33
405.78,-29.04,101674.33
405.85,-29.04,101674.33
405.92,-29.04,101674.33
405.98,-29.04,101674.33
406.05,-29.04,101674.33
406.12,-29.04,101674.33
406.18,-29.04,101674.33
406.25,-29.04,101674.33
406.32,-29.04,101674.33
406.38,-29.04,101674.33
406.46,-29.04,101674.33
406.52,-29.04,101674.33
406.59,-29.04,101674.33
406.66,-29.04,101674.33
406.72,-29.04,101674.33
406.79,-29.04,101674.33
406.86,-29.04,101674.33
406.93,-29.04,101674.33
406.99,-29.04,101674.33
407.06,-29.04,101674.33
407.13,-29.04,101674.33
407.19,-29.04,101674.33
407.26,-29.04,101674.33
407.33,-29.04,101674.33
407.39,-29.04,101674.33
407.46,-29.04,101674.33
407.53,-29.04,101674.33
407.6,-29.04,101674.33
407.66,-29.04,101674.33
407.73,-29.04,101674.33
407.8,-29.04,101674.33
407.87,-29.04,101674.33
407.94,-29.04,101674.33
408.01,-29.04,101674.33
408.07,-29.04,101674.33
408.14,-29.04,101674.33
408.21,-29.04,101674.33
408.27,-29.04,101674.33
408.34,-29.04,101674.33
408.4,-29.04,101674.33
408.47,-29.04,101674.33
408.54,-29.04,101674.33
408.6,-29.04,101674.33
408.67,-29.04,101674.33
408.74,-29.04,101674.33
408.8,-29.04,101674.33
408.87,-29.04,101674.33
408.93,-29.04,101674.33
409.0,-29.04,101674.33
409.07,-29.04,101674.33
409.13,-29.04,101674.33
409.2,-29.04,101674.33
409.26,-29.04,101674.33
409.33,-29.04,101674.33
409.4,-29.04,101674.33
409.46,-29.04,101674.33
409.53,-29.04,101674.33
409.6,-29.04,101674.33
409.66,-29.04,101674.33
409.73,-29.04,101674.33
409.8,-29.04,101674.33
409.86,-29.04,101674.33
409.93,-29.04,101674.33
410.0,-29.04,101674.33
410.06,-29.04,101674.33
410.13,-29.04,101674.33
410.2,-29.04,101674.33
410.26,-29.04,101674.33
410.33,-29.04,101674.33
410.39,-29.04,101674.33
410.46,-29.04,101674.33
410.53,-29.04,101674.33
410.6,-29.04,101674.33
410.66,-29.04,101674.33
410.73,-29.04,101674.33
410.79,-29.04,101674.33
410.86,-29.04,101674.33
410.93,-29.04,101674.33
410.99,-29.04,101674.33
411.06,-29.04,101674.33
411.13,-29.04,101674.33
411.19,-29.04,101674.33
411.26,-29.04,101674.33
411.33,-29.04,101674.33
411.39,-29.04,101674.33
411.46,-29.04,101674.33
411.53,-29.04,101674.33
411.6,-29.04,101674.33
411.66,-29.04,101674.33
411.73,-29.04,101674.33
411.8,-29.04,101674.33
411.86,-29.04,101674.33
411.93,-29.04,101674.33
412.0,-29.04,101674.33
412.06,-29.04,101674.33
412.13,-29.04,101674.33
412.2,-29.04,101674.33
412.26,-29.04,101674.33
412.33,-29.04,101674.33
412.4,-29.04,101674.33
412.47,-29.04,101674.33
412.53,-29.04,101674.33
412.6,-29.04,101674.33
412.67,-29.04,101674.33
412.73,-29.04,101674.33
412.8,-29.04,101674.33
412.87,-29.04,101674.33
412.93,-29.04,101674.33
413.0,-29.04,101674.33
413.06,-29.04,101674.33
413.13,-29.04,101674.33
413.2,-29.04,101674.33
413.26,-29.04,101674.33
413.33,-29.04,101674.33
413.4,-29.04,101674.33
413.47,-29.04,101674.33
413.53,-29.04,101674.33
413.6,-29.04,101674.33
413.67,-29.04,101674.33
413.74,-29.04,101674.33
413.8,-29.04,101674.33
413.87,-29.04,101674.33
413.94,-29.04,101674.33
414.0,-29.04,101674.33
414.07,-29.04,101674.33
414.14,-29.04,101674.33
414.2,-29.04,101674.33
414.27,-29.04,101674.33
414.34,-29.04,101674.33
414.41,-29.04,101674.33
414.48,-29.04,101674.33
414.55,-29.04,101674.33
414.61,-29.04,101674.33
414.68,-29.04,101674.33
414.75,-29.04,101674.33
414.81,-29.04,101674.33
414.88,-29.04,101674.33
414.94,-29.04,101674.33
415.01,-29.04,101674.33
415.08,-29.04,101674.33
415.14,-29.04,101674.33
415.21,-29.04,101674.33
415.27,-29.04,101674.33
415.34,-29.04,101674.33
415.41,-29.04,101674.33
415.47,-29.04,101674.33
415.54,-29.04,101674.33
415.61,-29.04,101674.33
415.67,-29.04,101674.33
415.74,-29.04,101674.33
415.81,-29.04,101674.33
415.87,-29.04,101674.33
415.94,-29.04,101674.33
416.0,-29.04,101674.33
416.07,-29.04,101674.33
416.14,-29.04,101674.33
416.2,-29.04,101674.33
416.27,-29.04,101674.33
416.34,-29.04,101674.33
416.4,-29.04,101674.33
416.47,-29.04,101674.33
416.54,-29.04,101674.33
416.6,-29.04,101674.33
416.67,-29.04,101674.33
416.74,-29.04,101674.33
416.8,-29.04,101674.33
416.87,-29.04,101674.33
416.93,-29.04,101674.33
417.0,-29.04,101674.33
417.07,-29.04,101674.33
417.13,-29.04,101674.33
417.2,-29.04,101674.33
417.27,-29.04,101674.33
417.34,-29.04,101674.33
417.4,-29.04,101674.33
417.47,-29.04,101674.33
417.54,-29.04,101674.33
417.6,-29.04,101674.33
417.67,-29.04,101674.33
417.73,-29.04,101674.33
417.8,-29.04,101674.33
417.87,-29.04,101674.33
417.93,-29.04,101674.33
418.0,-29.04,101674.33
418.07,-29.04,101674.33
418.13,-29.04,101674.33
418.2,-29.04,101674.33
418.27,-29.04,101674.33
418.34,-29.04,101674.33
418.4,-29.04,101674.33
418.47,-29.04,101674.33
418.54,-29.04,101674.33
418.6,-29.04,101674.33
418.67,-29.04,101674.33
418.74,-29.04,101674.33
418.8,-29.04,101674.33
418.87,-29.04,101674.33
418.94,-29.04,101674.33
419.0,-29.04,101674.33
419.07,-29.04,101674.33
419.14,-29.04,101674.33
419.2,-29.04,101674.33
419.27,-29.04,101674.33
419.34,-29.04,101674.33
419.4,-29.04,101674.33
419.47,-29.04,101674.33
419.54,-29.04,101674.33
419.6,-29.04,101674.33
419.67,-29.04,101674.33
419.74,-29.04,101674.33
419.81,-29.04,101674.33
419.87,-29.04,101674.33
419.94,-29.04,101674.33
420.01,-29.04,101674.33
420.07,-29.04,101674.33
420.14,-29.04,101674.33
420.21,-29.04,101674.33
420.28,-29.04,101674.33
420.34,-29.04,101674.33
420.41,-29.04,101674.33
420.48,-29.04,101674.33
420.54,-29.04,101674.33
420.61,-29.04,101674.33
420.68,-29.04,101674.33
420.74,-29.04,101674.33
420.81,-29.04,101674.33
420.88,-29.04,101674.33
420.94,-29.04,101674.33
421.01,-29.04,101674.33
421.09,-29.04,101674.33
421.15,-29.04,101674.33
421.22,-29.04,101674.33
421.28,-29.04,101674.33
421.35,-29.04,101674.33
421.42,-29.04,101674.33
421.48,-29.04,101674.33
421.55,-29.04,101674.33
421.61,-29.04,101674.33
421.68,-29.04,101674.33
421.75,-29.04,101674.33
421.81,-29.04,101674.33
421.88,-29.04,101674.33
421.95,-29.04,101674.33
422.01,-29.04,101674.33
422.08,-29.04,101674.33
422.15,-29.04,101674.33
422.21,-29.04,101674.33
422.28,-29.04,101674.33
422.35,-29.04,101674.33
422.41,-29.04,101674.33
422.48,-29.04,101674.33
422.54,-29.04,101674.33
422.61,-29.04,101674.33
422.68,-29.04,101674.33
422.74,-29.04,101674.33
422.81,-29.04,101674.33
422.88,-29.04,101674.33
422.94,-29.04,101674.33
423.01,-29.04,101674.33
423.08,-29.04,101674.33
423.14,-29.04,101674.33
423.21,-29.04,101674.33
423.28,-29.04,101674.33
423.34,-29.04,101674.33
423.41,-29.04,101674.33
423.47,-29.04,101674.33
423.54,-29.04,101674.33
423.61,-29.04,101674.33
423.67,-29.04,101674.33
423.74,-29.04,101674.33
423.81,-29.04,101674.33
423.87,-29.04,101674.33
423.94,-29.04,101674.33
424.01,-29.04,101674.33
424.07,-29.04,101674.33
424.14,-29.04,101674.33
424.21,-29.04,101674.33
424.28,-29.04,101674.33
424.34,-29.04,101674.33
424.41,-29.04,101674.33
424.48,-29.04,101674.33
424.54,-29.04,101674.33
424.61,-29.04,101674.33
424.68,-29.04,101674.33
424.74,-29.04,101674.33
424.81,-29.04,101674.33
424.87,-29.04,101674.33
424.94,-29.04,101674.33
425.01,-29.04,101674.33
425.08,-29.04,101674.33
425.14,-29.04,101674.33
425.21,-29.04,101674.33
425.28,-29.04,101674.33
425.34,-29.04,101674.33
425.41,-29.04,101674.33
425.48,-29.04,101674.33
425.54,-29.04,101674.33
425.61,-29.04,101674.33
425.68,-29.04,101674.33
425.74,-29.04,101674.33
425.81,-29.04,101674.33
425.88,-29.04,101674.33
425.95,-29.04,101674.33
426.01,-29.04,101674.33
426.08,-29.04,101674.33
426.15,-29.04,101674.33
426.21,-29.04,101674.33
426.28,-29.04,101674.33
426.35,-29.04,101674.33
426.41,-29.04,101674.33
426.48,-29.04,101674.33
426.55,-29.04,101674.33
426.62,-29.04,101674.33
426.68,-29.04,101674.33
426.75,-29.04,101674.33
426.82,-29.04,101674.33
426.88,-29.04,101674.33
426.95,-29.04,101674.33
427.02,-29.04,101674.33
427.09,-29.04,101674.33
427.15,-29.04,101674.33
427.22,-29.04,101674.33
427.29,-29.04,101674.33
427.35,-29.04,101674.33
427.42,-29.04,101674.33
427.49,-29.04,101674.33
427.56,-29.04,101674.33
427.62,-29.04,101674.33
427.7,-29.04,101674.33
427.76,-29.04,101674.33
427.83,-29.04,101674.33
427.9,-29.04,101674.33
427.96,-29.04,101674.33
428.03,-29.04,101674.33
428.09,-29.04,101674.33
428.16,-29.04,101674.33
428.23,-29.04,101674.33
428.29,-29.04,101674.33
428.36,-29.04,101674.33
428.42,-29.04,101674.33
428.49,-29.04,101674.33
428.56,-29.04,101674.33
428.62,-29.04,101674.33
428.69,-29.04,101674.33
428.76,-29.04,101674.33
428.82,-29.04,101674.33
428.89,-29.04,101674.33
428.96,-29.04,101674.33
429.02,-29.04,101674.33
429.09,-29.04,101674.33
429.15,-29.04,101674.33
429.22,-29.04,101674.33
429.29,-29.04,101674.33
429.35,-29.04,101674.33
429.42,-29.04,101674.33
429.49,-29.04,101674.33
429.55,-29.04,101674.33
429.62,-29.04,101674.33
429.69,-29.04,101674.33
429.75,-29.04,101674.33
429.82,-29.04,101674.33
429.89,-29.04,101674.33
429.95,-29.04,101674.33
430.02,-29.04,101674.33
430.09,-29.04,101674.33
430.15,-29.04,101674.33
430.22,-29.04,101674.33
430.29,-29.04,101674.33
430.35,-29.04,101674.33
430.42,-29.04,101674.33
430.49,-29.04,101674.33
430.55,-29.04,101674.33
430.62,-29.04,101674.33
430.69,-29.04,101674.33
430.76,-29.04,101674.33
430.83,-29.04,101674.33
430.9,-29.04,101674.33
430.96,-29.04,101674.33
431.03,-29.04,101674.33
431.1,-29.04,101674.33
431.16,-29.04,101674.33
431.23,-29.04,101674.33
431.3,-29.04,101674.33
431.36,-29.04,101674.33
431.43,-29.04,101674.33
431.5,-29.04,101674.33
431.56,-29.04,101674.33
431.63,-29.04,101674.33
431.7,-29.04,101674.33
431.76,-29.04,101674.33
431.83,-29.04,101674.33
431.9,-29.04,101674.33
431.96,-29.04,101674.33
432.03,-29.04,101674.33
432.1,-29.04,101674.33
432.16,-29.04,101674.33
432.23,-29.04,101674.33
432.3,-29.04,101674.33
432.36,-29.04,101674.33
432.43,-29.04,101674.33
432.5,-29.04,101674.33
432.56,-29.04,101674.33
432.63,-29.04,101674.33
432.7,-29.04,101674.33
432.77,-29.04,101674.33
432.83,-29.04,101674.33
432.9,-29.04,101674.33
432.97,-29.04,101674.33
433.03,-29.04,101674.33
433.1,-29.04,101674.33
433.17,-29.04,101674.33
433.23,-29.04,101674.33
433.3,-29.04,101674.33
433.37,-29.04,101674.33
433.44,-29.04,101674.33
433.5,-29.04,101674.33
433.57,-29.04,101674.33
433.64,-29.04,101674.33
433.7,-29.04,101674.33
433.77,-29.04,101674.33
433.84,-29.04,101674.33
433.9,-29.04,101674.33
433.97,-29.04,101674.33
434.04,-29.04,101674.33
434.11,-29.04,101674.33
434.17,-29.04,101674.33
434.24,-29.04,101674.33
434.31,-29.04,101674.33
434.38,-29.04,101674.33
434.45,-29.04,101674.33
434.51,-29.04,101674.33
434.58,-29.04,101674.33
434.65,-29.04,101674.33
434.71,-29.04,101674.33
434.78,-29.04,101674.33
434.84,-29.04,101674.33
434.91,-29.04,101674.33
434.98,-29.04,101674.33
435.04,-29.04,101674.33
435.11,-29.04,101674.33
435.17,-29.04,101674.33
435.24,-29.04,101674.33
435.31,-29.04,101674.33
435.38,-29.04,101674.33
435.44,-29.04,101674.33
435.51,-29.04,101674.33
435.58,-29.04,101674.33
435.64,-29.04,101674.33
435.72,-29.04,101674.33
435.78,-29.04,101674.33
435.85,-29.04,101674.33
435.92,-29.04,101674.33
435.98,-29.04,101674.33
436.05,-29.04,101674.33
436.11,-29.04,101674.33
436.18,-29.04,101674.33
436.25,-29.04,101674.33
436.31,-29.04,101674.33
436.38,-29.04,101674.33
436.45,-29.04,101674.33
436.51,-29.04,101674.33
436.58,-29.04,101674.33
436.65,-29.04,101674.33
436.71,-29.04,101674.33
436.78,-29.04,101674.33
436.85,-29.04,101674.33
436.91,-29.04,101674.33
436.98,-29.04,101674.33
437.04,-29.04,101674.33
437.11,-29.04,101674.33
437.18,-29.04,101674.33
437.24,-29.04,101674.33
437.31,-29.04,101674.33
437.38,-29.04,101674.33
437.44,-29.04,101674.33
437.51,-29.04,101674.33
437.58,-29.04,101674.33
437.64,-29.04,101674.33
437.71,-29.04,101674.33
437.78,-29.04,101674.33
437.84,-29.04,101674.33
437.91,-29.04,101674.33
437.97,-29.04,101674.33
438.04,-29.04,101674.33
438.11,-29.04,101674.33
438.17,-29.04,101674.33
438.24,-29.04,101674.33
438.31,-29.04,101674.33
438.37,-29.04,101674.33
438.44,-29.04,101674.33
438.51,-29.04,101674.33
438.57,-29.04,101674.33
438.64,-29.04,101674.33
438.71,-29.04,101674.33
438.77,-29.04,101674.33
438.84,-29.04,101674.33
438.91,-29.04,101674.33
438.97,-29.04,101674.33
439.04,-29.04,101674.33
439.11,-29.04,101674.33
439.17,-29.04,101674.33
439.24,-29.04,101674.33
439.31,-29.04,101674.33
439.38,-29.04,101674.33
439.44,-29.04,101674.33
439.51,-29.04,101674.33
439.58,-29.04,101674.33
439.64,-29.04,101674.33
439.71,-29.04,101674.33
439.78,-29.04,101674.33
439.84,-29.04,101674.33
439.91,-29.04,101674.33
439.98,-29.04,101674.33
440.04,-29.04,101674.33
440.11,-29.04,101674.33
440.18,-29.04,101674.33
440.24,-29.04,101674.33
440.31,-29.04,101674.33
440.38,-29.04,101674.33
440.44,-29.04,101674.33
440.51,-29.04,101674.33
440.58,-29.04,101674.33
440.64,-29.04,101674.33
440.71,-29.04,101674.33
440.78,-29.04,101674.33
440.84,-29.04,101674.33
440.91,-29.04,101674.33
440.98,-29.04,101674.33
441.04,-29.04,101674.33
441.11,-29.04,101674.33
441.18,-29.04,101674.33
441.25,-29.04,101674.33
441.31,-29.04,101674.33
441.38,-29.04,101674.33
441.45,-29.04,101674.33
441.51,-29.04,101674.33
441.58,-29.04,101674.33
441.65,-29.04,101674.33
441.71,-29.04,101674.33
441.78,-29.04,101674.33
441.85,-29.04,101674.33
441.91,-29.04,101674.33
441.98,-29.04,101674.33
442.05,-29.04,101674.33
442.12,-29.04,101674.33
442.18,-29.04,101674.33
442.25,-29.04,101674.33
442.32,-29.04,101674.33
442.39,-29.04,101674.33
442.46,-29.04,101674.33
442.52,-29.04,101674.33
442.59,-29.04,101674.33
442.66,-29.04,101674.33
442.72,-29.04,101674.33
442.79,-29.04,101674.33
442.86,-29.04,101674.33
442.92,-29.04,101674.33
442.99,-29.04,101674.33
443.05,-29.04,101674.33
443.12,-29.04,101674.33
443.19,-29.04,101674.33
443.25,-29.04,101674.33
443.32,-29.04,101674.33
443.39,-29.04,101674.33
443.45,-29.04,101674.33
443.52,-29.04,101674.33
443.59,-29.04,101674.33
443.65,-29.04,101674.33
443.72,-29.04,101674.33
443.79,-29.04,101674.33
443.85,-29.04,101674.33
443.92,-29.04,101674.33
443.98,-29.04,101674.33
444.05,-29.04,101674.33
444.12,-29.04,101674.33
444.18,-29.04,101674.33
444.25,-29.04,101674.33
444.32,-29.04,101674.33
444.38,-29.04,101674.33
444.45,-29.04,101674.33
444.52,-29.04,101674.33
444.58,-29.04,101674.33
444.65,-29.04,101674.33
444.72,-29.04,101674.33
444.78,-29.04,101674.33
444.85,-29.04,101674.33
444.92,-29.04,101674.33
444.98,-29.04,101674.33
445.05,-29.04,101674.33
445.12,-29.04,101674.33
445.18,-29.04,101674.33
445.25,-29.04,101674.33
445.32,-29.04,101674.33
445.38,-29.04,101674.33
445.45,-29.04,101674.33
445.52,-29.04,101674.33
445.58,-29.04,101674.33
445.65,-29.04,101674.33
445.71,-29.04,101674.33
445.78,-29.04,101674.33
445.85,-29.04,101674.33
445.91,-29.04,101674.33
445.98,-29.04,101674.33
446.05,-29.04,101674.33
446.11,-29.04,101674.33
446.18,-29.04,101674.33
446.25,-29.04,101674.33
446.31,-29.04,101674.33
446.38,-29.04,101674.33
446.45,-29.04,101674.33
446.52,-29.04,101674.33
446.58,-29.04,101674.33
446.65,-29.04,101674.33
446.72,-29.04,101674.33
446.78,-29.04,101674.33
446.85,-29.04,101674.33
446.92,-29.04,101674.33
446.98,-29.04,101674.33
447.05,-29.04,101674.33
447.12,-29.04,101674.33
447.18,-29.04,101674.33
447.25,-29.04,101674.33
447.32,-29.04,101674.33
447.39,-29.04,101674.33
447.45,-29.04,101674.33
447.52,-29.04,101674.33
447.59,-29.04,101674.33
447.65,-29.04,101674.33
447.72,-29.04,101674.33
447.79,-29.04,101674.33
447.85,-29.04,101674.33
447.92,-29.04,101674.33
447.99,-29.04,101674.33
448.05,-29.04,101674.33
448.12,-29.04,101674.33
448.19,-29.04,101674.33
448.25,-29.04,101674.33
448.32,-29.04,101674.33
448.39,-29.04,101674.33
448.45,-29.04,101674.33
448.52,-29.04,101674.33
448.59,-29.04,101674.33
448.65,-29.04,101674.33
448.72,-29.04,101674.33
448.79,-29.04,101674.33
448.87,-29.04,101674.33
448.93,-29.04,101674.33
449.0,-29.04,101674.33
449.06,-29.04,101674.33
449.13,-29.04,101674.33
449.2,-29.04,101674.33
449.26,-29.04,101674.33
449.33,-29.04,101674.33
449.4,-29.04,101674.33
449.46,-29.04,101674.33
449.53,-29.04,101674.33
449.59,-29.04,101674.33
449.66,-29.04,101674.33
449.73,-29.04,101674.33
449.79,-29.04,101674.33
449.86,-29.04,101674.33
449.92,-29.04,101674.33
449.99,-29.04,101674.33
450.06,-29.04,101674.33
450.12,-29.04,101674.33
450.19,-29.04,101674.33
450.26,-29.04,101674.33
450.32,-29.04,101674.33
450.39,-29.04,101674.33
450.46,-29.04,101674.33
450.52,-29.04,101674.33
450.59,-29.04,101674.33
450.66,-29.04,101674.33
450.72,-29.04,101674.33
450.79,-29.04,101674.33
450.86,-29.04,101674.33
450.92,-29.04,101674.33
450.99,-29.04,101674.33
451.06,-29.04,101674.33
451.12,-29.04,101674.33
451.19,-29.04,101674.33
451.25,-29.04,101674.33
451.32,-29.04,101674.33
451.39,-29.04,101674.33
451.45,-29.04,101674.33
451.52,-29.04,101674.33
451.59,-29.04,101674.33
451.65,-29.04,101674.33
451.72,-29.04,101674.33
451.79,-29.04,101674.33
451.85,-29.04,101674.33
451.92,-29.04,101674.33
451.99,-29.04,101674.33
452.05,-29.04,101674.33
452.12,-29.04,101674.33
452.19,-29.04,101674.33
452.25,-29.04,101674.33
452.32,-29.04,101674.33
452.39,-29.04,101674.33
452.45,-29.04,101674.33
452.52,-29.04,101674.33
452.59,-29.04,101674.33
452.65,-29.04,101674.33
452.72,-29.04,101674.33
452.79,-29.04,101674.33
452.85,-29.04,101674.33
452.92,-29.04,101674.33
452.99,-29.04,101674.33
453.05,-29.04,101674.33
453.12,-29.04,101674.33
453.19,-29.04,101674.33
453.25,-29.04,101674.33
453.32,-29.04,101674.33
453.39,-29.04,101674.33
453.45,-29.04,101674.33
453.52,-29.04,101674.33
453.59,-29.04,101674.33
453.65,-29.04,101674.33
453.72,-29.04,101674.33
453.79,-29.04,101674.33
453.85,-29.04,101674.33
453.92,-29.04,101674.33
453.99,-29.04,101674.33
454.06,-29.04,101674.33
454.12,-29.04,101674.33
454.19,-29.04,101674.33
454.26,-29.04,101674.33
454.32,-29.04,101674.33
454.39,-29.04,101674.33
454.46,-29.04,101674.33
454.53,-29.04,101674.33
454.59,-29.04,101674.33
454.66,-29.04,101674.33
454.73,-29.04,101674.33
454.79,-29.04,101674.33
454.86,-29.04,101674.33
454.93,-29.04,101674.33
454.99,-29.04,101674.33
455.06,-29.04,101674.33
455.13,-29.04,101674.33
455.2,-29.04,101674.33
455.26,-29.04,101674.33
455.33,-29.04,101674.33
455.4,-29.04,101674.33
455.47,-29.04,101674.33
455.54,-29.04,101674.33
455.61,-29.04,101674.33
455.67,-29.04,101674.33
455.74,-29.04,101674.33
455.8,-29.04,101674.33
455.87,-29.04,101674.33
455.94,-29.04,101674.33
456.0,-29.04,101674.33
456.07,-29.04,101674.33
456.14,-29.04,101674.33
456.2,-29.04,101674.33
456.27,-29.04,101674.33
456.33,-29.04,101674.33
456.4,-29.04,101674.33
456.47,-29.04,101674.33
456.54,-29.04,101674.33
456.6,-29.04,101674.33
456.67,-29.04,101674.33
456.73,-29.04,101674.33
456.8,-29.04,101674.33
456.87,-29.04,101674.33
456.93,-29.04,101674.33
457.0,-29.04,101674.33
457.07,-29.04,101674.33
457.13,-29.04,101674.33
457.2,-29.04,101674.33
457.26,-29.04,101674.33
457.33,-29.04,101674.33
457.4,-29.04,101674.33
457.46,-29.04,101674.33
457.53,-29.04,101674.33
457.6,-29.04,101674.33
457.66,-29.04,101674.33
457.73,-29.04,101674.33
457.8,-29.04,101674.33
457.86,-29.04,101674.33
457.93,-29.04,101674.33
458.0,-29.04,101674.33
458.06,-29.04,101674.33
458.13,-29.04,101674.33
458.19,-29.04,101674.33
458.26,-29.04,101674.33
458.33,-29.04,101674.33
458.4,-29.04,101674.33
458.46,-29.04,101674.33
458.53,-29.04,101674.33
458.6,-29.04,101674.33
458.66,-29.04,101674.33
458.73,-29.04,101674.33
458.79,-29.04,101674.33
458.86,-29.04,101674.33
458.93,-29.04,101674.33
459.0,-29.04,101674.33
459.06,-29.04,101674.33
459.13,-29.04,101674.33
459.2,-29.04,101674.33
459.26,-29.04,101674.33
459.33,-29.04,101674.33
459.4,-29.04,101674.33
459.47,-29.04,101674.33
459.53,-29.04,101674.33
459.6,-29.04,101674.33
459.67,-29.04,101674.33
459.73,-29.04,101674.33
459.8,-29.04,101674.33
459.87,-29.04,101674.33
459.93,-29.04,101674.33
460.0,-29.04,101674.33
460.07,-29.04,101674.33
460.13,-29.04,101674.33
460.2,-29.04,101674.33
460.27,-29.04,101674.33
460.33,-29.04,101674.33
460.4,-29.04,101674.33
460.47,-29.04,101674.33
460.54,-29.04,101674.33
460.6,-29.04,101674.33
460.67,-29.04,101674.33
460.74,-29.04,101674.33
460.81,-29.04,101674.33
460.87,-29.04,101674.33
460.94,-29.04,101674.33
461.01,-29.04,101674.33
461.07,-29.04,101674.33
461.14,-29.04,101674.33
461.21,-29.04,101674.33
461.27,-29.04,101674.33
461.34,-29.04,101674.33
461.41,-29.04,101674.33
461.48,-29.04,101674.33
461.55,-29.04,101674.33
461.61,-29.04,101674.33
461.68,-29.04,101674.33
461.75,-29.04,101674.33
461.81,-29.04,101674.33
461.88,-29.04,101674.33
461.95,-29.04,101674.33
462.01,-29.04,101674.33
462.09,-29.04,101674.33
462.16,-29.04,101674.33
462.22,-29.04,101674.33
462.29,-29.04,101674.33
462.35,-29.04,101674.33
462.42,-29.04,101674.33
462.49,-29.04,101674.33
462.55,-29.04,101674.33
462.62,-29.04,101674.33
462.69,-29.04,101674.33
462.75,-29.04,101674.33
462.82,-29.04,101674.33
462.89,-29.04,101674.33
462.95,-29.04,101674.33
463.02,-29.04,101674.33
463.08,-29.04,101674.33
463.15,-29.04,101674.33
463.22,-29.04,101674.33
463.28,-29.04,101674.33
463.35,-29.04,101674.33
463.42,-29.04,101674.33
463.48,-29.04,101674.33
463.55,-29.04,101674.33
463.62,-29.04,101674.33
463.68,-29.04,101674.33
463.75,-29.04,101674.33
463.81,-29.04,101674.33
463.88,-29.04,101674.33
463.95,-29.04,101674.33
464.01,-29.04,101674.33
464.08,-29.04,101674.33
464.15,-29.04,101674.33
464.21,-29.04,101674.33
464.28,-29.04,101674.33
464.35,-29.04,101674.33
464.41,-29.04,101674.33
464.48,-29.04,101674.33
464.55,-29.04,101674.33
464.61,-29.04,101674.33
464.68,-29.04,101674.33
464.75,-29.04,101674.33
464.81,-29.04,101674.33
464.88,-29.04,101674.33
464.94,-29.04,101674.33
465.01,-29.04,101674.33
465.08,-29.04,101674.33
465.14,-29.04,101674.33
465.21,-29.04,101674.33
465.28,-29.04,101674.33
465.34,-29.04,101674.33
465.41,-29.04,101674.33
465.48,-29.04,101674.33
465.54,-29.04,101674.33
465.61,-29.04,101674.33
465.68,-29.04,101674.33
465.74,-29.04,101674.33
465.81,-29.04,101674.33
465.88,-29.04,101674.33
465.95,-29.04,101674.33
466.01,-29.04,101674.33
466.08,-29.04,101674.33
466.15,-29.04,101674.33
466.21,-29.04,101674.33
466.28,-29.04,101674.33
466.35,-29.04,101674.33
466.41,-29.04,101674.33
466.48,-29.04,101674.33
466.55,-29.04,101674.33
466.62,-29.04,101674.33
466.68,-29.04,101674.33
466.75,-29.04,101674.33
466.82,-29.04,101674.33
466.88,-29.04,101674.33
466.95,-29.04,101674.33
467.02,-29.04,101674.33
467.09,-29.04,101674.33
467.15,-29.04,101674.33
467.22,-29.04,101674.33
467.29,-29.04,101674.33
467.36,-29.04,101674.33
467.42,-29.04,101674.33
467.49,-29.04,101674.33
467.56,-29.04,101674.33
467.62,-29.04,101674.33
467.69,-29.04,101674.33
467.76,-29.04,101674.33
467.82,-29.04,101674.33
467.89,-29.04,101674.33
467.96,-29.04,101674.33
468.02,-29.04,101674.33
468.09,-29.04,101674.33
468.16,-29.04,101674.33
468.23,-29.04,101674.33
468.29,-29.04,101674.33
468.36,-29.04,101674.33
468.43,-29.04,101674.33
468.49,-29.04,101674.33
468.56,-29.04,101674.33
468.63,-29.04,101674.33
468.7,-29.04,101674.33
468.77,-29.04,101674.33
468.84,-29.04,101674.33
468.9,-29.04,101674.33
468.97,-29.04,101674.33
469.04,-29.04,101674.33
469.1,-29.04,101674.33
469.17,-29.04,101674.33
469.24,-29.04,101674.33
469.3,-29.04,101674.33
469.37,-29.04,101674.33
469.43,-29.04,101674.33
469.5,-29.04,101674.33
469.57,-29.04,101674.33
469.63,-29.04,101674.33
469.7,-29.04,101674.33
469.77,-29.04,101674.33
469.83,-29.04,101674.33
469.9,-29.04,101674.33
469.97,-29.04,101674.33
470.03,-29.04,101674.33
470.1,-29.04,101674.33
470.17,-29.04,101674.33
470.23,-29.04,101674.33
470.3,-29.04,101674.33
470.37,-29.04,101674.33
470.43,-29.04,101674.33
470.5,-29.04,101674.33
470.57,-29.04,101674.33
470.63,-29.04,101674.33
470.7,-29.04,101674.33
470.77,-29.04,101674.33
470.83,-29.04,101674.33
470.9,-29.04,101674.33
470.97,-29.04,101674.33
471.03,-29.04,101674.33
471.1,-29.04,101674.33
471.17,-29.04,101674.33
471.23,-29.04,101674.33
471.3,-29.04,101674.33
471.37,-29.04,101674.33
471.43,-29.04,101674.33
471.5,-29.04,101674.33
471.56,-29.04,101674.33
471.63,-29.04,101674.33
471.7,-29.04,101674.33
471.76,-29.04,101674.33
471.83,-29.04,101674.33
471.9,-29.04,101674.33
471.96,-29.04,101674.33
472.03,-29.04,101674.33
472.1,-29.04,101674.33
472.16,-29.04,101674.33
472.23,-29.04,101674.33
472.3,-29.04,101674.33
472.36,-29.04,101674.33
472.43,-29.04,101674.33
472.5,-29.04,101674.33
472.56,-29.04,101674.33
472.63,-29.04,101674.33
472.7,-29.04,101674.33
472.76,-29.04,101674.33
472.83,-29.04,101674.33
472.9,-29.04,101674.33
472.96,-29.04,101674.33
473.03,-29.04,101674.33
473.1,-29.04,101674.33
473.17,-29.04,101674.33
473.23,-29.04,101674.33
473.3,-29.04,101674.33
473.37,-29.04,101674.33
473.43,-29.04,101674.33
473.5,-29.04,101674.33
473.57,-29.04,101674.33
473.63,-29.04,101674.33
473.7,-29.04,101674.33
473.77,-29.04,101674.33
473.84,-29.04,101674.33
473.9,-29.04,101674.33
473.97,-29.04,101674.33
474.04,-29.04,101674.33
474.1,-29.04,101674.33
474.17,-29.04,101674.33
474.24,-29.04,101674.33
474.3,-29.04,101674.33
474.37,-29.04,101674.33
474.44,-29.04,101674.33
474.5,-29.04,101674.33
474.57,-29.04,101674.33
474.64,-29.04,101674.33
474.71,-29.04,101674.33
474.77,-29.04,101674.33
474.84,-29.04,101674.33
474.91,-29.04,101674.33
474.98,-29.04,101674.33
475.04,-29.04,101674.33
475.11,-29.04,101674.33
475.18,-29.04,101674.33
475.25,-29.04,101674.33
475.32,-29.04,101674.33
475.39,-29.04,101674.33
475.45,-29.04,101674.33
475.52,-29.04,101674.33
475.58,-29.04,101674.33
475.65,-29.04,101674.33
475.72,-29.04,101674.33
475.78,-29.04,101674.33
475.85,-29.04,101674.33
475.92,-29.04,101674.33
475.98,-29.04,101674.33
476.05,-29.04,101674.33
476.12,-29.04,101674.33
476.18,-29.04,101674.33
476.25,-29.04,101674.33
476.31,-29.04,101674.33
476.38,-29.04,101674.33
476.45,-29.04,101674.33
476.51,-29.04,101674.33
476.58,-29.04,101674.33
476.66,-29.04,101674.33
476.72,-29.04,101674.33
476.79,-29.04,101674.33
476.86,-29.04,101674.33
476.92,-29.04,101674.33
476.99,-29.04,101674.33
477.05,-29.04,101674.33
477.12,-29.04,101674.33
477.19,-29.04,101674.33
477.25,-29.04,101674.33
477.32,-29.04,101674.33
477.39,-29.04,101674.33
477.45,-29.04,101674.33
477.52,-29.04,101674.33
477.59,-29.04,101674.33
477.65,-29.04,101674.33
477.72,-29.04,101674.33
477.79,-29.04,101674.33
477.85,-29.04,101674.33
477.92,-29.04,101674.33
477.99,-29.04,101674.33
478.05,-29.04,101674.33
478.12,-29.04,101674.33
478.19,-29.04,101674.33
478.25,-29.04,101674.33
478.32,-29.04,101674.33
478.38,-29.04,101674.33
478.45,-29.04,101674.33
478.52,-29.04,101674.33
478.58,-29.04,101674.33
478.65,-29.04,101674.33
478.72,-29.04,101674.33
478.78,-29.04,101674.33
478.85,-29.04,101674.33
478.92,-29.04,101674.33
478.98,-29.04,101674.33
479.05,-29.04,101674.33
479.12,-29.04,101674.33
479.18,-29.04,101674.33
479.25,-29.04,101674.33
479.32,-29.04,101674.33
479.38,-29.04,101674.33
479.45,-29.04,101674.33
479.52,-29.04,101674.33
479.58,-29.04,101674.33
479.65,-29.04,101674.33
479.72,-29.04,101674.33
479.78,-29.04,101674.33
479.85,-29.04,101674.33
479.92,-29.04,101674.33
479.98,-29.04,101674.33
480.05,-29.04,101674.33
480.12,-29.04,101674.33
480.18,-29.04,101674.33
480.25,-29.04,101674.33
480.32,-29.04,101674.33
480.38,-29.04,101674.33
480.45,-29.04,101674.33
480.52,-29.04,101674.33
480.59,-29.04,101674.33
480.65,-29.04,101674.33
480.72,-29.04,101674.33
480.79,-29.04,101674.33
480.85,-29.04,101674.33
480.92,-29.04,101674.33
480.99,-29.04,101674.33
481.05,-29.04,101674.33
481.12,-29.04,101674.33
481.19,-29.04,101674.33
481.25,-29.04,101674.33
481.32,-29.04,101674.33
481.39,-29.04,101674.33
481.45,-29.04,101674.33
481.52,-29.04,101674.33
481.59,-29.04,101674.33
481.65,-29.04,101674.33
481.72,-29.04,101674.33
481.79,-29.04,101674.33
481.86,-29.04,101674.33
481.92,-29.04,101674.33
481.99,-29.04,101674.33
482.06,-29.04,101674.33
482.12,-29.04,101674.33
482.19,-29.04,101674.33
482.26,-29.04,101674.33
482.32,-29.04,101674.33
482.39,-29.04,101674.33
482.46,-29.04,101674.33
482.52,-29.04,101674.33
482.59,-29.04,101674.33
482.66,-29.04,101674.33
482.73,-29.04,101674.33
482.79,-29.04,101674.33
482.86,-29.04,101674.33
482.93,-29.04,101674.33
482.99,-29.04,101674.33
483.06,-29.04,101674.33
483.13,-29.04,101674.33
483.2,-29.04,101674.33
483.27,-29.04,101674.33
483.33,-29.04,101674.33
483.4,-29.04,101674.33
483.47,-29.04,101674.33
483.53,-29.04,101674.33
483.6,-29.04,101674.33
483.67,-29.04,101674.33
483.73,-29.04,101674.33
483.8,-29.04,101674.33
483.87,-29.04,101674.33
483.93,-29.04,101674.33
484.0,-29.04,101674.33
484.06,-29.04,101674.33
484.13,-29.04,101674.33
484.2,-29.04,101674.33
484.26,-29.04,101674.33
484.33,-29.04,101674.33
484.39,-29.04,101674.33
484.46,-29.04,101674.33
484.53,-29.04,101674.33
484.59,-29.04,101674.33
484.66,-29.04,101674.33
484.73,-29.04,101674.33
484.79,-29.04,101674.33
484.86,-29.04,101674.33
484.93,-29.04,101674.33
484.99,-29.04,101674.33
485.06,-29.04,101674.33
485.13,-29.04,101674.33
485.19,-29.04,101674.33
485.26,-29.04,101674.33
485.32,-29.04,101674.33
485.39,-29.04,101674.33
485.46,-29.04,101674.33
485.52,-29.04,101674.33
485.59,-29.04,101674.33
485.66,-29.04,101674.33
485.72,-29.04,101674.33
485.79,-29.04,101674.33
485.86,-29.04,101674.33
485.92,-29.04,101674.33
485.99,-29.04,101674.33
486.06,-29.04,101674.33
486.12,-29.04,101674.33
486.19,-29.04,101674.33
486.26,-29.04,101674.33
486.32,-29.04,101674.33
486.39,-29.04,101674.33
486.46,-29.04,101674.33
486.52,-29.04,101674.33
486.59,-29.04,101674.33
486.66,-29.04,101674.33
486.72,-29.04,101674.33
486.79,-29.04,101674.33
486.86,-29.04,101674.33
486.92,-29.04,101674.33
486.99,-29.04,101674.33
487.06,-29.04,101674.33
487.12,-29.04,101674.33
487.19,-29.04,101674.33
487.26,-29.04,101674.33
487.33,-29.04,101674.33
487.39,-29.04,101674.33
487.46,-29.04,101674.33
487.53,-29.04,101674.33
487.59,-29.04,101674.33
487.66,-29.04,101674.33
487.73,-29.04,101674.33
487.79,-29.04,101674.33
487.86,-29.04,101674.33
487.93,-29.04,101674.33
487.99,-29.04,101674.33
488.06,-29.04,101674.33
488.13,-29.04,101674.33
488.19,-29.04,101674.33
488.26,-29.04,101674.33
488.33,-29.04,101674.33
488.4,-29.04,101674.33
488.46,-29.04,101674.33
488.53,-29.04,101674.33
488.6,-29.04,101674.33
488.66,-29.04,101674.33
488.73,-29.04,101674.33
488.8,-29.04,101674.33
488.86,-29.04,101674.33
488.93,-29.04,101674.33
489.0,-29.04,101674.33
489.07,-29.04,101674.33
489.13,-29.04,101674.33
489.2,-29.04,101674.33
489.27,-29.04,101674.33
489.33,-29.04,101674.33
489.4,-29.04,101674.33
489.47,-29.04,101674.33
489.54,-29.04,101674.33
489.6,-29.04,101674.33
489.67,-29.04,101674.33
489.74,-29.04,101674.33
489.8,-29.04,101674.33
489.87,-29.04,101674.33
489.94,-29.04,101674.33
490.01,-29.04,101674.33
490.08,-29.04,101674.33
490.14,-29.04,101674.33
490.21,-29.04,101674.33
490.28,-29.04,101674.33
490.34,-29.04,101674.33
490.41,-29.04,101674.33
490.48,-29.04,101674.33
490.54,-29.04,101674.33
490.61,-29.04,101674.33
490.67,-29.04,101674.33
490.74,-29.04,101674.33
490.81,-29.04,101674.33
490.87,-29.04,101674.33
490.94,-29.04,101674.33
491.01,-29.04,101674.33
491.07,-29.04,101674.33
491.14,-29.04,101674.33
491.21,-29.04,101674.33
491.27,-29.04,101674.33
491.34,-29.04,101674.33
491.41,-29.04,101674.33
491.47,-29.04,101674.33
491.54,-29.04,101674.33
491.6,-29.04,101674.33
491.67,-29.04,101674.33
491.74,-29.04,101674.33
491.8,-29.04,101674.33
491.87,-29.04,101674.33
491.94,-29.04,101674.33
492.0,-29.04,101674.33
492.07,-29.04,101674.33
492.14,-29.04,101674.33
492.2,-29.04,101674.33
492.27,-29.04,101674.33
492.34,-29.04,101674.33
492.4,-29.04,101674.33
492.47,-29.04,101674.33
492.54,-29.04,101674.33
492.6,-29.04,101674.33
492.67,-29.04,101674.33
492.74,-29.04,101674.33
492.8,-29.04,101674.33
492.87,-29.04,101674.33
492.94,-29.04,101674.33
493.0,-29.04,101674.33
493.07,-29.04,101674.33
493.14,-29.04,101674.33
493.2,-29.04,101674.33
493.27,-29.04,101674.33
493.34,-29.04,101674.33
493.41,-29.04,101674.33
493.47,-29.04,101674.33
493.54,-29.04,101674.33
493.61,-29.04,101674.33
493.67,-29.04,101674.33
493.74,-29.04,101674.33
493.81,-29.04,101674.33
493.87,-29.04,101674.33
493.94,-29.04,101674.33
494.01,-29.04,101674.33
494.07,-29.04,101674.33
494.14,-29.04,101674.33
494.21,-29.04,101674.33
494.27,-29.04,101674.33
494.34,-29.04,101674.33
494.41,-29.04,101674.33
494.47,-29.04,101674.33
494.54,-29.04,101674.33
494.61,-29.04,101674.33
494.67,-29.04,101674.33
494.74,-29.04,101674.33
494.81,-29.04,101674.33
494.88,-29.04,101674.33
494.94,-29.04,101674.33
495.01,-29.04,101674.33
495.08,-29.04,101674.33
495.14,-29.04,101674.33
495.21,-29.04,101674.33
495.28,-29.04,101674.33
495.34,-29.04,101674.33
495.41,-29.04,101674.33
495.48,-29.04,101674.33
495.55,-29.04,101674.33
495.61,-29.04,101674.33
495.68,-29.04,101674.33
495.75,-29.04,101674.33
495.81,-29.04,101674.33
495.88,-29.04,101674.33
495.95,-29.04,101674.33
496.01,-29.04,101674.33
496.08,-29.04,101674.33
496.15,-29.04,101674.33
496.21,-29.04,101674.33
496.28,-29.04,101674.33
496.35,-29.04,101674.33
496.41,-29.04,101674.33
496.48,-29.04,101674.33
496.55,-29.04,101674.33
496.62,-29.04,101674.33
496.69,-29.04,101674.33
496.75,-29.04,101674.33
496.82,-29.04,101674.33
496.89,-29.04,101674.33
496.95,-29.04,101674.33
497.02,-29.04,101674.33
497.09,-29.04,101674.33
497.15,-29.04,101674.33
497.22,-29.04,101674.33
497.29,-29.04,101674.33
497.35,-29.04,101674.33
497.42,-29.04,101674.33
497.49,-29.04,101674.33
497.55,-29.04,101674.33
497.62,-29.04,101674.33
497.68,-29.04,101674.33
497.75,-29.04,101674.33
497.82,-29.04,101674.33
497.88,-29.04,101674.33
497.95,-29.04,101674.33
498.02,-29.04,101674.33
498.08,-29.04,101674.33
498.15,-29.04,101674.33
498.22,-29.04,101674.33
498.28,-29.04,101674.33
498.35,-29.04,101674.33
498.42,-29.04,101674.33
498.48,-29.04,101674.33
498.55,-29.04,101674.33
498.62,-29.04,101674.33
498.68,-29.04,101674.33
498.75,-29.04,101674.33
498.81,-29.04,101674.33
498.88,-29.04,101674.33
498.95,-29.04,101674.33
499.02,-29.04,101674.33
499.08,-29.04,101674.33
499.15,-29.04,101674.33
499.22,-29.04,101674.33
499.28,-29.04,101674.33
499.35,-29.04,101674.33
499.42,-29.04,101674.33
499.48,-29.04,101674.33
499.55,-29.04,101674.33
499.62,-29.04,101674.33
499.68,-29.04,101674.33
499.75,-29.04,101674.33
499.82,-29.04,101674.33
499.88,-29.04,101674.33
499.95,-29.04,101674.33
500.02,-29.04,101674.33
500.08,-29.04,101674.33
500.15,-29.04,101674.33
500.22,-29.04,101674.33
500.28,-29.04,101674.33
500.35,-29.04,101674.33
500.42,-29.04,101674.33
500.49,-29.04,101674.33
500.55,-29.04,101674.33
500.62,-29.04,101674.33
500.69,-29.04,101674.33
500.75,-29.04,101674.33
500.82,-29.04,101674.33
500.89,-29.04,101674.33
500.95,-29.04,101674.33
501.02,-29.04,101674.33
501.09,-29.04,101674.33
501.15,-29.04,101674.33
501.22,-29.04,101674.33
501.29,-29.04,101674.33
501.35,-29.04,101674.33
501.42,-29.04,101674.33
501.49,-29.04,101674.33
501.55,-29.04,101674.33
501.62,-29.04,101674.33
501.69,-29.04,101674.33
501.76,-29.04,101674.33
501.82,-29.04,101674.33
501.89,-29.04,101674.33
501.96,-29.04,101674.33
502.03,-29.04,101674.33
502.09,-29.04,101674.33
502.16,-29.04,101674.33
502.23,-29.04,101674.33
502.29,-29.04,101674.33
502.36,-29.04,101674.33
502.43,-29.04,101674.33
502.49,-29.04,101674.33
502.56,-29.04,101674.33
502.63,-29.04,101674.33
502.69,-29.04,101674.33
502.76,-29.04,101674.33
502.83,-29.04,101674.33
502.9,-29.04,101674.33
502.96,-29.04,101674.33
503.03,-29.04,101674.33
503.1,-29.04,101674.33
503.17,-29.04,101674.33
503.24,-29.04,101674.33
503.31,-29.04,101674.33
503.37,-29.04,101674.33
503.44,-29.04,101674.33
503.5,-29.04,101674.33
503.57,-29.04,101674.33
503.64,-29.04,101674.33
503.7,-29.04,101674.33
503.77,-29.04,101674.33
503.84,-29.04,101674.33
503.9,-29.04,101674.33
503.97,-29.04,101674.33
504.03,-29.04,101674.33
504.1,-29.04,101674.33
504.17,-29.04,101674.33
504.23,-29.04,101674.33
504.3,-29.04,101674.33
504.37,-29.04,101674.33
504.43,-29.04,101674.33
504.5,-29.04,101674.33
504.57,-29.04,101674.33
504.63,-29.04,101674.33
504.7,-29.04,101674.33
504.77,-29.04,101674.33
504.83,-29.04,101674.33
504.9,-29.04,101674.33
504.97,-29.04,101674.33
505.03,-29.04,101674.33
505.1,-29.04,101674.33
505.17,-29.04,101674.33
505.23,-29.04,101674.33
505.3,-29.04,101674.33
505.37,-29.04,101674.33
505.43,-29.04,101674.33
505.5,-29.04,101674.33
505.57,-29.04,101674.33
505.63,-29.04,101674.33
505.7,-29.04,101674.33
505.77,-29.04,101674.33
505.83,-29.04,101674.33
505.9,-29.04,101674.33
505.97,-29.04,101674.33
506.03,-29.04,101674.33
506.1,-29.04,101674.33
506.17,-29.04,101674.33
506.23,-29.04,101674.33
506.3,-29.04,101674.33
506.37,-29.04,101674.33
506.43,-29.04,101674.33
506.5,-29.04,101674.33
506.57,-29.04,101674.33
506.63,-29.04,101674.33
506.7,-29.04,101674.33
506.77,-29.04,101674.33
506.83,-29.04,101674.33
506.9,-29.04,101674.33
506.97,-29.04,101674.33
507.03,-29.04,101674.33
507.1,-29.04,101674.33
507.17,-29.04,101674.33
507.23,-29.04,101674.33
507.3,-29.04,101674.33
507.37,-29.04,101674.33
507.43,-29.04,101674.33
507.5,-29.04,101674.33
507.57,-29.04,101674.33
507.64,-29.04,101674.33
507.7,-29.04,101674.33
507.77,-29.04,101674.33
507.84,-29.04,101674.33
507.9,-29.04,101674.33
507.97,-29.04,101674.33
508.04,-29.04,101674.33
508.1,-29.04,101674.33
508.17,-29.04,101674.33
508.24,-29.04,101674.33
508.3,-29.04,101674.33
508.37,-29.04,101674.33
508.44,-29.04,101674.33
508.5,-29.04,101674.33
508.57,-29.04,101674.33
508.64,-29.04,101674.33
508.71,-29.04,101674.33
508.77,-29.04,101674.33
508.84,-29.04,101674.33
508.91,-29.04,101674.33
508.97,-29.04,101674.33
509.04,-29.04,101674.33
509.11,-29.04,101674.33
509.17,-29.04,101674.33
509.24,-29.04,101674.33
509.31,-29.04,101674.33
509.38,-29.04,101674.33
509.44,-29.04,101674.33
509.51,-29.04,101674.33
509.59,-29.04,101674.33
509.66,-29.04,101674.33
509.72,-29.04,101674.33
509.79,-29.04,101674.33
509.85,-29.04,101674.33
509.92,-29.04,101674.33
509.99,-29.04,101674.33
510.05,-29.04,101674.33
510.12,-29.04,101674.33
510.19,-29.04,101674.33
510.25,-29.04,101674.33
510.32,-29.04,101674.33
510.38,-29.04,101674.33
510.45,-29.04,101674.33
510.52,-29.04,101674.33
510.58,-29.04,101674.33
510.65,-29.04,101674.33
510.72,-29.04,101674.33
510.78,-29.04,101674.33
510.85,-29.04,101674.33
510.92,-29.04,101674.33
510.98,-29.04,101674.33
511.05,-29.04,101674.33
511.11,-29.04,101674.33
511.18,-29.04,101674.33
511.25,-29.04,101674.33
511.31,-29.04,101674.33
511.38,-29.04,101674.33
511.45,-29.04,101674.33
511.51,-29.04,101674.33
511.58,-29.04,101674.33
511.65,-29.04,101674.33
511.71,-29.04,101674.33
511.78,-29.04,101674.33
511.84,-29.04,101674.33
511.91,-29.04,101674.33
511.98,-29.04,101674.33
512.04,-29.04,101674.33
512.11,-29.04,101674.33
512.18,-29.04,101674.33
512.24,-29.04,101674.33
512.31,-29.04,101674.33
512.38,-29.04,101674.33
512.45,-29.04,101674.33
512.51,-29.04,101674.33
512.58,-29.04,101674.33
512.65,-29.04,101674.33
512.71,-29.04,101674.33
512.78,-29.04,101674.33
512.85,-29.04,101674.33
512.91,-29.04,101674.33
512.98,-29.04,101674.33
513.05,-29.04,101674.33
513.11,-29.04,101674.33
513.18,-29.04,101674.33
513.25,-29.04,101674.33
513.31,-29.04,101674.33
513.38,-29.04,101674.33
513.45,-29.04,101674.33
513.51,-29.04,101674.33
513.58,-29.04,101674.33
513.65,-29.04,101674.33
513.71,-29.04,101674.33
513.78,-29.04,101674.33
513.85,-29.04,101674.33
513.91,-29.04,101674.33
513.98,-29.04,101674.33
514.05,-29.04,101674.33
514.12,-29.04,101674.33
514.18,-29.04,101674.33
514.25,-29.04,101674.33
514.32,-29.04,101674.33
514.38,-29.04,101674.33
514.45,-29.04,101674.33
514.52,-29.04,101674.33
514.58,-29.04,101674.33
514.65,-29.04,101674.33
514.72,-29.04,101674.33
514.79,-29.04,101674.33
514.85,-29.04,101674.33
514.92,-29.04,101674.33
514.99,-29.04,101674.33
515.05,-29.04,101674.33
515.12,-29.04,101674.33
515.19,-29.04,101674.33
515.25,-29.04,101674.33
515.32,-29.04,101674.33
515.39,-29.04,101674.33
515.46,-29.04,101674.33
515.52,-29.04,101674.33
515.59,-29.04,101674.33
515.66,-29.04,101674.33
515.72,-29.04,101674.33
515.79,-29.04,101674.33
515.86,-29.04,101674.33
515.93,-29.04,101674.33
515.99,-29.04,101674.33
516.06,-29.04,101674.33
516.13,-29.04,101674.33
516.19,-29.04,101674.33
516.27,-29.04,101674.33
516.33,-29.04,101674.33
516.4,-29.04,101674.33
516.47,-29.04,101674.33
516.53,-29.04,101674.33
516.6,-29.04,101674.33
516.67,-29.04,101674.33
516.73,-29.04,101674.33
516.8,-29.04,101674.33
516.87,-29.04,101674.33
516.93,-29.04,101674.33
517.0,-29.04,101674.33
517.06,-29.04,101674.33
517.13,-29.04,101674.33
517.2,-29.04,101674.33
517.27,-29.04,101674.33
517.33,-29.04,101674.33
517.4,-29.04,101674.33
517.46,-29.04,101674.33
517.53,-29.04,101674.33
517.6,-29.04,101674.33
517.67,-29.04,101674.33
517.74,-29.04,101674.33
517.81,-29.04,101674.33
517.87,-29.04,101674.33
517.94,-29.04,101674.33
518.0,-29.04,101674.33
518.07,-29.04,101674.33
518.14,-29.04,101674.33
518.2,-29.04,101674.33
518.27,-29.04,101674.33
518.34,-29.04,101674.33
518.4,-29.04,101674.33
518.47,-29.04,101674.33
518.53,-29.04,101674.33
518.6,-29.04,101674.33
518.67,-29.04,101674.33
518.73,-29.04,101674.33
518.8,-29.04,101674.33
518.87,-29.04,101674.33
518.93,-29.04,101674.33
519.0,-29.04,101674.33
519.06,-29.04,101674.33
519.13,-29.04,101674.33
519.2,-29.04,101674.33
519.26,-29.04,101674.33
519.33,-29.04,101674.33
519.4,-29.04,101674.33
519.46,-29.04,101674.33
519.53,-29.04,101674.33
519.6,-29.04,101674.33
519.66,-29.04,101674.33
519.73,-29.04,101674.33
519.79,-29.04,101674.33
519.86,-29.04,101674.33
519.93,-29.04,101674.33
519.99,-29.04,101674.33
520.06,-29.04,101674.33
520.13,-29.04,101674.33
520.19,-29.04,101674.33
520.26,-29.04,101674.33
520.33,-29.04,101674.33
520.39,-29.04,101674.33
520.46,-29.04,101674.33
520.53,-29.04,101674.33
520.59,-29.04,101674.33
520.66,-29.04,101674.33
520.73,-29.04,101674.33
520.79,-29.04,101674.33
520.86,-29.04,101674.33
520.93,-29.04,101674.33
520.99,-29.04,101674.33
521.06,-29.04,101674.33
521.13,-29.04,101674.33
521.19,-29.04,101674.33
521.26,-29.04,101674.33
521.33,-29.04,101674.33
521.39,-29.04,101674.33
521.46,-29.04,101674.33
521.53,-29.04,101674.33
521.59,-29.04,101674.33
521.66,-29.04,101674.33
521.73,-29.04,101674.33
521.79,-29.04,101674.33
521.86,-29.04,101674.33
521.93,-29.04,101674.33
521.99,-29.04,101674.33
522.06,-29.04,101674.33
522.13,-29.04,101674.33
522.19,-29.04,101674.33
522.26,-29.04,101674.33
522.33,-29.04,101674.33
522.39,-29.04,101674.33
522.46,-29.04,101674.33
522.53,-29.04,101674.33
522.59,-29.04,101674.33
522.66,-29.04,101674.33
522.73,-29.04,101674.33
522.8,-29.04,101674.33
522.86,-29.04,101674.33
522.93,-29.04,101674.33
523.0,-29.04,101674.33
523.06,-29.04,101674.33
523.13,-29.04,101674.33
523.2,-29.04,101674.33
523.26,-29.04,101674.33
523.33,-29.04,101674.33
523.4,-29.04,101674.33
523.47,-29.04,101674.33
523.53,-29.04,101674.33
523.6,-29.04,101674.33
523.67,-29.04,101674.33
523.73,-29.04,101674.33
523.8,-29.04,101674.33
523.87,-29.04,101674.33
523.94,-29.04,101674.33
524.0,-29.04,101674.33
524.07,-29.04,101674.33
524.14,-29.04,101674.33
524.21,-29.04,101674.33
524.27,-29.04,101674.33
524.35,-29.04,101674.33
524.41,-29.04,101674.33
524.48,-29.04,101674.33
524.54,-29.04,101674.33
524.61,-29.04,101674.33
524.68,-29.04,101674.33
524.74,-29.04,101674.33
524.81,-29.04,101674.33
524.88,-29.04,101674.33
524.94,-29.04,101674.33
525.01,-29.04,101674.33
525.08,-29.04,101674.33
525.14,-29.04,101674.33
525.21,-29.04,101674.33
525.27,-29.04,101674.33
525.34,-29.04,101674.33
525.41,-29.04,101674.33
525.47,-29.04,101674.33
525.54,-29.04,101674.33
525.61,-29.04,101674.33
525.67,-29.04,101674.33
525.74,-29.04,101674.33
525.8,-29.04,101674.33
525.87,-29.04,101674.33
525.94,-29.04,101674.33
526.0,-29.04,101674.33
526.07,-29.04,101674.33
526.14,-29.04,101674.33
526.2,-29.04,101674.33
526.27,-29.04,101674.33
526.34,-29.04,101674.33
526.4,-29.04,101674.33
526.47,-29.04,101674.33
526.54,-29.04,101674.33
526.6,-29.04,101674.33
526.67,-29.04,101674.33
526.73,-29.04,101674.33
526.8,-29.04,101674.33
526.87,-29.04,101674.33
526.93,-29.04,101674.33
527.0,-29.04,101674.33
527.07,-29.04,101674.33
527.13,-29.04,101674.33
527.2,-29.04,101674.33
527.27,-29.04,101674.33
527.33,-29.04,101674.33
527.4,-29.04,101674.33
527.47,-29.04,101674.33
527.53,-29.04,101674.33
527.6,-29.04,101674.33
527.67,-29.04,101674.33
527.73,-29.04,101674.33
527.8,-29.04,101674.33
527.87,-29.04,101674.33
527.93,-29.04,101674.33
528.0,-29.04,101674.33
528.07,-29.04,101674.33
528.13,-29.04,101674.33
528.2,-29.04,101674.33
528.27,-29.04,101674.33
528.33,-29.04,101674.33
528.4,-29.04,101674.33
528.47,-29.04,101674.33
528.53,-29.04,101674.33
528.6,-29.04,101674.33
528.67,-29.04,101674.33
528.74,-29.04,101674.33
528.8,-29.04,101674.33
528.87,-29.04,101674.33
528.94,-29.04,101674.33
529.0,-29.04,101674.33
529.07,-29.04,101674.33
529.14,-29.04,101674.33
529.2,-29.04,101674.33
529.27,-29.04,101674.33
529.34,-29.04,101674.33
529.4,-29.04,101674.33
529.47,-29.04,101674.33
529.54,-29.04,101674.33
529.6,-29.04,101674.33
529.67,-29.04,101674.33
529.74,-29.04,101674.33
529.81,-29.04,101674.33
529.87,-29.04,101674.33
529.94,-29.04,101674.33
530.01,-29.04,101674.33
530.07,-29.04,101674.33
530.14,-29.04,101674.33
530.21,-29.04,101674.33
530.27,-29.04,101674.33
530.34,-29.04,101674.33
530.41,-29.04,101674.33
530.47,-29.04,101674.33
530.54,-29.04,101674.33
530.61,-29.04,101674.33
530.68,-29.04,101674.33
530.74,-29.04,101674.33
530.81,-29.04,101674.33
530.88,-29.04,101674.33
530.94,-29.04,101674.33
531.01,-29.04,101674.33
531.09,-29.04,101674.33
531.15,-29.04,101674.33
531.22,-29.04,101674.33
531.29,-29.04,101674.33
531.35,-29.04,101674.33
531.42,-29.04,101674.33
531.48,-29.04,101674.33
531.55,-29.04,101674.33
531.62,-29.04,101674.33
531.68,-29.04,101674.33
531.75,-29.04,101674.33
531.82,-29.04,101674.33
531.88,-29.04,101674.33
531.95,-29.04,101674.33
532.01,-29.04,101674.33
532.08,-29.04,101674.33
532.15,-29.04,101674.33
532.21,-29.04,101674.33
532.28,-29.04,101674.33
532.35,-29.04,101674.33
532.41,-29.04,101674.33
532.48,-29.04,101674.33
532.54,-29.04,101674.33
532.61,-29.04,101674.33
532.68,-29.04,101674.33
532.75,-29.04,101674.33
532.81,-29.04,101674.33
532.88,-29.04,101674.33
532.94,-29.04,101674.33
533.01,-29.04,101674.33
533.08,-29.04,101674.33
533.14,-29.04,101674.33
533.21,-29.04,101674.33
533.28,-29.04,101674.33
533.34,-29.04,101674.33
533.41,-29.04,101674.33
533.48,-29.04,101674.33
533.54,-29.04,101674.33
533.61,-29.04,101674.33
533.68,-29.04,101674.33
533.74,-29.04,101674.33
533.81,-29.04,101674.33
533.88,-29.04,101674.33
533.94,-29.04,101674.33
534.01,-29.04,101674.33
534.08,-29.04,101674.33
534.14,-29.04,101674.33
534.21,-29.04,101674.33
534.28,-29.04,101674.33
534.34,-29.04,101674.33
534.41,-29.04,101674.33
534.48,-29.04,101674.33
534.54,-29.04,101674.33
534.61,-29.04,101674.33
534.68,-29.04,101674.33
534.74,-29.04,101674.33
534.81,-29.04,101674.33
534.88,-29.04,101674.33
534.94,-29.04,101674.33
535.01,-29.04,101674.33
535.08,-29.04,101674.33
535.14,-29.04,101674.33
535.21,-29.04,101674.33
535.27,-29.04,101674.33
535.34,-29.04,101674.33
535.41,-29.04,101674.33
535.47,-29.04,101674.33
535.54,-29.04,101674.33
535.61,-29.04,101674.33
535.68,-29.04,101674.33
535.74,-29.04,101674.33
535.81,-29.04,101674.33
535.88,-29.04,101674.33
535.94,-29.04,101674.33
536.01,-29.04,101674.33
536.08,-29.04,101674.33
536.14,-29.04,101674.33
536.21,-29.04,101674.33
536.28,-29.04,101674.33
536.35,-29.04,101674.33
536.41,-29.04,101674.33
536.48,-29.04,101674.33
536.55,-29.04,101674.33
536.61,-29.04,101674.33
536.68,-29.04,101674.33
536.75,-29.04,101674.33
536.82,-29.04,101674.33
536.88,-29.04,101674.33
536.95,-29.04,101674.33
537.02,-29.04,101674.33
537.08,-29.04,101674.33
537.15,-29.04,101674.33
537.22,-29.04,101674.33
537.28,-29.04,101674.33
537.35,-29.04,101674.33
537.42,-29.04,101674.33
537.49,-29.04,101674.33
537.56,-29.04,101674.33
537.63,-29.04,101674.33
537.69,-29.04,101674.33
537.76,-29.04,101674.33
537.82,-29.04,101674.33
537.89,-29.04,101674.33
537.96,-29.04,101674.33
538.02,-29.04,101674.33
538.09,-29.04,101674.33
538.15,-29.04,101674.33
538.22,-29.04,101674.33
538.29,-29.04,101674.33
538.35,-29.04,101674.33
538.42,-29.04,101674.33
538.49,-29.04,101674.33
538.55,-29.04,101674.33
538.62,-29.04,101674.33
538.69,-29.04,101674.33
538.75,-29.04,101674.33
538.82,-29.04,101674.33
538.88,-29.04,101674.33
538.95,-29.04,101674.33
539.02,-29.04,101674.33
539.08,-29.04,101674.33
539.15,-29.04,101674.33
539.22,-29.04,101674.33
539.28,-29.04,101674.33
539.35,-29.04,101674.33
539.41,-29.04,101674.33
539.48,-29.04,101674.33
539.55,-29.04,101674.33
539.62,-29.04,101674.33
539.68,-29.04,101674.33
539.75,-29.04,101674.33
539.81,-29.04,101674.33
539.88,-29.04,101674.33
539.95,-29.04,101674.33
540.01,-29.04,101674.33
540.08,-29.04,101674.33
540.15,-29.04,101674.33
540.21,-29.04,101674.33
540.28,-29.04,101674.33
540.35,-29.04,101674.33
540.41,-29.04,101674.33
540.48,-29.04,101674.33
540.55,-29.04,101674.33
540.61,-29.04,101674.33
540.68,-29.04,101674.33
540.75,-29.04,101674.33
540.81,-29.04,101674.33
540.88,-29.04,101674.33
540.95,-29.04,101674.33
541.01,-29.04,101674.33
541.08,-29.04,101674.33
541.15,-29.04,101674.33
541.21,-29.04,101674.33
541.28,-29.04,101674.33
541.34,-29.04,101674.33
541.41,-29.04,101674.33
541.48,-29.04,101674.33
541.55,-29.04,101674.33
541.61,-29.04,101674.33
541.68,-29.04,101674.33
541.75,-29.04,101674.33
541.81,-29.04,101674.33
541.88,-29.04,101674.33
541.95,-29.04,101674.33
542.01,-29.04,101674.33
542.08,-29.04,101674.33
542.15,-29.04,101674.33
542.21,-29.04,101674.33
542.28,-29.04,101674.33
542.35,-29.04,101674.33
542.41,-29.04,101674.33
542.48,-29.04,101674.33
542.55,-29.04,101674.33
542.62,-29.04,101674.33
542.68,-29.04,101674.33
542.75,-29.04,101674.33
542.82,-29.04,101674.33
542.88,-29.04,101674.33
542.95,-29.04,101674.33
543.02,-29.04,101674.33
543.08,-29.04,101674.33
543.15,-29.04,101674.33
543.22,-29.04,101674.33
543.28,-29.04,101674.33
543.35,-29.04,101674.33
543.42,-29.04,101674.33
543.49,-29.04,101674.33
543.55,-29.04,101674.33
543.62,-29.04,101674.33
543.69,-29.04,101674.33
543.75,-29.04,101674.33
543.82,-29.04,101674.33
543.89,-29.04,101674.33
543.96,-29.04,101674.33
544.03,-29.04,101674.33
544.1,-29.04,101674.33
544.16,-29.04,101674.33
544.23,-29.04,101674.33
544.3,-29.04,101674.33
544.37,-29.04,101674.33
544.43,-29.04,101674.33
544.5,-29.04,101674.33
544.57,-29.04,101674.33
544.63,-29.04,101674.33
544.7,-29.04,101674.33
544.77,-29.04,101674.33
544.83,-29.04,101674.33
544.9,-29.04,101674.33
544.96,-29.04,101674.33
545.03,-29.04,101674.33
545.1,-29.04,101674.33
545.16,-29.04,101674.33
545.23,-29.04,101674.33
545.3,-29.04,101674.33
545.36,-29.04,101674.33
545.43,-29.04,101674.33
545.5,-29.04,101674.33
545.56,-29.04,101674.33
545.63,-29.04,101674.33
545.69,-29.04,101674.33
545.76,-29.04,101674.33
545.83,-29.04,101674.33
545.89,-29.04,101674.33
545.96,-29.04,101674.33
546.03,-29.04,101674.33
546.09,-29.04,101674.33
546.16,-29.04,101674.33
546.23,-29.04,101674.33
546.29,-29.04,101674.33
546.36,-29.04,101674.33
546.43,-29.04,101674.33
546.49,-29.04,101674.33
546.56,-29.04,101674.33
546.63,-29.04,101674.33
546.69,-29.04,101674.33
546.76,-29.04,101674.33
546.83,-29.04,101674.33
546.89,-29.04,101674.33
546.96,-29.04,101674.33
547.03,-29.04,101674.33
547.09,-29.04,101674.33
547.16,-29.04,101674.33
547.23,-29.04,101674.33
547.29,-29.04,101674.33
547.36,-29.04,101674.33
547.43,-29.04,101674.33
547.49,-29.04,101674.33
547.56,-29.04,101674.33
547.63,-29.04,101674.33
547.69,-29.04,101674.33
547.76,-29.04,101674.33
547.83,-29.04,101674.33
547.89,-29.04,101674.33
547.96,-29.04,101674.33
548.03,-29.04,101674.33
548.09,-29.04,101674.33
548.16,-29.04,101674.33
548.23,-29.04,101674.33
548.29,-29.04,101674.33
548.36,-29.04,101674.33
548.43,-29.04,101674.33
548.5,-29.04,101674.33
548.56,-29.04,101674.33
548.63,-29.04,101674.33
548.7,-29.04,101674.33
548.77,-29.04,101674.33
548.83,-29.04,101674.33
548.9,-29.04,101674.33
548.97,-29.04,101674.33
549.03,-29.04,101674.33
549.1,-29.04,101674.33
549.17,-29.04,101674.33
549.24,-29.04,101674.33
549.3,-29.04,101674.33
549.37,-29.04,101674.33
549.44,-29.04,101674.33
549.5,-29.04,101674.33
549.57,-29.04,101674.33
549.64,-29.04,101674.33
549.71,-29.04,101674.33
549.77,-29.04,101674.33
549.84,-29.04,101674.33
549.91,-29.04,101674.33
549.97,-29.04,101674.33
550.04,-29.04,101674.33
550.11,-29.04,101674.33
550.18,-29.04,101674.33
550.24,-29.04,101674.33
550.31,-29.04,101674.33
550.38,-29.04,101674.33
550.45,-29.04,101674.33
550.51,-29.04,101674.33
550.58,-29.04,101674.33
550.65,-29.04,101674.33
550.72,-29.04,101674.33
550.79,-29.04,101674.33
550.85,-29.04,101674.33
550.92,-29.04,101674.33
550.98,-29.04,101674.33
551.05,-29.04,101674.33
551.12,-29.04,101674.33
551.18,-29.04,101674.33
551.25,-29.04,101674.33
551.32,-29.04,101674.33
551.39,-29.04,101674.33
551.45,-29.04,101674.33
551.52,-29.04,101674.33
551.58,-29.04,101674.33
551.65,-29.04,101674.33
551.72,-29.04,101674.33
551.78,-29.04,101674.33
551.85,-29.04,101674.33
551.92,-29.04,101674.33
551.98,-29.04,101674.33
552.05,-29.04,101674.33
552.11,-29.04,101674.33
552.18,-29.04,101674.33
552.25,-29.04,101674.33
552.32,-29.04,101674.33
552.38,-29.04,101674.33
552.45,-29.04,101674.33
552.51,-29.04,101674.33
552.58,-29.04,101674.33
552.65,-29.04,101674.33
552.71,-29.04,101674.33
552.78,-29.04,101674.33
552.85,-29.04,101674.33
552.91,-29.04,101674.33
552.98,-29.04,101674.33
553.05,-29.04,101674.33
553.11,-29.04,101674.33
553.18,-29.04,101674.33
553.25,-29.04,101674.33
553.31,-29.04,101674.33
553.38,-29.04,101674.33
553.45,-29.04,101674.33
553.51,-29.04,101674.33
553.58,-29.04,101674.33
553.64,-29.04,101674.33
553.71,-29.04,101674.33
553.78,-29.04,101674.33
553.84,-29.04,101674.33
553.91,-29.04,101674.33
553.98,-29.04,101674.33
554.04,-29.04,101674.33
554.11,-29.04,101674.33
554.18,-29.04,101674.33
554.24,-29.04,101674.33
554.31,-29.04,101674.33
554.38,-29.04,101674.33
554.44,-29.04,101674.33
554.51,-29.04,101674.33
554.58,-29.04,101674.33
554.64,-29.04,101674.33
554.71,-29.04,101674.33
554.78,-29.04,101674.33
554.84,-29.04,101674.33
554.91,-29.04,101674.33
554.97,-29.04,101674.33
555.04,-29.04,101674.33
555.11,-29.04,101674.33
555.18,-29.04,101674.33
555.24,-29.04,101674.33
555.31,-29.04,101674.33
555.38,-29.04,101674.33
555.44,-29.04,101674.33
555.51,-29.04,101674.33
555.58,-29.04,101674.33
555.64,-29.04,101674.33
555.71,-29.04,101674.33
555.78,-29.04,101674.33
555.84,-29.04,101674.33
555.91,-29.04,101674.33
555.98,-29.04,101674.33
556.04,-29.04,101674.33
556.11,-29.04,101674.33
556.18,-29.04,101674.33
556.24,-29.04,101674.33
556.31,-29.04,101674.33
556.38,-29.04,101674.33
556.44,-29.04,101674.33
556.51,-29.04,101674.33
556.58,-29.04,101674.33
556.64,-29.04,101674.33
556.71,-29.04,101674.33
556.78,-29.04,101674.33
556.84,-29.04,101674.33
556.91,-29.04,101674.33
556.98,-29.04,101674.33
557.05,-29.04,101674.33
557.11,-29.04,101674.33
557.18,-29.04,101674.33
557.25,-29.04,101674.33
557.31,-29.04,101674.33
557.38,-29.04,101674.33
557.45,-29.04,101674.33
557.52,-29.04,101674.33
557.59,-29.04,101674.33
557.65,-29.04,101674.33
557.72,-29.04,101674.33
557.78,-29.04,101674.33
557.85,-29.04,101674.33
557.92,-29.04,101674.33
557.98,-29.04,101674.33
558.05,-29.04,101674.33
558.12,-29.04,101674.33
558.18,-29.04,101674.33
558.25,-29.04,101674.33
558.31,-29.04,101674.33
558.38,-29.04,101674.33
558.45,-29.04,101674.33
558.51,-29.04,101674.33
558.58,-29.04,101674.33
558.65,-29.04,101674.33
558.71,-29.04,101674.33
558.78,-29.04,101674.33
558.85,-29.04,101674.33
558.92,-29.04,101674.33
558.99,-29.04,101674.33
559.05,-29.04,101674.33
559.12,-29.04,101674.33
559.18,-29.04,101674.33
559.25,-29.04,101674.33
559.32,-29.04,101674.33
559.38,-29.04,101674.33
559.45,-29.04,101674.33
559.52,-29.04,101674.33
559.58,-29.04,101674.33
559.65,-29.04,101674.33
559.72,-29.04,101674.33
559.78,-29.04,101674.33
559.85,-29.04,101674.33
559.91,-29.04,101674.33
559.98,-29.04,101674.33
560.05,-29.04,101674.33
560.11,-29.04,101674.33
560.18,-29.04,101674.33
560.25,-29.04,101674.33
560.31,-29.04,101674.33
560.38,-29.04,101674.33
560.45,-29.04,101674.33
560.51,-29.04,101674.33
560.58,-29.04,101674.33
560.65,-29.04,101674.33
560.71,-29.04,101674.33
560.78,-29.04,101674.33
560.84,-29.04,101674.33
560.91,-29.04,101674.33
560.98,-29.04,101674.33
561.04,-29.04,101674.33
561.11,-29.04,101674.33
561.18,-29.04,101674.33
561.24,-29.04,101674.33
561.31,-29.04,101674.33
561.38,-29.04,101674.33
561.44,-29.04,101674.33
561.51,-29.04,101674.33
561.58,-29.04,101674.33
561.64,-29.04,101674.33
561.71,-29.04,101674.33
561.77,-29.04,101674.33
561.84,-29.04,101674.33
561.91,-29.04,101674.33
561.97,-29.04,101674.33
562.04,-29.04,101674.33
562.11,-29.04,101674.33
562.17,-29.04,101674.33
562.24,-29.04,101674.33
562.31,-29.04,101674.33
562.37,-29.04,101674.33
562.44,-29.04,101674.33
562.51,-29.04,101674.33
562.57,-29.04,101674.33
562.64,-29.04,101674.33
562.71,-29.04,101674.33
562.77,-29.04,101674.33
562.84,-29.04,101674.33
562.91,-29.04,101674.33
562.97,-29.04,101674.33
563.04,-29.04,101674.33
563.11,-29.04,101674.33
563.17,-29.04,101674.33
563.24,-29.04,101674.33
563.31,-29.04,101674.33
563.38,-29.04,101674.33
563.44,-29.04,101674.33
563.51,-29.04,101674.33
563.58,-29.04,101674.33
563.64,-29.04,101674.33
563.71,-29.04,101674.33
563.78,-29.04,101674.33
563.84,-29.04,101674.33
563.91,-29.04,101674.33
563.98,-29.04,101674.33
564.04,-29.04,101674.33
564.11,-29.04,101674.33
564.18,-29.04,101674.33
564.25,-29.04,101674.33
564.31,-29.04,101674.33
564.38,-29.04,101674.33
564.45,-29.04,101674.33
564.51,-29.04,101674.33
564.58,-29.04,101674.33
564.65,-29.04,101674.33
564.71,-29.04,101674.33
564.78,-29.04,101674.33
564.85,-29.04,101674.33
564.92,-29.04,101674.33
564.98,-29.04,101674.33
565.05,-29.04,101674.33
565.12,-29.04,101674.33
565.18,-29.04,101674.33
565.25,-29.04,101674.33
565.32,-29.04,101674.33
565.38,-29.04,101674.33
565.46,-29.04,101674.33
565.52,-29.04,101674.33
565.59,-29.04,101674.33
565.66,-29.04,101674.33
565.72,-29.04,101674.33
565.79,-29.04,101674.33
565.85,-29.04,101674.33
565.92,-29.04,101674.33
565.99,-29.04,101674.33
566.05,-29.04,101674.33
566.12,-29.04,101674.33
566.19,-29.04,101674.33
566.25,-29.04,101674.33
566.32,-29.04,101674.33
566.38,-29.04,101674.33
566.45,-29.04,101674.33
566.52,-29.04,101674.33
566.58,-29.04,101674.33
566.65,-29.04,101674.33
566.72,-29.04,101674.33
566.78,-29.04,101674.33
566.85,-29.04,101674.33
566.91,-29.04,101674.33
566.98,-29.04,101674.33
567.05,-29.04,101674.33
567.11,-29.04,101674.33
567.18,-29.04,101674.33
567.25,-29.04,101674.33
567.31,-29.04,101674.33
567.38,-29.04,101674.33
567.45,-29.04,101674.33
567.51,-29.04,101674.33
567.58,-29.04,101674.33
567.64,-29.04,101674.33
567.71,-29.04,101674.33
567.78,-29.04,101674.33
567.84,-29.04,101674.33
567.91,-29.04,101674.33
567.98,-29.04,101674.33
568.04,-29.04,101674.33
568.11,-29.04,101674.33
568.18,-29.04,101674.33
568.24,-29.04,101674.33
568.31,-29.04,101674.33
568.38,-29.04,101674.33
568.44,-29.04,101674.33
568.51,-29.04,101674.33
568.58,-29.04,101674.33
568.64,-29.04,101674.33
568.71,-29.04,101674.33
568.78,-29.04,101674.33
568.84,-29.04,101674.33
568.91,-29.04,101674.33
568.98,-29.04,101674.33
569.04,-29.04,101674.33
569.11,-29.04,101674.33
569.18,-29.04,101674.33
569.24,-29.04,101674.33
569.31,-29.04,101674.33
569.38,-29.04,101674.33
569.44,-29.04,101674.33
569.51,-29.04,101674.33
569.58,-29.04,101674.33
569.65,-29.04,101674.33
569.71,-29.04,101674.33
569.78,-29.04,101674.33
569.85,-29.04,101674.33
569.91,-29.04,101674.33
569.98,-29.04,101674.33
570.05,-29.04,101674.33
570.11,-29.04,101674.33
570.18,-29.04,101674.33
570.25,-29.04,101674.33
570.31,-29.04,101674.33
570.38,-29.04,101674.33
570.45,-29.04,101674.33
570.51,-29.04,101674.33
570.58,-29.04,101674.33
570.65,-29.04,101674.33
570.71,-29.04,101674.33
570.78,-29.04,101674.33
570.85,-29.04,101674.33
570.92,-29.04,101674.33
570.98,-29.04,101674.33
571.05,-29.04,101674.33
571.12,-29.04,101674.33
571.18,-29.04,101674.33
571.25,-29.04,101674.33
571.32,-29.04,101674.33
571.39,-29.04,101674.33
571.45,-29.04,101674.33
571.52,-29.04,101674.33
571.59,-29.04,101674.33
571.65,-29.04,101674.33
571.72,-29.04,101674.33
571.79,-29.04,101674.33
571.86,-29.04,101674.33
571.92,-29.04,101674.33
572.0,-29.04,101674.33
572.07,-29.04,101674.33
572.13,-29.04,101674.33
572.2,-29.04,101674.33
572.26,-29.04,101674.33
572.33,-29.04,101674.33
572.4,-29.04,101674.33
572.46,-29.04,101674.33
572.53,-29.04,101674.33
572.59,-29.04,101674.33
572.66,-29.04,101674.33
572.73,-29.04,101674.33
572.79,-29.04,101674.33
572.86,-29.04,101674.33
572.93,-29.04,101674.33
572.99,-29.04,101674.33
573.06,-29.04,101674.33
573.13,-29.04,101674.33
573.19,-29.04,101674.33
573.26,-29.04,101674.33
573.32,-29.04,101674.33
573.39,-29.04,101674.33
573.46,-29.04,101674.33
573.52,-29.04,101674.33
573.59,-29.04,101674.33
573.66,-29.04,101674.33
573.72,-29.04,101674.33
573.79,-29.04,101674.33
573.85,-29.04,101674.33
573.92,-29.04,101674.33
573.99,-29.04,101674.33
574.06,-29.04,101674.33
574.12,-29.04,101674.33
574.19,-29.04,101674.33
574.26,-29.04,101674.33
574.32,-29.04,101674.33
574.39,-29.04,101674.33
574.46,-29.04,101674.33
574.52,-29.04,101674.33
574.59,-29.04,101674.33
574.66,-29.04,101674.33
574.72,-29.04,101674.33
574.79,-29.04,101674.33
574.86,-29.04,101674.33
574.92,-29.04,101674.33
574.99,-29.04,101674.33
575.06,-29.04,101674.33
575.12,-29.04,101674.33
575.19,-29.04,101674.33
575.26,-29.04,101674.33
575.32,-29.04,101674.33
575.39,-29.04,101674.33
575.46,-29.04,101674.33
575.52,-29.04,101674.33
575.59,-29.04,101674.33
575.66,-29.04,101674.33
575.72,-29.04,101674.33
575.79,-29.04,101674.33
575.86,-29.04,101674.33
575.92,-29.04,101674.33
575.99,-29.04,101674.33
576.06,-29.04,101674.33
576.12,-29.04,101674.33
576.19,-29.04,101674.33
576.26,-29.04,101674.33
576.32,-29.04,101674.33
576.39,-29.04,101674.33
576.46,-29.04,101674.33
576.52,-29.04,101674.33
576.59,-29.04,101674.33
576.66,-29.04,101674.33
576.72,-29.04,101674.33
576.79,-29.04,101674.33
576.86,-29.04,101674.33
576.92,-29.04,101674.33
576.99,-29.04,101674.33
577.06,-29.04,101674.33
577.12,-29.04,101674.33
577.19,-29.04,101674.33
577.26,-29.04,101674.33
577.33,-29.04,101674.33
577.39,-29.04,101674.33
577.46,-29.04,101674.33
577.53,-29.04,101674.33
577.6,-29.04,101674.33
577.66,-29.04,101674.33
577.73,-29.04,101674.33
577.8,-29.04,101674.33
577.86,-29.04,101674.33
577.93,-29.04,101674.33
578.0,-29.04,101674.33
578.06,-29.04,101674.33
578.13,-29.04,101674.33
578.19,-29.04,101674.33
578.26,-29.04,101674.33
578.33,-29.04,101674.33
578.39,-29.04,101674.33
578.46,-29.04,101674.33
578.53,-29.04,101674.33
578.59,-29.04,101674.33
578.66,-29.04,101674.33
578.73,-29.04,101674.33
578.8,-29.04,101674.33
578.86,-29.04,101674.33
578.93,-29.04,101674.33
578.99,-29.04,101674.33
579.06,-29.04,101674.33
579.13,-29.04,101674.33
579.19,-29.04,101674.33
579.26,-29.04,101674.33
579.32,-29.04,101674.33
579.39,-29.04,101674.33
579.46,-29.04,101674.33
579.52,-29.04,101674.33
579.59,-29.04,101674.33
579.65,-29.04,101674.33
579.72,-29.04,101674.33
579.79,-29.04,101674.33
579.85,-29.04,101674.33
579.92,-29.04,101674.33
579.98,-29.04,101674.33
580.05,-29.04,101674.33
580.11,-29.04,101674.33
580.18,-29.04,101674.33
580.24,-29.04,101674.33
580.31,-29.04,101674.33
580.38,-29.04,101674.33
580.44,-29.04,101674.33
580.51,-29.04,101674.33
580.57,-29.04,101674.33
580.64,-29.04,101674.33
580.71,-29.04,101674.33
580.77,-29.04,101674.33
580.84,-29.04,101674.33
580.9,-29.04,101674.33
580.97,-29.04,101674.33
581.03,-29.04,101674.33
581.1,-29.04,101674.33
581.17,-29.04,101674.33
581.23,-29.04,101674.33
581.3,-29.04,101674.33
581.36,-29.04,101674.33
581.43,-29.04,101674.33
581.5,-29.04,101674.33
581.56,-29.04,101674.33
581.63,-29.04,101674.33
581.7,-29.04,101674.33
581.76,-29.04,101674.33
581.83,-29.04,101674.33
581.89,-29.04,101674.33
581.96,-29.04,101674.33
582.03,-29.04,101674.33
582.09,-29.04,101674.33
582.16,-29.04,101674.33
582.22,-29.04,101674.33
582.29,-29.04,101674.33
582.35,-29.04,101674.33
582.42,-29.04,101674.33
582.49,-29.04,101674.33
582.56,-29.04,101674.33
582.62,-29.04,101674.33
582.69,-29.04,101674.33
582.76,-29.04,101674.33
582.82,-29.04,101674.33
582.89,-29.04,101674.33
582.96,-29.04,101674.33
583.02,-29.04,101674.33
583.09,-29.04,101674.33
583.16,-29.04,101674.33
583.22,-29.04,101674.33
583.29,-29.04,101674.33
583.36,-29.04,101674.33
583.42,-29.04,101674.33
583.49,-29.04,101674.33
583.56,-29.04,101674.33
583.62,-29.04,101674.33
583.69,-29.04,101674.33
583.76,-29.04,101674.33
583.83,-29.04,101674.33
583.89,-29.04,101674.33
583.96,-29.04,101674.33
584.03,-29.04,101674.33
584.09,-29.04,101674.33
584.16,-29.04,101674.33
584.23,-29.04,101674.33
584.29,-29.04,101674.33
584.36,-29.04,101674.33
584.43,-29.04,101674.33
584.49,-29.04,101674.33
584.56,-29.04,101674.33
584.63,-29.04,101674.33
584.69,-29.04,101674.33
584.76,-29.04,101674.33
584.83,-29.04,101674.33
584.9,-29.04,101674.33
584.96,-29.04,101674.33
585.03,-29.04,101674.33
585.1,-29.04,101674.33
585.16,-29.04,101674.33
585.23,-29.04,101674.33
585.3,-29.04,101674.33
585.37,-29.04,101674.33
585.44,-29.04,101674.33
585.51,-29.04,101674.33
585.57,-29.04,101674.33
585.64,-29.04,101674.33
585.7,-29.04,101674.33
585.77,-29.04,101674.33
585.84,-29.04,101674.33
585.9,-29.04,101674.33
585.97,-29.04,101674.33
586.04,-29.04,101674.33
586.1,-29.04,101674.33
586.17,-29.04,101674.33
586.24,-29.04,101674.33
586.3,-29.04,101674.33
586.37,-29.04,101674.33
586.44,-29.04,101674.33
586.5,-29.04,101674.33
586.57,-29.04,101674.33
586.63,-29.04,101674.33
586.7,-29.04,101674.33
586.77,-29.04,101674.33
586.83,-29.04,101674.33
586.9,-29.04,101674.33
586.97,-29.04,101674.33
587.03,-29.04,101674.33
587.1,-29.04,101674.33
587.17,-29.04,101674.33
587.23,-29.04,101674.33
587.3,-29.04,101674.33
587.37,-29.04,101674.33
587.43,-29.04,101674.33
587.5,-29.04,101674.33
587.57,-29.04,101674.33
587.63,-29.04,101674.33
587.7,-29.04,101674.33
587.77,-29.04,101674.33
587.83,-29.04,101674.33
587.9,-29.04,101674.33
587.97,-29.04,101674.33
588.03,-29.04,101674.33
588.1,-29.04,101674.33
588.16,-29.04,101674.33
588.23,-29.04,101674.33
588.3,-29.04,101674.33
588.37,-29.04,101674.33
588.43,-29.04,101674.33
588.5,-29.04,101674.33
588.57,-29.04,101674.33
588.63,-29.04,101674.33
588.7,-29.04,101674.33
588.76,-29.04,101674.33
588.83,-29.04,101674.33
588.9,-29.04,101674.33
588.96,-29.04,101674.33
589.03,-29.04,101674.33
589.1,-29.04,101674.33
589.16,-29.04,101674.33
589.23,-29.04,101674.33
589.3,-29.04,101674.33
589.36,-29.04,101674.33
589.43,-29.04,101674.33
589.5,-29.04,101674.33
589.57,-29.04,101674.33
589.63,-29.04,101674.33
589.7,-29.04,101674.33
589.77,-29.04,101674.33
589.83,-29.04,101674.33
589.9,-29.04,101674.33
589.97,-29.04,101674.33
590.03,-29.04,101674.33
590.1,-29.04,101674.33
590.17,-29.04,101674.33
590.23,-29.04,101674.33
590.3,-29.04,101674.33
590.37,-29.04,101674.33
590.43,-29.04,101674.33
590.5,-29.04,101674.33
590.57,-29.04,101674.33
590.63,-29.04,101674.33
590.7,-29.04,101674.33
590.77,-29.04,101674.33
590.84,-29.04,101674.33
590.9,-29.04,101674.33
590.97,-29.04,101674.33
591.04,-29.04,101674.33
591.1,-29.04,101674.33
591.17,-29.04,101674.33
591.24,-29.04,101674.33
591.31,-29.04,101674.33
591.37,-29.04,101674.33
591.44,-29.04,101674.33
591.51,-29.04,101674.33
591.57,-29.04,101674.33
591.64,-29.04,101674.33
591.71,-29.04,101674.33
591.77,-29.04,101674.33
591.84,-29.04,101674.33
591.91,-29.04,101674.33
591.98,-29.04,101674.33
592.05,-29.04,101674.33
592.12,-29.04,101674.33
592.18,-29.04,101674.33
592.25,-29.04,101674.33
592.32,-29.04,101674.33
592.38,-29.04,101674.33
592.45,-29.04,101674.33
592.52,-29.04,101674.33
592.58,-29.04,101674.33
592.65,-29.04,101674.33
592.71,-29.04,101674.33
592.78,-29.04,101674.33
592.85,-29.04,101674.33
592.91,-29.04,101674.33
592.98,-29.04,101674.33
593.05,-29.04,101674.33
593.11,-29.04,101674.33
593.18,-29.04,101674.33
593.25,-29.04,101674.33
593.31,-29.04,101674.33
593.38,-29.04,101674.33
593.44,-29.04,101674.33
593.51,-29.04,101674.33
593.58,-29.04,101674.33
593.64,-29.04,101674.33
593.71,-29.04,101674.33
593.78,-29.04,101674.33
593.84,-29.04,101674.33
593.91,-29.04,101674.33
593.98,-29.04,101674.33
594.04,-29.04,101674.33
594.11,-29.04,101674.33
594.18,-29.04,101674.33
594.24,-29.04,101674.33
594.31,-29.04,101674.33
594.38,-29.04,101674.33
594.44,-29.04,101674.33
594.51,-29.04,101674.33
594.58,-29.04,101674.33
594.64,-29.04,101674.33
594.71,-29.04,101674.33
594.77,-29.04,101674.33
594.84,-29.04,101674.33
594.91,-29.04,101674.33
594.97,-29.04,101674.33
595.04,-29.04,101674.33
595.11,-29.04,101674.33
595.17,-29.04,101674.33
595.24,-29.04,101674.33
595.31,-29.04,101674.33
595.37,-29.04,101674.33
595.44,-29.04,101674.33
595.51,-29.04,101674.33
595.57,-29.04,101674.33
595.64,-29.04,101674.33
595.71,-29.04,101674.33
595.77,-29.04,101674.33
595.84,-29.04,101674.33
595.91,-29.04,101674.33
595.97,-29.04,101674.33
596.04,-29.04,101674.33
596.11,-29.04,101674.33
596.17,-29.04,101674.33
596.24,-29.04,101674.33
596.31,-29.04,101674.33
596.37,-29.04,101674.33
596.44,-29.04,101674.33
596.51,-29.04,101674.33
596.57,-29.04,101674.33
596.64,-29.04,101674.33
596.71,-29.04,101674.33
596.77,-29.04,101674.33
596.84,-29.04,101674.33
596.91,-29.04,101674.33
596.97,-29.04,101674.33
597.04,-29.04,101674.33
597.11,-29.04,101674.33
597.17,-29.04,101674.33
597.24,-29.04,101674.33
597.31,-29.04,101674.33
597.37,-29.04,101674.33
597.44,-29.04,101674.33
597.51,-29.04,101674.33
597.57,-29.04,101674.33
597.64,-29.04,101674.33
597.71,-29.04,101674.33
597.78,-29.04,101674.33
597.84,-29.04,101674.33
597.91,-29.04,101674.33
597.98,-29.04,101674.33
598.04,-29.04,101674.33
598.11,-29.04,101674.33
598.18,-29.04,101674.33
598.24,-29.04,101674.33
598.31,-29.04,101674.33
598.38,-29.04,101674.33
598.46,-29.04,101674.33
598.52,-29.04,101674.33
598.59,-29.04,101674.33
598.65,-29.04,101674.33
598.72,-29.04,101674.33
598.79,-29.04,101674.33
598.85,-29.04,101674.33
598.92,-29.04,101674.33
598.99,-29.04,101674.33
599.05,-29.04,101674.33
599.12,-29.04,101674.33
599.19,-29.04,101674.33
599.25,-29.04,101674.33
599.32,-29.04,101674.33
599.38,-29.04,101674.33
599.45,-29.04,101674.33
599.52,-29.04,101674.33
599.58,-29.04,101674.33
599.65,-29.04,101674.33
599.71,-29.04,101674.33
599.78,-29.04,101674.33
599.85,-29.04,101674.33
599.92,-29.04,101674.33
599.99,-29.04,101674.33
600.06,-29.04,101674.33
600.12,-29.04,101674.33
600.19,-29.04,101674.33
600.25,-29.04,101674.33
600.32,-29.04,101674.33
600.39,-29.04,101674.33
600.45,-29.04,101674.33
600.52,-29.04,101674.33
600.58,-29.04,101674.33
600.65,-29.04,101674.33
600.72,-29.04,101674.33
600.78,-29.04,101674.33
600.85,-29.04,101674.33
600.92,-29.04,101674.33
600.98,-29.04,101674.33
601.05,-29.04,101674.33
601.12,-29.04,101674.33
601.18,-29.04,101674.33
601.25,-29.04,101674.33
601.32,-29.04,101674.33
601.38,-29.04,101674.33
601.45,-29.04,101674.33
601.51,-29.04,101674.33
601.58,-29.04,101674.33
601.65,-29.04,101674.33
601.71,-29.04,101674.33
601.78,-29.04,101674.33
601.85,-29.04,101674.33
601.91,-29.04,101674.33
601.98,-29.04,101674.33
602.05,-29.04,101674.33
602.11,-29.04,101674.33
602.18,-29.04,101674.33
602.25,-29.04,101674.33
602.31,-29.04,101674.33
602.38,-29.04,101674.33
602.45,-29.04,101674.33
602.51,-29.04,101674.33
602.58,-29.04,101674.33
602.65,-29.04,101674.33
602.71,-29.04,101674.33
602.78,-29.04,101674.33
602.85,-29.04,101674.33
602.91,-29.04,101674.33
602.98,-29.04,101674.33
603.05,-29.04,101674.33
603.11,-29.04,101674.33
603.18,-29.04,101674.33
603.25,-29.04,101674.33
603.31,-29.04,101674.33
603.38,-29.04,101674.33
603.45,-29.04,101674.33
603.51,-29.04,101674.33
603.58,-29.04,101674.33
603.65,-29.04,101674.33
603.71,-29.04,101674.33
603.78,-29.04,101674.33
603.85,-29.04,101674.33
603.91,-29.04,101674.33
603.98,-29.04,101674.33
604.05,-29.04,101674.33
604.11,-29.04,101674.33
604.18,-29.04,101674.33
604.25,-29.04,101674.33
604.31,-29.04,101674.33
604.38,-29.04,101674.33
604.45,-29.04,101674.33
604.51,-29.04,101674.33
604.58,-29.04,101674.33
604.65,-29.04,101674.33
604.72,-29.04,101674.33
604.78,-29.04,101674.33
604.85,-29.04,101674.33
604.92,-29.04,101674.33
604.98,-29.04,101674.33
605.05,-29.04,101674.33
605.12,-29.04,101674.33
605.18,-29.04,101674.33
605.25,-29.04,101674.33
605.32,-29.04,101674.33
605.38,-29.04,101674.33
605.45,-29.04,101674.33
605.52,-29.04,101674.33
605.58,-29.04,101674.33
605.65,-29.04,101674.33
605.72,-29.04,101674.33
605.79,-29.04,101674.33
605.85,-29.04,101674.33
605.92,-29.04,101674.33
605.99,-29.04,101674.33
606.05,-29.04,101674.33
606.12,-29.04,101674.33
606.19,-29.04,101674.33
606.26,-29.04,101674.33
606.32,-29.04,101674.33
606.39,-29.04,101674.33
606.46,-29.04,101674.33
606.53,-29.04,101674.33
606.6,-29.04,101674.33
606.66,-29.04,101674.33
606.73,-29.04,101674.33
606.8,-29.04,101674.33
606.86,-29.04,101674.33
606.93,-29.04,101674.33
607.0,-29.04,101674.33
607.06,-29.04,101674.33
607.13,-29.04,101674.33
607.19,-29.04,101674.33
607.26,-29.04,101674.33
607.33,-29.04,101674.33
607.39,-29.04,101674.33
607.46,-29.04,101674.33
607.53,-29.04,101674.33
607.59,-29.04,101674.33
607.66,-29.04,101674.33
607.73,-29.04,101674.33
607.79,-29.04,101674.33
607.86,-29.04,101674.33
607.93,-29.04,101674.33
607.99,-29.04,101674.33
608.06,-29.04,101674.33
608.13,-29.04,101674.33
608.19,-29.04,101674.33
608.26,-29.04,101674.33
608.32,-29.04,101674.33
608.39,-29.04,101674.33
608.46,-29.04,101674.33
608.52,-29.04,101674.33
608.59,-29.04,101674.33
608.66,-29.04,101674.33
608.72,-29.04,101674.33
608.79,-29.04,101674.33
608.86,-29.04,101674.33
608.92,-29.04,101674.33
608.99,-29.04,101674.33
609.06,-29.04,101674.33
609.12,-29.04,101674.33
609.19,-29.04,101674.33
609.25,-29.04,101674.33
609.32,-29.04,101674.33
609.39,-29.04,101674.33
609.45,-29.04,101674.33
609.52,-29.04,101674.33
609.59,-29.04,101674.33
609.66,-29.04,101674.33
609.72,-29.04,101674.33
609.79,-29.04,101674.33
609.86,-29.04,101674.33
609.92,-29.04,101674.33
609.99,-29.04,101674.33
610.06,-29.04,101674.33
610.12,-29.04,101674.33
610.19,-29.04,101674.33
610.26,-29.04,101674.33
610.32,-29.04,101674.33
610.39,-29.04,101674.33
610.46,-29.04,101674.33
610.52,-29.04,101674.33
610.59,-29.04,101674.33
610.66,-29.04,101674.33
610.72,-29.04,101674.33
610.79,-29.04,101674.33
610.86,-29.04,101674.33
610.92,-29.04,101674.33
610.99,-29.04,101674.33
611.06,-29.04,101674.33
611.12,-29.04,101674.33
611.19,-29.04,101674.33
611.26,-29.04,101674.33
611.32,-29.04,101674.33
611.39,-29.04,101674.33
611.46,-29.04,101674.33
611.53,-29.04,101674.33
611.59,-29.04,101674.33
611.66,-29.04,101674.33
611.73,-29.04,101674.33
611.79,-29.04,101674.33
611.86,-29.04,101674.33
611.93,-29.04,101674.33
611.99,-29.04,101674.33
612.06,-29.04,101674.33
612.13,-29.04,101674.33
612.19,-29.04,101674.33
612.26,-29.04,101674.33
612.33,-29.04,101674.33
612.4,-29.04,101674.33
612.46,-29.04,101674.33
612.53,-29.04,101674.33
612.6,-29.04,101674.33
612.66,-29.04,101674.33
612.73,-29.04,101674.33
612.8,-29.04,101674.33
612.87,-29.04,101674.33
612.93,-29.04,101674.33
613.0,-29.04,101674.33
613.07,-29.04,101674.33
613.13,-29.04,101674.33
613.2,-29.04,101674.33
613.27,-29.04,101674.33
613.34,-29.04,101674.33
613.41,-29.04,101674.33
613.47,-29.04,101674.33
613.54,-29.04,101674.33
613.61,-29.04,101674.33
613.67,-29.04,101674.33
613.74,-29.04,101674.33
613.81,-29.04,101674.33
613.87,-29.04,101674.33
613.94,-29.04,101674.33
614.01,-29.04,101674.33
614.07,-29.04,101674.33
614.14,-29.04,101674.33
614.21,-29.04,101674.33
614.27,-29.04,101674.33
614.34,-29.04,101674.33
614.41,-29.04,101674.33
614.47,-29.04,101674.33
614.54,-29.04,101674.33
614.6,-29.04,101674.33
614.67,-29.04,101674.33
614.74,-29.04,101674.33
614.8,-29.04,101674.33
614.87,-29.04,101674.33
614.94,-29.04,101674.33
615.0,-29.04,101674.33
615.07,-29.04,101674.33
615.14,-29.04,101674.33
615.2,-29.04,101674.33
615.27,-29.04,101674.33
615.34,-29.04,101674.33
615.4,-29.04,101674.33
615.47,-29.04,101674.33
615.54,-29.04,101674.33
615.6,-29.04,101674.33
615.67,-29.04,101674.33
615.73,-29.04,101674.33
615.8,-29.04,101674.33
615.87,-29.04,101674.33
615.93,-29.04,101674.33
616.0,-29.04,101674.33
616.07,-29.04,101674.33
616.13,-29.04,101674.33
616.2,-29.04,101674.33
616.27,-29.04,101674.33
616.34,-29.04,101674.33
616.4,-29.04,101674.33
616.47,-29.04,101674.33
616.53,-29.04,101674.33
616.6,-29.04,101674.33
616.67,-29.04,101674.33
616.73,-29.04,101674.33
616.8,-29.04,101674.33
616.87,-29.04,101674.33
616.93,-29.04,101674.33
617.0,-29.04,101674.33
617.07,-29.04,101674.33
617.13,-29.04,101674.33
617.2,-29.04,101674.33
617.27,-29.04,101674.33
617.34,-29.04,101674.33
617.4,-29.04,101674.33
617.47,-29.04,101674.33
617.54,-29.04,101674.33
617.6,-29.04,101674.33
617.67,-29.04,101674.33
617.74,-29.04,101674.33
617.8,-29.04,101674.33
617.87,-29.04,101674.33
617.94,-29.04,101674.33
618.0,-29.04,101674.33
618.07,-29.04,101674.33
618.14,-29.04,101674.33
618.21,-29.04,101674.33
618.27,-29.04,101674.33
618.34,-29.04,101674.33
618.41,-29.04,101674.33
618.47,-29.04,101674.33
618.54,-29.04,101674.33
618.61,-29.04,101674.33
618.68,-29.04,101674.33
618.74,-29.04,101674.33
618.81,-29.04,101674.33
618.88,-29.04,101674.33
618.94,-29.04,101674.33
619.01,-29.04,101674.33
619.08,-29.04,101674.33
619.15,-29.04,101674.33
619.21,-29.04,101674.33
619.28,-29.04,101674.33
619.35,-29.04,101674.33
619.42,-29.04,101674.33
619.48,-29.04,101674.33
619.55,-29.04,101674.33
619.62,-29.04,101674.33
619.68,-29.04,101674.33
619.75,-29.04,101674.33
619.82,-29.04,101674.33
619.88,-29.04,101674.33
619.95,-29.04,101674.33
620.02,-29.04,101674.33
620.09,-29.04,101674.33
620.16,-29.04,101674.33
620.22,-29.04,101674.33
620.29,-29.04,101674.33
620.36,-29.04,101674.33
620.42,-29.04,101674.33
620.49,-29.04,101674.33
620.56,-29.04,101674.33
620.62,-29.04,101674.33
620.69,-29.04,101674.33
620.76,-29.04,101674.33
620.82,-29.04,101674.33
620.89,-29.04,101674.33
620.95,-29.04,101674.33
621.02,-29.04,101674.33
621.09,-29.04,101674.33
621.15,-29.04,101674.33
621.22,-29.04,101674.33
621.29,-29.04,101674.33
621.35,-29.04,101674.33
621.42,-29.04,101674.33
621.49,-29.04,101674.33
621.55,-29.04,101674.33
621.62,-29.04,101674.33
621.68,-29.04,101674.33
621.75,-29.04,101674.33
621.82,-29.04,101674.33
621.88,-29.04,101674.33
621.95,-29.04,101674.33
622.02,-29.04,101674.33
622.09,-29.04,101674.33
622.15,-29.04,101674.33
622.22,-29.04,101674.33
622.29,-29.04,101674.33
622.35,-29.04,101674.33
622.42,-29.04,101674.33
622.48,-29.04,101674.33
622.55,-29.04,101674.33
622.62,-29.04,101674.33
622.68,-29.04,101674.33
622.75,-29.04,101674.33
622.82,-29.04,101674.33
622.88,-29.04,101674.33
622.95,-29.04,101674.33
623.02,-29.04,101674.33
623.08,-29.04,101674.33
623.15,-29.04,101674.33
623.22,-29.04,101674.33
623.28,-29.04,101674.33
623.35,-29.04,101674.33
623.42,-29.04,101674.33
623.48,-29.04,101674.33
623.55,-29.04,101674.33
623.62,-29.04,101674.33
623.68,-29.04,101674.33
623.75,-29.04,101674.33
623.82,-29.04,101674.33
623.89,-29.04,101674.33
623.95,-29.04,101674.33
624.02,-29.04,101674.33
624.09,-29.04,101674.33
624.15,-29.04,101674.33
624.22,-29.04,101674.33
624.29,-29.04,101674.33
624.35,-29.04,101674.33
624.42,-29.04,101674.33
624.49,-29.04,101674.33
624.56,-29.04,101674.33
624.62,-29.04,101674.33
624.69,-29.04,101674.33
624.76,-29.04,101674.33
624.82,-29.04,101674.33
624.89,-29.04,101674.33
624.96,-29.04,101674.33
625.02,-29.04,101674.33
625.09,-29.04,101674.33
625.16,-29.04,101674.33
625.23,-29.04,101674.33
625.29,-29.04,101674.33
625.36,-29.04,101674.33
625.43,-29.04,101674.33
625.49,-29.04,101674.33
625.56,-29.04,101674.33
625.63,-29.04,101674.33
625.7,-29.04,101674.33
625.76,-29.04,101674.33
625.83,-29.04,101674.33
625.9,-29.04,101674.33
625.96,-29.04,101674.33
626.03,-29.04,101674.33
626.1,-29.04,101674.33
626.17,-29.04,101674.33
626.23,-29.04,101674.33
626.3,-29.04,101674.33
626.37,-29.04,101674.33
626.43,-29.04,101674.33
626.5,-29.04,101674.33
626.57,-29.04,101674.33
626.64,-29.04,101674.33
626.71,-29.04,101674.33
626.77,-29.04,101674.33
626.84,-29.04,101674.33
626.91,-29.04,101674.33
626.97,-29.04,101674.33
627.04,-29.04,101674.33
627.11,-29.04,101674.33
627.17,-29.04,101674.33
627.24,-29.04,101674.33
627.31,-29.04,101674.33
627.37,-29.04,101674.33
627.44,-29.04,101674.33
627.51,-29.04,101674.33
627.57,-29.04,101674.33
627.64,-29.04,101674.33
627.7,-29.04,101674.33
627.77,-29.04,101674.33
627.84,-29.04,101674.33
627.9,-29.04,101674.33
627.97,-29.04,101674.33
628.04,-29.04,101674.33
628.1,-29.04,101674.33
628.17,-29.04,101674.33
628.24,-29.04,101674.33
628.3,-29.04,101674.33
628.37,-29.04,101674.33
628.44,-29.04,101674.33
628.5,-29.04,101674.33
628.57,-29.04,101674.33
628.63,-29.04,101674.33
628.7,-29.04,101674.33
628.77,-29.04,101674.33
628.84,-29.04,101674.33
628.9,-29.04,101674.33
628.97,-29.04,101674.33
629.04,-29.04,101674.33
629.1,-29.04,101674.33
629.17,-29.04,101674.33
629.24,-29.04,101674.33
629.3,-29.04,101674.33
629.37,-29.04,101674.33
629.44,-29.04,101674.33
629.5,-29.04,101674.33
629.57,-29.04,101674.33
629.64,-29.04,101674.33
629.7,-29.04,101674.33
629.77,-29.04,101674.33
629.84,-29.04,101674.33
629.9,-29.04,101674.33
629.97,-29.04,101674.33
630.04,-29.04,101674.33
630.1,-29.04,101674.33
630.17,-29.04,101674.33
630.24,-29.04,101674.33
630.3,-29.04,101674.33
630.37,-29.04,101674.33
630.44,-29.04,101674.33
630.5,-29.04,101674.33
630.57,-29.04,101674.33
630.64,-29.04,101674.33
630.71,-29.04,101674.33
630.77,-29.04,101674.33
630.84,-29.04,101674.33
630.91,-29.04,101674.33
630.97,-29.04,101674.33
631.04,-29.04,101674.33
631.11,-29.04,101674.33
631.17,-29.04,101674.33
631.24,-29.04,101674.33
631.31,-29.04,101674.33
631.37,-29.04,101674.33
631.44,-29.04,101674.33
631.51,-29.04,101674.33
631.58,-29.04,101674.33
631.64,-29.04,101674.33
631.71,-29.04,101674.33
631.78,-29.04,101674.33
631.84,-29.04,101674.33
631.91,-29.04,101674.33
631.98,-29.04,101674.33
632.05,-29.04,101674.33
632.11,-29.04,101674.33
632.18,-29.04,101674.33
632.25,-29.04,101674.33
632.31,-29.04,101674.33
632.38,-29.04,101674.33
632.45,-29.04,101674.33
632.51,-29.04,101674.33
632.58,-29.04,101674.33
632.65,-29.04,101674.33
632.72,-29.04,101674.33
632.78,-29.04,101674.33
632.85,-29.04,101674.33
632.92,-29.04,101674.33
632.99,-29.04,101674.33
633.05,-29.04,101674.33
633.13,-29.04,101674.33
633.19,-29.04,101674.33
633.26,-29.04,101674.33
633.33,-29.04,101674.33
633.39,-29.04,101674.33
633.46,-29.04,101674.33
633.53,-29.04,101674.33
633.59,-29.04,101674.33
633.66,-29.04,101674.33
633.73,-29.04,101674.33
633.79,-29.04,101674.33
633.86,-29.04,101674.33
633.93,-29.04,101674.33
633.99,-29.04,101674.33
634.06,-29.04,101674.33
634.13,-29.04,101674.33
634.19,-29.04,101674.33
634.26,-29.04,101674.33
634.32,-29.04,101674.33
634.39,-29.04,101674.33
634.46,-29.04,101674.33
634.52,-29.04,101674.33
634.59,-29.04,101674.33
634.66,-29.04,101674.33
634.72,-29.04,101674.33
634.79,-29.04,101674.33
634.86,-29.04,101674.33
634.92,-29.04,101674.33
634.99,-29.04,101674.33
635.05,-29.04,101674.33
635.12,-29.04,101674.33
635.19,-29.04,101674.33
635.25,-29.04,101674.33
635.32,-29.04,101674.33
635.39,-29.04,101674.33
635.45,-29.04,101674.33
635.52,-29.04,101674.33
635.59,-29.04,101674.33
635.65,-29.04,101674.33
635.72,-29.04,101674.33
635.79,-29.04,101674.33
635.85,-29.04,101674.33
635.92,-29.04,101674.33
635.99,-29.04,101674.33
636.05,-29.04,101674.33
636.12,-29.04,101674.33
636.19,-29.04,101674.33
636.25,-29.04,101674.33
636.32,-29.04,101674.33
636.39,-29.04,101674.33
636.45,-29.04,101674.33
636.52,-29.04,101674.33
636.59,-29.04,101674.33
636.65,-29.04,101674.33
636.72,-29.04,101674.33
636.79,-29.04,101674.33
636.85,-29.04,101674.33
636.92,-29.04,101674.33
636.99,-29.04,101674.33
637.05,-29.04,101674.33
637.12,-29.04,101674.33
637.19,-29.04,101674.33
637.25,-29.04,101674.33
637.32,-29.04,101674.33
637.39,-29.04,101674.33
637.46,-29.04,101674.33
637.52,-29.04,101674.33
637.59,-29.04,101674.33
637.66,-29.04,101674.33
637.72,-29.04,101674.33
637.79,-29.04,101674.33
637.86,-29.04,101674.33
637.92,-29.04,101674.33
637.99,-29.04,101674.33
638.06,-29.04,101674.33
638.12,-29.04,101674.33
638.19,-29.04,101674.33
638.26,-29.04,101674.33
638.32,-29.04,101674.33
638.39,-29.04,101674.33
638.46,-29.04,101674.33
638.53,-29.04,101674.33
638.59,-29.04,101674.33
638.66,-29.04,101674.33
638.73,-29.04,101674.33
638.79,-29.04,101674.33
638.86,-29.04,101674.33
638.93,-29.04,101674.33
638.99,-29.04,101674.33
639.06,-29.04,101674.33
639.13,-29.04,101674.33
639.2,-29.04,101674.33
639.26,-29.04,101674.33
639.33,-29.04,101674.33
639.4,-29.04,101674.33
639.47,-29.04,101674.33
639.53,-29.04,101674.33
639.6,-29.04,101674.33
639.67,-29.04,101674.33
639.74,-29.04,101674.33
639.81,-29.04,101674.33
639.87,-29.04,101674.33
639.94,-29.04,101674.33
640.01,-29.04,101674.33
640.07,-29.04,101674.33
640.14,-29.04,101674.33
640.21,-29.04,101674.33
640.27,-29.04,101674.33
640.34,-29.04,101674.33
640.41,-29.04,101674.33
640.47,-29.04,101674.33
640.54,-29.04,101674.33
640.61,-29.04,101674.33
640.67,-29.04,101674.33
640.74,-29.04,101674.33
640.8,-29.04,101674.33
640.87,-29.04,101674.33
640.94,-29.04,101674.33
641.0,-29.04,101674.33
641.07,-29.04,101674.33
641.15,-29.04,101674.33
641.21,-29.04,101674.33
641.28,-29.04,101674.33
641.35,-29.04,101674.33
641.41,-29.04,101674.33
641.48,-29.04,101674.33
641.54,-29.04,101674.33
641.61,-29.04,101674.33
641.68,-29.04,101674.33
641.74,-29.04,101674.33
641.81,-29.04,101674.33
641.88,-29.04,101674.33
641.94,-29.04,101674.33
642.01,-29.04,101674.33
642.07,-29.04,101674.33
642.14,-29.04,101674.33
642.21,-29.04,101674.33
642.27,-29.04,101674.33
642.34,-29.04,101674.33
642.41,-29.04,101674.33
642.47,-29.04,101674.33
642.54,-29.04,101674.33
642.61,-29.04,101674.33
642.67,-29.04,101674.33
642.74,-29.04,101674.33
642.8,-29.04,101674.33
642.87,-29.04,101674.33
642.94,-29.04,101674.33
643.0,-29.04,101674.33
643.07,-29.04,101674.33
643.14,-29.04,101674.33
643.2,-29.04,101674.33
643.27,-29.04,101674.33
643.34,-29.04,101674.33
643.4,-29.04,101674.33
643.47,-29.04,101674.33
643.54,-29.04,101674.33
643.6,-29.04,101674.33
643.67,-29.04,101674.33
643.74,-29.04,101674.33
643.8,-29.04,101674.33
643.87,-29.04,101674.33
643.94,-29.04,101674.33
644.0,-29.04,101674.33
644.07,-29.04,101674.33
644.14,-29.04,101674.33
644.21,-29.04,101674.33
644.27,-29.04,101674.33
644.34,-29.04,101674.33
644.41,-29.04,101674.33
644.47,-29.04,101674.33
644.54,-29.04,101674.33
644.61,-29.04,101674.33
644.67,-29.04,101674.33
644.74,-29.04,101674.33
644.81,-29.04,101674.33
644.87,-29.04,101674.33
644.94,-29.04,101674.33
645.01,-29.04,101674.33
645.08,-29.04,101674.33
645.14,-29.04,101674.33
645.21,-29.04,101674.33
645.28,-29.04,101674.33
645.34,-29.04,101674.33
645.41,-29.04,101674.33
645.48,-29.04,101674.33
645.54,-29.04,101674.33
645.61,-29.04,101674.33
645.68,-29.04,101674.33
645.74,-29.04,101674.33
645.81,-29.04,101674.33
645.88,-29.04,101674.33
645.94,-29.04,101674.33
646.01,-29.04,101674.33
646.08,-29.04,101674.33
646.15,-29.04,101674.33
646.21,-29.04,101674.33
646.28,-29.04,101674.33
646.35,-29.04,101674.33
646.41,-29.04,101674.33
646.48,-29.04,101674.33
646.55,-29.04,101674.33
646.61,-29.04,101674.33
646.68,-29.04,101674.33
646.75,-29.04,101674.33
646.82,-29.04,101674.33
646.88,-29.04,101674.33
646.95,-29.04,101674.33
647.02,-29.04,101674.33
647.09,-29.04,101674.33
647.15,-29.04,101674.33
647.22,-29.04,101674.33
647.29,-29.04,101674.33
647.35,-29.04,101674.33
647.42,-29.04,101674.33
647.49,-29.04,101674.33
647.55,-29.04,101674.33
647.62,-29.04,101674.33
647.69,-29.04,101674.33
647.76,-29.04,101674.33
647.83,-29.04,101674.33
647.89,-29.04,101674.33
647.96,-29.04,101674.33
648.03,-29.04,101674.33
648.09,-29.04,101674.33
648.16,-29.04,101674.33
648.23,-29.04,101674.33
648.29,-29.04,101674.33
648.36,-29.04,101674.33
648.42,-29.04,101674.33
648.49,-29.04,101674.33
648.56,-29.04,101674.33
648.62,-29.04,101674.33
648.69,-29.04,101674.33
648.75,-29.04,101674.33
648.82,-29.04,101674.33
648.89,-29.04,101674.33
648.95,-29.04,101674.33
649.02,-29.04,101674.33
649.09,-29.04,101674.33
649.15,-29.04,101674.33
649.22,-29.04,101674.33
649.29,-29.04,101674.33
649.35,-29.04,101674.33
649.42,-29.04,101674.33
649.49,-29.04,101674.33
649.55,-29.04,101674.33
649.62,-29.04,101674.33
649.68,-29.04,101674.33
649.75,-29.04,101674.33
649.82,-29.04,101674.33
649.88,-29.04,101674.33
649.95,-29.04,101674.33
650.02,-29.04,101674.33
650.08,-29.04,101674.33
650.15,-29.04,101674.33
650.22,-29.04,101674.33
650.28,-29.04,101674.33
650.35,-29.04,101674.33
650.42,-29.04,101674.33
650.48,-29.04,101674.33
650.55,-29.04,101674.33
650.62,-29.04,101674.33
650.68,-29.04,101674.33
650.75,-29.04,101674.33
650.82,-29.04,101674.33
650.88,-29.04,101674.33
650.95,-29.04,101674.33
651.02,-29.04,101674.33
651.08,-29.04,101674.33
651.15,-29.04,101674.33
651.22,-29.04,101674.33
651.28,-29.04,101674.33
651.35,-29.04,101674.33
651.42,-29.04,101674.33
651.48,-29.04,101674.33
651.84,-29.04,101674.33
651.91,-29.04,101674.33
652.0,-29.04,101674.33
652.06,-29.04,101674.33
652.13,-29.04,101674.33
652.2,-29.04,101674.33
652.27,-29.04,101674.33
652.33,-29.04,101674.33
652.4,-29.04,101674.33
652.47,-29.04,101674.33
652.53,-29.04,101674.33
652.6,-29.04,101674.33
652.67,-29.04,101674.33
652.73,-29.04,101674.33
652.8,-29.04,101674.33
652.87,-29.04,101674.33
652.94,-29.04,101674.33
653.01,-29.04,101674.33
653.08,-29.04,101674.33
653.14,-29.04,101674.33
653.21,-29.04,101674.33
653.28,-29.04,101674.33
653.34,-29.04,101674.33
653.41,-29.04,101674.33
653.48,-29.04,101674.33
653.54,-29.04,101674.33
653.61,-29.04,101674.33
653.68,-29.04,101674.33
653.74,-29.04,101674.33
653.81,-29.04,101674.33
653.88,-29.04,101674.33
653.95,-29.04,101674.33
654.02,-29.04,101674.33
654.1,-29.04,101674.33
654.17,-29.04,101674.33
654.25,-29.04,101674.33
654.32,-29.04,101674.33
654.4,-29.04,101674.33
654.47,-29.04,101674.33
654.54,-29.04,101674.33
654.6,-29.04,101674.33
654.67,-29.04,101674.33
654.74,-29.04,101674.33
654.81,-29.04,101674.33
654.88,-29.04,101674.33
654.95,-29.04,101674.33
655.01,-29.04,101674.33
655.08,-29.04,101674.33
655.15,-29.04,101674.33
655.22,-29.04,101674.33
655.29,-29.04,101674.33
655.35,-29.04,101674.33
655.42,-29.04,101674.33
655.49,-29.04,101674.33
655.56,-29.04,101674.33
655.63,-29.04,101674.33
655.69,-29.04,101674.33
655.76,-29.04,101674.33
655.82,-29.04,101674.33
655.89,-29.04,101674.33
655.96,-29.04,101674.33
656.02,-29.04,101674.33
656.09,-29.04,101674.33
656.16,-29.04,101674.33
656.23,-29.04,101674.33
656.29,-29.04,101674.33
656.36,-29.04,101674.33
656.43,-29.04,101674.33
656.5,-29.04,101674.33
656.57,-29.04,101674.33
656.64,-29.04,101674.33
656.71,-29.04,101674.33
656.78,-29.04,101674.33
656.84,-29.04,101674.33
656.91,-29.04,101674.33
656.98,-29.04,101674.33
657.05,-29.04,101674.33
657.12,-29.04,101674.33
657.19,-29.04,101674.33
657.26,-29.04,101674.33
657.32,-29.04,101674.33
657.39,-29.04,101674.33
657.45,-29.04,101674.33
657.52,-29.04,101674.33
657.59,-29.04,101674.33
657.65,-29.04,101674.33
657.72,-29.04,101674.33
657.79,-29.04,101674.33
657.86,-29.04,101674.33
657.92,-29.04,101674.33
657.99,-29.04,101674.33
658.07,-29.04,101674.33
658.13,-29.04,101674.33
658.2,-29.04,101674.33
658.27,-29.04,101674.33
658.33,-29.04,101674.33
658.4,-29.04,101674.33
658.47,-29.04,101674.33
658.53,-29.04,101674.33
658.6,-29.04,101674.33
658.67,-29.04,101674.33
658.73,-29.04,101674.33
658.81,-29.04,101674.33
658.88,-29.04,101674.33
658.94,-29.04,101674.33
659.02,-29.04,101674.33
659.09,-29.04,101674.33
659.16,-29.04,101674.33
659.22,-29.04,101674.33
659.29,-29.04,101674.33
659.35,-29.04,101674.33
659.42,-29.04,101674.33
659.49,-29.04,101674.33
659.56,-29.04,101674.33
659.62,-29.04,101674.33
659.69,-29.04,101674.33
659.76,-29.04,101674.33
659.83,-29.04,101674.33
659.89,-29.04,101674.33
659.96,-29.04,101674.33
660.03,-29.04,101674.33
660.1,-29.04,101674.33
660.17,-29.04,101674.33
660.24,-29.04,101674.33
660.3,-29.04,101674.33
660.37,-29.04,101674.33
660.44,-29.04,101674.33
660.51,-29.04,101674.33
660.57,-29.04,101674.33
660.64,-29.04,101674.33
660.71,-29.04,101674.33
660.78,-29.04,101674.33
660.85,-29.04,101674.33
660.92,-29.04,101674.33
660.99,-29.04,101674.33
661.06,-29.04,101674.33
661.12,-29.04,101674.33
661.19,-29.04,101674.33
661.26,-29.04,101674.33
661.33,-29.04,101674.33
661.4,-29.04,101674.33
661.46,-29.04,101674.33
661.53,-29.04,101674.33
661.6,-29.04,101674.33
661.66,-29.04,101674.33
661.73,-29.04,101674.33
661.8,-29.04,101674.33
661.86,-29.04,101674.33
661.93,-29.04,101674.33
662.0,-29.04,101674.33
662.07,-29.04,101674.33
662.14,-29.04,101674.33
662.2,-29.04,101674.33
662.27,-29.04,101674.33
662.34,-29.04,101674.33
662.4,-29.04,101674.33
662.47,-29.04,101674.33
662.54,-29.04,101674.33
662.6,-29.04,101674.33
662.67,-29.04,101674.33
662.74,-29.04,101674.33
662.8,-29.04,101674.33
662.87,-29.04,101674.33
662.94,-29.04,101674.33
663.01,-29.04,101674.33
663.08,-29.04,101674.33
663.15,-29.04,101674.33
663.22,-29.04,101674.33
663.28,-29.04,101674.33
663.35,-29.04,101674.33
663.42,-29.04,101674.33
663.48,-29.04,101674.33
663.55,-29.04,101674.33
663.61,-29.04,101674.33
663.68,-29.04,101674.33
663.75,-29.04,101674.33
663.82,-29.04,101674.33
663.88,-29.04,101674.33
663.95,-29.04,101674.33
664.02,-29.04,101674.33
664.09,-29.04,101674.33
664.16,-29.04,101674.33
664.23,-29.04,101674.33
664.3,-29.04,101674.33
664.36,-29.04,101674.33
664.43,-29.04,101674.33
664.5,-29.04,101674.33
664.56,-29.04,101674.33
664.63,-29.04,101674.33
664.7,-29.04,101674.33
664.76,-29.04,101674.33
664.83,-29.04,101674.33
664.9,-29.04,101674.33
664.97,-29.04,101674.33
665.04,-29.04,101674.33
665.11,-29.04,101674.33
665.18,-29.04,101674.33
665.25,-29.04,101674.33
665.32,-29.04,101674.33
665.39,-29.04,101674.33
665.46,-29.04,101674.33
665.52,-29.04,101674.33
665.59,-29.04,101674.33
665.66,-29.04,101674.33
665.73,-29.04,101674.33
665.8,-29.04,101674.33
665.86,-29.04,101674.33
665.94,-29.04,101674.33
666.01,-29.04,101674.33
666.07,-29.04,101674.33
666.14,-29.04,101674.33
666.21,-29.04,101674.33
666.27,-29.04,101674.33
666.34,-29.04,101674.33
666.41,-29.04,101674.33
666.48,-29.04,101674.33
666.54,-29.04,101674.33
666.61,-29.04,101674.33
666.68,-29.04,101674.33
666.75,-29.04,101674.33
666.82,-29.04,101674.33
666.89,-29.04,101674.33
666.96,-29.04,101674.33
667.02,-29.04,101674.33
667.09,-29.04,101674.33
667.16,-29.04,101674.33
667.22,-29.04,101674.33
667.29,-29.04,101674.33
667.36,-29.04,101674.33
667.42,-29.04,101674.33
667.49,-29.04,101674.33
667.56,-29.04,101674.33
667.63,-29.04,101674.33
667.7,-29.04,101674.33
667.77,-29.04,101674.33
667.84,-29.04,101674.33
667.9,-29.04,101674.33
667.98,-29.04,101674.33
668.05,-29.04,101674.33
668.12,-29.04,101674.33
668.18,-29.04,101674.33
668.25,-29.04,101674.33
668.33,-29.04,101674.33
668.39,-29.04,101674.33
668.46,-29.04,101674.33
668.53,-29.04,101674.33
668.6,-29.04,101674.33
668.66,-29.04,101674.33
668.73,-29.04,101674.33
668.8,-29.04,101674.33
668.87,-29.04,101674.33
668.93,-29.04,101674.33
669.0,-29.04,101674.33
669.07,-29.04,101674.33
669.14,-29.04,101674.33
669.21,-29.04,101674.33
669.27,-29.04,101674.33
669.34,-29.04,101674.33
669.41,-29.04,101674.33
669.47,-29.04,101674.33
669.54,-29.04,101674.33
669.61,-29.04,101674.33
669.67,-29.04,101674.33
669.74,-29.04,101674.33
669.81,-29.04,101674.33
669.88,-29.04,101674.33
669.95,-29.04,101674.33
670.02,-29.04,101674.33
670.09,-29.04,101674.33
670.16,-29.04,101674.33
670.22,-29.04,101674.33
670.29,-29.04,101674.33
670.36,-29.04,101674.33
670.42,-29.04,101674.33
670.49,-29.04,101674.33
670.56,-29.04,101674.33
670.62,-29.04,101674.33
670.69,-29.04,101674.33
670.77,-29.04,101674.33
670.84,-29.04,101674.33
670.9,-29.04,101674.33
670.97,-29.04,101674.33
671.04,-29.04,101674.33
671.11,-29.04,101674.33
671.17,-29.04,101674.33
671.24,-29.04,101674.33
671.31,-29.04,101674.33
671.37,-29.04,101674.33
671.44,-29.04,101674.33
671.51,-29.04,101674.33
671.57,-29.04,101674.33
671.64,-29.04,101674.33
671.71,-29.04,101674.33
671.78,-29.04,101674.33
671.85,-29.04,101674.33
671.92,-29.04,101674.33
671.99,-29.04,101674.33
672.06,-29.04,101674.33
672.12,-29.04,101674.33
672.19,-29.04,101674.33
672.26,-29.04,101674.33
672.32,-29.04,101674.33
672.39,-29.04,101674.33
672.46,-29.04,101674.33
672.52,-29.04,101674.33
672.59,-29.04,101674.33
672.66,-29.04,101674.33
672.73,-29.04,101674.33
672.8,-29.04,101674.33
672.86,-29.04,101674.33
672.93,-29.04,101674.33
673.0,-29.04,101674.33
673.07,-29.04,101674.33
673.14,-29.04,101674.33
673.21,-29.04,101674.33
673.27,-29.04,101674.33
673.34,-29.04,101674.33
673.41,-29.04,101674.33
673.47,-29.04,101674.33
673.54,-29.04,101674.33
673.61,-29.04,101674.33
673.67,-29.04,101674.33
673.74,-29.04,101674.33
673.81,-29.04,101674.33
673.88,-29.04,101674.33
673.94,-29.04,101674.33
674.01,-29.04,101674.33
674.08,-29.04,101674.33
674.15,-29.04,101674.33
674.22,-29.04,101674.33
674.29,-29.04,101674.33
674.36,-29.04,101674.33
674.43,-29.04,101674.33
674.5,-29.04,101674.33
674.57,-29.04,101674.33
674.64,-29.04,101674.33
674.71,-29.04,101674.33
674.78,-29.04,101674.33
674.84,-29.04,101674.33
674.91,-29.04,101674.33
674.97,-29.04,101674.33
675.04,-29.04,101674.33
675.11,-29.04,101674.33
675.18,-29.04,101674.33
675.24,-29.04,101674.33
675.31,-29.04,101674.33
675.38,-29.04,101674.33
675.45,-29.04,101674.33
675.52,-29.04,101674.33
675.59,-29.04,101674.33
675.66,-29.04,101674.33
675.72,-29.04,101674.33
675.79,-29.04,101674.33
675.85,-29.04,101674.33
675.92,-29.04,101674.33
675.99,-29.04,101674.33
676.05,-29.04,101674.33
676.12,-29.04,101674.33
676.19,-29.04,101674.33
676.25,-29.04,101674.33
676.32,-29.04,101674.33
676.39,-29.04,101674.33
676.46,-29.04,101674.33
676.53,-29.04,101674.33
676.6,-29.04,101674.33
676.67,-29.04,101674.33
676.74,-29.04,101674.33
676.8,-29.04,101674.33
676.87,-29.04,101674.33
676.94,-29.04,101674.33
677.01,-29.04,101674.33
677.08,-29.04,101674.33
677.14,-29.04,101674.33
677.22,-29.04,101674.33
677.28,-29.04,101674.33
677.35,-29.04,101674.33
677.42,-29.04,101674.33
677.48,-29.04,101674.33
677.55,-29.04,101674.33
677.62,-29.04,101674.33
677.69,-29.04,101674.33
677.75,-29.04,101674.33
677.82,-29.04,101674.33
677.89,-29.04,101674.33
677.96,-29.04,101674.33
678.03,-29.04,101674.33
678.1,-29.04,101674.33
678.17,-29.04,101674.33
678.23,-29.04,101674.33
678.3,-29.04,101674.33
678.37,-29.04,101674.33
678.44,-29.04,101674.33
678.51,-29.04,101674.33
678.58,-29.04,101674.33
678.65,-29.04,101674.33
678.71,-29.04,101674.33
678.78,-29.04,101674.33
678.85,-29.04,101674.33
678.91,-29.04,101674.33
678.98,-29.04,101674.33
679.05,-29.04,101674.33
679.11,-29.04,101674.33
679.18,-29.04,101674.33
679.25,-29.04,101674.33
679.32,-29.04,101674.33
679.39,-29.04,101674.33
679.46,-29.04,101674.33
679.52,-29.04,101674.33
679.59,-29.04,101674.33
679.67,-29.04,101674.33
679.73,-29.04,101674.33
679.8,-29.04,101674.33
679.87,-29.04,101674.33
679.94,-29.04,101674.33
680.01,-29.04,101674.33
680.07,-29.04,101674.33
680.15,-29.04,101674.33
680.21,-29.04,101674.33
680.28,-29.04,101674.33
680.35,-29.04,101674.33
680.42,-29.04,101674.33
680.49,-29.04,101674.33
680.56,-29.04,101674.33
680.63,-29.04,101674.33
680.7,-29.04,101674.33
680.76,-29.04,101674.33
680.83,-29.04,101674.33
680.9,-29.04,101674.33
680.97,-29.04,101674.33
681.04,-29.04,101674.33
681.11,-29.04,101674.33
681.18,-29.04,101674.33
681.24,-29.04,101674.33
681.32,-29.04,101674.33
681.38,-29.04,101674.33
681.45,-29.04,101674.33
681.52,-29.04,101674.33
681.58,-29.04,101674.33
681.65,-29.04,101674.33
681.72,-29.04,101674.33
681.79,-29.04,101674.33
681.86,-29.04,101674.33
681.93,-29.04,101674.33
682.0,-29.04,101674.33
682.06,-29.04,101674.33
682.13,-29.04,101674.33
682.2,-29.04,101674.33
682.26,-29.04,101674.33
682.33,-29.04,101674.33
682.4,-29.04,101674.33
682.46,-29.04,101674.33
682.53,-29.04,101674.33
682.6,-29.04,101674.33
682.67,-29.04,101674.33
682.74,-29.04,101674.33
682.81,-29.04,101674.33
682.88,-29.04,101674.33
682.96,-29.04,101674.33
683.03,-29.04,101674.33
683.09,-29.04,101674.33
683.16,-29.04,101674.33
683.22,-29.04,101674.33
683.29,-29.04,101674.33
683.36,-29.04,101674.33
683.42,-29.04,101674.33
683.49,-29.04,101674.33
683.56,-29.04,101674.33
683.62,-29.04,101674.33
683.7,-29.04,101674.33
683.77,-29.04,101674.33
683.83,-29.04,101674.33
683.9,-29.04,101674.33
683.97,-29.04,101674.33
684.04,-29.04,101674.33
684.11,-29.04,101674.33
684.18,-29.04,101674.33
684.25,-29.04,101674.33
684.31,-29.04,101674.33
684.38,-29.04,101674.33
684.45,-29.04,101674.33
684.52,-29.04,101674.33
684.59,-29.04,101674.33
684.65,-29.04,101674.33
684.72,-29.04,101674.33
684.79,-29.04,101674.33
684.85,-29.04,101674.33
684.92,-29.04,101674.33
684.98,-29.04,101674.33
685.05,-29.04,101674.33
685.12,-29.04,101674.33
685.19,-29.04,101674.33
685.26,-29.04,101674.33
685.32,-29.04,101674.33
685.39,-29.04,101674.33
685.46,-29.04,101674.33
685.53,-29.04,101674.33
685.6,-29.04,101674.33
685.66,-29.04,101674.33
685.73,-29.04,101674.33
685.79,-29.04,101674.33
685.86,-29.04,101674.33
685.93,-29.04,101674.33
686.0,-29.04,101674.33
686.06,-29.04,101674.33
686.13,-29.04,101674.33
686.2,-29.04,101674.33
686.26,-29.04,101674.33
686.33,-29.04,101674.33
686.4,-29.04,101674.33
686.47,-29.04,101674.33
686.54,-29.04,101674.33
686.6,-29.04,101674.33
686.67,-29.04,101674.33
686.74,-29.04,101674.33
686.81,-29.04,101674.33
686.87,-29.04,101674.33
686.94,-29.04,101674.33
687.0,-29.04,101674.33
687.07,-29.04,101674.33
687.14,-29.04,101674.33
687.21,-29.04,101674.33
687.28,-29.04,101674.33
687.35,-29.04,101674.33
687.42,-29.04,101674.33
687.48,-29.04,101674.33
687.55,-29.04,101674.33
687.62,-29.04,101674.33
687.69,-29.04,101674.33
687.75,-29.04,101674.33
687.82,-29.04,101674.33
687.89,-29.04,101674.33
687.95,-29.04,101674.33
688.02,-29.04,101674.33
688.09,-29.04,101674.33
688.15,-29.04,101674.33
688.22,-29.04,101674.33
688.29,-29.04,101674.33
688.35,-29.04,101674.33
688.42,-29.04,101674.33
688.49,-29.04,101674.33
688.56,-29.04,101674.33
688.63,-29.04,101674.33
688.7,-29.04,101674.33
688.76,-29.04,101674.33
688.83,-29.04,101674.33
688.9,-29.04,101674.33
688.97,-29.04,101674.33
689.04,-29.04,101674.33
689.11,-29.04,101674.33
689.18,-29.04,101674.33
689.24,-29.04,101674.33
689.31,-29.04,101674.33
689.38,-29.04,101674.33
689.45,-29.04,101674.33
689.52,-29.04,101674.33
689.59,-29.04,101674.33
689.66,-29.04,101674.33
689.73,-29.04,101674.33
689.8,-29.04,101674.33
689.86,-29.04,101674.33
689.93,-29.04,101674.33
689.99,-29.04,101674.33
690.06,-29.04,101674.33
690.13,-29.04,101674.33
690.19,-29.04,101674.33
690.26,-29.04,101674.33
690.33,-29.04,101674.33
690.39,-29.04,101674.33
690.46,-29.04,101674.33
690.52,-29.04,101674.33
690.59,-29.04,101674.33
690.66,-29.04,101674.33
690.72,-29.04,101674.33
690.79,-29.04,101674.33
690.86,-29.04,101674.33
690.93,-29.04,101674.33
691.0,-29.04,101674.33
691.07,-29.04,101674.33
691.13,-29.04,101674.33
691.2,-29.04,101674.33
691.26,-29.04,101674.33
691.33,-29.04,101674.33
691.4,-29.04,101674.33
691.46,-29.04,101674.33
691.53,-29.04,101674.33
691.6,-29.04,101674.33
691.67,-29.04,101674.33
691.73,-29.04,101674.33
691.8,-29.04,101674.33
691.87,-29.04,101674.33
691.94,-29.04,101674.33
692.01,-29.04,101674.33
692.07,-29.04,101674.33
692.14,-29.04,101674.33
692.21,-29.04,101674.33
692.27,-29.04,101674.33
692.34,-29.04,101674.33
692.41,-29.04,101674.33
692.47,-29.04,101674.33
692.54,-29.04,101674.33
692.61,-29.04,101674.33
692.68,-29.04,101674.33
692.75,-29.04,101674.33
692.82,-29.04,101674.33
692.89,-29.04,101674.33
692.95,-29.04,101674.33
693.02,-29.04,101674.33
693.09,-29.04,101674.33
693.15,-29.04,101674.33
693.22,-29.04,101674.33
693.29,-29.04,101674.33
693.36,-29.04,101674.33
693.42,-29.04,101674.33
693.49,-29.04,101674.33
693.56,-29.04,101674.33
693.62,-29.04,101674.33
693.69,-29.04,101674.33
693.76,-29.04,101674.33
693.83,-29.04,101674.33
693.9,-29.04,101674.33
693.96,-29.04,101674.33
694.03,-29.04,101674.33
694.1,-29.04,101674.33
694.17,-29.04,101674.33
694.24,-29.04,101674.33
694.31,-29.04,101674.33
694.38,-29.04,101674.33
694.45,-29.04,101674.33
694.51,-29.04,101674.33
694.58,-29.04,101674.33
694.65,-29.04,101674.33
694.72,-29.04,101674.33
694.79,-29.04,101674.33
694.86,-29.04,101674.33
694.93,-29.04,101674.33
695.0,-29.04,101674.33
695.07,-29.04,101674.33
695.13,-29.04,101674.33
695.2,-29.04,101674.33
695.27,-29.04,101674.33
695.33,-29.04,101674.33
695.4,-29.04,101674.33
695.48,-29.04,101674.33
695.55,-29.04,101674.33
695.61,-29.04,101674.33
695.68,-29.04,101674.33
695.75,-29.04,101674.33
695.82,-29.04,101674.33
695.89,-29.04,101674.33
695.95,-29.04,101674.33
696.02,-29.04,101674.33
696.09,-29.04,101674.33
696.15,-29.04,101674.33
696.22,-29.04,101674.33
696.29,-29.04,101674.33
696.36,-29.04,101674.33
696.42,-29.04,101674.33
696.5,-29.04,101674.33
696.57,-29.04,101674.33
696.64,-29.04,101674.33
696.71,-29.04,101674.33
696.78,-29.04,101674.33
696.85,-29.04,101674.33
696.91,-29.04,101674.33
696.98,-29.04,101674.33
697.05,-29.04,101674.33
697.12,-29.04,101674.33
697.19,-29.04,101674.33
697.26,-29.04,101674.33
697.32,-29.04,101674.33
697.39,-29.04,101674.33
697.46,-29.04,101674.33
697.52,-29.04,101674.33
697.59,-29.04,101674.33
697.66,-29.04,101674.33
697.72,-29.04,101674.33
697.79,-29.04,101674.33
697.85,-29.04,101674.33
697.92,-29.04,101674.33
697.99,-29.04,101674.33
698.05,-29.04,101674.33
698.12,-29.04,101674.33
698.19,-29.04,101674.33
698.25,-29.04,101674.33
698.32,-29.04,101674.33
698.38,-29.04,101674.33
698.45,-29.04,101674.33
698.52,-29.04,101674.33
698.59,-29.04,101674.33
698.66,-29.04,101674.33
698.72,-29.04,101674.33
698.79,-29.04,101674.33
698.86,-29.04,101674.33
698.93,-29.04,101674.33
699.0,-29.04,101674.33
699.07,-29.04,101674.33
699.14,-29.04,101674.33
699.22,-29.04,101674.33
699.28,-29.04,101674.33
699.35,-29.04,101674.33
699.42,-29.04,101674.33
699.49,-29.04,101674.33
699.56,-29.04,101674.33
699.62,-29.04,101674.33
699.69,-29.04,101674.33
699.76,-29.04,101674.33
699.83,-29.04,101674.33
699.9,-29.04,101674.33
699.97,-29.04,101674.33
700.03,-29.04,101674.33
700.1,-29.04,101674.33
700.17,-29.04,101674.33
700.23,-29.04,101674.33
700.3,-29.04,101674.33
700.37,-29.04,101674.33
700.43,-29.04,101674.33
700.5,-29.04,101674.33
700.57,-29.04,101674.33
700.64,-29.04,101674.33
700.71,-29.04,101674.33
700.78,-29.04,101674.33
700.85,-29.04,101674.33
700.91,-29.04,101674.33
700.98,-29.04,101674.33
701.05,-29.04,101674.33
701.12,-29.04,101674.33
701.18,-29.04,101674.33
701.25,-29.04,101674.33
701.32,-29.04,101674.33
701.38,-29.04,101674.33
701.45,-29.04,101674.33
701.52,-29.04,101674.33
701.59,-29.04,101674.33
701.66,-29.04,101674.33
701.73,-29.04,101674.33
701.8,-29.04,101674.33
701.86,-29.04,101674.33
701.93,-29.04,101674.33
702.0,-29.04,101674.33
702.07,-29.04,101674.33
702.14,-29.04,101674.33
702.2,-29.04,101674.33
702.27,-29.04,101674.33
702.34,-29.04,101674.33
702.4,-29.04,101674.33
702.47,-29.04,101674.33
702.54,-29.04,101674.33
702.61,-29.04,101674.33
702.68,-29.04,101674.33
702.75,-29.04,101674.33
702.81,-29.04,101674.33
702.88,-29.04,101674.33
702.95,-29.04,101674.33
703.02,-29.04,101674.33
703.09,-29.04,101674.33
703.16,-29.04,101674.33
703.22,-29.04,101674.33
703.29,-29.04,101674.33
703.36,-29.04,101674.33
703.42,-29.04,101674.33
703.49,-29.04,101674.33
703.56,-29.04,101674.33
703.63,-29.04,101674.33
703.7,-29.04,101674.33
703.77,-29.04,101674.33
703.84,-29.04,101674.33
703.9,-29.04,101674.33
703.97,-29.04,101674.33
704.04,-29.04,101674.33
704.11,-29.04,101674.33
704.18,-29.04,101674.33
704.25,-29.04,101674.33
704.31,-29.04,101674.33
704.38,-29.04,101674.33
704.44,-29.04,101674.33
704.51,-29.04,101674.33
704.58,-29.04,101674.33
704.64,-29.04,101674.33
704.71,-29.04,101674.33
704.77,-29.04,101674.33
704.84,-29.04,101674.33
704.91,-29.04,101674.33
704.98,-29.04,101674.33
705.05,-29.04,101674.33
705.12,-29.04,101674.33
705.19,-29.04,101674.33
705.25,-29.04,101674.33
705.32,-29.04,101674.33
705.39,-29.04,101674.33
705.45,-29.04,101674.33
705.52,-29.04,101674.33
705.59,-29.04,101674.33
705.65,-29.04,101674.33
705.72,-29.04,101674.33
705.78,-29.04,101674.33
705.85,-29.04,101674.33
705.92,-29.04,101674.33
705.99,-29.04,101674.33
706.06,-29.04,101674.33
706.13,-29.04,101674.33
706.19,-29.04,101674.33
706.26,-29.04,101674.33
706.33,-29.04,101674.33
706.4,-29.04,101674.33
706.46,-29.04,101674.33
706.53,-29.04,101674.33
706.6,-29.04,101674.33
706.66,-29.04,101674.33
706.73,-29.04,101674.33
706.8,-29.04,101674.33
706.86,-29.04,101674.33
706.93,-29.04,101674.33
707.0,-29.04,101674.33
707.07,-29.04,101674.33
707.14,-29.04,101674.33
707.21,-29.04,101674.33
707.28,-29.04,101674.33
707.35,-29.04,101674.33
707.41,-29.04,101674.33
707.48,-29.04,101674.33
707.55,-29.04,101674.33
707.62,-29.04,101674.33
707.68,-29.04,101674.33
707.75,-29.04,101674.33
707.82,-29.04,101674.33
707.88,-29.04,101674.33
707.95,-29.04,101674.33
708.02,-29.04,101674.33
708.09,-29.04,101674.33
708.16,-29.04,101674.33
708.23,-29.04,101674.33
708.3,-29.04,101674.33
708.36,-29.04,101674.33
708.43,-29.04,101674.33
708.5,-29.04,101674.33
708.57,-29.04,101674.33
708.63,-29.04,101674.33
708.7,-29.04,101674.33
708.77,-29.04,101674.33
708.84,-29.04,101674.33
708.9,-29.04,101674.33
708.97,-29.04,101674.33
709.04,-29.04,101674.33
709.11,-29.04,101674.33
709.18,-29.04,101674.33
709.25,-29.04,101674.33
709.32,-29.04,101674.33
709.39,-29.04,101674.33
709.46,-29.04,101674.33
709.52,-29.04,101674.33
709.59,-29.04,101674.33
709.66,-29.04,101674.33
709.73,-29.04,101674.33
709.8,-29.04,101674.33
709.87,-29.04,101674.33
709.93,-29.04,101674.33
710.01,-29.04,101674.33
710.08,-29.04,101674.33
710.15,-29.04,101674.33
710.21,-29.04,101674.33
710.28,-29.04,101674.33
710.35,-29.04,101674.33
710.42,-29.04,101674.33
710.48,-29.04,101674.33
710.55,-29.04,101674.33
710.62,-29.04,101674.33
710.68,-29.04,101674.33
710.75,-29.04,101674.33
710.82,-29.04,101674.33
710.88,-29.04,101674.33
710.95,-29.04,101674.33
711.02,-29.04,101674.33
711.09,-29.04,101674.33
711.16,-29.04,101674.33
711.23,-29.04,101674.33
711.3,-29.04,101674.33
711.37,-29.04,101674.33
711.43,-29.04,101674.33
711.5,-29.04,101674.33
711.57,-29.04,101674.33
711.63,-29.04,101674.33
711.7,-29.04,101674.33
711.76,-29.04,101674.33
711.83,-29.04,101674.33
711.9,-29.04,101674.33
711.97,-29.04,101674.33
712.04,-29.04,101674.33
712.1,-29.04,101674.33
712.17,-29.04,101674.33
712.24,-29.04,101674.33
712.31,-29.04,101674.33
712.38,-29.04,101674.33
712.44,-29.04,101674.33
712.51,-29.04,101674.33
712.58,-29.04,101674.33
712.64,-29.04,101674.33
712.71,-29.04,101674.33
712.78,-29.04,101674.33
712.85,-29.04,101674.33
712.92,-29.04,101674.33
712.98,-29.04,101674.33
713.05,-29.04,101674.33
713.12,-29.04,101674.33
713.19,-29.04,101674.33
713.25,-29.04,101674.33
713.32,-29.04,101674.33
713.39,-29.04,101674.33
713.46,-29.04,101674.33
713.52,-29.04,101674.33
713.59,-29.04,101674.33
713.66,-29.04,101674.33
713.72,-29.04,101674.33
713.79,-29.04,101674.33
713.86,-29.04,101674.33
713.93,-29.04,101674.33
714.0,-29.04,101674.33
714.07,-29.04,101674.33
714.14,-29.04,101674.33
714.21,-29.04,101674.33
714.28,-29.04,101674.33
714.35,-29.04,101674.33
714.42,-29.04,101674.33
714.48,-29.04,101674.33
714.55,-29.04,101674.33
714.62,-29.04,101674.33
714.69,-29.04,101674.33
714.76,-29.04,101674.33
714.83,-29.04,101674.33
714.89,-29.04,101674.33
714.96,-29.04,101674.33
715.03,-29.04,101674.33
715.09,-29.04,101674.33
715.16,-29.04,101674.33
715.23,-29.04,101674.33
715.3,-29.04,101674.33
715.36,-29.04,101674.33
715.43,-29.04,101674.33
715.5,-29.04,101674.33
715.57,-29.04,101674.33
715.64,-29.04,101674.33
715.71,-29.04,101674.33
715.78,-29.04,101674.33
715.84,-29.04,101674.33
715.91,-29.04,101674.33
715.98,-29.04,101674.33
716.05,-29.04,101674.33
716.12,-29.04,101674.33
716.18,-29.04,101674.33
716.25,-29.04,101674.33
716.32,-29.04,101674.33
716.39,-29.04,101674.33
716.46,-29.04,101674.33
716.53,-29.04,101674.33
716.61,-29.04,101674.33
716.68,-29.04,101674.33
716.74,-29.04,101674.33
716.81,-29.04,101674.33
716.88,-29.04,101674.33
716.94,-29.04,101674.33
717.01,-29.04,101674.33
717.07,-29.04,101674.33
717.14,-29.04,101674.33
717.21,-29.04,101674.33
717.27,-29.04,101674.33
717.34,-29.04,101674.33
717.41,-29.04,101674.33
717.48,-29.04,101674.33
717.54,-29.04,101674.33
717.61,-29.04,101674.33
717.68,-29.04,101674.33
717.75,-29.04,101674.33
717.81,-29.04,101674.33
717.88,-29.04,101674.33
717.95,-29.04,101674.33
718.02,-29.04,101674.33
718.09,-29.04,101674.33
718.16,-29.04,101674.33
718.23,-29.04,101674.33
718.3,-29.04,101674.33
718.36,-29.04,101674.33
718.43,-29.04,101674.33
718.5,-29.04,101674.33
718.57,-29.04,101674.33
718.64,-29.04,101674.33
718.7,-29.04,101674.33
718.77,-29.04,101674.33
718.84,-29.04,101674.33
718.9,-29.04,101674.33
718.97,-29.04,101674.33
719.04,-29.04,101674.33
719.11,-29.04,101674.33
719.18,-29.04,101674.33
719.24,-29.04,101674.33
719.31,-29.04,101674.33
719.38,-29.04,101674.33
719.44,-29.04,101674.33
719.51,-29.04,101674.33
719.58,-29.04,101674.33
719.65,-29.04,101674.33
719.71,-29.04,101674.33
719.78,-29.04,101674.33
719.85,-29.04,101674.33
719.92,-29.04,101674.33
719.98,-29.04,101674.33
720.05,-29.04,101674.33
720.12,-29.04,101674.33
720.18,-29.04,101674.33
720.25,-29.04,101674.33
720.32,-29.04,101674.33
720.39,-29.04,101674.33
720.46,-29.04,101674.33
720.53,-29.04,101674.33
720.59,-29.04,101674.33
720.66,-29.04,101674.33
720.73,-29.04,101674.33
720.8,-29.04,101674.33
720.86,-29.04,101674.33
720.93,-29.04,101674.33
720.99,-29.04,101674.33
721.06,-29.04,101674.33
721.13,-29.04,101674.33
721.2,-29.04,101674.33
721.26,-29.04,101674.33
721.33,-29.04,101674.33
721.4,-29.04,101674.33
721.47,-29.04,101674.33
721.54,-29.04,101674.33
721.61,-29.04,101674.33
721.67,-29.04,101674.33
721.74,-29.04,101674.33
721.81,-29.04,101674.33
721.87,-29.04,101674.33
721.94,-29.04,101674.33
722.01,-29.04,101674.33
722.07,-29.04,101674.33
722.14,-29.04,101674.33
722.21,-29.04,101674.33
722.28,-29.04,101674.33
722.34,-29.04,101674.33
722.41,-29.04,101674.33
722.48,-29.04,101674.33
722.55,-29.04,101674.33
722.62,-29.04,101674.33
722.69,-29.04,101674.33
722.76,-29.04,101674.33
722.82,-29.04,101674.33
722.89,-29.04,101674.33
722.95,-29.04,101674.33
723.02,-29.04,101674.33
723.09,-29.04,101674.33
723.16,-29.04,101674.33
723.23,-29.04,101674.33
723.3,-29.04,101674.33
723.37,-29.04,101674.33
723.44,-29.04,101674.33
723.5,-29.04,101674.33
723.57,-29.04,101674.33
723.64,-29.04,101674.33
723.71,-29.04,101674.33
723.78,-29.04,101674.33
723.84,-29.04,101674.33
723.91,-29.04,101674.33
723.97,-29.04,101674.33
724.04,-29.04,101674.33
724.11,-29.04,101674.33
724.17,-29.04,101674.33
724.24,-29.04,101674.33
724.31,-29.04,101674.33
724.38,-29.04,101674.33
724.45,-29.04,101674.33
724.51,-29.04,101674.33
724.58,-29.04,101674.33
724.66,-29.04,101674.33
724.72,-29.04,101674.33
724.79,-29.04,101674.33
724.86,-29.04,101674.33
724.92,-29.04,101674.33
724.99,-29.04,101674.33
725.06,-29.04,101674.33
725.12,-29.04,101674.33
725.19,-29.04,101674.33
725.26,-29.04,101674.33
725.32,-29.04,101674.33
725.39,-29.04,101674.33
725.46,-29.04,101674.33
725.53,-29.04,101674.33
725.6,-29.04,101674.33
725.67,-29.04,101674.33
725.73,-29.04,101674.33
725.8,-29.04,101674.33
725.87,-29.04,101674.33
725.93,-29.04,101674.33
726.0,-29.04,101674.33
726.06,-29.04,101674.33
726.13,-29.04,101674.33
726.2,-29.04,101674.33
726.27,-29.04,101674.33
726.34,-29.04,101674.33
726.41,-29.04,101674.33
726.47,-29.04,101674.33
726.54,-29.04,101674.33
726.61,-29.04,101674.33
726.68,-29.04,101674.33
726.75,-29.04,101674.33
726.81,-29.04,101674.33
726.88,-29.04,101674.33
726.95,-29.04,101674.33
727.01,-29.04,101674.33
727.08,-29.04,101674.33
727.14,-29.04,101674.33
727.21,-29.04,101674.33
727.28,-29.04,101674.33
727.35,-29.04,101674.33
727.42,-29.04,101674.33
727.49,-29.04,101674.33
727.56,-29.04,101674.33
727.62,-29.04,101674.33
727.7,-29.04,101674.33
727.77,-29.04,101674.33
727.83,-29.04,101674.33
727.9,-29.04,101674.33
727.97,-29.04,101674.33
728.04,-29.04,101674.33
728.11,-29.04,101674.33
728.17,-29.04,101674.33
728.24,-29.04,101674.33
728.31,-29.04,101674.33
728.37,-29.04,101674.33
728.44,-29.04,101674.33
728.51,-29.04,101674.33
728.58,-29.04,101674.33
728.64,-29.04,101674.33
728.72,-29.04,101674.33
728.79,-29.04,101674.33
728.86,-29.04,101674.33
728.92,-29.04,101674.33
728.99,-29.04,101674.33
729.06,-29.04,101674.33
729.13,-29.04,101674.33
729.2,-29.04,101674.33
729.27,-29.04,101674.33
729.33,-29.04,101674.33
729.4,-29.04,101674.33
729.47,-29.04,101674.33
729.53,-29.04,101674.33
729.6,-29.04,101674.33
729.67,-29.04,101674.33
729.74,-29.04,101674.33
729.81,-29.04,101674.33
729.88,-29.04,101674.33
729.95,-29.04,101674.33
730.02,-29.04,101674.33
730.09,-29.04,101674.33
730.16,-29.04,101674.33
730.23,-29.04,101674.33
730.29,-29.04,101674.33
730.36,-29.04,101674.33
730.43,-29.04,101674.33
730.5,-29.04,101674.33
730.56,-29.04,101674.33
730.63,-29.04,101674.33
730.7,-29.04,101674.33
730.76,-29.04,101674.33
730.83,-29.04,101674.33
730.9,-29.04,101674.33
730.97,-29.04,101674.33
731.04,-29.04,101674.33
731.1,-29.04,101674.33
731.17,-29.04,101674.33
731.25,-29.04,101674.33
731.31,-29.04,101674.33
731.38,-29.04,101674.33
731.45,-29.04,101674.33
731.51,-29.04,101674.33
731.58,-29.04,101674.33
731.64,-29.04,101674.33
731.71,-29.04,101674.33
731.78,-29.04,101674.33
731.85,-29.04,101674.33
731.91,-29.04,101674.33
731.98,-29.04,101674.33
732.05,-29.04,101674.33
732.12,-29.04,101674.33
732.19,-29.04,101674.33
732.26,-29.04,101674.33
732.33,-29.04,101674.33
732.39,-29.04,101674.33
732.46,-29.04,101674.33
732.53,-29.04,101674.33
732.6,-29.04,101674.33
732.67,-29.04,101674.33
732.74,-29.04,101674.33
732.8,-29.04,101674.33
732.87,-29.04,101674.33
732.93,-29.04,101674.33
733.0,-29.04,101674.33
733.07,-29.04,101674.33
733.13,-29.04,101674.33
733.2,-29.04,101674.33
733.27,-29.04,101674.33
733.34,-29.04,101674.33
733.4,-29.04,101674.33
733.47,-29.04,101674.33
733.54,-29.04,101674.33
733.61,-29.04,101674.33
733.68,-29.04,101674.33
733.74,-29.04,101674.33
733.81,-29.04,101674.33
733.87,-29.04,101674.33
733.94,-29.04,101674.33
734.01,-29.04,101674.33
734.07,-29.04,101674.33
734.14,-29.04,101674.33
734.21,-29.04,101674.33
734.28,-29.04,101674.33
734.35,-29.04,101674.33
734.42,-29.04,101674.33
734.48,-29.04,101674.33
734.55,-29.04,101674.33
734.62,-29.04,101674.33
734.69,-29.04,101674.33
734.75,-29.04,101674.33
734.82,-29.04,101674.33
734.88,-29.04,101674.33
734.95,-29.04,101674.33
735.02,-29.04,101674.33
735.08,-29.04,101674.33
735.15,-29.04,101674.33
735.22,-29.04,101674.33
735.29,-29.04,101674.33
735.35,-29.04,101674.33
735.42,-29.04,101674.33
735.49,-29.04,101674.33
735.56,-29.04,101674.33
735.63,-29.04,101674.33
735.69,-29.04,101674.33
735.76,-29.04,101674.33
735.83,-29.04,101674.33
735.89,-29.04,101674.33
735.96,-29.04,101674.33
736.03,-29.04,101674.33
736.09,-29.04,101674.33
736.16,-29.04,101674.33
736.23,-29.04,101674.33
736.3,-29.04,101674.33
736.37,-29.04,101674.33
736.43,-29.04,101674.33
736.5,-29.04,101674.33
736.57,-29.04,101674.33
736.64,-29.04,101674.33
736.71,-29.04,101674.33
736.78,-29.04,101674.33
736.85,-29.04,101674.33
736.92,-29.04,101674.33
736.99,-29.04,101674.33
737.06,-29.04,101674.33
737.13,-29.04,101674.33
737.19,-29.04,101674.33
737.26,-29.04,101674.33
737.33,-29.04,101674.33
737.4,-29.04,101674.33
737.47,-29.04,101674.33
737.53,-29.04,101674.33
737.6,-29.04,101674.33
737.67,-29.04,101674.33
737.73,-29.04,101674.33
737.8,-29.04,101674.33
737.87,-29.04,101674.33
737.94,-29.04,101674.33
738.01,-29.04,101674.33
738.08,-29.04,101674.33
738.15,-29.04,101674.33
738.21,-29.04,101674.33
738.28,-29.04,101674.33
738.35,-29.04,101674.33
738.41,-29.04,101674.33
738.48,-29.04,101674.33
738.55,-29.04,101674.33
738.61,-29.04,101674.33
738.68,-29.04,101674.33
738.75,-29.04,101674.33
738.81,-29.04,101674.33
738.88,-29.04,101674.33
738.94,-29.04,101674.33
739.01,-29.04,101674.33
739.08,-29.04,101674.33
739.15,-29.04,101674.33
739.22,-29.04,101674.33
739.29,-29.04,101674.33
739.36,-29.04,101674.33
739.43,-29.04,101674.33
739.49,-29.04,101674.33
739.56,-29.04,101674.33
739.63,-29.04,101674.33
739.69,-29.04,101674.33
739.76,-29.04,101674.33
739.83,-29.04,101674.33
739.89,-29.04,101674.33
739.96,-29.04,101674.33
740.03,-29.04,101674.33
740.1,-29.04,101674.33
740.17,-29.04,101674.33
740.23,-29.04,101674.33
740.31,-29.04,101674.33
740.38,-29.04,101674.33
740.45,-29.04,101674.33
740.51,-29.04,101674.33
740.58,-29.04,101674.33
740.65,-29.04,101674.33
740.71,-29.04,101674.33
740.78,-29.04,101674.33
740.84,-29.04,101674.33
740.91,-29.04,101674.33
740.98,-29.04,101674.33
741.04,-29.04,101674.33
741.11,-29.04,101674.33
741.18,-29.04,101674.33
741.24,-29.04,101674.33
741.31,-29.04,101674.33
741.37,-29.04,101674.33
741.44,-29.04,101674.33
741.51,-29.04,101674.33
741.58,-29.04,101674.33
741.65,-29.04,101674.33
741.71,-29.04,101674.33
741.78,-29.04,101674.33
741.85,-29.04,101674.33
741.92,-29.04,101674.33
741.99,-29.04,101674.33
742.06,-29.04,101674.33
742.12,-29.04,101674.33
742.19,-29.04,101674.33
742.25,-29.04,101674.33
742.32,-29.04,101674.33
742.39,-29.04,101674.33
742.46,-29.04,101674.33
742.53,-29.04,101674.33
742.6,-29.04,101674.33
742.67,-29.04,101674.33
742.73,-29.04,101674.33
742.8,-29.04,101674.33
742.87,-29.04,101674.33
742.94,-29.04,101674.33
743.0,-29.04,101674.33
743.07,-29.04,101674.33
743.13,-29.04,101674.33
743.2,-29.04,101674.33
743.27,-29.04,101674.33
743.34,-29.04,101674.33
743.4,-29.04,101674.33
743.48,-29.04,101674.33
743.55,-29.04,101674.33
743.61,-29.04,101674.33
743.68,-29.04,101674.33
743.75,-29.04,101674.33
743.82,-29.04,101674.33
743.89,-29.04,101674.33
743.96,-29.04,101674.33
744.02,-29.04,101674.33
744.09,-29.04,101674.33
744.16,-29.04,101674.33
744.22,-29.04,101674.33
744.29,-29.04,101674.33
744.36,-29.04,101674.33
744.43,-29.04,101674.33
744.5,-29.04,101674.33
744.57,-29.04,101674.33
744.64,-29.04,101674.33
744.71,-29.04,101674.33
744.78,-29.04,101674.33
744.85,-29.04,101674.33
744.92,-29.04,101674.33
744.99,-29.04,101674.33
745.05,-29.04,101674.33
745.12,-29.04,101674.33
745.19,-29.04,101674.33
745.26,-29.04,101674.33
745.32,-29.04,101674.33
745.39,-29.04,101674.33
745.45,-29.04,101674.33
745.52,-29.04,101674.33
745.59,-29.04,101674.33
745.65,-29.04,101674.33
745.72,-29.04,101674.33
745.79,-29.04,101674.33
745.85,-29.04,101674.33
745.92,-29.04,101674.33
745.99,-29.04,101674.33
746.06,-29.04,101674.33
746.12,-29.04,101674.33
746.19,-29.04,101674.33
746.26,-29.04,101674.33
746.33,-29.04,101674.33
746.4,-29.04,101674.33
746.46,-29.04,101674.33
746.53,-29.04,101674.33
746.6,-29.04,101674.33
746.66,-29.04,101674.33
746.73,-29.04,101674.33
746.79,-29.04,101674.33
746.86,-29.04,101674.33
746.93,-29.04,101674.33
746.99,-29.04,101674.33
747.06,-29.04,101674.33
747.13,-29.04,101674.33
747.2,-29.04,101674.33
747.27,-29.04,101674.33
747.34,-29.04,101674.33
747.41,-29.04,101674.33
747.47,-29.04,101674.33
747.54,-29.04,101674.33
747.61,-29.04,101674.33
747.67,-29.04,101674.33
747.74,-29.04,101674.33
747.8,-29.04,101674.33
747.87,-29.04,101674.33
747.94,-29.04,101674.33
748.0,-29.04,101674.33
748.07,-29.04,101674.33
748.14,-29.04,101674.33
748.21,-29.04,101674.33
748.27,-29.04,101674.33
748.34,-29.04,101674.33
748.41,-29.04,101674.33
748.48,-29.04,101674.33
748.55,-29.04,101674.33
748.62,-29.04,101674.33
748.68,-29.04,101674.33
748.75,-29.04,101674.33
748.82,-29.04,101674.33
748.89,-29.04,101674.33
748.96,-29.04,101674.33
749.03,-29.04,101674.33
749.1,-29.04,101674.33
749.17,-29.04,101674.33
749.24,-29.04,101674.33
749.31,-29.04,101674.33
749.38,-29.04,101674.33
749.44,-29.04,101674.33
749.51,-29.04,101674.33
749.58,-29.04,101674.33
749.64,-29.04,101674.33
749.71,-29.04,101674.33
749.78,-29.04,101674.33
749.85,-29.04,101674.33
749.91,-29.04,101674.33
749.98,-29.04,101674.33
750.05,-29.04,101674.33
750.12,-29.04,101674.33
750.19,-29.04,101674.33
750.25,-29.04,101674.33
750.32,-29.04,101674.33
750.39,-29.04,101674.33
750.46,-29.04,101674.33
750.53,-29.04,101674.33
750.59,-29.04,101674.33
750.66,-29.04,101674.33
750.73,-29.04,101674.33
750.8,-29.04,101674.33
750.87,-29.04,101674.33
750.94,-29.04,101674.33
751.0,-29.04,101674.33
751.07,-29.04,101674.33
751.14,-29.04,101674.33
751.2,-29.04,101674.33
751.27,-29.04,101674.33
751.34,-29.04,101674.33
751.41,-29.04,101674.33
751.48,-29.04,101674.33
751.55,-29.04,101674.33
751.63,-29.04,101674.33
751.7,-29.04,101674.33
751.76,-29.04,101674.33
751.83,-29.04,101674.33
751.9,-29.04,101674.33
751.96,-29.04,101674.33
752.03,-29.04,101674.33
752.1,-29.04,101674.33
752.16,-29.04,101674.33
752.23,-29.04,101674.33
752.29,-29.04,101674.33
752.36,-29.04,101674.33
752.43,-29.04,101674.33
752.5,-29.04,101674.33
752.57,-29.04,101674.33
752.64,-29.04,101674.33
752.71,-29.04,101674.33
752.78,-29.04,101674.33
752.84,-29.04,101674.33
752.91,-29.04,101674.33
752.98,-29.04,101674.33
753.05,-29.04,101674.33
753.12,-29.04,101674.33
753.18,-29.04,101674.33
753.25,-29.04,101674.33
753.31,-29.04,101674.33
753.38,-29.04,101674.33
753.45,-29.04,101674.33
753.51,-29.04,101674.33
753.58,-29.04,101674.33
753.65,-29.04,101674.33
753.71,-29.04,101674.33
753.79,-29.04,101674.33
753.85,-29.04,101674.33
753.92,-29.04,101674.33
753.99,-29.04,101674.33
754.06,-29.04,101674.33
754.13,-29.04,101674.33
754.2,-29.04,101674.33
754.27,-29.04,101674.33
754.34,-29.04,101674.33
754.41,-29.04,101674.33
754.47,-29.04,101674.33
754.54,-29.04,101674.33
754.61,-29.04,101674.33
754.68,-29.04,101674.33
754.75,-29.04,101674.33
754.82,-29.04,101674.33
754.88,-29.04,101674.33
754.95,-29.04,101674.33
755.02,-29.04,101674.33
755.09,-29.04,101674.33
755.15,-29.04,101674.33
755.22,-29.04,101674.33
755.29,-29.04,101674.33
755.35,-29.04,101674.33
755.42,-29.04,101674.33
755.49,-29.04,101674.33
755.55,-29.04,101674.33
755.62,-29.04,101674.33
755.69,-29.04,101674.33
755.76,-29.04,101674.33
755.82,-29.04,101674.33
755.89,-29.04,101674.33
755.97,-29.04,101674.33
756.04,-29.04,101674.33
756.11,-29.04,101674.33
756.18,-29.04,101674.33
756.25,-29.04,101674.33
756.32,-29.04,101674.33
756.38,-29.04,101674.33
756.45,-29.04,101674.33
756.52,-29.04,101674.33
756.59,-29.04,101674.33
756.65,-29.04,101674.33
756.72,-29.04,101674.33
756.78,-29.04,101674.33
756.85,-29.04,101674.33
756.92,-29.04,101674.33
756.99,-29.04,101674.33
757.05,-29.04,101674.33
757.12,-29.04,101674.33
757.19,-29.04,101674.33
757.26,-29.04,101674.33
757.33,-29.04,101674.33
757.4,-29.04,101674.33
757.47,-29.04,101674.33
757.54,-29.04,101674.33
757.61,-29.04,101674.33
757.68,-29.04,101674.33
757.74,-29.04,101674.33
757.81,-29.04,101674.33
757.88,-29.04,101674.33
757.95,-29.04,101674.33
758.02,-29.04,101674.33
758.08,-29.04,101674.33
758.15,-29.04,101674.33
758.22,-29.04,101674.33
758.29,-29.04,101674.33
758.36,-29.04,101674.33
758.43,-29.04,101674.33
758.49,-29.04,101674.33
758.56,-29.04,101674.33
758.63,-29.04,101674.33
758.7,-29.04,101674.33
758.76,-29.04,101674.33
758.83,-29.04,101674.33
758.9,-29.04,101674.33
758.97,-29.04,101674.33
759.03,-29.04,101674.33
759.1,-29.04,101674.33
759.17,-29.04,101674.33
759.23,-29.04,101674.33
759.3,-29.04,101674.33
759.36,-29.04,101674.33
759.43,-29.04,101674.33
759.5,-29.04,101674.33
759.56,-29.04,101674.33
759.63,-29.04,101674.33
759.7,-29.04,101674.33
759.76,-29.04,101674.33
759.83,-29.04,101674.33
759.9,-29.04,101674.33
759.97,-29.04,101674.33
760.04,-29.04,101674.33
760.11,-29.04,101674.33
760.18,-29.04,101674.33
760.25,-29.04,101674.33
760.31,-29.04,101674.33
760.38,-29.04,101674.33
760.45,-29.04,101674.33
760.51,-29.04,101674.33
760.58,-29.04,101674.33
760.65,-29.04,101674.33
760.71,-29.04,101674.33
760.78,-29.04,101674.33
760.85,-29.04,101674.33
760.91,-29.04,101674.33
760.98,-29.04,101674.33
761.05,-29.04,101674.33
761.12,-29.04,101674.33
761.19,-29.04,101674.33
761.25,-29.04,101674.33
761.32,-29.04,101674.33
761.39,-29.04,101674.33
761.46,-29.04,101674.33
761.52,-29.04,101674.33
761.59,-29.04,101674.33
761.66,-29.04,101674.33
761.72,-29.04,101674.33
761.79,-29.04,101674.33
761.86,-29.04,101674.33
761.93,-29.04,101674.33
762.0,-29.04,101674.33
762.06,-29.04,101674.33
762.13,-29.04,101674.33
762.2,-29.04,101674.33
762.27,-29.04,101674.33
762.34,-29.04,101674.33
762.4,-29.04,101674.33
762.47,-29.04,101674.33
762.54,-29.04,101674.33
762.6,-29.04,101674.33
762.67,-29.04,101674.33
762.73,-29.04,101674.33
762.8,-29.04,101674.33
762.87,-29.04,101674.33
762.94,-29.04,101674.33
763.01,-29.04,101674.33
763.07,-29.04,101674.33
763.14,-29.04,101674.33
763.21,-29.04,101674.33
763.28,-29.04,101674.33
763.35,-29.04,101674.33
763.41,-29.04,101674.33
763.48,-29.04,101674.33
763.55,-29.04,101674.33
763.61,-29.04,101674.33
763.68,-29.04,101674.33
763.75,-29.04,101674.33
763.82,-29.04,101674.33
763.88,-29.04,101674.33
763.95,-29.04,101674.33
764.02,-29.04,101674.33
764.09,-29.04,101674.33
764.16,-29.04,101674.33
764.23,-29.04,101674.33
764.3,-29.04,101674.33
764.36,-29.04,101674.33
764.43,-29.04,101674.33
764.5,-29.04,101674.33
764.56,-29.04,101674.33
764.63,-29.04,101674.33
764.7,-29.04,101674.33
764.77,-29.04,101674.33
764.83,-29.04,101674.33
764.91,-29.04,101674.33
764.98,-29.04,101674.33
765.04,-29.04,101674.33
765.11,-29.04,101674.33
765.18,-29.04,101674.33
765.25,-29.04,101674.33
765.32,-29.04,101674.33
765.39,-29.04,101674.33
765.46,-29.04,101674.33
765.52,-29.04,101674.33
765.59,-29.04,101674.33
765.66,-29.04,101674.33
765.72,-29.04,101674.33
765.79,-29.04,101674.33
765.85,-29.04,101674.33
765.92,-29.04,101674.33
765.99,-29.04,101674.33
766.06,-29.04,101674.33
766.13,-29.04,101674.33
766.19,-29.04,101674.33
766.26,-29.04,101674.33
766.33,-29.04,101674.33
766.4,-29.04,101674.33
766.47,-29.04,101674.33
766.54,-29.04,101674.33
766.6,-29.04,101674.33
766.67,-29.04,101674.33
766.73,-29.04,101674.33
766.8,-29.04,101674.33
766.87,-29.04,101674.33
766.94,-29.04,101674.33
767.0,-29.04,101674.33
767.07,-29.04,101674.33
767.14,-29.04,101674.33
767.21,-29.04,101674.33
767.28,-29.04,101674.33
767.35,-29.04,101674.33
767.41,-29.04,101674.33
767.48,-29.04,101674.33
767.55,-29.04,101674.33
767.61,-29.04,101674.33
767.68,-29.04,101674.33
767.75,-29.04,101674.33
767.82,-29.04,101674.33
767.88,-29.04,101674.33
767.95,-29.04,101674.33
768.01,-29.04,101674.33
768.08,-29.04,101674.33
768.15,-29.04,101674.33
768.21,-29.04,101674.33
768.28,-29.04,101674.33
768.35,-29.04,101674.33
768.42,-29.04,101674.33
768.49,-29.04,101674.33
768.56,-29.04,101674.33
768.63,-29.04,101674.33
768.69,-29.04,101674.33
768.76,-29.04,101674.33
768.83,-29.04,101674.33
768.9,-29.04,101674.33
768.96,-29.04,101674.33
769.03,-29.04,101674.33
769.1,-29.04,101674.33
769.16,-29.04,101674.33
769.23,-29.04,101674.33
769.3,-29.04,101674.33
769.36,-29.04,101674.33
769.44,-29.04,101674.33
769.5,-29.04,101674.33
769.57,-29.04,101674.33
769.64,-29.04,101674.33
769.71,-29.04,101674.33
769.78,-29.04,101674.33
769.85,-29.04,101674.33
769.92,-29.04,101674.33
769.98,-29.04,101674.33
770.05,-29.04,101674.33
770.12,-29.04,101674.33
770.18,-29.04,101674.33
770.25,-29.04,101674.33
770.32,-29.04,101674.33
770.38,-29.04,101674.33
770.46,-29.04,101674.33
770.53,-29.04,101674.33
770.59,-29.04,101674.33
770.66,-29.04,101674.33
770.74,-29.04,101674.33
770.8,-29.04,101674.33
770.87,-29.04,101674.33
770.94,-29.04,101674.33
771.01,-29.04,101674.33
771.08,-29.04,101674.33
771.15,-29.04,101674.33
771.21,-29.04,101674.33
771.28,-29.04,101674.33
771.35,-29.04,101674.33
771.41,-29.04,101674.33
771.48,-29.04,101674.33
771.55,-29.04,101674.33
771.61,-29.04,101674.33
771.68,-29.04,101674.33
771.75,-29.04,101674.33
771.82,-29.04,101674.33
771.89,-29.04,101674.33
771.96,-29.04,101674.33
772.02,-29.04,101674.33
772.09,-29.04,101674.33
772.16,-29.04,101674.33
772.23,-29.04,101674.33
772.3,-29.04,101674.33
772.37,-29.04,101674.33
772.43,-29.04,101674.33
772.5,-29.04,101674.33
772.57,-29.04,101674.33
772.64,-29.04,101674.33
772.71,-29.04,101674.33
772.78,-29.04,101674.33
772.85,-29.04,101674.33
772.91,-29.04,101674.33
772.98,-29.04,101674.33
773.05,-29.04,101674.33
773.11,-29.04,101674.33
773.19,-29.04,101674.33
773.25,-29.04,101674.33
773.32,-29.04,101674.33
773.39,-29.04,101674.33
773.46,-29.04,101674.33
773.52,-29.04,101674.33
773.59,-29.04,101674.33
773.66,-29.04,101674.33
773.73,-29.04,101674.33
773.8,-29.04,101674.33
773.87,-29.04,101674.33
773.94,-29.04,101674.33
774.0,-29.04,101674.33
774.07,-29.04,101674.33
774.14,-29.04,101674.33
774.2,-29.04,101674.33
774.27,-29.04,101674.33
774.34,-29.04,101674.33
774.4,-29.04,101674.33
774.47,-29.04,101674.33
774.54,-29.04,101674.33
774.6,-29.04,101674.33
774.67,-29.04,101674.33
774.74,-29.04,101674.33
774.81,-29.04,101674.33
774.88,-29.04,101674.33
774.95,-29.04,101674.33
775.01,-29.04,101674.33
775.08,-29.04,101674.33
775.15,-29.04,101674.33
775.21,-29.04,101674.33
775.28,-29.04,101674.33
775.35,-29.04,101674.33
775.42,-29.04,101674.33
775.49,-29.04,101674.33
775.55,-29.04,101674.33
775.62,-29.04,101674.33
775.69,-29.04,101674.33
775.75,-29.04,101674.33
775.82,-29.04,101674.33
775.89,-29.04,101674.33
775.95,-29.04,101674.33
776.02,-29.04,101674.33
776.09,-29.04,101674.33
776.16,-29.04,101674.33
776.23,-29.04,101674.33
776.3,-29.04,101674.33
776.36,-29.04,101674.33
776.43,-29.04,101674.33
776.5,-29.04,101674.33
776.57,-29.04,101674.33
776.63,-29.04,101674.33
776.7,-29.04,101674.33
776.77,-29.04,101674.33
776.83,-29.04,101674.33
776.9,-29.04,101674.33
776.97,-29.04,101674.33
777.03,-29.04,101674.33
777.1,-29.04,101674.33
777.17,-29.04,101674.33
777.23,-29.04,101674.33
777.3,-29.04,101674.33
777.37,-29.04,101674.33
777.44,-29.04,101674.33
777.5,-29.04,101674.33
777.58,-29.04,101674.33
777.65,-29.04,101674.33
777.71,-29.04,101674.33
777.78,-29.04,101674.33
777.85,-29.04,101674.33
777.92,-29.04,101674.33
777.98,-29.04,101674.33
778.05,-29.04,101674.33
778.12,-29.04,101674.33
778.19,-29.04,101674.33
778.26,-29.04,101674.33
778.33,-29.04,101674.33
778.39,-29.04,101674.33
778.46,-29.04,101674.33
778.53,-29.04,101674.33
778.59,-29.04,101674.33
778.66,-29.04,101674.33
778.73,-29.04,101674.33
778.79,-29.04,101674.33
778.86,-29.04,101674.33
778.93,-29.04,101674.33
779.0,-29.04,101674.33
779.07,-29.04,101674.33
779.14,-29.04,101674.33
779.21,-29.04,101674.33
779.28,-29.04,101674.33
779.35,-29.04,101674.33
779.42,-29.04,101674.33
779.49,-29.04,101674.33
779.56,-29.04,101674.33
779.63,-29.04,101674.33
779.69,-29.04,101674.33
779.76,-29.04,101674.33
779.83,-29.04,101674.33
779.91,-29.04,101674.33
779.97,-29.04,101674.33
780.04,-29.04,101674.33
780.11,-29.04,101674.33
780.18,-29.04,101674.33
780.24,-29.04,101674.33
780.31,-29.04,101674.33
780.38,-29.04,101674.33
780.44,-29.04,101674.33
780.51,-29.04,101674.33
780.58,-29.04,101674.33
780.65,-29.04,101674.33
780.71,-29.04,101674.33
780.78,-29.04,101674.33
780.84,-29.04,101674.33
780.91,-29.04,101674.33
780.98,-29.04,101674.33
781.04,-29.04,101674.33
781.11,-29.04,101674.33
781.18,-29.04,101674.33
781.25,-29.04,101674.33
781.31,-29.04,101674.33
781.38,-29.04,101674.33
781.45,-29.04,101674.33
781.52,-29.04,101674.33
781.59,-29.04,101674.33
781.66,-29.04,101674.33
781.73,-29.04,101674.33
781.79,-29.04,101674.33
781.86,-29.04,101674.33
781.93,-29.04,101674.33
782.0,-29.04,101674.33
782.06,-29.04,101674.33
782.13,-29.04,101674.33
782.2,-29.04,101674.33
782.26,-29.04,101674.33
782.33,-29.04,101674.33
782.4,-29.04,101674.33
782.46,-29.04,101674.33
782.53,-29.04,101674.33
782.6,-29.04,101674.33
782.67,-29.04,101674.33
782.73,-29.04,101674.33
782.8,-29.04,101674.33
782.87,-29.04,101674.33
782.93,-29.04,101674.33
783.0,-29.04,101674.33
783.07,-29.04,101674.33
783.14,-29.04,101674.33
783.21,-29.04,101674.33
783.28,-29.04,101674.33
783.35,-29.04,101674.33
783.42,-29.04,101674.33
783.5,-29.04,101674.33
783.57,-29.04,101674.33
783.63,-29.04,101674.33
783.7,-29.04,101674.33
783.77,-29.04,101674.33
783.84,-29.04,101674.33
783.91,-29.04,101674.33
783.98,-29.04,101674.33
784.05,-29.04,101674.33
784.12,-29.04,101674.33
784.19,-29.04,101674.33
784.26,-29.04,101674.33
784.33,-29.04,101674.33
784.4,-29.04,101674.33
784.46,-29.04,101674.33
784.53,-29.04,101674.33
784.6,-29.04,101674.33
784.67,-29.04,101674.33
784.74,-29.04,101674.33
784.81,-29.04,101674.33
784.88,-29.04,101674.33
784.95,-29.04,101674.33
785.01,-29.04,101674.33
785.08,-29.04,101674.33
785.16,-29.04,101674.33
785.22,-29.04,101674.33
785.29,-29.04,101674.33
785.36,-29.04,101674.33
785.44,-29.04,101674.33
785.51,-29.04,101674.33
785.57,-29.04,101674.33
785.64,-29.04,101674.33
785.71,-29.04,101674.33
785.77,-29.04,101674.33
785.84,-29.04,101674.33
785.91,-29.04,101674.33
785.98,-29.04,101674.33
786.04,-29.04,101674.33
786.11,-29.04,101674.33
786.18,-29.04,101674.33
786.25,-29.04,101674.33
786.32,-29.04,101674.33
786.39,-29.04,101674.33
786.46,-29.04,101674.33
786.52,-29.04,101674.33
786.59,-29.04,101674.33
786.66,-29.04,101674.33
786.73,-29.04,101674.33
786.8,-29.04,101674.33
786.87,-29.04,101674.33
786.94,-29.04,101674.33
787.01,-29.04,101674.33
787.07,-29.04,101674.33
787.14,-29.04,101674.33
787.21,-29.04,101674.33
787.28,-29.04,101674.33
787.35,-29.04,101674.33
787.42,-29.04,101674.33
787.48,-29.04,101674.33
787.55,-29.04,101674.33
787.62,-29.04,101674.33
787.68,-29.04,101674.33
787.75,-29.04,101674.33
787.82,-29.04,101674.33
787.88,-29.04,101674.33
787.95,-29.04,101674.33
788.02,-29.04,101674.33
788.08,-29.04,101674.33
788.15,-29.04,101674.33
788.22,-29.04,101674.33
788.28,-29.04,101674.33
788.35,-29.04,101674.33
788.42,-29.04,101674.33
788.48,-29.04,101674.33
788.55,-29.04,101674.33
788.61,-29.04,101674.33
788.68,-29.04,101674.33
788.75,-29.04,101674.33
788.82,-29.04,101674.33
788.89,-29.04,101674.33
788.95,-29.04,101674.33
789.02,-29.04,101674.33
789.09,-29.04,101674.33
789.16,-29.04,101674.33
789.23,-29.04,101674.33
789.29,-29.04,101674.33
789.36,-29.04,101674.33
789.42,-29.04,101674.33
789.49,-29.04,101674.33
789.56,-29.04,101674.33
789.63,-29.04,101674.33
789.69,-29.04,101674.33
789.76,-29.04,101674.33
789.83,-29.04,101674.33
789.89,-29.04,101674.33
789.96,-29.04,101674.33
790.03,-29.04,101674.33
790.1,-29.04,101674.33
790.17,-29.04,101674.33
790.24,-29.04,101674.33
790.3,-29.04,101674.33
790.37,-29.04,101674.33
790.43,-29.04,101674.33
790.5,-29.04,101674.33
790.57,-29.04,101674.33
790.64,-29.04,101674.33
790.71,-29.04,101674.33
790.78,-29.04,101674.33
790.86,-29.04,101674.33
790.92,-29.04,101674.33
790.99,-29.04,101674.33
791.06,-29.04,101674.33
791.13,-29.04,101674.33
791.2,-29.04,101674.33
791.27,-29.04,101674.33
791.34,-29.04,101674.33
791.41,-29.04,101674.33
791.48,-29.04,101674.33
791.54,-29.04,101674.33
791.61,-29.04,101674.33
791.68,-29.04,101674.33
791.75,-29.04,101674.33
791.82,-29.04,101674.33
791.89,-29.04,101674.33
791.96,-29.04,101674.33
792.03,-29.04,101674.33
792.1,-29.04,101674.33
792.17,-29.04,101674.33
792.24,-29.04,101674.33
792.31,-29.04,101674.33
792.38,-29.04,101674.33
792.45,-29.04,101674.33
792.52,-29.04,101674.33
792.59,-29.04,101674.33
792.65,-29.04,101674.33
792.72,-29.04,101674.33
792.78,-29.04,101674.33
792.85,-29.04,101674.33
792.92,-29.04,101674.33
792.99,-29.04,101674.33
793.05,-29.04,101674.33
793.12,-29.04,101674.33
793.19,-29.04,101674.33
793.26,-29.04,101674.33
793.34,-29.04,101674.33
793.41,-29.04,101674.33
793.48,-29.04,101674.33
793.55,-29.04,101674.33
793.62,-29.04,101674.33
793.68,-29.04,101674.33
793.75,-29.04,101674.33
793.82,-29.04,101674.33
793.89,-29.04,101674.33
793.95,-29.04,101674.33
794.02,-29.04,101674.33
794.09,-29.04,101674.33
794.17,-29.04,101674.33
794.23,-29.04,101674.33
794.31,-29.04,101674.33
794.38,-29.04,101674.33
794.45,-29.04,101674.33
794.51,-29.04,101674.33
794.58,-29.04,101674.33
794.65,-29.04,101674.33
794.72,-29.04,101674.33
794.78,-29.04,101674.33
794.85,-29.04,101674.33
794.91,-29.04,101674.33
794.98,-29.04,101674.33
795.05,-29.04,101674.33
795.12,-29.04,101674.33
795.19,-29.04,101674.33
795.26,-29.04,101674.33
795.33,-29.04,101674.33
795.39,-29.04,101674.33
795.46,-29.04,101674.33
795.53,-29.04,101674.33
795.6,-29.04,101674.33
795.67,-29.04,101674.33
795.73,-29.04,101674.33
795.8,-29.04,101674.33
795.87,-29.04,101674.33
795.93,-29.04,101674.33
796.0,-29.04,101674.33
796.07,-29.04,101674.33
796.14,-29.04,101674.33
796.21,-29.04,101674.33
796.28,-29.04,101674.33
796.35,-29.04,101674.33
796.42,-29.04,101674.33
796.49,-29.04,101674.33
796.55,-29.04,101674.33
796.62,-29.04,101674.33
796.69,-29.04,101674.33
796.76,-29.04,101674.33
796.83,-29.04,101674.33
796.89,-29.04,101674.33
796.96,-29.04,101674.33
797.03,-29.04,101674.33
797.1,-29.04,101674.33
797.17,-29.04,101674.33
797.24,-29.04,101674.33
797.31,-29.04,101674.33
797.38,-29.04,101674.33
797.45,-29.04,101674.33
797.52,-29.04,101674.33
797.58,-29.04,101674.33
797.65,-29.04,101674.33
797.72,-29.04,101674.33
797.78,-29.04,101674.33
797.85,-29.04,101674.33
797.92,-29.04,101674.33
797.98,-29.04,101674.33
798.05,-29.04,101674.33
798.12,-29.04,101674.33
798.19,-29.04,101674.33
798.25,-29.04,101674.33
798.32,-29.04,101674.33
798.39,-29.04,101674.33
798.45,-29.04,101674.33
798.52,-29.04,101674.33
798.59,-29.04,101674.33
798.66,-29.04,101674.33
798.73,-29.04,101674.33
798.79,-29.04,101674.33
798.86,-29.04,101674.33
798.93,-29.04,101674.33
799.0,-29.04,101674.33
799.07,-29.04,101674.33
799.14,-29.04,101674.33
799.2,-29.04,101674.33
799.27,-29.04,101674.33
799.34,-29.04,101674.33
799.4,-29.04,101674.33
799.47,-29.04,101674.33
799.54,-29.04,101674.33
799.6,-29.04,101674.33
799.67,-29.04,101674.33
799.74,-29.04,101674.33
799.81,-29.04,101674.33
799.88,-29.04,101674.33
799.95,-29.04,101674.33
800.02,-29.04,101674.33
800.1,-29.04,101674.33
800.17,-29.04,101674.33
800.24,-29.04,101674.33
800.3,-29.04,101674.33
800.37,-29.04,101674.33
800.44,-29.04,101674.33
800.51,-29.04,101674.33
800.58,-29.04,101674.33
800.64,-29.04,101674.33
800.71,-29.04,101674.33
800.77,-29.04,101674.33
800.84,-29.04,101674.33
800.91,-29.04,101674.33
800.97,-29.04,101674.33
801.04,-29.04,101674.33
801.11,-29.04,101674.33
801.18,-29.04,101674.33
801.25,-29.04,101674.33
801.31,-29.04,101674.33
801.38,-29.04,101674.33
801.45,-29.04,101674.33
801.51,-29.04,101674.33
801.58,-29.04,101674.33
801.65,-29.04,101674.33
801.71,-29.04,101674.33
801.78,-29.04,101674.33
801.85,-29.04,101674.33
801.92,-29.04,101674.33
801.99,-29.04,101674.33
802.05,-29.04,101674.33
802.12,-29.04,101674.33
802.19,-29.04,101674.33
802.25,-29.04,101674.33
802.32,-29.04,101674.33
802.39,-29.04,101674.33
802.45,-29.04,101674.33
802.52,-29.04,101674.33
802.59,-29.04,101674.33
802.66,-29.04,101674.33
802.73,-29.04,101674.33
802.8,-29.04,101674.33
802.87,-29.04,101674.33
802.93,-29.04,101674.33
803.0,-29.04,101674.33
803.07,-29.04,101674.33
803.14,-29.04,101674.33
803.21,-29.04,101674.33
803.28,-29.04,101674.33
803.35,-29.04,101674.33
803.41,-29.04,101674.33
803.48,-29.04,101674.33
803.55,-29.04,101674.33
803.61,-29.04,101674.33
803.68,-29.04,101674.33
803.75,-29.04,101674.33
803.81,-29.04,101674.33
803.88,-29.04,101674.33
803.95,-29.04,101674.33
804.02,-29.04,101674.33
804.09,-29.04,101674.33
804.16,-29.04,101674.33
804.22,-29.04,101674.33
804.29,-29.04,101674.33
804.36,-29.04,101674.33
804.43,-29.04,101674.33
804.5,-29.04,101674.33
804.56,-29.04,101674.33
804.63,-29.04,101674.33
804.69,-29.04,101674.33
804.76,-29.04,101674.33
804.83,-29.04,101674.33
804.9,-29.04,101674.33
804.97,-29.04,101674.33
805.04,-29.04,101674.33
805.1,-29.04,101674.33
805.17,-29.04,101674.33
805.24,-29.04,101674.33
805.31,-29.04,101674.33
805.38,-29.04,101674.33
805.45,-29.04,101674.33
805.52,-29.04,101674.33
805.59,-29.04,101674.33
805.66,-29.04,101674.33
805.73,-29.04,101674.33
805.8,-29.04,101674.33
805.87,-29.04,101674.33
805.93,-29.04,101674.33
806.0,-29.04,101674.33
806.07,-29.04,101674.33
806.13,-29.04,101674.33
806.2,-29.04,101674.33
806.27,-29.04,101674.33
806.34,-29.04,101674.33
806.41,-29.04,101674.33
806.47,-29.04,101674.33
806.54,-29.04,101674.33
806.61,-29.04,101674.33
806.68,-29.04,101674.33
806.75,-29.04,101674.33
806.82,-29.04,101674.33
806.89,-29.04,101674.33
806.96,-29.04,101674.33
807.03,-29.04,101674.33
807.1,-29.04,101674.33
807.17,-29.04,101674.33
807.23,-29.04,101674.33
807.3,-29.04,101674.33
807.36,-29.04,101674.33
807.43,-29.04,101674.33
807.5,-29.04,101674.33
807.56,-29.04,101674.33
807.63,-29.04,101674.33
807.7,-29.04,101674.33
807.76,-29.04,101674.33
807.83,-29.04,101674.33
807.9,-29.04,101674.33
807.97,-29.04,101674.33
808.04,-29.04,101674.33
808.1,-29.04,101674.33
808.18,-29.04,101674.33
808.25,-29.04,101674.33
808.32,-29.04,101674.33
808.38,-29.04,101674.33
808.46,-29.04,101674.33
808.52,-29.04,101674.33
808.59,-29.04,101674.33
808.66,-29.04,101674.33
808.73,-29.04,101674.33
808.8,-29.04,101674.33
808.87,-29.04,101674.33
808.94,-29.04,101674.33
809.01,-29.04,101674.33
809.07,-29.04,101674.33
809.14,-29.04,101674.33
809.21,-29.04,101674.33
809.27,-29.04,101674.33
809.34,-29.04,101674.33
809.41,-29.04,101674.33
809.47,-29.04,101674.33
809.54,-29.04,101674.33
809.61,-29.04,101674.33
809.68,-29.04,101674.33
809.74,-29.04,101674.33
809.81,-29.04,101674.33
809.88,-29.04,101674.33
809.95,-29.04,101674.33
810.02,-29.04,101674.33
810.09,-29.04,101674.33
810.15,-29.04,101674.33
810.22,-29.04,101674.33
810.29,-29.04,101674.33
810.35,-29.04,101674.33
810.42,-29.04,101674.33
810.49,-29.04,101674.33
810.56,-29.04,101674.33
810.63,-29.04,101674.33
810.69,-29.04,101674.33
810.76,-29.04,101674.33
810.83,-29.04,101674.33
810.9,-29.04,101674.33
810.96,-29.04,101674.33
811.03,-29.04,101674.33
811.09,-29.04,101674.33
811.16,-29.04,101674.33
811.23,-29.04,101674.33
811.29,-29.04,101674.33
811.36,-29.04,101674.33
811.44,-29.04,101674.33
811.5,-29.04,101674.33
811.57,-29.04,101674.33
811.64,-29.04,101674.33
811.71,-29.04,101674.33
811.78,-29.04,101674.33
811.85,-29.04,101674.33
811.92,-29.04,101674.33
811.99,-29.04,101674.33
812.06,-29.04,101674.33
812.12,-29.04,101674.33
812.19,-29.04,101674.33
812.26,-29.04,101674.33
812.33,-29.04,101674.33
812.4,-29.04,101674.33
812.47,-29.04,101674.33
812.54,-29.04,101674.33
812.61,-29.04,101674.33
812.68,-29.04,101674.33
812.75,-29.04,101674.33
812.81,-29.04,101674.33
812.88,-29.04,101674.33
812.95,-29.04,101674.33
813.02,-29.04,101674.33
813.09,-29.04,101674.33
813.16,-29.04,101674.33
813.22,-29.04,101674.33
813.29,-29.04,101674.33
813.36,-29.04,101674.33
813.42,-29.04,101674.33
813.49,-29.04,101674.33
813.56,-29.04,101674.33
813.63,-29.04,101674.33
813.7,-29.04,101674.33
813.76,-29.04,101674.33
813.83,-29.04,101674.33
813.9,-29.04,101674.33
813.97,-29.04,101674.33
814.04,-29.04,101674.33
814.11,-29.04,101674.33
814.18,-29.04,101674.33
814.24,-29.04,101674.33
814.31,-29.04,101674.33
814.38,-29.04,101674.33
814.44,-29.04,101674.33
814.51,-29.04,101674.33
814.58,-29.04,101674.33
814.64,-29.04,101674.33
814.71,-29.04,101674.33
814.78,-29.04,101674.33
814.85,-29.04,101674.33
814.91,-29.04,101674.33
814.99,-29.04,101674.33
815.05,-29.04,101674.33
815.12,-29.04,101674.33
815.19,-29.04,101674.33
815.26,-29.04,101674.33
815.33,-29.04,101674.33
815.4,-29.04,101674.33
815.46,-29.04,101674.33
815.53,-29.04,101674.33
815.6,-29.04,101674.33
815.66,-29.04,101674.33
815.73,-29.04,101674.33
815.8,-29.04,101674.33
815.86,-29.04,101674.33
815.93,-29.04,101674.33
816.0,-29.04,101674.33
816.07,-29.04,101674.33
816.14,-29.04,101674.33
816.2,-29.04,101674.33
816.27,-29.04,101674.33
816.34,-29.04,101674.33
816.41,-29.04,101674.33
816.48,-29.04,101674.33
816.54,-29.04,101674.33
816.61,-29.04,101674.33
816.67,-29.04,101674.33
816.74,-29.04,101674.33
816.81,-29.04,101674.33
816.87,-29.04,101674.33
816.94,-29.04,101674.33
817.01,-29.04,101674.33
817.08,-29.04,101674.33
817.15,-29.04,101674.33
817.21,-29.04,101674.33
817.28,-29.04,101674.33
817.35,-29.04,101674.33
817.42,-29.04,101674.33
817.48,-29.04,101674.33
817.55,-29.04,101674.33
817.62,-29.04,101674.33
817.68,-29.04,101674.33
817.75,-29.04,101674.33
817.82,-29.04,101674.33
817.88,-29.04,101674.33
817.95,-29.04,101674.33
818.02,-29.04,101674.33
818.09,-29.04,101674.33
818.16,-29.04,101674.33
818.22,-29.04,101674.33
818.29,-29.04,101674.33
818.36,-29.04,101674.33
818.43,-29.04,101674.33
818.5,-29.04,101674.33
818.56,-29.04,101674.33
818.63,-29.04,101674.33
818.7,-29.04,101674.33
818.77,-29.04,101674.33
818.83,-29.04,101674.33
818.9,-29.04,101674.33
818.97,-29.04,101674.33
819.04,-29.04,101674.33
819.1,-29.04,101674.33
819.17,-29.04,101674.33
819.24,-29.04,101674.33
819.31,-29.04,101674.33
819.38,-29.04,101674.33
819.45,-29.04,101674.33
819.51,-29.04,101674.33
819.58,-29.04,101674.33
819.65,-29.04,101674.33
819.71,-29.04,101674.33
819.78,-29.04,101674.33
819.85,-29.04,101674.33
819.92,-29.04,101674.33
819.99,-29.04,101674.33
820.06,-29.04,101674.33
820.12,-29.04,101674.33
820.2,-29.04,101674.33
820.27,-29.04,101674.33
820.34,-29.04,101674.33
820.4,-29.04,101674.33
820.47,-29.04,101674.33
820.54,-29.04,101674.33
820.6,-29.04,101674.33
820.67,-29.04,101674.33
820.74,-29.04,101674.33
820.8,-29.04,101674.33
820.87,-29.04,101674.33
820.94,-29.04,101674.33
821.01,-29.04,101674.33
821.08,-29.04,101674.33
821.15,-29.04,101674.33
821.22,-29.04,101674.33
821.28,-29.04,101674.33
821.35,-29.04,101674.33
821.43,-29.04,101674.33
821.49,-29.04,101674.33
821.57,-29.04,101674.33
821.64,-29.04,101674.33
821.71,-29.04,101674.33
821.78,-29.04,101674.33
821.85,-29.04,101674.33
821.91,-29.04,101674.33
821.98,-29.04,101674.33
822.05,-29.04,101674.33
822.11,-29.04,101674.33
822.18,-29.04,101674.33
822.24,-29.04,101674.33
822.31,-29.04,101674.33
822.38,-29.04,101674.33
822.45,-29.04,101674.33
822.52,-29.04,101674.33
822.59,-29.04,101674.33
822.66,-29.04,101674.33
822.73,-29.04,101674.33
822.8,-29.04,101674.33
822.86,-29.04,101674.33
822.93,-29.04,101674.33
822.99,-29.04,101674.33
823.06,-29.04,101674.33
823.13,-29.04,101674.33
823.19,-29.04,101674.33
823.26,-29.04,101674.33
823.32,-29.04,101674.33
823.39,-29.04,101674.33
823.46,-29.04,101674.33
823.53,-29.04,101674.33
823.6,-29.04,101674.33
823.66,-29.04,101674.33
823.73,-29.04,101674.33
823.8,-29.04,101674.33
823.87,-29.04,101674.33
823.94,-29.04,101674.33
824.0,-29.04,101674.33
824.07,-29.04,101674.33
824.13,-29.04,101674.33
824.2,-29.04,101674.33
824.27,-29.04,101674.33
824.33,-29.04,101674.33
824.4,-29.04,101674.33
824.46,-29.04,101674.33
824.53,-29.04,101674.33
824.6,-29.04,101674.33
824.66,-29.04,101674.33
824.73,-29.04,101674.33
824.8,-29.04,101674.33
824.87,-29.04,101674.33
824.94,-29.04,101674.33
825.01,-29.04,101674.33
825.07,-29.04,101674.33
825.14,-29.04,101674.33
825.21,-29.04,101674.33
825.27,-29.04,101674.33
825.34,-29.04,101674.33
825.41,-29.04,101674.33
825.47,-29.04,101674.33
825.54,-29.04,101674.33
825.61,-29.04,101674.33
825.68,-29.04,101674.33
825.74,-29.04,101674.33
825.81,-29.04,101674.33
825.88,-29.04,101674.33
825.95,-29.04,101674.33
826.02,-29.04,101674.33
826.09,-29.04,101674.33
826.16,-29.04,101674.33
826.22,-29.04,101674.33
826.29,-29.04,101674.33
826.36,-29.04,101674.33
826.42,-29.04,101674.33
826.49,-29.04,101674.33
826.56,-29.04,101674.33
826.62,-29.04,101674.33
826.7,-29.04,101674.33
826.76,-29.04,101674.33
826.84,-29.04,101674.33
826.9,-29.04,101674.33
826.97,-29.04,101674.33
827.04,-29.04,101674.33
827.11,-29.04,101674.33
827.18,-29.04,101674.33
827.25,-29.04,101674.33
827.31,-29.04,101674.33
827.38,-29.04,101674.33
827.44,-29.04,101674.33
827.51,-29.04,101674.33
827.58,-29.04,101674.33
827.65,-29.04,101674.33
827.72,-29.04,101674.33
827.78,-29.04,101674.33
827.85,-29.04,101674.33
827.92,-29.04,101674.33
827.99,-29.04,101674.33
828.05,-29.04,101674.33
828.13,-29.04,101674.33
828.2,-29.04,101674.33
828.27,-29.04,101674.33
828.34,-29.04,101674.33
828.4,-29.04,101674.33
828.47,-29.04,101674.33
828.54,-29.04,101674.33
828.6,-29.04,101674.33
828.67,-29.04,101674.33
828.74,-29.04,101674.33
828.81,-29.04,101674.33
828.87,-29.04,101674.33
828.94,-29.04,101674.33
829.0,-29.04,101674.33
829.07,-29.04,101674.33
829.14,-29.04,101674.33
829.2,-29.04,101674.33
829.28,-29.04,101674.33
829.34,-29.04,101674.33
829.41,-29.04,101674.33
829.48,-29.04,101674.33
829.55,-29.04,101674.33
829.62,-29.04,101674.33
829.69,-29.04,101674.33
829.75,-29.04,101674.33
829.83,-29.04,101674.33
829.89,-29.04,101674.33
829.96,-29.04,101674.33
830.03,-29.04,101674.33
830.1,-29.04,101674.33
830.17,-29.04,101674.33
830.23,-29.04,101674.33
830.3,-29.04,101674.33
830.37,-29.04,101674.33
830.44,-29.04,101674.33
830.51,-29.04,101674.33
830.58,-29.04,101674.33
830.65,-29.04,101674.33
830.72,-29.04,101674.33
830.79,-29.04,101674.33
830.86,-29.04,101674.33
830.92,-29.04,101674.33
830.99,-29.04,101674.33
831.06,-29.04,101674.33
831.13,-29.04,101674.33
831.2,-29.04,101674.33
831.27,-29.04,101674.33
831.33,-29.04,101674.33
831.4,-29.04,101674.33
831.47,-29.04,101674.33
831.54,-29.04,101674.33
831.61,-29.04,101674.33
831.67,-29.04,101674.33
831.74,-29.04,101674.33
831.81,-29.04,101674.33
831.87,-29.04,101674.33
831.94,-29.04,101674.33
832.01,-29.04,101674.33
832.08,-29.04,101674.33
832.14,-29.04,101674.33
832.21,-29.04,101674.33
832.28,-29.04,101674.33
832.35,-29.04,101674.33
832.41,-29.04,101674.33
832.48,-29.04,101674.33
832.55,-29.04,101674.33
832.63,-29.04,101674.33
832.69,-29.04,101674.33
832.76,-29.04,101674.33
832.83,-29.04,101674.33
832.9,-29.04,101674.33
832.96,-29.04,101674.33
833.03,-29.04,101674.33
833.1,-29.04,101674.33
833.17,-29.04,101674.33
833.23,-29.04,101674.33
833.3,-29.04,101674.33
833.36,-29.04,101674.33
833.43,-29.04,101674.33
833.5,-29.04,101674.33
833.58,-29.04,101674.33
833.64,-29.04,101674.33
833.71,-29.04,101674.33
833.78,-29.04,101674.33
833.85,-29.04,101674.33
833.92,-29.04,101674.33
833.98,-29.04,101674.33
834.06,-29.04,101674.33
834.13,-29.04,101674.33
834.19,-29.04,101674.33
834.26,-29.04,101674.33
834.33,-29.04,101674.33
834.4,-29.04,101674.33
834.47,-29.04,101674.33
834.54,-29.04,101674.33
834.61,-29.04,101674.33
834.67,-29.04,101674.33
834.74,-29.04,101674.33
834.81,-29.04,101674.33
834.88,-29.04,101674.33
834.95,-29.04,101674.33
835.02,-29.04,101674.33
835.08,-29.04,101674.33
835.15,-29.04,101674.33
835.21,-29.04,101674.33
835.28,-29.04,101674.33
835.35,-29.04,101674.33
835.42,-29.04,101674.33
835.49,-29.04,101674.33
835.56,-29.04,101674.33
835.63,-29.04,101674.33
835.7,-29.04,101674.33
835.77,-29.04,101674.33
835.84,-29.04,101674.33
835.91,-29.04,101674.33
835.97,-29.04,101674.33
836.04,-29.04,101674.33
836.11,-29.04,101674.33
836.18,-29.04,101674.33
836.24,-29.04,101674.33
836.31,-29.04,101674.33
836.38,-29.04,101674.33
836.44,-29.04,101674.33
836.51,-29.04,101674.33
836.58,-29.04,101674.33
836.64,-29.04,101674.33
836.71,-29.04,101674.33
836.78,-29.04,101674.33
836.84,-29.04,101674.33
836.91,-29.04,101674.33
836.98,-29.04,101674.33
837.05,-29.04,101674.33
837.12,-29.04,101674.33
837.19,-29.04,101674.33
837.26,-29.04,101674.33
837.32,-29.04,101674.33
837.39,-29.04,101674.33
837.46,-29.04,101674.33
837.53,-29.04,101674.33
837.6,-29.04,101674.33
837.67,-29.04,101674.33
837.74,-29.04,101674.33
837.81,-29.04,101674.33
837.88,-29.04,101674.33
837.95,-29.04,101674.33
838.02,-29.04,101674.33
838.08,-29.04,101674.33
838.15,-29.04,101674.33
838.22,-29.04,101674.33
838.29,-29.04,101674.33
838.36,-29.04,101674.33
838.43,-29.04,101674.33
838.49,-29.04,101674.33
838.56,-29.04,101674.33
838.63,-29.04,101674.33
838.7,-29.04,101674.33
838.77,-29.04,101674.33
838.83,-29.04,101674.33
838.9,-29.04,101674.33
838.96,-29.04,101674.33
839.03,-29.04,101674.33
839.1,-29.04,101674.33
839.17,-29.04,101674.33
839.23,-29.04,101674.33
839.3,-29.04,101674.33
839.38,-29.04,101674.33
839.44,-29.04,101674.33
839.51,-29.04,101674.33
839.58,-29.04,101674.33
839.65,-29.04,101674.33
839.72,-29.04,101674.33
839.79,-29.04,101674.33
839.86,-29.04,101674.33
839.92,-29.04,101674.33
839.99,-29.04,101674.33
840.06,-29.04,101674.33
840.13,-29.04,101674.33
840.2,-29.04,101674.33
840.27,-29.04,101674.33
840.34,-29.04,101674.33
840.41,-29.04,101674.33
840.47,-29.04,101674.33
840.54,-29.04,101674.33
840.61,-29.04,101674.33
840.68,-29.04,101674.33
840.74,-29.04,101674.33
840.82,-29.04,101674.33
840.89,-29.04,101674.33
840.95,-29.04,101674.33
841.02,-29.04,101674.33
841.09,-29.04,101674.33
841.16,-29.04,101674.33
841.23,-29.04,101674.33
841.3,-29.04,101674.33
841.36,-29.04,101674.33
841.43,-29.04,101674.33
841.5,-29.04,101674.33
841.56,-29.04,101674.33
841.63,-29.04,101674.33
841.71,-29.04,101674.33
841.78,-29.04,101674.33
841.84,-29.04,101674.33
841.91,-29.04,101674.33
841.98,-29.04,101674.33
842.05,-29.04,101674.33
842.12,-29.04,101674.33
842.18,-29.04,101674.33
842.25,-29.04,101674.33
842.32,-29.04,101674.33
842.38,-29.04,101674.33
842.45,-29.04,101674.33
842.52,-29.04,101674.33
842.58,-29.04,101674.33
842.65,-29.04,101674.33
842.72,-29.04,101674.33
842.79,-29.04,101674.33
842.86,-29.04,101674.33
842.93,-29.04,101674.33
842.99,-29.04,101674.33
843.06,-29.04,101674.33
843.13,-29.04,101674.33
843.2,-29.04,101674.33
843.27,-29.04,101674.33
843.34,-29.04,101674.33
843.41,-29.04,101674.33
843.48,-29.04,101674.33
843.54,-29.04,101674.33
843.61,-29.04,101674.33
843.68,-29.04,101674.33
843.75,-29.04,101674.33
843.81,-29.04,101674.33
843.88,-29.04,101674.33
843.94,-29.04,101674.33
844.01,-29.04,101674.33
844.08,-29.04,101674.33
844.14,-29.04,101674.33
844.21,-29.04,101674.33
844.28,-29.04,101674.33
844.35,-29.04,101674.33
844.42,-29.04,101674.33
844.49,-29.04,101674.33
844.56,-29.04,101674.33
844.62,-29.04,101674.33
844.69,-29.04,101674.33
844.76,-29.04,101674.33
844.82,-29.04,101674.33
844.89,-29.04,101674.33
844.96,-29.04,101674.33
845.02,-29.04,101674.33
845.09,-29.04,101674.33
845.16,-29.04,101674.33
845.23,-29.04,101674.33
845.3,-29.04,101674.33
845.37,-29.04,101674.33
845.44,-29.04,101674.33
845.51,-29.04,101674.33
845.58,-29.04,101674.33
845.65,-29.04,101674.33
845.71,-29.04,101674.33
845.78,-29.04,101674.33
845.85,-29.04,101674.33
845.92,-29.04,101674.33
845.99,-29.04,101674.33
846.05,-29.04,101674.33
846.12,-29.04,101674.33
846.19,-29.04,101674.33
846.25,-29.04,101674.33
846.32,-29.04,101674.33
846.39,-29.04,101674.33
846.45,-29.04,101674.33
846.52,-29.04,101674.33
846.6,-29.04,101674.33
846.67,-29.04,101674.33
846.74,-29.04,101674.33
846.8,-29.04,101674.33
846.87,-29.04,101674.33
846.94,-29.04,101674.33
847.01,-29.04,101674.33
847.07,-29.04,101674.33
847.14,-29.04,101674.33
847.21,-29.04,101674.33
847.28,-29.04,101674.33
847.34,-29.04,101674.33
847.41,-29.04,101674.33
847.48,-29.04,101674.33
847.55,-29.04,101674.33
847.62,-29.04,101674.33
847.66,-29.04,101674.33
847.68,-29.04,101674.33
847.75,-29.04,101674.33
847.82,-29.04,101674.33
847.89,-29.04,101674.33
