ElapsedSec,Phase,AnomalyCount,HighlightAnomalyCount,MissingCount
180.06,1,1,1,0
180.13,1,1,1,0
180.19,1,1,1,0
180.26,1,1,1,0
180.33,1,1,1,0
180.4,1,1,1,0
180.46,1,1,1,0
180.53,1,1,1,0
180.6,1,1,1,0
180.66,1,1,1,0
180.73,1,1,1,0
180.79,1,1,1,0
180.86,1,1,1,0
180.93,1,1,1,0
180.99,1,1,1,0
181.06,1,1,1,0
181.13,1,1,1,0
181.19,1,1,1,0
181.26,1,1,1,0
181.32,1,1,1,0
181.39,1,1,1,0
181.46,1,1,1,0
181.52,1,1,1,0
181.59,1,1,1,0
181.65,1,1,1,0
181.72,1,1,1,0
181.79,1,1,1,0
181.85,1,1,1,0
181.92,1,1,1,0
181.98,1,1,1,0
182.05,1,1,1,0
182.12,1,1,1,0
182.18,1,1,1,0
182.25,1,1,1,0
182.32,1,1,1,0
182.38,1,1,1,0
182.45,1,1,1,0
182.52,1,1,1,0
182.58,1,1,1,0
182.65,1,1,1,0
182.71,1,1,1,0
182.78,1,1,1,0
182.85,1,1,1,0
182.91,1,1,1,0
182.98,1,1,1,0
183.05,1,1,1,0
183.11,1,1,1,0
183.18,1,1,1,0
183.24,1,1,1,0
183.31,1,1,1,0
183.38,1,1,1,0
183.44,1,1,1,0
183.51,1,1,1,0
183.58,1,1,1,0
183.64,1,1,1,0
183.71,1,1,1,0
183.78,1,1,1,0
183.84,1,1,1,0
183.91,1,1,1,0
183.98,1,1,1,0
184.04,1,1,1,0
184.11,1,1,1,0
184.18,1,1,1,0
184.24,1,1,1,0
184.31,1,1,1,0
184.37,1,1,1,0
184.44,1,1,1,0
184.51,1,1,1,0
184.57,1,1,1,0
184.64,1,1,1,0
184.71,1,1,1,0
184.77,1,1,1,0
184.84,1,1,1,0
184.91,1,1,1,0
184.97,1,1,1,0
185.04,1,1,1,0
185.11,1,1,1,0
185.17,1,1,1,0
185.24,1,1,1,0
185.3,1,1,1,0
185.37,1,1,1,0
185.44,1,1,1,0
185.5,1,1,1,0
185.57,1,1,1,0
185.64,1,1,1,0
185.7,1,1,1,0
185.77,1,1,1,0
185.84,1,1,1,0
185.9,1,1,1,0
185.97,1,1,1,0
186.04,1,1,1,0
186.1,1,1,1,0
186.17,1,1,1,0
186.24,1,1,1,0
186.3,1,1,1,0
186.37,1,1,1,0
186.44,1,1,1,0
186.5,1,1,1,0
186.57,1,1,1,0
186.64,1,1,1,0
186.7,1,1,1,0
186.78,1,1,1,0
186.84,1,1,1,0
186.91,1,1,1,0
186.98,1,1,1,0
187.04,1,1,1,0
187.11,1,1,1,0
187.17,1,1,1,0
187.24,1,1,1,0
187.31,1,1,1,0
187.37,1,1,1,0
187.44,1,1,1,0
187.5,1,1,1,0
187.57,1,1,1,0
187.64,1,1,1,0
187.7,1,1,1,0
187.77,1,1,1,0
187.84,1,1,1,0
187.9,1,1,1,0
187.97,1,1,1,0
188.03,1,1,1,0
188.1,1,1,1,0
188.17,1,1,1,0
188.23,1,1,1,0
188.3,1,1,1,0
188.37,1,1,1,0
188.43,1,1,1,0
188.5,1,1,1,0
188.56,1,1,1,0
188.63,1,1,1,0
188.7,1,1,1,0
188.76,1,1,1,0
188.83,1,1,1,0
188.9,1,1,1,0
188.96,1,1,1,0
189.03,1,1,1,0
189.09,1,1,1,0
189.16,1,1,1,0
189.23,1,1,1,0
189.3,1,1,1,0
189.37,1,1,1,0
189.43,1,1,1,0
189.5,1,1,1,0
189.57,1,1,1,0
189.63,1,1,1,0
189.7,1,1,1,0
189.76,1,1,1,0
189.83,1,1,1,0
189.9,1,1,1,0
189.96,1,1,1,0
190.03,1,1,1,0
190.09,1,1,1,0
190.16,1,1,1,0
190.23,1,1,1,0
190.29,1,1,1,0
190.36,1,1,1,0
190.42,1,1,1,0
190.49,1,1,1,0
190.56,1,1,1,0
190.62,1,1,1,0
190.69,1,1,1,0
190.76,1,1,1,0
190.82,1,1,1,0
190.89,1,1,1,0
190.96,1,1,1,0
191.02,1,1,1,0
191.09,1,1,1,0
191.15,1,1,1,0
191.22,1,1,1,0
191.29,1,1,1,0
191.35,1,1,1,0
191.42,1,1,1,0
191.49,1,1,1,0
191.55,1,1,1,0
191.62,1,1,1,0
191.69,1,1,1,0
191.75,1,1,1,0
191.82,1,1,1,0
191.88,1,1,1,0
191.95,1,1,1,0
192.02,1,1,1,0
192.08,1,1,1,0
192.15,1,1,1,0
192.22,1,1,1,0
192.28,1,1,1,0
192.35,1,1,1,0
192.41,1,1,1,0
192.48,1,1,1,0
192.55,1,1,1,0
192.61,1,1,1,0
192.68,1,1,1,0
192.75,1,1,1,0
192.81,1,1,1,0
192.88,1,1,1,0
192.95,1,1,1,0
193.01,1,1,1,0
193.08,1,1,1,0
193.15,1,1,1,0
193.21,1,1,1,0
193.28,1,1,1,0
193.35,1,1,1,0
193.41,1,1,1,0
193.48,1,1,1,0
193.55,1,1,1,0
193.61,1,1,1,0
193.68,1,1,1,0
193.75,1,1,1,0
193.81,1,1,1,0
193.88,1,1,1,0
193.95,1,1,1,0
194.01,1,1,1,0
194.08,1,1,1,0
194.15,1,1,1,0
194.21,1,1,1,0
194.28,1,1,1,0
194.35,1,1,1,0
194.41,1,1,1,0
194.48,1,1,1,0
194.55,1,1,1,0
194.61,1,1,1,0
194.68,1,1,1,0
194.75,1,1,1,0
194.81,1,1,1,0
194.88,1,1,1,0
194.95,1,1,1,0
195.01,1,1,1,0
195.08,1,1,1,0
195.15,1,1,1,0
195.21,1,1,1,0
195.28,1,1,1,0
195.35,1,1,1,0
195.41,1,1,1,0
195.48,1,1,1,0
195.55,1,1,1,0
195.62,1,1,1,0
195.68,1,1,1,0
195.75,1,1,1,0
195.82,1,1,1,0
195.89,1,1,1,0
195.95,1,1,1,0
196.02,1,1,1,0
196.09,1,1,1,0
196.15,1,1,1,0
196.22,1,1,1,0
196.28,1,1,1,0
196.35,1,1,1,0
196.42,1,1,1,0
196.48,1,1,1,0
196.55,1,1,1,0
196.61,1,1,1,0
196.68,1,1,1,0
196.75,1,1,1,0
196.81,1,1,1,0
196.88,1,1,1,0
196.95,1,1,1,0
197.01,1,1,1,0
197.08,1,1,1,0
197.14,1,1,1,0
197.21,1,1,1,0
197.28,1,1,1,0
197.34,1,1,1,0
197.41,1,1,1,0
197.48,1,1,1,0
197.54,1,1,1,0
197.61,1,1,1,0
197.67,1,1,1,0
197.74,1,1,1,0
197.81,1,1,1,0
197.87,1,1,1,0
197.94,1,1,1,0
198.01,1,1,1,0
198.07,1,1,1,0
198.14,1,1,1,0
198.2,1,1,1,0
198.27,1,1,1,0
198.34,1,1,1,0
198.4,1,1,1,0
198.47,1,1,1,0
198.54,1,1,1,0
198.6,1,1,1,0
198.67,1,1,1,0
198.74,1,1,1,0
198.8,1,1,1,0
198.87,1,1,1,0
198.94,1,1,1,0
199.0,1,1,1,0
199.07,1,1,1,0
199.14,1,1,1,0
199.2,1,1,1,0
199.27,1,1,1,0
199.34,1,1,1,0
199.4,1,1,1,0
199.47,1,1,1,0
199.53,1,1,1,0
199.6,1,1,1,0
199.67,1,1,1,0
199.73,1,1,1,0
199.8,1,1,1,0
199.87,1,1,1,0
199.93,1,1,1,0
200.0,1,1,1,0
200.07,1,1,1,0
200.13,1,1,1,0
200.2,1,1,1,0
200.27,1,1,1,0
200.33,1,1,1,0
200.4,1,1,1,0
200.47,1,1,1,0
200.53,1,1,1,0
200.6,1,1,1,0
200.67,1,1,1,0
200.73,1,1,1,0
200.8,1,1,1,0
200.87,1,1,1,0
200.93,1,1,1,0
201.0,1,1,1,0
201.07,1,1,1,0
201.13,1,1,1,0
201.2,1,1,1,0
201.27,1,1,1,0
201.34,1,1,1,0
201.4,1,1,1,0
201.47,1,1,1,0
201.54,1,1,1,0
201.6,1,1,1,0
201.67,1,1,1,0
201.74,1,1,1,0
201.8,1,1,1,0
201.87,1,1,1,0
201.94,1,1,1,0
202.0,1,1,1,0
202.07,1,1,1,0
202.14,1,1,1,0
202.2,1,1,1,0
202.27,1,1,1,0
202.35,1,1,1,0
202.41,1,1,1,0
202.48,1,1,1,0
202.55,1,1,1,0
202.61,1,1,1,0
202.68,1,1,1,0
202.74,1,1,1,0
202.81,1,1,1,0
202.88,1,1,1,0
202.94,1,1,1,0
203.01,1,1,1,0
203.07,1,1,1,0
203.14,1,1,1,0
203.21,1,1,1,0
203.27,1,1,1,0
203.34,1,1,1,0
203.41,1,1,1,0
203.47,1,1,1,0
203.54,1,1,1,0
203.6,1,1,1,0
203.67,1,1,1,0
203.74,1,1,1,0
203.8,1,1,1,0
203.87,1,1,1,0
203.93,1,1,1,0
204.0,1,1,1,0
204.07,1,1,1,0
204.13,1,1,1,0
204.2,1,1,1,0
204.27,1,1,1,0
204.33,1,1,1,0
204.4,1,1,1,0
204.46,1,1,1,0
204.53,1,1,1,0
204.6,1,1,1,0
204.66,1,1,1,0
204.73,1,1,1,0
204.8,1,1,1,0
204.86,1,1,1,0
204.93,1,1,1,0
204.99,1,1,1,0
205.06,1,1,1,0
205.13,1,1,1,0
205.19,1,1,1,0
205.26,1,1,1,0
205.33,1,1,1,0
205.39,1,1,1,0
205.46,1,1,1,0
205.53,1,1,1,0
205.59,1,1,1,0
205.66,1,1,1,0
205.73,1,1,1,0
205.79,1,1,1,0
205.86,1,1,1,0
205.92,1,1,1,0
205.99,1,1,1,0
206.06,1,1,1,0
206.13,1,1,1,0
206.19,1,1,1,0
206.26,1,1,1,0
206.32,1,1,1,0
206.39,1,1,1,0
206.46,1,1,1,0
206.52,1,1,1,0
206.59,1,1,1,0
206.66,1,1,1,0
206.72,1,1,1,0
206.79,1,1,1,0
206.86,1,1,1,0
206.92,1,1,1,0
206.99,1,1,1,0
207.06,1,1,1,0
207.12,1,1,1,0
207.19,1,1,1,0
207.26,1,1,1,0
207.32,1,1,1,0
207.39,1,1,1,0
207.46,1,1,1,0
207.52,1,1,1,0
207.59,1,1,1,0
207.66,1,1,1,0
207.72,1,1,1,0
207.79,1,1,1,0
207.86,1,1,1,0
207.92,1,1,1,0
207.99,1,1,1,0
208.06,1,1,1,0
208.13,1,1,1,0
208.19,1,1,1,0
208.26,1,1,1,0
208.33,1,1,1,0
208.39,1,1,1,0
208.46,1,1,1,0
208.53,1,1,1,0
208.59,1,1,1,0
208.66,1,1,1,0
208.73,1,1,1,0
208.79,1,1,1,0
208.86,1,1,1,0
208.93,1,1,1,0
209.0,1,1,1,0
209.07,1,1,1,0
209.13,1,1,1,0
209.2,1,1,1,0
209.27,1,1,1,0
209.33,1,1,1,0
209.4,1,1,1,0
209.46,1,1,1,0
209.53,1,1,1,0
209.6,1,1,1,0
209.66,1,1,1,0
209.73,1,1,1,0
209.79,1,1,1,0
209.86,1,1,1,0
209.93,1,1,1,0
209.99,1,1,1,0
210.06,1,1,1,0
210.13,2,1,1,0
210.19,2,1,1,0
210.26,2,1,1,0
210.32,2,1,1,0
210.39,2,1,1,0
210.46,2,1,1,0
210.52,2,1,1,0
210.59,2,1,1,0
210.66,2,1,1,0
210.72,2,1,1,0
210.79,2,1,1,0
210.85,2,1,1,0
210.92,2,1,1,0
210.99,2,1,1,0
211.05,2,1,1,0
211.12,2,1,1,0
211.19,2,1,1,0
211.25,2,1,1,0
211.32,2,1,1,0
211.38,2,1,1,0
211.45,2,1,1,0
211.52,2,1,1,0
211.58,2,1,1,0
211.65,2,1,1,0
211.72,2,1,1,0
211.78,2,1,1,0
211.85,2,1,1,0
211.92,2,1,1,0
211.98,2,1,1,0
212.05,2,1,1,0
212.12,2,1,1,0
212.18,2,1,1,0
212.25,2,1,1,0
212.32,2,1,1,0
212.38,2,1,1,0
212.45,2,1,1,0
212.52,2,1,1,0
212.58,2,1,1,0
212.65,2,1,1,0
212.72,2,1,1,0
212.78,2,1,1,0
212.85,2,1,1,0
212.92,2,1,1,0
212.98,2,1,1,0
213.05,2,1,1,0
213.11,2,1,1,0
213.18,2,1,1,0
213.25,2,1,1,0
213.31,2,1,1,0
213.38,2,1,1,0
213.44,2,1,1,0
213.51,2,1,1,0
213.58,2,1,1,0
213.64,2,1,1,0
213.71,2,1,1,0
213.78,2,1,1,0
213.84,2,1,1,0
213.91,2,1,1,0
213.97,2,1,1,0
214.04,2,1,1,0
214.11,2,1,1,0
214.17,2,1,1,0
214.24,2,1,1,0
214.31,2,1,1,0
214.37,2,1,1,0
214.44,2,1,1,0
214.5,2,1,1,0
214.57,2,1,1,0
214.64,2,1,1,0
214.7,2,1,1,0
214.77,2,1,1,0
214.83,2,1,1,0
214.9,2,1,1,0
214.97,2,1,1,0
215.03,2,1,1,0
215.1,2,1,1,0
215.16,2,1,1,0
215.23,2,1,1,0
215.29,2,1,1,0
215.36,2,1,1,0
215.43,2,1,1,0
215.49,2,1,1,0
215.56,2,1,1,0
215.63,2,1,1,0
215.7,2,1,1,0
215.76,2,1,1,0
215.83,2,1,1,0
215.89,2,1,1,0
215.96,2,1,1,0
216.02,2,1,1,0
216.09,2,1,1,0
216.16,2,1,1,0
216.22,2,1,1,0
216.29,2,1,1,0
216.35,2,1,1,0
216.42,2,1,1,0
216.48,2,1,1,0
216.55,2,1,1,0
216.61,2,1,1,0
216.68,2,1,1,0
216.75,2,1,1,0
216.81,2,1,1,0
216.88,2,1,1,0
216.94,2,1,1,0
217.01,2,1,1,0
217.08,2,1,1,0
217.14,2,1,1,0
217.21,2,1,1,0
217.27,2,1,1,0
217.34,2,1,1,0
217.4,2,1,1,0
217.47,2,1,1,0
217.54,2,1,1,0
217.6,2,1,1,0
217.67,2,1,1,0
217.74,2,1,1,0
217.8,2,1,1,0
217.87,2,1,1,0
217.94,2,1,1,0
218.0,2,1,1,0
218.07,2,1,1,0
218.14,2,1,1,0
218.2,2,1,1,0
218.27,2,1,1,0
218.34,2,1,1,0
218.4,2,1,1,0
218.47,2,1,1,0
218.54,2,1,1,0
218.6,2,1,1,0
218.67,2,1,1,0
218.74,2,1,1,0
218.8,2,1,1,0
218.87,2,1,1,0
218.94,2,1,1,0
219.0,2,1,1,0
219.07,2,1,1,0
219.14,2,1,1,0
219.2,2,1,1,0
219.27,2,1,1,0
219.34,2,1,1,0
219.4,2,1,1,0
219.47,2,1,1,0
219.54,2,1,1,0
219.6,2,1,1,0
219.67,2,1,1,0
219.74,2,1,1,0
219.8,2,1,1,0
219.87,2,1,1,0
219.94,2,1,1,0
220.0,2,1,1,0
220.07,2,1,1,0
220.14,2,1,1,0
220.2,2,1,1,0
220.27,2,1,1,0
220.34,2,1,1,0
220.4,2,1,1,0
220.47,2,1,1,0
220.54,2,1,1,0
220.6,2,1,1,0
220.67,2,1,1,0
220.74,2,1,1,0
220.8,2,1,1,0
220.87,2,1,1,0
220.94,2,1,1,0
221.0,2,1,1,0
221.07,2,1,1,0
221.14,2,1,1,0
221.2,2,1,1,0
221.27,2,1,1,0
221.34,2,1,1,0
221.4,2,1,1,0
221.47,2,1,1,0
221.54,2,1,1,0
221.6,2,1,1,0
221.67,2,1,1,0
221.74,2,1,1,0
221.8,2,1,1,0
221.87,2,1,1,0
221.94,2,1,1,0
222.01,2,1,1,0
222.07,2,1,1,0
222.15,2,1,1,0
222.21,2,1,1,0
222.28,2,1,1,0
222.34,2,1,1,0
222.41,2,1,1,0
222.48,2,1,1,0
222.54,2,1,1,0
222.61,2,1,1,0
222.68,2,1,1,0
222.74,2,1,1,0
222.81,2,1,1,0
222.87,2,1,1,0
222.94,2,1,1,0
223.01,2,1,1,0
223.07,2,1,1,0
223.15,2,1,1,0
223.21,2,1,1,0
223.28,2,1,1,0
223.35,2,1,1,0
223.41,2,1,1,0
223.48,2,1,1,0
223.55,2,1,1,0
223.61,2,1,1,0
223.68,2,1,1,0
223.74,2,1,1,0
223.81,2,1,1,0
223.88,2,1,1,0
223.94,2,1,1,0
224.01,2,1,1,0
224.08,2,1,1,0
224.14,2,1,1,0
224.21,2,1,1,0
224.28,2,1,1,0
224.34,2,1,1,0
224.41,2,1,1,0
224.48,2,1,1,0
224.54,2,1,1,0
224.61,2,1,1,0
224.67,2,1,1,0
224.74,2,1,1,0
224.81,2,1,1,0
224.87,2,1,1,0
224.94,2,1,1,0
225.01,2,1,1,0
225.07,2,1,1,0
225.14,2,1,1,0
225.21,2,1,1,0
225.27,2,1,1,0
225.34,2,1,1,0
225.4,2,1,1,0
225.47,2,1,1,0
225.54,2,1,1,0
225.6,2,1,1,0
225.67,2,1,1,0
225.74,2,1,1,0
225.8,2,1,1,0
225.87,2,1,1,0
225.93,2,1,1,0
226.0,2,1,1,0
226.07,2,1,1,0
226.14,2,1,1,0
226.2,2,1,1,0
226.27,2,1,1,0
226.33,2,1,1,0
226.4,2,1,1,0
226.47,2,1,1,0
226.53,2,1,1,0
226.6,2,1,1,0
226.67,2,1,1,0
226.74,2,1,1,0
226.8,2,1,1,0
226.87,2,1,1,0
226.94,2,1,1,0
227.0,2,1,1,0
227.07,2,1,1,0
227.14,2,1,1,0
227.2,2,1,1,0
227.27,2,1,1,0
227.34,2,1,1,0
227.4,2,1,1,0
227.47,2,1,1,0
227.54,2,1,1,0
227.6,2,1,1,0
227.67,2,1,1,0
227.74,2,1,1,0
227.8,2,1,1,0
227.87,2,1,1,0
227.94,2,1,1,0
228.0,2,1,1,0
228.07,2,1,1,0
228.14,2,1,1,0
228.2,2,1,1,0
228.27,2,1,1,0
228.34,2,1,1,0
228.4,2,1,1,0
228.47,2,1,1,0
228.54,2,1,1,0
228.6,2,1,1,0
228.67,2,1,1,0
228.74,2,1,1,0
228.81,2,1,1,0
228.88,2,1,1,0
228.94,2,1,1,0
229.01,2,1,1,0
229.08,2,1,1,0
229.14,2,1,1,0
229.21,2,1,1,0
229.27,2,1,1,0
229.34,2,1,1,0
229.41,2,1,1,0
229.47,2,1,1,0
229.54,2,1,1,0
229.6,2,1,1,0
229.67,2,1,1,0
229.74,2,1,1,0
229.8,2,1,1,0
229.87,2,1,1,0
229.93,2,1,1,0
230.0,2,1,1,0
230.08,2,1,1,0
230.14,2,1,1,0
230.21,2,1,1,0
230.28,2,1,1,0
230.34,2,1,1,0
230.41,2,1,1,0
230.48,2,1,1,0
230.54,2,1,1,0
230.61,2,1,1,0
230.67,2,1,1,0
230.74,2,1,1,0
230.81,2,1,1,0
230.87,2,1,1,0
230.94,2,1,1,0
231.0,2,1,1,0
231.07,2,1,1,0
231.14,2,1,1,0
231.2,3,1,1,0
231.27,3,1,1,0
231.33,3,1,1,0
231.4,3,1,1,0
231.47,3,1,1,0
231.53,3,1,1,0
231.6,3,1,1,0
231.66,3,1,1,0
231.73,3,1,1,0
231.8,3,1,1,0
231.86,3,1,1,0
231.93,3,1,1,0
231.99,3,1,1,0
232.06,3,1,1,0
232.13,3,1,1,0
232.19,3,1,1,0
232.26,3,1,1,0
232.33,3,1,1,0
232.39,3,1,1,0
232.46,3,1,1,0
232.52,3,1,1,0
232.59,3,1,1,0
232.66,3,1,1,0
232.72,3,1,1,0
232.79,3,1,1,0
232.86,3,1,1,0
232.92,3,1,1,0
232.99,3,1,1,0
233.05,3,1,1,0
233.12,3,1,1,0
233.19,3,1,1,0
233.25,3,1,1,0
233.32,3,1,1,0
233.39,3,1,1,0
233.45,3,1,1,0
233.52,3,1,1,0
233.59,3,1,1,0
233.65,3,1,1,0
233.72,3,1,1,0
233.78,3,1,1,0
233.85,3,1,1,0
233.92,3,1,1,0
233.98,3,1,1,0
234.12,3,1,1,0
234.19,3,1,1,0
234.25,3,1,1,0
234.32,3,1,1,0
234.39,3,1,1,0
234.45,3,1,1,0
234.52,3,1,1,0
234.59,3,1,1,0
234.65,3,1,1,0
234.72,3,1,1,0
234.79,3,1,1,0
234.85,3,1,1,0
234.92,3,1,1,0
234.98,3,1,1,0
235.05,3,1,1,0
235.12,3,1,1,0
235.19,3,1,1,0
235.25,3,1,1,0
235.32,3,1,1,0
235.38,3,1,1,0
235.45,3,1,1,0
235.52,3,1,1,0
235.58,3,1,1,0
235.65,3,1,1,0
235.72,3,1,1,0
235.78,3,1,1,0
235.85,3,1,1,0
235.92,3,1,1,0
235.98,3,1,1,0
236.05,3,1,1,0
236.12,3,1,1,0
236.18,3,1,1,0
236.25,3,1,1,0
236.32,3,1,1,0
236.38,3,1,1,0
236.45,3,1,1,0
236.52,3,1,1,0
236.58,3,1,1,0
236.65,3,1,1,0
236.72,3,1,1,0
236.79,3,1,1,0
236.85,3,1,1,0
236.92,3,1,1,0
236.99,3,1,1,0
237.05,3,1,1,0
237.12,3,1,1,0
237.19,3,1,1,0
237.26,3,1,1,0
237.32,3,1,1,0
237.39,3,1,1,0
237.45,3,1,1,0
237.52,3,1,1,0
237.59,3,1,1,0
237.65,3,1,1,0
237.72,3,1,1,0
237.78,3,1,1,0
237.85,3,1,1,0
237.92,3,1,1,0
237.98,3,1,1,0
238.05,3,1,1,0
238.11,3,1,1,0
238.18,3,1,1,0
238.25,3,1,1,0
238.31,3,1,1,0
238.38,3,1,1,0
238.45,3,1,1,0
238.51,3,1,1,0
238.58,3,1,1,0
238.64,3,1,1,0
238.71,3,1,1,0
238.78,3,1,1,0
238.84,3,1,1,0
238.91,3,1,1,0
238.97,3,1,1,0
239.04,3,1,1,0
239.11,3,1,1,0
239.18,3,1,1,0
239.24,3,1,1,0
239.31,3,1,1,0
239.37,3,1,1,0
239.44,3,1,1,0
239.51,3,1,1,0
239.57,3,1,1,0
239.64,3,1,1,0
239.71,3,1,1,0
239.77,3,1,1,0
239.84,3,1,1,0
239.9,3,1,1,0
239.97,3,1,1,0
240.04,3,1,1,0
240.1,3,1,1,0
240.17,3,1,1,0
240.24,3,1,1,0
240.3,3,1,1,0
240.37,3,1,1,0
240.44,3,1,1,0
240.5,3,1,1,0
240.57,3,1,1,0
240.64,3,1,1,0
240.7,3,1,1,0
240.77,3,1,1,0
240.83,3,1,1,0
240.9,3,1,1,0
240.97,3,1,1,0
241.03,3,1,1,0
241.1,3,1,1,0
241.17,3,1,1,0
241.23,3,1,1,0
241.3,3,1,1,0
241.37,3,1,1,0
241.43,3,1,1,0
241.5,3,1,1,0
241.56,3,1,1,0
241.63,3,1,1,0
241.7,3,1,1,0
241.76,3,1,1,0
241.83,3,1,1,0
241.9,3,1,1,0
241.96,3,1,1,0
242.03,3,1,1,0
242.1,3,1,1,0
242.16,3,1,1,0
242.23,3,1,1,0
242.3,3,1,1,0
242.36,3,1,1,0
242.43,3,1,1,0
242.5,3,1,1,0
242.56,3,1,1,0
242.63,3,1,1,0
242.7,3,1,1,0
242.76,3,1,1,0
242.83,3,1,1,0
242.9,3,1,1,0
242.96,3,1,1,0
243.03,3,1,1,0
243.1,3,1,1,0
243.16,3,1,1,0
243.23,3,1,1,0
243.3,3,1,1,0
243.37,3,1,1,0
243.44,3,1,1,0
243.5,3,1,1,0
243.57,3,1,1,0
243.64,3,1,1,0
243.7,3,1,1,0
243.77,3,1,1,0
243.83,3,1,1,0
243.9,3,1,1,0
243.97,3,1,1,0
244.03,3,1,1,0
244.1,3,1,1,0
244.16,3,1,1,0
244.23,3,1,1,0
244.3,3,1,1,0
244.36,3,1,1,0
244.43,3,1,1,0
244.49,3,1,1,0
244.56,3,1,1,0
244.63,3,1,1,0
244.69,3,1,1,0
244.76,3,1,1,0
244.82,3,1,1,0
244.89,3,1,1,0
244.96,3,1,1,0
245.02,3,1,1,0
245.09,3,1,1,0
245.15,3,1,1,0
245.22,3,1,1,0
245.29,3,1,1,0
245.35,3,1,1,0
245.42,3,1,1,0
245.49,3,1,1,0
245.55,3,1,1,0
245.62,3,1,1,0
245.68,3,1,1,0
245.75,3,1,1,0
245.82,3,1,1,0
245.88,3,1,1,0
245.95,3,1,1,0
246.02,3,1,1,0
246.08,3,1,1,0
246.15,3,1,1,0
246.22,3,1,1,0
246.28,3,1,1,0
246.35,3,1,1,0
246.41,3,1,1,0
246.48,3,1,1,0
246.55,3,1,1,0
246.61,3,1,1,0
246.68,3,1,1,0
246.75,3,1,1,0
246.81,3,1,1,0
246.88,3,1,1,0
246.94,3,1,1,0
247.01,3,1,1,0
247.08,3,1,1,0
247.14,3,1,1,0
247.21,3,1,1,0
247.28,3,1,1,0
247.34,3,1,1,0
247.41,3,1,1,0
247.48,3,1,1,0
247.54,3,1,1,0
247.61,3,1,1,0
247.68,3,1,1,0
247.74,3,1,1,0
247.81,3,1,1,0
247.88,3,1,1,0
247.94,3,1,1,0
248.01,3,1,1,0
248.07,3,1,1,0
248.14,3,1,1,0
248.21,3,1,1,0
248.28,3,1,1,0
248.34,3,1,1,0
248.41,3,1,1,0
248.48,3,1,1,0
248.54,3,1,1,0
248.61,3,1,1,0
248.67,3,1,1,0
248.74,3,1,1,0
248.81,3,1,1,0
248.87,3,1,1,0
248.94,3,1,1,0
249.01,3,1,1,0
249.07,3,1,1,0
249.14,3,1,1,0
249.21,3,1,1,0
249.28,3,1,1,0
249.34,3,1,1,0
249.41,3,1,1,0
249.48,3,1,1,0
249.54,3,1,1,0
249.61,3,1,1,0
249.68,3,1,1,0
249.75,3,1,1,0
249.81,3,1,1,0
249.88,3,1,1,0
249.95,3,1,1,0
250.01,3,1,1,0
250.08,3,1,1,0
250.14,3,1,1,0
250.21,3,1,1,0
250.28,3,1,1,0
250.34,3,1,1,0
250.41,3,1,1,0
250.47,3,1,1,0
250.54,3,1,1,0
250.61,3,1,1,0
250.67,3,1,1,0
250.74,3,1,1,0
250.8,3,1,1,0
250.87,3,1,1,0
250.94,3,1,1,0
251.0,3,1,1,0
251.07,3,1,1,0
251.13,3,1,1,0
251.2,3,1,1,0
251.27,3,1,1,0
251.33,3,1,1,0
251.4,3,1,1,0
251.47,3,1,1,0
251.53,3,1,1,0
251.6,3,1,1,0
251.67,3,1,1,0
251.73,3,1,1,0
251.8,3,1,1,0
251.87,3,1,1,0
251.93,3,1,1,0
252.0,3,1,1,0
252.06,3,1,1,0
252.13,3,1,1,0
252.2,3,1,1,0
252.26,3,1,1,0
252.33,3,1,1,0
252.4,3,1,1,0
252.46,3,1,1,0
252.53,3,1,1,0
252.6,3,1,1,0
252.66,3,1,1,0
252.73,3,1,1,0
252.79,3,1,1,0
252.86,3,1,1,0
252.93,3,1,1,0
252.99,3,1,1,0
253.06,3,1,1,0
253.13,3,1,1,0
253.19,3,1,1,0
253.26,3,1,1,0
253.33,3,1,1,0
253.39,3,1,1,0
253.46,3,1,1,0
253.52,3,1,1,0
253.59,3,1,1,0
253.66,3,1,1,0
253.72,3,1,1,0
253.79,3,1,1,0
253.86,3,1,1,0
253.92,3,1,1,0
253.99,3,1,1,0
254.06,3,1,1,0
254.12,3,1,1,0
254.19,3,1,1,0
254.26,3,1,1,0
254.32,3,1,1,0
254.39,3,1,1,0
254.46,3,1,1,0
254.52,3,1,1,0
254.59,3,1,1,0
254.66,3,1,1,0
254.72,3,1,1,0
254.79,3,1,1,0
254.86,3,1,1,0
254.92,3,1,1,0
254.99,3,1,1,0
255.06,3,1,1,0
255.12,3,1,1,0
255.19,3,1,1,0
255.26,3,1,1,0
255.33,3,1,1,0
255.39,3,1,1,0
255.46,3,1,1,0
255.53,3,1,1,0
255.59,3,1,1,0
255.66,3,1,1,0
255.73,3,1,1,0
255.79,3,1,1,0
255.87,3,1,1,0
255.93,3,1,1,0
256.0,3,1,1,0
256.06,3,1,1,0
256.13,3,1,1,0
256.2,3,1,1,0
256.26,3,1,1,0
256.33,3,1,1,0
256.4,3,1,1,0
256.46,3,1,1,0
256.53,3,1,1,0
256.59,3,1,1,0
256.66,3,1,1,0
256.73,3,1,1,0
256.79,3,1,1,0
256.86,3,1,1,0
256.92,3,1,1,0
256.99,3,1,1,0
257.06,3,1,1,0
257.12,3,1,1,0
257.19,3,1,1,0
257.26,3,1,1,0
257.32,3,1,1,0
257.39,3,1,1,0
257.45,3,1,1,0
257.52,3,1,1,0
257.59,3,1,1,0
257.65,3,1,1,0
257.72,3,1,1,0
257.78,3,1,1,0
257.85,3,1,1,0
257.92,3,1,1,0
257.98,3,1,1,0
258.05,3,1,1,0
258.12,3,1,1,0
258.18,3,1,1,0
258.25,3,1,1,0
258.32,3,1,1,0
258.38,3,1,1,0
258.45,3,1,1,0
258.52,3,1,1,0
258.58,3,1,1,0
258.65,3,1,1,0
258.71,3,1,1,0
258.78,3,1,1,0
258.85,3,1,1,0
258.91,3,1,1,0
258.98,3,1,1,0
259.05,3,1,1,0
259.11,3,1,1,0
259.18,3,1,1,0
259.25,3,1,1,0
259.31,3,1,1,0
259.38,3,1,1,0
259.44,3,1,1,0
259.51,3,1,1,0
259.58,3,1,1,0
259.64,3,1,1,0
259.71,3,1,1,0
259.78,3,1,1,0
259.84,3,1,1,0
259.91,3,1,1,0
259.97,3,1,1,0
260.04,3,1,1,0
260.11,3,1,1,0
260.17,3,1,1,0
260.24,3,1,1,0
260.31,3,1,1,0
260.37,3,1,1,0
260.44,3,1,1,0
260.51,3,1,1,0
260.57,3,1,1,0
260.64,3,1,1,0
260.71,3,1,1,0
260.77,3,1,1,0
260.84,3,1,1,0
260.91,3,1,1,0
260.97,3,1,1,0
261.04,3,1,1,0
261.11,3,1,1,0
261.17,3,1,1,0
261.24,3,1,1,0
261.31,3,1,1,0
261.38,3,1,1,0
261.44,3,1,1,0
261.51,3,1,1,0
261.58,3,1,1,0
261.64,3,1,1,0
261.71,3,1,1,0
261.78,3,1,1,0
261.84,3,1,1,0
261.91,3,1,1,0
261.98,3,1,1,0
262.04,3,1,1,0
262.11,3,1,1,0
262.19,3,1,1,0
262.25,3,1,1,0
262.32,3,1,1,0
262.39,3,1,1,0
262.45,3,1,1,0
262.52,3,1,1,0
262.58,3,1,1,0
262.65,3,1,1,0
262.72,3,1,1,0
262.78,3,1,1,0
262.85,3,1,1,0
262.92,3,1,1,0
262.98,3,1,1,0
263.05,3,1,1,0
263.11,3,1,1,0
263.18,3,1,1,0
263.25,3,1,1,0
263.31,3,1,1,0
263.38,3,1,1,0
263.44,3,1,1,0
263.51,3,1,1,0
263.58,3,1,1,0
263.64,3,1,1,0
263.71,3,1,1,0
263.78,3,1,1,0
263.84,3,1,1,0
263.91,3,1,1,0
263.97,3,1,1,0
264.04,3,1,1,0
264.11,3,1,1,0
264.17,3,1,1,0
264.24,3,1,1,0
264.31,3,1,1,0
264.37,3,1,1,0
264.44,3,1,1,0
264.5,3,1,1,0
264.57,3,1,1,0
264.64,3,1,1,0
264.7,3,1,1,0
264.77,3,1,1,0
264.84,3,1,1,0
264.9,3,1,1,0
264.97,3,1,1,0
265.04,3,1,1,0
265.1,3,1,1,0
265.17,3,1,1,0
265.24,3,1,1,0
265.3,3,1,1,0
265.37,3,1,1,0
265.44,3,1,1,0
265.5,3,1,1,0
265.57,3,1,1,0
265.64,3,1,1,0
265.7,3,1,1,0
265.77,3,1,1,0
265.84,3,1,1,0
265.9,3,1,1,0
265.97,3,1,1,0
266.04,3,1,1,0
266.1,3,1,1,0
266.17,3,1,1,0
266.24,3,1,1,0
266.3,3,1,1,0
266.37,3,1,1,0
266.44,3,1,1,0
266.5,3,1,1,0
266.57,3,1,1,0
266.64,3,1,1,0
266.7,3,1,1,0
266.77,3,1,1,0
266.84,3,1,1,0
266.9,3,1,1,0
266.97,3,1,1,0
267.03,3,1,1,0
267.1,3,1,1,0
267.17,3,1,1,0
267.24,3,1,1,0
267.3,3,1,1,0
267.37,3,1,1,0
267.44,3,1,1,0
267.5,3,1,1,0
267.57,3,1,1,0
267.64,3,1,1,0
267.7,3,1,1,0
267.77,3,1,1,0
267.84,3,1,1,0
267.9,3,1,1,0
267.97,3,1,1,0
268.04,3,1,1,0
268.1,3,1,1,0
268.17,3,1,1,0
268.24,3,1,1,0
268.3,3,1,1,0
268.37,3,1,1,0
268.44,3,1,1,0
268.5,3,1,1,0
268.57,3,1,1,0
268.64,3,1,1,0
268.71,3,1,1,0
268.77,3,1,1,0
268.85,3,1,1,0
268.91,3,1,1,0
268.98,3,1,1,0
269.04,3,1,1,0
269.11,3,1,1,0
269.18,3,1,1,0
269.24,3,1,1,0
269.31,3,1,1,0
269.38,3,1,1,0
269.44,3,1,1,0
269.51,3,1,1,0
269.57,3,1,1,0
269.64,3,1,1,0
269.71,3,1,1,0
269.77,3,1,1,0
269.84,3,1,1,0
269.9,3,1,1,0
269.97,3,1,1,0
270.04,3,1,1,0
270.1,3,1,1,0
270.17,3,1,1,0
270.24,3,1,1,0
270.3,3,1,1,0
270.37,3,1,1,0
270.44,3,1,1,0
270.5,3,1,1,0
270.57,3,1,1,0
270.63,3,1,1,0
270.7,3,1,1,0
270.77,3,1,1,0
270.83,3,1,1,0
270.9,3,1,1,0
270.97,3,1,1,0
271.03,3,1,1,0
271.1,3,1,1,0
271.17,3,1,1,0
271.24,3,1,1,0
271.31,3,1,1,0
271.37,3,1,1,0
271.44,3,1,1,0
271.51,3,1,1,0
271.57,3,1,1,0
271.64,3,1,1,0
271.7,3,1,1,0
271.77,3,1,1,0
271.83,3,1,1,0
271.9,3,1,1,0
271.97,3,1,1,0
272.03,3,1,1,0
272.1,3,1,1,0
272.16,3,1,1,0
272.23,3,1,1,0
272.3,3,1,1,0
272.36,3,1,1,0
272.43,3,1,1,0
272.5,3,1,1,0
272.56,3,1,1,0
272.63,3,1,1,0
272.7,3,1,1,0
272.76,3,1,1,0
272.83,3,1,1,0
272.89,3,1,1,0
272.96,3,1,1,0
273.03,3,1,1,0
273.09,3,1,1,0
273.16,3,1,1,0
273.23,3,1,1,0
273.3,3,1,1,0
273.36,3,1,1,0
273.43,3,1,1,0
273.49,3,1,1,0
273.56,3,1,1,0
273.63,3,1,1,0
273.69,3,1,1,0
273.76,3,1,1,0
273.83,3,1,1,0
273.89,3,1,1,0
273.96,3,1,1,0
274.03,3,1,1,0
274.09,3,1,1,0
274.16,3,1,1,0
274.23,3,1,1,0
274.29,3,1,1,0
274.36,3,1,1,0
274.43,3,1,1,0
274.49,3,1,1,0
274.56,3,1,1,0
274.63,3,1,1,0
274.69,3,1,1,0
274.76,3,1,1,0
274.83,3,1,1,0
274.89,3,1,1,0
274.96,3,1,1,0
275.02,3,1,1,0
275.09,3,1,1,0
275.16,3,1,1,0
275.22,3,1,1,0
275.29,3,1,1,0
275.36,3,1,1,0
275.42,3,1,1,0
275.49,3,1,1,0
275.56,3,1,1,0
275.62,3,1,1,0
275.69,3,1,1,0
275.76,3,1,1,0
275.82,3,1,1,0
275.89,3,1,1,0
275.96,3,1,1,0
276.02,3,1,1,0
276.09,3,1,1,0
276.16,3,1,1,0
276.22,3,1,1,0
276.29,3,1,1,0
276.36,3,1,1,0
276.42,3,1,1,0
276.49,3,1,1,0
276.56,3,1,1,0
276.62,3,1,1,0
276.69,3,1,1,0
276.76,3,1,1,0
276.82,3,1,1,0
276.89,3,1,1,0
276.96,3,1,1,0
277.02,3,1,1,0
277.09,3,1,1,0
277.16,3,1,1,0
277.23,3,1,1,0
277.29,3,1,1,0
277.36,3,1,1,0
277.43,3,1,1,0
277.49,3,1,1,0
277.56,3,1,1,0
277.63,3,1,1,0
277.69,3,1,1,0
277.76,3,1,1,0
277.84,3,1,1,0
277.9,3,1,1,0
277.97,3,1,1,0
278.03,3,1,1,0
278.1,3,1,1,0
278.17,3,1,1,0
278.23,3,1,1,0
278.3,3,1,1,0
278.37,3,1,1,0
278.43,3,1,1,0
278.5,3,1,1,0
278.57,3,1,1,0
278.63,3,1,1,0
278.7,3,1,1,0
278.76,3,1,1,0
278.83,3,1,1,0
278.9,3,1,1,0
278.96,3,1,1,0
279.03,3,1,1,0
279.1,3,1,1,0
279.16,3,1,1,0
279.23,3,1,1,0
279.3,3,1,1,0
279.36,3,1,1,0
279.43,3,1,1,0
279.5,3,1,1,0
279.56,3,1,1,0
279.63,3,1,1,0
279.69,3,1,1,0
279.76,3,1,1,0
279.83,3,1,1,0
279.89,3,1,1,0
279.96,3,1,1,0
280.03,3,1,1,0
280.09,3,1,1,0
280.16,3,1,1,0
280.22,3,1,1,0
280.29,3,1,1,0
280.36,3,1,1,0
280.43,3,1,1,0
280.49,3,1,1,0
280.56,3,1,1,0
280.62,3,1,1,0
280.69,3,1,1,0
280.76,3,1,1,0
280.82,3,1,1,0
280.89,3,1,1,0
280.96,3,1,1,0
281.02,3,1,1,0
281.09,3,1,1,0
281.16,3,1,1,0
281.22,3,1,1,0
281.29,3,1,1,0
281.36,3,1,1,0
281.42,3,1,1,0
281.49,3,1,1,0
281.56,3,1,1,0
281.62,3,1,1,0
281.69,3,1,1,0
281.76,3,1,1,0
281.82,3,1,1,0
281.89,3,1,1,0
281.96,3,1,1,0
282.02,3,1,1,0
282.09,3,1,1,0
282.16,3,1,1,0
282.22,3,1,1,0
282.29,3,1,1,0
282.36,3,1,1,0
282.43,3,1,1,0
282.49,3,1,1,0
282.56,3,1,1,0
282.63,3,1,1,0
282.69,3,1,1,0
282.76,3,1,1,0
282.83,3,1,1,0
282.9,3,1,1,0
282.96,3,1,1,0
283.03,3,1,1,0
283.1,3,1,1,0
283.16,3,1,1,0
283.23,3,1,1,0
283.3,3,1,1,0
283.36,3,1,1,0
283.43,3,1,1,0
283.5,3,1,1,0
283.57,3,1,1,0
283.63,3,1,1,0
283.7,3,1,1,0
283.77,3,1,1,0
283.83,3,1,1,0
283.9,3,1,1,0
283.97,3,1,1,0
284.03,3,1,1,0
284.1,3,1,1,0
284.17,3,1,1,0
284.23,3,1,1,0
284.3,3,1,1,0
284.37,3,1,1,0
284.44,3,1,1,0
284.51,3,1,1,0
284.58,3,1,1,0
284.64,3,1,1,0
284.71,3,1,1,0
284.77,3,1,1,0
284.84,3,1,1,0
284.91,3,1,1,0
284.97,3,1,1,0
285.04,3,1,1,0
285.11,3,1,1,0
285.17,3,1,1,0
285.24,3,1,1,0
285.31,3,1,1,0
285.37,3,1,1,0
285.44,3,1,1,0
285.5,3,1,1,0
285.57,3,1,1,0
285.64,3,1,1,0
285.7,3,1,1,0
285.77,3,1,1,0
285.84,3,1,1,0
285.9,3,1,1,0
285.97,3,1,1,0
286.03,3,1,1,0
286.1,3,1,1,0
286.17,3,1,1,0
286.23,3,1,1,0
286.3,3,1,1,0
286.37,3,1,1,0
286.44,3,1,1,0
286.5,3,1,1,0
286.57,3,1,1,0
286.64,3,1,1,0
286.7,3,1,1,0
286.77,3,1,1,0
286.84,3,1,1,0
286.9,3,1,1,0
286.97,3,1,1,0
287.04,3,1,1,0
287.1,3,1,1,0
287.17,3,1,1,0
287.24,3,1,1,0
287.3,3,1,1,0
287.37,3,1,1,0
287.44,3,1,1,0
287.5,3,1,1,0
287.57,3,1,1,0
287.64,3,1,1,0
287.7,3,1,1,0
287.77,3,1,1,0
287.84,3,1,1,0
287.9,3,1,1,0
287.97,3,1,1,0
288.03,3,1,1,0
288.1,3,1,1,0
288.17,3,1,1,0
288.23,3,1,1,0
288.3,3,1,1,0
288.37,3,1,1,0
288.44,3,1,1,0
288.5,3,1,1,0
288.57,3,1,1,0
288.64,3,1,1,0
288.7,3,1,1,0
288.77,3,1,1,0
288.84,3,1,1,0
288.9,3,1,1,0
288.97,3,1,1,0
289.04,3,1,1,0
289.1,3,1,1,0
289.17,3,1,1,0
289.24,3,1,1,0
289.3,3,1,1,0
289.37,3,1,1,0
289.44,3,1,1,0
289.5,3,1,1,0
289.57,3,1,1,0
289.64,3,1,1,0
289.7,3,1,1,0
289.77,3,1,1,0
289.84,3,1,1,0
289.9,3,1,1,0
289.97,3,1,1,0
290.04,3,1,1,0
290.1,3,1,1,0
290.17,3,1,1,0
290.24,3,1,1,0
290.31,3,1,1,0
290.37,3,1,1,0
290.44,3,1,1,0
290.51,3,1,1,0
290.57,3,1,1,0
290.64,3,1,1,0
290.71,3,1,1,0
290.78,3,1,1,0
290.85,3,1,1,0
290.92,3,1,1,0
290.99,3,1,1,0
291.05,3,1,1,0
291.12,3,1,1,0
291.18,3,1,1,0
291.25,3,1,1,0
291.32,3,1,1,0
291.38,3,1,1,0
291.45,3,1,1,0
291.52,3,1,1,0
291.58,3,1,1,0
291.65,3,1,1,0
291.71,3,1,1,0
291.78,3,1,1,0
291.85,3,1,1,0
291.91,3,1,1,0
291.98,3,1,1,0
292.05,3,1,1,0
292.11,3,1,1,0
292.18,3,1,1,0
292.25,3,1,1,0
292.31,3,1,1,0
292.38,3,1,1,0
292.45,3,1,1,0
292.51,3,1,1,0
292.58,3,1,1,0
292.65,3,1,1,0
292.71,3,1,1,0
292.78,3,1,1,0
292.84,3,1,1,0
292.91,3,1,1,0
292.98,3,1,1,0
293.04,3,1,1,0
293.11,3,1,1,0
293.18,3,1,1,0
293.24,3,1,1,0
293.31,3,1,1,0
293.38,3,1,1,0
293.45,3,1,1,0
293.51,3,1,1,0
293.58,3,1,1,0
293.65,3,1,1,0
293.71,3,1,1,0
293.78,3,1,1,0
293.85,3,1,1,0
293.91,3,1,1,0
293.98,3,1,1,0
294.04,3,1,1,0
294.11,3,1,1,0
294.18,3,1,1,0
294.25,3,1,1,0
294.31,3,1,1,0
294.38,3,1,1,0
294.45,3,1,1,0
294.51,3,1,1,0
294.58,3,1,1,0
294.65,3,1,1,0
294.71,3,1,1,0
294.78,3,1,1,0
294.85,3,1,1,0
294.91,3,1,1,0
294.98,3,1,1,0
295.05,3,1,1,0
295.11,3,1,1,0
295.18,3,1,1,0
295.25,3,1,1,0
295.32,3,1,1,0
295.38,3,1,1,0
295.45,3,1,1,0
295.52,3,1,1,0
295.58,3,1,1,0
295.65,3,1,1,0
295.72,3,1,1,0
295.78,3,1,1,0
295.85,3,1,1,0
295.92,3,1,1,0
295.98,3,1,1,0
296.05,3,1,1,0
296.12,3,1,1,0
296.19,3,1,1,0
296.25,3,1,1,0
296.32,3,1,1,0
296.39,3,1,1,0
296.45,3,1,1,0
296.52,3,1,1,0
296.59,3,1,1,0
296.65,3,1,1,0
296.72,3,1,1,0
296.79,3,1,1,0
296.85,3,1,1,0
296.92,3,1,1,0
296.99,3,1,1,0
297.06,3,1,1,0
297.12,3,1,1,0
297.19,3,1,1,0
297.26,3,1,1,0
297.32,3,1,1,0
297.39,3,1,1,0
297.46,3,1,1,0
297.53,3,1,1,0
297.6,3,1,1,0
297.66,3,1,1,0
297.73,3,1,1,0
297.8,3,1,1,0
297.86,3,1,1,0
297.93,3,1,1,0
297.99,3,1,1,0
298.06,3,1,1,0
298.13,3,1,1,0
298.2,3,1,1,0
298.26,3,1,1,0
298.33,3,1,1,0
298.39,3,1,1,0
298.46,3,1,1,0
298.53,3,1,1,0
298.59,3,1,1,0
298.66,3,1,1,0
298.73,3,1,1,0
298.79,3,1,1,0
298.86,3,1,1,0
298.93,3,1,1,0
298.99,3,1,1,0
299.06,3,1,1,0
299.13,3,1,1,0
299.19,3,1,1,0
299.26,3,1,1,0
299.33,3,1,1,0
299.39,3,1,1,0
299.46,3,1,1,0
299.53,3,1,1,0
299.59,3,1,1,0
299.66,3,1,1,0
299.73,3,1,1,0
299.79,3,1,1,0
299.86,3,1,1,0
299.92,3,1,1,0
299.99,3,1,1,0
300.06,3,1,1,0
300.12,3,1,1,0
300.19,3,1,1,0
300.26,3,1,1,0
300.32,3,1,1,0
300.39,3,1,1,0
300.46,3,1,1,0
300.52,3,1,1,0
300.59,3,1,1,0
300.66,3,1,1,0
300.72,3,1,1,0
300.79,3,1,1,0
300.86,3,1,1,0
300.92,3,1,1,0
300.99,3,1,1,0
301.06,3,1,1,0
301.12,3,1,1,0
301.19,3,1,1,0
301.26,3,1,1,0
301.32,3,1,1,0
301.39,3,1,1,0
301.46,3,1,1,0
301.52,3,1,1,0
301.59,3,1,1,0
301.66,3,1,1,0
301.73,3,1,1,0
301.79,3,1,1,0
301.86,3,1,1,0
301.93,3,1,1,0
301.99,3,1,1,0
302.06,3,1,1,0
302.13,3,1,1,0
302.19,3,1,1,0
302.26,3,1,1,0
302.33,3,1,1,0
302.39,3,1,1,0
302.46,3,1,1,0
302.53,3,1,1,0
302.6,3,1,1,0
302.66,3,1,1,0
302.73,3,1,1,0
302.8,3,1,1,0
302.86,3,1,1,0
302.93,3,1,1,0
303.0,3,1,1,0
303.07,3,1,1,0
303.13,3,1,1,0
303.2,3,1,1,0
303.27,3,1,1,0
303.33,3,1,1,0
303.4,3,1,1,0
303.47,3,1,1,0
303.53,3,1,1,0
303.6,3,1,1,0
303.67,3,1,1,0
303.74,3,1,1,0
303.8,3,1,1,0
303.87,3,1,1,0
303.94,3,1,1,0
304.01,3,1,1,0
304.08,3,1,1,0
304.15,3,1,1,0
304.21,3,1,1,0
304.28,3,1,1,0
304.35,3,1,1,0
304.41,3,1,1,0
304.48,3,1,1,0
304.54,3,1,1,0
304.61,3,1,1,0
304.68,3,1,1,0
304.74,3,1,1,0
304.81,3,1,1,0
304.88,3,1,1,0
304.94,3,1,1,0
305.01,3,1,1,0
305.08,3,1,1,0
305.14,3,1,1,0
305.21,3,1,1,0
305.28,3,1,1,0
305.34,3,1,1,0
305.41,3,1,1,0
305.48,3,1,1,0
305.54,3,1,1,0
305.61,3,1,1,0
305.68,3,1,1,0
305.74,3,1,1,0
305.81,3,1,1,0
305.88,3,1,1,0
305.94,3,1,1,0
306.01,3,1,1,0
306.08,3,1,1,0
306.14,3,1,1,0
306.21,3,1,1,0
306.28,3,1,1,0
306.34,3,1,1,0
306.41,3,1,1,0
306.48,3,1,1,0
306.54,3,1,1,0
306.61,3,1,1,0
306.68,3,1,1,0
306.74,3,1,1,0
306.81,3,1,1,0
306.88,3,1,1,0
306.94,3,1,1,0
307.01,3,1,1,0
307.08,3,1,1,0
307.14,3,1,1,0
307.21,3,1,1,0
307.28,3,1,1,0
307.34,3,1,1,0
307.41,3,1,1,0
307.48,3,1,1,0
307.54,3,1,1,0
307.61,3,1,1,0
307.68,3,1,1,0
307.75,3,1,1,0
307.82,3,1,1,0
307.88,3,1,1,0
307.95,3,1,1,0
308.01,3,1,1,0
308.08,3,1,1,0
308.15,3,1,1,0
308.21,3,1,1,0
308.28,3,1,1,0
308.34,3,1,1,0
308.41,3,1,1,0
308.48,3,1,1,0
308.54,3,1,1,0
308.61,3,1,1,0
308.68,3,1,1,0
308.74,3,1,1,0
308.81,3,1,1,0
308.87,3,1,1,0
308.94,3,1,1,0
309.01,3,1,1,0
309.07,3,1,1,0
309.14,3,1,1,0
309.21,3,1,1,0
309.27,3,1,1,0
309.34,3,1,1,0
309.4,3,1,1,0
309.47,3,1,1,0
309.54,3,1,1,0
309.6,3,1,1,0
309.67,3,1,1,0
309.74,3,1,1,0
309.8,3,1,1,0
309.87,3,1,1,0
309.94,3,1,1,0
310.0,3,1,1,0
310.07,3,1,1,0
310.14,3,1,1,0
310.2,3,1,1,0
310.27,3,1,1,0
310.34,3,1,1,0
310.4,3,1,1,0
310.47,3,1,1,0
310.54,3,1,1,0
310.6,3,1,1,0
310.67,3,1,1,0
310.74,3,1,1,0
310.81,3,1,1,0
310.87,3,1,1,0
310.94,3,1,1,0
311.01,3,1,1,0
311.07,3,1,1,0
311.14,3,1,1,0
311.2,3,1,1,0
311.27,3,1,1,0
311.33,3,1,1,0
311.4,3,1,1,0
311.47,3,1,1,0
311.53,3,1,1,0
311.6,3,1,1,0
311.66,3,1,1,0
311.73,3,1,1,0
311.8,3,1,1,0
311.86,3,1,1,0
311.93,3,1,1,0
311.99,3,1,1,0
312.06,3,1,1,0
312.12,3,1,1,0
312.19,3,1,1,0
312.26,3,1,1,0
312.33,3,1,1,0
312.4,3,1,1,0
312.46,3,1,1,0
312.53,3,1,1,0
312.59,3,1,1,0
312.66,3,1,1,0
312.73,3,1,1,0
312.79,3,1,1,0
312.86,3,1,1,0
312.93,3,1,1,0
312.99,3,1,1,0
313.06,3,1,1,0
313.12,3,1,1,0
313.19,3,1,1,0
313.26,3,1,1,0
313.32,3,1,1,0
313.39,3,1,1,0
313.46,3,1,1,0
313.53,3,1,1,0
313.59,3,1,1,0
313.66,3,1,1,0
313.72,3,1,1,0
313.79,3,1,1,0
313.86,3,1,1,0
313.92,3,1,1,0
313.99,3,1,1,0
314.06,3,1,1,0
314.12,3,1,1,0
314.19,3,1,1,0
314.26,3,1,1,0
314.32,3,1,1,0
314.39,3,1,1,0
314.46,3,1,1,0
314.52,3,1,1,0
314.59,3,1,1,0
314.66,3,1,1,0
314.72,3,1,1,0
314.79,3,1,1,0
314.86,3,1,1,0
314.92,3,1,1,0
314.99,3,1,1,0
315.05,3,1,1,0
315.12,3,1,1,0
315.19,3,1,1,0
315.25,3,1,1,0
315.32,3,1,1,0
315.39,3,1,1,0
315.45,3,1,1,0
315.52,3,1,1,0
315.59,3,1,1,0
315.65,3,1,1,0
315.72,3,1,1,0
315.79,3,1,1,0
315.85,3,1,1,0
315.92,3,1,1,0
315.99,3,1,1,0
316.05,3,1,1,0
316.12,3,1,1,0
316.19,3,1,1,0
316.25,3,1,1,0
316.32,3,1,1,0
316.39,3,1,1,0
316.45,3,1,1,0
316.52,3,1,1,0
316.59,3,1,1,0
316.65,3,1,1,0
316.72,3,1,1,0
316.79,3,1,1,0
316.85,3,1,1,0
316.92,3,1,1,0
316.99,3,1,1,0
317.05,3,1,1,0
317.12,3,1,1,0
317.19,3,1,1,0
317.25,3,1,1,0
317.32,3,1,1,0
317.39,3,1,1,0
317.46,3,1,1,0
317.52,3,1,1,0
317.59,3,1,1,0
317.66,3,1,1,0
317.72,3,1,1,0
317.79,3,1,1,0
317.86,3,1,1,0
317.93,3,1,1,0
317.99,3,1,1,0
318.06,3,1,1,0
318.13,3,1,1,0
318.19,3,1,1,0
318.26,3,1,1,0
318.33,3,1,1,0
318.4,3,1,1,0
318.46,3,1,1,0
318.53,3,1,1,0
318.6,3,1,1,0
318.66,3,1,1,0
318.73,3,1,1,0
318.81,3,1,1,0
318.87,3,1,1,0
318.94,3,1,1,0
319.01,3,1,1,0
319.07,3,1,1,0
319.14,3,1,1,0
319.21,3,1,1,0
319.27,3,1,1,0
319.34,3,1,1,0
319.41,3,1,1,0
319.47,3,1,1,0
319.54,3,1,1,0
319.6,3,1,1,0
319.67,3,1,1,0
319.74,3,1,1,0
319.8,3,1,1,0
319.87,3,1,1,0
319.94,3,1,1,0
320.0,3,1,1,0
320.07,3,1,1,0
320.13,3,1,1,0
320.2,3,1,1,0
320.27,3,1,1,0
320.33,3,1,1,0
320.4,3,1,1,0
320.47,3,1,1,0
320.53,3,1,1,0
320.6,3,1,1,0
320.67,3,1,1,0
320.73,3,1,1,0
320.8,3,1,1,0
320.87,3,1,1,0
320.93,3,1,1,0
321.0,3,1,1,0
321.06,3,1,1,0
321.13,3,1,1,0
321.2,3,1,1,0
321.27,3,1,1,0
321.33,3,1,1,0
321.4,3,1,1,0
321.47,3,1,1,0
321.53,3,1,1,0
321.6,3,1,1,0
321.67,3,1,1,0
321.73,3,1,1,0
321.8,3,1,1,0
321.87,3,1,1,0
321.93,3,1,1,0
322.0,3,1,1,0
322.07,3,1,1,0
322.13,3,1,1,0
322.2,3,1,1,0
322.27,3,1,1,0
322.33,3,1,1,0
322.4,3,1,1,0
322.47,3,1,1,0
322.53,3,1,1,0
322.6,3,1,1,0
322.67,3,1,1,0
322.73,3,1,1,0
322.8,3,1,1,0
322.87,3,1,1,0
322.94,3,1,1,0
323.0,3,1,1,0
323.07,3,1,1,0
323.14,3,1,1,0
323.2,3,1,1,0
323.27,3,1,1,0
323.34,3,1,1,0
323.41,3,1,1,0
323.47,3,1,1,0
323.54,3,1,1,0
323.61,3,1,1,0
323.67,3,1,1,0
323.74,3,1,1,0
323.81,3,1,1,0
323.88,3,1,1,0
323.94,3,1,1,0
324.01,3,1,1,0
324.08,3,1,1,0
324.14,3,1,1,0
324.21,3,1,1,0
324.28,3,1,1,0
324.35,3,1,1,0
324.41,3,1,1,0
324.48,3,1,1,0
324.55,3,1,1,0
324.61,3,1,1,0
324.68,3,1,1,0
324.75,3,1,1,0
324.81,3,1,1,0
324.88,3,1,1,0
324.96,3,1,1,0
325.03,3,1,1,0
325.09,3,1,1,0
325.16,3,1,1,0
325.22,3,1,1,0
325.29,3,1,1,0
325.36,3,1,1,0
325.42,3,1,1,0
325.49,3,1,1,0
325.56,3,1,1,0
325.62,3,1,1,0
325.69,3,1,1,0
325.76,3,1,1,0
325.82,3,1,1,0
325.89,3,1,1,0
325.96,3,1,1,0
326.02,3,1,1,0
326.09,3,1,1,0
326.16,3,1,1,0
326.22,3,1,1,0
326.29,3,1,1,0
326.35,3,1,1,0
326.42,3,1,1,0
326.49,3,1,1,0
326.55,3,1,1,0
326.62,3,1,1,0
326.69,3,1,1,0
326.75,3,1,1,0
326.82,3,1,1,0
326.88,3,1,1,0
326.95,3,1,1,0
327.02,3,1,1,0
327.08,3,1,1,0
327.15,3,1,1,0
327.22,3,1,1,0
327.28,3,1,1,0
327.35,3,1,1,0
327.42,3,1,1,0
327.48,3,1,1,0
327.55,3,1,1,0
327.62,3,1,1,0
327.68,3,1,1,0
327.75,3,1,1,0
327.82,3,1,1,0
327.88,3,1,1,0
327.95,3,1,1,0
328.02,3,1,1,0
328.08,3,1,1,0
328.15,3,1,1,0
328.22,3,1,1,0
328.28,3,1,1,0
328.35,3,1,1,0
328.42,3,1,1,0
328.48,3,1,1,0
328.55,3,1,1,0
328.62,3,1,1,0
328.68,3,1,1,0
328.75,3,1,1,0
328.82,3,1,1,0
328.88,3,1,1,0
328.95,3,1,1,0
329.02,3,1,1,0
329.08,3,1,1,0
329.15,3,1,1,0
329.22,3,1,1,0
329.28,3,1,1,0
329.35,3,1,1,0
329.42,3,1,1,0
329.48,3,1,1,0
329.55,3,1,1,0
329.62,3,1,1,0
329.69,3,1,1,0
329.75,3,1,1,0
329.82,3,1,1,0
329.89,3,1,1,0
329.95,3,1,1,0
330.02,3,1,1,0
330.09,3,1,1,0
330.15,3,1,1,0
330.22,3,1,1,0
330.29,3,1,1,0
330.36,3,1,1,0
330.42,3,1,1,0
330.49,3,1,1,0
330.56,3,1,1,0
330.62,3,1,1,0
330.69,3,1,1,0
330.76,3,1,1,0
330.82,3,1,1,0
330.89,3,1,1,0
330.96,3,1,1,0
331.02,3,1,1,0
331.09,3,1,1,0
331.17,3,1,1,0
331.23,3,1,1,0
331.3,3,1,1,0
331.36,3,1,1,0
331.43,3,1,1,0
331.5,3,1,1,0
331.56,3,1,1,0
331.63,3,1,1,0
331.7,3,1,1,0
331.76,3,1,1,0
331.83,3,1,1,0
331.9,3,1,1,0
331.96,3,1,1,0
332.03,3,1,1,0
332.09,3,1,1,0
332.16,3,1,1,0
332.23,3,1,1,0
332.29,3,1,1,0
332.36,3,1,1,0
332.43,3,1,1,0
332.49,3,1,1,0
332.56,3,1,1,0
332.62,3,1,1,0
332.69,3,1,1,0
332.76,3,1,1,0
332.83,3,1,1,0
332.89,3,1,1,0
332.96,3,1,1,0
333.03,3,1,1,0
333.09,3,1,1,0
333.16,3,1,1,0
333.22,3,1,1,0
333.29,3,1,1,0
333.36,3,1,1,0
333.42,3,1,1,0
333.49,3,1,1,0
333.56,3,1,1,0
333.62,3,1,1,0
333.69,3,1,1,0
333.76,3,1,1,0
333.83,3,1,1,0
333.89,3,1,1,0
333.96,3,1,1,0
334.03,3,1,1,0
334.09,3,1,1,0
334.16,3,1,1,0
334.23,3,1,1,0
334.29,3,1,1,0
334.36,3,1,1,0
334.43,3,1,1,0
334.49,3,1,1,0
334.56,3,1,1,0
334.63,3,1,1,0
334.69,3,1,1,0
334.76,3,1,1,0
334.83,3,1,1,0
334.89,3,1,1,0
334.96,3,1,1,0
335.03,3,1,1,0
335.09,3,1,1,0
335.16,3,1,1,0
335.23,3,1,1,0
335.29,3,1,1,0
335.36,3,1,1,0
335.43,3,1,1,0
335.5,3,1,1,0
335.56,3,1,1,0
335.63,3,1,1,0
335.7,3,1,1,0
335.76,3,1,1,0
335.83,3,1,1,0
335.9,3,1,1,0
335.96,3,1,1,0
336.03,3,1,1,0
336.1,3,1,1,0
336.16,3,1,1,0
336.23,3,1,1,0
336.3,3,1,1,0
336.37,3,1,1,0
336.43,3,1,1,0
336.5,3,1,1,0
336.57,3,1,1,0
336.63,3,1,1,0
336.7,3,1,1,0
336.77,3,1,1,0
336.83,3,1,1,0
336.9,3,1,1,0
336.97,3,1,1,0
337.04,3,1,1,0
337.1,3,1,1,0
337.17,3,1,1,0
337.24,3,1,1,0
337.31,3,1,1,0
337.37,3,1,1,0
337.44,3,1,1,0
337.51,3,1,1,0
337.57,3,1,1,0
337.64,3,1,1,0
337.71,3,1,1,0
337.78,3,1,1,0
337.85,3,1,1,0
337.91,3,1,1,0
337.98,3,1,1,0
338.05,3,1,1,0
338.11,3,1,1,0
338.18,3,1,1,0
338.25,3,1,1,0
338.31,3,1,1,0
338.38,3,1,1,0
338.44,3,1,1,0
338.51,3,1,1,0
338.58,3,1,1,0
338.64,3,1,1,0
338.71,3,1,1,0
338.77,3,1,1,0
338.84,3,1,1,0
338.91,3,1,1,0
338.98,3,1,1,0
339.04,3,1,1,0
339.11,3,1,1,0
339.18,3,1,1,0
339.24,3,1,1,0
339.31,3,1,1,0
339.37,3,1,1,0
339.44,3,1,1,0
339.51,3,1,1,0
339.57,3,1,1,0
339.64,3,1,1,0
339.71,3,1,1,0
339.77,3,1,1,0
339.84,3,1,1,0
339.91,3,1,1,0
339.97,3,1,1,0
340.04,3,1,1,0
340.11,3,1,1,0
340.17,3,1,1,0
340.24,3,1,1,0
340.31,3,1,1,0
340.37,3,1,1,0
340.44,3,1,1,0
340.51,3,1,1,0
340.57,3,1,1,0
340.64,3,1,1,0
340.71,3,1,1,0
340.77,3,1,1,0
340.84,3,1,1,0
340.91,3,1,1,0
340.97,3,1,1,0
341.04,3,1,1,0
341.11,3,1,1,0
341.17,3,1,1,0
341.24,3,1,1,0
341.31,3,1,1,0
341.38,3,1,1,0
341.44,3,1,1,0
341.51,3,1,1,0
341.58,3,1,1,0
341.64,3,1,1,0
341.71,3,1,1,0
341.78,3,1,1,0
341.84,3,1,1,0
341.91,3,1,1,0
341.98,3,1,1,0
342.04,3,1,1,0
342.11,3,1,1,0
342.18,3,1,1,0
342.24,3,1,1,0
342.31,3,1,1,0
342.38,3,1,1,0
342.44,3,1,1,0
342.51,3,1,1,0
342.58,3,1,1,0
342.65,3,1,1,0
342.71,3,1,1,0
342.78,3,1,1,0
342.85,3,1,1,0
342.91,3,1,1,0
342.98,3,1,1,0
343.05,3,1,1,0
343.12,3,1,1,0
343.18,3,1,1,0
343.25,3,1,1,0
343.32,3,1,1,0
343.38,3,1,1,0
343.45,3,1,1,0
343.52,3,1,1,0
343.58,3,1,1,0
343.65,3,1,1,0
343.72,3,1,1,0
343.79,3,1,1,0
343.85,3,1,1,0
343.92,3,1,1,0
343.99,3,1,1,0
344.05,3,1,1,0
344.12,3,1,1,0
344.19,3,1,1,0
344.25,3,1,1,0
344.33,3,1,1,0
344.39,3,1,1,0
344.46,3,1,1,0
344.53,3,1,1,0
344.59,3,1,1,0
344.66,3,1,1,0
344.73,3,1,1,0
344.79,3,1,1,0
344.86,3,1,1,0
344.93,3,1,1,0
344.99,3,1,1,0
345.06,3,1,1,0
345.13,3,1,1,0
345.19,3,1,1,0
345.26,3,1,1,0
345.32,3,1,1,0
345.39,3,1,1,0
345.46,3,1,1,0
345.52,3,1,1,0
345.59,3,1,1,0
345.66,3,1,1,0
345.72,3,1,1,0
345.79,3,1,1,0
345.86,3,1,1,0
345.92,3,1,1,0
345.99,3,1,1,0
346.06,3,1,1,0
346.12,3,1,1,0
346.19,3,1,1,0
346.26,3,1,1,0
346.32,3,1,1,0
346.39,3,1,1,0
346.45,3,1,1,0
346.52,3,1,1,0
346.59,3,1,1,0
346.66,3,1,1,0
346.72,3,1,1,0
346.79,3,1,1,0
346.85,3,1,1,0
346.92,3,1,1,0
346.99,3,1,1,0
347.05,3,1,1,0
347.12,3,1,1,0
347.19,3,1,1,0
347.25,3,1,1,0
347.32,3,1,1,0
347.39,3,1,1,0
347.45,3,1,1,0
347.52,3,1,1,0
347.59,3,1,1,0
347.66,3,1,1,0
347.72,3,1,1,0
347.79,3,1,1,0
347.86,3,1,1,0
347.92,3,1,1,0
347.99,3,1,1,0
348.05,3,1,1,0
348.12,3,1,1,0
348.19,3,1,1,0
348.25,3,1,1,0
348.32,3,1,1,0
348.39,3,1,1,0
348.45,3,1,1,0
348.52,3,1,1,0
348.59,3,1,1,0
348.66,3,1,1,0
348.72,3,1,1,0
348.79,3,1,1,0
348.86,3,1,1,0
348.92,3,1,1,0
348.99,3,1,1,0
349.06,3,1,1,0
349.13,3,1,1,0
349.19,3,1,1,0
349.26,3,1,1,0
349.33,3,1,1,0
349.39,3,1,1,0
349.46,3,1,1,0
349.53,3,1,1,0
349.59,3,1,1,0
349.66,3,1,1,0
349.73,3,1,1,0
349.79,3,1,1,0
349.86,3,1,1,0
349.93,3,1,1,0
350.0,3,1,1,0
350.06,3,1,1,0
350.13,3,1,1,0
350.2,3,1,1,0
350.26,3,1,1,0
350.33,3,1,1,0
350.4,3,1,1,0
350.47,3,1,1,0
350.53,3,1,1,0
350.6,3,1,1,0
350.67,3,1,1,0
350.73,3,1,1,0
350.8,3,1,1,0
350.87,3,1,1,0
350.93,3,1,1,0
351.01,3,1,1,0
351.07,3,1,1,0
351.14,3,1,1,0
351.21,3,1,1,0
351.27,3,1,1,0
351.34,3,1,1,0
351.4,3,1,1,0
351.47,3,1,1,0
351.54,3,1,1,0
351.6,3,1,1,0
351.67,3,1,1,0
351.74,3,1,1,0
351.8,3,1,1,0
351.87,3,1,1,0
351.94,3,1,1,0
352.0,3,1,1,0
352.07,3,1,1,0
352.13,3,1,1,0
352.2,3,1,1,0
352.27,3,1,1,0
352.33,3,1,1,0
352.4,3,1,1,0
352.47,3,1,1,0
352.54,3,1,1,0
352.6,3,1,1,0
352.67,3,1,1,0
352.74,3,1,1,0
352.8,3,1,1,0
352.87,3,1,1,0
352.93,3,1,1,0
353.0,3,1,1,0
353.07,3,1,1,0
353.13,3,1,1,0
353.2,3,1,1,0
353.27,3,1,1,0
353.35,3,1,1,0
353.41,3,1,1,0
353.48,3,1,1,0
353.55,3,1,1,0
353.61,3,1,1,0
353.68,3,1,1,0
353.74,3,1,1,0
353.81,3,1,1,0
353.88,3,1,1,0
353.94,3,1,1,0
354.01,3,1,1,0
354.08,3,1,1,0
354.14,3,1,1,0
354.21,3,1,1,0
354.28,3,1,1,0
354.34,3,1,1,0
354.41,3,1,1,0
354.47,3,1,1,0
354.54,3,1,1,0
354.61,3,1,1,0
354.67,3,1,1,0
354.74,3,1,1,0
354.81,3,1,1,0
354.87,3,1,1,0
354.94,3,1,1,0
355.01,3,1,1,0
355.07,3,1,1,0
355.14,3,1,1,0
355.2,3,1,1,0
355.27,3,1,1,0
355.34,3,1,1,0
355.41,3,1,1,0
355.47,3,1,1,0
355.54,3,1,1,0
355.6,3,1,1,0
355.67,3,1,1,0
355.74,3,1,1,0
355.8,3,1,1,0
355.87,3,1,1,0
355.94,3,1,1,0
356.0,3,1,1,0
356.07,3,1,1,0
356.14,3,1,1,0
356.2,3,1,1,0
356.27,3,1,1,0
356.34,3,1,1,0
356.4,3,1,1,0
356.47,3,1,1,0
356.54,3,1,1,0
356.6,3,1,1,0
356.67,3,1,1,0
356.74,3,1,1,0
356.8,3,1,1,0
356.87,3,1,1,0
356.94,3,1,1,0
357.0,3,1,1,0
357.07,3,1,1,0
357.14,3,1,1,0
357.2,3,1,1,0
357.27,3,1,1,0
357.34,3,1,1,0
357.4,3,1,1,0
357.47,3,1,1,0
357.54,3,1,1,0
357.6,3,1,1,0
357.67,3,1,1,0
357.74,3,1,1,0
357.8,3,1,1,0
357.87,3,1,1,0
357.94,3,1,1,0
358.0,3,1,1,0
358.07,3,1,1,0
358.14,3,1,1,0
358.2,3,1,1,0
358.27,3,1,1,0
358.34,3,1,1,0
358.41,3,1,1,0
358.47,3,1,1,0
358.54,3,1,1,0
358.61,3,1,1,0
358.67,3,1,1,0
358.74,3,1,1,0
358.81,3,1,1,0
358.87,3,1,1,0
358.94,3,1,1,0
359.01,3,1,1,0
359.07,3,1,1,0
359.14,3,1,1,0
359.21,3,1,1,0
359.28,3,1,1,0
359.34,3,1,1,0
359.41,3,1,1,0
359.48,3,1,1,0
359.54,3,1,1,0
359.61,3,1,1,0
359.68,3,1,1,0
359.75,3,1,1,0
359.81,3,1,1,0
359.88,3,1,1,0
359.95,3,1,1,0
360.02,3,1,1,0
360.09,3,1,1,0
360.15,3,1,1,0
360.22,3,1,1,0
360.29,3,1,1,0
360.35,3,1,1,0
360.42,3,1,1,0
360.49,3,1,1,0
360.55,3,1,1,0
360.62,3,1,1,0
360.69,3,1,1,0
360.75,3,1,1,0
360.82,3,1,1,0
360.89,3,1,1,0
360.95,3,1,1,0
361.02,3,1,1,0
361.08,3,1,1,0
361.15,3,1,1,0
361.22,3,1,1,0
361.28,3,1,1,0
361.35,3,1,1,0
361.42,3,1,1,0
361.48,3,1,1,0
361.55,3,1,1,0
361.62,3,1,1,0
361.68,3,1,1,0
361.75,3,1,1,0
361.82,3,1,1,0
361.88,3,1,1,0
361.95,3,1,1,0
362.01,3,1,1,0
362.08,3,1,1,0
362.15,3,1,1,0
362.21,3,1,1,0
362.28,3,1,1,0
362.35,3,1,1,0
362.41,3,1,1,0
362.48,3,1,1,0
362.55,3,1,1,0
362.61,3,1,1,0
362.68,3,1,1,0
362.75,3,1,1,0
362.81,3,1,1,0
362.88,3,1,1,0
362.95,3,1,1,0
363.01,3,1,1,0
363.08,3,1,1,0
363.15,3,1,1,0
363.21,3,1,1,0
363.28,3,1,1,0
363.35,3,1,1,0
363.41,3,1,1,0
363.48,3,1,1,0
363.55,3,1,1,0
363.61,3,1,1,0
363.68,3,1,1,0
363.75,3,1,1,0
363.81,3,1,1,0
363.88,3,1,1,0
363.94,3,1,1,0
364.01,3,1,1,0
364.08,3,1,1,0
364.15,3,1,1,0
364.21,3,1,1,0
364.28,3,1,1,0
364.35,3,1,1,0
364.41,3,1,1,0
364.48,3,1,1,0
364.55,3,1,1,0
364.61,3,1,1,0
364.68,3,1,1,0
364.75,3,1,1,0
364.81,3,1,1,0
364.88,3,1,1,0
364.95,3,1,1,0
365.01,3,1,1,0
365.08,3,1,1,0
365.15,3,1,1,0
365.22,3,1,1,0
365.28,3,1,1,0
365.35,3,1,1,0
365.42,3,1,1,0
365.48,3,1,1,0
365.55,3,1,1,0
365.62,3,1,1,0
365.68,3,1,1,0
365.75,3,1,1,0
365.82,3,1,1,0
365.89,3,1,1,0
365.95,3,1,1,0
366.02,3,1,1,0
366.09,3,1,1,0
366.15,3,1,1,0
366.22,3,1,1,0
366.29,3,1,1,0
366.35,3,1,1,0
366.42,3,1,1,0
366.49,3,1,1,0
366.55,3,1,1,0
366.62,3,1,1,0
366.69,3,1,1,0
366.76,3,1,1,0
366.83,3,1,1,0
366.89,3,1,1,0
366.96,3,1,1,0
367.03,3,1,1,0
367.09,3,1,1,0
367.16,3,1,1,0
367.23,3,1,1,0
367.29,3,1,1,0
367.36,3,1,1,0
367.42,3,1,1,0
367.49,3,1,1,0
367.56,3,1,1,0
367.62,3,1,1,0
367.69,3,1,1,0
367.76,3,1,1,0
367.82,3,1,1,0
367.89,3,1,1,0
367.95,3,1,1,0
368.02,3,1,1,0
368.09,3,1,1,0
368.15,3,1,1,0
368.22,3,1,1,0
368.29,3,1,1,0
368.35,3,1,1,0
368.42,3,1,1,0
368.49,3,1,1,0
368.55,3,1,1,0
368.62,3,1,1,0
368.69,3,1,1,0
368.75,3,1,1,0
368.82,3,1,1,0
368.89,3,1,1,0
368.95,3,1,1,0
369.02,3,1,1,0
369.09,3,1,1,0
369.15,3,1,1,0
369.22,3,1,1,0
369.29,3,1,1,0
369.35,3,1,1,0
369.42,3,1,1,0
369.49,3,1,1,0
369.55,3,1,1,0
369.62,3,1,1,0
369.69,3,1,1,0
369.75,3,1,1,0
369.82,3,1,1,0
369.89,3,1,1,0
369.95,3,1,1,0
370.02,3,1,1,0
370.09,3,1,1,0
370.15,3,1,1,0
370.22,3,1,1,0
370.29,3,1,1,0
370.35,3,1,1,0
370.42,3,1,1,0
370.49,3,1,1,0
370.55,3,1,1,0
370.62,3,1,1,0
370.68,3,1,1,0
370.75,3,1,1,0
370.82,3,1,1,0
370.88,3,1,1,0
370.95,3,1,1,0
371.02,3,1,1,0
371.09,3,1,1,0
371.15,3,1,1,0
371.22,3,1,1,0
371.29,3,1,1,0
371.35,3,1,1,0
371.42,3,1,1,0
371.49,3,1,1,0
371.55,3,1,1,0
371.62,3,1,1,0
371.69,3,1,1,0
371.75,3,1,1,0
371.82,3,1,1,0
371.89,3,1,1,0
371.95,3,1,1,0
372.02,3,1,1,0
372.09,3,1,1,0
372.16,3,1,1,0
372.22,3,1,1,0
372.29,3,1,1,0
372.36,3,1,1,0
372.42,3,1,1,0
372.49,3,1,1,0
372.56,3,1,1,0
372.62,3,1,1,0
372.69,3,1,1,0
372.76,3,1,1,0
372.82,3,1,1,0
372.89,3,1,1,0
372.96,3,1,1,0
373.03,3,1,1,0
373.09,3,1,1,0
373.16,3,1,1,0
373.23,3,1,1,0
373.29,3,1,1,0
373.36,3,1,1,0
373.44,3,1,1,0
373.5,3,1,1,0
373.57,3,1,1,0
373.63,3,1,1,0
373.7,3,1,1,0
373.77,3,1,1,0
373.83,3,1,1,0
373.9,3,1,1,0
373.96,3,1,1,0
374.03,3,1,1,0
374.1,3,1,1,0
374.16,3,1,1,0
374.23,3,1,1,0
374.3,3,1,1,0
374.36,3,1,1,0
374.43,3,1,1,0
374.5,3,1,1,0
374.56,3,1,1,0
374.63,3,1,1,0
374.7,3,1,1,0
374.76,3,1,1,0
374.83,3,1,1,0
374.89,3,1,1,0
374.96,3,1,1,0
375.03,3,1,1,0
375.09,3,1,1,0
375.16,3,1,1,0
375.23,3,1,1,0
375.29,3,1,1,0
375.36,3,1,1,0
375.43,3,1,1,0
375.49,3,1,1,0
375.56,3,1,1,0
375.63,3,1,1,0
375.69,3,1,1,0
375.76,3,1,1,0
375.82,3,1,1,0
375.89,3,1,1,0
375.96,3,1,1,0
376.02,3,1,1,0
376.09,3,1,1,0
376.16,3,1,1,0
376.22,3,1,1,0
376.29,3,1,1,0
376.36,3,1,1,0
376.42,3,1,1,0
376.49,3,1,1,0
376.56,3,1,1,0
376.62,3,1,1,0
376.69,3,1,1,0
376.76,3,1,1,0
376.82,3,1,1,0
376.89,3,1,1,0
376.96,3,1,1,0
377.02,3,1,1,0
377.09,3,1,1,0
377.16,3,1,1,0
377.22,3,1,1,0
377.29,3,1,1,0
377.36,3,1,1,0
377.42,3,1,1,0
377.49,3,1,1,0
377.56,3,1,1,0
377.62,3,1,1,0
377.69,3,1,1,0
377.76,3,1,1,0
377.82,3,1,1,0
377.89,3,1,1,0
377.96,3,1,1,0
378.02,3,1,1,0
378.09,3,1,1,0
378.16,3,1,1,0
378.22,3,1,1,0
378.29,3,1,1,0
378.36,3,1,1,0
378.42,3,1,1,0
378.49,3,1,1,0
378.56,3,1,1,0
378.63,3,1,1,0
378.69,3,1,1,0
378.76,3,1,1,0
378.83,3,1,1,0
378.89,3,1,1,0
378.96,3,1,1,0
379.03,3,1,1,0
379.1,3,1,1,0
379.16,3,1,1,0
379.23,3,1,1,0
379.3,3,1,1,0
379.36,3,1,1,0
379.43,3,1,1,0
379.5,3,1,1,0
379.56,3,1,1,0
379.63,3,1,1,0
379.7,3,1,1,0
379.76,3,1,1,0
379.83,3,1,1,0
379.9,3,1,1,0
379.96,3,1,1,0
380.03,3,1,1,0
380.1,3,1,1,0
380.17,3,1,1,0
380.24,3,1,1,0
380.31,3,1,1,0
380.37,3,1,1,0
380.44,3,1,1,0
380.51,3,1,1,0
380.57,3,1,1,0
380.64,3,1,1,0
380.71,3,1,1,0
380.77,3,1,1,0
380.84,3,1,1,0
380.9,3,1,1,0
380.97,3,1,1,0
381.04,3,1,1,0
381.1,3,1,1,0
381.17,3,1,1,0
381.24,3,1,1,0
381.3,3,1,1,0
381.37,3,1,1,0
381.44,3,1,1,0
381.5,3,1,1,0
381.57,3,1,1,0
381.63,3,1,1,0
381.7,3,1,1,0
381.77,3,1,1,0
381.83,3,1,1,0
381.9,3,1,1,0
381.97,3,1,1,0
382.03,3,1,1,0
382.1,3,1,1,0
382.17,3,1,1,0
382.23,3,1,1,0
382.3,3,1,1,0
382.37,3,1,1,0
382.43,3,1,1,0
382.5,3,1,1,0
382.57,3,1,1,0
382.63,3,1,1,0
382.7,3,1,1,0
382.76,3,1,1,0
382.83,3,1,1,0
382.9,3,1,1,0
382.96,3,1,1,0
383.03,3,1,1,0
383.1,3,1,1,0
383.16,3,1,1,0
383.23,3,1,1,0
383.3,3,1,1,0
383.36,3,1,1,0
383.43,3,1,1,0
383.49,3,1,1,0
383.56,3,1,1,0
383.63,3,1,1,0
383.69,3,1,1,0
383.76,3,1,1,0
383.83,3,1,1,0
383.89,3,1,1,0
383.96,3,1,1,0
384.03,3,1,1,0
384.09,3,1,1,0
384.16,3,1,1,0
384.23,3,1,1,0
384.29,3,1,1,0
384.36,3,1,1,0
384.43,3,1,1,0
384.49,3,1,1,0
384.56,3,1,1,0
384.63,3,1,1,0
384.69,3,1,1,0
384.76,3,1,1,0
384.83,3,1,1,0
384.9,3,1,1,0
384.96,3,1,1,0
385.03,3,1,1,0
385.1,3,1,1,0
385.16,3,1,1,0
385.23,3,1,1,0
385.3,3,1,1,0
385.36,3,1,1,0
385.43,3,1,1,0
385.5,3,1,1,0
385.56,3,1,1,0
385.63,3,1,1,0
385.7,3,1,1,0
385.76,3,1,1,0
385.83,3,1,1,0
385.9,3,1,1,0
385.96,3,1,1,0
386.03,3,1,1,0
386.1,3,1,1,0
386.16,3,1,1,0
386.23,3,1,1,0
386.3,3,1,1,0
386.36,3,1,1,0
386.43,3,1,1,0
386.5,3,1,1,0
386.56,3,1,1,0
386.63,3,1,1,0
386.7,3,1,1,0
386.77,3,1,1,0
386.84,3,1,1,0
386.91,3,1,1,0
386.98,3,1,1,0
387.04,3,1,1,0
387.11,3,1,1,0
387.17,3,1,1,0
387.24,3,1,1,0
387.31,3,1,1,0
387.37,3,1,1,0
387.44,3,1,1,0
387.51,3,1,1,0
387.57,3,1,1,0
387.64,3,1,1,0
387.71,3,1,1,0
387.77,3,1,1,0
387.84,3,1,1,0
387.9,3,1,1,0
387.97,3,1,1,0
388.04,3,1,1,0
388.1,3,1,1,0
388.17,3,1,1,0
388.24,3,1,1,0
388.3,3,1,1,0
388.37,3,1,1,0
388.44,3,1,1,0
388.5,3,1,1,0
388.57,3,1,1,0
388.64,3,1,1,0
388.7,3,1,1,0
388.77,3,1,1,0
388.84,3,1,1,0
388.9,3,1,1,0
388.97,3,1,1,0
389.04,3,1,1,0
389.1,3,1,1,0
389.17,3,1,1,0
389.24,3,1,1,0
389.3,3,1,1,0
389.37,3,1,1,0
389.44,3,1,1,0
389.5,3,1,1,0
389.57,3,1,1,0
389.64,3,1,1,0
389.7,3,1,1,0
389.77,3,1,1,0
389.84,3,1,1,0
389.9,3,1,1,0
389.97,3,1,1,0
390.04,3,1,1,0
390.1,3,1,1,0
390.17,3,1,1,0
390.24,3,1,1,0
390.3,3,1,1,0
390.37,3,1,1,0
390.44,3,1,1,0
390.5,3,1,1,0
390.57,3,1,1,0
390.64,3,1,1,0
390.7,3,1,1,0
390.77,3,1,1,0
390.84,3,1,1,0
390.91,3,1,1,0
390.97,3,1,1,0
391.04,3,1,1,0
391.11,3,1,1,0
391.17,3,1,1,0
391.24,3,1,1,0
391.31,3,1,1,0
391.37,3,1,1,0
391.44,3,1,1,0
391.51,3,1,1,0
391.57,3,1,1,0
391.64,3,1,1,0
391.71,3,1,1,0
391.77,3,1,1,0
391.84,3,1,1,0
391.91,3,1,1,0
391.98,3,1,1,0
392.04,3,1,1,0
392.11,3,1,1,0
392.18,3,1,1,0
392.24,3,1,1,0
392.31,3,1,1,0
392.38,3,1,1,0
392.45,3,1,1,0
392.51,3,1,1,0
392.58,3,1,1,0
392.65,3,1,1,0
392.71,3,1,1,0
392.78,3,1,1,0
392.85,3,1,1,0
392.92,3,1,1,0
392.98,3,1,1,0
393.05,3,1,1,0
393.12,3,1,1,0
393.18,3,1,1,0
393.25,3,1,1,0
393.32,3,1,1,0
393.39,3,1,1,0
393.46,3,1,1,0
393.53,3,1,1,0
393.59,3,1,1,0
393.66,3,1,1,0
393.72,3,1,1,0
393.79,3,1,1,0
393.86,3,1,1,0
393.92,3,1,1,0
393.99,3,1,1,0
394.06,3,1,1,0
394.12,3,1,1,0
394.19,3,1,1,0
394.26,3,1,1,0
394.32,3,1,1,0
394.39,3,1,1,0
394.45,3,1,1,0
394.52,3,1,1,0
394.59,3,1,1,0
394.66,3,1,1,0
394.73,3,1,1,0
394.8,3,1,1,0
394.86,3,1,1,0
394.93,3,1,1,0
394.99,3,1,1,0
395.06,3,1,1,0
395.12,3,1,1,0
395.19,3,1,1,0
395.26,3,1,1,0
395.32,3,1,1,0
395.39,3,1,1,0
395.46,3,1,1,0
395.52,3,1,1,0
395.59,3,1,1,0
395.66,3,1,1,0
395.72,3,1,1,0
395.79,3,1,1,0
395.85,3,1,1,0
395.92,3,1,1,0
395.99,3,1,1,0
396.05,3,1,1,0
396.12,3,1,1,0
396.19,3,1,1,0
396.25,3,1,1,0
396.32,3,1,1,0
396.39,3,1,1,0
396.45,3,1,1,0
396.52,3,1,1,0
396.59,3,1,1,0
396.65,3,1,1,0
396.72,3,1,1,0
396.79,3,1,1,0
396.85,3,1,1,0
396.92,3,1,1,0
396.99,3,1,1,0
397.05,3,1,1,0
397.12,3,1,1,0
397.19,3,1,1,0
397.25,3,1,1,0
397.32,3,1,1,0
397.38,3,1,1,0
397.45,3,1,1,0
397.52,3,1,1,0
397.59,3,1,1,0
397.65,3,1,1,0
397.72,3,1,1,0
397.79,3,1,1,0
397.85,3,1,1,0
397.92,3,1,1,0
397.99,3,1,1,0
398.05,3,1,1,0
398.12,3,1,1,0
398.18,3,1,1,0
398.25,3,1,1,0
398.32,3,1,1,0
398.38,3,1,1,0
398.45,3,1,1,0
398.52,3,1,1,0
398.58,3,1,1,0
398.65,3,1,1,0
398.72,3,1,1,0
398.78,3,1,1,0
398.85,3,1,1,0
398.92,3,1,1,0
398.98,3,1,1,0
399.05,3,1,1,0
399.12,3,1,1,0
399.18,3,1,1,0
399.25,3,1,1,0
399.32,3,1,1,0
399.38,3,1,1,0
399.45,3,1,1,0
399.52,3,1,1,0
399.58,3,1,1,0
399.65,3,1,1,0
399.72,3,1,1,0
399.78,3,1,1,0
399.85,3,1,1,0
399.92,3,1,1,0
399.98,3,1,1,0
400.05,3,1,1,0
400.12,3,1,1,0
400.19,3,1,1,0
400.25,3,1,1,0
400.32,3,1,1,0
400.39,3,1,1,0
400.45,3,1,1,0
400.52,3,1,1,0
400.59,3,1,1,0
400.66,3,1,1,0
400.72,3,1,1,0
400.79,3,1,1,0
400.86,3,1,1,0
400.92,3,1,1,0
400.99,3,1,1,0
401.06,3,1,1,0
401.12,3,1,1,0
401.19,3,1,1,0
401.26,3,1,1,0
401.33,3,1,1,0
401.4,3,1,1,0
401.46,3,1,1,0
401.53,3,1,1,0
401.6,3,1,1,0
401.66,3,1,1,0
401.73,3,1,1,0
401.79,3,1,1,0
401.86,3,1,1,0
401.93,3,1,1,0
401.99,3,1,1,0
402.06,3,1,1,0
402.13,3,1,1,0
402.19,3,1,1,0
402.26,3,1,1,0
402.32,3,1,1,0
402.39,3,1,1,0
402.46,3,1,1,0
402.52,3,1,1,0
402.59,3,1,1,0
402.66,3,1,1,0
402.72,3,1,1,0
402.79,3,1,1,0
402.86,3,1,1,0
402.92,3,1,1,0
402.99,3,1,1,0
403.05,3,1,1,0
403.12,3,1,1,0
403.19,3,1,1,0
403.25,3,1,1,0
403.32,3,1,1,0
403.38,3,1,1,0
403.45,3,1,1,0
403.52,3,1,1,0
403.59,3,1,1,0
403.65,3,1,1,0
403.72,3,1,1,0
403.78,3,1,1,0
403.85,3,1,1,0
403.92,3,1,1,0
403.98,3,1,1,0
404.05,3,1,1,0
404.12,3,1,1,0
404.18,3,1,1,0
404.25,3,1,1,0
404.32,3,1,1,0
404.38,3,1,1,0
404.45,3,1,1,0
404.52,3,1,1,0
404.58,3,1,1,0
404.65,3,1,1,0
404.72,3,1,1,0
404.78,3,1,1,0
404.85,3,1,1,0
404.92,3,1,1,0
404.98,3,1,1,0
405.05,3,1,1,0
405.12,3,1,1,0
405.18,3,1,1,0
405.25,3,1,1,0
405.32,3,1,1,0
405.38,3,1,1,0
405.45,3,1,1,0
405.52,3,1,1,0
405.58,3,1,1,0
405.65,3,1,1,0
405.72,3,1,1,0
405.78,3,1,1,0
405.85,3,1,1,0
405.92,3,1,1,0
405.98,3,1,1,0
406.05,3,1,1,0
406.12,3,1,1,0
406.18,3,1,1,0
406.25,3,1,1,0
406.32,3,1,1,0
406.38,3,1,1,0
406.46,3,1,1,0
406.52,3,1,1,0
406.59,3,1,1,0
406.66,3,1,1,0
406.72,3,1,1,0
406.79,3,1,1,0
406.86,3,1,1,0
406.93,3,1,1,0
406.99,3,1,1,0
407.06,3,1,1,0
407.13,3,1,1,0
407.19,3,1,1,0
407.26,3,1,1,0
407.33,3,1,1,0
407.39,3,1,1,0
407.46,3,1,1,0
407.53,3,1,1,0
407.6,3,1,1,0
407.66,3,1,1,0
407.73,3,1,1,0
407.8,3,1,1,0
407.87,3,1,1,0
407.94,3,1,1,0
408.01,3,1,1,0
408.07,3,1,1,0
408.14,3,1,1,0
408.21,3,1,1,0
408.27,3,1,1,0
408.34,3,1,1,0
408.4,3,1,1,0
408.47,3,1,1,0
408.54,3,1,1,0
408.6,3,1,1,0
408.67,3,1,1,0
408.74,3,1,1,0
408.8,3,1,1,0
408.87,3,1,1,0
408.93,3,1,1,0
409.0,3,1,1,0
409.07,3,1,1,0
409.13,3,1,1,0
409.2,3,1,1,0
409.26,3,1,1,0
409.33,3,1,1,0
409.4,3,1,1,0
409.46,3,1,1,0
409.53,3,1,1,0
409.6,3,1,1,0
409.66,3,1,1,0
409.73,3,1,1,0
409.8,3,1,1,0
409.86,3,1,1,0
409.93,3,1,1,0
410.0,3,1,1,0
410.06,3,1,1,0
410.13,3,1,1,0
410.2,3,1,1,0
410.26,3,1,1,0
410.33,3,1,1,0
410.39,3,1,1,0
410.46,3,1,1,0
410.53,3,1,1,0
410.6,3,1,1,0
410.66,3,1,1,0
410.73,3,1,1,0
410.79,3,1,1,0
410.86,3,1,1,0
410.93,3,1,1,0
410.99,3,1,1,0
411.06,3,1,1,0
411.13,3,1,1,0
411.19,3,1,1,0
411.26,3,1,1,0
411.33,3,1,1,0
411.39,3,1,1,0
411.46,3,1,1,0
411.53,3,1,1,0
411.6,3,1,1,0
411.66,3,1,1,0
411.73,3,1,1,0
411.8,3,1,1,0
411.86,3,1,1,0
411.93,3,1,1,0
412.0,3,1,1,0
412.06,3,1,1,0
412.13,3,1,1,0
412.2,3,1,1,0
412.26,3,1,1,0
412.33,3,1,1,0
412.4,3,1,1,0
412.47,3,1,1,0
412.53,3,1,1,0
412.6,3,1,1,0
412.67,3,1,1,0
412.73,3,1,1,0
412.8,3,1,1,0
412.87,3,1,1,0
412.93,3,1,1,0
413.0,3,1,1,0
413.06,3,1,1,0
413.13,3,1,1,0
413.2,3,1,1,0
413.26,3,1,1,0
413.33,3,1,1,0
413.4,3,1,1,0
413.47,3,1,1,0
413.53,3,1,1,0
413.6,3,1,1,0
413.67,3,1,1,0
413.74,3,1,1,0
413.8,3,1,1,0
413.87,3,1,1,0
413.94,3,1,1,0
414.0,3,1,1,0
414.07,3,1,1,0
414.14,3,1,1,0
414.2,3,1,1,0
414.27,3,1,1,0
414.34,3,1,1,0
414.41,3,1,1,0
414.48,3,1,1,0
414.55,3,1,1,0
414.61,3,1,1,0
414.68,3,1,1,0
414.75,3,1,1,0
414.81,3,1,1,0
414.88,3,1,1,0
414.94,3,1,1,0
415.01,3,1,1,0
415.08,3,1,1,0
415.14,3,1,1,0
415.21,3,1,1,0
415.27,3,1,1,0
415.34,3,1,1,0
415.41,3,1,1,0
415.47,3,1,1,0
415.54,3,1,1,0
415.61,3,1,1,0
415.67,3,1,1,0
415.74,3,1,1,0
415.81,3,1,1,0
415.87,3,1,1,0
415.94,3,1,1,0
416.0,3,1,1,0
416.07,3,1,1,0
416.14,3,1,1,0
416.2,3,1,1,0
416.27,3,1,1,0
416.34,3,1,1,0
416.4,3,1,1,0
416.47,3,1,1,0
416.54,3,1,1,0
416.6,3,1,1,0
416.67,3,1,1,0
416.74,3,1,1,0
416.8,3,1,1,0
416.87,3,1,1,0
416.93,3,1,1,0
417.0,3,1,1,0
417.07,3,1,1,0
417.13,3,1,1,0
417.2,3,1,1,0
417.27,3,1,1,0
417.34,3,1,1,0
417.4,3,1,1,0
417.47,3,1,1,0
417.54,3,1,1,0
417.6,3,1,1,0
417.67,3,1,1,0
417.73,3,1,1,0
417.8,3,1,1,0
417.87,3,1,1,0
417.93,3,1,1,0
418.0,3,1,1,0
418.07,3,1,1,0
418.13,3,1,1,0
418.2,3,1,1,0
418.27,3,1,1,0
418.34,3,1,1,0
418.4,3,1,1,0
418.47,3,1,1,0
418.54,3,1,1,0
418.6,3,1,1,0
418.67,3,1,1,0
418.74,3,1,1,0
418.8,3,1,1,0
418.87,3,1,1,0
418.94,3,1,1,0
419.0,3,1,1,0
419.07,3,1,1,0
419.14,3,1,1,0
419.2,3,1,1,0
419.27,3,1,1,0
419.34,3,1,1,0
419.4,3,1,1,0
419.47,3,1,1,0
419.54,3,1,1,0
419.6,3,1,1,0
419.67,3,1,1,0
419.74,3,1,1,0
419.81,3,1,1,0
419.87,3,1,1,0
419.94,3,1,1,0
420.01,3,1,1,0
420.07,3,1,1,0
420.14,3,1,1,0
420.21,3,1,1,0
420.28,3,1,1,0
420.34,3,1,1,0
420.41,3,1,1,0
420.48,3,1,1,0
420.54,3,1,1,0
420.61,3,1,1,0
420.68,3,1,1,0
420.74,3,1,1,0
420.81,3,1,1,0
420.88,3,1,1,0
420.94,3,1,1,0
421.01,3,1,1,0
421.09,3,1,1,0
421.15,3,1,1,0
421.22,3,1,1,0
421.28,3,1,1,0
421.35,3,1,1,0
421.42,3,1,1,0
421.48,3,1,1,0
421.55,3,1,1,0
421.61,3,1,1,0
421.68,3,1,1,0
421.75,3,1,1,0
421.81,3,1,1,0
421.88,3,1,1,0
421.95,3,1,1,0
422.01,3,1,1,0
422.08,3,1,1,0
422.15,3,1,1,0
422.21,3,1,1,0
422.28,3,1,1,0
422.35,3,1,1,0
422.41,3,1,1,0
422.48,3,1,1,0
422.54,3,1,1,0
422.61,3,1,1,0
422.68,3,1,1,0
422.74,3,1,1,0
422.81,3,1,1,0
422.88,3,1,1,0
422.94,3,1,1,0
423.01,3,1,1,0
423.08,3,1,1,0
423.14,3,1,1,0
423.21,3,1,1,0
423.28,3,1,1,0
423.34,3,1,1,0
423.41,3,1,1,0
423.47,3,1,1,0
423.54,3,1,1,0
423.61,3,1,1,0
423.67,3,1,1,0
423.74,3,1,1,0
423.81,3,1,1,0
423.87,3,1,1,0
423.94,3,1,1,0
424.01,3,1,1,0
424.07,3,1,1,0
424.14,3,1,1,0
424.21,3,1,1,0
424.28,3,1,1,0
424.34,3,1,1,0
424.41,3,1,1,0
424.48,3,1,1,0
424.54,3,1,1,0
424.61,3,1,1,0
424.68,3,1,1,0
424.74,3,1,1,0
424.81,3,1,1,0
424.87,3,1,1,0
424.94,3,1,1,0
425.01,3,1,1,0
425.08,3,1,1,0
425.14,3,1,1,0
425.21,3,1,1,0
425.28,3,1,1,0
425.34,3,1,1,0
425.41,3,1,1,0
425.48,3,1,1,0
425.54,3,1,1,0
425.61,3,1,1,0
425.68,3,1,1,0
425.74,3,1,1,0
425.81,3,1,1,0
425.88,3,1,1,0
425.95,3,1,1,0
426.01,3,1,1,0
426.08,3,1,1,0
426.15,3,1,1,0
426.21,3,1,1,0
426.28,3,1,1,0
426.35,3,1,1,0
426.41,3,1,1,0
426.48,3,1,1,0
426.55,3,1,1,0
426.62,3,1,1,0
426.68,3,1,1,0
426.75,3,1,1,0
426.82,3,1,1,0
426.88,3,1,1,0
426.95,3,1,1,0
427.02,3,1,1,0
427.09,3,1,1,0
427.15,3,1,1,0
427.22,3,1,1,0
427.29,3,1,1,0
427.35,3,1,1,0
427.42,3,1,1,0
427.49,3,1,1,0
427.56,3,1,1,0
427.62,3,1,1,0
427.7,3,1,1,0
427.76,3,1,1,0
427.83,3,1,1,0
427.9,3,1,1,0
427.96,3,1,1,0
428.03,3,1,1,0
428.09,3,1,1,0
428.16,3,1,1,0
428.23,3,1,1,0
428.29,3,1,1,0
428.36,3,1,1,0
428.42,3,1,1,0
428.49,3,1,1,0
428.56,3,1,1,0
428.62,3,1,1,0
428.69,3,1,1,0
428.76,3,1,1,0
428.82,3,1,1,0
428.89,3,1,1,0
428.96,3,1,1,0
429.02,3,1,1,0
429.09,3,1,1,0
429.15,3,1,1,0
429.22,3,1,1,0
429.29,3,1,1,0
429.35,3,1,1,0
429.42,3,1,1,0
429.49,3,1,1,0
429.55,3,1,1,0
429.62,3,1,1,0
429.69,3,1,1,0
429.75,3,1,1,0
429.82,3,1,1,0
429.89,3,1,1,0
429.95,3,1,1,0
430.02,3,1,1,0
430.09,3,1,1,0
430.15,3,1,1,0
430.22,3,1,1,0
430.29,3,1,1,0
430.35,3,1,1,0
430.42,3,1,1,0
430.49,3,1,1,0
430.55,3,1,1,0
430.62,3,1,1,0
430.69,3,1,1,0
430.76,3,1,1,0
430.83,3,1,1,0
430.9,3,1,1,0
430.96,3,1,1,0
431.03,3,1,1,0
431.1,3,1,1,0
431.16,3,1,1,0
431.23,3,1,1,0
431.3,3,1,1,0
431.36,3,1,1,0
431.43,3,1,1,0
431.5,3,1,1,0
431.56,3,1,1,0
431.63,3,1,1,0
431.7,3,1,1,0
431.76,3,1,1,0
431.83,3,1,1,0
431.9,3,1,1,0
431.96,3,1,1,0
432.03,3,1,1,0
432.1,3,1,1,0
432.16,3,1,1,0
432.23,3,1,1,0
432.3,3,1,1,0
432.36,3,1,1,0
432.43,3,1,1,0
432.5,3,1,1,0
432.56,3,1,1,0
432.63,3,1,1,0
432.7,3,1,1,0
432.77,3,1,1,0
432.83,3,1,1,0
432.9,3,1,1,0
432.97,3,1,1,0
433.03,3,1,1,0
433.1,3,1,1,0
433.17,3,1,1,0
433.23,3,1,1,0
433.3,3,1,1,0
433.37,3,1,1,0
433.44,3,1,1,0
433.5,3,1,1,0
433.57,3,1,1,0
433.64,3,1,1,0
433.7,3,1,1,0
433.77,3,1,1,0
433.84,3,1,1,0
433.9,3,1,1,0
433.97,3,1,1,0
434.04,3,1,1,0
434.11,3,1,1,0
434.17,3,1,1,0
434.24,3,1,1,0
434.31,3,1,1,0
434.38,3,1,1,0
434.45,3,1,1,0
434.51,3,1,1,0
434.58,3,1,1,0
434.65,3,1,1,0
434.71,3,1,1,0
434.78,3,1,1,0
434.84,3,1,1,0
434.91,3,1,1,0
434.98,3,1,1,0
435.04,3,1,1,0
435.11,3,1,1,0
435.17,3,1,1,0
435.24,3,1,1,0
435.31,3,1,1,0
435.38,3,1,1,0
435.44,3,1,1,0
435.51,3,1,1,0
435.58,3,1,1,0
435.64,3,1,1,0
435.72,3,1,1,0
435.78,3,1,1,0
435.85,3,1,1,0
435.92,3,1,1,0
435.98,3,1,1,0
436.05,3,1,1,0
436.11,3,1,1,0
436.18,3,1,1,0
436.25,3,1,1,0
436.31,3,1,1,0
436.38,3,1,1,0
436.45,3,1,1,0
436.51,3,1,1,0
436.58,3,1,1,0
436.65,3,1,1,0
436.71,3,1,1,0
436.78,3,1,1,0
436.85,3,1,1,0
436.91,3,1,1,0
436.98,3,1,1,0
437.04,3,1,1,0
437.11,3,1,1,0
437.18,3,1,1,0
437.24,3,1,1,0
437.31,3,1,1,0
437.38,3,1,1,0
437.44,3,1,1,0
437.51,3,1,1,0
437.58,3,1,1,0
437.64,3,1,1,0
437.71,3,1,1,0
437.78,3,1,1,0
437.84,3,1,1,0
437.91,3,1,1,0
437.97,3,1,1,0
438.04,3,1,1,0
438.11,3,1,1,0
438.17,3,1,1,0
438.24,3,1,1,0
438.31,3,1,1,0
438.37,3,1,1,0
438.44,3,1,1,0
438.51,3,1,1,0
438.57,3,1,1,0
438.64,3,1,1,0
438.71,3,1,1,0
438.77,3,1,1,0
438.84,3,1,1,0
438.91,3,1,1,0
438.97,3,1,1,0
439.04,3,1,1,0
439.11,3,1,1,0
439.17,3,1,1,0
439.24,3,1,1,0
439.31,3,1,1,0
439.38,3,1,1,0
439.44,3,1,1,0
439.51,3,1,1,0
439.58,3,1,1,0
439.64,3,1,1,0
439.71,3,1,1,0
439.78,3,1,1,0
439.84,3,1,1,0
439.91,3,1,1,0
439.98,3,1,1,0
440.04,3,1,1,0
440.11,3,1,1,0
440.18,3,1,1,0
440.24,3,1,1,0
440.31,3,1,1,0
440.38,3,1,1,0
440.44,3,1,1,0
440.51,3,1,1,0
440.58,3,1,1,0
440.64,3,1,1,0
440.71,3,1,1,0
440.78,3,1,1,0
440.84,3,1,1,0
440.91,3,1,1,0
440.98,3,1,1,0
441.04,3,1,1,0
441.11,3,1,1,0
441.18,3,1,1,0
441.25,3,1,1,0
441.31,3,1,1,0
441.38,3,1,1,0
441.45,3,1,1,0
441.51,3,1,1,0
441.58,3,1,1,0
441.65,3,1,1,0
441.71,3,1,1,0
441.78,3,1,1,0
441.85,3,1,1,0
441.91,3,1,1,0
441.98,3,1,1,0
442.05,3,1,1,0
442.12,3,1,1,0
442.18,3,1,1,0
442.25,3,1,1,0
442.32,3,1,1,0
442.39,3,1,1,0
442.46,3,1,1,0
442.52,3,1,1,0
442.59,3,1,1,0
442.66,3,1,1,0
442.72,3,1,1,0
442.79,3,1,1,0
442.86,3,1,1,0
442.92,3,1,1,0
442.99,3,1,1,0
443.05,3,1,1,0
443.12,3,1,1,0
443.19,3,1,1,0
443.25,3,1,1,0
443.32,3,1,1,0
443.39,3,1,1,0
443.45,3,1,1,0
443.52,3,1,1,0
443.59,3,1,1,0
443.65,3,1,1,0
443.72,3,1,1,0
443.79,3,1,1,0
443.85,3,1,1,0
443.92,3,1,1,0
443.98,3,1,1,0
444.05,3,1,1,0
444.12,3,1,1,0
444.18,3,1,1,0
444.25,3,1,1,0
444.32,3,1,1,0
444.38,3,1,1,0
444.45,3,1,1,0
444.52,3,1,1,0
444.58,3,1,1,0
444.65,3,1,1,0
444.72,3,1,1,0
444.78,3,1,1,0
444.85,3,1,1,0
444.92,3,1,1,0
444.98,3,1,1,0
445.05,3,1,1,0
445.12,3,1,1,0
445.18,3,1,1,0
445.25,3,1,1,0
445.32,3,1,1,0
445.38,3,1,1,0
445.45,3,1,1,0
445.52,3,1,1,0
445.58,3,1,1,0
445.65,3,1,1,0
445.71,3,1,1,0
445.78,3,1,1,0
445.85,3,1,1,0
445.91,3,1,1,0
445.98,3,1,1,0
446.05,3,1,1,0
446.11,3,1,1,0
446.18,3,1,1,0
446.25,3,1,1,0
446.31,3,1,1,0
446.38,3,1,1,0
446.45,3,1,1,0
446.52,3,1,1,0
446.58,3,1,1,0
446.65,3,1,1,0
446.72,3,1,1,0
446.78,3,1,1,0
446.85,3,1,1,0
446.92,3,1,1,0
446.98,3,1,1,0
447.05,3,1,1,0
447.12,3,1,1,0
447.18,3,1,1,0
447.25,3,1,1,0
447.32,3,1,1,0
447.39,3,1,1,0
447.45,3,1,1,0
447.52,3,1,1,0
447.59,3,1,1,0
447.65,3,1,1,0
447.72,3,1,1,0
447.79,3,1,1,0
447.85,3,1,1,0
447.92,3,1,1,0
447.99,3,1,1,0
448.05,3,1,1,0
448.12,3,1,1,0
448.19,3,1,1,0
448.25,3,1,1,0
448.32,3,1,1,0
448.39,3,1,1,0
448.45,3,1,1,0
448.52,3,1,1,0
448.59,3,1,1,0
448.65,3,1,1,0
448.72,3,1,1,0
448.79,3,1,1,0
448.87,3,1,1,0
448.93,3,1,1,0
449.0,3,1,1,0
449.06,3,1,1,0
449.13,3,1,1,0
449.2,3,1,1,0
449.26,3,1,1,0
449.33,3,1,1,0
449.4,3,1,1,0
449.46,3,1,1,0
449.53,3,1,1,0
449.59,3,1,1,0
449.66,3,1,1,0
449.73,3,1,1,0
449.79,3,1,1,0
449.86,3,1,1,0
449.92,3,1,1,0
449.99,3,1,1,0
450.06,3,1,1,0
450.12,3,1,1,0
450.19,3,1,1,0
450.26,3,1,1,0
450.32,3,1,1,0
450.39,3,1,1,0
450.46,3,1,1,0
450.52,3,1,1,0
450.59,3,1,1,0
450.66,3,1,1,0
450.72,3,1,1,0
450.79,3,1,1,0
450.86,3,1,1,0
450.92,3,1,1,0
450.99,3,1,1,0
451.06,3,1,1,0
451.12,3,1,1,0
451.19,3,1,1,0
451.25,3,1,1,0
451.32,3,1,1,0
451.39,3,1,1,0
451.45,3,1,1,0
451.52,3,1,1,0
451.59,3,1,1,0
451.65,3,1,1,0
451.72,3,1,1,0
451.79,3,1,1,0
451.85,3,1,1,0
451.92,3,1,1,0
451.99,3,1,1,0
452.05,3,1,1,0
452.12,3,1,1,0
452.19,3,1,1,0
452.25,3,1,1,0
452.32,3,1,1,0
452.39,3,1,1,0
452.45,3,1,1,0
452.52,3,1,1,0
452.59,3,1,1,0
452.65,3,1,1,0
452.72,3,1,1,0
452.79,3,1,1,0
452.85,3,1,1,0
452.92,3,1,1,0
452.99,3,1,1,0
453.05,3,1,1,0
453.12,3,1,1,0
453.19,3,1,1,0
453.25,3,1,1,0
453.32,3,1,1,0
453.39,3,1,1,0
453.45,3,1,1,0
453.52,3,1,1,0
453.59,3,1,1,0
453.65,3,1,1,0
453.72,3,1,1,0
453.79,3,1,1,0
453.85,3,1,1,0
453.92,3,1,1,0
453.99,3,1,1,0
454.06,3,1,1,0
454.12,3,1,1,0
454.19,3,1,1,0
454.26,3,1,1,0
454.32,3,1,1,0
454.39,3,1,1,0
454.46,3,1,1,0
454.53,3,1,1,0
454.59,3,1,1,0
454.66,3,1,1,0
454.73,3,1,1,0
454.79,3,1,1,0
454.86,3,1,1,0
454.93,3,1,1,0
454.99,3,1,1,0
455.06,3,1,1,0
455.13,3,1,1,0
455.2,3,1,1,0
455.26,3,1,1,0
455.33,3,1,1,0
455.4,3,1,1,0
455.47,3,1,1,0
455.54,3,1,1,0
455.61,3,1,1,0
455.67,3,1,1,0
455.74,3,1,1,0
455.8,3,1,1,0
455.87,3,1,1,0
455.94,3,1,1,0
456.0,3,1,1,0
456.07,3,1,1,0
456.14,3,1,1,0
456.2,3,1,1,0
456.27,3,1,1,0
456.33,3,1,1,0
456.4,3,1,1,0
456.47,3,1,1,0
456.54,3,1,1,0
456.6,3,1,1,0
456.67,3,1,1,0
456.73,3,1,1,0
456.8,3,1,1,0
456.87,3,1,1,0
456.93,3,1,1,0
457.0,3,1,1,0
457.07,3,1,1,0
457.13,3,1,1,0
457.2,3,1,1,0
457.26,3,1,1,0
457.33,3,1,1,0
457.4,3,1,1,0
457.46,3,1,1,0
457.53,3,1,1,0
457.6,3,1,1,0
457.66,3,1,1,0
457.73,3,1,1,0
457.8,3,1,1,0
457.86,3,1,1,0
457.93,3,1,1,0
458.0,3,1,1,0
458.06,3,1,1,0
458.13,3,1,1,0
458.19,3,1,1,0
458.26,3,1,1,0
458.33,3,1,1,0
458.4,3,1,1,0
458.46,3,1,1,0
458.53,3,1,1,0
458.6,3,1,1,0
458.66,3,1,1,0
458.73,3,1,1,0
458.79,3,1,1,0
458.86,3,1,1,0
458.93,3,1,1,0
459.0,3,1,1,0
459.06,3,1,1,0
459.13,3,1,1,0
459.2,3,1,1,0
459.26,3,1,1,0
459.33,3,1,1,0
459.4,3,1,1,0
459.47,3,1,1,0
459.53,3,1,1,0
459.6,3,1,1,0
459.67,3,1,1,0
459.73,3,1,1,0
459.8,3,1,1,0
459.87,3,1,1,0
459.93,3,1,1,0
460.0,3,1,1,0
460.07,3,1,1,0
460.13,3,1,1,0
460.2,3,1,1,0
460.27,3,1,1,0
460.33,3,1,1,0
460.4,3,1,1,0
460.47,3,1,1,0
460.54,3,1,1,0
460.6,3,1,1,0
460.67,3,1,1,0
460.74,3,1,1,0
460.81,3,1,1,0
460.87,3,1,1,0
460.94,3,1,1,0
461.01,3,1,1,0
461.07,3,1,1,0
461.14,3,1,1,0
461.21,3,1,1,0
461.27,3,1,1,0
461.34,3,1,1,0
461.41,3,1,1,0
461.48,3,1,1,0
461.55,3,1,1,0
461.61,3,1,1,0
461.68,3,1,1,0
461.75,3,1,1,0
461.81,3,1,1,0
461.88,3,1,1,0
461.95,3,1,1,0
462.01,3,1,1,0
462.09,3,1,1,0
462.16,3,1,1,0
462.22,3,1,1,0
462.29,3,1,1,0
462.35,3,1,1,0
462.42,3,1,1,0
462.49,3,1,1,0
462.55,3,1,1,0
462.62,3,1,1,0
462.69,3,1,1,0
462.75,3,1,1,0
462.82,3,1,1,0
462.89,3,1,1,0
462.95,3,1,1,0
463.02,3,1,1,0
463.08,3,1,1,0
463.15,3,1,1,0
463.22,3,1,1,0
463.28,3,1,1,0
463.35,3,1,1,0
463.42,3,1,1,0
463.48,3,1,1,0
463.55,3,1,1,0
463.62,3,1,1,0
463.68,3,1,1,0
463.75,3,1,1,0
463.81,3,1,1,0
463.88,3,1,1,0
463.95,3,1,1,0
464.01,3,1,1,0
464.08,3,1,1,0
464.15,3,1,1,0
464.21,3,1,1,0
464.28,3,1,1,0
464.35,3,1,1,0
464.41,3,1,1,0
464.48,3,1,1,0
464.55,3,1,1,0
464.61,3,1,1,0
464.68,3,1,1,0
464.75,3,1,1,0
464.81,3,1,1,0
464.88,3,1,1,0
464.94,3,1,1,0
465.01,3,1,1,0
465.08,3,1,1,0
465.14,3,1,1,0
465.21,3,1,1,0
465.28,3,1,1,0
465.34,3,1,1,0
465.41,3,1,1,0
465.48,3,1,1,0
465.54,3,1,1,0
465.61,3,1,1,0
465.68,3,1,1,0
465.74,3,1,1,0
465.81,3,1,1,0
465.88,3,1,1,0
465.95,3,1,1,0
466.01,3,1,1,0
466.08,3,1,1,0
466.15,3,1,1,0
466.21,3,1,1,0
466.28,3,1,1,0
466.35,3,1,1,0
466.41,3,1,1,0
466.48,3,1,1,0
466.55,3,1,1,0
466.62,3,1,1,0
466.68,3,1,1,0
466.75,3,1,1,0
466.82,3,1,1,0
466.88,3,1,1,0
466.95,3,1,1,0
467.02,3,1,1,0
467.09,3,1,1,0
467.15,3,1,1,0
467.22,3,1,1,0
467.29,3,1,1,0
467.36,3,1,1,0
467.42,3,1,1,0
467.49,3,1,1,0
467.56,3,1,1,0
467.62,3,1,1,0
467.69,3,1,1,0
467.76,3,1,1,0
467.82,3,1,1,0
467.89,3,1,1,0
467.96,3,1,1,0
468.02,3,1,1,0
468.09,3,1,1,0
468.16,3,1,1,0
468.23,3,1,1,0
468.29,3,1,1,0
468.36,3,1,1,0
468.43,3,1,1,0
468.49,3,1,1,0
468.56,3,1,1,0
468.63,3,1,1,0
468.7,3,1,1,0
468.77,3,1,1,0
468.84,3,1,1,0
468.9,3,1,1,0
468.97,3,1,1,0
469.04,3,1,1,0
469.1,3,1,1,0
469.17,3,1,1,0
469.24,3,1,1,0
469.3,3,1,1,0
469.37,3,1,1,0
469.43,3,1,1,0
469.5,3,1,1,0
469.57,3,1,1,0
469.63,3,1,1,0
469.7,3,1,1,0
469.77,3,1,1,0
469.83,3,1,1,0
469.9,3,1,1,0
469.97,3,1,1,0
470.03,3,1,1,0
470.1,3,1,1,0
470.17,3,1,1,0
470.23,3,1,1,0
470.3,3,1,1,0
470.37,3,1,1,0
470.43,3,1,1,0
470.5,3,1,1,0
470.57,3,1,1,0
470.63,3,1,1,0
470.7,3,1,1,0
470.77,3,1,1,0
470.83,3,1,1,0
470.9,3,1,1,0
470.97,3,1,1,0
471.03,3,1,1,0
471.1,3,1,1,0
471.17,3,1,1,0
471.23,3,1,1,0
471.3,3,1,1,0
471.37,3,1,1,0
471.43,3,1,1,0
471.5,3,1,1,0
471.56,3,1,1,0
471.63,3,1,1,0
471.7,3,1,1,0
471.76,3,1,1,0
471.83,3,1,1,0
471.9,3,1,1,0
471.96,3,1,1,0
472.03,3,1,1,0
472.1,3,1,1,0
472.16,3,1,1,0
472.23,3,1,1,0
472.3,3,1,1,0
472.36,3,1,1,0
472.43,3,1,1,0
472.5,3,1,1,0
472.56,3,1,1,0
472.63,3,1,1,0
472.7,3,1,1,0
472.76,3,1,1,0
472.83,3,1,1,0
472.9,3,1,1,0
472.96,3,1,1,0
473.03,3,1,1,0
473.1,3,1,1,0
473.17,3,1,1,0
473.23,3,1,1,0
473.3,3,1,1,0
473.37,3,1,1,0
473.43,3,1,1,0
473.5,3,1,1,0
473.57,3,1,1,0
473.63,3,1,1,0
473.7,3,1,1,0
473.77,3,1,1,0
473.84,3,1,1,0
473.9,3,1,1,0
473.97,3,1,1,0
474.04,3,1,1,0
474.1,3,1,1,0
474.17,3,1,1,0
474.24,3,1,1,0
474.3,3,1,1,0
474.37,3,1,1,0
474.44,3,1,1,0
474.5,3,1,1,0
474.57,3,1,1,0
474.64,3,1,1,0
474.71,3,1,1,0
474.77,3,1,1,0
474.84,3,1,1,0
474.91,3,1,1,0
474.98,3,1,1,0
475.04,3,1,1,0
475.11,3,1,1,0
475.18,3,1,1,0
475.25,3,1,1,0
475.32,3,1,1,0
475.39,3,1,1,0
475.45,3,1,1,0
475.52,3,1,1,0
475.58,3,1,1,0
475.65,3,1,1,0
475.72,3,1,1,0
475.78,3,1,1,0
475.85,3,1,1,0
475.92,3,1,1,0
475.98,3,1,1,0
476.05,3,1,1,0
476.12,3,1,1,0
476.18,3,1,1,0
476.25,3,1,1,0
476.31,3,1,1,0
476.38,3,1,1,0
476.45,3,1,1,0
476.51,3,1,1,0
476.58,3,1,1,0
476.66,3,1,1,0
476.72,3,1,1,0
476.79,3,1,1,0
476.86,3,1,1,0
476.92,3,1,1,0
476.99,3,1,1,0
477.05,3,1,1,0
477.12,3,1,1,0
477.19,3,1,1,0
477.25,3,1,1,0
477.32,3,1,1,0
477.39,3,1,1,0
477.45,3,1,1,0
477.52,3,1,1,0
477.59,3,1,1,0
477.65,3,1,1,0
477.72,3,1,1,0
477.79,3,1,1,0
477.85,3,1,1,0
477.92,3,1,1,0
477.99,3,1,1,0
478.05,3,1,1,0
478.12,3,1,1,0
478.19,3,1,1,0
478.25,3,1,1,0
478.32,3,1,1,0
478.38,3,1,1,0
478.45,3,1,1,0
478.52,3,1,1,0
478.58,3,1,1,0
478.65,3,1,1,0
478.72,3,1,1,0
478.78,3,1,1,0
478.85,3,1,1,0
478.92,3,1,1,0
478.98,3,1,1,0
479.05,3,1,1,0
479.12,3,1,1,0
479.18,3,1,1,0
479.25,3,1,1,0
479.32,3,1,1,0
479.38,3,1,1,0
479.45,3,1,1,0
479.52,3,1,1,0
479.58,3,1,1,0
479.65,3,1,1,0
479.72,3,1,1,0
479.78,3,1,1,0
479.85,3,1,1,0
479.92,3,1,1,0
479.98,3,1,1,0
480.05,3,1,1,0
480.12,3,1,1,0
480.18,3,1,1,0
480.25,3,1,1,0
480.32,3,1,1,0
480.38,3,1,1,0
480.45,3,1,1,0
480.52,3,1,1,0
480.59,3,1,1,0
480.65,3,1,1,0
480.72,3,1,1,0
480.79,3,1,1,0
480.85,3,1,1,0
480.92,3,1,1,0
480.99,3,1,1,0
481.05,3,1,1,0
481.12,3,1,1,0
481.19,3,1,1,0
481.25,3,1,1,0
481.32,3,1,1,0
481.39,3,1,1,0
481.45,3,1,1,0
481.52,3,1,1,0
481.59,3,1,1,0
481.65,3,1,1,0
481.72,3,1,1,0
481.79,3,1,1,0
481.86,3,1,1,0
481.92,3,1,1,0
481.99,3,1,1,0
482.06,3,1,1,0
482.12,3,1,1,0
482.19,3,1,1,0
482.26,3,1,1,0
482.32,3,1,1,0
482.39,3,1,1,0
482.46,3,1,1,0
482.52,3,1,1,0
482.59,3,1,1,0
482.66,3,1,1,0
482.73,3,1,1,0
482.79,3,1,1,0
482.86,3,1,1,0
482.93,3,1,1,0
482.99,3,1,1,0
483.06,3,1,1,0
483.13,3,1,1,0
483.2,3,1,1,0
483.27,3,1,1,0
483.33,3,1,1,0
483.4,3,1,1,0
483.47,3,1,1,0
483.53,3,1,1,0
483.6,3,1,1,0
483.67,3,1,1,0
483.73,3,1,1,0
483.8,3,1,1,0
483.87,3,1,1,0
483.93,3,1,1,0
484.0,3,1,1,0
484.06,3,1,1,0
484.13,3,1,1,0
484.2,3,1,1,0
484.26,3,1,1,0
484.33,3,1,1,0
484.39,3,1,1,0
484.46,3,1,1,0
484.53,3,1,1,0
484.59,3,1,1,0
484.66,3,1,1,0
484.73,3,1,1,0
484.79,3,1,1,0
484.86,3,1,1,0
484.93,3,1,1,0
484.99,3,1,1,0
485.06,3,1,1,0
485.13,3,1,1,0
485.19,3,1,1,0
485.26,3,1,1,0
485.32,3,1,1,0
485.39,3,1,1,0
485.46,3,1,1,0
485.52,3,1,1,0
485.59,3,1,1,0
485.66,3,1,1,0
485.72,3,1,1,0
485.79,3,1,1,0
485.86,3,1,1,0
485.92,3,1,1,0
485.99,3,1,1,0
486.06,3,1,1,0
486.12,3,1,1,0
486.19,3,1,1,0
486.26,3,1,1,0
486.32,3,1,1,0
486.39,3,1,1,0
486.46,3,1,1,0
486.52,3,1,1,0
486.59,3,1,1,0
486.66,3,1,1,0
486.72,3,1,1,0
486.79,3,1,1,0
486.86,3,1,1,0
486.92,3,1,1,0
486.99,3,1,1,0
487.06,3,1,1,0
487.12,3,1,1,0
487.19,3,1,1,0
487.26,3,1,1,0
487.33,3,1,1,0
487.39,3,1,1,0
487.46,3,1,1,0
487.53,3,1,1,0
487.59,3,1,1,0
487.66,3,1,1,0
487.73,3,1,1,0
487.79,3,1,1,0
487.86,3,1,1,0
487.93,3,1,1,0
487.99,3,1,1,0
488.06,3,1,1,0
488.13,3,1,1,0
488.19,3,1,1,0
488.26,3,1,1,0
488.33,3,1,1,0
488.4,3,1,1,0
488.46,3,1,1,0
488.53,3,1,1,0
488.6,3,1,1,0
488.66,3,1,1,0
488.73,3,1,1,0
488.8,3,1,1,0
488.86,3,1,1,0
488.93,3,1,1,0
489.0,3,1,1,0
489.07,3,1,1,0
489.13,3,1,1,0
489.2,3,1,1,0
489.27,3,1,1,0
489.33,3,1,1,0
489.4,3,1,1,0
489.47,3,1,1,0
489.54,3,1,1,0
489.6,3,1,1,0
489.67,3,1,1,0
489.74,3,1,1,0
489.8,3,1,1,0
489.87,3,1,1,0
489.94,3,1,1,0
490.01,3,1,1,0
490.08,3,1,1,0
490.14,3,1,1,0
490.21,3,1,1,0
490.28,3,1,1,0
490.34,3,1,1,0
490.41,3,1,1,0
490.48,3,1,1,0
490.54,3,1,1,0
490.61,3,1,1,0
490.67,3,1,1,0
490.74,3,1,1,0
490.81,3,1,1,0
490.87,3,1,1,0
490.94,3,1,1,0
491.01,3,1,1,0
491.07,3,1,1,0
491.14,3,1,1,0
491.21,3,1,1,0
491.27,3,1,1,0
491.34,3,1,1,0
491.41,3,1,1,0
491.47,3,1,1,0
491.54,3,1,1,0
491.6,3,1,1,0
491.67,3,1,1,0
491.74,3,1,1,0
491.8,3,1,1,0
491.87,3,1,1,0
491.94,3,1,1,0
492.0,3,1,1,0
492.07,3,1,1,0
492.14,3,1,1,0
492.2,3,1,1,0
492.27,3,1,1,0
492.34,3,1,1,0
492.4,3,1,1,0
492.47,3,1,1,0
492.54,3,1,1,0
492.6,3,1,1,0
492.67,3,1,1,0
492.74,3,1,1,0
492.8,3,1,1,0
492.87,3,1,1,0
492.94,3,1,1,0
493.0,3,1,1,0
493.07,3,1,1,0
493.14,3,1,1,0
493.2,3,1,1,0
493.27,3,1,1,0
493.34,3,1,1,0
493.41,3,1,1,0
493.47,3,1,1,0
493.54,3,1,1,0
493.61,3,1,1,0
493.67,3,1,1,0
493.74,3,1,1,0
493.81,3,1,1,0
493.87,3,1,1,0
493.94,3,1,1,0
494.01,3,1,1,0
494.07,3,1,1,0
494.14,3,1,1,0
494.21,3,1,1,0
494.27,3,1,1,0
494.34,3,1,1,0
494.41,3,1,1,0
494.47,3,1,1,0
494.54,3,1,1,0
494.61,3,1,1,0
494.67,3,1,1,0
494.74,3,1,1,0
494.81,3,1,1,0
494.88,3,1,1,0
494.94,3,1,1,0
495.01,3,1,1,0
495.08,3,1,1,0
495.14,3,1,1,0
495.21,3,1,1,0
495.28,3,1,1,0
495.34,3,1,1,0
495.41,3,1,1,0
495.48,3,1,1,0
495.55,3,1,1,0
495.61,3,1,1,0
495.68,3,1,1,0
495.75,3,1,1,0
495.81,3,1,1,0
495.88,3,1,1,0
495.95,3,1,1,0
496.01,3,1,1,0
496.08,3,1,1,0
496.15,3,1,1,0
496.21,3,1,1,0
496.28,3,1,1,0
496.35,3,1,1,0
496.41,3,1,1,0
496.48,3,1,1,0
496.55,3,1,1,0
496.62,3,1,1,0
496.69,3,1,1,0
496.75,3,1,1,0
496.82,3,1,1,0
496.89,3,1,1,0
496.95,3,1,1,0
497.02,3,1,1,0
497.09,3,1,1,0
497.15,3,1,1,0
497.22,3,1,1,0
497.29,3,1,1,0
497.35,3,1,1,0
497.42,3,1,1,0
497.49,3,1,1,0
497.55,3,1,1,0
497.62,3,1,1,0
497.68,3,1,1,0
497.75,3,1,1,0
497.82,3,1,1,0
497.88,3,1,1,0
497.95,3,1,1,0
498.02,3,1,1,0
498.08,3,1,1,0
498.15,3,1,1,0
498.22,3,1,1,0
498.28,3,1,1,0
498.35,3,1,1,0
498.42,3,1,1,0
498.48,3,1,1,0
498.55,3,1,1,0
498.62,3,1,1,0
498.68,3,1,1,0
498.75,3,1,1,0
498.81,3,1,1,0
498.88,3,1,1,0
498.95,3,1,1,0
499.02,3,1,1,0
499.08,3,1,1,0
499.15,3,1,1,0
499.22,3,1,1,0
499.28,3,1,1,0
499.35,3,1,1,0
499.42,3,1,1,0
499.48,3,1,1,0
499.55,3,1,1,0
499.62,3,1,1,0
499.68,3,1,1,0
499.75,3,1,1,0
499.82,3,1,1,0
499.88,3,1,1,0
499.95,3,1,1,0
500.02,3,1,1,0
500.08,3,1,1,0
500.15,3,1,1,0
500.22,3,1,1,0
500.28,3,1,1,0
500.35,3,1,1,0
500.42,3,1,1,0
500.49,3,1,1,0
500.55,3,1,1,0
500.62,3,1,1,0
500.69,3,1,1,0
500.75,3,1,1,0
500.82,3,1,1,0
500.89,3,1,1,0
500.95,3,1,1,0
501.02,3,1,1,0
501.09,3,1,1,0
501.15,3,1,1,0
501.22,3,1,1,0
501.29,3,1,1,0
501.35,3,1,1,0
501.42,3,1,1,0
501.49,3,1,1,0
501.55,3,1,1,0
501.62,3,1,1,0
501.69,3,1,1,0
501.76,3,1,1,0
501.82,3,1,1,0
501.89,3,1,1,0
501.96,3,1,1,0
502.03,3,1,1,0
502.09,3,1,1,0
502.16,3,1,1,0
502.23,3,1,1,0
502.29,3,1,1,0
502.36,3,1,1,0
502.43,3,1,1,0
502.49,3,1,1,0
502.56,3,1,1,0
502.63,3,1,1,0
502.69,3,1,1,0
502.76,3,1,1,0
502.83,3,1,1,0
502.9,3,1,1,0
502.96,3,1,1,0
503.03,3,1,1,0
503.1,3,1,1,0
503.17,3,1,1,0
503.24,3,1,1,0
503.31,3,1,1,0
503.37,3,1,1,0
503.44,3,1,1,0
503.5,3,1,1,0
503.57,3,1,1,0
503.64,3,1,1,0
503.7,3,1,1,0
503.77,3,1,1,0
503.84,3,1,1,0
503.9,3,1,1,0
503.97,3,1,1,0
504.03,3,1,1,0
504.1,3,1,1,0
504.17,3,1,1,0
504.23,3,1,1,0
504.3,3,1,1,0
504.37,3,1,1,0
504.43,3,1,1,0
504.5,3,1,1,0
504.57,3,1,1,0
504.63,3,1,1,0
504.7,3,1,1,0
504.77,3,1,1,0
504.83,3,1,1,0
504.9,3,1,1,0
504.97,3,1,1,0
505.03,3,1,1,0
505.1,3,1,1,0
505.17,3,1,1,0
505.23,3,1,1,0
505.3,3,1,1,0
505.37,3,1,1,0
505.43,3,1,1,0
505.5,3,1,1,0
505.57,3,1,1,0
505.63,3,1,1,0
505.7,3,1,1,0
505.77,3,1,1,0
505.83,3,1,1,0
505.9,3,1,1,0
505.97,3,1,1,0
506.03,3,1,1,0
506.1,3,1,1,0
506.17,3,1,1,0
506.23,3,1,1,0
506.3,3,1,1,0
506.37,3,1,1,0
506.43,3,1,1,0
506.5,3,1,1,0
506.57,3,1,1,0
506.63,3,1,1,0
506.7,3,1,1,0
506.77,3,1,1,0
506.83,3,1,1,0
506.9,3,1,1,0
506.97,3,1,1,0
507.03,3,1,1,0
507.1,3,1,1,0
507.17,3,1,1,0
507.23,3,1,1,0
507.3,3,1,1,0
507.37,3,1,1,0
507.43,3,1,1,0
507.5,3,1,1,0
507.57,3,1,1,0
507.64,3,1,1,0
507.7,3,1,1,0
507.77,3,1,1,0
507.84,3,1,1,0
507.9,3,1,1,0
507.97,3,1,1,0
508.04,3,1,1,0
508.1,3,1,1,0
508.17,3,1,1,0
508.24,3,1,1,0
508.3,3,1,1,0
508.37,3,1,1,0
508.44,3,1,1,0
508.5,3,1,1,0
508.57,3,1,1,0
508.64,3,1,1,0
508.71,3,1,1,0
508.77,3,1,1,0
508.84,3,1,1,0
508.91,3,1,1,0
508.97,3,1,1,0
509.04,3,1,1,0
509.11,3,1,1,0
509.17,3,1,1,0
509.24,3,1,1,0
509.31,3,1,1,0
509.38,3,1,1,0
509.44,3,1,1,0
509.51,3,1,1,0
509.59,3,1,1,0
509.66,3,1,1,0
509.72,3,1,1,0
509.79,3,1,1,0
509.85,3,1,1,0
509.92,3,1,1,0
509.99,3,1,1,0
510.05,3,1,1,0
510.12,3,1,1,0
510.19,3,1,1,0
510.25,3,1,1,0
510.32,3,1,1,0
510.38,3,1,1,0
510.45,3,1,1,0
510.52,3,1,1,0
510.58,3,1,1,0
510.65,3,1,1,0
510.72,3,1,1,0
510.78,3,1,1,0
510.85,3,1,1,0
510.92,3,1,1,0
510.98,3,1,1,0
511.05,3,1,1,0
511.11,3,1,1,0
511.18,3,1,1,0
511.25,3,1,1,0
511.31,3,1,1,0
511.38,3,1,1,0
511.45,3,1,1,0
511.51,3,1,1,0
511.58,3,1,1,0
511.65,3,1,1,0
511.71,3,1,1,0
511.78,3,1,1,0
511.84,3,1,1,0
511.91,3,1,1,0
511.98,3,1,1,0
512.04,3,1,1,0
512.11,3,1,1,0
512.18,3,1,1,0
512.24,3,1,1,0
512.31,3,1,1,0
512.38,3,1,1,0
512.45,3,1,1,0
512.51,3,1,1,0
512.58,3,1,1,0
512.65,3,1,1,0
512.71,3,1,1,0
512.78,3,1,1,0
512.85,3,1,1,0
512.91,3,1,1,0
512.98,3,1,1,0
513.05,3,1,1,0
513.11,3,1,1,0
513.18,3,1,1,0
513.25,3,1,1,0
513.31,3,1,1,0
513.38,3,1,1,0
513.45,3,1,1,0
513.51,3,1,1,0
513.58,3,1,1,0
513.65,3,1,1,0
513.71,3,1,1,0
513.78,3,1,1,0
513.85,3,1,1,0
513.91,3,1,1,0
513.98,3,1,1,0
514.05,3,1,1,0
514.12,3,1,1,0
514.18,3,1,1,0
514.25,3,1,1,0
514.32,3,1,1,0
514.38,3,1,1,0
514.45,3,1,1,0
514.52,3,1,1,0
514.58,3,1,1,0
514.65,3,1,1,0
514.72,3,1,1,0
514.79,3,1,1,0
514.85,3,1,1,0
514.92,3,1,1,0
514.99,3,1,1,0
515.05,3,1,1,0
515.12,3,1,1,0
515.19,3,1,1,0
515.25,3,1,1,0
515.32,3,1,1,0
515.39,3,1,1,0
515.46,3,1,1,0
515.52,3,1,1,0
515.59,3,1,1,0
515.66,3,1,1,0
515.72,3,1,1,0
515.79,3,1,1,0
515.86,3,1,1,0
515.93,3,1,1,0
515.99,3,1,1,0
516.06,3,1,1,0
516.13,3,1,1,0
516.19,3,1,1,0
516.27,3,1,1,0
516.33,3,1,1,0
516.4,3,1,1,0
516.47,3,1,1,0
516.53,3,1,1,0
516.6,3,1,1,0
516.67,3,1,1,0
516.73,3,1,1,0
516.8,3,1,1,0
516.87,3,1,1,0
516.93,3,1,1,0
517.0,3,1,1,0
517.06,3,1,1,0
517.13,3,1,1,0
517.2,3,1,1,0
517.27,3,1,1,0
517.33,3,1,1,0
517.4,3,1,1,0
517.46,3,1,1,0
517.53,3,1,1,0
517.6,3,1,1,0
517.67,3,1,1,0
517.74,3,1,1,0
517.81,3,1,1,0
517.87,3,1,1,0
517.94,3,1,1,0
518.0,3,1,1,0
518.07,3,1,1,0
518.14,3,1,1,0
518.2,3,1,1,0
518.27,3,1,1,0
518.34,3,1,1,0
518.4,3,1,1,0
518.47,3,1,1,0
518.53,3,1,1,0
518.6,3,1,1,0
518.67,3,1,1,0
518.73,3,1,1,0
518.8,3,1,1,0
518.87,3,1,1,0
518.93,3,1,1,0
519.0,3,1,1,0
519.06,3,1,1,0
519.13,3,1,1,0
519.2,3,1,1,0
519.26,3,1,1,0
519.33,3,1,1,0
519.4,3,1,1,0
519.46,3,1,1,0
519.53,3,1,1,0
519.6,3,1,1,0
519.66,3,1,1,0
519.73,3,1,1,0
519.79,3,1,1,0
519.86,3,1,1,0
519.93,3,1,1,0
519.99,3,1,1,0
520.06,3,1,1,0
520.13,3,1,1,0
520.19,3,1,1,0
520.26,3,1,1,0
520.33,3,1,1,0
520.39,3,1,1,0
520.46,3,1,1,0
520.53,3,1,1,0
520.59,3,1,1,0
520.66,3,1,1,0
520.73,3,1,1,0
520.79,3,1,1,0
520.86,3,1,1,0
520.93,3,1,1,0
520.99,3,1,1,0
521.06,3,1,1,0
521.13,3,1,1,0
521.19,3,1,1,0
521.26,3,1,1,0
521.33,3,1,1,0
521.39,3,1,1,0
521.46,3,1,1,0
521.53,3,1,1,0
521.59,3,1,1,0
521.66,3,1,1,0
521.73,3,1,1,0
521.79,3,1,1,0
521.86,3,1,1,0
521.93,3,1,1,0
521.99,3,1,1,0
522.06,3,1,1,0
522.13,3,1,1,0
522.19,3,1,1,0
522.26,3,1,1,0
522.33,3,1,1,0
522.39,3,1,1,0
522.46,3,1,1,0
522.53,3,1,1,0
522.59,3,1,1,0
522.66,3,1,1,0
522.73,3,1,1,0
522.8,3,1,1,0
522.86,3,1,1,0
522.93,3,1,1,0
523.0,3,1,1,0
523.06,3,1,1,0
523.13,3,1,1,0
523.2,3,1,1,0
523.26,3,1,1,0
523.33,3,1,1,0
523.4,3,1,1,0
523.47,3,1,1,0
523.53,3,1,1,0
523.6,3,1,1,0
523.67,3,1,1,0
523.73,3,1,1,0
523.8,3,1,1,0
523.87,3,1,1,0
523.94,3,1,1,0
524.0,3,1,1,0
524.07,3,1,1,0
524.14,3,1,1,0
524.21,3,1,1,0
524.27,3,1,1,0
524.35,3,1,1,0
524.41,3,1,1,0
524.48,3,1,1,0
524.54,3,1,1,0
524.61,3,1,1,0
524.68,3,1,1,0
524.74,3,1,1,0
524.81,3,1,1,0
524.88,3,1,1,0
524.94,3,1,1,0
525.01,3,1,1,0
525.08,3,1,1,0
525.14,3,1,1,0
525.21,3,1,1,0
525.27,3,1,1,0
525.34,3,1,1,0
525.41,3,1,1,0
525.47,3,1,1,0
525.54,3,1,1,0
525.61,3,1,1,0
525.67,3,1,1,0
525.74,3,1,1,0
525.8,3,1,1,0
525.87,3,1,1,0
525.94,3,1,1,0
526.0,3,1,1,0
526.07,3,1,1,0
526.14,3,1,1,0
526.2,3,1,1,0
526.27,3,1,1,0
526.34,3,1,1,0
526.4,3,1,1,0
526.47,3,1,1,0
526.54,3,1,1,0
526.6,3,1,1,0
526.67,3,1,1,0
526.73,3,1,1,0
526.8,3,1,1,0
526.87,3,1,1,0
526.93,3,1,1,0
527.0,3,1,1,0
527.07,3,1,1,0
527.13,3,1,1,0
527.2,3,1,1,0
527.27,3,1,1,0
527.33,3,1,1,0
527.4,3,1,1,0
527.47,3,1,1,0
527.53,3,1,1,0
527.6,3,1,1,0
527.67,3,1,1,0
527.73,3,1,1,0
527.8,3,1,1,0
527.87,3,1,1,0
527.93,3,1,1,0
528.0,3,1,1,0
528.07,3,1,1,0
528.13,3,1,1,0
528.2,3,1,1,0
528.27,3,1,1,0
528.33,3,1,1,0
528.4,3,1,1,0
528.47,3,1,1,0
528.53,3,1,1,0
528.6,3,1,1,0
528.67,3,1,1,0
528.74,3,1,1,0
528.8,3,1,1,0
528.87,3,1,1,0
528.94,3,1,1,0
529.0,3,1,1,0
529.07,3,1,1,0
529.14,3,1,1,0
529.2,3,1,1,0
529.27,3,1,1,0
529.34,3,1,1,0
529.4,3,1,1,0
529.47,3,1,1,0
529.54,3,1,1,0
529.6,3,1,1,0
529.67,3,1,1,0
529.74,3,1,1,0
529.81,3,1,1,0
529.87,3,1,1,0
529.94,3,1,1,0
530.01,3,1,1,0
530.07,3,1,1,0
530.14,3,1,1,0
530.21,3,1,1,0
530.27,3,1,1,0
530.34,3,1,1,0
530.41,3,1,1,0
530.47,3,1,1,0
530.54,3,1,1,0
530.61,3,1,1,0
530.68,3,1,1,0
530.74,3,1,1,0
530.81,3,1,1,0
530.88,3,1,1,0
530.94,3,1,1,0
531.01,3,1,1,0
531.09,3,1,1,0
531.15,3,1,1,0
531.22,4,1,1,0
531.29,4,1,1,0
531.35,3,1,1,0
531.42,3,1,1,0
531.48,3,1,1,0
531.55,3,1,1,0
531.62,3,1,1,0
531.68,3,1,1,0
531.75,3,1,1,0
531.82,3,1,1,0
531.88,3,1,1,0
531.95,3,1,1,0
532.01,3,1,1,0
532.08,3,1,1,0
532.15,3,1,1,0
532.21,3,1,1,0
532.28,3,1,1,0
532.35,3,1,1,0
532.41,3,1,1,0
532.48,3,1,1,0
532.54,3,1,1,0
532.61,3,1,1,0
532.68,3,1,1,0
532.75,3,1,1,0
532.81,3,1,1,0
532.88,3,1,1,0
532.94,3,1,1,0
533.01,3,1,1,0
533.08,3,1,1,0
533.14,3,1,1,0
533.21,3,1,1,0
533.28,3,1,1,0
533.34,3,1,1,0
533.41,3,1,1,0
533.48,3,1,1,0
533.54,3,1,1,0
533.61,3,1,1,0
533.68,3,1,1,0
533.74,3,1,1,0
533.81,3,1,1,0
533.88,3,1,1,0
533.94,3,1,1,0
534.01,3,1,1,0
534.08,3,1,1,0
534.14,3,1,1,0
534.21,3,1,1,0
534.28,3,1,1,0
534.34,3,1,1,0
534.41,3,1,1,0
534.48,3,1,1,0
534.54,3,1,1,0
534.61,3,1,1,0
534.68,3,1,1,0
534.74,3,1,1,0
534.81,3,1,1,0
534.88,3,1,1,0
534.94,3,1,1,0
535.01,3,1,1,0
535.08,3,1,1,0
535.14,3,1,1,0
535.21,3,1,1,0
535.27,3,1,1,0
535.34,3,1,1,0
535.41,3,1,1,0
535.47,3,1,1,0
535.54,3,1,1,0
535.61,3,1,1,0
535.68,3,1,1,0
535.74,3,1,1,0
535.81,3,1,1,0
535.88,3,1,1,0
535.94,3,1,1,0
536.01,3,1,1,0
536.08,3,1,1,0
536.14,3,1,1,0
536.21,3,1,1,0
536.28,3,1,1,0
536.35,3,1,1,0
536.41,3,1,1,0
536.48,3,1,1,0
536.55,3,1,1,0
536.61,3,1,1,0
536.68,3,1,1,0
536.75,3,1,1,0
536.82,3,1,1,0
536.88,3,1,1,0
536.95,3,1,1,0
537.02,3,1,1,0
537.08,3,1,1,0
537.15,3,1,1,0
537.22,3,1,1,0
537.28,3,1,1,0
537.35,3,1,1,0
537.42,3,1,1,0
537.49,3,1,1,0
537.56,3,1,1,0
537.63,3,1,1,0
537.69,3,1,1,0
537.76,3,1,1,0
537.82,3,1,1,0
537.89,3,1,1,0
537.96,3,1,1,0
538.02,3,1,1,0
538.09,3,1,1,0
538.15,3,1,1,0
538.22,3,1,1,0
538.29,3,1,1,0
538.35,3,1,1,0
538.42,3,1,1,0
538.49,3,1,1,0
538.55,3,1,1,0
538.62,3,1,1,0
538.69,3,1,1,0
538.75,3,1,1,0
538.82,3,1,1,0
538.88,3,1,1,0
538.95,3,1,1,0
539.02,3,1,1,0
539.08,3,1,1,0
539.15,3,1,1,0
539.22,3,1,1,0
539.28,3,1,1,0
539.35,3,1,1,0
539.41,3,1,1,0
539.48,3,1,1,0
539.55,3,1,1,0
539.62,3,1,1,0
539.68,3,1,1,0
539.75,3,1,1,0
539.81,3,1,1,0
539.88,3,1,1,0
539.95,3,1,1,0
540.01,3,1,1,0
540.08,3,1,1,0
540.15,3,1,1,0
540.21,3,1,1,0
540.28,3,1,1,0
540.35,3,1,1,0
540.41,3,1,1,0
540.48,3,1,1,0
540.55,3,1,1,0
540.61,3,1,1,0
540.68,3,1,1,0
540.75,3,1,1,0
540.81,3,1,1,0
540.88,3,1,1,0
540.95,3,1,1,0
541.01,3,1,1,0
541.08,3,1,1,0
541.15,3,1,1,0
541.21,3,1,1,0
541.28,3,1,1,0
541.34,3,1,1,0
541.41,3,1,1,0
541.48,3,1,1,0
541.55,3,1,1,0
541.61,3,1,1,0
541.68,3,1,1,0
541.75,3,1,1,0
541.81,3,1,1,0
541.88,3,1,1,0
541.95,3,1,1,0
542.01,3,1,1,0
542.08,3,1,1,0
542.15,3,1,1,0
542.21,3,1,1,0
542.28,3,1,1,0
542.35,3,1,1,0
542.41,3,1,1,0
542.48,3,1,1,0
542.55,3,1,1,0
542.62,3,1,1,0
542.68,3,1,1,0
542.75,3,1,1,0
542.82,3,1,1,0
542.88,3,1,1,0
542.95,3,1,1,0
543.02,3,1,1,0
543.08,3,1,1,0
543.15,3,1,1,0
543.22,3,1,1,0
543.28,3,1,1,0
543.35,3,1,1,0
543.42,3,1,1,0
543.49,3,1,1,0
543.55,3,1,1,0
543.62,3,1,1,0
543.69,3,1,1,0
543.75,3,1,1,0
543.82,3,1,1,0
543.89,3,1,1,0
543.96,3,1,1,0
544.03,3,1,1,0
544.1,3,1,1,0
544.16,3,1,1,0
544.23,3,1,1,0
544.3,3,1,1,0
544.37,3,1,1,0
544.43,3,1,1,0
544.5,3,1,1,0
544.57,3,1,1,0
544.63,3,1,1,0
544.7,3,1,1,0
544.77,3,1,1,0
544.83,3,1,1,0
544.9,3,1,1,0
544.96,3,1,1,0
545.03,3,1,1,0
545.1,3,1,1,0
545.16,3,1,1,0
545.23,3,1,1,0
545.3,3,1,1,0
545.36,3,1,1,0
545.43,3,1,1,0
545.5,3,1,1,0
545.56,3,1,1,0
545.63,3,1,1,0
545.69,3,1,1,0
545.76,3,1,1,0
545.83,3,1,1,0
545.89,3,1,1,0
545.96,3,1,1,0
546.03,3,1,1,0
546.09,3,1,1,0
546.16,3,1,1,0
546.23,3,1,1,0
546.29,3,1,1,0
546.36,3,1,1,0
546.43,3,1,1,0
546.49,3,1,1,0
546.56,3,1,1,0
546.63,3,1,1,0
546.69,3,1,1,0
546.76,3,1,1,0
546.83,3,1,1,0
546.89,3,1,1,0
546.96,3,1,1,0
547.03,3,1,1,0
547.09,3,1,1,0
547.16,3,1,1,0
547.23,3,1,1,0
547.29,3,1,1,0
547.36,3,1,1,0
547.43,3,1,1,0
547.49,3,1,1,0
547.56,3,1,1,0
547.63,3,1,1,0
547.69,3,1,1,0
547.76,3,1,1,0
547.83,3,1,1,0
547.89,3,1,1,0
547.96,3,1,1,0
548.03,3,1,1,0
548.09,3,1,1,0
548.16,3,1,1,0
548.23,3,1,1,0
548.29,3,1,1,0
548.36,3,1,1,0
548.43,3,1,1,0
548.5,3,1,1,0
548.56,3,1,1,0
548.63,3,1,1,0
548.7,3,1,1,0
548.77,3,1,1,0
548.83,3,1,1,0
548.9,3,1,1,0
548.97,3,1,1,0
549.03,3,1,1,0
549.1,3,1,1,0
549.17,3,1,1,0
549.24,3,1,1,0
549.3,3,1,1,0
549.37,3,1,1,0
549.44,3,1,1,0
549.5,3,1,1,0
549.57,3,1,1,0
549.64,3,1,1,0
549.71,3,1,1,0
549.77,3,1,1,0
549.84,3,1,1,0
549.91,3,1,1,0
549.97,3,1,1,0
550.04,3,1,1,0
550.11,3,1,1,0
550.18,3,1,1,0
550.24,3,1,1,0
550.31,3,1,1,0
550.38,3,1,1,0
550.45,3,1,1,0
550.51,3,1,1,0
550.58,3,1,1,0
550.65,3,1,1,0
550.72,3,1,1,0
550.79,3,1,1,0
550.85,3,1,1,0
550.92,3,1,1,0
550.98,3,1,1,0
551.05,3,1,1,0
551.12,3,1,1,0
551.18,3,1,1,0
551.25,3,1,1,0
551.32,3,1,1,0
551.39,3,1,1,0
551.45,3,1,1,0
551.52,3,1,1,0
551.58,3,1,1,0
551.65,3,1,1,0
551.72,3,1,1,0
551.78,3,1,1,0
551.85,3,1,1,0
551.92,3,1,1,0
551.98,3,1,1,0
552.05,3,1,1,0
552.11,3,1,1,0
552.18,3,1,1,0
552.25,3,1,1,0
552.32,3,1,1,0
552.38,3,1,1,0
552.45,3,1,1,0
552.51,3,1,1,0
552.58,3,1,1,0
552.65,3,1,1,0
552.71,3,1,1,0
552.78,3,1,1,0
552.85,3,1,1,0
552.91,3,1,1,0
552.98,3,1,1,0
553.05,3,1,1,0
553.11,3,1,1,0
553.18,3,1,1,0
553.25,3,1,1,0
553.31,3,1,1,0
553.38,3,1,1,0
553.45,3,1,1,0
553.51,3,1,1,0
553.58,3,1,1,0
553.64,3,1,1,0
553.71,3,1,1,0
553.78,3,1,1,0
553.84,3,1,1,0
553.91,3,1,1,0
553.98,3,1,1,0
554.04,3,1,1,0
554.11,3,1,1,0
554.18,3,1,1,0
554.24,3,1,1,0
554.31,3,1,1,0
554.38,3,1,1,0
554.44,3,1,1,0
554.51,3,1,1,0
554.58,3,1,1,0
554.64,3,1,1,0
554.71,3,1,1,0
554.78,3,1,1,0
554.84,3,1,1,0
554.91,3,1,1,0
554.97,3,1,1,0
555.04,3,1,1,0
555.11,3,1,1,0
555.18,3,1,1,0
555.24,3,1,1,0
555.31,3,1,1,0
555.38,3,1,1,0
555.44,3,1,1,0
555.51,3,1,1,0
555.58,3,1,1,0
555.64,3,1,1,0
555.71,3,1,1,0
555.78,3,1,1,0
555.84,3,1,1,0
555.91,3,1,1,0
555.98,3,1,1,0
556.04,3,1,1,0
556.11,3,1,1,0
556.18,3,1,1,0
556.24,3,1,1,0
556.31,3,1,1,0
556.38,3,1,1,0
556.44,3,1,1,0
556.51,3,1,1,0
556.58,3,1,1,0
556.64,3,1,1,0
556.71,3,1,1,0
556.78,3,1,1,0
556.84,3,1,1,0
556.91,3,1,1,0
556.98,3,1,1,0
557.05,3,1,1,0
557.11,3,1,1,0
557.18,3,1,1,0
557.25,3,1,1,0
557.31,3,1,1,0
557.38,3,1,1,0
557.45,3,1,1,0
557.52,3,1,1,0
557.59,3,1,1,0
557.65,3,1,1,0
557.72,3,1,1,0
557.78,3,1,1,0
557.85,3,1,1,0
557.92,3,1,1,0
557.98,3,1,1,0
558.05,3,1,1,0
558.12,3,1,1,0
558.18,3,1,1,0
558.25,3,1,1,0
558.31,3,1,1,0
558.38,3,1,1,0
558.45,3,1,1,0
558.51,3,1,1,0
558.58,3,1,1,0
558.65,3,1,1,0
558.71,3,1,1,0
558.78,3,1,1,0
558.85,3,1,1,0
558.92,3,1,1,0
558.99,3,1,1,0
559.05,3,1,1,0
559.12,3,1,1,0
559.18,3,1,1,0
559.25,3,1,1,0
559.32,3,1,1,0
559.38,3,1,1,0
559.45,3,1,1,0
559.52,3,1,1,0
559.58,3,1,1,0
559.65,3,1,1,0
559.72,3,1,1,0
559.78,3,1,1,0
559.85,3,1,1,0
559.91,3,1,1,0
559.98,3,1,1,0
560.05,3,1,1,0
560.11,3,1,1,0
560.18,3,1,1,0
560.25,3,1,1,0
560.31,3,1,1,0
560.38,3,1,1,0
560.45,3,1,1,0
560.51,3,1,1,0
560.58,3,1,1,0
560.65,3,1,1,0
560.71,3,1,1,0
560.78,3,1,1,0
560.84,3,1,1,0
560.91,3,1,1,0
560.98,3,1,1,0
561.04,3,1,1,0
561.11,3,1,1,0
561.18,3,1,1,0
561.24,3,1,1,0
561.31,3,1,1,0
561.38,3,1,1,0
561.44,3,1,1,0
561.51,3,1,1,0
561.58,3,1,1,0
561.64,3,1,1,0
561.71,3,1,1,0
561.77,3,1,1,0
561.84,3,1,1,0
561.91,3,1,1,0
561.97,3,1,1,0
562.04,3,1,1,0
562.11,3,1,1,0
562.17,3,1,1,0
562.24,3,1,1,0
562.31,3,1,1,0
562.37,3,1,1,0
562.44,3,1,1,0
562.51,3,1,1,0
562.57,3,1,1,0
562.64,3,1,1,0
562.71,3,1,1,0
562.77,3,1,1,0
562.84,3,1,1,0
562.91,3,1,1,0
562.97,3,1,1,0
563.04,3,1,1,0
563.11,3,1,1,0
563.17,3,1,1,0
563.24,3,1,1,0
563.31,3,1,1,0
563.38,3,1,1,0
563.44,3,1,1,0
563.51,3,1,1,0
563.58,3,1,1,0
563.64,3,1,1,0
563.71,3,1,1,0
563.78,3,1,1,0
563.84,3,1,1,0
563.91,3,1,1,0
563.98,3,1,1,0
564.04,3,1,1,0
564.11,3,1,1,0
564.18,3,1,1,0
564.25,3,1,1,0
564.31,3,1,1,0
564.38,3,1,1,0
564.45,3,1,1,0
564.51,3,1,1,0
564.58,3,1,1,0
564.65,3,1,1,0
564.71,3,1,1,0
564.78,3,1,1,0
564.85,3,1,1,0
564.92,3,1,1,0
564.98,3,1,1,0
565.05,3,1,1,0
565.12,3,1,1,0
565.18,3,1,1,0
565.25,3,1,1,0
565.32,3,1,1,0
565.38,3,1,1,0
565.46,3,1,1,0
565.52,3,1,1,0
565.59,3,1,1,0
565.66,3,1,1,0
565.72,3,1,1,0
565.79,3,1,1,0
565.85,3,1,1,0
565.92,3,1,1,0
565.99,3,1,1,0
566.05,3,1,1,0
566.12,3,1,1,0
566.19,3,1,1,0
566.25,3,1,1,0
566.32,3,1,1,0
566.38,3,1,1,0
566.45,3,1,1,0
566.52,3,1,1,0
566.58,3,1,1,0
566.65,3,1,1,0
566.72,3,1,1,0
566.78,3,1,1,0
566.85,3,1,1,0
566.91,3,1,1,0
566.98,3,1,1,0
567.05,3,1,1,0
567.11,3,1,1,0
567.18,3,1,1,0
567.25,3,1,1,0
567.31,3,1,1,0
567.38,3,1,1,0
567.45,3,1,1,0
567.51,3,1,1,0
567.58,3,1,1,0
567.64,3,1,1,0
567.71,3,1,1,0
567.78,3,1,1,0
567.84,3,1,1,0
567.91,3,1,1,0
567.98,3,1,1,0
568.04,3,1,1,0
568.11,3,1,1,0
568.18,3,1,1,0
568.24,3,1,1,0
568.31,3,1,1,0
568.38,3,1,1,0
568.44,3,1,1,0
568.51,3,1,1,0
568.58,3,1,1,0
568.64,3,1,1,0
568.71,3,1,1,0
568.78,3,1,1,0
568.84,3,1,1,0
568.91,3,1,1,0
568.98,3,1,1,0
569.04,3,1,1,0
569.11,3,1,1,0
569.18,3,1,1,0
569.24,3,1,1,0
569.31,3,1,1,0
569.38,3,1,1,0
569.44,3,1,1,0
569.51,3,1,1,0
569.58,3,1,1,0
569.65,3,1,1,0
569.71,3,1,1,0
569.78,3,1,1,0
569.85,3,1,1,0
569.91,3,1,1,0
569.98,3,1,1,0
570.05,3,1,1,0
570.11,3,1,1,0
570.18,3,1,1,0
570.25,3,1,1,0
570.31,3,1,1,0
570.38,3,1,1,0
570.45,3,1,1,0
570.51,3,1,1,0
570.58,3,1,1,0
570.65,3,1,1,0
570.71,3,1,1,0
570.78,3,1,1,0
570.85,3,1,1,0
570.92,3,1,1,0
570.98,3,1,1,0
571.05,3,1,1,0
571.12,3,1,1,0
571.18,3,1,1,0
571.25,3,1,1,0
571.32,3,1,1,0
571.39,3,1,1,0
571.45,3,1,1,0
571.52,3,1,1,0
571.59,3,1,1,0
571.65,3,1,1,0
571.72,3,1,1,0
571.79,3,1,1,0
571.86,3,1,1,0
571.92,3,1,1,0
572.0,3,1,1,0
572.07,3,1,1,0
572.13,3,1,1,0
572.2,3,1,1,0
572.26,3,1,1,0
572.33,3,1,1,0
572.4,3,1,1,0
572.46,3,1,1,0
572.53,3,1,1,0
572.59,3,1,1,0
572.66,3,1,1,0
572.73,3,1,1,0
572.79,3,1,1,0
572.86,3,1,1,0
572.93,3,1,1,0
572.99,3,1,1,0
573.06,3,1,1,0
573.13,3,1,1,0
573.19,3,1,1,0
573.26,3,1,1,0
573.32,3,1,1,0
573.39,3,1,1,0
573.46,3,1,1,0
573.52,3,1,1,0
573.59,3,1,1,0
573.66,3,1,1,0
573.72,3,1,1,0
573.79,3,1,1,0
573.85,3,1,1,0
573.92,3,1,1,0
573.99,3,1,1,0
574.06,3,1,1,0
574.12,3,1,1,0
574.19,3,1,1,0
574.26,3,1,1,0
574.32,3,1,1,0
574.39,3,1,1,0
574.46,3,1,1,0
574.52,3,1,1,0
574.59,3,1,1,0
574.66,3,1,1,0
574.72,3,1,1,0
574.79,3,1,1,0
574.86,3,1,1,0
574.92,3,1,1,0
574.99,3,1,1,0
575.06,3,1,1,0
575.12,3,1,1,0
575.19,3,1,1,0
575.26,3,1,1,0
575.32,3,1,1,0
575.39,3,1,1,0
575.46,3,1,1,0
575.52,3,1,1,0
575.59,3,1,1,0
575.66,3,1,1,0
575.72,3,1,1,0
575.79,3,1,1,0
575.86,3,1,1,0
575.92,3,1,1,0
575.99,3,1,1,0
576.06,3,1,1,0
576.12,3,1,1,0
576.19,3,1,1,0
576.26,3,1,1,0
576.32,3,1,1,0
576.39,3,1,1,0
576.46,3,1,1,0
576.52,3,1,1,0
576.59,3,1,1,0
576.66,3,1,1,0
576.72,3,1,1,0
576.79,3,1,1,0
576.86,3,1,1,0
576.92,3,1,1,0
576.99,3,1,1,0
577.06,3,1,1,0
577.12,3,1,1,0
577.19,3,1,1,0
577.26,3,1,1,0
577.33,3,1,1,0
577.39,3,1,1,0
577.46,3,1,1,0
577.53,3,1,1,0
577.6,3,1,1,0
577.66,3,1,1,0
577.73,3,1,1,0
577.8,3,1,1,0
577.86,3,1,1,0
577.93,3,1,1,0
578.0,3,1,1,0
578.06,3,1,1,0
578.13,3,1,1,0
578.19,3,1,1,0
578.26,3,1,1,0
578.33,3,1,1,0
578.39,3,1,1,0
578.46,3,1,1,0
578.53,3,1,1,0
578.59,3,1,1,0
578.66,3,1,1,0
578.73,3,1,1,0
578.8,3,1,1,0
578.86,3,1,1,0
578.93,3,1,1,0
578.99,3,1,1,0
579.06,3,1,1,0
579.13,3,1,1,0
579.19,3,1,1,0
579.26,3,1,1,0
579.32,3,1,1,0
579.39,3,1,1,0
579.46,3,1,1,0
579.52,3,1,1,0
579.59,3,1,1,0
579.65,3,1,1,0
579.72,3,1,1,0
579.79,3,1,1,0
579.85,3,1,1,0
579.92,3,1,1,0
579.98,3,1,1,0
580.05,3,1,1,0
580.11,3,1,1,0
580.18,3,1,1,0
580.24,3,1,1,0
580.31,3,1,1,0
580.38,3,1,1,0
580.44,3,1,1,0
580.51,3,1,1,0
580.57,3,1,1,0
580.64,3,1,1,0
580.71,3,1,1,0
580.77,3,1,1,0
580.84,3,1,1,0
580.9,3,1,1,0
580.97,3,1,1,0
581.03,3,1,1,0
581.1,3,1,1,0
581.17,3,1,1,0
581.23,3,1,1,0
581.3,3,1,1,0
581.36,3,1,1,0
581.43,3,1,1,0
581.5,3,1,1,0
581.56,3,1,1,0
581.63,3,1,1,0
581.7,3,1,1,0
581.76,3,1,1,0
581.83,3,1,1,0
581.89,3,1,1,0
581.96,3,1,1,0
582.03,3,1,1,0
582.09,3,1,1,0
582.16,3,1,1,0
582.22,3,1,1,0
582.29,3,1,1,0
582.35,3,1,1,0
582.42,3,1,1,0
582.49,3,1,1,0
582.56,3,1,1,0
582.62,3,1,1,0
582.69,3,1,1,0
582.76,3,1,1,0
582.82,3,1,1,0
582.89,3,1,1,0
582.96,3,1,1,0
583.02,3,1,1,0
583.09,3,1,1,0
583.16,3,1,1,0
583.22,3,1,1,0
583.29,3,1,1,0
583.36,3,1,1,0
583.42,3,1,1,0
583.49,3,1,1,0
583.56,3,1,1,0
583.62,3,1,1,0
583.69,3,1,1,0
583.76,3,1,1,0
583.83,3,1,1,0
583.89,3,1,1,0
583.96,3,1,1,0
584.03,3,1,1,0
584.09,3,1,1,0
584.16,3,1,1,0
584.23,3,1,1,0
584.29,3,1,1,0
584.36,3,1,1,0
584.43,3,1,1,0
584.49,3,1,1,0
584.56,3,1,1,0
584.63,3,1,1,0
584.69,3,1,1,0
584.76,3,1,1,0
584.83,3,1,1,0
584.9,3,1,1,0
584.96,3,1,1,0
585.03,3,1,1,0
585.1,3,1,1,0
585.16,3,1,1,0
585.23,3,1,1,0
585.3,3,1,1,0
585.37,3,1,1,0
585.44,3,1,1,0
585.51,3,1,1,0
585.57,3,1,1,0
585.64,3,1,1,0
585.7,3,1,1,0
585.77,3,1,1,0
585.84,3,1,1,0
585.9,3,1,1,0
585.97,3,1,1,0
586.04,3,1,1,0
586.1,3,1,1,0
586.17,3,1,1,0
586.24,3,1,1,0
586.3,3,1,1,0
586.37,3,1,1,0
586.44,3,1,1,0
586.5,3,1,1,0
586.57,3,1,1,0
586.63,3,1,1,0
586.7,3,1,1,0
586.77,3,1,1,0
586.83,3,1,1,0
586.9,3,1,1,0
586.97,3,1,1,0
587.03,3,1,1,0
587.1,3,1,1,0
587.17,3,1,1,0
587.23,3,1,1,0
587.3,3,1,1,0
587.37,3,1,1,0
587.43,3,1,1,0
587.5,3,1,1,0
587.57,3,1,1,0
587.63,3,1,1,0
587.7,3,1,1,0
587.77,3,1,1,0
587.83,3,1,1,0
587.9,3,1,1,0
587.97,3,1,1,0
588.03,3,1,1,0
588.1,3,1,1,0
588.16,3,1,1,0
588.23,3,1,1,0
588.3,3,1,1,0
588.37,3,1,1,0
588.43,3,1,1,0
588.5,3,1,1,0
588.57,3,1,1,0
588.63,3,1,1,0
588.7,3,1,1,0
588.76,3,1,1,0
588.83,3,1,1,0
588.9,3,1,1,0
588.96,3,1,1,0
589.03,3,1,1,0
589.1,3,1,1,0
589.16,3,1,1,0
589.23,3,1,1,0
589.3,3,1,1,0
589.36,3,1,1,0
589.43,3,1,1,0
589.5,3,1,1,0
589.57,3,1,1,0
589.63,3,1,1,0
589.7,3,1,1,0
589.77,3,1,1,0
589.83,3,1,1,0
589.9,3,1,1,0
589.97,3,1,1,0
590.03,3,1,1,0
590.1,3,1,1,0
590.17,3,1,1,0
590.23,3,1,1,0
590.3,3,1,1,0
590.37,3,1,1,0
590.43,3,1,1,0
590.5,3,1,1,0
590.57,3,1,1,0
590.63,3,1,1,0
590.7,3,1,1,0
590.77,3,1,1,0
590.84,3,1,1,0
590.9,3,1,1,0
590.97,3,1,1,0
591.04,3,1,1,0
591.1,3,1,1,0
591.17,3,1,1,0
591.24,3,1,1,0
591.31,3,1,1,0
591.37,3,1,1,0
591.44,3,1,1,0
591.51,3,1,1,0
591.57,3,1,1,0
591.64,3,1,1,0
591.71,3,1,1,0
591.77,3,1,1,0
591.84,3,1,1,0
591.91,3,1,1,0
591.98,3,1,1,0
592.05,3,1,1,0
592.12,3,1,1,0
592.18,3,1,1,0
592.25,3,1,1,0
592.32,3,1,1,0
592.38,3,1,1,0
592.45,3,1,1,0
592.52,3,1,1,0
592.58,3,1,1,0
592.65,3,1,1,0
592.71,3,1,1,0
592.78,3,1,1,0
592.85,3,1,1,0
592.91,3,1,1,0
592.98,3,1,1,0
593.05,3,1,1,0
593.11,3,1,1,0
593.18,3,1,1,0
593.25,3,1,1,0
593.31,3,1,1,0
593.38,3,1,1,0
593.44,3,1,1,0
593.51,3,1,1,0
593.58,3,1,1,0
593.64,3,1,1,0
593.71,3,1,1,0
593.78,3,1,1,0
593.84,3,1,1,0
593.91,3,1,1,0
593.98,3,1,1,0
594.04,3,1,1,0
594.11,3,1,1,0
594.18,3,1,1,0
594.24,3,1,1,0
594.31,3,1,1,0
594.38,3,1,1,0
594.44,3,1,1,0
594.51,3,1,1,0
594.58,3,1,1,0
594.64,3,1,1,0
594.71,3,1,1,0
594.77,3,1,1,0
594.84,3,1,1,0
594.91,3,1,1,0
594.97,3,1,1,0
595.04,3,1,1,0
595.11,3,1,1,0
595.17,3,1,1,0
595.24,3,1,1,0
595.31,3,1,1,0
595.37,3,1,1,0
595.44,3,1,1,0
595.51,3,1,1,0
595.57,3,1,1,0
595.64,3,1,1,0
595.71,3,1,1,0
595.77,3,1,1,0
595.84,3,1,1,0
595.91,3,1,1,0
595.97,3,1,1,0
596.04,3,1,1,0
596.11,3,1,1,0
596.17,3,1,1,0
596.24,3,1,1,0
596.31,3,1,1,0
596.37,3,1,1,0
596.44,3,1,1,0
596.51,3,1,1,0
596.57,3,1,1,0
596.64,3,1,1,0
596.71,3,1,1,0
596.77,3,1,1,0
596.84,3,1,1,0
596.91,3,1,1,0
596.97,3,1,1,0
597.04,3,1,1,0
597.11,3,1,1,0
597.17,3,1,1,0
597.24,3,1,1,0
597.31,3,1,1,0
597.37,3,1,1,0
597.44,3,1,1,0
597.51,3,1,1,0
597.57,3,1,1,0
597.64,3,1,1,0
597.71,3,1,1,0
597.78,3,1,1,0
597.84,3,1,1,0
597.91,3,1,1,0
597.98,3,1,1,0
598.04,3,1,1,0
598.11,3,1,1,0
598.18,3,1,1,0
598.24,3,1,1,0
598.31,3,1,1,0
598.38,3,1,1,0
598.46,3,1,1,0
598.52,3,1,1,0
598.59,3,1,1,0
598.65,3,1,1,0
598.72,3,1,1,0
598.79,3,1,1,0
598.85,3,1,1,0
598.92,3,1,1,0
598.99,3,1,1,0
599.05,3,1,1,0
599.12,3,1,1,0
599.19,3,1,1,0
599.25,3,1,1,0
599.32,3,1,1,0
599.38,3,1,1,0
599.45,3,1,1,0
599.52,3,1,1,0
599.58,3,1,1,0
599.65,3,1,1,0
599.71,3,1,1,0
599.78,3,1,1,0
599.85,3,1,1,0
599.92,3,1,1,0
599.99,3,1,1,0
600.06,3,1,1,0
600.12,3,1,1,0
600.19,3,1,1,0
600.25,3,1,1,0
600.32,3,1,1,0
600.39,3,1,1,0
600.45,3,1,1,0
600.52,3,1,1,0
600.58,3,1,1,0
600.65,3,1,1,0
600.72,3,1,1,0
600.78,3,1,1,0
600.85,3,1,1,0
600.92,3,1,1,0
600.98,3,1,1,0
601.05,3,1,1,0
601.12,3,1,1,0
601.18,3,1,1,0
601.25,3,1,1,0
601.32,3,1,1,0
601.38,3,1,1,0
601.45,3,1,1,0
601.51,3,1,1,0
601.58,3,1,1,0
601.65,3,1,1,0
601.71,3,1,1,0
601.78,3,1,1,0
601.85,3,1,1,0
601.91,3,1,1,0
601.98,3,1,1,0
602.05,3,1,1,0
602.11,3,1,1,0
602.18,3,1,1,0
602.25,3,1,1,0
602.31,3,1,1,0
602.38,3,1,1,0
602.45,3,1,1,0
602.51,3,1,1,0
602.58,3,1,1,0
602.65,3,1,1,0
602.71,3,1,1,0
602.78,3,1,1,0
602.85,3,1,1,0
602.91,3,1,1,0
602.98,3,1,1,0
603.05,3,1,1,0
603.11,3,1,1,0
603.18,3,1,1,0
603.25,3,1,1,0
603.31,3,1,1,0
603.38,3,1,1,0
603.45,3,1,1,0
603.51,3,1,1,0
603.58,3,1,1,0
603.65,3,1,1,0
603.71,3,1,1,0
603.78,3,1,1,0
603.85,3,1,1,0
603.91,3,1,1,0
603.98,3,1,1,0
604.05,3,1,1,0
604.11,3,1,1,0
604.18,3,1,1,0
604.25,3,1,1,0
604.31,3,1,1,0
604.38,3,1,1,0
604.45,3,1,1,0
604.51,3,1,1,0
604.58,3,1,1,0
604.65,3,1,1,0
604.72,3,1,1,0
604.78,3,1,1,0
604.85,3,1,1,0
604.92,3,1,1,0
604.98,3,1,1,0
605.05,3,1,1,0
605.12,3,1,1,0
605.18,3,1,1,0
605.25,3,1,1,0
605.32,3,1,1,0
605.38,3,1,1,0
605.45,3,1,1,0
605.52,3,1,1,0
605.58,3,1,1,0
605.65,3,1,1,0
605.72,3,1,1,0
605.79,3,1,1,0
605.85,3,1,1,0
605.92,3,1,1,0
605.99,3,1,1,0
606.05,3,1,1,0
606.12,3,1,1,0
606.19,3,1,1,0
606.26,3,1,1,0
606.32,3,1,1,0
606.39,3,1,1,0
606.46,3,1,1,0
606.53,3,1,1,0
606.6,3,1,1,0
606.66,3,1,1,0
606.73,3,1,1,0
606.8,3,1,1,0
606.86,3,1,1,0
606.93,3,1,1,0
607.0,3,1,1,0
607.06,3,1,1,0
607.13,3,1,1,0
607.19,3,1,1,0
607.26,3,1,1,0
607.33,3,1,1,0
607.39,3,1,1,0
607.46,3,1,1,0
607.53,3,1,1,0
607.59,3,1,1,0
607.66,3,1,1,0
607.73,3,1,1,0
607.79,3,1,1,0
607.86,3,1,1,0
607.93,3,1,1,0
607.99,3,1,1,0
608.06,3,1,1,0
608.13,3,1,1,0
608.19,3,1,1,0
608.26,3,1,1,0
608.32,3,1,1,0
608.39,3,1,1,0
608.46,3,1,1,0
608.52,3,1,1,0
608.59,3,1,1,0
608.66,3,1,1,0
608.72,3,1,1,0
608.79,3,1,1,0
608.86,3,1,1,0
608.92,3,1,1,0
608.99,3,1,1,0
609.06,3,1,1,0
609.12,3,1,1,0
609.19,3,1,1,0
609.25,3,1,1,0
609.32,3,1,1,0
609.39,3,1,1,0
609.45,3,1,1,0
609.52,3,1,1,0
609.59,3,1,1,0
609.66,3,1,1,0
609.72,3,1,1,0
609.79,3,1,1,0
609.86,3,1,1,0
609.92,3,1,1,0
609.99,3,1,1,0
610.06,3,1,1,0
610.12,3,1,1,0
610.19,3,1,1,0
610.26,3,1,1,0
610.32,3,1,1,0
610.39,3,1,1,0
610.46,3,1,1,0
610.52,3,1,1,0
610.59,3,1,1,0
610.66,3,1,1,0
610.72,3,1,1,0
610.79,3,1,1,0
610.86,3,1,1,0
610.92,3,1,1,0
610.99,3,1,1,0
611.06,3,1,1,0
611.12,3,1,1,0
611.19,3,1,1,0
611.26,3,1,1,0
611.32,3,1,1,0
611.39,3,1,1,0
611.46,3,1,1,0
611.53,3,1,1,0
611.59,3,1,1,0
611.66,3,1,1,0
611.73,3,1,1,0
611.79,3,1,1,0
611.86,3,1,1,0
611.93,3,1,1,0
611.99,3,1,1,0
612.06,3,1,1,0
612.13,3,1,1,0
612.19,3,1,1,0
612.26,3,1,1,0
612.33,3,1,1,0
612.4,3,1,1,0
612.46,3,1,1,0
612.53,3,1,1,0
612.6,3,1,1,0
612.66,3,1,1,0
612.73,3,1,1,0
612.8,3,1,1,0
612.87,3,1,1,0
612.93,3,1,1,0
613.0,3,1,1,0
613.07,3,1,1,0
613.13,3,1,1,0
613.2,3,1,1,0
613.27,3,1,1,0
613.34,3,1,1,0
613.41,3,1,1,0
613.47,3,1,1,0
613.54,3,1,1,0
613.61,3,1,1,0
613.67,3,1,1,0
613.74,3,1,1,0
613.81,3,1,1,0
613.87,3,1,1,0
613.94,3,1,1,0
614.01,3,1,1,0
614.07,3,1,1,0
614.14,3,1,1,0
614.21,3,1,1,0
614.27,3,1,1,0
614.34,3,1,1,0
614.41,3,1,1,0
614.47,3,1,1,0
614.54,3,1,1,0
614.6,3,1,1,0
614.67,3,1,1,0
614.74,3,1,1,0
614.8,3,1,1,0
614.87,3,1,1,0
614.94,3,1,1,0
615.0,3,1,1,0
615.07,3,1,1,0
615.14,3,1,1,0
615.2,3,1,1,0
615.27,3,1,1,0
615.34,3,1,1,0
615.4,3,1,1,0
615.47,3,1,1,0
615.54,3,1,1,0
615.6,3,1,1,0
615.67,3,1,1,0
615.73,3,1,1,0
615.8,3,1,1,0
615.87,3,1,1,0
615.93,3,1,1,0
616.0,3,1,1,0
616.07,3,1,1,0
616.13,3,1,1,0
616.2,3,1,1,0
616.27,3,1,1,0
616.34,3,1,1,0
616.4,3,1,1,0
616.47,3,1,1,0
616.53,3,1,1,0
616.6,3,1,1,0
616.67,3,1,1,0
616.73,3,1,1,0
616.8,3,1,1,0
616.87,3,1,1,0
616.93,3,1,1,0
617.0,3,1,1,0
617.07,3,1,1,0
617.13,3,1,1,0
617.2,3,1,1,0
617.27,3,1,1,0
617.34,3,1,1,0
617.4,3,1,1,0
617.47,3,1,1,0
617.54,3,1,1,0
617.6,3,1,1,0
617.67,3,1,1,0
617.74,3,1,1,0
617.8,3,1,1,0
617.87,3,1,1,0
617.94,3,1,1,0
618.0,3,1,1,0
618.07,3,1,1,0
618.14,3,1,1,0
618.21,3,1,1,0
618.27,3,1,1,0
618.34,3,1,1,0
618.41,3,1,1,0
618.47,3,1,1,0
618.54,3,1,1,0
618.61,3,1,1,0
618.68,3,1,1,0
618.74,3,1,1,0
618.81,3,1,1,0
618.88,3,1,1,0
618.94,3,1,1,0
619.01,3,1,1,0
619.08,3,1,1,0
619.15,3,1,1,0
619.21,3,1,1,0
619.28,3,1,1,0
619.35,3,1,1,0
619.42,3,1,1,0
619.48,3,1,1,0
619.55,3,1,1,0
619.62,3,1,1,0
619.68,3,1,1,0
619.75,3,1,1,0
619.82,3,1,1,0
619.88,3,1,1,0
619.95,3,1,1,0
620.02,3,1,1,0
620.09,3,1,1,0
620.16,3,1,1,0
620.22,3,1,1,0
620.29,3,1,1,0
620.36,3,1,1,0
620.42,3,1,1,0
620.49,3,1,1,0
620.56,3,1,1,0
620.62,3,1,1,0
620.69,3,1,1,0
620.76,3,1,1,0
620.82,3,1,1,0
620.89,3,1,1,0
620.95,3,1,1,0
621.02,3,1,1,0
621.09,3,1,1,0
621.15,3,1,1,0
621.22,3,1,1,0
621.29,3,1,1,0
621.35,3,1,1,0
621.42,3,1,1,0
621.49,3,1,1,0
621.55,3,1,1,0
621.62,3,1,1,0
621.68,3,1,1,0
621.75,3,1,1,0
621.82,3,1,1,0
621.88,3,1,1,0
621.95,3,1,1,0
622.02,3,1,1,0
622.09,3,1,1,0
622.15,3,1,1,0
622.22,3,1,1,0
622.29,3,1,1,0
622.35,3,1,1,0
622.42,3,1,1,0
622.48,3,1,1,0
622.55,3,1,1,0
622.62,3,1,1,0
622.68,3,1,1,0
622.75,3,1,1,0
622.82,3,1,1,0
622.88,3,1,1,0
622.95,3,1,1,0
623.02,3,1,1,0
623.08,3,1,1,0
623.15,3,1,1,0
623.22,3,1,1,0
623.28,3,1,1,0
623.35,3,1,1,0
623.42,3,1,1,0
623.48,3,1,1,0
623.55,3,1,1,0
623.62,3,1,1,0
623.68,3,1,1,0
623.75,3,1,1,0
623.82,3,1,1,0
623.89,3,1,1,0
623.95,3,1,1,0
624.02,3,1,1,0
624.09,3,1,1,0
624.15,3,1,1,0
624.22,3,1,1,0
624.29,3,1,1,0
624.35,3,1,1,0
624.42,3,1,1,0
624.49,3,1,1,0
624.56,3,1,1,0
624.62,3,1,1,0
624.69,3,1,1,0
624.76,3,1,1,0
624.82,3,1,1,0
624.89,3,1,1,0
624.96,3,1,1,0
625.02,3,1,1,0
625.09,3,1,1,0
625.16,3,1,1,0
625.23,3,1,1,0
625.29,3,1,1,0
625.36,3,1,1,0
625.43,3,1,1,0
625.49,3,1,1,0
625.56,3,1,1,0
625.63,3,1,1,0
625.7,3,1,1,0
625.76,3,1,1,0
625.83,3,1,1,0
625.9,3,1,1,0
625.96,3,1,1,0
626.03,3,1,1,0
626.1,3,1,1,0
626.17,3,1,1,0
626.23,3,1,1,0
626.3,3,1,1,0
626.37,3,1,1,0
626.43,3,1,1,0
626.5,3,1,1,0
626.57,3,1,1,0
626.64,3,1,1,0
626.71,3,1,1,0
626.77,3,1,1,0
626.84,3,1,1,0
626.91,3,1,1,0
626.97,3,1,1,0
627.04,3,1,1,0
627.11,3,1,1,0
627.17,3,1,1,0
627.24,3,1,1,0
627.31,3,1,1,0
627.37,3,1,1,0
627.44,3,1,1,0
627.51,3,1,1,0
627.57,3,1,1,0
627.64,3,1,1,0
627.7,3,1,1,0
627.77,3,1,1,0
627.84,3,1,1,0
627.9,3,1,1,0
627.97,3,1,1,0
628.04,3,1,1,0
628.1,3,1,1,0
628.17,3,1,1,0
628.24,3,1,1,0
628.3,3,1,1,0
628.37,3,1,1,0
628.44,3,1,1,0
628.5,3,1,1,0
628.57,3,1,1,0
628.63,3,1,1,0
628.7,3,1,1,0
628.77,3,1,1,0
628.84,3,1,1,0
628.9,3,1,1,0
628.97,3,1,1,0
629.04,3,1,1,0
629.1,3,1,1,0
629.17,3,1,1,0
629.24,3,1,1,0
629.3,3,1,1,0
629.37,3,1,1,0
629.44,3,1,1,0
629.5,3,1,1,0
629.57,3,1,1,0
629.64,3,1,1,0
629.7,3,1,1,0
629.77,3,1,1,0
629.84,3,1,1,0
629.9,3,1,1,0
629.97,3,1,1,0
630.04,3,1,1,0
630.1,3,1,1,0
630.17,3,1,1,0
630.24,3,1,1,0
630.3,3,1,1,0
630.37,3,1,1,0
630.44,3,1,1,0
630.5,3,1,1,0
630.57,3,1,1,0
630.64,3,1,1,0
630.71,3,1,1,0
630.77,3,1,1,0
630.84,3,1,1,0
630.91,3,1,1,0
630.97,3,1,1,0
631.04,3,1,1,0
631.11,3,1,1,0
631.17,3,1,1,0
631.24,3,1,1,0
631.31,3,1,1,0
631.37,3,1,1,0
631.44,3,1,1,0
631.51,3,1,1,0
631.58,3,1,1,0
631.64,3,1,1,0
631.71,3,1,1,0
631.78,3,1,1,0
631.84,3,1,1,0
631.91,3,1,1,0
631.98,3,1,1,0
632.05,3,1,1,0
632.11,3,1,1,0
632.18,3,1,1,0
632.25,3,1,1,0
632.31,3,1,1,0
632.38,3,1,1,0
632.45,3,1,1,0
632.51,3,1,1,0
632.58,3,1,1,0
632.65,3,1,1,0
632.72,3,1,1,0
632.78,3,1,1,0
632.85,3,1,1,0
632.92,3,1,1,0
632.99,3,1,1,0
633.05,3,1,1,0
633.13,3,1,1,0
633.19,3,1,1,0
633.26,3,1,1,0
633.33,3,1,1,0
633.39,3,1,1,0
633.46,3,1,1,0
633.53,3,1,1,0
633.59,3,1,1,0
633.66,3,1,1,0
633.73,3,1,1,0
633.79,3,1,1,0
633.86,3,1,1,0
633.93,3,1,1,0
633.99,3,1,1,0
634.06,3,1,1,0
634.13,3,1,1,0
634.19,3,1,1,0
634.26,3,1,1,0
634.32,3,1,1,0
634.39,3,1,1,0
634.46,3,1,1,0
634.52,3,1,1,0
634.59,3,1,1,0
634.66,3,1,1,0
634.72,3,1,1,0
634.79,3,1,1,0
634.86,3,1,1,0
634.92,3,1,1,0
634.99,3,1,1,0
635.05,3,1,1,0
635.12,3,1,1,0
635.19,3,1,1,0
635.25,3,1,1,0
635.32,3,1,1,0
635.39,3,1,1,0
635.45,3,1,1,0
635.52,3,1,1,0
635.59,3,1,1,0
635.65,3,1,1,0
635.72,3,1,1,0
635.79,3,1,1,0
635.85,3,1,1,0
635.92,3,1,1,0
635.99,3,1,1,0
636.05,3,1,1,0
636.12,3,1,1,0
636.19,3,1,1,0
636.25,3,1,1,0
636.32,3,1,1,0
636.39,3,1,1,0
636.45,3,1,1,0
636.52,3,1,1,0
636.59,3,1,1,0
636.65,3,1,1,0
636.72,3,1,1,0
636.79,3,1,1,0
636.85,3,1,1,0
636.92,3,1,1,0
636.99,3,1,1,0
637.05,3,1,1,0
637.12,3,1,1,0
637.19,3,1,1,0
637.25,3,1,1,0
637.32,3,1,1,0
637.39,3,1,1,0
637.46,3,1,1,0
637.52,3,1,1,0
637.59,3,1,1,0
637.66,3,1,1,0
637.72,3,1,1,0
637.79,3,1,1,0
637.86,3,1,1,0
637.92,3,1,1,0
637.99,3,1,1,0
638.06,3,1,1,0
638.12,3,1,1,0
638.19,3,1,1,0
638.26,3,1,1,0
638.32,3,1,1,0
638.39,3,1,1,0
638.46,3,1,1,0
638.53,3,1,1,0
638.59,3,1,1,0
638.66,3,1,1,0
638.73,3,1,1,0
638.79,3,1,1,0
638.86,3,1,1,0
638.93,3,1,1,0
638.99,3,1,1,0
639.06,3,1,1,0
639.13,3,1,1,0
639.2,3,1,1,0
639.26,3,1,1,0
639.33,3,1,1,0
639.4,3,1,1,0
639.47,3,1,1,0
639.53,3,1,1,0
639.6,3,1,1,0
639.67,3,1,1,0
639.74,3,1,1,0
639.81,3,1,1,0
639.87,3,1,1,0
639.94,3,1,1,0
640.01,3,1,1,0
640.07,3,1,1,0
640.14,3,1,1,0
640.21,3,1,1,0
640.27,3,1,1,0
640.34,3,1,1,0
640.41,3,1,1,0
640.47,3,1,1,0
640.54,3,1,1,0
640.61,3,1,1,0
640.67,3,1,1,0
640.74,3,1,1,0
640.8,3,1,1,0
640.87,3,1,1,0
640.94,3,1,1,0
641.0,3,1,1,0
641.07,3,1,1,0
641.15,3,1,1,0
641.21,3,1,1,0
641.28,3,1,1,0
641.35,3,1,1,0
641.41,3,1,1,0
641.48,3,1,1,0
641.54,3,1,1,0
641.61,3,1,1,0
641.68,3,1,1,0
641.74,3,1,1,0
641.81,3,1,1,0
641.88,3,1,1,0
641.94,3,1,1,0
642.01,3,1,1,0
642.07,3,1,1,0
642.14,3,1,1,0
642.21,3,1,1,0
642.27,3,1,1,0
642.34,3,1,1,0
642.41,3,1,1,0
642.47,3,1,1,0
642.54,3,1,1,0
642.61,3,1,1,0
642.67,3,1,1,0
642.74,3,1,1,0
642.8,3,1,1,0
642.87,3,1,1,0
642.94,3,1,1,0
643.0,3,1,1,0
643.07,3,1,1,0
643.14,3,1,1,0
643.2,3,1,1,0
643.27,3,1,1,0
643.34,3,1,1,0
643.4,3,1,1,0
643.47,3,1,1,0
643.54,3,1,1,0
643.6,3,1,1,0
643.67,3,1,1,0
643.74,3,1,1,0
643.8,3,1,1,0
643.87,3,1,1,0
643.94,3,1,1,0
644.0,3,1,1,0
644.07,3,1,1,0
644.14,3,1,1,0
644.21,3,1,1,0
644.27,3,1,1,0
644.34,3,1,1,0
644.41,3,1,1,0
644.47,3,1,1,0
644.54,3,1,1,0
644.61,3,1,1,0
644.67,3,1,1,0
644.74,3,1,1,0
644.81,3,1,1,0
644.87,3,1,1,0
644.94,3,1,1,0
645.01,3,1,1,0
645.08,3,1,1,0
645.14,3,1,1,0
645.21,3,1,1,0
645.28,3,1,1,0
645.34,3,1,1,0
645.41,3,1,1,0
645.48,3,1,1,0
645.54,3,1,1,0
645.61,3,1,1,0
645.68,3,1,1,0
645.74,3,1,1,0
645.81,3,1,1,0
645.88,3,1,1,0
645.94,3,1,1,0
646.01,3,1,1,0
646.08,3,1,1,0
646.15,3,1,1,0
646.21,3,1,1,0
646.28,3,1,1,0
646.35,3,1,1,0
646.41,3,1,1,0
646.48,3,1,1,0
646.55,3,1,1,0
646.61,3,1,1,0
646.68,3,1,1,0
646.75,3,1,1,0
646.82,3,1,1,0
646.88,3,1,1,0
646.95,3,1,1,0
647.02,3,1,1,0
647.09,3,1,1,0
647.15,3,1,1,0
647.22,3,1,1,0
647.29,3,1,1,0
647.35,3,1,1,0
647.42,3,1,1,0
647.49,3,1,1,0
647.55,3,1,1,0
647.62,3,1,1,0
647.69,3,1,1,0
647.76,3,1,1,0
647.83,3,1,1,0
647.89,3,1,1,0
647.96,3,1,1,0
648.03,3,1,1,0
648.09,3,1,1,0
648.16,3,1,1,0
648.23,3,1,1,0
648.29,3,1,1,0
648.36,3,1,1,0
648.42,3,1,1,0
648.49,3,1,1,0
648.56,3,1,1,0
648.62,3,1,1,0
648.69,3,1,1,0
648.75,3,1,1,0
648.82,3,1,1,0
648.89,3,1,1,0
648.95,3,1,1,0
649.02,3,1,1,0
649.09,3,1,1,0
649.15,3,1,1,0
649.22,3,1,1,0
649.29,3,1,1,0
649.35,3,1,1,0
649.42,3,1,1,0
649.49,3,1,1,0
649.55,3,1,1,0
649.62,3,1,1,0
649.68,3,1,1,0
649.75,3,1,1,0
649.82,3,1,1,0
649.88,3,1,1,0
649.95,3,1,1,0
650.02,3,1,1,0
650.08,3,1,1,0
650.15,3,1,1,0
650.22,3,1,1,0
650.28,3,1,1,0
650.35,3,1,1,0
650.42,3,1,1,0
650.48,3,1,1,0
650.55,3,1,1,0
650.62,3,1,1,0
650.68,3,1,1,0
650.75,3,1,1,0
650.82,3,1,1,0
650.88,3,1,1,0
650.95,3,1,1,0
651.02,3,1,1,0
651.08,3,1,1,0
651.15,3,1,1,0
651.22,3,1,1,0
651.28,3,1,1,0
651.35,4,1,1,0
651.42,3,1,1,0
651.48,3,1,1,0
651.84,4,1,1,0
651.91,3,1,1,0
652.0,4,1,1,0
652.06,3,1,1,0
652.13,3,1,1,0
652.2,4,1,1,0
652.27,3,1,1,0
652.33,3,1,1,0
652.4,4,1,1,0
652.47,3,1,1,0
652.53,3,1,1,0
652.6,4,1,1,0
652.67,3,1,1,0
652.73,3,1,1,0
652.8,4,1,1,0
652.87,3,1,1,0
652.94,3,1,1,0
653.01,4,1,1,0
653.08,3,1,1,0
653.14,3,1,1,0
653.21,4,1,1,0
653.28,3,1,1,0
653.34,3,1,1,0
653.41,4,1,1,0
653.48,3,1,1,0
653.54,3,1,1,0
653.61,4,1,1,0
653.68,3,1,1,0
653.74,3,1,1,0
653.81,4,1,1,0
653.88,3,1,1,0
653.95,3,1,1,0
654.02,4,1,1,0
654.1,3,1,1,0
654.17,4,1,1,0
654.25,4,1,1,0
654.32,3,1,1,0
654.4,4,1,1,0
654.47,4,1,1,0
654.54,3,1,1,0
654.6,4,1,1,0
654.67,4,1,1,0
654.74,3,1,1,0
654.81,4,1,1,0
654.88,3,1,1,0
654.95,3,1,1,0
655.01,4,1,1,0
655.08,3,1,1,0
655.15,3,1,1,0
655.22,4,1,1,0
655.29,3,1,1,0
655.35,3,1,1,0
655.42,4,1,1,0
655.49,3,1,1,0
655.56,3,1,1,0
655.63,4,1,1,0
655.69,3,1,1,0
655.76,3,1,1,0
655.82,4,1,1,0
655.89,3,1,1,0
655.96,3,1,1,0
656.02,4,1,1,0
656.09,3,1,1,0
656.16,3,1,1,0
656.23,4,1,1,0
656.29,3,1,1,0
656.36,3,1,1,0
656.43,4,1,1,0
656.5,3,1,1,0
656.57,3,1,1,0
656.64,4,1,1,0
656.71,3,1,1,0
656.78,3,1,1,0
656.84,4,1,1,0
656.91,3,1,1,0
656.98,3,1,1,0
657.05,4,1,1,0
657.12,3,1,1,0
657.19,3,1,1,0
657.26,4,1,1,0
657.32,3,1,1,0
657.39,3,1,1,0
657.45,4,1,1,0
657.52,3,1,1,0
657.59,3,1,1,0
657.65,4,1,1,0
657.72,3,1,1,0
657.79,3,1,1,0
657.86,4,1,1,0
657.92,3,1,1,0
657.99,3,1,1,0
658.07,4,1,1,0
658.13,3,1,1,0
658.2,3,1,1,0
658.27,4,1,1,0
658.33,3,1,1,0
658.4,3,1,1,0
658.47,4,1,1,0
658.53,3,1,1,0
658.6,3,1,1,0
658.67,4,1,1,0
658.73,3,1,1,0
658.81,3,1,1,0
658.88,4,1,1,0
658.94,3,1,1,0
659.02,3,1,1,0
659.09,4,1,1,0
659.16,3,1,1,0
659.22,3,1,1,0
659.29,4,1,1,0
659.35,3,1,1,0
659.42,3,1,1,0
659.49,4,1,1,0
659.56,3,1,1,0
659.62,3,1,1,0
659.69,4,1,1,0
659.76,3,1,1,0
659.83,3,1,1,0
659.89,4,1,1,0
659.96,3,1,1,0
660.03,3,1,1,0
660.1,4,1,1,0
660.17,3,1,1,0
660.24,3,1,1,0
660.3,4,1,1,0
660.37,3,1,1,0
660.44,3,1,1,0
660.51,4,1,1,0
660.57,3,1,1,0
660.64,3,1,1,0
660.71,4,1,1,0
660.78,3,1,1,0
660.85,3,1,1,0
660.92,4,1,1,0
660.99,3,1,1,0
661.06,4,1,1,0
661.12,4,1,1,0
661.19,3,1,1,0
661.26,4,1,1,0
661.33,4,1,1,0
661.4,3,1,1,0
661.46,4,1,1,0
661.53,4,1,1,0
661.6,3,1,1,0
661.66,4,1,1,0
661.73,4,1,1,0
661.8,3,1,1,0
661.86,4,1,1,0
661.93,4,1,1,0
662.0,3,1,1,0
662.07,4,1,1,0
662.14,4,1,1,0
662.2,3,1,1,0
662.27,4,1,1,0
662.34,4,1,1,0
662.4,3,1,1,0
662.47,4,1,1,0
662.54,4,1,1,0
662.6,3,1,1,0
662.67,4,1,1,0
662.74,4,1,1,0
662.8,3,1,1,0
662.87,4,1,1,0
662.94,4,1,1,0
663.01,3,1,1,0
663.08,4,1,1,0
663.15,4,1,1,0
663.22,3,1,1,0
663.28,4,1,1,0
663.35,4,1,1,0
663.42,3,1,1,0
663.48,4,1,1,0
663.55,4,1,1,0
663.61,3,1,1,0
663.68,4,1,1,0
663.75,4,1,1,0
663.82,3,1,1,0
663.88,3,1,1,0
663.95,4,1,1,0
664.02,3,1,1,0
664.09,3,1,1,0
664.16,4,1,1,0
664.23,3,1,1,0
664.3,4,1,1,0
664.36,4,1,1,0
664.43,3,1,1,0
664.5,3,1,1,0
664.56,4,1,1,0
664.63,3,1,1,0
664.7,3,1,1,0
664.76,4,1,1,0
664.83,3,1,1,0
664.9,3,1,1,0
664.97,4,1,1,0
665.04,3,1,1,0
665.11,4,1,1,0
665.18,4,1,1,0
665.25,3,1,1,0
665.32,4,1,1,0
665.39,4,1,1,0
665.46,3,1,1,0
665.52,4,1,1,0
665.59,4,1,1,0
665.66,3,1,1,0
665.73,4,1,1,0
665.8,4,1,1,0
665.86,3,1,1,0
665.94,4,1,1,0
666.01,4,1,1,0
666.07,3,1,1,0
666.14,4,1,1,0
666.21,4,1,1,0
666.27,3,1,1,0
666.34,4,1,1,0
666.41,4,1,1,0
666.48,3,1,1,0
666.54,4,1,1,0
666.61,4,1,1,0
666.68,3,1,1,0
666.75,4,1,1,0
666.82,4,1,1,0
666.89,3,1,1,0
666.96,4,1,1,0
667.02,4,1,1,0
667.09,3,1,1,0
667.16,4,1,1,0
667.22,4,1,1,0
667.29,3,1,1,0
667.36,4,1,1,0
667.42,4,1,1,0
667.49,3,1,1,0
667.56,4,1,1,0
667.63,4,1,1,0
667.7,3,1,1,0
667.77,4,1,1,0
667.84,4,1,1,0
667.9,3,1,1,0
667.98,4,1,1,0
668.05,4,1,1,0
668.12,3,1,1,0
668.18,4,1,1,0
668.25,4,1,1,0
668.33,3,1,1,0
668.39,4,1,1,0
668.46,3,1,1,0
668.53,3,1,1,0
668.6,4,1,1,0
668.66,4,1,1,0
668.73,3,1,1,0
668.8,4,1,1,0
668.87,4,1,1,0
668.93,3,1,1,0
669.0,4,1,1,0
669.07,3,1,1,0
669.14,3,1,1,0
669.21,4,1,1,0
669.27,3,1,1,0
669.34,3,1,1,0
669.41,4,1,1,0
669.47,3,1,1,0
669.54,3,1,1,0
669.61,4,1,1,0
669.67,4,1,1,0
669.74,3,1,1,0
669.81,4,1,1,0
669.88,4,1,1,0
669.95,3,1,1,0
670.02,4,1,1,0
670.09,4,1,1,0
670.16,3,1,1,0
670.22,4,1,1,0
670.29,4,1,1,0
670.36,3,1,1,0
670.42,4,1,1,0
670.49,4,1,1,0
670.56,3,1,1,0
670.62,4,1,1,0
670.69,4,1,1,0
670.77,3,1,1,0
670.84,4,1,1,0
670.9,3,1,1,0
670.97,3,1,1,0
671.04,4,1,1,0
671.11,3,1,1,0
671.17,3,1,1,0
671.24,4,1,1,0
671.31,3,1,1,0
671.37,3,1,1,0
671.44,4,1,1,0
671.51,3,1,1,0
671.57,3,1,1,0
671.64,4,1,1,0
671.71,4,1,1,0
671.78,3,1,1,0
671.85,4,1,1,0
671.92,3,1,1,0
671.99,3,1,1,0
672.06,4,1,1,0
672.12,3,1,1,0
672.19,3,1,1,0
672.26,4,1,1,0
672.32,3,1,1,0
672.39,3,1,1,0
672.46,4,1,1,0
672.52,3,1,1,0
672.59,3,1,1,0
672.66,4,1,1,0
672.73,3,1,1,0
672.8,3,1,1,0
672.86,4,1,1,0
672.93,3,1,1,0
673.0,3,1,1,0
673.07,4,1,1,0
673.14,3,1,1,0
673.21,3,1,1,0
673.27,4,1,1,0
673.34,3,1,1,0
673.41,3,1,1,0
673.47,4,1,1,0
673.54,3,1,1,0
673.61,3,1,1,0
673.67,4,1,1,0
673.74,3,1,1,0
673.81,3,1,1,0
673.88,4,1,1,0
673.94,3,1,1,0
674.01,3,1,1,0
674.08,4,1,1,0
674.15,3,1,1,0
674.22,3,1,1,0
674.29,4,1,1,0
674.36,3,1,1,0
674.43,3,1,1,0
674.5,4,1,1,0
674.57,3,1,1,0
674.64,3,1,1,0
674.71,4,1,1,0
674.78,3,1,1,0
674.84,3,1,1,0
674.91,4,1,1,0
674.97,3,1,1,0
675.04,3,1,1,0
675.11,4,1,1,0
675.18,3,1,1,0
675.24,3,1,1,0
675.31,4,1,1,0
675.38,3,1,1,0
675.45,3,1,1,0
675.52,4,1,1,0
675.59,3,1,1,0
675.66,3,1,1,0
675.72,4,1,1,0
675.79,3,1,1,0
675.85,3,1,1,0
675.92,4,1,1,0
675.99,3,1,1,0
676.05,3,1,1,0
676.12,4,1,1,0
676.19,3,1,1,0
676.25,3,1,1,0
676.32,4,1,1,0
676.39,3,1,1,0
676.46,3,1,1,0
676.53,4,1,1,0
676.6,3,1,1,0
676.67,3,1,1,0
676.74,4,1,1,0
676.8,3,1,1,0
676.87,3,1,1,0
676.94,4,1,1,0
677.01,3,1,1,0
677.08,3,1,1,0
677.14,4,1,1,0
677.22,3,1,1,0
677.28,3,1,1,0
677.35,4,1,1,0
677.42,3,1,1,0
677.48,3,1,1,0
677.55,4,1,1,0
677.62,3,1,1,0
677.69,3,1,1,0
677.75,4,1,1,0
677.82,3,1,1,0
677.89,4,1,1,0
677.96,4,1,1,0
678.03,3,1,1,0
678.1,4,1,1,0
678.17,4,1,1,0
678.23,3,1,1,0
678.3,4,1,1,0
678.37,4,1,1,0
678.44,3,1,1,0
678.51,4,1,1,0
678.58,4,1,1,0
678.65,3,1,1,0
678.71,4,1,1,0
678.78,4,1,1,0
678.85,3,1,1,0
678.91,4,1,1,0
678.98,4,1,1,0
679.05,3,1,1,0
679.11,4,1,1,0
679.18,4,1,1,0
679.25,3,1,1,0
679.32,4,1,1,0
679.39,4,1,1,0
679.46,3,1,1,0
679.52,4,1,1,0
679.59,4,1,1,0
679.67,3,1,1,0
679.73,4,1,1,0
679.8,4,1,1,0
679.87,3,1,1,0
679.94,4,1,1,0
680.01,4,1,1,0
680.07,3,1,1,0
680.15,4,1,1,0
680.21,4,1,1,0
680.28,3,1,1,0
680.35,4,1,1,0
680.42,4,1,1,0
680.49,3,1,1,0
680.56,4,1,1,0
680.63,4,1,1,0
680.7,3,1,1,0
680.76,4,1,1,0
680.83,3,1,1,0
680.9,3,1,1,0
680.97,4,1,1,0
681.04,3,1,1,0
681.11,3,1,1,0
681.18,4,1,1,0
681.24,3,1,1,0
681.32,3,1,1,0
681.38,4,1,1,0
681.45,3,1,1,0
681.52,3,1,1,0
681.58,4,1,1,0
681.65,3,1,1,0
681.72,3,1,1,0
681.79,4,1,1,0
681.86,3,1,1,0
681.93,3,1,1,0
682.0,4,1,1,0
682.06,3,1,1,0
682.13,3,1,1,0
682.2,4,1,1,0
682.26,3,1,1,0
682.33,3,1,1,0
682.4,4,1,1,0
682.46,3,1,1,0
682.53,3,1,1,0
682.6,4,1,1,0
682.67,3,1,1,0
682.74,3,1,1,0
682.81,4,1,1,0
682.88,3,1,1,0
682.96,4,1,1,0
683.03,4,1,1,0
683.09,3,1,1,0
683.16,4,1,1,0
683.22,4,1,1,0
683.29,3,1,1,0
683.36,3,1,1,0
683.42,4,1,1,0
683.49,3,1,1,0
683.56,3,1,1,0
683.62,4,1,1,0
683.7,3,1,1,0
683.77,4,1,1,0
683.83,4,1,1,0
683.9,3,1,1,0
683.97,4,1,1,0
684.04,4,1,1,0
684.11,3,1,1,0
684.18,4,1,1,0
684.25,4,1,1,0
684.31,3,1,1,0
684.38,4,1,1,0
684.45,4,1,1,0
684.52,3,1,1,0
684.59,4,1,1,0
684.65,4,1,1,0
684.72,3,1,1,0
684.79,4,1,1,0
684.85,4,1,1,0
684.92,3,1,1,0
684.98,4,1,1,0
685.05,4,1,1,0
685.12,3,1,1,0
685.19,4,1,1,0
685.26,4,1,1,0
685.32,3,1,1,0
685.39,4,1,1,0
685.46,4,1,1,0
685.53,3,1,1,0
685.6,4,1,1,0
685.66,4,1,1,0
685.73,3,1,1,0
685.79,4,1,1,0
685.86,4,1,1,0
685.93,3,1,1,0
686.0,4,1,1,0
686.06,4,1,1,0
686.13,3,1,1,0
686.2,4,1,1,0
686.26,4,1,1,0
686.33,3,1,1,0
686.4,4,1,1,0
686.47,4,1,1,0
686.54,3,1,1,0
686.6,4,1,1,0
686.67,4,1,1,0
686.74,3,1,1,0
686.81,4,1,1,0
686.87,4,1,1,0
686.94,3,1,1,0
687.0,4,1,1,0
687.07,4,1,1,0
687.14,3,1,1,0
687.21,4,1,1,0
687.28,4,1,1,0
687.35,3,1,1,0
687.42,4,1,1,0
687.48,4,1,1,0
687.55,3,1,1,0
687.62,4,1,1,0
687.69,4,1,1,0
687.75,3,1,1,0
687.82,4,1,1,0
687.89,4,1,1,0
687.95,3,1,1,0
688.02,4,1,1,0
688.09,4,1,1,0
688.15,3,1,1,0
688.22,4,1,1,0
688.29,4,1,1,0
688.35,3,1,1,0
688.42,4,1,1,0
688.49,4,1,1,0
688.56,3,1,1,0
688.63,4,1,1,0
688.7,4,1,1,0
688.76,3,1,1,0
688.83,4,1,1,0
688.9,4,1,1,0
688.97,3,1,1,0
689.04,4,1,1,0
689.11,4,1,1,0
689.18,3,1,1,0
689.24,4,1,1,0
689.31,4,1,1,0
689.38,3,1,1,0
689.45,4,1,1,0
689.52,4,1,1,0
689.59,3,1,1,0
689.66,4,1,1,0
689.73,4,1,1,0
689.8,3,1,1,0
689.86,4,1,1,0
689.93,4,1,1,0
689.99,3,1,1,0
690.06,4,1,1,0
690.13,4,1,1,0
690.19,3,1,1,0
690.26,4,1,1,0
690.33,4,1,1,0
690.39,3,1,1,0
690.46,4,1,1,0
690.52,4,1,1,0
690.59,3,1,1,0
690.66,4,1,1,0
690.72,4,1,1,0
690.79,3,1,1,0
690.86,4,1,1,0
690.93,4,1,1,0
691.0,3,1,1,0
691.07,4,1,1,0
691.13,4,1,1,0
691.2,3,1,1,0
691.26,4,1,1,0
691.33,4,1,1,0
691.4,3,1,1,0
691.46,4,1,1,0
691.53,4,1,1,0
691.6,3,1,1,0
691.67,4,1,1,0
691.73,4,1,1,0
691.8,3,1,1,0
691.87,4,1,1,0
691.94,4,1,1,0
692.01,3,1,1,0
692.07,4,1,1,0
692.14,4,1,1,0
692.21,3,1,1,0
692.27,4,1,1,0
692.34,4,1,1,0
692.41,3,1,1,0
692.47,4,1,1,0
692.54,4,1,1,0
692.61,3,1,1,0
692.68,4,1,1,0
692.75,4,1,1,0
692.82,3,1,1,0
692.89,4,1,1,0
692.95,4,1,1,0
693.02,3,1,1,0
693.09,4,1,1,0
693.15,4,1,1,0
693.22,3,1,1,0
693.29,4,1,1,0
693.36,4,1,1,0
693.42,3,1,1,0
693.49,4,1,1,0
693.56,4,1,1,0
693.62,3,1,1,0
693.69,4,1,1,0
693.76,4,1,1,0
693.83,3,1,1,0
693.9,4,1,1,0
693.96,4,1,1,0
694.03,3,1,1,0
694.1,4,1,1,0
694.17,4,1,1,0
694.24,3,1,1,0
694.31,4,1,1,0
694.38,4,1,1,0
694.45,3,1,1,0
694.51,4,1,1,0
694.58,4,1,1,0
694.65,3,1,1,0
694.72,4,1,1,0
694.79,4,1,1,0
694.86,3,1,1,0
694.93,4,1,1,0
695.0,4,1,1,0
695.07,3,1,1,0
695.13,4,1,1,0
695.2,4,1,1,0
695.27,3,1,1,0
695.33,4,1,1,0
695.4,4,1,1,0
695.48,3,1,1,0
695.55,4,1,1,0
695.61,3,1,1,0
695.68,3,1,1,0
695.75,4,1,1,0
695.82,3,1,1,0
695.89,3,1,1,0
695.95,4,1,1,0
696.02,3,1,1,0
696.09,3,1,1,0
696.15,4,1,1,0
696.22,3,1,1,0
696.29,3,1,1,0
696.36,4,1,1,0
696.42,3,1,1,0
696.5,3,1,1,0
696.57,4,1,1,0
696.64,3,1,1,0
696.71,3,1,1,0
696.78,4,1,1,0
696.85,3,1,1,0
696.91,3,1,1,0
696.98,4,1,1,0
697.05,3,1,1,0
697.12,3,1,1,0
697.19,4,1,1,0
697.26,3,1,1,0
697.32,3,1,1,0
697.39,4,1,1,0
697.46,3,1,1,0
697.52,3,1,1,0
697.59,4,1,1,0
697.66,3,1,1,0
697.72,3,1,1,0
697.79,4,1,1,0
697.85,3,1,1,0
697.92,3,1,1,0
697.99,4,1,1,0
698.05,3,1,1,0
698.12,3,1,1,0
698.19,4,1,1,0
698.25,3,1,1,0
698.32,3,1,1,0
698.38,4,1,1,0
698.45,3,1,1,0
698.52,3,1,1,0
698.59,4,1,1,0
698.66,3,1,1,0
698.72,3,1,1,0
698.79,4,1,1,0
698.86,3,1,1,0
698.93,3,1,1,0
699.0,4,1,1,0
699.07,3,1,1,0
699.14,3,1,1,0
699.22,4,1,1,0
699.28,3,1,1,0
699.35,3,1,1,0
699.42,4,1,1,0
699.49,3,1,1,0
699.56,3,1,1,0
699.62,4,1,1,0
699.69,3,1,1,0
699.76,3,1,1,0
699.83,4,1,1,0
699.9,3,1,1,0
699.97,3,1,1,0
700.03,4,1,1,0
700.1,3,1,1,0
700.17,3,1,1,0
700.23,4,1,1,0
700.3,3,1,1,0
700.37,3,1,1,0
700.43,4,1,1,0
700.5,3,1,1,0
700.57,3,1,1,0
700.64,4,1,1,0
700.71,3,1,1,0
700.78,3,1,1,0
700.85,4,1,1,0
700.91,3,1,1,0
700.98,4,1,1,0
701.05,4,1,1,0
701.12,3,1,1,0
701.18,4,1,1,0
701.25,4,1,1,0
701.32,3,1,1,0
701.38,4,1,1,0
701.45,4,1,1,0
701.52,3,1,1,0
701.59,4,1,1,0
701.66,4,1,1,0
701.73,3,1,1,0
701.8,4,1,1,0
701.86,4,1,1,0
701.93,3,1,1,0
702.0,4,1,1,0
702.07,4,1,1,0
702.14,3,1,1,0
702.2,4,1,1,0
702.27,4,1,1,0
702.34,3,1,1,0
702.4,4,1,1,0
702.47,4,1,1,0
702.54,3,1,1,0
702.61,4,1,1,0
702.68,4,1,1,0
702.75,3,1,1,0
702.81,4,1,1,0
702.88,4,1,1,0
702.95,3,1,1,0
703.02,4,1,1,0
703.09,4,1,1,0
703.16,3,1,1,0
703.22,4,1,1,0
703.29,4,1,1,0
703.36,3,1,1,0
703.42,4,1,1,0
703.49,4,1,1,0
703.56,3,1,1,0
703.63,4,1,1,0
703.7,4,1,1,0
703.77,3,1,1,0
703.84,4,1,1,0
703.9,4,1,1,0
703.97,3,1,1,0
704.04,4,1,1,0
704.11,4,1,1,0
704.18,3,1,1,0
704.25,4,1,1,0
704.31,4,1,1,0
704.38,3,1,1,0
704.44,4,1,1,0
704.51,4,1,1,0
704.58,3,1,1,0
704.64,4,1,1,0
704.71,4,1,1,0
704.77,3,1,1,0
704.84,4,1,1,0
704.91,4,1,1,0
704.98,3,1,1,0
705.05,4,1,1,0
705.12,4,1,1,0
705.19,3,1,1,0
705.25,4,1,1,0
705.32,4,1,1,0
705.39,3,1,1,0
705.45,4,1,1,0
705.52,4,1,1,0
705.59,3,1,1,0
705.65,4,1,1,0
705.72,4,1,1,0
705.78,3,1,1,0
705.85,4,1,1,0
705.92,4,1,1,0
705.99,3,1,1,0
706.06,4,1,1,0
706.13,4,1,1,0
706.19,3,1,1,0
706.26,4,1,1,0
706.33,4,1,1,0
706.4,3,1,1,0
706.46,4,1,1,0
706.53,4,1,1,0
706.6,3,1,1,0
706.66,4,1,1,0
706.73,4,1,1,0
706.8,3,1,1,0
706.86,4,1,1,0
706.93,4,1,1,0
707.0,3,1,1,0
707.07,4,1,1,0
707.14,4,1,1,0
707.21,3,1,1,0
707.28,4,1,1,0
707.35,4,1,1,0
707.41,3,1,1,0
707.48,4,1,1,0
707.55,4,1,1,0
707.62,3,1,1,0
707.68,4,1,1,0
707.75,4,1,1,0
707.82,3,1,1,0
707.88,4,1,1,0
707.95,4,1,1,0
708.02,3,1,1,0
708.09,4,1,1,0
708.16,4,1,1,0
708.23,3,1,1,0
708.3,4,1,1,0
708.36,4,1,1,0
708.43,3,1,1,0
708.5,4,1,1,0
708.57,4,1,1,0
708.63,3,1,1,0
708.7,4,1,1,0
708.77,4,1,1,0
708.84,3,1,1,0
708.9,4,1,1,0
708.97,3,1,1,0
709.04,3,1,1,0
709.11,4,1,1,0
709.18,3,1,1,0
709.25,3,1,1,0
709.32,4,1,1,0
709.39,3,1,1,0
709.46,3,1,1,0
709.52,4,1,1,0
709.59,3,1,1,0
709.66,3,1,1,0
709.73,4,1,1,0
709.8,3,1,1,0
709.87,3,1,1,0
709.93,4,1,1,0
710.01,3,1,1,0
710.08,3,1,1,0
710.15,4,1,1,0
710.21,3,1,1,0
710.28,3,1,1,0
710.35,4,1,1,0
710.42,3,1,1,0
710.48,3,1,1,0
710.55,4,1,1,0
710.62,3,1,1,0
710.68,3,1,1,0
710.75,4,1,1,0
710.82,3,1,1,0
710.88,3,1,1,0
710.95,4,1,1,0
711.02,3,1,1,0
711.09,3,1,1,0
711.16,4,1,1,0
711.23,3,1,1,0
711.3,3,1,1,0
711.37,4,1,1,0
711.43,3,1,1,0
711.5,3,1,1,0
711.57,4,1,1,0
711.63,3,1,1,0
711.7,3,1,1,0
711.76,4,1,1,0
711.83,3,1,1,0
711.9,3,1,1,0
711.97,4,1,1,0
712.04,3,1,1,0
712.1,3,1,1,0
712.17,4,1,1,0
712.24,3,1,1,0
712.31,3,1,1,0
712.38,4,1,1,0
712.44,3,1,1,0
712.51,3,1,1,0
712.58,4,1,1,0
712.64,3,1,1,0
712.71,3,1,1,0
712.78,4,1,1,0
712.85,3,1,1,0
712.92,3,1,1,0
712.98,4,1,1,0
713.05,3,1,1,0
713.12,3,1,1,0
713.19,4,1,1,0
713.25,3,1,1,0
713.32,3,1,1,0
713.39,4,1,1,0
713.46,3,1,1,0
713.52,3,1,1,0
713.59,4,1,1,0
713.66,3,1,1,0
713.72,3,1,1,0
713.79,4,1,1,0
713.86,3,1,1,0
713.93,3,1,1,0
714.0,4,1,1,0
714.07,3,1,1,0
714.14,3,1,1,0
714.21,4,1,1,0
714.28,3,1,1,0
714.35,3,1,1,0
714.42,4,1,1,0
714.48,3,1,1,0
714.55,3,1,1,0
714.62,4,1,1,0
714.69,3,1,1,0
714.76,4,1,1,0
714.83,4,1,1,0
714.89,3,1,1,0
714.96,4,1,1,0
715.03,4,1,1,0
715.09,3,1,1,0
715.16,3,1,1,0
715.23,4,1,1,0
715.3,3,1,1,0
715.36,3,1,1,0
715.43,4,1,1,0
715.5,3,1,1,0
715.57,3,1,1,0
715.64,4,1,1,0
715.71,3,1,1,0
715.78,4,1,1,0
715.84,4,1,1,0
715.91,3,1,1,0
715.98,4,1,1,0
716.05,4,1,1,0
716.12,3,1,1,0
716.18,4,1,1,0
716.25,4,1,1,0
716.32,3,1,1,0
716.39,4,1,1,0
716.46,4,1,1,0
716.53,3,1,1,0
716.61,4,1,1,0
716.68,4,1,1,0
716.74,3,1,1,0
716.81,4,1,1,0
716.88,4,1,1,0
716.94,3,1,1,0
717.01,4,1,1,0
717.07,4,1,1,0
717.14,3,1,1,0
717.21,4,1,1,0
717.27,4,1,1,0
717.34,3,1,1,0
717.41,4,1,1,0
717.48,4,1,1,0
717.54,3,1,1,0
717.61,4,1,1,0
717.68,4,1,1,0
717.75,3,1,1,0
717.81,4,1,1,0
717.88,4,1,1,0
717.95,3,1,1,0
718.02,4,1,1,0
718.09,4,1,1,0
718.16,3,1,1,0
718.23,4,1,1,0
718.3,4,1,1,0
718.36,3,1,1,0
718.43,4,1,1,0
718.5,3,1,1,0
718.57,3,1,1,0
718.64,4,1,1,0
718.7,3,1,1,0
718.77,3,1,1,0
718.84,4,1,1,0
718.9,3,1,1,0
718.97,3,1,1,0
719.04,4,1,1,0
719.11,3,1,1,0
719.18,3,1,1,0
719.24,4,1,1,0
719.31,3,1,1,0
719.38,3,1,1,0
719.44,4,1,1,0
719.51,3,1,1,0
719.58,3,1,1,0
719.65,4,1,1,0
719.71,4,1,1,0
719.78,3,1,1,0
719.85,4,1,1,0
719.92,4,1,1,0
719.98,3,1,1,0
720.05,4,1,1,0
720.12,4,1,1,0
720.18,3,1,1,0
720.25,4,1,1,0
720.32,4,1,1,0
720.39,3,1,1,0
720.46,4,1,1,0
720.53,4,1,1,0
720.59,3,1,1,0
720.66,4,1,1,0
720.73,4,1,1,0
720.8,3,1,1,0
720.86,4,1,1,0
720.93,4,1,1,0
720.99,3,1,1,0
721.06,4,1,1,0
721.13,4,1,1,0
721.2,3,1,1,0
721.26,4,1,1,0
721.33,4,1,1,0
721.4,3,1,1,0
721.47,4,1,1,0
721.54,4,1,1,0
721.61,3,1,1,0
721.67,4,1,1,0
721.74,4,1,1,0
721.81,3,1,1,0
721.87,4,1,1,0
721.94,4,1,1,0
722.01,3,1,1,0
722.07,4,1,1,0
722.14,4,1,1,0
722.21,3,1,1,0
722.28,4,1,1,0
722.34,4,1,1,0
722.41,3,1,1,0
722.48,4,1,1,0
722.55,4,1,1,0
722.62,3,1,1,0
722.69,4,1,1,0
722.76,4,1,1,0
722.82,3,1,1,0
722.89,4,1,1,0
722.95,4,1,1,0
723.02,3,1,1,0
723.09,4,1,1,0
723.16,4,1,1,0
723.23,3,1,1,0
723.3,4,1,1,0
723.37,3,1,1,0
723.44,3,1,1,0
723.5,4,1,1,0
723.57,3,1,1,0
723.64,3,1,1,0
723.71,4,1,1,0
723.78,3,1,1,0
723.84,3,1,1,0
723.91,4,1,1,0
723.97,4,1,1,0
724.04,3,1,1,0
724.11,4,1,1,0
724.17,4,1,1,0
724.24,3,1,1,0
724.31,4,1,1,0
724.38,4,1,1,0
724.45,3,1,1,0
724.51,4,1,1,0
724.58,4,1,1,0
724.66,3,1,1,0
724.72,4,1,1,0
724.79,4,1,1,0
724.86,3,1,1,0
724.92,4,1,1,0
724.99,4,1,1,0
725.06,3,1,1,0
725.12,4,1,1,0
725.19,4,1,1,0
725.26,3,1,1,0
725.32,4,1,1,0
725.39,4,1,1,0
725.46,3,1,1,0
725.53,4,1,1,0
725.6,4,1,1,0
725.67,3,1,1,0
725.73,4,1,1,0
725.8,4,1,1,0
725.87,3,1,1,0
725.93,4,1,1,0
726.0,4,1,1,0
726.06,3,1,1,0
726.13,4,1,1,0
726.2,4,1,1,0
726.27,3,1,1,0
726.34,4,1,1,0
726.41,4,1,1,0
726.47,3,1,1,0
726.54,4,1,1,0
726.61,4,1,1,0
726.68,3,1,1,0
726.75,4,1,1,0
726.81,4,1,1,0
726.88,3,1,1,0
726.95,4,1,1,0
727.01,4,1,1,0
727.08,3,1,1,0
727.14,4,1,1,0
727.21,4,1,1,0
727.28,3,1,1,0
727.35,4,1,1,0
727.42,4,1,1,0
727.49,3,1,1,0
727.56,4,1,1,0
727.62,4,1,1,0
727.7,3,1,1,0
727.77,4,1,1,0
727.83,4,1,1,0
727.9,3,1,1,0
727.97,4,1,1,0
728.04,3,1,1,0
728.11,3,1,1,0
728.17,4,1,1,0
728.24,4,1,1,0
728.31,3,1,1,0
728.37,4,1,1,0
728.44,4,1,1,0
728.51,3,1,1,0
728.58,4,1,1,0
728.64,4,1,1,0
728.72,3,1,1,0
728.79,4,1,1,0
728.86,4,1,1,0
728.92,3,1,1,0
728.99,4,1,1,0
729.06,3,1,1,0
729.13,3,1,1,0
729.2,4,1,1,0
729.27,3,1,1,0
729.33,3,1,1,0
729.4,4,1,1,0
729.47,3,1,1,0
729.53,3,1,1,0
729.6,4,1,1,0
729.67,3,1,1,0
729.74,3,1,1,0
729.81,4,1,1,0
729.88,3,1,1,0
729.95,3,1,1,0
730.02,4,1,1,0
730.09,3,1,1,0
730.16,3,1,1,0
730.23,4,1,1,0
730.29,3,1,1,0
730.36,3,1,1,0
730.43,4,1,1,0
730.5,3,1,1,0
730.56,3,1,1,0
730.63,4,1,1,0
730.7,3,1,1,0
730.76,3,1,1,0
730.83,4,1,1,0
730.9,3,1,1,0
730.97,3,1,1,0
731.04,4,1,1,0
731.1,3,1,1,0
731.17,3,1,1,0
731.25,4,1,1,0
731.31,3,1,1,0
731.38,3,1,1,0
731.45,4,1,1,0
731.51,3,1,1,0
731.58,3,1,1,0
731.64,4,1,1,0
731.71,3,1,1,0
731.78,3,1,1,0
731.85,4,1,1,0
731.91,3,1,1,0
731.98,3,1,1,0
732.05,4,1,1,0
732.12,3,1,1,0
732.19,3,1,1,0
732.26,4,1,1,0
732.33,3,1,1,0
732.39,3,1,1,0
732.46,4,1,1,0
732.53,3,1,1,0
732.6,3,1,1,0
732.67,4,1,1,0
732.74,3,1,1,0
732.8,3,1,1,0
732.87,4,1,1,0
732.93,3,1,1,0
733.0,3,1,1,0
733.07,4,1,1,0
733.13,3,1,1,0
733.2,3,1,1,0
733.27,4,1,1,0
733.34,3,1,1,0
733.4,3,1,1,0
733.47,4,1,1,0
733.54,3,1,1,0
733.61,3,1,1,0
733.68,4,1,1,0
733.74,3,1,1,0
733.81,3,1,1,0
733.87,4,1,1,0
733.94,3,1,1,0
734.01,3,1,1,0
734.07,4,1,1,0
734.14,3,1,1,0
734.21,3,1,1,0
734.28,4,1,1,0
734.35,3,1,1,0
734.42,3,1,1,0
734.48,4,1,1,0
734.55,3,1,1,0
734.62,3,1,1,0
734.69,4,1,1,0
734.75,3,1,1,0
734.82,3,1,1,0
734.88,4,1,1,0
734.95,3,1,1,0
735.02,3,1,1,0
735.08,4,1,1,0
735.15,3,1,1,0
735.22,3,1,1,0
735.29,4,1,1,0
735.35,3,1,1,0
735.42,3,1,1,0
735.49,4,1,1,0
735.56,3,1,1,0
735.63,3,1,1,0
735.69,4,1,1,0
735.76,3,1,1,0
735.83,3,1,1,0
735.89,4,1,1,0
735.96,3,1,1,0
736.03,3,1,1,0
736.09,4,1,1,0
736.16,3,1,1,0
736.23,3,1,1,0
736.3,4,1,1,0
736.37,3,1,1,0
736.43,3,1,1,0
736.5,4,1,1,0
736.57,3,1,1,0
736.64,3,1,1,0
736.71,4,1,1,0
736.78,3,1,1,0
736.85,3,1,1,0
736.92,4,1,1,0
736.99,3,1,1,0
737.06,3,1,1,0
737.13,4,1,1,0
737.19,3,1,1,0
737.26,3,1,1,0
737.33,4,1,1,0
737.4,3,1,1,0
737.47,3,1,1,0
737.53,4,1,1,0
737.6,3,1,1,0
737.67,3,1,1,0
737.73,4,1,1,0
737.8,3,1,1,0
737.87,3,1,1,0
737.94,4,1,1,0
738.01,3,1,1,0
738.08,4,1,1,0
738.15,4,1,1,0
738.21,3,1,1,0
738.28,4,1,1,0
738.35,4,1,1,0
738.41,3,1,1,0
738.48,4,1,1,0
738.55,4,1,1,0
738.61,3,1,1,0
738.68,4,1,1,0
738.75,4,1,1,0
738.81,3,1,1,0
738.88,3,1,1,0
738.94,4,1,1,0
739.01,3,1,1,0
739.08,3,1,1,0
739.15,4,1,1,0
739.22,3,1,1,0
739.29,3,1,1,0
739.36,4,1,1,0
739.43,3,1,1,0
739.49,4,1,1,0
739.56,4,1,1,0
739.63,3,1,1,0
739.69,4,1,1,0
739.76,4,1,1,0
739.83,3,1,1,0
739.89,3,1,1,0
739.96,4,1,1,0
740.03,3,1,1,0
740.1,3,1,1,0
740.17,4,1,1,0
740.23,3,1,1,0
740.31,4,1,1,0
740.38,4,1,1,0
740.45,3,1,1,0
740.51,4,1,1,0
740.58,4,1,1,0
740.65,3,1,1,0
740.71,4,1,1,0
740.78,4,1,1,0
740.84,3,1,1,0
740.91,3,1,1,0
740.98,4,1,1,0
741.04,3,1,1,0
741.11,3,1,1,0
741.18,4,1,1,0
741.24,3,1,1,0
741.31,3,1,1,0
741.37,4,1,1,0
741.44,3,1,1,0
741.51,3,1,1,0
741.58,4,1,1,0
741.65,3,1,1,0
741.71,3,1,1,0
741.78,4,1,1,0
741.85,3,1,1,0
741.92,3,1,1,0
741.99,4,1,1,0
742.06,3,1,1,0
742.12,3,1,1,0
742.19,4,1,1,0
742.25,3,1,1,0
742.32,3,1,1,0
742.39,4,1,1,0
742.46,3,1,1,0
742.53,3,1,1,0
742.6,4,1,1,0
742.67,3,1,1,0
742.73,3,1,1,0
742.8,4,1,1,0
742.87,3,1,1,0
742.94,3,1,1,0
743.0,4,1,1,0
743.07,3,1,1,0
743.13,3,1,1,0
743.2,4,1,1,0
743.27,3,1,1,0
743.34,3,1,1,0
743.4,4,1,1,0
743.48,3,1,1,0
743.55,3,1,1,0
743.61,4,1,1,0
743.68,3,1,1,0
743.75,4,1,1,0
743.82,4,1,1,0
743.89,3,1,1,0
743.96,4,1,1,0
744.02,4,1,1,0
744.09,3,1,1,0
744.16,4,1,1,0
744.22,4,1,1,0
744.29,3,1,1,0
744.36,4,1,1,0
744.43,4,1,1,0
744.5,3,1,1,0
744.57,4,1,1,0
744.64,4,1,1,0
744.71,3,1,1,0
744.78,4,1,1,0
744.85,4,1,1,0
744.92,3,1,1,0
744.99,4,1,1,0
745.05,4,1,1,0
745.12,3,1,1,0
745.19,4,1,1,0
745.26,4,1,1,0
745.32,3,1,1,0
745.39,4,1,1,0
745.45,4,1,1,0
745.52,3,1,1,0
745.59,4,1,1,0
745.65,4,1,1,0
745.72,3,1,1,0
745.79,4,1,1,0
745.85,4,1,1,0
745.92,3,1,1,0
745.99,4,1,1,0
746.06,4,1,1,0
746.12,3,1,1,0
746.19,4,1,1,0
746.26,4,1,1,0
746.33,3,1,1,0
746.4,4,1,1,0
746.46,4,1,1,0
746.53,3,1,1,0
746.6,4,1,1,0
746.66,4,1,1,0
746.73,3,1,1,0
746.79,4,1,1,0
746.86,4,1,1,0
746.93,3,1,1,0
746.99,4,1,1,0
747.06,4,1,1,0
747.13,3,1,1,0
747.2,4,1,1,0
747.27,4,1,1,0
747.34,3,1,1,0
747.41,4,1,1,0
747.47,4,1,1,0
747.54,3,1,1,0
747.61,4,1,1,0
747.67,4,1,1,0
747.74,3,1,1,0
747.8,4,1,1,0
747.87,4,1,1,0
747.94,3,1,1,0
748.0,4,1,1,0
748.07,4,1,1,0
748.14,3,1,1,0
748.21,4,1,1,0
748.27,4,1,1,0
748.34,3,1,1,0
748.41,4,1,1,0
748.48,4,1,1,0
748.55,3,1,1,0
748.62,4,1,1,0
748.68,4,1,1,0
748.75,3,1,1,0
748.82,4,1,1,0
748.89,4,1,1,0
748.96,3,1,1,0
749.03,4,1,1,0
749.1,4,1,1,0
749.17,3,1,1,0
749.24,4,1,1,0
749.31,4,1,1,0
749.38,3,1,1,0
749.44,4,1,1,0
749.51,4,1,1,0
749.58,3,1,1,0
749.64,4,1,1,0
749.71,4,1,1,0
749.78,3,1,1,0
749.85,4,1,1,0
749.91,4,1,1,0
749.98,3,1,1,0
750.05,4,1,1,0
750.12,4,1,1,0
750.19,3,1,1,0
750.25,4,1,1,0
750.32,4,1,1,0
750.39,3,1,1,0
750.46,4,1,1,0
750.53,4,1,1,0
750.59,3,1,1,0
750.66,4,1,1,0
750.73,4,1,1,0
750.8,3,1,1,0
750.87,4,1,1,0
750.94,4,1,1,0
751.0,3,1,1,0
751.07,4,1,1,0
751.14,4,1,1,0
751.2,3,1,1,0
751.27,4,1,1,0
751.34,4,1,1,0
751.41,3,1,1,0
751.48,4,1,1,0
751.55,3,1,1,0
751.63,3,1,1,0
751.7,4,1,1,0
751.76,3,1,1,0
751.83,3,1,1,0
751.9,4,1,1,0
751.96,3,1,1,0
752.03,3,1,1,0
752.1,4,1,1,0
752.16,3,1,1,0
752.23,3,1,1,0
752.29,4,1,1,0
752.36,3,1,1,0
752.43,3,1,1,0
752.5,4,1,1,0
752.57,3,1,1,0
752.64,3,1,1,0
752.71,4,1,1,0
752.78,3,1,1,0
752.84,3,1,1,0
752.91,4,1,1,0
752.98,3,1,1,0
753.05,3,1,1,0
753.12,4,1,1,0
753.18,3,1,1,0
753.25,3,1,1,0
753.31,4,1,1,0
753.38,3,1,1,0
753.45,3,1,1,0
753.51,4,1,1,0
753.58,3,1,1,0
753.65,3,1,1,0
753.71,4,1,1,0
753.79,3,1,1,0
753.85,3,1,1,0
753.92,4,1,1,0
753.99,3,1,1,0
754.06,3,1,1,0
754.13,4,1,1,0
754.2,3,1,1,0
754.27,3,1,1,0
754.34,4,1,1,0
754.41,3,1,1,0
754.47,3,1,1,0
754.54,4,1,1,0
754.61,3,1,1,0
754.68,3,1,1,0
754.75,4,1,1,0
754.82,3,1,1,0
754.88,3,1,1,0
754.95,4,1,1,0
755.02,3,1,1,0
755.09,3,1,1,0
755.15,4,1,1,0
755.22,3,1,1,0
755.29,3,1,1,0
755.35,4,1,1,0
755.42,3,1,1,0
755.49,3,1,1,0
755.55,4,1,1,0
755.62,3,1,1,0
755.69,3,1,1,0
755.76,4,1,1,0
755.82,3,1,1,0
755.89,3,1,1,0
755.97,4,1,1,0
756.04,3,1,1,0
756.11,4,1,1,0
756.18,4,1,1,0
756.25,3,1,1,0
756.32,4,1,1,0
756.38,4,1,1,0
756.45,3,1,1,0
756.52,4,1,1,0
756.59,4,1,1,0
756.65,3,1,1,0
756.72,4,1,1,0
756.78,4,1,1,0
756.85,3,1,1,0
756.92,4,1,1,0
756.99,4,1,1,0
757.05,3,1,1,0
757.12,4,1,1,0
757.19,4,1,1,0
757.26,3,1,1,0
757.33,4,1,1,0
757.4,4,1,1,0
757.47,3,1,1,0
757.54,4,1,1,0
757.61,4,1,1,0
757.68,3,1,1,0
757.74,4,1,1,0
757.81,4,1,1,0
757.88,3,1,1,0
757.95,4,1,1,0
758.02,4,1,1,0
758.08,3,1,1,0
758.15,4,1,1,0
758.22,4,1,1,0
758.29,3,1,1,0
758.36,4,1,1,0
758.43,4,1,1,0
758.49,3,1,1,0
758.56,4,1,1,0
758.63,4,1,1,0
758.7,3,1,1,0
758.76,4,1,1,0
758.83,4,1,1,0
758.9,3,1,1,0
758.97,4,1,1,0
759.03,4,1,1,0
759.1,3,1,1,0
759.17,4,1,1,0
759.23,4,1,1,0
759.3,3,1,1,0
759.36,4,1,1,0
759.43,4,1,1,0
759.5,3,1,1,0
759.56,4,1,1,0
759.63,4,1,1,0
759.7,3,1,1,0
759.76,4,1,1,0
759.83,4,1,1,0
759.9,3,1,1,0
759.97,4,1,1,0
760.04,4,1,1,0
760.11,3,1,1,0
760.18,4,1,1,0
760.25,4,1,1,0
760.31,3,1,1,0
760.38,4,1,1,0
760.45,4,1,1,0
760.51,3,1,1,0
760.58,4,1,1,0
760.65,4,1,1,0
760.71,3,1,1,0
760.78,4,1,1,0
760.85,4,1,1,0
760.91,3,1,1,0
760.98,4,1,1,0
761.05,4,1,1,0
761.12,3,1,1,0
761.19,4,1,1,0
761.25,4,1,1,0
761.32,3,1,1,0
761.39,4,1,1,0
761.46,4,1,1,0
761.52,3,1,1,0
761.59,4,1,1,0
761.66,4,1,1,0
761.72,3,1,1,0
761.79,4,1,1,0
761.86,4,1,1,0
761.93,3,1,1,0
762.0,4,1,1,0
762.06,4,1,1,0
762.13,3,1,1,0
762.2,4,1,1,0
762.27,4,1,1,0
762.34,3,1,1,0
762.4,4,1,1,0
762.47,4,1,1,0
762.54,3,1,1,0
762.6,4,1,1,0
762.67,4,1,1,0
762.73,3,1,1,0
762.8,4,1,1,0
762.87,4,1,1,0
762.94,3,1,1,0
763.01,4,1,1,0
763.07,4,1,1,0
763.14,3,1,1,0
763.21,3,1,1,0
763.28,4,1,1,0
763.35,3,1,1,0
763.41,4,1,1,0
763.48,4,1,1,0
763.55,3,1,1,0
763.61,3,1,1,0
763.68,4,1,1,0
763.75,3,1,1,0
763.82,3,1,1,0
763.88,4,1,1,0
763.95,3,1,1,0
764.02,4,1,1,0
764.09,4,1,1,0
764.16,3,1,1,0
764.23,4,1,1,0
764.3,4,1,1,0
764.36,3,1,1,0
764.43,4,1,1,0
764.5,4,1,1,0
764.56,3,1,1,0
764.63,4,1,1,0
764.7,4,1,1,0
764.77,3,1,1,0
764.83,4,1,1,0
764.91,4,1,1,0
764.98,3,1,1,0
765.04,4,1,1,0
765.11,4,1,1,0
765.18,3,1,1,0
765.25,4,1,1,0
765.32,4,1,1,0
765.39,3,1,1,0
765.46,4,1,1,0
765.52,4,1,1,0
765.59,3,1,1,0
765.66,4,1,1,0
765.72,4,1,1,0
765.79,3,1,1,0
765.85,4,1,1,0
765.92,4,1,1,0
765.99,3,1,1,0
766.06,4,1,1,0
766.13,4,1,1,0
766.19,3,1,1,0
766.26,4,1,1,0
766.33,4,1,1,0
766.4,3,1,1,0
766.47,4,1,1,0
766.54,4,1,1,0
766.6,3,1,1,0
766.67,4,1,1,0
766.73,4,1,1,0
766.8,3,1,1,0
766.87,4,1,1,0
766.94,4,1,1,0
767.0,3,1,1,0
767.07,4,1,1,0
767.14,4,1,1,0
767.21,3,1,1,0
767.28,4,1,1,0
767.35,4,1,1,0
767.41,3,1,1,0
767.48,4,1,1,0
767.55,4,1,1,0
767.61,3,1,1,0
767.68,4,1,1,0
767.75,4,1,1,0
767.82,3,1,1,0
767.88,4,1,1,0
767.95,4,1,1,0
768.01,3,1,1,0
768.08,4,1,1,0
768.15,4,1,1,0
768.21,3,1,1,0
768.28,4,1,1,0
768.35,4,1,1,0
768.42,3,1,1,0
768.49,4,1,1,0
768.56,4,1,1,0
768.63,3,1,1,0
768.69,4,1,1,0
768.76,4,1,1,0
768.83,3,1,1,0
768.9,4,1,1,0
768.96,4,1,1,0
769.03,3,1,1,0
769.1,4,1,1,0
769.16,4,1,1,0
769.23,3,1,1,0
769.3,4,1,1,0
769.36,4,1,1,0
769.44,3,1,1,0
769.5,4,1,1,0
769.57,4,1,1,0
769.64,3,1,1,0
769.71,4,1,1,0
769.78,4,1,1,0
769.85,3,1,1,0
769.92,4,1,1,0
769.98,4,1,1,0
770.05,3,1,1,0
770.12,4,1,1,0
770.18,4,1,1,0
770.25,3,1,1,0
770.32,4,1,1,0
770.38,4,1,1,0
770.46,3,1,1,0
770.53,4,1,1,0
770.59,4,1,1,0
770.66,3,1,1,0
770.74,4,1,1,0
770.8,4,1,1,0
770.87,3,1,1,0
770.94,4,1,1,0
771.01,4,1,1,0
771.08,3,1,1,0
771.15,4,1,1,0
771.21,4,1,1,0
771.28,3,1,1,0
771.35,4,1,1,0
771.41,4,1,1,0
771.48,3,1,1,0
771.55,4,1,1,0
771.61,4,1,1,0
771.68,3,1,1,0
771.75,4,1,1,0
771.82,4,1,1,0
771.89,3,1,1,0
771.96,4,1,1,0
772.02,4,1,1,0
772.09,3,1,1,0
772.16,4,1,1,0
772.23,4,1,1,0
772.3,3,1,1,0
772.37,4,1,1,0
772.43,4,1,1,0
772.5,3,1,1,0
772.57,4,1,1,0
772.64,3,1,1,0
772.71,3,1,1,0
772.78,4,1,1,0
772.85,3,1,1,0
772.91,3,1,1,0
772.98,4,1,1,0
773.05,3,1,1,0
773.11,3,1,1,0
773.19,4,1,1,0
773.25,3,1,1,0
773.32,3,1,1,0
773.39,4,1,1,0
773.46,3,1,1,0
773.52,3,1,1,0
773.59,4,1,1,0
773.66,3,1,1,0
773.73,3,1,1,0
773.8,4,1,1,0
773.87,3,1,1,0
773.94,3,1,1,0
774.0,4,1,1,0
774.07,3,1,1,0
774.14,3,1,1,0
774.2,4,1,1,0
774.27,3,1,1,0
774.34,3,1,1,0
774.4,4,1,1,0
774.47,3,1,1,0
774.54,3,1,1,0
774.6,4,1,1,0
774.67,3,1,1,0
774.74,3,1,1,0
774.81,4,1,1,0
774.88,3,1,1,0
774.95,3,1,1,0
775.01,4,1,1,0
775.08,3,1,1,0
775.15,3,1,1,0
775.21,4,1,1,0
775.28,3,1,1,0
775.35,3,1,1,0
775.42,4,1,1,0
775.49,3,1,1,0
775.55,3,1,1,0
775.62,4,1,1,0
775.69,3,1,1,0
775.75,3,1,1,0
775.82,4,1,1,0
775.89,3,1,1,0
775.95,3,1,1,0
776.02,4,1,1,0
776.09,3,1,1,0
776.16,3,1,1,0
776.23,4,1,1,0
776.3,3,1,1,0
776.36,3,1,1,0
776.43,4,1,1,0
776.5,3,1,1,0
776.57,3,1,1,0
776.63,4,1,1,0
776.7,3,1,1,0
776.77,3,1,1,0
776.83,4,1,1,0
776.9,3,1,1,0
776.97,3,1,1,0
777.03,4,1,1,0
777.1,3,1,1,0
777.17,3,1,1,0
777.23,4,1,1,0
777.3,3,1,1,0
777.37,3,1,1,0
777.44,4,1,1,0
777.5,4,1,1,0
777.58,3,1,1,0
777.65,4,1,1,0
777.71,3,1,1,0
777.78,3,1,1,0
777.85,4,1,1,0
777.92,3,1,1,0
777.98,3,1,1,0
778.05,4,1,1,0
778.12,3,1,1,0
778.19,3,1,1,0
778.26,4,1,1,0
778.33,3,1,1,0
778.39,3,1,1,0
778.46,4,1,1,0
778.53,3,1,1,0
778.59,3,1,1,0
778.66,4,1,1,0
778.73,3,1,1,0
778.79,3,1,1,0
778.86,4,1,1,0
778.93,4,1,1,0
779.0,3,1,1,0
779.07,4,1,1,0
779.14,3,1,1,0
779.21,3,1,1,0
779.28,4,1,1,0
779.35,3,1,1,0
779.42,3,1,1,0
779.49,4,1,1,0
779.56,3,1,1,0
779.63,3,1,1,0
779.69,4,1,1,0
779.76,3,1,1,0
779.83,3,1,1,0
779.91,4,1,1,0
779.97,3,1,1,0
780.04,3,1,1,0
780.11,4,1,1,0
780.18,3,1,1,0
780.24,3,1,1,0
780.31,4,1,1,0
780.38,3,1,1,0
780.44,3,1,1,0
780.51,4,1,1,0
780.58,3,1,1,0
780.65,3,1,1,0
780.71,4,1,1,0
780.78,3,1,1,0
780.84,3,1,1,0
780.91,4,1,1,0
780.98,3,1,1,0
781.04,3,1,1,0
781.11,4,1,1,0
781.18,3,1,1,0
781.25,3,1,1,0
781.31,4,1,1,0
781.38,3,1,1,0
781.45,3,1,1,0
781.52,4,1,1,0
781.59,3,1,1,0
781.66,3,1,1,0
781.73,4,1,1,0
781.79,3,1,1,0
781.86,3,1,1,0
781.93,4,1,1,0
782.0,3,1,1,0
782.06,3,1,1,0
782.13,4,1,1,0
782.2,3,1,1,0
782.26,3,1,1,0
782.33,4,1,1,0
782.4,3,1,1,0
782.46,3,1,1,0
782.53,4,1,1,0
782.6,3,1,1,0
782.67,3,1,1,0
782.73,4,1,1,0
782.8,3,1,1,0
782.87,3,1,1,0
782.93,4,1,1,0
783.0,3,1,1,0
783.07,3,1,1,0
783.14,4,1,1,0
783.21,3,1,1,0
783.28,3,1,1,0
783.35,4,1,1,0
783.42,3,1,1,0
783.5,3,1,1,0
783.57,4,1,1,0
783.63,3,1,1,0
783.7,3,1,1,0
783.77,4,1,1,0
783.84,3,1,1,0
783.91,3,1,1,0
783.98,4,1,1,0
784.05,3,1,1,0
784.12,4,1,1,0
784.19,4,1,1,0
784.26,3,1,1,0
784.33,4,1,1,0
784.4,4,1,1,0
784.46,3,1,1,0
784.53,4,1,1,0
784.6,4,1,1,0
784.67,3,1,1,0
784.74,4,1,1,0
784.81,4,1,1,0
784.88,3,1,1,0
784.95,4,1,1,0
785.01,4,1,1,0
785.08,3,1,1,0
785.16,4,1,1,0
785.22,4,1,1,0
785.29,3,1,1,0
785.36,4,1,1,0
785.44,3,1,1,0
785.51,3,1,1,0
785.57,4,1,1,0
785.64,3,1,1,0
785.71,3,1,1,0
785.77,4,1,1,0
785.84,3,1,1,0
785.91,3,1,1,0
785.98,4,1,1,0
786.04,3,1,1,0
786.11,3,1,1,0
786.18,4,1,1,0
786.25,3,1,1,0
786.32,3,1,1,0
786.39,4,1,1,0
786.46,3,1,1,0
786.52,3,1,1,0
786.59,4,1,1,0
786.66,3,1,1,0
786.73,3,1,1,0
786.8,4,1,1,0
786.87,3,1,1,0
786.94,3,1,1,0
787.01,4,1,1,0
787.07,3,1,1,0
787.14,3,1,1,0
787.21,4,1,1,0
787.28,3,1,1,0
787.35,3,1,1,0
787.42,4,1,1,0
787.48,3,1,1,0
787.55,3,1,1,0
787.62,4,1,1,0
787.68,3,1,1,0
787.75,3,1,1,0
787.82,4,1,1,0
787.88,3,1,1,0
787.95,3,1,1,0
788.02,4,1,1,0
788.08,3,1,1,0
788.15,3,1,1,0
788.22,4,1,1,0
788.28,3,1,1,0
788.35,3,1,1,0
788.42,4,1,1,0
788.48,3,1,1,0
788.55,3,1,1,0
788.61,4,1,1,0
788.68,3,1,1,0
788.75,3,1,1,0
788.82,4,1,1,0
788.89,3,1,1,0
788.95,3,1,1,0
789.02,4,1,1,0
789.09,3,1,1,0
789.16,3,1,1,0
789.23,4,1,1,0
789.29,3,1,1,0
789.36,3,1,1,0
789.42,4,1,1,0
789.49,3,1,1,0
789.56,3,1,1,0
789.63,4,1,1,0
789.69,3,1,1,0
789.76,3,1,1,0
789.83,4,1,1,0
789.89,3,1,1,0
789.96,3,1,1,0
790.03,4,1,1,0
790.1,3,1,1,0
790.17,3,1,1,0
790.24,4,1,1,0
790.3,3,1,1,0
790.37,3,1,1,0
790.43,4,1,1,0
790.5,3,1,1,0
790.57,3,1,1,0
790.64,4,1,1,0
790.71,3,1,1,0
790.78,3,1,1,0
790.86,4,1,1,0
790.92,3,1,1,0
790.99,3,1,1,0
791.06,4,1,1,0
791.13,3,1,1,0
791.2,3,1,1,0
791.27,4,1,1,0
791.34,3,1,1,0
791.41,3,1,1,0
791.48,4,1,1,0
791.54,3,1,1,0
791.61,3,1,1,0
791.68,4,1,1,0
791.75,3,1,1,0
791.82,3,1,1,0
791.89,4,1,1,0
791.96,3,1,1,0
792.03,4,1,1,0
792.1,4,1,1,0
792.17,3,1,1,0
792.24,4,1,1,0
792.31,4,1,1,0
792.38,3,1,1,0
792.45,4,1,1,0
792.52,4,1,1,0
792.59,3,1,1,0
792.65,4,1,1,0
792.72,4,1,1,0
792.78,3,1,1,0
792.85,4,1,1,0
792.92,4,1,1,0
792.99,3,1,1,0
793.05,4,1,1,0
793.12,4,1,1,0
793.19,3,1,1,0
793.26,4,1,1,0
793.34,4,1,1,0
793.41,3,1,1,0
793.48,4,1,1,0
793.55,4,1,1,0
793.62,3,1,1,0
793.68,4,1,1,0
793.75,4,1,1,0
793.82,3,1,1,0
793.89,4,1,1,0
793.95,4,1,1,0
794.02,3,1,1,0
794.09,4,1,1,0
794.17,4,1,1,0
794.23,3,1,1,0
794.31,4,1,1,0
794.38,3,1,1,0
794.45,3,1,1,0
794.51,4,1,1,0
794.58,3,1,1,0
794.65,3,1,1,0
794.72,4,1,1,0
794.78,3,1,1,0
794.85,3,1,1,0
794.91,4,1,1,0
794.98,3,1,1,0
795.05,3,1,1,0
795.12,4,1,1,0
795.19,3,1,1,0
795.26,3,1,1,0
795.33,4,1,1,0
795.39,3,1,1,0
795.46,3,1,1,0
795.53,4,1,1,0
795.6,3,1,1,0
795.67,3,1,1,0
795.73,4,1,1,0
795.8,3,1,1,0
795.87,3,1,1,0
795.93,4,1,1,0
796.0,3,1,1,0
796.07,3,1,1,0
796.14,4,1,1,0
796.21,3,1,1,0
796.28,3,1,1,0
796.35,4,1,1,0
796.42,3,1,1,0
796.49,3,1,1,0
796.55,4,1,1,0
796.62,3,1,1,0
796.69,3,1,1,0
796.76,4,1,1,0
796.83,3,1,1,0
796.89,3,1,1,0
796.96,4,1,1,0
797.03,3,1,1,0
797.1,3,1,1,0
797.17,4,1,1,0
797.24,3,1,1,0
797.31,3,1,1,0
797.38,4,1,1,0
797.45,3,1,1,0
797.52,3,1,1,0
797.58,4,1,1,0
797.65,3,1,1,0
797.72,3,1,1,0
797.78,4,1,1,0
797.85,3,1,1,0
797.92,3,1,1,0
797.98,4,1,1,0
798.05,3,1,1,0
798.12,3,1,1,0
798.19,4,1,1,0
798.25,3,1,1,0
798.32,3,1,1,0
798.39,4,1,1,0
798.45,3,1,1,0
798.52,3,1,1,0
798.59,4,1,1,0
798.66,3,1,1,0
798.73,3,1,1,0
798.79,4,1,1,0
798.86,3,1,1,0
798.93,4,1,1,0
799.0,4,1,1,0
799.07,3,1,1,0
799.14,4,1,1,0
799.2,4,1,1,0
799.27,3,1,1,0
799.34,4,1,1,0
799.4,4,1,1,0
799.47,3,1,1,0
799.54,3,1,1,0
799.6,4,1,1,0
799.67,3,1,1,0
799.74,3,1,1,0
799.81,4,1,1,0
799.88,3,1,1,0
799.95,4,1,1,0
800.02,4,1,1,0
800.1,3,1,1,0
800.17,4,1,1,0
800.24,4,1,1,0
800.3,3,1,1,0
800.37,4,1,1,0
800.44,4,1,1,0
800.51,3,1,1,0
800.58,4,1,1,0
800.64,4,1,1,0
800.71,3,1,1,0
800.77,4,1,1,0
800.84,4,1,1,0
800.91,3,1,1,0
800.97,4,1,1,0
801.04,4,1,1,0
801.11,3,1,1,0
801.18,4,1,1,0
801.25,4,1,1,0
801.31,3,1,1,0
801.38,4,1,1,0
801.45,4,1,1,0
801.51,3,1,1,0
801.58,4,1,1,0
801.65,4,1,1,0
801.71,3,1,1,0
801.78,4,1,1,0
801.85,4,1,1,0
801.92,3,1,1,0
801.99,4,1,1,0
802.05,4,1,1,0
802.12,3,1,1,0
802.19,4,1,1,0
802.25,4,1,1,0
802.32,3,1,1,0
802.39,4,1,1,0
802.45,4,1,1,0
802.52,3,1,1,0
802.59,4,1,1,0
802.66,4,1,1,0
802.73,3,1,1,0
802.8,4,1,1,0
802.87,4,1,1,0
802.93,3,1,1,0
803.0,4,1,1,0
803.07,4,1,1,0
803.14,3,1,1,0
803.21,4,1,1,0
803.28,4,1,1,0
803.35,3,1,1,0
803.41,4,1,1,0
803.48,4,1,1,0
803.55,3,1,1,0
803.61,4,1,1,0
803.68,4,1,1,0
803.75,3,1,1,0
803.81,4,1,1,0
803.88,4,1,1,0
803.95,3,1,1,0
804.02,4,1,1,0
804.09,4,1,1,0
804.16,3,1,1,0
804.22,4,1,1,0
804.29,4,1,1,0
804.36,3,1,1,0
804.43,4,1,1,0
804.5,4,1,1,0
804.56,3,1,1,0
804.63,4,1,1,0
804.69,4,1,1,0
804.76,3,1,1,0
804.83,4,1,1,0
804.9,4,1,1,0
804.97,3,1,1,0
805.04,4,1,1,0
805.1,4,1,1,0
805.17,3,1,1,0
805.24,4,1,1,0
805.31,4,1,1,0
805.38,3,1,1,0
805.45,4,1,1,0
805.52,3,1,1,0
805.59,3,1,1,0
805.66,4,1,1,0
805.73,3,1,1,0
805.8,3,1,1,0
805.87,4,1,1,0
805.93,3,1,1,0
806.0,3,1,1,0
806.07,4,1,1,0
806.13,3,1,1,0
806.2,3,1,1,0
806.27,4,1,1,0
806.34,3,1,1,0
806.41,3,1,1,0
806.47,4,1,1,0
806.54,3,1,1,0
806.61,3,1,1,0
806.68,4,1,1,0
806.75,3,1,1,0
806.82,3,1,1,0
806.89,4,1,1,0
806.96,3,1,1,0
807.03,3,1,1,0
807.1,4,1,1,0
807.17,3,1,1,0
807.23,3,1,1,0
807.3,4,1,1,0
807.36,3,1,1,0
807.43,3,1,1,0
807.5,4,1,1,0
807.56,3,1,1,0
807.63,3,1,1,0
807.7,4,1,1,0
807.76,3,1,1,0
807.83,3,1,1,0
807.9,4,1,1,0
807.97,3,1,1,0
808.04,3,1,1,0
808.1,4,1,1,0
808.18,3,1,1,0
808.25,3,1,1,0
808.32,4,1,1,0
808.38,3,1,1,0
808.46,4,1,1,0
808.52,4,1,1,0
808.59,3,1,1,0
808.66,4,1,1,0
808.73,4,1,1,0
808.8,3,1,1,0
808.87,4,1,1,0
808.94,4,1,1,0
809.01,3,1,1,0
809.07,4,1,1,0
809.14,4,1,1,0
809.21,3,1,1,0
809.27,4,1,1,0
809.34,4,1,1,0
809.41,3,1,1,0
809.47,4,1,1,0
809.54,4,1,1,0
809.61,3,1,1,0
809.68,4,1,1,0
809.74,4,1,1,0
809.81,3,1,1,0
809.88,4,1,1,0
809.95,4,1,1,0
810.02,3,1,1,0
810.09,4,1,1,0
810.15,4,1,1,0
810.22,3,1,1,0
810.29,4,1,1,0
810.35,4,1,1,0
810.42,3,1,1,0
810.49,4,1,1,0
810.56,4,1,1,0
810.63,3,1,1,0
810.69,4,1,1,0
810.76,4,1,1,0
810.83,3,1,1,0
810.9,4,1,1,0
810.96,4,1,1,0
811.03,3,1,1,0
811.09,4,1,1,0
811.16,4,1,1,0
811.23,3,1,1,0
811.29,4,1,1,0
811.36,4,1,1,0
811.44,3,1,1,0
811.5,4,1,1,0
811.57,4,1,1,0
811.64,3,1,1,0
811.71,4,1,1,0
811.78,4,1,1,0
811.85,3,1,1,0
811.92,4,1,1,0
811.99,4,1,1,0
812.06,3,1,1,0
812.12,4,1,1,0
812.19,4,1,1,0
812.26,3,1,1,0
812.33,4,1,1,0
812.4,4,1,1,0
812.47,3,1,1,0
812.54,4,1,1,0
812.61,3,1,1,0
812.68,3,1,1,0
812.75,4,1,1,0
812.81,3,1,1,0
812.88,3,1,1,0
812.95,4,1,1,0
813.02,3,1,1,0
813.09,3,1,1,0
813.16,4,1,1,0
813.22,3,1,1,0
813.29,3,1,1,0
813.36,4,1,1,0
813.42,3,1,1,0
813.49,3,1,1,0
813.56,4,1,1,0
813.63,3,1,1,0
813.7,3,1,1,0
813.76,4,1,1,0
813.83,3,1,1,0
813.9,3,1,1,0
813.97,4,1,1,0
814.04,3,1,1,0
814.11,3,1,1,0
814.18,4,1,1,0
814.24,3,1,1,0
814.31,3,1,1,0
814.38,4,1,1,0
814.44,3,1,1,0
814.51,3,1,1,0
814.58,4,1,1,0
814.64,3,1,1,0
814.71,3,1,1,0
814.78,4,1,1,0
814.85,3,1,1,0
814.91,3,1,1,0
814.99,4,1,1,0
815.05,3,1,1,0
815.12,3,1,1,0
815.19,4,1,1,0
815.26,3,1,1,0
815.33,3,1,1,0
815.4,4,1,1,0
815.46,3,1,1,0
815.53,3,1,1,0
815.6,4,1,1,0
815.66,3,1,1,0
815.73,3,1,1,0
815.8,4,1,1,0
815.86,3,1,1,0
815.93,3,1,1,0
816.0,4,1,1,0
816.07,3,1,1,0
816.14,3,1,1,0
816.2,4,1,1,0
816.27,3,1,1,0
816.34,3,1,1,0
816.41,4,1,1,0
816.48,3,1,1,0
816.54,3,1,1,0
816.61,4,1,1,0
816.67,3,1,1,0
816.74,3,1,1,0
816.81,4,1,1,0
816.87,3,1,1,0
816.94,3,1,1,0
817.01,4,1,1,0
817.08,3,1,1,0
817.15,3,1,1,0
817.21,4,1,1,0
817.28,3,1,1,0
817.35,3,1,1,0
817.42,4,1,1,0
817.48,3,1,1,0
817.55,3,1,1,0
817.62,4,1,1,0
817.68,3,1,1,0
817.75,3,1,1,0
817.82,4,1,1,0
817.88,3,1,1,0
817.95,3,1,1,0
818.02,4,1,1,0
818.09,3,1,1,0
818.16,3,1,1,0
818.22,4,1,1,0
818.29,3,1,1,0
818.36,3,1,1,0
818.43,4,1,1,0
818.5,3,1,1,0
818.56,3,1,1,0
818.63,4,1,1,0
818.7,3,1,1,0
818.77,3,1,1,0
818.83,4,1,1,0
818.9,3,1,1,0
818.97,3,1,1,0
819.04,4,1,1,0
819.1,3,1,1,0
819.17,3,1,1,0
819.24,4,1,1,0
819.31,3,1,1,0
819.38,3,1,1,0
819.45,4,1,1,0
819.51,3,1,1,0
819.58,3,1,1,0
819.65,4,1,1,0
819.71,3,1,1,0
819.78,3,1,1,0
819.85,4,1,1,0
819.92,3,1,1,0
819.99,3,1,1,0
820.06,4,1,1,0
820.12,3,1,1,0
820.2,3,1,1,0
820.27,4,1,1,0
820.34,3,1,1,0
820.4,3,1,1,0
820.47,4,1,1,0
820.54,3,1,1,0
820.6,3,1,1,0
820.67,4,1,1,0
820.74,3,1,1,0
820.8,3,1,1,0
820.87,4,1,1,0
820.94,3,1,1,0
821.01,3,1,1,0
821.08,4,1,1,0
821.15,3,1,1,0
821.22,4,1,1,0
821.28,4,1,1,0
821.35,3,1,1,0
821.43,4,1,1,0
821.49,4,1,1,0
821.57,3,1,1,0
821.64,4,1,1,0
821.71,4,1,1,0
821.78,3,1,1,0
821.85,4,1,1,0
821.91,4,1,1,0
821.98,3,1,1,0
822.05,4,1,1,0
822.11,4,1,1,0
822.18,3,1,1,0
822.24,4,1,1,0
822.31,4,1,1,0
822.38,3,1,1,0
822.45,4,1,1,0
822.52,4,1,1,0
822.59,3,1,1,0
822.66,4,1,1,0
822.73,4,1,1,0
822.8,3,1,1,0
822.86,4,1,1,0
822.93,4,1,1,0
822.99,3,1,1,0
823.06,4,1,1,0
823.13,4,1,1,0
823.19,3,1,1,0
823.26,4,1,1,0
823.32,4,1,1,0
823.39,3,1,1,0
823.46,4,1,1,0
823.53,4,1,1,0
823.6,3,1,1,0
823.66,4,1,1,0
823.73,4,1,1,0
823.8,3,1,1,0
823.87,4,1,1,0
823.94,4,1,1,0
824.0,3,1,1,0
824.07,4,1,1,0
824.13,4,1,1,0
824.2,3,1,1,0
824.27,4,1,1,0
824.33,4,1,1,0
824.4,3,1,1,0
824.46,4,1,1,0
824.53,4,1,1,0
824.6,3,1,1,0
824.66,4,1,1,0
824.73,4,1,1,0
824.8,3,1,1,0
824.87,4,1,1,0
824.94,4,1,1,0
825.01,3,1,1,0
825.07,4,1,1,0
825.14,4,1,1,0
825.21,3,1,1,0
825.27,4,1,1,0
825.34,4,1,1,0
825.41,3,1,1,0
825.47,4,1,1,0
825.54,4,1,1,0
825.61,3,1,1,0
825.68,4,1,1,0
825.74,4,1,1,0
825.81,3,1,1,0
825.88,4,1,1,0
825.95,4,1,1,0
826.02,3,1,1,0
826.09,4,1,1,0
826.16,4,1,1,0
826.22,3,1,1,0
826.29,4,1,1,0
826.36,4,1,1,0
826.42,3,1,1,0
826.49,4,1,1,0
826.56,4,1,1,0
826.62,3,1,1,0
826.7,4,1,1,0
826.76,4,1,1,0
826.84,3,1,1,0
826.9,4,1,1,0
826.97,4,1,1,0
827.04,3,1,1,0
827.11,4,1,1,0
827.18,4,1,1,0
827.25,3,1,1,0
827.31,4,1,1,0
827.38,4,1,1,0
827.44,3,1,1,0
827.51,4,1,1,0
827.58,4,1,1,0
827.65,3,1,1,0
827.72,4,1,1,0
827.78,4,1,1,0
827.85,3,1,1,0
827.92,4,1,1,0
827.99,4,1,1,0
828.05,3,1,1,0
828.13,4,1,1,0
828.2,4,1,1,0
828.27,3,1,1,0
828.34,4,1,1,0
828.4,4,1,1,0
828.47,3,1,1,0
828.54,4,1,1,0
828.6,4,1,1,0
828.67,3,1,1,0
828.74,4,1,1,0
828.81,4,1,1,0
828.87,3,1,1,0
828.94,4,1,1,0
829.0,4,1,1,0
829.07,3,1,1,0
829.14,4,1,1,0
829.2,4,1,1,0
829.28,3,1,1,0
829.34,4,1,1,0
829.41,4,1,1,0
829.48,3,1,1,0
829.55,4,1,1,0
829.62,4,1,1,0
829.69,3,1,1,0
829.75,4,1,1,0
829.83,3,1,1,0
829.89,3,1,1,0
829.96,4,1,1,0
830.03,5,1,1,0
830.1,5,1,1,0
830.17,3,1,1,0
830.23,4,1,1,0
830.3,4,1,1,0
830.37,5,1,1,0
830.44,3,1,1,0
830.51,3,1,1,0
830.58,4,1,1,0
830.65,5,1,1,0
830.72,5,1,1,0
830.79,3,1,1,0
830.86,4,1,1,0
830.92,4,1,1,0
830.99,5,1,1,0
831.06,3,1,1,0
831.13,3,1,1,0
831.2,4,1,1,0
831.27,5,1,1,0
831.33,5,1,1,0
831.4,3,1,1,0
831.47,4,1,1,0
831.54,4,1,1,0
831.61,5,1,1,0
831.67,3,1,1,0
831.74,3,1,1,0
831.81,4,1,1,0
831.87,5,1,1,0
831.94,5,1,1,0
832.01,3,1,1,0
832.08,4,1,1,0
832.14,4,1,1,0
832.21,5,1,1,0
832.28,3,1,1,0
832.35,3,1,1,0
832.41,4,1,1,0
832.48,5,1,1,0
832.55,5,1,1,0
832.63,3,1,1,0
832.69,4,1,1,0
832.76,4,1,1,0
832.83,5,1,1,0
832.9,3,1,1,0
832.96,3,1,1,0
833.03,4,1,1,0
833.1,5,1,1,0
833.17,5,1,1,0
833.23,3,1,1,0
833.3,4,1,1,0
833.36,4,1,1,0
833.43,5,1,1,0
833.5,3,1,1,0
833.58,4,1,1,0
833.64,4,1,1,0
833.71,5,1,1,0
833.78,3,1,1,0
833.85,3,1,1,0
833.92,4,1,1,0
833.98,5,1,1,0
834.06,5,1,1,0
834.13,3,1,1,0
834.19,4,1,1,0
834.26,4,1,1,0
834.33,5,1,1,0
834.4,3,1,1,0
834.47,3,1,1,0
834.54,4,1,1,0
834.61,5,1,1,0
834.67,5,1,1,0
834.74,3,1,1,0
834.81,4,1,1,0
834.88,4,1,1,0
834.95,5,1,1,0
835.02,3,1,1,0
835.08,3,1,1,0
835.15,4,1,1,0
835.21,5,1,1,0
835.28,5,1,1,0
835.35,3,1,1,0
835.42,4,1,1,0
835.49,4,1,1,0
835.56,5,1,1,0
835.63,3,1,1,0
835.7,4,1,1,0
835.77,4,1,1,0
835.84,5,1,1,0
835.91,3,1,1,0
835.97,3,1,1,0
836.04,4,1,1,0
836.11,5,1,1,0
836.18,5,1,1,0
836.24,3,1,1,0
836.31,4,1,1,0
836.38,4,1,1,0
836.44,5,1,1,0
836.51,3,1,1,0
836.58,3,1,1,0
836.64,4,1,1,0
836.71,5,1,1,0
836.78,5,1,1,0
836.84,3,1,1,0
836.91,4,1,1,0
836.98,4,1,1,0
837.05,5,1,1,0
837.12,3,1,1,0
837.19,3,1,1,0
837.26,4,1,1,0
837.32,5,1,1,0
837.39,5,1,1,0
837.46,3,1,1,0
837.53,4,1,1,0
837.6,4,1,1,0
837.67,5,1,1,0
837.74,3,1,1,0
837.81,3,1,1,0
837.88,4,1,1,0
837.95,5,1,1,0
838.02,5,1,1,0
838.08,3,1,1,0
838.15,4,1,1,0
838.22,4,1,1,0
838.29,5,1,1,0
838.36,3,1,1,0
838.43,3,1,1,0
838.49,4,1,1,0
838.56,5,1,1,0
838.63,5,1,1,0
838.7,3,1,1,0
838.77,4,1,1,0
838.83,4,1,1,0
838.9,5,1,1,0
838.96,3,1,1,0
839.03,3,1,1,0
839.1,4,1,1,0
839.17,5,1,1,0
839.23,5,1,1,0
839.3,3,1,1,0
839.38,4,1,1,0
839.44,4,1,1,0
839.51,5,1,1,0
839.58,3,1,1,0
839.65,3,1,1,0
839.72,4,1,1,0
839.79,5,1,1,0
839.86,3,1,1,0
839.92,3,1,1,0
839.99,4,1,1,0
840.06,5,1,1,0
840.13,5,1,1,0
840.2,3,1,1,0
840.27,4,1,1,0
840.34,4,1,1,0
840.41,5,1,1,0
840.47,3,1,1,0
840.54,3,1,1,0
840.61,4,1,1,0
840.68,5,1,1,0
840.74,5,1,1,0
840.82,3,1,1,0
840.89,4,1,1,0
840.95,4,1,1,0
841.02,5,1,1,0
841.09,3,1,1,0
841.16,3,1,1,0
841.23,4,1,1,0
841.3,5,1,1,0
841.36,5,1,1,0
841.43,3,1,1,0
841.5,4,1,1,0
841.56,4,1,1,0
841.63,5,1,1,0
841.71,3,1,1,0
841.78,3,1,1,0
841.84,4,1,1,0
841.91,5,1,1,0
841.98,5,1,1,0
842.05,3,1,1,0
842.12,4,1,1,0
842.18,4,1,1,0
842.25,5,1,1,0
842.32,3,1,1,0
842.38,3,1,1,0
842.45,4,1,1,0
842.52,5,1,1,0
842.58,5,1,1,0
842.65,3,1,1,0
842.72,4,1,1,0
842.79,4,1,1,0
842.86,5,1,1,0
842.93,3,1,1,0
842.99,3,1,1,0
843.06,4,1,1,0
843.13,5,1,1,0
843.2,5,1,1,0
843.27,3,1,1,0
843.34,4,1,1,0
843.41,5,1,1,0
843.48,5,1,1,0
843.54,3,1,1,0
843.61,4,1,1,0
843.68,4,1,1,0
843.75,5,1,1,0
843.81,3,1,1,0
843.88,3,1,1,0
843.94,4,1,1,0
844.01,5,1,1,0
844.08,5,1,1,0
844.14,3,1,1,0
844.21,3,1,1,0
844.28,4,1,1,0
844.35,5,1,1,0
844.42,5,1,1,0
844.49,3,1,1,0
844.56,4,1,1,0
844.62,4,1,1,0
844.69,5,1,1,0
844.76,3,1,1,0
844.82,3,1,1,0
844.89,4,1,1,0
844.96,5,1,1,0
845.02,5,1,1,0
845.09,3,1,1,0
845.16,4,1,1,0
845.23,4,1,1,0
845.3,5,1,1,0
845.37,3,1,1,0
845.44,4,1,1,0
845.51,4,1,1,0
845.58,5,1,1,0
845.65,3,1,1,0
845.71,3,1,1,0
845.78,4,1,1,0
845.85,5,1,1,0
845.92,5,1,1,0
845.99,3,1,1,0
846.05,4,1,1,0
846.12,4,1,1,0
846.19,5,1,1,0
846.25,3,1,1,0
846.32,3,1,1,0
846.39,4,1,1,0
846.45,5,1,1,0
846.52,5,1,1,0
846.6,3,1,1,0
846.67,4,1,1,0
846.74,4,1,1,0
846.8,5,1,1,0
846.87,3,1,1,0
846.94,3,1,1,0
847.01,4,1,1,0
847.07,5,1,1,0
847.14,5,1,1,0
847.21,3,1,1,0
847.28,4,1,1,0
847.34,4,1,1,0
847.41,5,1,1,0
847.48,3,1,1,0
847.55,3,1,1,0
847.62,7,1,1,0
847.66,7,1,1,0
847.68,7,1,1,0
847.75,7,1,1,0
847.82,7,1,1,0
847.89,7,1,1,0
