ElapsedSec,AccX,AccY,AccZ
0.0,0.0,0.0,0.0
0.0,-8.84,-0.45,4.15
0.0,-8.84,-0.45,4.15
0.0,-8.84,-0.45,4.15
0.0,-8.84,-0.45,4.15
0.0,-8.84,-0.45,4.15
0.0,-8.84,-0.45,4.15
0.0,-8.84,-0.45,4.15
0.0,-8.84,-0.45,4.15
0.0,-8.84,-0.45,4.15
0.0,-8.84,-0.45,4.15
0.0,-8.84,-0.45,4.15
0.0,-8.84,-0.45,4.15
0.0,-8.84,-0.45,4.15
0.0,-8.84,-0.45,4.15
0.0,-8.84,-0.45,4.15
0.0,-8.84,-0.45,4.15
0.0,-8.84,-0.45,4.15
0.0,-8.84,-0.45,4.15
0.05,-8.84,-0.45,4.15
0.12,-8.84,-0.45,4.15
0.19,-8.84,-0.45,4.15
0.25,-8.84,-0.45,4.15
0.32,-8.84,-0.45,4.15
0.38,-8.84,-0.45,4.15
0.45,-8.84,-0.45,4.15
0.51,-8.84,-0.45,4.15
0.58,-8.84,-0.45,4.15
0.64,-8.84,-0.45,4.15
0.71,-8.84,-0.45,4.15
0.78,-8.84,-0.45,4.15
0.84,-8.84,-0.45,4.15
0.91,-8.84,-0.45,4.15
0.97,-8.84,-0.45,4.15
1.04,-8.84,-0.45,4.15
1.1,-8.84,-0.45,4.15
1.17,-8.84,-0.45,4.15
1.23,-8.84,-0.45,4.15
1.3,-8.84,-0.45,4.15
1.37,-8.84,-0.45,4.15
1.43,-8.84,-0.45,4.15
1.5,-8.84,-0.45,4.15
1.56,-8.84,-0.45,4.15
1.63,-8.84,-0.45,4.15
1.69,-8.84,-0.45,4.15
1.76,-8.84,-0.45,4.15
1.83,-8.84,-0.45,4.15
1.89,-8.84,-0.45,4.15
1.96,-8.84,-0.45,4.15
2.02,-8.84,-0.45,4.15
2.09,-8.84,-0.45,4.15
2.16,-8.84,-0.45,4.15
2.22,-8.84,-0.45,4.15
2.29,-8.84,-0.45,4.15
2.35,-8.84,-0.45,4.15
2.42,-8.84,-0.45,4.15
2.48,-8.84,-0.45,4.15
2.55,-8.84,-0.45,4.15
2.62,-8.84,-0.45,4.15
2.68,-8.84,-0.45,4.15
2.75,-8.84,-0.45,4.15
2.81,-8.84,-0.45,4.15
2.88,-8.84,-0.45,4.15
2.94,-8.84,-0.45,4.15
3.01,-8.84,-0.45,4.15
3.08,-8.84,-0.45,4.15
3.14,-8.84,-0.45,4.15
3.21,-8.84,-0.45,4.15
3.27,-8.84,-0.45,4.15
3.34,-8.84,-0.45,4.15
3.41,-8.84,-0.45,4.15
3.47,-8.84,-0.45,4.15
3.54,-8.84,-0.45,4.15
3.61,-8.84,-0.45,4.15
3.67,-8.84,-0.45,4.15
3.74,-8.84,-0.45,4.15
3.81,-8.84,-0.45,4.15
3.87,-8.84,-0.45,4.15
3.94,-8.84,-0.45,4.15
4.01,-8.84,-0.45,4.15
4.07,-8.84,-0.45,4.15
4.16,-8.84,-0.45,4.15
4.22,-8.84,-0.45,4.15
4.29,-8.84,-0.45,4.15
4.36,-8.84,-0.45,4.15
4.43,-8.84,-0.45,4.15
4.5,-8.84,-0.45,4.15
4.56,-8.84,-0.45,4.15
4.63,-8.84,-0.45,4.15
4.69,-8.84,-0.45,4.15
4.76,-8.84,-0.45,4.15
4.83,-8.84,-0.45,4.15
4.9,-8.84,-0.45,4.15
4.97,-8.84,-0.45,4.15
5.03,-8.84,-0.45,4.15
5.1,-8.84,-0.45,4.15
5.16,-8.84,-0.45,4.15
5.23,-8.84,-0.45,4.15
5.3,-8.84,-0.45,4.15
5.36,-8.84,-0.45,4.15
5.43,-8.84,-0.45,4.15
5.5,-8.84,-0.45,4.15
5.56,-8.84,-0.45,4.15
5.63,-8.84,-0.45,4.15
5.69,-8.84,-0.45,4.15
5.76,-8.84,-0.45,4.15
5.82,-8.84,-0.45,4.15
5.89,-8.84,-0.45,4.15
5.96,-8.84,-0.45,4.15
6.02,-8.84,-0.45,4.15
6.09,-8.84,-0.45,4.15
6.15,-8.84,-0.45,4.15
6.22,-8.84,-0.45,4.15
6.29,-8.84,-0.45,4.15
6.36,-8.84,-0.45,4.15
6.42,-8.84,-0.45,4.15
6.49,-8.84,-0.45,4.15
6.56,-8.84,-0.45,4.15
6.62,-8.84,-0.45,4.15
6.69,-8.84,-0.45,4.15
6.75,-8.84,-0.45,4.15
6.82,-8.84,-0.45,4.15
6.89,-8.84,-0.45,4.15
6.95,-8.84,-0.45,4.15
7.02,-8.84,-0.45,4.15
7.08,-8.84,-0.45,4.15
7.15,-8.84,-0.45,4.15
7.22,-8.84,-0.45,4.15
7.28,-8.84,-0.45,4.15
7.35,-8.84,-0.45,4.15
7.42,-8.84,-0.45,4.15
7.48,-8.84,-0.45,4.15
7.55,-8.84,-0.45,4.15
7.62,-8.84,-0.45,4.15
7.68,-8.84,-0.45,4.15
7.75,-8.84,-0.45,4.15
7.81,-8.84,-0.45,4.15
7.88,-8.84,-0.45,4.15
7.95,-8.84,-0.45,4.15
8.01,-8.84,-0.45,4.15
8.08,-8.84,-0.45,4.15
8.15,-8.84,-0.45,4.15
8.21,-8.84,-0.45,4.15
8.28,-8.84,-0.45,4.15
8.34,-8.84,-0.45,4.15
8.41,-8.84,-0.45,4.15
8.48,-8.84,-0.45,4.15
8.55,-8.84,-0.45,4.15
8.61,-8.84,-0.45,4.15
8.68,-8.84,-0.45,4.15
8.75,-8.84,-0.45,4.15
8.81,-8.84,-0.45,4.15
8.88,-8.84,-0.45,4.15
8.95,-8.84,-0.45,4.15
9.01,-8.84,-0.45,4.15
9.08,-8.84,-0.45,4.15
9.15,-8.84,-0.45,4.15
9.21,-8.84,-0.45,4.15
9.28,-8.84,-0.45,4.15
9.35,-8.84,-0.45,4.15
9.42,-8.84,-0.45,4.15
9.48,-8.84,-0.45,4.15
9.55,-8.84,-0.45,4.15
9.62,-8.84,-0.45,4.15
9.68,-8.84,-0.45,4.15
9.75,-8.84,-0.45,4.15
9.82,-8.84,-0.45,4.15
9.88,-8.84,-0.45,4.15
9.95,-8.84,-0.45,4.15
10.02,-8.84,-0.45,4.15
10.08,-8.84,-0.45,4.15
10.15,-8.84,-0.45,4.15
10.22,-8.84,-0.45,4.15
10.28,-8.84,-0.45,4.15
10.35,-8.84,-0.45,4.15
10.42,-8.84,-0.45,4.15
10.48,-8.84,-0.45,4.15
10.55,-8.84,-0.45,4.15
10.62,-8.84,-0.45,4.15
10.68,-8.84,-0.45,4.15
10.75,-8.84,-0.45,4.15
10.82,-8.84,-0.45,4.15
10.89,-8.84,-0.45,4.15
10.96,-8.84,-0.45,4.15
11.02,-8.84,-0.45,4.15
11.09,-8.84,-0.45,4.15
11.16,-8.84,-0.45,4.15
11.22,-8.84,-0.45,4.15
11.29,-8.84,-0.45,4.15
11.35,-8.84,-0.45,4.15
11.42,-8.84,-0.45,4.15
11.49,-8.84,-0.45,4.15
11.55,-8.84,-0.45,4.15
11.62,-8.84,-0.45,4.15
11.68,-8.84,-0.45,4.15
11.75,-8.84,-0.45,4.15
11.82,-8.84,-0.45,4.15
11.88,-8.84,-0.45,4.15
11.95,-8.84,-0.45,4.15
12.02,-8.84,-0.45,4.15
12.08,-8.84,-0.45,4.15
12.15,-8.84,-0.45,4.15
12.21,-8.84,-0.45,4.15
12.28,-8.84,-0.45,4.15
12.35,-8.84,-0.45,4.15
12.41,-8.84,-0.45,4.15
12.48,-8.84,-0.45,4.15
12.54,-8.84,-0.45,4.15
12.61,-8.84,-0.45,4.15
12.67,-8.84,-0.45,4.15
12.74,-8.84,-0.45,4.15
12.81,-8.84,-0.45,4.15
12.87,-8.84,-0.45,4.15
12.94,-8.84,-0.45,4.15
13.01,-8.84,-0.45,4.15
13.1,-8.84,-0.45,4.15
13.16,-8.84,-0.45,4.15
13.23,-8.84,-0.45,4.15
13.3,-8.84,-0.45,4.15
13.36,-8.84,-0.45,4.15
13.43,-8.84,-0.45,4.15
13.5,-8.84,-0.45,4.15
13.56,-8.84,-0.45,4.15
13.63,-8.84,-0.45,4.15
13.69,-8.84,-0.45,4.15
13.76,-8.84,-0.45,4.15
13.83,-8.84,-0.45,4.15
13.89,-8.84,-0.45,4.15
13.96,-8.84,-0.45,4.15
14.04,-8.84,-0.45,4.15
14.1,-8.84,-0.45,4.15
14.17,-8.84,-0.45,4.15
14.24,-8.84,-0.45,4.15
14.3,-8.84,-0.45,4.15
14.37,-8.84,-0.45,4.15
14.44,-8.84,-0.45,4.15
14.5,-8.84,-0.45,4.15
14.57,-8.84,-0.45,4.15
14.63,-8.84,-0.45,4.15
14.7,-8.84,-0.45,4.15
14.77,-8.84,-0.45,4.15
14.83,-8.84,-0.45,4.15
14.9,-8.84,-0.45,4.15
14.97,-8.84,-0.45,4.15
15.03,-8.84,-0.45,4.15
15.1,-8.84,-0.45,4.15
15.17,-8.84,-0.45,4.15
15.23,-8.84,-0.45,4.15
15.3,-8.84,-0.45,4.15
15.37,-8.84,-0.45,4.15
15.43,-8.84,-0.45,4.15
15.5,-8.84,-0.45,4.15
15.57,-8.84,-0.45,4.15
15.63,-8.84,-0.45,4.15
15.7,-8.84,-0.45,4.15
15.77,-8.84,-0.45,4.15
15.83,-8.84,-0.45,4.15
15.9,-8.84,-0.45,4.15
15.97,-8.84,-0.45,4.15
16.03,-8.84,-0.45,4.15
16.1,-8.84,-0.45,4.15
16.16,-8.84,-0.45,4.15
16.23,-8.84,-0.45,4.15
16.3,-8.84,-0.45,4.15
16.37,-8.84,-0.45,4.15
16.43,-8.84,-0.45,4.15
16.5,-8.84,-0.45,4.15
16.56,-8.84,-0.45,4.15
16.63,-8.84,-0.45,4.15
16.7,-8.84,-0.45,4.15
16.76,-8.84,-0.45,4.15
16.83,-8.84,-0.45,4.15
16.9,-8.84,-0.45,4.15
16.96,-8.84,-0.45,4.15
17.03,-8.84,-0.45,4.15
17.1,-8.84,-0.45,4.15
17.17,-8.84,-0.45,4.15
17.24,-8.84,-0.45,4.15
17.31,-8.84,-0.45,4.15
17.37,-8.84,-0.45,4.15
17.44,-8.84,-0.45,4.15
17.5,-8.84,-0.45,4.15
17.57,-8.84,-0.45,4.15
17.64,-8.84,-0.45,4.15
17.7,-8.84,-0.45,4.15
17.77,-8.84,-0.45,4.15
17.83,-8.84,-0.45,4.15
17.9,-8.84,-0.45,4.15
17.97,-8.84,-0.45,4.15
18.03,-8.84,-0.45,4.15
18.1,-8.84,-0.45,4.15
18.16,-8.84,-0.45,4.15
18.23,-8.84,-0.45,4.15
18.3,-8.84,-0.45,4.15
18.36,-8.84,-0.45,4.15
18.43,-8.84,-0.45,4.15
18.5,-8.84,-0.45,4.15
18.56,-8.84,-0.45,4.15
18.63,-8.84,-0.45,4.15
18.69,-8.84,-0.45,4.15
18.76,-8.84,-0.45,4.15
18.83,-8.84,-0.45,4.15
18.89,-8.84,-0.45,4.15
18.96,-8.84,-0.45,4.15
19.02,-8.84,-0.45,4.15
19.09,-8.84,-0.45,4.15
19.16,-8.84,-0.45,4.15
19.22,-8.84,-0.45,4.15
19.29,-8.84,-0.45,4.15
19.35,-8.84,-0.45,4.15
19.42,-8.84,-0.45,4.15
19.49,-8.84,-0.45,4.15
19.55,-8.84,-0.45,4.15
19.62,-8.84,-0.45,4.15
19.69,-8.84,-0.45,4.15
19.75,-8.84,-0.45,4.15
19.82,-8.84,-0.45,4.15
19.88,-8.84,-0.45,4.15
19.95,-8.84,-0.45,4.15
20.02,-8.84,-0.45,4.15
20.08,-8.84,-0.45,4.15
20.15,-8.84,-0.45,4.15
20.22,-8.84,-0.45,4.15
20.28,-8.84,-0.45,4.15
20.35,-8.84,-0.45,4.15
20.42,-8.84,-0.45,4.15
20.48,-8.84,-0.45,4.15
20.55,-8.84,-0.45,4.15
20.61,-8.84,-0.45,4.15
20.68,-8.84,-0.45,4.15
20.75,-8.84,-0.45,4.15
20.81,-8.84,-0.45,4.15
20.88,-8.84,-0.45,4.15
20.95,-8.84,-0.45,4.15
21.01,-8.84,-0.45,4.15
21.08,-8.84,-0.45,4.15
21.15,-8.84,-0.45,4.15
21.21,-8.84,-0.45,4.15
21.28,-8.84,-0.45,4.15
21.34,-8.84,-0.45,4.15
21.41,-8.84,-0.45,4.15
21.48,-8.84,-0.45,4.15
21.54,-8.84,-0.45,4.15
21.61,-8.84,-0.45,4.15
21.68,-8.84,-0.45,4.15
21.74,-8.84,-0.45,4.15
21.81,-8.84,-0.45,4.15
21.88,-8.84,-0.45,4.15
21.94,-8.84,-0.45,4.15
22.01,-8.84,-0.45,4.15
22.08,-8.84,-0.45,4.15
22.14,-8.84,-0.45,4.15
22.21,-8.84,-0.45,4.15
22.28,-8.84,-0.45,4.15
22.34,-8.84,-0.45,4.15
22.41,-8.84,-0.45,4.15
22.48,-8.84,-0.45,4.15
22.54,-8.84,-0.45,4.15
22.61,-8.84,-0.45,4.15
22.68,-8.84,-0.45,4.15
22.74,-8.84,-0.45,4.15
22.81,-8.84,-0.45,4.15
22.88,-8.84,-0.45,4.15
22.94,-8.84,-0.45,4.15
23.01,-8.84,-0.45,4.15
23.08,-8.84,-0.45,4.15
23.14,-8.84,-0.45,4.15
23.21,-8.84,-0.45,4.15
23.28,-8.84,-0.45,4.15
23.34,-8.84,-0.45,4.15
23.41,-8.84,-0.45,4.15
23.48,-8.84,-0.45,4.15
23.54,-8.84,-0.45,4.15
23.61,-8.84,-0.45,4.15
23.68,-8.84,-0.45,4.15
23.74,-8.84,-0.45,4.15
23.81,-8.84,-0.45,4.15
23.88,-8.84,-0.45,4.15
23.95,-8.84,-0.45,4.15
24.02,-8.84,-0.45,4.15
24.08,-8.84,-0.45,4.15
24.15,-8.84,-0.45,4.15
24.21,-8.84,-0.45,4.15
24.28,-8.84,-0.45,4.15
24.35,-8.84,-0.45,4.15
24.41,-8.84,-0.45,4.15
24.48,-8.84,-0.45,4.15
24.54,-8.84,-0.45,4.15
24.61,-8.84,-0.45,4.15
24.67,-8.84,-0.45,4.15
24.74,-8.84,-0.45,4.15
24.81,-8.84,-0.45,4.15
24.87,-8.84,-0.45,4.15
24.94,-8.84,-0.45,4.15
25.01,-8.84,-0.45,4.15
25.07,-8.84,-0.45,4.15
25.15,-8.84,-0.45,4.15
25.21,-8.84,-0.45,4.15
25.28,-8.84,-0.45,4.15
25.35,-8.84,-0.45,4.15
25.41,-8.84,-0.45,4.15
25.48,-8.84,-0.45,4.15
25.54,-8.84,-0.45,4.15
25.61,-8.84,-0.45,4.15
25.67,-8.84,-0.45,4.15
25.74,-8.84,-0.45,4.15
25.81,-8.84,-0.45,4.15
25.87,-8.84,-0.45,4.15
25.94,-8.84,-0.45,4.15
26.01,-8.84,-0.45,4.15
26.07,-8.84,-0.45,4.15
26.14,-8.84,-0.45,4.15
26.2,-8.84,-0.45,4.15
26.27,-8.84,-0.45,4.15
26.34,-8.84,-0.45,4.15
26.4,-8.84,-0.45,4.15
26.47,-8.84,-0.45,4.15
26.53,-8.84,-0.45,4.15
26.6,-8.84,-0.45,4.15
26.67,-8.84,-0.45,4.15
26.73,-8.84,-0.45,4.15
26.8,-8.84,-0.45,4.15
26.86,-8.84,-0.45,4.15
26.93,-8.84,-0.45,4.15
26.99,-8.84,-0.45,4.15
27.06,-8.84,-0.45,4.15
27.13,-8.84,-0.45,4.15
27.19,-8.84,-0.45,4.15
27.26,-8.84,-0.45,4.15
27.33,-8.84,-0.45,4.15
27.39,-8.84,-0.45,4.15
27.46,-8.84,-0.45,4.15
27.52,-8.84,-0.45,4.15
27.59,-8.84,-0.45,4.15
27.66,-8.84,-0.45,4.15
27.72,-8.84,-0.45,4.15
27.79,-8.84,-0.45,4.15
27.86,-8.84,-0.45,4.15
27.92,-8.84,-0.45,4.15
27.99,-8.84,-0.45,4.15
28.05,-8.84,-0.45,4.15
28.12,-8.84,-0.45,4.15
28.19,-8.84,-0.45,4.15
28.25,-8.84,-0.45,4.15
28.32,-8.84,-0.45,4.15
28.39,-8.84,-0.45,4.15
28.45,-8.84,-0.45,4.15
28.52,-8.84,-0.45,4.15
28.59,-8.84,-0.45,4.15
28.65,-8.84,-0.45,4.15
28.72,-8.84,-0.45,4.15
28.79,-8.84,-0.45,4.15
28.85,-8.84,-0.45,4.15
28.92,-8.84,-0.45,4.15
28.99,-8.84,-0.45,4.15
29.05,-8.84,-0.45,4.15
29.12,-8.84,-0.45,4.15
29.19,-8.84,-0.45,4.15
29.25,-8.84,-0.45,4.15
29.32,-8.84,-0.45,4.15
29.39,-8.84,-0.45,4.15
29.45,-8.84,-0.45,4.15
29.52,-8.84,-0.45,4.15
29.58,-8.84,-0.45,4.15
29.65,-8.84,-0.45,4.15
29.72,-8.84,-0.45,4.15
29.78,-8.84,-0.45,4.15
29.85,-8.84,-0.45,4.15
29.92,-8.84,-0.45,4.15
29.98,-8.84,-0.45,4.15
30.05,-8.84,-0.45,4.15
30.12,-8.84,-0.45,4.15
30.18,-8.84,-0.45,4.15
30.25,-8.84,-0.45,4.15
30.32,-8.84,-0.45,4.15
30.38,-8.84,-0.45,4.15
30.45,-8.84,-0.45,4.15
30.52,-8.84,-0.45,4.15
30.58,-8.84,-0.45,4.15
30.65,-8.84,-0.45,4.15
30.71,-8.84,-0.45,4.15
30.78,-8.84,-0.45,4.15
30.85,-8.84,-0.45,4.15
30.91,-8.84,-0.45,4.15
30.98,-8.84,-0.45,4.15
31.05,-8.84,-0.45,4.15
31.11,-8.84,-0.45,4.15
31.18,-8.84,-0.45,4.15
31.25,-8.84,-0.45,4.15
31.31,-8.84,-0.45,4.15
31.38,-8.84,-0.45,4.15
31.45,-8.84,-0.45,4.15
31.52,-8.84,-0.45,4.15
31.58,-8.84,-0.45,4.15
31.65,-8.84,-0.45,4.15
31.72,-8.84,-0.45,4.15
31.79,-8.84,-0.45,4.15
31.85,-8.84,-0.45,4.15
31.92,-8.84,-0.45,4.15
31.99,-8.84,-0.45,4.15
32.05,-8.84,-0.45,4.15
32.12,-8.84,-0.45,4.15
32.18,-8.84,-0.45,4.15
32.25,-8.84,-0.45,4.15
32.32,-8.84,-0.45,4.15
32.38,-8.84,-0.45,4.15
32.45,-8.84,-0.45,4.15
32.51,-8.84,-0.45,4.15
32.58,-8.84,-0.45,4.15
32.65,-8.84,-0.45,4.15
32.71,-8.84,-0.45,4.15
32.78,-8.84,-0.45,4.15
32.84,-8.84,-0.45,4.15
32.91,-8.84,-0.45,4.15
32.98,-8.84,-0.45,4.15
33.04,-8.84,-0.45,4.15
33.11,-8.84,-0.45,4.15
33.17,-8.84,-0.45,4.15
33.24,-8.84,-0.45,4.15
33.31,-8.84,-0.45,4.15
33.37,-8.84,-0.45,4.15
33.44,-8.84,-0.45,4.15
33.51,-8.84,-0.45,4.15
33.57,-8.84,-0.45,4.15
33.64,-8.84,-0.45,4.15
33.71,-8.84,-0.45,4.15
33.77,-8.84,-0.45,4.15
33.84,-8.84,-0.45,4.15
33.9,-8.84,-0.45,4.15
33.97,-8.84,-0.45,4.15
34.04,-8.84,-0.45,4.15
34.11,-8.84,-0.45,4.15
34.18,-8.84,-0.45,4.15
34.24,-8.84,-0.45,4.15
34.31,-8.84,-0.45,4.15
34.37,-8.84,-0.45,4.15
34.44,-8.84,-0.45,4.15
34.51,-8.84,-0.45,4.15
34.57,-8.84,-0.45,4.15
34.64,-8.84,-0.45,4.15
34.71,-8.84,-0.45,4.15
34.77,-8.84,-0.45,4.15
34.84,-8.84,-0.45,4.15
34.9,-8.84,-0.45,4.15
34.97,-8.84,-0.45,4.15
35.04,-8.84,-0.45,4.15
35.1,-8.84,-0.45,4.15
35.17,-8.84,-0.45,4.15
35.24,-8.84,-0.45,4.15
35.3,-8.84,-0.45,4.15
35.37,-8.84,-0.45,4.15
35.44,-8.84,-0.45,4.15
35.5,-8.84,-0.45,4.15
35.57,-8.84,-0.45,4.15
35.63,-8.84,-0.45,4.15
35.7,-8.84,-0.45,4.15
35.77,-8.84,-0.45,4.15
35.83,-8.84,-0.45,4.15
35.9,-8.84,-0.45,4.15
35.97,-8.84,-0.45,4.15
36.03,-8.84,-0.45,4.15
36.1,-8.84,-0.45,4.15
36.17,-8.84,-0.45,4.15
36.23,-8.84,-0.45,4.15
36.3,-8.84,-0.45,4.15
36.37,-8.84,-0.45,4.15
36.43,-8.84,-0.45,4.15
36.5,-8.84,-0.45,4.15
36.56,-8.84,-0.45,4.15
36.63,-8.84,-0.45,4.15
36.7,-8.84,-0.45,4.15
36.76,-8.84,-0.45,4.15
36.83,-8.84,-0.45,4.15
36.9,-8.84,-0.45,4.15
36.96,-8.84,-0.45,4.15
37.03,-8.84,-0.45,4.15
37.1,-8.84,-0.45,4.15
37.16,-8.84,-0.45,4.15
37.23,-8.84,-0.45,4.15
37.3,-8.84,-0.45,4.15
37.36,-8.84,-0.45,4.15
37.43,-8.84,-0.45,4.15
37.5,-8.84,-0.45,4.15
37.56,-8.84,-0.45,4.15
37.63,-8.84,-0.45,4.15
37.7,-8.84,-0.45,4.15
37.76,-8.84,-0.45,4.15
37.83,-8.84,-0.45,4.15
37.9,-8.84,-0.45,4.15
37.96,-8.84,-0.45,4.15
38.03,-8.84,-0.45,4.15
38.1,-8.84,-0.45,4.15
38.16,-8.84,-0.45,4.15
38.23,-8.84,-0.45,4.15
38.3,-8.84,-0.45,4.15
38.36,-8.84,-0.45,4.15
38.43,-8.84,-0.45,4.15
38.5,-8.84,-0.45,4.15
38.57,-8.84,-0.45,4.15
38.63,-8.84,-0.45,4.15
38.7,-8.84,-0.45,4.15
38.77,-8.84,-0.45,4.15
38.83,-8.84,-0.45,4.15
38.9,-8.84,-0.45,4.15
38.96,-8.84,-0.45,4.15
39.03,-8.84,-0.45,4.15
39.1,-8.84,-0.45,4.15
39.16,-8.84,-0.45,4.15
39.23,-8.84,-0.45,4.15
39.29,-8.84,-0.45,4.15
39.36,-8.84,-0.45,4.15
39.43,-8.84,-0.45,4.15
39.49,-8.84,-0.45,4.15
39.56,-8.84,-0.45,4.15
39.62,-8.84,-0.45,4.15
39.69,-8.84,-0.45,4.15
39.76,-8.84,-0.45,4.15
39.82,-8.84,-0.45,4.15
39.89,-8.84,-0.45,4.15
39.96,-8.84,-0.45,4.15
40.02,-8.84,-0.45,4.15
40.09,-8.84,-0.45,4.15
40.15,-8.84,-0.45,4.15
40.22,-8.84,-0.45,4.15
40.29,-8.84,-0.45,4.15
40.35,-8.84,-0.45,4.15
40.42,-8.84,-0.45,4.15
40.48,-8.84,-0.45,4.15
40.55,-8.84,-0.45,4.15
40.62,-8.84,-0.45,4.15
40.68,-8.84,-0.45,4.15
40.75,-8.84,-0.45,4.15
40.81,-8.84,-0.45,4.15
40.88,-8.84,-0.45,4.15
40.95,-8.84,-0.45,4.15
41.01,-8.84,-0.45,4.15
41.08,-8.84,-0.45,4.15
41.15,-8.84,-0.45,4.15
41.21,-8.84,-0.45,4.15
41.28,-8.84,-0.45,4.15
41.35,-8.84,-0.45,4.15
41.41,-8.84,-0.45,4.15
41.48,-8.84,-0.45,4.15
41.54,-8.84,-0.45,4.15
41.61,-8.84,-0.45,4.15
41.68,-8.84,-0.45,4.15
41.74,-8.84,-0.45,4.15
41.81,-8.84,-0.45,4.15
41.88,-8.84,-0.45,4.15
41.94,-8.84,-0.45,4.15
42.01,-8.84,-0.45,4.15
42.07,-8.84,-0.45,4.15
42.14,-8.84,-0.45,4.15
42.21,-8.84,-0.45,4.15
42.28,-8.84,-0.45,4.15
42.34,-8.84,-0.45,4.15
42.41,-8.84,-0.45,4.15
42.47,-8.84,-0.45,4.15
42.54,-8.84,-0.45,4.15
42.61,-8.84,-0.45,4.15
42.67,-8.84,-0.45,4.15
42.74,-8.84,-0.45,4.15
42.81,-8.84,-0.45,4.15
42.87,-8.84,-0.45,4.15
42.94,-8.84,-0.45,4.15
43.01,-8.84,-0.45,4.15
43.07,-8.84,-0.45,4.15
43.14,-8.84,-0.45,4.15
43.2,-8.84,-0.45,4.15
43.27,-8.84,-0.45,4.15
43.34,-8.84,-0.45,4.15
43.4,-8.84,-0.45,4.15
43.47,-8.84,-0.45,4.15
43.54,-8.84,-0.45,4.15
43.6,-8.84,-0.45,4.15
43.67,-8.84,-0.45,4.15
43.74,-8.84,-0.45,4.15
43.8,-8.84,-0.45,4.15
43.87,-8.84,-0.45,4.15
43.94,-8.84,-0.45,4.15
44.0,-8.84,-0.45,4.15
44.07,-8.84,-0.45,4.15
44.14,-8.84,-0.45,4.15
44.2,-8.84,-0.45,4.15
44.27,-8.84,-0.45,4.15
44.33,-8.84,-0.45,4.15
44.4,-8.84,-0.45,4.15
44.47,-8.84,-0.45,4.15
44.54,-8.84,-0.45,4.15
44.6,-8.84,-0.45,4.15
44.67,-8.84,-0.45,4.15
44.73,-8.84,-0.45,4.15
44.8,-8.84,-0.45,4.15
44.87,-8.84,-0.45,4.15
44.93,-8.84,-0.45,4.15
45.0,-8.84,-0.45,4.15
45.08,-8.84,-0.45,4.15
45.14,-8.84,-0.45,4.15
45.21,-8.84,-0.45,4.15
45.27,-8.84,-0.45,4.15
45.34,-8.84,-0.45,4.15
45.4,-8.84,-0.45,4.15
45.47,-8.84,-0.45,4.15
45.54,-8.84,-0.45,4.15
45.6,-8.84,-0.45,4.15
45.67,-8.84,-0.45,4.15
45.74,-8.84,-0.45,4.15
45.8,-8.84,-0.45,4.15
45.87,-8.84,-0.45,4.15
45.93,-8.84,-0.45,4.15
46.0,-8.84,-0.45,4.15
46.06,-8.84,-0.45,4.15
46.13,-8.84,-0.45,4.15
46.2,-8.84,-0.45,4.15
46.26,-8.84,-0.45,4.15
46.33,-8.84,-0.45,4.15
46.4,-8.84,-0.45,4.15
46.46,-8.84,-0.45,4.15
46.53,-8.84,-0.45,4.15
46.6,-8.84,-0.45,4.15
46.66,-8.84,-0.45,4.15
46.73,-8.84,-0.45,4.15
46.79,-8.84,-0.45,4.15
46.86,-8.84,-0.45,4.15
46.93,-8.84,-0.45,4.15
46.99,-8.84,-0.45,4.15
47.06,-8.84,-0.45,4.15
47.12,-8.84,-0.45,4.15
47.19,-8.84,-0.45,4.15
47.26,-8.84,-0.45,4.15
47.32,-8.84,-0.45,4.15
47.39,-8.84,-0.45,4.15
47.46,-8.84,-0.45,4.15
47.52,-8.84,-0.45,4.15
47.59,-8.84,-0.45,4.15
47.66,-8.84,-0.45,4.15
47.73,-8.84,-0.45,4.15
47.8,-8.84,-0.45,4.15
47.86,-8.84,-0.45,4.15
47.93,-8.84,-0.45,4.15
48.0,-8.84,-0.45,4.15
48.06,-8.84,-0.45,4.15
48.13,-8.84,-0.45,4.15
48.19,-8.84,-0.45,4.15
48.26,-8.84,-0.45,4.15
48.33,-8.84,-0.45,4.15
48.39,-8.84,-0.45,4.15
48.46,-8.84,-0.45,4.15
48.53,-8.84,-0.45,4.15
48.59,-8.84,-0.45,4.15
48.66,-8.84,-0.45,4.15
48.72,-8.84,-0.45,4.15
48.79,-8.84,-0.45,4.15
48.87,-8.84,-0.45,4.15
48.95,-8.84,-0.45,4.15
49.03,-8.84,-0.45,4.15
49.1,-8.84,-0.45,4.15
49.17,-8.84,-0.45,4.15
49.26,-8.84,-0.45,4.15
49.33,-8.84,-0.45,4.15
49.4,-8.84,-0.45,4.15
49.46,-8.84,-0.45,4.15
49.53,-8.84,-0.45,4.15
49.6,-8.84,-0.45,4.15
49.66,-8.84,-0.45,4.15
49.73,-8.84,-0.45,4.15
49.8,-8.84,-0.45,4.15
49.86,-8.84,-0.45,4.15
49.93,-8.84,-0.45,4.15
50.0,-8.84,-0.45,4.15
50.06,-8.84,-0.45,4.15
50.13,-8.84,-0.45,4.15
50.2,-8.84,-0.45,4.15
50.26,-8.84,-0.45,4.15
50.33,-8.84,-0.45,4.15
50.4,-8.84,-0.45,4.15
50.46,-8.84,-0.45,4.15
50.53,-8.84,-0.45,4.15
50.6,-8.84,-0.45,4.15
50.66,-8.84,-0.45,4.15
50.73,-8.84,-0.45,4.15
50.8,-8.84,-0.45,4.15
50.87,-8.84,-0.45,4.15
50.93,-8.84,-0.45,4.15
51.0,-8.84,-0.45,4.15
51.07,-8.84,-0.45,4.15
51.13,-8.84,-0.45,4.15
51.2,-8.84,-0.45,4.15
51.27,-8.84,-0.45,4.15
51.33,-8.84,-0.45,4.15
51.4,-8.84,-0.45,4.15
51.47,-8.84,-0.45,4.15
51.53,-8.84,-0.45,4.15
51.6,-8.84,-0.45,4.15
51.67,-8.84,-0.45,4.15
51.73,-8.84,-0.45,4.15
51.8,-8.84,-0.45,4.15
51.87,-8.84,-0.45,4.15
51.94,-8.84,-0.45,4.15
52.0,-8.84,-0.45,4.15
52.07,-8.84,-0.45,4.15
52.14,-8.84,-0.45,4.15
52.2,-8.84,-0.45,4.15
52.27,-8.84,-0.45,4.15
52.33,-8.84,-0.45,4.15
52.4,-8.84,-0.45,4.15
52.47,-8.84,-0.45,4.15
52.53,-8.84,-0.45,4.15
52.6,-8.84,-0.45,4.15
52.66,-8.84,-0.45,4.15
52.73,-8.84,-0.45,4.15
52.79,-8.84,-0.45,4.15
52.86,-8.84,-0.45,4.15
52.93,-8.84,-0.45,4.15
52.99,-8.84,-0.45,4.15
53.06,-8.84,-0.45,4.15
53.12,-8.84,-0.45,4.15
53.19,-8.84,-0.45,4.15
53.26,-8.84,-0.45,4.15
53.32,-8.84,-0.45,4.15
53.39,-8.84,-0.45,4.15
53.46,-8.84,-0.45,4.15
53.52,-8.84,-0.45,4.15
53.59,-8.84,-0.45,4.15
53.66,-8.84,-0.45,4.15
53.72,-8.84,-0.45,4.15
53.79,-8.84,-0.45,4.15
53.85,-8.84,-0.45,4.15
53.92,-8.84,-0.45,4.15
53.99,-8.84,-0.45,4.15
54.05,-8.84,-0.45,4.15
54.12,-8.84,-0.45,4.15
54.18,-8.84,-0.45,4.15
54.25,-8.84,-0.45,4.15
54.32,-8.84,-0.45,4.15
54.38,-8.84,-0.45,4.15
54.45,-8.84,-0.45,4.15
54.52,-8.84,-0.45,4.15
54.58,-8.84,-0.45,4.15
54.65,-8.84,-0.45,4.15
54.72,-8.84,-0.45,4.15
54.78,-8.84,-0.45,4.15
54.85,-8.84,-0.45,4.15
54.91,-8.84,-0.45,4.15
54.98,-8.84,-0.45,4.15
55.05,-8.84,-0.45,4.15
55.11,-8.84,-0.45,4.15
55.18,-8.84,-0.45,4.15
55.25,-8.84,-0.45,4.15
55.31,-8.84,-0.45,4.15
55.38,-8.84,-0.45,4.15
55.45,-8.84,-0.45,4.15
55.51,-8.84,-0.45,4.15
55.58,-8.84,-0.45,4.15
55.65,-8.84,-0.45,4.15
55.71,-8.84,-0.45,4.15
55.78,-8.84,-0.45,4.15
55.85,-8.84,-0.45,4.15
55.91,-8.84,-0.45,4.15
55.98,-8.84,-0.45,4.15
56.04,-8.84,-0.45,4.15
56.11,-8.84,-0.45,4.15
56.18,-8.84,-0.45,4.15
56.24,-8.84,-0.45,4.15
56.31,-8.84,-0.45,4.15
56.38,-8.84,-0.45,4.15
56.44,-8.84,-0.45,4.15
56.51,-8.84,-0.45,4.15
56.58,-8.84,-0.45,4.15
56.64,-8.84,-0.45,4.15
56.71,-8.84,-0.45,4.15
56.78,-8.84,-0.45,4.15
56.84,-8.84,-0.45,4.15
56.91,-8.84,-0.45,4.15
56.98,-8.84,-0.45,4.15
57.04,-8.84,-0.45,4.15
57.11,-8.84,-0.45,4.15
57.18,-8.84,-0.45,4.15
57.24,-8.84,-0.45,4.15
57.31,-8.84,-0.45,4.15
57.37,-8.84,-0.45,4.15
57.44,-8.84,-0.45,4.15
57.51,-8.84,-0.45,4.15
57.58,-8.84,-0.45,4.15
57.64,-8.84,-0.45,4.15
57.71,-8.84,-0.45,4.15
57.78,-8.84,-0.45,4.15
57.84,-8.84,-0.45,4.15
57.91,-8.84,-0.45,4.15
57.98,-8.84,-0.45,4.15
58.04,-8.84,-0.45,4.15
58.11,-8.84,-0.45,4.15
58.18,-8.84,-0.45,4.15
58.24,-8.84,-0.45,4.15
58.31,-8.84,-0.45,4.15
58.38,-8.84,-0.45,4.15
58.45,-8.84,-0.45,4.15
58.52,-8.84,-0.45,4.15
58.58,-8.84,-0.45,4.15
58.65,-8.84,-0.45,4.15
58.71,-8.84,-0.45,4.15
58.78,-8.84,-0.45,4.15
58.85,-8.84,-0.45,4.15
58.91,-8.84,-0.45,4.15
58.98,-8.84,-0.45,4.15
59.05,-8.84,-0.45,4.15
59.11,-8.84,-0.45,4.15
59.18,-8.84,-0.45,4.15
59.24,-8.84,-0.45,4.15
59.31,-8.84,-0.45,4.15
59.38,-8.84,-0.45,4.15
59.44,-8.84,-0.45,4.15
59.51,-8.84,-0.45,4.15
59.57,-8.84,-0.45,4.15
59.64,-8.84,-0.45,4.15
59.71,-8.84,-0.45,4.15
59.77,-8.84,-0.45,4.15
59.84,-8.84,-0.45,4.15
59.91,-8.84,-0.45,4.15
59.97,-8.84,-0.45,4.15
60.04,-8.84,-0.45,4.15
60.1,-8.84,-0.45,4.15
60.17,-8.84,-0.45,4.15
60.24,-8.84,-0.45,4.15
60.3,-8.84,-0.45,4.15
60.37,-8.84,-0.45,4.15
60.43,-8.84,-0.45,4.15
60.5,-8.84,-0.45,4.15
60.57,-8.84,-0.45,4.15
60.63,-8.84,-0.45,4.15
60.7,-8.84,-0.45,4.15
60.77,-8.84,-0.45,4.15
60.83,-8.84,-0.45,4.15
60.9,-8.84,-0.45,4.15
60.96,-8.84,-0.45,4.15
61.03,-8.84,-0.45,4.15
61.1,-8.84,-0.45,4.15
61.16,-8.84,-0.45,4.15
61.23,-8.84,-0.45,4.15
61.3,-8.84,-0.45,4.15
61.36,-8.84,-0.45,4.15
61.43,-8.84,-0.45,4.15
61.5,-8.84,-0.45,4.15
61.56,-8.84,-0.45,4.15
61.63,-8.84,-0.45,4.15
61.7,-8.84,-0.45,4.15
61.76,-8.84,-0.45,4.15
61.83,-8.84,-0.45,4.15
61.9,-8.84,-0.45,4.15
61.96,-8.84,-0.45,4.15
62.03,-8.84,-0.45,4.15
62.1,-8.84,-0.45,4.15
62.16,-8.84,-0.45,4.15
62.23,-8.84,-0.45,4.15
62.29,-8.84,-0.45,4.15
62.36,-8.84,-0.45,4.15
62.43,-8.84,-0.45,4.15
62.49,-8.84,-0.45,4.15
62.56,-8.84,-0.45,4.15
62.63,-8.84,-0.45,4.15
62.69,-8.84,-0.45,4.15
62.77,-8.84,-0.45,4.15
62.83,-8.84,-0.45,4.15
62.9,-8.84,-0.45,4.15
62.97,-8.84,-0.45,4.15
63.03,-8.84,-0.45,4.15
63.1,-8.84,-0.45,4.15
63.17,-8.84,-0.45,4.15
63.23,-8.84,-0.45,4.15
63.3,-8.84,-0.45,4.15
63.36,-8.84,-0.45,4.15
63.43,-8.84,-0.45,4.15
63.49,-8.84,-0.45,4.15
63.56,-8.84,-0.45,4.15
63.63,-8.84,-0.45,4.15
63.69,-8.84,-0.45,4.15
63.76,-8.84,-0.45,4.15
63.82,-8.84,-0.45,4.15
63.89,-8.84,-0.45,4.15
63.96,-8.84,-0.45,4.15
64.02,-8.84,-0.45,4.15
64.09,-8.84,-0.45,4.15
64.16,-8.84,-0.45,4.15
64.22,-8.84,-0.45,4.15
64.29,-8.84,-0.45,4.15
64.35,-8.84,-0.45,4.15
64.42,-8.84,-0.45,4.15
64.49,-8.84,-0.45,4.15
64.55,-8.84,-0.45,4.15
64.62,-8.84,-0.45,4.15
64.68,-8.84,-0.45,4.15
64.75,-8.84,-0.45,4.15
64.82,-8.84,-0.45,4.15
64.88,-8.84,-0.45,4.15
64.95,-8.84,-0.45,4.15
65.01,-8.84,-0.45,4.15
65.09,-8.84,-0.45,4.15
65.15,-8.84,-0.45,4.15
65.22,-8.84,-0.45,4.15
65.28,-8.84,-0.45,4.15
65.35,-8.84,-0.45,4.15
65.41,-8.84,-0.45,4.15
65.48,-8.84,-0.45,4.15
65.54,-8.84,-0.45,4.15
65.61,-8.84,-0.45,4.15
65.68,-8.84,-0.45,4.15
65.74,-8.84,-0.45,4.15
65.81,-8.84,-0.45,4.15
65.87,-8.84,-0.45,4.15
65.94,-8.84,-0.45,4.15
66.0,-8.84,-0.45,4.15
66.07,-8.84,-0.45,4.15
66.13,-8.84,-0.45,4.15
66.2,-8.84,-0.45,4.15
66.26,-8.84,-0.45,4.15
66.33,-8.84,-0.45,4.15
66.4,-8.84,-0.45,4.15
66.47,-8.84,-0.45,4.15
66.53,-8.84,-0.45,4.15
66.6,-8.84,-0.45,4.15
66.66,-8.84,-0.45,4.15
66.73,-8.84,-0.45,4.15
66.8,-8.84,-0.45,4.15
66.86,-8.84,-0.45,4.15
66.93,-8.84,-0.45,4.15
66.99,-8.84,-0.45,4.15
67.06,-8.84,-0.45,4.15
67.12,-8.84,-0.45,4.15
67.19,-8.84,-0.45,4.15
67.26,-8.84,-0.45,4.15
67.32,-8.84,-0.45,4.15
67.39,-8.84,-0.45,4.15
67.45,-8.84,-0.45,4.15
67.52,-8.84,-0.45,4.15
67.58,-8.84,-0.45,4.15
67.65,-8.84,-0.45,4.15
67.71,-8.84,-0.45,4.15
67.78,-8.84,-0.45,4.15
67.85,-8.84,-0.45,4.15
67.91,-8.84,-0.45,4.15
67.98,-8.84,-0.45,4.15
68.04,-8.84,-0.45,4.15
68.11,-8.84,-0.45,4.15
68.18,-8.84,-0.45,4.15
68.24,-8.84,-0.45,4.15
68.31,-8.84,-0.45,4.15
68.38,-8.84,-0.45,4.15
68.44,-8.84,-0.45,4.15
68.51,-8.84,-0.45,4.15
68.57,-8.84,-0.45,4.15
68.64,-8.84,-0.45,4.15
68.71,-8.84,-0.45,4.15
68.77,-8.84,-0.45,4.15
68.84,-8.84,-0.45,4.15
68.9,-8.84,-0.45,4.15
68.97,-8.84,-0.45,4.15
69.04,-8.84,-0.45,4.15
69.1,-8.84,-0.45,4.15
69.17,-8.84,-0.45,4.15
69.23,-8.84,-0.45,4.15
69.3,-8.84,-0.45,4.15
69.37,-8.84,-0.45,4.15
69.43,-8.84,-0.45,4.15
69.5,-8.84,-0.45,4.15
69.57,-8.84,-0.45,4.15
69.63,-8.84,-0.45,4.15
69.7,-8.84,-0.45,4.15
69.76,-8.84,-0.45,4.15
69.83,-8.84,-0.45,4.15
69.9,-8.84,-0.45,4.15
69.97,-8.84,-0.45,4.15
70.03,-8.84,-0.45,4.15
70.1,-8.84,-0.45,4.15
70.16,-8.84,-0.45,4.15
70.23,-8.84,-0.45,4.15
70.3,-8.84,-0.45,4.15
70.36,-8.84,-0.45,4.15
70.43,-8.84,-0.45,4.15
70.5,-8.84,-0.45,4.15
70.56,-8.84,-0.45,4.15
70.63,-8.84,-0.45,4.15
70.7,-8.84,-0.45,4.15
70.76,-8.84,-0.45,4.15
70.83,-8.84,-0.45,4.15
70.9,-8.84,-0.45,4.15
70.96,-8.84,-0.45,4.15
71.03,-8.84,-0.45,4.15
71.09,-8.84,-0.45,4.15
71.16,-8.84,-0.45,4.15
71.23,-8.84,-0.45,4.15
71.29,-8.84,-0.45,4.15
71.36,-8.84,-0.45,4.15
71.43,-8.84,-0.45,4.15
71.49,-8.84,-0.45,4.15
71.56,-8.84,-0.45,4.15
71.63,-8.84,-0.45,4.15
71.69,-8.84,-0.45,4.15
71.76,-8.84,-0.45,4.15
71.83,-8.84,-0.45,4.15
71.9,-8.84,-0.45,4.15
71.96,-8.84,-0.45,4.15
72.03,-8.84,-0.45,4.15
72.1,-8.84,-0.45,4.15
72.16,-8.84,-0.45,4.15
72.23,-8.84,-0.45,4.15
72.3,-8.84,-0.45,4.15
72.36,-8.84,-0.45,4.15
72.43,-8.84,-0.45,4.15
72.49,-8.84,-0.45,4.15
72.56,-8.84,-0.45,4.15
72.63,-8.84,-0.45,4.15
72.7,-8.84,-0.45,4.15
72.76,-8.84,-0.45,4.15
72.83,-8.84,-0.45,4.15
72.9,-8.84,-0.45,4.15
72.97,-8.84,-0.45,4.15
73.03,-8.84,-0.45,4.15
73.1,-8.84,-0.45,4.15
73.16,-8.84,-0.45,4.15
73.23,-8.84,-0.45,4.15
73.3,-8.84,-0.45,4.15
73.36,-8.84,-0.45,4.15
73.43,-8.84,-0.45,4.15
73.49,-8.84,-0.45,4.15
73.56,-8.84,-0.45,4.15
73.63,-8.84,-0.45,4.15
73.69,-8.84,-0.45,4.15
73.76,-8.84,-0.45,4.15
73.82,-8.84,-0.45,4.15
73.89,-8.84,-0.45,4.15
73.96,-8.84,-0.45,4.15
74.02,-8.84,-0.45,4.15
74.09,-8.84,-0.45,4.15
74.15,-8.84,-0.45,4.15
74.22,-8.84,-0.45,4.15
74.29,-8.84,-0.45,4.15
74.35,-8.84,-0.45,4.15
74.42,-8.84,-0.45,4.15
74.48,-8.84,-0.45,4.15
74.55,-8.84,-0.45,4.15
74.62,-8.84,-0.45,4.15
74.68,-8.84,-0.45,4.15
74.75,-8.84,-0.45,4.15
74.82,-8.84,-0.45,4.15
74.88,-8.84,-0.45,4.15
74.95,-8.84,-0.45,4.15
75.02,-8.84,-0.45,4.15
75.08,-8.84,-0.45,4.15
75.15,-8.84,-0.45,4.15
75.21,-8.84,-0.45,4.15
75.28,-8.84,-0.45,4.15
75.35,-8.84,-0.45,4.15
75.41,-8.84,-0.45,4.15
75.48,-8.84,-0.45,4.15
75.55,-8.84,-0.45,4.15
75.61,-8.84,-0.45,4.15
75.68,-8.84,-0.45,4.15
75.74,-8.84,-0.45,4.15
75.81,-8.84,-0.45,4.15
75.88,-8.84,-0.45,4.15
75.94,-8.84,-0.45,4.15
76.01,-8.84,-0.45,4.15
76.08,-8.84,-0.45,4.15
76.14,-8.84,-0.45,4.15
76.21,-8.84,-0.45,4.15
76.28,-8.84,-0.45,4.15
76.34,-8.84,-0.45,4.15
76.41,-8.84,-0.45,4.15
76.48,-8.84,-0.45,4.15
76.54,-8.84,-0.45,4.15
76.61,-8.84,-0.45,4.15
76.67,-8.84,-0.45,4.15
76.74,-8.84,-0.45,4.15
76.81,-8.84,-0.45,4.15
76.87,-8.84,-0.45,4.15
76.94,-8.84,-0.45,4.15
77.01,-8.84,-0.45,4.15
77.07,-8.84,-0.45,4.15
77.14,-8.84,-0.45,4.15
77.21,-8.84,-0.45,4.15
77.27,-8.84,-0.45,4.15
77.34,-8.84,-0.45,4.15
77.4,-8.84,-0.45,4.15
77.47,-8.84,-0.45,4.15
77.54,-8.84,-0.45,4.15
77.6,-8.84,-0.45,4.15
77.67,-8.84,-0.45,4.15
77.74,-8.84,-0.45,4.15
77.8,-8.84,-0.45,4.15
77.87,-8.84,-0.45,4.15
77.94,-8.84,-0.45,4.15
78.01,-8.84,-0.45,4.15
78.07,-8.84,-0.45,4.15
78.14,-8.84,-0.45,4.15
78.21,-8.84,-0.45,4.15
78.27,-8.84,-0.45,4.15
78.34,-8.84,-0.45,4.15
78.41,-8.84,-0.45,4.15
78.47,-8.84,-0.45,4.15
78.54,-8.84,-0.45,4.15
78.6,-8.84,-0.45,4.15
78.67,-8.84,-0.45,4.15
78.74,-8.84,-0.45,4.15
78.81,-8.84,-0.45,4.15
78.88,-8.84,-0.45,4.15
78.94,-8.84,-0.45,4.15
79.01,-8.84,-0.45,4.15
79.08,-8.84,-0.45,4.15
79.14,-8.84,-0.45,4.15
79.21,-8.84,-0.45,4.15
79.28,-8.84,-0.45,4.15
79.34,-8.84,-0.45,4.15
79.42,-8.84,-0.45,4.15
79.48,-8.84,-0.45,4.15
79.55,-8.84,-0.45,4.15
79.62,-8.84,-0.45,4.15
79.68,-8.84,-0.45,4.15
79.75,-8.84,-0.45,4.15
79.81,-8.84,-0.45,4.15
79.88,-8.84,-0.45,4.15
79.95,-8.84,-0.45,4.15
80.01,-8.84,-0.45,4.15
80.08,-8.84,-0.45,4.15
80.14,-8.84,-0.45,4.15
80.21,-8.84,-0.45,4.15
80.28,-8.84,-0.45,4.15
80.34,-8.84,-0.45,4.15
80.41,-8.84,-0.45,4.15
80.48,-8.84,-0.45,4.15
80.54,-8.84,-0.45,4.15
80.61,-8.84,-0.45,4.15
80.68,-8.84,-0.45,4.15
80.74,-8.84,-0.45,4.15
80.81,-8.84,-0.45,4.15
80.87,-8.84,-0.45,4.15
80.94,-8.84,-0.45,4.15
81.01,-8.84,-0.45,4.15
81.07,-8.84,-0.45,4.15
81.14,-8.84,-0.45,4.15
81.21,-8.84,-0.45,4.15
81.27,-8.84,-0.45,4.15
81.34,-8.84,-0.45,4.15
81.41,-8.84,-0.45,4.15
81.47,-8.84,-0.45,4.15
81.54,-8.84,-0.45,4.15
81.61,-8.84,-0.45,4.15
81.67,-8.84,-0.45,4.15
81.74,-8.84,-0.45,4.15
81.8,-8.84,-0.45,4.15
81.87,-8.84,-0.45,4.15
81.93,-8.84,-0.45,4.15
82.0,-8.84,-0.45,4.15
82.06,-8.84,-0.45,4.15
82.13,-8.84,-0.45,4.15
82.2,-8.84,-0.45,4.15
82.26,-8.84,-0.45,4.15
82.33,-8.84,-0.45,4.15
82.39,-8.84,-0.45,4.15
82.46,-8.84,-0.45,4.15
82.52,-8.84,-0.45,4.15
82.59,-8.84,-0.45,4.15
82.66,-8.84,-0.45,4.15
82.72,-8.84,-0.45,4.15
82.79,-8.84,-0.45,4.15
82.85,-8.84,-0.45,4.15
82.92,-8.84,-0.45,4.15
82.99,-8.84,-0.45,4.15
83.05,-8.84,-0.45,4.15
83.12,-8.84,-0.45,4.15
83.18,-8.84,-0.45,4.15
83.25,-8.84,-0.45,4.15
83.31,-8.84,-0.45,4.15
83.38,-8.84,-0.45,4.15
83.45,-8.84,-0.45,4.15
83.51,-8.84,-0.45,4.15
83.58,-8.84,-0.45,4.15
83.64,-8.84,-0.45,4.15
83.71,-8.84,-0.45,4.15
83.78,-8.84,-0.45,4.15
83.84,-8.84,-0.45,4.15
83.91,-8.84,-0.45,4.15
83.97,-8.84,-0.45,4.15
84.04,-8.84,-0.45,4.15
84.11,-8.84,-0.45,4.15
84.17,-8.84,-0.45,4.15
84.24,-8.84,-0.45,4.15
84.3,-8.84,-0.45,4.15
84.38,-8.84,-0.45,4.15
84.45,-8.84,-0.45,4.15
84.51,-8.84,-0.45,4.15
84.58,-8.84,-0.45,4.15
84.65,-8.84,-0.45,4.15
84.71,-8.84,-0.45,4.15
84.78,-8.84,-0.45,4.15
84.84,-8.84,-0.45,4.15
84.91,-8.84,-0.45,4.15
84.98,-8.84,-0.45,4.15
85.04,-8.84,-0.45,4.15
85.11,-8.84,-0.45,4.15
85.17,-8.84,-0.45,4.15
85.24,-8.84,-0.45,4.15
85.31,-8.84,-0.45,4.15
85.37,-8.84,-0.45,4.15
85.44,-8.84,-0.45,4.15
85.5,-8.84,-0.45,4.15
85.57,-8.84,-0.45,4.15
85.64,-8.84,-0.45,4.15
85.7,-8.84,-0.45,4.15
85.77,-8.84,-0.45,4.15
85.84,-8.84,-0.45,4.15
85.9,-8.84,-0.45,4.15
85.97,-8.84,-0.45,4.15
86.04,-8.84,-0.45,4.15
86.11,-8.84,-0.45,4.15
86.17,-8.84,-0.45,4.15
86.24,-8.84,-0.45,4.15
86.3,-8.84,-0.45,4.15
86.37,-8.84,-0.45,4.15
86.43,-8.84,-0.45,4.15
86.5,-8.84,-0.45,4.15
86.56,-8.84,-0.45,4.15
86.63,-8.84,-0.45,4.15
86.7,-8.84,-0.45,4.15
86.76,-8.84,-0.45,4.15
86.83,-8.84,-0.45,4.15
86.9,-8.84,-0.45,4.15
86.96,-8.84,-0.45,4.15
87.03,-8.84,-0.45,4.15
87.09,-8.84,-0.45,4.15
87.16,-8.84,-0.45,4.15
87.23,-8.84,-0.45,4.15
87.29,-8.84,-0.45,4.15
87.36,-8.84,-0.45,4.15
87.42,-8.84,-0.45,4.15
87.49,-8.84,-0.45,4.15
87.56,-8.84,-0.45,4.15
87.62,-8.84,-0.45,4.15
87.69,-8.84,-0.45,4.15
87.75,-8.84,-0.45,4.15
87.82,-8.84,-0.45,4.15
87.89,-8.84,-0.45,4.15
87.95,-8.84,-0.45,4.15
88.02,-8.84,-0.45,4.15
88.09,-8.84,-0.45,4.15
88.15,-8.84,-0.45,4.15
88.22,-8.84,-0.45,4.15
88.28,-8.84,-0.45,4.15
88.35,-8.84,-0.45,4.15
88.42,-8.84,-0.45,4.15
88.48,-8.84,-0.45,4.15
88.55,-8.84,-0.45,4.15
88.62,-8.84,-0.45,4.15
88.68,-8.84,-0.45,4.15
88.75,-8.84,-0.45,4.15
88.81,-8.84,-0.45,4.15
88.88,-8.84,-0.45,4.15
88.95,-8.84,-0.45,4.15
89.01,-8.84,-0.45,4.15
89.08,-8.84,-0.45,4.15
89.15,-8.84,-0.45,4.15
89.21,-8.84,-0.45,4.15
89.28,-8.84,-0.45,4.15
89.35,-8.84,-0.45,4.15
89.41,-8.84,-0.45,4.15
89.48,-8.84,-0.45,4.15
89.55,-8.84,-0.45,4.15
89.61,-8.84,-0.45,4.15
89.68,-8.84,-0.45,4.15
89.75,-8.84,-0.45,4.15
89.81,-8.84,-0.45,4.15
89.88,-8.84,-0.45,4.15
89.94,-8.84,-0.45,4.15
90.01,-8.84,-0.45,4.15
90.08,-8.84,-0.45,4.15
90.15,-8.84,-0.45,4.15
90.21,-8.84,-0.45,4.15
90.28,-8.84,-0.45,4.15
90.34,-8.84,-0.45,4.15
90.41,-8.84,-0.45,4.15
90.48,-8.84,-0.45,4.15
90.54,-8.84,-0.45,4.15
90.61,-8.84,-0.45,4.15
90.68,-8.84,-0.45,4.15
90.74,-8.84,-0.45,4.15
90.81,-8.84,-0.45,4.15
90.88,-8.84,-0.45,4.15
90.94,-8.84,-0.45,4.15
91.01,-8.84,-0.45,4.15
91.08,-8.84,-0.45,4.15
91.14,-8.84,-0.45,4.15
91.21,-8.84,-0.45,4.15
91.27,-8.84,-0.45,4.15
91.34,-8.84,-0.45,4.15
91.41,-8.84,-0.45,4.15
91.48,-8.84,-0.45,4.15
91.54,-8.84,-0.45,4.15
91.61,-8.84,-0.45,4.15
91.67,-8.84,-0.45,4.15
91.74,-8.84,-0.45,4.15
91.81,-8.84,-0.45,4.15
91.87,-8.84,-0.45,4.15
91.94,-8.84,-0.45,4.15
92.01,-8.84,-0.45,4.15
92.07,-8.84,-0.45,4.15
92.14,-8.84,-0.45,4.15
92.21,-8.84,-0.45,4.15
92.28,-8.84,-0.45,4.15
92.34,-8.84,-0.45,4.15
92.41,-8.84,-0.45,4.15
92.48,-8.84,-0.45,4.15
92.54,-8.84,-0.45,4.15
92.61,-8.84,-0.45,4.15
92.68,-8.84,-0.45,4.15
92.75,-8.84,-0.45,4.15
92.81,-8.84,-0.45,4.15
92.88,-8.84,-0.45,4.15
92.95,-8.84,-0.45,4.15
93.01,-8.84,-0.45,4.15
93.08,-8.84,-0.45,4.15
93.14,-8.84,-0.45,4.15
93.21,-8.84,-0.45,4.15
93.28,-8.84,-0.45,4.15
93.34,-8.84,-0.45,4.15
93.41,-8.84,-0.45,4.15
93.48,-8.84,-0.45,4.15
93.54,-8.84,-0.45,4.15
93.61,-8.84,-0.45,4.15
93.68,-8.84,-0.45,4.15
93.74,-8.84,-0.45,4.15
93.81,-8.84,-0.45,4.15
93.87,-8.84,-0.45,4.15
93.94,-8.84,-0.45,4.15
94.01,-8.84,-0.45,4.15
94.07,-8.84,-0.45,4.15
94.14,-8.84,-0.45,4.15
94.2,-8.84,-0.45,4.15
94.27,-8.84,-0.45,4.15
94.34,-8.84,-0.45,4.15
94.4,-8.84,-0.45,4.15
94.47,-8.84,-0.45,4.15
94.54,-8.84,-0.45,4.15
94.6,-8.84,-0.45,4.15
94.67,-8.84,-0.45,4.15
94.73,-8.84,-0.45,4.15
94.8,-8.84,-0.45,4.15
94.87,-8.84,-0.45,4.15
94.93,-8.84,-0.45,4.15
95.0,-8.84,-0.45,4.15
95.06,-8.84,-0.45,4.15
95.13,-8.84,-0.45,4.15
95.2,-8.84,-0.45,4.15
95.26,-8.84,-0.45,4.15
95.33,-8.84,-0.45,4.15
95.4,-8.84,-0.45,4.15
95.46,-8.84,-0.45,4.15
95.53,-8.84,-0.45,4.15
95.59,-8.84,-0.45,4.15
95.66,-8.84,-0.45,4.15
95.73,-8.84,-0.45,4.15
95.79,-8.84,-0.45,4.15
95.86,-8.84,-0.45,4.15
95.93,-8.84,-0.45,4.15
95.99,-8.84,-0.45,4.15
96.06,-8.84,-0.45,4.15
96.13,-8.84,-0.45,4.15
96.19,-8.84,-0.45,4.15
96.26,-8.84,-0.45,4.15
96.33,-8.84,-0.45,4.15
96.39,-8.84,-0.45,4.15
96.46,-8.84,-0.45,4.15
96.53,-8.84,-0.45,4.15
96.59,-8.84,-0.45,4.15
96.66,-8.84,-0.45,4.15
96.73,-8.84,-0.45,4.15
96.79,-8.84,-0.45,4.15
96.86,-8.84,-0.45,4.15
96.93,-8.84,-0.45,4.15
96.99,-8.84,-0.45,4.15
97.06,-8.84,-0.45,4.15
97.13,-8.84,-0.45,4.15
97.19,-8.84,-0.45,4.15
97.26,-8.84,-0.45,4.15
97.32,-8.84,-0.45,4.15
97.39,-8.84,-0.45,4.15
97.46,-8.84,-0.45,4.15
97.52,-8.84,-0.45,4.15
97.59,-8.84,-0.45,4.15
97.66,-8.84,-0.45,4.15
97.72,-8.84,-0.45,4.15
97.79,-8.84,-0.45,4.15
97.86,-8.84,-0.45,4.15
97.92,-8.84,-0.45,4.15
97.99,-8.84,-0.45,4.15
98.06,-8.84,-0.45,4.15
98.13,-8.84,-0.45,4.15
98.19,-8.84,-0.45,4.15
98.26,-8.84,-0.45,4.15
98.33,-8.84,-0.45,4.15
98.39,-8.84,-0.45,4.15
98.46,-8.84,-0.45,4.15
98.53,-8.84,-0.45,4.15
98.59,-8.84,-0.45,4.15
98.66,-8.84,-0.45,4.15
98.73,-8.84,-0.45,4.15
98.79,-8.84,-0.45,4.15
98.86,-8.84,-0.45,4.15
98.93,-8.84,-0.45,4.15
98.99,-8.84,-0.45,4.15
99.06,-8.84,-0.45,4.15
99.13,-8.84,-0.45,4.15
99.19,-8.84,-0.45,4.15
99.26,-8.84,-0.45,4.15
99.33,-8.84,-0.45,4.15
99.4,-8.84,-0.45,4.15
99.47,-8.84,-0.45,4.15
99.53,-8.84,-0.45,4.15
99.6,-8.84,-0.45,4.15
99.66,-8.84,-0.45,4.15
99.73,-8.84,-0.45,4.15
99.8,-8.84,-0.45,4.15
99.86,-8.84,-0.45,4.15
99.93,-8.84,-0.45,4.15
99.99,-8.84,-0.45,4.15
100.06,-8.84,-0.45,4.15
100.13,-8.84,-0.45,4.15
100.19,-8.84,-0.45,4.15
100.26,-8.84,-0.45,4.15
100.32,-8.84,-0.45,4.15
100.39,-8.84,-0.45,4.15
100.46,-8.84,-0.45,4.15
100.52,-8.84,-0.45,4.15
100.59,-8.84,-0.45,4.15
100.66,-8.84,-0.45,4.15
100.72,-8.84,-0.45,4.15
100.79,-8.84,-0.45,4.15
100.86,-8.84,-0.45,4.15
100.92,-8.84,-0.45,4.15
100.99,-8.84,-0.45,4.15
101.06,-8.84,-0.45,4.15
101.12,-8.84,-0.45,4.15
101.19,-8.84,-0.45,4.15
101.25,-8.84,-0.45,4.15
101.32,-8.84,-0.45,4.15
101.39,-8.84,-0.45,4.15
101.45,-8.84,-0.45,4.15
101.52,-8.84,-0.45,4.15
101.59,-8.84,-0.45,4.15
101.65,-8.84,-0.45,4.15
101.72,-8.84,-0.45,4.15
101.79,-8.84,-0.45,4.15
101.85,-8.84,-0.45,4.15
101.92,-8.84,-0.45,4.15
101.99,-8.84,-0.45,4.15
102.05,-8.84,-0.45,4.15
102.12,-8.84,-0.45,4.15
102.19,-8.84,-0.45,4.15
102.25,-8.84,-0.45,4.15
102.32,-8.84,-0.45,4.15
102.38,-8.84,-0.45,4.15
102.45,-8.84,-0.45,4.15
102.52,-8.84,-0.45,4.15
102.58,-8.84,-0.45,4.15
102.65,-8.84,-0.45,4.15
102.72,-8.84,-0.45,4.15
102.78,-8.84,-0.45,4.15
102.85,-8.84,-0.45,4.15
102.92,-8.84,-0.45,4.15
102.98,-8.84,-0.45,4.15
103.05,-8.84,-0.45,4.15
103.12,-8.84,-0.45,4.15
103.18,-8.84,-0.45,4.15
103.25,-8.84,-0.45,4.15
103.32,-8.84,-0.45,4.15
103.38,-8.84,-0.45,4.15
103.45,-8.84,-0.45,4.15
103.51,-8.84,-0.45,4.15
103.58,-8.84,-0.45,4.15
103.65,-8.84,-0.45,4.15
103.72,-8.84,-0.45,4.15
103.78,-8.84,-0.45,4.15
103.85,-8.84,-0.45,4.15
103.92,-8.84,-0.45,4.15
103.98,-8.84,-0.45,4.15
104.05,-8.84,-0.45,4.15
104.11,-8.84,-0.45,4.15
104.18,-8.84,-0.45,4.15
104.25,-8.84,-0.45,4.15
104.31,-8.84,-0.45,4.15
104.38,-8.84,-0.45,4.15
104.44,-8.84,-0.45,4.15
104.51,-8.84,-0.45,4.15
104.58,-8.84,-0.45,4.15
104.64,-8.84,-0.45,4.15
104.71,-8.84,-0.45,4.15
104.77,-8.84,-0.45,4.15
104.84,-8.84,-0.45,4.15
104.91,-8.84,-0.45,4.15
104.97,-8.84,-0.45,4.15
105.04,-8.84,-0.45,4.15
105.11,-8.84,-0.45,4.15
105.17,-8.84,-0.45,4.15
105.24,-8.84,-0.45,4.15
105.3,-8.84,-0.45,4.15
105.37,-8.84,-0.45,4.15
105.44,-8.84,-0.45,4.15
105.5,-8.84,-0.45,4.15
105.57,-8.84,-0.45,4.15
105.63,-8.84,-0.45,4.15
105.7,-8.84,-0.45,4.15
105.77,-8.84,-0.45,4.15
105.83,-8.84,-0.45,4.15
105.9,-8.84,-0.45,4.15
105.96,-8.84,-0.45,4.15
106.03,-8.84,-0.45,4.15
106.09,-8.84,-0.45,4.15
106.16,-8.84,-0.45,4.15
106.23,-8.84,-0.45,4.15
106.29,-8.84,-0.45,4.15
106.36,-8.84,-0.45,4.15
106.42,-8.84,-0.45,4.15
106.49,-8.84,-0.45,4.15
106.55,-8.84,-0.45,4.15
106.62,-8.84,-0.45,4.15
106.68,-8.84,-0.45,4.15
106.75,-8.84,-0.45,4.15
106.82,-8.84,-0.45,4.15
106.88,-8.84,-0.45,4.15
106.95,-8.84,-0.45,4.15
107.01,-8.84,-0.45,4.15
107.08,-8.84,-0.45,4.15
107.15,-8.84,-0.45,4.15
107.22,-8.84,-0.45,4.15
107.29,-8.84,-0.45,4.15
107.35,-8.84,-0.45,4.15
107.42,-8.84,-0.45,4.15
107.48,-8.84,-0.45,4.15
107.55,-8.84,-0.45,4.15
107.61,-8.84,-0.45,4.15
107.68,-8.84,-0.45,4.15
107.74,-8.84,-0.45,4.15
107.81,-8.84,-0.45,4.15
107.87,-8.84,-0.45,4.15
107.94,-8.84,-0.45,4.15
108.0,-8.84,-0.45,4.15
108.07,-8.84,-0.45,4.15
108.13,-8.84,-0.45,4.15
108.2,-8.84,-0.45,4.15
108.26,-8.84,-0.45,4.15
108.33,-8.84,-0.45,4.15
108.4,-8.84,-0.45,4.15
108.46,-8.84,-0.45,4.15
108.53,-8.84,-0.45,4.15
108.59,-8.84,-0.45,4.15
108.66,-8.84,-0.45,4.15
108.72,-8.84,-0.45,4.15
108.79,-8.84,-0.45,4.15
108.86,-8.84,-0.45,4.15
108.92,-8.84,-0.45,4.15
108.99,-8.84,-0.45,4.15
109.05,-8.84,-0.45,4.15
109.12,-8.84,-0.45,4.15
109.19,-8.84,-0.45,4.15
109.25,-8.84,-0.45,4.15
109.32,-8.84,-0.45,4.15
109.39,-8.84,-0.45,4.15
109.45,-8.84,-0.45,4.15
109.52,-8.84,-0.45,4.15
109.58,-8.84,-0.45,4.15
109.65,-8.84,-0.45,4.15
109.72,-8.84,-0.45,4.15
109.78,-8.84,-0.45,4.15
109.85,-8.84,-0.45,4.15
109.92,-8.84,-0.45,4.15
109.98,-8.84,-0.45,4.15
110.05,-8.84,-0.45,4.15
110.11,-8.84,-0.45,4.15
110.18,-8.84,-0.45,4.15
110.25,-8.84,-0.45,4.15
110.31,-8.84,-0.45,4.15
110.38,-8.84,-0.45,4.15
110.45,-8.84,-0.45,4.15
110.51,-8.84,-0.45,4.15
110.58,-8.84,-0.45,4.15
110.65,-8.84,-0.45,4.15
110.71,-8.84,-0.45,4.15
110.78,-8.84,-0.45,4.15
110.85,-8.84,-0.45,4.15
110.91,-8.84,-0.45,4.15
110.98,-8.84,-0.45,4.15
111.05,-8.84,-0.45,4.15
111.11,-8.84,-0.45,4.15
111.18,-8.84,-0.45,4.15
111.24,-8.84,-0.45,4.15
111.31,-8.84,-0.45,4.15
111.38,-8.84,-0.45,4.15
111.44,-8.84,-0.45,4.15
111.51,-8.84,-0.45,4.15
111.58,-8.84,-0.45,4.15
111.64,-8.84,-0.45,4.15
111.71,-8.84,-0.45,4.15
111.78,-8.84,-0.45,4.15
111.84,-8.84,-0.45,4.15
111.91,-8.84,-0.45,4.15
111.97,-8.84,-0.45,4.15
112.04,-8.84,-0.45,4.15
112.11,-8.84,-0.45,4.15
112.17,-8.84,-0.45,4.15
112.24,-8.84,-0.45,4.15
112.31,-8.84,-0.45,4.15
112.37,-8.84,-0.45,4.15
112.44,-8.84,-0.45,4.15
112.51,-8.84,-0.45,4.15
112.57,-8.84,-0.45,4.15
112.64,-8.84,-0.45,4.15
112.71,-8.84,-0.45,4.15
112.77,-8.84,-0.45,4.15
112.84,-8.84,-0.45,4.15
112.91,-8.84,-0.45,4.15
112.97,-8.84,-0.45,4.15
113.04,-8.84,-0.45,4.15
113.11,-8.84,-0.45,4.15
113.17,-8.84,-0.45,4.15
113.24,-8.84,-0.45,4.15
113.31,-8.84,-0.45,4.15
113.37,-8.84,-0.45,4.15
113.44,-8.84,-0.45,4.15
113.5,-8.84,-0.45,4.15
113.57,-8.84,-0.45,4.15
113.64,-8.84,-0.45,4.15
113.71,-8.84,-0.45,4.15
113.77,-8.84,-0.45,4.15
113.85,-8.84,-0.45,4.15
113.91,-8.84,-0.45,4.15
113.98,-8.84,-0.45,4.15
114.04,-8.84,-0.45,4.15
114.11,-8.84,-0.45,4.15
114.17,-8.84,-0.45,4.15
114.24,-8.84,-0.45,4.15
114.31,-8.84,-0.45,4.15
114.37,-8.84,-0.45,4.15
114.44,-8.84,-0.45,4.15
114.5,-8.84,-0.45,4.15
114.57,-8.84,-0.45,4.15
114.64,-8.84,-0.45,4.15
114.7,-8.84,-0.45,4.15
114.77,-8.84,-0.45,4.15
114.84,-8.84,-0.45,4.15
114.9,-8.84,-0.45,4.15
114.97,-8.84,-0.45,4.15
115.03,-8.84,-0.45,4.15
115.1,-8.84,-0.45,4.15
115.16,-8.84,-0.45,4.15
115.23,-8.84,-0.45,4.15
115.3,-8.84,-0.45,4.15
115.36,-8.84,-0.45,4.15
115.43,-8.84,-0.45,4.15
115.5,-8.84,-0.45,4.15
115.56,-8.84,-0.45,4.15
115.63,-8.84,-0.45,4.15
115.69,-8.84,-0.45,4.15
115.76,-8.84,-0.45,4.15
115.83,-8.84,-0.45,4.15
115.89,-8.84,-0.45,4.15
115.96,-8.84,-0.45,4.15
116.02,-8.84,-0.45,4.15
116.09,-8.84,-0.45,4.15
116.16,-8.84,-0.45,4.15
116.22,-8.84,-0.45,4.15
116.29,-8.84,-0.45,4.15
116.36,-8.84,-0.45,4.15
116.42,-8.84,-0.45,4.15
116.49,-8.84,-0.45,4.15
116.56,-8.84,-0.45,4.15
116.62,-8.84,-0.45,4.15
116.69,-8.84,-0.45,4.15
116.75,-8.84,-0.45,4.15
116.82,-8.84,-0.45,4.15
116.89,-8.84,-0.45,4.15
116.95,-8.84,-0.45,4.15
117.02,-8.84,-0.45,4.15
117.09,-8.84,-0.45,4.15
117.15,-8.84,-0.45,4.15
117.22,-8.84,-0.45,4.15
117.28,-8.84,-0.45,4.15
117.35,-8.84,-0.45,4.15
117.42,-8.84,-0.45,4.15
117.48,-8.84,-0.45,4.15
117.55,-8.84,-0.45,4.15
117.62,-8.84,-0.45,4.15
117.68,-8.84,-0.45,4.15
117.75,-8.84,-0.45,4.15
117.81,-8.84,-0.45,4.15
117.88,-8.84,-0.45,4.15
117.95,-8.84,-0.45,4.15
118.01,-8.84,-0.45,4.15
118.08,-8.84,-0.45,4.15
118.15,-8.84,-0.45,4.15
118.21,-8.84,-0.45,4.15
118.28,-8.84,-0.45,4.15
118.35,-8.84,-0.45,4.15
118.41,-8.84,-0.45,4.15
118.48,-8.84,-0.45,4.15
118.55,-8.84,-0.45,4.15
118.61,-8.84,-0.45,4.15
118.68,-8.84,-0.45,4.15
118.75,-8.84,-0.45,4.15
118.81,-8.84,-0.45,4.15
118.88,-8.84,-0.45,4.15
118.94,-8.84,-0.45,4.15
119.01,-8.84,-0.45,4.15
119.08,-8.84,-0.45,4.15
119.14,-8.84,-0.45,4.15
119.21,-8.84,-0.45,4.15
119.28,-8.84,-0.45,4.15
119.34,-8.84,-0.45,4.15
119.41,-8.84,-0.45,4.15
119.48,-8.84,-0.45,4.15
119.54,-8.84,-0.45,4.15
119.61,-8.84,-0.45,4.15
119.68,-8.84,-0.45,4.15
119.74,-8.84,-0.45,4.15
119.81,-8.84,-0.45,4.15
119.88,-8.84,-0.45,4.15
119.94,-8.84,-0.45,4.15
120.01,-8.84,-0.45,4.15
120.08,-8.84,-0.45,4.15
120.14,-8.84,-0.45,4.15
120.21,-8.84,-0.45,4.15
120.28,-8.84,-0.45,4.15
120.34,-8.84,-0.45,4.15
120.42,-8.84,-0.45,4.15
120.48,-8.84,-0.45,4.15
120.55,-8.84,-0.45,4.15
120.62,-8.84,-0.45,4.15
120.68,-8.84,-0.45,4.15
120.75,-8.84,-0.45,4.15
120.81,-8.84,-0.45,4.15
120.88,-8.84,-0.45,4.15
120.94,-8.84,-0.45,4.15
121.01,-8.84,-0.45,4.15
121.08,-8.84,-0.45,4.15
121.15,-8.84,-0.45,4.15
121.21,-8.84,-0.45,4.15
121.28,-8.84,-0.45,4.15
121.34,-8.84,-0.45,4.15
121.41,-8.84,-0.45,4.15
121.48,-8.84,-0.45,4.15
121.54,-8.84,-0.45,4.15
121.61,-8.84,-0.45,4.15
121.67,-8.84,-0.45,4.15
121.74,-8.84,-0.45,4.15
121.81,-8.84,-0.45,4.15
121.87,-8.84,-0.45,4.15
121.94,-8.84,-0.45,4.15
122.0,-8.84,-0.45,4.15
122.07,-8.84,-0.45,4.15
122.14,-8.84,-0.45,4.15
122.2,-8.84,-0.45,4.15
122.27,-8.84,-0.45,4.15
122.34,-8.84,-0.45,4.15
122.4,-8.84,-0.45,4.15
122.47,-8.84,-0.45,4.15
122.53,-8.84,-0.45,4.15
122.6,-8.84,-0.45,4.15
122.67,-8.84,-0.45,4.15
122.73,-8.84,-0.45,4.15
122.8,-8.84,-0.45,4.15
122.87,-8.84,-0.45,4.15
122.93,-8.84,-0.45,4.15
123.0,-8.84,-0.45,4.15
123.06,-8.84,-0.45,4.15
123.13,-8.84,-0.45,4.15
123.2,-8.84,-0.45,4.15
123.26,-8.84,-0.45,4.15
123.33,-8.84,-0.45,4.15
123.39,-8.84,-0.45,4.15
123.46,-8.84,-0.45,4.15
123.53,-8.84,-0.45,4.15
123.59,-8.84,-0.45,4.15
123.66,-8.84,-0.45,4.15
123.72,-8.84,-0.45,4.15
123.79,-8.84,-0.45,4.15
123.85,-8.84,-0.45,4.15
123.92,-8.84,-0.45,4.15
123.99,-8.84,-0.45,4.15
124.05,-8.84,-0.45,4.15
124.12,-8.84,-0.45,4.15
124.18,-8.84,-0.45,4.15
124.25,-8.84,-0.45,4.15
124.32,-8.84,-0.45,4.15
124.38,-8.84,-0.45,4.15
124.45,-8.84,-0.45,4.15
124.51,-8.84,-0.45,4.15
124.58,-8.84,-0.45,4.15
124.65,-8.84,-0.45,4.15
124.71,-8.84,-0.45,4.15
124.78,-8.84,-0.45,4.15
124.84,-8.84,-0.45,4.15
124.91,-8.84,-0.45,4.15
124.97,-8.84,-0.45,4.15
125.04,-8.84,-0.45,4.15
125.11,-8.84,-0.45,4.15
125.17,-8.84,-0.45,4.15
125.24,-8.84,-0.45,4.15
125.3,-8.84,-0.45,4.15
125.37,-8.84,-0.45,4.15
125.43,-8.84,-0.45,4.15
125.5,-8.84,-0.45,4.15
125.57,-8.84,-0.45,4.15
125.63,-8.84,-0.45,4.15
125.7,-8.84,-0.45,4.15
125.76,-8.84,-0.45,4.15
125.83,-8.84,-0.45,4.15
125.9,-8.84,-0.45,4.15
125.96,-8.84,-0.45,4.15
126.03,-8.84,-0.45,4.15
126.09,-8.84,-0.45,4.15
126.16,-8.84,-0.45,4.15
126.23,-8.84,-0.45,4.15
126.29,-8.84,-0.45,4.15
126.36,-8.84,-0.45,4.15
126.42,-8.84,-0.45,4.15
126.49,-8.84,-0.45,4.15
126.56,-8.84,-0.45,4.15
126.62,-8.84,-0.45,4.15
126.69,-8.84,-0.45,4.15
126.75,-8.84,-0.45,4.15
126.82,-8.84,-0.45,4.15
126.89,-8.84,-0.45,4.15
126.95,-8.84,-0.45,4.15
127.02,-8.84,-0.45,4.15
127.09,-8.84,-0.45,4.15
127.16,-8.84,-0.45,4.15
127.22,-8.84,-0.45,4.15
127.29,-8.84,-0.45,4.15
127.35,-8.84,-0.45,4.15
127.42,-8.84,-0.45,4.15
127.48,-8.84,-0.45,4.15
127.55,-8.84,-0.45,4.15
127.61,-8.84,-0.45,4.15
127.68,-8.84,-0.45,4.15
127.74,-8.84,-0.45,4.15
127.81,-8.84,-0.45,4.15
127.88,-8.84,-0.45,4.15
127.94,-8.84,-0.45,4.15
128.01,-8.84,-0.45,4.15
128.07,-8.84,-0.45,4.15
128.14,-8.84,-0.45,4.15
128.21,-8.84,-0.45,4.15
128.27,-8.84,-0.45,4.15
128.34,-8.84,-0.45,4.15
128.4,-8.84,-0.45,4.15
128.47,-8.84,-0.45,4.15
128.54,-8.84,-0.45,4.15
128.6,-8.84,-0.45,4.15
128.67,-8.84,-0.45,4.15
128.74,-8.84,-0.45,4.15
128.8,-8.84,-0.45,4.15
128.87,-8.84,-0.45,4.15
128.93,-8.84,-0.45,4.15
129.0,-8.84,-0.45,4.15
129.07,-8.84,-0.45,4.15
129.13,-8.84,-0.45,4.15
129.2,-8.84,-0.45,4.15
129.26,-8.84,-0.45,4.15
129.33,-8.84,-0.45,4.15
129.4,-8.84,-0.45,4.15
129.46,-8.84,-0.45,4.15
129.53,-8.84,-0.45,4.15
129.6,-8.84,-0.45,4.15
129.66,-8.84,-0.45,4.15
129.73,-8.84,-0.45,4.15
129.8,-8.84,-0.45,4.15
129.86,-8.84,-0.45,4.15
129.93,-8.84,-0.45,4.15
130.0,-8.84,-0.45,4.15
130.06,-8.84,-0.45,4.15
130.13,-8.84,-0.45,4.15
130.19,-8.84,-0.45,4.15
130.26,-8.84,-0.45,4.15
130.33,-8.84,-0.45,4.15
130.39,-8.84,-0.45,4.15
130.46,-8.84,-0.45,4.15
130.52,-8.84,-0.45,4.15
130.59,-8.84,-0.45,4.15
130.66,-8.84,-0.45,4.15
130.72,-8.84,-0.45,4.15
130.79,-8.84,-0.45,4.15
130.86,-8.84,-0.45,4.15
130.92,-8.84,-0.45,4.15
130.99,-8.84,-0.45,4.15
131.06,-8.84,-0.45,4.15
131.12,-8.84,-0.45,4.15
131.19,-8.84,-0.45,4.15
131.26,-8.84,-0.45,4.15
131.32,-8.84,-0.45,4.15
131.39,-8.84,-0.45,4.15
131.46,-8.84,-0.45,4.15
131.52,-8.84,-0.45,4.15
131.59,-8.84,-0.45,4.15
131.65,-8.84,-0.45,4.15
131.72,-8.84,-0.45,4.15
131.79,-8.84,-0.45,4.15
131.86,-8.84,-0.45,4.15
131.92,-8.84,-0.45,4.15
131.99,-8.84,-0.45,4.15
132.05,-8.84,-0.45,4.15
132.12,-8.84,-0.45,4.15
132.19,-8.84,-0.45,4.15
132.25,-8.84,-0.45,4.15
132.32,-8.84,-0.45,4.15
132.39,-8.84,-0.45,4.15
132.45,-8.84,-0.45,4.15
132.52,-8.84,-0.45,4.15
132.59,-8.84,-0.45,4.15
132.65,-8.84,-0.45,4.15
132.72,-8.84,-0.45,4.15
132.79,-8.84,-0.45,4.15
132.86,-8.84,-0.45,4.15
132.92,-8.84,-0.45,4.15
132.99,-8.84,-0.45,4.15
133.06,-8.84,-0.45,4.15
133.12,-8.84,-0.45,4.15
133.19,-8.84,-0.45,4.15
133.25,-8.84,-0.45,4.15
133.32,-8.84,-0.45,4.15
133.39,-8.84,-0.45,4.15
133.45,-8.84,-0.45,4.15
133.52,-8.84,-0.45,4.15
133.59,-8.84,-0.45,4.15
133.65,-8.84,-0.45,4.15
133.72,-8.84,-0.45,4.15
133.79,-8.84,-0.45,4.15
133.86,-8.84,-0.45,4.15
133.92,-8.84,-0.45,4.15
133.99,-8.84,-0.45,4.15
134.06,-8.84,-0.45,4.15
134.12,-8.84,-0.45,4.15
134.19,-8.84,-0.45,4.15
134.26,-8.84,-0.45,4.15
134.32,-8.84,-0.45,4.15
134.39,-8.84,-0.45,4.15
134.45,-8.84,-0.45,4.15
134.52,-8.84,-0.45,4.15
134.59,-8.84,-0.45,4.15
134.65,-8.84,-0.45,4.15
134.72,-8.84,-0.45,4.15
134.78,-8.84,-0.45,4.15
134.85,-8.84,-0.45,4.15
134.92,-8.84,-0.45,4.15
134.98,-8.84,-0.45,4.15
135.05,-8.84,-0.45,4.15
135.11,-8.84,-0.45,4.15
135.18,-8.84,-0.45,4.15
135.25,-8.84,-0.45,4.15
135.31,-8.84,-0.45,4.15
135.38,-8.84,-0.45,4.15
135.45,-8.84,-0.45,4.15
135.51,-8.84,-0.45,4.15
135.58,-8.84,-0.45,4.15
135.64,-8.84,-0.45,4.15
135.71,-8.84,-0.45,4.15
135.77,-8.84,-0.45,4.15
135.84,-8.84,-0.45,4.15
135.91,-8.84,-0.45,4.15
135.97,-8.84,-0.45,4.15
136.04,-8.84,-0.45,4.15
136.11,-8.84,-0.45,4.15
136.17,-8.84,-0.45,4.15
136.24,-8.84,-0.45,4.15
136.31,-8.84,-0.45,4.15
136.37,-8.84,-0.45,4.15
136.44,-8.84,-0.45,4.15
136.5,-8.84,-0.45,4.15
136.57,-8.84,-0.45,4.15
136.64,-8.84,-0.45,4.15
136.7,-8.84,-0.45,4.15
136.77,-8.84,-0.45,4.15
136.84,-8.84,-0.45,4.15
136.9,-8.84,-0.45,4.15
136.97,-8.84,-0.45,4.15
137.03,-8.84,-0.45,4.15
137.1,-8.84,-0.45,4.15
137.17,-8.84,-0.45,4.15
137.24,-8.84,-0.45,4.15
137.3,-8.84,-0.45,4.15
137.37,-8.84,-0.45,4.15
137.43,-8.84,-0.45,4.15
137.5,-8.84,-0.45,4.15
137.57,-8.84,-0.45,4.15
137.63,-8.84,-0.45,4.15
137.7,-8.84,-0.45,4.15
137.77,-8.84,-0.45,4.15
137.83,-8.84,-0.45,4.15
137.9,-8.84,-0.45,4.15
137.96,-8.84,-0.45,4.15
138.03,-8.84,-0.45,4.15
138.1,-8.84,-0.45,4.15
138.16,-8.84,-0.45,4.15
138.23,-8.84,-0.45,4.15
138.3,-8.84,-0.45,4.15
138.36,-8.84,-0.45,4.15
138.43,-8.84,-0.45,4.15
138.5,-8.84,-0.45,4.15
138.56,-8.84,-0.45,4.15
138.63,-8.84,-0.45,4.15
138.7,-8.84,-0.45,4.15
138.76,-8.84,-0.45,4.15
138.83,-8.84,-0.45,4.15
138.9,-8.84,-0.45,4.15
138.96,-8.84,-0.45,4.15
139.03,-8.84,-0.45,4.15
139.1,-8.84,-0.45,4.15
139.16,-8.84,-0.45,4.15
139.23,-8.84,-0.45,4.15
139.3,-8.84,-0.45,4.15
139.36,-8.84,-0.45,4.15
139.43,-8.84,-0.45,4.15
139.5,-8.84,-0.45,4.15
139.56,-8.84,-0.45,4.15
139.63,-8.84,-0.45,4.15
139.7,-8.84,-0.45,4.15
139.76,-8.84,-0.45,4.15
139.83,-8.84,-0.45,4.15
139.9,-8.84,-0.45,4.15
139.96,-8.84,-0.45,4.15
140.03,-8.84,-0.45,4.15
140.1,-8.84,-0.45,4.15
140.16,-8.84,-0.45,4.15
140.23,-8.84,-0.45,4.15
140.3,-8.84,-0.45,4.15
140.37,-8.84,-0.45,4.15
140.44,-8.84,-0.45,4.15
140.5,-8.84,-0.45,4.15
140.57,-8.84,-0.45,4.15
140.63,-8.84,-0.45,4.15
140.7,-8.84,-0.45,4.15
140.77,-8.84,-0.45,4.15
140.83,-8.84,-0.45,4.15
140.9,-8.84,-0.45,4.15
140.96,-8.84,-0.45,4.15
141.03,-8.84,-0.45,4.15
141.1,-8.84,-0.45,4.15
141.16,-8.84,-0.45,4.15
141.23,-8.84,-0.45,4.15
141.29,-8.84,-0.45,4.15
141.36,-8.84,-0.45,4.15
141.43,-8.84,-0.45,4.15
141.49,-8.84,-0.45,4.15
141.56,-8.84,-0.45,4.15
141.62,-8.84,-0.45,4.15
141.69,-8.84,-0.45,4.15
141.76,-8.84,-0.45,4.15
141.82,-8.84,-0.45,4.15
141.89,-8.84,-0.45,4.15
141.96,-8.84,-0.45,4.15
142.02,-8.84,-0.45,4.15
142.09,-8.84,-0.45,4.15
142.15,-8.84,-0.45,4.15
142.22,-8.84,-0.45,4.15
142.29,-8.84,-0.45,4.15
142.35,-8.84,-0.45,4.15
142.42,-8.84,-0.45,4.15
142.49,-8.84,-0.45,4.15
142.55,-8.84,-0.45,4.15
142.62,-8.84,-0.45,4.15
142.69,-8.84,-0.45,4.15
142.75,-8.84,-0.45,4.15
142.82,-8.84,-0.45,4.15
142.88,-8.84,-0.45,4.15
142.95,-8.84,-0.45,4.15
143.02,-8.84,-0.45,4.15
143.08,-8.84,-0.45,4.15
143.15,-8.84,-0.45,4.15
143.22,-8.84,-0.45,4.15
143.28,-8.84,-0.45,4.15
143.35,-8.84,-0.45,4.15
143.41,-8.84,-0.45,4.15
143.48,-8.84,-0.45,4.15
143.55,-8.84,-0.45,4.15
143.61,-8.84,-0.45,4.15
143.68,-8.84,-0.45,4.15
143.75,-8.84,-0.45,4.15
143.81,-8.84,-0.45,4.15
143.88,-8.84,-0.45,4.15
143.95,-8.84,-0.45,4.15
144.01,-8.84,-0.45,4.15
144.08,-8.84,-0.45,4.15
144.14,-8.84,-0.45,4.15
144.21,-8.84,-0.45,4.15
144.28,-8.84,-0.45,4.15
144.34,-8.84,-0.45,4.15
144.41,-8.84,-0.45,4.15
144.48,-8.84,-0.45,4.15
144.54,-8.84,-0.45,4.15
144.61,-8.84,-0.45,4.15
144.68,-8.84,-0.45,4.15
144.74,-8.84,-0.45,4.15
144.81,-8.84,-0.45,4.15
144.88,-8.84,-0.45,4.15
144.94,-8.84,-0.45,4.15
145.01,-8.84,-0.45,4.15
145.08,-8.84,-0.45,4.15
145.14,-8.84,-0.45,4.15
145.21,-8.84,-0.45,4.15
145.27,-8.84,-0.45,4.15
145.34,-8.84,-0.45,4.15
145.41,-8.84,-0.45,4.15
145.47,-8.84,-0.45,4.15
145.54,-8.84,-0.45,4.15
145.61,-8.84,-0.45,4.15
145.67,-8.84,-0.45,4.15
145.74,-8.84,-0.45,4.15
145.81,-8.84,-0.45,4.15
145.88,-8.84,-0.45,4.15
145.94,-8.84,-0.45,4.15
146.01,-8.84,-0.45,4.15
146.08,-8.84,-0.45,4.15
146.14,-8.84,-0.45,4.15
146.21,-8.84,-0.45,4.15
146.28,-8.84,-0.45,4.15
146.34,-8.84,-0.45,4.15
146.41,-8.84,-0.45,4.15
146.47,-8.84,-0.45,4.15
146.54,-8.84,-0.45,4.15
146.61,-8.84,-0.45,4.15
146.67,-8.84,-0.45,4.15
146.74,-8.84,-0.45,4.15
146.81,-8.84,-0.45,4.15
146.88,-8.84,-0.45,4.15
146.95,-8.84,-0.45,4.15
147.01,-8.84,-0.45,4.15
147.08,-8.84,-0.45,4.15
147.15,-8.84,-0.45,4.15
147.21,-8.84,-0.45,4.15
147.28,-8.84,-0.45,4.15
147.34,-8.84,-0.45,4.15
147.41,-8.84,-0.45,4.15
147.48,-8.84,-0.45,4.15
147.54,-8.84,-0.45,4.15
147.61,-8.84,-0.45,4.15
147.67,-8.84,-0.45,4.15
147.74,-8.84,-0.45,4.15
147.81,-8.84,-0.45,4.15
147.87,-8.84,-0.45,4.15
147.94,-8.84,-0.45,4.15
148.0,-8.84,-0.45,4.15
148.07,-8.84,-0.45,4.15
148.14,-8.84,-0.45,4.15
148.21,-8.84,-0.45,4.15
148.28,-8.84,-0.45,4.15
148.34,-8.84,-0.45,4.15
148.41,-8.84,-0.45,4.15
148.48,-8.84,-0.45,4.15
148.54,-8.84,-0.45,4.15
148.61,-8.84,-0.45,4.15
148.67,-8.84,-0.45,4.15
148.74,-8.84,-0.45,4.15
148.81,-8.84,-0.45,4.15
148.87,-8.84,-0.45,4.15
148.94,-8.84,-0.45,4.15
149.0,-8.84,-0.45,4.15
149.07,-8.84,-0.45,4.15
149.14,-8.84,-0.45,4.15
149.2,-8.84,-0.45,4.15
149.27,-8.84,-0.45,4.15
149.33,-8.84,-0.45,4.15
149.4,-8.84,-0.45,4.15
149.47,-8.84,-0.45,4.15
149.53,-8.84,-0.45,4.15
149.6,-8.84,-0.45,4.15
149.67,-8.84,-0.45,4.15
149.73,-8.84,-0.45,4.15
149.8,-8.84,-0.45,4.15
149.86,-8.84,-0.45,4.15
149.93,-8.84,-0.45,4.15
150.0,-8.84,-0.45,4.15
150.06,-8.84,-0.45,4.15
150.13,-8.84,-0.45,4.15
150.2,-8.84,-0.45,4.15
150.26,-8.84,-0.45,4.15
150.33,-8.84,-0.45,4.15
150.39,-8.84,-0.45,4.15
150.46,-8.84,-0.45,4.15
150.53,-8.84,-0.45,4.15
150.59,-8.84,-0.45,4.15
150.66,-8.84,-0.45,4.15
150.72,-8.84,-0.45,4.15
150.79,-8.84,-0.45,4.15
150.86,-8.84,-0.45,4.15
150.92,-8.84,-0.45,4.15
150.99,-8.84,-0.45,4.15
151.05,-8.84,-0.45,4.15
151.12,-8.84,-0.45,4.15
151.19,-8.84,-0.45,4.15
151.25,-8.84,-0.45,4.15
151.32,-8.84,-0.45,4.15
151.39,-8.84,-0.45,4.15
151.45,-8.84,-0.45,4.15
151.52,-8.84,-0.45,4.15
151.58,-8.84,-0.45,4.15
151.65,-8.84,-0.45,4.15
151.72,-8.84,-0.45,4.15
151.78,-8.84,-0.45,4.15
151.85,-8.84,-0.45,4.15
151.92,-8.84,-0.45,4.15
151.98,-8.84,-0.45,4.15
152.05,-8.84,-0.45,4.15
152.11,-8.84,-0.45,4.15
152.18,-8.84,-0.45,4.15
152.25,-8.84,-0.45,4.15
152.32,-8.84,-0.45,4.15
152.38,-8.84,-0.45,4.15
152.45,-8.84,-0.45,4.15
152.51,-8.84,-0.45,4.15
152.58,-8.84,-0.45,4.15
152.65,-8.84,-0.45,4.15
152.71,-8.84,-0.45,4.15
152.78,-8.84,-0.45,4.15
152.85,-8.84,-0.45,4.15
152.91,-8.84,-0.45,4.15
152.98,-8.84,-0.45,4.15
153.05,-8.84,-0.45,4.15
153.11,-8.84,-0.45,4.15
153.18,-8.84,-0.45,4.15
153.25,-8.84,-0.45,4.15
153.31,-8.84,-0.45,4.15
153.38,-8.84,-0.45,4.15
153.45,-8.84,-0.45,4.15
153.51,-8.84,-0.45,4.15
153.58,-8.84,-0.45,4.15
153.65,-8.84,-0.45,4.15
153.71,-8.84,-0.45,4.15
153.78,-8.84,-0.45,4.15
153.85,-8.84,-0.45,4.15
153.91,-8.84,-0.45,4.15
153.98,-8.84,-0.45,4.15
154.05,-8.84,-0.45,4.15
154.11,-8.84,-0.45,4.15
154.18,-8.84,-0.45,4.15
154.25,-8.84,-0.45,4.15
154.31,-8.84,-0.45,4.15
154.38,-8.84,-0.45,4.15
154.45,-8.84,-0.45,4.15
154.51,-8.84,-0.45,4.15
154.58,-8.84,-0.45,4.15
154.65,-8.84,-0.45,4.15
154.71,-8.84,-0.45,4.15
154.78,-8.84,-0.45,4.15
154.85,-8.84,-0.45,4.15
154.92,-8.84,-0.45,4.15
154.99,-8.84,-0.45,4.15
155.05,-8.84,-0.45,4.15
155.12,-8.84,-0.45,4.15
155.18,-8.84,-0.45,4.15
155.25,-8.84,-0.45,4.15
155.32,-8.84,-0.45,4.15
155.38,-8.84,-0.45,4.15
155.45,-8.84,-0.45,4.15
155.52,-8.84,-0.45,4.15
155.58,-8.84,-0.45,4.15
155.65,-8.84,-0.45,4.15
155.71,-8.84,-0.45,4.15
155.78,-8.84,-0.45,4.15
155.85,-8.84,-0.45,4.15
155.91,-8.84,-0.45,4.15
155.98,-8.84,-0.45,4.15
156.05,-8.84,-0.45,4.15
156.11,-8.84,-0.45,4.15
156.18,-8.84,-0.45,4.15
156.24,-8.84,-0.45,4.15
156.31,-8.84,-0.45,4.15
156.38,-8.84,-0.45,4.15
156.44,-8.84,-0.45,4.15
156.51,-8.84,-0.45,4.15
156.57,-8.84,-0.45,4.15
156.64,-8.84,-0.45,4.15
156.7,-8.84,-0.45,4.15
156.77,-8.84,-0.45,4.15
156.84,-8.84,-0.45,4.15
156.91,-8.84,-0.45,4.15
156.97,-8.84,-0.45,4.15
157.04,-8.84,-0.45,4.15
157.1,-8.84,-0.45,4.15
157.17,-8.84,-0.45,4.15
157.23,-8.84,-0.45,4.15
157.3,-8.84,-0.45,4.15
157.37,-8.84,-0.45,4.15
157.43,-8.84,-0.45,4.15
157.5,-8.84,-0.45,4.15
157.56,-8.84,-0.45,4.15
157.63,-8.84,-0.45,4.15
157.7,-8.84,-0.45,4.15
157.76,-8.84,-0.45,4.15
157.83,-8.84,-0.45,4.15
157.89,-8.84,-0.45,4.15
157.96,-8.84,-0.45,4.15
158.02,-8.84,-0.45,4.15
158.09,-8.84,-0.45,4.15
158.16,-8.84,-0.45,4.15
158.22,-8.84,-0.45,4.15
158.29,-8.84,-0.45,4.15
158.35,-8.84,-0.45,4.15
158.42,-8.84,-0.45,4.15
158.49,-8.84,-0.45,4.15
158.55,-8.84,-0.45,4.15
158.62,-8.84,-0.45,4.15
158.68,-8.84,-0.45,4.15
158.75,-8.84,-0.45,4.15
158.82,-8.84,-0.45,4.15
158.88,-8.84,-0.45,4.15
158.95,-8.84,-0.45,4.15
159.01,-8.84,-0.45,4.15
159.08,-8.84,-0.45,4.15
159.14,-8.84,-0.45,4.15
159.21,-8.84,-0.45,4.15
159.28,-8.84,-0.45,4.15
159.34,-8.84,-0.45,4.15
159.41,-8.84,-0.45,4.15
159.47,-8.84,-0.45,4.15
159.54,-8.84,-0.45,4.15
159.61,-8.84,-0.45,4.15
159.67,-8.84,-0.45,4.15
159.74,-8.84,-0.45,4.15
159.8,-8.84,-0.45,4.15
159.87,-8.84,-0.45,4.15
159.94,-8.84,-0.45,4.15
160.0,-8.84,-0.45,4.15
160.07,-8.84,-0.45,4.15
160.13,-8.84,-0.45,4.15
160.2,-8.84,-0.45,4.15
160.27,-8.84,-0.45,4.15
160.33,-8.84,-0.45,4.15
160.4,-8.84,-0.45,4.15
160.46,-8.84,-0.45,4.15
160.53,-8.84,-0.45,4.15
160.6,-8.84,-0.45,4.15
160.66,-8.84,-0.45,4.15
160.73,-8.84,-0.45,4.15
160.79,-8.84,-0.45,4.15
160.86,-8.84,-0.45,4.15
160.93,-8.84,-0.45,4.15
160.99,-8.84,-0.45,4.15
161.06,-8.84,-0.45,4.15
161.13,-8.84,-0.45,4.15
161.19,-8.84,-0.45,4.15
161.26,-8.84,-0.45,4.15
161.33,-8.84,-0.45,4.15
161.39,-8.84,-0.45,4.15
161.47,-8.84,-0.45,4.15
161.53,-8.84,-0.45,4.15
161.6,-8.84,-0.45,4.15
161.66,-8.84,-0.45,4.15
161.73,-8.84,-0.45,4.15
161.8,-8.84,-0.45,4.15
161.86,-8.84,-0.45,4.15
161.93,-8.84,-0.45,4.15
161.99,-8.84,-0.45,4.15
162.06,-8.84,-0.45,4.15
162.13,-8.84,-0.45,4.15
162.19,-8.84,-0.45,4.15
162.26,-8.84,-0.45,4.15
162.32,-8.84,-0.45,4.15
162.39,-8.84,-0.45,4.15
162.46,-8.84,-0.45,4.15
162.52,-8.84,-0.45,4.15
162.59,-8.84,-0.45,4.15
162.65,-8.84,-0.45,4.15
162.72,-8.84,-0.45,4.15
162.79,-8.84,-0.45,4.15
162.85,-8.84,-0.45,4.15
162.92,-8.84,-0.45,4.15
162.99,-8.84,-0.45,4.15
163.05,-8.84,-0.45,4.15
163.12,-8.84,-0.45,4.15
163.18,-8.84,-0.45,4.15
163.25,-8.84,-0.45,4.15
163.32,-8.84,-0.45,4.15
163.38,-8.84,-0.45,4.15
163.45,-8.84,-0.45,4.15
163.51,-8.84,-0.45,4.15
163.58,-8.84,-0.45,4.15
163.65,-8.84,-0.45,4.15
163.71,-8.84,-0.45,4.15
163.78,-8.84,-0.45,4.15
163.84,-8.84,-0.45,4.15
163.91,-8.84,-0.45,4.15
163.98,-8.84,-0.45,4.15
164.04,-8.84,-0.45,4.15
164.11,-8.84,-0.45,4.15
164.18,-8.84,-0.45,4.15
164.24,-8.84,-0.45,4.15
164.31,-8.84,-0.45,4.15
164.37,-8.84,-0.45,4.15
164.44,-8.84,-0.45,4.15
164.51,-8.84,-0.45,4.15
164.57,-8.84,-0.45,4.15
164.64,-8.84,-0.45,4.15
164.71,-8.84,-0.45,4.15
164.77,-8.84,-0.45,4.15
164.84,-8.84,-0.45,4.15
164.9,-8.84,-0.45,4.15
164.97,-8.84,-0.45,4.15
165.04,-8.84,-0.45,4.15
165.11,-8.84,-0.45,4.15
165.17,-8.84,-0.45,4.15
165.24,-8.84,-0.45,4.15
165.3,-8.84,-0.45,4.15
165.37,-8.84,-0.45,4.15
165.44,-8.84,-0.45,4.15
165.5,-8.84,-0.45,4.15
165.57,-8.84,-0.45,4.15
165.64,-8.84,-0.45,4.15
165.7,-8.84,-0.45,4.15
165.77,-8.84,-0.45,4.15
165.84,-8.84,-0.45,4.15
165.9,-8.84,-0.45,4.15
165.97,-8.84,-0.45,4.15
166.04,-8.84,-0.45,4.15
166.1,-8.84,-0.45,4.15
166.17,-8.84,-0.45,4.15
166.24,-8.84,-0.45,4.15
166.3,-8.84,-0.45,4.15
166.37,-8.84,-0.45,4.15
166.43,-8.84,-0.45,4.15
166.5,-8.84,-0.45,4.15
166.57,-8.84,-0.45,4.15
166.63,-8.84,-0.45,4.15
166.7,-8.84,-0.45,4.15
166.77,-8.84,-0.45,4.15
166.83,-8.84,-0.45,4.15
166.9,-8.84,-0.45,4.15
166.97,-8.84,-0.45,4.15
167.03,-8.84,-0.45,4.15
167.1,-8.84,-0.45,4.15
167.17,-8.84,-0.45,4.15
167.24,-8.84,-0.45,4.15
167.3,-8.84,-0.45,4.15
167.37,-8.84,-0.45,4.15
167.43,-8.84,-0.45,4.15
167.5,-8.84,-0.45,4.15
167.57,-8.84,-0.45,4.15
167.63,-8.84,-0.45,4.15
167.7,-8.84,-0.45,4.15
167.78,-8.84,-0.45,4.15
167.84,-8.84,-0.45,4.15
167.91,-8.84,-0.45,4.15
167.97,-8.84,-0.45,4.15
168.04,-8.84,-0.45,4.15
168.11,-8.84,-0.45,4.15
168.17,-8.84,-0.45,4.15
168.24,-8.84,-0.45,4.15
168.31,-8.84,-0.45,4.15
168.37,-8.84,-0.45,4.15
168.44,-8.84,-0.45,4.15
168.5,-8.84,-0.45,4.15
168.57,-8.84,-0.45,4.15
168.64,-8.84,-0.45,4.15
168.7,-8.84,-0.45,4.15
168.77,-8.84,-0.45,4.15
168.83,-8.84,-0.45,4.15
168.9,-8.84,-0.45,4.15
168.96,-8.84,-0.45,4.15
169.03,-8.84,-0.45,4.15
169.1,-8.84,-0.45,4.15
169.16,-8.84,-0.45,4.15
169.23,-8.84,-0.45,4.15
169.3,-8.84,-0.45,4.15
169.36,-8.84,-0.45,4.15
169.43,-8.84,-0.45,4.15
169.49,-8.84,-0.45,4.15
169.56,-8.84,-0.45,4.15
169.63,-8.84,-0.45,4.15
169.69,-8.84,-0.45,4.15
169.76,-8.84,-0.45,4.15
169.82,-8.84,-0.45,4.15
169.89,-8.84,-0.45,4.15
169.96,-8.84,-0.45,4.15
170.02,-8.84,-0.45,4.15
170.09,-8.84,-0.45,4.15
170.15,-8.84,-0.45,4.15
170.22,-8.84,-0.45,4.15
170.29,-8.84,-0.45,4.15
170.35,-8.84,-0.45,4.15
170.42,-8.84,-0.45,4.15
170.49,-8.84,-0.45,4.15
170.55,-8.84,-0.45,4.15
170.62,-8.84,-0.45,4.15
170.69,-8.84,-0.45,4.15
170.75,-8.84,-0.45,4.15
170.82,-8.84,-0.45,4.15
170.88,-8.84,-0.45,4.15
170.95,-8.84,-0.45,4.15
171.02,-8.84,-0.45,4.15
171.08,-8.84,-0.45,4.15
171.15,-8.84,-0.45,4.15
171.22,-8.84,-0.45,4.15
171.28,-8.84,-0.45,4.15
171.35,-8.84,-0.45,4.15
171.42,-8.84,-0.45,4.15
171.48,-8.84,-0.45,4.15
171.55,-8.84,-0.45,4.15
171.62,-8.84,-0.45,4.15
171.68,-8.84,-0.45,4.15
171.75,-8.84,-0.45,4.15
171.81,-8.84,-0.45,4.15
171.88,-8.84,-0.45,4.15
171.95,-8.84,-0.45,4.15
172.01,-8.84,-0.45,4.15
172.08,-8.84,-0.45,4.15
172.15,-8.84,-0.45,4.15
172.21,-8.84,-0.45,4.15
172.28,-8.84,-0.45,4.15
172.35,-8.84,-0.45,4.15
172.41,-8.84,-0.45,4.15
172.48,-8.84,-0.45,4.15
172.55,-8.84,-0.45,4.15
172.61,-8.84,-0.45,4.15
172.68,-8.84,-0.45,4.15
172.75,-8.84,-0.45,4.15
172.81,-8.84,-0.45,4.15
172.88,-8.84,-0.45,4.15
172.95,-8.84,-0.45,4.15
173.01,-8.84,-0.45,4.15
173.08,-8.84,-0.45,4.15
173.15,-8.84,-0.45,4.15
173.21,-8.84,-0.45,4.15
173.28,-8.84,-0.45,4.15
173.34,-8.84,-0.45,4.15
173.41,-8.84,-0.45,4.15
173.48,-8.84,-0.45,4.15
173.55,-8.84,-0.45,4.15
173.61,-8.84,-0.45,4.15
173.68,-8.84,-0.45,4.15
173.75,-8.84,-0.45,4.15
173.81,-8.84,-0.45,4.15
173.88,-8.84,-0.45,4.15
173.95,-8.84,-0.45,4.15
174.01,-8.84,-0.45,4.15
174.09,-8.84,-0.45,4.15
174.15,-8.84,-0.45,4.15
174.22,-8.84,-0.45,4.15
174.28,-8.84,-0.45,4.15
174.35,-8.84,-0.45,4.15
174.41,-8.84,-0.45,4.15
174.48,-8.84,-0.45,4.15
174.55,-8.84,-0.45,4.15
174.61,-8.84,-0.45,4.15
174.68,-8.84,-0.45,4.15
174.75,-8.84,-0.45,4.15
174.81,-8.84,-0.45,4.15
174.88,-8.84,-0.45,4.15
174.94,-8.84,-0.45,4.15
175.01,-8.84,-0.45,4.15
175.08,-8.84,-0.45,4.15
175.14,-8.84,-0.45,4.15
175.21,-8.84,-0.45,4.15
175.27,-8.84,-0.45,4.15
175.34,-8.84,-0.45,4.15
175.41,-8.84,-0.45,4.15
175.47,-8.84,-0.45,4.15
175.54,-8.84,-0.45,4.15
175.61,-8.84,-0.45,4.15
175.67,-8.84,-0.45,4.15
175.74,-8.84,-0.45,4.15
175.81,-8.84,-0.45,4.15
175.87,-8.84,-0.45,4.15
175.94,-8.84,-0.45,4.15
176.0,-8.84,-0.45,4.15
176.07,-8.84,-0.45,4.15
176.14,-8.84,-0.45,4.15
176.2,-8.84,-0.45,4.15
176.27,-8.84,-0.45,4.15
176.33,-8.84,-0.45,4.15
176.4,-8.84,-0.45,4.15
176.47,-8.84,-0.45,4.15
176.53,-8.84,-0.45,4.15
176.6,-8.84,-0.45,4.15
176.66,-8.84,-0.45,4.15
176.73,-8.84,-0.45,4.15
176.8,-8.84,-0.45,4.15
176.86,-8.84,-0.45,4.15
176.93,-8.84,-0.45,4.15
177.0,-8.84,-0.45,4.15
177.06,-8.84,-0.45,4.15
177.13,-8.84,-0.45,4.15
177.2,-8.84,-0.45,4.15
177.26,-8.84,-0.45,4.15
177.33,-8.84,-0.45,4.15
177.39,-8.84,-0.45,4.15
177.46,-8.84,-0.45,4.15
177.53,-8.84,-0.45,4.15
177.59,-8.84,-0.45,4.15
177.66,-8.84,-0.45,4.15
177.73,-8.84,-0.45,4.15
177.79,-8.84,-0.45,4.15
177.86,-8.84,-0.45,4.15
177.93,-8.84,-0.45,4.15
177.99,-8.84,-0.45,4.15
178.06,-8.84,-0.45,4.15
178.12,-8.84,-0.45,4.15
178.19,-8.84,-0.45,4.15
178.26,-8.84,-0.45,4.15
178.32,-8.84,-0.45,4.15
178.39,-8.84,-0.45,4.15
178.46,-8.84,-0.45,4.15
178.52,-8.84,-0.45,4.15
178.59,-8.84,-0.45,4.15
178.66,-8.84,-0.45,4.15
178.72,-8.84,-0.45,4.15
178.79,-8.84,-0.45,4.15
178.86,-8.84,-0.45,4.15
178.92,-8.84,-0.45,4.15
178.99,-8.84,-0.45,4.15
179.06,-8.84,-0.45,4.15
179.12,-8.84,-0.45,4.15
179.19,-8.84,-0.45,4.15
179.26,-8.84,-0.45,4.15
179.32,-8.84,-0.45,4.15
179.39,-8.84,-0.45,4.15
179.46,-8.84,-0.45,4.15
179.52,-8.84,-0.45,4.15
179.59,-8.84,-0.45,4.15
179.66,-8.84,-0.45,4.15
179.72,-8.84,-0.45,4.15
179.79,-8.84,-0.45,4.15
179.86,-8.84,-0.45,4.15
179.92,-8.84,-0.45,4.15
179.99,-8.84,-0.45,4.15
180.06,-8.84,-0.45,4.15
180.13,-8.84,-0.45,4.15
180.19,-8.84,-0.45,4.15
180.26,-8.84,-0.45,4.15
180.33,-8.84,-0.45,4.15
180.4,-8.84,-0.45,4.15
180.46,-8.84,-0.45,4.15
180.53,-8.84,-0.45,4.15
180.6,-8.84,-0.45,4.15
180.66,-8.84,-0.45,4.15
180.73,-8.84,-0.45,4.15
180.79,-8.84,-0.45,4.15
180.86,-8.84,-0.45,4.15
180.93,-8.84,-0.45,4.15
180.99,-8.84,-0.45,4.15
181.06,-8.84,-0.45,4.15
181.13,-8.84,-0.45,4.15
181.19,-8.84,-0.45,4.15
181.26,-8.84,-0.45,4.15
181.32,-8.84,-0.45,4.15
181.39,-8.84,-0.45,4.15
181.46,-8.84,-0.45,4.15
181.52,-8.84,-0.45,4.15
181.59,-8.84,-0.45,4.15
181.65,-8.84,-0.45,4.15
181.72,-8.84,-0.45,4.15
181.79,-8.84,-0.45,4.15
181.85,-8.84,-0.45,4.15
181.92,-8.84,-0.45,4.15
181.98,-8.84,-0.45,4.15
182.05,-8.84,-0.45,4.15
182.12,-8.84,-0.45,4.15
182.18,-8.84,-0.45,4.15
182.25,-8.84,-0.45,4.15
182.32,-8.84,-0.45,4.15
182.38,-8.84,-0.45,4.15
182.45,-8.84,-0.45,4.15
182.52,-8.84,-0.45,4.15
182.58,-8.84,-0.45,4.15
182.65,-8.84,-0.45,4.15
182.71,-8.84,-0.45,4.15
182.78,-8.84,-0.45,4.15
182.85,-8.84,-0.45,4.15
182.91,-8.84,-0.45,4.15
182.98,-8.84,-0.45,4.15
183.05,-8.84,-0.45,4.15
183.11,-8.84,-0.45,4.15
183.18,-8.84,-0.45,4.15
183.24,-8.84,-0.45,4.15
183.31,-8.84,-0.45,4.15
183.38,-8.84,-0.45,4.15
183.44,-8.84,-0.45,4.15
183.51,-8.84,-0.45,4.15
183.58,-8.84,-0.45,4.15
183.64,-8.84,-0.45,4.15
183.71,-8.84,-0.45,4.15
183.78,-8.84,-0.45,4.15
183.84,-8.84,-0.45,4.15
183.91,-8.84,-0.45,4.15
183.98,-8.84,-0.45,4.15
184.04,-8.84,-0.45,4.15
184.11,-8.84,-0.45,4.15
184.18,-8.84,-0.45,4.15
184.24,-8.84,-0.45,4.15
184.31,-8.84,-0.45,4.15
184.37,-8.84,-0.45,4.15
184.44,-8.84,-0.45,4.15
184.51,-8.84,-0.45,4.15
184.57,-8.84,-0.45,4.15
184.64,-8.84,-0.45,4.15
184.71,-8.84,-0.45,4.15
184.77,-8.84,-0.45,4.15
184.84,-8.84,-0.45,4.15
184.91,-8.84,-0.45,4.15
184.97,-8.84,-0.45,4.15
185.04,-8.84,-0.45,4.15
185.11,-8.84,-0.45,4.15
185.17,-8.84,-0.45,4.15
185.24,-8.84,-0.45,4.15
185.3,-8.84,-0.45,4.15
185.37,-8.84,-0.45,4.15
185.44,-8.84,-0.45,4.15
185.5,-8.84,-0.45,4.15
185.57,-8.84,-0.45,4.15
185.64,-8.84,-0.45,4.15
185.7,-8.84,-0.45,4.15
185.77,-8.84,-0.45,4.15
185.84,-8.84,-0.45,4.15
185.9,-8.84,-0.45,4.15
185.97,-8.84,-0.45,4.15
186.04,-8.84,-0.45,4.15
186.1,-8.84,-0.45,4.15
186.17,-8.84,-0.45,4.15
186.24,-8.84,-0.45,4.15
186.3,-8.84,-0.45,4.15
186.37,-8.84,-0.45,4.15
186.44,-8.84,-0.45,4.15
186.5,-8.84,-0.45,4.15
186.57,-8.84,-0.45,4.15
186.64,-8.84,-0.45,4.15
186.7,-8.84,-0.45,4.15
186.78,-8.84,-0.45,4.15
186.84,-8.84,-0.45,4.15
186.91,-8.84,-0.45,4.15
186.98,-8.84,-0.45,4.15
187.04,-8.84,-0.45,4.15
187.11,-8.84,-0.45,4.15
187.17,-8.84,-0.45,4.15
187.24,-8.84,-0.45,4.15
187.31,-8.84,-0.45,4.15
187.37,-8.84,-0.45,4.15
187.44,-8.84,-0.45,4.15
187.5,-8.84,-0.45,4.15
187.57,-8.84,-0.45,4.15
187.64,-8.84,-0.45,4.15
187.7,-8.84,-0.45,4.15
187.77,-8.84,-0.45,4.15
187.84,-8.84,-0.45,4.15
187.9,-8.84,-0.45,4.15
187.97,-8.84,-0.45,4.15
188.03,-8.84,-0.45,4.15
188.1,-8.84,-0.45,4.15
188.17,-8.84,-0.45,4.15
188.23,-8.84,-0.45,4.15
188.3,-8.84,-0.45,4.15
188.37,-8.84,-0.45,4.15
188.43,-8.84,-0.45,4.15
188.5,-8.84,-0.45,4.15
188.56,-8.84,-0.45,4.15
188.63,-8.84,-0.45,4.15
188.7,-8.84,-0.45,4.15
188.76,-8.84,-0.45,4.15
188.83,-8.84,-0.45,4.15
188.9,-8.84,-0.45,4.15
188.96,-8.84,-0.45,4.15
189.03,-8.84,-0.45,4.15
189.09,-8.84,-0.45,4.15
189.16,-8.84,-0.45,4.15
189.23,-8.84,-0.45,4.15
189.3,-8.84,-0.45,4.15
189.37,-8.84,-0.45,4.15
189.43,-8.84,-0.45,4.15
189.5,-8.84,-0.45,4.15
189.57,-8.84,-0.45,4.15
189.63,-8.84,-0.45,4.15
189.7,-8.84,-0.45,4.15
189.76,-8.84,-0.45,4.15
189.83,-8.84,-0.45,4.15
189.9,-8.84,-0.45,4.15
189.96,-8.84,-0.45,4.15
190.03,-8.84,-0.45,4.15
190.09,-8.84,-0.45,4.15
190.16,-8.84,-0.45,4.15
190.23,-8.84,-0.45,4.15
190.29,-8.84,-0.45,4.15
190.36,-8.84,-0.45,4.15
190.42,-8.84,-0.45,4.15
190.49,-8.84,-0.45,4.15
190.56,-8.84,-0.45,4.15
190.62,-8.84,-0.45,4.15
190.69,-8.84,-0.45,4.15
190.76,-8.84,-0.45,4.15
190.82,-8.84,-0.45,4.15
190.89,-8.84,-0.45,4.15
190.96,-8.84,-0.45,4.15
191.02,-8.84,-0.45,4.15
191.09,-8.84,-0.45,4.15
191.15,-8.84,-0.45,4.15
191.22,-8.84,-0.45,4.15
191.29,-8.84,-0.45,4.15
191.35,-8.84,-0.45,4.15
191.42,-8.84,-0.45,4.15
191.49,-8.84,-0.45,4.15
191.55,-8.84,-0.45,4.15
191.62,-8.84,-0.45,4.15
191.69,-8.84,-0.45,4.15
191.75,-8.84,-0.45,4.15
191.82,-8.84,-0.45,4.15
191.88,-8.84,-0.45,4.15
191.95,-8.84,-0.45,4.15
192.02,-8.84,-0.45,4.15
192.08,-8.84,-0.45,4.15
192.15,-8.84,-0.45,4.15
192.22,-8.84,-0.45,4.15
192.28,-8.84,-0.45,4.15
192.35,-8.84,-0.45,4.15
192.41,-8.84,-0.45,4.15
192.48,-8.84,-0.45,4.15
192.55,-8.84,-0.45,4.15
192.61,-8.84,-0.45,4.15
192.68,-8.84,-0.45,4.15
192.75,-8.84,-0.45,4.15
192.81,-8.84,-0.45,4.15
192.88,-8.84,-0.45,4.15
192.95,-8.84,-0.45,4.15
193.01,-8.84,-0.45,4.15
193.08,-8.84,-0.45,4.15
193.15,-8.84,-0.45,4.15
193.21,-8.84,-0.45,4.15
193.28,-8.84,-0.45,4.15
193.35,-8.84,-0.45,4.15
193.41,-8.84,-0.45,4.15
193.48,-8.84,-0.45,4.15
193.55,-8.84,-0.45,4.15
193.61,-8.84,-0.45,4.15
193.68,-8.84,-0.45,4.15
193.75,-8.84,-0.45,4.15
193.81,-8.84,-0.45,4.15
193.88,-8.84,-0.45,4.15
193.95,-8.84,-0.45,4.15
194.01,-8.84,-0.45,4.15
194.08,-8.84,-0.45,4.15
194.15,-8.84,-0.45,4.15
194.21,-8.84,-0.45,4.15
194.28,-8.84,-0.45,4.15
194.35,-8.84,-0.45,4.15
194.41,-8.84,-0.45,4.15
194.48,-8.84,-0.45,4.15
194.55,-8.84,-0.45,4.15
194.61,-8.84,-0.45,4.15
194.68,-8.84,-0.45,4.15
194.75,-8.84,-0.45,4.15
194.81,-8.84,-0.45,4.15
194.88,-8.84,-0.45,4.15
194.95,-8.84,-0.45,4.15
195.01,-8.84,-0.45,4.15
195.08,-8.84,-0.45,4.15
195.15,-8.84,-0.45,4.15
195.21,-8.84,-0.45,4.15
195.28,-8.84,-0.45,4.15
195.35,-8.84,-0.45,4.15
195.41,-8.84,-0.45,4.15
195.48,-8.84,-0.45,4.15
195.55,-8.84,-0.45,4.15
195.62,-8.84,-0.45,4.15
195.68,-8.84,-0.45,4.15
195.75,-8.84,-0.45,4.15
195.82,-8.84,-0.45,4.15
195.89,-8.84,-0.45,4.15
195.95,-8.84,-0.45,4.15
196.02,-8.84,-0.45,4.15
196.09,-8.84,-0.45,4.15
196.15,-8.84,-0.45,4.15
196.22,-8.84,-0.45,4.15
196.28,-8.84,-0.45,4.15
196.35,-8.84,-0.45,4.15
196.42,-8.84,-0.45,4.15
196.48,-8.84,-0.45,4.15
196.55,-8.84,-0.45,4.15
196.61,-8.84,-0.45,4.15
196.68,-8.84,-0.45,4.15
196.75,-8.84,-0.45,4.15
196.81,-8.84,-0.45,4.15
196.88,-8.84,-0.45,4.15
196.95,-8.84,-0.45,4.15
197.01,-8.84,-0.45,4.15
197.08,-8.84,-0.45,4.15
197.14,-8.84,-0.45,4.15
197.21,-8.84,-0.45,4.15
197.28,-8.84,-0.45,4.15
197.34,-8.84,-0.45,4.15
197.41,-8.84,-0.45,4.15
197.48,-8.84,-0.45,4.15
197.54,-8.84,-0.45,4.15
197.61,-8.84,-0.45,4.15
197.67,-8.84,-0.45,4.15
197.74,-8.84,-0.45,4.15
197.81,-8.84,-0.45,4.15
197.87,-8.84,-0.45,4.15
197.94,-8.84,-0.45,4.15
198.01,-8.84,-0.45,4.15
198.07,-8.84,-0.45,4.15
198.14,-8.84,-0.45,4.15
198.2,-8.84,-0.45,4.15
198.27,-8.84,-0.45,4.15
198.34,-8.84,-0.45,4.15
198.4,-8.84,-0.45,4.15
198.47,-8.84,-0.45,4.15
198.54,-8.84,-0.45,4.15
198.6,-8.84,-0.45,4.15
198.67,-8.84,-0.45,4.15
198.74,-8.84,-0.45,4.15
198.8,-8.84,-0.45,4.15
198.87,-8.84,-0.45,4.15
198.94,-8.84,-0.45,4.15
199.0,-8.84,-0.45,4.15
199.07,-8.84,-0.45,4.15
199.14,-8.84,-0.45,4.15
199.2,-8.84,-0.45,4.15
199.27,-8.84,-0.45,4.15
199.34,-8.84,-0.45,4.15
199.4,-8.84,-0.45,4.15
199.47,-8.84,-0.45,4.15
199.53,-8.84,-0.45,4.15
199.6,-8.84,-0.45,4.15
199.67,-8.84,-0.45,4.15
199.73,-8.84,-0.45,4.15
199.8,-8.84,-0.45,4.15
199.87,-8.84,-0.45,4.15
199.93,-8.84,-0.45,4.15
200.0,-8.84,-0.45,4.15
200.07,-8.84,-0.45,4.15
200.13,-8.84,-0.45,4.15
200.2,-8.84,-0.45,4.15
200.27,-8.84,-0.45,4.15
200.33,-8.84,-0.45,4.15
200.4,-8.84,-0.45,4.15
200.47,-8.84,-0.45,4.15
200.53,-8.84,-0.45,4.15
200.6,-8.84,-0.45,4.15
200.67,-8.84,-0.45,4.15
200.73,-8.84,-0.45,4.15
200.8,-8.84,-0.45,4.15
200.87,-8.84,-0.45,4.15
200.93,-8.84,-0.45,4.15
201.0,-8.84,-0.45,4.15
201.07,-8.84,-0.45,4.15
201.13,-8.84,-0.45,4.15
201.2,-8.84,-0.45,4.15
201.27,-8.84,-0.45,4.15
201.34,-8.84,-0.45,4.15
201.4,-8.84,-0.45,4.15
201.47,-8.84,-0.45,4.15
201.54,-8.84,-0.45,4.15
201.6,-8.84,-0.45,4.15
201.67,-8.84,-0.45,4.15
201.74,-8.84,-0.45,4.15
201.8,-8.84,-0.45,4.15
201.87,-8.84,-0.45,4.15
201.94,-8.84,-0.45,4.15
202.0,-8.84,-0.45,4.15
202.07,-8.84,-0.45,4.15
202.14,-8.84,-0.45,4.15
202.2,-8.84,-0.45,4.15
202.27,-8.84,-0.45,4.15
202.35,-8.84,-0.45,4.15
202.41,-8.84,-0.45,4.15
202.48,-8.84,-0.45,4.15
202.55,-8.84,-0.45,4.15
202.61,-8.84,-0.45,4.15
202.68,-8.84,-0.45,4.15
202.74,-8.84,-0.45,4.15
202.81,-8.84,-0.45,4.15
202.88,-8.84,-0.45,4.15
202.94,-8.84,-0.45,4.15
203.01,-8.84,-0.45,4.15
203.07,-8.84,-0.45,4.15
203.14,-8.84,-0.45,4.15
203.21,-8.84,-0.45,4.15
203.27,-8.84,-0.45,4.15
203.34,-8.84,-0.45,4.15
203.41,-8.84,-0.45,4.15
203.47,-8.84,-0.45,4.15
203.54,-8.84,-0.45,4.15
203.6,-8.84,-0.45,4.15
203.67,-8.84,-0.45,4.15
203.74,-8.84,-0.45,4.15
203.8,-8.84,-0.45,4.15
203.87,-8.84,-0.45,4.15
203.93,-8.84,-0.45,4.15
204.0,-8.84,-0.45,4.15
204.07,-8.84,-0.45,4.15
204.13,-8.84,-0.45,4.15
204.2,-8.84,-0.45,4.15
204.27,-8.84,-0.45,4.15
204.33,-8.84,-0.45,4.15
204.4,-8.84,-0.45,4.15
204.46,-8.84,-0.45,4.15
204.53,-8.84,-0.45,4.15
204.6,-8.84,-0.45,4.15
204.66,-8.84,-0.45,4.15
204.73,-8.84,-0.45,4.15
204.8,-8.84,-0.45,4.15
204.86,-8.84,-0.45,4.15
204.93,-8.84,-0.45,4.15
204.99,-8.84,-0.45,4.15
205.06,-8.84,-0.45,4.15
205.13,-8.84,-0.45,4.15
205.19,-8.84,-0.45,4.15
205.26,-8.84,-0.45,4.15
205.33,-8.84,-0.45,4.15
205.39,-8.84,-0.45,4.15
205.46,-8.84,-0.45,4.15
205.53,-8.84,-0.45,4.15
205.59,-8.84,-0.45,4.15
205.66,-8.84,-0.45,4.15
205.73,-8.84,-0.45,4.15
205.79,-8.84,-0.45,4.15
205.86,-8.84,-0.45,4.15
205.92,-8.84,-0.45,4.15
205.99,-8.84,-0.45,4.15
206.06,-8.84,-0.45,4.15
206.13,-8.84,-0.45,4.15
206.19,-8.84,-0.45,4.15
206.26,-8.84,-0.45,4.15
206.32,-8.84,-0.45,4.15
206.39,-8.84,-0.45,4.15
206.46,-8.84,-0.45,4.15
206.52,-8.84,-0.45,4.15
206.59,-8.84,-0.45,4.15
206.66,-8.84,-0.45,4.15
206.72,-8.84,-0.45,4.15
206.79,-8.84,-0.45,4.15
206.86,-8.84,-0.45,4.15
206.92,-8.84,-0.45,4.15
206.99,-8.84,-0.45,4.15
207.06,-8.84,-0.45,4.15
207.12,-8.84,-0.45,4.15
207.19,-8.84,-0.45,4.15
207.26,-8.84,-0.45,4.15
207.32,-8.84,-0.45,4.15
207.39,-8.84,-0.45,4.15
207.46,-8.84,-0.45,4.15
207.52,-8.84,-0.45,4.15
207.59,-8.84,-0.45,4.15
207.66,-8.84,-0.45,4.15
207.72,-8.84,-0.45,4.15
207.79,-8.84,-0.45,4.15
207.86,-8.84,-0.45,4.15
207.92,-8.84,-0.45,4.15
207.99,-8.84,-0.45,4.15
208.06,-8.84,-0.45,4.15
208.13,-8.84,-0.45,4.15
208.19,-8.84,-0.45,4.15
208.26,-8.84,-0.45,4.15
208.33,-8.84,-0.45,4.15
208.39,-8.84,-0.45,4.15
208.46,-8.84,-0.45,4.15
208.53,-8.84,-0.45,4.15
208.59,-8.84,-0.45,4.15
208.66,-8.84,-0.45,4.15
208.73,-8.84,-0.45,4.15
208.79,-8.84,-0.45,4.15
208.86,-8.84,-0.45,4.15
208.93,-8.84,-0.45,4.15
209.0,-8.84,-0.45,4.15
209.07,-8.84,-0.45,4.15
209.13,-8.84,-0.45,4.15
209.2,-8.84,-0.45,4.15
209.27,-8.84,-0.45,4.15
209.33,-8.84,-0.45,4.15
209.4,-8.84,-0.45,4.15
209.46,-8.84,-0.45,4.15
209.53,-8.84,-0.45,4.15
209.6,-8.84,-0.45,4.15
209.66,-8.84,-0.45,4.15
209.73,-8.84,-0.45,4.15
209.79,-8.84,-0.45,4.15
209.86,-8.84,-0.45,4.15
209.93,-8.84,-0.45,4.15
209.99,-8.84,-0.45,4.15
210.06,-8.84,-0.45,4.15
210.13,-8.84,-0.45,4.15
210.19,-8.84,-0.45,4.15
210.26,-8.84,-0.45,4.15
210.32,-8.84,-0.45,4.15
210.39,-8.84,-0.45,4.15
210.46,-8.84,-0.45,4.15
210.52,-8.84,-0.45,4.15
210.59,-8.84,-0.45,4.15
210.66,-8.84,-0.45,4.15
210.72,-8.84,-0.45,4.15
210.79,-8.84,-0.45,4.15
210.85,-8.84,-0.45,4.15
210.92,-8.84,-0.45,4.15
210.99,-8.84,-0.45,4.15
211.05,-8.84,-0.45,4.15
211.12,-8.84,-0.45,4.15
211.19,-8.84,-0.45,4.15
211.25,-8.84,-0.45,4.15
211.32,-8.84,-0.45,4.15
211.38,-8.84,-0.45,4.15
211.45,-8.84,-0.45,4.15
211.52,-8.84,-0.45,4.15
211.58,-8.84,-0.45,4.15
211.65,-8.84,-0.45,4.15
211.72,-8.84,-0.45,4.15
211.78,-8.84,-0.45,4.15
211.85,-8.84,-0.45,4.15
211.92,-8.84,-0.45,4.15
211.98,-8.84,-0.45,4.15
212.05,-8.84,-0.45,4.15
212.12,-8.84,-0.45,4.15
212.18,-8.84,-0.45,4.15
212.25,-8.84,-0.45,4.15
212.32,-8.84,-0.45,4.15
212.38,-8.84,-0.45,4.15
212.45,-8.84,-0.45,4.15
212.52,-8.84,-0.45,4.15
212.58,-8.84,-0.45,4.15
212.65,-8.84,-0.45,4.15
212.72,-8.84,-0.45,4.15
212.78,-8.84,-0.45,4.15
212.85,-8.84,-0.45,4.15
212.92,-8.84,-0.45,4.15
212.98,-8.84,-0.45,4.15
213.05,-8.84,-0.45,4.15
213.11,-8.84,-0.45,4.15
213.18,-8.84,-0.45,4.15
213.25,-8.84,-0.45,4.15
213.31,-8.84,-0.45,4.15
213.38,-8.84,-0.45,4.15
213.44,-8.84,-0.45,4.15
213.51,-8.84,-0.45,4.15
213.58,-8.84,-0.45,4.15
213.64,-8.84,-0.45,4.15
213.71,-8.84,-0.45,4.15
213.78,-8.84,-0.45,4.15
213.84,-8.84,-0.45,4.15
213.91,-8.84,-0.45,4.15
213.97,-8.84,-0.45,4.15
214.04,-8.84,-0.45,4.15
214.11,-8.84,-0.45,4.15
214.17,-8.84,-0.45,4.15
214.24,-8.84,-0.45,4.15
214.31,-8.84,-0.45,4.15
214.37,-8.84,-0.45,4.15
214.44,-8.84,-0.45,4.15
214.5,-8.84,-0.45,4.15
214.57,-8.84,-0.45,4.15
214.64,-8.84,-0.45,4.15
214.7,-8.84,-0.45,4.15
214.77,-8.84,-0.45,4.15
214.83,-8.84,-0.45,4.15
214.9,-8.84,-0.45,4.15
214.97,-8.84,-0.45,4.15
215.03,-8.84,-0.45,4.15
215.1,-8.84,-0.45,4.15
215.16,-8.84,-0.45,4.15
215.23,-8.84,-0.45,4.15
215.29,-8.84,-0.45,4.15
215.36,-8.84,-0.45,4.15
215.43,-8.84,-0.45,4.15
215.49,-8.84,-0.45,4.15
215.56,-8.84,-0.45,4.15
215.63,-8.84,-0.45,4.15
215.7,-8.84,-0.45,4.15
215.76,-8.84,-0.45,4.15
215.83,-8.84,-0.45,4.15
215.89,-8.84,-0.45,4.15
215.96,-8.84,-0.45,4.15
216.02,-8.84,-0.45,4.15
216.09,-8.84,-0.45,4.15
216.16,-8.84,-0.45,4.15
216.22,-8.84,-0.45,4.15
216.29,-8.84,-0.45,4.15
216.35,-8.84,-0.45,4.15
216.42,-8.84,-0.45,4.15
216.48,-8.84,-0.45,4.15
216.55,-8.84,-0.45,4.15
216.61,-8.84,-0.45,4.15
216.68,-8.84,-0.45,4.15
216.75,-8.84,-0.45,4.15
216.81,-8.84,-0.45,4.15
216.88,-8.84,-0.45,4.15
216.94,-8.84,-0.45,4.15
217.01,-8.84,-0.45,4.15
217.08,-8.84,-0.45,4.15
217.14,-8.84,-0.45,4.15
217.21,-8.84,-0.45,4.15
217.27,-8.84,-0.45,4.15
217.34,-8.84,-0.45,4.15
217.4,-8.84,-0.45,4.15
217.47,-8.84,-0.45,4.15
217.54,-8.84,-0.45,4.15
217.6,-8.84,-0.45,4.15
217.67,-8.84,-0.45,4.15
217.74,-8.84,-0.45,4.15
217.8,-8.84,-0.45,4.15
217.87,-8.84,-0.45,4.15
217.94,-8.84,-0.45,4.15
218.0,-8.84,-0.45,4.15
218.07,-8.84,-0.45,4.15
218.14,-8.84,-0.45,4.15
218.2,-8.84,-0.45,4.15
218.27,-8.84,-0.45,4.15
218.34,-8.84,-0.45,4.15
218.4,-8.84,-0.45,4.15
218.47,-8.84,-0.45,4.15
218.54,-8.84,-0.45,4.15
218.6,-8.84,-0.45,4.15
218.67,-8.84,-0.45,4.15
218.74,-8.84,-0.45,4.15
218.8,-8.84,-0.45,4.15
218.87,-8.84,-0.45,4.15
218.94,-8.84,-0.45,4.15
219.0,-8.84,-0.45,4.15
219.07,-8.84,-0.45,4.15
219.14,-8.84,-0.45,4.15
219.2,-8.84,-0.45,4.15
219.27,-8.84,-0.45,4.15
219.34,-8.84,-0.45,4.15
219.4,-8.84,-0.45,4.15
219.47,-8.84,-0.45,4.15
219.54,-8.84,-0.45,4.15
219.6,-8.84,-0.45,4.15
219.67,-8.84,-0.45,4.15
219.74,-8.84,-0.45,4.15
219.8,-8.84,-0.45,4.15
219.87,-8.84,-0.45,4.15
219.94,-8.84,-0.45,4.15
220.0,-8.84,-0.45,4.15
220.07,-8.84,-0.45,4.15
220.14,-8.84,-0.45,4.15
220.2,-8.84,-0.45,4.15
220.27,-8.84,-0.45,4.15
220.34,-8.84,-0.45,4.15
220.4,-8.84,-0.45,4.15
220.47,-8.84,-0.45,4.15
220.54,-8.84,-0.45,4.15
220.6,-8.84,-0.45,4.15
220.67,-8.84,-0.45,4.15
220.74,-8.84,-0.45,4.15
220.8,-8.84,-0.45,4.15
220.87,-8.84,-0.45,4.15
220.94,-8.84,-0.45,4.15
221.0,-8.84,-0.45,4.15
221.07,-8.84,-0.45,4.15
221.14,-8.84,-0.45,4.15
221.2,-8.84,-0.45,4.15
221.27,-8.84,-0.45,4.15
221.34,-8.84,-0.45,4.15
221.4,-8.84,-0.45,4.15
221.47,-8.84,-0.45,4.15
221.54,-8.84,-0.45,4.15
221.6,-8.84,-0.45,4.15
221.67,-8.84,-0.45,4.15
221.74,-8.84,-0.45,4.15
221.8,-8.84,-0.45,4.15
221.87,-8.84,-0.45,4.15
221.94,-8.84,-0.45,4.15
222.01,-8.84,-0.45,4.15
222.07,-8.84,-0.45,4.15
222.15,-8.84,-0.45,4.15
222.21,-8.84,-0.45,4.15
222.28,-8.84,-0.45,4.15
222.34,-8.84,-0.45,4.15
222.41,-8.84,-0.45,4.15
222.48,-8.84,-0.45,4.15
222.54,-8.84,-0.45,4.15
222.61,-8.84,-0.45,4.15
222.68,-8.84,-0.45,4.15
222.74,-8.84,-0.45,4.15
222.81,-8.84,-0.45,4.15
222.87,-8.84,-0.45,4.15
222.94,-8.84,-0.45,4.15
223.01,-8.84,-0.45,4.15
223.07,-8.84,-0.45,4.15
223.15,-8.84,-0.45,4.15
223.21,-8.84,-0.45,4.15
223.28,-8.84,-0.45,4.15
223.35,-8.84,-0.45,4.15
223.41,-8.84,-0.45,4.15
223.48,-8.84,-0.45,4.15
223.55,-8.84,-0.45,4.15
223.61,-8.84,-0.45,4.15
223.68,-8.84,-0.45,4.15
223.74,-8.84,-0.45,4.15
223.81,-8.84,-0.45,4.15
223.88,-8.84,-0.45,4.15
223.94,-8.84,-0.45,4.15
224.01,-8.84,-0.45,4.15
224.08,-8.84,-0.45,4.15
224.14,-8.84,-0.45,4.15
224.21,-8.84,-0.45,4.15
224.28,-8.84,-0.45,4.15
224.34,-8.84,-0.45,4.15
224.41,-8.84,-0.45,4.15
224.48,-8.84,-0.45,4.15
224.54,-8.84,-0.45,4.15
224.61,-8.84,-0.45,4.15
224.67,-8.84,-0.45,4.15
224.74,-8.84,-0.45,4.15
224.81,-8.84,-0.45,4.15
224.87,-8.84,-0.45,4.15
224.94,-8.84,-0.45,4.15
225.01,-8.84,-0.45,4.15
225.07,-8.84,-0.45,4.15
225.14,-8.84,-0.45,4.15
225.21,-8.84,-0.45,4.15
225.27,-8.84,-0.45,4.15
225.34,-8.84,-0.45,4.15
225.4,-8.84,-0.45,4.15
225.47,-8.84,-0.45,4.15
225.54,-8.84,-0.45,4.15
225.6,-8.84,-0.45,4.15
225.67,-8.84,-0.45,4.15
225.74,-8.84,-0.45,4.15
225.8,-8.84,-0.45,4.15
225.87,-8.84,-0.45,4.15
225.93,-8.84,-0.45,4.15
226.0,-8.84,-0.45,4.15
226.07,-8.84,-0.45,4.15
226.14,-8.84,-0.45,4.15
226.2,-8.84,-0.45,4.15
226.27,-8.84,-0.45,4.15
226.33,-8.84,-0.45,4.15
226.4,-8.84,-0.45,4.15
226.47,-8.84,-0.45,4.15
226.53,-8.84,-0.45,4.15
226.6,-8.84,-0.45,4.15
226.67,-8.84,-0.45,4.15
226.74,-8.84,-0.45,4.15
226.8,-8.84,-0.45,4.15
226.87,-8.84,-0.45,4.15
226.94,-8.84,-0.45,4.15
227.0,-8.84,-0.45,4.15
227.07,-8.84,-0.45,4.15
227.14,-8.84,-0.45,4.15
227.2,-8.84,-0.45,4.15
227.27,-8.84,-0.45,4.15
227.34,-8.84,-0.45,4.15
227.4,-8.84,-0.45,4.15
227.47,-8.84,-0.45,4.15
227.54,-8.84,-0.45,4.15
227.6,-8.84,-0.45,4.15
227.67,-8.84,-0.45,4.15
227.74,-8.84,-0.45,4.15
227.8,-8.84,-0.45,4.15
227.87,-8.84,-0.45,4.15
227.94,-8.84,-0.45,4.15
228.0,-8.84,-0.45,4.15
228.07,-8.84,-0.45,4.15
228.14,-8.84,-0.45,4.15
228.2,-8.84,-0.45,4.15
228.27,-8.84,-0.45,4.15
228.34,-8.84,-0.45,4.15
228.4,-8.84,-0.45,4.15
228.47,-8.84,-0.45,4.15
228.54,-8.84,-0.45,4.15
228.6,-8.84,-0.45,4.15
228.67,-8.84,-0.45,4.15
228.74,-8.84,-0.45,4.15
228.81,-8.84,-0.45,4.15
228.88,-8.84,-0.45,4.15
228.94,-8.84,-0.45,4.15
229.01,-8.84,-0.45,4.15
229.08,-8.84,-0.45,4.15
229.14,-8.84,-0.45,4.15
229.21,-8.84,-0.45,4.15
229.27,-8.84,-0.45,4.15
229.34,-8.84,-0.45,4.15
229.41,-8.84,-0.45,4.15
229.47,-8.84,-0.45,4.15
229.54,-8.84,-0.45,4.15
229.6,-8.84,-0.45,4.15
229.67,-8.84,-0.45,4.15
229.74,-8.84,-0.45,4.15
229.8,-8.84,-0.45,4.15
229.87,-8.84,-0.45,4.15
229.93,-8.84,-0.45,4.15
230.0,-8.84,-0.45,4.15
230.08,-8.84,-0.45,4.15
230.14,-8.84,-0.45,4.15
230.21,-8.84,-0.45,4.15
230.28,-8.84,-0.45,4.15
230.34,-8.84,-0.45,4.15
230.41,-8.84,-0.45,4.15
230.48,-8.84,-0.45,4.15
230.54,-8.84,-0.45,4.15
230.61,-8.84,-0.45,4.15
230.67,-8.84,-0.45,4.15
230.74,-8.84,-0.45,4.15
230.81,-8.84,-0.45,4.15
230.87,-8.84,-0.45,4.15
230.94,-8.84,-0.45,4.15
231.0,-8.84,-0.45,4.15
231.07,-8.84,-0.45,4.15
231.14,-8.84,-0.45,4.15
231.2,-8.84,-0.45,4.15
231.27,-8.84,-0.45,4.15
231.33,-8.84,-0.45,4.15
231.4,-8.84,-0.45,4.15
231.47,-8.84,-0.45,4.15
231.53,-8.84,-0.45,4.15
231.6,-8.84,-0.45,4.15
231.66,-8.84,-0.45,4.15
231.73,-8.84,-0.45,4.15
231.8,-8.84,-0.45,4.15
231.86,-8.84,-0.45,4.15
231.93,-8.84,-0.45,4.15
231.99,-8.84,-0.45,4.15
232.06,-8.84,-0.45,4.15
232.13,-8.84,-0.45,4.15
232.19,-8.84,-0.45,4.15
232.26,-8.84,-0.45,4.15
232.33,-8.84,-0.45,4.15
232.39,-8.84,-0.45,4.15
232.46,-8.84,-0.45,4.15
232.52,-8.84,-0.45,4.15
232.59,-8.84,-0.45,4.15
232.66,-8.84,-0.45,4.15
232.72,-8.84,-0.45,4.15
232.79,-8.84,-0.45,4.15
232.86,-8.84,-0.45,4.15
232.92,-8.84,-0.45,4.15
232.99,-8.84,-0.45,4.15
233.05,-8.84,-0.45,4.15
233.12,-8.84,-0.45,4.15
233.19,-8.84,-0.45,4.15
233.25,-8.84,-0.45,4.15
233.32,-8.84,-0.45,4.15
233.39,-8.84,-0.45,4.15
233.45,-8.84,-0.45,4.15
233.52,-8.84,-0.45,4.15
233.59,-8.84,-0.45,4.15
233.65,-8.84,-0.45,4.15
233.72,-8.84,-0.45,4.15
233.78,-8.84,-0.45,4.15
233.85,-8.84,-0.45,4.15
233.92,-8.84,-0.45,4.15
233.98,-8.84,-0.45,4.15
234.12,-8.84,-0.45,4.15
234.19,-8.84,-0.45,4.15
234.25,-8.84,-0.45,4.15
234.32,-8.84,-0.45,4.15
234.39,-8.84,-0.45,4.15
234.45,-8.84,-0.45,4.15
234.52,-8.84,-0.45,4.15
234.59,-8.84,-0.45,4.15
234.65,-8.84,-0.45,4.15
234.72,-8.84,-0.45,4.15
234.79,-8.84,-0.45,4.15
234.85,-8.84,-0.45,4.15
234.92,-8.84,-0.45,4.15
234.98,-8.84,-0.45,4.15
235.05,-8.84,-0.45,4.15
235.12,-8.84,-0.45,4.15
235.19,-8.84,-0.45,4.15
235.25,-8.84,-0.45,4.15
235.32,-8.84,-0.45,4.15
235.38,-8.84,-0.45,4.15
235.45,-8.84,-0.45,4.15
235.52,-8.84,-0.45,4.15
235.58,-8.84,-0.45,4.15
235.65,-8.84,-0.45,4.15
235.72,-8.84,-0.45,4.15
235.78,-8.84,-0.45,4.15
235.85,-8.84,-0.45,4.15
235.92,-8.84,-0.45,4.15
235.98,-8.84,-0.45,4.15
236.05,-8.84,-0.45,4.15
236.12,-8.84,-0.45,4.15
236.18,-8.84,-0.45,4.15
236.25,-8.84,-0.45,4.15
236.32,-8.84,-0.45,4.15
236.38,-8.84,-0.45,4.15
236.45,-8.84,-0.45,4.15
236.52,-8.84,-0.45,4.15
236.58,-8.84,-0.45,4.15
236.65,-8.84,-0.45,4.15
236.72,-8.84,-0.45,4.15
236.79,-8.84,-0.45,4.15
236.85,-8.84,-0.45,4.15
236.92,-8.84,-0.45,4.15
236.99,-8.84,-0.45,4.15
237.05,-8.84,-0.45,4.15
237.12,-8.84,-0.45,4.15
237.19,-8.84,-0.45,4.15
237.26,-8.84,-0.45,4.15
237.32,-8.84,-0.45,4.15
237.39,-8.84,-0.45,4.15
237.45,-8.84,-0.45,4.15
237.52,-8.84,-0.45,4.15
237.59,-8.84,-0.45,4.15
237.65,-8.84,-0.45,4.15
237.72,-8.84,-0.45,4.15
237.78,-8.84,-0.45,4.15
237.85,-8.84,-0.45,4.15
237.92,-8.84,-0.45,4.15
237.98,-8.84,-0.45,4.15
238.05,-8.84,-0.45,4.15
238.11,-8.84,-0.45,4.15
238.18,-8.84,-0.45,4.15
238.25,-8.84,-0.45,4.15
238.31,-8.84,-0.45,4.15
238.38,-8.84,-0.45,4.15
238.45,-8.84,-0.45,4.15
238.51,-8.84,-0.45,4.15
238.58,-8.84,-0.45,4.15
238.64,-8.84,-0.45,4.15
238.71,-8.84,-0.45,4.15
238.78,-8.84,-0.45,4.15
238.84,-8.84,-0.45,4.15
238.91,-8.84,-0.45,4.15
238.97,-8.84,-0.45,4.15
239.04,-8.84,-0.45,4.15
239.11,-8.84,-0.45,4.15
239.18,-8.84,-0.45,4.15
239.24,-8.84,-0.45,4.15
239.31,-8.84,-0.45,4.15
239.37,-8.84,-0.45,4.15
239.44,-8.84,-0.45,4.15
239.51,-8.84,-0.45,4.15
239.57,-8.84,-0.45,4.15
239.64,-8.84,-0.45,4.15
239.71,-8.84,-0.45,4.15
239.77,-8.84,-0.45,4.15
239.84,-8.84,-0.45,4.15
239.9,-8.84,-0.45,4.15
239.97,-8.84,-0.45,4.15
240.04,-8.84,-0.45,4.15
240.1,-8.84,-0.45,4.15
240.17,-8.84,-0.45,4.15
240.24,-8.84,-0.45,4.15
240.3,-8.84,-0.45,4.15
240.37,-8.84,-0.45,4.15
240.44,-8.84,-0.45,4.15
240.5,-8.84,-0.45,4.15
240.57,-8.84,-0.45,4.15
240.64,-8.84,-0.45,4.15
240.7,-8.84,-0.45,4.15
240.77,-8.84,-0.45,4.15
240.83,-8.84,-0.45,4.15
240.9,-8.84,-0.45,4.15
240.97,-8.84,-0.45,4.15
241.03,-8.84,-0.45,4.15
241.1,-8.84,-0.45,4.15
241.17,-8.84,-0.45,4.15
241.23,-8.84,-0.45,4.15
241.3,-8.84,-0.45,4.15
241.37,-8.84,-0.45,4.15
241.43,-8.84,-0.45,4.15
241.5,-8.84,-0.45,4.15
241.56,-8.84,-0.45,4.15
241.63,-8.84,-0.45,4.15
241.7,-8.84,-0.45,4.15
241.76,-8.84,-0.45,4.15
241.83,-8.84,-0.45,4.15
241.9,-8.84,-0.45,4.15
241.96,-8.84,-0.45,4.15
242.03,-8.84,-0.45,4.15
242.1,-8.84,-0.45,4.15
242.16,-8.84,-0.45,4.15
242.23,-8.84,-0.45,4.15
242.3,-8.84,-0.45,4.15
242.36,-8.84,-0.45,4.15
242.43,-8.84,-0.45,4.15
242.5,-8.84,-0.45,4.15
242.56,-8.84,-0.45,4.15
242.63,-8.84,-0.45,4.15
242.7,-8.84,-0.45,4.15
242.76,-8.84,-0.45,4.15
242.83,-8.84,-0.45,4.15
242.9,-8.84,-0.45,4.15
242.96,-8.84,-0.45,4.15
243.03,-8.84,-0.45,4.15
243.1,-8.84,-0.45,4.15
243.16,-8.84,-0.45,4.15
243.23,-8.84,-0.45,4.15
243.3,-8.84,-0.45,4.15
243.37,-8.84,-0.45,4.15
243.44,-8.84,-0.45,4.15
243.5,-8.84,-0.45,4.15
243.57,-8.84,-0.45,4.15
243.64,-8.84,-0.45,4.15
243.7,-8.84,-0.45,4.15
243.77,-8.84,-0.45,4.15
243.83,-8.84,-0.45,4.15
243.9,-8.84,-0.45,4.15
243.97,-8.84,-0.45,4.15
244.03,-8.84,-0.45,4.15
244.1,-8.84,-0.45,4.15
244.16,-8.84,-0.45,4.15
244.23,-8.84,-0.45,4.15
244.3,-8.84,-0.45,4.15
244.36,-8.84,-0.45,4.15
244.43,-8.84,-0.45,4.15
244.49,-8.84,-0.45,4.15
244.56,-8.84,-0.45,4.15
244.63,-8.84,-0.45,4.15
244.69,-8.84,-0.45,4.15
244.76,-8.84,-0.45,4.15
244.82,-8.84,-0.45,4.15
244.89,-8.84,-0.45,4.15
244.96,-8.84,-0.45,4.15
245.02,-8.84,-0.45,4.15
245.09,-8.84,-0.45,4.15
245.15,-8.84,-0.45,4.15
245.22,-8.84,-0.45,4.15
245.29,-8.84,-0.45,4.15
245.35,-8.84,-0.45,4.15
245.42,-8.84,-0.45,4.15
245.49,-8.84,-0.45,4.15
245.55,-8.84,-0.45,4.15
245.62,-8.84,-0.45,4.15
245.68,-8.84,-0.45,4.15
245.75,-8.84,-0.45,4.15
245.82,-8.84,-0.45,4.15
245.88,-8.84,-0.45,4.15
245.95,-8.84,-0.45,4.15
246.02,-8.84,-0.45,4.15
246.08,-8.84,-0.45,4.15
246.15,-8.84,-0.45,4.15
246.22,-8.84,-0.45,4.15
246.28,-8.84,-0.45,4.15
246.35,-8.84,-0.45,4.15
246.41,-8.84,-0.45,4.15
246.48,-8.84,-0.45,4.15
246.55,-8.84,-0.45,4.15
246.61,-8.84,-0.45,4.15
246.68,-8.84,-0.45,4.15
246.75,-8.84,-0.45,4.15
246.81,-8.84,-0.45,4.15
246.88,-8.84,-0.45,4.15
246.94,-8.84,-0.45,4.15
247.01,-8.84,-0.45,4.15
247.08,-8.84,-0.45,4.15
247.14,-8.84,-0.45,4.15
247.21,-8.84,-0.45,4.15
247.28,-8.84,-0.45,4.15
247.34,-8.84,-0.45,4.15
247.41,-8.84,-0.45,4.15
247.48,-8.84,-0.45,4.15
247.54,-8.84,-0.45,4.15
247.61,-8.84,-0.45,4.15
247.68,-8.84,-0.45,4.15
247.74,-8.84,-0.45,4.15
247.81,-8.84,-0.45,4.15
247.88,-8.84,-0.45,4.15
247.94,-8.84,-0.45,4.15
248.01,-8.84,-0.45,4.15
248.07,-8.84,-0.45,4.15
248.14,-8.84,-0.45,4.15
248.21,-8.84,-0.45,4.15
248.28,-8.84,-0.45,4.15
248.34,-8.84,-0.45,4.15
248.41,-8.84,-0.45,4.15
248.48,-8.84,-0.45,4.15
248.54,-8.84,-0.45,4.15
248.61,-8.84,-0.45,4.15
248.67,-8.84,-0.45,4.15
248.74,-8.84,-0.45,4.15
248.81,-8.84,-0.45,4.15
248.87,-8.84,-0.45,4.15
248.94,-8.84,-0.45,4.15
249.01,-8.84,-0.45,4.15
249.07,-8.84,-0.45,4.15
249.14,-8.84,-0.45,4.15
249.21,-8.84,-0.45,4.15
249.28,-8.84,-0.45,4.15
249.34,-8.84,-0.45,4.15
249.41,-8.84,-0.45,4.15
249.48,-8.84,-0.45,4.15
249.54,-8.84,-0.45,4.15
249.61,-8.84,-0.45,4.15
249.68,-8.84,-0.45,4.15
249.75,-8.84,-0.45,4.15
249.81,-8.84,-0.45,4.15
249.88,-8.84,-0.45,4.15
249.95,-8.84,-0.45,4.15
250.01,-8.84,-0.45,4.15
250.08,-8.84,-0.45,4.15
250.14,-8.84,-0.45,4.15
250.21,-8.84,-0.45,4.15
250.28,-8.84,-0.45,4.15
250.34,-8.84,-0.45,4.15
250.41,-8.84,-0.45,4.15
250.47,-8.84,-0.45,4.15
250.54,-8.84,-0.45,4.15
250.61,-8.84,-0.45,4.15
250.67,-8.84,-0.45,4.15
250.74,-8.84,-0.45,4.15
250.8,-8.84,-0.45,4.15
250.87,-8.84,-0.45,4.15
250.94,-8.84,-0.45,4.15
251.0,-8.84,-0.45,4.15
251.07,-8.84,-0.45,4.15
251.13,-8.84,-0.45,4.15
251.2,-8.84,-0.45,4.15
251.27,-8.84,-0.45,4.15
251.33,-8.84,-0.45,4.15
251.4,-8.84,-0.45,4.15
251.47,-8.84,-0.45,4.15
251.53,-8.84,-0.45,4.15
251.6,-8.84,-0.45,4.15
251.67,-8.84,-0.45,4.15
251.73,-8.84,-0.45,4.15
251.8,-8.84,-0.45,4.15
251.87,-8.84,-0.45,4.15
251.93,-8.84,-0.45,4.15
252.0,-8.84,-0.45,4.15
252.06,-8.84,-0.45,4.15
252.13,-8.84,-0.45,4.15
252.2,-8.84,-0.45,4.15
252.26,-8.84,-0.45,4.15
252.33,-8.84,-0.45,4.15
252.4,-8.84,-0.45,4.15
252.46,-8.84,-0.45,4.15
252.53,-8.84,-0.45,4.15
252.6,-8.84,-0.45,4.15
252.66,-8.84,-0.45,4.15
252.73,-8.84,-0.45,4.15
252.79,-8.84,-0.45,4.15
252.86,-8.84,-0.45,4.15
252.93,-8.84,-0.45,4.15
252.99,-8.84,-0.45,4.15
253.06,-8.84,-0.45,4.15
253.13,-8.84,-0.45,4.15
253.19,-8.84,-0.45,4.15
253.26,-8.84,-0.45,4.15
253.33,-8.84,-0.45,4.15
253.39,-8.84,-0.45,4.15
253.46,-8.84,-0.45,4.15
253.52,-8.84,-0.45,4.15
253.59,-8.84,-0.45,4.15
253.66,-8.84,-0.45,4.15
253.72,-8.84,-0.45,4.15
253.79,-8.84,-0.45,4.15
253.86,-8.84,-0.45,4.15
253.92,-8.84,-0.45,4.15
253.99,-8.84,-0.45,4.15
254.06,-8.84,-0.45,4.15
254.12,-8.84,-0.45,4.15
254.19,-8.84,-0.45,4.15
254.26,-8.84,-0.45,4.15
254.32,-8.84,-0.45,4.15
254.39,-8.84,-0.45,4.15
254.46,-8.84,-0.45,4.15
254.52,-8.84,-0.45,4.15
254.59,-8.84,-0.45,4.15
254.66,-8.84,-0.45,4.15
254.72,-8.84,-0.45,4.15
254.79,-8.84,-0.45,4.15
254.86,-8.84,-0.45,4.15
254.92,-8.84,-0.45,4.15
254.99,-8.84,-0.45,4.15
255.06,-8.84,-0.45,4.15
255.12,-8.84,-0.45,4.15
255.19,-8.84,-0.45,4.15
255.26,-8.84,-0.45,4.15
255.33,-8.84,-0.45,4.15
255.39,-8.84,-0.45,4.15
255.46,-8.84,-0.45,4.15
255.53,-8.84,-0.45,4.15
255.59,-8.84,-0.45,4.15
255.66,-8.84,-0.45,4.15
255.73,-8.84,-0.45,4.15
255.79,-8.84,-0.45,4.15
255.87,-8.84,-0.45,4.15
255.93,-8.84,-0.45,4.15
256.0,-8.84,-0.45,4.15
256.06,-8.84,-0.45,4.15
256.13,-8.84,-0.45,4.15
256.2,-8.84,-0.45,4.15
256.26,-8.84,-0.45,4.15
256.33,-8.84,-0.45,4.15
256.4,-8.84,-0.45,4.15
256.46,-8.84,-0.45,4.15
256.53,-8.84,-0.45,4.15
256.59,-8.84,-0.45,4.15
256.66,-8.84,-0.45,4.15
256.73,-8.84,-0.45,4.15
256.79,-8.84,-0.45,4.15
256.86,-8.84,-0.45,4.15
256.92,-8.84,-0.45,4.15
256.99,-8.84,-0.45,4.15
257.06,-8.84,-0.45,4.15
257.12,-8.84,-0.45,4.15
257.19,-8.84,-0.45,4.15
257.26,-8.84,-0.45,4.15
257.32,-8.84,-0.45,4.15
257.39,-8.84,-0.45,4.15
257.45,-8.84,-0.45,4.15
257.52,-8.84,-0.45,4.15
257.59,-8.84,-0.45,4.15
257.65,-8.84,-0.45,4.15
257.72,-8.84,-0.45,4.15
257.78,-8.84,-0.45,4.15
257.85,-8.84,-0.45,4.15
257.92,-8.84,-0.45,4.15
257.98,-8.84,-0.45,4.15
258.05,-8.84,-0.45,4.15
258.12,-8.84,-0.45,4.15
258.18,-8.84,-0.45,4.15
258.25,-8.84,-0.45,4.15
258.32,-8.84,-0.45,4.15
258.38,-8.84,-0.45,4.15
258.45,-8.84,-0.45,4.15
258.52,-8.84,-0.45,4.15
258.58,-8.84,-0.45,4.15
258.65,-8.84,-0.45,4.15
258.71,-8.84,-0.45,4.15
258.78,-8.84,-0.45,4.15
258.85,-8.84,-0.45,4.15
258.91,-8.84,-0.45,4.15
258.98,-8.84,-0.45,4.15
259.05,-8.84,-0.45,4.15
259.11,-8.84,-0.45,4.15
259.18,-8.84,-0.45,4.15
259.25,-8.84,-0.45,4.15
259.31,-8.84,-0.45,4.15
259.38,-8.84,-0.45,4.15
259.44,-8.84,-0.45,4.15
259.51,-8.84,-0.45,4.15
259.58,-8.84,-0.45,4.15
259.64,-8.84,-0.45,4.15
259.71,-8.84,-0.45,4.15
259.78,-8.84,-0.45,4.15
259.84,-8.84,-0.45,4.15
259.91,-8.84,-0.45,4.15
259.97,-8.84,-0.45,4.15
260.04,-8.84,-0.45,4.15
260.11,-8.84,-0.45,4.15
260.17,-8.84,-0.45,4.15
260.24,-8.84,-0.45,4.15
260.31,-8.84,-0.45,4.15
260.37,-8.84,-0.45,4.15
260.44,-8.84,-0.45,4.15
260.51,-8.84,-0.45,4.15
260.57,-8.84,-0.45,4.15
260.64,-8.84,-0.45,4.15
260.71,-8.84,-0.45,4.15
260.77,-8.84,-0.45,4.15
260.84,-8.84,-0.45,4.15
260.91,-8.84,-0.45,4.15
260.97,-8.84,-0.45,4.15
261.04,-8.84,-0.45,4.15
261.11,-8.84,-0.45,4.15
261.17,-8.84,-0.45,4.15
261.24,-8.84,-0.45,4.15
261.31,-8.84,-0.45,4.15
261.38,-8.84,-0.45,4.15
261.44,-8.84,-0.45,4.15
261.51,-8.84,-0.45,4.15
261.58,-8.84,-0.45,4.15
261.64,-8.84,-0.45,4.15
261.71,-8.84,-0.45,4.15
261.78,-8.84,-0.45,4.15
261.84,-8.84,-0.45,4.15
261.91,-8.84,-0.45,4.15
261.98,-8.84,-0.45,4.15
262.04,-8.84,-0.45,4.15
262.11,-8.84,-0.45,4.15
262.19,-8.84,-0.45,4.15
262.25,-8.84,-0.45,4.15
262.32,-8.84,-0.45,4.15
262.39,-8.84,-0.45,4.15
262.45,-8.84,-0.45,4.15
262.52,-8.84,-0.45,4.15
262.58,-8.84,-0.45,4.15
262.65,-8.84,-0.45,4.15
262.72,-8.84,-0.45,4.15
262.78,-8.84,-0.45,4.15
262.85,-8.84,-0.45,4.15
262.92,-8.84,-0.45,4.15
262.98,-8.84,-0.45,4.15
263.05,-8.84,-0.45,4.15
263.11,-8.84,-0.45,4.15
263.18,-8.84,-0.45,4.15
263.25,-8.84,-0.45,4.15
263.31,-8.84,-0.45,4.15
263.38,-8.84,-0.45,4.15
263.44,-8.84,-0.45,4.15
263.51,-8.84,-0.45,4.15
263.58,-8.84,-0.45,4.15
263.64,-8.84,-0.45,4.15
263.71,-8.84,-0.45,4.15
263.78,-8.84,-0.45,4.15
263.84,-8.84,-0.45,4.15
263.91,-8.84,-0.45,4.15
263.97,-8.84,-0.45,4.15
264.04,-8.84,-0.45,4.15
264.11,-8.84,-0.45,4.15
264.17,-8.84,-0.45,4.15
264.24,-8.84,-0.45,4.15
264.31,-8.84,-0.45,4.15
264.37,-8.84,-0.45,4.15
264.44,-8.84,-0.45,4.15
264.5,-8.84,-0.45,4.15
264.57,-8.84,-0.45,4.15
264.64,-8.84,-0.45,4.15
264.7,-8.84,-0.45,4.15
264.77,-8.84,-0.45,4.15
264.84,-8.84,-0.45,4.15
264.9,-8.84,-0.45,4.15
264.97,-8.84,-0.45,4.15
265.04,-8.84,-0.45,4.15
265.1,-8.84,-0.45,4.15
265.17,-8.84,-0.45,4.15
265.24,-8.84,-0.45,4.15
265.3,-8.84,-0.45,4.15
265.37,-8.84,-0.45,4.15
265.44,-8.84,-0.45,4.15
265.5,-8.84,-0.45,4.15
265.57,-8.84,-0.45,4.15
265.64,-8.84,-0.45,4.15
265.7,-8.84,-0.45,4.15
265.77,-8.84,-0.45,4.15
265.84,-8.84,-0.45,4.15
265.9,-8.84,-0.45,4.15
265.97,-8.84,-0.45,4.15
266.04,-8.84,-0.45,4.15
266.1,-8.84,-0.45,4.15
266.17,-8.84,-0.45,4.15
266.24,-8.84,-0.45,4.15
266.3,-8.84,-0.45,4.15
266.37,-8.84,-0.45,4.15
266.44,-8.84,-0.45,4.15
266.5,-8.84,-0.45,4.15
266.57,-8.84,-0.45,4.15
266.64,-8.84,-0.45,4.15
266.7,-8.84,-0.45,4.15
266.77,-8.84,-0.45,4.15
266.84,-8.84,-0.45,4.15
266.9,-8.84,-0.45,4.15
266.97,-8.84,-0.45,4.15
267.03,-8.84,-0.45,4.15
267.1,-8.84,-0.45,4.15
267.17,-8.84,-0.45,4.15
267.24,-8.84,-0.45,4.15
267.3,-8.84,-0.45,4.15
267.37,-8.84,-0.45,4.15
267.44,-8.84,-0.45,4.15
267.5,-8.84,-0.45,4.15
267.57,-8.84,-0.45,4.15
267.64,-8.84,-0.45,4.15
267.7,-8.84,-0.45,4.15
267.77,-8.84,-0.45,4.15
267.84,-8.84,-0.45,4.15
267.9,-8.84,-0.45,4.15
267.97,-8.84,-0.45,4.15
268.04,-8.84,-0.45,4.15
268.1,-8.84,-0.45,4.15
268.17,-8.84,-0.45,4.15
268.24,-8.84,-0.45,4.15
268.3,-8.84,-0.45,4.15
268.37,-8.84,-0.45,4.15
268.44,-8.84,-0.45,4.15
268.5,-8.84,-0.45,4.15
268.57,-8.84,-0.45,4.15
268.64,-8.84,-0.45,4.15
268.71,-8.84,-0.45,4.15
268.77,-8.84,-0.45,4.15
268.85,-8.84,-0.45,4.15
268.91,-8.84,-0.45,4.15
268.98,-8.84,-0.45,4.15
269.04,-8.84,-0.45,4.15
269.11,-8.84,-0.45,4.15
269.18,-8.84,-0.45,4.15
269.24,-8.84,-0.45,4.15
269.31,-8.84,-0.45,4.15
269.38,-8.84,-0.45,4.15
269.44,-8.84,-0.45,4.15
269.51,-8.84,-0.45,4.15
269.57,-8.84,-0.45,4.15
269.64,-8.84,-0.45,4.15
269.71,-8.84,-0.45,4.15
269.77,-8.84,-0.45,4.15
269.84,-8.84,-0.45,4.15
269.9,-8.84,-0.45,4.15
269.97,-8.84,-0.45,4.15
270.04,-8.84,-0.45,4.15
270.1,-8.84,-0.45,4.15
270.17,-8.84,-0.45,4.15
270.24,-8.84,-0.45,4.15
270.3,-8.84,-0.45,4.15
270.37,-8.84,-0.45,4.15
270.44,-8.84,-0.45,4.15
270.5,-8.84,-0.45,4.15
270.57,-8.84,-0.45,4.15
270.63,-8.84,-0.45,4.15
270.7,-8.84,-0.45,4.15
270.77,-8.84,-0.45,4.15
270.83,-8.84,-0.45,4.15
270.9,-8.84,-0.45,4.15
270.97,-8.84,-0.45,4.15
271.03,-8.84,-0.45,4.15
271.1,-8.84,-0.45,4.15
271.17,-8.84,-0.45,4.15
271.24,-8.84,-0.45,4.15
271.31,-8.84,-0.45,4.15
271.37,-8.84,-0.45,4.15
271.44,-8.84,-0.45,4.15
271.51,-8.84,-0.45,4.15
271.57,-8.84,-0.45,4.15
271.64,-8.84,-0.45,4.15
271.7,-8.84,-0.45,4.15
271.77,-8.84,-0.45,4.15
271.83,-8.84,-0.45,4.15
271.9,-8.84,-0.45,4.15
271.97,-8.84,-0.45,4.15
272.03,-8.84,-0.45,4.15
272.1,-8.84,-0.45,4.15
272.16,-8.84,-0.45,4.15
272.23,-8.84,-0.45,4.15
272.3,-8.84,-0.45,4.15
272.36,-8.84,-0.45,4.15
272.43,-8.84,-0.45,4.15
272.5,-8.84,-0.45,4.15
272.56,-8.84,-0.45,4.15
272.63,-8.84,-0.45,4.15
272.7,-8.84,-0.45,4.15
272.76,-8.84,-0.45,4.15
272.83,-8.84,-0.45,4.15
272.89,-8.84,-0.45,4.15
272.96,-8.84,-0.45,4.15
273.03,-8.84,-0.45,4.15
273.09,-8.84,-0.45,4.15
273.16,-8.84,-0.45,4.15
273.23,-8.84,-0.45,4.15
273.3,-8.84,-0.45,4.15
273.36,-8.84,-0.45,4.15
273.43,-8.84,-0.45,4.15
273.49,-8.84,-0.45,4.15
273.56,-8.84,-0.45,4.15
273.63,-8.84,-0.45,4.15
273.69,-8.84,-0.45,4.15
273.76,-8.84,-0.45,4.15
273.83,-8.84,-0.45,4.15
273.89,-8.84,-0.45,4.15
273.96,-8.84,-0.45,4.15
274.03,-8.84,-0.45,4.15
274.09,-8.84,-0.45,4.15
274.16,-8.84,-0.45,4.15
274.23,-8.84,-0.45,4.15
274.29,-8.84,-0.45,4.15
274.36,-8.84,-0.45,4.15
274.43,-8.84,-0.45,4.15
274.49,-8.84,-0.45,4.15
274.56,-8.84,-0.45,4.15
274.63,-8.84,-0.45,4.15
274.69,-8.84,-0.45,4.15
274.76,-8.84,-0.45,4.15
274.83,-8.84,-0.45,4.15
274.89,-8.84,-0.45,4.15
274.96,-8.84,-0.45,4.15
275.02,-8.84,-0.45,4.15
275.09,-8.84,-0.45,4.15
275.16,-8.84,-0.45,4.15
275.22,-8.84,-0.45,4.15
275.29,-8.84,-0.45,4.15
275.36,-8.84,-0.45,4.15
275.42,-8.84,-0.45,4.15
275.49,-8.84,-0.45,4.15
275.56,-8.84,-0.45,4.15
275.62,-8.84,-0.45,4.15
275.69,-8.84,-0.45,4.15
275.76,-8.84,-0.45,4.15
275.82,-8.84,-0.45,4.15
275.89,-8.84,-0.45,4.15
275.96,-8.84,-0.45,4.15
276.02,-8.84,-0.45,4.15
276.09,-8.84,-0.45,4.15
276.16,-8.84,-0.45,4.15
276.22,-8.84,-0.45,4.15
276.29,-8.84,-0.45,4.15
276.36,-8.84,-0.45,4.15
276.42,-8.84,-0.45,4.15
276.49,-8.84,-0.45,4.15
276.56,-8.84,-0.45,4.15
276.62,-8.84,-0.45,4.15
276.69,-8.84,-0.45,4.15
276.76,-8.84,-0.45,4.15
276.82,-8.84,-0.45,4.15
276.89,-8.84,-0.45,4.15
276.96,-8.84,-0.45,4.15
277.02,-8.84,-0.45,4.15
277.09,-8.84,-0.45,4.15
277.16,-8.84,-0.45,4.15
277.23,-8.84,-0.45,4.15
277.29,-8.84,-0.45,4.15
277.36,-8.84,-0.45,4.15
277.43,-8.84,-0.45,4.15
277.49,-8.84,-0.45,4.15
277.56,-8.84,-0.45,4.15
277.63,-8.84,-0.45,4.15
277.69,-8.84,-0.45,4.15
277.76,-8.84,-0.45,4.15
277.84,-8.84,-0.45,4.15
277.9,-8.84,-0.45,4.15
277.97,-8.84,-0.45,4.15
278.03,-8.84,-0.45,4.15
278.1,-8.84,-0.45,4.15
278.17,-8.84,-0.45,4.15
278.23,-8.84,-0.45,4.15
278.3,-8.84,-0.45,4.15
278.37,-8.84,-0.45,4.15
278.43,-8.84,-0.45,4.15
278.5,-8.84,-0.45,4.15
278.57,-8.84,-0.45,4.15
278.63,-8.84,-0.45,4.15
278.7,-8.84,-0.45,4.15
278.76,-8.84,-0.45,4.15
278.83,-8.84,-0.45,4.15
278.9,-8.84,-0.45,4.15
278.96,-8.84,-0.45,4.15
279.03,-8.84,-0.45,4.15
279.1,-8.84,-0.45,4.15
279.16,-8.84,-0.45,4.15
279.23,-8.84,-0.45,4.15
279.3,-8.84,-0.45,4.15
279.36,-8.84,-0.45,4.15
279.43,-8.84,-0.45,4.15
279.5,-8.84,-0.45,4.15
279.56,-8.84,-0.45,4.15
279.63,-8.84,-0.45,4.15
279.69,-8.84,-0.45,4.15
279.76,-8.84,-0.45,4.15
279.83,-8.84,-0.45,4.15
279.89,-8.84,-0.45,4.15
279.96,-8.84,-0.45,4.15
280.03,-8.84,-0.45,4.15
280.09,-8.84,-0.45,4.15
280.16,-8.84,-0.45,4.15
280.22,-8.84,-0.45,4.15
280.29,-8.84,-0.45,4.15
280.36,-8.84,-0.45,4.15
280.43,-8.84,-0.45,4.15
280.49,-8.84,-0.45,4.15
280.56,-8.84,-0.45,4.15
280.62,-8.84,-0.45,4.15
280.69,-8.84,-0.45,4.15
280.76,-8.84,-0.45,4.15
280.82,-8.84,-0.45,4.15
280.89,-8.84,-0.45,4.15
280.96,-8.84,-0.45,4.15
281.02,-8.84,-0.45,4.15
281.09,-8.84,-0.45,4.15
281.16,-8.84,-0.45,4.15
281.22,-8.84,-0.45,4.15
281.29,-8.84,-0.45,4.15
281.36,-8.84,-0.45,4.15
281.42,-8.84,-0.45,4.15
281.49,-8.84,-0.45,4.15
281.56,-8.84,-0.45,4.15
281.62,-8.84,-0.45,4.15
281.69,-8.84,-0.45,4.15
281.76,-8.84,-0.45,4.15
281.82,-8.84,-0.45,4.15
281.89,-8.84,-0.45,4.15
281.96,-8.84,-0.45,4.15
282.02,-8.84,-0.45,4.15
282.09,-8.84,-0.45,4.15
282.16,-8.84,-0.45,4.15
282.22,-8.84,-0.45,4.15
282.29,-8.84,-0.45,4.15
282.36,-8.84,-0.45,4.15
282.43,-8.84,-0.45,4.15
282.49,-8.84,-0.45,4.15
282.56,-8.84,-0.45,4.15
282.63,-8.84,-0.45,4.15
282.69,-8.84,-0.45,4.15
282.76,-8.84,-0.45,4.15
282.83,-8.84,-0.45,4.15
282.9,-8.84,-0.45,4.15
282.96,-8.84,-0.45,4.15
283.03,-8.84,-0.45,4.15
283.1,-8.84,-0.45,4.15
283.16,-8.84,-0.45,4.15
283.23,-8.84,-0.45,4.15
283.3,-8.84,-0.45,4.15
283.36,-8.84,-0.45,4.15
283.43,-8.84,-0.45,4.15
283.5,-8.84,-0.45,4.15
283.57,-8.84,-0.45,4.15
283.63,-8.84,-0.45,4.15
283.7,-8.84,-0.45,4.15
283.77,-8.84,-0.45,4.15
283.83,-8.84,-0.45,4.15
283.9,-8.84,-0.45,4.15
283.97,-8.84,-0.45,4.15
284.03,-8.84,-0.45,4.15
284.1,-8.84,-0.45,4.15
284.17,-8.84,-0.45,4.15
284.23,-8.84,-0.45,4.15
284.3,-8.84,-0.45,4.15
284.37,-8.84,-0.45,4.15
284.44,-8.84,-0.45,4.15
284.51,-8.84,-0.45,4.15
284.58,-8.84,-0.45,4.15
284.64,-8.84,-0.45,4.15
284.71,-8.84,-0.45,4.15
284.77,-8.84,-0.45,4.15
284.84,-8.84,-0.45,4.15
284.91,-8.84,-0.45,4.15
284.97,-8.84,-0.45,4.15
285.04,-8.84,-0.45,4.15
285.11,-8.84,-0.45,4.15
285.17,-8.84,-0.45,4.15
285.24,-8.84,-0.45,4.15
285.31,-8.84,-0.45,4.15
285.37,-8.84,-0.45,4.15
285.44,-8.84,-0.45,4.15
285.5,-8.84,-0.45,4.15
285.57,-8.84,-0.45,4.15
285.64,-8.84,-0.45,4.15
285.7,-8.84,-0.45,4.15
285.77,-8.84,-0.45,4.15
285.84,-8.84,-0.45,4.15
285.9,-8.84,-0.45,4.15
285.97,-8.84,-0.45,4.15
286.03,-8.84,-0.45,4.15
286.1,-8.84,-0.45,4.15
286.17,-8.84,-0.45,4.15
286.23,-8.84,-0.45,4.15
286.3,-8.84,-0.45,4.15
286.37,-8.84,-0.45,4.15
286.44,-8.84,-0.45,4.15
286.5,-8.84,-0.45,4.15
286.57,-8.84,-0.45,4.15
286.64,-8.84,-0.45,4.15
286.7,-8.84,-0.45,4.15
286.77,-8.84,-0.45,4.15
286.84,-8.84,-0.45,4.15
286.9,-8.84,-0.45,4.15
286.97,-8.84,-0.45,4.15
287.04,-8.84,-0.45,4.15
287.1,-8.84,-0.45,4.15
287.17,-8.84,-0.45,4.15
287.24,-8.84,-0.45,4.15
287.3,-8.84,-0.45,4.15
287.37,-8.84,-0.45,4.15
287.44,-8.84,-0.45,4.15
287.5,-8.84,-0.45,4.15
287.57,-8.84,-0.45,4.15
287.64,-8.84,-0.45,4.15
287.7,-8.84,-0.45,4.15
287.77,-8.84,-0.45,4.15
287.84,-8.84,-0.45,4.15
287.9,-8.84,-0.45,4.15
287.97,-8.84,-0.45,4.15
288.03,-8.84,-0.45,4.15
288.1,-8.84,-0.45,4.15
288.17,-8.84,-0.45,4.15
288.23,-8.84,-0.45,4.15
288.3,-8.84,-0.45,4.15
288.37,-8.84,-0.45,4.15
288.44,-8.84,-0.45,4.15
288.5,-8.84,-0.45,4.15
288.57,-8.84,-0.45,4.15
288.64,-8.84,-0.45,4.15
288.7,-8.84,-0.45,4.15
288.77,-8.84,-0.45,4.15
288.84,-8.84,-0.45,4.15
288.9,-8.84,-0.45,4.15
288.97,-8.84,-0.45,4.15
289.04,-8.84,-0.45,4.15
289.1,-8.84,-0.45,4.15
289.17,-8.84,-0.45,4.15
289.24,-8.84,-0.45,4.15
289.3,-8.84,-0.45,4.15
289.37,-8.84,-0.45,4.15
289.44,-8.84,-0.45,4.15
289.5,-8.84,-0.45,4.15
289.57,-8.84,-0.45,4.15
289.64,-8.84,-0.45,4.15
289.7,-8.84,-0.45,4.15
289.77,-8.84,-0.45,4.15
289.84,-8.84,-0.45,4.15
289.9,-8.84,-0.45,4.15
289.97,-8.84,-0.45,4.15
290.04,-8.84,-0.45,4.15
290.1,-8.84,-0.45,4.15
290.17,-8.84,-0.45,4.15
290.24,-8.84,-0.45,4.15
290.31,-8.84,-0.45,4.15
290.37,-8.84,-0.45,4.15
290.44,-8.84,-0.45,4.15
290.51,-8.84,-0.45,4.15
290.57,-8.84,-0.45,4.15
290.64,-8.84,-0.45,4.15
290.71,-8.84,-0.45,4.15
290.78,-8.84,-0.45,4.15
290.85,-8.84,-0.45,4.15
290.92,-8.84,-0.45,4.15
290.99,-8.84,-0.45,4.15
291.05,-8.84,-0.45,4.15
291.12,-8.84,-0.45,4.15
291.18,-8.84,-0.45,4.15
291.25,-8.84,-0.45,4.15
291.32,-8.84,-0.45,4.15
291.38,-8.84,-0.45,4.15
291.45,-8.84,-0.45,4.15
291.52,-8.84,-0.45,4.15
291.58,-8.84,-0.45,4.15
291.65,-8.84,-0.45,4.15
291.71,-8.84,-0.45,4.15
291.78,-8.84,-0.45,4.15
291.85,-8.84,-0.45,4.15
291.91,-8.84,-0.45,4.15
291.98,-8.84,-0.45,4.15
292.05,-8.84,-0.45,4.15
292.11,-8.84,-0.45,4.15
292.18,-8.84,-0.45,4.15
292.25,-8.84,-0.45,4.15
292.31,-8.84,-0.45,4.15
292.38,-8.84,-0.45,4.15
292.45,-8.84,-0.45,4.15
292.51,-8.84,-0.45,4.15
292.58,-8.84,-0.45,4.15
292.65,-8.84,-0.45,4.15
292.71,-8.84,-0.45,4.15
292.78,-8.84,-0.45,4.15
292.84,-8.84,-0.45,4.15
292.91,-8.84,-0.45,4.15
292.98,-8.84,-0.45,4.15
293.04,-8.84,-0.45,4.15
293.11,-8.84,-0.45,4.15
293.18,-8.84,-0.45,4.15
293.24,-8.84,-0.45,4.15
293.31,-8.84,-0.45,4.15
293.38,-8.84,-0.45,4.15
293.45,-8.84,-0.45,4.15
293.51,-8.84,-0.45,4.15
293.58,-8.84,-0.45,4.15
293.65,-8.84,-0.45,4.15
293.71,-8.84,-0.45,4.15
293.78,-8.84,-0.45,4.15
293.85,-8.84,-0.45,4.15
293.91,-8.84,-0.45,4.15
293.98,-8.84,-0.45,4.15
294.04,-8.84,-0.45,4.15
294.11,-8.84,-0.45,4.15
294.18,-8.84,-0.45,4.15
294.25,-8.84,-0.45,4.15
294.31,-8.84,-0.45,4.15
294.38,-8.84,-0.45,4.15
294.45,-8.84,-0.45,4.15
294.51,-8.84,-0.45,4.15
294.58,-8.84,-0.45,4.15
294.65,-8.84,-0.45,4.15
294.71,-8.84,-0.45,4.15
294.78,-8.84,-0.45,4.15
294.85,-8.84,-0.45,4.15
294.91,-8.84,-0.45,4.15
294.98,-8.84,-0.45,4.15
295.05,-8.84,-0.45,4.15
295.11,-8.84,-0.45,4.15
295.18,-8.84,-0.45,4.15
295.25,-8.84,-0.45,4.15
295.32,-8.84,-0.45,4.15
295.38,-8.84,-0.45,4.15
295.45,-8.84,-0.45,4.15
295.52,-8.84,-0.45,4.15
295.58,-8.84,-0.45,4.15
295.65,-8.84,-0.45,4.15
295.72,-8.84,-0.45,4.15
295.78,-8.84,-0.45,4.15
295.85,-8.84,-0.45,4.15
295.92,-8.84,-0.45,4.15
295.98,-8.84,-0.45,4.15
296.05,-8.84,-0.45,4.15
296.12,-8.84,-0.45,4.15
296.19,-8.84,-0.45,4.15
296.25,-8.84,-0.45,4.15
296.32,-8.84,-0.45,4.15
296.39,-8.84,-0.45,4.15
296.45,-8.84,-0.45,4.15
296.52,-8.84,-0.45,4.15
296.59,-8.84,-0.45,4.15
296.65,-8.84,-0.45,4.15
296.72,-8.84,-0.45,4.15
296.79,-8.84,-0.45,4.15
296.85,-8.84,-0.45,4.15
296.92,-8.84,-0.45,4.15
296.99,-8.84,-0.45,4.15
297.06,-8.84,-0.45,4.15
297.12,-8.84,-0.45,4.15
297.19,-8.84,-0.45,4.15
297.26,-8.84,-0.45,4.15
297.32,-8.84,-0.45,4.15
297.39,-8.84,-0.45,4.15
297.46,-8.84,-0.45,4.15
297.53,-8.84,-0.45,4.15
297.6,-8.84,-0.45,4.15
297.66,-8.84,-0.45,4.15
297.73,-8.84,-0.45,4.15
297.8,-8.84,-0.45,4.15
297.86,-8.84,-0.45,4.15
297.93,-8.84,-0.45,4.15
297.99,-8.84,-0.45,4.15
298.06,-8.84,-0.45,4.15
298.13,-8.84,-0.45,4.15
298.2,-8.84,-0.45,4.15
298.26,-8.84,-0.45,4.15
298.33,-8.84,-0.45,4.15
298.39,-8.84,-0.45,4.15
298.46,-8.84,-0.45,4.15
298.53,-8.84,-0.45,4.15
298.59,-8.84,-0.45,4.15
298.66,-8.84,-0.45,4.15
298.73,-8.84,-0.45,4.15
298.79,-8.84,-0.45,4.15
298.86,-8.84,-0.45,4.15
298.93,-8.84,-0.45,4.15
298.99,-8.84,-0.45,4.15
299.06,-8.84,-0.45,4.15
299.13,-8.84,-0.45,4.15
299.19,-8.84,-0.45,4.15
299.26,-8.84,-0.45,4.15
299.33,-8.84,-0.45,4.15
299.39,-8.84,-0.45,4.15
299.46,-8.84,-0.45,4.15
299.53,-8.84,-0.45,4.15
299.59,-8.84,-0.45,4.15
299.66,-8.84,-0.45,4.15
299.73,-8.84,-0.45,4.15
299.79,-8.84,-0.45,4.15
299.86,-8.84,-0.45,4.15
299.92,-8.84,-0.45,4.15
299.99,-8.84,-0.45,4.15
300.06,-8.84,-0.45,4.15
300.12,-8.84,-0.45,4.15
300.19,-8.84,-0.45,4.15
300.26,-8.84,-0.45,4.15
300.32,-8.84,-0.45,4.15
300.39,-8.84,-0.45,4.15
300.46,-8.84,-0.45,4.15
300.52,-8.84,-0.45,4.15
300.59,-8.84,-0.45,4.15
300.66,-8.84,-0.45,4.15
300.72,-8.84,-0.45,4.15
300.79,-8.84,-0.45,4.15
300.86,-8.84,-0.45,4.15
300.92,-8.84,-0.45,4.15
300.99,-8.84,-0.45,4.15
301.06,-8.84,-0.45,4.15
301.12,-8.84,-0.45,4.15
301.19,-8.84,-0.45,4.15
301.26,-8.84,-0.45,4.15
301.32,-8.84,-0.45,4.15
301.39,-8.84,-0.45,4.15
301.46,-8.84,-0.45,4.15
301.52,-8.84,-0.45,4.15
301.59,-8.84,-0.45,4.15
301.66,-8.84,-0.45,4.15
301.73,-8.84,-0.45,4.15
301.79,-8.84,-0.45,4.15
301.86,-8.84,-0.45,4.15
301.93,-8.84,-0.45,4.15
301.99,-8.84,-0.45,4.15
302.06,-8.84,-0.45,4.15
302.13,-8.84,-0.45,4.15
302.19,-8.84,-0.45,4.15
302.26,-8.84,-0.45,4.15
302.33,-8.84,-0.45,4.15
302.39,-8.84,-0.45,4.15
302.46,-8.84,-0.45,4.15
302.53,-8.84,-0.45,4.15
302.6,-8.84,-0.45,4.15
302.66,-8.84,-0.45,4.15
302.73,-8.84,-0.45,4.15
302.8,-8.84,-0.45,4.15
302.86,-8.84,-0.45,4.15
302.93,-8.84,-0.45,4.15
303.0,-8.84,-0.45,4.15
303.07,-8.84,-0.45,4.15
303.13,-8.84,-0.45,4.15
303.2,-8.84,-0.45,4.15
303.27,-8.84,-0.45,4.15
303.33,-8.84,-0.45,4.15
303.4,-8.84,-0.45,4.15
303.47,-8.84,-0.45,4.15
303.53,-8.84,-0.45,4.15
303.6,-8.84,-0.45,4.15
303.67,-8.84,-0.45,4.15
303.74,-8.84,-0.45,4.15
303.8,-8.84,-0.45,4.15
303.87,-8.84,-0.45,4.15
303.94,-8.84,-0.45,4.15
304.01,-8.84,-0.45,4.15
304.08,-8.84,-0.45,4.15
304.15,-8.84,-0.45,4.15
304.21,-8.84,-0.45,4.15
304.28,-8.84,-0.45,4.15
304.35,-8.84,-0.45,4.15
304.41,-8.84,-0.45,4.15
304.48,-8.84,-0.45,4.15
304.54,-8.84,-0.45,4.15
304.61,-8.84,-0.45,4.15
304.68,-8.84,-0.45,4.15
304.74,-8.84,-0.45,4.15
304.81,-8.84,-0.45,4.15
304.88,-8.84,-0.45,4.15
304.94,-8.84,-0.45,4.15
305.01,-8.84,-0.45,4.15
305.08,-8.84,-0.45,4.15
305.14,-8.84,-0.45,4.15
305.21,-8.84,-0.45,4.15
305.28,-8.84,-0.45,4.15
305.34,-8.84,-0.45,4.15
305.41,-8.84,-0.45,4.15
305.48,-8.84,-0.45,4.15
305.54,-8.84,-0.45,4.15
305.61,-8.84,-0.45,4.15
305.68,-8.84,-0.45,4.15
305.74,-8.84,-0.45,4.15
305.81,-8.84,-0.45,4.15
305.88,-8.84,-0.45,4.15
305.94,-8.84,-0.45,4.15
306.01,-8.84,-0.45,4.15
306.08,-8.84,-0.45,4.15
306.14,-8.84,-0.45,4.15
306.21,-8.84,-0.45,4.15
306.28,-8.84,-0.45,4.15
306.34,-8.84,-0.45,4.15
306.41,-8.84,-0.45,4.15
306.48,-8.84,-0.45,4.15
306.54,-8.84,-0.45,4.15
306.61,-8.84,-0.45,4.15
306.68,-8.84,-0.45,4.15
306.74,-8.84,-0.45,4.15
306.81,-8.84,-0.45,4.15
306.88,-8.84,-0.45,4.15
306.94,-8.84,-0.45,4.15
307.01,-8.84,-0.45,4.15
307.08,-8.84,-0.45,4.15
307.14,-8.84,-0.45,4.15
307.21,-8.84,-0.45,4.15
307.28,-8.84,-0.45,4.15
307.34,-8.84,-0.45,4.15
307.41,-8.84,-0.45,4.15
307.48,-8.84,-0.45,4.15
307.54,-8.84,-0.45,4.15
307.61,-8.84,-0.45,4.15
307.68,-8.84,-0.45,4.15
307.75,-8.84,-0.45,4.15
307.82,-8.84,-0.45,4.15
307.88,-8.84,-0.45,4.15
307.95,-8.84,-0.45,4.15
308.01,-8.84,-0.45,4.15
308.08,-8.84,-0.45,4.15
308.15,-8.84,-0.45,4.15
308.21,-8.84,-0.45,4.15
308.28,-8.84,-0.45,4.15
308.34,-8.84,-0.45,4.15
308.41,-8.84,-0.45,4.15
308.48,-8.84,-0.45,4.15
308.54,-8.84,-0.45,4.15
308.61,-8.84,-0.45,4.15
308.68,-8.84,-0.45,4.15
308.74,-8.84,-0.45,4.15
308.81,-8.84,-0.45,4.15
308.87,-8.84,-0.45,4.15
308.94,-8.84,-0.45,4.15
309.01,-8.84,-0.45,4.15
309.07,-8.84,-0.45,4.15
309.14,-8.84,-0.45,4.15
309.21,-8.84,-0.45,4.15
309.27,-8.84,-0.45,4.15
309.34,-8.84,-0.45,4.15
309.4,-8.84,-0.45,4.15
309.47,-8.84,-0.45,4.15
309.54,-8.84,-0.45,4.15
309.6,-8.84,-0.45,4.15
309.67,-8.84,-0.45,4.15
309.74,-8.84,-0.45,4.15
309.8,-8.84,-0.45,4.15
309.87,-8.84,-0.45,4.15
309.94,-8.84,-0.45,4.15
310.0,-8.84,-0.45,4.15
310.07,-8.84,-0.45,4.15
310.14,-8.84,-0.45,4.15
310.2,-8.84,-0.45,4.15
310.27,-8.84,-0.45,4.15
310.34,-8.84,-0.45,4.15
310.4,-8.84,-0.45,4.15
310.47,-8.84,-0.45,4.15
310.54,-8.84,-0.45,4.15
310.6,-8.84,-0.45,4.15
310.67,-8.84,-0.45,4.15
310.74,-8.84,-0.45,4.15
310.81,-8.84,-0.45,4.15
310.87,-8.84,-0.45,4.15
310.94,-8.84,-0.45,4.15
311.01,-8.84,-0.45,4.15
311.07,-8.84,-0.45,4.15
311.14,-8.84,-0.45,4.15
311.2,-8.84,-0.45,4.15
311.27,-8.84,-0.45,4.15
311.33,-8.84,-0.45,4.15
311.4,-8.84,-0.45,4.15
311.47,-8.84,-0.45,4.15
311.53,-8.84,-0.45,4.15
311.6,-8.84,-0.45,4.15
311.66,-8.84,-0.45,4.15
311.73,-8.84,-0.45,4.15
311.8,-8.84,-0.45,4.15
311.86,-8.84,-0.45,4.15
311.93,-8.84,-0.45,4.15
311.99,-8.84,-0.45,4.15
312.06,-8.84,-0.45,4.15
312.12,-8.84,-0.45,4.15
312.19,-8.84,-0.45,4.15
312.26,-8.84,-0.45,4.15
312.33,-8.84,-0.45,4.15
312.4,-8.84,-0.45,4.15
312.46,-8.84,-0.45,4.15
312.53,-8.84,-0.45,4.15
312.59,-8.84,-0.45,4.15
312.66,-8.84,-0.45,4.15
312.73,-8.84,-0.45,4.15
312.79,-8.84,-0.45,4.15
312.86,-8.84,-0.45,4.15
312.93,-8.84,-0.45,4.15
312.99,-8.84,-0.45,4.15
313.06,-8.84,-0.45,4.15
313.12,-8.84,-0.45,4.15
313.19,-8.84,-0.45,4.15
313.26,-8.84,-0.45,4.15
313.32,-8.84,-0.45,4.15
313.39,-8.84,-0.45,4.15
313.46,-8.84,-0.45,4.15
313.53,-8.84,-0.45,4.15
313.59,-8.84,-0.45,4.15
313.66,-8.84,-0.45,4.15
313.72,-8.84,-0.45,4.15
313.79,-8.84,-0.45,4.15
313.86,-8.84,-0.45,4.15
313.92,-8.84,-0.45,4.15
313.99,-8.84,-0.45,4.15
314.06,-8.84,-0.45,4.15
314.12,-8.84,-0.45,4.15
314.19,-8.84,-0.45,4.15
314.26,-8.84,-0.45,4.15
314.32,-8.84,-0.45,4.15
314.39,-8.84,-0.45,4.15
314.46,-8.84,-0.45,4.15
314.52,-8.84,-0.45,4.15
314.59,-8.84,-0.45,4.15
314.66,-8.84,-0.45,4.15
314.72,-8.84,-0.45,4.15
314.79,-8.84,-0.45,4.15
314.86,-8.84,-0.45,4.15
314.92,-8.84,-0.45,4.15
314.99,-8.84,-0.45,4.15
315.05,-8.84,-0.45,4.15
315.12,-8.84,-0.45,4.15
315.19,-8.84,-0.45,4.15
315.25,-8.84,-0.45,4.15
315.32,-8.84,-0.45,4.15
315.39,-8.84,-0.45,4.15
315.45,-8.84,-0.45,4.15
315.52,-8.84,-0.45,4.15
315.59,-8.84,-0.45,4.15
315.65,-8.84,-0.45,4.15
315.72,-8.84,-0.45,4.15
315.79,-8.84,-0.45,4.15
315.85,-8.84,-0.45,4.15
315.92,-8.84,-0.45,4.15
315.99,-8.84,-0.45,4.15
316.05,-8.84,-0.45,4.15
316.12,-8.84,-0.45,4.15
316.19,-8.84,-0.45,4.15
316.25,-8.84,-0.45,4.15
316.32,-8.84,-0.45,4.15
316.39,-8.84,-0.45,4.15
316.45,-8.84,-0.45,4.15
316.52,-8.84,-0.45,4.15
316.59,-8.84,-0.45,4.15
316.65,-8.84,-0.45,4.15
316.72,-8.84,-0.45,4.15
316.79,-8.84,-0.45,4.15
316.85,-8.84,-0.45,4.15
316.92,-8.84,-0.45,4.15
316.99,-8.84,-0.45,4.15
317.05,-8.84,-0.45,4.15
317.12,-8.84,-0.45,4.15
317.19,-8.84,-0.45,4.15
317.25,-8.84,-0.45,4.15
317.32,-8.84,-0.45,4.15
317.39,-8.84,-0.45,4.15
317.46,-8.84,-0.45,4.15
317.52,-8.84,-0.45,4.15
317.59,-8.84,-0.45,4.15
317.66,-8.84,-0.45,4.15
317.72,-8.84,-0.45,4.15
317.79,-8.84,-0.45,4.15
317.86,-8.84,-0.45,4.15
317.93,-8.84,-0.45,4.15
317.99,-8.84,-0.45,4.15
318.06,-8.84,-0.45,4.15
318.13,-8.84,-0.45,4.15
318.19,-8.84,-0.45,4.15
318.26,-8.84,-0.45,4.15
318.33,-8.84,-0.45,4.15
318.4,-8.84,-0.45,4.15
318.46,-8.84,-0.45,4.15
318.53,-8.84,-0.45,4.15
318.6,-8.84,-0.45,4.15
318.66,-8.84,-0.45,4.15
318.73,-8.84,-0.45,4.15
318.81,-8.84,-0.45,4.15
318.87,-8.84,-0.45,4.15
318.94,-8.84,-0.45,4.15
319.01,-8.84,-0.45,4.15
319.07,-8.84,-0.45,4.15
319.14,-8.84,-0.45,4.15
319.21,-8.84,-0.45,4.15
319.27,-8.84,-0.45,4.15
319.34,-8.84,-0.45,4.15
319.41,-8.84,-0.45,4.15
319.47,-8.84,-0.45,4.15
319.54,-8.84,-0.45,4.15
319.6,-8.84,-0.45,4.15
319.67,-8.84,-0.45,4.15
319.74,-8.84,-0.45,4.15
319.8,-8.84,-0.45,4.15
319.87,-8.84,-0.45,4.15
319.94,-8.84,-0.45,4.15
320.0,-8.84,-0.45,4.15
320.07,-8.84,-0.45,4.15
320.13,-8.84,-0.45,4.15
320.2,-8.84,-0.45,4.15
320.27,-8.84,-0.45,4.15
320.33,-8.84,-0.45,4.15
320.4,-8.84,-0.45,4.15
320.47,-8.84,-0.45,4.15
320.53,-8.84,-0.45,4.15
320.6,-8.84,-0.45,4.15
320.67,-8.84,-0.45,4.15
320.73,-8.84,-0.45,4.15
320.8,-8.84,-0.45,4.15
320.87,-8.84,-0.45,4.15
320.93,-8.84,-0.45,4.15
321.0,-8.84,-0.45,4.15
321.06,-8.84,-0.45,4.15
321.13,-8.84,-0.45,4.15
321.2,-8.84,-0.45,4.15
321.27,-8.84,-0.45,4.15
321.33,-8.84,-0.45,4.15
321.4,-8.84,-0.45,4.15
321.47,-8.84,-0.45,4.15
321.53,-8.84,-0.45,4.15
321.6,-8.84,-0.45,4.15
321.67,-8.84,-0.45,4.15
321.73,-8.84,-0.45,4.15
321.8,-8.84,-0.45,4.15
321.87,-8.84,-0.45,4.15
321.93,-8.84,-0.45,4.15
322.0,-8.84,-0.45,4.15
322.07,-8.84,-0.45,4.15
322.13,-8.84,-0.45,4.15
322.2,-8.84,-0.45,4.15
322.27,-8.84,-0.45,4.15
322.33,-8.84,-0.45,4.15
322.4,-8.84,-0.45,4.15
322.47,-8.84,-0.45,4.15
322.53,-8.84,-0.45,4.15
322.6,-8.84,-0.45,4.15
322.67,-8.84,-0.45,4.15
322.73,-8.84,-0.45,4.15
322.8,-8.84,-0.45,4.15
322.87,-8.84,-0.45,4.15
322.94,-8.84,-0.45,4.15
323.0,-8.84,-0.45,4.15
323.07,-8.84,-0.45,4.15
323.14,-8.84,-0.45,4.15
323.2,-8.84,-0.45,4.15
323.27,-8.84,-0.45,4.15
323.34,-8.84,-0.45,4.15
323.41,-8.84,-0.45,4.15
323.47,-8.84,-0.45,4.15
323.54,-8.84,-0.45,4.15
323.61,-8.84,-0.45,4.15
323.67,-8.84,-0.45,4.15
323.74,-8.84,-0.45,4.15
323.81,-8.84,-0.45,4.15
323.88,-8.84,-0.45,4.15
323.94,-8.84,-0.45,4.15
324.01,-8.84,-0.45,4.15
324.08,-8.84,-0.45,4.15
324.14,-8.84,-0.45,4.15
324.21,-8.84,-0.45,4.15
324.28,-8.84,-0.45,4.15
324.35,-8.84,-0.45,4.15
324.41,-8.84,-0.45,4.15
324.48,-8.84,-0.45,4.15
324.55,-8.84,-0.45,4.15
324.61,-8.84,-0.45,4.15
324.68,-8.84,-0.45,4.15
324.75,-8.84,-0.45,4.15
324.81,-8.84,-0.45,4.15
324.88,-8.84,-0.45,4.15
324.96,-8.84,-0.45,4.15
325.03,-8.84,-0.45,4.15
325.09,-8.84,-0.45,4.15
325.16,-8.84,-0.45,4.15
325.22,-8.84,-0.45,4.15
325.29,-8.84,-0.45,4.15
325.36,-8.84,-0.45,4.15
325.42,-8.84,-0.45,4.15
325.49,-8.84,-0.45,4.15
325.56,-8.84,-0.45,4.15
325.62,-8.84,-0.45,4.15
325.69,-8.84,-0.45,4.15
325.76,-8.84,-0.45,4.15
325.82,-8.84,-0.45,4.15
325.89,-8.84,-0.45,4.15
325.96,-8.84,-0.45,4.15
326.02,-8.84,-0.45,4.15
326.09,-8.84,-0.45,4.15
326.16,-8.84,-0.45,4.15
326.22,-8.84,-0.45,4.15
326.29,-8.84,-0.45,4.15
326.35,-8.84,-0.45,4.15
326.42,-8.84,-0.45,4.15
326.49,-8.84,-0.45,4.15
326.55,-8.84,-0.45,4.15
326.62,-8.84,-0.45,4.15
326.69,-8.84,-0.45,4.15
326.75,-8.84,-0.45,4.15
326.82,-8.84,-0.45,4.15
326.88,-8.84,-0.45,4.15
326.95,-8.84,-0.45,4.15
327.02,-8.84,-0.45,4.15
327.08,-8.84,-0.45,4.15
327.15,-8.84,-0.45,4.15
327.22,-8.84,-0.45,4.15
327.28,-8.84,-0.45,4.15
327.35,-8.84,-0.45,4.15
327.42,-8.84,-0.45,4.15
327.48,-8.84,-0.45,4.15
327.55,-8.84,-0.45,4.15
327.62,-8.84,-0.45,4.15
327.68,-8.84,-0.45,4.15
327.75,-8.84,-0.45,4.15
327.82,-8.84,-0.45,4.15
327.88,-8.84,-0.45,4.15
327.95,-8.84,-0.45,4.15
328.02,-8.84,-0.45,4.15
328.08,-8.84,-0.45,4.15
328.15,-8.84,-0.45,4.15
328.22,-8.84,-0.45,4.15
328.28,-8.84,-0.45,4.15
328.35,-8.84,-0.45,4.15
328.42,-8.84,-0.45,4.15
328.48,-8.84,-0.45,4.15
328.55,-8.84,-0.45,4.15
328.62,-8.84,-0.45,4.15
328.68,-8.84,-0.45,4.15
328.75,-8.84,-0.45,4.15
328.82,-8.84,-0.45,4.15
328.88,-8.84,-0.45,4.15
328.95,-8.84,-0.45,4.15
329.02,-8.84,-0.45,4.15
329.08,-8.84,-0.45,4.15
329.15,-8.84,-0.45,4.15
329.22,-8.84,-0.45,4.15
329.28,-8.84,-0.45,4.15
329.35,-8.84,-0.45,4.15
329.42,-8.84,-0.45,4.15
329.48,-8.84,-0.45,4.15
329.55,-8.84,-0.45,4.15
329.62,-8.84,-0.45,4.15
329.69,-8.84,-0.45,4.15
329.75,-8.84,-0.45,4.15
329.82,-8.84,-0.45,4.15
329.89,-8.84,-0.45,4.15
329.95,-8.84,-0.45,4.15
330.02,-8.84,-0.45,4.15
330.09,-8.84,-0.45,4.15
330.15,-8.84,-0.45,4.15
330.22,-8.84,-0.45,4.15
330.29,-8.84,-0.45,4.15
330.36,-8.84,-0.45,4.15
330.42,-8.84,-0.45,4.15
330.49,-8.84,-0.45,4.15
330.56,-8.84,-0.45,4.15
330.62,-8.84,-0.45,4.15
330.69,-8.84,-0.45,4.15
330.76,-8.84,-0.45,4.15
330.82,-8.84,-0.45,4.15
330.89,-8.84,-0.45,4.15
330.96,-8.84,-0.45,4.15
331.02,-8.84,-0.45,4.15
331.09,-8.84,-0.45,4.15
331.17,-8.84,-0.45,4.15
331.23,-8.84,-0.45,4.15
331.3,-8.84,-0.45,4.15
331.36,-8.84,-0.45,4.15
331.43,-8.84,-0.45,4.15
331.5,-8.84,-0.45,4.15
331.56,-8.84,-0.45,4.15
331.63,-8.84,-0.45,4.15
331.7,-8.84,-0.45,4.15
331.76,-8.84,-0.45,4.15
331.83,-8.84,-0.45,4.15
331.9,-8.84,-0.45,4.15
331.96,-8.84,-0.45,4.15
332.03,-8.84,-0.45,4.15
332.09,-8.84,-0.45,4.15
332.16,-8.84,-0.45,4.15
332.23,-8.84,-0.45,4.15
332.29,-8.84,-0.45,4.15
332.36,-8.84,-0.45,4.15
332.43,-8.84,-0.45,4.15
332.49,-8.84,-0.45,4.15
332.56,-8.84,-0.45,4.15
332.62,-8.84,-0.45,4.15
332.69,-8.84,-0.45,4.15
332.76,-8.84,-0.45,4.15
332.83,-8.84,-0.45,4.15
332.89,-8.84,-0.45,4.15
332.96,-8.84,-0.45,4.15
333.03,-8.84,-0.45,4.15
333.09,-8.84,-0.45,4.15
333.16,-8.84,-0.45,4.15
333.22,-8.84,-0.45,4.15
333.29,-8.84,-0.45,4.15
333.36,-8.84,-0.45,4.15
333.42,-8.84,-0.45,4.15
333.49,-8.84,-0.45,4.15
333.56,-8.84,-0.45,4.15
333.62,-8.84,-0.45,4.15
333.69,-8.84,-0.45,4.15
333.76,-8.84,-0.45,4.15
333.83,-8.84,-0.45,4.15
333.89,-8.84,-0.45,4.15
333.96,-8.84,-0.45,4.15
334.03,-8.84,-0.45,4.15
334.09,-8.84,-0.45,4.15
334.16,-8.84,-0.45,4.15
334.23,-8.84,-0.45,4.15
334.29,-8.84,-0.45,4.15
334.36,-8.84,-0.45,4.15
334.43,-8.84,-0.45,4.15
334.49,-8.84,-0.45,4.15
334.56,-8.84,-0.45,4.15
334.63,-8.84,-0.45,4.15
334.69,-8.84,-0.45,4.15
334.76,-8.84,-0.45,4.15
334.83,-8.84,-0.45,4.15
334.89,-8.84,-0.45,4.15
334.96,-8.84,-0.45,4.15
335.03,-8.84,-0.45,4.15
335.09,-8.84,-0.45,4.15
335.16,-8.84,-0.45,4.15
335.23,-8.84,-0.45,4.15
335.29,-8.84,-0.45,4.15
335.36,-8.84,-0.45,4.15
335.43,-8.84,-0.45,4.15
335.5,-8.84,-0.45,4.15
335.56,-8.84,-0.45,4.15
335.63,-8.84,-0.45,4.15
335.7,-8.84,-0.45,4.15
335.76,-8.84,-0.45,4.15
335.83,-8.84,-0.45,4.15
335.9,-8.84,-0.45,4.15
335.96,-8.84,-0.45,4.15
336.03,-8.84,-0.45,4.15
336.1,-8.84,-0.45,4.15
336.16,-8.84,-0.45,4.15
336.23,-8.84,-0.45,4.15
336.3,-8.84,-0.45,4.15
336.37,-8.84,-0.45,4.15
336.43,-8.84,-0.45,4.15
336.5,-8.84,-0.45,4.15
336.57,-8.84,-0.45,4.15
336.63,-8.84,-0.45,4.15
336.7,-8.84,-0.45,4.15
336.77,-8.84,-0.45,4.15
336.83,-8.84,-0.45,4.15
336.9,-8.84,-0.45,4.15
336.97,-8.84,-0.45,4.15
337.04,-8.84,-0.45,4.15
337.1,-8.84,-0.45,4.15
337.17,-8.84,-0.45,4.15
337.24,-8.84,-0.45,4.15
337.31,-8.84,-0.45,4.15
337.37,-8.84,-0.45,4.15
337.44,-8.84,-0.45,4.15
337.51,-8.84,-0.45,4.15
337.57,-8.84,-0.45,4.15
337.64,-8.84,-0.45,4.15
337.71,-8.84,-0.45,4.15
337.78,-8.84,-0.45,4.15
337.85,-8.84,-0.45,4.15
337.91,-8.84,-0.45,4.15
337.98,-8.84,-0.45,4.15
338.05,-8.84,-0.45,4.15
338.11,-8.84,-0.45,4.15
338.18,-8.84,-0.45,4.15
338.25,-8.84,-0.45,4.15
338.31,-8.84,-0.45,4.15
338.38,-8.84,-0.45,4.15
338.44,-8.84,-0.45,4.15
338.51,-8.84,-0.45,4.15
338.58,-8.84,-0.45,4.15
338.64,-8.84,-0.45,4.15
338.71,-8.84,-0.45,4.15
338.77,-8.84,-0.45,4.15
338.84,-8.84,-0.45,4.15
338.91,-8.84,-0.45,4.15
338.98,-8.84,-0.45,4.15
339.04,-8.84,-0.45,4.15
339.11,-8.84,-0.45,4.15
339.18,-8.84,-0.45,4.15
339.24,-8.84,-0.45,4.15
339.31,-8.84,-0.45,4.15
339.37,-8.84,-0.45,4.15
339.44,-8.84,-0.45,4.15
339.51,-8.84,-0.45,4.15
339.57,-8.84,-0.45,4.15
339.64,-8.84,-0.45,4.15
339.71,-8.84,-0.45,4.15
339.77,-8.84,-0.45,4.15
339.84,-8.84,-0.45,4.15
339.91,-8.84,-0.45,4.15
339.97,-8.84,-0.45,4.15
340.04,-8.84,-0.45,4.15
340.11,-8.84,-0.45,4.15
340.17,-8.84,-0.45,4.15
340.24,-8.84,-0.45,4.15
340.31,-8.84,-0.45,4.15
340.37,-8.84,-0.45,4.15
340.44,-8.84,-0.45,4.15
340.51,-8.84,-0.45,4.15
340.57,-8.84,-0.45,4.15
340.64,-8.84,-0.45,4.15
340.71,-8.84,-0.45,4.15
340.77,-8.84,-0.45,4.15
340.84,-8.84,-0.45,4.15
340.91,-8.84,-0.45,4.15
340.97,-8.84,-0.45,4.15
341.04,-8.84,-0.45,4.15
341.11,-8.84,-0.45,4.15
341.17,-8.84,-0.45,4.15
341.24,-8.84,-0.45,4.15
341.31,-8.84,-0.45,4.15
341.38,-8.84,-0.45,4.15
341.44,-8.84,-0.45,4.15
341.51,-8.84,-0.45,4.15
341.58,-8.84,-0.45,4.15
341.64,-8.84,-0.45,4.15
341.71,-8.84,-0.45,4.15
341.78,-8.84,-0.45,4.15
341.84,-8.84,-0.45,4.15
341.91,-8.84,-0.45,4.15
341.98,-8.84,-0.45,4.15
342.04,-8.84,-0.45,4.15
342.11,-8.84,-0.45,4.15
342.18,-8.84,-0.45,4.15
342.24,-8.84,-0.45,4.15
342.31,-8.84,-0.45,4.15
342.38,-8.84,-0.45,4.15
342.44,-8.84,-0.45,4.15
342.51,-8.84,-0.45,4.15
342.58,-8.84,-0.45,4.15
342.65,-8.84,-0.45,4.15
342.71,-8.84,-0.45,4.15
342.78,-8.84,-0.45,4.15
342.85,-8.84,-0.45,4.15
342.91,-8.84,-0.45,4.15
342.98,-8.84,-0.45,4.15
343.05,-8.84,-0.45,4.15
343.12,-8.84,-0.45,4.15
343.18,-8.84,-0.45,4.15
343.25,-8.84,-0.45,4.15
343.32,-8.84,-0.45,4.15
343.38,-8.84,-0.45,4.15
343.45,-8.84,-0.45,4.15
343.52,-8.84,-0.45,4.15
343.58,-8.84,-0.45,4.15
343.65,-8.84,-0.45,4.15
343.72,-8.84,-0.45,4.15
343.79,-8.84,-0.45,4.15
343.85,-8.84,-0.45,4.15
343.92,-8.84,-0.45,4.15
343.99,-8.84,-0.45,4.15
344.05,-8.84,-0.45,4.15
344.12,-8.84,-0.45,4.15
344.19,-8.84,-0.45,4.15
344.25,-8.84,-0.45,4.15
344.33,-8.84,-0.45,4.15
344.39,-8.84,-0.45,4.15
344.46,-8.84,-0.45,4.15
344.53,-8.84,-0.45,4.15
344.59,-8.84,-0.45,4.15
344.66,-8.84,-0.45,4.15
344.73,-8.84,-0.45,4.15
344.79,-8.84,-0.45,4.15
344.86,-8.84,-0.45,4.15
344.93,-8.84,-0.45,4.15
344.99,-8.84,-0.45,4.15
345.06,-8.84,-0.45,4.15
345.13,-8.84,-0.45,4.15
345.19,-8.84,-0.45,4.15
345.26,-8.84,-0.45,4.15
345.32,-8.84,-0.45,4.15
345.39,-8.84,-0.45,4.15
345.46,-8.84,-0.45,4.15
345.52,-8.84,-0.45,4.15
345.59,-8.84,-0.45,4.15
345.66,-8.84,-0.45,4.15
345.72,-8.84,-0.45,4.15
345.79,-8.84,-0.45,4.15
345.86,-8.84,-0.45,4.15
345.92,-8.84,-0.45,4.15
345.99,-8.84,-0.45,4.15
346.06,-8.84,-0.45,4.15
346.12,-8.84,-0.45,4.15
346.19,-8.84,-0.45,4.15
346.26,-8.84,-0.45,4.15
346.32,-8.84,-0.45,4.15
346.39,-8.84,-0.45,4.15
346.45,-8.84,-0.45,4.15
346.52,-8.84,-0.45,4.15
346.59,-8.84,-0.45,4.15
346.66,-8.84,-0.45,4.15
346.72,-8.84,-0.45,4.15
346.79,-8.84,-0.45,4.15
346.85,-8.84,-0.45,4.15
346.92,-8.84,-0.45,4.15
346.99,-8.84,-0.45,4.15
347.05,-8.84,-0.45,4.15
347.12,-8.84,-0.45,4.15
347.19,-8.84,-0.45,4.15
347.25,-8.84,-0.45,4.15
347.32,-8.84,-0.45,4.15
347.39,-8.84,-0.45,4.15
347.45,-8.84,-0.45,4.15
347.52,-8.84,-0.45,4.15
347.59,-8.84,-0.45,4.15
347.66,-8.84,-0.45,4.15
347.72,-8.84,-0.45,4.15
347.79,-8.84,-0.45,4.15
347.86,-8.84,-0.45,4.15
347.92,-8.84,-0.45,4.15
347.99,-8.84,-0.45,4.15
348.05,-8.84,-0.45,4.15
348.12,-8.84,-0.45,4.15
348.19,-8.84,-0.45,4.15
348.25,-8.84,-0.45,4.15
348.32,-8.84,-0.45,4.15
348.39,-8.84,-0.45,4.15
348.45,-8.84,-0.45,4.15
348.52,-8.84,-0.45,4.15
348.59,-8.84,-0.45,4.15
348.66,-8.84,-0.45,4.15
348.72,-8.84,-0.45,4.15
348.79,-8.84,-0.45,4.15
348.86,-8.84,-0.45,4.15
348.92,-8.84,-0.45,4.15
348.99,-8.84,-0.45,4.15
349.06,-8.84,-0.45,4.15
349.13,-8.84,-0.45,4.15
349.19,-8.84,-0.45,4.15
349.26,-8.84,-0.45,4.15
349.33,-8.84,-0.45,4.15
349.39,-8.84,-0.45,4.15
349.46,-8.84,-0.45,4.15
349.53,-8.84,-0.45,4.15
349.59,-8.84,-0.45,4.15
349.66,-8.84,-0.45,4.15
349.73,-8.84,-0.45,4.15
349.79,-8.84,-0.45,4.15
349.86,-8.84,-0.45,4.15
349.93,-8.84,-0.45,4.15
350.0,-8.84,-0.45,4.15
350.06,-8.84,-0.45,4.15
350.13,-8.84,-0.45,4.15
350.2,-8.84,-0.45,4.15
350.26,-8.84,-0.45,4.15
350.33,-8.84,-0.45,4.15
350.4,-8.84,-0.45,4.15
350.47,-8.84,-0.45,4.15
350.53,-8.84,-0.45,4.15
350.6,-8.84,-0.45,4.15
350.67,-8.84,-0.45,4.15
350.73,-8.84,-0.45,4.15
350.8,-8.84,-0.45,4.15
350.87,-8.84,-0.45,4.15
350.93,-8.84,-0.45,4.15
351.01,-8.84,-0.45,4.15
351.07,-8.84,-0.45,4.15
351.14,-8.84,-0.45,4.15
351.21,-8.84,-0.45,4.15
351.27,-8.84,-0.45,4.15
351.34,-8.84,-0.45,4.15
351.4,-8.84,-0.45,4.15
351.47,-8.84,-0.45,4.15
351.54,-8.84,-0.45,4.15
351.6,-8.84,-0.45,4.15
351.67,-8.84,-0.45,4.15
351.74,-8.84,-0.45,4.15
351.8,-8.84,-0.45,4.15
351.87,-8.84,-0.45,4.15
351.94,-8.84,-0.45,4.15
352.0,-8.84,-0.45,4.15
352.07,-8.84,-0.45,4.15
352.13,-8.84,-0.45,4.15
352.2,-8.84,-0.45,4.15
352.27,-8.84,-0.45,4.15
352.33,-8.84,-0.45,4.15
352.4,-8.84,-0.45,4.15
352.47,-8.84,-0.45,4.15
352.54,-8.84,-0.45,4.15
352.6,-8.84,-0.45,4.15
352.67,-8.84,-0.45,4.15
352.74,-8.84,-0.45,4.15
352.8,-8.84,-0.45,4.15
352.87,-8.84,-0.45,4.15
352.93,-8.84,-0.45,4.15
353.0,-8.84,-0.45,4.15
353.07,-8.84,-0.45,4.15
353.13,-8.84,-0.45,4.15
353.2,-8.84,-0.45,4.15
353.27,-8.84,-0.45,4.15
353.35,-8.84,-0.45,4.15
353.41,-8.84,-0.45,4.15
353.48,-8.84,-0.45,4.15
353.55,-8.84,-0.45,4.15
353.61,-8.84,-0.45,4.15
353.68,-8.84,-0.45,4.15
353.74,-8.84,-0.45,4.15
353.81,-8.84,-0.45,4.15
353.88,-8.84,-0.45,4.15
353.94,-8.84,-0.45,4.15
354.01,-8.84,-0.45,4.15
354.08,-8.84,-0.45,4.15
354.14,-8.84,-0.45,4.15
354.21,-8.84,-0.45,4.15
354.28,-8.84,-0.45,4.15
354.34,-8.84,-0.45,4.15
354.41,-8.84,-0.45,4.15
354.47,-8.84,-0.45,4.15
354.54,-8.84,-0.45,4.15
354.61,-8.84,-0.45,4.15
354.67,-8.84,-0.45,4.15
354.74,-8.84,-0.45,4.15
354.81,-8.84,-0.45,4.15
354.87,-8.84,-0.45,4.15
354.94,-8.84,-0.45,4.15
355.01,-8.84,-0.45,4.15
355.07,-8.84,-0.45,4.15
355.14,-8.84,-0.45,4.15
355.2,-8.84,-0.45,4.15
355.27,-8.84,-0.45,4.15
355.34,-8.84,-0.45,4.15
355.41,-8.84,-0.45,4.15
355.47,-8.84,-0.45,4.15
355.54,-8.84,-0.45,4.15
355.6,-8.84,-0.45,4.15
355.67,-8.84,-0.45,4.15
355.74,-8.84,-0.45,4.15
355.8,-8.84,-0.45,4.15
355.87,-8.84,-0.45,4.15
355.94,-8.84,-0.45,4.15
356.0,-8.84,-0.45,4.15
356.07,-8.84,-0.45,4.15
356.14,-8.84,-0.45,4.15
356.2,-8.84,-0.45,4.15
356.27,-8.84,-0.45,4.15
356.34,-8.84,-0.45,4.15
356.4,-8.84,-0.45,4.15
356.47,-8.84,-0.45,4.15
356.54,-8.84,-0.45,4.15
356.6,-8.84,-0.45,4.15
356.67,-8.84,-0.45,4.15
356.74,-8.84,-0.45,4.15
356.8,-8.84,-0.45,4.15
356.87,-8.84,-0.45,4.15
356.94,-8.84,-0.45,4.15
357.0,-8.84,-0.45,4.15
357.07,-8.84,-0.45,4.15
357.14,-8.84,-0.45,4.15
357.2,-8.84,-0.45,4.15
357.27,-8.84,-0.45,4.15
357.34,-8.84,-0.45,4.15
357.4,-8.84,-0.45,4.15
357.47,-8.84,-0.45,4.15
357.54,-8.84,-0.45,4.15
357.6,-8.84,-0.45,4.15
357.67,-8.84,-0.45,4.15
357.74,-8.84,-0.45,4.15
357.8,-8.84,-0.45,4.15
357.87,-8.84,-0.45,4.15
357.94,-8.84,-0.45,4.15
358.0,-8.84,-0.45,4.15
358.07,-8.84,-0.45,4.15
358.14,-8.84,-0.45,4.15
358.2,-8.84,-0.45,4.15
358.27,-8.84,-0.45,4.15
358.34,-8.84,-0.45,4.15
358.41,-8.84,-0.45,4.15
358.47,-8.84,-0.45,4.15
358.54,-8.84,-0.45,4.15
358.61,-8.84,-0.45,4.15
358.67,-8.84,-0.45,4.15
358.74,-8.84,-0.45,4.15
358.81,-8.84,-0.45,4.15
358.87,-8.84,-0.45,4.15
358.94,-8.84,-0.45,4.15
359.01,-8.84,-0.45,4.15
359.07,-8.84,-0.45,4.15
359.14,-8.84,-0.45,4.15
359.21,-8.84,-0.45,4.15
359.28,-8.84,-0.45,4.15
359.34,-8.84,-0.45,4.15
359.41,-8.84,-0.45,4.15
359.48,-8.84,-0.45,4.15
359.54,-8.84,-0.45,4.15
359.61,-8.84,-0.45,4.15
359.68,-8.84,-0.45,4.15
359.75,-8.84,-0.45,4.15
359.81,-8.84,-0.45,4.15
359.88,-8.84,-0.45,4.15
359.95,-8.84,-0.45,4.15
360.02,-8.84,-0.45,4.15
360.09,-8.84,-0.45,4.15
360.15,-8.84,-0.45,4.15
360.22,-8.84,-0.45,4.15
360.29,-8.84,-0.45,4.15
360.35,-8.84,-0.45,4.15
360.42,-8.84,-0.45,4.15
360.49,-8.84,-0.45,4.15
360.55,-8.84,-0.45,4.15
360.62,-8.84,-0.45,4.15
360.69,-8.84,-0.45,4.15
360.75,-8.84,-0.45,4.15
360.82,-8.84,-0.45,4.15
360.89,-8.84,-0.45,4.15
360.95,-8.84,-0.45,4.15
361.02,-8.84,-0.45,4.15
361.08,-8.84,-0.45,4.15
361.15,-8.84,-0.45,4.15
361.22,-8.84,-0.45,4.15
361.28,-8.84,-0.45,4.15
361.35,-8.84,-0.45,4.15
361.42,-8.84,-0.45,4.15
361.48,-8.84,-0.45,4.15
361.55,-8.84,-0.45,4.15
361.62,-8.84,-0.45,4.15
361.68,-8.84,-0.45,4.15
361.75,-8.84,-0.45,4.15
361.82,-8.84,-0.45,4.15
361.88,-8.84,-0.45,4.15
361.95,-8.84,-0.45,4.15
362.01,-8.84,-0.45,4.15
362.08,-8.84,-0.45,4.15
362.15,-8.84,-0.45,4.15
362.21,-8.84,-0.45,4.15
362.28,-8.84,-0.45,4.15
362.35,-8.84,-0.45,4.15
362.41,-8.84,-0.45,4.15
362.48,-8.84,-0.45,4.15
362.55,-8.84,-0.45,4.15
362.61,-8.84,-0.45,4.15
362.68,-8.84,-0.45,4.15
362.75,-8.84,-0.45,4.15
362.81,-8.84,-0.45,4.15
362.88,-8.84,-0.45,4.15
362.95,-8.84,-0.45,4.15
363.01,-8.84,-0.45,4.15
363.08,-8.84,-0.45,4.15
363.15,-8.84,-0.45,4.15
363.21,-8.84,-0.45,4.15
363.28,-8.84,-0.45,4.15
363.35,-8.84,-0.45,4.15
363.41,-8.84,-0.45,4.15
363.48,-8.84,-0.45,4.15
363.55,-8.84,-0.45,4.15
363.61,-8.84,-0.45,4.15
363.68,-8.84,-0.45,4.15
363.75,-8.84,-0.45,4.15
363.81,-8.84,-0.45,4.15
363.88,-8.84,-0.45,4.15
363.94,-8.84,-0.45,4.15
364.01,-8.84,-0.45,4.15
364.08,-8.84,-0.45,4.15
364.15,-8.84,-0.45,4.15
364.21,-8.84,-0.45,4.15
364.28,-8.84,-0.45,4.15
364.35,-8.84,-0.45,4.15
364.41,-8.84,-0.45,4.15
364.48,-8.84,-0.45,4.15
364.55,-8.84,-0.45,4.15
364.61,-8.84,-0.45,4.15
364.68,-8.84,-0.45,4.15
364.75,-8.84,-0.45,4.15
364.81,-8.84,-0.45,4.15
364.88,-8.84,-0.45,4.15
364.95,-8.84,-0.45,4.15
365.01,-8.84,-0.45,4.15
365.08,-8.84,-0.45,4.15
365.15,-8.84,-0.45,4.15
365.22,-8.84,-0.45,4.15
365.28,-8.84,-0.45,4.15
365.35,-8.84,-0.45,4.15
365.42,-8.84,-0.45,4.15
365.48,-8.84,-0.45,4.15
365.55,-8.84,-0.45,4.15
365.62,-8.84,-0.45,4.15
365.68,-8.84,-0.45,4.15
365.75,-8.84,-0.45,4.15
365.82,-8.84,-0.45,4.15
365.89,-8.84,-0.45,4.15
365.95,-8.84,-0.45,4.15
366.02,-8.84,-0.45,4.15
366.09,-8.84,-0.45,4.15
366.15,-8.84,-0.45,4.15
366.22,-8.84,-0.45,4.15
366.29,-8.84,-0.45,4.15
366.35,-8.84,-0.45,4.15
366.42,-8.84,-0.45,4.15
366.49,-8.84,-0.45,4.15
366.55,-8.84,-0.45,4.15
366.62,-8.84,-0.45,4.15
366.69,-8.84,-0.45,4.15
366.76,-8.84,-0.45,4.15
366.83,-8.84,-0.45,4.15
366.89,-8.84,-0.45,4.15
366.96,-8.84,-0.45,4.15
367.03,-8.84,-0.45,4.15
367.09,-8.84,-0.45,4.15
367.16,-8.84,-0.45,4.15
367.23,-8.84,-0.45,4.15
367.29,-8.84,-0.45,4.15
367.36,-8.84,-0.45,4.15
367.42,-8.84,-0.45,4.15
367.49,-8.84,-0.45,4.15
367.56,-8.84,-0.45,4.15
367.62,-8.84,-0.45,4.15
367.69,-8.84,-0.45,4.15
367.76,-8.84,-0.45,4.15
367.82,-8.84,-0.45,4.15
367.89,-8.84,-0.45,4.15
367.95,-8.84,-0.45,4.15
368.02,-8.84,-0.45,4.15
368.09,-8.84,-0.45,4.15
368.15,-8.84,-0.45,4.15
368.22,-8.84,-0.45,4.15
368.29,-8.84,-0.45,4.15
368.35,-8.84,-0.45,4.15
368.42,-8.84,-0.45,4.15
368.49,-8.84,-0.45,4.15
368.55,-8.84,-0.45,4.15
368.62,-8.84,-0.45,4.15
368.69,-8.84,-0.45,4.15
368.75,-8.84,-0.45,4.15
368.82,-8.84,-0.45,4.15
368.89,-8.84,-0.45,4.15
368.95,-8.84,-0.45,4.15
369.02,-8.84,-0.45,4.15
369.09,-8.84,-0.45,4.15
369.15,-8.84,-0.45,4.15
369.22,-8.84,-0.45,4.15
369.29,-8.84,-0.45,4.15
369.35,-8.84,-0.45,4.15
369.42,-8.84,-0.45,4.15
369.49,-8.84,-0.45,4.15
369.55,-8.84,-0.45,4.15
369.62,-8.84,-0.45,4.15
369.69,-8.84,-0.45,4.15
369.75,-8.84,-0.45,4.15
369.82,-8.84,-0.45,4.15
369.89,-8.84,-0.45,4.15
369.95,-8.84,-0.45,4.15
370.02,-8.84,-0.45,4.15
370.09,-8.84,-0.45,4.15
370.15,-8.84,-0.45,4.15
370.22,-8.84,-0.45,4.15
370.29,-8.84,-0.45,4.15
370.35,-8.84,-0.45,4.15
370.42,-8.84,-0.45,4.15
370.49,-8.84,-0.45,4.15
370.55,-8.84,-0.45,4.15
370.62,-8.84,-0.45,4.15
370.68,-8.84,-0.45,4.15
370.75,-8.84,-0.45,4.15
370.82,-8.84,-0.45,4.15
370.88,-8.84,-0.45,4.15
370.95,-8.84,-0.45,4.15
371.02,-8.84,-0.45,4.15
371.09,-8.84,-0.45,4.15
371.15,-8.84,-0.45,4.15
371.22,-8.84,-0.45,4.15
371.29,-8.84,-0.45,4.15
371.35,-8.84,-0.45,4.15
371.42,-8.84,-0.45,4.15
371.49,-8.84,-0.45,4.15
371.55,-8.84,-0.45,4.15
371.62,-8.84,-0.45,4.15
371.69,-8.84,-0.45,4.15
371.75,-8.84,-0.45,4.15
371.82,-8.84,-0.45,4.15
371.89,-8.84,-0.45,4.15
371.95,-8.84,-0.45,4.15
372.02,-8.84,-0.45,4.15
372.09,-8.84,-0.45,4.15
372.16,-8.84,-0.45,4.15
372.22,-8.84,-0.45,4.15
372.29,-8.84,-0.45,4.15
372.36,-8.84,-0.45,4.15
372.42,-8.84,-0.45,4.15
372.49,-8.84,-0.45,4.15
372.56,-8.84,-0.45,4.15
372.62,-8.84,-0.45,4.15
372.69,-8.84,-0.45,4.15
372.76,-8.84,-0.45,4.15
372.82,-8.84,-0.45,4.15
372.89,-8.84,-0.45,4.15
372.96,-8.84,-0.45,4.15
373.03,-8.84,-0.45,4.15
373.09,-8.84,-0.45,4.15
373.16,-8.84,-0.45,4.15
373.23,-8.84,-0.45,4.15
373.29,-8.84,-0.45,4.15
373.36,-8.84,-0.45,4.15
373.44,-8.84,-0.45,4.15
373.5,-8.84,-0.45,4.15
373.57,-8.84,-0.45,4.15
373.63,-8.84,-0.45,4.15
373.7,-8.84,-0.45,4.15
373.77,-8.84,-0.45,4.15
373.83,-8.84,-0.45,4.15
373.9,-8.84,-0.45,4.15
373.96,-8.84,-0.45,4.15
374.03,-8.84,-0.45,4.15
374.1,-8.84,-0.45,4.15
374.16,-8.84,-0.45,4.15
374.23,-8.84,-0.45,4.15
374.3,-8.84,-0.45,4.15
374.36,-8.84,-0.45,4.15
374.43,-8.84,-0.45,4.15
374.5,-8.84,-0.45,4.15
374.56,-8.84,-0.45,4.15
374.63,-8.84,-0.45,4.15
374.7,-8.84,-0.45,4.15
374.76,-8.84,-0.45,4.15
374.83,-8.84,-0.45,4.15
374.89,-8.84,-0.45,4.15
374.96,-8.84,-0.45,4.15
375.03,-8.84,-0.45,4.15
375.09,-8.84,-0.45,4.15
375.16,-8.84,-0.45,4.15
375.23,-8.84,-0.45,4.15
375.29,-8.84,-0.45,4.15
375.36,-8.84,-0.45,4.15
375.43,-8.84,-0.45,4.15
375.49,-8.84,-0.45,4.15
375.56,-8.84,-0.45,4.15
375.63,-8.84,-0.45,4.15
375.69,-8.84,-0.45,4.15
375.76,-8.84,-0.45,4.15
375.82,-8.84,-0.45,4.15
375.89,-8.84,-0.45,4.15
375.96,-8.84,-0.45,4.15
376.02,-8.84,-0.45,4.15
376.09,-8.84,-0.45,4.15
376.16,-8.84,-0.45,4.15
376.22,-8.84,-0.45,4.15
376.29,-8.84,-0.45,4.15
376.36,-8.84,-0.45,4.15
376.42,-8.84,-0.45,4.15
376.49,-8.84,-0.45,4.15
376.56,-8.84,-0.45,4.15
376.62,-8.84,-0.45,4.15
376.69,-8.84,-0.45,4.15
376.76,-8.84,-0.45,4.15
376.82,-8.84,-0.45,4.15
376.89,-8.84,-0.45,4.15
376.96,-8.84,-0.45,4.15
377.02,-8.84,-0.45,4.15
377.09,-8.84,-0.45,4.15
377.16,-8.84,-0.45,4.15
377.22,-8.84,-0.45,4.15
377.29,-8.84,-0.45,4.15
377.36,-8.84,-0.45,4.15
377.42,-8.84,-0.45,4.15
377.49,-8.84,-0.45,4.15
377.56,-8.84,-0.45,4.15
377.62,-8.84,-0.45,4.15
377.69,-8.84,-0.45,4.15
377.76,-8.84,-0.45,4.15
377.82,-8.84,-0.45,4.15
377.89,-8.84,-0.45,4.15
377.96,-8.84,-0.45,4.15
378.02,-8.84,-0.45,4.15
378.09,-8.84,-0.45,4.15
378.16,-8.84,-0.45,4.15
378.22,-8.84,-0.45,4.15
378.29,-8.84,-0.45,4.15
378.36,-8.84,-0.45,4.15
378.42,-8.84,-0.45,4.15
378.49,-8.84,-0.45,4.15
378.56,-8.84,-0.45,4.15
378.63,-8.84,-0.45,4.15
378.69,-8.84,-0.45,4.15
378.76,-8.84,-0.45,4.15
378.83,-8.84,-0.45,4.15
378.89,-8.84,-0.45,4.15
378.96,-8.84,-0.45,4.15
379.03,-8.84,-0.45,4.15
379.1,-8.84,-0.45,4.15
379.16,-8.84,-0.45,4.15
379.23,-8.84,-0.45,4.15
379.3,-8.84,-0.45,4.15
379.36,-8.84,-0.45,4.15
379.43,-8.84,-0.45,4.15
379.5,-8.84,-0.45,4.15
379.56,-8.84,-0.45,4.15
379.63,-8.84,-0.45,4.15
379.7,-8.84,-0.45,4.15
379.76,-8.84,-0.45,4.15
379.83,-8.84,-0.45,4.15
379.9,-8.84,-0.45,4.15
379.96,-8.84,-0.45,4.15
380.03,-8.84,-0.45,4.15
380.1,-8.84,-0.45,4.15
380.17,-8.84,-0.45,4.15
380.24,-8.84,-0.45,4.15
380.31,-8.84,-0.45,4.15
380.37,-8.84,-0.45,4.15
380.44,-8.84,-0.45,4.15
380.51,-8.84,-0.45,4.15
380.57,-8.84,-0.45,4.15
380.64,-8.84,-0.45,4.15
380.71,-8.84,-0.45,4.15
380.77,-8.84,-0.45,4.15
380.84,-8.84,-0.45,4.15
380.9,-8.84,-0.45,4.15
380.97,-8.84,-0.45,4.15
381.04,-8.84,-0.45,4.15
381.1,-8.84,-0.45,4.15
381.17,-8.84,-0.45,4.15
381.24,-8.84,-0.45,4.15
381.3,-8.84,-0.45,4.15
381.37,-8.84,-0.45,4.15
381.44,-8.84,-0.45,4.15
381.5,-8.84,-0.45,4.15
381.57,-8.84,-0.45,4.15
381.63,-8.84,-0.45,4.15
381.7,-8.84,-0.45,4.15
381.77,-8.84,-0.45,4.15
381.83,-8.84,-0.45,4.15
381.9,-8.84,-0.45,4.15
381.97,-8.84,-0.45,4.15
382.03,-8.84,-0.45,4.15
382.1,-8.84,-0.45,4.15
382.17,-8.84,-0.45,4.15
382.23,-8.84,-0.45,4.15
382.3,-8.84,-0.45,4.15
382.37,-8.84,-0.45,4.15
382.43,-8.84,-0.45,4.15
382.5,-8.84,-0.45,4.15
382.57,-8.84,-0.45,4.15
382.63,-8.84,-0.45,4.15
382.7,-8.84,-0.45,4.15
382.76,-8.84,-0.45,4.15
382.83,-8.84,-0.45,4.15
382.9,-8.84,-0.45,4.15
382.96,-8.84,-0.45,4.15
383.03,-8.84,-0.45,4.15
383.1,-8.84,-0.45,4.15
383.16,-8.84,-0.45,4.15
383.23,-8.84,-0.45,4.15
383.3,-8.84,-0.45,4.15
383.36,-8.84,-0.45,4.15
383.43,-8.84,-0.45,4.15
383.49,-8.84,-0.45,4.15
383.56,-8.84,-0.45,4.15
383.63,-8.84,-0.45,4.15
383.69,-8.84,-0.45,4.15
383.76,-8.84,-0.45,4.15
383.83,-8.84,-0.45,4.15
383.89,-8.84,-0.45,4.15
383.96,-8.84,-0.45,4.15
384.03,-8.84,-0.45,4.15
384.09,-8.84,-0.45,4.15
384.16,-8.84,-0.45,4.15
384.23,-8.84,-0.45,4.15
384.29,-8.84,-0.45,4.15
384.36,-8.84,-0.45,4.15
384.43,-8.84,-0.45,4.15
384.49,-8.84,-0.45,4.15
384.56,-8.84,-0.45,4.15
384.63,-8.84,-0.45,4.15
384.69,-8.84,-0.45,4.15
384.76,-8.84,-0.45,4.15
384.83,-8.84,-0.45,4.15
384.9,-8.84,-0.45,4.15
384.96,-8.84,-0.45,4.15
385.03,-8.84,-0.45,4.15
385.1,-8.84,-0.45,4.15
385.16,-8.84,-0.45,4.15
385.23,-8.84,-0.45,4.15
385.3,-8.84,-0.45,4.15
385.36,-8.84,-0.45,4.15
385.43,-8.84,-0.45,4.15
385.5,-8.84,-0.45,4.15
385.56,-8.84,-0.45,4.15
385.63,-8.84,-0.45,4.15
385.7,-8.84,-0.45,4.15
385.76,-8.84,-0.45,4.15
385.83,-8.84,-0.45,4.15
385.9,-8.84,-0.45,4.15
385.96,-8.84,-0.45,4.15
386.03,-8.84,-0.45,4.15
386.1,-8.84,-0.45,4.15
386.16,-8.84,-0.45,4.15
386.23,-8.84,-0.45,4.15
386.3,-8.84,-0.45,4.15
386.36,-8.84,-0.45,4.15
386.43,-8.84,-0.45,4.15
386.5,-8.84,-0.45,4.15
386.56,-8.84,-0.45,4.15
386.63,-8.84,-0.45,4.15
386.7,-8.84,-0.45,4.15
386.77,-8.84,-0.45,4.15
386.84,-8.84,-0.45,4.15
386.91,-8.84,-0.45,4.15
386.98,-8.84,-0.45,4.15
387.04,-8.84,-0.45,4.15
387.11,-8.84,-0.45,4.15
387.17,-8.84,-0.45,4.15
387.24,-8.84,-0.45,4.15
387.31,-8.84,-0.45,4.15
387.37,-8.84,-0.45,4.15
387.44,-8.84,-0.45,4.15
387.51,-8.84,-0.45,4.15
387.57,-8.84,-0.45,4.15
387.64,-8.84,-0.45,4.15
387.71,-8.84,-0.45,4.15
387.77,-8.84,-0.45,4.15
387.84,-8.84,-0.45,4.15
387.9,-8.84,-0.45,4.15
387.97,-8.84,-0.45,4.15
388.04,-8.84,-0.45,4.15
388.1,-8.84,-0.45,4.15
388.17,-8.84,-0.45,4.15
388.24,-8.84,-0.45,4.15
388.3,-8.84,-0.45,4.15
388.37,-8.84,-0.45,4.15
388.44,-8.84,-0.45,4.15
388.5,-8.84,-0.45,4.15
388.57,-8.84,-0.45,4.15
388.64,-8.84,-0.45,4.15
388.7,-8.84,-0.45,4.15
388.77,-8.84,-0.45,4.15
388.84,-8.84,-0.45,4.15
388.9,-8.84,-0.45,4.15
388.97,-8.84,-0.45,4.15
389.04,-8.84,-0.45,4.15
389.1,-8.84,-0.45,4.15
389.17,-8.84,-0.45,4.15
389.24,-8.84,-0.45,4.15
389.3,-8.84,-0.45,4.15
389.37,-8.84,-0.45,4.15
389.44,-8.84,-0.45,4.15
389.5,-8.84,-0.45,4.15
389.57,-8.84,-0.45,4.15
389.64,-8.84,-0.45,4.15
389.7,-8.84,-0.45,4.15
389.77,-8.84,-0.45,4.15
389.84,-8.84,-0.45,4.15
389.9,-8.84,-0.45,4.15
389.97,-8.84,-0.45,4.15
390.04,-8.84,-0.45,4.15
390.1,-8.84,-0.45,4.15
390.17,-8.84,-0.45,4.15
390.24,-8.84,-0.45,4.15
390.3,-8.84,-0.45,4.15
390.37,-8.84,-0.45,4.15
390.44,-8.84,-0.45,4.15
390.5,-8.84,-0.45,4.15
390.57,-8.84,-0.45,4.15
390.64,-8.84,-0.45,4.15
390.7,-8.84,-0.45,4.15
390.77,-8.84,-0.45,4.15
390.84,-8.84,-0.45,4.15
390.91,-8.84,-0.45,4.15
390.97,-8.84,-0.45,4.15
391.04,-8.84,-0.45,4.15
391.11,-8.84,-0.45,4.15
391.17,-8.84,-0.45,4.15
391.24,-8.84,-0.45,4.15
391.31,-8.84,-0.45,4.15
391.37,-8.84,-0.45,4.15
391.44,-8.84,-0.45,4.15
391.51,-8.84,-0.45,4.15
391.57,-8.84,-0.45,4.15
391.64,-8.84,-0.45,4.15
391.71,-8.84,-0.45,4.15
391.77,-8.84,-0.45,4.15
391.84,-8.84,-0.45,4.15
391.91,-8.84,-0.45,4.15
391.98,-8.84,-0.45,4.15
392.04,-8.84,-0.45,4.15
392.11,-8.84,-0.45,4.15
392.18,-8.84,-0.45,4.15
392.24,-8.84,-0.45,4.15
392.31,-8.84,-0.45,4.15
392.38,-8.84,-0.45,4.15
392.45,-8.84,-0.45,4.15
392.51,-8.84,-0.45,4.15
392.58,-8.84,-0.45,4.15
392.65,-8.84,-0.45,4.15
392.71,-8.84,-0.45,4.15
392.78,-8.84,-0.45,4.15
392.85,-8.84,-0.45,4.15
392.92,-8.84,-0.45,4.15
392.98,-8.84,-0.45,4.15
393.05,-8.84,-0.45,4.15
393.12,-8.84,-0.45,4.15
393.18,-8.84,-0.45,4.15
393.25,-8.84,-0.45,4.15
393.32,-8.84,-0.45,4.15
393.39,-8.84,-0.45,4.15
393.46,-8.84,-0.45,4.15
393.53,-8.84,-0.45,4.15
393.59,-8.84,-0.45,4.15
393.66,-8.84,-0.45,4.15
393.72,-8.84,-0.45,4.15
393.79,-8.84,-0.45,4.15
393.86,-8.84,-0.45,4.15
393.92,-8.84,-0.45,4.15
393.99,-8.84,-0.45,4.15
394.06,-8.84,-0.45,4.15
394.12,-8.84,-0.45,4.15
394.19,-8.84,-0.45,4.15
394.26,-8.84,-0.45,4.15
394.32,-8.84,-0.45,4.15
394.39,-8.84,-0.45,4.15
394.45,-8.84,-0.45,4.15
394.52,-8.84,-0.45,4.15
394.59,-8.84,-0.45,4.15
394.66,-8.84,-0.45,4.15
394.73,-8.84,-0.45,4.15
394.8,-8.84,-0.45,4.15
394.86,-8.84,-0.45,4.15
394.93,-8.84,-0.45,4.15
394.99,-8.84,-0.45,4.15
395.06,-8.84,-0.45,4.15
395.12,-8.84,-0.45,4.15
395.19,-8.84,-0.45,4.15
395.26,-8.84,-0.45,4.15
395.32,-8.84,-0.45,4.15
395.39,-8.84,-0.45,4.15
395.46,-8.84,-0.45,4.15
395.52,-8.84,-0.45,4.15
395.59,-8.84,-0.45,4.15
395.66,-8.84,-0.45,4.15
395.72,-8.84,-0.45,4.15
395.79,-8.84,-0.45,4.15
395.85,-8.84,-0.45,4.15
395.92,-8.84,-0.45,4.15
395.99,-8.84,-0.45,4.15
396.05,-8.84,-0.45,4.15
396.12,-8.84,-0.45,4.15
396.19,-8.84,-0.45,4.15
396.25,-8.84,-0.45,4.15
396.32,-8.84,-0.45,4.15
396.39,-8.84,-0.45,4.15
396.45,-8.84,-0.45,4.15
396.52,-8.84,-0.45,4.15
396.59,-8.84,-0.45,4.15
396.65,-8.84,-0.45,4.15
396.72,-8.84,-0.45,4.15
396.79,-8.84,-0.45,4.15
396.85,-8.84,-0.45,4.15
396.92,-8.84,-0.45,4.15
396.99,-8.84,-0.45,4.15
397.05,-8.84,-0.45,4.15
397.12,-8.84,-0.45,4.15
397.19,-8.84,-0.45,4.15
397.25,-8.84,-0.45,4.15
397.32,-8.84,-0.45,4.15
397.38,-8.84,-0.45,4.15
397.45,-8.84,-0.45,4.15
397.52,-8.84,-0.45,4.15
397.59,-8.84,-0.45,4.15
397.65,-8.84,-0.45,4.15
397.72,-8.84,-0.45,4.15
397.79,-8.84,-0.45,4.15
397.85,-8.84,-0.45,4.15
397.92,-8.84,-0.45,4.15
397.99,-8.84,-0.45,4.15
398.05,-8.84,-0.45,4.15
398.12,-8.84,-0.45,4.15
398.18,-8.84,-0.45,4.15
398.25,-8.84,-0.45,4.15
398.32,-8.84,-0.45,4.15
398.38,-8.84,-0.45,4.15
398.45,-8.84,-0.45,4.15
398.52,-8.84,-0.45,4.15
398.58,-8.84,-0.45,4.15
398.65,-8.84,-0.45,4.15
398.72,-8.84,-0.45,4.15
398.78,-8.84,-0.45,4.15
398.85,-8.84,-0.45,4.15
398.92,-8.84,-0.45,4.15
398.98,-8.84,-0.45,4.15
399.05,-8.84,-0.45,4.15
399.12,-8.84,-0.45,4.15
399.18,-8.84,-0.45,4.15
399.25,-8.84,-0.45,4.15
399.32,-8.84,-0.45,4.15
399.38,-8.84,-0.45,4.15
399.45,-8.84,-0.45,4.15
399.52,-8.84,-0.45,4.15
399.58,-8.84,-0.45,4.15
399.65,-8.84,-0.45,4.15
399.72,-8.84,-0.45,4.15
399.78,-8.84,-0.45,4.15
399.85,-8.84,-0.45,4.15
399.92,-8.84,-0.45,4.15
399.98,-8.84,-0.45,4.15
400.05,-8.84,-0.45,4.15
400.12,-8.84,-0.45,4.15
400.19,-8.84,-0.45,4.15
400.25,-8.84,-0.45,4.15
400.32,-8.84,-0.45,4.15
400.39,-8.84,-0.45,4.15
400.45,-8.84,-0.45,4.15
400.52,-8.84,-0.45,4.15
400.59,-8.84,-0.45,4.15
400.66,-8.84,-0.45,4.15
400.72,-8.84,-0.45,4.15
400.79,-8.84,-0.45,4.15
400.86,-8.84,-0.45,4.15
400.92,-8.84,-0.45,4.15
400.99,-8.84,-0.45,4.15
401.06,-8.84,-0.45,4.15
401.12,-8.84,-0.45,4.15
401.19,-8.84,-0.45,4.15
401.26,-8.84,-0.45,4.15
401.33,-8.84,-0.45,4.15
401.4,-8.84,-0.45,4.15
401.46,-8.84,-0.45,4.15
401.53,-8.84,-0.45,4.15
401.6,-8.84,-0.45,4.15
401.66,-8.84,-0.45,4.15
401.73,-8.84,-0.45,4.15
401.79,-8.84,-0.45,4.15
401.86,-8.84,-0.45,4.15
401.93,-8.84,-0.45,4.15
401.99,-8.84,-0.45,4.15
402.06,-8.84,-0.45,4.15
402.13,-8.84,-0.45,4.15
402.19,-8.84,-0.45,4.15
402.26,-8.84,-0.45,4.15
402.32,-8.84,-0.45,4.15
402.39,-8.84,-0.45,4.15
402.46,-8.84,-0.45,4.15
402.52,-8.84,-0.45,4.15
402.59,-8.84,-0.45,4.15
402.66,-8.84,-0.45,4.15
402.72,-8.84,-0.45,4.15
402.79,-8.84,-0.45,4.15
402.86,-8.84,-0.45,4.15
402.92,-8.84,-0.45,4.15
402.99,-8.84,-0.45,4.15
403.05,-8.84,-0.45,4.15
403.12,-8.84,-0.45,4.15
403.19,-8.84,-0.45,4.15
403.25,-8.84,-0.45,4.15
403.32,-8.84,-0.45,4.15
403.38,-8.84,-0.45,4.15
403.45,-8.84,-0.45,4.15
403.52,-8.84,-0.45,4.15
403.59,-8.84,-0.45,4.15
403.65,-8.84,-0.45,4.15
403.72,-8.84,-0.45,4.15
403.78,-8.84,-0.45,4.15
403.85,-8.84,-0.45,4.15
403.92,-8.84,-0.45,4.15
403.98,-8.84,-0.45,4.15
404.05,-8.84,-0.45,4.15
404.12,-8.84,-0.45,4.15
404.18,-8.84,-0.45,4.15
404.25,-8.84,-0.45,4.15
404.32,-8.84,-0.45,4.15
404.38,-8.84,-0.45,4.15
404.45,-8.84,-0.45,4.15
404.52,-8.84,-0.45,4.15
404.58,-8.84,-0.45,4.15
404.65,-8.84,-0.45,4.15
404.72,-8.84,-0.45,4.15
404.78,-8.84,-0.45,4.15
404.85,-8.84,-0.45,4.15
404.92,-8.84,-0.45,4.15
404.98,-8.84,-0.45,4.15
405.05,-8.84,-0.45,4.15
405.12,-8.84,-0.45,4.15
405.18,-8.84,-0.45,4.15
405.25,-8.84,-0.45,4.15
405.32,-8.84,-0.45,4.15
405.38,-8.84,-0.45,4.15
405.45,-8.84,-0.45,4.15
405.52,-8.84,-0.45,4.15
405.58,-8.84,-0.45,4.15
405.65,-8.84,-0.45,4.15
405.72,-8.84,-0.45,4.15
405.78,-8.84,-0.45,4.15
405.85,-8.84,-0.45,4.15
405.92,-8.84,-0.45,4.15
405.98,-8.84,-0.45,4.15
406.05,-8.84,-0.45,4.15
406.12,-8.84,-0.45,4.15
406.18,-8.84,-0.45,4.15
406.25,-8.84,-0.45,4.15
406.32,-8.84,-0.45,4.15
406.38,-8.84,-0.45,4.15
406.46,-8.84,-0.45,4.15
406.52,-8.84,-0.45,4.15
406.59,-8.84,-0.45,4.15
406.66,-8.84,-0.45,4.15
406.72,-8.84,-0.45,4.15
406.79,-8.84,-0.45,4.15
406.86,-8.84,-0.45,4.15
406.93,-8.84,-0.45,4.15
406.99,-8.84,-0.45,4.15
407.06,-8.84,-0.45,4.15
407.13,-8.84,-0.45,4.15
407.19,-8.84,-0.45,4.15
407.26,-8.84,-0.45,4.15
407.33,-8.84,-0.45,4.15
407.39,-8.84,-0.45,4.15
407.46,-8.84,-0.45,4.15
407.53,-8.84,-0.45,4.15
407.6,-8.84,-0.45,4.15
407.66,-8.84,-0.45,4.15
407.73,-8.84,-0.45,4.15
407.8,-8.84,-0.45,4.15
407.87,-8.84,-0.45,4.15
407.94,-8.84,-0.45,4.15
408.01,-8.84,-0.45,4.15
408.07,-8.84,-0.45,4.15
408.14,-8.84,-0.45,4.15
408.21,-8.84,-0.45,4.15
408.27,-8.84,-0.45,4.15
408.34,-8.84,-0.45,4.15
408.4,-8.84,-0.45,4.15
408.47,-8.84,-0.45,4.15
408.54,-8.84,-0.45,4.15
408.6,-8.84,-0.45,4.15
408.67,-8.84,-0.45,4.15
408.74,-8.84,-0.45,4.15
408.8,-8.84,-0.45,4.15
408.87,-8.84,-0.45,4.15
408.93,-8.84,-0.45,4.15
409.0,-8.84,-0.45,4.15
409.07,-8.84,-0.45,4.15
409.13,-8.84,-0.45,4.15
409.2,-8.84,-0.45,4.15
409.26,-8.84,-0.45,4.15
409.33,-8.84,-0.45,4.15
409.4,-8.84,-0.45,4.15
409.46,-8.84,-0.45,4.15
409.53,-8.84,-0.45,4.15
409.6,-8.84,-0.45,4.15
409.66,-8.84,-0.45,4.15
409.73,-8.84,-0.45,4.15
409.8,-8.84,-0.45,4.15
409.86,-8.84,-0.45,4.15
409.93,-8.84,-0.45,4.15
410.0,-8.84,-0.45,4.15
410.06,-8.84,-0.45,4.15
410.13,-8.84,-0.45,4.15
410.2,-8.84,-0.45,4.15
410.26,-8.84,-0.45,4.15
410.33,-8.84,-0.45,4.15
410.39,-8.84,-0.45,4.15
410.46,-8.84,-0.45,4.15
410.53,-8.84,-0.45,4.15
410.6,-8.84,-0.45,4.15
410.66,-8.84,-0.45,4.15
410.73,-8.84,-0.45,4.15
410.79,-8.84,-0.45,4.15
410.86,-8.84,-0.45,4.15
410.93,-8.84,-0.45,4.15
410.99,-8.84,-0.45,4.15
411.06,-8.84,-0.45,4.15
411.13,-8.84,-0.45,4.15
411.19,-8.84,-0.45,4.15
411.26,-8.84,-0.45,4.15
411.33,-8.84,-0.45,4.15
411.39,-8.84,-0.45,4.15
411.46,-8.84,-0.45,4.15
411.53,-8.84,-0.45,4.15
411.6,-8.84,-0.45,4.15
411.66,-8.84,-0.45,4.15
411.73,-8.84,-0.45,4.15
411.8,-8.84,-0.45,4.15
411.86,-8.84,-0.45,4.15
411.93,-8.84,-0.45,4.15
412.0,-8.84,-0.45,4.15
412.06,-8.84,-0.45,4.15
412.13,-8.84,-0.45,4.15
412.2,-8.84,-0.45,4.15
412.26,-8.84,-0.45,4.15
412.33,-8.84,-0.45,4.15
412.4,-8.84,-0.45,4.15
412.47,-8.84,-0.45,4.15
412.53,-8.84,-0.45,4.15
412.6,-8.84,-0.45,4.15
412.67,-8.84,-0.45,4.15
412.73,-8.84,-0.45,4.15
412.8,-8.84,-0.45,4.15
412.87,-8.84,-0.45,4.15
412.93,-8.84,-0.45,4.15
413.0,-8.84,-0.45,4.15
413.06,-8.84,-0.45,4.15
413.13,-8.84,-0.45,4.15
413.2,-8.84,-0.45,4.15
413.26,-8.84,-0.45,4.15
413.33,-8.84,-0.45,4.15
413.4,-8.84,-0.45,4.15
413.47,-8.84,-0.45,4.15
413.53,-8.84,-0.45,4.15
413.6,-8.84,-0.45,4.15
413.67,-8.84,-0.45,4.15
413.74,-8.84,-0.45,4.15
413.8,-8.84,-0.45,4.15
413.87,-8.84,-0.45,4.15
413.94,-8.84,-0.45,4.15
414.0,-8.84,-0.45,4.15
414.07,-8.84,-0.45,4.15
414.14,-8.84,-0.45,4.15
414.2,-8.84,-0.45,4.15
414.27,-8.84,-0.45,4.15
414.34,-8.84,-0.45,4.15
414.41,-8.84,-0.45,4.15
414.48,-8.84,-0.45,4.15
414.55,-8.84,-0.45,4.15
414.61,-8.84,-0.45,4.15
414.68,-8.84,-0.45,4.15
414.75,-8.84,-0.45,4.15
414.81,-8.84,-0.45,4.15
414.88,-8.84,-0.45,4.15
414.94,-8.84,-0.45,4.15
415.01,-8.84,-0.45,4.15
415.08,-8.84,-0.45,4.15
415.14,-8.84,-0.45,4.15
415.21,-8.84,-0.45,4.15
415.27,-8.84,-0.45,4.15
415.34,-8.84,-0.45,4.15
415.41,-8.84,-0.45,4.15
415.47,-8.84,-0.45,4.15
415.54,-8.84,-0.45,4.15
415.61,-8.84,-0.45,4.15
415.67,-8.84,-0.45,4.15
415.74,-8.84,-0.45,4.15
415.81,-8.84,-0.45,4.15
415.87,-8.84,-0.45,4.15
415.94,-8.84,-0.45,4.15
416.0,-8.84,-0.45,4.15
416.07,-8.84,-0.45,4.15
416.14,-8.84,-0.45,4.15
416.2,-8.84,-0.45,4.15
416.27,-8.84,-0.45,4.15
416.34,-8.84,-0.45,4.15
416.4,-8.84,-0.45,4.15
416.47,-8.84,-0.45,4.15
416.54,-8.84,-0.45,4.15
416.6,-8.84,-0.45,4.15
416.67,-8.84,-0.45,4.15
416.74,-8.84,-0.45,4.15
416.8,-8.84,-0.45,4.15
416.87,-8.84,-0.45,4.15
416.93,-8.84,-0.45,4.15
417.0,-8.84,-0.45,4.15
417.07,-8.84,-0.45,4.15
417.13,-8.84,-0.45,4.15
417.2,-8.84,-0.45,4.15
417.27,-8.84,-0.45,4.15
417.34,-8.84,-0.45,4.15
417.4,-8.84,-0.45,4.15
417.47,-8.84,-0.45,4.15
417.54,-8.84,-0.45,4.15
417.6,-8.84,-0.45,4.15
417.67,-8.84,-0.45,4.15
417.73,-8.84,-0.45,4.15
417.8,-8.84,-0.45,4.15
417.87,-8.84,-0.45,4.15
417.93,-8.84,-0.45,4.15
418.0,-8.84,-0.45,4.15
418.07,-8.84,-0.45,4.15
418.13,-8.84,-0.45,4.15
418.2,-8.84,-0.45,4.15
418.27,-8.84,-0.45,4.15
418.34,-8.84,-0.45,4.15
418.4,-8.84,-0.45,4.15
418.47,-8.84,-0.45,4.15
418.54,-8.84,-0.45,4.15
418.6,-8.84,-0.45,4.15
418.67,-8.84,-0.45,4.15
418.74,-8.84,-0.45,4.15
418.8,-8.84,-0.45,4.15
418.87,-8.84,-0.45,4.15
418.94,-8.84,-0.45,4.15
419.0,-8.84,-0.45,4.15
419.07,-8.84,-0.45,4.15
419.14,-8.84,-0.45,4.15
419.2,-8.84,-0.45,4.15
419.27,-8.84,-0.45,4.15
419.34,-8.84,-0.45,4.15
419.4,-8.84,-0.45,4.15
419.47,-8.84,-0.45,4.15
419.54,-8.84,-0.45,4.15
419.6,-8.84,-0.45,4.15
419.67,-8.84,-0.45,4.15
419.74,-8.84,-0.45,4.15
419.81,-8.84,-0.45,4.15
419.87,-8.84,-0.45,4.15
419.94,-8.84,-0.45,4.15
420.01,-8.84,-0.45,4.15
420.07,-8.84,-0.45,4.15
420.14,-8.84,-0.45,4.15
420.21,-8.84,-0.45,4.15
420.28,-8.84,-0.45,4.15
420.34,-8.84,-0.45,4.15
420.41,-8.84,-0.45,4.15
420.48,-8.84,-0.45,4.15
420.54,-8.84,-0.45,4.15
420.61,-8.84,-0.45,4.15
420.68,-8.84,-0.45,4.15
420.74,-8.84,-0.45,4.15
420.81,-8.84,-0.45,4.15
420.88,-8.84,-0.45,4.15
420.94,-8.84,-0.45,4.15
421.01,-8.84,-0.45,4.15
421.09,-8.84,-0.45,4.15
421.15,-8.84,-0.45,4.15
421.22,-8.84,-0.45,4.15
421.28,-8.84,-0.45,4.15
421.35,-8.84,-0.45,4.15
421.42,-8.84,-0.45,4.15
421.48,-8.84,-0.45,4.15
421.55,-8.84,-0.45,4.15
421.61,-8.84,-0.45,4.15
421.68,-8.84,-0.45,4.15
421.75,-8.84,-0.45,4.15
421.81,-8.84,-0.45,4.15
421.88,-8.84,-0.45,4.15
421.95,-8.84,-0.45,4.15
422.01,-8.84,-0.45,4.15
422.08,-8.84,-0.45,4.15
422.15,-8.84,-0.45,4.15
422.21,-8.84,-0.45,4.15
422.28,-8.84,-0.45,4.15
422.35,-8.84,-0.45,4.15
422.41,-8.84,-0.45,4.15
422.48,-8.84,-0.45,4.15
422.54,-8.84,-0.45,4.15
422.61,-8.84,-0.45,4.15
422.68,-8.84,-0.45,4.15
422.74,-8.84,-0.45,4.15
422.81,-8.84,-0.45,4.15
422.88,-8.84,-0.45,4.15
422.94,-8.84,-0.45,4.15
423.01,-8.84,-0.45,4.15
423.08,-8.84,-0.45,4.15
423.14,-8.84,-0.45,4.15
423.21,-8.84,-0.45,4.15
423.28,-8.84,-0.45,4.15
423.34,-8.84,-0.45,4.15
423.41,-8.84,-0.45,4.15
423.47,-8.84,-0.45,4.15
423.54,-8.84,-0.45,4.15
423.61,-8.84,-0.45,4.15
423.67,-8.84,-0.45,4.15
423.74,-8.84,-0.45,4.15
423.81,-8.84,-0.45,4.15
423.87,-8.84,-0.45,4.15
423.94,-8.84,-0.45,4.15
424.01,-8.84,-0.45,4.15
424.07,-8.84,-0.45,4.15
424.14,-8.84,-0.45,4.15
424.21,-8.84,-0.45,4.15
424.28,-8.84,-0.45,4.15
424.34,-8.84,-0.45,4.15
424.41,-8.84,-0.45,4.15
424.48,-8.84,-0.45,4.15
424.54,-8.84,-0.45,4.15
424.61,-8.84,-0.45,4.15
424.68,-8.84,-0.45,4.15
424.74,-8.84,-0.45,4.15
424.81,-8.84,-0.45,4.15
424.87,-8.84,-0.45,4.15
424.94,-8.84,-0.45,4.15
425.01,-8.84,-0.45,4.15
425.08,-8.84,-0.45,4.15
425.14,-8.84,-0.45,4.15
425.21,-8.84,-0.45,4.15
425.28,-8.84,-0.45,4.15
425.34,-8.84,-0.45,4.15
425.41,-8.84,-0.45,4.15
425.48,-8.84,-0.45,4.15
425.54,-8.84,-0.45,4.15
425.61,-8.84,-0.45,4.15
425.68,-8.84,-0.45,4.15
425.74,-8.84,-0.45,4.15
425.81,-8.84,-0.45,4.15
425.88,-8.84,-0.45,4.15
425.95,-8.84,-0.45,4.15
426.01,-8.84,-0.45,4.15
426.08,-8.84,-0.45,4.15
426.15,-8.84,-0.45,4.15
426.21,-8.84,-0.45,4.15
426.28,-8.84,-0.45,4.15
426.35,-8.84,-0.45,4.15
426.41,-8.84,-0.45,4.15
426.48,-8.84,-0.45,4.15
426.55,-8.84,-0.45,4.15
426.62,-8.84,-0.45,4.15
426.68,-8.84,-0.45,4.15
426.75,-8.84,-0.45,4.15
426.82,-8.84,-0.45,4.15
426.88,-8.84,-0.45,4.15
426.95,-8.84,-0.45,4.15
427.02,-8.84,-0.45,4.15
427.09,-8.84,-0.45,4.15
427.15,-8.84,-0.45,4.15
427.22,-8.84,-0.45,4.15
427.29,-8.84,-0.45,4.15
427.35,-8.84,-0.45,4.15
427.42,-8.84,-0.45,4.15
427.49,-8.84,-0.45,4.15
427.56,-8.84,-0.45,4.15
427.62,-8.84,-0.45,4.15
427.7,-8.84,-0.45,4.15
427.76,-8.84,-0.45,4.15
427.83,-8.84,-0.45,4.15
427.9,-8.84,-0.45,4.15
427.96,-8.84,-0.45,4.15
428.03,-8.84,-0.45,4.15
428.09,-8.84,-0.45,4.15
428.16,-8.84,-0.45,4.15
428.23,-8.84,-0.45,4.15
428.29,-8.84,-0.45,4.15
428.36,-8.84,-0.45,4.15
428.42,-8.84,-0.45,4.15
428.49,-8.84,-0.45,4.15
428.56,-8.84,-0.45,4.15
428.62,-8.84,-0.45,4.15
428.69,-8.84,-0.45,4.15
428.76,-8.84,-0.45,4.15
428.82,-8.84,-0.45,4.15
428.89,-8.84,-0.45,4.15
428.96,-8.84,-0.45,4.15
429.02,-8.84,-0.45,4.15
429.09,-8.84,-0.45,4.15
429.15,-8.84,-0.45,4.15
429.22,-8.84,-0.45,4.15
429.29,-8.84,-0.45,4.15
429.35,-8.84,-0.45,4.15
429.42,-8.84,-0.45,4.15
429.49,-8.84,-0.45,4.15
429.55,-8.84,-0.45,4.15
429.62,-8.84,-0.45,4.15
429.69,-8.84,-0.45,4.15
429.75,-8.84,-0.45,4.15
429.82,-8.84,-0.45,4.15
429.89,-8.84,-0.45,4.15
429.95,-8.84,-0.45,4.15
430.02,-8.84,-0.45,4.15
430.09,-8.84,-0.45,4.15
430.15,-8.84,-0.45,4.15
430.22,-8.84,-0.45,4.15
430.29,-8.84,-0.45,4.15
430.35,-8.84,-0.45,4.15
430.42,-8.84,-0.45,4.15
430.49,-8.84,-0.45,4.15
430.55,-8.84,-0.45,4.15
430.62,-8.84,-0.45,4.15
430.69,-8.84,-0.45,4.15
430.76,-8.84,-0.45,4.15
430.83,-8.84,-0.45,4.15
430.9,-8.84,-0.45,4.15
430.96,-8.84,-0.45,4.15
431.03,-8.84,-0.45,4.15
431.1,-8.84,-0.45,4.15
431.16,-8.84,-0.45,4.15
431.23,-8.84,-0.45,4.15
431.3,-8.84,-0.45,4.15
431.36,-8.84,-0.45,4.15
431.43,-8.84,-0.45,4.15
431.5,-8.84,-0.45,4.15
431.56,-8.84,-0.45,4.15
431.63,-8.84,-0.45,4.15
431.7,-8.84,-0.45,4.15
431.76,-8.84,-0.45,4.15
431.83,-8.84,-0.45,4.15
431.9,-8.84,-0.45,4.15
431.96,-8.84,-0.45,4.15
432.03,-8.84,-0.45,4.15
432.1,-8.84,-0.45,4.15
432.16,-8.84,-0.45,4.15
432.23,-8.84,-0.45,4.15
432.3,-8.84,-0.45,4.15
432.36,-8.84,-0.45,4.15
432.43,-8.84,-0.45,4.15
432.5,-8.84,-0.45,4.15
432.56,-8.84,-0.45,4.15
432.63,-8.84,-0.45,4.15
432.7,-8.84,-0.45,4.15
432.77,-8.84,-0.45,4.15
432.83,-8.84,-0.45,4.15
432.9,-8.84,-0.45,4.15
432.97,-8.84,-0.45,4.15
433.03,-8.84,-0.45,4.15
433.1,-8.84,-0.45,4.15
433.17,-8.84,-0.45,4.15
433.23,-8.84,-0.45,4.15
433.3,-8.84,-0.45,4.15
433.37,-8.84,-0.45,4.15
433.44,-8.84,-0.45,4.15
433.5,-8.84,-0.45,4.15
433.57,-8.84,-0.45,4.15
433.64,-8.84,-0.45,4.15
433.7,-8.84,-0.45,4.15
433.77,-8.84,-0.45,4.15
433.84,-8.84,-0.45,4.15
433.9,-8.84,-0.45,4.15
433.97,-8.84,-0.45,4.15
434.04,-8.84,-0.45,4.15
434.11,-8.84,-0.45,4.15
434.17,-8.84,-0.45,4.15
434.24,-8.84,-0.45,4.15
434.31,-8.84,-0.45,4.15
434.38,-8.84,-0.45,4.15
434.45,-8.84,-0.45,4.15
434.51,-8.84,-0.45,4.15
434.58,-8.84,-0.45,4.15
434.65,-8.84,-0.45,4.15
434.71,-8.84,-0.45,4.15
434.78,-8.84,-0.45,4.15
434.84,-8.84,-0.45,4.15
434.91,-8.84,-0.45,4.15
434.98,-8.84,-0.45,4.15
435.04,-8.84,-0.45,4.15
435.11,-8.84,-0.45,4.15
435.17,-8.84,-0.45,4.15
435.24,-8.84,-0.45,4.15
435.31,-8.84,-0.45,4.15
435.38,-8.84,-0.45,4.15
435.44,-8.84,-0.45,4.15
435.51,-8.84,-0.45,4.15
435.58,-8.84,-0.45,4.15
435.64,-8.84,-0.45,4.15
435.72,-8.84,-0.45,4.15
435.78,-8.84,-0.45,4.15
435.85,-8.84,-0.45,4.15
435.92,-8.84,-0.45,4.15
435.98,-8.84,-0.45,4.15
436.05,-8.84,-0.45,4.15
436.11,-8.84,-0.45,4.15
436.18,-8.84,-0.45,4.15
436.25,-8.84,-0.45,4.15
436.31,-8.84,-0.45,4.15
436.38,-8.84,-0.45,4.15
436.45,-8.84,-0.45,4.15
436.51,-8.84,-0.45,4.15
436.58,-8.84,-0.45,4.15
436.65,-8.84,-0.45,4.15
436.71,-8.84,-0.45,4.15
436.78,-8.84,-0.45,4.15
436.85,-8.84,-0.45,4.15
436.91,-8.84,-0.45,4.15
436.98,-8.84,-0.45,4.15
437.04,-8.84,-0.45,4.15
437.11,-8.84,-0.45,4.15
437.18,-8.84,-0.45,4.15
437.24,-8.84,-0.45,4.15
437.31,-8.84,-0.45,4.15
437.38,-8.84,-0.45,4.15
437.44,-8.84,-0.45,4.15
437.51,-8.84,-0.45,4.15
437.58,-8.84,-0.45,4.15
437.64,-8.84,-0.45,4.15
437.71,-8.84,-0.45,4.15
437.78,-8.84,-0.45,4.15
437.84,-8.84,-0.45,4.15
437.91,-8.84,-0.45,4.15
437.97,-8.84,-0.45,4.15
438.04,-8.84,-0.45,4.15
438.11,-8.84,-0.45,4.15
438.17,-8.84,-0.45,4.15
438.24,-8.84,-0.45,4.15
438.31,-8.84,-0.45,4.15
438.37,-8.84,-0.45,4.15
438.44,-8.84,-0.45,4.15
438.51,-8.84,-0.45,4.15
438.57,-8.84,-0.45,4.15
438.64,-8.84,-0.45,4.15
438.71,-8.84,-0.45,4.15
438.77,-8.84,-0.45,4.15
438.84,-8.84,-0.45,4.15
438.91,-8.84,-0.45,4.15
438.97,-8.84,-0.45,4.15
439.04,-8.84,-0.45,4.15
439.11,-8.84,-0.45,4.15
439.17,-8.84,-0.45,4.15
439.24,-8.84,-0.45,4.15
439.31,-8.84,-0.45,4.15
439.38,-8.84,-0.45,4.15
439.44,-8.84,-0.45,4.15
439.51,-8.84,-0.45,4.15
439.58,-8.84,-0.45,4.15
439.64,-8.84,-0.45,4.15
439.71,-8.84,-0.45,4.15
439.78,-8.84,-0.45,4.15
439.84,-8.84,-0.45,4.15
439.91,-8.84,-0.45,4.15
439.98,-8.84,-0.45,4.15
440.04,-8.84,-0.45,4.15
440.11,-8.84,-0.45,4.15
440.18,-8.84,-0.45,4.15
440.24,-8.84,-0.45,4.15
440.31,-8.84,-0.45,4.15
440.38,-8.84,-0.45,4.15
440.44,-8.84,-0.45,4.15
440.51,-8.84,-0.45,4.15
440.58,-8.84,-0.45,4.15
440.64,-8.84,-0.45,4.15
440.71,-8.84,-0.45,4.15
440.78,-8.84,-0.45,4.15
440.84,-8.84,-0.45,4.15
440.91,-8.84,-0.45,4.15
440.98,-8.84,-0.45,4.15
441.04,-8.84,-0.45,4.15
441.11,-8.84,-0.45,4.15
441.18,-8.84,-0.45,4.15
441.25,-8.84,-0.45,4.15
441.31,-8.84,-0.45,4.15
441.38,-8.84,-0.45,4.15
441.45,-8.84,-0.45,4.15
441.51,-8.84,-0.45,4.15
441.58,-8.84,-0.45,4.15
441.65,-8.84,-0.45,4.15
441.71,-8.84,-0.45,4.15
441.78,-8.84,-0.45,4.15
441.85,-8.84,-0.45,4.15
441.91,-8.84,-0.45,4.15
441.98,-8.84,-0.45,4.15
442.05,-8.84,-0.45,4.15
442.12,-8.84,-0.45,4.15
442.18,-8.84,-0.45,4.15
442.25,-8.84,-0.45,4.15
442.32,-8.84,-0.45,4.15
442.39,-8.84,-0.45,4.15
442.46,-8.84,-0.45,4.15
442.52,-8.84,-0.45,4.15
442.59,-8.84,-0.45,4.15
442.66,-8.84,-0.45,4.15
442.72,-8.84,-0.45,4.15
442.79,-8.84,-0.45,4.15
442.86,-8.84,-0.45,4.15
442.92,-8.84,-0.45,4.15
442.99,-8.84,-0.45,4.15
443.05,-8.84,-0.45,4.15
443.12,-8.84,-0.45,4.15
443.19,-8.84,-0.45,4.15
443.25,-8.84,-0.45,4.15
443.32,-8.84,-0.45,4.15
443.39,-8.84,-0.45,4.15
443.45,-8.84,-0.45,4.15
443.52,-8.84,-0.45,4.15
443.59,-8.84,-0.45,4.15
443.65,-8.84,-0.45,4.15
443.72,-8.84,-0.45,4.15
443.79,-8.84,-0.45,4.15
443.85,-8.84,-0.45,4.15
443.92,-8.84,-0.45,4.15
443.98,-8.84,-0.45,4.15
444.05,-8.84,-0.45,4.15
444.12,-8.84,-0.45,4.15
444.18,-8.84,-0.45,4.15
444.25,-8.84,-0.45,4.15
444.32,-8.84,-0.45,4.15
444.38,-8.84,-0.45,4.15
444.45,-8.84,-0.45,4.15
444.52,-8.84,-0.45,4.15
444.58,-8.84,-0.45,4.15
444.65,-8.84,-0.45,4.15
444.72,-8.84,-0.45,4.15
444.78,-8.84,-0.45,4.15
444.85,-8.84,-0.45,4.15
444.92,-8.84,-0.45,4.15
444.98,-8.84,-0.45,4.15
445.05,-8.84,-0.45,4.15
445.12,-8.84,-0.45,4.15
445.18,-8.84,-0.45,4.15
445.25,-8.84,-0.45,4.15
445.32,-8.84,-0.45,4.15
445.38,-8.84,-0.45,4.15
445.45,-8.84,-0.45,4.15
445.52,-8.84,-0.45,4.15
445.58,-8.84,-0.45,4.15
445.65,-8.84,-0.45,4.15
445.71,-8.84,-0.45,4.15
445.78,-8.84,-0.45,4.15
445.85,-8.84,-0.45,4.15
445.91,-8.84,-0.45,4.15
445.98,-8.84,-0.45,4.15
446.05,-8.84,-0.45,4.15
446.11,-8.84,-0.45,4.15
446.18,-8.84,-0.45,4.15
446.25,-8.84,-0.45,4.15
446.31,-8.84,-0.45,4.15
446.38,-8.84,-0.45,4.15
446.45,-8.84,-0.45,4.15
446.52,-8.84,-0.45,4.15
446.58,-8.84,-0.45,4.15
446.65,-8.84,-0.45,4.15
446.72,-8.84,-0.45,4.15
446.78,-8.84,-0.45,4.15
446.85,-8.84,-0.45,4.15
446.92,-8.84,-0.45,4.15
446.98,-8.84,-0.45,4.15
447.05,-8.84,-0.45,4.15
447.12,-8.84,-0.45,4.15
447.18,-8.84,-0.45,4.15
447.25,-8.84,-0.45,4.15
447.32,-8.84,-0.45,4.15
447.39,-8.84,-0.45,4.15
447.45,-8.84,-0.45,4.15
447.52,-8.84,-0.45,4.15
447.59,-8.84,-0.45,4.15
447.65,-8.84,-0.45,4.15
447.72,-8.84,-0.45,4.15
447.79,-8.84,-0.45,4.15
447.85,-8.84,-0.45,4.15
447.92,-8.84,-0.45,4.15
447.99,-8.84,-0.45,4.15
448.05,-8.84,-0.45,4.15
448.12,-8.84,-0.45,4.15
448.19,-8.84,-0.45,4.15
448.25,-8.84,-0.45,4.15
448.32,-8.84,-0.45,4.15
448.39,-8.84,-0.45,4.15
448.45,-8.84,-0.45,4.15
448.52,-8.84,-0.45,4.15
448.59,-8.84,-0.45,4.15
448.65,-8.84,-0.45,4.15
448.72,-8.84,-0.45,4.15
448.79,-8.84,-0.45,4.15
448.87,-8.84,-0.45,4.15
448.93,-8.84,-0.45,4.15
449.0,-8.84,-0.45,4.15
449.06,-8.84,-0.45,4.15
449.13,-8.84,-0.45,4.15
449.2,-8.84,-0.45,4.15
449.26,-8.84,-0.45,4.15
449.33,-8.84,-0.45,4.15
449.4,-8.84,-0.45,4.15
449.46,-8.84,-0.45,4.15
449.53,-8.84,-0.45,4.15
449.59,-8.84,-0.45,4.15
449.66,-8.84,-0.45,4.15
449.73,-8.84,-0.45,4.15
449.79,-8.84,-0.45,4.15
449.86,-8.84,-0.45,4.15
449.92,-8.84,-0.45,4.15
449.99,-8.84,-0.45,4.15
450.06,-8.84,-0.45,4.15
450.12,-8.84,-0.45,4.15
450.19,-8.84,-0.45,4.15
450.26,-8.84,-0.45,4.15
450.32,-8.84,-0.45,4.15
450.39,-8.84,-0.45,4.15
450.46,-8.84,-0.45,4.15
450.52,-8.84,-0.45,4.15
450.59,-8.84,-0.45,4.15
450.66,-8.84,-0.45,4.15
450.72,-8.84,-0.45,4.15
450.79,-8.84,-0.45,4.15
450.86,-8.84,-0.45,4.15
450.92,-8.84,-0.45,4.15
450.99,-8.84,-0.45,4.15
451.06,-8.84,-0.45,4.15
451.12,-8.84,-0.45,4.15
451.19,-8.84,-0.45,4.15
451.25,-8.84,-0.45,4.15
451.32,-8.84,-0.45,4.15
451.39,-8.84,-0.45,4.15
451.45,-8.84,-0.45,4.15
451.52,-8.84,-0.45,4.15
451.59,-8.84,-0.45,4.15
451.65,-8.84,-0.45,4.15
451.72,-8.84,-0.45,4.15
451.79,-8.84,-0.45,4.15
451.85,-8.84,-0.45,4.15
451.92,-8.84,-0.45,4.15
451.99,-8.84,-0.45,4.15
452.05,-8.84,-0.45,4.15
452.12,-8.84,-0.45,4.15
452.19,-8.84,-0.45,4.15
452.25,-8.84,-0.45,4.15
452.32,-8.84,-0.45,4.15
452.39,-8.84,-0.45,4.15
452.45,-8.84,-0.45,4.15
452.52,-8.84,-0.45,4.15
452.59,-8.84,-0.45,4.15
452.65,-8.84,-0.45,4.15
452.72,-8.84,-0.45,4.15
452.79,-8.84,-0.45,4.15
452.85,-8.84,-0.45,4.15
452.92,-8.84,-0.45,4.15
452.99,-8.84,-0.45,4.15
453.05,-8.84,-0.45,4.15
453.12,-8.84,-0.45,4.15
453.19,-8.84,-0.45,4.15
453.25,-8.84,-0.45,4.15
453.32,-8.84,-0.45,4.15
453.39,-8.84,-0.45,4.15
453.45,-8.84,-0.45,4.15
453.52,-8.84,-0.45,4.15
453.59,-8.84,-0.45,4.15
453.65,-8.84,-0.45,4.15
453.72,-8.84,-0.45,4.15
453.79,-8.84,-0.45,4.15
453.85,-8.84,-0.45,4.15
453.92,-8.84,-0.45,4.15
453.99,-8.84,-0.45,4.15
454.06,-8.84,-0.45,4.15
454.12,-8.84,-0.45,4.15
454.19,-8.84,-0.45,4.15
454.26,-8.84,-0.45,4.15
454.32,-8.84,-0.45,4.15
454.39,-8.84,-0.45,4.15
454.46,-8.84,-0.45,4.15
454.53,-8.84,-0.45,4.15
454.59,-8.84,-0.45,4.15
454.66,-8.84,-0.45,4.15
454.73,-8.84,-0.45,4.15
454.79,-8.84,-0.45,4.15
454.86,-8.84,-0.45,4.15
454.93,-8.84,-0.45,4.15
454.99,-8.84,-0.45,4.15
455.06,-8.84,-0.45,4.15
455.13,-8.84,-0.45,4.15
455.2,-8.84,-0.45,4.15
455.26,-8.84,-0.45,4.15
455.33,-8.84,-0.45,4.15
455.4,-8.84,-0.45,4.15
455.47,-8.84,-0.45,4.15
455.54,-8.84,-0.45,4.15
455.61,-8.84,-0.45,4.15
455.67,-8.84,-0.45,4.15
455.74,-8.84,-0.45,4.15
455.8,-8.84,-0.45,4.15
455.87,-8.84,-0.45,4.15
455.94,-8.84,-0.45,4.15
456.0,-8.84,-0.45,4.15
456.07,-8.84,-0.45,4.15
456.14,-8.84,-0.45,4.15
456.2,-8.84,-0.45,4.15
456.27,-8.84,-0.45,4.15
456.33,-8.84,-0.45,4.15
456.4,-8.84,-0.45,4.15
456.47,-8.84,-0.45,4.15
456.54,-8.84,-0.45,4.15
456.6,-8.84,-0.45,4.15
456.67,-8.84,-0.45,4.15
456.73,-8.84,-0.45,4.15
456.8,-8.84,-0.45,4.15
456.87,-8.84,-0.45,4.15
456.93,-8.84,-0.45,4.15
457.0,-8.84,-0.45,4.15
457.07,-8.84,-0.45,4.15
457.13,-8.84,-0.45,4.15
457.2,-8.84,-0.45,4.15
457.26,-8.84,-0.45,4.15
457.33,-8.84,-0.45,4.15
457.4,-8.84,-0.45,4.15
457.46,-8.84,-0.45,4.15
457.53,-8.84,-0.45,4.15
457.6,-8.84,-0.45,4.15
457.66,-8.84,-0.45,4.15
457.73,-8.84,-0.45,4.15
457.8,-8.84,-0.45,4.15
457.86,-8.84,-0.45,4.15
457.93,-8.84,-0.45,4.15
458.0,-8.84,-0.45,4.15
458.06,-8.84,-0.45,4.15
458.13,-8.84,-0.45,4.15
458.19,-8.84,-0.45,4.15
458.26,-8.84,-0.45,4.15
458.33,-8.84,-0.45,4.15
458.4,-8.84,-0.45,4.15
458.46,-8.84,-0.45,4.15
458.53,-8.84,-0.45,4.15
458.6,-8.84,-0.45,4.15
458.66,-8.84,-0.45,4.15
458.73,-8.84,-0.45,4.15
458.79,-8.84,-0.45,4.15
458.86,-8.84,-0.45,4.15
458.93,-8.84,-0.45,4.15
459.0,-8.84,-0.45,4.15
459.06,-8.84,-0.45,4.15
459.13,-8.84,-0.45,4.15
459.2,-8.84,-0.45,4.15
459.26,-8.84,-0.45,4.15
459.33,-8.84,-0.45,4.15
459.4,-8.84,-0.45,4.15
459.47,-8.84,-0.45,4.15
459.53,-8.84,-0.45,4.15
459.6,-8.84,-0.45,4.15
459.67,-8.84,-0.45,4.15
459.73,-8.84,-0.45,4.15
459.8,-8.84,-0.45,4.15
459.87,-8.84,-0.45,4.15
459.93,-8.84,-0.45,4.15
460.0,-8.84,-0.45,4.15
460.07,-8.84,-0.45,4.15
460.13,-8.84,-0.45,4.15
460.2,-8.84,-0.45,4.15
460.27,-8.84,-0.45,4.15
460.33,-8.84,-0.45,4.15
460.4,-8.84,-0.45,4.15
460.47,-8.84,-0.45,4.15
460.54,-8.84,-0.45,4.15
460.6,-8.84,-0.45,4.15
460.67,-8.84,-0.45,4.15
460.74,-8.84,-0.45,4.15
460.81,-8.84,-0.45,4.15
460.87,-8.84,-0.45,4.15
460.94,-8.84,-0.45,4.15
461.01,-8.84,-0.45,4.15
461.07,-8.84,-0.45,4.15
461.14,-8.84,-0.45,4.15
461.21,-8.84,-0.45,4.15
461.27,-8.84,-0.45,4.15
461.34,-8.84,-0.45,4.15
461.41,-8.84,-0.45,4.15
461.48,-8.84,-0.45,4.15
461.55,-8.84,-0.45,4.15
461.61,-8.84,-0.45,4.15
461.68,-8.84,-0.45,4.15
461.75,-8.84,-0.45,4.15
461.81,-8.84,-0.45,4.15
461.88,-8.84,-0.45,4.15
461.95,-8.84,-0.45,4.15
462.01,-8.84,-0.45,4.15
462.09,-8.84,-0.45,4.15
462.16,-8.84,-0.45,4.15
462.22,-8.84,-0.45,4.15
462.29,-8.84,-0.45,4.15
462.35,-8.84,-0.45,4.15
462.42,-8.84,-0.45,4.15
462.49,-8.84,-0.45,4.15
462.55,-8.84,-0.45,4.15
462.62,-8.84,-0.45,4.15
462.69,-8.84,-0.45,4.15
462.75,-8.84,-0.45,4.15
462.82,-8.84,-0.45,4.15
462.89,-8.84,-0.45,4.15
462.95,-8.84,-0.45,4.15
463.02,-8.84,-0.45,4.15
463.08,-8.84,-0.45,4.15
463.15,-8.84,-0.45,4.15
463.22,-8.84,-0.45,4.15
463.28,-8.84,-0.45,4.15
463.35,-8.84,-0.45,4.15
463.42,-8.84,-0.45,4.15
463.48,-8.84,-0.45,4.15
463.55,-8.84,-0.45,4.15
463.62,-8.84,-0.45,4.15
463.68,-8.84,-0.45,4.15
463.75,-8.84,-0.45,4.15
463.81,-8.84,-0.45,4.15
463.88,-8.84,-0.45,4.15
463.95,-8.84,-0.45,4.15
464.01,-8.84,-0.45,4.15
464.08,-8.84,-0.45,4.15
464.15,-8.84,-0.45,4.15
464.21,-8.84,-0.45,4.15
464.28,-8.84,-0.45,4.15
464.35,-8.84,-0.45,4.15
464.41,-8.84,-0.45,4.15
464.48,-8.84,-0.45,4.15
464.55,-8.84,-0.45,4.15
464.61,-8.84,-0.45,4.15
464.68,-8.84,-0.45,4.15
464.75,-8.84,-0.45,4.15
464.81,-8.84,-0.45,4.15
464.88,-8.84,-0.45,4.15
464.94,-8.84,-0.45,4.15
465.01,-8.84,-0.45,4.15
465.08,-8.84,-0.45,4.15
465.14,-8.84,-0.45,4.15
465.21,-8.84,-0.45,4.15
465.28,-8.84,-0.45,4.15
465.34,-8.84,-0.45,4.15
465.41,-8.84,-0.45,4.15
465.48,-8.84,-0.45,4.15
465.54,-8.84,-0.45,4.15
465.61,-8.84,-0.45,4.15
465.68,-8.84,-0.45,4.15
465.74,-8.84,-0.45,4.15
465.81,-8.84,-0.45,4.15
465.88,-8.84,-0.45,4.15
465.95,-8.84,-0.45,4.15
466.01,-8.84,-0.45,4.15
466.08,-8.84,-0.45,4.15
466.15,-8.84,-0.45,4.15
466.21,-8.84,-0.45,4.15
466.28,-8.84,-0.45,4.15
466.35,-8.84,-0.45,4.15
466.41,-8.84,-0.45,4.15
466.48,-8.84,-0.45,4.15
466.55,-8.84,-0.45,4.15
466.62,-8.84,-0.45,4.15
466.68,-8.84,-0.45,4.15
466.75,-8.84,-0.45,4.15
466.82,-8.84,-0.45,4.15
466.88,-8.84,-0.45,4.15
466.95,-8.84,-0.45,4.15
467.02,-8.84,-0.45,4.15
467.09,-8.84,-0.45,4.15
467.15,-8.84,-0.45,4.15
467.22,-8.84,-0.45,4.15
467.29,-8.84,-0.45,4.15
467.36,-8.84,-0.45,4.15
467.42,-8.84,-0.45,4.15
467.49,-8.84,-0.45,4.15
467.56,-8.84,-0.45,4.15
467.62,-8.84,-0.45,4.15
467.69,-8.84,-0.45,4.15
467.76,-8.84,-0.45,4.15
467.82,-8.84,-0.45,4.15
467.89,-8.84,-0.45,4.15
467.96,-8.84,-0.45,4.15
468.02,-8.84,-0.45,4.15
468.09,-8.84,-0.45,4.15
468.16,-8.84,-0.45,4.15
468.23,-8.84,-0.45,4.15
468.29,-8.84,-0.45,4.15
468.36,-8.84,-0.45,4.15
468.43,-8.84,-0.45,4.15
468.49,-8.84,-0.45,4.15
468.56,-8.84,-0.45,4.15
468.63,-8.84,-0.45,4.15
468.7,-8.84,-0.45,4.15
468.77,-8.84,-0.45,4.15
468.84,-8.84,-0.45,4.15
468.9,-8.84,-0.45,4.15
468.97,-8.84,-0.45,4.15
469.04,-8.84,-0.45,4.15
469.1,-8.84,-0.45,4.15
469.17,-8.84,-0.45,4.15
469.24,-8.84,-0.45,4.15
469.3,-8.84,-0.45,4.15
469.37,-8.84,-0.45,4.15
469.43,-8.84,-0.45,4.15
469.5,-8.84,-0.45,4.15
469.57,-8.84,-0.45,4.15
469.63,-8.84,-0.45,4.15
469.7,-8.84,-0.45,4.15
469.77,-8.84,-0.45,4.15
469.83,-8.84,-0.45,4.15
469.9,-8.84,-0.45,4.15
469.97,-8.84,-0.45,4.15
470.03,-8.84,-0.45,4.15
470.1,-8.84,-0.45,4.15
470.17,-8.84,-0.45,4.15
470.23,-8.84,-0.45,4.15
470.3,-8.84,-0.45,4.15
470.37,-8.84,-0.45,4.15
470.43,-8.84,-0.45,4.15
470.5,-8.84,-0.45,4.15
470.57,-8.84,-0.45,4.15
470.63,-8.84,-0.45,4.15
470.7,-8.84,-0.45,4.15
470.77,-8.84,-0.45,4.15
470.83,-8.84,-0.45,4.15
470.9,-8.84,-0.45,4.15
470.97,-8.84,-0.45,4.15
471.03,-8.84,-0.45,4.15
471.1,-8.84,-0.45,4.15
471.17,-8.84,-0.45,4.15
471.23,-8.84,-0.45,4.15
471.3,-8.84,-0.45,4.15
471.37,-8.84,-0.45,4.15
471.43,-8.84,-0.45,4.15
471.5,-8.84,-0.45,4.15
471.56,-8.84,-0.45,4.15
471.63,-8.84,-0.45,4.15
471.7,-8.84,-0.45,4.15
471.76,-8.84,-0.45,4.15
471.83,-8.84,-0.45,4.15
471.9,-8.84,-0.45,4.15
471.96,-8.84,-0.45,4.15
472.03,-8.84,-0.45,4.15
472.1,-8.84,-0.45,4.15
472.16,-8.84,-0.45,4.15
472.23,-8.84,-0.45,4.15
472.3,-8.84,-0.45,4.15
472.36,-8.84,-0.45,4.15
472.43,-8.84,-0.45,4.15
472.5,-8.84,-0.45,4.15
472.56,-8.84,-0.45,4.15
472.63,-8.84,-0.45,4.15
472.7,-8.84,-0.45,4.15
472.76,-8.84,-0.45,4.15
472.83,-8.84,-0.45,4.15
472.9,-8.84,-0.45,4.15
472.96,-8.84,-0.45,4.15
473.03,-8.84,-0.45,4.15
473.1,-8.84,-0.45,4.15
473.17,-8.84,-0.45,4.15
473.23,-8.84,-0.45,4.15
473.3,-8.84,-0.45,4.15
473.37,-8.84,-0.45,4.15
473.43,-8.84,-0.45,4.15
473.5,-8.84,-0.45,4.15
473.57,-8.84,-0.45,4.15
473.63,-8.84,-0.45,4.15
473.7,-8.84,-0.45,4.15
473.77,-8.84,-0.45,4.15
473.84,-8.84,-0.45,4.15
473.9,-8.84,-0.45,4.15
473.97,-8.84,-0.45,4.15
474.04,-8.84,-0.45,4.15
474.1,-8.84,-0.45,4.15
474.17,-8.84,-0.45,4.15
474.24,-8.84,-0.45,4.15
474.3,-8.84,-0.45,4.15
474.37,-8.84,-0.45,4.15
474.44,-8.84,-0.45,4.15
474.5,-8.84,-0.45,4.15
474.57,-8.84,-0.45,4.15
474.64,-8.84,-0.45,4.15
474.71,-8.84,-0.45,4.15
474.77,-8.84,-0.45,4.15
474.84,-8.84,-0.45,4.15
474.91,-8.84,-0.45,4.15
474.98,-8.84,-0.45,4.15
475.04,-8.84,-0.45,4.15
475.11,-8.84,-0.45,4.15
475.18,-8.84,-0.45,4.15
475.25,-8.84,-0.45,4.15
475.32,-8.84,-0.45,4.15
475.39,-8.84,-0.45,4.15
475.45,-8.84,-0.45,4.15
475.52,-8.84,-0.45,4.15
475.58,-8.84,-0.45,4.15
475.65,-8.84,-0.45,4.15
475.72,-8.84,-0.45,4.15
475.78,-8.84,-0.45,4.15
475.85,-8.84,-0.45,4.15
475.92,-8.84,-0.45,4.15
475.98,-8.84,-0.45,4.15
476.05,-8.84,-0.45,4.15
476.12,-8.84,-0.45,4.15
476.18,-8.84,-0.45,4.15
476.25,-8.84,-0.45,4.15
476.31,-8.84,-0.45,4.15
476.38,-8.84,-0.45,4.15
476.45,-8.84,-0.45,4.15
476.51,-8.84,-0.45,4.15
476.58,-8.84,-0.45,4.15
476.66,-8.84,-0.45,4.15
476.72,-8.84,-0.45,4.15
476.79,-8.84,-0.45,4.15
476.86,-8.84,-0.45,4.15
476.92,-8.84,-0.45,4.15
476.99,-8.84,-0.45,4.15
477.05,-8.84,-0.45,4.15
477.12,-8.84,-0.45,4.15
477.19,-8.84,-0.45,4.15
477.25,-8.84,-0.45,4.15
477.32,-8.84,-0.45,4.15
477.39,-8.84,-0.45,4.15
477.45,-8.84,-0.45,4.15
477.52,-8.84,-0.45,4.15
477.59,-8.84,-0.45,4.15
477.65,-8.84,-0.45,4.15
477.72,-8.84,-0.45,4.15
477.79,-8.84,-0.45,4.15
477.85,-8.84,-0.45,4.15
477.92,-8.84,-0.45,4.15
477.99,-8.84,-0.45,4.15
478.05,-8.84,-0.45,4.15
478.12,-8.84,-0.45,4.15
478.19,-8.84,-0.45,4.15
478.25,-8.84,-0.45,4.15
478.32,-8.84,-0.45,4.15
478.38,-8.84,-0.45,4.15
478.45,-8.84,-0.45,4.15
478.52,-8.84,-0.45,4.15
478.58,-8.84,-0.45,4.15
478.65,-8.84,-0.45,4.15
478.72,-8.84,-0.45,4.15
478.78,-8.84,-0.45,4.15
478.85,-8.84,-0.45,4.15
478.92,-8.84,-0.45,4.15
478.98,-8.84,-0.45,4.15
479.05,-8.84,-0.45,4.15
479.12,-8.84,-0.45,4.15
479.18,-8.84,-0.45,4.15
479.25,-8.84,-0.45,4.15
479.32,-8.84,-0.45,4.15
479.38,-8.84,-0.45,4.15
479.45,-8.84,-0.45,4.15
479.52,-8.84,-0.45,4.15
479.58,-8.84,-0.45,4.15
479.65,-8.84,-0.45,4.15
479.72,-8.84,-0.45,4.15
479.78,-8.84,-0.45,4.15
479.85,-8.84,-0.45,4.15
479.92,-8.84,-0.45,4.15
479.98,-8.84,-0.45,4.15
480.05,-8.84,-0.45,4.15
480.12,-8.84,-0.45,4.15
480.18,-8.84,-0.45,4.15
480.25,-8.84,-0.45,4.15
480.32,-8.84,-0.45,4.15
480.38,-8.84,-0.45,4.15
480.45,-8.84,-0.45,4.15
480.52,-8.84,-0.45,4.15
480.59,-8.84,-0.45,4.15
480.65,-8.84,-0.45,4.15
480.72,-8.84,-0.45,4.15
480.79,-8.84,-0.45,4.15
480.85,-8.84,-0.45,4.15
480.92,-8.84,-0.45,4.15
480.99,-8.84,-0.45,4.15
481.05,-8.84,-0.45,4.15
481.12,-8.84,-0.45,4.15
481.19,-8.84,-0.45,4.15
481.25,-8.84,-0.45,4.15
481.32,-8.84,-0.45,4.15
481.39,-8.84,-0.45,4.15
481.45,-8.84,-0.45,4.15
481.52,-8.84,-0.45,4.15
481.59,-8.84,-0.45,4.15
481.65,-8.84,-0.45,4.15
481.72,-8.84,-0.45,4.15
481.79,-8.84,-0.45,4.15
481.86,-8.84,-0.45,4.15
481.92,-8.84,-0.45,4.15
481.99,-8.84,-0.45,4.15
482.06,-8.84,-0.45,4.15
482.12,-8.84,-0.45,4.15
482.19,-8.84,-0.45,4.15
482.26,-8.84,-0.45,4.15
482.32,-8.84,-0.45,4.15
482.39,-8.84,-0.45,4.15
482.46,-8.84,-0.45,4.15
482.52,-8.84,-0.45,4.15
482.59,-8.84,-0.45,4.15
482.66,-8.84,-0.45,4.15
482.73,-8.84,-0.45,4.15
482.79,-8.84,-0.45,4.15
482.86,-8.84,-0.45,4.15
482.93,-8.84,-0.45,4.15
482.99,-8.84,-0.45,4.15
483.06,-8.84,-0.45,4.15
483.13,-8.84,-0.45,4.15
483.2,-8.84,-0.45,4.15
483.27,-8.84,-0.45,4.15
483.33,-8.84,-0.45,4.15
483.4,-8.84,-0.45,4.15
483.47,-8.84,-0.45,4.15
483.53,-8.84,-0.45,4.15
483.6,-8.84,-0.45,4.15
483.67,-8.84,-0.45,4.15
483.73,-8.84,-0.45,4.15
483.8,-8.84,-0.45,4.15
483.87,-8.84,-0.45,4.15
483.93,-8.84,-0.45,4.15
484.0,-8.84,-0.45,4.15
484.06,-8.84,-0.45,4.15
484.13,-8.84,-0.45,4.15
484.2,-8.84,-0.45,4.15
484.26,-8.84,-0.45,4.15
484.33,-8.84,-0.45,4.15
484.39,-8.84,-0.45,4.15
484.46,-8.84,-0.45,4.15
484.53,-8.84,-0.45,4.15
484.59,-8.84,-0.45,4.15
484.66,-8.84,-0.45,4.15
484.73,-8.84,-0.45,4.15
484.79,-8.84,-0.45,4.15
484.86,-8.84,-0.45,4.15
484.93,-8.84,-0.45,4.15
484.99,-8.84,-0.45,4.15
485.06,-8.84,-0.45,4.15
485.13,-8.84,-0.45,4.15
485.19,-8.84,-0.45,4.15
485.26,-8.84,-0.45,4.15
485.32,-8.84,-0.45,4.15
485.39,-8.84,-0.45,4.15
485.46,-8.84,-0.45,4.15
485.52,-8.84,-0.45,4.15
485.59,-8.84,-0.45,4.15
485.66,-8.84,-0.45,4.15
485.72,-8.84,-0.45,4.15
485.79,-8.84,-0.45,4.15
485.86,-8.84,-0.45,4.15
485.92,-8.84,-0.45,4.15
485.99,-8.84,-0.45,4.15
486.06,-8.84,-0.45,4.15
486.12,-8.84,-0.45,4.15
486.19,-8.84,-0.45,4.15
486.26,-8.84,-0.45,4.15
486.32,-8.84,-0.45,4.15
486.39,-8.84,-0.45,4.15
486.46,-8.84,-0.45,4.15
486.52,-8.84,-0.45,4.15
486.59,-8.84,-0.45,4.15
486.66,-8.84,-0.45,4.15
486.72,-8.84,-0.45,4.15
486.79,-8.84,-0.45,4.15
486.86,-8.84,-0.45,4.15
486.92,-8.84,-0.45,4.15
486.99,-8.84,-0.45,4.15
487.06,-8.84,-0.45,4.15
487.12,-8.84,-0.45,4.15
487.19,-8.84,-0.45,4.15
487.26,-8.84,-0.45,4.15
487.33,-8.84,-0.45,4.15
487.39,-8.84,-0.45,4.15
487.46,-8.84,-0.45,4.15
487.53,-8.84,-0.45,4.15
487.59,-8.84,-0.45,4.15
487.66,-8.84,-0.45,4.15
487.73,-8.84,-0.45,4.15
487.79,-8.84,-0.45,4.15
487.86,-8.84,-0.45,4.15
487.93,-8.84,-0.45,4.15
487.99,-8.84,-0.45,4.15
488.06,-8.84,-0.45,4.15
488.13,-8.84,-0.45,4.15
488.19,-8.84,-0.45,4.15
488.26,-8.84,-0.45,4.15
488.33,-8.84,-0.45,4.15
488.4,-8.84,-0.45,4.15
488.46,-8.84,-0.45,4.15
488.53,-8.84,-0.45,4.15
488.6,-8.84,-0.45,4.15
488.66,-8.84,-0.45,4.15
488.73,-8.84,-0.45,4.15
488.8,-8.84,-0.45,4.15
488.86,-8.84,-0.45,4.15
488.93,-8.84,-0.45,4.15
489.0,-8.84,-0.45,4.15
489.07,-8.84,-0.45,4.15
489.13,-8.84,-0.45,4.15
489.2,-8.84,-0.45,4.15
489.27,-8.84,-0.45,4.15
489.33,-8.84,-0.45,4.15
489.4,-8.84,-0.45,4.15
489.47,-8.84,-0.45,4.15
489.54,-8.84,-0.45,4.15
489.6,-8.84,-0.45,4.15
489.67,-8.84,-0.45,4.15
489.74,-8.84,-0.45,4.15
489.8,-8.84,-0.45,4.15
489.87,-8.84,-0.45,4.15
489.94,-8.84,-0.45,4.15
490.01,-8.84,-0.45,4.15
490.08,-8.84,-0.45,4.15
490.14,-8.84,-0.45,4.15
490.21,-8.84,-0.45,4.15
490.28,-8.84,-0.45,4.15
490.34,-8.84,-0.45,4.15
490.41,-8.84,-0.45,4.15
490.48,-8.84,-0.45,4.15
490.54,-8.84,-0.45,4.15
490.61,-8.84,-0.45,4.15
490.67,-8.84,-0.45,4.15
490.74,-8.84,-0.45,4.15
490.81,-8.84,-0.45,4.15
490.87,-8.84,-0.45,4.15
490.94,-8.84,-0.45,4.15
491.01,-8.84,-0.45,4.15
491.07,-8.84,-0.45,4.15
491.14,-8.84,-0.45,4.15
491.21,-8.84,-0.45,4.15
491.27,-8.84,-0.45,4.15
491.34,-8.84,-0.45,4.15
491.41,-8.84,-0.45,4.15
491.47,-8.84,-0.45,4.15
491.54,-8.84,-0.45,4.15
491.6,-8.84,-0.45,4.15
491.67,-8.84,-0.45,4.15
491.74,-8.84,-0.45,4.15
491.8,-8.84,-0.45,4.15
491.87,-8.84,-0.45,4.15
491.94,-8.84,-0.45,4.15
492.0,-8.84,-0.45,4.15
492.07,-8.84,-0.45,4.15
492.14,-8.84,-0.45,4.15
492.2,-8.84,-0.45,4.15
492.27,-8.84,-0.45,4.15
492.34,-8.84,-0.45,4.15
492.4,-8.84,-0.45,4.15
492.47,-8.84,-0.45,4.15
492.54,-8.84,-0.45,4.15
492.6,-8.84,-0.45,4.15
492.67,-8.84,-0.45,4.15
492.74,-8.84,-0.45,4.15
492.8,-8.84,-0.45,4.15
492.87,-8.84,-0.45,4.15
492.94,-8.84,-0.45,4.15
493.0,-8.84,-0.45,4.15
493.07,-8.84,-0.45,4.15
493.14,-8.84,-0.45,4.15
493.2,-8.84,-0.45,4.15
493.27,-8.84,-0.45,4.15
493.34,-8.84,-0.45,4.15
493.41,-8.84,-0.45,4.15
493.47,-8.84,-0.45,4.15
493.54,-8.84,-0.45,4.15
493.61,-8.84,-0.45,4.15
493.67,-8.84,-0.45,4.15
493.74,-8.84,-0.45,4.15
493.81,-8.84,-0.45,4.15
493.87,-8.84,-0.45,4.15
493.94,-8.84,-0.45,4.15
494.01,-8.84,-0.45,4.15
494.07,-8.84,-0.45,4.15
494.14,-8.84,-0.45,4.15
494.21,-8.84,-0.45,4.15
494.27,-8.84,-0.45,4.15
494.34,-8.84,-0.45,4.15
494.41,-8.84,-0.45,4.15
494.47,-8.84,-0.45,4.15
494.54,-8.84,-0.45,4.15
494.61,-8.84,-0.45,4.15
494.67,-8.84,-0.45,4.15
494.74,-8.84,-0.45,4.15
494.81,-8.84,-0.45,4.15
494.88,-8.84,-0.45,4.15
494.94,-8.84,-0.45,4.15
495.01,-8.84,-0.45,4.15
495.08,-8.84,-0.45,4.15
495.14,-8.84,-0.45,4.15
495.21,-8.84,-0.45,4.15
495.28,-8.84,-0.45,4.15
495.34,-8.84,-0.45,4.15
495.41,-8.84,-0.45,4.15
495.48,-8.84,-0.45,4.15
495.55,-8.84,-0.45,4.15
495.61,-8.84,-0.45,4.15
495.68,-8.84,-0.45,4.15
495.75,-8.84,-0.45,4.15
495.81,-8.84,-0.45,4.15
495.88,-8.84,-0.45,4.15
495.95,-8.84,-0.45,4.15
496.01,-8.84,-0.45,4.15
496.08,-8.84,-0.45,4.15
496.15,-8.84,-0.45,4.15
496.21,-8.84,-0.45,4.15
496.28,-8.84,-0.45,4.15
496.35,-8.84,-0.45,4.15
496.41,-8.84,-0.45,4.15
496.48,-8.84,-0.45,4.15
496.55,-8.84,-0.45,4.15
496.62,-8.84,-0.45,4.15
496.69,-8.84,-0.45,4.15
496.75,-8.84,-0.45,4.15
496.82,-8.84,-0.45,4.15
496.89,-8.84,-0.45,4.15
496.95,-8.84,-0.45,4.15
497.02,-8.84,-0.45,4.15
497.09,-8.84,-0.45,4.15
497.15,-8.84,-0.45,4.15
497.22,-8.84,-0.45,4.15
497.29,-8.84,-0.45,4.15
497.35,-8.84,-0.45,4.15
497.42,-8.84,-0.45,4.15
497.49,-8.84,-0.45,4.15
497.55,-8.84,-0.45,4.15
497.62,-8.84,-0.45,4.15
497.68,-8.84,-0.45,4.15
497.75,-8.84,-0.45,4.15
497.82,-8.84,-0.45,4.15
497.88,-8.84,-0.45,4.15
497.95,-8.84,-0.45,4.15
498.02,-8.84,-0.45,4.15
498.08,-8.84,-0.45,4.15
498.15,-8.84,-0.45,4.15
498.22,-8.84,-0.45,4.15
498.28,-8.84,-0.45,4.15
498.35,-8.84,-0.45,4.15
498.42,-8.84,-0.45,4.15
498.48,-8.84,-0.45,4.15
498.55,-8.84,-0.45,4.15
498.62,-8.84,-0.45,4.15
498.68,-8.84,-0.45,4.15
498.75,-8.84,-0.45,4.15
498.81,-8.84,-0.45,4.15
498.88,-8.84,-0.45,4.15
498.95,-8.84,-0.45,4.15
499.02,-8.84,-0.45,4.15
499.08,-8.84,-0.45,4.15
499.15,-8.84,-0.45,4.15
499.22,-8.84,-0.45,4.15
499.28,-8.84,-0.45,4.15
499.35,-8.84,-0.45,4.15
499.42,-8.84,-0.45,4.15
499.48,-8.84,-0.45,4.15
499.55,-8.84,-0.45,4.15
499.62,-8.84,-0.45,4.15
499.68,-8.84,-0.45,4.15
499.75,-8.84,-0.45,4.15
499.82,-8.84,-0.45,4.15
499.88,-8.84,-0.45,4.15
499.95,-8.84,-0.45,4.15
500.02,-8.84,-0.45,4.15
500.08,-8.84,-0.45,4.15
500.15,-8.84,-0.45,4.15
500.22,-8.84,-0.45,4.15
500.28,-8.84,-0.45,4.15
500.35,-8.84,-0.45,4.15
500.42,-8.84,-0.45,4.15
500.49,-8.84,-0.45,4.15
500.55,-8.84,-0.45,4.15
500.62,-8.84,-0.45,4.15
500.69,-8.84,-0.45,4.15
500.75,-8.84,-0.45,4.15
500.82,-8.84,-0.45,4.15
500.89,-8.84,-0.45,4.15
500.95,-8.84,-0.45,4.15
501.02,-8.84,-0.45,4.15
501.09,-8.84,-0.45,4.15
501.15,-8.84,-0.45,4.15
501.22,-8.84,-0.45,4.15
501.29,-8.84,-0.45,4.15
501.35,-8.84,-0.45,4.15
501.42,-8.84,-0.45,4.15
501.49,-8.84,-0.45,4.15
501.55,-8.84,-0.45,4.15
501.62,-8.84,-0.45,4.15
501.69,-8.84,-0.45,4.15
501.76,-8.84,-0.45,4.15
501.82,-8.84,-0.45,4.15
501.89,-8.84,-0.45,4.15
501.96,-8.84,-0.45,4.15
502.03,-8.84,-0.45,4.15
502.09,-8.84,-0.45,4.15
502.16,-8.84,-0.45,4.15
502.23,-8.84,-0.45,4.15
502.29,-8.84,-0.45,4.15
502.36,-8.84,-0.45,4.15
502.43,-8.84,-0.45,4.15
502.49,-8.84,-0.45,4.15
502.56,-8.84,-0.45,4.15
502.63,-8.84,-0.45,4.15
502.69,-8.84,-0.45,4.15
502.76,-8.84,-0.45,4.15
502.83,-8.84,-0.45,4.15
502.9,-8.84,-0.45,4.15
502.96,-8.84,-0.45,4.15
503.03,-8.84,-0.45,4.15
503.1,-8.84,-0.45,4.15
503.17,-8.84,-0.45,4.15
503.24,-8.84,-0.45,4.15
503.31,-8.84,-0.45,4.15
503.37,-8.84,-0.45,4.15
503.44,-8.84,-0.45,4.15
503.5,-8.84,-0.45,4.15
503.57,-8.84,-0.45,4.15
503.64,-8.84,-0.45,4.15
503.7,-8.84,-0.45,4.15
503.77,-8.84,-0.45,4.15
503.84,-8.84,-0.45,4.15
503.9,-8.84,-0.45,4.15
503.97,-8.84,-0.45,4.15
504.03,-8.84,-0.45,4.15
504.1,-8.84,-0.45,4.15
504.17,-8.84,-0.45,4.15
504.23,-8.84,-0.45,4.15
504.3,-8.84,-0.45,4.15
504.37,-8.84,-0.45,4.15
504.43,-8.84,-0.45,4.15
504.5,-8.84,-0.45,4.15
504.57,-8.84,-0.45,4.15
504.63,-8.84,-0.45,4.15
504.7,-8.84,-0.45,4.15
504.77,-8.84,-0.45,4.15
504.83,-8.84,-0.45,4.15
504.9,-8.84,-0.45,4.15
504.97,-8.84,-0.45,4.15
505.03,-8.84,-0.45,4.15
505.1,-8.84,-0.45,4.15
505.17,-8.84,-0.45,4.15
505.23,-8.84,-0.45,4.15
505.3,-8.84,-0.45,4.15
505.37,-8.84,-0.45,4.15
505.43,-8.84,-0.45,4.15
505.5,-8.84,-0.45,4.15
505.57,-8.84,-0.45,4.15
505.63,-8.84,-0.45,4.15
505.7,-8.84,-0.45,4.15
505.77,-8.84,-0.45,4.15
505.83,-8.84,-0.45,4.15
505.9,-8.84,-0.45,4.15
505.97,-8.84,-0.45,4.15
506.03,-8.84,-0.45,4.15
506.1,-8.84,-0.45,4.15
506.17,-8.84,-0.45,4.15
506.23,-8.84,-0.45,4.15
506.3,-8.84,-0.45,4.15
506.37,-8.84,-0.45,4.15
506.43,-8.84,-0.45,4.15
506.5,-8.84,-0.45,4.15
506.57,-8.84,-0.45,4.15
506.63,-8.84,-0.45,4.15
506.7,-8.84,-0.45,4.15
506.77,-8.84,-0.45,4.15
506.83,-8.84,-0.45,4.15
506.9,-8.84,-0.45,4.15
506.97,-8.84,-0.45,4.15
507.03,-8.84,-0.45,4.15
507.1,-8.84,-0.45,4.15
507.17,-8.84,-0.45,4.15
507.23,-8.84,-0.45,4.15
507.3,-8.84,-0.45,4.15
507.37,-8.84,-0.45,4.15
507.43,-8.84,-0.45,4.15
507.5,-8.84,-0.45,4.15
507.57,-8.84,-0.45,4.15
507.64,-8.84,-0.45,4.15
507.7,-8.84,-0.45,4.15
507.77,-8.84,-0.45,4.15
507.84,-8.84,-0.45,4.15
507.9,-8.84,-0.45,4.15
507.97,-8.84,-0.45,4.15
508.04,-8.84,-0.45,4.15
508.1,-8.84,-0.45,4.15
508.17,-8.84,-0.45,4.15
508.24,-8.84,-0.45,4.15
508.3,-8.84,-0.45,4.15
508.37,-8.84,-0.45,4.15
508.44,-8.84,-0.45,4.15
508.5,-8.84,-0.45,4.15
508.57,-8.84,-0.45,4.15
508.64,-8.84,-0.45,4.15
508.71,-8.84,-0.45,4.15
508.77,-8.84,-0.45,4.15
508.84,-8.84,-0.45,4.15
508.91,-8.84,-0.45,4.15
508.97,-8.84,-0.45,4.15
509.04,-8.84,-0.45,4.15
509.11,-8.84,-0.45,4.15
509.17,-8.84,-0.45,4.15
509.24,-8.84,-0.45,4.15
509.31,-8.84,-0.45,4.15
509.38,-8.84,-0.45,4.15
509.44,-8.84,-0.45,4.15
509.51,-8.84,-0.45,4.15
509.59,-8.84,-0.45,4.15
509.66,-8.84,-0.45,4.15
509.72,-8.84,-0.45,4.15
509.79,-8.84,-0.45,4.15
509.85,-8.84,-0.45,4.15
509.92,-8.84,-0.45,4.15
509.99,-8.84,-0.45,4.15
510.05,-8.84,-0.45,4.15
510.12,-8.84,-0.45,4.15
510.19,-8.84,-0.45,4.15
510.25,-8.84,-0.45,4.15
510.32,-8.84,-0.45,4.15
510.38,-8.84,-0.45,4.15
510.45,-8.84,-0.45,4.15
510.52,-8.84,-0.45,4.15
510.58,-8.84,-0.45,4.15
510.65,-8.84,-0.45,4.15
510.72,-8.84,-0.45,4.15
510.78,-8.84,-0.45,4.15
510.85,-8.84,-0.45,4.15
510.92,-8.84,-0.45,4.15
510.98,-8.84,-0.45,4.15
511.05,-8.84,-0.45,4.15
511.11,-8.84,-0.45,4.15
511.18,-8.84,-0.45,4.15
511.25,-8.84,-0.45,4.15
511.31,-8.84,-0.45,4.15
511.38,-8.84,-0.45,4.15
511.45,-8.84,-0.45,4.15
511.51,-8.84,-0.45,4.15
511.58,-8.84,-0.45,4.15
511.65,-8.84,-0.45,4.15
511.71,-8.84,-0.45,4.15
511.78,-8.84,-0.45,4.15
511.84,-8.84,-0.45,4.15
511.91,-8.84,-0.45,4.15
511.98,-8.84,-0.45,4.15
512.04,-8.84,-0.45,4.15
512.11,-8.84,-0.45,4.15
512.18,-8.84,-0.45,4.15
512.24,-8.84,-0.45,4.15
512.31,-8.84,-0.45,4.15
512.38,-8.84,-0.45,4.15
512.45,-8.84,-0.45,4.15
512.51,-8.84,-0.45,4.15
512.58,-8.84,-0.45,4.15
512.65,-8.84,-0.45,4.15
512.71,-8.84,-0.45,4.15
512.78,-8.84,-0.45,4.15
512.85,-8.84,-0.45,4.15
512.91,-8.84,-0.45,4.15
512.98,-8.84,-0.45,4.15
513.05,-8.84,-0.45,4.15
513.11,-8.84,-0.45,4.15
513.18,-8.84,-0.45,4.15
513.25,-8.84,-0.45,4.15
513.31,-8.84,-0.45,4.15
513.38,-8.84,-0.45,4.15
513.45,-8.84,-0.45,4.15
513.51,-8.84,-0.45,4.15
513.58,-8.84,-0.45,4.15
513.65,-8.84,-0.45,4.15
513.71,-8.84,-0.45,4.15
513.78,-8.84,-0.45,4.15
513.85,-8.84,-0.45,4.15
513.91,-8.84,-0.45,4.15
513.98,-8.84,-0.45,4.15
514.05,-8.84,-0.45,4.15
514.12,-8.84,-0.45,4.15
514.18,-8.84,-0.45,4.15
514.25,-8.84,-0.45,4.15
514.32,-8.84,-0.45,4.15
514.38,-8.84,-0.45,4.15
514.45,-8.84,-0.45,4.15
514.52,-8.84,-0.45,4.15
514.58,-8.84,-0.45,4.15
514.65,-8.84,-0.45,4.15
514.72,-8.84,-0.45,4.15
514.79,-8.84,-0.45,4.15
514.85,-8.84,-0.45,4.15
514.92,-8.84,-0.45,4.15
514.99,-8.84,-0.45,4.15
515.05,-8.84,-0.45,4.15
515.12,-8.84,-0.45,4.15
515.19,-8.84,-0.45,4.15
515.25,-8.84,-0.45,4.15
515.32,-8.84,-0.45,4.15
515.39,-8.84,-0.45,4.15
515.46,-8.84,-0.45,4.15
515.52,-8.84,-0.45,4.15
515.59,-8.84,-0.45,4.15
515.66,-8.84,-0.45,4.15
515.72,-8.84,-0.45,4.15
515.79,-8.84,-0.45,4.15
515.86,-8.84,-0.45,4.15
515.93,-8.84,-0.45,4.15
515.99,-8.84,-0.45,4.15
516.06,-8.84,-0.45,4.15
516.13,-8.84,-0.45,4.15
516.19,-8.84,-0.45,4.15
516.27,-8.84,-0.45,4.15
516.33,-8.84,-0.45,4.15
516.4,-8.84,-0.45,4.15
516.47,-8.84,-0.45,4.15
516.53,-8.84,-0.45,4.15
516.6,-8.84,-0.45,4.15
516.67,-8.84,-0.45,4.15
516.73,-8.84,-0.45,4.15
516.8,-8.84,-0.45,4.15
516.87,-8.84,-0.45,4.15
516.93,-8.84,-0.45,4.15
517.0,-8.84,-0.45,4.15
517.06,-8.84,-0.45,4.15
517.13,-8.84,-0.45,4.15
517.2,-8.84,-0.45,4.15
517.27,-8.84,-0.45,4.15
517.33,-8.84,-0.45,4.15
517.4,-8.84,-0.45,4.15
517.46,-8.84,-0.45,4.15
517.53,-8.84,-0.45,4.15
517.6,-8.84,-0.45,4.15
517.67,-8.84,-0.45,4.15
517.74,-8.84,-0.45,4.15
517.81,-8.84,-0.45,4.15
517.87,-8.84,-0.45,4.15
517.94,-8.84,-0.45,4.15
518.0,-8.84,-0.45,4.15
518.07,-8.84,-0.45,4.15
518.14,-8.84,-0.45,4.15
518.2,-8.84,-0.45,4.15
518.27,-8.84,-0.45,4.15
518.34,-8.84,-0.45,4.15
518.4,-8.84,-0.45,4.15
518.47,-8.84,-0.45,4.15
518.53,-8.84,-0.45,4.15
518.6,-8.84,-0.45,4.15
518.67,-8.84,-0.45,4.15
518.73,-8.84,-0.45,4.15
518.8,-8.84,-0.45,4.15
518.87,-8.84,-0.45,4.15
518.93,-8.84,-0.45,4.15
519.0,-8.84,-0.45,4.15
519.06,-8.84,-0.45,4.15
519.13,-8.84,-0.45,4.15
519.2,-8.84,-0.45,4.15
519.26,-8.84,-0.45,4.15
519.33,-8.84,-0.45,4.15
519.4,-8.84,-0.45,4.15
519.46,-8.84,-0.45,4.15
519.53,-8.84,-0.45,4.15
519.6,-8.84,-0.45,4.15
519.66,-8.84,-0.45,4.15
519.73,-8.84,-0.45,4.15
519.79,-8.84,-0.45,4.15
519.86,-8.84,-0.45,4.15
519.93,-8.84,-0.45,4.15
519.99,-8.84,-0.45,4.15
520.06,-8.84,-0.45,4.15
520.13,-8.84,-0.45,4.15
520.19,-8.84,-0.45,4.15
520.26,-8.84,-0.45,4.15
520.33,-8.84,-0.45,4.15
520.39,-8.84,-0.45,4.15
520.46,-8.84,-0.45,4.15
520.53,-8.84,-0.45,4.15
520.59,-8.84,-0.45,4.15
520.66,-8.84,-0.45,4.15
520.73,-8.84,-0.45,4.15
520.79,-8.84,-0.45,4.15
520.86,-8.84,-0.45,4.15
520.93,-8.84,-0.45,4.15
520.99,-8.84,-0.45,4.15
521.06,-8.84,-0.45,4.15
521.13,-8.84,-0.45,4.15
521.19,-8.84,-0.45,4.15
521.26,-8.84,-0.45,4.15
521.33,-8.84,-0.45,4.15
521.39,-8.84,-0.45,4.15
521.46,-8.84,-0.45,4.15
521.53,-8.84,-0.45,4.15
521.59,-8.84,-0.45,4.15
521.66,-8.84,-0.45,4.15
521.73,-8.84,-0.45,4.15
521.79,-8.84,-0.45,4.15
521.86,-8.84,-0.45,4.15
521.93,-8.84,-0.45,4.15
521.99,-8.84,-0.45,4.15
522.06,-8.84,-0.45,4.15
522.13,-8.84,-0.45,4.15
522.19,-8.84,-0.45,4.15
522.26,-8.84,-0.45,4.15
522.33,-8.84,-0.45,4.15
522.39,-8.84,-0.45,4.15
522.46,-8.84,-0.45,4.15
522.53,-8.84,-0.45,4.15
522.59,-8.84,-0.45,4.15
522.66,-8.84,-0.45,4.15
522.73,-8.84,-0.45,4.15
522.8,-8.84,-0.45,4.15
522.86,-8.84,-0.45,4.15
522.93,-8.84,-0.45,4.15
523.0,-8.84,-0.45,4.15
523.06,-8.84,-0.45,4.15
523.13,-8.84,-0.45,4.15
523.2,-8.84,-0.45,4.15
523.26,-8.84,-0.45,4.15
523.33,-8.84,-0.45,4.15
523.4,-8.84,-0.45,4.15
523.47,-8.84,-0.45,4.15
523.53,-8.84,-0.45,4.15
523.6,-8.84,-0.45,4.15
523.67,-8.84,-0.45,4.15
523.73,-8.84,-0.45,4.15
523.8,-8.84,-0.45,4.15
523.87,-8.84,-0.45,4.15
523.94,-8.84,-0.45,4.15
524.0,-8.84,-0.45,4.15
524.07,-8.84,-0.45,4.15
524.14,-8.84,-0.45,4.15
524.21,-8.84,-0.45,4.15
524.27,-8.84,-0.45,4.15
524.35,-8.84,-0.45,4.15
524.41,-8.84,-0.45,4.15
524.48,-8.84,-0.45,4.15
524.54,-8.84,-0.45,4.15
524.61,-8.84,-0.45,4.15
524.68,-8.84,-0.45,4.15
524.74,-8.84,-0.45,4.15
524.81,-8.84,-0.45,4.15
524.88,-8.84,-0.45,4.15
524.94,-8.84,-0.45,4.15
525.01,-8.84,-0.45,4.15
525.08,-8.84,-0.45,4.15
525.14,-8.84,-0.45,4.15
525.21,-8.84,-0.45,4.15
525.27,-8.84,-0.45,4.15
525.34,-8.84,-0.45,4.15
525.41,-8.84,-0.45,4.15
525.47,-8.84,-0.45,4.15
525.54,-8.84,-0.45,4.15
525.61,-8.84,-0.45,4.15
525.67,-8.84,-0.45,4.15
525.74,-8.84,-0.45,4.15
525.8,-8.84,-0.45,4.15
525.87,-8.84,-0.45,4.15
525.94,-8.84,-0.45,4.15
526.0,-8.84,-0.45,4.15
526.07,-8.84,-0.45,4.15
526.14,-8.84,-0.45,4.15
526.2,-8.84,-0.45,4.15
526.27,-8.84,-0.45,4.15
526.34,-8.84,-0.45,4.15
526.4,-8.84,-0.45,4.15
526.47,-8.84,-0.45,4.15
526.54,-8.84,-0.45,4.15
526.6,-8.84,-0.45,4.15
526.67,-8.84,-0.45,4.15
526.73,-8.84,-0.45,4.15
526.8,-8.84,-0.45,4.15
526.87,-8.84,-0.45,4.15
526.93,-8.84,-0.45,4.15
527.0,-8.84,-0.45,4.15
527.07,-8.84,-0.45,4.15
527.13,-8.84,-0.45,4.15
527.2,-8.84,-0.45,4.15
527.27,-8.84,-0.45,4.15
527.33,-8.84,-0.45,4.15
527.4,-8.84,-0.45,4.15
527.47,-8.84,-0.45,4.15
527.53,-8.84,-0.45,4.15
527.6,-8.84,-0.45,4.15
527.67,-8.84,-0.45,4.15
527.73,-8.84,-0.45,4.15
527.8,-8.84,-0.45,4.15
527.87,-8.84,-0.45,4.15
527.93,-8.84,-0.45,4.15
528.0,-8.84,-0.45,4.15
528.07,-8.84,-0.45,4.15
528.13,-8.84,-0.45,4.15
528.2,-8.84,-0.45,4.15
528.27,-8.84,-0.45,4.15
528.33,-8.84,-0.45,4.15
528.4,-8.84,-0.45,4.15
528.47,-8.84,-0.45,4.15
528.53,-8.84,-0.45,4.15
528.6,-8.84,-0.45,4.15
528.67,-8.84,-0.45,4.15
528.74,-8.84,-0.45,4.15
528.8,-8.84,-0.45,4.15
528.87,-8.84,-0.45,4.15
528.94,-8.84,-0.45,4.15
529.0,-8.84,-0.45,4.15
529.07,-8.84,-0.45,4.15
529.14,-8.84,-0.45,4.15
529.2,-8.84,-0.45,4.15
529.27,-8.84,-0.45,4.15
529.34,-8.84,-0.45,4.15
529.4,-8.84,-0.45,4.15
529.47,-8.84,-0.45,4.15
529.54,-8.84,-0.45,4.15
529.6,-8.84,-0.45,4.15
529.67,-8.84,-0.45,4.15
529.74,-8.84,-0.45,4.15
529.81,-8.84,-0.45,4.15
529.87,-8.84,-0.45,4.15
529.94,-8.84,-0.45,4.15
530.01,-8.84,-0.45,4.15
530.07,-8.84,-0.45,4.15
530.14,-8.84,-0.45,4.15
530.21,-8.84,-0.45,4.15
530.27,-8.84,-0.45,4.15
530.34,-8.84,-0.45,4.15
530.41,-8.84,-0.45,4.15
530.47,-8.84,-0.45,4.15
530.54,-8.84,-0.45,4.15
530.61,-8.84,-0.45,4.15
530.68,-8.84,-0.45,4.15
530.74,-8.84,-0.45,4.15
530.81,-8.84,-0.45,4.15
530.88,-8.84,-0.45,4.15
530.94,-8.84,-0.45,4.15
531.01,-8.84,-0.45,4.15
531.09,-8.84,-0.45,4.15
531.15,-8.84,-0.45,4.15
531.22,-8.84,-0.45,4.15
531.29,-8.84,-0.45,4.15
531.35,-8.84,-0.45,4.15
531.42,-8.84,-0.45,4.15
531.48,-8.84,-0.45,4.15
531.55,-8.84,-0.45,4.15
531.62,-8.84,-0.45,4.15
531.68,-8.84,-0.45,4.15
531.75,-8.84,-0.45,4.15
531.82,-8.84,-0.45,4.15
531.88,-8.84,-0.45,4.15
531.95,-8.84,-0.45,4.15
532.01,-8.84,-0.45,4.15
532.08,-8.84,-0.45,4.15
532.15,-8.84,-0.45,4.15
532.21,-8.84,-0.45,4.15
532.28,-8.84,-0.45,4.15
532.35,-8.84,-0.45,4.15
532.41,-8.84,-0.45,4.15
532.48,-8.84,-0.45,4.15
532.54,-8.84,-0.45,4.15
532.61,-8.84,-0.45,4.15
532.68,-8.84,-0.45,4.15
532.75,-8.84,-0.45,4.15
532.81,-8.84,-0.45,4.15
532.88,-8.84,-0.45,4.15
532.94,-8.84,-0.45,4.15
533.01,-8.84,-0.45,4.15
533.08,-8.84,-0.45,4.15
533.14,-8.84,-0.45,4.15
533.21,-8.84,-0.45,4.15
533.28,-8.84,-0.45,4.15
533.34,-8.84,-0.45,4.15
533.41,-8.84,-0.45,4.15
533.48,-8.84,-0.45,4.15
533.54,-8.84,-0.45,4.15
533.61,-8.84,-0.45,4.15
533.68,-8.84,-0.45,4.15
533.74,-8.84,-0.45,4.15
533.81,-8.84,-0.45,4.15
533.88,-8.84,-0.45,4.15
533.94,-8.84,-0.45,4.15
534.01,-8.84,-0.45,4.15
534.08,-8.84,-0.45,4.15
534.14,-8.84,-0.45,4.15
534.21,-8.84,-0.45,4.15
534.28,-8.84,-0.45,4.15
534.34,-8.84,-0.45,4.15
534.41,-8.84,-0.45,4.15
534.48,-8.84,-0.45,4.15
534.54,-8.84,-0.45,4.15
534.61,-8.84,-0.45,4.15
534.68,-8.84,-0.45,4.15
534.74,-8.84,-0.45,4.15
534.81,-8.84,-0.45,4.15
534.88,-8.84,-0.45,4.15
534.94,-8.84,-0.45,4.15
535.01,-8.84,-0.45,4.15
535.08,-8.84,-0.45,4.15
535.14,-8.84,-0.45,4.15
535.21,-8.84,-0.45,4.15
535.27,-8.84,-0.45,4.15
535.34,-8.84,-0.45,4.15
535.41,-8.84,-0.45,4.15
535.47,-8.84,-0.45,4.15
535.54,-8.84,-0.45,4.15
535.61,-8.84,-0.45,4.15
535.68,-8.84,-0.45,4.15
535.74,-8.84,-0.45,4.15
535.81,-8.84,-0.45,4.15
535.88,-8.84,-0.45,4.15
535.94,-8.84,-0.45,4.15
536.01,-8.84,-0.45,4.15
536.08,-8.84,-0.45,4.15
536.14,-8.84,-0.45,4.15
536.21,-8.84,-0.45,4.15
536.28,-8.84,-0.45,4.15
536.35,-8.84,-0.45,4.15
536.41,-8.84,-0.45,4.15
536.48,-8.84,-0.45,4.15
536.55,-8.84,-0.45,4.15
536.61,-8.84,-0.45,4.15
536.68,-8.84,-0.45,4.15
536.75,-8.84,-0.45,4.15
536.82,-8.84,-0.45,4.15
536.88,-8.84,-0.45,4.15
536.95,-8.84,-0.45,4.15
537.02,-8.84,-0.45,4.15
537.08,-8.84,-0.45,4.15
537.15,-8.84,-0.45,4.15
537.22,-8.84,-0.45,4.15
537.28,-8.84,-0.45,4.15
537.35,-8.84,-0.45,4.15
537.42,-8.84,-0.45,4.15
537.49,-8.84,-0.45,4.15
537.56,-8.84,-0.45,4.15
537.63,-8.84,-0.45,4.15
537.69,-8.84,-0.45,4.15
537.76,-8.84,-0.45,4.15
537.82,-8.84,-0.45,4.15
537.89,-8.84,-0.45,4.15
537.96,-8.84,-0.45,4.15
538.02,-8.84,-0.45,4.15
538.09,-8.84,-0.45,4.15
538.15,-8.84,-0.45,4.15
538.22,-8.84,-0.45,4.15
538.29,-8.84,-0.45,4.15
538.35,-8.84,-0.45,4.15
538.42,-8.84,-0.45,4.15
538.49,-8.84,-0.45,4.15
538.55,-8.84,-0.45,4.15
538.62,-8.84,-0.45,4.15
538.69,-8.84,-0.45,4.15
538.75,-8.84,-0.45,4.15
538.82,-8.84,-0.45,4.15
538.88,-8.84,-0.45,4.15
538.95,-8.84,-0.45,4.15
539.02,-8.84,-0.45,4.15
539.08,-8.84,-0.45,4.15
539.15,-8.84,-0.45,4.15
539.22,-8.84,-0.45,4.15
539.28,-8.84,-0.45,4.15
539.35,-8.84,-0.45,4.15
539.41,-8.84,-0.45,4.15
539.48,-8.84,-0.45,4.15
539.55,-8.84,-0.45,4.15
539.62,-8.84,-0.45,4.15
539.68,-8.84,-0.45,4.15
539.75,-8.84,-0.45,4.15
539.81,-8.84,-0.45,4.15
539.88,-8.84,-0.45,4.15
539.95,-8.84,-0.45,4.15
540.01,-8.84,-0.45,4.15
540.08,-8.84,-0.45,4.15
540.15,-8.84,-0.45,4.15
540.21,-8.84,-0.45,4.15
540.28,-8.84,-0.45,4.15
540.35,-8.84,-0.45,4.15
540.41,-8.84,-0.45,4.15
540.48,-8.84,-0.45,4.15
540.55,-8.84,-0.45,4.15
540.61,-8.84,-0.45,4.15
540.68,-8.84,-0.45,4.15
540.75,-8.84,-0.45,4.15
540.81,-8.84,-0.45,4.15
540.88,-8.84,-0.45,4.15
540.95,-8.84,-0.45,4.15
541.01,-8.84,-0.45,4.15
541.08,-8.84,-0.45,4.15
541.15,-8.84,-0.45,4.15
541.21,-8.84,-0.45,4.15
541.28,-8.84,-0.45,4.15
541.34,-8.84,-0.45,4.15
541.41,-8.84,-0.45,4.15
541.48,-8.84,-0.45,4.15
541.55,-8.84,-0.45,4.15
541.61,-8.84,-0.45,4.15
541.68,-8.84,-0.45,4.15
541.75,-8.84,-0.45,4.15
541.81,-8.84,-0.45,4.15
541.88,-8.84,-0.45,4.15
541.95,-8.84,-0.45,4.15
542.01,-8.84,-0.45,4.15
542.08,-8.84,-0.45,4.15
542.15,-8.84,-0.45,4.15
542.21,-8.84,-0.45,4.15
542.28,-8.84,-0.45,4.15
542.35,-8.84,-0.45,4.15
542.41,-8.84,-0.45,4.15
542.48,-8.84,-0.45,4.15
542.55,-8.84,-0.45,4.15
542.62,-8.84,-0.45,4.15
542.68,-8.84,-0.45,4.15
542.75,-8.84,-0.45,4.15
542.82,-8.84,-0.45,4.15
542.88,-8.84,-0.45,4.15
542.95,-8.84,-0.45,4.15
543.02,-8.84,-0.45,4.15
543.08,-8.84,-0.45,4.15
543.15,-8.84,-0.45,4.15
543.22,-8.84,-0.45,4.15
543.28,-8.84,-0.45,4.15
543.35,-8.84,-0.45,4.15
543.42,-8.84,-0.45,4.15
543.49,-8.84,-0.45,4.15
543.55,-8.84,-0.45,4.15
543.62,-8.84,-0.45,4.15
543.69,-8.84,-0.45,4.15
543.75,-8.84,-0.45,4.15
543.82,-8.84,-0.45,4.15
543.89,-8.84,-0.45,4.15
543.96,-8.84,-0.45,4.15
544.03,-8.84,-0.45,4.15
544.1,-8.84,-0.45,4.15
544.16,-8.84,-0.45,4.15
544.23,-8.84,-0.45,4.15
544.3,-8.84,-0.45,4.15
544.37,-8.84,-0.45,4.15
544.43,-8.84,-0.45,4.15
544.5,-8.84,-0.45,4.15
544.57,-8.84,-0.45,4.15
544.63,-8.84,-0.45,4.15
544.7,-8.84,-0.45,4.15
544.77,-8.84,-0.45,4.15
544.83,-8.84,-0.45,4.15
544.9,-8.84,-0.45,4.15
544.96,-8.84,-0.45,4.15
545.03,-8.84,-0.45,4.15
545.1,-8.84,-0.45,4.15
545.16,-8.84,-0.45,4.15
545.23,-8.84,-0.45,4.15
545.3,-8.84,-0.45,4.15
545.36,-8.84,-0.45,4.15
545.43,-8.84,-0.45,4.15
545.5,-8.84,-0.45,4.15
545.56,-8.84,-0.45,4.15
545.63,-8.84,-0.45,4.15
545.69,-8.84,-0.45,4.15
545.76,-8.84,-0.45,4.15
545.83,-8.84,-0.45,4.15
545.89,-8.84,-0.45,4.15
545.96,-8.84,-0.45,4.15
546.03,-8.84,-0.45,4.15
546.09,-8.84,-0.45,4.15
546.16,-8.84,-0.45,4.15
546.23,-8.84,-0.45,4.15
546.29,-8.84,-0.45,4.15
546.36,-8.84,-0.45,4.15
546.43,-8.84,-0.45,4.15
546.49,-8.84,-0.45,4.15
546.56,-8.84,-0.45,4.15
546.63,-8.84,-0.45,4.15
546.69,-8.84,-0.45,4.15
546.76,-8.84,-0.45,4.15
546.83,-8.84,-0.45,4.15
546.89,-8.84,-0.45,4.15
546.96,-8.84,-0.45,4.15
547.03,-8.84,-0.45,4.15
547.09,-8.84,-0.45,4.15
547.16,-8.84,-0.45,4.15
547.23,-8.84,-0.45,4.15
547.29,-8.84,-0.45,4.15
547.36,-8.84,-0.45,4.15
547.43,-8.84,-0.45,4.15
547.49,-8.84,-0.45,4.15
547.56,-8.84,-0.45,4.15
547.63,-8.84,-0.45,4.15
547.69,-8.84,-0.45,4.15
547.76,-8.84,-0.45,4.15
547.83,-8.84,-0.45,4.15
547.89,-8.84,-0.45,4.15
547.96,-8.84,-0.45,4.15
548.03,-8.84,-0.45,4.15
548.09,-8.84,-0.45,4.15
548.16,-8.84,-0.45,4.15
548.23,-8.84,-0.45,4.15
548.29,-8.84,-0.45,4.15
548.36,-8.84,-0.45,4.15
548.43,-8.84,-0.45,4.15
548.5,-8.84,-0.45,4.15
548.56,-8.84,-0.45,4.15
548.63,-8.84,-0.45,4.15
548.7,-8.84,-0.45,4.15
548.77,-8.84,-0.45,4.15
548.83,-8.84,-0.45,4.15
548.9,-8.84,-0.45,4.15
548.97,-8.84,-0.45,4.15
549.03,-8.84,-0.45,4.15
549.1,-8.84,-0.45,4.15
549.17,-8.84,-0.45,4.15
549.24,-8.84,-0.45,4.15
549.3,-8.84,-0.45,4.15
549.37,-8.84,-0.45,4.15
549.44,-8.84,-0.45,4.15
549.5,-8.84,-0.45,4.15
549.57,-8.84,-0.45,4.15
549.64,-8.84,-0.45,4.15
549.71,-8.84,-0.45,4.15
549.77,-8.84,-0.45,4.15
549.84,-8.84,-0.45,4.15
549.91,-8.84,-0.45,4.15
549.97,-8.84,-0.45,4.15
550.04,-8.84,-0.45,4.15
550.11,-8.84,-0.45,4.15
550.18,-8.84,-0.45,4.15
550.24,-8.84,-0.45,4.15
550.31,-8.84,-0.45,4.15
550.38,-8.84,-0.45,4.15
550.45,-8.84,-0.45,4.15
550.51,-8.84,-0.45,4.15
550.58,-8.84,-0.45,4.15
550.65,-8.84,-0.45,4.15
550.72,-8.84,-0.45,4.15
550.79,-8.84,-0.45,4.15
550.85,-8.84,-0.45,4.15
550.92,-8.84,-0.45,4.15
550.98,-8.84,-0.45,4.15
551.05,-8.84,-0.45,4.15
551.12,-8.84,-0.45,4.15
551.18,-8.84,-0.45,4.15
551.25,-8.84,-0.45,4.15
551.32,-8.84,-0.45,4.15
551.39,-8.84,-0.45,4.15
551.45,-8.84,-0.45,4.15
551.52,-8.84,-0.45,4.15
551.58,-8.84,-0.45,4.15
551.65,-8.84,-0.45,4.15
551.72,-8.84,-0.45,4.15
551.78,-8.84,-0.45,4.15
551.85,-8.84,-0.45,4.15
551.92,-8.84,-0.45,4.15
551.98,-8.84,-0.45,4.15
552.05,-8.84,-0.45,4.15
552.11,-8.84,-0.45,4.15
552.18,-8.84,-0.45,4.15
552.25,-8.84,-0.45,4.15
552.32,-8.84,-0.45,4.15
552.38,-8.84,-0.45,4.15
552.45,-8.84,-0.45,4.15
552.51,-8.84,-0.45,4.15
552.58,-8.84,-0.45,4.15
552.65,-8.84,-0.45,4.15
552.71,-8.84,-0.45,4.15
552.78,-8.84,-0.45,4.15
552.85,-8.84,-0.45,4.15
552.91,-8.84,-0.45,4.15
552.98,-8.84,-0.45,4.15
553.05,-8.84,-0.45,4.15
553.11,-8.84,-0.45,4.15
553.18,-8.84,-0.45,4.15
553.25,-8.84,-0.45,4.15
553.31,-8.84,-0.45,4.15
553.38,-8.84,-0.45,4.15
553.45,-8.84,-0.45,4.15
553.51,-8.84,-0.45,4.15
553.58,-8.84,-0.45,4.15
553.64,-8.84,-0.45,4.15
553.71,-8.84,-0.45,4.15
553.78,-8.84,-0.45,4.15
553.84,-8.84,-0.45,4.15
553.91,-8.84,-0.45,4.15
553.98,-8.84,-0.45,4.15
554.04,-8.84,-0.45,4.15
554.11,-8.84,-0.45,4.15
554.18,-8.84,-0.45,4.15
554.24,-8.84,-0.45,4.15
554.31,-8.84,-0.45,4.15
554.38,-8.84,-0.45,4.15
554.44,-8.84,-0.45,4.15
554.51,-8.84,-0.45,4.15
554.58,-8.84,-0.45,4.15
554.64,-8.84,-0.45,4.15
554.71,-8.84,-0.45,4.15
554.78,-8.84,-0.45,4.15
554.84,-8.84,-0.45,4.15
554.91,-8.84,-0.45,4.15
554.97,-8.84,-0.45,4.15
555.04,-8.84,-0.45,4.15
555.11,-8.84,-0.45,4.15
555.18,-8.84,-0.45,4.15
555.24,-8.84,-0.45,4.15
555.31,-8.84,-0.45,4.15
555.38,-8.84,-0.45,4.15
555.44,-8.84,-0.45,4.15
555.51,-8.84,-0.45,4.15
555.58,-8.84,-0.45,4.15
555.64,-8.84,-0.45,4.15
555.71,-8.84,-0.45,4.15
555.78,-8.84,-0.45,4.15
555.84,-8.84,-0.45,4.15
555.91,-8.84,-0.45,4.15
555.98,-8.84,-0.45,4.15
556.04,-8.84,-0.45,4.15
556.11,-8.84,-0.45,4.15
556.18,-8.84,-0.45,4.15
556.24,-8.84,-0.45,4.15
556.31,-8.84,-0.45,4.15
556.38,-8.84,-0.45,4.15
556.44,-8.84,-0.45,4.15
556.51,-8.84,-0.45,4.15
556.58,-8.84,-0.45,4.15
556.64,-8.84,-0.45,4.15
556.71,-8.84,-0.45,4.15
556.78,-8.84,-0.45,4.15
556.84,-8.84,-0.45,4.15
556.91,-8.84,-0.45,4.15
556.98,-8.84,-0.45,4.15
557.05,-8.84,-0.45,4.15
557.11,-8.84,-0.45,4.15
557.18,-8.84,-0.45,4.15
557.25,-8.84,-0.45,4.15
557.31,-8.84,-0.45,4.15
557.38,-8.84,-0.45,4.15
557.45,-8.84,-0.45,4.15
557.52,-8.84,-0.45,4.15
557.59,-8.84,-0.45,4.15
557.65,-8.84,-0.45,4.15
557.72,-8.84,-0.45,4.15
557.78,-8.84,-0.45,4.15
557.85,-8.84,-0.45,4.15
557.92,-8.84,-0.45,4.15
557.98,-8.84,-0.45,4.15
558.05,-8.84,-0.45,4.15
558.12,-8.84,-0.45,4.15
558.18,-8.84,-0.45,4.15
558.25,-8.84,-0.45,4.15
558.31,-8.84,-0.45,4.15
558.38,-8.84,-0.45,4.15
558.45,-8.84,-0.45,4.15
558.51,-8.84,-0.45,4.15
558.58,-8.84,-0.45,4.15
558.65,-8.84,-0.45,4.15
558.71,-8.84,-0.45,4.15
558.78,-8.84,-0.45,4.15
558.85,-8.84,-0.45,4.15
558.92,-8.84,-0.45,4.15
558.99,-8.84,-0.45,4.15
559.05,-8.84,-0.45,4.15
559.12,-8.84,-0.45,4.15
559.18,-8.84,-0.45,4.15
559.25,-8.84,-0.45,4.15
559.32,-8.84,-0.45,4.15
559.38,-8.84,-0.45,4.15
559.45,-8.84,-0.45,4.15
559.52,-8.84,-0.45,4.15
559.58,-8.84,-0.45,4.15
559.65,-8.84,-0.45,4.15
559.72,-8.84,-0.45,4.15
559.78,-8.84,-0.45,4.15
559.85,-8.84,-0.45,4.15
559.91,-8.84,-0.45,4.15
559.98,-8.84,-0.45,4.15
560.05,-8.84,-0.45,4.15
560.11,-8.84,-0.45,4.15
560.18,-8.84,-0.45,4.15
560.25,-8.84,-0.45,4.15
560.31,-8.84,-0.45,4.15
560.38,-8.84,-0.45,4.15
560.45,-8.84,-0.45,4.15
560.51,-8.84,-0.45,4.15
560.58,-8.84,-0.45,4.15
560.65,-8.84,-0.45,4.15
560.71,-8.84,-0.45,4.15
560.78,-8.84,-0.45,4.15
560.84,-8.84,-0.45,4.15
560.91,-8.84,-0.45,4.15
560.98,-8.84,-0.45,4.15
561.04,-8.84,-0.45,4.15
561.11,-8.84,-0.45,4.15
561.18,-8.84,-0.45,4.15
561.24,-8.84,-0.45,4.15
561.31,-8.84,-0.45,4.15
561.38,-8.84,-0.45,4.15
561.44,-8.84,-0.45,4.15
561.51,-8.84,-0.45,4.15
561.58,-8.84,-0.45,4.15
561.64,-8.84,-0.45,4.15
561.71,-8.84,-0.45,4.15
561.77,-8.84,-0.45,4.15
561.84,-8.84,-0.45,4.15
561.91,-8.84,-0.45,4.15
561.97,-8.84,-0.45,4.15
562.04,-8.84,-0.45,4.15
562.11,-8.84,-0.45,4.15
562.17,-8.84,-0.45,4.15
562.24,-8.84,-0.45,4.15
562.31,-8.84,-0.45,4.15
562.37,-8.84,-0.45,4.15
562.44,-8.84,-0.45,4.15
562.51,-8.84,-0.45,4.15
562.57,-8.84,-0.45,4.15
562.64,-8.84,-0.45,4.15
562.71,-8.84,-0.45,4.15
562.77,-8.84,-0.45,4.15
562.84,-8.84,-0.45,4.15
562.91,-8.84,-0.45,4.15
562.97,-8.84,-0.45,4.15
563.04,-8.84,-0.45,4.15
563.11,-8.84,-0.45,4.15
563.17,-8.84,-0.45,4.15
563.24,-8.84,-0.45,4.15
563.31,-8.84,-0.45,4.15
563.38,-8.84,-0.45,4.15
563.44,-8.84,-0.45,4.15
563.51,-8.84,-0.45,4.15
563.58,-8.84,-0.45,4.15
563.64,-8.84,-0.45,4.15
563.71,-8.84,-0.45,4.15
563.78,-8.84,-0.45,4.15
563.84,-8.84,-0.45,4.15
563.91,-8.84,-0.45,4.15
563.98,-8.84,-0.45,4.15
564.04,-8.84,-0.45,4.15
564.11,-8.84,-0.45,4.15
564.18,-8.84,-0.45,4.15
564.25,-8.84,-0.45,4.15
564.31,-8.84,-0.45,4.15
564.38,-8.84,-0.45,4.15
564.45,-8.84,-0.45,4.15
564.51,-8.84,-0.45,4.15
564.58,-8.84,-0.45,4.15
564.65,-8.84,-0.45,4.15
564.71,-8.84,-0.45,4.15
564.78,-8.84,-0.45,4.15
564.85,-8.84,-0.45,4.15
564.92,-8.84,-0.45,4.15
564.98,-8.84,-0.45,4.15
565.05,-8.84,-0.45,4.15
565.12,-8.84,-0.45,4.15
565.18,-8.84,-0.45,4.15
565.25,-8.84,-0.45,4.15
565.32,-8.84,-0.45,4.15
565.38,-8.84,-0.45,4.15
565.46,-8.84,-0.45,4.15
565.52,-8.84,-0.45,4.15
565.59,-8.84,-0.45,4.15
565.66,-8.84,-0.45,4.15
565.72,-8.84,-0.45,4.15
565.79,-8.84,-0.45,4.15
565.85,-8.84,-0.45,4.15
565.92,-8.84,-0.45,4.15
565.99,-8.84,-0.45,4.15
566.05,-8.84,-0.45,4.15
566.12,-8.84,-0.45,4.15
566.19,-8.84,-0.45,4.15
566.25,-8.84,-0.45,4.15
566.32,-8.84,-0.45,4.15
566.38,-8.84,-0.45,4.15
566.45,-8.84,-0.45,4.15
566.52,-8.84,-0.45,4.15
566.58,-8.84,-0.45,4.15
566.65,-8.84,-0.45,4.15
566.72,-8.84,-0.45,4.15
566.78,-8.84,-0.45,4.15
566.85,-8.84,-0.45,4.15
566.91,-8.84,-0.45,4.15
566.98,-8.84,-0.45,4.15
567.05,-8.84,-0.45,4.15
567.11,-8.84,-0.45,4.15
567.18,-8.84,-0.45,4.15
567.25,-8.84,-0.45,4.15
567.31,-8.84,-0.45,4.15
567.38,-8.84,-0.45,4.15
567.45,-8.84,-0.45,4.15
567.51,-8.84,-0.45,4.15
567.58,-8.84,-0.45,4.15
567.64,-8.84,-0.45,4.15
567.71,-8.84,-0.45,4.15
567.78,-8.84,-0.45,4.15
567.84,-8.84,-0.45,4.15
567.91,-8.84,-0.45,4.15
567.98,-8.84,-0.45,4.15
568.04,-8.84,-0.45,4.15
568.11,-8.84,-0.45,4.15
568.18,-8.84,-0.45,4.15
568.24,-8.84,-0.45,4.15
568.31,-8.84,-0.45,4.15
568.38,-8.84,-0.45,4.15
568.44,-8.84,-0.45,4.15
568.51,-8.84,-0.45,4.15
568.58,-8.84,-0.45,4.15
568.64,-8.84,-0.45,4.15
568.71,-8.84,-0.45,4.15
568.78,-8.84,-0.45,4.15
568.84,-8.84,-0.45,4.15
568.91,-8.84,-0.45,4.15
568.98,-8.84,-0.45,4.15
569.04,-8.84,-0.45,4.15
569.11,-8.84,-0.45,4.15
569.18,-8.84,-0.45,4.15
569.24,-8.84,-0.45,4.15
569.31,-8.84,-0.45,4.15
569.38,-8.84,-0.45,4.15
569.44,-8.84,-0.45,4.15
569.51,-8.84,-0.45,4.15
569.58,-8.84,-0.45,4.15
569.65,-8.84,-0.45,4.15
569.71,-8.84,-0.45,4.15
569.78,-8.84,-0.45,4.15
569.85,-8.84,-0.45,4.15
569.91,-8.84,-0.45,4.15
569.98,-8.84,-0.45,4.15
570.05,-8.84,-0.45,4.15
570.11,-8.84,-0.45,4.15
570.18,-8.84,-0.45,4.15
570.25,-8.84,-0.45,4.15
570.31,-8.84,-0.45,4.15
570.38,-8.84,-0.45,4.15
570.45,-8.84,-0.45,4.15
570.51,-8.84,-0.45,4.15
570.58,-8.84,-0.45,4.15
570.65,-8.84,-0.45,4.15
570.71,-8.84,-0.45,4.15
570.78,-8.84,-0.45,4.15
570.85,-8.84,-0.45,4.15
570.92,-8.84,-0.45,4.15
570.98,-8.84,-0.45,4.15
571.05,-8.84,-0.45,4.15
571.12,-8.84,-0.45,4.15
571.18,-8.84,-0.45,4.15
571.25,-8.84,-0.45,4.15
571.32,-8.84,-0.45,4.15
571.39,-8.84,-0.45,4.15
571.45,-8.84,-0.45,4.15
571.52,-8.84,-0.45,4.15
571.59,-8.84,-0.45,4.15
571.65,-8.84,-0.45,4.15
571.72,-8.84,-0.45,4.15
571.79,-8.84,-0.45,4.15
571.86,-8.84,-0.45,4.15
571.92,-8.84,-0.45,4.15
572.0,-8.84,-0.45,4.15
572.07,-8.84,-0.45,4.15
572.13,-8.84,-0.45,4.15
572.2,-8.84,-0.45,4.15
572.26,-8.84,-0.45,4.15
572.33,-8.84,-0.45,4.15
572.4,-8.84,-0.45,4.15
572.46,-8.84,-0.45,4.15
572.53,-8.84,-0.45,4.15
572.59,-8.84,-0.45,4.15
572.66,-8.84,-0.45,4.15
572.73,-8.84,-0.45,4.15
572.79,-8.84,-0.45,4.15
572.86,-8.84,-0.45,4.15
572.93,-8.84,-0.45,4.15
572.99,-8.84,-0.45,4.15
573.06,-8.84,-0.45,4.15
573.13,-8.84,-0.45,4.15
573.19,-8.84,-0.45,4.15
573.26,-8.84,-0.45,4.15
573.32,-8.84,-0.45,4.15
573.39,-8.84,-0.45,4.15
573.46,-8.84,-0.45,4.15
573.52,-8.84,-0.45,4.15
573.59,-8.84,-0.45,4.15
573.66,-8.84,-0.45,4.15
573.72,-8.84,-0.45,4.15
573.79,-8.84,-0.45,4.15
573.85,-8.84,-0.45,4.15
573.92,-8.84,-0.45,4.15
573.99,-8.84,-0.45,4.15
574.06,-8.84,-0.45,4.15
574.12,-8.84,-0.45,4.15
574.19,-8.84,-0.45,4.15
574.26,-8.84,-0.45,4.15
574.32,-8.84,-0.45,4.15
574.39,-8.84,-0.45,4.15
574.46,-8.84,-0.45,4.15
574.52,-8.84,-0.45,4.15
574.59,-8.84,-0.45,4.15
574.66,-8.84,-0.45,4.15
574.72,-8.84,-0.45,4.15
574.79,-8.84,-0.45,4.15
574.86,-8.84,-0.45,4.15
574.92,-8.84,-0.45,4.15
574.99,-8.84,-0.45,4.15
575.06,-8.84,-0.45,4.15
575.12,-8.84,-0.45,4.15
575.19,-8.84,-0.45,4.15
575.26,-8.84,-0.45,4.15
575.32,-8.84,-0.45,4.15
575.39,-8.84,-0.45,4.15
575.46,-8.84,-0.45,4.15
575.52,-8.84,-0.45,4.15
575.59,-8.84,-0.45,4.15
575.66,-8.84,-0.45,4.15
575.72,-8.84,-0.45,4.15
575.79,-8.84,-0.45,4.15
575.86,-8.84,-0.45,4.15
575.92,-8.84,-0.45,4.15
575.99,-8.84,-0.45,4.15
576.06,-8.84,-0.45,4.15
576.12,-8.84,-0.45,4.15
576.19,-8.84,-0.45,4.15
576.26,-8.84,-0.45,4.15
576.32,-8.84,-0.45,4.15
576.39,-8.84,-0.45,4.15
576.46,-8.84,-0.45,4.15
576.52,-8.84,-0.45,4.15
576.59,-8.84,-0.45,4.15
576.66,-8.84,-0.45,4.15
576.72,-8.84,-0.45,4.15
576.79,-8.84,-0.45,4.15
576.86,-8.84,-0.45,4.15
576.92,-8.84,-0.45,4.15
576.99,-8.84,-0.45,4.15
577.06,-8.84,-0.45,4.15
577.12,-8.84,-0.45,4.15
577.19,-8.84,-0.45,4.15
577.26,-8.84,-0.45,4.15
577.33,-8.84,-0.45,4.15
577.39,-8.84,-0.45,4.15
577.46,-8.84,-0.45,4.15
577.53,-8.84,-0.45,4.15
577.6,-8.84,-0.45,4.15
577.66,-8.84,-0.45,4.15
577.73,-8.84,-0.45,4.15
577.8,-8.84,-0.45,4.15
577.86,-8.84,-0.45,4.15
577.93,-8.84,-0.45,4.15
578.0,-8.84,-0.45,4.15
578.06,-8.84,-0.45,4.15
578.13,-8.84,-0.45,4.15
578.19,-8.84,-0.45,4.15
578.26,-8.84,-0.45,4.15
578.33,-8.84,-0.45,4.15
578.39,-8.84,-0.45,4.15
578.46,-8.84,-0.45,4.15
578.53,-8.84,-0.45,4.15
578.59,-8.84,-0.45,4.15
578.66,-8.84,-0.45,4.15
578.73,-8.84,-0.45,4.15
578.8,-8.84,-0.45,4.15
578.86,-8.84,-0.45,4.15
578.93,-8.84,-0.45,4.15
578.99,-8.84,-0.45,4.15
579.06,-8.84,-0.45,4.15
579.13,-8.84,-0.45,4.15
579.19,-8.84,-0.45,4.15
579.26,-8.84,-0.45,4.15
579.32,-8.84,-0.45,4.15
579.39,-8.84,-0.45,4.15
579.46,-8.84,-0.45,4.15
579.52,-8.84,-0.45,4.15
579.59,-8.84,-0.45,4.15
579.65,-8.84,-0.45,4.15
579.72,-8.84,-0.45,4.15
579.79,-8.84,-0.45,4.15
579.85,-8.84,-0.45,4.15
579.92,-8.84,-0.45,4.15
579.98,-8.84,-0.45,4.15
580.05,-8.84,-0.45,4.15
580.11,-8.84,-0.45,4.15
580.18,-8.84,-0.45,4.15
580.24,-8.84,-0.45,4.15
580.31,-8.84,-0.45,4.15
580.38,-8.84,-0.45,4.15
580.44,-8.84,-0.45,4.15
580.51,-8.84,-0.45,4.15
580.57,-8.84,-0.45,4.15
580.64,-8.84,-0.45,4.15
580.71,-8.84,-0.45,4.15
580.77,-8.84,-0.45,4.15
580.84,-8.84,-0.45,4.15
580.9,-8.84,-0.45,4.15
580.97,-8.84,-0.45,4.15
581.03,-8.84,-0.45,4.15
581.1,-8.84,-0.45,4.15
581.17,-8.84,-0.45,4.15
581.23,-8.84,-0.45,4.15
581.3,-8.84,-0.45,4.15
581.36,-8.84,-0.45,4.15
581.43,-8.84,-0.45,4.15
581.5,-8.84,-0.45,4.15
581.56,-8.84,-0.45,4.15
581.63,-8.84,-0.45,4.15
581.7,-8.84,-0.45,4.15
581.76,-8.84,-0.45,4.15
581.83,-8.84,-0.45,4.15
581.89,-8.84,-0.45,4.15
581.96,-8.84,-0.45,4.15
582.03,-8.84,-0.45,4.15
582.09,-8.84,-0.45,4.15
582.16,-8.84,-0.45,4.15
582.22,-8.84,-0.45,4.15
582.29,-8.84,-0.45,4.15
582.35,-8.84,-0.45,4.15
582.42,-8.84,-0.45,4.15
582.49,-8.84,-0.45,4.15
582.56,-8.84,-0.45,4.15
582.62,-8.84,-0.45,4.15
582.69,-8.84,-0.45,4.15
582.76,-8.84,-0.45,4.15
582.82,-8.84,-0.45,4.15
582.89,-8.84,-0.45,4.15
582.96,-8.84,-0.45,4.15
583.02,-8.84,-0.45,4.15
583.09,-8.84,-0.45,4.15
583.16,-8.84,-0.45,4.15
583.22,-8.84,-0.45,4.15
583.29,-8.84,-0.45,4.15
583.36,-8.84,-0.45,4.15
583.42,-8.84,-0.45,4.15
583.49,-8.84,-0.45,4.15
583.56,-8.84,-0.45,4.15
583.62,-8.84,-0.45,4.15
583.69,-8.84,-0.45,4.15
583.76,-8.84,-0.45,4.15
583.83,-8.84,-0.45,4.15
583.89,-8.84,-0.45,4.15
583.96,-8.84,-0.45,4.15
584.03,-8.84,-0.45,4.15
584.09,-8.84,-0.45,4.15
584.16,-8.84,-0.45,4.15
584.23,-8.84,-0.45,4.15
584.29,-8.84,-0.45,4.15
584.36,-8.84,-0.45,4.15
584.43,-8.84,-0.45,4.15
584.49,-8.84,-0.45,4.15
584.56,-8.84,-0.45,4.15
584.63,-8.84,-0.45,4.15
584.69,-8.84,-0.45,4.15
584.76,-8.84,-0.45,4.15
584.83,-8.84,-0.45,4.15
584.9,-8.84,-0.45,4.15
584.96,-8.84,-0.45,4.15
585.03,-8.84,-0.45,4.15
585.1,-8.84,-0.45,4.15
585.16,-8.84,-0.45,4.15
585.23,-8.84,-0.45,4.15
585.3,-8.84,-0.45,4.15
585.37,-8.84,-0.45,4.15
585.44,-8.84,-0.45,4.15
585.51,-8.84,-0.45,4.15
585.57,-8.84,-0.45,4.15
585.64,-8.84,-0.45,4.15
585.7,-8.84,-0.45,4.15
585.77,-8.84,-0.45,4.15
585.84,-8.84,-0.45,4.15
585.9,-8.84,-0.45,4.15
585.97,-8.84,-0.45,4.15
586.04,-8.84,-0.45,4.15
586.1,-8.84,-0.45,4.15
586.17,-8.84,-0.45,4.15
586.24,-8.84,-0.45,4.15
586.3,-8.84,-0.45,4.15
586.37,-8.84,-0.45,4.15
586.44,-8.84,-0.45,4.15
586.5,-8.84,-0.45,4.15
586.57,-8.84,-0.45,4.15
586.63,-8.84,-0.45,4.15
586.7,-8.84,-0.45,4.15
586.77,-8.84,-0.45,4.15
586.83,-8.84,-0.45,4.15
586.9,-8.84,-0.45,4.15
586.97,-8.84,-0.45,4.15
587.03,-8.84,-0.45,4.15
587.1,-8.84,-0.45,4.15
587.17,-8.84,-0.45,4.15
587.23,-8.84,-0.45,4.15
587.3,-8.84,-0.45,4.15
587.37,-8.84,-0.45,4.15
587.43,-8.84,-0.45,4.15
587.5,-8.84,-0.45,4.15
587.57,-8.84,-0.45,4.15
587.63,-8.84,-0.45,4.15
587.7,-8.84,-0.45,4.15
587.77,-8.84,-0.45,4.15
587.83,-8.84,-0.45,4.15
587.9,-8.84,-0.45,4.15
587.97,-8.84,-0.45,4.15
588.03,-8.84,-0.45,4.15
588.1,-8.84,-0.45,4.15
588.16,-8.84,-0.45,4.15
588.23,-8.84,-0.45,4.15
588.3,-8.84,-0.45,4.15
588.37,-8.84,-0.45,4.15
588.43,-8.84,-0.45,4.15
588.5,-8.84,-0.45,4.15
588.57,-8.84,-0.45,4.15
588.63,-8.84,-0.45,4.15
588.7,-8.84,-0.45,4.15
588.76,-8.84,-0.45,4.15
588.83,-8.84,-0.45,4.15
588.9,-8.84,-0.45,4.15
588.96,-8.84,-0.45,4.15
589.03,-8.84,-0.45,4.15
589.1,-8.84,-0.45,4.15
589.16,-8.84,-0.45,4.15
589.23,-8.84,-0.45,4.15
589.3,-8.84,-0.45,4.15
589.36,-8.84,-0.45,4.15
589.43,-8.84,-0.45,4.15
589.5,-8.84,-0.45,4.15
589.57,-8.84,-0.45,4.15
589.63,-8.84,-0.45,4.15
589.7,-8.84,-0.45,4.15
589.77,-8.84,-0.45,4.15
589.83,-8.84,-0.45,4.15
589.9,-8.84,-0.45,4.15
589.97,-8.84,-0.45,4.15
590.03,-8.84,-0.45,4.15
590.1,-8.84,-0.45,4.15
590.17,-8.84,-0.45,4.15
590.23,-8.84,-0.45,4.15
590.3,-8.84,-0.45,4.15
590.37,-8.84,-0.45,4.15
590.43,-8.84,-0.45,4.15
590.5,-8.84,-0.45,4.15
590.57,-8.84,-0.45,4.15
590.63,-8.84,-0.45,4.15
590.7,-8.84,-0.45,4.15
590.77,-8.84,-0.45,4.15
590.84,-8.84,-0.45,4.15
590.9,-8.84,-0.45,4.15
590.97,-8.84,-0.45,4.15
591.04,-8.84,-0.45,4.15
591.1,-8.84,-0.45,4.15
591.17,-8.84,-0.45,4.15
591.24,-8.84,-0.45,4.15
591.31,-8.84,-0.45,4.15
591.37,-8.84,-0.45,4.15
591.44,-8.84,-0.45,4.15
591.51,-8.84,-0.45,4.15
591.57,-8.84,-0.45,4.15
591.64,-8.84,-0.45,4.15
591.71,-8.84,-0.45,4.15
591.77,-8.84,-0.45,4.15
591.84,-8.84,-0.45,4.15
591.91,-8.84,-0.45,4.15
591.98,-8.84,-0.45,4.15
592.05,-8.84,-0.45,4.15
592.12,-8.84,-0.45,4.15
592.18,-8.84,-0.45,4.15
592.25,-8.84,-0.45,4.15
592.32,-8.84,-0.45,4.15
592.38,-8.84,-0.45,4.15
592.45,-8.84,-0.45,4.15
592.52,-8.84,-0.45,4.15
592.58,-8.84,-0.45,4.15
592.65,-8.84,-0.45,4.15
592.71,-8.84,-0.45,4.15
592.78,-8.84,-0.45,4.15
592.85,-8.84,-0.45,4.15
592.91,-8.84,-0.45,4.15
592.98,-8.84,-0.45,4.15
593.05,-8.84,-0.45,4.15
593.11,-8.84,-0.45,4.15
593.18,-8.84,-0.45,4.15
593.25,-8.84,-0.45,4.15
593.31,-8.84,-0.45,4.15
593.38,-8.84,-0.45,4.15
593.44,-8.84,-0.45,4.15
593.51,-8.84,-0.45,4.15
593.58,-8.84,-0.45,4.15
593.64,-8.84,-0.45,4.15
593.71,-8.84,-0.45,4.15
593.78,-8.84,-0.45,4.15
593.84,-8.84,-0.45,4.15
593.91,-8.84,-0.45,4.15
593.98,-8.84,-0.45,4.15
594.04,-8.84,-0.45,4.15
594.11,-8.84,-0.45,4.15
594.18,-8.84,-0.45,4.15
594.24,-8.84,-0.45,4.15
594.31,-8.84,-0.45,4.15
594.38,-8.84,-0.45,4.15
594.44,-8.84,-0.45,4.15
594.51,-8.84,-0.45,4.15
594.58,-8.84,-0.45,4.15
594.64,-8.84,-0.45,4.15
594.71,-8.84,-0.45,4.15
594.77,-8.84,-0.45,4.15
594.84,-8.84,-0.45,4.15
594.91,-8.84,-0.45,4.15
594.97,-8.84,-0.45,4.15
595.04,-8.84,-0.45,4.15
595.11,-8.84,-0.45,4.15
595.17,-8.84,-0.45,4.15
595.24,-8.84,-0.45,4.15
595.31,-8.84,-0.45,4.15
595.37,-8.84,-0.45,4.15
595.44,-8.84,-0.45,4.15
595.51,-8.84,-0.45,4.15
595.57,-8.84,-0.45,4.15
595.64,-8.84,-0.45,4.15
595.71,-8.84,-0.45,4.15
595.77,-8.84,-0.45,4.15
595.84,-8.84,-0.45,4.15
595.91,-8.84,-0.45,4.15
595.97,-8.84,-0.45,4.15
596.04,-8.84,-0.45,4.15
596.11,-8.84,-0.45,4.15
596.17,-8.84,-0.45,4.15
596.24,-8.84,-0.45,4.15
596.31,-8.84,-0.45,4.15
596.37,-8.84,-0.45,4.15
596.44,-8.84,-0.45,4.15
596.51,-8.84,-0.45,4.15
596.57,-8.84,-0.45,4.15
596.64,-8.84,-0.45,4.15
596.71,-8.84,-0.45,4.15
596.77,-8.84,-0.45,4.15
596.84,-8.84,-0.45,4.15
596.91,-8.84,-0.45,4.15
596.97,-8.84,-0.45,4.15
597.04,-8.84,-0.45,4.15
597.11,-8.84,-0.45,4.15
597.17,-8.84,-0.45,4.15
597.24,-8.84,-0.45,4.15
597.31,-8.84,-0.45,4.15
597.37,-8.84,-0.45,4.15
597.44,-8.84,-0.45,4.15
597.51,-8.84,-0.45,4.15
597.57,-8.84,-0.45,4.15
597.64,-8.84,-0.45,4.15
597.71,-8.84,-0.45,4.15
597.78,-8.84,-0.45,4.15
597.84,-8.84,-0.45,4.15
597.91,-8.84,-0.45,4.15
597.98,-8.84,-0.45,4.15
598.04,-8.84,-0.45,4.15
598.11,-8.84,-0.45,4.15
598.18,-8.84,-0.45,4.15
598.24,-8.84,-0.45,4.15
598.31,-8.84,-0.45,4.15
598.38,-8.84,-0.45,4.15
598.46,-8.84,-0.45,4.15
598.52,-8.84,-0.45,4.15
598.59,-8.84,-0.45,4.15
598.65,-8.84,-0.45,4.15
598.72,-8.84,-0.45,4.15
598.79,-8.84,-0.45,4.15
598.85,-8.84,-0.45,4.15
598.92,-8.84,-0.45,4.15
598.99,-8.84,-0.45,4.15
599.05,-8.84,-0.45,4.15
599.12,-8.84,-0.45,4.15
599.19,-8.84,-0.45,4.15
599.25,-8.84,-0.45,4.15
599.32,-8.84,-0.45,4.15
599.38,-8.84,-0.45,4.15
599.45,-8.84,-0.45,4.15
599.52,-8.84,-0.45,4.15
599.58,-8.84,-0.45,4.15
599.65,-8.84,-0.45,4.15
599.71,-8.84,-0.45,4.15
599.78,-8.84,-0.45,4.15
599.85,-8.84,-0.45,4.15
599.92,-8.84,-0.45,4.15
599.99,-8.84,-0.45,4.15
600.06,-8.84,-0.45,4.15
600.12,-8.84,-0.45,4.15
600.19,-8.84,-0.45,4.15
600.25,-8.84,-0.45,4.15
600.32,-8.84,-0.45,4.15
600.39,-8.84,-0.45,4.15
600.45,-8.84,-0.45,4.15
600.52,-8.84,-0.45,4.15
600.58,-8.84,-0.45,4.15
600.65,-8.84,-0.45,4.15
600.72,-8.84,-0.45,4.15
600.78,-8.84,-0.45,4.15
600.85,-8.84,-0.45,4.15
600.92,-8.84,-0.45,4.15
600.98,-8.84,-0.45,4.15
601.05,-8.84,-0.45,4.15
601.12,-8.84,-0.45,4.15
601.18,-8.84,-0.45,4.15
601.25,-8.84,-0.45,4.15
601.32,-8.84,-0.45,4.15
601.38,-8.84,-0.45,4.15
601.45,-8.84,-0.45,4.15
601.51,-8.84,-0.45,4.15
601.58,-8.84,-0.45,4.15
601.65,-8.84,-0.45,4.15
601.71,-8.84,-0.45,4.15
601.78,-8.84,-0.45,4.15
601.85,-8.84,-0.45,4.15
601.91,-8.84,-0.45,4.15
601.98,-8.84,-0.45,4.15
602.05,-8.84,-0.45,4.15
602.11,-8.84,-0.45,4.15
602.18,-8.84,-0.45,4.15
602.25,-8.84,-0.45,4.15
602.31,-8.84,-0.45,4.15
602.38,-8.84,-0.45,4.15
602.45,-8.84,-0.45,4.15
602.51,-8.84,-0.45,4.15
602.58,-8.84,-0.45,4.15
602.65,-8.84,-0.45,4.15
602.71,-8.84,-0.45,4.15
602.78,-8.84,-0.45,4.15
602.85,-8.84,-0.45,4.15
602.91,-8.84,-0.45,4.15
602.98,-8.84,-0.45,4.15
603.05,-8.84,-0.45,4.15
603.11,-8.84,-0.45,4.15
603.18,-8.84,-0.45,4.15
603.25,-8.84,-0.45,4.15
603.31,-8.84,-0.45,4.15
603.38,-8.84,-0.45,4.15
603.45,-8.84,-0.45,4.15
603.51,-8.84,-0.45,4.15
603.58,-8.84,-0.45,4.15
603.65,-8.84,-0.45,4.15
603.71,-8.84,-0.45,4.15
603.78,-8.84,-0.45,4.15
603.85,-8.84,-0.45,4.15
603.91,-8.84,-0.45,4.15
603.98,-8.84,-0.45,4.15
604.05,-8.84,-0.45,4.15
604.11,-8.84,-0.45,4.15
604.18,-8.84,-0.45,4.15
604.25,-8.84,-0.45,4.15
604.31,-8.84,-0.45,4.15
604.38,-8.84,-0.45,4.15
604.45,-8.84,-0.45,4.15
604.51,-8.84,-0.45,4.15
604.58,-8.84,-0.45,4.15
604.65,-8.84,-0.45,4.15
604.72,-8.84,-0.45,4.15
604.78,-8.84,-0.45,4.15
604.85,-8.84,-0.45,4.15
604.92,-8.84,-0.45,4.15
604.98,-8.84,-0.45,4.15
605.05,-8.84,-0.45,4.15
605.12,-8.84,-0.45,4.15
605.18,-8.84,-0.45,4.15
605.25,-8.84,-0.45,4.15
605.32,-8.84,-0.45,4.15
605.38,-8.84,-0.45,4.15
605.45,-8.84,-0.45,4.15
605.52,-8.84,-0.45,4.15
605.58,-8.84,-0.45,4.15
605.65,-8.84,-0.45,4.15
605.72,-8.84,-0.45,4.15
605.79,-8.84,-0.45,4.15
605.85,-8.84,-0.45,4.15
605.92,-8.84,-0.45,4.15
605.99,-8.84,-0.45,4.15
606.05,-8.84,-0.45,4.15
606.12,-8.84,-0.45,4.15
606.19,-8.84,-0.45,4.15
606.26,-8.84,-0.45,4.15
606.32,-8.84,-0.45,4.15
606.39,-8.84,-0.45,4.15
606.46,-8.84,-0.45,4.15
606.53,-8.84,-0.45,4.15
606.6,-8.84,-0.45,4.15
606.66,-8.84,-0.45,4.15
606.73,-8.84,-0.45,4.15
606.8,-8.84,-0.45,4.15
606.86,-8.84,-0.45,4.15
606.93,-8.84,-0.45,4.15
607.0,-8.84,-0.45,4.15
607.06,-8.84,-0.45,4.15
607.13,-8.84,-0.45,4.15
607.19,-8.84,-0.45,4.15
607.26,-8.84,-0.45,4.15
607.33,-8.84,-0.45,4.15
607.39,-8.84,-0.45,4.15
607.46,-8.84,-0.45,4.15
607.53,-8.84,-0.45,4.15
607.59,-8.84,-0.45,4.15
607.66,-8.84,-0.45,4.15
607.73,-8.84,-0.45,4.15
607.79,-8.84,-0.45,4.15
607.86,-8.84,-0.45,4.15
607.93,-8.84,-0.45,4.15
607.99,-8.84,-0.45,4.15
608.06,-8.84,-0.45,4.15
608.13,-8.84,-0.45,4.15
608.19,-8.84,-0.45,4.15
608.26,-8.84,-0.45,4.15
608.32,-8.84,-0.45,4.15
608.39,-8.84,-0.45,4.15
608.46,-8.84,-0.45,4.15
608.52,-8.84,-0.45,4.15
608.59,-8.84,-0.45,4.15
608.66,-8.84,-0.45,4.15
608.72,-8.84,-0.45,4.15
608.79,-8.84,-0.45,4.15
608.86,-8.84,-0.45,4.15
608.92,-8.84,-0.45,4.15
608.99,-8.84,-0.45,4.15
609.06,-8.84,-0.45,4.15
609.12,-8.84,-0.45,4.15
609.19,-8.84,-0.45,4.15
609.25,-8.84,-0.45,4.15
609.32,-8.84,-0.45,4.15
609.39,-8.84,-0.45,4.15
609.45,-8.84,-0.45,4.15
609.52,-8.84,-0.45,4.15
609.59,-8.84,-0.45,4.15
609.66,-8.84,-0.45,4.15
609.72,-8.84,-0.45,4.15
609.79,-8.84,-0.45,4.15
609.86,-8.84,-0.45,4.15
609.92,-8.84,-0.45,4.15
609.99,-8.84,-0.45,4.15
610.06,-8.84,-0.45,4.15
610.12,-8.84,-0.45,4.15
610.19,-8.84,-0.45,4.15
610.26,-8.84,-0.45,4.15
610.32,-8.84,-0.45,4.15
610.39,-8.84,-0.45,4.15
610.46,-8.84,-0.45,4.15
610.52,-8.84,-0.45,4.15
610.59,-8.84,-0.45,4.15
610.66,-8.84,-0.45,4.15
610.72,-8.84,-0.45,4.15
610.79,-8.84,-0.45,4.15
610.86,-8.84,-0.45,4.15
610.92,-8.84,-0.45,4.15
610.99,-8.84,-0.45,4.15
611.06,-8.84,-0.45,4.15
611.12,-8.84,-0.45,4.15
611.19,-8.84,-0.45,4.15
611.26,-8.84,-0.45,4.15
611.32,-8.84,-0.45,4.15
611.39,-8.84,-0.45,4.15
611.46,-8.84,-0.45,4.15
611.53,-8.84,-0.45,4.15
611.59,-8.84,-0.45,4.15
611.66,-8.84,-0.45,4.15
611.73,-8.84,-0.45,4.15
611.79,-8.84,-0.45,4.15
611.86,-8.84,-0.45,4.15
611.93,-8.84,-0.45,4.15
611.99,-8.84,-0.45,4.15
612.06,-8.84,-0.45,4.15
612.13,-8.84,-0.45,4.15
612.19,-8.84,-0.45,4.15
612.26,-8.84,-0.45,4.15
612.33,-8.84,-0.45,4.15
612.4,-8.84,-0.45,4.15
612.46,-8.84,-0.45,4.15
612.53,-8.84,-0.45,4.15
612.6,-8.84,-0.45,4.15
612.66,-8.84,-0.45,4.15
612.73,-8.84,-0.45,4.15
612.8,-8.84,-0.45,4.15
612.87,-8.84,-0.45,4.15
612.93,-8.84,-0.45,4.15
613.0,-8.84,-0.45,4.15
613.07,-8.84,-0.45,4.15
613.13,-8.84,-0.45,4.15
613.2,-8.84,-0.45,4.15
613.27,-8.84,-0.45,4.15
613.34,-8.84,-0.45,4.15
613.41,-8.84,-0.45,4.15
613.47,-8.84,-0.45,4.15
613.54,-8.84,-0.45,4.15
613.61,-8.84,-0.45,4.15
613.67,-8.84,-0.45,4.15
613.74,-8.84,-0.45,4.15
613.81,-8.84,-0.45,4.15
613.87,-8.84,-0.45,4.15
613.94,-8.84,-0.45,4.15
614.01,-8.84,-0.45,4.15
614.07,-8.84,-0.45,4.15
614.14,-8.84,-0.45,4.15
614.21,-8.84,-0.45,4.15
614.27,-8.84,-0.45,4.15
614.34,-8.84,-0.45,4.15
614.41,-8.84,-0.45,4.15
614.47,-8.84,-0.45,4.15
614.54,-8.84,-0.45,4.15
614.6,-8.84,-0.45,4.15
614.67,-8.84,-0.45,4.15
614.74,-8.84,-0.45,4.15
614.8,-8.84,-0.45,4.15
614.87,-8.84,-0.45,4.15
614.94,-8.84,-0.45,4.15
615.0,-8.84,-0.45,4.15
615.07,-8.84,-0.45,4.15
615.14,-8.84,-0.45,4.15
615.2,-8.84,-0.45,4.15
615.27,-8.84,-0.45,4.15
615.34,-8.84,-0.45,4.15
615.4,-8.84,-0.45,4.15
615.47,-8.84,-0.45,4.15
615.54,-8.84,-0.45,4.15
615.6,-8.84,-0.45,4.15
615.67,-8.84,-0.45,4.15
615.73,-8.84,-0.45,4.15
615.8,-8.84,-0.45,4.15
615.87,-8.84,-0.45,4.15
615.93,-8.84,-0.45,4.15
616.0,-8.84,-0.45,4.15
616.07,-8.84,-0.45,4.15
616.13,-8.84,-0.45,4.15
616.2,-8.84,-0.45,4.15
616.27,-8.84,-0.45,4.15
616.34,-8.84,-0.45,4.15
616.4,-8.84,-0.45,4.15
616.47,-8.84,-0.45,4.15
616.53,-8.84,-0.45,4.15
616.6,-8.84,-0.45,4.15
616.67,-8.84,-0.45,4.15
616.73,-8.84,-0.45,4.15
616.8,-8.84,-0.45,4.15
616.87,-8.84,-0.45,4.15
616.93,-8.84,-0.45,4.15
617.0,-8.84,-0.45,4.15
617.07,-8.84,-0.45,4.15
617.13,-8.84,-0.45,4.15
617.2,-8.84,-0.45,4.15
617.27,-8.84,-0.45,4.15
617.34,-8.84,-0.45,4.15
617.4,-8.84,-0.45,4.15
617.47,-8.84,-0.45,4.15
617.54,-8.84,-0.45,4.15
617.6,-8.84,-0.45,4.15
617.67,-8.84,-0.45,4.15
617.74,-8.84,-0.45,4.15
617.8,-8.84,-0.45,4.15
617.87,-8.84,-0.45,4.15
617.94,-8.84,-0.45,4.15
618.0,-8.84,-0.45,4.15
618.07,-8.84,-0.45,4.15
618.14,-8.84,-0.45,4.15
618.21,-8.84,-0.45,4.15
618.27,-8.84,-0.45,4.15
618.34,-8.84,-0.45,4.15
618.41,-8.84,-0.45,4.15
618.47,-8.84,-0.45,4.15
618.54,-8.84,-0.45,4.15
618.61,-8.84,-0.45,4.15
618.68,-8.84,-0.45,4.15
618.74,-8.84,-0.45,4.15
618.81,-8.84,-0.45,4.15
618.88,-8.84,-0.45,4.15
618.94,-8.84,-0.45,4.15
619.01,-8.84,-0.45,4.15
619.08,-8.84,-0.45,4.15
619.15,-8.84,-0.45,4.15
619.21,-8.84,-0.45,4.15
619.28,-8.84,-0.45,4.15
619.35,-8.84,-0.45,4.15
619.42,-8.84,-0.45,4.15
619.48,-8.84,-0.45,4.15
619.55,-8.84,-0.45,4.15
619.62,-8.84,-0.45,4.15
619.68,-8.84,-0.45,4.15
619.75,-8.84,-0.45,4.15
619.82,-8.84,-0.45,4.15
619.88,-8.84,-0.45,4.15
619.95,-8.84,-0.45,4.15
620.02,-8.84,-0.45,4.15
620.09,-8.84,-0.45,4.15
620.16,-8.84,-0.45,4.15
620.22,-8.84,-0.45,4.15
620.29,-8.84,-0.45,4.15
620.36,-8.84,-0.45,4.15
620.42,-8.84,-0.45,4.15
620.49,-8.84,-0.45,4.15
620.56,-8.84,-0.45,4.15
620.62,-8.84,-0.45,4.15
620.69,-8.84,-0.45,4.15
620.76,-8.84,-0.45,4.15
620.82,-8.84,-0.45,4.15
620.89,-8.84,-0.45,4.15
620.95,-8.84,-0.45,4.15
621.02,-8.84,-0.45,4.15
621.09,-8.84,-0.45,4.15
621.15,-8.84,-0.45,4.15
621.22,-8.84,-0.45,4.15
621.29,-8.84,-0.45,4.15
621.35,-8.84,-0.45,4.15
621.42,-8.84,-0.45,4.15
621.49,-8.84,-0.45,4.15
621.55,-8.84,-0.45,4.15
621.62,-8.84,-0.45,4.15
621.68,-8.84,-0.45,4.15
621.75,-8.84,-0.45,4.15
621.82,-8.84,-0.45,4.15
621.88,-8.84,-0.45,4.15
621.95,-8.84,-0.45,4.15
622.02,-8.84,-0.45,4.15
622.09,-8.84,-0.45,4.15
622.15,-8.84,-0.45,4.15
622.22,-8.84,-0.45,4.15
622.29,-8.84,-0.45,4.15
622.35,-8.84,-0.45,4.15
622.42,-8.84,-0.45,4.15
622.48,-8.84,-0.45,4.15
622.55,-8.84,-0.45,4.15
622.62,-8.84,-0.45,4.15
622.68,-8.84,-0.45,4.15
622.75,-8.84,-0.45,4.15
622.82,-8.84,-0.45,4.15
622.88,-8.84,-0.45,4.15
622.95,-8.84,-0.45,4.15
623.02,-8.84,-0.45,4.15
623.08,-8.84,-0.45,4.15
623.15,-8.84,-0.45,4.15
623.22,-8.84,-0.45,4.15
623.28,-8.84,-0.45,4.15
623.35,-8.84,-0.45,4.15
623.42,-8.84,-0.45,4.15
623.48,-8.84,-0.45,4.15
623.55,-8.84,-0.45,4.15
623.62,-8.84,-0.45,4.15
623.68,-8.84,-0.45,4.15
623.75,-8.84,-0.45,4.15
623.82,-8.84,-0.45,4.15
623.89,-8.84,-0.45,4.15
623.95,-8.84,-0.45,4.15
624.02,-8.84,-0.45,4.15
624.09,-8.84,-0.45,4.15
624.15,-8.84,-0.45,4.15
624.22,-8.84,-0.45,4.15
624.29,-8.84,-0.45,4.15
624.35,-8.84,-0.45,4.15
624.42,-8.84,-0.45,4.15
624.49,-8.84,-0.45,4.15
624.56,-8.84,-0.45,4.15
624.62,-8.84,-0.45,4.15
624.69,-8.84,-0.45,4.15
624.76,-8.84,-0.45,4.15
624.82,-8.84,-0.45,4.15
624.89,-8.84,-0.45,4.15
624.96,-8.84,-0.45,4.15
625.02,-8.84,-0.45,4.15
625.09,-8.84,-0.45,4.15
625.16,-8.84,-0.45,4.15
625.23,-8.84,-0.45,4.15
625.29,-8.84,-0.45,4.15
625.36,-8.84,-0.45,4.15
625.43,-8.84,-0.45,4.15
625.49,-8.84,-0.45,4.15
625.56,-8.84,-0.45,4.15
625.63,-8.84,-0.45,4.15
625.7,-8.84,-0.45,4.15
625.76,-8.84,-0.45,4.15
625.83,-8.84,-0.45,4.15
625.9,-8.84,-0.45,4.15
625.96,-8.84,-0.45,4.15
626.03,-8.84,-0.45,4.15
626.1,-8.84,-0.45,4.15
626.17,-8.84,-0.45,4.15
626.23,-8.84,-0.45,4.15
626.3,-8.84,-0.45,4.15
626.37,-8.84,-0.45,4.15
626.43,-8.84,-0.45,4.15
626.5,-8.84,-0.45,4.15
626.57,-8.84,-0.45,4.15
626.64,-8.84,-0.45,4.15
626.71,-8.84,-0.45,4.15
626.77,-8.84,-0.45,4.15
626.84,-8.84,-0.45,4.15
626.91,-8.84,-0.45,4.15
626.97,-8.84,-0.45,4.15
627.04,-8.84,-0.45,4.15
627.11,-8.84,-0.45,4.15
627.17,-8.84,-0.45,4.15
627.24,-8.84,-0.45,4.15
627.31,-8.84,-0.45,4.15
627.37,-8.84,-0.45,4.15
627.44,-8.84,-0.45,4.15
627.51,-8.84,-0.45,4.15
627.57,-8.84,-0.45,4.15
627.64,-8.84,-0.45,4.15
627.7,-8.84,-0.45,4.15
627.77,-8.84,-0.45,4.15
627.84,-8.84,-0.45,4.15
627.9,-8.84,-0.45,4.15
627.97,-8.84,-0.45,4.15
628.04,-8.84,-0.45,4.15
628.1,-8.84,-0.45,4.15
628.17,-8.84,-0.45,4.15
628.24,-8.84,-0.45,4.15
628.3,-8.84,-0.45,4.15
628.37,-8.84,-0.45,4.15
628.44,-8.84,-0.45,4.15
628.5,-8.84,-0.45,4.15
628.57,-8.84,-0.45,4.15
628.63,-8.84,-0.45,4.15
628.7,-8.84,-0.45,4.15
628.77,-8.84,-0.45,4.15
628.84,-8.84,-0.45,4.15
628.9,-8.84,-0.45,4.15
628.97,-8.84,-0.45,4.15
629.04,-8.84,-0.45,4.15
629.1,-8.84,-0.45,4.15
629.17,-8.84,-0.45,4.15
629.24,-8.84,-0.45,4.15
629.3,-8.84,-0.45,4.15
629.37,-8.84,-0.45,4.15
629.44,-8.84,-0.45,4.15
629.5,-8.84,-0.45,4.15
629.57,-8.84,-0.45,4.15
629.64,-8.84,-0.45,4.15
629.7,-8.84,-0.45,4.15
629.77,-8.84,-0.45,4.15
629.84,-8.84,-0.45,4.15
629.9,-8.84,-0.45,4.15
629.97,-8.84,-0.45,4.15
630.04,-8.84,-0.45,4.15
630.1,-8.84,-0.45,4.15
630.17,-8.84,-0.45,4.15
630.24,-8.84,-0.45,4.15
630.3,-8.84,-0.45,4.15
630.37,-8.84,-0.45,4.15
630.44,-8.84,-0.45,4.15
630.5,-8.84,-0.45,4.15
630.57,-8.84,-0.45,4.15
630.64,-8.84,-0.45,4.15
630.71,-8.84,-0.45,4.15
630.77,-8.84,-0.45,4.15
630.84,-8.84,-0.45,4.15
630.91,-8.84,-0.45,4.15
630.97,-8.84,-0.45,4.15
631.04,-8.84,-0.45,4.15
631.11,-8.84,-0.45,4.15
631.17,-8.84,-0.45,4.15
631.24,-8.84,-0.45,4.15
631.31,-8.84,-0.45,4.15
631.37,-8.84,-0.45,4.15
631.44,-8.84,-0.45,4.15
631.51,-8.84,-0.45,4.15
631.58,-8.84,-0.45,4.15
631.64,-8.84,-0.45,4.15
631.71,-8.84,-0.45,4.15
631.78,-8.84,-0.45,4.15
631.84,-8.84,-0.45,4.15
631.91,-8.84,-0.45,4.15
631.98,-8.84,-0.45,4.15
632.05,-8.84,-0.45,4.15
632.11,-8.84,-0.45,4.15
632.18,-8.84,-0.45,4.15
632.25,-8.84,-0.45,4.15
632.31,-8.84,-0.45,4.15
632.38,-8.84,-0.45,4.15
632.45,-8.84,-0.45,4.15
632.51,-8.84,-0.45,4.15
632.58,-8.84,-0.45,4.15
632.65,-8.84,-0.45,4.15
632.72,-8.84,-0.45,4.15
632.78,-8.84,-0.45,4.15
632.85,-8.84,-0.45,4.15
632.92,-8.84,-0.45,4.15
632.99,-8.84,-0.45,4.15
633.05,-8.84,-0.45,4.15
633.13,-8.84,-0.45,4.15
633.19,-8.84,-0.45,4.15
633.26,-8.84,-0.45,4.15
633.33,-8.84,-0.45,4.15
633.39,-8.84,-0.45,4.15
633.46,-8.84,-0.45,4.15
633.53,-8.84,-0.45,4.15
633.59,-8.84,-0.45,4.15
633.66,-8.84,-0.45,4.15
633.73,-8.84,-0.45,4.15
633.79,-8.84,-0.45,4.15
633.86,-8.84,-0.45,4.15
633.93,-8.84,-0.45,4.15
633.99,-8.84,-0.45,4.15
634.06,-8.84,-0.45,4.15
634.13,-8.84,-0.45,4.15
634.19,-8.84,-0.45,4.15
634.26,-8.84,-0.45,4.15
634.32,-8.84,-0.45,4.15
634.39,-8.84,-0.45,4.15
634.46,-8.84,-0.45,4.15
634.52,-8.84,-0.45,4.15
634.59,-8.84,-0.45,4.15
634.66,-8.84,-0.45,4.15
634.72,-8.84,-0.45,4.15
634.79,-8.84,-0.45,4.15
634.86,-8.84,-0.45,4.15
634.92,-8.84,-0.45,4.15
634.99,-8.84,-0.45,4.15
635.05,-8.84,-0.45,4.15
635.12,-8.84,-0.45,4.15
635.19,-8.84,-0.45,4.15
635.25,-8.84,-0.45,4.15
635.32,-8.84,-0.45,4.15
635.39,-8.84,-0.45,4.15
635.45,-8.84,-0.45,4.15
635.52,-8.84,-0.45,4.15
635.59,-8.84,-0.45,4.15
635.65,-8.84,-0.45,4.15
635.72,-8.84,-0.45,4.15
635.79,-8.84,-0.45,4.15
635.85,-8.84,-0.45,4.15
635.92,-8.84,-0.45,4.15
635.99,-8.84,-0.45,4.15
636.05,-8.84,-0.45,4.15
636.12,-8.84,-0.45,4.15
636.19,-8.84,-0.45,4.15
636.25,-8.84,-0.45,4.15
636.32,-8.84,-0.45,4.15
636.39,-8.84,-0.45,4.15
636.45,-8.84,-0.45,4.15
636.52,-8.84,-0.45,4.15
636.59,-8.84,-0.45,4.15
636.65,-8.84,-0.45,4.15
636.72,-8.84,-0.45,4.15
636.79,-8.84,-0.45,4.15
636.85,-8.84,-0.45,4.15
636.92,-8.84,-0.45,4.15
636.99,-8.84,-0.45,4.15
637.05,-8.84,-0.45,4.15
637.12,-8.84,-0.45,4.15
637.19,-8.84,-0.45,4.15
637.25,-8.84,-0.45,4.15
637.32,-8.84,-0.45,4.15
637.39,-8.84,-0.45,4.15
637.46,-8.84,-0.45,4.15
637.52,-8.84,-0.45,4.15
637.59,-8.84,-0.45,4.15
637.66,-8.84,-0.45,4.15
637.72,-8.84,-0.45,4.15
637.79,-8.84,-0.45,4.15
637.86,-8.84,-0.45,4.15
637.92,-8.84,-0.45,4.15
637.99,-8.84,-0.45,4.15
638.06,-8.84,-0.45,4.15
638.12,-8.84,-0.45,4.15
638.19,-8.84,-0.45,4.15
638.26,-8.84,-0.45,4.15
638.32,-8.84,-0.45,4.15
638.39,-8.84,-0.45,4.15
638.46,-8.84,-0.45,4.15
638.53,-8.84,-0.45,4.15
638.59,-8.84,-0.45,4.15
638.66,-8.84,-0.45,4.15
638.73,-8.84,-0.45,4.15
638.79,-8.84,-0.45,4.15
638.86,-8.84,-0.45,4.15
638.93,-8.84,-0.45,4.15
638.99,-8.84,-0.45,4.15
639.06,-8.84,-0.45,4.15
639.13,-8.84,-0.45,4.15
639.2,-8.84,-0.45,4.15
639.26,-8.84,-0.45,4.15
639.33,-8.84,-0.45,4.15
639.4,-8.84,-0.45,4.15
639.47,-8.84,-0.45,4.15
639.53,-8.84,-0.45,4.15
639.6,-8.84,-0.45,4.15
639.67,-8.84,-0.45,4.15
639.74,-8.84,-0.45,4.15
639.81,-8.84,-0.45,4.15
639.87,-8.84,-0.45,4.15
639.94,-8.84,-0.45,4.15
640.01,-8.84,-0.45,4.15
640.07,-8.84,-0.45,4.15
640.14,-8.84,-0.45,4.15
640.21,-8.84,-0.45,4.15
640.27,-8.84,-0.45,4.15
640.34,-8.84,-0.45,4.15
640.41,-8.84,-0.45,4.15
640.47,-8.84,-0.45,4.15
640.54,-8.84,-0.45,4.15
640.61,-8.84,-0.45,4.15
640.67,-8.84,-0.45,4.15
640.74,-8.84,-0.45,4.15
640.8,-8.84,-0.45,4.15
640.87,-8.84,-0.45,4.15
640.94,-8.84,-0.45,4.15
641.0,-8.84,-0.45,4.15
641.07,-8.84,-0.45,4.15
641.15,-8.84,-0.45,4.15
641.21,-8.84,-0.45,4.15
641.28,-8.84,-0.45,4.15
641.35,-8.84,-0.45,4.15
641.41,-8.84,-0.45,4.15
641.48,-8.84,-0.45,4.15
641.54,-8.84,-0.45,4.15
641.61,-8.84,-0.45,4.15
641.68,-8.84,-0.45,4.15
641.74,-8.84,-0.45,4.15
641.81,-8.84,-0.45,4.15
641.88,-8.84,-0.45,4.15
641.94,-8.84,-0.45,4.15
642.01,-8.84,-0.45,4.15
642.07,-8.84,-0.45,4.15
642.14,-8.84,-0.45,4.15
642.21,-8.84,-0.45,4.15
642.27,-8.84,-0.45,4.15
642.34,-8.84,-0.45,4.15
642.41,-8.84,-0.45,4.15
642.47,-8.84,-0.45,4.15
642.54,-8.84,-0.45,4.15
642.61,-8.84,-0.45,4.15
642.67,-8.84,-0.45,4.15
642.74,-8.84,-0.45,4.15
642.8,-8.84,-0.45,4.15
642.87,-8.84,-0.45,4.15
642.94,-8.84,-0.45,4.15
643.0,-8.84,-0.45,4.15
643.07,-8.84,-0.45,4.15
643.14,-8.84,-0.45,4.15
643.2,-8.84,-0.45,4.15
643.27,-8.84,-0.45,4.15
643.34,-8.84,-0.45,4.15
643.4,-8.84,-0.45,4.15
643.47,-8.84,-0.45,4.15
643.54,-8.84,-0.45,4.15
643.6,-8.84,-0.45,4.15
643.67,-8.84,-0.45,4.15
643.74,-8.84,-0.45,4.15
643.8,-8.84,-0.45,4.15
643.87,-8.84,-0.45,4.15
643.94,-8.84,-0.45,4.15
644.0,-8.84,-0.45,4.15
644.07,-8.84,-0.45,4.15
644.14,-8.84,-0.45,4.15
644.21,-8.84,-0.45,4.15
644.27,-8.84,-0.45,4.15
644.34,-8.84,-0.45,4.15
644.41,-8.84,-0.45,4.15
644.47,-8.84,-0.45,4.15
644.54,-8.84,-0.45,4.15
644.61,-8.84,-0.45,4.15
644.67,-8.84,-0.45,4.15
644.74,-8.84,-0.45,4.15
644.81,-8.84,-0.45,4.15
644.87,-8.84,-0.45,4.15
644.94,-8.84,-0.45,4.15
645.01,-8.84,-0.45,4.15
645.08,-8.84,-0.45,4.15
645.14,-8.84,-0.45,4.15
645.21,-8.84,-0.45,4.15
645.28,-8.84,-0.45,4.15
645.34,-8.84,-0.45,4.15
645.41,-8.84,-0.45,4.15
645.48,-8.84,-0.45,4.15
645.54,-8.84,-0.45,4.15
645.61,-8.84,-0.45,4.15
645.68,-8.84,-0.45,4.15
645.74,-8.84,-0.45,4.15
645.81,-8.84,-0.45,4.15
645.88,-8.84,-0.45,4.15
645.94,-8.84,-0.45,4.15
646.01,-8.84,-0.45,4.15
646.08,-8.84,-0.45,4.15
646.15,-8.84,-0.45,4.15
646.21,-8.84,-0.45,4.15
646.28,-8.84,-0.45,4.15
646.35,-8.84,-0.45,4.15
646.41,-8.84,-0.45,4.15
646.48,-8.84,-0.45,4.15
646.55,-8.84,-0.45,4.15
646.61,-8.84,-0.45,4.15
646.68,-8.84,-0.45,4.15
646.75,-8.84,-0.45,4.15
646.82,-8.84,-0.45,4.15
646.88,-8.84,-0.45,4.15
646.95,-8.84,-0.45,4.15
647.02,-8.84,-0.45,4.15
647.09,-8.84,-0.45,4.15
647.15,-8.84,-0.45,4.15
647.22,-8.84,-0.45,4.15
647.29,-8.84,-0.45,4.15
647.35,-8.84,-0.45,4.15
647.42,-8.84,-0.45,4.15
647.49,-8.84,-0.45,4.15
647.55,-8.84,-0.45,4.15
647.62,-8.84,-0.45,4.15
647.69,-8.84,-0.45,4.15
647.76,-8.84,-0.45,4.15
647.83,-8.84,-0.45,4.15
647.89,-8.84,-0.45,4.15
647.96,-8.84,-0.45,4.15
648.03,-8.84,-0.45,4.15
648.09,-8.84,-0.45,4.15
648.16,-8.84,-0.45,4.15
648.23,-8.84,-0.45,4.15
648.29,-8.84,-0.45,4.15
648.36,-8.84,-0.45,4.15
648.42,-8.84,-0.45,4.15
648.49,-8.84,-0.45,4.15
648.56,-8.84,-0.45,4.15
648.62,-8.84,-0.45,4.15
648.69,-8.84,-0.45,4.15
648.75,-8.84,-0.45,4.15
648.82,-8.84,-0.45,4.15
648.89,-8.84,-0.45,4.15
648.95,-8.84,-0.45,4.15
649.02,-8.84,-0.45,4.15
649.09,-8.84,-0.45,4.15
649.15,-8.84,-0.45,4.15
649.22,-8.84,-0.45,4.15
649.29,-8.84,-0.45,4.15
649.35,-8.84,-0.45,4.15
649.42,-8.84,-0.45,4.15
649.49,-8.84,-0.45,4.15
649.55,-8.84,-0.45,4.15
649.62,-8.84,-0.45,4.15
649.68,-8.84,-0.45,4.15
649.75,-8.84,-0.45,4.15
649.82,-8.84,-0.45,4.15
649.88,-8.84,-0.45,4.15
649.95,-8.84,-0.45,4.15
650.02,-8.84,-0.45,4.15
650.08,-8.84,-0.45,4.15
650.15,-8.84,-0.45,4.15
650.22,-8.84,-0.45,4.15
650.28,-8.84,-0.45,4.15
650.35,-8.84,-0.45,4.15
650.42,-8.84,-0.45,4.15
650.48,-8.84,-0.45,4.15
650.55,-8.84,-0.45,4.15
650.62,-8.84,-0.45,4.15
650.68,-8.84,-0.45,4.15
650.75,-8.84,-0.45,4.15
650.82,-8.84,-0.45,4.15
650.88,-8.84,-0.45,4.15
650.95,-8.84,-0.45,4.15
651.02,-8.84,-0.45,4.15
651.08,-8.84,-0.45,4.15
651.15,-8.84,-0.45,4.15
651.22,-8.84,-0.45,4.15
651.28,-8.84,-0.45,4.15
651.35,-8.84,-0.45,4.15
651.42,-8.84,-0.45,4.15
651.48,-8.84,-0.45,4.15
651.84,-8.84,-0.45,4.15
651.91,-8.84,-0.45,4.15
652.0,-8.84,-0.45,4.15
652.06,-8.84,-0.45,4.15
652.13,-8.84,-0.45,4.15
652.2,-8.84,-0.45,4.15
652.27,-8.84,-0.45,4.15
652.33,-8.84,-0.45,4.15
652.4,-8.84,-0.45,4.15
652.47,-8.84,-0.45,4.15
652.53,-8.84,-0.45,4.15
652.6,-8.84,-0.45,4.15
652.67,-8.84,-0.45,4.15
652.73,-8.84,-0.45,4.15
652.8,-8.84,-0.45,4.15
652.87,-8.84,-0.45,4.15
652.94,-8.84,-0.45,4.15
653.01,-8.84,-0.45,4.15
653.08,-8.84,-0.45,4.15
653.14,-8.84,-0.45,4.15
653.21,-8.84,-0.45,4.15
653.28,-8.84,-0.45,4.15
653.34,-8.84,-0.45,4.15
653.41,-8.84,-0.45,4.15
653.48,-8.84,-0.45,4.15
653.54,-8.84,-0.45,4.15
653.61,-8.84,-0.45,4.15
653.68,-8.84,-0.45,4.15
653.74,-8.84,-0.45,4.15
653.81,-8.84,-0.45,4.15
653.88,-8.84,-0.45,4.15
653.95,-8.84,-0.45,4.15
654.02,-8.84,-0.45,4.15
654.1,-8.84,-0.45,4.15
654.17,-8.84,-0.45,4.15
654.25,-8.84,-0.45,4.15
654.32,-8.84,-0.45,4.15
654.4,-8.84,-0.45,4.15
654.47,-8.84,-0.45,4.15
654.54,-8.84,-0.45,4.15
654.6,-8.84,-0.45,4.15
654.67,-8.84,-0.45,4.15
654.74,-8.84,-0.45,4.15
654.81,-8.84,-0.45,4.15
654.88,-8.84,-0.45,4.15
654.95,-8.84,-0.45,4.15
655.01,-8.84,-0.45,4.15
655.08,-8.84,-0.45,4.15
655.15,-8.84,-0.45,4.15
655.22,-8.84,-0.45,4.15
655.29,-8.84,-0.45,4.15
655.35,-8.84,-0.45,4.15
655.42,-8.84,-0.45,4.15
655.49,-8.84,-0.45,4.15
655.56,-8.84,-0.45,4.15
655.63,-8.84,-0.45,4.15
655.69,-8.84,-0.45,4.15
655.76,-8.84,-0.45,4.15
655.82,-8.84,-0.45,4.15
655.89,-8.84,-0.45,4.15
655.96,-8.84,-0.45,4.15
656.02,-8.84,-0.45,4.15
656.09,-8.84,-0.45,4.15
656.16,-8.84,-0.45,4.15
656.23,-8.84,-0.45,4.15
656.29,-8.84,-0.45,4.15
656.36,-8.84,-0.45,4.15
656.43,-8.84,-0.45,4.15
656.5,-8.84,-0.45,4.15
656.57,-8.84,-0.45,4.15
656.64,-8.84,-0.45,4.15
656.71,-8.84,-0.45,4.15
656.78,-8.84,-0.45,4.15
656.84,-8.84,-0.45,4.15
656.91,-8.84,-0.45,4.15
656.98,-8.84,-0.45,4.15
657.05,-8.84,-0.45,4.15
657.12,-8.84,-0.45,4.15
657.19,-8.84,-0.45,4.15
657.26,-8.84,-0.45,4.15
657.32,-8.84,-0.45,4.15
657.39,-8.84,-0.45,4.15
657.45,-8.84,-0.45,4.15
657.52,-8.84,-0.45,4.15
657.59,-8.84,-0.45,4.15
657.65,-8.84,-0.45,4.15
657.72,-8.84,-0.45,4.15
657.79,-8.84,-0.45,4.15
657.86,-8.84,-0.45,4.15
657.92,-8.84,-0.45,4.15
657.99,-8.84,-0.45,4.15
658.07,-8.84,-0.45,4.15
658.13,-8.84,-0.45,4.15
658.2,-8.84,-0.45,4.15
658.27,-8.84,-0.45,4.15
658.33,-8.84,-0.45,4.15
658.4,-8.84,-0.45,4.15
658.47,-8.84,-0.45,4.15
658.53,-8.84,-0.45,4.15
658.6,-8.84,-0.45,4.15
658.67,-8.84,-0.45,4.15
658.73,-8.84,-0.45,4.15
658.81,-8.84,-0.45,4.15
658.88,-8.84,-0.45,4.15
658.94,-8.84,-0.45,4.15
659.02,-8.84,-0.45,4.15
659.09,-8.84,-0.45,4.15
659.16,-8.84,-0.45,4.15
659.22,-8.84,-0.45,4.15
659.29,-8.84,-0.45,4.15
659.35,-8.84,-0.45,4.15
659.42,-8.84,-0.45,4.15
659.49,-8.84,-0.45,4.15
659.56,-8.84,-0.45,4.15
659.62,-8.84,-0.45,4.15
659.69,-8.84,-0.45,4.15
659.76,-8.84,-0.45,4.15
659.83,-8.84,-0.45,4.15
659.89,-8.84,-0.45,4.15
659.96,-8.84,-0.45,4.15
660.03,-8.84,-0.45,4.15
660.1,-8.84,-0.45,4.15
660.17,-8.84,-0.45,4.15
660.24,-8.84,-0.45,4.15
660.3,-8.84,-0.45,4.15
660.37,-8.84,-0.45,4.15
660.44,-8.84,-0.45,4.15
660.51,-8.84,-0.45,4.15
660.57,-8.84,-0.45,4.15
660.64,-8.84,-0.45,4.15
660.71,-8.84,-0.45,4.15
660.78,-8.84,-0.45,4.15
660.85,-8.84,-0.45,4.15
660.92,-8.84,-0.45,4.15
660.99,-8.84,-0.45,4.15
661.06,-8.84,-0.45,4.15
661.12,-8.84,-0.45,4.15
661.19,-8.84,-0.45,4.15
661.26,-8.84,-0.45,4.15
661.33,-8.84,-0.45,4.15
661.4,-8.84,-0.45,4.15
661.46,-8.84,-0.45,4.15
661.53,-8.84,-0.45,4.15
661.6,-8.84,-0.45,4.15
661.66,-8.84,-0.45,4.15
661.73,-8.84,-0.45,4.15
661.8,-8.84,-0.45,4.15
661.86,-8.84,-0.45,4.15
661.93,-8.84,-0.45,4.15
662.0,-8.84,-0.45,4.15
662.07,-8.84,-0.45,4.15
662.14,-8.84,-0.45,4.15
662.2,-8.84,-0.45,4.15
662.27,-8.84,-0.45,4.15
662.34,-8.84,-0.45,4.15
662.4,-8.84,-0.45,4.15
662.47,-8.84,-0.45,4.15
662.54,-8.84,-0.45,4.15
662.6,-8.84,-0.45,4.15
662.67,-8.84,-0.45,4.15
662.74,-8.84,-0.45,4.15
662.8,-8.84,-0.45,4.15
662.87,-8.84,-0.45,4.15
662.94,-8.84,-0.45,4.15
663.01,-8.84,-0.45,4.15
663.08,-8.84,-0.45,4.15
663.15,-8.84,-0.45,4.15
663.22,-8.84,-0.45,4.15
663.28,-8.84,-0.45,4.15
663.35,-8.84,-0.45,4.15
663.42,-8.84,-0.45,4.15
663.48,-8.84,-0.45,4.15
663.55,-8.84,-0.45,4.15
663.61,-8.84,-0.45,4.15
663.68,-8.84,-0.45,4.15
663.75,-8.84,-0.45,4.15
663.82,-8.84,-0.45,4.15
663.88,-8.84,-0.45,4.15
663.95,-8.84,-0.45,4.15
664.02,-8.84,-0.45,4.15
664.09,-8.84,-0.45,4.15
664.16,-8.84,-0.45,4.15
664.23,-8.84,-0.45,4.15
664.3,-8.84,-0.45,4.15
664.36,-8.84,-0.45,4.15
664.43,-8.84,-0.45,4.15
664.5,-8.84,-0.45,4.15
664.56,-8.84,-0.45,4.15
664.63,-8.84,-0.45,4.15
664.7,-8.84,-0.45,4.15
664.76,-8.84,-0.45,4.15
664.83,-8.84,-0.45,4.15
664.9,-8.84,-0.45,4.15
664.97,-8.84,-0.45,4.15
665.04,-8.84,-0.45,4.15
665.11,-8.84,-0.45,4.15
665.18,-8.84,-0.45,4.15
665.25,-8.84,-0.45,4.15
665.32,-8.84,-0.45,4.15
665.39,-8.84,-0.45,4.15
665.46,-8.84,-0.45,4.15
665.52,-8.84,-0.45,4.15
665.59,-8.84,-0.45,4.15
665.66,-8.84,-0.45,4.15
665.73,-8.84,-0.45,4.15
665.8,-8.84,-0.45,4.15
665.86,-8.84,-0.45,4.15
665.94,-8.84,-0.45,4.15
666.01,-8.84,-0.45,4.15
666.07,-8.84,-0.45,4.15
666.14,-8.84,-0.45,4.15
666.21,-8.84,-0.45,4.15
666.27,-8.84,-0.45,4.15
666.34,-8.84,-0.45,4.15
666.41,-8.84,-0.45,4.15
666.48,-8.84,-0.45,4.15
666.54,-8.84,-0.45,4.15
666.61,-8.84,-0.45,4.15
666.68,-8.84,-0.45,4.15
666.75,-8.84,-0.45,4.15
666.82,-8.84,-0.45,4.15
666.89,-8.84,-0.45,4.15
666.96,-8.84,-0.45,4.15
667.02,-8.84,-0.45,4.15
667.09,-8.84,-0.45,4.15
667.16,-8.84,-0.45,4.15
667.22,-8.84,-0.45,4.15
667.29,-8.84,-0.45,4.15
667.36,-8.84,-0.45,4.15
667.42,-8.84,-0.45,4.15
667.49,-8.84,-0.45,4.15
667.56,-8.84,-0.45,4.15
667.63,-8.84,-0.45,4.15
667.7,-8.84,-0.45,4.15
667.77,-8.84,-0.45,4.15
667.84,-8.84,-0.45,4.15
667.9,-8.84,-0.45,4.15
667.98,-8.84,-0.45,4.15
668.05,-8.84,-0.45,4.15
668.12,-8.84,-0.45,4.15
668.18,-8.84,-0.45,4.15
668.25,-8.84,-0.45,4.15
668.33,-8.84,-0.45,4.15
668.39,-8.84,-0.45,4.15
668.46,-8.84,-0.45,4.15
668.53,-8.84,-0.45,4.15
668.6,-8.84,-0.45,4.15
668.66,-8.84,-0.45,4.15
668.73,-8.84,-0.45,4.15
668.8,-8.84,-0.45,4.15
668.87,-8.84,-0.45,4.15
668.93,-8.84,-0.45,4.15
669.0,-8.84,-0.45,4.15
669.07,-8.84,-0.45,4.15
669.14,-8.84,-0.45,4.15
669.21,-8.84,-0.45,4.15
669.27,-8.84,-0.45,4.15
669.34,-8.84,-0.45,4.15
669.41,-8.84,-0.45,4.15
669.47,-8.84,-0.45,4.15
669.54,-8.84,-0.45,4.15
669.61,-8.84,-0.45,4.15
669.67,-8.84,-0.45,4.15
669.74,-8.84,-0.45,4.15
669.81,-8.84,-0.45,4.15
669.88,-8.84,-0.45,4.15
669.95,-8.84,-0.45,4.15
670.02,-8.84,-0.45,4.15
670.09,-8.84,-0.45,4.15
670.16,-8.84,-0.45,4.15
670.22,-8.84,-0.45,4.15
670.29,-8.84,-0.45,4.15
670.36,-8.84,-0.45,4.15
670.42,-8.84,-0.45,4.15
670.49,-8.84,-0.45,4.15
670.56,-8.84,-0.45,4.15
670.62,-8.84,-0.45,4.15
670.69,-8.84,-0.45,4.15
670.77,-8.84,-0.45,4.15
670.84,-8.84,-0.45,4.15
670.9,-8.84,-0.45,4.15
670.97,-8.84,-0.45,4.15
671.04,-8.84,-0.45,4.15
671.11,-8.84,-0.45,4.15
671.17,-8.84,-0.45,4.15
671.24,-8.84,-0.45,4.15
671.31,-8.84,-0.45,4.15
671.37,-8.84,-0.45,4.15
671.44,-8.84,-0.45,4.15
671.51,-8.84,-0.45,4.15
671.57,-8.84,-0.45,4.15
671.64,-8.84,-0.45,4.15
671.71,-8.84,-0.45,4.15
671.78,-8.84,-0.45,4.15
671.85,-8.84,-0.45,4.15
671.92,-8.84,-0.45,4.15
671.99,-8.84,-0.45,4.15
672.06,-8.84,-0.45,4.15
672.12,-8.84,-0.45,4.15
672.19,-8.84,-0.45,4.15
672.26,-8.84,-0.45,4.15
672.32,-8.84,-0.45,4.15
672.39,-8.84,-0.45,4.15
672.46,-8.84,-0.45,4.15
672.52,-8.84,-0.45,4.15
672.59,-8.84,-0.45,4.15
672.66,-8.84,-0.45,4.15
672.73,-8.84,-0.45,4.15
672.8,-8.84,-0.45,4.15
672.86,-8.84,-0.45,4.15
672.93,-8.84,-0.45,4.15
673.0,-8.84,-0.45,4.15
673.07,-8.84,-0.45,4.15
673.14,-8.84,-0.45,4.15
673.21,-8.84,-0.45,4.15
673.27,-8.84,-0.45,4.15
673.34,-8.84,-0.45,4.15
673.41,-8.84,-0.45,4.15
673.47,-8.84,-0.45,4.15
673.54,-8.84,-0.45,4.15
673.61,-8.84,-0.45,4.15
673.67,-8.84,-0.45,4.15
673.74,-8.84,-0.45,4.15
673.81,-8.84,-0.45,4.15
673.88,-8.84,-0.45,4.15
673.94,-8.84,-0.45,4.15
674.01,-8.84,-0.45,4.15
674.08,-8.84,-0.45,4.15
674.15,-8.84,-0.45,4.15
674.22,-8.84,-0.45,4.15
674.29,-8.84,-0.45,4.15
674.36,-8.84,-0.45,4.15
674.43,-8.84,-0.45,4.15
674.5,-8.84,-0.45,4.15
674.57,-8.84,-0.45,4.15
674.64,-8.84,-0.45,4.15
674.71,-8.84,-0.45,4.15
674.78,-8.84,-0.45,4.15
674.84,-8.84,-0.45,4.15
674.91,-8.84,-0.45,4.15
674.97,-8.84,-0.45,4.15
675.04,-8.84,-0.45,4.15
675.11,-8.84,-0.45,4.15
675.18,-8.84,-0.45,4.15
675.24,-8.84,-0.45,4.15
675.31,-8.84,-0.45,4.15
675.38,-8.84,-0.45,4.15
675.45,-8.84,-0.45,4.15
675.52,-8.84,-0.45,4.15
675.59,-8.84,-0.45,4.15
675.66,-8.84,-0.45,4.15
675.72,-8.84,-0.45,4.15
675.79,-8.84,-0.45,4.15
675.85,-8.84,-0.45,4.15
675.92,-8.84,-0.45,4.15
675.99,-8.84,-0.45,4.15
676.05,-8.84,-0.45,4.15
676.12,-8.84,-0.45,4.15
676.19,-8.84,-0.45,4.15
676.25,-8.84,-0.45,4.15
676.32,-8.84,-0.45,4.15
676.39,-8.84,-0.45,4.15
676.46,-8.84,-0.45,4.15
676.53,-8.84,-0.45,4.15
676.6,-8.84,-0.45,4.15
676.67,-8.84,-0.45,4.15
676.74,-8.84,-0.45,4.15
676.8,-8.84,-0.45,4.15
676.87,-8.84,-0.45,4.15
676.94,-8.84,-0.45,4.15
677.01,-8.84,-0.45,4.15
677.08,-8.84,-0.45,4.15
677.14,-8.84,-0.45,4.15
677.22,-8.84,-0.45,4.15
677.28,-8.84,-0.45,4.15
677.35,-8.84,-0.45,4.15
677.42,-8.84,-0.45,4.15
677.48,-8.84,-0.45,4.15
677.55,-8.84,-0.45,4.15
677.62,-8.84,-0.45,4.15
677.69,-8.84,-0.45,4.15
677.75,-8.84,-0.45,4.15
677.82,-8.84,-0.45,4.15
677.89,-8.84,-0.45,4.15
677.96,-8.84,-0.45,4.15
678.03,-8.84,-0.45,4.15
678.1,-8.84,-0.45,4.15
678.17,-8.84,-0.45,4.15
678.23,-8.84,-0.45,4.15
678.3,-8.84,-0.45,4.15
678.37,-8.84,-0.45,4.15
678.44,-8.84,-0.45,4.15
678.51,-8.84,-0.45,4.15
678.58,-8.84,-0.45,4.15
678.65,-8.84,-0.45,4.15
678.71,-8.84,-0.45,4.15
678.78,-8.84,-0.45,4.15
678.85,-8.84,-0.45,4.15
678.91,-8.84,-0.45,4.15
678.98,-8.84,-0.45,4.15
679.05,-8.84,-0.45,4.15
679.11,-8.84,-0.45,4.15
679.18,-8.84,-0.45,4.15
679.25,-8.84,-0.45,4.15
679.32,-8.84,-0.45,4.15
679.39,-8.84,-0.45,4.15
679.46,-8.84,-0.45,4.15
679.52,-8.84,-0.45,4.15
679.59,-8.84,-0.45,4.15
679.67,-8.84,-0.45,4.15
679.73,-8.84,-0.45,4.15
679.8,-8.84,-0.45,4.15
679.87,-8.84,-0.45,4.15
679.94,-8.84,-0.45,4.15
680.01,-8.84,-0.45,4.15
680.07,-8.84,-0.45,4.15
680.15,-8.84,-0.45,4.15
680.21,-8.84,-0.45,4.15
680.28,-8.84,-0.45,4.15
680.35,-8.84,-0.45,4.15
680.42,-8.84,-0.45,4.15
680.49,-8.84,-0.45,4.15
680.56,-8.84,-0.45,4.15
680.63,-8.84,-0.45,4.15
680.7,-8.84,-0.45,4.15
680.76,-8.84,-0.45,4.15
680.83,-8.84,-0.45,4.15
680.9,-8.84,-0.45,4.15
680.97,-8.84,-0.45,4.15
681.04,-8.84,-0.45,4.15
681.11,-8.84,-0.45,4.15
681.18,-8.84,-0.45,4.15
681.24,-8.84,-0.45,4.15
681.32,-8.84,-0.45,4.15
681.38,-8.84,-0.45,4.15
681.45,-8.84,-0.45,4.15
681.52,-8.84,-0.45,4.15
681.58,-8.84,-0.45,4.15
681.65,-8.84,-0.45,4.15
681.72,-8.84,-0.45,4.15
681.79,-8.84,-0.45,4.15
681.86,-8.84,-0.45,4.15
681.93,-8.84,-0.45,4.15
682.0,-8.84,-0.45,4.15
682.06,-8.84,-0.45,4.15
682.13,-8.84,-0.45,4.15
682.2,-8.84,-0.45,4.15
682.26,-8.84,-0.45,4.15
682.33,-8.84,-0.45,4.15
682.4,-8.84,-0.45,4.15
682.46,-8.84,-0.45,4.15
682.53,-8.84,-0.45,4.15
682.6,-8.84,-0.45,4.15
682.67,-8.84,-0.45,4.15
682.74,-8.84,-0.45,4.15
682.81,-8.84,-0.45,4.15
682.88,-8.84,-0.45,4.15
682.96,-8.84,-0.45,4.15
683.03,-8.84,-0.45,4.15
683.09,-8.84,-0.45,4.15
683.16,-8.84,-0.45,4.15
683.22,-8.84,-0.45,4.15
683.29,-8.84,-0.45,4.15
683.36,-8.84,-0.45,4.15
683.42,-8.84,-0.45,4.15
683.49,-8.84,-0.45,4.15
683.56,-8.84,-0.45,4.15
683.62,-8.84,-0.45,4.15
683.7,-8.84,-0.45,4.15
683.77,-8.84,-0.45,4.15
683.83,-8.84,-0.45,4.15
683.9,-8.84,-0.45,4.15
683.97,-8.84,-0.45,4.15
684.04,-8.84,-0.45,4.15
684.11,-8.84,-0.45,4.15
684.18,-8.84,-0.45,4.15
684.25,-8.84,-0.45,4.15
684.31,-8.84,-0.45,4.15
684.38,-8.84,-0.45,4.15
684.45,-8.84,-0.45,4.15
684.52,-8.84,-0.45,4.15
684.59,-8.84,-0.45,4.15
684.65,-8.84,-0.45,4.15
684.72,-8.84,-0.45,4.15
684.79,-8.84,-0.45,4.15
684.85,-8.84,-0.45,4.15
684.92,-8.84,-0.45,4.15
684.98,-8.84,-0.45,4.15
685.05,-8.84,-0.45,4.15
685.12,-8.84,-0.45,4.15
685.19,-8.84,-0.45,4.15
685.26,-8.84,-0.45,4.15
685.32,-8.84,-0.45,4.15
685.39,-8.84,-0.45,4.15
685.46,-8.84,-0.45,4.15
685.53,-8.84,-0.45,4.15
685.6,-8.84,-0.45,4.15
685.66,-8.84,-0.45,4.15
685.73,-8.84,-0.45,4.15
685.79,-8.84,-0.45,4.15
685.86,-8.84,-0.45,4.15
685.93,-8.84,-0.45,4.15
686.0,-8.84,-0.45,4.15
686.06,-8.84,-0.45,4.15
686.13,-8.84,-0.45,4.15
686.2,-8.84,-0.45,4.15
686.26,-8.84,-0.45,4.15
686.33,-8.84,-0.45,4.15
686.4,-8.84,-0.45,4.15
686.47,-8.84,-0.45,4.15
686.54,-8.84,-0.45,4.15
686.6,-8.84,-0.45,4.15
686.67,-8.84,-0.45,4.15
686.74,-8.84,-0.45,4.15
686.81,-8.84,-0.45,4.15
686.87,-8.84,-0.45,4.15
686.94,-8.84,-0.45,4.15
687.0,-8.84,-0.45,4.15
687.07,-8.84,-0.45,4.15
687.14,-8.84,-0.45,4.15
687.21,-8.84,-0.45,4.15
687.28,-8.84,-0.45,4.15
687.35,-8.84,-0.45,4.15
687.42,-8.84,-0.45,4.15
687.48,-8.84,-0.45,4.15
687.55,-8.84,-0.45,4.15
687.62,-8.84,-0.45,4.15
687.69,-8.84,-0.45,4.15
687.75,-8.84,-0.45,4.15
687.82,-8.84,-0.45,4.15
687.89,-8.84,-0.45,4.15
687.95,-8.84,-0.45,4.15
688.02,-8.84,-0.45,4.15
688.09,-8.84,-0.45,4.15
688.15,-8.84,-0.45,4.15
688.22,-8.84,-0.45,4.15
688.29,-8.84,-0.45,4.15
688.35,-8.84,-0.45,4.15
688.42,-8.84,-0.45,4.15
688.49,-8.84,-0.45,4.15
688.56,-8.84,-0.45,4.15
688.63,-8.84,-0.45,4.15
688.7,-8.84,-0.45,4.15
688.76,-8.84,-0.45,4.15
688.83,-8.84,-0.45,4.15
688.9,-8.84,-0.45,4.15
688.97,-8.84,-0.45,4.15
689.04,-8.84,-0.45,4.15
689.11,-8.84,-0.45,4.15
689.18,-8.84,-0.45,4.15
689.24,-8.84,-0.45,4.15
689.31,-8.84,-0.45,4.15
689.38,-8.84,-0.45,4.15
689.45,-8.84,-0.45,4.15
689.52,-8.84,-0.45,4.15
689.59,-8.84,-0.45,4.15
689.66,-8.84,-0.45,4.15
689.73,-8.84,-0.45,4.15
689.8,-8.84,-0.45,4.15
689.86,-8.84,-0.45,4.15
689.93,-8.84,-0.45,4.15
689.99,-8.84,-0.45,4.15
690.06,-8.84,-0.45,4.15
690.13,-8.84,-0.45,4.15
690.19,-8.84,-0.45,4.15
690.26,-8.84,-0.45,4.15
690.33,-8.84,-0.45,4.15
690.39,-8.84,-0.45,4.15
690.46,-8.84,-0.45,4.15
690.52,-8.84,-0.45,4.15
690.59,-8.84,-0.45,4.15
690.66,-8.84,-0.45,4.15
690.72,-8.84,-0.45,4.15
690.79,-8.84,-0.45,4.15
690.86,-8.84,-0.45,4.15
690.93,-8.84,-0.45,4.15
691.0,-8.84,-0.45,4.15
691.07,-8.84,-0.45,4.15
691.13,-8.84,-0.45,4.15
691.2,-8.84,-0.45,4.15
691.26,-8.84,-0.45,4.15
691.33,-8.84,-0.45,4.15
691.4,-8.84,-0.45,4.15
691.46,-8.84,-0.45,4.15
691.53,-8.84,-0.45,4.15
691.6,-8.84,-0.45,4.15
691.67,-8.84,-0.45,4.15
691.73,-8.84,-0.45,4.15
691.8,-8.84,-0.45,4.15
691.87,-8.84,-0.45,4.15
691.94,-8.84,-0.45,4.15
692.01,-8.84,-0.45,4.15
692.07,-8.84,-0.45,4.15
692.14,-8.84,-0.45,4.15
692.21,-8.84,-0.45,4.15
692.27,-8.84,-0.45,4.15
692.34,-8.84,-0.45,4.15
692.41,-8.84,-0.45,4.15
692.47,-8.84,-0.45,4.15
692.54,-8.84,-0.45,4.15
692.61,-8.84,-0.45,4.15
692.68,-8.84,-0.45,4.15
692.75,-8.84,-0.45,4.15
692.82,-8.84,-0.45,4.15
692.89,-8.84,-0.45,4.15
692.95,-8.84,-0.45,4.15
693.02,-8.84,-0.45,4.15
693.09,-8.84,-0.45,4.15
693.15,-8.84,-0.45,4.15
693.22,-8.84,-0.45,4.15
693.29,-8.84,-0.45,4.15
693.36,-8.84,-0.45,4.15
693.42,-8.84,-0.45,4.15
693.49,-8.84,-0.45,4.15
693.56,-8.84,-0.45,4.15
693.62,-8.84,-0.45,4.15
693.69,-8.84,-0.45,4.15
693.76,-8.84,-0.45,4.15
693.83,-8.84,-0.45,4.15
693.9,-8.84,-0.45,4.15
693.96,-8.84,-0.45,4.15
694.03,-8.84,-0.45,4.15
694.1,-8.84,-0.45,4.15
694.17,-8.84,-0.45,4.15
694.24,-8.84,-0.45,4.15
694.31,-8.84,-0.45,4.15
694.38,-8.84,-0.45,4.15
694.45,-8.84,-0.45,4.15
694.51,-8.84,-0.45,4.15
694.58,-8.84,-0.45,4.15
694.65,-8.84,-0.45,4.15
694.72,-8.84,-0.45,4.15
694.79,-8.84,-0.45,4.15
694.86,-8.84,-0.45,4.15
694.93,-8.84,-0.45,4.15
695.0,-8.84,-0.45,4.15
695.07,-8.84,-0.45,4.15
695.13,-8.84,-0.45,4.15
695.2,-8.84,-0.45,4.15
695.27,-8.84,-0.45,4.15
695.33,-8.84,-0.45,4.15
695.4,-8.84,-0.45,4.15
695.48,-8.84,-0.45,4.15
695.55,-8.84,-0.45,4.15
695.61,-8.84,-0.45,4.15
695.68,-8.84,-0.45,4.15
695.75,-8.84,-0.45,4.15
695.82,-8.84,-0.45,4.15
695.89,-8.84,-0.45,4.15
695.95,-8.84,-0.45,4.15
696.02,-8.84,-0.45,4.15
696.09,-8.84,-0.45,4.15
696.15,-8.84,-0.45,4.15
696.22,-8.84,-0.45,4.15
696.29,-8.84,-0.45,4.15
696.36,-8.84,-0.45,4.15
696.42,-8.84,-0.45,4.15
696.5,-8.84,-0.45,4.15
696.57,-8.84,-0.45,4.15
696.64,-8.84,-0.45,4.15
696.71,-8.84,-0.45,4.15
696.78,-8.84,-0.45,4.15
696.85,-8.84,-0.45,4.15
696.91,-8.84,-0.45,4.15
696.98,-8.84,-0.45,4.15
697.05,-8.84,-0.45,4.15
697.12,-8.84,-0.45,4.15
697.19,-8.84,-0.45,4.15
697.26,-8.84,-0.45,4.15
697.32,-8.84,-0.45,4.15
697.39,-8.84,-0.45,4.15
697.46,-8.84,-0.45,4.15
697.52,-8.84,-0.45,4.15
697.59,-8.84,-0.45,4.15
697.66,-8.84,-0.45,4.15
697.72,-8.84,-0.45,4.15
697.79,-8.84,-0.45,4.15
697.85,-8.84,-0.45,4.15
697.92,-8.84,-0.45,4.15
697.99,-8.84,-0.45,4.15
698.05,-8.84,-0.45,4.15
698.12,-8.84,-0.45,4.15
698.19,-8.84,-0.45,4.15
698.25,-8.84,-0.45,4.15
698.32,-8.84,-0.45,4.15
698.38,-8.84,-0.45,4.15
698.45,-8.84,-0.45,4.15
698.52,-8.84,-0.45,4.15
698.59,-8.84,-0.45,4.15
698.66,-8.84,-0.45,4.15
698.72,-8.84,-0.45,4.15
698.79,-8.84,-0.45,4.15
698.86,-8.84,-0.45,4.15
698.93,-8.84,-0.45,4.15
699.0,-8.84,-0.45,4.15
699.07,-8.84,-0.45,4.15
699.14,-8.84,-0.45,4.15
699.22,-8.84,-0.45,4.15
699.28,-8.84,-0.45,4.15
699.35,-8.84,-0.45,4.15
699.42,-8.84,-0.45,4.15
699.49,-8.84,-0.45,4.15
699.56,-8.84,-0.45,4.15
699.62,-8.84,-0.45,4.15
699.69,-8.84,-0.45,4.15
699.76,-8.84,-0.45,4.15
699.83,-8.84,-0.45,4.15
699.9,-8.84,-0.45,4.15
699.97,-8.84,-0.45,4.15
700.03,-8.84,-0.45,4.15
700.1,-8.84,-0.45,4.15
700.17,-8.84,-0.45,4.15
700.23,-8.84,-0.45,4.15
700.3,-8.84,-0.45,4.15
700.37,-8.84,-0.45,4.15
700.43,-8.84,-0.45,4.15
700.5,-8.84,-0.45,4.15
700.57,-8.84,-0.45,4.15
700.64,-8.84,-0.45,4.15
700.71,-8.84,-0.45,4.15
700.78,-8.84,-0.45,4.15
700.85,-8.84,-0.45,4.15
700.91,-8.84,-0.45,4.15
700.98,-8.84,-0.45,4.15
701.05,-8.84,-0.45,4.15
701.12,-8.84,-0.45,4.15
701.18,-8.84,-0.45,4.15
701.25,-8.84,-0.45,4.15
701.32,-8.84,-0.45,4.15
701.38,-8.84,-0.45,4.15
701.45,-8.84,-0.45,4.15
701.52,-8.84,-0.45,4.15
701.59,-8.84,-0.45,4.15
701.66,-8.84,-0.45,4.15
701.73,-8.84,-0.45,4.15
701.8,-8.84,-0.45,4.15
701.86,-8.84,-0.45,4.15
701.93,-8.84,-0.45,4.15
702.0,-8.84,-0.45,4.15
702.07,-8.84,-0.45,4.15
702.14,-8.84,-0.45,4.15
702.2,-8.84,-0.45,4.15
702.27,-8.84,-0.45,4.15
702.34,-8.84,-0.45,4.15
702.4,-8.84,-0.45,4.15
702.47,-8.84,-0.45,4.15
702.54,-8.84,-0.45,4.15
702.61,-8.84,-0.45,4.15
702.68,-8.84,-0.45,4.15
702.75,-8.84,-0.45,4.15
702.81,-8.84,-0.45,4.15
702.88,-8.84,-0.45,4.15
702.95,-8.84,-0.45,4.15
703.02,-8.84,-0.45,4.15
703.09,-8.84,-0.45,4.15
703.16,-8.84,-0.45,4.15
703.22,-8.84,-0.45,4.15
703.29,-8.84,-0.45,4.15
703.36,-8.84,-0.45,4.15
703.42,-8.84,-0.45,4.15
703.49,-8.84,-0.45,4.15
703.56,-8.84,-0.45,4.15
703.63,-8.84,-0.45,4.15
703.7,-8.84,-0.45,4.15
703.77,-8.84,-0.45,4.15
703.84,-8.84,-0.45,4.15
703.9,-8.84,-0.45,4.15
703.97,-8.84,-0.45,4.15
704.04,-8.84,-0.45,4.15
704.11,-8.84,-0.45,4.15
704.18,-8.84,-0.45,4.15
704.25,-8.84,-0.45,4.15
704.31,-8.84,-0.45,4.15
704.38,-8.84,-0.45,4.15
704.44,-8.84,-0.45,4.15
704.51,-8.84,-0.45,4.15
704.58,-8.84,-0.45,4.15
704.64,-8.84,-0.45,4.15
704.71,-8.84,-0.45,4.15
704.77,-8.84,-0.45,4.15
704.84,-8.84,-0.45,4.15
704.91,-8.84,-0.45,4.15
704.98,-8.84,-0.45,4.15
705.05,-8.84,-0.45,4.15
705.12,-8.84,-0.45,4.15
705.19,-8.84,-0.45,4.15
705.25,-8.84,-0.45,4.15
705.32,-8.84,-0.45,4.15
705.39,-8.84,-0.45,4.15
705.45,-8.84,-0.45,4.15
705.52,-8.84,-0.45,4.15
705.59,-8.84,-0.45,4.15
705.65,-8.84,-0.45,4.15
705.72,-8.84,-0.45,4.15
705.78,-8.84,-0.45,4.15
705.85,-8.84,-0.45,4.15
705.92,-8.84,-0.45,4.15
705.99,-8.84,-0.45,4.15
706.06,-8.84,-0.45,4.15
706.13,-8.84,-0.45,4.15
706.19,-8.84,-0.45,4.15
706.26,-8.84,-0.45,4.15
706.33,-8.84,-0.45,4.15
706.4,-8.84,-0.45,4.15
706.46,-8.84,-0.45,4.15
706.53,-8.84,-0.45,4.15
706.6,-8.84,-0.45,4.15
706.66,-8.84,-0.45,4.15
706.73,-8.84,-0.45,4.15
706.8,-8.84,-0.45,4.15
706.86,-8.84,-0.45,4.15
706.93,-8.84,-0.45,4.15
707.0,-8.84,-0.45,4.15
707.07,-8.84,-0.45,4.15
707.14,-8.84,-0.45,4.15
707.21,-8.84,-0.45,4.15
707.28,-8.84,-0.45,4.15
707.35,-8.84,-0.45,4.15
707.41,-8.84,-0.45,4.15
707.48,-8.84,-0.45,4.15
707.55,-8.84,-0.45,4.15
707.62,-8.84,-0.45,4.15
707.68,-8.84,-0.45,4.15
707.75,-8.84,-0.45,4.15
707.82,-8.84,-0.45,4.15
707.88,-8.84,-0.45,4.15
707.95,-8.84,-0.45,4.15
708.02,-8.84,-0.45,4.15
708.09,-8.84,-0.45,4.15
708.16,-8.84,-0.45,4.15
708.23,-8.84,-0.45,4.15
708.3,-8.84,-0.45,4.15
708.36,-8.84,-0.45,4.15
708.43,-8.84,-0.45,4.15
708.5,-8.84,-0.45,4.15
708.57,-8.84,-0.45,4.15
708.63,-8.84,-0.45,4.15
708.7,-8.84,-0.45,4.15
708.77,-8.84,-0.45,4.15
708.84,-8.84,-0.45,4.15
708.9,-8.84,-0.45,4.15
708.97,-8.84,-0.45,4.15
709.04,-8.84,-0.45,4.15
709.11,-8.84,-0.45,4.15
709.18,-8.84,-0.45,4.15
709.25,-8.84,-0.45,4.15
709.32,-8.84,-0.45,4.15
709.39,-8.84,-0.45,4.15
709.46,-8.84,-0.45,4.15
709.52,-8.84,-0.45,4.15
709.59,-8.84,-0.45,4.15
709.66,-8.84,-0.45,4.15
709.73,-8.84,-0.45,4.15
709.8,-8.84,-0.45,4.15
709.87,-8.84,-0.45,4.15
709.93,-8.84,-0.45,4.15
710.01,-8.84,-0.45,4.15
710.08,-8.84,-0.45,4.15
710.15,-8.84,-0.45,4.15
710.21,-8.84,-0.45,4.15
710.28,-8.84,-0.45,4.15
710.35,-8.84,-0.45,4.15
710.42,-8.84,-0.45,4.15
710.48,-8.84,-0.45,4.15
710.55,-8.84,-0.45,4.15
710.62,-8.84,-0.45,4.15
710.68,-8.84,-0.45,4.15
710.75,-8.84,-0.45,4.15
710.82,-8.84,-0.45,4.15
710.88,-8.84,-0.45,4.15
710.95,-8.84,-0.45,4.15
711.02,-8.84,-0.45,4.15
711.09,-8.84,-0.45,4.15
711.16,-8.84,-0.45,4.15
711.23,-8.84,-0.45,4.15
711.3,-8.84,-0.45,4.15
711.37,-8.84,-0.45,4.15
711.43,-8.84,-0.45,4.15
711.5,-8.84,-0.45,4.15
711.57,-8.84,-0.45,4.15
711.63,-8.84,-0.45,4.15
711.7,-8.84,-0.45,4.15
711.76,-8.84,-0.45,4.15
711.83,-8.84,-0.45,4.15
711.9,-8.84,-0.45,4.15
711.97,-8.84,-0.45,4.15
712.04,-8.84,-0.45,4.15
712.1,-8.84,-0.45,4.15
712.17,-8.84,-0.45,4.15
712.24,-8.84,-0.45,4.15
712.31,-8.84,-0.45,4.15
712.38,-8.84,-0.45,4.15
712.44,-8.84,-0.45,4.15
712.51,-8.84,-0.45,4.15
712.58,-8.84,-0.45,4.15
712.64,-8.84,-0.45,4.15
712.71,-8.84,-0.45,4.15
712.78,-8.84,-0.45,4.15
712.85,-8.84,-0.45,4.15
712.92,-8.84,-0.45,4.15
712.98,-8.84,-0.45,4.15
713.05,-8.84,-0.45,4.15
713.12,-8.84,-0.45,4.15
713.19,-8.84,-0.45,4.15
713.25,-8.84,-0.45,4.15
713.32,-8.84,-0.45,4.15
713.39,-8.84,-0.45,4.15
713.46,-8.84,-0.45,4.15
713.52,-8.84,-0.45,4.15
713.59,-8.84,-0.45,4.15
713.66,-8.84,-0.45,4.15
713.72,-8.84,-0.45,4.15
713.79,-8.84,-0.45,4.15
713.86,-8.84,-0.45,4.15
713.93,-8.84,-0.45,4.15
714.0,-8.84,-0.45,4.15
714.07,-8.84,-0.45,4.15
714.14,-8.84,-0.45,4.15
714.21,-8.84,-0.45,4.15
714.28,-8.84,-0.45,4.15
714.35,-8.84,-0.45,4.15
714.42,-8.84,-0.45,4.15
714.48,-8.84,-0.45,4.15
714.55,-8.84,-0.45,4.15
714.62,-8.84,-0.45,4.15
714.69,-8.84,-0.45,4.15
714.76,-8.84,-0.45,4.15
714.83,-8.84,-0.45,4.15
714.89,-8.84,-0.45,4.15
714.96,-8.84,-0.45,4.15
715.03,-8.84,-0.45,4.15
715.09,-8.84,-0.45,4.15
715.16,-8.84,-0.45,4.15
715.23,-8.84,-0.45,4.15
715.3,-8.84,-0.45,4.15
715.36,-8.84,-0.45,4.15
715.43,-8.84,-0.45,4.15
715.5,-8.84,-0.45,4.15
715.57,-8.84,-0.45,4.15
715.64,-8.84,-0.45,4.15
715.71,-8.84,-0.45,4.15
715.78,-8.84,-0.45,4.15
715.84,-8.84,-0.45,4.15
715.91,-8.84,-0.45,4.15
715.98,-8.84,-0.45,4.15
716.05,-8.84,-0.45,4.15
716.12,-8.84,-0.45,4.15
716.18,-8.84,-0.45,4.15
716.25,-8.84,-0.45,4.15
716.32,-8.84,-0.45,4.15
716.39,-8.84,-0.45,4.15
716.46,-8.84,-0.45,4.15
716.53,-8.84,-0.45,4.15
716.61,-8.84,-0.45,4.15
716.68,-8.84,-0.45,4.15
716.74,-8.84,-0.45,4.15
716.81,-8.84,-0.45,4.15
716.88,-8.84,-0.45,4.15
716.94,-8.84,-0.45,4.15
717.01,-8.84,-0.45,4.15
717.07,-8.84,-0.45,4.15
717.14,-8.84,-0.45,4.15
717.21,-8.84,-0.45,4.15
717.27,-8.84,-0.45,4.15
717.34,-8.84,-0.45,4.15
717.41,-8.84,-0.45,4.15
717.48,-8.84,-0.45,4.15
717.54,-8.84,-0.45,4.15
717.61,-8.84,-0.45,4.15
717.68,-8.84,-0.45,4.15
717.75,-8.84,-0.45,4.15
717.81,-8.84,-0.45,4.15
717.88,-8.84,-0.45,4.15
717.95,-8.84,-0.45,4.15
718.02,-8.84,-0.45,4.15
718.09,-8.84,-0.45,4.15
718.16,-8.84,-0.45,4.15
718.23,-8.84,-0.45,4.15
718.3,-8.84,-0.45,4.15
718.36,-8.84,-0.45,4.15
718.43,-8.84,-0.45,4.15
718.5,-8.84,-0.45,4.15
718.57,-8.84,-0.45,4.15
718.64,-8.84,-0.45,4.15
718.7,-8.84,-0.45,4.15
718.77,-8.84,-0.45,4.15
718.84,-8.84,-0.45,4.15
718.9,-8.84,-0.45,4.15
718.97,-8.84,-0.45,4.15
719.04,-8.84,-0.45,4.15
719.11,-8.84,-0.45,4.15
719.18,-8.84,-0.45,4.15
719.24,-8.84,-0.45,4.15
719.31,-8.84,-0.45,4.15
719.38,-8.84,-0.45,4.15
719.44,-8.84,-0.45,4.15
719.51,-8.84,-0.45,4.15
719.58,-8.84,-0.45,4.15
719.65,-8.84,-0.45,4.15
719.71,-8.84,-0.45,4.15
719.78,-8.84,-0.45,4.15
719.85,-8.84,-0.45,4.15
719.92,-8.84,-0.45,4.15
719.98,-8.84,-0.45,4.15
720.05,-8.84,-0.45,4.15
720.12,-8.84,-0.45,4.15
720.18,-8.84,-0.45,4.15
720.25,-8.84,-0.45,4.15
720.32,-8.84,-0.45,4.15
720.39,-8.84,-0.45,4.15
720.46,-8.84,-0.45,4.15
720.53,-8.84,-0.45,4.15
720.59,-8.84,-0.45,4.15
720.66,-8.84,-0.45,4.15
720.73,-8.84,-0.45,4.15
720.8,-8.84,-0.45,4.15
720.86,-8.84,-0.45,4.15
720.93,-8.84,-0.45,4.15
720.99,-8.84,-0.45,4.15
721.06,-8.84,-0.45,4.15
721.13,-8.84,-0.45,4.15
721.2,-8.84,-0.45,4.15
721.26,-8.84,-0.45,4.15
721.33,-8.84,-0.45,4.15
721.4,-8.84,-0.45,4.15
721.47,-8.84,-0.45,4.15
721.54,-8.84,-0.45,4.15
721.61,-8.84,-0.45,4.15
721.67,-8.84,-0.45,4.15
721.74,-8.84,-0.45,4.15
721.81,-8.84,-0.45,4.15
721.87,-8.84,-0.45,4.15
721.94,-8.84,-0.45,4.15
722.01,-8.84,-0.45,4.15
722.07,-8.84,-0.45,4.15
722.14,-8.84,-0.45,4.15
722.21,-8.84,-0.45,4.15
722.28,-8.84,-0.45,4.15
722.34,-8.84,-0.45,4.15
722.41,-8.84,-0.45,4.15
722.48,-8.84,-0.45,4.15
722.55,-8.84,-0.45,4.15
722.62,-8.84,-0.45,4.15
722.69,-8.84,-0.45,4.15
722.76,-8.84,-0.45,4.15
722.82,-8.84,-0.45,4.15
722.89,-8.84,-0.45,4.15
722.95,-8.84,-0.45,4.15
723.02,-8.84,-0.45,4.15
723.09,-8.84,-0.45,4.15
723.16,-8.84,-0.45,4.15
723.23,-8.84,-0.45,4.15
723.3,-8.84,-0.45,4.15
723.37,-8.84,-0.45,4.15
723.44,-8.84,-0.45,4.15
723.5,-8.84,-0.45,4.15
723.57,-8.84,-0.45,4.15
723.64,-8.84,-0.45,4.15
723.71,-8.84,-0.45,4.15
723.78,-8.84,-0.45,4.15
723.84,-8.84,-0.45,4.15
723.91,-8.84,-0.45,4.15
723.97,-8.84,-0.45,4.15
724.04,-8.84,-0.45,4.15
724.11,-8.84,-0.45,4.15
724.17,-8.84,-0.45,4.15
724.24,-8.84,-0.45,4.15
724.31,-8.84,-0.45,4.15
724.38,-8.84,-0.45,4.15
724.45,-8.84,-0.45,4.15
724.51,-8.84,-0.45,4.15
724.58,-8.84,-0.45,4.15
724.66,-8.84,-0.45,4.15
724.72,-8.84,-0.45,4.15
724.79,-8.84,-0.45,4.15
724.86,-8.84,-0.45,4.15
724.92,-8.84,-0.45,4.15
724.99,-8.84,-0.45,4.15
725.06,-8.84,-0.45,4.15
725.12,-8.84,-0.45,4.15
725.19,-8.84,-0.45,4.15
725.26,-8.84,-0.45,4.15
725.32,-8.84,-0.45,4.15
725.39,-8.84,-0.45,4.15
725.46,-8.84,-0.45,4.15
725.53,-8.84,-0.45,4.15
725.6,-8.84,-0.45,4.15
725.67,-8.84,-0.45,4.15
725.73,-8.84,-0.45,4.15
725.8,-8.84,-0.45,4.15
725.87,-8.84,-0.45,4.15
725.93,-8.84,-0.45,4.15
726.0,-8.84,-0.45,4.15
726.06,-8.84,-0.45,4.15
726.13,-8.84,-0.45,4.15
726.2,-8.84,-0.45,4.15
726.27,-8.84,-0.45,4.15
726.34,-8.84,-0.45,4.15
726.41,-8.84,-0.45,4.15
726.47,-8.84,-0.45,4.15
726.54,-8.84,-0.45,4.15
726.61,-8.84,-0.45,4.15
726.68,-8.84,-0.45,4.15
726.75,-8.84,-0.45,4.15
726.81,-8.84,-0.45,4.15
726.88,-8.84,-0.45,4.15
726.95,-8.84,-0.45,4.15
727.01,-8.84,-0.45,4.15
727.08,-8.84,-0.45,4.15
727.14,-8.84,-0.45,4.15
727.21,-8.84,-0.45,4.15
727.28,-8.84,-0.45,4.15
727.35,-8.84,-0.45,4.15
727.42,-8.84,-0.45,4.15
727.49,-8.84,-0.45,4.15
727.56,-8.84,-0.45,4.15
727.62,-8.84,-0.45,4.15
727.7,-8.84,-0.45,4.15
727.77,-8.84,-0.45,4.15
727.83,-8.84,-0.45,4.15
727.9,-8.84,-0.45,4.15
727.97,-8.84,-0.45,4.15
728.04,-8.84,-0.45,4.15
728.11,-8.84,-0.45,4.15
728.17,-8.84,-0.45,4.15
728.24,-8.84,-0.45,4.15
728.31,-8.84,-0.45,4.15
728.37,-8.84,-0.45,4.15
728.44,-8.84,-0.45,4.15
728.51,-8.84,-0.45,4.15
728.58,-8.84,-0.45,4.15
728.64,-8.84,-0.45,4.15
728.72,-8.84,-0.45,4.15
728.79,-8.84,-0.45,4.15
728.86,-8.84,-0.45,4.15
728.92,-8.84,-0.45,4.15
728.99,-8.84,-0.45,4.15
729.06,-8.84,-0.45,4.15
729.13,-8.84,-0.45,4.15
729.2,-8.84,-0.45,4.15
729.27,-8.84,-0.45,4.15
729.33,-8.84,-0.45,4.15
729.4,-8.84,-0.45,4.15
729.47,-8.84,-0.45,4.15
729.53,-8.84,-0.45,4.15
729.6,-8.84,-0.45,4.15
729.67,-8.84,-0.45,4.15
729.74,-8.84,-0.45,4.15
729.81,-8.84,-0.45,4.15
729.88,-8.84,-0.45,4.15
729.95,-8.84,-0.45,4.15
730.02,-8.84,-0.45,4.15
730.09,-8.84,-0.45,4.15
730.16,-8.84,-0.45,4.15
730.23,-8.84,-0.45,4.15
730.29,-8.84,-0.45,4.15
730.36,-8.84,-0.45,4.15
730.43,-8.84,-0.45,4.15
730.5,-8.84,-0.45,4.15
730.56,-8.84,-0.45,4.15
730.63,-8.84,-0.45,4.15
730.7,-8.84,-0.45,4.15
730.76,-8.84,-0.45,4.15
730.83,-8.84,-0.45,4.15
730.9,-8.84,-0.45,4.15
730.97,-8.84,-0.45,4.15
731.04,-8.84,-0.45,4.15
731.1,-8.84,-0.45,4.15
731.17,-8.84,-0.45,4.15
731.25,-8.84,-0.45,4.15
731.31,-8.84,-0.45,4.15
731.38,-8.84,-0.45,4.15
731.45,-8.84,-0.45,4.15
731.51,-8.84,-0.45,4.15
731.58,-8.84,-0.45,4.15
731.64,-8.84,-0.45,4.15
731.71,-8.84,-0.45,4.15
731.78,-8.84,-0.45,4.15
731.85,-8.84,-0.45,4.15
731.91,-8.84,-0.45,4.15
731.98,-8.84,-0.45,4.15
732.05,-8.84,-0.45,4.15
732.12,-8.84,-0.45,4.15
732.19,-8.84,-0.45,4.15
732.26,-8.84,-0.45,4.15
732.33,-8.84,-0.45,4.15
732.39,-8.84,-0.45,4.15
732.46,-8.84,-0.45,4.15
732.53,-8.84,-0.45,4.15
732.6,-8.84,-0.45,4.15
732.67,-8.84,-0.45,4.15
732.74,-8.84,-0.45,4.15
732.8,-8.84,-0.45,4.15
732.87,-8.84,-0.45,4.15
732.93,-8.84,-0.45,4.15
733.0,-8.84,-0.45,4.15
733.07,-8.84,-0.45,4.15
733.13,-8.84,-0.45,4.15
733.2,-8.84,-0.45,4.15
733.27,-8.84,-0.45,4.15
733.34,-8.84,-0.45,4.15
733.4,-8.84,-0.45,4.15
733.47,-8.84,-0.45,4.15
733.54,-8.84,-0.45,4.15
733.61,-8.84,-0.45,4.15
733.68,-8.84,-0.45,4.15
733.74,-8.84,-0.45,4.15
733.81,-8.84,-0.45,4.15
733.87,-8.84,-0.45,4.15
733.94,-8.84,-0.45,4.15
734.01,-8.84,-0.45,4.15
734.07,-8.84,-0.45,4.15
734.14,-8.84,-0.45,4.15
734.21,-8.84,-0.45,4.15
734.28,-8.84,-0.45,4.15
734.35,-8.84,-0.45,4.15
734.42,-8.84,-0.45,4.15
734.48,-8.84,-0.45,4.15
734.55,-8.84,-0.45,4.15
734.62,-8.84,-0.45,4.15
734.69,-8.84,-0.45,4.15
734.75,-8.84,-0.45,4.15
734.82,-8.84,-0.45,4.15
734.88,-8.84,-0.45,4.15
734.95,-8.84,-0.45,4.15
735.02,-8.84,-0.45,4.15
735.08,-8.84,-0.45,4.15
735.15,-8.84,-0.45,4.15
735.22,-8.84,-0.45,4.15
735.29,-8.84,-0.45,4.15
735.35,-8.84,-0.45,4.15
735.42,-8.84,-0.45,4.15
735.49,-8.84,-0.45,4.15
735.56,-8.84,-0.45,4.15
735.63,-8.84,-0.45,4.15
735.69,-8.84,-0.45,4.15
735.76,-8.84,-0.45,4.15
735.83,-8.84,-0.45,4.15
735.89,-8.84,-0.45,4.15
735.96,-8.84,-0.45,4.15
736.03,-8.84,-0.45,4.15
736.09,-8.84,-0.45,4.15
736.16,-8.84,-0.45,4.15
736.23,-8.84,-0.45,4.15
736.3,-8.84,-0.45,4.15
736.37,-8.84,-0.45,4.15
736.43,-8.84,-0.45,4.15
736.5,-8.84,-0.45,4.15
736.57,-8.84,-0.45,4.15
736.64,-8.84,-0.45,4.15
736.71,-8.84,-0.45,4.15
736.78,-8.84,-0.45,4.15
736.85,-8.84,-0.45,4.15
736.92,-8.84,-0.45,4.15
736.99,-8.84,-0.45,4.15
737.06,-8.84,-0.45,4.15
737.13,-8.84,-0.45,4.15
737.19,-8.84,-0.45,4.15
737.26,-8.84,-0.45,4.15
737.33,-8.84,-0.45,4.15
737.4,-8.84,-0.45,4.15
737.47,-8.84,-0.45,4.15
737.53,-8.84,-0.45,4.15
737.6,-8.84,-0.45,4.15
737.67,-8.84,-0.45,4.15
737.73,-8.84,-0.45,4.15
737.8,-8.84,-0.45,4.15
737.87,-8.84,-0.45,4.15
737.94,-8.84,-0.45,4.15
738.01,-8.84,-0.45,4.15
738.08,-8.84,-0.45,4.15
738.15,-8.84,-0.45,4.15
738.21,-8.84,-0.45,4.15
738.28,-8.84,-0.45,4.15
738.35,-8.84,-0.45,4.15
738.41,-8.84,-0.45,4.15
738.48,-8.84,-0.45,4.15
738.55,-8.84,-0.45,4.15
738.61,-8.84,-0.45,4.15
738.68,-8.84,-0.45,4.15
738.75,-8.84,-0.45,4.15
738.81,-8.84,-0.45,4.15
738.88,-8.84,-0.45,4.15
738.94,-8.84,-0.45,4.15
739.01,-8.84,-0.45,4.15
739.08,-8.84,-0.45,4.15
739.15,-8.84,-0.45,4.15
739.22,-8.84,-0.45,4.15
739.29,-8.84,-0.45,4.15
739.36,-8.84,-0.45,4.15
739.43,-8.84,-0.45,4.15
739.49,-8.84,-0.45,4.15
739.56,-8.84,-0.45,4.15
739.63,-8.84,-0.45,4.15
739.69,-8.84,-0.45,4.15
739.76,-8.84,-0.45,4.15
739.83,-8.84,-0.45,4.15
739.89,-8.84,-0.45,4.15
739.96,-8.84,-0.45,4.15
740.03,-8.84,-0.45,4.15
740.1,-8.84,-0.45,4.15
740.17,-8.84,-0.45,4.15
740.23,-8.84,-0.45,4.15
740.31,-8.84,-0.45,4.15
740.38,-8.84,-0.45,4.15
740.45,-8.84,-0.45,4.15
740.51,-8.84,-0.45,4.15
740.58,-8.84,-0.45,4.15
740.65,-8.84,-0.45,4.15
740.71,-8.84,-0.45,4.15
740.78,-8.84,-0.45,4.15
740.84,-8.84,-0.45,4.15
740.91,-8.84,-0.45,4.15
740.98,-8.84,-0.45,4.15
741.04,-8.84,-0.45,4.15
741.11,-8.84,-0.45,4.15
741.18,-8.84,-0.45,4.15
741.24,-8.84,-0.45,4.15
741.31,-8.84,-0.45,4.15
741.37,-8.84,-0.45,4.15
741.44,-8.84,-0.45,4.15
741.51,-8.84,-0.45,4.15
741.58,-8.84,-0.45,4.15
741.65,-8.84,-0.45,4.15
741.71,-8.84,-0.45,4.15
741.78,-8.84,-0.45,4.15
741.85,-8.84,-0.45,4.15
741.92,-8.84,-0.45,4.15
741.99,-8.84,-0.45,4.15
742.06,-8.84,-0.45,4.15
742.12,-8.84,-0.45,4.15
742.19,-8.84,-0.45,4.15
742.25,-8.84,-0.45,4.15
742.32,-8.84,-0.45,4.15
742.39,-8.84,-0.45,4.15
742.46,-8.84,-0.45,4.15
742.53,-8.84,-0.45,4.15
742.6,-8.84,-0.45,4.15
742.67,-8.84,-0.45,4.15
742.73,-8.84,-0.45,4.15
742.8,-8.84,-0.45,4.15
742.87,-8.84,-0.45,4.15
742.94,-8.84,-0.45,4.15
743.0,-8.84,-0.45,4.15
743.07,-8.84,-0.45,4.15
743.13,-8.84,-0.45,4.15
743.2,-8.84,-0.45,4.15
743.27,-8.84,-0.45,4.15
743.34,-8.84,-0.45,4.15
743.4,-8.84,-0.45,4.15
743.48,-8.84,-0.45,4.15
743.55,-8.84,-0.45,4.15
743.61,-8.84,-0.45,4.15
743.68,-8.84,-0.45,4.15
743.75,-8.84,-0.45,4.15
743.82,-8.84,-0.45,4.15
743.89,-8.84,-0.45,4.15
743.96,-8.84,-0.45,4.15
744.02,-8.84,-0.45,4.15
744.09,-8.84,-0.45,4.15
744.16,-8.84,-0.45,4.15
744.22,-8.84,-0.45,4.15
744.29,-8.84,-0.45,4.15
744.36,-8.84,-0.45,4.15
744.43,-8.84,-0.45,4.15
744.5,-8.84,-0.45,4.15
744.57,-8.84,-0.45,4.15
744.64,-8.84,-0.45,4.15
744.71,-8.84,-0.45,4.15
744.78,-8.84,-0.45,4.15
744.85,-8.84,-0.45,4.15
744.92,-8.84,-0.45,4.15
744.99,-8.84,-0.45,4.15
745.05,-8.84,-0.45,4.15
745.12,-8.84,-0.45,4.15
745.19,-8.84,-0.45,4.15
745.26,-8.84,-0.45,4.15
745.32,-8.84,-0.45,4.15
745.39,-8.84,-0.45,4.15
745.45,-8.84,-0.45,4.15
745.52,-8.84,-0.45,4.15
745.59,-8.84,-0.45,4.15
745.65,-8.84,-0.45,4.15
745.72,-8.84,-0.45,4.15
745.79,-8.84,-0.45,4.15
745.85,-8.84,-0.45,4.15
745.92,-8.84,-0.45,4.15
745.99,-8.84,-0.45,4.15
746.06,-8.84,-0.45,4.15
746.12,-8.84,-0.45,4.15
746.19,-8.84,-0.45,4.15
746.26,-8.84,-0.45,4.15
746.33,-8.84,-0.45,4.15
746.4,-8.84,-0.45,4.15
746.46,-8.84,-0.45,4.15
746.53,-8.84,-0.45,4.15
746.6,-8.84,-0.45,4.15
746.66,-8.84,-0.45,4.15
746.73,-8.84,-0.45,4.15
746.79,-8.84,-0.45,4.15
746.86,-8.84,-0.45,4.15
746.93,-8.84,-0.45,4.15
746.99,-8.84,-0.45,4.15
747.06,-8.84,-0.45,4.15
747.13,-8.84,-0.45,4.15
747.2,-8.84,-0.45,4.15
747.27,-8.84,-0.45,4.15
747.34,-8.84,-0.45,4.15
747.41,-8.84,-0.45,4.15
747.47,-8.84,-0.45,4.15
747.54,-8.84,-0.45,4.15
747.61,-8.84,-0.45,4.15
747.67,-8.84,-0.45,4.15
747.74,-8.84,-0.45,4.15
747.8,-8.84,-0.45,4.15
747.87,-8.84,-0.45,4.15
747.94,-8.84,-0.45,4.15
748.0,-8.84,-0.45,4.15
748.07,-8.84,-0.45,4.15
748.14,-8.84,-0.45,4.15
748.21,-8.84,-0.45,4.15
748.27,-8.84,-0.45,4.15
748.34,-8.84,-0.45,4.15
748.41,-8.84,-0.45,4.15
748.48,-8.84,-0.45,4.15
748.55,-8.84,-0.45,4.15
748.62,-8.84,-0.45,4.15
748.68,-8.84,-0.45,4.15
748.75,-8.84,-0.45,4.15
748.82,-8.84,-0.45,4.15
748.89,-8.84,-0.45,4.15
748.96,-8.84,-0.45,4.15
749.03,-8.84,-0.45,4.15
749.1,-8.84,-0.45,4.15
749.17,-8.84,-0.45,4.15
749.24,-8.84,-0.45,4.15
749.31,-8.84,-0.45,4.15
749.38,-8.84,-0.45,4.15
749.44,-8.84,-0.45,4.15
749.51,-8.84,-0.45,4.15
749.58,-8.84,-0.45,4.15
749.64,-8.84,-0.45,4.15
749.71,-8.84,-0.45,4.15
749.78,-8.84,-0.45,4.15
749.85,-8.84,-0.45,4.15
749.91,-8.84,-0.45,4.15
749.98,-8.84,-0.45,4.15
750.05,-8.84,-0.45,4.15
750.12,-8.84,-0.45,4.15
750.19,-8.84,-0.45,4.15
750.25,-8.84,-0.45,4.15
750.32,-8.84,-0.45,4.15
750.39,-8.84,-0.45,4.15
750.46,-8.84,-0.45,4.15
750.53,-8.84,-0.45,4.15
750.59,-8.84,-0.45,4.15
750.66,-8.84,-0.45,4.15
750.73,-8.84,-0.45,4.15
750.8,-8.84,-0.45,4.15
750.87,-8.84,-0.45,4.15
750.94,-8.84,-0.45,4.15
751.0,-8.84,-0.45,4.15
751.07,-8.84,-0.45,4.15
751.14,-8.84,-0.45,4.15
751.2,-8.84,-0.45,4.15
751.27,-8.84,-0.45,4.15
751.34,-8.84,-0.45,4.15
751.41,-8.84,-0.45,4.15
751.48,-8.84,-0.45,4.15
751.55,-8.84,-0.45,4.15
751.63,-8.84,-0.45,4.15
751.7,-8.84,-0.45,4.15
751.76,-8.84,-0.45,4.15
751.83,-8.84,-0.45,4.15
751.9,-8.84,-0.45,4.15
751.96,-8.84,-0.45,4.15
752.03,-8.84,-0.45,4.15
752.1,-8.84,-0.45,4.15
752.16,-8.84,-0.45,4.15
752.23,-8.84,-0.45,4.15
752.29,-8.84,-0.45,4.15
752.36,-8.84,-0.45,4.15
752.43,-8.84,-0.45,4.15
752.5,-8.84,-0.45,4.15
752.57,-8.84,-0.45,4.15
752.64,-8.84,-0.45,4.15
752.71,-8.84,-0.45,4.15
752.78,-8.84,-0.45,4.15
752.84,-8.84,-0.45,4.15
752.91,-8.84,-0.45,4.15
752.98,-8.84,-0.45,4.15
753.05,-8.84,-0.45,4.15
753.12,-8.84,-0.45,4.15
753.18,-8.84,-0.45,4.15
753.25,-8.84,-0.45,4.15
753.31,-8.84,-0.45,4.15
753.38,-8.84,-0.45,4.15
753.45,-8.84,-0.45,4.15
753.51,-8.84,-0.45,4.15
753.58,-8.84,-0.45,4.15
753.65,-8.84,-0.45,4.15
753.71,-8.84,-0.45,4.15
753.79,-8.84,-0.45,4.15
753.85,-8.84,-0.45,4.15
753.92,-8.84,-0.45,4.15
753.99,-8.84,-0.45,4.15
754.06,-8.84,-0.45,4.15
754.13,-8.84,-0.45,4.15
754.2,-8.84,-0.45,4.15
754.27,-8.84,-0.45,4.15
754.34,-8.84,-0.45,4.15
754.41,-8.84,-0.45,4.15
754.47,-8.84,-0.45,4.15
754.54,-8.84,-0.45,4.15
754.61,-8.84,-0.45,4.15
754.68,-8.84,-0.45,4.15
754.75,-8.84,-0.45,4.15
754.82,-8.84,-0.45,4.15
754.88,-8.84,-0.45,4.15
754.95,-8.84,-0.45,4.15
755.02,-8.84,-0.45,4.15
755.09,-8.84,-0.45,4.15
755.15,-8.84,-0.45,4.15
755.22,-8.84,-0.45,4.15
755.29,-8.84,-0.45,4.15
755.35,-8.84,-0.45,4.15
755.42,-8.84,-0.45,4.15
755.49,-8.84,-0.45,4.15
755.55,-8.84,-0.45,4.15
755.62,-8.84,-0.45,4.15
755.69,-8.84,-0.45,4.15
755.76,-8.84,-0.45,4.15
755.82,-8.84,-0.45,4.15
755.89,-8.84,-0.45,4.15
755.97,-8.84,-0.45,4.15
756.04,-8.84,-0.45,4.15
756.11,-8.84,-0.45,4.15
756.18,-8.84,-0.45,4.15
756.25,-8.84,-0.45,4.15
756.32,-8.84,-0.45,4.15
756.38,-8.84,-0.45,4.15
756.45,-8.84,-0.45,4.15
756.52,-8.84,-0.45,4.15
756.59,-8.84,-0.45,4.15
756.65,-8.84,-0.45,4.15
756.72,-8.84,-0.45,4.15
756.78,-8.84,-0.45,4.15
756.85,-8.84,-0.45,4.15
756.92,-8.84,-0.45,4.15
756.99,-8.84,-0.45,4.15
757.05,-8.84,-0.45,4.15
757.12,-8.84,-0.45,4.15
757.19,-8.84,-0.45,4.15
757.26,-8.84,-0.45,4.15
757.33,-8.84,-0.45,4.15
757.4,-8.84,-0.45,4.15
757.47,-8.84,-0.45,4.15
757.54,-8.84,-0.45,4.15
757.61,-8.84,-0.45,4.15
757.68,-8.84,-0.45,4.15
757.74,-8.84,-0.45,4.15
757.81,-8.84,-0.45,4.15
757.88,-8.84,-0.45,4.15
757.95,-8.84,-0.45,4.15
758.02,-8.84,-0.45,4.15
758.08,-8.84,-0.45,4.15
758.15,-8.84,-0.45,4.15
758.22,-8.84,-0.45,4.15
758.29,-8.84,-0.45,4.15
758.36,-8.84,-0.45,4.15
758.43,-8.84,-0.45,4.15
758.49,-8.84,-0.45,4.15
758.56,-8.84,-0.45,4.15
758.63,-8.84,-0.45,4.15
758.7,-8.84,-0.45,4.15
758.76,-8.84,-0.45,4.15
758.83,-8.84,-0.45,4.15
758.9,-8.84,-0.45,4.15
758.97,-8.84,-0.45,4.15
759.03,-8.84,-0.45,4.15
759.1,-8.84,-0.45,4.15
759.17,-8.84,-0.45,4.15
759.23,-8.84,-0.45,4.15
759.3,-8.84,-0.45,4.15
759.36,-8.84,-0.45,4.15
759.43,-8.84,-0.45,4.15
759.5,-8.84,-0.45,4.15
759.56,-8.84,-0.45,4.15
759.63,-8.84,-0.45,4.15
759.7,-8.84,-0.45,4.15
759.76,-8.84,-0.45,4.15
759.83,-8.84,-0.45,4.15
759.9,-8.84,-0.45,4.15
759.97,-8.84,-0.45,4.15
760.04,-8.84,-0.45,4.15
760.11,-8.84,-0.45,4.15
760.18,-8.84,-0.45,4.15
760.25,-8.84,-0.45,4.15
760.31,-8.84,-0.45,4.15
760.38,-8.84,-0.45,4.15
760.45,-8.84,-0.45,4.15
760.51,-8.84,-0.45,4.15
760.58,-8.84,-0.45,4.15
760.65,-8.84,-0.45,4.15
760.71,-8.84,-0.45,4.15
760.78,-8.84,-0.45,4.15
760.85,-8.84,-0.45,4.15
760.91,-8.84,-0.45,4.15
760.98,-8.84,-0.45,4.15
761.05,-8.84,-0.45,4.15
761.12,-8.84,-0.45,4.15
761.19,-8.84,-0.45,4.15
761.25,-8.84,-0.45,4.15
761.32,-8.84,-0.45,4.15
761.39,-8.84,-0.45,4.15
761.46,-8.84,-0.45,4.15
761.52,-8.84,-0.45,4.15
761.59,-8.84,-0.45,4.15
761.66,-8.84,-0.45,4.15
761.72,-8.84,-0.45,4.15
761.79,-8.84,-0.45,4.15
761.86,-8.84,-0.45,4.15
761.93,-8.84,-0.45,4.15
762.0,-8.84,-0.45,4.15
762.06,-8.84,-0.45,4.15
762.13,-8.84,-0.45,4.15
762.2,-8.84,-0.45,4.15
762.27,-8.84,-0.45,4.15
762.34,-8.84,-0.45,4.15
762.4,-8.84,-0.45,4.15
762.47,-8.84,-0.45,4.15
762.54,-8.84,-0.45,4.15
762.6,-8.84,-0.45,4.15
762.67,-8.84,-0.45,4.15
762.73,-8.84,-0.45,4.15
762.8,-8.84,-0.45,4.15
762.87,-8.84,-0.45,4.15
762.94,-8.84,-0.45,4.15
763.01,-8.84,-0.45,4.15
763.07,-8.84,-0.45,4.15
763.14,-8.84,-0.45,4.15
763.21,-8.84,-0.45,4.15
763.28,-8.84,-0.45,4.15
763.35,-8.84,-0.45,4.15
763.41,-8.84,-0.45,4.15
763.48,-8.84,-0.45,4.15
763.55,-8.84,-0.45,4.15
763.61,-8.84,-0.45,4.15
763.68,-8.84,-0.45,4.15
763.75,-8.84,-0.45,4.15
763.82,-8.84,-0.45,4.15
763.88,-8.84,-0.45,4.15
763.95,-8.84,-0.45,4.15
764.02,-8.84,-0.45,4.15
764.09,-8.84,-0.45,4.15
764.16,-8.84,-0.45,4.15
764.23,-8.84,-0.45,4.15
764.3,-8.84,-0.45,4.15
764.36,-8.84,-0.45,4.15
764.43,-8.84,-0.45,4.15
764.5,-8.84,-0.45,4.15
764.56,-8.84,-0.45,4.15
764.63,-8.84,-0.45,4.15
764.7,-8.84,-0.45,4.15
764.77,-8.84,-0.45,4.15
764.83,-8.84,-0.45,4.15
764.91,-8.84,-0.45,4.15
764.98,-8.84,-0.45,4.15
765.04,-8.84,-0.45,4.15
765.11,-8.84,-0.45,4.15
765.18,-8.84,-0.45,4.15
765.25,-8.84,-0.45,4.15
765.32,-8.84,-0.45,4.15
765.39,-8.84,-0.45,4.15
765.46,-8.84,-0.45,4.15
765.52,-8.84,-0.45,4.15
765.59,-8.84,-0.45,4.15
765.66,-8.84,-0.45,4.15
765.72,-8.84,-0.45,4.15
765.79,-8.84,-0.45,4.15
765.85,-8.84,-0.45,4.15
765.92,-8.84,-0.45,4.15
765.99,-8.84,-0.45,4.15
766.06,-8.84,-0.45,4.15
766.13,-8.84,-0.45,4.15
766.19,-8.84,-0.45,4.15
766.26,-8.84,-0.45,4.15
766.33,-8.84,-0.45,4.15
766.4,-8.84,-0.45,4.15
766.47,-8.84,-0.45,4.15
766.54,-8.84,-0.45,4.15
766.6,-8.84,-0.45,4.15
766.67,-8.84,-0.45,4.15
766.73,-8.84,-0.45,4.15
766.8,-8.84,-0.45,4.15
766.87,-8.84,-0.45,4.15
766.94,-8.84,-0.45,4.15
767.0,-8.84,-0.45,4.15
767.07,-8.84,-0.45,4.15
767.14,-8.84,-0.45,4.15
767.21,-8.84,-0.45,4.15
767.28,-8.84,-0.45,4.15
767.35,-8.84,-0.45,4.15
767.41,-8.84,-0.45,4.15
767.48,-8.84,-0.45,4.15
767.55,-8.84,-0.45,4.15
767.61,-8.84,-0.45,4.15
767.68,-8.84,-0.45,4.15
767.75,-8.84,-0.45,4.15
767.82,-8.84,-0.45,4.15
767.88,-8.84,-0.45,4.15
767.95,-8.84,-0.45,4.15
768.01,-8.84,-0.45,4.15
768.08,-8.84,-0.45,4.15
768.15,-8.84,-0.45,4.15
768.21,-8.84,-0.45,4.15
768.28,-8.84,-0.45,4.15
768.35,-8.84,-0.45,4.15
768.42,-8.84,-0.45,4.15
768.49,-8.84,-0.45,4.15
768.56,-8.84,-0.45,4.15
768.63,-8.84,-0.45,4.15
768.69,-8.84,-0.45,4.15
768.76,-8.84,-0.45,4.15
768.83,-8.84,-0.45,4.15
768.9,-8.84,-0.45,4.15
768.96,-8.84,-0.45,4.15
769.03,-8.84,-0.45,4.15
769.1,-8.84,-0.45,4.15
769.16,-8.84,-0.45,4.15
769.23,-8.84,-0.45,4.15
769.3,-8.84,-0.45,4.15
769.36,-8.84,-0.45,4.15
769.44,-8.84,-0.45,4.15
769.5,-8.84,-0.45,4.15
769.57,-8.84,-0.45,4.15
769.64,-8.84,-0.45,4.15
769.71,-8.84,-0.45,4.15
769.78,-8.84,-0.45,4.15
769.85,-8.84,-0.45,4.15
769.92,-8.84,-0.45,4.15
769.98,-8.84,-0.45,4.15
770.05,-8.84,-0.45,4.15
770.12,-8.84,-0.45,4.15
770.18,-8.84,-0.45,4.15
770.25,-8.84,-0.45,4.15
770.32,-8.84,-0.45,4.15
770.38,-8.84,-0.45,4.15
770.46,-8.84,-0.45,4.15
770.53,-8.84,-0.45,4.15
770.59,-8.84,-0.45,4.15
770.66,-8.84,-0.45,4.15
770.74,-8.84,-0.45,4.15
770.8,-8.84,-0.45,4.15
770.87,-8.84,-0.45,4.15
770.94,-8.84,-0.45,4.15
771.01,-8.84,-0.45,4.15
771.08,-8.84,-0.45,4.15
771.15,-8.84,-0.45,4.15
771.21,-8.84,-0.45,4.15
771.28,-8.84,-0.45,4.15
771.35,-8.84,-0.45,4.15
771.41,-8.84,-0.45,4.15
771.48,-8.84,-0.45,4.15
771.55,-8.84,-0.45,4.15
771.61,-8.84,-0.45,4.15
771.68,-8.84,-0.45,4.15
771.75,-8.84,-0.45,4.15
771.82,-8.84,-0.45,4.15
771.89,-8.84,-0.45,4.15
771.96,-8.84,-0.45,4.15
772.02,-8.84,-0.45,4.15
772.09,-8.84,-0.45,4.15
772.16,-8.84,-0.45,4.15
772.23,-8.84,-0.45,4.15
772.3,-8.84,-0.45,4.15
772.37,-8.84,-0.45,4.15
772.43,-8.84,-0.45,4.15
772.5,-8.84,-0.45,4.15
772.57,-8.84,-0.45,4.15
772.64,-8.84,-0.45,4.15
772.71,-8.84,-0.45,4.15
772.78,-8.84,-0.45,4.15
772.85,-8.84,-0.45,4.15
772.91,-8.84,-0.45,4.15
772.98,-8.84,-0.45,4.15
773.05,-8.84,-0.45,4.15
773.11,-8.84,-0.45,4.15
773.19,-8.84,-0.45,4.15
773.25,-8.84,-0.45,4.15
773.32,-8.84,-0.45,4.15
773.39,-8.84,-0.45,4.15
773.46,-8.84,-0.45,4.15
773.52,-8.84,-0.45,4.15
773.59,-8.84,-0.45,4.15
773.66,-8.84,-0.45,4.15
773.73,-8.84,-0.45,4.15
773.8,-8.84,-0.45,4.15
773.87,-8.84,-0.45,4.15
773.94,-8.84,-0.45,4.15
774.0,-8.84,-0.45,4.15
774.07,-8.84,-0.45,4.15
774.14,-8.84,-0.45,4.15
774.2,-8.84,-0.45,4.15
774.27,-8.84,-0.45,4.15
774.34,-8.84,-0.45,4.15
774.4,-8.84,-0.45,4.15
774.47,-8.84,-0.45,4.15
774.54,-8.84,-0.45,4.15
774.6,-8.84,-0.45,4.15
774.67,-8.84,-0.45,4.15
774.74,-8.84,-0.45,4.15
774.81,-8.84,-0.45,4.15
774.88,-8.84,-0.45,4.15
774.95,-8.84,-0.45,4.15
775.01,-8.84,-0.45,4.15
775.08,-8.84,-0.45,4.15
775.15,-8.84,-0.45,4.15
775.21,-8.84,-0.45,4.15
775.28,-8.84,-0.45,4.15
775.35,-8.84,-0.45,4.15
775.42,-8.84,-0.45,4.15
775.49,-8.84,-0.45,4.15
775.55,-8.84,-0.45,4.15
775.62,-8.84,-0.45,4.15
775.69,-8.84,-0.45,4.15
775.75,-8.84,-0.45,4.15
775.82,-8.84,-0.45,4.15
775.89,-8.84,-0.45,4.15
775.95,-8.84,-0.45,4.15
776.02,-8.84,-0.45,4.15
776.09,-8.84,-0.45,4.15
776.16,-8.84,-0.45,4.15
776.23,-8.84,-0.45,4.15
776.3,-8.84,-0.45,4.15
776.36,-8.84,-0.45,4.15
776.43,-8.84,-0.45,4.15
776.5,-8.84,-0.45,4.15
776.57,-8.84,-0.45,4.15
776.63,-8.84,-0.45,4.15
776.7,-8.84,-0.45,4.15
776.77,-8.84,-0.45,4.15
776.83,-8.84,-0.45,4.15
776.9,-8.84,-0.45,4.15
776.97,-8.84,-0.45,4.15
777.03,-8.84,-0.45,4.15
777.1,-8.84,-0.45,4.15
777.17,-8.84,-0.45,4.15
777.23,-8.84,-0.45,4.15
777.3,-8.84,-0.45,4.15
777.37,-8.84,-0.45,4.15
777.44,-8.84,-0.45,4.15
777.5,-8.84,-0.45,4.15
777.58,-8.84,-0.45,4.15
777.65,-8.84,-0.45,4.15
777.71,-8.84,-0.45,4.15
777.78,-8.84,-0.45,4.15
777.85,-8.84,-0.45,4.15
777.92,-8.84,-0.45,4.15
777.98,-8.84,-0.45,4.15
778.05,-8.84,-0.45,4.15
778.12,-8.84,-0.45,4.15
778.19,-8.84,-0.45,4.15
778.26,-8.84,-0.45,4.15
778.33,-8.84,-0.45,4.15
778.39,-8.84,-0.45,4.15
778.46,-8.84,-0.45,4.15
778.53,-8.84,-0.45,4.15
778.59,-8.84,-0.45,4.15
778.66,-8.84,-0.45,4.15
778.73,-8.84,-0.45,4.15
778.79,-8.84,-0.45,4.15
778.86,-8.84,-0.45,4.15
778.93,-8.84,-0.45,4.15
779.0,-8.84,-0.45,4.15
779.07,-8.84,-0.45,4.15
779.14,-8.84,-0.45,4.15
779.21,-8.84,-0.45,4.15
779.28,-8.84,-0.45,4.15
779.35,-8.84,-0.45,4.15
779.42,-8.84,-0.45,4.15
779.49,-8.84,-0.45,4.15
779.56,-8.84,-0.45,4.15
779.63,-8.84,-0.45,4.15
779.69,-8.84,-0.45,4.15
779.76,-8.84,-0.45,4.15
779.83,-8.84,-0.45,4.15
779.91,-8.84,-0.45,4.15
779.97,-8.84,-0.45,4.15
780.04,-8.84,-0.45,4.15
780.11,-8.84,-0.45,4.15
780.18,-8.84,-0.45,4.15
780.24,-8.84,-0.45,4.15
780.31,-8.84,-0.45,4.15
780.38,-8.84,-0.45,4.15
780.44,-8.84,-0.45,4.15
780.51,-8.84,-0.45,4.15
780.58,-8.84,-0.45,4.15
780.65,-8.84,-0.45,4.15
780.71,-8.84,-0.45,4.15
780.78,-8.84,-0.45,4.15
780.84,-8.84,-0.45,4.15
780.91,-8.84,-0.45,4.15
780.98,-8.84,-0.45,4.15
781.04,-8.84,-0.45,4.15
781.11,-8.84,-0.45,4.15
781.18,-8.84,-0.45,4.15
781.25,-8.84,-0.45,4.15
781.31,-8.84,-0.45,4.15
781.38,-8.84,-0.45,4.15
781.45,-8.84,-0.45,4.15
781.52,-8.84,-0.45,4.15
781.59,-8.84,-0.45,4.15
781.66,-8.84,-0.45,4.15
781.73,-8.84,-0.45,4.15
781.79,-8.84,-0.45,4.15
781.86,-8.84,-0.45,4.15
781.93,-8.84,-0.45,4.15
782.0,-8.84,-0.45,4.15
782.06,-8.84,-0.45,4.15
782.13,-8.84,-0.45,4.15
782.2,-8.84,-0.45,4.15
782.26,-8.84,-0.45,4.15
782.33,-8.84,-0.45,4.15
782.4,-8.84,-0.45,4.15
782.46,-8.84,-0.45,4.15
782.53,-8.84,-0.45,4.15
782.6,-8.84,-0.45,4.15
782.67,-8.84,-0.45,4.15
782.73,-8.84,-0.45,4.15
782.8,-8.84,-0.45,4.15
782.87,-8.84,-0.45,4.15
782.93,-8.84,-0.45,4.15
783.0,-8.84,-0.45,4.15
783.07,-8.84,-0.45,4.15
783.14,-8.84,-0.45,4.15
783.21,-8.84,-0.45,4.15
783.28,-8.84,-0.45,4.15
783.35,-8.84,-0.45,4.15
783.42,-8.84,-0.45,4.15
783.5,-8.84,-0.45,4.15
783.57,-8.84,-0.45,4.15
783.63,-8.84,-0.45,4.15
783.7,-8.84,-0.45,4.15
783.77,-8.84,-0.45,4.15
783.84,-8.84,-0.45,4.15
783.91,-8.84,-0.45,4.15
783.98,-8.84,-0.45,4.15
784.05,-8.84,-0.45,4.15
784.12,-8.84,-0.45,4.15
784.19,-8.84,-0.45,4.15
784.26,-8.84,-0.45,4.15
784.33,-8.84,-0.45,4.15
784.4,-8.84,-0.45,4.15
784.46,-8.84,-0.45,4.15
784.53,-8.84,-0.45,4.15
784.6,-8.84,-0.45,4.15
784.67,-8.84,-0.45,4.15
784.74,-8.84,-0.45,4.15
784.81,-8.84,-0.45,4.15
784.88,-8.84,-0.45,4.15
784.95,-8.84,-0.45,4.15
785.01,-8.84,-0.45,4.15
785.08,-8.84,-0.45,4.15
785.16,-8.84,-0.45,4.15
785.22,-8.84,-0.45,4.15
785.29,-8.84,-0.45,4.15
785.36,-8.84,-0.45,4.15
785.44,-8.84,-0.45,4.15
785.51,-8.84,-0.45,4.15
785.57,-8.84,-0.45,4.15
785.64,-8.84,-0.45,4.15
785.71,-8.84,-0.45,4.15
785.77,-8.84,-0.45,4.15
785.84,-8.84,-0.45,4.15
785.91,-8.84,-0.45,4.15
785.98,-8.84,-0.45,4.15
786.04,-8.84,-0.45,4.15
786.11,-8.84,-0.45,4.15
786.18,-8.84,-0.45,4.15
786.25,-8.84,-0.45,4.15
786.32,-8.84,-0.45,4.15
786.39,-8.84,-0.45,4.15
786.46,-8.84,-0.45,4.15
786.52,-8.84,-0.45,4.15
786.59,-8.84,-0.45,4.15
786.66,-8.84,-0.45,4.15
786.73,-8.84,-0.45,4.15
786.8,-8.84,-0.45,4.15
786.87,-8.84,-0.45,4.15
786.94,-8.84,-0.45,4.15
787.01,-8.84,-0.45,4.15
787.07,-8.84,-0.45,4.15
787.14,-8.84,-0.45,4.15
787.21,-8.84,-0.45,4.15
787.28,-8.84,-0.45,4.15
787.35,-8.84,-0.45,4.15
787.42,-8.84,-0.45,4.15
787.48,-8.84,-0.45,4.15
787.55,-8.84,-0.45,4.15
787.62,-8.84,-0.45,4.15
787.68,-8.84,-0.45,4.15
787.75,-8.84,-0.45,4.15
787.82,-8.84,-0.45,4.15
787.88,-8.84,-0.45,4.15
787.95,-8.84,-0.45,4.15
788.02,-8.84,-0.45,4.15
788.08,-8.84,-0.45,4.15
788.15,-8.84,-0.45,4.15
788.22,-8.84,-0.45,4.15
788.28,-8.84,-0.45,4.15
788.35,-8.84,-0.45,4.15
788.42,-8.84,-0.45,4.15
788.48,-8.84,-0.45,4.15
788.55,-8.84,-0.45,4.15
788.61,-8.84,-0.45,4.15
788.68,-8.84,-0.45,4.15
788.75,-8.84,-0.45,4.15
788.82,-8.84,-0.45,4.15
788.89,-8.84,-0.45,4.15
788.95,-8.84,-0.45,4.15
789.02,-8.84,-0.45,4.15
789.09,-8.84,-0.45,4.15
789.16,-8.84,-0.45,4.15
789.23,-8.84,-0.45,4.15
789.29,-8.84,-0.45,4.15
789.36,-8.84,-0.45,4.15
789.42,-8.84,-0.45,4.15
789.49,-8.84,-0.45,4.15
789.56,-8.84,-0.45,4.15
789.63,-8.84,-0.45,4.15
789.69,-8.84,-0.45,4.15
789.76,-8.84,-0.45,4.15
789.83,-8.84,-0.45,4.15
789.89,-8.84,-0.45,4.15
789.96,-8.84,-0.45,4.15
790.03,-8.84,-0.45,4.15
790.1,-8.84,-0.45,4.15
790.17,-8.84,-0.45,4.15
790.24,-8.84,-0.45,4.15
790.3,-8.84,-0.45,4.15
790.37,-8.84,-0.45,4.15
790.43,-8.84,-0.45,4.15
790.5,-8.84,-0.45,4.15
790.57,-8.84,-0.45,4.15
790.64,-8.84,-0.45,4.15
790.71,-8.84,-0.45,4.15
790.78,-8.84,-0.45,4.15
790.86,-8.84,-0.45,4.15
790.92,-8.84,-0.45,4.15
790.99,-8.84,-0.45,4.15
791.06,-8.84,-0.45,4.15
791.13,-8.84,-0.45,4.15
791.2,-8.84,-0.45,4.15
791.27,-8.84,-0.45,4.15
791.34,-8.84,-0.45,4.15
791.41,-8.84,-0.45,4.15
791.48,-8.84,-0.45,4.15
791.54,-8.84,-0.45,4.15
791.61,-8.84,-0.45,4.15
791.68,-8.84,-0.45,4.15
791.75,-8.84,-0.45,4.15
791.82,-8.84,-0.45,4.15
791.89,-8.84,-0.45,4.15
791.96,-8.84,-0.45,4.15
792.03,-8.84,-0.45,4.15
792.1,-8.84,-0.45,4.15
792.17,-8.84,-0.45,4.15
792.24,-8.84,-0.45,4.15
792.31,-8.84,-0.45,4.15
792.38,-8.84,-0.45,4.15
792.45,-8.84,-0.45,4.15
792.52,-8.84,-0.45,4.15
792.59,-8.84,-0.45,4.15
792.65,-8.84,-0.45,4.15
792.72,-8.84,-0.45,4.15
792.78,-8.84,-0.45,4.15
792.85,-8.84,-0.45,4.15
792.92,-8.84,-0.45,4.15
792.99,-8.84,-0.45,4.15
793.05,-8.84,-0.45,4.15
793.12,-8.84,-0.45,4.15
793.19,-8.84,-0.45,4.15
793.26,-8.84,-0.45,4.15
793.34,-8.84,-0.45,4.15
793.41,-8.84,-0.45,4.15
793.48,-8.84,-0.45,4.15
793.55,-8.84,-0.45,4.15
793.62,-8.84,-0.45,4.15
793.68,-8.84,-0.45,4.15
793.75,-8.84,-0.45,4.15
793.82,-8.84,-0.45,4.15
793.89,-8.84,-0.45,4.15
793.95,-8.84,-0.45,4.15
794.02,-8.84,-0.45,4.15
794.09,-8.84,-0.45,4.15
794.17,-8.84,-0.45,4.15
794.23,-8.84,-0.45,4.15
794.31,-8.84,-0.45,4.15
794.38,-8.84,-0.45,4.15
794.45,-8.84,-0.45,4.15
794.51,-8.84,-0.45,4.15
794.58,-8.84,-0.45,4.15
794.65,-8.84,-0.45,4.15
794.72,-8.84,-0.45,4.15
794.78,-8.84,-0.45,4.15
794.85,-8.84,-0.45,4.15
794.91,-8.84,-0.45,4.15
794.98,-8.84,-0.45,4.15
795.05,-8.84,-0.45,4.15
795.12,-8.84,-0.45,4.15
795.19,-8.84,-0.45,4.15
795.26,-8.84,-0.45,4.15
795.33,-8.84,-0.45,4.15
795.39,-8.84,-0.45,4.15
795.46,-8.84,-0.45,4.15
795.53,-8.84,-0.45,4.15
795.6,-8.84,-0.45,4.15
795.67,-8.84,-0.45,4.15
795.73,-8.84,-0.45,4.15
795.8,-8.84,-0.45,4.15
795.87,-8.84,-0.45,4.15
795.93,-8.84,-0.45,4.15
796.0,-8.84,-0.45,4.15
796.07,-8.84,-0.45,4.15
796.14,-8.84,-0.45,4.15
796.21,-8.84,-0.45,4.15
796.28,-8.84,-0.45,4.15
796.35,-8.84,-0.45,4.15
796.42,-8.84,-0.45,4.15
796.49,-8.84,-0.45,4.15
796.55,-8.84,-0.45,4.15
796.62,-8.84,-0.45,4.15
796.69,-8.84,-0.45,4.15
796.76,-8.84,-0.45,4.15
796.83,-8.84,-0.45,4.15
796.89,-8.84,-0.45,4.15
796.96,-8.84,-0.45,4.15
797.03,-8.84,-0.45,4.15
797.1,-8.84,-0.45,4.15
797.17,-8.84,-0.45,4.15
797.24,-8.84,-0.45,4.15
797.31,-8.84,-0.45,4.15
797.38,-8.84,-0.45,4.15
797.45,-8.84,-0.45,4.15
797.52,-8.84,-0.45,4.15
797.58,-8.84,-0.45,4.15
797.65,-8.84,-0.45,4.15
797.72,-8.84,-0.45,4.15
797.78,-8.84,-0.45,4.15
797.85,-8.84,-0.45,4.15
797.92,-8.84,-0.45,4.15
797.98,-8.84,-0.45,4.15
798.05,-8.84,-0.45,4.15
798.12,-8.84,-0.45,4.15
798.19,-8.84,-0.45,4.15
798.25,-8.84,-0.45,4.15
798.32,-8.84,-0.45,4.15
798.39,-8.84,-0.45,4.15
798.45,-8.84,-0.45,4.15
798.52,-8.84,-0.45,4.15
798.59,-8.84,-0.45,4.15
798.66,-8.84,-0.45,4.15
798.73,-8.84,-0.45,4.15
798.79,-8.84,-0.45,4.15
798.86,-8.84,-0.45,4.15
798.93,-8.84,-0.45,4.15
799.0,-8.84,-0.45,4.15
799.07,-8.84,-0.45,4.15
799.14,-8.84,-0.45,4.15
799.2,-8.84,-0.45,4.15
799.27,-8.84,-0.45,4.15
799.34,-8.84,-0.45,4.15
799.4,-8.84,-0.45,4.15
799.47,-8.84,-0.45,4.15
799.54,-8.84,-0.45,4.15
799.6,-8.84,-0.45,4.15
799.67,-8.84,-0.45,4.15
799.74,-8.84,-0.45,4.15
799.81,-8.84,-0.45,4.15
799.88,-8.84,-0.45,4.15
799.95,-8.84,-0.45,4.15
800.02,-8.84,-0.45,4.15
800.1,-8.84,-0.45,4.15
800.17,-8.84,-0.45,4.15
800.24,-8.84,-0.45,4.15
800.3,-8.84,-0.45,4.15
800.37,-8.84,-0.45,4.15
800.44,-8.84,-0.45,4.15
800.51,-8.84,-0.45,4.15
800.58,-8.84,-0.45,4.15
800.64,-8.84,-0.45,4.15
800.71,-8.84,-0.45,4.15
800.77,-8.84,-0.45,4.15
800.84,-8.84,-0.45,4.15
800.91,-8.84,-0.45,4.15
800.97,-8.84,-0.45,4.15
801.04,-8.84,-0.45,4.15
801.11,-8.84,-0.45,4.15
801.18,-8.84,-0.45,4.15
801.25,-8.84,-0.45,4.15
801.31,-8.84,-0.45,4.15
801.38,-8.84,-0.45,4.15
801.45,-8.84,-0.45,4.15
801.51,-8.84,-0.45,4.15
801.58,-8.84,-0.45,4.15
801.65,-8.84,-0.45,4.15
801.71,-8.84,-0.45,4.15
801.78,-8.84,-0.45,4.15
801.85,-8.84,-0.45,4.15
801.92,-8.84,-0.45,4.15
801.99,-8.84,-0.45,4.15
802.05,-8.84,-0.45,4.15
802.12,-8.84,-0.45,4.15
802.19,-8.84,-0.45,4.15
802.25,-8.84,-0.45,4.15
802.32,-8.84,-0.45,4.15
802.39,-8.84,-0.45,4.15
802.45,-8.84,-0.45,4.15
802.52,-8.84,-0.45,4.15
802.59,-8.84,-0.45,4.15
802.66,-8.84,-0.45,4.15
802.73,-8.84,-0.45,4.15
802.8,-8.84,-0.45,4.15
802.87,-8.84,-0.45,4.15
802.93,-8.84,-0.45,4.15
803.0,-8.84,-0.45,4.15
803.07,-8.84,-0.45,4.15
803.14,-8.84,-0.45,4.15
803.21,-8.84,-0.45,4.15
803.28,-8.84,-0.45,4.15
803.35,-8.84,-0.45,4.15
803.41,-8.84,-0.45,4.15
803.48,-8.84,-0.45,4.15
803.55,-8.84,-0.45,4.15
803.61,-8.84,-0.45,4.15
803.68,-8.84,-0.45,4.15
803.75,-8.84,-0.45,4.15
803.81,-8.84,-0.45,4.15
803.88,-8.84,-0.45,4.15
803.95,-8.84,-0.45,4.15
804.02,-8.84,-0.45,4.15
804.09,-8.84,-0.45,4.15
804.16,-8.84,-0.45,4.15
804.22,-8.84,-0.45,4.15
804.29,-8.84,-0.45,4.15
804.36,-8.84,-0.45,4.15
804.43,-8.84,-0.45,4.15
804.5,-8.84,-0.45,4.15
804.56,-8.84,-0.45,4.15
804.63,-8.84,-0.45,4.15
804.69,-8.84,-0.45,4.15
804.76,-8.84,-0.45,4.15
804.83,-8.84,-0.45,4.15
804.9,-8.84,-0.45,4.15
804.97,-8.84,-0.45,4.15
805.04,-8.84,-0.45,4.15
805.1,-8.84,-0.45,4.15
805.17,-8.84,-0.45,4.15
805.24,-8.84,-0.45,4.15
805.31,-8.84,-0.45,4.15
805.38,-8.84,-0.45,4.15
805.45,-8.84,-0.45,4.15
805.52,-8.84,-0.45,4.15
805.59,-8.84,-0.45,4.15
805.66,-8.84,-0.45,4.15
805.73,-8.84,-0.45,4.15
805.8,-8.84,-0.45,4.15
805.87,-8.84,-0.45,4.15
805.93,-8.84,-0.45,4.15
806.0,-8.84,-0.45,4.15
806.07,-8.84,-0.45,4.15
806.13,-8.84,-0.45,4.15
806.2,-8.84,-0.45,4.15
806.27,-8.84,-0.45,4.15
806.34,-8.84,-0.45,4.15
806.41,-8.84,-0.45,4.15
806.47,-8.84,-0.45,4.15
806.54,-8.84,-0.45,4.15
806.61,-8.84,-0.45,4.15
806.68,-8.84,-0.45,4.15
806.75,-8.84,-0.45,4.15
806.82,-8.84,-0.45,4.15
806.89,-8.84,-0.45,4.15
806.96,-8.84,-0.45,4.15
807.03,-8.84,-0.45,4.15
807.1,-8.84,-0.45,4.15
807.17,-8.84,-0.45,4.15
807.23,-8.84,-0.45,4.15
807.3,-8.84,-0.45,4.15
807.36,-8.84,-0.45,4.15
807.43,-8.84,-0.45,4.15
807.5,-8.84,-0.45,4.15
807.56,-8.84,-0.45,4.15
807.63,-8.84,-0.45,4.15
807.7,-8.84,-0.45,4.15
807.76,-8.84,-0.45,4.15
807.83,-8.84,-0.45,4.15
807.9,-8.84,-0.45,4.15
807.97,-8.84,-0.45,4.15
808.04,-8.84,-0.45,4.15
808.1,-8.84,-0.45,4.15
808.18,-8.84,-0.45,4.15
808.25,-8.84,-0.45,4.15
808.32,-8.84,-0.45,4.15
808.38,-8.84,-0.45,4.15
808.46,-8.84,-0.45,4.15
808.52,-8.84,-0.45,4.15
808.59,-8.84,-0.45,4.15
808.66,-8.84,-0.45,4.15
808.73,-8.84,-0.45,4.15
808.8,-8.84,-0.45,4.15
808.87,-8.84,-0.45,4.15
808.94,-8.84,-0.45,4.15
809.01,-8.84,-0.45,4.15
809.07,-8.84,-0.45,4.15
809.14,-8.84,-0.45,4.15
809.21,-8.84,-0.45,4.15
809.27,-8.84,-0.45,4.15
809.34,-8.84,-0.45,4.15
809.41,-8.84,-0.45,4.15
809.47,-8.84,-0.45,4.15
809.54,-8.84,-0.45,4.15
809.61,-8.84,-0.45,4.15
809.68,-8.84,-0.45,4.15
809.74,-8.84,-0.45,4.15
809.81,-8.84,-0.45,4.15
809.88,-8.84,-0.45,4.15
809.95,-8.84,-0.45,4.15
810.02,-8.84,-0.45,4.15
810.09,-8.84,-0.45,4.15
810.15,-8.84,-0.45,4.15
810.22,-8.84,-0.45,4.15
810.29,-8.84,-0.45,4.15
810.35,-8.84,-0.45,4.15
810.42,-8.84,-0.45,4.15
810.49,-8.84,-0.45,4.15
810.56,-8.84,-0.45,4.15
810.63,-8.84,-0.45,4.15
810.69,-8.84,-0.45,4.15
810.76,-8.84,-0.45,4.15
810.83,-8.84,-0.45,4.15
810.9,-8.84,-0.45,4.15
810.96,-8.84,-0.45,4.15
811.03,-8.84,-0.45,4.15
811.09,-8.84,-0.45,4.15
811.16,-8.84,-0.45,4.15
811.23,-8.84,-0.45,4.15
811.29,-8.84,-0.45,4.15
811.36,-8.84,-0.45,4.15
811.44,-8.84,-0.45,4.15
811.5,-8.84,-0.45,4.15
811.57,-8.84,-0.45,4.15
811.64,-8.84,-0.45,4.15
811.71,-8.84,-0.45,4.15
811.78,-8.84,-0.45,4.15
811.85,-8.84,-0.45,4.15
811.92,-8.84,-0.45,4.15
811.99,-8.84,-0.45,4.15
812.06,-8.84,-0.45,4.15
812.12,-8.84,-0.45,4.15
812.19,-8.84,-0.45,4.15
812.26,-8.84,-0.45,4.15
812.33,-8.84,-0.45,4.15
812.4,-8.84,-0.45,4.15
812.47,-8.84,-0.45,4.15
812.54,-8.84,-0.45,4.15
812.61,-8.84,-0.45,4.15
812.68,-8.84,-0.45,4.15
812.75,-8.84,-0.45,4.15
812.81,-8.84,-0.45,4.15
812.88,-8.84,-0.45,4.15
812.95,-8.84,-0.45,4.15
813.02,-8.84,-0.45,4.15
813.09,-8.84,-0.45,4.15
813.16,-8.84,-0.45,4.15
813.22,-8.84,-0.45,4.15
813.29,-8.84,-0.45,4.15
813.36,-8.84,-0.45,4.15
813.42,-8.84,-0.45,4.15
813.49,-8.84,-0.45,4.15
813.56,-8.84,-0.45,4.15
813.63,-8.84,-0.45,4.15
813.7,-8.84,-0.45,4.15
813.76,-8.84,-0.45,4.15
813.83,-8.84,-0.45,4.15
813.9,-8.84,-0.45,4.15
813.97,-8.84,-0.45,4.15
814.04,-8.84,-0.45,4.15
814.11,-8.84,-0.45,4.15
814.18,-8.84,-0.45,4.15
814.24,-8.84,-0.45,4.15
814.31,-8.84,-0.45,4.15
814.38,-8.84,-0.45,4.15
814.44,-8.84,-0.45,4.15
814.51,-8.84,-0.45,4.15
814.58,-8.84,-0.45,4.15
814.64,-8.84,-0.45,4.15
814.71,-8.84,-0.45,4.15
814.78,-8.84,-0.45,4.15
814.85,-8.84,-0.45,4.15
814.91,-8.84,-0.45,4.15
814.99,-8.84,-0.45,4.15
815.05,-8.84,-0.45,4.15
815.12,-8.84,-0.45,4.15
815.19,-8.84,-0.45,4.15
815.26,-8.84,-0.45,4.15
815.33,-8.84,-0.45,4.15
815.4,-8.84,-0.45,4.15
815.46,-8.84,-0.45,4.15
815.53,-8.84,-0.45,4.15
815.6,-8.84,-0.45,4.15
815.66,-8.84,-0.45,4.15
815.73,-8.84,-0.45,4.15
815.8,-8.84,-0.45,4.15
815.86,-8.84,-0.45,4.15
815.93,-8.84,-0.45,4.15
816.0,-8.84,-0.45,4.15
816.07,-8.84,-0.45,4.15
816.14,-8.84,-0.45,4.15
816.2,-8.84,-0.45,4.15
816.27,-8.84,-0.45,4.15
816.34,-8.84,-0.45,4.15
816.41,-8.84,-0.45,4.15
816.48,-8.84,-0.45,4.15
816.54,-8.84,-0.45,4.15
816.61,-8.84,-0.45,4.15
816.67,-8.84,-0.45,4.15
816.74,-8.84,-0.45,4.15
816.81,-8.84,-0.45,4.15
816.87,-8.84,-0.45,4.15
816.94,-8.84,-0.45,4.15
817.01,-8.84,-0.45,4.15
817.08,-8.84,-0.45,4.15
817.15,-8.84,-0.45,4.15
817.21,-8.84,-0.45,4.15
817.28,-8.84,-0.45,4.15
817.35,-8.84,-0.45,4.15
817.42,-8.84,-0.45,4.15
817.48,-8.84,-0.45,4.15
817.55,-8.84,-0.45,4.15
817.62,-8.84,-0.45,4.15
817.68,-8.84,-0.45,4.15
817.75,-8.84,-0.45,4.15
817.82,-8.84,-0.45,4.15
817.88,-8.84,-0.45,4.15
817.95,-8.84,-0.45,4.15
818.02,-8.84,-0.45,4.15
818.09,-8.84,-0.45,4.15
818.16,-8.84,-0.45,4.15
818.22,-8.84,-0.45,4.15
818.29,-8.84,-0.45,4.15
818.36,-8.84,-0.45,4.15
818.43,-8.84,-0.45,4.15
818.5,-8.84,-0.45,4.15
818.56,-8.84,-0.45,4.15
818.63,-8.84,-0.45,4.15
818.7,-8.84,-0.45,4.15
818.77,-8.84,-0.45,4.15
818.83,-8.84,-0.45,4.15
818.9,-8.84,-0.45,4.15
818.97,-8.84,-0.45,4.15
819.04,-8.84,-0.45,4.15
819.1,-8.84,-0.45,4.15
819.17,-8.84,-0.45,4.15
819.24,-8.84,-0.45,4.15
819.31,-8.84,-0.45,4.15
819.38,-8.84,-0.45,4.15
819.45,-8.84,-0.45,4.15
819.51,-8.84,-0.45,4.15
819.58,-8.84,-0.45,4.15
819.65,-8.84,-0.45,4.15
819.71,-8.84,-0.45,4.15
819.78,-8.84,-0.45,4.15
819.85,-8.84,-0.45,4.15
819.92,-8.84,-0.45,4.15
819.99,-8.84,-0.45,4.15
820.06,-8.84,-0.45,4.15
820.12,-8.84,-0.45,4.15
820.2,-8.84,-0.45,4.15
820.27,-8.84,-0.45,4.15
820.34,-8.84,-0.45,4.15
820.4,-8.84,-0.45,4.15
820.47,-8.84,-0.45,4.15
820.54,-8.84,-0.45,4.15
820.6,-8.84,-0.45,4.15
820.67,-8.84,-0.45,4.15
820.74,-8.84,-0.45,4.15
820.8,-8.84,-0.45,4.15
820.87,-8.84,-0.45,4.15
820.94,-8.84,-0.45,4.15
821.01,-8.84,-0.45,4.15
821.08,-8.84,-0.45,4.15
821.15,-8.84,-0.45,4.15
821.22,-8.84,-0.45,4.15
821.28,-8.84,-0.45,4.15
821.35,-8.84,-0.45,4.15
821.43,-8.84,-0.45,4.15
821.49,-8.84,-0.45,4.15
821.57,-8.84,-0.45,4.15
821.64,-8.84,-0.45,4.15
821.71,-8.84,-0.45,4.15
821.78,-8.84,-0.45,4.15
821.85,-8.84,-0.45,4.15
821.91,-8.84,-0.45,4.15
821.98,-8.84,-0.45,4.15
822.05,-8.84,-0.45,4.15
822.11,-8.84,-0.45,4.15
822.18,-8.84,-0.45,4.15
822.24,-8.84,-0.45,4.15
822.31,-8.84,-0.45,4.15
822.38,-8.84,-0.45,4.15
822.45,-8.84,-0.45,4.15
822.52,-8.84,-0.45,4.15
822.59,-8.84,-0.45,4.15
822.66,-8.84,-0.45,4.15
822.73,-8.84,-0.45,4.15
822.8,-8.84,-0.45,4.15
822.86,-8.84,-0.45,4.15
822.93,-8.84,-0.45,4.15
822.99,-8.84,-0.45,4.15
823.06,-8.84,-0.45,4.15
823.13,-8.84,-0.45,4.15
823.19,-8.84,-0.45,4.15
823.26,-8.84,-0.45,4.15
823.32,-8.84,-0.45,4.15
823.39,-8.84,-0.45,4.15
823.46,-8.84,-0.45,4.15
823.53,-8.84,-0.45,4.15
823.6,-8.84,-0.45,4.15
823.66,-8.84,-0.45,4.15
823.73,-8.84,-0.45,4.15
823.8,-8.84,-0.45,4.15
823.87,-8.84,-0.45,4.15
823.94,-8.84,-0.45,4.15
824.0,-8.84,-0.45,4.15
824.07,-8.84,-0.45,4.15
824.13,-8.84,-0.45,4.15
824.2,-8.84,-0.45,4.15
824.27,-8.84,-0.45,4.15
824.33,-8.84,-0.45,4.15
824.4,-8.84,-0.45,4.15
824.46,-8.84,-0.45,4.15
824.53,-8.84,-0.45,4.15
824.6,-8.84,-0.45,4.15
824.66,-8.84,-0.45,4.15
824.73,-8.84,-0.45,4.15
824.8,-8.84,-0.45,4.15
824.87,-8.84,-0.45,4.15
824.94,-8.84,-0.45,4.15
825.01,-8.84,-0.45,4.15
825.07,-8.84,-0.45,4.15
825.14,-8.84,-0.45,4.15
825.21,-8.84,-0.45,4.15
825.27,-8.84,-0.45,4.15
825.34,-8.84,-0.45,4.15
825.41,-8.84,-0.45,4.15
825.47,-8.84,-0.45,4.15
825.54,-8.84,-0.45,4.15
825.61,-8.84,-0.45,4.15
825.68,-8.84,-0.45,4.15
825.74,-8.84,-0.45,4.15
825.81,-8.84,-0.45,4.15
825.88,-8.84,-0.45,4.15
825.95,-8.84,-0.45,4.15
826.02,-8.84,-0.45,4.15
826.09,-8.84,-0.45,4.15
826.16,-8.84,-0.45,4.15
826.22,-8.84,-0.45,4.15
826.29,-8.84,-0.45,4.15
826.36,-8.84,-0.45,4.15
826.42,-8.84,-0.45,4.15
826.49,-8.84,-0.45,4.15
826.56,-8.84,-0.45,4.15
826.62,-8.84,-0.45,4.15
826.7,-8.84,-0.45,4.15
826.76,-8.84,-0.45,4.15
826.84,-8.84,-0.45,4.15
826.9,-8.84,-0.45,4.15
826.97,-8.84,-0.45,4.15
827.04,-8.84,-0.45,4.15
827.11,-8.84,-0.45,4.15
827.18,-8.84,-0.45,4.15
827.25,-8.84,-0.45,4.15
827.31,-8.84,-0.45,4.15
827.38,-8.84,-0.45,4.15
827.44,-8.84,-0.45,4.15
827.51,-8.84,-0.45,4.15
827.58,-8.84,-0.45,4.15
827.65,-8.84,-0.45,4.15
827.72,-8.84,-0.45,4.15
827.78,-8.84,-0.45,4.15
827.85,-8.84,-0.45,4.15
827.92,-8.84,-0.45,4.15
827.99,-8.84,-0.45,4.15
828.05,-8.84,-0.45,4.15
828.13,-8.84,-0.45,4.15
828.2,-8.84,-0.45,4.15
828.27,-8.84,-0.45,4.15
828.34,-8.84,-0.45,4.15
828.4,-8.84,-0.45,4.15
828.47,-8.84,-0.45,4.15
828.54,-8.84,-0.45,4.15
828.6,-8.84,-0.45,4.15
828.67,-8.84,-0.45,4.15
828.74,-8.84,-0.45,4.15
828.81,-8.84,-0.45,4.15
828.87,-8.84,-0.45,4.15
828.94,-8.84,-0.45,4.15
829.0,-8.84,-0.45,4.15
829.07,-8.84,-0.45,4.15
829.14,-8.84,-0.45,4.15
829.2,-8.84,-0.45,4.15
829.28,-8.84,-0.45,4.15
829.34,-8.84,-0.45,4.15
829.41,-8.84,-0.45,4.15
829.48,-8.84,-0.45,4.15
829.55,-8.84,-0.45,4.15
829.62,-8.84,-0.45,4.15
829.69,-8.84,-0.45,4.15
829.75,-8.84,-0.45,4.15
829.83,-8.84,-0.45,4.15
829.89,-8.84,-0.45,4.15
829.96,-8.84,-0.45,4.15
830.03,-8.84,-0.45,4.15
830.1,-8.84,-0.45,4.15
830.17,-8.84,-0.45,4.15
830.23,-8.84,-0.45,4.15
830.3,-8.84,-0.45,4.15
830.37,-8.84,-0.45,4.15
830.44,-8.84,-0.45,4.15
830.51,-8.84,-0.45,4.15
830.58,-8.84,-0.45,4.15
830.65,-8.84,-0.45,4.15
830.72,-8.84,-0.45,4.15
830.79,-8.84,-0.45,4.15
830.86,-8.84,-0.45,4.15
830.92,-8.84,-0.45,4.15
830.99,-8.84,-0.45,4.15
831.06,-8.84,-0.45,4.15
831.13,-8.84,-0.45,4.15
831.2,-8.84,-0.45,4.15
831.27,-8.84,-0.45,4.15
831.33,-8.84,-0.45,4.15
831.4,-8.84,-0.45,4.15
831.47,-8.84,-0.45,4.15
831.54,-8.84,-0.45,4.15
831.61,-8.84,-0.45,4.15
831.67,-8.84,-0.45,4.15
831.74,-8.84,-0.45,4.15
831.81,-8.84,-0.45,4.15
831.87,-8.84,-0.45,4.15
831.94,-8.84,-0.45,4.15
832.01,-8.84,-0.45,4.15
832.08,-8.84,-0.45,4.15
832.14,-8.84,-0.45,4.15
832.21,-8.84,-0.45,4.15
832.28,-8.84,-0.45,4.15
832.35,-8.84,-0.45,4.15
832.41,-8.84,-0.45,4.15
832.48,-8.84,-0.45,4.15
832.55,-8.84,-0.45,4.15
832.63,-8.84,-0.45,4.15
832.69,-8.84,-0.45,4.15
832.76,-8.84,-0.45,4.15
832.83,-8.84,-0.45,4.15
832.9,-8.84,-0.45,4.15
832.96,-8.84,-0.45,4.15
833.03,-8.84,-0.45,4.15
833.1,-8.84,-0.45,4.15
833.17,-8.84,-0.45,4.15
833.23,-8.84,-0.45,4.15
833.3,-8.84,-0.45,4.15
833.36,-8.84,-0.45,4.15
833.43,-8.84,-0.45,4.15
833.5,-8.84,-0.45,4.15
833.58,-8.84,-0.45,4.15
833.64,-8.84,-0.45,4.15
833.71,-8.84,-0.45,4.15
833.78,-8.84,-0.45,4.15
833.85,-8.84,-0.45,4.15
833.92,-8.84,-0.45,4.15
833.98,-8.84,-0.45,4.15
834.06,-8.84,-0.45,4.15
834.13,-8.84,-0.45,4.15
834.19,-8.84,-0.45,4.15
834.26,-8.84,-0.45,4.15
834.33,-8.84,-0.45,4.15
834.4,-8.84,-0.45,4.15
834.47,-8.84,-0.45,4.15
834.54,-8.84,-0.45,4.15
834.61,-8.84,-0.45,4.15
834.67,-8.84,-0.45,4.15
834.74,-8.84,-0.45,4.15
834.81,-8.84,-0.45,4.15
834.88,-8.84,-0.45,4.15
834.95,-8.84,-0.45,4.15
835.02,-8.84,-0.45,4.15
835.08,-8.84,-0.45,4.15
835.15,-8.84,-0.45,4.15
835.21,-8.84,-0.45,4.15
835.28,-8.84,-0.45,4.15
835.35,-8.84,-0.45,4.15
835.42,-8.84,-0.45,4.15
835.49,-8.84,-0.45,4.15
835.56,-8.84,-0.45,4.15
835.63,-8.84,-0.45,4.15
835.7,-8.84,-0.45,4.15
835.77,-8.84,-0.45,4.15
835.84,-8.84,-0.45,4.15
835.91,-8.84,-0.45,4.15
835.97,-8.84,-0.45,4.15
836.04,-8.84,-0.45,4.15
836.11,-8.84,-0.45,4.15
836.18,-8.84,-0.45,4.15
836.24,-8.84,-0.45,4.15
836.31,-8.84,-0.45,4.15
836.38,-8.84,-0.45,4.15
836.44,-8.84,-0.45,4.15
836.51,-8.84,-0.45,4.15
836.58,-8.84,-0.45,4.15
836.64,-8.84,-0.45,4.15
836.71,-8.84,-0.45,4.15
836.78,-8.84,-0.45,4.15
836.84,-8.84,-0.45,4.15
836.91,-8.84,-0.45,4.15
836.98,-8.84,-0.45,4.15
837.05,-8.84,-0.45,4.15
837.12,-8.84,-0.45,4.15
837.19,-8.84,-0.45,4.15
837.26,-8.84,-0.45,4.15
837.32,-8.84,-0.45,4.15
837.39,-8.84,-0.45,4.15
837.46,-8.84,-0.45,4.15
837.53,-8.84,-0.45,4.15
837.6,-8.84,-0.45,4.15
837.67,-8.84,-0.45,4.15
837.74,-8.84,-0.45,4.15
837.81,-8.84,-0.45,4.15
837.88,-8.84,-0.45,4.15
837.95,-8.84,-0.45,4.15
838.02,-8.84,-0.45,4.15
838.08,-8.84,-0.45,4.15
838.15,-8.84,-0.45,4.15
838.22,-8.84,-0.45,4.15
838.29,-8.84,-0.45,4.15
838.36,-8.84,-0.45,4.15
838.43,-8.84,-0.45,4.15
838.49,-8.84,-0.45,4.15
838.56,-8.84,-0.45,4.15
838.63,-8.84,-0.45,4.15
838.7,-8.84,-0.45,4.15
838.77,-8.84,-0.45,4.15
838.83,-8.84,-0.45,4.15
838.9,-8.84,-0.45,4.15
838.96,-8.84,-0.45,4.15
839.03,-8.84,-0.45,4.15
839.1,-8.84,-0.45,4.15
839.17,-8.84,-0.45,4.15
839.23,-8.84,-0.45,4.15
839.3,-8.84,-0.45,4.15
839.38,-8.84,-0.45,4.15
839.44,-8.84,-0.45,4.15
839.51,-8.84,-0.45,4.15
839.58,-8.84,-0.45,4.15
839.65,-8.84,-0.45,4.15
839.72,-8.84,-0.45,4.15
839.79,-8.84,-0.45,4.15
839.86,-8.84,-0.45,4.15
839.92,-8.84,-0.45,4.15
839.99,-8.84,-0.45,4.15
840.06,-8.84,-0.45,4.15
840.13,-8.84,-0.45,4.15
840.2,-8.84,-0.45,4.15
840.27,-8.84,-0.45,4.15
840.34,-8.84,-0.45,4.15
840.41,-8.84,-0.45,4.15
840.47,-8.84,-0.45,4.15
840.54,-8.84,-0.45,4.15
840.61,-8.84,-0.45,4.15
840.68,-8.84,-0.45,4.15
840.74,-8.84,-0.45,4.15
840.82,-8.84,-0.45,4.15
840.89,-8.84,-0.45,4.15
840.95,-8.84,-0.45,4.15
841.02,-8.84,-0.45,4.15
841.09,-8.84,-0.45,4.15
841.16,-8.84,-0.45,4.15
841.23,-8.84,-0.45,4.15
841.3,-8.84,-0.45,4.15
841.36,-8.84,-0.45,4.15
841.43,-8.84,-0.45,4.15
841.5,-8.84,-0.45,4.15
841.56,-8.84,-0.45,4.15
841.63,-8.84,-0.45,4.15
841.71,-8.84,-0.45,4.15
841.78,-8.84,-0.45,4.15
841.84,-8.84,-0.45,4.15
841.91,-8.84,-0.45,4.15
841.98,-8.84,-0.45,4.15
842.05,-8.84,-0.45,4.15
842.12,-8.84,-0.45,4.15
842.18,-8.84,-0.45,4.15
842.25,-8.84,-0.45,4.15
842.32,-8.84,-0.45,4.15
842.38,-8.84,-0.45,4.15
842.45,-8.84,-0.45,4.15
842.52,-8.84,-0.45,4.15
842.58,-8.84,-0.45,4.15
842.65,-8.84,-0.45,4.15
842.72,-8.84,-0.45,4.15
842.79,-8.84,-0.45,4.15
842.86,-8.84,-0.45,4.15
842.93,-8.84,-0.45,4.15
842.99,-8.84,-0.45,4.15
843.06,-8.84,-0.45,4.15
843.13,-8.84,-0.45,4.15
843.2,-8.84,-0.45,4.15
843.27,-8.84,-0.45,4.15
843.34,-8.84,-0.45,4.15
843.41,-8.84,-0.45,4.15
843.48,-8.84,-0.45,4.15
843.54,-8.84,-0.45,4.15
843.61,-8.84,-0.45,4.15
843.68,-8.84,-0.45,4.15
843.75,-8.84,-0.45,4.15
843.81,-8.84,-0.45,4.15
843.88,-8.84,-0.45,4.15
843.94,-8.84,-0.45,4.15
844.01,-8.84,-0.45,4.15
844.08,-8.84,-0.45,4.15
844.14,-8.84,-0.45,4.15
844.21,-8.84,-0.45,4.15
844.28,-8.84,-0.45,4.15
844.35,-8.84,-0.45,4.15
844.42,-8.84,-0.45,4.15
844.49,-8.84,-0.45,4.15
844.56,-8.84,-0.45,4.15
844.62,-8.84,-0.45,4.15
844.69,-8.84,-0.45,4.15
844.76,-8.84,-0.45,4.15
844.82,-8.84,-0.45,4.15
844.89,-8.84,-0.45,4.15
844.96,-8.84,-0.45,4.15
845.02,-8.84,-0.45,4.15
845.09,-8.84,-0.45,4.15
845.16,-8.84,-0.45,4.15
845.23,-8.84,-0.45,4.15
845.3,-8.84,-0.45,4.15
845.37,-8.84,-0.45,4.15
845.44,-8.84,-0.45,4.15
845.51,-8.84,-0.45,4.15
845.58,-8.84,-0.45,4.15
845.65,-8.84,-0.45,4.15
845.71,-8.84,-0.45,4.15
845.78,-8.84,-0.45,4.15
845.85,-8.84,-0.45,4.15
845.92,-8.84,-0.45,4.15
845.99,-8.84,-0.45,4.15
846.05,-8.84,-0.45,4.15
846.12,-8.84,-0.45,4.15
846.19,-8.84,-0.45,4.15
846.25,-8.84,-0.45,4.15
846.32,-8.84,-0.45,4.15
846.39,-8.84,-0.45,4.15
846.45,-8.84,-0.45,4.15
846.52,-8.84,-0.45,4.15
846.6,-8.84,-0.45,4.15
846.67,-8.84,-0.45,4.15
846.74,-8.84,-0.45,4.15
846.8,-8.84,-0.45,4.15
846.87,-8.84,-0.45,4.15
846.94,-8.84,-0.45,4.15
847.01,-8.84,-0.45,4.15
847.07,-8.84,-0.45,4.15
847.14,-8.84,-0.45,4.15
847.21,-8.84,-0.45,4.15
847.28,-8.84,-0.45,4.15
847.34,-8.84,-0.45,4.15
847.41,-8.84,-0.45,4.15
847.48,-8.84,-0.45,4.15
847.55,-8.84,-0.45,4.15
847.62,-8.84,-0.45,4.15
847.66,-8.84,-0.45,4.15
847.68,-8.84,-0.45,4.15
847.75,-8.84,-0.45,4.15
847.82,-8.84,-0.45,4.15
847.89,-8.84,-0.45,4.15
