ElapsedSec,MotorCmdType,MotorCmdUpdatedElapsedSec,Motor1CmdSpeed,Motor1CmdForward,Motor2CmdSpeed,Motor2CmdForward
0.0,stop,0.0,0.0,1,0.0,1
0.0,stop,0.0,0.0,1,0.0,1
0.0,stop,0.0,0.0,1,0.0,1
0.0,stop,0.0,0.0,1,0.0,1
0.0,stop,0.0,0.0,1,0.0,1
0.0,stop,0.0,0.0,1,0.0,1
0.0,stop,0.0,0.0,1,0.0,1
0.0,stop,0.0,0.0,1,0.0,1
0.0,stop,0.0,0.0,1,0.0,1
0.0,stop,0.0,0.0,1,0.0,1
0.0,stop,0.0,0.0,1,0.0,1
0.0,stop,0.0,0.0,1,0.0,1
0.0,stop,0.0,0.0,1,0.0,1
0.0,stop,0.0,0.0,1,0.0,1
0.0,stop,0.0,0.0,1,0.0,1
0.0,stop,0.0,0.0,1,0.0,1
0.0,stop,0.0,0.0,1,0.0,1
0.0,stop,0.0,0.0,1,0.0,1
0.0,stop,0.0,0.0,1,0.0,1
0.05,stop,0.0,0.0,1,0.0,1
0.12,stop,0.11,0.0,1,0.0,1
0.19,stop,0.11,0.0,1,0.0,1
0.25,stop,0.21,0.0,1,0.0,1
0.32,stop,0.31,0.0,1,0.0,1
0.38,stop,0.31,0.0,1,0.0,1
0.45,stop,0.41,0.0,1,0.0,1
0.51,stop,0.51,0.0,1,0.0,1
0.58,stop,0.51,0.0,1,0.0,1
0.64,stop,0.61,0.0,1,0.0,1
0.71,stop,0.71,0.0,1,0.0,1
0.78,stop,0.71,0.0,1,0.0,1
0.84,stop,0.81,0.0,1,0.0,1
0.91,stop,0.81,0.0,1,0.0,1
0.97,stop,0.91,0.0,1,0.0,1
1.04,stop,1.01,0.0,1,0.0,1
1.1,stop,1.01,0.0,1,0.0,1
1.17,stop,1.11,0.0,1,0.0,1
1.23,stop,1.21,0.0,1,0.0,1
1.3,stop,1.21,0.0,1,0.0,1
1.37,stop,1.31,0.0,1,0.0,1
1.43,stop,1.41,0.0,1,0.0,1
1.5,stop,1.41,0.0,1,0.0,1
1.56,stop,1.51,0.0,1,0.0,1
1.63,stop,1.61,0.0,1,0.0,1
1.69,stop,1.61,0.0,1,0.0,1
1.76,stop,1.71,0.0,1,0.0,1
1.83,stop,1.81,0.0,1,0.0,1
1.89,stop,1.81,0.0,1,0.0,1
1.96,stop,1.91,0.0,1,0.0,1
2.02,stop,2.01,0.0,1,0.0,1
2.09,stop,2.01,0.0,1,0.0,1
2.16,stop,2.11,0.0,1,0.0,1
2.22,stop,2.21,0.0,1,0.0,1
2.29,stop,2.21,0.0,1,0.0,1
2.35,stop,2.31,0.0,1,0.0,1
2.42,stop,2.41,0.0,1,0.0,1
2.48,stop,2.41,0.0,1,0.0,1
2.55,stop,2.51,0.0,1,0.0,1
2.62,stop,2.61,0.0,1,0.0,1
2.68,stop,2.61,0.0,1,0.0,1
2.75,stop,2.71,0.0,1,0.0,1
2.81,stop,2.71,0.0,1,0.0,1
2.88,stop,2.81,0.0,1,0.0,1
2.94,stop,2.91,0.0,1,0.0,1
3.01,stop,2.91,0.0,1,0.0,1
3.08,stop,3.01,0.0,1,0.0,1
3.14,stop,3.12,0.0,1,0.0,1
3.21,stop,3.12,0.0,1,0.0,1
3.27,stop,3.22,0.0,1,0.0,1
3.34,stop,3.32,0.0,1,0.0,1
3.41,stop,3.32,0.0,1,0.0,1
3.47,stop,3.42,0.0,1,0.0,1
3.54,stop,3.52,0.0,1,0.0,1
3.61,stop,3.52,0.0,1,0.0,1
3.67,stop,3.62,0.0,1,0.0,1
3.74,stop,3.72,0.0,1,0.0,1
3.81,stop,3.72,0.0,1,0.0,1
3.87,stop,3.82,0.0,1,0.0,1
3.94,stop,3.92,0.0,1,0.0,1
4.01,stop,3.92,0.0,1,0.0,1
4.07,stop,4.02,0.0,1,0.0,1
4.16,stop,4.12,0.0,1,0.0,1
4.22,stop,4.22,0.0,1,0.0,1
4.29,stop,4.22,0.0,1,0.0,1
4.36,stop,4.32,0.0,1,0.0,1
4.43,stop,4.42,0.0,1,0.0,1
4.5,stop,4.42,0.0,1,0.0,1
4.56,stop,4.52,0.0,1,0.0,1
4.63,stop,4.62,0.0,1,0.0,1
4.69,stop,4.62,0.0,1,0.0,1
4.76,stop,4.72,0.0,1,0.0,1
4.83,stop,4.82,0.0,1,0.0,1
4.9,stop,4.82,0.0,1,0.0,1
4.97,stop,4.92,0.0,1,0.0,1
5.03,stop,5.03,0.0,1,0.0,1
5.1,stop,5.03,0.0,1,0.0,1
5.16,stop,5.13,0.0,1,0.0,1
5.23,stop,5.23,0.0,1,0.0,1
5.3,stop,5.23,0.0,1,0.0,1
5.36,stop,5.33,0.0,1,0.0,1
5.43,stop,5.43,0.0,1,0.0,1
5.5,stop,5.43,0.0,1,0.0,1
5.56,stop,5.53,0.0,1,0.0,1
5.63,stop,5.53,0.0,1,0.0,1
5.69,stop,5.63,0.0,1,0.0,1
5.76,stop,5.73,0.0,1,0.0,1
5.82,stop,5.73,0.0,1,0.0,1
5.89,stop,5.83,0.0,1,0.0,1
5.96,stop,5.93,0.0,1,0.0,1
6.02,stop,5.93,0.0,1,0.0,1
6.09,stop,6.03,0.0,1,0.0,1
6.15,stop,6.13,0.0,1,0.0,1
6.22,stop,6.13,0.0,1,0.0,1
6.29,stop,6.23,0.0,1,0.0,1
6.36,stop,6.33,0.0,1,0.0,1
6.42,stop,6.33,0.0,1,0.0,1
6.49,stop,6.43,0.0,1,0.0,1
6.56,stop,6.53,0.0,1,0.0,1
6.62,stop,6.53,0.0,1,0.0,1
6.69,stop,6.64,0.0,1,0.0,1
6.75,stop,6.74,0.0,1,0.0,1
6.82,stop,6.74,0.0,1,0.0,1
6.89,stop,6.84,0.0,1,0.0,1
6.95,stop,6.94,0.0,1,0.0,1
7.02,stop,6.94,0.0,1,0.0,1
7.08,stop,7.04,0.0,1,0.0,1
7.15,stop,7.14,0.0,1,0.0,1
7.22,stop,7.14,0.0,1,0.0,1
7.28,stop,7.24,0.0,1,0.0,1
7.35,stop,7.34,0.0,1,0.0,1
7.42,stop,7.34,0.0,1,0.0,1
7.48,stop,7.44,0.0,1,0.0,1
7.55,stop,7.54,0.0,1,0.0,1
7.62,stop,7.54,0.0,1,0.0,1
7.68,stop,7.64,0.0,1,0.0,1
7.75,stop,7.74,0.0,1,0.0,1
7.81,stop,7.74,0.0,1,0.0,1
7.88,stop,7.84,0.0,1,0.0,1
7.95,stop,7.94,0.0,1,0.0,1
8.01,stop,7.94,0.0,1,0.0,1
8.08,stop,8.04,0.0,1,0.0,1
8.15,stop,8.14,0.0,1,0.0,1
8.21,stop,8.14,0.0,1,0.0,1
8.28,stop,8.25,0.0,1,0.0,1
8.34,stop,8.25,0.0,1,0.0,1
8.41,stop,8.35,0.0,1,0.0,1
8.48,stop,8.45,0.0,1,0.0,1
8.55,stop,8.55,0.0,1,0.0,1
8.61,stop,8.55,0.0,1,0.0,1
8.68,stop,8.65,0.0,1,0.0,1
8.75,stop,8.65,0.0,1,0.0,1
8.81,stop,8.75,0.0,1,0.0,1
8.88,stop,8.85,0.0,1,0.0,1
8.95,stop,8.85,0.0,1,0.0,1
9.01,stop,8.95,0.0,1,0.0,1
9.08,stop,9.05,0.0,1,0.0,1
9.15,stop,9.05,0.0,1,0.0,1
9.21,stop,9.15,0.0,1,0.0,1
9.28,stop,9.25,0.0,1,0.0,1
9.35,stop,9.25,0.0,1,0.0,1
9.42,stop,9.35,0.0,1,0.0,1
9.48,stop,9.45,0.0,1,0.0,1
9.55,stop,9.45,0.0,1,0.0,1
9.62,stop,9.55,0.0,1,0.0,1
9.68,stop,9.65,0.0,1,0.0,1
9.75,stop,9.65,0.0,1,0.0,1
9.82,stop,9.75,0.0,1,0.0,1
9.88,stop,9.85,0.0,1,0.0,1
9.95,stop,9.85,0.0,1,0.0,1
10.02,stop,9.95,0.0,1,0.0,1
10.08,stop,10.05,0.0,1,0.0,1
10.15,stop,10.05,0.0,1,0.0,1
10.22,stop,10.15,0.0,1,0.0,1
10.28,stop,10.26,0.0,1,0.0,1
10.35,stop,10.26,0.0,1,0.0,1
10.42,stop,10.36,0.0,1,0.0,1
10.48,stop,10.46,0.0,1,0.0,1
10.55,stop,10.46,0.0,1,0.0,1
10.62,stop,10.56,0.0,1,0.0,1
10.68,stop,10.66,0.0,1,0.0,1
10.75,stop,10.66,0.0,1,0.0,1
10.82,stop,10.76,0.0,1,0.0,1
10.89,stop,10.86,0.0,1,0.0,1
10.96,stop,10.86,0.0,1,0.0,1
11.02,stop,10.96,0.0,1,0.0,1
11.09,stop,11.06,0.0,1,0.0,1
11.16,stop,11.06,0.0,1,0.0,1
11.22,stop,11.16,0.0,1,0.0,1
11.29,stop,11.26,0.0,1,0.0,1
11.35,stop,11.26,0.0,1,0.0,1
11.42,stop,11.36,0.0,1,0.0,1
11.49,stop,11.46,0.0,1,0.0,1
11.55,stop,11.46,0.0,1,0.0,1
11.62,stop,11.56,0.0,1,0.0,1
11.68,stop,11.66,0.0,1,0.0,1
11.75,stop,11.66,0.0,1,0.0,1
11.82,stop,11.76,0.0,1,0.0,1
11.88,stop,11.86,0.0,1,0.0,1
11.95,stop,11.86,0.0,1,0.0,1
12.02,stop,11.96,0.0,1,0.0,1
12.08,stop,12.06,0.0,1,0.0,1
12.15,stop,12.06,0.0,1,0.0,1
12.21,stop,12.16,0.0,1,0.0,1
12.28,stop,12.26,0.0,1,0.0,1
12.35,stop,12.26,0.0,1,0.0,1
12.41,stop,12.37,0.0,1,0.0,1
12.48,stop,12.47,0.0,1,0.0,1
12.54,stop,12.47,0.0,1,0.0,1
12.61,stop,12.57,0.0,1,0.0,1
12.67,stop,12.67,0.0,1,0.0,1
12.74,stop,12.67,0.0,1,0.0,1
12.81,stop,12.77,0.0,1,0.0,1
12.87,stop,12.87,0.0,1,0.0,1
12.94,stop,12.87,0.0,1,0.0,1
13.01,stop,12.97,0.0,1,0.0,1
13.1,stop,13.07,0.0,1,0.0,1
13.16,stop,13.07,0.0,1,0.0,1
13.23,stop,13.17,0.0,1,0.0,1
13.3,stop,13.27,0.0,1,0.0,1
13.36,stop,13.27,0.0,1,0.0,1
13.43,stop,13.37,0.0,1,0.0,1
13.5,stop,13.47,0.0,1,0.0,1
13.56,stop,13.47,0.0,1,0.0,1
13.63,stop,13.57,0.0,1,0.0,1
13.69,stop,13.67,0.0,1,0.0,1
13.76,stop,13.67,0.0,1,0.0,1
13.83,stop,13.77,0.0,1,0.0,1
13.89,stop,13.87,0.0,1,0.0,1
13.96,stop,13.87,0.0,1,0.0,1
14.04,stop,13.97,0.0,1,0.0,1
14.1,stop,14.07,0.0,1,0.0,1
14.17,stop,14.07,0.0,1,0.0,1
14.24,stop,14.17,0.0,1,0.0,1
14.3,stop,14.27,0.0,1,0.0,1
14.37,stop,14.27,0.0,1,0.0,1
14.44,stop,14.37,0.0,1,0.0,1
14.5,stop,14.47,0.0,1,0.0,1
14.57,stop,14.47,0.0,1,0.0,1
14.63,stop,14.58,0.0,1,0.0,1
14.7,stop,14.68,0.0,1,0.0,1
14.77,stop,14.68,0.0,1,0.0,1
14.83,stop,14.78,0.0,1,0.0,1
14.9,stop,14.88,0.0,1,0.0,1
14.97,stop,14.88,0.0,1,0.0,1
15.03,stop,14.98,0.0,1,0.0,1
15.1,stop,15.08,0.0,1,0.0,1
15.17,stop,15.08,0.0,1,0.0,1
15.23,stop,15.18,0.0,1,0.0,1
15.3,stop,15.28,0.0,1,0.0,1
15.37,stop,15.28,0.0,1,0.0,1
15.43,stop,15.38,0.0,1,0.0,1
15.5,stop,15.48,0.0,1,0.0,1
15.57,stop,15.48,0.0,1,0.0,1
15.63,stop,15.58,0.0,1,0.0,1
15.7,stop,15.68,0.0,1,0.0,1
15.77,stop,15.68,0.0,1,0.0,1
15.83,stop,15.78,0.0,1,0.0,1
15.9,stop,15.88,0.0,1,0.0,1
15.97,stop,15.88,0.0,1,0.0,1
16.03,stop,15.98,0.0,1,0.0,1
16.1,stop,16.08,0.0,1,0.0,1
16.16,stop,16.08,0.0,1,0.0,1
16.23,stop,16.18,0.0,1,0.0,1
16.3,stop,16.28,0.0,1,0.0,1
16.37,stop,16.28,0.0,1,0.0,1
16.43,stop,16.38,0.0,1,0.0,1
16.5,stop,16.48,0.0,1,0.0,1
16.56,stop,16.48,0.0,1,0.0,1
16.63,stop,16.58,0.0,1,0.0,1
16.7,stop,16.68,0.0,1,0.0,1
16.76,stop,16.68,0.0,1,0.0,1
16.83,stop,16.79,0.0,1,0.0,1
16.9,stop,16.89,0.0,1,0.0,1
16.96,stop,16.89,0.0,1,0.0,1
17.03,stop,16.99,0.0,1,0.0,1
17.1,stop,17.09,0.0,1,0.0,1
17.17,stop,17.09,0.0,1,0.0,1
17.24,stop,17.19,0.0,1,0.0,1
17.31,stop,17.29,0.0,1,0.0,1
17.37,stop,17.29,0.0,1,0.0,1
17.44,stop,17.39,0.0,1,0.0,1
17.5,stop,17.49,0.0,1,0.0,1
17.57,stop,17.49,0.0,1,0.0,1
17.64,stop,17.59,0.0,1,0.0,1
17.7,stop,17.69,0.0,1,0.0,1
17.77,stop,17.69,0.0,1,0.0,1
17.83,stop,17.79,0.0,1,0.0,1
17.9,stop,17.89,0.0,1,0.0,1
17.97,stop,17.89,0.0,1,0.0,1
18.03,stop,17.99,0.0,1,0.0,1
18.1,stop,18.09,0.0,1,0.0,1
18.16,stop,18.09,0.0,1,0.0,1
18.23,stop,18.19,0.0,1,0.0,1
18.3,stop,18.29,0.0,1,0.0,1
18.36,stop,18.29,0.0,1,0.0,1
18.43,stop,18.39,0.0,1,0.0,1
18.5,stop,18.49,0.0,1,0.0,1
18.56,stop,18.49,0.0,1,0.0,1
18.63,stop,18.59,0.0,1,0.0,1
18.69,stop,18.59,0.0,1,0.0,1
18.76,stop,18.69,0.0,1,0.0,1
18.83,stop,18.79,0.0,1,0.0,1
18.89,stop,18.79,0.0,1,0.0,1
18.96,stop,18.89,0.0,1,0.0,1
19.02,stop,19.0,0.0,1,0.0,1
19.09,stop,19.0,0.0,1,0.0,1
19.16,stop,19.1,0.0,1,0.0,1
19.22,stop,19.2,0.0,1,0.0,1
19.29,stop,19.2,0.0,1,0.0,1
19.35,stop,19.3,0.0,1,0.0,1
19.42,stop,19.4,0.0,1,0.0,1
19.49,stop,19.4,0.0,1,0.0,1
19.55,stop,19.5,0.0,1,0.0,1
19.62,stop,19.6,0.0,1,0.0,1
19.69,stop,19.6,0.0,1,0.0,1
19.75,stop,19.7,0.0,1,0.0,1
19.82,stop,19.8,0.0,1,0.0,1
19.88,stop,19.8,0.0,1,0.0,1
19.95,stop,19.9,0.0,1,0.0,1
20.02,stop,20.0,0.0,1,0.0,1
20.08,stop,20.0,0.0,1,0.0,1
20.15,stop,20.1,0.0,1,0.0,1
20.22,stop,20.2,0.0,1,0.0,1
20.28,stop,20.2,0.0,1,0.0,1
20.35,stop,20.3,0.0,1,0.0,1
20.42,stop,20.4,0.0,1,0.0,1
20.48,stop,20.4,0.0,1,0.0,1
20.55,stop,20.5,0.0,1,0.0,1
20.61,stop,20.6,0.0,1,0.0,1
20.68,stop,20.6,0.0,1,0.0,1
20.75,stop,20.7,0.0,1,0.0,1
20.81,stop,20.8,0.0,1,0.0,1
20.88,stop,20.8,0.0,1,0.0,1
20.95,stop,20.9,0.0,1,0.0,1
21.01,stop,21.0,0.0,1,0.0,1
21.08,stop,21.0,0.0,1,0.0,1
21.15,stop,21.11,0.0,1,0.0,1
21.21,stop,21.21,0.0,1,0.0,1
21.28,stop,21.21,0.0,1,0.0,1
21.34,stop,21.31,0.0,1,0.0,1
21.41,stop,21.41,0.0,1,0.0,1
21.48,stop,21.41,0.0,1,0.0,1
21.54,stop,21.51,0.0,1,0.0,1
21.61,stop,21.61,0.0,1,0.0,1
21.68,stop,21.61,0.0,1,0.0,1
21.74,stop,21.71,0.0,1,0.0,1
21.81,stop,21.81,0.0,1,0.0,1
21.88,stop,21.81,0.0,1,0.0,1
21.94,stop,21.91,0.0,1,0.0,1
22.01,stop,22.01,0.0,1,0.0,1
22.08,stop,22.01,0.0,1,0.0,1
22.14,stop,22.11,0.0,1,0.0,1
22.21,stop,22.11,0.0,1,0.0,1
22.28,stop,22.21,0.0,1,0.0,1
22.34,stop,22.31,0.0,1,0.0,1
22.41,stop,22.31,0.0,1,0.0,1
22.48,stop,22.41,0.0,1,0.0,1
22.54,stop,22.51,0.0,1,0.0,1
22.61,stop,22.51,0.0,1,0.0,1
22.68,stop,22.61,0.0,1,0.0,1
22.74,stop,22.71,0.0,1,0.0,1
22.81,stop,22.71,0.0,1,0.0,1
22.88,stop,22.81,0.0,1,0.0,1
22.94,stop,22.91,0.0,1,0.0,1
23.01,stop,22.91,0.0,1,0.0,1
23.08,stop,23.01,0.0,1,0.0,1
23.14,stop,23.11,0.0,1,0.0,1
23.21,stop,23.11,0.0,1,0.0,1
23.28,stop,23.21,0.0,1,0.0,1
23.34,stop,23.32,0.0,1,0.0,1
23.41,stop,23.32,0.0,1,0.0,1
23.48,stop,23.42,0.0,1,0.0,1
23.54,stop,23.52,0.0,1,0.0,1
23.61,stop,23.52,0.0,1,0.0,1
23.68,stop,23.62,0.0,1,0.0,1
23.74,stop,23.72,0.0,1,0.0,1
23.81,stop,23.72,0.0,1,0.0,1
23.88,stop,23.82,0.0,1,0.0,1
23.95,stop,23.92,0.0,1,0.0,1
24.02,stop,23.92,0.0,1,0.0,1
24.08,stop,24.02,0.0,1,0.0,1
24.15,stop,24.12,0.0,1,0.0,1
24.21,stop,24.12,0.0,1,0.0,1
24.28,stop,24.22,0.0,1,0.0,1
24.35,stop,24.32,0.0,1,0.0,1
24.41,stop,24.32,0.0,1,0.0,1
24.48,stop,24.42,0.0,1,0.0,1
24.54,stop,24.52,0.0,1,0.0,1
24.61,stop,24.52,0.0,1,0.0,1
24.67,stop,24.62,0.0,1,0.0,1
24.74,stop,24.72,0.0,1,0.0,1
24.81,stop,24.72,0.0,1,0.0,1
24.87,stop,24.82,0.0,1,0.0,1
24.94,stop,24.92,0.0,1,0.0,1
25.01,stop,24.92,0.0,1,0.0,1
25.07,stop,25.02,0.0,1,0.0,1
25.15,stop,25.12,0.0,1,0.0,1
25.21,stop,25.12,0.0,1,0.0,1
25.28,stop,25.22,0.0,1,0.0,1
25.35,stop,25.32,0.0,1,0.0,1
25.41,stop,25.32,0.0,1,0.0,1
25.48,stop,25.43,0.0,1,0.0,1
25.54,stop,25.53,0.0,1,0.0,1
25.61,stop,25.53,0.0,1,0.0,1
25.67,stop,25.63,0.0,1,0.0,1
25.74,stop,25.73,0.0,1,0.0,1
25.81,stop,25.73,0.0,1,0.0,1
25.87,stop,25.83,0.0,1,0.0,1
25.94,stop,25.93,0.0,1,0.0,1
26.01,stop,25.93,0.0,1,0.0,1
26.07,stop,26.03,0.0,1,0.0,1
26.14,stop,26.13,0.0,1,0.0,1
26.2,stop,26.13,0.0,1,0.0,1
26.27,stop,26.23,0.0,1,0.0,1
26.34,stop,26.33,0.0,1,0.0,1
26.4,stop,26.33,0.0,1,0.0,1
26.47,stop,26.43,0.0,1,0.0,1
26.53,stop,26.53,0.0,1,0.0,1
26.6,stop,26.53,0.0,1,0.0,1
26.67,stop,26.63,0.0,1,0.0,1
26.73,stop,26.63,0.0,1,0.0,1
26.8,stop,26.73,0.0,1,0.0,1
26.86,stop,26.83,0.0,1,0.0,1
26.93,stop,26.83,0.0,1,0.0,1
26.99,stop,26.93,0.0,1,0.0,1
27.06,stop,27.03,0.0,1,0.0,1
27.13,stop,27.03,0.0,1,0.0,1
27.19,stop,27.13,0.0,1,0.0,1
27.26,stop,27.23,0.0,1,0.0,1
27.33,stop,27.23,0.0,1,0.0,1
27.39,stop,27.33,0.0,1,0.0,1
27.46,stop,27.43,0.0,1,0.0,1
27.52,stop,27.43,0.0,1,0.0,1
27.59,stop,27.54,0.0,1,0.0,1
27.66,stop,27.64,0.0,1,0.0,1
27.72,stop,27.64,0.0,1,0.0,1
27.79,stop,27.74,0.0,1,0.0,1
27.86,stop,27.84,0.0,1,0.0,1
27.92,stop,27.84,0.0,1,0.0,1
27.99,stop,27.94,0.0,1,0.0,1
28.05,stop,28.04,0.0,1,0.0,1
28.12,stop,28.04,0.0,1,0.0,1
28.19,stop,28.14,0.0,1,0.0,1
28.25,stop,28.24,0.0,1,0.0,1
28.32,stop,28.24,0.0,1,0.0,1
28.39,stop,28.34,0.0,1,0.0,1
28.45,stop,28.44,0.0,1,0.0,1
28.52,stop,28.44,0.0,1,0.0,1
28.59,stop,28.54,0.0,1,0.0,1
28.65,stop,28.64,0.0,1,0.0,1
28.72,stop,28.64,0.0,1,0.0,1
28.79,stop,28.74,0.0,1,0.0,1
28.85,stop,28.84,0.0,1,0.0,1
28.92,stop,28.84,0.0,1,0.0,1
28.99,stop,28.94,0.0,1,0.0,1
29.05,stop,29.04,0.0,1,0.0,1
29.12,stop,29.04,0.0,1,0.0,1
29.19,stop,29.14,0.0,1,0.0,1
29.25,stop,29.24,0.0,1,0.0,1
29.32,stop,29.24,0.0,1,0.0,1
29.39,stop,29.34,0.0,1,0.0,1
29.45,stop,29.44,0.0,1,0.0,1
29.52,stop,29.44,0.0,1,0.0,1
29.58,stop,29.54,0.0,1,0.0,1
29.65,stop,29.64,0.0,1,0.0,1
29.72,stop,29.64,0.0,1,0.0,1
29.78,stop,29.75,0.0,1,0.0,1
29.85,stop,29.85,0.0,1,0.0,1
29.92,stop,29.85,0.0,1,0.0,1
29.98,stop,29.95,0.0,1,0.0,1
30.05,stop,30.05,0.0,1,0.0,1
30.12,stop,30.05,0.0,1,0.0,1
30.18,stop,30.15,0.0,1,0.0,1
30.25,stop,30.25,0.0,1,0.0,1
30.32,stop,30.25,0.0,1,0.0,1
30.38,stop,30.35,0.0,1,0.0,1
30.45,stop,30.45,0.0,1,0.0,1
30.52,stop,30.45,0.0,1,0.0,1
30.58,stop,30.55,0.0,1,0.0,1
30.65,stop,30.55,0.0,1,0.0,1
30.71,stop,30.65,0.0,1,0.0,1
30.78,stop,30.75,0.0,1,0.0,1
30.85,stop,30.75,0.0,1,0.0,1
30.91,stop,30.85,0.0,1,0.0,1
30.98,stop,30.95,0.0,1,0.0,1
31.05,stop,30.95,0.0,1,0.0,1
31.11,stop,31.05,0.0,1,0.0,1
31.18,stop,31.15,0.0,1,0.0,1
31.25,stop,31.15,0.0,1,0.0,1
31.31,stop,31.25,0.0,1,0.0,1
31.38,stop,31.35,0.0,1,0.0,1
31.45,stop,31.35,0.0,1,0.0,1
31.52,stop,31.45,0.0,1,0.0,1
31.58,stop,31.55,0.0,1,0.0,1
31.65,stop,31.55,0.0,1,0.0,1
31.72,stop,31.65,0.0,1,0.0,1
31.79,stop,31.75,0.0,1,0.0,1
31.85,stop,31.75,0.0,1,0.0,1
31.92,stop,31.86,0.0,1,0.0,1
31.99,stop,31.96,0.0,1,0.0,1
32.05,stop,31.96,0.0,1,0.0,1
32.12,stop,32.06,0.0,1,0.0,1
32.18,stop,32.16,0.0,1,0.0,1
32.25,stop,32.16,0.0,1,0.0,1
32.32,stop,32.26,0.0,1,0.0,1
32.38,stop,32.36,0.0,1,0.0,1
32.45,stop,32.36,0.0,1,0.0,1
32.51,stop,32.46,0.0,1,0.0,1
32.58,stop,32.56,0.0,1,0.0,1
32.65,stop,32.56,0.0,1,0.0,1
32.71,stop,32.66,0.0,1,0.0,1
32.78,stop,32.76,0.0,1,0.0,1
32.84,stop,32.76,0.0,1,0.0,1
32.91,stop,32.86,0.0,1,0.0,1
32.98,stop,32.96,0.0,1,0.0,1
33.04,stop,32.96,0.0,1,0.0,1
33.11,stop,33.06,0.0,1,0.0,1
33.17,stop,33.16,0.0,1,0.0,1
33.24,stop,33.16,0.0,1,0.0,1
33.31,stop,33.26,0.0,1,0.0,1
33.37,stop,33.36,0.0,1,0.0,1
33.44,stop,33.36,0.0,1,0.0,1
33.51,stop,33.46,0.0,1,0.0,1
33.57,stop,33.56,0.0,1,0.0,1
33.64,stop,33.56,0.0,1,0.0,1
33.71,stop,33.66,0.0,1,0.0,1
33.77,stop,33.76,0.0,1,0.0,1
33.84,stop,33.76,0.0,1,0.0,1
33.9,stop,33.86,0.0,1,0.0,1
33.97,stop,33.96,0.0,1,0.0,1
34.04,stop,33.96,0.0,1,0.0,1
34.11,stop,34.07,0.0,1,0.0,1
34.18,stop,34.17,0.0,1,0.0,1
34.24,stop,34.17,0.0,1,0.0,1
34.31,stop,34.27,0.0,1,0.0,1
34.37,stop,34.37,0.0,1,0.0,1
34.44,stop,34.37,0.0,1,0.0,1
34.51,stop,34.47,0.0,1,0.0,1
34.57,stop,34.57,0.0,1,0.0,1
34.64,stop,34.57,0.0,1,0.0,1
34.71,stop,34.67,0.0,1,0.0,1
34.77,stop,34.77,0.0,1,0.0,1
34.84,stop,34.77,0.0,1,0.0,1
34.9,stop,34.87,0.0,1,0.0,1
34.97,stop,34.97,0.0,1,0.0,1
35.04,stop,34.97,0.0,1,0.0,1
35.1,stop,35.07,0.0,1,0.0,1
35.17,stop,35.07,0.0,1,0.0,1
35.24,stop,35.17,0.0,1,0.0,1
35.3,stop,35.27,0.0,1,0.0,1
35.37,stop,35.27,0.0,1,0.0,1
35.44,stop,35.37,0.0,1,0.0,1
35.5,stop,35.47,0.0,1,0.0,1
35.57,stop,35.47,0.0,1,0.0,1
35.63,stop,35.57,0.0,1,0.0,1
35.7,stop,35.67,0.0,1,0.0,1
35.77,stop,35.67,0.0,1,0.0,1
35.83,stop,35.77,0.0,1,0.0,1
35.9,stop,35.87,0.0,1,0.0,1
35.97,stop,35.87,0.0,1,0.0,1
36.03,stop,35.97,0.0,1,0.0,1
36.1,stop,36.08,0.0,1,0.0,1
36.17,stop,36.08,0.0,1,0.0,1
36.23,stop,36.18,0.0,1,0.0,1
36.3,stop,36.28,0.0,1,0.0,1
36.37,stop,36.28,0.0,1,0.0,1
36.43,stop,36.38,0.0,1,0.0,1
36.5,stop,36.48,0.0,1,0.0,1
36.56,stop,36.48,0.0,1,0.0,1
36.63,stop,36.58,0.0,1,0.0,1
36.7,stop,36.68,0.0,1,0.0,1
36.76,stop,36.68,0.0,1,0.0,1
36.83,stop,36.78,0.0,1,0.0,1
36.9,stop,36.88,0.0,1,0.0,1
36.96,stop,36.88,0.0,1,0.0,1
37.03,stop,36.98,0.0,1,0.0,1
37.1,stop,37.08,0.0,1,0.0,1
37.16,stop,37.08,0.0,1,0.0,1
37.23,stop,37.18,0.0,1,0.0,1
37.3,stop,37.28,0.0,1,0.0,1
37.36,stop,37.28,0.0,1,0.0,1
37.43,stop,37.38,0.0,1,0.0,1
37.5,stop,37.48,0.0,1,0.0,1
37.56,stop,37.48,0.0,1,0.0,1
37.63,stop,37.58,0.0,1,0.0,1
37.7,stop,37.68,0.0,1,0.0,1
37.76,stop,37.68,0.0,1,0.0,1
37.83,stop,37.78,0.0,1,0.0,1
37.9,stop,37.88,0.0,1,0.0,1
37.96,stop,37.88,0.0,1,0.0,1
38.03,stop,37.98,0.0,1,0.0,1
38.1,stop,38.08,0.0,1,0.0,1
38.16,stop,38.08,0.0,1,0.0,1
38.23,stop,38.18,0.0,1,0.0,1
38.3,stop,38.29,0.0,1,0.0,1
38.36,stop,38.29,0.0,1,0.0,1
38.43,stop,38.39,0.0,1,0.0,1
38.5,stop,38.49,0.0,1,0.0,1
38.57,stop,38.49,0.0,1,0.0,1
38.63,stop,38.59,0.0,1,0.0,1
38.7,stop,38.69,0.0,1,0.0,1
38.77,stop,38.69,0.0,1,0.0,1
38.83,stop,38.79,0.0,1,0.0,1
38.9,stop,38.89,0.0,1,0.0,1
38.96,stop,38.89,0.0,1,0.0,1
39.03,stop,38.99,0.0,1,0.0,1
39.1,stop,39.09,0.0,1,0.0,1
39.16,stop,39.09,0.0,1,0.0,1
39.23,stop,39.19,0.0,1,0.0,1
39.29,stop,39.29,0.0,1,0.0,1
39.36,stop,39.29,0.0,1,0.0,1
39.43,stop,39.39,0.0,1,0.0,1
39.49,stop,39.49,0.0,1,0.0,1
39.56,stop,39.49,0.0,1,0.0,1
39.62,stop,39.59,0.0,1,0.0,1
39.69,stop,39.59,0.0,1,0.0,1
39.76,stop,39.69,0.0,1,0.0,1
39.82,stop,39.79,0.0,1,0.0,1
39.89,stop,39.79,0.0,1,0.0,1
39.96,stop,39.89,0.0,1,0.0,1
40.02,stop,39.99,0.0,1,0.0,1
40.09,stop,39.99,0.0,1,0.0,1
40.15,stop,40.09,0.0,1,0.0,1
40.22,stop,40.19,0.0,1,0.0,1
40.29,stop,40.19,0.0,1,0.0,1
40.35,stop,40.29,0.0,1,0.0,1
40.42,stop,40.39,0.0,1,0.0,1
40.48,stop,40.39,0.0,1,0.0,1
40.55,stop,40.5,0.0,1,0.0,1
40.62,stop,40.6,0.0,1,0.0,1
40.68,stop,40.6,0.0,1,0.0,1
40.75,stop,40.7,0.0,1,0.0,1
40.81,stop,40.8,0.0,1,0.0,1
40.88,stop,40.8,0.0,1,0.0,1
40.95,stop,40.9,0.0,1,0.0,1
41.01,stop,41.0,0.0,1,0.0,1
41.08,stop,41.0,0.0,1,0.0,1
41.15,stop,41.1,0.0,1,0.0,1
41.21,stop,41.2,0.0,1,0.0,1
41.28,stop,41.2,0.0,1,0.0,1
41.35,stop,41.3,0.0,1,0.0,1
41.41,stop,41.4,0.0,1,0.0,1
41.48,stop,41.4,0.0,1,0.0,1
41.54,stop,41.5,0.0,1,0.0,1
41.61,stop,41.6,0.0,1,0.0,1
41.68,stop,41.6,0.0,1,0.0,1
41.74,stop,41.7,0.0,1,0.0,1
41.81,stop,41.8,0.0,1,0.0,1
41.88,stop,41.8,0.0,1,0.0,1
41.94,stop,41.9,0.0,1,0.0,1
42.01,stop,42.0,0.0,1,0.0,1
42.07,stop,42.0,0.0,1,0.0,1
42.14,stop,42.1,0.0,1,0.0,1
42.21,stop,42.2,0.0,1,0.0,1
42.28,stop,42.2,0.0,1,0.0,1
42.34,stop,42.3,0.0,1,0.0,1
42.41,stop,42.4,0.0,1,0.0,1
42.47,stop,42.4,0.0,1,0.0,1
42.54,stop,42.5,0.0,1,0.0,1
42.61,stop,42.6,0.0,1,0.0,1
42.67,stop,42.6,0.0,1,0.0,1
42.74,stop,42.71,0.0,1,0.0,1
42.81,stop,42.71,0.0,1,0.0,1
42.87,stop,42.81,0.0,1,0.0,1
42.94,stop,42.91,0.0,1,0.0,1
43.01,stop,42.91,0.0,1,0.0,1
43.07,stop,43.01,0.0,1,0.0,1
43.14,stop,43.11,0.0,1,0.0,1
43.2,stop,43.11,0.0,1,0.0,1
43.27,stop,43.21,0.0,1,0.0,1
43.34,stop,43.31,0.0,1,0.0,1
43.4,stop,43.31,0.0,1,0.0,1
43.47,stop,43.41,0.0,1,0.0,1
43.54,stop,43.51,0.0,1,0.0,1
43.6,stop,43.51,0.0,1,0.0,1
43.67,stop,43.61,0.0,1,0.0,1
43.74,stop,43.71,0.0,1,0.0,1
43.8,stop,43.71,0.0,1,0.0,1
43.87,stop,43.81,0.0,1,0.0,1
43.94,stop,43.91,0.0,1,0.0,1
44.0,stop,43.91,0.0,1,0.0,1
44.07,stop,44.01,0.0,1,0.0,1
44.14,stop,44.11,0.0,1,0.0,1
44.2,stop,44.11,0.0,1,0.0,1
44.27,stop,44.21,0.0,1,0.0,1
44.33,stop,44.31,0.0,1,0.0,1
44.4,stop,44.31,0.0,1,0.0,1
44.47,stop,44.41,0.0,1,0.0,1
44.54,stop,44.51,0.0,1,0.0,1
44.6,stop,44.51,0.0,1,0.0,1
44.67,stop,44.61,0.0,1,0.0,1
44.73,stop,44.71,0.0,1,0.0,1
44.8,stop,44.71,0.0,1,0.0,1
44.87,stop,44.82,0.0,1,0.0,1
44.93,stop,44.92,0.0,1,0.0,1
45.0,stop,44.92,0.0,1,0.0,1
45.08,stop,45.02,0.0,1,0.0,1
45.14,stop,45.12,0.0,1,0.0,1
45.21,stop,45.12,0.0,1,0.0,1
45.27,stop,45.22,0.0,1,0.0,1
45.34,stop,45.32,0.0,1,0.0,1
45.4,stop,45.32,0.0,1,0.0,1
45.47,stop,45.42,0.0,1,0.0,1
45.54,stop,45.52,0.0,1,0.0,1
45.6,stop,45.52,0.0,1,0.0,1
45.67,stop,45.62,0.0,1,0.0,1
45.74,stop,45.72,0.0,1,0.0,1
45.8,stop,45.72,0.0,1,0.0,1
45.87,stop,45.82,0.0,1,0.0,1
45.93,stop,45.92,0.0,1,0.0,1
46.0,stop,45.92,0.0,1,0.0,1
46.06,stop,46.02,0.0,1,0.0,1
46.13,stop,46.12,0.0,1,0.0,1
46.2,stop,46.12,0.0,1,0.0,1
46.26,stop,46.22,0.0,1,0.0,1
46.33,stop,46.32,0.0,1,0.0,1
46.4,stop,46.32,0.0,1,0.0,1
46.46,stop,46.42,0.0,1,0.0,1
46.53,stop,46.52,0.0,1,0.0,1
46.6,stop,46.52,0.0,1,0.0,1
46.66,stop,46.62,0.0,1,0.0,1
46.73,stop,46.72,0.0,1,0.0,1
46.79,stop,46.72,0.0,1,0.0,1
46.86,stop,46.82,0.0,1,0.0,1
46.93,stop,46.92,0.0,1,0.0,1
46.99,stop,46.92,0.0,1,0.0,1
47.06,stop,47.03,0.0,1,0.0,1
47.12,stop,47.03,0.0,1,0.0,1
47.19,stop,47.13,0.0,1,0.0,1
47.26,stop,47.23,0.0,1,0.0,1
47.32,stop,47.23,0.0,1,0.0,1
47.39,stop,47.33,0.0,1,0.0,1
47.46,stop,47.43,0.0,1,0.0,1
47.52,stop,47.43,0.0,1,0.0,1
47.59,stop,47.53,0.0,1,0.0,1
47.66,stop,47.63,0.0,1,0.0,1
47.73,stop,47.73,0.0,1,0.0,1
47.8,stop,47.73,0.0,1,0.0,1
47.86,stop,47.83,0.0,1,0.0,1
47.93,stop,47.93,0.0,1,0.0,1
48.0,stop,47.93,0.0,1,0.0,1
48.06,stop,48.03,0.0,1,0.0,1
48.13,stop,48.03,0.0,1,0.0,1
48.19,stop,48.13,0.0,1,0.0,1
48.26,stop,48.23,0.0,1,0.0,1
48.33,stop,48.23,0.0,1,0.0,1
48.39,stop,48.33,0.0,1,0.0,1
48.46,stop,48.43,0.0,1,0.0,1
48.53,stop,48.43,0.0,1,0.0,1
48.59,stop,48.53,0.0,1,0.0,1
48.66,stop,48.63,0.0,1,0.0,1
48.72,stop,48.63,0.0,1,0.0,1
48.79,stop,48.73,0.0,1,0.0,1
48.87,stop,48.83,0.0,1,0.0,1
48.95,stop,48.93,0.0,1,0.0,1
49.03,stop,48.93,0.0,1,0.0,1
49.1,stop,49.04,0.0,1,0.0,1
49.17,stop,49.14,0.0,1,0.0,1
49.26,stop,49.24,0.0,1,0.0,1
49.33,stop,49.24,0.0,1,0.0,1
49.4,stop,49.34,0.0,1,0.0,1
49.46,stop,49.44,0.0,1,0.0,1
49.53,stop,49.44,0.0,1,0.0,1
49.6,stop,49.54,0.0,1,0.0,1
49.66,stop,49.64,0.0,1,0.0,1
49.73,stop,49.64,0.0,1,0.0,1
49.8,stop,49.74,0.0,1,0.0,1
49.86,stop,49.84,0.0,1,0.0,1
49.93,stop,49.84,0.0,1,0.0,1
50.0,stop,49.94,0.0,1,0.0,1
50.06,stop,50.04,0.0,1,0.0,1
50.13,stop,50.04,0.0,1,0.0,1
50.2,stop,50.14,0.0,1,0.0,1
50.26,stop,50.24,0.0,1,0.0,1
50.33,stop,50.24,0.0,1,0.0,1
50.4,stop,50.34,0.0,1,0.0,1
50.46,stop,50.44,0.0,1,0.0,1
50.53,stop,50.44,0.0,1,0.0,1
50.6,stop,50.54,0.0,1,0.0,1
50.66,stop,50.64,0.0,1,0.0,1
50.73,stop,50.64,0.0,1,0.0,1
50.8,stop,50.74,0.0,1,0.0,1
50.87,stop,50.84,0.0,1,0.0,1
50.93,stop,50.84,0.0,1,0.0,1
51.0,stop,50.94,0.0,1,0.0,1
51.07,stop,51.05,0.0,1,0.0,1
51.13,stop,51.05,0.0,1,0.0,1
51.2,stop,51.15,0.0,1,0.0,1
51.27,stop,51.25,0.0,1,0.0,1
51.33,stop,51.25,0.0,1,0.0,1
51.4,stop,51.35,0.0,1,0.0,1
51.47,stop,51.45,0.0,1,0.0,1
51.53,stop,51.45,0.0,1,0.0,1
51.6,stop,51.55,0.0,1,0.0,1
51.67,stop,51.65,0.0,1,0.0,1
51.73,stop,51.65,0.0,1,0.0,1
51.8,stop,51.75,0.0,1,0.0,1
51.87,stop,51.85,0.0,1,0.0,1
51.94,stop,51.85,0.0,1,0.0,1
52.0,stop,51.95,0.0,1,0.0,1
52.07,stop,52.05,0.0,1,0.0,1
52.14,stop,52.05,0.0,1,0.0,1
52.2,stop,52.15,0.0,1,0.0,1
52.27,stop,52.25,0.0,1,0.0,1
52.33,stop,52.25,0.0,1,0.0,1
52.4,stop,52.35,0.0,1,0.0,1
52.47,stop,52.45,0.0,1,0.0,1
52.53,stop,52.45,0.0,1,0.0,1
52.6,stop,52.55,0.0,1,0.0,1
52.66,stop,52.65,0.0,1,0.0,1
52.73,stop,52.65,0.0,1,0.0,1
52.79,stop,52.75,0.0,1,0.0,1
52.86,stop,52.85,0.0,1,0.0,1
52.93,stop,52.85,0.0,1,0.0,1
52.99,stop,52.95,0.0,1,0.0,1
53.06,stop,53.05,0.0,1,0.0,1
53.12,stop,53.05,0.0,1,0.0,1
53.19,stop,53.15,0.0,1,0.0,1
53.26,stop,53.25,0.0,1,0.0,1
53.32,stop,53.25,0.0,1,0.0,1
53.39,stop,53.36,0.0,1,0.0,1
53.46,stop,53.46,0.0,1,0.0,1
53.52,stop,53.46,0.0,1,0.0,1
53.59,stop,53.56,0.0,1,0.0,1
53.66,stop,53.56,0.0,1,0.0,1
53.72,stop,53.66,0.0,1,0.0,1
53.79,stop,53.76,0.0,1,0.0,1
53.85,stop,53.76,0.0,1,0.0,1
53.92,stop,53.86,0.0,1,0.0,1
53.99,stop,53.96,0.0,1,0.0,1
54.05,stop,53.96,0.0,1,0.0,1
54.12,stop,54.06,0.0,1,0.0,1
54.18,stop,54.16,0.0,1,0.0,1
54.25,stop,54.16,0.0,1,0.0,1
54.32,stop,54.26,0.0,1,0.0,1
54.38,stop,54.36,0.0,1,0.0,1
54.45,stop,54.36,0.0,1,0.0,1
54.52,stop,54.46,0.0,1,0.0,1
54.58,stop,54.56,0.0,1,0.0,1
54.65,stop,54.56,0.0,1,0.0,1
54.72,stop,54.66,0.0,1,0.0,1
54.78,stop,54.76,0.0,1,0.0,1
54.85,stop,54.76,0.0,1,0.0,1
54.91,stop,54.86,0.0,1,0.0,1
54.98,stop,54.96,0.0,1,0.0,1
55.05,stop,54.96,0.0,1,0.0,1
55.11,stop,55.06,0.0,1,0.0,1
55.18,stop,55.16,0.0,1,0.0,1
55.25,stop,55.16,0.0,1,0.0,1
55.31,stop,55.26,0.0,1,0.0,1
55.38,stop,55.36,0.0,1,0.0,1
55.45,stop,55.36,0.0,1,0.0,1
55.51,stop,55.46,0.0,1,0.0,1
55.58,stop,55.57,0.0,1,0.0,1
55.65,stop,55.57,0.0,1,0.0,1
55.71,stop,55.67,0.0,1,0.0,1
55.78,stop,55.77,0.0,1,0.0,1
55.85,stop,55.77,0.0,1,0.0,1
55.91,stop,55.87,0.0,1,0.0,1
55.98,stop,55.97,0.0,1,0.0,1
56.04,stop,55.97,0.0,1,0.0,1
56.11,stop,56.07,0.0,1,0.0,1
56.18,stop,56.17,0.0,1,0.0,1
56.24,stop,56.17,0.0,1,0.0,1
56.31,stop,56.27,0.0,1,0.0,1
56.38,stop,56.37,0.0,1,0.0,1
56.44,stop,56.37,0.0,1,0.0,1
56.51,stop,56.47,0.0,1,0.0,1
56.58,stop,56.57,0.0,1,0.0,1
56.64,stop,56.57,0.0,1,0.0,1
56.71,stop,56.67,0.0,1,0.0,1
56.78,stop,56.77,0.0,1,0.0,1
56.84,stop,56.77,0.0,1,0.0,1
56.91,stop,56.87,0.0,1,0.0,1
56.98,stop,56.97,0.0,1,0.0,1
57.04,stop,56.97,0.0,1,0.0,1
57.11,stop,57.07,0.0,1,0.0,1
57.18,stop,57.17,0.0,1,0.0,1
57.24,stop,57.17,0.0,1,0.0,1
57.31,stop,57.27,0.0,1,0.0,1
57.37,stop,57.37,0.0,1,0.0,1
57.44,stop,57.37,0.0,1,0.0,1
57.51,stop,57.47,0.0,1,0.0,1
57.58,stop,57.57,0.0,1,0.0,1
57.64,stop,57.57,0.0,1,0.0,1
57.71,stop,57.67,0.0,1,0.0,1
57.78,stop,57.67,0.0,1,0.0,1
57.84,stop,57.78,0.0,1,0.0,1
57.91,stop,57.88,0.0,1,0.0,1
57.98,stop,57.88,0.0,1,0.0,1
58.04,stop,57.98,0.0,1,0.0,1
58.11,stop,58.08,0.0,1,0.0,1
58.18,stop,58.08,0.0,1,0.0,1
58.24,stop,58.18,0.0,1,0.0,1
58.31,stop,58.28,0.0,1,0.0,1
58.38,stop,58.28,0.0,1,0.0,1
58.45,stop,58.38,0.0,1,0.0,1
58.52,stop,58.48,0.0,1,0.0,1
58.58,stop,58.58,0.0,1,0.0,1
58.65,stop,58.58,0.0,1,0.0,1
58.71,stop,58.68,0.0,1,0.0,1
58.78,stop,58.78,0.0,1,0.0,1
58.85,stop,58.78,0.0,1,0.0,1
58.91,stop,58.88,0.0,1,0.0,1
58.98,stop,58.88,0.0,1,0.0,1
59.05,stop,58.98,0.0,1,0.0,1
59.11,stop,59.08,0.0,1,0.0,1
59.18,stop,59.08,0.0,1,0.0,1
59.24,stop,59.18,0.0,1,0.0,1
59.31,stop,59.28,0.0,1,0.0,1
59.38,stop,59.28,0.0,1,0.0,1
59.44,stop,59.38,0.0,1,0.0,1
59.51,stop,59.48,0.0,1,0.0,1
59.57,stop,59.48,0.0,1,0.0,1
59.64,stop,59.58,0.0,1,0.0,1
59.71,stop,59.68,0.0,1,0.0,1
59.77,stop,59.68,0.0,1,0.0,1
59.84,stop,59.78,0.0,1,0.0,1
59.91,stop,59.88,0.0,1,0.0,1
59.97,stop,59.88,0.0,1,0.0,1
60.04,stop,59.99,0.0,1,0.0,1
60.1,stop,60.09,0.0,1,0.0,1
60.17,stop,60.09,0.0,1,0.0,1
60.24,stop,60.19,0.0,1,0.0,1
60.3,stop,60.29,0.0,1,0.0,1
60.37,stop,60.29,0.0,1,0.0,1
60.43,stop,60.39,0.0,1,0.0,1
60.5,stop,60.49,0.0,1,0.0,1
60.57,stop,60.49,0.0,1,0.0,1
60.63,stop,60.59,0.0,1,0.0,1
60.7,stop,60.69,0.0,1,0.0,1
60.77,stop,60.69,0.0,1,0.0,1
60.83,stop,60.79,0.0,1,0.0,1
60.9,stop,60.89,0.0,1,0.0,1
60.96,stop,60.89,0.0,1,0.0,1
61.03,stop,60.99,0.0,1,0.0,1
61.1,stop,61.09,0.0,1,0.0,1
61.16,stop,61.09,0.0,1,0.0,1
61.23,stop,61.19,0.0,1,0.0,1
61.3,stop,61.29,0.0,1,0.0,1
61.36,stop,61.29,0.0,1,0.0,1
61.43,stop,61.39,0.0,1,0.0,1
61.5,stop,61.49,0.0,1,0.0,1
61.56,stop,61.49,0.0,1,0.0,1
61.63,stop,61.59,0.0,1,0.0,1
61.7,stop,61.69,0.0,1,0.0,1
61.76,stop,61.69,0.0,1,0.0,1
61.83,stop,61.79,0.0,1,0.0,1
61.9,stop,61.89,0.0,1,0.0,1
61.96,stop,61.89,0.0,1,0.0,1
62.03,stop,62.0,0.0,1,0.0,1
62.1,stop,62.0,0.0,1,0.0,1
62.16,stop,62.1,0.0,1,0.0,1
62.23,stop,62.2,0.0,1,0.0,1
62.29,stop,62.2,0.0,1,0.0,1
62.36,stop,62.3,0.0,1,0.0,1
62.43,stop,62.4,0.0,1,0.0,1
62.49,stop,62.4,0.0,1,0.0,1
62.56,stop,62.5,0.0,1,0.0,1
62.63,stop,62.6,0.0,1,0.0,1
62.69,stop,62.6,0.0,1,0.0,1
62.77,stop,62.7,0.0,1,0.0,1
62.83,stop,62.8,0.0,1,0.0,1
62.9,stop,62.9,0.0,1,0.0,1
62.97,stop,62.9,0.0,1,0.0,1
63.03,stop,63.0,0.0,1,0.0,1
63.1,stop,63.0,0.0,1,0.0,1
63.17,stop,63.1,0.0,1,0.0,1
63.23,stop,63.2,0.0,1,0.0,1
63.3,stop,63.2,0.0,1,0.0,1
63.36,stop,63.3,0.0,1,0.0,1
63.43,stop,63.4,0.0,1,0.0,1
63.49,stop,63.4,0.0,1,0.0,1
63.56,stop,63.5,0.0,1,0.0,1
63.63,stop,63.6,0.0,1,0.0,1
63.69,stop,63.6,0.0,1,0.0,1
63.76,stop,63.7,0.0,1,0.0,1
63.82,stop,63.8,0.0,1,0.0,1
63.89,stop,63.8,0.0,1,0.0,1
63.96,stop,63.9,0.0,1,0.0,1
64.02,stop,64.0,0.0,1,0.0,1
64.09,stop,64.0,0.0,1,0.0,1
64.16,stop,64.1,0.0,1,0.0,1
64.22,stop,64.2,0.0,1,0.0,1
64.29,stop,64.2,0.0,1,0.0,1
64.35,stop,64.3,0.0,1,0.0,1
64.42,stop,64.41,0.0,1,0.0,1
64.49,stop,64.41,0.0,1,0.0,1
64.55,stop,64.51,0.0,1,0.0,1
64.62,stop,64.61,0.0,1,0.0,1
64.68,stop,64.61,0.0,1,0.0,1
64.75,stop,64.71,0.0,1,0.0,1
64.82,stop,64.81,0.0,1,0.0,1
64.88,stop,64.81,0.0,1,0.0,1
64.95,stop,64.91,0.0,1,0.0,1
65.01,stop,65.01,0.0,1,0.0,1
65.09,stop,65.01,0.0,1,0.0,1
65.15,stop,65.11,0.0,1,0.0,1
65.22,stop,65.21,0.0,1,0.0,1
65.28,stop,65.21,0.0,1,0.0,1
65.35,stop,65.31,0.0,1,0.0,1
65.41,stop,65.41,0.0,1,0.0,1
65.48,stop,65.41,0.0,1,0.0,1
65.54,stop,65.51,0.0,1,0.0,1
65.61,stop,65.61,0.0,1,0.0,1
65.68,stop,65.61,0.0,1,0.0,1
65.74,stop,65.71,0.0,1,0.0,1
65.81,stop,65.71,0.0,1,0.0,1
65.87,stop,65.81,0.0,1,0.0,1
65.94,stop,65.91,0.0,1,0.0,1
66.0,stop,65.91,0.0,1,0.0,1
66.07,stop,66.01,0.0,1,0.0,1
66.13,stop,66.11,0.0,1,0.0,1
66.2,stop,66.11,0.0,1,0.0,1
66.26,stop,66.21,0.0,1,0.0,1
66.33,stop,66.31,0.0,1,0.0,1
66.4,stop,66.31,0.0,1,0.0,1
66.47,stop,66.41,0.0,1,0.0,1
66.53,stop,66.51,0.0,1,0.0,1
66.6,stop,66.51,0.0,1,0.0,1
66.66,stop,66.61,0.0,1,0.0,1
66.73,stop,66.71,0.0,1,0.0,1
66.8,stop,66.71,0.0,1,0.0,1
66.86,stop,66.81,0.0,1,0.0,1
66.93,stop,66.91,0.0,1,0.0,1
66.99,stop,66.91,0.0,1,0.0,1
67.06,stop,67.01,0.0,1,0.0,1
67.12,stop,67.11,0.0,1,0.0,1
67.19,stop,67.11,0.0,1,0.0,1
67.26,stop,67.21,0.0,1,0.0,1
67.32,stop,67.31,0.0,1,0.0,1
67.39,stop,67.31,0.0,1,0.0,1
67.45,stop,67.42,0.0,1,0.0,1
67.52,stop,67.52,0.0,1,0.0,1
67.58,stop,67.52,0.0,1,0.0,1
67.65,stop,67.62,0.0,1,0.0,1
67.71,stop,67.62,0.0,1,0.0,1
67.78,stop,67.72,0.0,1,0.0,1
67.85,stop,67.82,0.0,1,0.0,1
67.91,stop,67.82,0.0,1,0.0,1
67.98,stop,67.92,0.0,1,0.0,1
68.04,stop,68.02,0.0,1,0.0,1
68.11,stop,68.02,0.0,1,0.0,1
68.18,stop,68.12,0.0,1,0.0,1
68.24,stop,68.22,0.0,1,0.0,1
68.31,stop,68.22,0.0,1,0.0,1
68.38,stop,68.32,0.0,1,0.0,1
68.44,stop,68.42,0.0,1,0.0,1
68.51,stop,68.42,0.0,1,0.0,1
68.57,stop,68.52,0.0,1,0.0,1
68.64,stop,68.62,0.0,1,0.0,1
68.71,stop,68.62,0.0,1,0.0,1
68.77,stop,68.72,0.0,1,0.0,1
68.84,stop,68.82,0.0,1,0.0,1
68.9,stop,68.82,0.0,1,0.0,1
68.97,stop,68.92,0.0,1,0.0,1
69.04,stop,69.02,0.0,1,0.0,1
69.1,stop,69.02,0.0,1,0.0,1
69.17,stop,69.12,0.0,1,0.0,1
69.23,stop,69.22,0.0,1,0.0,1
69.3,stop,69.22,0.0,1,0.0,1
69.37,stop,69.32,0.0,1,0.0,1
69.43,stop,69.42,0.0,1,0.0,1
69.5,stop,69.42,0.0,1,0.0,1
69.57,stop,69.52,0.0,1,0.0,1
69.63,stop,69.62,0.0,1,0.0,1
69.7,stop,69.62,0.0,1,0.0,1
69.76,stop,69.72,0.0,1,0.0,1
69.83,stop,69.82,0.0,1,0.0,1
69.9,stop,69.82,0.0,1,0.0,1
69.97,stop,69.93,0.0,1,0.0,1
70.03,stop,70.03,0.0,1,0.0,1
70.1,stop,70.03,0.0,1,0.0,1
70.16,stop,70.13,0.0,1,0.0,1
70.23,stop,70.23,0.0,1,0.0,1
70.3,stop,70.23,0.0,1,0.0,1
70.36,stop,70.33,0.0,1,0.0,1
70.43,stop,70.43,0.0,1,0.0,1
70.5,stop,70.43,0.0,1,0.0,1
70.56,stop,70.53,0.0,1,0.0,1
70.63,stop,70.63,0.0,1,0.0,1
70.7,stop,70.63,0.0,1,0.0,1
70.76,stop,70.73,0.0,1,0.0,1
70.83,stop,70.73,0.0,1,0.0,1
70.9,stop,70.83,0.0,1,0.0,1
70.96,stop,70.93,0.0,1,0.0,1
71.03,stop,70.93,0.0,1,0.0,1
71.09,stop,71.03,0.0,1,0.0,1
71.16,stop,71.13,0.0,1,0.0,1
71.23,stop,71.13,0.0,1,0.0,1
71.29,stop,71.23,0.0,1,0.0,1
71.36,stop,71.33,0.0,1,0.0,1
71.43,stop,71.33,0.0,1,0.0,1
71.49,stop,71.43,0.0,1,0.0,1
71.56,stop,71.53,0.0,1,0.0,1
71.63,stop,71.53,0.0,1,0.0,1
71.69,stop,71.63,0.0,1,0.0,1
71.76,stop,71.73,0.0,1,0.0,1
71.83,stop,71.73,0.0,1,0.0,1
71.9,stop,71.83,0.0,1,0.0,1
71.96,stop,71.93,0.0,1,0.0,1
72.03,stop,71.93,0.0,1,0.0,1
72.1,stop,72.03,0.0,1,0.0,1
72.16,stop,72.14,0.0,1,0.0,1
72.23,stop,72.14,0.0,1,0.0,1
72.3,stop,72.24,0.0,1,0.0,1
72.36,stop,72.34,0.0,1,0.0,1
72.43,stop,72.34,0.0,1,0.0,1
72.49,stop,72.44,0.0,1,0.0,1
72.56,stop,72.54,0.0,1,0.0,1
72.63,stop,72.54,0.0,1,0.0,1
72.7,stop,72.64,0.0,1,0.0,1
72.76,stop,72.74,0.0,1,0.0,1
72.83,stop,72.74,0.0,1,0.0,1
72.9,stop,72.84,0.0,1,0.0,1
72.97,stop,72.94,0.0,1,0.0,1
73.03,stop,72.94,0.0,1,0.0,1
73.1,stop,73.04,0.0,1,0.0,1
73.16,stop,73.14,0.0,1,0.0,1
73.23,stop,73.14,0.0,1,0.0,1
73.3,stop,73.24,0.0,1,0.0,1
73.36,stop,73.34,0.0,1,0.0,1
73.43,stop,73.34,0.0,1,0.0,1
73.49,stop,73.44,0.0,1,0.0,1
73.56,stop,73.54,0.0,1,0.0,1
73.63,stop,73.54,0.0,1,0.0,1
73.69,stop,73.64,0.0,1,0.0,1
73.76,stop,73.74,0.0,1,0.0,1
73.82,stop,73.74,0.0,1,0.0,1
73.89,stop,73.84,0.0,1,0.0,1
73.96,stop,73.94,0.0,1,0.0,1
74.02,stop,73.94,0.0,1,0.0,1
74.09,stop,74.04,0.0,1,0.0,1
74.15,stop,74.14,0.0,1,0.0,1
74.22,stop,74.14,0.0,1,0.0,1
74.29,stop,74.24,0.0,1,0.0,1
74.35,stop,74.34,0.0,1,0.0,1
74.42,stop,74.34,0.0,1,0.0,1
74.48,stop,74.44,0.0,1,0.0,1
74.55,stop,74.54,0.0,1,0.0,1
74.62,stop,74.54,0.0,1,0.0,1
74.68,stop,74.64,0.0,1,0.0,1
74.75,stop,74.75,0.0,1,0.0,1
74.82,stop,74.75,0.0,1,0.0,1
74.88,stop,74.85,0.0,1,0.0,1
74.95,stop,74.95,0.0,1,0.0,1
75.02,stop,74.95,0.0,1,0.0,1
75.08,stop,75.05,0.0,1,0.0,1
75.15,stop,75.15,0.0,1,0.0,1
75.21,stop,75.15,0.0,1,0.0,1
75.28,stop,75.25,0.0,1,0.0,1
75.35,stop,75.25,0.0,1,0.0,1
75.41,stop,75.35,0.0,1,0.0,1
75.48,stop,75.45,0.0,1,0.0,1
75.55,stop,75.45,0.0,1,0.0,1
75.61,stop,75.55,0.0,1,0.0,1
75.68,stop,75.65,0.0,1,0.0,1
75.74,stop,75.65,0.0,1,0.0,1
75.81,stop,75.75,0.0,1,0.0,1
75.88,stop,75.85,0.0,1,0.0,1
75.94,stop,75.85,0.0,1,0.0,1
76.01,stop,75.95,0.0,1,0.0,1
76.08,stop,76.05,0.0,1,0.0,1
76.14,stop,76.05,0.0,1,0.0,1
76.21,stop,76.15,0.0,1,0.0,1
76.28,stop,76.25,0.0,1,0.0,1
76.34,stop,76.25,0.0,1,0.0,1
76.41,stop,76.35,0.0,1,0.0,1
76.48,stop,76.45,0.0,1,0.0,1
76.54,stop,76.45,0.0,1,0.0,1
76.61,stop,76.55,0.0,1,0.0,1
76.67,stop,76.65,0.0,1,0.0,1
76.74,stop,76.65,0.0,1,0.0,1
76.81,stop,76.75,0.0,1,0.0,1
76.87,stop,76.85,0.0,1,0.0,1
76.94,stop,76.85,0.0,1,0.0,1
77.01,stop,76.95,0.0,1,0.0,1
77.07,stop,77.05,0.0,1,0.0,1
77.14,stop,77.05,0.0,1,0.0,1
77.21,stop,77.16,0.0,1,0.0,1
77.27,stop,77.26,0.0,1,0.0,1
77.34,stop,77.26,0.0,1,0.0,1
77.4,stop,77.36,0.0,1,0.0,1
77.47,stop,77.46,0.0,1,0.0,1
77.54,stop,77.46,0.0,1,0.0,1
77.6,stop,77.56,0.0,1,0.0,1
77.67,stop,77.66,0.0,1,0.0,1
77.74,stop,77.66,0.0,1,0.0,1
77.8,stop,77.76,0.0,1,0.0,1
77.87,stop,77.86,0.0,1,0.0,1
77.94,stop,77.86,0.0,1,0.0,1
78.01,stop,77.96,0.0,1,0.0,1
78.07,stop,78.06,0.0,1,0.0,1
78.14,stop,78.06,0.0,1,0.0,1
78.21,stop,78.16,0.0,1,0.0,1
78.27,stop,78.26,0.0,1,0.0,1
78.34,stop,78.26,0.0,1,0.0,1
78.41,stop,78.36,0.0,1,0.0,1
78.47,stop,78.46,0.0,1,0.0,1
78.54,stop,78.46,0.0,1,0.0,1
78.6,stop,78.56,0.0,1,0.0,1
78.67,stop,78.66,0.0,1,0.0,1
78.74,stop,78.66,0.0,1,0.0,1
78.81,stop,78.76,0.0,1,0.0,1
78.88,stop,78.86,0.0,1,0.0,1
78.94,stop,78.86,0.0,1,0.0,1
79.01,stop,78.96,0.0,1,0.0,1
79.08,stop,79.06,0.0,1,0.0,1
79.14,stop,79.06,0.0,1,0.0,1
79.21,stop,79.16,0.0,1,0.0,1
79.28,stop,79.27,0.0,1,0.0,1
79.34,stop,79.27,0.0,1,0.0,1
79.42,stop,79.37,0.0,1,0.0,1
79.48,stop,79.47,0.0,1,0.0,1
79.55,stop,79.47,0.0,1,0.0,1
79.62,stop,79.57,0.0,1,0.0,1
79.68,stop,79.67,0.0,1,0.0,1
79.75,stop,79.67,0.0,1,0.0,1
79.81,stop,79.77,0.0,1,0.0,1
79.88,stop,79.87,0.0,1,0.0,1
79.95,stop,79.87,0.0,1,0.0,1
80.01,stop,79.97,0.0,1,0.0,1
80.08,stop,80.07,0.0,1,0.0,1
80.14,stop,80.07,0.0,1,0.0,1
80.21,stop,80.17,0.0,1,0.0,1
80.28,stop,80.27,0.0,1,0.0,1
80.34,stop,80.27,0.0,1,0.0,1
80.41,stop,80.37,0.0,1,0.0,1
80.48,stop,80.47,0.0,1,0.0,1
80.54,stop,80.47,0.0,1,0.0,1
80.61,stop,80.57,0.0,1,0.0,1
80.68,stop,80.57,0.0,1,0.0,1
80.74,stop,80.68,0.0,1,0.0,1
80.81,stop,80.78,0.0,1,0.0,1
80.87,stop,80.78,0.0,1,0.0,1
80.94,stop,80.88,0.0,1,0.0,1
81.01,stop,80.98,0.0,1,0.0,1
81.07,stop,80.98,0.0,1,0.0,1
81.14,stop,81.08,0.0,1,0.0,1
81.21,stop,81.18,0.0,1,0.0,1
81.27,stop,81.18,0.0,1,0.0,1
81.34,stop,81.28,0.0,1,0.0,1
81.41,stop,81.38,0.0,1,0.0,1
81.47,stop,81.38,0.0,1,0.0,1
81.54,stop,81.48,0.0,1,0.0,1
81.61,stop,81.58,0.0,1,0.0,1
81.67,stop,81.58,0.0,1,0.0,1
81.74,stop,81.68,0.0,1,0.0,1
81.8,stop,81.78,0.0,1,0.0,1
81.87,stop,81.78,0.0,1,0.0,1
81.93,stop,81.88,0.0,1,0.0,1
82.0,stop,81.98,0.0,1,0.0,1
82.06,stop,81.98,0.0,1,0.0,1
82.13,stop,82.08,0.0,1,0.0,1
82.2,stop,82.18,0.0,1,0.0,1
82.26,stop,82.18,0.0,1,0.0,1
82.33,stop,82.28,0.0,1,0.0,1
82.39,stop,82.38,0.0,1,0.0,1
82.46,stop,82.38,0.0,1,0.0,1
82.52,stop,82.48,0.0,1,0.0,1
82.59,stop,82.59,0.0,1,0.0,1
82.66,stop,82.59,0.0,1,0.0,1
82.72,stop,82.69,0.0,1,0.0,1
82.79,stop,82.79,0.0,1,0.0,1
82.85,stop,82.79,0.0,1,0.0,1
82.92,stop,82.89,0.0,1,0.0,1
82.99,stop,82.89,0.0,1,0.0,1
83.05,stop,82.99,0.0,1,0.0,1
83.12,stop,83.09,0.0,1,0.0,1
83.18,stop,83.09,0.0,1,0.0,1
83.25,stop,83.19,0.0,1,0.0,1
83.31,stop,83.29,0.0,1,0.0,1
83.38,stop,83.29,0.0,1,0.0,1
83.45,stop,83.39,0.0,1,0.0,1
83.51,stop,83.49,0.0,1,0.0,1
83.58,stop,83.49,0.0,1,0.0,1
83.64,stop,83.59,0.0,1,0.0,1
83.71,stop,83.69,0.0,1,0.0,1
83.78,stop,83.69,0.0,1,0.0,1
83.84,stop,83.79,0.0,1,0.0,1
83.91,stop,83.89,0.0,1,0.0,1
83.97,stop,83.89,0.0,1,0.0,1
84.04,stop,83.99,0.0,1,0.0,1
84.11,stop,84.09,0.0,1,0.0,1
84.17,stop,84.09,0.0,1,0.0,1
84.24,stop,84.19,0.0,1,0.0,1
84.3,stop,84.29,0.0,1,0.0,1
84.38,stop,84.29,0.0,1,0.0,1
84.45,stop,84.39,0.0,1,0.0,1
84.51,stop,84.49,0.0,1,0.0,1
84.58,stop,84.49,0.0,1,0.0,1
84.65,stop,84.6,0.0,1,0.0,1
84.71,stop,84.7,0.0,1,0.0,1
84.78,stop,84.7,0.0,1,0.0,1
84.84,stop,84.8,0.0,1,0.0,1
84.91,stop,84.9,0.0,1,0.0,1
84.98,stop,84.9,0.0,1,0.0,1
85.04,stop,85.0,0.0,1,0.0,1
85.11,stop,85.1,0.0,1,0.0,1
85.17,stop,85.1,0.0,1,0.0,1
85.24,stop,85.2,0.0,1,0.0,1
85.31,stop,85.3,0.0,1,0.0,1
85.37,stop,85.3,0.0,1,0.0,1
85.44,stop,85.4,0.0,1,0.0,1
85.5,stop,85.5,0.0,1,0.0,1
85.57,stop,85.5,0.0,1,0.0,1
85.64,stop,85.6,0.0,1,0.0,1
85.7,stop,85.7,0.0,1,0.0,1
85.77,stop,85.7,0.0,1,0.0,1
85.84,stop,85.8,0.0,1,0.0,1
85.9,stop,85.9,0.0,1,0.0,1
85.97,stop,85.9,0.0,1,0.0,1
86.04,stop,86.0,0.0,1,0.0,1
86.11,stop,86.1,0.0,1,0.0,1
86.17,stop,86.1,0.0,1,0.0,1
86.24,stop,86.2,0.0,1,0.0,1
86.3,stop,86.2,0.0,1,0.0,1
86.37,stop,86.3,0.0,1,0.0,1
86.43,stop,86.4,0.0,1,0.0,1
86.5,stop,86.4,0.0,1,0.0,1
86.56,stop,86.5,0.0,1,0.0,1
86.63,stop,86.61,0.0,1,0.0,1
86.7,stop,86.61,0.0,1,0.0,1
86.76,stop,86.71,0.0,1,0.0,1
86.83,stop,86.81,0.0,1,0.0,1
86.9,stop,86.81,0.0,1,0.0,1
86.96,stop,86.91,0.0,1,0.0,1
87.03,stop,87.01,0.0,1,0.0,1
87.09,stop,87.01,0.0,1,0.0,1
87.16,stop,87.11,0.0,1,0.0,1
87.23,stop,87.21,0.0,1,0.0,1
87.29,stop,87.21,0.0,1,0.0,1
87.36,stop,87.31,0.0,1,0.0,1
87.42,stop,87.41,0.0,1,0.0,1
87.49,stop,87.41,0.0,1,0.0,1
87.56,stop,87.51,0.0,1,0.0,1
87.62,stop,87.61,0.0,1,0.0,1
87.69,stop,87.61,0.0,1,0.0,1
87.75,stop,87.71,0.0,1,0.0,1
87.82,stop,87.81,0.0,1,0.0,1
87.89,stop,87.81,0.0,1,0.0,1
87.95,stop,87.91,0.0,1,0.0,1
88.02,stop,88.01,0.0,1,0.0,1
88.09,stop,88.01,0.0,1,0.0,1
88.15,stop,88.11,0.0,1,0.0,1
88.22,stop,88.22,0.0,1,0.0,1
88.28,stop,88.22,0.0,1,0.0,1
88.35,stop,88.32,0.0,1,0.0,1
88.42,stop,88.42,0.0,1,0.0,1
88.48,stop,88.42,0.0,1,0.0,1
88.55,stop,88.52,0.0,1,0.0,1
88.62,stop,88.52,0.0,1,0.0,1
88.68,stop,88.62,0.0,1,0.0,1
88.75,stop,88.72,0.0,1,0.0,1
88.81,stop,88.72,0.0,1,0.0,1
88.88,stop,88.82,0.0,1,0.0,1
88.95,stop,88.92,0.0,1,0.0,1
89.01,stop,88.92,0.0,1,0.0,1
89.08,stop,89.02,0.0,1,0.0,1
89.15,stop,89.12,0.0,1,0.0,1
89.21,stop,89.12,0.0,1,0.0,1
89.28,stop,89.22,0.0,1,0.0,1
89.35,stop,89.32,0.0,1,0.0,1
89.41,stop,89.32,0.0,1,0.0,1
89.48,stop,89.42,0.0,1,0.0,1
89.55,stop,89.52,0.0,1,0.0,1
89.61,stop,89.52,0.0,1,0.0,1
89.68,stop,89.62,0.0,1,0.0,1
89.75,stop,89.72,0.0,1,0.0,1
89.81,stop,89.72,0.0,1,0.0,1
89.88,stop,89.83,0.0,1,0.0,1
89.94,stop,89.93,0.0,1,0.0,1
90.01,stop,89.93,0.0,1,0.0,1
90.08,stop,90.03,0.0,1,0.0,1
90.15,stop,90.13,0.0,1,0.0,1
90.21,stop,90.13,0.0,1,0.0,1
90.28,stop,90.23,0.0,1,0.0,1
90.34,stop,90.33,0.0,1,0.0,1
90.41,stop,90.33,0.0,1,0.0,1
90.48,stop,90.43,0.0,1,0.0,1
90.54,stop,90.53,0.0,1,0.0,1
90.61,stop,90.53,0.0,1,0.0,1
90.68,stop,90.63,0.0,1,0.0,1
90.74,stop,90.73,0.0,1,0.0,1
90.81,stop,90.73,0.0,1,0.0,1
90.88,stop,90.83,0.0,1,0.0,1
90.94,stop,90.93,0.0,1,0.0,1
91.01,stop,90.93,0.0,1,0.0,1
91.08,stop,91.03,0.0,1,0.0,1
91.14,stop,91.13,0.0,1,0.0,1
91.21,stop,91.13,0.0,1,0.0,1
91.27,stop,91.23,0.0,1,0.0,1
91.34,stop,91.33,0.0,1,0.0,1
91.41,stop,91.33,0.0,1,0.0,1
91.48,stop,91.44,0.0,1,0.0,1
91.54,stop,91.54,0.0,1,0.0,1
91.61,stop,91.54,0.0,1,0.0,1
91.67,stop,91.64,0.0,1,0.0,1
91.74,stop,91.74,0.0,1,0.0,1
91.81,stop,91.74,0.0,1,0.0,1
91.87,stop,91.84,0.0,1,0.0,1
91.94,stop,91.94,0.0,1,0.0,1
92.01,stop,91.94,0.0,1,0.0,1
92.07,stop,92.04,0.0,1,0.0,1
92.14,stop,92.14,0.0,1,0.0,1
92.21,stop,92.14,0.0,1,0.0,1
92.28,stop,92.24,0.0,1,0.0,1
92.34,stop,92.34,0.0,1,0.0,1
92.41,stop,92.34,0.0,1,0.0,1
92.48,stop,92.44,0.0,1,0.0,1
92.54,stop,92.44,0.0,1,0.0,1
92.61,stop,92.54,0.0,1,0.0,1
92.68,stop,92.64,0.0,1,0.0,1
92.75,stop,92.74,0.0,1,0.0,1
92.81,stop,92.74,0.0,1,0.0,1
92.88,stop,92.84,0.0,1,0.0,1
92.95,stop,92.94,0.0,1,0.0,1
93.01,stop,92.94,0.0,1,0.0,1
93.08,stop,93.04,0.0,1,0.0,1
93.14,stop,93.04,0.0,1,0.0,1
93.21,stop,93.15,0.0,1,0.0,1
93.28,stop,93.25,0.0,1,0.0,1
93.34,stop,93.25,0.0,1,0.0,1
93.41,stop,93.35,0.0,1,0.0,1
93.48,stop,93.45,0.0,1,0.0,1
93.54,stop,93.45,0.0,1,0.0,1
93.61,stop,93.55,0.0,1,0.0,1
93.68,stop,93.65,0.0,1,0.0,1
93.74,stop,93.65,0.0,1,0.0,1
93.81,stop,93.75,0.0,1,0.0,1
93.87,stop,93.85,0.0,1,0.0,1
93.94,stop,93.85,0.0,1,0.0,1
94.01,stop,93.95,0.0,1,0.0,1
94.07,stop,94.05,0.0,1,0.0,1
94.14,stop,94.05,0.0,1,0.0,1
94.2,stop,94.15,0.0,1,0.0,1
94.27,stop,94.25,0.0,1,0.0,1
94.34,stop,94.25,0.0,1,0.0,1
94.4,stop,94.35,0.0,1,0.0,1
94.47,stop,94.45,0.0,1,0.0,1
94.54,stop,94.45,0.0,1,0.0,1
94.6,stop,94.55,0.0,1,0.0,1
94.67,stop,94.66,0.0,1,0.0,1
94.73,stop,94.66,0.0,1,0.0,1
94.8,stop,94.76,0.0,1,0.0,1
94.87,stop,94.86,0.0,1,0.0,1
94.93,stop,94.86,0.0,1,0.0,1
95.0,stop,94.96,0.0,1,0.0,1
95.06,stop,95.06,0.0,1,0.0,1
95.13,stop,95.06,0.0,1,0.0,1
95.2,stop,95.16,0.0,1,0.0,1
95.26,stop,95.26,0.0,1,0.0,1
95.33,stop,95.26,0.0,1,0.0,1
95.4,stop,95.36,0.0,1,0.0,1
95.46,stop,95.46,0.0,1,0.0,1
95.53,stop,95.46,0.0,1,0.0,1
95.59,stop,95.56,0.0,1,0.0,1
95.66,stop,95.66,0.0,1,0.0,1
95.73,stop,95.66,0.0,1,0.0,1
95.79,stop,95.76,0.0,1,0.0,1
95.86,stop,95.76,0.0,1,0.0,1
95.93,stop,95.86,0.0,1,0.0,1
95.99,stop,95.96,0.0,1,0.0,1
96.06,stop,95.96,0.0,1,0.0,1
96.13,stop,96.06,0.0,1,0.0,1
96.19,stop,96.16,0.0,1,0.0,1
96.26,stop,96.16,0.0,1,0.0,1
96.33,stop,96.27,0.0,1,0.0,1
96.39,stop,96.37,0.0,1,0.0,1
96.46,stop,96.37,0.0,1,0.0,1
96.53,stop,96.47,0.0,1,0.0,1
96.59,stop,96.57,0.0,1,0.0,1
96.66,stop,96.57,0.0,1,0.0,1
96.73,stop,96.67,0.0,1,0.0,1
96.79,stop,96.77,0.0,1,0.0,1
96.86,stop,96.77,0.0,1,0.0,1
96.93,stop,96.87,0.0,1,0.0,1
96.99,stop,96.97,0.0,1,0.0,1
97.06,stop,96.97,0.0,1,0.0,1
97.13,stop,97.07,0.0,1,0.0,1
97.19,stop,97.17,0.0,1,0.0,1
97.26,stop,97.17,0.0,1,0.0,1
97.32,stop,97.27,0.0,1,0.0,1
97.39,stop,97.37,0.0,1,0.0,1
97.46,stop,97.37,0.0,1,0.0,1
97.52,stop,97.47,0.0,1,0.0,1
97.59,stop,97.57,0.0,1,0.0,1
97.66,stop,97.57,0.0,1,0.0,1
97.72,stop,97.67,0.0,1,0.0,1
97.79,stop,97.78,0.0,1,0.0,1
97.86,stop,97.78,0.0,1,0.0,1
97.92,stop,97.88,0.0,1,0.0,1
97.99,stop,97.98,0.0,1,0.0,1
98.06,stop,97.98,0.0,1,0.0,1
98.13,stop,98.08,0.0,1,0.0,1
98.19,stop,98.18,0.0,1,0.0,1
98.26,stop,98.18,0.0,1,0.0,1
98.33,stop,98.28,0.0,1,0.0,1
98.39,stop,98.38,0.0,1,0.0,1
98.46,stop,98.38,0.0,1,0.0,1
98.53,stop,98.48,0.0,1,0.0,1
98.59,stop,98.58,0.0,1,0.0,1
98.66,stop,98.58,0.0,1,0.0,1
98.73,stop,98.68,0.0,1,0.0,1
98.79,stop,98.78,0.0,1,0.0,1
98.86,stop,98.78,0.0,1,0.0,1
98.93,stop,98.88,0.0,1,0.0,1
98.99,stop,98.98,0.0,1,0.0,1
99.06,stop,98.98,0.0,1,0.0,1
99.13,stop,99.08,0.0,1,0.0,1
99.19,stop,99.18,0.0,1,0.0,1
99.26,stop,99.18,0.0,1,0.0,1
99.33,stop,99.28,0.0,1,0.0,1
99.4,stop,99.39,0.0,1,0.0,1
99.47,stop,99.39,0.0,1,0.0,1
99.53,stop,99.49,0.0,1,0.0,1
99.6,stop,99.59,0.0,1,0.0,1
99.66,stop,99.59,0.0,1,0.0,1
99.73,stop,99.69,0.0,1,0.0,1
99.8,stop,99.79,0.0,1,0.0,1
99.86,stop,99.79,0.0,1,0.0,1
99.93,stop,99.89,0.0,1,0.0,1
99.99,stop,99.99,0.0,1,0.0,1
100.06,stop,99.99,0.0,1,0.0,1
100.13,stop,100.09,0.0,1,0.0,1
100.19,stop,100.19,0.0,1,0.0,1
100.26,stop,100.19,0.0,1,0.0,1
100.32,stop,100.29,0.0,1,0.0,1
100.39,stop,100.29,0.0,1,0.0,1
100.46,stop,100.39,0.0,1,0.0,1
100.52,stop,100.49,0.0,1,0.0,1
100.59,stop,100.49,0.0,1,0.0,1
100.66,stop,100.59,0.0,1,0.0,1
100.72,stop,100.69,0.0,1,0.0,1
100.79,stop,100.69,0.0,1,0.0,1
100.86,stop,100.79,0.0,1,0.0,1
100.92,stop,100.89,0.0,1,0.0,1
100.99,stop,100.89,0.0,1,0.0,1
101.06,stop,101.0,0.0,1,0.0,1
101.12,stop,101.1,0.0,1,0.0,1
101.19,stop,101.1,0.0,1,0.0,1
101.25,stop,101.2,0.0,1,0.0,1
101.32,stop,101.3,0.0,1,0.0,1
101.39,stop,101.3,0.0,1,0.0,1
101.45,stop,101.4,0.0,1,0.0,1
101.52,stop,101.5,0.0,1,0.0,1
101.59,stop,101.5,0.0,1,0.0,1
101.65,stop,101.6,0.0,1,0.0,1
101.72,stop,101.7,0.0,1,0.0,1
101.79,stop,101.7,0.0,1,0.0,1
101.85,stop,101.8,0.0,1,0.0,1
101.92,stop,101.9,0.0,1,0.0,1
101.99,stop,101.9,0.0,1,0.0,1
102.05,stop,102.0,0.0,1,0.0,1
102.12,stop,102.1,0.0,1,0.0,1
102.19,stop,102.1,0.0,1,0.0,1
102.25,stop,102.2,0.0,1,0.0,1
102.32,stop,102.3,0.0,1,0.0,1
102.38,stop,102.3,0.0,1,0.0,1
102.45,stop,102.4,0.0,1,0.0,1
102.52,stop,102.5,0.0,1,0.0,1
102.58,stop,102.5,0.0,1,0.0,1
102.65,stop,102.61,0.0,1,0.0,1
102.72,stop,102.71,0.0,1,0.0,1
102.78,stop,102.71,0.0,1,0.0,1
102.85,stop,102.81,0.0,1,0.0,1
102.92,stop,102.91,0.0,1,0.0,1
102.98,stop,102.91,0.0,1,0.0,1
103.05,stop,103.01,0.0,1,0.0,1
103.12,stop,103.11,0.0,1,0.0,1
103.18,stop,103.11,0.0,1,0.0,1
103.25,stop,103.21,0.0,1,0.0,1
103.32,stop,103.31,0.0,1,0.0,1
103.38,stop,103.31,0.0,1,0.0,1
103.45,stop,103.41,0.0,1,0.0,1
103.51,stop,103.51,0.0,1,0.0,1
103.58,stop,103.51,0.0,1,0.0,1
103.65,stop,103.61,0.0,1,0.0,1
103.72,stop,103.71,0.0,1,0.0,1
103.78,stop,103.71,0.0,1,0.0,1
103.85,stop,103.81,0.0,1,0.0,1
103.92,stop,103.91,0.0,1,0.0,1
103.98,stop,103.91,0.0,1,0.0,1
104.05,stop,104.01,0.0,1,0.0,1
104.11,stop,104.01,0.0,1,0.0,1
104.18,stop,104.11,0.0,1,0.0,1
104.25,stop,104.21,0.0,1,0.0,1
104.31,stop,104.21,0.0,1,0.0,1
104.38,stop,104.32,0.0,1,0.0,1
104.44,stop,104.42,0.0,1,0.0,1
104.51,stop,104.42,0.0,1,0.0,1
104.58,stop,104.52,0.0,1,0.0,1
104.64,stop,104.62,0.0,1,0.0,1
104.71,stop,104.62,0.0,1,0.0,1
104.77,stop,104.72,0.0,1,0.0,1
104.84,stop,104.82,0.0,1,0.0,1
104.91,stop,104.82,0.0,1,0.0,1
104.97,stop,104.92,0.0,1,0.0,1
105.04,stop,105.02,0.0,1,0.0,1
105.11,stop,105.02,0.0,1,0.0,1
105.17,stop,105.12,0.0,1,0.0,1
105.24,stop,105.22,0.0,1,0.0,1
105.3,stop,105.22,0.0,1,0.0,1
105.37,stop,105.32,0.0,1,0.0,1
105.44,stop,105.42,0.0,1,0.0,1
105.5,stop,105.42,0.0,1,0.0,1
105.57,stop,105.52,0.0,1,0.0,1
105.63,stop,105.62,0.0,1,0.0,1
105.7,stop,105.62,0.0,1,0.0,1
105.77,stop,105.72,0.0,1,0.0,1
105.83,stop,105.82,0.0,1,0.0,1
105.9,stop,105.82,0.0,1,0.0,1
105.96,stop,105.92,0.0,1,0.0,1
106.03,stop,106.02,0.0,1,0.0,1
106.09,stop,106.02,0.0,1,0.0,1
106.16,stop,106.12,0.0,1,0.0,1
106.23,stop,106.22,0.0,1,0.0,1
106.29,stop,106.22,0.0,1,0.0,1
106.36,stop,106.33,0.0,1,0.0,1
106.42,stop,106.33,0.0,1,0.0,1
106.49,stop,106.43,0.0,1,0.0,1
106.55,stop,106.53,0.0,1,0.0,1
106.62,stop,106.53,0.0,1,0.0,1
106.68,stop,106.63,0.0,1,0.0,1
106.75,stop,106.73,0.0,1,0.0,1
106.82,stop,106.73,0.0,1,0.0,1
106.88,stop,106.83,0.0,1,0.0,1
106.95,stop,106.93,0.0,1,0.0,1
107.01,stop,106.93,0.0,1,0.0,1
107.08,stop,107.03,0.0,1,0.0,1
107.15,stop,107.13,0.0,1,0.0,1
107.22,stop,107.13,0.0,1,0.0,1
107.29,stop,107.23,0.0,1,0.0,1
107.35,stop,107.33,0.0,1,0.0,1
107.42,stop,107.33,0.0,1,0.0,1
107.48,stop,107.43,0.0,1,0.0,1
107.55,stop,107.53,0.0,1,0.0,1
107.61,stop,107.53,0.0,1,0.0,1
107.68,stop,107.63,0.0,1,0.0,1
107.74,stop,107.73,0.0,1,0.0,1
107.81,stop,107.73,0.0,1,0.0,1
107.87,stop,107.83,0.0,1,0.0,1
107.94,stop,107.93,0.0,1,0.0,1
108.0,stop,107.93,0.0,1,0.0,1
108.07,stop,108.03,0.0,1,0.0,1
108.13,stop,108.13,0.0,1,0.0,1
108.2,stop,108.13,0.0,1,0.0,1
108.26,stop,108.23,0.0,1,0.0,1
108.33,stop,108.23,0.0,1,0.0,1
108.4,stop,108.33,0.0,1,0.0,1
108.46,stop,108.43,0.0,1,0.0,1
108.53,stop,108.43,0.0,1,0.0,1
108.59,stop,108.54,0.0,1,0.0,1
108.66,stop,108.64,0.0,1,0.0,1
108.72,stop,108.64,0.0,1,0.0,1
108.79,stop,108.74,0.0,1,0.0,1
108.86,stop,108.84,0.0,1,0.0,1
108.92,stop,108.84,0.0,1,0.0,1
108.99,stop,108.94,0.0,1,0.0,1
109.05,stop,109.04,0.0,1,0.0,1
109.12,stop,109.04,0.0,1,0.0,1
109.19,stop,109.14,0.0,1,0.0,1
109.25,stop,109.24,0.0,1,0.0,1
109.32,stop,109.24,0.0,1,0.0,1
109.39,stop,109.34,0.0,1,0.0,1
109.45,stop,109.44,0.0,1,0.0,1
109.52,stop,109.44,0.0,1,0.0,1
109.58,stop,109.54,0.0,1,0.0,1
109.65,stop,109.64,0.0,1,0.0,1
109.72,stop,109.64,0.0,1,0.0,1
109.78,stop,109.74,0.0,1,0.0,1
109.85,stop,109.84,0.0,1,0.0,1
109.92,stop,109.84,0.0,1,0.0,1
109.98,stop,109.94,0.0,1,0.0,1
110.05,stop,110.04,0.0,1,0.0,1
110.11,stop,110.04,0.0,1,0.0,1
110.18,stop,110.14,0.0,1,0.0,1
110.25,stop,110.25,0.0,1,0.0,1
110.31,stop,110.25,0.0,1,0.0,1
110.38,stop,110.35,0.0,1,0.0,1
110.45,stop,110.45,0.0,1,0.0,1
110.51,stop,110.45,0.0,1,0.0,1
110.58,stop,110.55,0.0,1,0.0,1
110.65,stop,110.55,0.0,1,0.0,1
110.71,stop,110.65,0.0,1,0.0,1
110.78,stop,110.75,0.0,1,0.0,1
110.85,stop,110.75,0.0,1,0.0,1
110.91,stop,110.85,0.0,1,0.0,1
110.98,stop,110.95,0.0,1,0.0,1
111.05,stop,110.95,0.0,1,0.0,1
111.11,stop,111.05,0.0,1,0.0,1
111.18,stop,111.15,0.0,1,0.0,1
111.24,stop,111.15,0.0,1,0.0,1
111.31,stop,111.25,0.0,1,0.0,1
111.38,stop,111.35,0.0,1,0.0,1
111.44,stop,111.35,0.0,1,0.0,1
111.51,stop,111.45,0.0,1,0.0,1
111.58,stop,111.55,0.0,1,0.0,1
111.64,stop,111.55,0.0,1,0.0,1
111.71,stop,111.65,0.0,1,0.0,1
111.78,stop,111.75,0.0,1,0.0,1
111.84,stop,111.75,0.0,1,0.0,1
111.91,stop,111.86,0.0,1,0.0,1
111.97,stop,111.96,0.0,1,0.0,1
112.04,stop,111.96,0.0,1,0.0,1
112.11,stop,112.06,0.0,1,0.0,1
112.17,stop,112.16,0.0,1,0.0,1
112.24,stop,112.16,0.0,1,0.0,1
112.31,stop,112.26,0.0,1,0.0,1
112.37,stop,112.36,0.0,1,0.0,1
112.44,stop,112.36,0.0,1,0.0,1
112.51,stop,112.46,0.0,1,0.0,1
112.57,stop,112.56,0.0,1,0.0,1
112.64,stop,112.56,0.0,1,0.0,1
112.71,stop,112.66,0.0,1,0.0,1
112.77,stop,112.76,0.0,1,0.0,1
112.84,stop,112.76,0.0,1,0.0,1
112.91,stop,112.86,0.0,1,0.0,1
112.97,stop,112.96,0.0,1,0.0,1
113.04,stop,112.96,0.0,1,0.0,1
113.11,stop,113.06,0.0,1,0.0,1
113.17,stop,113.16,0.0,1,0.0,1
113.24,stop,113.16,0.0,1,0.0,1
113.31,stop,113.26,0.0,1,0.0,1
113.37,stop,113.36,0.0,1,0.0,1
113.44,stop,113.36,0.0,1,0.0,1
113.5,stop,113.46,0.0,1,0.0,1
113.57,stop,113.57,0.0,1,0.0,1
113.64,stop,113.57,0.0,1,0.0,1
113.71,stop,113.67,0.0,1,0.0,1
113.77,stop,113.77,0.0,1,0.0,1
113.85,stop,113.77,0.0,1,0.0,1
113.91,stop,113.87,0.0,1,0.0,1
113.98,stop,113.97,0.0,1,0.0,1
114.04,stop,113.97,0.0,1,0.0,1
114.11,stop,114.07,0.0,1,0.0,1
114.17,stop,114.17,0.0,1,0.0,1
114.24,stop,114.17,0.0,1,0.0,1
114.31,stop,114.27,0.0,1,0.0,1
114.37,stop,114.37,0.0,1,0.0,1
114.44,stop,114.37,0.0,1,0.0,1
114.5,stop,114.47,0.0,1,0.0,1
114.57,stop,114.47,0.0,1,0.0,1
114.64,stop,114.57,0.0,1,0.0,1
114.7,stop,114.67,0.0,1,0.0,1
114.77,stop,114.67,0.0,1,0.0,1
114.84,stop,114.77,0.0,1,0.0,1
114.9,stop,114.87,0.0,1,0.0,1
114.97,stop,114.87,0.0,1,0.0,1
115.03,stop,114.97,0.0,1,0.0,1
115.1,stop,115.07,0.0,1,0.0,1
115.16,stop,115.07,0.0,1,0.0,1
115.23,stop,115.17,0.0,1,0.0,1
115.3,stop,115.28,0.0,1,0.0,1
115.36,stop,115.28,0.0,1,0.0,1
115.43,stop,115.38,0.0,1,0.0,1
115.5,stop,115.48,0.0,1,0.0,1
115.56,stop,115.48,0.0,1,0.0,1
115.63,stop,115.58,0.0,1,0.0,1
115.69,stop,115.68,0.0,1,0.0,1
115.76,stop,115.68,0.0,1,0.0,1
115.83,stop,115.78,0.0,1,0.0,1
115.89,stop,115.88,0.0,1,0.0,1
115.96,stop,115.88,0.0,1,0.0,1
116.02,stop,115.98,0.0,1,0.0,1
116.09,stop,116.08,0.0,1,0.0,1
116.16,stop,116.08,0.0,1,0.0,1
116.22,stop,116.18,0.0,1,0.0,1
116.29,stop,116.28,0.0,1,0.0,1
116.36,stop,116.28,0.0,1,0.0,1
116.42,stop,116.38,0.0,1,0.0,1
116.49,stop,116.48,0.0,1,0.0,1
116.56,stop,116.48,0.0,1,0.0,1
116.62,stop,116.58,0.0,1,0.0,1
116.69,stop,116.68,0.0,1,0.0,1
116.75,stop,116.68,0.0,1,0.0,1
116.82,stop,116.78,0.0,1,0.0,1
116.89,stop,116.89,0.0,1,0.0,1
116.95,stop,116.89,0.0,1,0.0,1
117.02,stop,116.99,0.0,1,0.0,1
117.09,stop,116.99,0.0,1,0.0,1
117.15,stop,117.09,0.0,1,0.0,1
117.22,stop,117.19,0.0,1,0.0,1
117.28,stop,117.19,0.0,1,0.0,1
117.35,stop,117.29,0.0,1,0.0,1
117.42,stop,117.39,0.0,1,0.0,1
117.48,stop,117.39,0.0,1,0.0,1
117.55,stop,117.49,0.0,1,0.0,1
117.62,stop,117.59,0.0,1,0.0,1
117.68,stop,117.59,0.0,1,0.0,1
117.75,stop,117.69,0.0,1,0.0,1
117.81,stop,117.79,0.0,1,0.0,1
117.88,stop,117.79,0.0,1,0.0,1
117.95,stop,117.89,0.0,1,0.0,1
118.01,stop,117.99,0.0,1,0.0,1
118.08,stop,117.99,0.0,1,0.0,1
118.15,stop,118.09,0.0,1,0.0,1
118.21,stop,118.19,0.0,1,0.0,1
118.28,stop,118.19,0.0,1,0.0,1
118.35,stop,118.29,0.0,1,0.0,1
118.41,stop,118.39,0.0,1,0.0,1
118.48,stop,118.39,0.0,1,0.0,1
118.55,stop,118.49,0.0,1,0.0,1
118.61,stop,118.59,0.0,1,0.0,1
118.68,stop,118.59,0.0,1,0.0,1
118.75,stop,118.69,0.0,1,0.0,1
118.81,stop,118.79,0.0,1,0.0,1
118.88,stop,118.79,0.0,1,0.0,1
118.94,stop,118.89,0.0,1,0.0,1
119.01,stop,119.0,0.0,1,0.0,1
119.08,stop,119.0,0.0,1,0.0,1
119.14,stop,119.1,0.0,1,0.0,1
119.21,stop,119.2,0.0,1,0.0,1
119.28,stop,119.2,0.0,1,0.0,1
119.34,stop,119.3,0.0,1,0.0,1
119.41,stop,119.4,0.0,1,0.0,1
119.48,stop,119.4,0.0,1,0.0,1
119.54,stop,119.5,0.0,1,0.0,1
119.61,stop,119.6,0.0,1,0.0,1
119.68,stop,119.6,0.0,1,0.0,1
119.74,stop,119.7,0.0,1,0.0,1
119.81,stop,119.8,0.0,1,0.0,1
119.88,stop,119.8,0.0,1,0.0,1
119.94,stop,119.9,0.0,1,0.0,1
120.01,stop,120.0,0.0,1,0.0,1
120.08,stop,120.0,0.0,1,0.0,1
120.14,stop,120.1,0.0,1,0.0,1
120.21,stop,120.2,0.0,1,0.0,1
120.28,stop,120.2,0.0,1,0.0,1
120.34,stop,120.3,0.0,1,0.0,1
120.42,stop,120.4,0.0,1,0.0,1
120.48,stop,120.4,0.0,1,0.0,1
120.55,stop,120.5,0.0,1,0.0,1
120.62,stop,120.6,0.0,1,0.0,1
120.68,stop,120.6,0.0,1,0.0,1
120.75,stop,120.7,0.0,1,0.0,1
120.81,stop,120.8,0.0,1,0.0,1
120.88,stop,120.8,0.0,1,0.0,1
120.94,stop,120.9,0.0,1,0.0,1
121.01,stop,121.0,0.0,1,0.0,1
121.08,stop,121.0,0.0,1,0.0,1
121.15,stop,121.1,0.0,1,0.0,1
121.21,stop,121.21,0.0,1,0.0,1
121.28,stop,121.21,0.0,1,0.0,1
121.34,stop,121.31,0.0,1,0.0,1
121.41,stop,121.41,0.0,1,0.0,1
121.48,stop,121.41,0.0,1,0.0,1
121.54,stop,121.51,0.0,1,0.0,1
121.61,stop,121.61,0.0,1,0.0,1
121.67,stop,121.61,0.0,1,0.0,1
121.74,stop,121.71,0.0,1,0.0,1
121.81,stop,121.71,0.0,1,0.0,1
121.87,stop,121.81,0.0,1,0.0,1
121.94,stop,121.91,0.0,1,0.0,1
122.0,stop,121.91,0.0,1,0.0,1
122.07,stop,122.01,0.0,1,0.0,1
122.14,stop,122.11,0.0,1,0.0,1
122.2,stop,122.11,0.0,1,0.0,1
122.27,stop,122.21,0.0,1,0.0,1
122.34,stop,122.31,0.0,1,0.0,1
122.4,stop,122.31,0.0,1,0.0,1
122.47,stop,122.41,0.0,1,0.0,1
122.53,stop,122.51,0.0,1,0.0,1
122.6,stop,122.51,0.0,1,0.0,1
122.67,stop,122.61,0.0,1,0.0,1
122.73,stop,122.71,0.0,1,0.0,1
122.8,stop,122.71,0.0,1,0.0,1
122.87,stop,122.81,0.0,1,0.0,1
122.93,stop,122.91,0.0,1,0.0,1
123.0,stop,122.91,0.0,1,0.0,1
123.06,stop,123.01,0.0,1,0.0,1
123.13,stop,123.11,0.0,1,0.0,1
123.2,stop,123.11,0.0,1,0.0,1
123.26,stop,123.21,0.0,1,0.0,1
123.33,stop,123.32,0.0,1,0.0,1
123.39,stop,123.32,0.0,1,0.0,1
123.46,stop,123.42,0.0,1,0.0,1
123.53,stop,123.52,0.0,1,0.0,1
123.59,stop,123.52,0.0,1,0.0,1
123.66,stop,123.62,0.0,1,0.0,1
123.72,stop,123.72,0.0,1,0.0,1
123.79,stop,123.72,0.0,1,0.0,1
123.85,stop,123.82,0.0,1,0.0,1
123.92,stop,123.92,0.0,1,0.0,1
123.99,stop,123.92,0.0,1,0.0,1
124.05,stop,124.02,0.0,1,0.0,1
124.12,stop,124.02,0.0,1,0.0,1
124.18,stop,124.12,0.0,1,0.0,1
124.25,stop,124.22,0.0,1,0.0,1
124.32,stop,124.22,0.0,1,0.0,1
124.38,stop,124.32,0.0,1,0.0,1
124.45,stop,124.42,0.0,1,0.0,1
124.51,stop,124.42,0.0,1,0.0,1
124.58,stop,124.52,0.0,1,0.0,1
124.65,stop,124.62,0.0,1,0.0,1
124.71,stop,124.62,0.0,1,0.0,1
124.78,stop,124.72,0.0,1,0.0,1
124.84,stop,124.82,0.0,1,0.0,1
124.91,stop,124.82,0.0,1,0.0,1
124.97,stop,124.92,0.0,1,0.0,1
125.04,stop,125.02,0.0,1,0.0,1
125.11,stop,125.02,0.0,1,0.0,1
125.17,stop,125.12,0.0,1,0.0,1
125.24,stop,125.22,0.0,1,0.0,1
125.3,stop,125.22,0.0,1,0.0,1
125.37,stop,125.32,0.0,1,0.0,1
125.43,stop,125.42,0.0,1,0.0,1
125.5,stop,125.42,0.0,1,0.0,1
125.57,stop,125.52,0.0,1,0.0,1
125.63,stop,125.62,0.0,1,0.0,1
125.7,stop,125.62,0.0,1,0.0,1
125.76,stop,125.72,0.0,1,0.0,1
125.83,stop,125.82,0.0,1,0.0,1
125.9,stop,125.82,0.0,1,0.0,1
125.96,stop,125.92,0.0,1,0.0,1
126.03,stop,126.02,0.0,1,0.0,1
126.09,stop,126.02,0.0,1,0.0,1
126.16,stop,126.13,0.0,1,0.0,1
126.23,stop,126.13,0.0,1,0.0,1
126.29,stop,126.23,0.0,1,0.0,1
126.36,stop,126.33,0.0,1,0.0,1
126.42,stop,126.33,0.0,1,0.0,1
126.49,stop,126.43,0.0,1,0.0,1
126.56,stop,126.53,0.0,1,0.0,1
126.62,stop,126.53,0.0,1,0.0,1
126.69,stop,126.63,0.0,1,0.0,1
126.75,stop,126.73,0.0,1,0.0,1
126.82,stop,126.73,0.0,1,0.0,1
126.89,stop,126.83,0.0,1,0.0,1
126.95,stop,126.93,0.0,1,0.0,1
127.02,stop,126.93,0.0,1,0.0,1
127.09,stop,127.03,0.0,1,0.0,1
127.16,stop,127.13,0.0,1,0.0,1
127.22,stop,127.13,0.0,1,0.0,1
127.29,stop,127.23,0.0,1,0.0,1
127.35,stop,127.33,0.0,1,0.0,1
127.42,stop,127.33,0.0,1,0.0,1
127.48,stop,127.43,0.0,1,0.0,1
127.55,stop,127.53,0.0,1,0.0,1
127.61,stop,127.53,0.0,1,0.0,1
127.68,stop,127.63,0.0,1,0.0,1
127.74,stop,127.73,0.0,1,0.0,1
127.81,stop,127.73,0.0,1,0.0,1
127.88,stop,127.83,0.0,1,0.0,1
127.94,stop,127.93,0.0,1,0.0,1
128.01,stop,127.93,0.0,1,0.0,1
128.07,stop,128.03,0.0,1,0.0,1
128.14,stop,128.13,0.0,1,0.0,1
128.21,stop,128.13,0.0,1,0.0,1
128.27,stop,128.23,0.0,1,0.0,1
128.34,stop,128.33,0.0,1,0.0,1
128.4,stop,128.33,0.0,1,0.0,1
128.47,stop,128.43,0.0,1,0.0,1
128.54,stop,128.53,0.0,1,0.0,1
128.6,stop,128.53,0.0,1,0.0,1
128.67,stop,128.64,0.0,1,0.0,1
128.74,stop,128.64,0.0,1,0.0,1
128.8,stop,128.74,0.0,1,0.0,1
128.87,stop,128.84,0.0,1,0.0,1
128.93,stop,128.84,0.0,1,0.0,1
129.0,stop,128.94,0.0,1,0.0,1
129.07,stop,129.04,0.0,1,0.0,1
129.13,stop,129.04,0.0,1,0.0,1
129.2,stop,129.14,0.0,1,0.0,1
129.26,stop,129.24,0.0,1,0.0,1
129.33,stop,129.24,0.0,1,0.0,1
129.4,stop,129.34,0.0,1,0.0,1
129.46,stop,129.44,0.0,1,0.0,1
129.53,stop,129.44,0.0,1,0.0,1
129.6,stop,129.54,0.0,1,0.0,1
129.66,stop,129.64,0.0,1,0.0,1
129.73,stop,129.64,0.0,1,0.0,1
129.8,stop,129.74,0.0,1,0.0,1
129.86,stop,129.84,0.0,1,0.0,1
129.93,stop,129.84,0.0,1,0.0,1
130.0,stop,129.94,0.0,1,0.0,1
130.06,stop,130.04,0.0,1,0.0,1
130.13,stop,130.04,0.0,1,0.0,1
130.19,stop,130.14,0.0,1,0.0,1
130.26,stop,130.24,0.0,1,0.0,1
130.33,stop,130.24,0.0,1,0.0,1
130.39,stop,130.34,0.0,1,0.0,1
130.46,stop,130.44,0.0,1,0.0,1
130.52,stop,130.44,0.0,1,0.0,1
130.59,stop,130.54,0.0,1,0.0,1
130.66,stop,130.65,0.0,1,0.0,1
130.72,stop,130.65,0.0,1,0.0,1
130.79,stop,130.75,0.0,1,0.0,1
130.86,stop,130.85,0.0,1,0.0,1
130.92,stop,130.85,0.0,1,0.0,1
130.99,stop,130.95,0.0,1,0.0,1
131.06,stop,131.05,0.0,1,0.0,1
131.12,stop,131.05,0.0,1,0.0,1
131.19,stop,131.15,0.0,1,0.0,1
131.26,stop,131.25,0.0,1,0.0,1
131.32,stop,131.25,0.0,1,0.0,1
131.39,stop,131.35,0.0,1,0.0,1
131.46,stop,131.45,0.0,1,0.0,1
131.52,stop,131.45,0.0,1,0.0,1
131.59,stop,131.55,0.0,1,0.0,1
131.65,stop,131.65,0.0,1,0.0,1
131.72,stop,131.65,0.0,1,0.0,1
131.79,stop,131.75,0.0,1,0.0,1
131.86,stop,131.85,0.0,1,0.0,1
131.92,stop,131.85,0.0,1,0.0,1
131.99,stop,131.95,0.0,1,0.0,1
132.05,stop,132.05,0.0,1,0.0,1
132.12,stop,132.05,0.0,1,0.0,1
132.19,stop,132.15,0.0,1,0.0,1
132.25,stop,132.25,0.0,1,0.0,1
132.32,stop,132.25,0.0,1,0.0,1
132.39,stop,132.35,0.0,1,0.0,1
132.45,stop,132.35,0.0,1,0.0,1
132.52,stop,132.45,0.0,1,0.0,1
132.59,stop,132.55,0.0,1,0.0,1
132.65,stop,132.55,0.0,1,0.0,1
132.72,stop,132.65,0.0,1,0.0,1
132.79,stop,132.76,0.0,1,0.0,1
132.86,stop,132.76,0.0,1,0.0,1
132.92,stop,132.86,0.0,1,0.0,1
132.99,stop,132.96,0.0,1,0.0,1
133.06,stop,132.96,0.0,1,0.0,1
133.12,stop,133.06,0.0,1,0.0,1
133.19,stop,133.16,0.0,1,0.0,1
133.25,stop,133.16,0.0,1,0.0,1
133.32,stop,133.26,0.0,1,0.0,1
133.39,stop,133.36,0.0,1,0.0,1
133.45,stop,133.36,0.0,1,0.0,1
133.52,stop,133.46,0.0,1,0.0,1
133.59,stop,133.56,0.0,1,0.0,1
133.65,stop,133.56,0.0,1,0.0,1
133.72,stop,133.66,0.0,1,0.0,1
133.79,stop,133.76,0.0,1,0.0,1
133.86,stop,133.76,0.0,1,0.0,1
133.92,stop,133.86,0.0,1,0.0,1
133.99,stop,133.96,0.0,1,0.0,1
134.06,stop,133.96,0.0,1,0.0,1
134.12,stop,134.06,0.0,1,0.0,1
134.19,stop,134.16,0.0,1,0.0,1
134.26,stop,134.16,0.0,1,0.0,1
134.32,stop,134.26,0.0,1,0.0,1
134.39,stop,134.36,0.0,1,0.0,1
134.45,stop,134.36,0.0,1,0.0,1
134.52,stop,134.46,0.0,1,0.0,1
134.59,stop,134.56,0.0,1,0.0,1
134.65,stop,134.56,0.0,1,0.0,1
134.72,stop,134.66,0.0,1,0.0,1
134.78,stop,134.76,0.0,1,0.0,1
134.85,stop,134.76,0.0,1,0.0,1
134.92,stop,134.87,0.0,1,0.0,1
134.98,stop,134.97,0.0,1,0.0,1
135.05,stop,134.97,0.0,1,0.0,1
135.11,stop,135.07,0.0,1,0.0,1
135.18,stop,135.17,0.0,1,0.0,1
135.25,stop,135.17,0.0,1,0.0,1
135.31,stop,135.27,0.0,1,0.0,1
135.38,stop,135.37,0.0,1,0.0,1
135.45,stop,135.37,0.0,1,0.0,1
135.51,stop,135.47,0.0,1,0.0,1
135.58,stop,135.57,0.0,1,0.0,1
135.64,stop,135.57,0.0,1,0.0,1
135.71,stop,135.67,0.0,1,0.0,1
135.77,stop,135.77,0.0,1,0.0,1
135.84,stop,135.77,0.0,1,0.0,1
135.91,stop,135.87,0.0,1,0.0,1
135.97,stop,135.97,0.0,1,0.0,1
136.04,stop,135.97,0.0,1,0.0,1
136.11,stop,136.07,0.0,1,0.0,1
136.17,stop,136.17,0.0,1,0.0,1
136.24,stop,136.17,0.0,1,0.0,1
136.31,stop,136.27,0.0,1,0.0,1
136.37,stop,136.27,0.0,1,0.0,1
136.44,stop,136.37,0.0,1,0.0,1
136.5,stop,136.47,0.0,1,0.0,1
136.57,stop,136.47,0.0,1,0.0,1
136.64,stop,136.57,0.0,1,0.0,1
136.7,stop,136.67,0.0,1,0.0,1
136.77,stop,136.67,0.0,1,0.0,1
136.84,stop,136.77,0.0,1,0.0,1
136.9,stop,136.87,0.0,1,0.0,1
136.97,stop,136.87,0.0,1,0.0,1
137.03,stop,136.98,0.0,1,0.0,1
137.1,stop,137.08,0.0,1,0.0,1
137.17,stop,137.08,0.0,1,0.0,1
137.24,stop,137.18,0.0,1,0.0,1
137.3,stop,137.28,0.0,1,0.0,1
137.37,stop,137.28,0.0,1,0.0,1
137.43,stop,137.38,0.0,1,0.0,1
137.5,stop,137.48,0.0,1,0.0,1
137.57,stop,137.48,0.0,1,0.0,1
137.63,stop,137.58,0.0,1,0.0,1
137.7,stop,137.68,0.0,1,0.0,1
137.77,stop,137.68,0.0,1,0.0,1
137.83,stop,137.78,0.0,1,0.0,1
137.9,stop,137.88,0.0,1,0.0,1
137.96,stop,137.88,0.0,1,0.0,1
138.03,stop,137.98,0.0,1,0.0,1
138.1,stop,138.08,0.0,1,0.0,1
138.16,stop,138.08,0.0,1,0.0,1
138.23,stop,138.18,0.0,1,0.0,1
138.3,stop,138.28,0.0,1,0.0,1
138.36,stop,138.28,0.0,1,0.0,1
138.43,stop,138.38,0.0,1,0.0,1
138.5,stop,138.48,0.0,1,0.0,1
138.56,stop,138.48,0.0,1,0.0,1
138.63,stop,138.58,0.0,1,0.0,1
138.7,stop,138.68,0.0,1,0.0,1
138.76,stop,138.68,0.0,1,0.0,1
138.83,stop,138.78,0.0,1,0.0,1
138.9,stop,138.88,0.0,1,0.0,1
138.96,stop,138.88,0.0,1,0.0,1
139.03,stop,138.98,0.0,1,0.0,1
139.1,stop,139.08,0.0,1,0.0,1
139.16,stop,139.08,0.0,1,0.0,1
139.23,stop,139.19,0.0,1,0.0,1
139.3,stop,139.29,0.0,1,0.0,1
139.36,stop,139.29,0.0,1,0.0,1
139.43,stop,139.39,0.0,1,0.0,1
139.5,stop,139.49,0.0,1,0.0,1
139.56,stop,139.49,0.0,1,0.0,1
139.63,stop,139.59,0.0,1,0.0,1
139.7,stop,139.69,0.0,1,0.0,1
139.76,stop,139.69,0.0,1,0.0,1
139.83,stop,139.79,0.0,1,0.0,1
139.9,stop,139.89,0.0,1,0.0,1
139.96,stop,139.89,0.0,1,0.0,1
140.03,stop,139.99,0.0,1,0.0,1
140.1,stop,140.09,0.0,1,0.0,1
140.16,stop,140.09,0.0,1,0.0,1
140.23,stop,140.19,0.0,1,0.0,1
140.3,stop,140.29,0.0,1,0.0,1
140.37,stop,140.29,0.0,1,0.0,1
140.44,stop,140.39,0.0,1,0.0,1
140.5,stop,140.49,0.0,1,0.0,1
140.57,stop,140.49,0.0,1,0.0,1
140.63,stop,140.59,0.0,1,0.0,1
140.7,stop,140.69,0.0,1,0.0,1
140.77,stop,140.69,0.0,1,0.0,1
140.83,stop,140.79,0.0,1,0.0,1
140.9,stop,140.89,0.0,1,0.0,1
140.96,stop,140.89,0.0,1,0.0,1
141.03,stop,140.99,0.0,1,0.0,1
141.1,stop,141.09,0.0,1,0.0,1
141.16,stop,141.09,0.0,1,0.0,1
141.23,stop,141.19,0.0,1,0.0,1
141.29,stop,141.19,0.0,1,0.0,1
141.36,stop,141.29,0.0,1,0.0,1
141.43,stop,141.4,0.0,1,0.0,1
141.49,stop,141.4,0.0,1,0.0,1
141.56,stop,141.5,0.0,1,0.0,1
141.62,stop,141.6,0.0,1,0.0,1
141.69,stop,141.6,0.0,1,0.0,1
141.76,stop,141.7,0.0,1,0.0,1
141.82,stop,141.8,0.0,1,0.0,1
141.89,stop,141.8,0.0,1,0.0,1
141.96,stop,141.9,0.0,1,0.0,1
142.02,stop,142.0,0.0,1,0.0,1
142.09,stop,142.0,0.0,1,0.0,1
142.15,stop,142.1,0.0,1,0.0,1
142.22,stop,142.2,0.0,1,0.0,1
142.29,stop,142.2,0.0,1,0.0,1
142.35,stop,142.3,0.0,1,0.0,1
142.42,stop,142.4,0.0,1,0.0,1
142.49,stop,142.4,0.0,1,0.0,1
142.55,stop,142.5,0.0,1,0.0,1
142.62,stop,142.6,0.0,1,0.0,1
142.69,stop,142.6,0.0,1,0.0,1
142.75,stop,142.7,0.0,1,0.0,1
142.82,stop,142.8,0.0,1,0.0,1
142.88,stop,142.8,0.0,1,0.0,1
142.95,stop,142.9,0.0,1,0.0,1
143.02,stop,143.0,0.0,1,0.0,1
143.08,stop,143.0,0.0,1,0.0,1
143.15,stop,143.1,0.0,1,0.0,1
143.22,stop,143.2,0.0,1,0.0,1
143.28,stop,143.2,0.0,1,0.0,1
143.35,stop,143.3,0.0,1,0.0,1
143.41,stop,143.4,0.0,1,0.0,1
143.48,stop,143.4,0.0,1,0.0,1
143.55,stop,143.5,0.0,1,0.0,1
143.61,stop,143.61,0.0,1,0.0,1
143.68,stop,143.61,0.0,1,0.0,1
143.75,stop,143.71,0.0,1,0.0,1
143.81,stop,143.81,0.0,1,0.0,1
143.88,stop,143.81,0.0,1,0.0,1
143.95,stop,143.91,0.0,1,0.0,1
144.01,stop,144.01,0.0,1,0.0,1
144.08,stop,144.01,0.0,1,0.0,1
144.14,stop,144.11,0.0,1,0.0,1
144.21,stop,144.21,0.0,1,0.0,1
144.28,stop,144.21,0.0,1,0.0,1
144.34,stop,144.31,0.0,1,0.0,1
144.41,stop,144.41,0.0,1,0.0,1
144.48,stop,144.41,0.0,1,0.0,1
144.54,stop,144.51,0.0,1,0.0,1
144.61,stop,144.51,0.0,1,0.0,1
144.68,stop,144.61,0.0,1,0.0,1
144.74,stop,144.71,0.0,1,0.0,1
144.81,stop,144.71,0.0,1,0.0,1
144.88,stop,144.81,0.0,1,0.0,1
144.94,stop,144.91,0.0,1,0.0,1
145.01,stop,144.91,0.0,1,0.0,1
145.08,stop,145.01,0.0,1,0.0,1
145.14,stop,145.11,0.0,1,0.0,1
145.21,stop,145.11,0.0,1,0.0,1
145.27,stop,145.21,0.0,1,0.0,1
145.34,stop,145.31,0.0,1,0.0,1
145.41,stop,145.31,0.0,1,0.0,1
145.47,stop,145.41,0.0,1,0.0,1
145.54,stop,145.51,0.0,1,0.0,1
145.61,stop,145.51,0.0,1,0.0,1
145.67,stop,145.61,0.0,1,0.0,1
145.74,stop,145.71,0.0,1,0.0,1
145.81,stop,145.71,0.0,1,0.0,1
145.88,stop,145.82,0.0,1,0.0,1
145.94,stop,145.92,0.0,1,0.0,1
146.01,stop,145.92,0.0,1,0.0,1
146.08,stop,146.02,0.0,1,0.0,1
146.14,stop,146.12,0.0,1,0.0,1
146.21,stop,146.12,0.0,1,0.0,1
146.28,stop,146.22,0.0,1,0.0,1
146.34,stop,146.32,0.0,1,0.0,1
146.41,stop,146.32,0.0,1,0.0,1
146.47,stop,146.42,0.0,1,0.0,1
146.54,stop,146.52,0.0,1,0.0,1
146.61,stop,146.52,0.0,1,0.0,1
146.67,stop,146.62,0.0,1,0.0,1
146.74,stop,146.72,0.0,1,0.0,1
146.81,stop,146.72,0.0,1,0.0,1
146.88,stop,146.82,0.0,1,0.0,1
146.95,stop,146.92,0.0,1,0.0,1
147.01,stop,146.92,0.0,1,0.0,1
147.08,stop,147.02,0.0,1,0.0,1
147.15,stop,147.12,0.0,1,0.0,1
147.21,stop,147.12,0.0,1,0.0,1
147.28,stop,147.22,0.0,1,0.0,1
147.34,stop,147.32,0.0,1,0.0,1
147.41,stop,147.32,0.0,1,0.0,1
147.48,stop,147.42,0.0,1,0.0,1
147.54,stop,147.52,0.0,1,0.0,1
147.61,stop,147.52,0.0,1,0.0,1
147.67,stop,147.62,0.0,1,0.0,1
147.74,stop,147.72,0.0,1,0.0,1
147.81,stop,147.72,0.0,1,0.0,1
147.87,stop,147.82,0.0,1,0.0,1
147.94,stop,147.92,0.0,1,0.0,1
148.0,stop,147.92,0.0,1,0.0,1
148.07,stop,148.02,0.0,1,0.0,1
148.14,stop,148.13,0.0,1,0.0,1
148.21,stop,148.13,0.0,1,0.0,1
148.28,stop,148.23,0.0,1,0.0,1
148.34,stop,148.33,0.0,1,0.0,1
148.41,stop,148.33,0.0,1,0.0,1
148.48,stop,148.43,0.0,1,0.0,1
148.54,stop,148.53,0.0,1,0.0,1
148.61,stop,148.53,0.0,1,0.0,1
148.67,stop,148.63,0.0,1,0.0,1
148.74,stop,148.73,0.0,1,0.0,1
148.81,stop,148.73,0.0,1,0.0,1
148.87,stop,148.83,0.0,1,0.0,1
148.94,stop,148.93,0.0,1,0.0,1
149.0,stop,148.93,0.0,1,0.0,1
149.07,stop,149.03,0.0,1,0.0,1
149.14,stop,149.13,0.0,1,0.0,1
149.2,stop,149.13,0.0,1,0.0,1
149.27,stop,149.23,0.0,1,0.0,1
149.33,stop,149.33,0.0,1,0.0,1
149.4,stop,149.33,0.0,1,0.0,1
149.47,stop,149.43,0.0,1,0.0,1
149.53,stop,149.53,0.0,1,0.0,1
149.6,stop,149.53,0.0,1,0.0,1
149.67,stop,149.63,0.0,1,0.0,1
149.73,stop,149.63,0.0,1,0.0,1
149.8,stop,149.73,0.0,1,0.0,1
149.86,stop,149.83,0.0,1,0.0,1
149.93,stop,149.83,0.0,1,0.0,1
150.0,stop,149.93,0.0,1,0.0,1
150.06,stop,150.03,0.0,1,0.0,1
150.13,stop,150.03,0.0,1,0.0,1
150.2,stop,150.13,0.0,1,0.0,1
150.26,stop,150.23,0.0,1,0.0,1
150.33,stop,150.23,0.0,1,0.0,1
150.39,stop,150.34,0.0,1,0.0,1
150.46,stop,150.44,0.0,1,0.0,1
150.53,stop,150.44,0.0,1,0.0,1
150.59,stop,150.54,0.0,1,0.0,1
150.66,stop,150.64,0.0,1,0.0,1
150.72,stop,150.64,0.0,1,0.0,1
150.79,stop,150.74,0.0,1,0.0,1
150.86,stop,150.84,0.0,1,0.0,1
150.92,stop,150.84,0.0,1,0.0,1
150.99,stop,150.94,0.0,1,0.0,1
151.05,stop,151.04,0.0,1,0.0,1
151.12,stop,151.04,0.0,1,0.0,1
151.19,stop,151.14,0.0,1,0.0,1
151.25,stop,151.24,0.0,1,0.0,1
151.32,stop,151.24,0.0,1,0.0,1
151.39,stop,151.34,0.0,1,0.0,1
151.45,stop,151.44,0.0,1,0.0,1
151.52,stop,151.44,0.0,1,0.0,1
151.58,stop,151.54,0.0,1,0.0,1
151.65,stop,151.64,0.0,1,0.0,1
151.72,stop,151.64,0.0,1,0.0,1
151.78,stop,151.74,0.0,1,0.0,1
151.85,stop,151.84,0.0,1,0.0,1
151.92,stop,151.84,0.0,1,0.0,1
151.98,stop,151.94,0.0,1,0.0,1
152.05,stop,152.04,0.0,1,0.0,1
152.11,stop,152.04,0.0,1,0.0,1
152.18,stop,152.14,0.0,1,0.0,1
152.25,stop,152.24,0.0,1,0.0,1
152.32,stop,152.24,0.0,1,0.0,1
152.38,stop,152.34,0.0,1,0.0,1
152.45,stop,152.44,0.0,1,0.0,1
152.51,stop,152.44,0.0,1,0.0,1
152.58,stop,152.55,0.0,1,0.0,1
152.65,stop,152.65,0.0,1,0.0,1
152.71,stop,152.65,0.0,1,0.0,1
152.78,stop,152.75,0.0,1,0.0,1
152.85,stop,152.75,0.0,1,0.0,1
152.91,stop,152.85,0.0,1,0.0,1
152.98,stop,152.95,0.0,1,0.0,1
153.05,stop,152.95,0.0,1,0.0,1
153.11,stop,153.05,0.0,1,0.0,1
153.18,stop,153.15,0.0,1,0.0,1
153.25,stop,153.15,0.0,1,0.0,1
153.31,stop,153.25,0.0,1,0.0,1
153.38,stop,153.35,0.0,1,0.0,1
153.45,stop,153.35,0.0,1,0.0,1
153.51,stop,153.45,0.0,1,0.0,1
153.58,stop,153.55,0.0,1,0.0,1
153.65,stop,153.55,0.0,1,0.0,1
153.71,stop,153.65,0.0,1,0.0,1
153.78,stop,153.75,0.0,1,0.0,1
153.85,stop,153.75,0.0,1,0.0,1
153.91,stop,153.85,0.0,1,0.0,1
153.98,stop,153.95,0.0,1,0.0,1
154.05,stop,153.95,0.0,1,0.0,1
154.11,stop,154.05,0.0,1,0.0,1
154.18,stop,154.15,0.0,1,0.0,1
154.25,stop,154.15,0.0,1,0.0,1
154.31,stop,154.25,0.0,1,0.0,1
154.38,stop,154.36,0.0,1,0.0,1
154.45,stop,154.36,0.0,1,0.0,1
154.51,stop,154.46,0.0,1,0.0,1
154.58,stop,154.56,0.0,1,0.0,1
154.65,stop,154.56,0.0,1,0.0,1
154.71,stop,154.66,0.0,1,0.0,1
154.78,stop,154.76,0.0,1,0.0,1
154.85,stop,154.76,0.0,1,0.0,1
154.92,stop,154.86,0.0,1,0.0,1
154.99,stop,154.96,0.0,1,0.0,1
155.05,stop,154.96,0.0,1,0.0,1
155.12,stop,155.06,0.0,1,0.0,1
155.18,stop,155.16,0.0,1,0.0,1
155.25,stop,155.16,0.0,1,0.0,1
155.32,stop,155.26,0.0,1,0.0,1
155.38,stop,155.36,0.0,1,0.0,1
155.45,stop,155.36,0.0,1,0.0,1
155.52,stop,155.46,0.0,1,0.0,1
155.58,stop,155.56,0.0,1,0.0,1
155.65,stop,155.56,0.0,1,0.0,1
155.71,stop,155.66,0.0,1,0.0,1
155.78,stop,155.76,0.0,1,0.0,1
155.85,stop,155.76,0.0,1,0.0,1
155.91,stop,155.86,0.0,1,0.0,1
155.98,stop,155.96,0.0,1,0.0,1
156.05,stop,155.96,0.0,1,0.0,1
156.11,stop,156.06,0.0,1,0.0,1
156.18,stop,156.16,0.0,1,0.0,1
156.24,stop,156.16,0.0,1,0.0,1
156.31,stop,156.26,0.0,1,0.0,1
156.38,stop,156.36,0.0,1,0.0,1
156.44,stop,156.36,0.0,1,0.0,1
156.51,stop,156.46,0.0,1,0.0,1
156.57,stop,156.57,0.0,1,0.0,1
156.64,stop,156.57,0.0,1,0.0,1
156.7,stop,156.67,0.0,1,0.0,1
156.77,stop,156.77,0.0,1,0.0,1
156.84,stop,156.77,0.0,1,0.0,1
156.91,stop,156.87,0.0,1,0.0,1
156.97,stop,156.97,0.0,1,0.0,1
157.04,stop,156.97,0.0,1,0.0,1
157.1,stop,157.07,0.0,1,0.0,1
157.17,stop,157.07,0.0,1,0.0,1
157.23,stop,157.17,0.0,1,0.0,1
157.3,stop,157.27,0.0,1,0.0,1
157.37,stop,157.27,0.0,1,0.0,1
157.43,stop,157.37,0.0,1,0.0,1
157.5,stop,157.47,0.0,1,0.0,1
157.56,stop,157.47,0.0,1,0.0,1
157.63,stop,157.57,0.0,1,0.0,1
157.7,stop,157.67,0.0,1,0.0,1
157.76,stop,157.67,0.0,1,0.0,1
157.83,stop,157.77,0.0,1,0.0,1
157.89,stop,157.87,0.0,1,0.0,1
157.96,stop,157.87,0.0,1,0.0,1
158.02,stop,157.97,0.0,1,0.0,1
158.09,stop,158.07,0.0,1,0.0,1
158.16,stop,158.07,0.0,1,0.0,1
158.22,stop,158.17,0.0,1,0.0,1
158.29,stop,158.27,0.0,1,0.0,1
158.35,stop,158.27,0.0,1,0.0,1
158.42,stop,158.37,0.0,1,0.0,1
158.49,stop,158.47,0.0,1,0.0,1
158.55,stop,158.47,0.0,1,0.0,1
158.62,stop,158.57,0.0,1,0.0,1
158.68,stop,158.67,0.0,1,0.0,1
158.75,stop,158.67,0.0,1,0.0,1
158.82,stop,158.77,0.0,1,0.0,1
158.88,stop,158.87,0.0,1,0.0,1
158.95,stop,158.87,0.0,1,0.0,1
159.01,stop,158.97,0.0,1,0.0,1
159.08,stop,159.08,0.0,1,0.0,1
159.14,stop,159.08,0.0,1,0.0,1
159.21,stop,159.18,0.0,1,0.0,1
159.28,stop,159.18,0.0,1,0.0,1
159.34,stop,159.28,0.0,1,0.0,1
159.41,stop,159.38,0.0,1,0.0,1
159.47,stop,159.38,0.0,1,0.0,1
159.54,stop,159.48,0.0,1,0.0,1
159.61,stop,159.58,0.0,1,0.0,1
159.67,stop,159.58,0.0,1,0.0,1
159.74,stop,159.68,0.0,1,0.0,1
159.8,stop,159.78,0.0,1,0.0,1
159.87,stop,159.78,0.0,1,0.0,1
159.94,stop,159.88,0.0,1,0.0,1
160.0,stop,159.98,0.0,1,0.0,1
160.07,stop,159.98,0.0,1,0.0,1
160.13,stop,160.08,0.0,1,0.0,1
160.2,stop,160.18,0.0,1,0.0,1
160.27,stop,160.18,0.0,1,0.0,1
160.33,stop,160.28,0.0,1,0.0,1
160.4,stop,160.38,0.0,1,0.0,1
160.46,stop,160.38,0.0,1,0.0,1
160.53,stop,160.48,0.0,1,0.0,1
160.6,stop,160.58,0.0,1,0.0,1
160.66,stop,160.58,0.0,1,0.0,1
160.73,stop,160.68,0.0,1,0.0,1
160.79,stop,160.78,0.0,1,0.0,1
160.86,stop,160.78,0.0,1,0.0,1
160.93,stop,160.88,0.0,1,0.0,1
160.99,stop,160.98,0.0,1,0.0,1
161.06,stop,160.98,0.0,1,0.0,1
161.13,stop,161.08,0.0,1,0.0,1
161.19,stop,161.18,0.0,1,0.0,1
161.26,stop,161.18,0.0,1,0.0,1
161.33,stop,161.28,0.0,1,0.0,1
161.39,stop,161.38,0.0,1,0.0,1
161.47,stop,161.38,0.0,1,0.0,1
161.53,stop,161.48,0.0,1,0.0,1
161.6,stop,161.59,0.0,1,0.0,1
161.66,stop,161.59,0.0,1,0.0,1
161.73,stop,161.69,0.0,1,0.0,1
161.8,stop,161.79,0.0,1,0.0,1
161.86,stop,161.79,0.0,1,0.0,1
161.93,stop,161.89,0.0,1,0.0,1
161.99,stop,161.99,0.0,1,0.0,1
162.06,stop,161.99,0.0,1,0.0,1
162.13,stop,162.09,0.0,1,0.0,1
162.19,stop,162.19,0.0,1,0.0,1
162.26,stop,162.19,0.0,1,0.0,1
162.32,stop,162.29,0.0,1,0.0,1
162.39,stop,162.39,0.0,1,0.0,1
162.46,stop,162.39,0.0,1,0.0,1
162.52,stop,162.49,0.0,1,0.0,1
162.59,stop,162.49,0.0,1,0.0,1
162.65,stop,162.59,0.0,1,0.0,1
162.72,stop,162.69,0.0,1,0.0,1
162.79,stop,162.69,0.0,1,0.0,1
162.85,stop,162.79,0.0,1,0.0,1
162.92,stop,162.89,0.0,1,0.0,1
162.99,stop,162.89,0.0,1,0.0,1
163.05,stop,162.99,0.0,1,0.0,1
163.12,stop,163.09,0.0,1,0.0,1
163.18,stop,163.09,0.0,1,0.0,1
163.25,stop,163.19,0.0,1,0.0,1
163.32,stop,163.29,0.0,1,0.0,1
163.38,stop,163.29,0.0,1,0.0,1
163.45,stop,163.39,0.0,1,0.0,1
163.51,stop,163.49,0.0,1,0.0,1
163.58,stop,163.49,0.0,1,0.0,1
163.65,stop,163.59,0.0,1,0.0,1
163.71,stop,163.69,0.0,1,0.0,1
163.78,stop,163.69,0.0,1,0.0,1
163.84,stop,163.8,0.0,1,0.0,1
163.91,stop,163.9,0.0,1,0.0,1
163.98,stop,163.9,0.0,1,0.0,1
164.04,stop,164.0,0.0,1,0.0,1
164.11,stop,164.1,0.0,1,0.0,1
164.18,stop,164.1,0.0,1,0.0,1
164.24,stop,164.2,0.0,1,0.0,1
164.31,stop,164.3,0.0,1,0.0,1
164.37,stop,164.3,0.0,1,0.0,1
164.44,stop,164.4,0.0,1,0.0,1
164.51,stop,164.5,0.0,1,0.0,1
164.57,stop,164.5,0.0,1,0.0,1
164.64,stop,164.6,0.0,1,0.0,1
164.71,stop,164.7,0.0,1,0.0,1
164.77,stop,164.7,0.0,1,0.0,1
164.84,stop,164.8,0.0,1,0.0,1
164.9,stop,164.9,0.0,1,0.0,1
164.97,stop,164.9,0.0,1,0.0,1
165.04,stop,165.0,0.0,1,0.0,1
165.11,stop,165.1,0.0,1,0.0,1
165.17,stop,165.1,0.0,1,0.0,1
165.24,stop,165.2,0.0,1,0.0,1
165.3,stop,165.3,0.0,1,0.0,1
165.37,stop,165.3,0.0,1,0.0,1
165.44,stop,165.4,0.0,1,0.0,1
165.5,stop,165.4,0.0,1,0.0,1
165.57,stop,165.5,0.0,1,0.0,1
165.64,stop,165.6,0.0,1,0.0,1
165.7,stop,165.6,0.0,1,0.0,1
165.77,stop,165.7,0.0,1,0.0,1
165.84,stop,165.8,0.0,1,0.0,1
165.9,stop,165.8,0.0,1,0.0,1
165.97,stop,165.9,0.0,1,0.0,1
166.04,stop,166.01,0.0,1,0.0,1
166.1,stop,166.01,0.0,1,0.0,1
166.17,stop,166.11,0.0,1,0.0,1
166.24,stop,166.21,0.0,1,0.0,1
166.3,stop,166.21,0.0,1,0.0,1
166.37,stop,166.31,0.0,1,0.0,1
166.43,stop,166.41,0.0,1,0.0,1
166.5,stop,166.41,0.0,1,0.0,1
166.57,stop,166.51,0.0,1,0.0,1
166.63,stop,166.61,0.0,1,0.0,1
166.7,stop,166.61,0.0,1,0.0,1
166.77,stop,166.71,0.0,1,0.0,1
166.83,stop,166.81,0.0,1,0.0,1
166.9,stop,166.81,0.0,1,0.0,1
166.97,stop,166.91,0.0,1,0.0,1
167.03,stop,167.01,0.0,1,0.0,1
167.1,stop,167.01,0.0,1,0.0,1
167.17,stop,167.11,0.0,1,0.0,1
167.24,stop,167.21,0.0,1,0.0,1
167.3,stop,167.21,0.0,1,0.0,1
167.37,stop,167.31,0.0,1,0.0,1
167.43,stop,167.41,0.0,1,0.0,1
167.5,stop,167.41,0.0,1,0.0,1
167.57,stop,167.51,0.0,1,0.0,1
167.63,stop,167.61,0.0,1,0.0,1
167.7,stop,167.61,0.0,1,0.0,1
167.78,stop,167.71,0.0,1,0.0,1
167.84,stop,167.81,0.0,1,0.0,1
167.91,stop,167.81,0.0,1,0.0,1
167.97,stop,167.91,0.0,1,0.0,1
168.04,stop,168.01,0.0,1,0.0,1
168.11,stop,168.01,0.0,1,0.0,1
168.17,stop,168.12,0.0,1,0.0,1
168.24,stop,168.22,0.0,1,0.0,1
168.31,stop,168.22,0.0,1,0.0,1
168.37,stop,168.32,0.0,1,0.0,1
168.44,stop,168.42,0.0,1,0.0,1
168.5,stop,168.42,0.0,1,0.0,1
168.57,stop,168.52,0.0,1,0.0,1
168.64,stop,168.62,0.0,1,0.0,1
168.7,stop,168.62,0.0,1,0.0,1
168.77,stop,168.72,0.0,1,0.0,1
168.83,stop,168.82,0.0,1,0.0,1
168.9,stop,168.82,0.0,1,0.0,1
168.96,stop,168.92,0.0,1,0.0,1
169.03,stop,169.02,0.0,1,0.0,1
169.1,stop,169.02,0.0,1,0.0,1
169.16,stop,169.12,0.0,1,0.0,1
169.23,stop,169.22,0.0,1,0.0,1
169.3,stop,169.22,0.0,1,0.0,1
169.36,stop,169.32,0.0,1,0.0,1
169.43,stop,169.42,0.0,1,0.0,1
169.49,stop,169.42,0.0,1,0.0,1
169.56,stop,169.52,0.0,1,0.0,1
169.63,stop,169.62,0.0,1,0.0,1
169.69,stop,169.62,0.0,1,0.0,1
169.76,stop,169.72,0.0,1,0.0,1
169.82,stop,169.82,0.0,1,0.0,1
169.89,stop,169.82,0.0,1,0.0,1
169.96,stop,169.92,0.0,1,0.0,1
170.02,stop,169.92,0.0,1,0.0,1
170.09,stop,170.02,0.0,1,0.0,1
170.15,stop,170.12,0.0,1,0.0,1
170.22,stop,170.12,0.0,1,0.0,1
170.29,stop,170.22,0.0,1,0.0,1
170.35,stop,170.32,0.0,1,0.0,1
170.42,stop,170.32,0.0,1,0.0,1
170.49,stop,170.42,0.0,1,0.0,1
170.55,stop,170.53,0.0,1,0.0,1
170.62,stop,170.53,0.0,1,0.0,1
170.69,stop,170.63,0.0,1,0.0,1
170.75,stop,170.73,0.0,1,0.0,1
170.82,stop,170.73,0.0,1,0.0,1
170.88,stop,170.83,0.0,1,0.0,1
170.95,stop,170.93,0.0,1,0.0,1
171.02,stop,170.93,0.0,1,0.0,1
171.08,stop,171.03,0.0,1,0.0,1
171.15,stop,171.13,0.0,1,0.0,1
171.22,stop,171.13,0.0,1,0.0,1
171.28,stop,171.23,0.0,1,0.0,1
171.35,stop,171.33,0.0,1,0.0,1
171.42,stop,171.33,0.0,1,0.0,1
171.48,stop,171.43,0.0,1,0.0,1
171.55,stop,171.53,0.0,1,0.0,1
171.62,stop,171.53,0.0,1,0.0,1
171.68,stop,171.63,0.0,1,0.0,1
171.75,stop,171.73,0.0,1,0.0,1
171.81,stop,171.73,0.0,1,0.0,1
171.88,stop,171.83,0.0,1,0.0,1
171.95,stop,171.93,0.0,1,0.0,1
172.01,stop,171.93,0.0,1,0.0,1
172.08,stop,172.03,0.0,1,0.0,1
172.15,stop,172.13,0.0,1,0.0,1
172.21,stop,172.13,0.0,1,0.0,1
172.28,stop,172.23,0.0,1,0.0,1
172.35,stop,172.33,0.0,1,0.0,1
172.41,stop,172.33,0.0,1,0.0,1
172.48,stop,172.43,0.0,1,0.0,1
172.55,stop,172.53,0.0,1,0.0,1
172.61,stop,172.53,0.0,1,0.0,1
172.68,stop,172.63,0.0,1,0.0,1
172.75,stop,172.73,0.0,1,0.0,1
172.81,stop,172.73,0.0,1,0.0,1
172.88,stop,172.84,0.0,1,0.0,1
172.95,stop,172.94,0.0,1,0.0,1
173.01,stop,172.94,0.0,1,0.0,1
173.08,stop,173.04,0.0,1,0.0,1
173.15,stop,173.14,0.0,1,0.0,1
173.21,stop,173.14,0.0,1,0.0,1
173.28,stop,173.24,0.0,1,0.0,1
173.34,stop,173.34,0.0,1,0.0,1
173.41,stop,173.34,0.0,1,0.0,1
173.48,stop,173.44,0.0,1,0.0,1
173.55,stop,173.54,0.0,1,0.0,1
173.61,stop,173.54,0.0,1,0.0,1
173.68,stop,173.64,0.0,1,0.0,1
173.75,stop,173.74,0.0,1,0.0,1
173.81,stop,173.74,0.0,1,0.0,1
173.88,stop,173.84,0.0,1,0.0,1
173.95,stop,173.94,0.0,1,0.0,1
174.01,stop,173.94,0.0,1,0.0,1
174.09,stop,174.04,0.0,1,0.0,1
174.15,stop,174.14,0.0,1,0.0,1
174.22,stop,174.14,0.0,1,0.0,1
174.28,stop,174.24,0.0,1,0.0,1
174.35,stop,174.34,0.0,1,0.0,1
174.41,stop,174.34,0.0,1,0.0,1
174.48,stop,174.44,0.0,1,0.0,1
174.55,stop,174.54,0.0,1,0.0,1
174.61,stop,174.54,0.0,1,0.0,1
174.68,stop,174.64,0.0,1,0.0,1
174.75,stop,174.74,0.0,1,0.0,1
174.81,stop,174.74,0.0,1,0.0,1
174.88,stop,174.84,0.0,1,0.0,1
174.94,stop,174.84,0.0,1,0.0,1
175.01,stop,174.94,0.0,1,0.0,1
175.08,stop,175.05,0.0,1,0.0,1
175.14,stop,175.05,0.0,1,0.0,1
175.21,stop,175.15,0.0,1,0.0,1
175.27,stop,175.25,0.0,1,0.0,1
175.34,stop,175.25,0.0,1,0.0,1
175.41,stop,175.35,0.0,1,0.0,1
175.47,stop,175.45,0.0,1,0.0,1
175.54,stop,175.45,0.0,1,0.0,1
175.61,stop,175.55,0.0,1,0.0,1
175.67,stop,175.65,0.0,1,0.0,1
175.74,stop,175.65,0.0,1,0.0,1
175.81,stop,175.75,0.0,1,0.0,1
175.87,stop,175.85,0.0,1,0.0,1
175.94,stop,175.85,0.0,1,0.0,1
176.0,stop,175.95,0.0,1,0.0,1
176.07,stop,176.05,0.0,1,0.0,1
176.14,stop,176.05,0.0,1,0.0,1
176.2,stop,176.15,0.0,1,0.0,1
176.27,stop,176.25,0.0,1,0.0,1
176.33,stop,176.25,0.0,1,0.0,1
176.4,stop,176.35,0.0,1,0.0,1
176.47,stop,176.45,0.0,1,0.0,1
176.53,stop,176.45,0.0,1,0.0,1
176.6,stop,176.55,0.0,1,0.0,1
176.66,stop,176.65,0.0,1,0.0,1
176.73,stop,176.65,0.0,1,0.0,1
176.8,stop,176.75,0.0,1,0.0,1
176.86,stop,176.85,0.0,1,0.0,1
176.93,stop,176.85,0.0,1,0.0,1
177.0,stop,176.95,0.0,1,0.0,1
177.06,stop,177.05,0.0,1,0.0,1
177.13,stop,177.05,0.0,1,0.0,1
177.2,stop,177.15,0.0,1,0.0,1
177.26,stop,177.26,0.0,1,0.0,1
177.33,stop,177.26,0.0,1,0.0,1
177.39,stop,177.36,0.0,1,0.0,1
177.46,stop,177.46,0.0,1,0.0,1
177.53,stop,177.46,0.0,1,0.0,1
177.59,stop,177.56,0.0,1,0.0,1
177.66,stop,177.66,0.0,1,0.0,1
177.73,stop,177.66,0.0,1,0.0,1
177.79,stop,177.76,0.0,1,0.0,1
177.86,stop,177.86,0.0,1,0.0,1
177.93,stop,177.86,0.0,1,0.0,1
177.99,stop,177.96,0.0,1,0.0,1
178.06,stop,177.96,0.0,1,0.0,1
178.12,stop,178.06,0.0,1,0.0,1
178.19,stop,178.16,0.0,1,0.0,1
178.26,stop,178.16,0.0,1,0.0,1
178.32,stop,178.26,0.0,1,0.0,1
178.39,stop,178.36,0.0,1,0.0,1
178.46,stop,178.36,0.0,1,0.0,1
178.52,stop,178.46,0.0,1,0.0,1
178.59,stop,178.56,0.0,1,0.0,1
178.66,stop,178.56,0.0,1,0.0,1
178.72,stop,178.66,0.0,1,0.0,1
178.79,stop,178.76,0.0,1,0.0,1
178.86,stop,178.76,0.0,1,0.0,1
178.92,stop,178.86,0.0,1,0.0,1
178.99,stop,178.96,0.0,1,0.0,1
179.06,stop,178.96,0.0,1,0.0,1
179.12,stop,179.06,0.0,1,0.0,1
179.19,stop,179.16,0.0,1,0.0,1
179.26,stop,179.16,0.0,1,0.0,1
179.32,stop,179.26,0.0,1,0.0,1
179.39,stop,179.36,0.0,1,0.0,1
179.46,stop,179.36,0.0,1,0.0,1
179.52,stop,179.47,0.0,1,0.0,1
179.59,stop,179.57,0.0,1,0.0,1
179.66,stop,179.57,0.0,1,0.0,1
179.72,stop,179.67,0.0,1,0.0,1
179.79,stop,179.77,0.0,1,0.0,1
179.86,stop,179.77,0.0,1,0.0,1
179.92,stop,179.87,0.0,1,0.0,1
179.99,stop,179.97,0.0,1,0.0,1
180.06,stop,179.97,0.0,1,0.0,1
180.13,stop,179.97,0.0,1,0.0,1
180.19,stop,179.97,0.0,1,0.0,1
180.26,stop,179.97,0.0,1,0.0,1
180.33,stop,179.97,0.0,1,0.0,1
180.4,stop,179.97,0.0,1,0.0,1
180.46,stop,179.97,0.0,1,0.0,1
180.53,stop,179.97,0.0,1,0.0,1
180.6,stop,179.97,0.0,1,0.0,1
180.66,stop,179.97,0.0,1,0.0,1
180.73,stop,179.97,0.0,1,0.0,1
180.79,stop,179.97,0.0,1,0.0,1
180.86,stop,179.97,0.0,1,0.0,1
180.93,stop,179.97,0.0,1,0.0,1
180.99,stop,179.97,0.0,1,0.0,1
181.06,stop,179.97,0.0,1,0.0,1
181.13,stop,179.97,0.0,1,0.0,1
181.19,stop,179.97,0.0,1,0.0,1
181.26,stop,179.97,0.0,1,0.0,1
181.32,stop,179.97,0.0,1,0.0,1
181.39,stop,179.97,0.0,1,0.0,1
181.46,phase1_parachute_separation,181.4,100.0,1,100.0,1
181.52,phase1_parachute_separation,181.4,100.0,1,100.0,1
181.59,phase1_parachute_separation,181.4,100.0,1,100.0,1
181.65,phase1_parachute_separation,181.4,100.0,1,100.0,1
181.72,phase1_parachute_separation,181.4,100.0,1,100.0,1
181.79,phase1_parachute_separation,181.4,100.0,1,100.0,1
181.85,phase1_parachute_separation,181.4,100.0,1,100.0,1
181.92,phase1_parachute_separation,181.4,100.0,1,100.0,1
181.98,phase1_parachute_separation,181.4,100.0,1,100.0,1
182.05,phase1_parachute_separation,181.4,100.0,1,100.0,1
182.12,phase1_parachute_separation,181.4,100.0,1,100.0,1
182.18,phase1_parachute_separation,181.4,100.0,1,100.0,1
182.25,phase1_parachute_separation,181.4,100.0,1,100.0,1
182.32,phase1_parachute_separation,181.4,100.0,1,100.0,1
182.38,phase1_parachute_separation,181.4,100.0,1,100.0,1
182.45,phase1_parachute_separation,181.4,100.0,1,100.0,1
182.52,phase1_parachute_separation,181.4,100.0,1,100.0,1
182.58,phase1_parachute_separation,181.4,100.0,1,100.0,1
182.65,phase1_parachute_separation,181.4,100.0,1,100.0,1
182.71,phase1_parachute_separation,182.68,100.0,1,100.0,1
182.78,phase1_parachute_separation,182.68,100.0,1,100.0,1
182.85,phase1_parachute_separation,182.68,100.0,1,100.0,1
182.91,phase1_parachute_separation,182.68,100.0,1,100.0,1
182.98,phase1_parachute_separation,182.68,100.0,1,100.0,1
183.05,phase1_parachute_separation,182.68,100.0,1,100.0,1
183.11,phase1_parachute_separation,182.68,100.0,1,100.0,1
183.18,phase1_parachute_separation,182.68,100.0,1,100.0,1
183.24,phase1_parachute_separation,182.68,100.0,1,100.0,1
183.31,phase1_parachute_separation,182.68,100.0,1,100.0,1
183.38,phase1_parachute_separation,182.68,100.0,1,100.0,1
183.44,phase1_parachute_separation,182.68,100.0,1,100.0,1
183.51,phase1_parachute_separation,182.68,100.0,1,100.0,1
183.58,phase1_parachute_separation,182.68,100.0,1,100.0,1
183.64,phase1_parachute_separation,182.68,100.0,1,100.0,1
183.71,phase1_parachute_separation,182.68,100.0,1,100.0,1
183.78,phase1_parachute_separation,182.68,100.0,1,100.0,1
183.84,phase1_parachute_separation,182.68,100.0,1,100.0,1
183.91,phase1_parachute_separation,182.68,100.0,1,100.0,1
183.98,phase1_parachute_separation,183.95,100.0,1,100.0,1
184.04,phase1_parachute_separation,183.95,100.0,1,100.0,1
184.11,phase1_parachute_separation,183.95,100.0,1,100.0,1
184.18,phase1_parachute_separation,183.95,100.0,1,100.0,1
184.24,phase1_parachute_separation,183.95,100.0,1,100.0,1
184.31,phase1_parachute_separation,183.95,100.0,1,100.0,1
184.37,phase1_parachute_separation,183.95,100.0,1,100.0,1
184.44,phase1_parachute_separation,183.95,100.0,1,100.0,1
184.51,phase1_parachute_separation,183.95,100.0,1,100.0,1
184.57,phase1_parachute_separation,183.95,100.0,1,100.0,1
184.64,phase1_parachute_separation,183.95,100.0,1,100.0,1
184.71,phase1_parachute_separation,183.95,100.0,1,100.0,1
184.77,phase1_parachute_separation,183.95,100.0,1,100.0,1
184.84,phase1_parachute_separation,183.95,100.0,1,100.0,1
184.91,phase1_parachute_separation,183.95,100.0,1,100.0,1
184.97,phase1_parachute_separation,183.95,100.0,1,100.0,1
185.04,phase1_parachute_separation,183.95,100.0,1,100.0,1
185.11,phase1_parachute_separation,183.95,100.0,1,100.0,1
185.17,phase1_parachute_separation,183.95,100.0,1,100.0,1
185.24,phase1_parachute_separation,185.23,100.0,1,100.0,1
185.3,phase1_parachute_separation,185.23,100.0,1,100.0,1
185.37,phase1_parachute_separation,185.23,100.0,1,100.0,1
185.44,phase1_parachute_separation,185.23,100.0,1,100.0,1
185.5,phase1_parachute_separation,185.23,100.0,1,100.0,1
185.57,phase1_parachute_separation,185.23,100.0,1,100.0,1
185.64,phase1_parachute_separation,185.23,100.0,1,100.0,1
185.7,phase1_parachute_separation,185.23,100.0,1,100.0,1
185.77,phase1_parachute_separation,185.23,100.0,1,100.0,1
185.84,phase1_parachute_separation,185.23,100.0,1,100.0,1
185.9,phase1_parachute_separation,185.23,100.0,1,100.0,1
185.97,phase1_parachute_separation,185.23,100.0,1,100.0,1
186.04,phase1_parachute_separation,185.23,100.0,1,100.0,1
186.1,phase1_parachute_separation,185.23,100.0,1,100.0,1
186.17,phase1_parachute_separation,185.23,100.0,1,100.0,1
186.24,phase1_parachute_separation,185.23,100.0,1,100.0,1
186.3,phase1_parachute_separation,185.23,100.0,1,100.0,1
186.37,phase1_parachute_separation,185.23,100.0,1,100.0,1
186.44,phase1_parachute_separation,185.23,100.0,1,100.0,1
186.5,phase1_parachute_separation,185.23,100.0,1,100.0,1
186.57,phase1_parachute_separation,186.51,100.0,1,100.0,1
186.64,phase1_parachute_separation,186.51,100.0,1,100.0,1
186.7,phase1_parachute_separation,186.51,100.0,1,100.0,1
186.78,phase1_parachute_separation,186.51,100.0,1,100.0,1
186.84,phase1_parachute_separation,186.51,100.0,1,100.0,1
186.91,phase1_parachute_separation,186.51,100.0,1,100.0,1
186.98,phase1_parachute_separation,186.51,100.0,1,100.0,1
187.04,phase1_parachute_separation,186.51,100.0,1,100.0,1
187.11,phase1_parachute_separation,186.51,100.0,1,100.0,1
187.17,phase1_parachute_separation,186.51,100.0,1,100.0,1
187.24,phase1_parachute_separation,186.51,100.0,1,100.0,1
187.31,phase1_parachute_separation,186.51,100.0,1,100.0,1
187.37,phase1_parachute_separation,186.51,100.0,1,100.0,1
187.44,phase1_parachute_separation,186.51,100.0,1,100.0,1
187.5,phase1_parachute_separation,186.51,100.0,1,100.0,1
187.57,phase1_parachute_separation,186.51,100.0,1,100.0,1
187.64,phase1_parachute_separation,186.51,100.0,1,100.0,1
187.7,phase1_parachute_separation,186.51,100.0,1,100.0,1
187.77,phase1_parachute_separation,186.51,100.0,1,100.0,1
187.84,phase1_parachute_separation,187.79,100.0,1,100.0,1
187.9,phase1_parachute_separation,187.79,100.0,1,100.0,1
187.97,phase1_parachute_separation,187.79,100.0,1,100.0,1
188.03,phase1_parachute_separation,187.79,100.0,1,100.0,1
188.1,phase1_parachute_separation,187.79,100.0,1,100.0,1
188.17,phase1_parachute_separation,187.79,100.0,1,100.0,1
188.23,phase1_parachute_separation,187.79,100.0,1,100.0,1
188.3,phase1_parachute_separation,187.79,100.0,1,100.0,1
188.37,phase1_parachute_separation,187.79,100.0,1,100.0,1
188.43,phase1_parachute_separation,187.79,100.0,1,100.0,1
188.5,phase1_parachute_separation,187.79,100.0,1,100.0,1
188.56,phase1_parachute_separation,187.79,100.0,1,100.0,1
188.63,phase1_parachute_separation,187.79,100.0,1,100.0,1
188.7,phase1_parachute_separation,187.79,100.0,1,100.0,1
188.76,phase1_parachute_separation,187.79,100.0,1,100.0,1
188.83,phase1_parachute_separation,187.79,100.0,1,100.0,1
188.9,phase1_parachute_separation,187.79,100.0,1,100.0,1
188.96,phase1_parachute_separation,187.79,100.0,1,100.0,1
189.03,phase1_parachute_separation,187.79,100.0,1,100.0,1
189.09,phase1_parachute_separation,189.08,100.0,1,100.0,1
189.16,phase1_parachute_separation,189.08,100.0,1,100.0,1
189.23,phase1_parachute_separation,189.08,100.0,1,100.0,1
189.3,phase1_parachute_separation,189.08,100.0,1,100.0,1
189.37,phase1_parachute_separation,189.08,100.0,1,100.0,1
189.43,phase1_parachute_separation,189.08,100.0,1,100.0,1
189.5,phase1_parachute_separation,189.08,100.0,1,100.0,1
189.57,phase1_parachute_separation,189.08,100.0,1,100.0,1
189.63,phase1_parachute_separation,189.08,100.0,1,100.0,1
189.7,phase1_parachute_separation,189.08,100.0,1,100.0,1
189.76,phase1_parachute_separation,189.08,100.0,1,100.0,1
189.83,phase1_parachute_separation,189.08,100.0,1,100.0,1
189.9,phase1_parachute_separation,189.08,100.0,1,100.0,1
189.96,phase1_parachute_separation,189.08,100.0,1,100.0,1
190.03,phase1_parachute_separation,189.08,100.0,1,100.0,1
190.09,phase1_parachute_separation,189.08,100.0,1,100.0,1
190.16,phase1_parachute_separation,189.08,100.0,1,100.0,1
190.23,phase1_parachute_separation,189.08,100.0,1,100.0,1
190.29,phase1_parachute_separation,189.08,100.0,1,100.0,1
190.36,phase1_parachute_separation,190.36,100.0,1,100.0,1
190.42,phase1_parachute_separation,190.36,100.0,1,100.0,1
190.49,phase1_parachute_separation,190.36,100.0,1,100.0,1
190.56,phase1_parachute_separation,190.36,100.0,1,100.0,1
190.62,phase1_parachute_separation,190.36,100.0,1,100.0,1
190.69,phase1_parachute_separation,190.36,100.0,1,100.0,1
190.76,phase1_parachute_separation,190.36,100.0,1,100.0,1
190.82,phase1_parachute_separation,190.36,100.0,1,100.0,1
190.89,phase1_parachute_separation,190.36,100.0,1,100.0,1
190.96,phase1_parachute_separation,190.36,100.0,1,100.0,1
191.02,phase1_parachute_separation,190.36,100.0,1,100.0,1
191.09,phase1_parachute_separation,190.36,100.0,1,100.0,1
191.15,phase1_parachute_separation,190.36,100.0,1,100.0,1
191.22,phase1_parachute_separation,190.36,100.0,1,100.0,1
191.29,phase1_parachute_separation,190.36,100.0,1,100.0,1
191.35,phase1_parachute_separation,190.36,100.0,1,100.0,1
191.42,phase1_parachute_separation,190.36,100.0,1,100.0,1
191.49,phase1_parachute_separation,190.36,100.0,1,100.0,1
191.55,phase1_parachute_separation,190.36,100.0,1,100.0,1
191.62,phase1_parachute_separation,190.36,100.0,1,100.0,1
191.69,phase1_parachute_separation,191.64,100.0,1,100.0,1
191.75,phase1_parachute_separation,191.64,100.0,1,100.0,1
191.82,phase1_parachute_separation,191.64,100.0,1,100.0,1
191.88,phase1_parachute_separation,191.64,100.0,1,100.0,1
191.95,phase1_parachute_separation,191.64,100.0,1,100.0,1
192.02,phase1_parachute_separation,191.64,100.0,1,100.0,1
192.08,phase1_parachute_separation,191.64,100.0,1,100.0,1
192.15,phase1_parachute_separation,191.64,100.0,1,100.0,1
192.22,phase1_parachute_separation,191.64,100.0,1,100.0,1
192.28,phase1_parachute_separation,191.64,100.0,1,100.0,1
192.35,phase1_parachute_separation,191.64,100.0,1,100.0,1
192.41,phase1_parachute_separation,191.64,100.0,1,100.0,1
192.48,phase1_parachute_separation,191.64,100.0,1,100.0,1
192.55,phase1_parachute_separation,191.64,100.0,1,100.0,1
192.61,phase1_parachute_separation,191.64,100.0,1,100.0,1
192.68,phase1_parachute_separation,191.64,100.0,1,100.0,1
192.75,phase1_parachute_separation,191.64,100.0,1,100.0,1
192.81,phase1_parachute_separation,191.64,100.0,1,100.0,1
192.88,phase1_parachute_separation,191.64,100.0,1,100.0,1
192.95,phase1_parachute_separation,192.92,100.0,1,100.0,1
193.01,phase1_parachute_separation,192.92,100.0,1,100.0,1
193.08,phase1_parachute_separation,192.92,100.0,1,100.0,1
193.15,phase1_parachute_separation,192.92,100.0,1,100.0,1
193.21,phase1_parachute_separation,192.92,100.0,1,100.0,1
193.28,phase1_parachute_separation,192.92,100.0,1,100.0,1
193.35,phase1_parachute_separation,192.92,100.0,1,100.0,1
193.41,phase1_parachute_separation,192.92,100.0,1,100.0,1
193.48,phase1_parachute_separation,192.92,100.0,1,100.0,1
193.55,phase1_parachute_separation,192.92,100.0,1,100.0,1
193.61,phase1_parachute_separation,192.92,100.0,1,100.0,1
193.68,phase1_parachute_separation,192.92,100.0,1,100.0,1
193.75,phase1_parachute_separation,192.92,100.0,1,100.0,1
193.81,phase1_parachute_separation,192.92,100.0,1,100.0,1
193.88,phase1_parachute_separation,192.92,100.0,1,100.0,1
193.95,phase1_parachute_separation,192.92,100.0,1,100.0,1
194.01,phase1_parachute_separation,192.92,100.0,1,100.0,1
194.08,phase1_parachute_separation,192.92,100.0,1,100.0,1
194.15,phase1_parachute_separation,192.92,100.0,1,100.0,1
194.21,phase1_parachute_separation,194.2,100.0,1,100.0,1
194.28,phase1_parachute_separation,194.2,100.0,1,100.0,1
194.35,phase1_parachute_separation,194.2,100.0,1,100.0,1
194.41,phase1_parachute_separation,194.2,100.0,1,100.0,1
194.48,phase1_parachute_separation,194.2,100.0,1,100.0,1
194.55,phase1_parachute_separation,194.2,100.0,1,100.0,1
194.61,phase1_parachute_separation,194.2,100.0,1,100.0,1
194.68,phase1_parachute_separation,194.2,100.0,1,100.0,1
194.75,phase1_parachute_separation,194.2,100.0,1,100.0,1
194.81,phase1_parachute_separation,194.2,100.0,1,100.0,1
194.88,phase1_parachute_separation,194.2,100.0,1,100.0,1
194.95,phase1_parachute_separation,194.2,100.0,1,100.0,1
195.01,phase1_parachute_separation,194.2,100.0,1,100.0,1
195.08,phase1_parachute_separation,194.2,100.0,1,100.0,1
195.15,phase1_parachute_separation,194.2,100.0,1,100.0,1
195.21,phase1_parachute_separation,194.2,100.0,1,100.0,1
195.28,phase1_parachute_separation,194.2,100.0,1,100.0,1
195.35,phase1_parachute_separation,194.2,100.0,1,100.0,1
195.41,phase1_parachute_separation,194.2,100.0,1,100.0,1
195.48,phase1_parachute_separation,195.48,100.0,1,100.0,1
195.55,phase1_parachute_separation,195.48,100.0,1,100.0,1
195.62,phase1_parachute_separation,195.48,100.0,1,100.0,1
195.68,phase1_parachute_separation,195.48,100.0,1,100.0,1
195.75,phase1_parachute_separation,195.48,100.0,1,100.0,1
195.82,phase1_parachute_separation,195.48,100.0,1,100.0,1
195.89,phase1_parachute_separation,195.48,100.0,1,100.0,1
195.95,phase1_parachute_separation,195.48,100.0,1,100.0,1
196.02,phase1_parachute_separation,195.48,100.0,1,100.0,1
196.09,phase1_parachute_separation,195.48,100.0,1,100.0,1
196.15,phase1_parachute_separation,195.48,100.0,1,100.0,1
196.22,phase1_parachute_separation,195.48,100.0,1,100.0,1
196.28,phase1_parachute_separation,195.48,100.0,1,100.0,1
196.35,phase1_parachute_separation,195.48,100.0,1,100.0,1
196.42,phase1_parachute_separation,195.48,100.0,1,100.0,1
196.48,phase1_parachute_separation,195.48,100.0,1,100.0,1
196.55,phase1_parachute_separation,195.48,100.0,1,100.0,1
196.61,phase1_parachute_separation,195.48,100.0,1,100.0,1
196.68,phase1_parachute_separation,195.48,100.0,1,100.0,1
196.75,phase1_parachute_separation,195.48,100.0,1,100.0,1
196.81,phase1_parachute_separation,196.76,100.0,1,100.0,1
196.88,phase1_parachute_separation,196.76,100.0,1,100.0,1
196.95,phase1_parachute_separation,196.76,100.0,1,100.0,1
197.01,phase1_parachute_separation,196.76,100.0,1,100.0,1
197.08,phase1_parachute_separation,196.76,100.0,1,100.0,1
197.14,phase1_parachute_separation,196.76,100.0,1,100.0,1
197.21,phase1_parachute_separation,196.76,100.0,1,100.0,1
197.28,phase1_parachute_separation,196.76,100.0,1,100.0,1
197.34,phase1_parachute_separation,196.76,100.0,1,100.0,1
197.41,phase1_parachute_separation,196.76,100.0,1,100.0,1
197.48,phase1_parachute_separation,196.76,100.0,1,100.0,1
197.54,phase1_parachute_separation,196.76,100.0,1,100.0,1
197.61,phase1_parachute_separation,196.76,100.0,1,100.0,1
197.67,phase1_parachute_separation,196.76,100.0,1,100.0,1
197.74,phase1_parachute_separation,196.76,100.0,1,100.0,1
197.81,phase1_parachute_separation,196.76,100.0,1,100.0,1
197.87,phase1_parachute_separation,196.76,100.0,1,100.0,1
197.94,phase1_parachute_separation,196.76,100.0,1,100.0,1
198.01,phase1_parachute_separation,196.76,100.0,1,100.0,1
198.07,phase1_parachute_separation,198.04,100.0,1,100.0,1
198.14,phase1_parachute_separation,198.04,100.0,1,100.0,1
198.2,phase1_parachute_separation,198.04,100.0,1,100.0,1
198.27,phase1_parachute_separation,198.04,100.0,1,100.0,1
198.34,phase1_parachute_separation,198.04,100.0,1,100.0,1
198.4,phase1_parachute_separation,198.04,100.0,1,100.0,1
198.47,phase1_parachute_separation,198.04,100.0,1,100.0,1
198.54,phase1_parachute_separation,198.04,100.0,1,100.0,1
198.6,phase1_parachute_separation,198.04,100.0,1,100.0,1
198.67,phase1_parachute_separation,198.04,100.0,1,100.0,1
198.74,phase1_parachute_separation,198.04,100.0,1,100.0,1
198.8,phase1_parachute_separation,198.04,100.0,1,100.0,1
198.87,phase1_parachute_separation,198.04,100.0,1,100.0,1
198.94,phase1_parachute_separation,198.04,100.0,1,100.0,1
199.0,phase1_parachute_separation,198.04,100.0,1,100.0,1
199.07,phase1_parachute_separation,198.04,100.0,1,100.0,1
199.14,phase1_parachute_separation,198.04,100.0,1,100.0,1
199.2,phase1_parachute_separation,198.04,100.0,1,100.0,1
199.27,phase1_parachute_separation,198.04,100.0,1,100.0,1
199.34,phase1_parachute_separation,199.31,100.0,1,100.0,1
199.4,phase1_parachute_separation,199.31,100.0,1,100.0,1
199.47,phase1_parachute_separation,199.31,100.0,1,100.0,1
199.53,phase1_parachute_separation,199.31,100.0,1,100.0,1
199.6,phase1_parachute_separation,199.31,100.0,1,100.0,1
199.67,phase1_parachute_separation,199.31,100.0,1,100.0,1
199.73,phase1_parachute_separation,199.31,100.0,1,100.0,1
199.8,phase1_parachute_separation,199.31,100.0,1,100.0,1
199.87,phase1_parachute_separation,199.31,100.0,1,100.0,1
199.93,phase1_parachute_separation,199.31,100.0,1,100.0,1
200.0,phase1_parachute_separation,199.31,100.0,1,100.0,1
200.07,phase1_parachute_separation,199.31,100.0,1,100.0,1
200.13,phase1_parachute_separation,199.31,100.0,1,100.0,1
200.2,phase1_parachute_separation,199.31,100.0,1,100.0,1
200.27,phase1_parachute_separation,199.31,100.0,1,100.0,1
200.33,phase1_parachute_separation,199.31,100.0,1,100.0,1
200.4,phase1_parachute_separation,199.31,100.0,1,100.0,1
200.47,phase1_parachute_separation,199.31,100.0,1,100.0,1
200.53,phase1_parachute_separation,199.31,100.0,1,100.0,1
200.6,phase1_parachute_separation,200.59,100.0,1,100.0,1
200.67,phase1_parachute_separation,200.59,100.0,1,100.0,1
200.73,phase1_parachute_separation,200.59,100.0,1,100.0,1
200.8,phase1_parachute_separation,200.59,100.0,1,100.0,1
200.87,phase1_parachute_separation,200.59,100.0,1,100.0,1
200.93,phase1_parachute_separation,200.59,100.0,1,100.0,1
201.0,phase1_parachute_separation,200.59,100.0,1,100.0,1
201.07,phase1_parachute_separation,200.59,100.0,1,100.0,1
201.13,phase1_parachute_separation,200.59,100.0,1,100.0,1
201.2,phase1_parachute_separation,200.59,100.0,1,100.0,1
201.27,phase1_parachute_separation,200.59,100.0,1,100.0,1
201.34,phase1_parachute_separation,200.59,100.0,1,100.0,1
201.4,phase1_parachute_separation,200.59,100.0,1,100.0,1
201.47,phase1_parachute_separation,200.59,100.0,1,100.0,1
201.54,phase1_parachute_separation,200.59,100.0,1,100.0,1
201.6,phase1_parachute_separation,200.59,100.0,1,100.0,1
201.67,phase1_parachute_separation,200.59,100.0,1,100.0,1
201.74,phase1_parachute_separation,200.59,100.0,1,100.0,1
201.8,phase1_parachute_separation,200.59,100.0,1,100.0,1
201.87,phase1_parachute_separation,200.59,100.0,1,100.0,1
201.94,phase1_parachute_separation,201.87,100.0,1,100.0,1
202.0,phase1_parachute_separation,201.87,100.0,1,100.0,1
202.07,phase1_parachute_separation,201.87,100.0,1,100.0,1
202.14,phase1_parachute_separation,201.87,100.0,1,100.0,1
202.2,phase1_parachute_separation,201.87,100.0,1,100.0,1
202.27,phase1_parachute_separation,201.87,100.0,1,100.0,1
202.35,phase1_parachute_separation,201.87,100.0,1,100.0,1
202.41,phase1_parachute_separation,201.87,100.0,1,100.0,1
202.48,phase1_parachute_separation,201.87,100.0,1,100.0,1
202.55,phase1_parachute_separation,201.87,100.0,1,100.0,1
202.61,phase1_parachute_separation,201.87,100.0,1,100.0,1
202.68,phase1_parachute_separation,201.87,100.0,1,100.0,1
202.74,phase1_parachute_separation,201.87,100.0,1,100.0,1
202.81,phase1_parachute_separation,201.87,100.0,1,100.0,1
202.88,phase1_parachute_separation,201.87,100.0,1,100.0,1
202.94,phase1_parachute_separation,201.87,100.0,1,100.0,1
203.01,phase1_parachute_separation,201.87,100.0,1,100.0,1
203.07,phase1_parachute_separation,201.87,100.0,1,100.0,1
203.14,phase1_parachute_separation,201.87,100.0,1,100.0,1
203.21,phase1_parachute_separation,203.15,100.0,1,100.0,1
203.27,phase1_parachute_separation,203.15,100.0,1,100.0,1
203.34,phase1_parachute_separation,203.15,100.0,1,100.0,1
203.41,phase1_parachute_separation,203.15,100.0,1,100.0,1
203.47,phase1_parachute_separation,203.15,100.0,1,100.0,1
203.54,phase1_parachute_separation,203.15,100.0,1,100.0,1
203.6,phase1_parachute_separation,203.15,100.0,1,100.0,1
203.67,phase1_parachute_separation,203.15,100.0,1,100.0,1
203.74,phase1_parachute_separation,203.15,100.0,1,100.0,1
203.8,phase1_parachute_separation,203.15,100.0,1,100.0,1
203.87,phase1_parachute_separation,203.15,100.0,1,100.0,1
203.93,phase1_parachute_separation,203.15,100.0,1,100.0,1
204.0,phase1_parachute_separation,203.15,100.0,1,100.0,1
204.07,phase1_parachute_separation,203.15,100.0,1,100.0,1
204.13,phase1_parachute_separation,203.15,100.0,1,100.0,1
204.2,phase1_parachute_separation,203.15,100.0,1,100.0,1
204.27,phase1_parachute_separation,203.15,100.0,1,100.0,1
204.33,phase1_parachute_separation,203.15,100.0,1,100.0,1
204.4,phase1_parachute_separation,203.15,100.0,1,100.0,1
204.46,phase1_parachute_separation,204.43,100.0,1,100.0,1
204.53,phase1_parachute_separation,204.43,100.0,1,100.0,1
204.6,phase1_parachute_separation,204.43,100.0,1,100.0,1
204.66,phase1_parachute_separation,204.43,100.0,1,100.0,1
204.73,phase1_parachute_separation,204.43,100.0,1,100.0,1
204.8,phase1_parachute_separation,204.43,100.0,1,100.0,1
204.86,phase1_parachute_separation,204.43,100.0,1,100.0,1
204.93,phase1_parachute_separation,204.43,100.0,1,100.0,1
204.99,phase1_parachute_separation,204.43,100.0,1,100.0,1
205.06,phase1_parachute_separation,204.43,100.0,1,100.0,1
205.13,phase1_parachute_separation,204.43,100.0,1,100.0,1
205.19,phase1_parachute_separation,204.43,100.0,1,100.0,1
205.26,phase1_parachute_separation,204.43,100.0,1,100.0,1
205.33,phase1_parachute_separation,204.43,100.0,1,100.0,1
205.39,phase1_parachute_separation,204.43,100.0,1,100.0,1
205.46,phase1_parachute_separation,204.43,100.0,1,100.0,1
205.53,phase1_parachute_separation,204.43,100.0,1,100.0,1
205.59,phase1_parachute_separation,204.43,100.0,1,100.0,1
205.66,phase1_parachute_separation,204.43,100.0,1,100.0,1
205.73,phase1_parachute_separation,205.71,100.0,1,100.0,1
205.79,phase1_parachute_separation,205.71,100.0,1,100.0,1
205.86,phase1_parachute_separation,205.71,100.0,1,100.0,1
205.92,phase1_parachute_separation,205.71,100.0,1,100.0,1
205.99,phase1_parachute_separation,205.71,100.0,1,100.0,1
206.06,phase1_parachute_separation,205.71,100.0,1,100.0,1
206.13,phase1_parachute_separation,205.71,100.0,1,100.0,1
206.19,phase1_parachute_separation,205.71,100.0,1,100.0,1
206.26,phase1_parachute_separation,205.71,100.0,1,100.0,1
206.32,phase1_parachute_separation,205.71,100.0,1,100.0,1
206.39,phase1_parachute_separation,205.71,100.0,1,100.0,1
206.46,phase1_parachute_separation,205.71,100.0,1,100.0,1
206.52,phase1_parachute_separation,205.71,100.0,1,100.0,1
206.59,phase1_parachute_separation,205.71,100.0,1,100.0,1
206.66,phase1_parachute_separation,205.71,100.0,1,100.0,1
206.72,phase1_parachute_separation,205.71,100.0,1,100.0,1
206.79,phase1_parachute_separation,205.71,100.0,1,100.0,1
206.86,phase1_parachute_separation,205.71,100.0,1,100.0,1
206.92,phase1_parachute_separation,205.71,100.0,1,100.0,1
206.99,phase1_parachute_separation,206.99,100.0,1,100.0,1
207.06,phase1_parachute_separation,206.99,100.0,1,100.0,1
207.12,phase1_parachute_separation,206.99,100.0,1,100.0,1
207.19,phase1_parachute_separation,206.99,100.0,1,100.0,1
207.26,phase1_parachute_separation,206.99,100.0,1,100.0,1
207.32,phase1_parachute_separation,206.99,100.0,1,100.0,1
207.39,phase1_parachute_separation,206.99,100.0,1,100.0,1
207.46,phase1_parachute_separation,206.99,100.0,1,100.0,1
207.52,phase1_parachute_separation,206.99,100.0,1,100.0,1
207.59,phase1_parachute_separation,206.99,100.0,1,100.0,1
207.66,phase1_parachute_separation,206.99,100.0,1,100.0,1
207.72,phase1_parachute_separation,206.99,100.0,1,100.0,1
207.79,phase1_parachute_separation,206.99,100.0,1,100.0,1
207.86,phase1_parachute_separation,206.99,100.0,1,100.0,1
207.92,phase1_parachute_separation,206.99,100.0,1,100.0,1
207.99,phase1_parachute_separation,206.99,100.0,1,100.0,1
208.06,phase1_parachute_separation,206.99,100.0,1,100.0,1
208.13,phase1_parachute_separation,206.99,100.0,1,100.0,1
208.19,phase1_parachute_separation,206.99,100.0,1,100.0,1
208.26,phase1_parachute_separation,206.99,100.0,1,100.0,1
208.33,phase1_parachute_separation,208.27,100.0,1,100.0,1
208.39,phase1_parachute_separation,208.27,100.0,1,100.0,1
208.46,phase1_parachute_separation,208.27,100.0,1,100.0,1
208.53,phase1_parachute_separation,208.27,100.0,1,100.0,1
208.59,phase1_parachute_separation,208.27,100.0,1,100.0,1
208.66,phase1_parachute_separation,208.27,100.0,1,100.0,1
208.73,phase1_parachute_separation,208.27,100.0,1,100.0,1
208.79,phase1_parachute_separation,208.27,100.0,1,100.0,1
208.86,phase1_parachute_separation,208.27,100.0,1,100.0,1
208.93,phase1_parachute_separation,208.27,100.0,1,100.0,1
209.0,phase1_parachute_separation,208.27,100.0,1,100.0,1
209.07,phase1_parachute_separation,208.27,100.0,1,100.0,1
209.13,phase1_parachute_separation,208.27,100.0,1,100.0,1
209.2,phase1_parachute_separation,208.27,100.0,1,100.0,1
209.27,phase1_parachute_separation,208.27,100.0,1,100.0,1
209.33,phase1_parachute_separation,208.27,100.0,1,100.0,1
209.4,phase1_parachute_separation,208.27,100.0,1,100.0,1
209.46,phase1_parachute_separation,208.27,100.0,1,100.0,1
209.53,phase1_parachute_separation,208.27,100.0,1,100.0,1
209.6,phase1_parachute_separation,209.55,100.0,1,100.0,1
209.66,phase1_parachute_separation,209.55,100.0,1,100.0,1
209.73,phase1_parachute_separation,209.55,100.0,1,100.0,1
209.79,phase1_parachute_separation,209.55,100.0,1,100.0,1
209.86,phase1_parachute_separation,209.55,100.0,1,100.0,1
209.93,phase1_parachute_separation,209.55,100.0,1,100.0,1
209.99,phase1_parachute_separation,209.55,100.0,1,100.0,1
210.06,phase1_parachute_separation,209.55,100.0,1,100.0,1
210.13,phase1_parachute_separation,209.55,100.0,1,100.0,1
210.19,phase1_parachute_separation,209.55,100.0,1,100.0,1
210.26,phase1_parachute_separation,209.55,100.0,1,100.0,1
210.32,phase1_parachute_separation,209.55,100.0,1,100.0,1
210.39,phase1_parachute_separation,209.55,100.0,1,100.0,1
210.46,phase1_parachute_separation,209.55,100.0,1,100.0,1
210.52,phase1_parachute_separation,209.55,100.0,1,100.0,1
210.59,phase1_parachute_separation,209.55,100.0,1,100.0,1
210.66,phase1_parachute_separation,209.55,100.0,1,100.0,1
210.72,phase1_parachute_separation,209.55,100.0,1,100.0,1
210.79,phase1_parachute_separation,209.55,100.0,1,100.0,1
210.85,phase1_parachute_separation,210.83,100.0,1,100.0,1
210.92,phase1_parachute_separation,210.83,100.0,1,100.0,1
210.99,phase1_parachute_separation,210.83,100.0,1,100.0,1
211.05,phase1_parachute_separation,210.83,100.0,1,100.0,1
211.12,phase2_straight,211.08,100.0,1,100.0,1
211.19,phase2_straight,211.08,100.0,1,100.0,1
211.25,phase2_straight,211.08,100.0,1,100.0,1
211.32,phase2_straight,211.08,100.0,1,100.0,1
211.38,phase2_straight,211.33,100.0,1,100.0,1
211.45,phase2_straight,211.33,100.0,1,100.0,1
211.52,phase2_straight,211.33,100.0,1,100.0,1
211.58,phase2_straight,211.58,100.0,1,100.0,1
211.65,phase2_straight,211.58,100.0,1,100.0,1
211.72,phase2_straight,211.58,100.0,1,100.0,1
211.78,phase2_straight,211.58,100.0,1,100.0,1
211.85,phase2_straight,211.83,100.0,1,100.0,1
211.92,phase2_straight,211.83,100.0,1,100.0,1
211.98,phase2_straight,211.83,100.0,1,100.0,1
212.05,phase2_straight,211.83,100.0,1,100.0,1
212.12,phase2_straight,212.09,100.0,1,100.0,1
212.18,phase2_straight,212.09,100.0,1,100.0,1
212.25,phase2_straight,212.09,100.0,1,100.0,1
212.32,phase2_straight,212.09,100.0,1,100.0,1
212.38,phase2_straight,212.34,100.0,1,100.0,1
212.45,phase2_straight,212.34,100.0,1,100.0,1
212.52,phase2_straight,212.34,100.0,1,100.0,1
212.58,phase2_straight,212.34,100.0,1,100.0,1
212.65,phase2_straight,212.59,100.0,1,100.0,1
212.72,phase2_straight,212.59,100.0,1,100.0,1
212.78,phase2_straight,212.59,100.0,1,100.0,1
212.85,phase2_straight,212.84,100.0,1,100.0,1
212.92,phase2_straight,212.84,100.0,1,100.0,1
212.98,phase2_straight,212.84,100.0,1,100.0,1
213.05,phase2_straight,212.84,100.0,1,100.0,1
213.11,phase2_straight,213.09,100.0,1,100.0,1
213.18,phase2_straight,213.09,100.0,1,100.0,1
213.25,phase2_straight,213.09,100.0,1,100.0,1
213.31,phase2_straight,213.09,100.0,1,100.0,1
213.38,phase2_straight,213.34,100.0,1,100.0,1
213.44,phase2_straight,213.34,100.0,1,100.0,1
213.51,phase2_straight,213.34,100.0,1,100.0,1
213.58,phase2_straight,213.34,100.0,1,100.0,1
213.64,phase2_straight,213.6,100.0,1,100.0,1
213.71,phase2_straight,213.6,100.0,1,100.0,1
213.78,phase2_straight,213.6,100.0,1,100.0,1
213.84,phase2_straight,213.6,100.0,1,100.0,1
213.91,phase2_straight,213.85,100.0,1,100.0,1
213.97,phase2_straight,213.85,100.0,1,100.0,1
214.04,phase2_straight,213.85,100.0,1,100.0,1
214.11,phase2_straight,214.1,100.0,1,100.0,1
214.17,phase2_straight,214.1,100.0,1,100.0,1
214.24,phase2_straight,214.1,100.0,1,100.0,1
214.31,phase2_straight,214.1,100.0,1,100.0,1
214.37,phase2_straight,214.35,100.0,1,100.0,1
214.44,phase2_straight,214.35,100.0,1,100.0,1
214.5,phase2_straight,214.35,100.0,1,100.0,1
214.57,phase2_straight,214.35,100.0,1,100.0,1
214.64,phase2_straight,214.6,100.0,1,100.0,1
214.7,phase2_straight,214.6,100.0,1,100.0,1
214.77,phase2_straight,214.6,100.0,1,100.0,1
214.83,phase2_straight,214.6,100.0,1,100.0,1
214.9,phase2_straight,214.85,100.0,1,100.0,1
214.97,phase2_straight,214.85,100.0,1,100.0,1
215.03,phase2_straight,214.85,100.0,1,100.0,1
215.1,phase2_straight,214.85,100.0,1,100.0,1
215.16,phase2_straight,215.1,100.0,1,100.0,1
215.23,phase2_straight,215.1,100.0,1,100.0,1
215.29,phase2_straight,215.1,100.0,1,100.0,1
215.36,phase2_straight,215.36,100.0,1,100.0,1
215.43,phase2_straight,215.36,100.0,1,100.0,1
215.49,phase2_straight,215.36,100.0,1,100.0,1
215.56,phase2_straight,215.36,100.0,1,100.0,1
215.63,phase2_straight,215.61,100.0,1,100.0,1
215.7,phase2_straight,215.61,100.0,1,100.0,1
215.76,phase2_straight,215.61,100.0,1,100.0,1
215.83,phase2_straight,215.61,100.0,1,100.0,1
215.89,phase2_straight,215.86,100.0,1,100.0,1
215.96,phase2_straight,215.86,100.0,1,100.0,1
216.02,phase2_straight,215.86,100.0,1,100.0,1
216.09,phase2_straight,215.86,100.0,1,100.0,1
216.16,phase2_straight,216.11,100.0,1,100.0,1
216.22,phase2_straight,216.11,100.0,1,100.0,1
216.29,phase2_straight,216.11,100.0,1,100.0,1
216.35,phase2_straight,216.11,100.0,1,100.0,1
216.42,phase2_fig8,216.36,60.0,1,100.0,1
216.48,phase2_fig8,216.36,60.0,1,100.0,1
216.55,phase2_fig8,216.36,60.0,1,100.0,1
216.61,phase2_fig8,216.36,60.0,1,100.0,1
216.68,phase2_fig8,216.62,60.0,1,100.0,1
216.75,phase2_fig8,216.62,60.0,1,100.0,1
216.81,phase2_fig8,216.62,60.0,1,100.0,1
216.88,phase2_fig8,216.87,60.0,1,100.0,1
216.94,phase2_fig8,216.87,60.0,1,100.0,1
217.01,phase2_fig8,216.87,60.0,1,100.0,1
217.08,phase2_fig8,216.87,60.0,1,100.0,1
217.14,phase2_fig8,217.12,60.0,1,100.0,1
217.21,phase2_fig8,217.12,60.0,1,100.0,1
217.27,phase2_fig8,217.12,60.0,1,100.0,1
217.34,phase2_fig8,217.12,60.0,1,100.0,1
217.4,phase2_fig8,217.37,60.0,1,100.0,1
217.47,phase2_fig8,217.37,60.0,1,100.0,1
217.54,phase2_fig8,217.37,60.0,1,100.0,1
217.6,phase2_fig8,217.37,60.0,1,100.0,1
217.67,phase2_fig8,217.62,60.0,1,100.0,1
217.74,phase2_fig8,217.62,60.0,1,100.0,1
217.8,phase2_fig8,217.62,60.0,1,100.0,1
217.87,phase2_fig8,217.62,60.0,1,100.0,1
217.94,phase2_fig8,217.87,60.0,1,100.0,1
218.0,phase2_fig8,217.87,60.0,1,100.0,1
218.07,phase2_fig8,217.87,60.0,1,100.0,1
218.14,phase2_fig8,218.13,60.0,1,100.0,1
218.2,phase2_fig8,218.13,60.0,1,100.0,1
218.27,phase2_fig8,218.13,60.0,1,100.0,1
218.34,phase2_fig8,218.13,60.0,1,100.0,1
218.4,phase2_fig8,218.38,60.0,1,100.0,1
218.47,phase2_fig8,218.38,60.0,1,100.0,1
218.54,phase2_fig8,218.38,60.0,1,100.0,1
218.6,phase2_fig8,218.38,60.0,1,100.0,1
218.67,phase2_fig8,218.63,60.0,1,100.0,1
218.74,phase2_fig8,218.63,60.0,1,100.0,1
218.8,phase2_fig8,218.63,60.0,1,100.0,1
218.87,phase2_fig8,218.63,60.0,1,100.0,1
218.94,phase2_fig8,218.88,60.0,1,100.0,1
219.0,phase2_fig8,218.88,60.0,1,100.0,1
219.07,phase2_fig8,218.88,60.0,1,100.0,1
219.14,phase2_fig8,219.13,60.0,1,100.0,1
219.2,phase2_fig8,219.13,60.0,1,100.0,1
219.27,phase2_fig8,219.13,60.0,1,100.0,1
219.34,phase2_fig8,219.13,60.0,1,100.0,1
219.4,phase2_fig8,219.38,100.0,1,60.0,1
219.47,phase2_fig8,219.38,100.0,1,60.0,1
219.54,phase2_fig8,219.38,100.0,1,60.0,1
219.6,phase2_fig8,219.38,100.0,1,60.0,1
219.67,phase2_fig8,219.64,100.0,1,60.0,1
219.74,phase2_fig8,219.64,100.0,1,60.0,1
219.8,phase2_fig8,219.64,100.0,1,60.0,1
219.87,phase2_fig8,219.64,100.0,1,60.0,1
219.94,phase2_fig8,219.89,100.0,1,60.0,1
220.0,phase2_fig8,219.89,100.0,1,60.0,1
220.07,phase2_fig8,219.89,100.0,1,60.0,1
220.14,phase2_fig8,219.89,100.0,1,60.0,1
220.2,phase2_fig8,220.14,100.0,1,60.0,1
220.27,phase2_fig8,220.14,100.0,1,60.0,1
220.34,phase2_fig8,220.14,100.0,1,60.0,1
220.4,phase2_fig8,220.39,100.0,1,60.0,1
220.47,phase2_fig8,220.39,100.0,1,60.0,1
220.54,phase2_fig8,220.39,100.0,1,60.0,1
220.6,phase2_fig8,220.39,100.0,1,60.0,1
220.67,phase2_fig8,220.64,100.0,1,60.0,1
220.74,phase2_fig8,220.64,100.0,1,60.0,1
220.8,phase2_fig8,220.64,100.0,1,60.0,1
220.87,phase2_fig8,220.64,100.0,1,60.0,1
220.94,phase2_fig8,220.9,100.0,1,60.0,1
221.0,phase2_fig8,220.9,100.0,1,60.0,1
221.07,phase2_fig8,220.9,100.0,1,60.0,1
221.14,phase2_fig8,220.9,100.0,1,60.0,1
221.2,phase2_fig8,221.15,100.0,1,60.0,1
221.27,phase2_fig8,221.15,100.0,1,60.0,1
221.34,phase2_fig8,221.15,100.0,1,60.0,1
221.4,phase2_fig8,221.4,100.0,1,60.0,1
221.47,phase2_fig8,221.4,100.0,1,60.0,1
221.54,phase2_fig8,221.4,100.0,1,60.0,1
221.6,phase2_fig8,221.4,100.0,1,60.0,1
221.67,phase2_fig8,221.65,100.0,1,60.0,1
221.74,phase2_fig8,221.65,100.0,1,60.0,1
221.8,phase2_fig8,221.65,100.0,1,60.0,1
221.87,phase2_fig8,221.65,100.0,1,60.0,1
221.94,phase2_fig8,221.9,100.0,1,60.0,1
222.01,phase2_fig8,221.9,100.0,1,60.0,1
222.07,phase2_fig8,221.9,100.0,1,60.0,1
222.15,phase2_fig8,221.9,100.0,1,60.0,1
222.21,phase2_fig8,222.16,100.0,1,60.0,1
222.28,phase2_fig8,222.16,100.0,1,60.0,1
222.34,phase2_fig8,222.16,100.0,1,60.0,1
222.41,phase2_fig8,222.41,60.0,1,100.0,1
222.48,phase2_fig8,222.41,60.0,1,100.0,1
222.54,phase2_fig8,222.41,60.0,1,100.0,1
222.61,phase2_fig8,222.41,60.0,1,100.0,1
222.68,phase2_fig8,222.66,60.0,1,100.0,1
222.74,phase2_fig8,222.66,60.0,1,100.0,1
222.81,phase2_fig8,222.66,60.0,1,100.0,1
222.87,phase2_fig8,222.66,60.0,1,100.0,1
222.94,phase2_fig8,222.91,60.0,1,100.0,1
223.01,phase2_fig8,222.91,60.0,1,100.0,1
223.07,phase2_fig8,222.91,60.0,1,100.0,1
223.15,phase2_fig8,222.91,60.0,1,100.0,1
223.21,phase2_fig8,223.16,60.0,1,100.0,1
223.28,phase2_fig8,223.16,60.0,1,100.0,1
223.35,phase2_fig8,223.16,60.0,1,100.0,1
223.41,phase2_fig8,223.16,60.0,1,100.0,1
223.48,phase2_fig8,223.41,60.0,1,100.0,1
223.55,phase2_fig8,223.41,60.0,1,100.0,1
223.61,phase2_fig8,223.41,60.0,1,100.0,1
223.68,phase2_fig8,223.67,60.0,1,100.0,1
223.74,phase2_fig8,223.67,60.0,1,100.0,1
223.81,phase2_fig8,223.67,60.0,1,100.0,1
223.88,phase2_fig8,223.67,60.0,1,100.0,1
223.94,phase2_fig8,223.92,60.0,1,100.0,1
224.01,phase2_fig8,223.92,60.0,1,100.0,1
224.08,phase2_fig8,223.92,60.0,1,100.0,1
224.14,phase2_fig8,223.92,60.0,1,100.0,1
224.21,phase2_fig8,224.17,60.0,1,100.0,1
224.28,phase2_fig8,224.17,60.0,1,100.0,1
224.34,phase2_fig8,224.17,60.0,1,100.0,1
224.41,phase2_fig8,224.17,60.0,1,100.0,1
224.48,phase2_fig8,224.42,60.0,1,100.0,1
224.54,phase2_fig8,224.42,60.0,1,100.0,1
224.61,phase2_fig8,224.42,60.0,1,100.0,1
224.67,phase2_fig8,224.42,60.0,1,100.0,1
224.74,phase2_fig8,224.67,60.0,1,100.0,1
224.81,phase2_fig8,224.67,60.0,1,100.0,1
224.87,phase2_fig8,224.67,60.0,1,100.0,1
224.94,phase2_fig8,224.93,60.0,1,100.0,1
225.01,phase2_fig8,224.93,60.0,1,100.0,1
225.07,phase2_fig8,224.93,60.0,1,100.0,1
225.14,phase2_fig8,224.93,60.0,1,100.0,1
225.21,phase2_fig8,225.18,60.0,1,100.0,1
225.27,phase2_fig8,225.18,60.0,1,100.0,1
225.34,phase2_fig8,225.18,60.0,1,100.0,1
225.4,phase2_fig8,225.18,60.0,1,100.0,1
225.47,phase2_fig8,225.43,100.0,1,60.0,1
225.54,phase2_fig8,225.43,100.0,1,60.0,1
225.6,phase2_fig8,225.43,100.0,1,60.0,1
225.67,phase2_fig8,225.43,100.0,1,60.0,1
225.74,phase2_fig8,225.68,100.0,1,60.0,1
225.8,phase2_fig8,225.68,100.0,1,60.0,1
225.87,phase2_fig8,225.68,100.0,1,60.0,1
225.93,phase2_fig8,225.93,100.0,1,60.0,1
226.0,phase2_fig8,225.93,100.0,1,60.0,1
226.07,phase2_fig8,225.93,100.0,1,60.0,1
226.14,phase2_fig8,225.93,100.0,1,60.0,1
226.2,phase2_fig8,226.19,100.0,1,60.0,1
226.27,phase2_fig8,226.19,100.0,1,60.0,1
226.33,phase2_fig8,226.19,100.0,1,60.0,1
226.4,phase2_fig8,226.19,100.0,1,60.0,1
226.47,phase2_fig8,226.44,100.0,1,60.0,1
226.53,phase2_fig8,226.44,100.0,1,60.0,1
226.6,phase2_fig8,226.44,100.0,1,60.0,1
226.67,phase2_fig8,226.44,100.0,1,60.0,1
226.74,phase2_fig8,226.69,100.0,1,60.0,1
226.8,phase2_fig8,226.69,100.0,1,60.0,1
226.87,phase2_fig8,226.69,100.0,1,60.0,1
226.94,phase2_fig8,226.69,100.0,1,60.0,1
227.0,phase2_fig8,226.94,100.0,1,60.0,1
227.07,phase2_fig8,226.94,100.0,1,60.0,1
227.14,phase2_fig8,226.94,100.0,1,60.0,1
227.2,phase2_fig8,227.19,100.0,1,60.0,1
227.27,phase2_fig8,227.19,100.0,1,60.0,1
227.34,phase2_fig8,227.19,100.0,1,60.0,1
227.4,phase2_fig8,227.19,100.0,1,60.0,1
227.47,phase2_fig8,227.44,100.0,1,60.0,1
227.54,phase2_fig8,227.44,100.0,1,60.0,1
227.6,phase2_fig8,227.44,100.0,1,60.0,1
227.67,phase2_fig8,227.44,100.0,1,60.0,1
227.74,phase2_fig8,227.7,100.0,1,60.0,1
227.8,phase2_fig8,227.7,100.0,1,60.0,1
227.87,phase2_fig8,227.7,100.0,1,60.0,1
227.94,phase2_fig8,227.7,100.0,1,60.0,1
228.0,phase2_fig8,227.95,100.0,1,60.0,1
228.07,phase2_fig8,227.95,100.0,1,60.0,1
228.14,phase2_fig8,227.95,100.0,1,60.0,1
228.2,phase2_fig8,228.2,100.0,1,60.0,1
228.27,phase2_fig8,228.2,100.0,1,60.0,1
228.34,phase2_fig8,228.2,100.0,1,60.0,1
228.4,phase2_fig8,228.2,100.0,1,60.0,1
228.47,phase2_fig8,228.45,60.0,1,100.0,1
228.54,phase2_fig8,228.45,60.0,1,100.0,1
228.6,phase2_fig8,228.45,60.0,1,100.0,1
228.67,phase2_fig8,228.45,60.0,1,100.0,1
228.74,phase2_fig8,228.7,60.0,1,100.0,1
228.81,phase2_fig8,228.7,60.0,1,100.0,1
228.88,phase2_fig8,228.7,60.0,1,100.0,1
228.94,phase2_fig8,228.7,60.0,1,100.0,1
229.01,phase2_fig8,228.96,60.0,1,100.0,1
229.08,phase2_fig8,228.96,60.0,1,100.0,1
229.14,phase2_fig8,228.96,60.0,1,100.0,1
229.21,phase2_fig8,228.96,60.0,1,100.0,1
229.27,phase2_fig8,229.21,60.0,1,100.0,1
229.34,phase2_fig8,229.21,60.0,1,100.0,1
229.41,phase2_fig8,229.21,60.0,1,100.0,1
229.47,phase2_fig8,229.46,60.0,1,100.0,1
229.54,phase2_fig8,229.46,60.0,1,100.0,1
229.6,phase2_fig8,229.46,60.0,1,100.0,1
229.67,phase2_fig8,229.46,60.0,1,100.0,1
229.74,phase2_fig8,229.71,60.0,1,100.0,1
229.8,phase2_fig8,229.71,60.0,1,100.0,1
229.87,phase2_fig8,229.71,60.0,1,100.0,1
229.93,phase2_fig8,229.71,60.0,1,100.0,1
230.0,phase2_fig8,229.96,60.0,1,100.0,1
230.08,phase2_fig8,229.96,60.0,1,100.0,1
230.14,phase2_fig8,229.96,60.0,1,100.0,1
230.21,phase2_fig8,229.96,60.0,1,100.0,1
230.28,phase2_fig8,230.21,60.0,1,100.0,1
230.34,phase2_fig8,230.21,60.0,1,100.0,1
230.41,phase2_fig8,230.21,60.0,1,100.0,1
230.48,phase2_fig8,230.47,60.0,1,100.0,1
230.54,phase2_fig8,230.47,60.0,1,100.0,1
230.61,phase2_fig8,230.47,60.0,1,100.0,1
230.67,phase2_fig8,230.47,60.0,1,100.0,1
230.74,phase2_fig8,230.72,60.0,1,100.0,1
230.81,phase2_fig8,230.72,60.0,1,100.0,1
230.87,phase2_fig8,230.72,60.0,1,100.0,1
230.94,phase2_fig8,230.72,60.0,1,100.0,1
231.0,phase2_fig8,230.97,60.0,1,100.0,1
231.07,phase2_fig8,230.97,60.0,1,100.0,1
231.14,phase2_fig8,230.97,60.0,1,100.0,1
231.2,phase2_fig8,230.97,60.0,1,100.0,1
231.27,phase2_fig8,231.22,60.0,1,100.0,1
231.33,phase2_fig8,231.22,60.0,1,100.0,1
231.4,phase3_gps_turn,231.37,83.12,1,71.88,1
231.47,phase3_gps_turn,231.37,83.12,1,71.88,1
231.53,phase3_gps_turn,231.53,83.12,1,71.88,1
231.6,phase3_gps_turn,231.53,83.12,1,71.88,1
231.66,phase3_gps_turn,231.53,83.12,1,71.88,1
231.73,phase3_gps_turn,231.68,83.12,1,71.88,1
231.8,phase3_gps_turn,231.68,83.12,1,71.88,1
231.86,phase3_gps_turn,231.83,83.12,1,71.88,1
231.93,phase3_gps_turn,231.83,83.12,1,71.88,1
231.99,phase3_gps_turn,231.98,83.12,1,71.88,1
232.06,phase3_gps_turn,231.98,83.12,1,71.88,1
232.13,phase3_gps_turn,231.98,83.12,1,71.88,1
232.19,phase3_gps_turn,232.13,83.12,1,71.88,1
232.26,phase3_gps_turn,232.13,83.12,1,71.88,1
232.33,phase3_gps_turn,232.28,83.12,1,71.88,1
232.39,phase3_gps_turn,232.28,83.12,1,71.88,1
232.46,phase3_gps_turn,232.43,83.12,1,71.88,1
232.52,phase3_gps_turn,232.43,83.12,1,71.88,1
232.59,phase3_gps_turn,232.58,83.12,1,71.88,1
232.66,phase3_gps_turn,232.58,83.12,1,71.88,1
232.72,phase3_gps_turn,232.58,83.12,1,71.88,1
232.79,phase3_gps_turn,232.74,83.12,1,71.88,1
232.86,phase3_gps_turn,232.74,83.12,1,71.88,1
232.92,phase3_gps_turn,232.89,83.12,1,71.88,1
232.99,phase3_gps_turn,232.89,83.12,1,71.88,1
233.05,phase3_gps_turn,233.04,83.12,1,71.88,1
233.12,phase3_gps_turn,233.04,83.12,1,71.88,1
233.19,phase3_gps_turn,233.04,83.12,1,71.88,1
233.25,phase3_gps_turn,233.19,83.12,1,71.88,1
233.32,phase3_gps_turn,233.19,83.12,1,71.88,1
233.39,phase3_gps_turn,233.34,83.12,1,71.88,1
233.45,phase3_gps_turn,233.34,83.12,1,71.88,1
233.52,phase3_gps_turn,233.49,83.12,1,71.88,1
233.59,phase3_gps_turn,233.49,83.12,1,71.88,1
233.65,phase3_gps_turn,233.64,83.12,1,71.88,1
233.72,phase3_gps_turn,233.64,83.12,1,71.88,1
233.78,phase3_gps_turn,233.64,83.12,1,71.88,1
233.85,phase3_gps_turn,233.8,83.12,1,71.88,1
233.92,phase3_gps_turn,233.8,83.12,1,71.88,1
233.98,phase3_gps_turn,233.95,83.12,1,71.88,1
234.12,phase3_gps_turn,234.1,83.12,1,71.88,1
234.19,phase3_gps_turn,234.1,83.12,1,71.88,1
234.25,phase3_gps_turn,234.25,83.12,1,71.88,1
234.32,phase3_gps_turn,234.25,83.12,1,71.88,1
234.39,phase3_gps_turn,234.25,83.12,1,71.88,1
234.45,phase3_gps_turn,234.4,83.12,1,71.88,1
234.52,phase3_gps_turn,234.4,83.12,1,71.88,1
234.59,phase3_gps_turn,234.55,83.12,1,71.88,1
234.65,phase3_gps_turn,234.55,83.12,1,71.88,1
234.72,phase3_gps_turn,234.7,83.12,1,71.88,1
234.79,phase3_gps_turn,234.7,83.12,1,71.88,1
234.85,phase3_gps_turn,234.7,83.12,1,71.88,1
234.92,phase3_gps_turn,234.85,83.12,1,71.88,1
234.98,phase3_gps_turn,234.85,83.12,1,71.88,1
235.05,phase3_gps_turn,235.01,83.12,1,71.88,1
235.12,phase3_gps_turn,235.01,83.12,1,71.88,1
235.19,phase3_gps_turn,235.16,83.12,1,71.88,1
235.25,phase3_gps_turn,235.16,83.12,1,71.88,1
235.32,phase3_gps_turn,235.31,83.12,1,71.88,1
235.38,phase3_gps_turn,235.31,83.12,1,71.88,1
235.45,phase3_gps_turn,235.31,83.12,1,71.88,1
235.52,phase3_gps_turn,235.46,83.12,1,71.88,1
235.58,phase3_gps_turn,235.46,83.12,1,71.88,1
235.65,phase3_gps_turn,235.61,83.12,1,71.88,1
235.72,phase3_gps_turn,235.61,83.12,1,71.88,1
235.78,phase3_gps_turn,235.76,83.12,1,71.88,1
235.85,phase3_gps_turn,235.76,83.12,1,71.88,1
235.92,phase3_gps_turn,235.91,83.12,1,71.88,1
235.98,phase3_gps_turn,235.91,83.12,1,71.88,1
236.05,phase3_gps_turn,235.91,83.12,1,71.88,1
236.12,phase3_gps_turn,236.07,83.12,1,71.88,1
236.18,phase3_gps_turn,236.07,83.12,1,71.88,1
236.25,phase3_gps_turn,236.22,83.12,1,71.88,1
236.32,phase3_gps_turn,236.22,83.12,1,71.88,1
236.38,phase3_gps_turn,236.37,83.12,1,71.88,1
236.45,phase3_gps_turn,236.37,83.12,1,71.88,1
236.52,phase3_gps_turn,236.37,83.12,1,71.88,1
236.58,phase3_gps_turn,236.52,83.12,1,71.88,1
236.65,phase3_gps_turn,236.52,83.12,1,71.88,1
236.72,phase3_gps_turn,236.67,83.12,1,71.88,1
236.79,phase3_gps_turn,236.67,83.12,1,71.88,1
236.85,phase3_gps_turn,236.82,83.12,1,71.88,1
236.92,phase3_gps_turn,236.82,83.12,1,71.88,1
236.99,phase3_gps_turn,236.97,83.12,1,71.88,1
237.05,phase3_gps_turn,236.97,83.12,1,71.88,1
237.12,phase3_gps_turn,236.97,83.12,1,71.88,1
237.19,phase3_gps_turn,237.13,83.12,1,71.88,1
237.26,phase3_gps_turn,237.13,83.12,1,71.88,1
237.32,phase3_gps_turn,237.28,83.12,1,71.88,1
237.39,phase3_gps_turn,237.28,83.12,1,71.88,1
237.45,phase3_gps_turn,237.43,83.12,1,71.88,1
237.52,phase3_gps_turn,237.43,83.12,1,71.88,1
237.59,phase3_gps_turn,237.58,83.12,1,71.88,1
237.65,phase3_gps_turn,237.58,83.12,1,71.88,1
237.72,phase3_gps_turn,237.58,83.12,1,71.88,1
237.78,phase3_gps_turn,237.73,83.12,1,71.88,1
237.85,phase3_gps_turn,237.73,83.12,1,71.88,1
237.92,phase3_gps_turn,237.88,83.12,1,71.88,1
237.98,phase3_gps_turn,237.88,83.12,1,71.88,1
238.05,phase3_gps_turn,238.03,83.12,1,71.88,1
238.11,phase3_gps_turn,238.03,83.12,1,71.88,1
238.18,phase3_gps_turn,238.03,83.12,1,71.88,1
238.25,phase3_gps_turn,238.18,83.12,1,71.88,1
238.31,phase3_gps_turn,238.18,83.12,1,71.88,1
238.38,phase3_gps_turn,238.34,83.12,1,71.88,1
238.45,phase3_gps_turn,238.34,83.12,1,71.88,1
238.51,phase3_gps_turn,238.49,83.12,1,71.88,1
238.58,phase3_gps_turn,238.49,83.12,1,71.88,1
238.64,phase3_gps_turn,238.64,83.12,1,71.88,1
238.71,phase3_gps_turn,238.64,83.12,1,71.88,1
238.78,phase3_gps_turn,238.64,83.12,1,71.88,1
238.84,phase3_gps_turn,238.79,83.12,1,71.88,1
238.91,phase3_gps_turn,238.79,83.12,1,71.88,1
238.97,phase3_gps_turn,238.94,83.12,1,71.88,1
239.04,phase3_gps_turn,238.94,83.12,1,71.88,1
239.11,phase3_gps_turn,239.09,83.12,1,71.88,1
239.18,phase3_gps_turn,239.09,83.12,1,71.88,1
239.24,phase3_gps_turn,239.09,83.12,1,71.88,1
239.31,phase3_gps_turn,239.24,83.12,1,71.88,1
239.37,phase3_gps_turn,239.24,83.12,1,71.88,1
239.44,phase3_gps_turn,239.4,83.12,1,71.88,1
239.51,phase3_gps_turn,239.4,83.12,1,71.88,1
239.57,phase3_gps_turn,239.55,83.12,1,71.88,1
239.64,phase3_gps_turn,239.55,83.12,1,71.88,1
239.71,phase3_gps_turn,239.7,83.12,1,71.88,1
239.77,phase3_gps_turn,239.7,83.12,1,71.88,1
239.84,phase3_gps_turn,239.7,83.12,1,71.88,1
239.9,phase3_gps_turn,239.85,83.12,1,71.88,1
239.97,phase3_gps_turn,239.85,83.12,1,71.88,1
240.04,phase3_gps_turn,240.0,83.12,1,71.88,1
240.1,phase3_gps_turn,240.0,83.12,1,71.88,1
240.17,phase3_gps_turn,240.15,83.12,1,71.88,1
240.24,phase3_gps_turn,240.15,83.12,1,71.88,1
240.3,phase3_gps_turn,240.15,83.12,1,71.88,1
240.37,phase3_gps_turn,240.3,83.12,1,71.88,1
240.44,phase3_gps_turn,240.3,83.12,1,71.88,1
240.5,phase3_gps_turn,240.46,83.12,1,71.88,1
240.57,phase3_gps_turn,240.46,83.12,1,71.88,1
240.64,phase3_gps_turn,240.61,83.12,1,71.88,1
240.7,phase3_gps_turn,240.61,83.12,1,71.88,1
240.77,phase3_gps_turn,240.76,83.12,1,71.88,1
240.83,phase3_gps_turn,240.76,83.12,1,71.88,1
240.9,phase3_gps_turn,240.76,83.12,1,71.88,1
240.97,phase3_gps_turn,240.91,83.12,1,71.88,1
241.03,phase3_gps_turn,240.91,83.12,1,71.88,1
241.1,phase3_gps_turn,241.06,83.12,1,71.88,1
241.17,phase3_gps_turn,241.06,83.12,1,71.88,1
241.23,phase3_gps_turn,241.21,83.12,1,71.88,1
241.3,phase3_gps_turn,241.21,83.12,1,71.88,1
241.37,phase3_gps_turn,241.36,83.12,1,71.88,1
241.43,phase3_gps_turn,241.36,83.12,1,71.88,1
241.5,phase3_gps_turn,241.36,83.12,1,71.88,1
241.56,phase3_gps_turn,241.51,83.12,1,71.88,1
241.63,phase3_gps_turn,241.51,83.12,1,71.88,1
241.7,phase3_gps_turn,241.67,83.12,1,71.88,1
241.76,phase3_gps_turn,241.67,83.12,1,71.88,1
241.83,phase3_gps_turn,241.82,83.12,1,71.88,1
241.9,phase3_gps_turn,241.82,83.12,1,71.88,1
241.96,phase3_gps_turn,241.82,83.12,1,71.88,1
242.03,phase3_gps_turn,241.97,83.12,1,71.88,1
242.1,phase3_gps_turn,241.97,83.12,1,71.88,1
242.16,phase3_gps_turn,242.12,83.12,1,71.88,1
242.23,phase3_gps_turn,242.12,83.12,1,71.88,1
242.3,phase3_gps_turn,242.27,83.12,1,71.88,1
242.36,phase3_gps_turn,242.27,83.12,1,71.88,1
242.43,phase3_gps_turn,242.42,83.12,1,71.88,1
242.5,phase3_gps_turn,242.42,83.12,1,71.88,1
242.56,phase3_gps_turn,242.42,83.12,1,71.88,1
242.63,phase3_gps_turn,242.57,83.12,1,71.88,1
242.7,phase3_gps_turn,242.57,83.12,1,71.88,1
242.76,phase3_gps_turn,242.73,83.12,1,71.88,1
242.83,phase3_gps_turn,242.73,83.12,1,71.88,1
242.9,phase3_gps_turn,242.88,83.12,1,71.88,1
242.96,phase3_gps_turn,242.88,83.12,1,71.88,1
243.03,phase3_gps_turn,243.03,83.12,1,71.88,1
243.1,phase3_gps_turn,243.03,83.12,1,71.88,1
243.16,phase3_gps_turn,243.03,83.12,1,71.88,1
243.23,phase3_gps_turn,243.18,83.12,1,71.88,1
243.3,phase3_gps_turn,243.18,83.12,1,71.88,1
243.37,phase3_gps_turn,243.33,83.12,1,71.88,1
243.44,phase3_gps_turn,243.33,83.12,1,71.88,1
243.5,phase3_gps_turn,243.48,83.12,1,71.88,1
243.57,phase3_gps_turn,243.48,83.12,1,71.88,1
243.64,phase3_gps_turn,243.63,83.12,1,71.88,1
243.7,phase3_gps_turn,243.63,83.12,1,71.88,1
243.77,phase3_gps_turn,243.63,83.12,1,71.88,1
243.83,phase3_gps_turn,243.78,83.12,1,71.88,1
243.9,phase3_gps_turn,243.78,83.12,1,71.88,1
243.97,phase3_gps_turn,243.94,83.12,1,71.88,1
244.03,phase3_gps_turn,243.94,83.12,1,71.88,1
244.1,phase3_gps_turn,244.09,83.12,1,71.88,1
244.16,phase3_gps_turn,244.09,83.12,1,71.88,1
244.23,phase3_gps_turn,244.09,83.12,1,71.88,1
244.3,phase3_gps_turn,244.24,83.12,1,71.88,1
244.36,phase3_gps_turn,244.24,83.12,1,71.88,1
244.43,phase3_gps_turn,244.39,83.12,1,71.88,1
244.49,phase3_gps_turn,244.39,83.12,1,71.88,1
244.56,phase3_gps_turn,244.54,83.12,1,71.88,1
244.63,phase3_gps_turn,244.54,83.12,1,71.88,1
244.69,phase3_gps_turn,244.54,83.12,1,71.88,1
244.76,phase3_gps_turn,244.69,83.12,1,71.88,1
244.82,phase3_gps_turn,244.69,83.12,1,71.88,1
244.89,phase3_gps_turn,244.84,83.12,1,71.88,1
244.96,phase3_gps_turn,244.84,83.12,1,71.88,1
245.02,phase3_gps_turn,245.0,83.12,1,71.88,1
245.09,phase3_gps_turn,245.0,83.12,1,71.88,1
245.15,phase3_gps_turn,245.15,83.12,1,71.88,1
245.22,phase3_gps_turn,245.15,83.12,1,71.88,1
245.29,phase3_gps_turn,245.15,83.12,1,71.88,1
245.35,phase3_gps_turn,245.3,83.12,1,71.88,1
245.42,phase3_gps_turn,245.3,83.12,1,71.88,1
245.49,phase3_gps_turn,245.45,83.12,1,71.88,1
245.55,phase3_gps_turn,245.45,83.12,1,71.88,1
245.62,phase3_gps_turn,245.6,83.12,1,71.88,1
245.68,phase3_gps_turn,245.6,83.12,1,71.88,1
245.75,phase3_gps_turn,245.6,83.12,1,71.88,1
245.82,phase3_gps_turn,245.76,83.12,1,71.88,1
245.88,phase3_gps_turn,245.76,83.12,1,71.88,1
245.95,phase3_gps_turn,245.91,83.12,1,71.88,1
246.02,phase3_gps_turn,245.91,83.12,1,71.88,1
246.08,phase3_gps_turn,246.06,83.12,1,71.88,1
246.15,phase3_gps_turn,246.06,83.12,1,71.88,1
246.22,phase3_gps_turn,246.21,83.12,1,71.88,1
246.28,phase3_gps_turn,246.21,83.12,1,71.88,1
246.35,phase3_gps_turn,246.21,83.12,1,71.88,1
246.41,phase3_gps_turn,246.36,83.12,1,71.88,1
246.48,phase3_gps_turn,246.36,83.12,1,71.88,1
246.55,phase3_gps_turn,246.51,83.12,1,71.88,1
246.61,phase3_gps_turn,246.51,83.12,1,71.88,1
246.68,phase3_gps_turn,246.66,83.12,1,71.88,1
246.75,phase3_gps_turn,246.66,83.12,1,71.88,1
246.81,phase3_gps_turn,246.66,83.12,1,71.88,1
246.88,phase3_gps_turn,246.81,83.12,1,71.88,1
246.94,phase3_gps_turn,246.81,83.12,1,71.88,1
247.01,phase3_gps_turn,246.97,83.12,1,71.88,1
247.08,phase3_gps_turn,246.97,83.12,1,71.88,1
247.14,phase3_gps_turn,247.12,83.12,1,71.88,1
247.21,phase3_gps_turn,247.12,83.12,1,71.88,1
247.28,phase3_gps_turn,247.27,83.12,1,71.88,1
247.34,phase3_gps_turn,247.27,83.12,1,71.88,1
247.41,phase3_gps_turn,247.27,83.12,1,71.88,1
247.48,phase3_gps_turn,247.42,83.12,1,71.88,1
247.54,phase3_gps_turn,247.42,83.12,1,71.88,1
247.61,phase3_gps_turn,247.57,83.12,1,71.88,1
247.68,phase3_gps_turn,247.57,83.12,1,71.88,1
247.74,phase3_gps_turn,247.72,83.12,1,71.88,1
247.81,phase3_gps_turn,247.72,83.12,1,71.88,1
247.88,phase3_gps_turn,247.87,83.12,1,71.88,1
247.94,phase3_gps_turn,247.87,83.12,1,71.88,1
248.01,phase3_gps_turn,247.87,83.12,1,71.88,1
248.07,phase3_gps_turn,248.02,83.12,1,71.88,1
248.14,phase3_gps_turn,248.02,83.12,1,71.88,1
248.21,phase3_gps_turn,248.18,83.12,1,71.88,1
248.28,phase3_gps_turn,248.18,83.12,1,71.88,1
248.34,phase3_gps_turn,248.33,83.12,1,71.88,1
248.41,phase3_gps_turn,248.33,83.12,1,71.88,1
248.48,phase3_gps_turn,248.33,83.12,1,71.88,1
248.54,phase3_gps_turn,248.48,83.12,1,71.88,1
248.61,phase3_gps_turn,248.48,83.12,1,71.88,1
248.67,phase3_gps_turn,248.63,83.12,1,71.88,1
248.74,phase3_gps_turn,248.63,83.12,1,71.88,1
248.81,phase3_gps_turn,248.78,83.12,1,71.88,1
248.87,phase3_gps_turn,248.78,83.12,1,71.88,1
248.94,phase3_gps_turn,248.93,83.12,1,71.88,1
249.01,phase3_gps_turn,248.93,83.12,1,71.88,1
249.07,phase3_gps_turn,248.93,83.12,1,71.88,1
249.14,phase3_gps_turn,249.08,83.12,1,71.88,1
249.21,phase3_gps_turn,249.08,83.12,1,71.88,1
249.28,phase3_gps_turn,249.24,83.12,1,71.88,1
249.34,phase3_gps_turn,249.24,83.12,1,71.88,1
249.41,phase3_gps_turn,249.39,83.12,1,71.88,1
249.48,phase3_gps_turn,249.39,83.12,1,71.88,1
249.54,phase3_gps_turn,249.54,83.12,1,71.88,1
249.61,phase3_gps_turn,249.54,83.12,1,71.88,1
249.68,phase3_gps_turn,249.54,83.12,1,71.88,1
249.75,phase3_gps_turn,249.69,83.12,1,71.88,1
249.81,phase3_gps_turn,249.69,83.12,1,71.88,1
249.88,phase3_gps_turn,249.84,83.12,1,71.88,1
249.95,phase3_gps_turn,249.84,83.12,1,71.88,1
250.01,phase3_gps_turn,249.99,83.12,1,71.88,1
250.08,phase3_gps_turn,249.99,83.12,1,71.88,1
250.14,phase3_gps_turn,249.99,83.12,1,71.88,1
250.21,phase3_gps_turn,250.14,83.12,1,71.88,1
250.28,phase3_gps_turn,250.14,83.12,1,71.88,1
250.34,phase3_gps_turn,250.29,83.12,1,71.88,1
250.41,phase3_gps_turn,250.29,83.12,1,71.88,1
250.47,phase3_gps_turn,250.45,83.12,1,71.88,1
250.54,phase3_gps_turn,250.45,83.12,1,71.88,1
250.61,phase3_gps_turn,250.6,83.12,1,71.88,1
250.67,phase3_gps_turn,250.6,83.12,1,71.88,1
250.74,phase3_gps_turn,250.6,83.12,1,71.88,1
250.8,phase3_gps_turn,250.75,83.12,1,71.88,1
250.87,phase3_gps_turn,250.75,83.12,1,71.88,1
250.94,phase3_gps_turn,250.9,83.12,1,71.88,1
251.0,phase3_gps_turn,250.9,83.12,1,71.88,1
251.07,phase3_gps_turn,251.05,83.12,1,71.88,1
251.13,phase3_gps_turn,251.05,83.12,1,71.88,1
251.2,phase3_gps_turn,251.05,83.12,1,71.88,1
251.27,phase3_gps_turn,251.2,83.12,1,71.88,1
251.33,phase3_gps_turn,251.2,83.12,1,71.88,1
251.4,phase3_gps_turn,251.36,83.12,1,71.88,1
251.47,phase3_gps_turn,251.36,83.12,1,71.88,1
251.53,phase3_gps_turn,251.51,83.12,1,71.88,1
251.6,phase3_gps_turn,251.51,83.12,1,71.88,1
251.67,phase3_gps_turn,251.66,83.12,1,71.88,1
251.73,phase3_gps_turn,251.66,83.12,1,71.88,1
251.8,phase3_gps_turn,251.66,83.12,1,71.88,1
251.87,phase3_gps_turn,251.81,83.12,1,71.88,1
251.93,phase3_gps_turn,251.81,83.12,1,71.88,1
252.0,phase3_gps_turn,251.96,83.12,1,71.88,1
252.06,phase3_gps_turn,251.96,83.12,1,71.88,1
252.13,phase3_gps_turn,252.11,83.12,1,71.88,1
252.2,phase3_gps_turn,252.11,83.12,1,71.88,1
252.26,phase3_gps_turn,252.26,83.12,1,71.88,1
252.33,phase3_gps_turn,252.26,83.12,1,71.88,1
252.4,phase3_gps_turn,252.26,83.12,1,71.88,1
252.46,phase3_gps_turn,252.41,83.12,1,71.88,1
252.53,phase3_gps_turn,252.41,83.12,1,71.88,1
252.6,phase3_gps_turn,252.57,83.12,1,71.88,1
252.66,phase3_gps_turn,252.57,83.12,1,71.88,1
252.73,phase3_gps_turn,252.72,83.12,1,71.88,1
252.79,phase3_gps_turn,252.72,83.12,1,71.88,1
252.86,phase3_gps_turn,252.72,83.12,1,71.88,1
252.93,phase3_gps_turn,252.87,83.12,1,71.88,1
252.99,phase3_gps_turn,252.87,83.12,1,71.88,1
253.06,phase3_gps_turn,253.02,83.12,1,71.88,1
253.13,phase3_gps_turn,253.02,83.12,1,71.88,1
253.19,phase3_gps_turn,253.17,83.12,1,71.88,1
253.26,phase3_gps_turn,253.17,83.12,1,71.88,1
253.33,phase3_gps_turn,253.32,83.12,1,71.88,1
253.39,phase3_gps_turn,253.32,83.12,1,71.88,1
253.46,phase3_gps_turn,253.32,83.12,1,71.88,1
253.52,phase3_gps_turn,253.47,83.12,1,71.88,1
253.59,phase3_gps_turn,253.47,83.12,1,71.88,1
253.66,phase3_gps_turn,253.63,83.12,1,71.88,1
253.72,phase3_gps_turn,253.63,83.12,1,71.88,1
253.79,phase3_gps_turn,253.78,83.12,1,71.88,1
253.86,phase3_gps_turn,253.78,83.12,1,71.88,1
253.92,phase3_gps_turn,253.78,83.12,1,71.88,1
253.99,phase3_gps_turn,253.93,83.12,1,71.88,1
254.06,phase3_gps_turn,253.93,83.12,1,71.88,1
254.12,phase3_gps_turn,254.08,83.12,1,71.88,1
254.19,phase3_gps_turn,254.08,83.12,1,71.88,1
254.26,phase3_gps_turn,254.23,83.12,1,71.88,1
254.32,phase3_gps_turn,254.23,83.12,1,71.88,1
254.39,phase3_gps_turn,254.38,83.12,1,71.88,1
254.46,phase3_gps_turn,254.38,83.12,1,71.88,1
254.52,phase3_gps_turn,254.38,83.12,1,71.88,1
254.59,phase3_gps_turn,254.53,83.12,1,71.88,1
254.66,phase3_gps_turn,254.53,83.12,1,71.88,1
254.72,phase3_gps_turn,254.68,83.12,1,71.88,1
254.79,phase3_gps_turn,254.68,83.12,1,71.88,1
254.86,phase3_gps_turn,254.84,83.12,1,71.88,1
254.92,phase3_gps_turn,254.84,83.12,1,71.88,1
254.99,phase3_gps_turn,254.99,83.12,1,71.88,1
255.06,phase3_gps_turn,254.99,83.12,1,71.88,1
255.12,phase3_gps_turn,254.99,83.12,1,71.88,1
255.19,phase3_gps_turn,255.14,83.12,1,71.88,1
255.26,phase3_gps_turn,255.14,83.12,1,71.88,1
255.33,phase3_gps_turn,255.29,83.12,1,71.88,1
255.39,phase3_gps_turn,255.29,83.12,1,71.88,1
255.46,phase3_gps_turn,255.44,83.12,1,71.88,1
255.53,phase3_gps_turn,255.44,83.12,1,71.88,1
255.59,phase3_gps_turn,255.59,83.12,1,71.88,1
255.66,phase3_gps_turn,255.59,83.12,1,71.88,1
255.73,phase3_gps_turn,255.59,83.12,1,71.88,1
255.79,phase3_gps_turn,255.74,83.12,1,71.88,1
255.87,phase3_gps_turn,255.74,83.12,1,71.88,1
255.93,phase3_gps_turn,255.89,83.12,1,71.88,1
256.0,phase3_gps_turn,255.89,83.12,1,71.88,1
256.06,phase3_gps_turn,256.05,83.12,1,71.88,1
256.13,phase3_gps_turn,256.05,83.12,1,71.88,1
256.2,phase3_gps_turn,256.05,83.12,1,71.88,1
256.26,phase3_gps_turn,256.2,83.12,1,71.88,1
256.33,phase3_gps_turn,256.2,83.12,1,71.88,1
256.4,phase3_gps_turn,256.35,83.12,1,71.88,1
256.46,phase3_gps_turn,256.35,83.12,1,71.88,1
256.53,phase3_gps_turn,256.5,83.12,1,71.88,1
256.59,phase3_gps_turn,256.5,83.12,1,71.88,1
256.66,phase3_gps_turn,256.65,83.12,1,71.88,1
256.73,phase3_gps_turn,256.65,83.12,1,71.88,1
256.79,phase3_gps_turn,256.65,83.12,1,71.88,1
256.86,phase3_gps_turn,256.8,83.12,1,71.88,1
256.92,phase3_gps_turn,256.8,83.12,1,71.88,1
256.99,phase3_gps_turn,256.95,83.12,1,71.88,1
257.06,phase3_gps_turn,256.95,83.12,1,71.88,1
257.12,phase3_gps_turn,257.11,83.12,1,71.88,1
257.19,phase3_gps_turn,257.11,83.12,1,71.88,1
257.26,phase3_gps_turn,257.11,83.12,1,71.88,1
257.32,phase3_gps_turn,257.26,83.12,1,71.88,1
257.39,phase3_gps_turn,257.26,83.12,1,71.88,1
257.45,phase3_gps_turn,257.41,83.12,1,71.88,1
257.52,phase3_gps_turn,257.41,83.12,1,71.88,1
257.59,phase3_gps_turn,257.56,83.12,1,71.88,1
257.65,phase3_gps_turn,257.56,83.12,1,71.88,1
257.72,phase3_gps_turn,257.71,83.12,1,71.88,1
257.78,phase3_gps_turn,257.71,83.12,1,71.88,1
257.85,phase3_gps_turn,257.71,83.12,1,71.88,1
257.92,phase3_gps_turn,257.86,83.12,1,71.88,1
257.98,phase3_gps_turn,257.86,83.12,1,71.88,1
258.05,phase3_gps_turn,258.01,83.12,1,71.88,1
258.12,phase3_gps_turn,258.01,83.12,1,71.88,1
258.18,phase3_gps_turn,258.17,83.12,1,71.88,1
258.25,phase3_gps_turn,258.17,83.12,1,71.88,1
258.32,phase3_gps_turn,258.17,83.12,1,71.88,1
258.38,phase3_gps_turn,258.32,83.12,1,71.88,1
258.45,phase3_gps_turn,258.32,83.12,1,71.88,1
258.52,phase3_gps_turn,258.47,83.12,1,71.88,1
258.58,phase3_gps_turn,258.47,83.12,1,71.88,1
258.65,phase3_gps_turn,258.62,83.12,1,71.88,1
258.71,phase3_gps_turn,258.62,83.12,1,71.88,1
258.78,phase3_gps_turn,258.77,83.12,1,71.88,1
258.85,phase3_gps_turn,258.77,83.12,1,71.88,1
258.91,phase3_gps_turn,258.77,83.12,1,71.88,1
258.98,phase3_gps_turn,258.92,83.12,1,71.88,1
259.05,phase3_gps_turn,258.92,83.12,1,71.88,1
259.11,phase3_gps_turn,259.07,83.12,1,71.88,1
259.18,phase3_gps_turn,259.07,83.12,1,71.88,1
259.25,phase3_gps_turn,259.22,83.12,1,71.88,1
259.31,phase3_gps_turn,259.22,83.12,1,71.88,1
259.38,phase3_gps_turn,259.38,83.12,1,71.88,1
259.44,phase3_gps_turn,259.38,83.12,1,71.88,1
259.51,phase3_gps_turn,259.38,83.12,1,71.88,1
259.58,phase3_gps_turn,259.53,83.12,1,71.88,1
259.64,phase3_gps_turn,259.53,83.12,1,71.88,1
259.71,phase3_gps_turn,259.68,83.12,1,71.88,1
259.78,phase3_gps_turn,259.68,83.12,1,71.88,1
259.84,phase3_gps_turn,259.83,83.12,1,71.88,1
259.91,phase3_gps_turn,259.83,83.12,1,71.88,1
259.97,phase3_gps_turn,259.83,83.12,1,71.88,1
260.04,phase3_gps_turn,259.98,83.12,1,71.88,1
260.11,phase3_gps_turn,259.98,83.12,1,71.88,1
260.17,phase3_gps_turn,260.13,83.12,1,71.88,1
260.24,phase3_gps_turn,260.13,83.12,1,71.88,1
260.31,phase3_gps_turn,260.28,83.12,1,71.88,1
260.37,phase3_gps_turn,260.28,83.12,1,71.88,1
260.44,phase3_gps_turn,260.44,83.12,1,71.88,1
260.51,phase3_gps_turn,260.44,83.12,1,71.88,1
260.57,phase3_gps_turn,260.44,83.12,1,71.88,1
260.64,phase3_gps_turn,260.59,83.12,1,71.88,1
260.71,phase3_gps_turn,260.59,83.12,1,71.88,1
260.77,phase3_gps_turn,260.74,83.12,1,71.88,1
260.84,phase3_gps_turn,260.74,83.12,1,71.88,1
260.91,phase3_gps_turn,260.89,83.12,1,71.88,1
260.97,phase3_gps_turn,260.89,83.12,1,71.88,1
261.04,phase3_gps_turn,260.89,83.12,1,71.88,1
261.11,phase3_gps_turn,261.04,83.12,1,71.88,1
261.17,phase3_gps_turn,261.04,83.12,1,71.88,1
261.24,phase3_gps_turn,261.19,83.12,1,71.88,1
261.31,phase3_gps_turn,261.19,83.12,1,71.88,1
261.38,phase3_gps_turn,261.34,83.12,1,71.88,1
261.44,phase3_gps_turn,261.34,83.12,1,71.88,1
261.51,phase3_gps_turn,261.5,83.12,1,71.88,1
261.58,phase3_gps_turn,261.5,83.12,1,71.88,1
261.64,phase3_gps_turn,261.5,83.12,1,71.88,1
261.71,phase3_gps_turn,261.65,83.12,1,71.88,1
261.78,phase3_gps_turn,261.65,83.12,1,71.88,1
261.84,phase3_gps_turn,261.8,83.12,1,71.88,1
261.91,phase3_gps_turn,261.8,83.12,1,71.88,1
261.98,phase3_gps_turn,261.95,83.12,1,71.88,1
262.04,phase3_gps_turn,261.95,83.12,1,71.88,1
262.11,phase3_gps_turn,262.1,83.12,1,71.88,1
262.19,phase3_gps_turn,262.1,83.12,1,71.88,1
262.25,phase3_gps_turn,262.25,83.12,1,71.88,1
262.32,phase3_gps_turn,262.25,83.12,1,71.88,1
262.39,phase3_gps_turn,262.25,83.12,1,71.88,1
262.45,phase3_gps_turn,262.4,83.12,1,71.88,1
262.52,phase3_gps_turn,262.4,83.12,1,71.88,1
262.58,phase3_gps_turn,262.56,83.12,1,71.88,1
262.65,phase3_gps_turn,262.56,83.12,1,71.88,1
262.72,phase3_gps_turn,262.71,83.12,1,71.88,1
262.78,phase3_gps_turn,262.71,83.12,1,71.88,1
262.85,phase3_gps_turn,262.71,83.12,1,71.88,1
262.92,phase3_gps_turn,262.86,83.12,1,71.88,1
262.98,phase3_gps_turn,262.86,83.12,1,71.88,1
263.05,phase3_gps_turn,263.01,83.12,1,71.88,1
263.11,phase3_gps_turn,263.01,83.12,1,71.88,1
263.18,phase3_gps_turn,263.16,83.12,1,71.88,1
263.25,phase3_gps_turn,263.16,83.12,1,71.88,1
263.31,phase3_gps_turn,263.31,83.12,1,71.88,1
263.38,phase3_gps_turn,263.31,83.12,1,71.88,1
263.44,phase3_gps_turn,263.31,83.12,1,71.88,1
263.51,phase3_gps_turn,263.46,83.12,1,71.88,1
263.58,phase3_gps_turn,263.46,83.12,1,71.88,1
263.64,phase3_gps_turn,263.61,83.12,1,71.88,1
263.71,phase3_gps_turn,263.61,83.12,1,71.88,1
263.78,phase3_gps_turn,263.77,83.12,1,71.88,1
263.84,phase3_gps_turn,263.77,83.12,1,71.88,1
263.91,phase3_gps_turn,263.77,83.12,1,71.88,1
263.97,phase3_gps_turn,263.92,83.12,1,71.88,1
264.04,phase3_gps_turn,263.92,83.12,1,71.88,1
264.11,phase3_gps_turn,264.07,83.12,1,71.88,1
264.17,phase3_gps_turn,264.07,83.12,1,71.88,1
264.24,phase3_gps_turn,264.22,83.12,1,71.88,1
264.31,phase3_gps_turn,264.22,83.12,1,71.88,1
264.37,phase3_gps_turn,264.37,83.12,1,71.88,1
264.44,phase3_gps_turn,264.37,83.12,1,71.88,1
264.5,phase3_gps_turn,264.37,83.12,1,71.88,1
264.57,phase3_gps_turn,264.52,83.12,1,71.88,1
264.64,phase3_gps_turn,264.52,83.12,1,71.88,1
264.7,phase3_gps_turn,264.67,83.12,1,71.88,1
264.77,phase3_gps_turn,264.67,83.12,1,71.88,1
264.84,phase3_gps_turn,264.83,83.12,1,71.88,1
264.9,phase3_gps_turn,264.83,83.12,1,71.88,1
264.97,phase3_gps_turn,264.83,83.12,1,71.88,1
265.04,phase3_gps_turn,264.98,83.12,1,71.88,1
265.1,phase3_gps_turn,264.98,83.12,1,71.88,1
265.17,phase3_gps_turn,265.13,83.12,1,71.88,1
265.24,phase3_gps_turn,265.13,83.12,1,71.88,1
265.3,phase3_gps_turn,265.28,83.12,1,71.88,1
265.37,phase3_gps_turn,265.28,83.12,1,71.88,1
265.44,phase3_gps_turn,265.43,83.12,1,71.88,1
265.5,phase3_gps_turn,265.43,83.12,1,71.88,1
265.57,phase3_gps_turn,265.43,83.12,1,71.88,1
265.64,phase3_gps_turn,265.58,83.12,1,71.88,1
265.7,phase3_gps_turn,265.58,83.12,1,71.88,1
265.77,phase3_gps_turn,265.73,83.12,1,71.88,1
265.84,phase3_gps_turn,265.73,83.12,1,71.88,1
265.9,phase3_gps_turn,265.88,83.12,1,71.88,1
265.97,phase3_gps_turn,265.88,83.12,1,71.88,1
266.04,phase3_gps_turn,265.88,83.12,1,71.88,1
266.1,phase3_gps_turn,266.04,83.12,1,71.88,1
266.17,phase3_gps_turn,266.04,83.12,1,71.88,1
266.24,phase3_gps_turn,266.19,83.12,1,71.88,1
266.3,phase3_gps_turn,266.19,83.12,1,71.88,1
266.37,phase3_gps_turn,266.34,83.12,1,71.88,1
266.44,phase3_gps_turn,266.34,83.12,1,71.88,1
266.5,phase3_gps_turn,266.49,83.12,1,71.88,1
266.57,phase3_gps_turn,266.49,83.12,1,71.88,1
266.64,phase3_gps_turn,266.49,83.12,1,71.88,1
266.7,phase3_gps_turn,266.64,83.12,1,71.88,1
266.77,phase3_gps_turn,266.64,83.12,1,71.88,1
266.84,phase3_gps_turn,266.79,83.12,1,71.88,1
266.9,phase3_gps_turn,266.79,83.12,1,71.88,1
266.97,phase3_gps_turn,266.94,83.12,1,71.88,1
267.03,phase3_gps_turn,266.94,83.12,1,71.88,1
267.1,phase3_gps_turn,267.1,83.12,1,71.88,1
267.17,phase3_gps_turn,267.1,83.12,1,71.88,1
267.24,phase3_gps_turn,267.1,83.12,1,71.88,1
267.3,phase3_gps_turn,267.25,83.12,1,71.88,1
267.37,phase3_gps_turn,267.25,83.12,1,71.88,1
267.44,phase3_gps_turn,267.4,83.12,1,71.88,1
267.5,phase3_gps_turn,267.4,83.12,1,71.88,1
267.57,phase3_gps_turn,267.55,83.12,1,71.88,1
267.64,phase3_gps_turn,267.55,83.12,1,71.88,1
267.7,phase3_gps_turn,267.7,83.12,1,71.88,1
267.77,phase3_gps_turn,267.7,83.12,1,71.88,1
267.84,phase3_gps_turn,267.7,83.12,1,71.88,1
267.9,phase3_gps_turn,267.85,83.12,1,71.88,1
267.97,phase3_gps_turn,267.85,83.12,1,71.88,1
268.04,phase3_gps_turn,268.0,83.12,1,71.88,1
268.1,phase3_gps_turn,268.0,83.12,1,71.88,1
268.17,phase3_gps_turn,268.16,83.12,1,71.88,1
268.24,phase3_gps_turn,268.16,83.12,1,71.88,1
268.3,phase3_gps_turn,268.16,83.12,1,71.88,1
268.37,phase3_gps_turn,268.31,83.12,1,71.88,1
268.44,phase3_gps_turn,268.31,83.12,1,71.88,1
268.5,phase3_gps_turn,268.46,83.12,1,71.88,1
268.57,phase3_gps_turn,268.46,83.12,1,71.88,1
268.64,phase3_gps_turn,268.61,83.12,1,71.88,1
268.71,phase3_gps_turn,268.61,83.12,1,71.88,1
268.77,phase3_gps_turn,268.76,83.12,1,71.88,1
268.85,phase3_gps_turn,268.76,83.12,1,71.88,1
268.91,phase3_gps_turn,268.76,83.12,1,71.88,1
268.98,phase3_gps_turn,268.91,83.12,1,71.88,1
269.04,phase3_gps_turn,268.91,83.12,1,71.88,1
269.11,phase3_gps_turn,269.06,83.12,1,71.88,1
269.18,phase3_gps_turn,269.06,83.12,1,71.88,1
269.24,phase3_gps_turn,269.22,83.12,1,71.88,1
269.31,phase3_gps_turn,269.22,83.12,1,71.88,1
269.38,phase3_gps_turn,269.37,83.12,1,71.88,1
269.44,phase3_gps_turn,269.37,83.12,1,71.88,1
269.51,phase3_gps_turn,269.37,83.12,1,71.88,1
269.57,phase3_gps_turn,269.52,83.12,1,71.88,1
269.64,phase3_gps_turn,269.52,83.12,1,71.88,1
269.71,phase3_gps_turn,269.67,83.12,1,71.88,1
269.77,phase3_gps_turn,269.67,83.12,1,71.88,1
269.84,phase3_gps_turn,269.82,83.12,1,71.88,1
269.9,phase3_gps_turn,269.82,83.12,1,71.88,1
269.97,phase3_gps_turn,269.82,83.12,1,71.88,1
270.04,phase3_gps_turn,269.97,83.12,1,71.88,1
270.1,phase3_gps_turn,269.97,83.12,1,71.88,1
270.17,phase3_gps_turn,270.12,83.12,1,71.88,1
270.24,phase3_gps_turn,270.12,83.12,1,71.88,1
270.3,phase3_gps_turn,270.27,83.12,1,71.88,1
270.37,phase3_gps_turn,270.27,83.12,1,71.88,1
270.44,phase3_gps_turn,270.43,83.12,1,71.88,1
270.5,phase3_gps_turn,270.43,83.12,1,71.88,1
270.57,phase3_gps_turn,270.43,83.12,1,71.88,1
270.63,phase3_gps_turn,270.58,83.12,1,71.88,1
270.7,phase3_gps_turn,270.58,83.12,1,71.88,1
270.77,phase3_gps_turn,270.73,83.12,1,71.88,1
270.83,phase3_gps_turn,270.73,83.12,1,71.88,1
270.9,phase3_gps_turn,270.88,83.12,1,71.88,1
270.97,phase3_gps_turn,270.88,83.12,1,71.88,1
271.03,phase3_gps_turn,271.03,83.12,1,71.88,1
271.1,phase3_gps_turn,271.03,83.12,1,71.88,1
271.17,phase3_gps_turn,271.03,83.12,1,71.88,1
271.24,phase3_gps_turn,271.18,83.12,1,71.88,1
271.31,phase3_gps_turn,271.18,83.12,1,71.88,1
271.37,phase3_gps_turn,271.33,83.12,1,71.88,1
271.44,phase3_gps_turn,271.33,83.12,1,71.88,1
271.51,phase3_gps_turn,271.49,83.12,1,71.88,1
271.57,phase3_gps_turn,271.49,83.12,1,71.88,1
271.64,phase3_gps_turn,271.49,83.12,1,71.88,1
271.7,phase3_gps_turn,271.64,83.12,1,71.88,1
271.77,phase3_gps_turn,271.64,83.12,1,71.88,1
271.83,phase3_gps_turn,271.79,83.12,1,71.88,1
271.9,phase3_gps_turn,271.79,83.12,1,71.88,1
271.97,phase3_gps_turn,271.94,83.12,1,71.88,1
272.03,phase3_gps_turn,271.94,83.12,1,71.88,1
272.1,phase3_gps_turn,272.09,83.12,1,71.88,1
272.16,phase3_gps_turn,272.09,83.12,1,71.88,1
272.23,phase3_gps_turn,272.09,83.12,1,71.88,1
272.3,phase3_gps_turn,272.24,83.12,1,71.88,1
272.36,phase3_gps_turn,272.24,83.12,1,71.88,1
272.43,phase3_gps_turn,272.39,83.12,1,71.88,1
272.5,phase3_gps_turn,272.39,83.12,1,71.88,1
272.56,phase3_gps_turn,272.55,83.12,1,71.88,1
272.63,phase3_gps_turn,272.55,83.12,1,71.88,1
272.7,phase3_gps_turn,272.55,83.12,1,71.88,1
272.76,phase3_gps_turn,272.7,83.12,1,71.88,1
272.83,phase3_gps_turn,272.7,83.12,1,71.88,1
272.89,phase3_gps_turn,272.85,83.12,1,71.88,1
272.96,phase3_gps_turn,272.85,83.12,1,71.88,1
273.03,phase3_gps_turn,273.0,83.12,1,71.88,1
273.09,phase3_gps_turn,273.0,83.12,1,71.88,1
273.16,phase3_gps_turn,273.15,83.12,1,71.88,1
273.23,phase3_gps_turn,273.15,83.12,1,71.88,1
273.3,phase3_gps_turn,273.15,83.12,1,71.88,1
273.36,phase3_gps_turn,273.3,83.12,1,71.88,1
273.43,phase3_gps_turn,273.3,83.12,1,71.88,1
273.49,phase3_gps_turn,273.45,83.12,1,71.88,1
273.56,phase3_gps_turn,273.45,83.12,1,71.88,1
273.63,phase3_gps_turn,273.6,83.12,1,71.88,1
273.69,phase3_gps_turn,273.6,83.12,1,71.88,1
273.76,phase3_gps_turn,273.76,83.12,1,71.88,1
273.83,phase3_gps_turn,273.76,83.12,1,71.88,1
273.89,phase3_gps_turn,273.76,83.12,1,71.88,1
273.96,phase3_gps_turn,273.91,83.12,1,71.88,1
274.03,phase3_gps_turn,273.91,83.12,1,71.88,1
274.09,phase3_gps_turn,274.06,83.12,1,71.88,1
274.16,phase3_gps_turn,274.06,83.12,1,71.88,1
274.23,phase3_gps_turn,274.21,83.12,1,71.88,1
274.29,phase3_gps_turn,274.21,83.12,1,71.88,1
274.36,phase3_gps_turn,274.21,83.12,1,71.88,1
274.43,phase3_gps_turn,274.36,83.12,1,71.88,1
274.49,phase3_gps_turn,274.36,83.12,1,71.88,1
274.56,phase3_gps_turn,274.51,83.12,1,71.88,1
274.63,phase3_gps_turn,274.51,83.12,1,71.88,1
274.69,phase3_gps_turn,274.66,83.12,1,71.88,1
274.76,phase3_gps_turn,274.66,83.12,1,71.88,1
274.83,phase3_gps_turn,274.82,83.12,1,71.88,1
274.89,phase3_gps_turn,274.82,83.12,1,71.88,1
274.96,phase3_gps_turn,274.82,83.12,1,71.88,1
275.02,phase3_gps_turn,274.97,83.12,1,71.88,1
275.09,phase3_gps_turn,274.97,83.12,1,71.88,1
275.16,phase3_gps_turn,275.12,83.12,1,71.88,1
275.22,phase3_gps_turn,275.12,83.12,1,71.88,1
275.29,phase3_gps_turn,275.27,83.12,1,71.88,1
275.36,phase3_gps_turn,275.27,83.12,1,71.88,1
275.42,phase3_gps_turn,275.42,83.12,1,71.88,1
275.49,phase3_gps_turn,275.42,83.12,1,71.88,1
275.56,phase3_gps_turn,275.42,83.12,1,71.88,1
275.62,phase3_gps_turn,275.57,83.12,1,71.88,1
275.69,phase3_gps_turn,275.57,83.12,1,71.88,1
275.76,phase3_gps_turn,275.72,83.12,1,71.88,1
275.82,phase3_gps_turn,275.72,83.12,1,71.88,1
275.89,phase3_gps_turn,275.87,83.12,1,71.88,1
275.96,phase3_gps_turn,275.87,83.12,1,71.88,1
276.02,phase3_gps_turn,275.87,83.12,1,71.88,1
276.09,phase3_gps_turn,276.03,83.12,1,71.88,1
276.16,phase3_gps_turn,276.03,83.12,1,71.88,1
276.22,phase3_gps_turn,276.18,83.12,1,71.88,1
276.29,phase3_gps_turn,276.18,83.12,1,71.88,1
276.36,phase3_gps_turn,276.33,83.12,1,71.88,1
276.42,phase3_gps_turn,276.33,83.12,1,71.88,1
276.49,phase3_gps_turn,276.48,83.12,1,71.88,1
276.56,phase3_gps_turn,276.48,83.12,1,71.88,1
276.62,phase3_gps_turn,276.48,83.12,1,71.88,1
276.69,phase3_gps_turn,276.63,83.12,1,71.88,1
276.76,phase3_gps_turn,276.63,83.12,1,71.88,1
276.82,phase3_gps_turn,276.78,83.12,1,71.88,1
276.89,phase3_gps_turn,276.78,83.12,1,71.88,1
276.96,phase3_gps_turn,276.93,83.12,1,71.88,1
277.02,phase3_gps_turn,276.93,83.12,1,71.88,1
277.09,phase3_gps_turn,277.09,83.12,1,71.88,1
277.16,phase3_gps_turn,277.09,83.12,1,71.88,1
277.23,phase3_gps_turn,277.09,83.12,1,71.88,1
277.29,phase3_gps_turn,277.24,83.12,1,71.88,1
277.36,phase3_gps_turn,277.24,83.12,1,71.88,1
277.43,phase3_gps_turn,277.39,83.12,1,71.88,1
277.49,phase3_gps_turn,277.39,83.12,1,71.88,1
277.56,phase3_gps_turn,277.54,83.12,1,71.88,1
277.63,phase3_gps_turn,277.54,83.12,1,71.88,1
277.69,phase3_gps_turn,277.69,83.12,1,71.88,1
277.76,phase3_gps_turn,277.69,83.12,1,71.88,1
277.84,phase3_gps_turn,277.69,83.12,1,71.88,1
277.9,phase3_gps_turn,277.84,83.12,1,71.88,1
277.97,phase3_gps_turn,277.84,83.12,1,71.88,1
278.03,phase3_gps_turn,277.99,83.12,1,71.88,1
278.1,phase3_gps_turn,277.99,83.12,1,71.88,1
278.17,phase3_gps_turn,278.14,83.12,1,71.88,1
278.23,phase3_gps_turn,278.14,83.12,1,71.88,1
278.3,phase3_gps_turn,278.3,83.12,1,71.88,1
278.37,phase3_gps_turn,278.3,83.12,1,71.88,1
278.43,phase3_gps_turn,278.3,83.12,1,71.88,1
278.5,phase3_gps_turn,278.45,83.12,1,71.88,1
278.57,phase3_gps_turn,278.45,83.12,1,71.88,1
278.63,phase3_gps_turn,278.6,83.12,1,71.88,1
278.7,phase3_gps_turn,278.6,83.12,1,71.88,1
278.76,phase3_gps_turn,278.75,83.12,1,71.88,1
278.83,phase3_gps_turn,278.75,83.12,1,71.88,1
278.9,phase3_gps_turn,278.75,83.12,1,71.88,1
278.96,phase3_gps_turn,278.9,83.12,1,71.88,1
279.03,phase3_gps_turn,278.9,83.12,1,71.88,1
279.1,phase3_gps_turn,279.05,83.12,1,71.88,1
279.16,phase3_gps_turn,279.05,83.12,1,71.88,1
279.23,phase3_gps_turn,279.2,83.12,1,71.88,1
279.3,phase3_gps_turn,279.2,83.12,1,71.88,1
279.36,phase3_gps_turn,279.36,83.12,1,71.88,1
279.43,phase3_gps_turn,279.36,83.12,1,71.88,1
279.5,phase3_gps_turn,279.36,83.12,1,71.88,1
279.56,phase3_gps_turn,279.51,83.12,1,71.88,1
279.63,phase3_gps_turn,279.51,83.12,1,71.88,1
279.69,phase3_gps_turn,279.66,83.12,1,71.88,1
279.76,phase3_gps_turn,279.66,83.12,1,71.88,1
279.83,phase3_gps_turn,279.81,83.12,1,71.88,1
279.89,phase3_gps_turn,279.81,83.12,1,71.88,1
279.96,phase3_gps_turn,279.81,83.12,1,71.88,1
280.03,phase3_gps_turn,279.96,83.12,1,71.88,1
280.09,phase3_gps_turn,279.96,83.12,1,71.88,1
280.16,phase3_gps_turn,280.11,83.12,1,71.88,1
280.22,phase3_gps_turn,280.11,83.12,1,71.88,1
280.29,phase3_gps_turn,280.26,83.12,1,71.88,1
280.36,phase3_gps_turn,280.26,83.12,1,71.88,1
280.43,phase3_gps_turn,280.41,83.12,1,71.88,1
280.49,phase3_gps_turn,280.41,83.12,1,71.88,1
280.56,phase3_gps_turn,280.41,83.12,1,71.88,1
280.62,phase3_gps_turn,280.57,83.12,1,71.88,1
280.69,phase3_gps_turn,280.57,83.12,1,71.88,1
280.76,phase3_gps_turn,280.72,83.12,1,71.88,1
280.82,phase3_gps_turn,280.72,83.12,1,71.88,1
280.89,phase3_gps_turn,280.87,83.12,1,71.88,1
280.96,phase3_gps_turn,280.87,83.12,1,71.88,1
281.02,phase3_gps_turn,281.02,83.12,1,71.88,1
281.09,phase3_gps_turn,281.02,83.12,1,71.88,1
281.16,phase3_gps_turn,281.02,83.12,1,71.88,1
281.22,phase3_gps_turn,281.17,83.12,1,71.88,1
281.29,phase3_gps_turn,281.17,83.12,1,71.88,1
281.36,phase3_gps_turn,281.32,83.12,1,71.88,1
281.42,phase3_gps_turn,281.32,83.12,1,71.88,1
281.49,phase3_gps_turn,281.47,83.12,1,71.88,1
281.56,phase3_gps_turn,281.47,83.12,1,71.88,1
281.62,phase3_gps_turn,281.47,83.12,1,71.88,1
281.69,phase3_gps_turn,281.63,83.12,1,71.88,1
281.76,phase3_gps_turn,281.63,83.12,1,71.88,1
281.82,phase3_gps_turn,281.78,83.12,1,71.88,1
281.89,phase3_gps_turn,281.78,83.12,1,71.88,1
281.96,phase3_gps_turn,281.93,83.12,1,71.88,1
282.02,phase3_gps_turn,281.93,83.12,1,71.88,1
282.09,phase3_gps_turn,282.08,83.12,1,71.88,1
282.16,phase3_gps_turn,282.08,83.12,1,71.88,1
282.22,phase3_gps_turn,282.08,83.12,1,71.88,1
282.29,phase3_gps_turn,282.23,83.12,1,71.88,1
282.36,phase3_gps_turn,282.23,83.12,1,71.88,1
282.43,phase3_gps_turn,282.38,83.12,1,71.88,1
282.49,phase3_gps_turn,282.38,83.12,1,71.88,1
282.56,phase3_gps_turn,282.53,83.12,1,71.88,1
282.63,phase3_gps_turn,282.53,83.12,1,71.88,1
282.69,phase3_gps_turn,282.68,83.12,1,71.88,1
282.76,phase3_gps_turn,282.68,83.12,1,71.88,1
282.83,phase3_gps_turn,282.68,83.12,1,71.88,1
282.9,phase3_gps_turn,282.84,83.12,1,71.88,1
282.96,phase3_gps_turn,282.84,83.12,1,71.88,1
283.03,phase3_gps_turn,282.99,83.12,1,71.88,1
283.1,phase3_gps_turn,282.99,83.12,1,71.88,1
283.16,phase3_gps_turn,283.14,83.12,1,71.88,1
283.23,phase3_gps_turn,283.14,83.12,1,71.88,1
283.3,phase3_gps_turn,283.29,83.12,1,71.88,1
283.36,phase3_gps_turn,283.29,83.12,1,71.88,1
283.43,phase3_gps_turn,283.29,83.12,1,71.88,1
283.5,phase3_gps_turn,283.44,83.12,1,71.88,1
283.57,phase3_gps_turn,283.44,83.12,1,71.88,1
283.63,phase3_gps_turn,283.59,83.12,1,71.88,1
283.7,phase3_gps_turn,283.59,83.12,1,71.88,1
283.77,phase3_gps_turn,283.74,83.12,1,71.88,1
283.83,phase3_gps_turn,283.74,83.12,1,71.88,1
283.9,phase3_gps_turn,283.9,83.12,1,71.88,1
283.97,phase3_gps_turn,283.9,83.12,1,71.88,1
284.03,phase3_gps_turn,283.9,83.12,1,71.88,1
284.1,phase3_gps_turn,284.05,83.12,1,71.88,1
284.17,phase3_gps_turn,284.05,83.12,1,71.88,1
284.23,phase3_gps_turn,284.2,83.12,1,71.88,1
284.3,phase3_gps_turn,284.2,83.12,1,71.88,1
284.37,phase3_gps_turn,284.35,83.12,1,71.88,1
284.44,phase3_gps_turn,284.35,83.12,1,71.88,1
284.51,phase3_gps_turn,284.5,83.12,1,71.88,1
284.58,phase3_gps_turn,284.5,83.12,1,71.88,1
284.64,phase3_gps_turn,284.5,83.12,1,71.88,1
284.71,phase3_gps_turn,284.65,71.88,1,83.12,1
284.77,phase3_gps_turn,284.65,71.88,1,83.12,1
284.84,phase3_gps_turn,284.8,71.88,1,83.12,1
284.91,phase3_gps_turn,284.8,71.88,1,83.12,1
284.97,phase3_gps_turn,284.96,71.88,1,83.12,1
285.04,phase3_gps_turn,284.96,71.88,1,83.12,1
285.11,phase3_gps_turn,284.96,71.88,1,83.12,1
285.17,phase3_gps_turn,285.11,71.88,1,83.12,1
285.24,phase3_gps_turn,285.11,71.88,1,83.12,1
285.31,phase3_gps_turn,285.26,71.88,1,83.12,1
285.37,phase3_gps_turn,285.26,71.88,1,83.12,1
285.44,phase3_gps_turn,285.41,71.88,1,83.12,1
285.5,phase3_gps_turn,285.41,71.88,1,83.12,1
285.57,phase3_gps_turn,285.56,71.88,1,83.12,1
285.64,phase3_gps_turn,285.56,71.88,1,83.12,1
285.7,phase3_gps_turn,285.56,71.88,1,83.12,1
285.77,phase3_gps_turn,285.71,71.88,1,83.12,1
285.84,phase3_gps_turn,285.71,71.88,1,83.12,1
285.9,phase3_gps_turn,285.86,71.88,1,83.12,1
285.97,phase3_gps_turn,285.86,71.88,1,83.12,1
286.03,phase3_gps_turn,286.02,71.88,1,83.12,1
286.1,phase3_gps_turn,286.02,71.88,1,83.12,1
286.17,phase3_gps_turn,286.02,71.88,1,83.12,1
286.23,phase3_gps_turn,286.17,71.88,1,83.12,1
286.3,phase3_gps_turn,286.17,71.88,1,83.12,1
286.37,phase3_gps_turn,286.32,71.88,1,83.12,1
286.44,phase3_gps_turn,286.32,71.88,1,83.12,1
286.5,phase3_gps_turn,286.47,71.88,1,83.12,1
286.57,phase3_gps_turn,286.47,71.88,1,83.12,1
286.64,phase3_gps_turn,286.62,71.88,1,83.12,1
286.7,phase3_gps_turn,286.62,71.88,1,83.12,1
286.77,phase3_gps_turn,286.62,71.88,1,83.12,1
286.84,phase3_gps_turn,286.77,71.88,1,83.12,1
286.9,phase3_gps_turn,286.77,71.88,1,83.12,1
286.97,phase3_gps_turn,286.92,71.88,1,83.12,1
287.04,phase3_gps_turn,286.92,71.88,1,83.12,1
287.1,phase3_gps_turn,287.07,71.88,1,83.12,1
287.17,phase3_gps_turn,287.07,71.88,1,83.12,1
287.24,phase3_gps_turn,287.23,71.88,1,83.12,1
287.3,phase3_gps_turn,287.23,71.88,1,83.12,1
287.37,phase3_gps_turn,287.23,71.88,1,83.12,1
287.44,phase3_gps_turn,287.38,71.88,1,83.12,1
287.5,phase3_gps_turn,287.38,71.88,1,83.12,1
287.57,phase3_gps_turn,287.53,71.88,1,83.12,1
287.64,phase3_gps_turn,287.53,71.88,1,83.12,1
287.7,phase3_gps_turn,287.68,71.88,1,83.12,1
287.77,phase3_gps_turn,287.68,71.88,1,83.12,1
287.84,phase3_gps_turn,287.83,71.88,1,83.12,1
287.9,phase3_gps_turn,287.83,71.88,1,83.12,1
287.97,phase3_gps_turn,287.83,71.88,1,83.12,1
288.03,phase3_gps_turn,287.98,71.88,1,83.12,1
288.1,phase3_gps_turn,287.98,71.88,1,83.12,1
288.17,phase3_gps_turn,288.13,71.88,1,83.12,1
288.23,phase3_gps_turn,288.13,71.88,1,83.12,1
288.3,phase3_gps_turn,288.28,71.88,1,83.12,1
288.37,phase3_gps_turn,288.28,71.88,1,83.12,1
288.44,phase3_gps_turn,288.28,71.88,1,83.12,1
288.5,phase3_gps_turn,288.44,71.88,1,83.12,1
288.57,phase3_gps_turn,288.44,71.88,1,83.12,1
288.64,phase3_gps_turn,288.59,83.12,1,71.88,1
288.7,phase3_gps_turn,288.59,83.12,1,71.88,1
288.77,phase3_gps_turn,288.74,83.12,1,71.88,1
288.84,phase3_gps_turn,288.74,83.12,1,71.88,1
288.9,phase3_gps_turn,288.89,83.12,1,71.88,1
288.97,phase3_gps_turn,288.89,83.12,1,71.88,1
289.04,phase3_gps_turn,288.89,83.12,1,71.88,1
289.1,phase3_gps_turn,289.04,83.12,1,71.88,1
289.17,phase3_gps_turn,289.04,83.12,1,71.88,1
289.24,phase3_gps_turn,289.19,83.12,1,71.88,1
289.3,phase3_gps_turn,289.19,83.12,1,71.88,1
289.37,phase3_gps_turn,289.34,83.12,1,71.88,1
289.44,phase3_gps_turn,289.34,83.12,1,71.88,1
289.5,phase3_gps_turn,289.5,83.12,1,71.88,1
289.57,phase3_gps_turn,289.5,83.12,1,71.88,1
289.64,phase3_gps_turn,289.5,83.12,1,71.88,1
289.7,phase3_gps_turn,289.65,83.12,1,71.88,1
289.77,phase3_gps_turn,289.65,83.12,1,71.88,1
289.84,phase3_gps_turn,289.8,83.12,1,71.88,1
289.9,phase3_gps_turn,289.8,83.12,1,71.88,1
289.97,phase3_gps_turn,289.95,83.12,1,71.88,1
290.04,phase3_gps_turn,289.95,83.12,1,71.88,1
290.1,phase3_gps_turn,290.1,83.12,1,71.88,1
290.17,phase3_gps_turn,290.1,83.12,1,71.88,1
290.24,phase3_gps_turn,290.1,83.12,1,71.88,1
290.31,phase3_gps_turn,290.25,83.12,1,71.88,1
290.37,phase3_gps_turn,290.25,83.12,1,71.88,1
290.44,phase3_gps_turn,290.4,83.12,1,71.88,1
290.51,phase3_gps_turn,290.4,83.12,1,71.88,1
290.57,phase3_gps_turn,290.56,83.12,1,71.88,1
290.64,phase3_gps_turn,290.56,83.12,1,71.88,1
290.71,phase3_gps_turn,290.71,83.12,1,71.88,1
290.78,phase3_gps_turn,290.71,83.12,1,71.88,1
290.85,phase3_gps_turn,290.71,83.12,1,71.88,1
290.92,phase3_gps_turn,290.86,83.12,1,71.88,1
290.99,phase3_gps_turn,290.86,83.12,1,71.88,1
291.05,phase3_gps_turn,291.01,83.12,1,71.88,1
291.12,phase3_gps_turn,291.01,83.12,1,71.88,1
291.18,phase3_gps_turn,291.16,83.12,1,71.88,1
291.25,phase3_gps_turn,291.16,83.12,1,71.88,1
291.32,phase3_gps_turn,291.31,83.12,1,71.88,1
291.38,phase3_gps_turn,291.31,83.12,1,71.88,1
291.45,phase3_gps_turn,291.31,83.12,1,71.88,1
291.52,phase3_gps_turn,291.46,83.12,1,71.88,1
291.58,phase3_gps_turn,291.46,83.12,1,71.88,1
291.65,phase3_gps_turn,291.46,83.12,1,71.88,1
291.71,phase3_gps_turn,291.46,83.12,1,71.88,1
291.78,phase3_no_heading_forward,291.71,100.0,1,100.0,1
291.85,phase3_no_heading_forward,291.71,100.0,1,100.0,1
291.91,phase3_no_heading_forward,291.71,100.0,1,100.0,1
291.98,phase3_no_heading_forward,291.97,100.0,1,100.0,1
292.05,phase3_no_heading_forward,291.97,100.0,1,100.0,1
292.11,phase3_no_heading_forward,291.97,100.0,1,100.0,1
292.18,phase3_no_heading_forward,291.97,100.0,1,100.0,1
292.25,phase3_no_heading_forward,292.22,100.0,1,100.0,1
292.31,phase3_no_heading_forward,292.22,100.0,1,100.0,1
292.38,phase3_no_heading_forward,292.22,100.0,1,100.0,1
292.45,phase3_no_heading_forward,292.22,100.0,1,100.0,1
292.51,phase3_no_heading_forward,292.47,100.0,1,100.0,1
292.58,phase3_no_heading_forward,292.47,100.0,1,100.0,1
292.65,phase3_no_heading_forward,292.47,100.0,1,100.0,1
292.71,phase3_no_heading_forward,292.47,100.0,1,100.0,1
292.78,phase3_no_heading_forward,292.72,100.0,1,100.0,1
292.84,phase3_no_heading_forward,292.72,100.0,1,100.0,1
292.91,phase3_no_heading_forward,292.72,100.0,1,100.0,1
292.98,phase3_no_heading_forward,292.97,100.0,1,100.0,1
293.04,phase3_no_heading_forward,292.97,100.0,1,100.0,1
293.11,phase3_no_heading_forward,292.97,100.0,1,100.0,1
293.18,phase3_no_heading_forward,292.97,100.0,1,100.0,1
293.24,phase3_no_heading_forward,293.23,100.0,1,100.0,1
293.31,phase3_no_heading_forward,293.23,100.0,1,100.0,1
293.38,phase3_no_heading_forward,293.23,100.0,1,100.0,1
293.45,phase3_no_heading_forward,293.23,100.0,1,100.0,1
293.51,phase3_no_heading_forward,293.48,100.0,1,100.0,1
293.58,phase3_no_heading_forward,293.48,100.0,1,100.0,1
293.65,phase3_no_heading_forward,293.48,100.0,1,100.0,1
293.71,phase3_no_heading_forward,293.48,100.0,1,100.0,1
293.78,phase3_no_heading_forward,293.73,100.0,1,100.0,1
293.85,phase3_no_heading_forward,293.73,100.0,1,100.0,1
293.91,phase3_no_heading_forward,293.73,100.0,1,100.0,1
293.98,phase3_no_heading_forward,293.73,100.0,1,100.0,1
294.04,phase3_no_heading_forward,293.98,100.0,1,100.0,1
294.11,phase3_no_heading_forward,293.98,100.0,1,100.0,1
294.18,phase3_no_heading_forward,293.98,100.0,1,100.0,1
294.25,phase3_no_heading_forward,294.23,100.0,1,100.0,1
294.31,phase3_no_heading_forward,294.23,100.0,1,100.0,1
294.38,phase3_no_heading_forward,294.23,100.0,1,100.0,1
294.45,phase3_no_heading_forward,294.23,100.0,1,100.0,1
294.51,phase3_no_heading_forward,294.48,100.0,1,100.0,1
294.58,phase3_no_heading_forward,294.48,100.0,1,100.0,1
294.65,phase3_no_heading_forward,294.48,100.0,1,100.0,1
294.71,phase3_no_heading_forward,294.48,100.0,1,100.0,1
294.78,phase3_no_heading_forward,294.74,100.0,1,100.0,1
294.85,phase3_no_heading_forward,294.74,100.0,1,100.0,1
294.91,phase3_no_heading_forward,294.74,100.0,1,100.0,1
294.98,phase3_no_heading_forward,294.74,100.0,1,100.0,1
295.05,phase3_no_heading_forward,294.99,100.0,1,100.0,1
295.11,phase3_no_heading_forward,294.99,100.0,1,100.0,1
295.18,phase3_no_heading_forward,294.99,100.0,1,100.0,1
295.25,phase3_no_heading_forward,295.24,100.0,1,100.0,1
295.32,phase3_no_heading_forward,295.24,100.0,1,100.0,1
295.38,phase3_no_heading_forward,295.24,100.0,1,100.0,1
295.45,phase3_no_heading_forward,295.24,100.0,1,100.0,1
295.52,phase3_no_heading_forward,295.49,100.0,1,100.0,1
295.58,phase3_no_heading_forward,295.49,100.0,1,100.0,1
295.65,phase3_no_heading_forward,295.49,100.0,1,100.0,1
295.72,phase3_no_heading_forward,295.49,100.0,1,100.0,1
295.78,phase3_no_heading_forward,295.74,100.0,1,100.0,1
295.85,phase3_no_heading_forward,295.74,100.0,1,100.0,1
295.92,phase3_no_heading_forward,295.74,100.0,1,100.0,1
295.98,phase3_no_heading_forward,295.74,100.0,1,100.0,1
296.05,phase3_no_heading_forward,296.0,100.0,1,100.0,1
296.12,phase3_no_heading_forward,296.0,100.0,1,100.0,1
296.19,phase3_no_heading_forward,296.0,100.0,1,100.0,1
296.25,phase3_no_heading_forward,296.25,100.0,1,100.0,1
296.32,phase3_no_heading_forward,296.25,100.0,1,100.0,1
296.39,phase3_no_heading_forward,296.25,100.0,1,100.0,1
296.45,phase3_no_heading_forward,296.25,100.0,1,100.0,1
296.52,phase3_no_heading_forward,296.5,100.0,1,100.0,1
296.59,phase3_no_heading_forward,296.5,100.0,1,100.0,1
296.65,phase3_no_heading_forward,296.5,100.0,1,100.0,1
296.72,phase3_no_heading_forward,296.5,100.0,1,100.0,1
296.79,phase3_no_heading_forward,296.75,100.0,1,100.0,1
296.85,phase3_no_heading_forward,296.75,100.0,1,100.0,1
296.92,phase3_no_heading_forward,296.75,100.0,1,100.0,1
296.99,phase3_no_heading_forward,296.75,100.0,1,100.0,1
297.06,phase3_no_heading_forward,297.0,100.0,1,100.0,1
297.12,phase3_no_heading_forward,297.0,100.0,1,100.0,1
297.19,phase3_no_heading_forward,297.0,100.0,1,100.0,1
297.26,phase3_no_heading_forward,297.26,100.0,1,100.0,1
297.32,phase3_no_heading_forward,297.26,100.0,1,100.0,1
297.39,phase3_no_heading_forward,297.26,100.0,1,100.0,1
297.46,phase3_no_heading_forward,297.26,100.0,1,100.0,1
297.53,phase3_no_heading_forward,297.51,100.0,1,100.0,1
297.6,phase3_no_heading_forward,297.51,100.0,1,100.0,1
297.66,phase3_no_heading_forward,297.51,100.0,1,100.0,1
297.73,phase3_no_heading_forward,297.51,100.0,1,100.0,1
297.8,phase3_no_heading_forward,297.76,100.0,1,100.0,1
297.86,phase3_no_heading_forward,297.76,100.0,1,100.0,1
297.93,phase3_no_heading_forward,297.76,100.0,1,100.0,1
297.99,phase3_no_heading_forward,297.76,100.0,1,100.0,1
298.06,phase3_no_heading_forward,298.01,100.0,1,100.0,1
298.13,phase3_no_heading_forward,298.01,100.0,1,100.0,1
298.2,phase3_no_heading_forward,298.01,100.0,1,100.0,1
298.26,phase3_no_heading_forward,298.01,100.0,1,100.0,1
298.33,phase3_no_heading_forward,298.26,100.0,1,100.0,1
298.39,phase3_no_heading_forward,298.26,100.0,1,100.0,1
298.46,phase3_no_heading_forward,298.26,100.0,1,100.0,1
298.53,phase3_no_heading_forward,298.52,100.0,1,100.0,1
298.59,phase3_no_heading_forward,298.52,100.0,1,100.0,1
298.66,phase3_no_heading_forward,298.52,100.0,1,100.0,1
298.73,phase3_no_heading_forward,298.52,100.0,1,100.0,1
298.79,phase3_no_heading_forward,298.77,100.0,1,100.0,1
298.86,phase3_no_heading_forward,298.77,100.0,1,100.0,1
298.93,phase3_no_heading_forward,298.77,100.0,1,100.0,1
298.99,phase3_no_heading_forward,298.77,100.0,1,100.0,1
299.06,phase3_no_heading_forward,299.02,100.0,1,100.0,1
299.13,phase3_no_heading_forward,299.02,100.0,1,100.0,1
299.19,phase3_no_heading_forward,299.02,100.0,1,100.0,1
299.26,phase3_no_heading_forward,299.02,100.0,1,100.0,1
299.33,phase3_no_heading_forward,299.27,100.0,1,100.0,1
299.39,phase3_no_heading_forward,299.27,100.0,1,100.0,1
299.46,phase3_no_heading_forward,299.27,100.0,1,100.0,1
299.53,phase3_no_heading_forward,299.52,100.0,1,100.0,1
299.59,phase3_no_heading_forward,299.52,100.0,1,100.0,1
299.66,phase3_no_heading_forward,299.52,100.0,1,100.0,1
299.73,phase3_no_heading_forward,299.52,100.0,1,100.0,1
299.79,phase3_no_heading_forward,299.77,100.0,1,100.0,1
299.86,phase3_no_heading_forward,299.77,100.0,1,100.0,1
299.92,phase3_no_heading_forward,299.77,100.0,1,100.0,1
299.99,phase3_no_heading_forward,299.77,100.0,1,100.0,1
300.06,phase3_no_heading_forward,300.03,100.0,1,100.0,1
300.12,phase3_no_heading_forward,300.03,100.0,1,100.0,1
300.19,phase3_no_heading_forward,300.03,100.0,1,100.0,1
300.26,phase3_no_heading_forward,300.03,100.0,1,100.0,1
300.32,phase3_no_heading_forward,300.28,100.0,1,100.0,1
300.39,phase3_no_heading_forward,300.28,100.0,1,100.0,1
300.46,phase3_no_heading_forward,300.28,100.0,1,100.0,1
300.52,phase3_no_heading_forward,300.28,100.0,1,100.0,1
300.59,phase3_no_heading_forward,300.53,100.0,1,100.0,1
300.66,phase3_no_heading_forward,300.53,100.0,1,100.0,1
300.72,phase3_no_heading_forward,300.53,100.0,1,100.0,1
300.79,phase3_no_heading_forward,300.78,100.0,1,100.0,1
300.86,phase3_no_heading_forward,300.78,100.0,1,100.0,1
300.92,phase3_no_heading_forward,300.78,100.0,1,100.0,1
300.99,phase3_no_heading_forward,300.78,100.0,1,100.0,1
301.06,phase3_no_heading_forward,301.03,100.0,1,100.0,1
301.12,phase3_no_heading_forward,301.03,100.0,1,100.0,1
301.19,phase3_no_heading_forward,301.03,100.0,1,100.0,1
301.26,phase3_no_heading_forward,301.03,100.0,1,100.0,1
301.32,phase3_no_heading_forward,301.29,100.0,1,100.0,1
301.39,phase3_no_heading_forward,301.29,100.0,1,100.0,1
301.46,phase3_no_heading_forward,301.29,100.0,1,100.0,1
301.52,phase3_no_heading_forward,301.29,100.0,1,100.0,1
301.59,phase3_no_heading_forward,301.54,100.0,1,100.0,1
301.66,phase3_no_heading_forward,301.54,100.0,1,100.0,1
301.73,phase3_no_heading_forward,301.54,100.0,1,100.0,1
301.79,phase3_no_heading_forward,301.79,100.0,1,100.0,1
301.86,phase3_no_heading_forward,301.79,100.0,1,100.0,1
301.93,phase3_no_heading_forward,301.79,100.0,1,100.0,1
301.99,phase3_no_heading_forward,301.79,100.0,1,100.0,1
302.06,phase3_no_heading_forward,302.04,100.0,1,100.0,1
302.13,phase3_no_heading_forward,302.04,100.0,1,100.0,1
302.19,phase3_no_heading_forward,302.04,100.0,1,100.0,1
302.26,phase3_no_heading_forward,302.04,100.0,1,100.0,1
302.33,phase3_no_heading_forward,302.29,100.0,1,100.0,1
302.39,phase3_no_heading_forward,302.29,100.0,1,100.0,1
302.46,phase3_no_heading_forward,302.29,100.0,1,100.0,1
302.53,phase3_no_heading_forward,302.29,100.0,1,100.0,1
302.6,phase3_no_heading_forward,302.54,100.0,1,100.0,1
302.66,phase3_no_heading_forward,302.54,100.0,1,100.0,1
302.73,phase3_no_heading_forward,302.54,100.0,1,100.0,1
302.8,phase3_no_heading_forward,302.8,100.0,1,100.0,1
302.86,phase3_no_heading_forward,302.8,100.0,1,100.0,1
302.93,phase3_no_heading_forward,302.8,100.0,1,100.0,1
303.0,phase3_no_heading_forward,302.8,100.0,1,100.0,1
303.07,phase3_no_heading_forward,303.05,100.0,1,100.0,1
303.13,phase3_no_heading_forward,303.05,100.0,1,100.0,1
303.2,phase3_no_heading_forward,303.05,100.0,1,100.0,1
303.27,phase3_no_heading_forward,303.05,100.0,1,100.0,1
303.33,phase3_no_heading_forward,303.3,100.0,1,100.0,1
303.4,phase3_no_heading_forward,303.3,100.0,1,100.0,1
303.47,phase3_no_heading_forward,303.3,100.0,1,100.0,1
303.53,phase3_no_heading_forward,303.3,100.0,1,100.0,1
303.6,phase3_no_heading_forward,303.55,100.0,1,100.0,1
303.67,phase3_no_heading_forward,303.55,100.0,1,100.0,1
303.74,phase3_no_heading_forward,303.55,100.0,1,100.0,1
303.8,phase3_no_heading_forward,303.55,100.0,1,100.0,1
303.87,phase3_no_heading_forward,303.8,100.0,1,100.0,1
303.94,phase3_no_heading_forward,303.8,100.0,1,100.0,1
304.01,phase3_no_heading_forward,303.8,100.0,1,100.0,1
304.08,phase3_no_heading_forward,304.06,100.0,1,100.0,1
304.15,phase3_no_heading_forward,304.06,100.0,1,100.0,1
304.21,phase3_no_heading_forward,304.06,100.0,1,100.0,1
304.28,phase3_no_heading_forward,304.06,100.0,1,100.0,1
304.35,phase3_no_heading_forward,304.31,100.0,1,100.0,1
304.41,phase3_no_heading_forward,304.31,100.0,1,100.0,1
304.48,phase3_no_heading_forward,304.31,100.0,1,100.0,1
304.54,phase3_no_heading_forward,304.31,100.0,1,100.0,1
304.61,phase3_no_heading_forward,304.56,100.0,1,100.0,1
304.68,phase3_no_heading_forward,304.56,100.0,1,100.0,1
304.74,phase3_no_heading_forward,304.56,100.0,1,100.0,1
304.81,phase3_no_heading_forward,304.56,100.0,1,100.0,1
304.88,phase3_no_heading_forward,304.81,100.0,1,100.0,1
304.94,phase3_no_heading_forward,304.81,100.0,1,100.0,1
305.01,phase3_no_heading_forward,304.81,100.0,1,100.0,1
305.08,phase3_no_heading_forward,305.06,100.0,1,100.0,1
305.14,phase3_no_heading_forward,305.06,100.0,1,100.0,1
305.21,phase3_no_heading_forward,305.06,100.0,1,100.0,1
305.28,phase3_no_heading_forward,305.06,100.0,1,100.0,1
305.34,phase3_no_heading_forward,305.32,100.0,1,100.0,1
305.41,phase3_no_heading_forward,305.32,100.0,1,100.0,1
305.48,phase3_no_heading_forward,305.32,100.0,1,100.0,1
305.54,phase3_no_heading_forward,305.32,100.0,1,100.0,1
305.61,phase3_no_heading_forward,305.57,100.0,1,100.0,1
305.68,phase3_no_heading_forward,305.57,100.0,1,100.0,1
305.74,phase3_no_heading_forward,305.57,100.0,1,100.0,1
305.81,phase3_no_heading_forward,305.57,100.0,1,100.0,1
305.88,phase3_no_heading_forward,305.82,100.0,1,100.0,1
305.94,phase3_no_heading_forward,305.82,100.0,1,100.0,1
306.01,phase3_no_heading_forward,305.82,100.0,1,100.0,1
306.08,phase3_no_heading_forward,306.07,100.0,1,100.0,1
306.14,phase3_no_heading_forward,306.07,100.0,1,100.0,1
306.21,phase3_no_heading_forward,306.07,100.0,1,100.0,1
306.28,phase3_no_heading_forward,306.07,100.0,1,100.0,1
306.34,phase3_no_heading_forward,306.32,100.0,1,100.0,1
306.41,phase3_no_heading_forward,306.32,100.0,1,100.0,1
306.48,phase3_no_heading_forward,306.32,100.0,1,100.0,1
306.54,phase3_no_heading_forward,306.32,100.0,1,100.0,1
306.61,phase3_no_heading_forward,306.57,100.0,1,100.0,1
306.68,phase3_no_heading_forward,306.57,100.0,1,100.0,1
306.74,phase3_no_heading_forward,306.57,100.0,1,100.0,1
306.81,phase3_no_heading_forward,306.57,100.0,1,100.0,1
306.88,phase3_no_heading_forward,306.83,100.0,1,100.0,1
306.94,phase3_no_heading_forward,306.83,100.0,1,100.0,1
307.01,phase3_no_heading_forward,306.83,100.0,1,100.0,1
307.08,phase3_no_heading_forward,306.83,100.0,1,100.0,1
307.14,phase3_no_heading_forward,307.08,100.0,1,100.0,1
307.21,phase3_no_heading_forward,307.08,100.0,1,100.0,1
307.28,phase3_no_heading_forward,307.08,100.0,1,100.0,1
307.34,phase3_no_heading_forward,307.33,100.0,1,100.0,1
307.41,phase3_no_heading_forward,307.33,100.0,1,100.0,1
307.48,phase3_no_heading_forward,307.33,100.0,1,100.0,1
307.54,phase3_no_heading_forward,307.33,100.0,1,100.0,1
307.61,phase3_no_heading_forward,307.58,100.0,1,100.0,1
307.68,phase3_no_heading_forward,307.58,100.0,1,100.0,1
307.75,phase3_no_heading_forward,307.58,100.0,1,100.0,1
307.82,phase3_no_heading_forward,307.58,100.0,1,100.0,1
307.88,phase3_no_heading_forward,307.83,100.0,1,100.0,1
307.95,phase3_no_heading_forward,307.83,100.0,1,100.0,1
308.01,phase3_no_heading_forward,307.83,100.0,1,100.0,1
308.08,phase3_no_heading_forward,307.83,100.0,1,100.0,1
308.15,phase3_no_heading_forward,308.09,100.0,1,100.0,1
308.21,phase3_no_heading_forward,308.09,100.0,1,100.0,1
308.28,phase3_no_heading_forward,308.09,100.0,1,100.0,1
308.34,phase3_no_heading_forward,308.34,100.0,1,100.0,1
308.41,phase3_no_heading_forward,308.34,100.0,1,100.0,1
308.48,phase3_no_heading_forward,308.34,100.0,1,100.0,1
308.54,phase3_no_heading_forward,308.34,100.0,1,100.0,1
308.61,phase3_no_heading_forward,308.59,100.0,1,100.0,1
308.68,phase3_no_heading_forward,308.59,100.0,1,100.0,1
308.74,phase3_no_heading_forward,308.59,100.0,1,100.0,1
308.81,phase3_no_heading_forward,308.59,100.0,1,100.0,1
308.87,phase3_no_heading_forward,308.84,100.0,1,100.0,1
308.94,phase3_no_heading_forward,308.84,100.0,1,100.0,1
309.01,phase3_no_heading_forward,308.84,100.0,1,100.0,1
309.07,phase3_no_heading_forward,308.84,100.0,1,100.0,1
309.14,phase3_no_heading_forward,309.09,100.0,1,100.0,1
309.21,phase3_no_heading_forward,309.09,100.0,1,100.0,1
309.27,phase3_no_heading_forward,309.09,100.0,1,100.0,1
309.34,phase3_no_heading_forward,309.09,100.0,1,100.0,1
309.4,phase3_no_heading_forward,309.34,100.0,1,100.0,1
309.47,phase3_no_heading_forward,309.34,100.0,1,100.0,1
309.54,phase3_no_heading_forward,309.34,100.0,1,100.0,1
309.6,phase3_no_heading_forward,309.59,100.0,1,100.0,1
309.67,phase3_no_heading_forward,309.59,100.0,1,100.0,1
309.74,phase3_no_heading_forward,309.59,100.0,1,100.0,1
309.8,phase3_no_heading_forward,309.59,100.0,1,100.0,1
309.87,phase3_no_heading_forward,309.85,100.0,1,100.0,1
309.94,phase3_no_heading_forward,309.85,100.0,1,100.0,1
310.0,phase3_no_heading_forward,309.85,100.0,1,100.0,1
310.07,phase3_no_heading_forward,309.85,100.0,1,100.0,1
310.14,phase3_no_heading_forward,310.1,100.0,1,100.0,1
310.2,phase3_no_heading_forward,310.1,100.0,1,100.0,1
310.27,phase3_no_heading_forward,310.1,100.0,1,100.0,1
310.34,phase3_no_heading_forward,310.1,100.0,1,100.0,1
310.4,phase3_no_heading_forward,310.35,100.0,1,100.0,1
310.47,phase3_no_heading_forward,310.35,100.0,1,100.0,1
310.54,phase3_no_heading_forward,310.35,100.0,1,100.0,1
310.6,phase3_no_heading_forward,310.6,100.0,1,100.0,1
310.67,phase3_no_heading_forward,310.6,100.0,1,100.0,1
310.74,phase3_no_heading_forward,310.6,100.0,1,100.0,1
310.81,phase3_no_heading_forward,310.6,100.0,1,100.0,1
310.87,phase3_no_heading_forward,310.85,100.0,1,100.0,1
310.94,phase3_no_heading_forward,310.85,100.0,1,100.0,1
311.01,phase3_no_heading_forward,310.85,100.0,1,100.0,1
311.07,phase3_no_heading_forward,310.85,100.0,1,100.0,1
311.14,phase3_no_heading_forward,311.1,100.0,1,100.0,1
311.2,phase3_no_heading_forward,311.1,100.0,1,100.0,1
311.27,phase3_no_heading_forward,311.1,100.0,1,100.0,1
311.33,phase3_no_heading_forward,311.1,100.0,1,100.0,1
311.4,phase3_no_heading_forward,311.35,100.0,1,100.0,1
311.47,phase3_no_heading_forward,311.35,100.0,1,100.0,1
311.53,phase3_no_heading_forward,311.35,100.0,1,100.0,1
311.6,phase3_no_heading_forward,311.35,100.0,1,100.0,1
311.66,phase3_no_heading_forward,311.61,100.0,1,100.0,1
311.73,phase3_no_heading_forward,311.61,100.0,1,100.0,1
311.8,phase3_no_heading_forward,311.61,100.0,1,100.0,1
311.86,phase3_no_heading_forward,311.86,100.0,1,100.0,1
311.93,phase3_no_heading_forward,311.86,100.0,1,100.0,1
311.99,phase3_no_heading_forward,311.86,100.0,1,100.0,1
312.06,phase3_no_heading_forward,311.86,100.0,1,100.0,1
312.12,phase3_no_heading_forward,312.11,100.0,1,100.0,1
312.19,phase3_no_heading_forward,312.11,100.0,1,100.0,1
312.26,phase3_no_heading_forward,312.11,100.0,1,100.0,1
312.33,phase3_no_heading_forward,312.11,100.0,1,100.0,1
312.4,phase3_no_heading_forward,312.36,100.0,1,100.0,1
312.46,phase3_no_heading_forward,312.36,100.0,1,100.0,1
312.53,phase3_no_heading_forward,312.36,100.0,1,100.0,1
312.59,phase3_no_heading_forward,312.36,100.0,1,100.0,1
312.66,phase3_no_heading_forward,312.61,100.0,1,100.0,1
312.73,phase3_no_heading_forward,312.61,100.0,1,100.0,1
312.79,phase3_no_heading_forward,312.61,100.0,1,100.0,1
312.86,phase3_no_heading_forward,312.61,100.0,1,100.0,1
312.93,phase3_no_heading_forward,312.86,100.0,1,100.0,1
312.99,phase3_no_heading_forward,312.86,100.0,1,100.0,1
313.06,phase3_no_heading_forward,312.86,100.0,1,100.0,1
313.12,phase3_no_heading_forward,313.12,100.0,1,100.0,1
313.19,phase3_no_heading_forward,313.12,100.0,1,100.0,1
313.26,phase3_no_heading_forward,313.12,100.0,1,100.0,1
313.32,phase3_no_heading_forward,313.12,100.0,1,100.0,1
313.39,phase3_no_heading_forward,313.37,100.0,1,100.0,1
313.46,phase3_no_heading_forward,313.37,100.0,1,100.0,1
313.53,phase3_no_heading_forward,313.37,100.0,1,100.0,1
313.59,phase3_no_heading_forward,313.37,100.0,1,100.0,1
313.66,phase3_no_heading_forward,313.62,100.0,1,100.0,1
313.72,phase3_no_heading_forward,313.62,100.0,1,100.0,1
313.79,phase3_no_heading_forward,313.62,100.0,1,100.0,1
313.86,phase3_no_heading_forward,313.62,100.0,1,100.0,1
313.92,phase3_no_heading_forward,313.87,100.0,1,100.0,1
313.99,phase3_no_heading_forward,313.87,100.0,1,100.0,1
314.06,phase3_no_heading_forward,313.87,100.0,1,100.0,1
314.12,phase3_no_heading_forward,313.87,100.0,1,100.0,1
314.19,phase3_no_heading_forward,314.12,100.0,1,100.0,1
314.26,phase3_no_heading_forward,314.12,100.0,1,100.0,1
314.32,phase3_no_heading_forward,314.12,100.0,1,100.0,1
314.39,phase3_no_heading_forward,314.38,100.0,1,100.0,1
314.46,phase3_no_heading_forward,314.38,100.0,1,100.0,1
314.52,phase3_no_heading_forward,314.38,100.0,1,100.0,1
314.59,phase3_no_heading_forward,314.38,100.0,1,100.0,1
314.66,phase3_no_heading_forward,314.63,100.0,1,100.0,1
314.72,phase3_no_heading_forward,314.63,100.0,1,100.0,1
314.79,phase3_no_heading_forward,314.63,100.0,1,100.0,1
314.86,phase3_no_heading_forward,314.63,100.0,1,100.0,1
314.92,phase3_no_heading_forward,314.88,100.0,1,100.0,1
314.99,phase3_no_heading_forward,314.88,100.0,1,100.0,1
315.05,phase3_no_heading_forward,314.88,100.0,1,100.0,1
315.12,phase3_no_heading_forward,314.88,100.0,1,100.0,1
315.19,phase3_no_heading_forward,315.13,100.0,1,100.0,1
315.25,phase3_no_heading_forward,315.13,100.0,1,100.0,1
315.32,phase3_no_heading_forward,315.13,100.0,1,100.0,1
315.39,phase3_no_heading_forward,315.38,100.0,1,100.0,1
315.45,phase3_no_heading_forward,315.38,100.0,1,100.0,1
315.52,phase3_no_heading_forward,315.38,100.0,1,100.0,1
315.59,phase3_no_heading_forward,315.38,100.0,1,100.0,1
315.65,phase3_no_heading_forward,315.63,100.0,1,100.0,1
315.72,phase3_no_heading_forward,315.63,100.0,1,100.0,1
315.79,phase3_no_heading_forward,315.63,100.0,1,100.0,1
315.85,phase3_no_heading_forward,315.63,100.0,1,100.0,1
315.92,phase3_no_heading_forward,315.89,100.0,1,100.0,1
315.99,phase3_no_heading_forward,315.89,100.0,1,100.0,1
316.05,phase3_no_heading_forward,315.89,100.0,1,100.0,1
316.12,phase3_no_heading_forward,315.89,100.0,1,100.0,1
316.19,phase3_no_heading_forward,316.14,100.0,1,100.0,1
316.25,phase3_no_heading_forward,316.14,100.0,1,100.0,1
316.32,phase3_no_heading_forward,316.14,100.0,1,100.0,1
316.39,phase3_no_heading_forward,316.14,100.0,1,100.0,1
316.45,phase3_no_heading_forward,316.39,100.0,1,100.0,1
316.52,phase3_no_heading_forward,316.39,100.0,1,100.0,1
316.59,phase3_no_heading_forward,316.39,100.0,1,100.0,1
316.65,phase3_no_heading_forward,316.64,100.0,1,100.0,1
316.72,phase3_no_heading_forward,316.64,100.0,1,100.0,1
316.79,phase3_no_heading_forward,316.64,100.0,1,100.0,1
316.85,phase3_no_heading_forward,316.64,100.0,1,100.0,1
316.92,phase3_no_heading_forward,316.89,100.0,1,100.0,1
316.99,phase3_no_heading_forward,316.89,100.0,1,100.0,1
317.05,phase3_no_heading_forward,316.89,100.0,1,100.0,1
317.12,phase3_no_heading_forward,316.89,100.0,1,100.0,1
317.19,phase3_no_heading_forward,317.15,100.0,1,100.0,1
317.25,phase3_no_heading_forward,317.15,100.0,1,100.0,1
317.32,phase3_no_heading_forward,317.15,100.0,1,100.0,1
317.39,phase3_no_heading_forward,317.15,100.0,1,100.0,1
317.46,phase3_no_heading_forward,317.4,100.0,1,100.0,1
317.52,phase3_no_heading_forward,317.4,100.0,1,100.0,1
317.59,phase3_no_heading_forward,317.4,100.0,1,100.0,1
317.66,phase3_no_heading_forward,317.65,100.0,1,100.0,1
317.72,phase3_no_heading_forward,317.65,100.0,1,100.0,1
317.79,phase3_no_heading_forward,317.65,100.0,1,100.0,1
317.86,phase3_no_heading_forward,317.65,100.0,1,100.0,1
317.93,phase3_no_heading_forward,317.9,100.0,1,100.0,1
317.99,phase3_no_heading_forward,317.9,100.0,1,100.0,1
318.06,phase3_no_heading_forward,317.9,100.0,1,100.0,1
318.13,phase3_no_heading_forward,317.9,100.0,1,100.0,1
318.19,phase3_no_heading_forward,318.15,100.0,1,100.0,1
318.26,phase3_no_heading_forward,318.15,100.0,1,100.0,1
318.33,phase3_no_heading_forward,318.15,100.0,1,100.0,1
318.4,phase3_no_heading_forward,318.15,100.0,1,100.0,1
318.46,phase3_no_heading_forward,318.41,100.0,1,100.0,1
318.53,phase3_no_heading_forward,318.41,100.0,1,100.0,1
318.6,phase3_no_heading_forward,318.41,100.0,1,100.0,1
318.66,phase3_no_heading_forward,318.66,100.0,1,100.0,1
318.73,phase3_no_heading_forward,318.66,100.0,1,100.0,1
318.81,phase3_no_heading_forward,318.66,100.0,1,100.0,1
318.87,phase3_no_heading_forward,318.66,100.0,1,100.0,1
318.94,phase3_no_heading_forward,318.91,100.0,1,100.0,1
319.01,phase3_no_heading_forward,318.91,100.0,1,100.0,1
319.07,phase3_no_heading_forward,318.91,100.0,1,100.0,1
319.14,phase3_no_heading_forward,318.91,100.0,1,100.0,1
319.21,phase3_no_heading_forward,319.16,100.0,1,100.0,1
319.27,phase3_no_heading_forward,319.16,100.0,1,100.0,1
319.34,phase3_no_heading_forward,319.16,100.0,1,100.0,1
319.41,phase3_no_heading_forward,319.16,100.0,1,100.0,1
319.47,phase3_no_heading_forward,319.41,100.0,1,100.0,1
319.54,phase3_no_heading_forward,319.41,100.0,1,100.0,1
319.6,phase3_no_heading_forward,319.41,100.0,1,100.0,1
319.67,phase3_no_heading_forward,319.66,100.0,1,100.0,1
319.74,phase3_no_heading_forward,319.66,100.0,1,100.0,1
319.8,phase3_no_heading_forward,319.66,100.0,1,100.0,1
319.87,phase3_no_heading_forward,319.66,100.0,1,100.0,1
319.94,phase3_no_heading_forward,319.92,100.0,1,100.0,1
320.0,phase3_no_heading_forward,319.92,100.0,1,100.0,1
320.07,phase3_no_heading_forward,319.92,100.0,1,100.0,1
320.13,phase3_no_heading_forward,319.92,100.0,1,100.0,1
320.2,phase3_no_heading_forward,320.17,100.0,1,100.0,1
320.27,phase3_no_heading_forward,320.17,100.0,1,100.0,1
320.33,phase3_no_heading_forward,320.17,100.0,1,100.0,1
320.4,phase3_no_heading_forward,320.17,100.0,1,100.0,1
320.47,phase3_no_heading_forward,320.42,100.0,1,100.0,1
320.53,phase3_no_heading_forward,320.42,100.0,1,100.0,1
320.6,phase3_no_heading_forward,320.42,100.0,1,100.0,1
320.67,phase3_no_heading_forward,320.42,100.0,1,100.0,1
320.73,phase3_no_heading_forward,320.67,100.0,1,100.0,1
320.8,phase3_no_heading_forward,320.67,100.0,1,100.0,1
320.87,phase3_no_heading_forward,320.67,100.0,1,100.0,1
320.93,phase3_no_heading_forward,320.92,100.0,1,100.0,1
321.0,phase3_no_heading_forward,320.92,100.0,1,100.0,1
321.06,phase3_no_heading_forward,320.92,100.0,1,100.0,1
321.13,phase3_no_heading_forward,320.92,100.0,1,100.0,1
321.2,phase3_no_heading_forward,321.18,100.0,1,100.0,1
321.27,phase3_no_heading_forward,321.18,100.0,1,100.0,1
321.33,phase3_no_heading_forward,321.18,100.0,1,100.0,1
321.4,phase3_no_heading_forward,321.18,100.0,1,100.0,1
321.47,phase3_no_heading_forward,321.43,100.0,1,100.0,1
321.53,phase3_no_heading_forward,321.43,100.0,1,100.0,1
321.6,phase3_no_heading_forward,321.43,100.0,1,100.0,1
321.67,phase3_no_heading_forward,321.43,100.0,1,100.0,1
321.73,phase3_no_heading_forward,321.68,100.0,1,100.0,1
321.8,phase3_no_heading_forward,321.68,100.0,1,100.0,1
321.87,phase3_no_heading_forward,321.68,100.0,1,100.0,1
321.93,phase3_no_heading_forward,321.93,100.0,1,100.0,1
322.0,phase3_no_heading_forward,321.93,100.0,1,100.0,1
322.07,phase3_no_heading_forward,321.93,100.0,1,100.0,1
322.13,phase3_no_heading_forward,321.93,100.0,1,100.0,1
322.2,phase3_no_heading_forward,322.18,100.0,1,100.0,1
322.27,phase3_no_heading_forward,322.18,100.0,1,100.0,1
322.33,phase3_no_heading_forward,322.18,100.0,1,100.0,1
322.4,phase3_no_heading_forward,322.18,100.0,1,100.0,1
322.47,phase3_no_heading_forward,322.44,100.0,1,100.0,1
322.53,phase3_no_heading_forward,322.44,100.0,1,100.0,1
322.6,phase3_no_heading_forward,322.44,100.0,1,100.0,1
322.67,phase3_no_heading_forward,322.44,100.0,1,100.0,1
322.73,phase3_no_heading_forward,322.69,100.0,1,100.0,1
322.8,phase3_no_heading_forward,322.69,100.0,1,100.0,1
322.87,phase3_no_heading_forward,322.69,100.0,1,100.0,1
322.94,phase3_no_heading_forward,322.69,100.0,1,100.0,1
323.0,phase3_no_heading_forward,322.94,100.0,1,100.0,1
323.07,phase3_no_heading_forward,322.94,100.0,1,100.0,1
323.14,phase3_no_heading_forward,322.94,100.0,1,100.0,1
323.2,phase3_no_heading_forward,323.19,100.0,1,100.0,1
323.27,phase3_no_heading_forward,323.19,100.0,1,100.0,1
323.34,phase3_no_heading_forward,323.19,100.0,1,100.0,1
323.41,phase3_no_heading_forward,323.19,100.0,1,100.0,1
323.47,phase3_no_heading_forward,323.44,100.0,1,100.0,1
323.54,phase3_no_heading_forward,323.44,100.0,1,100.0,1
323.61,phase3_no_heading_forward,323.44,100.0,1,100.0,1
323.67,phase3_no_heading_forward,323.44,100.0,1,100.0,1
323.74,phase3_no_heading_forward,323.69,100.0,1,100.0,1
323.81,phase3_no_heading_forward,323.69,100.0,1,100.0,1
323.88,phase3_no_heading_forward,323.69,100.0,1,100.0,1
323.94,phase3_no_heading_forward,323.69,100.0,1,100.0,1
324.01,phase3_no_heading_forward,323.95,100.0,1,100.0,1
324.08,phase3_no_heading_forward,323.95,100.0,1,100.0,1
324.14,phase3_no_heading_forward,323.95,100.0,1,100.0,1
324.21,phase3_no_heading_forward,324.2,100.0,1,100.0,1
324.28,phase3_no_heading_forward,324.2,100.0,1,100.0,1
324.35,phase3_no_heading_forward,324.2,100.0,1,100.0,1
324.41,phase3_no_heading_forward,324.2,100.0,1,100.0,1
324.48,phase3_no_heading_forward,324.45,100.0,1,100.0,1
324.55,phase3_no_heading_forward,324.45,100.0,1,100.0,1
324.61,phase3_no_heading_forward,324.45,100.0,1,100.0,1
324.68,phase3_no_heading_forward,324.45,100.0,1,100.0,1
324.75,phase3_no_heading_forward,324.7,100.0,1,100.0,1
324.81,phase3_no_heading_forward,324.7,100.0,1,100.0,1
324.88,phase3_no_heading_forward,324.7,100.0,1,100.0,1
324.96,phase3_no_heading_forward,324.95,100.0,1,100.0,1
325.03,phase3_no_heading_forward,324.95,100.0,1,100.0,1
325.09,phase3_no_heading_forward,324.95,100.0,1,100.0,1
325.16,phase3_no_heading_forward,324.95,100.0,1,100.0,1
325.22,phase3_no_heading_forward,325.21,100.0,1,100.0,1
325.29,phase3_no_heading_forward,325.21,100.0,1,100.0,1
325.36,phase3_no_heading_forward,325.21,100.0,1,100.0,1
325.42,phase3_no_heading_forward,325.21,100.0,1,100.0,1
325.49,phase3_no_heading_forward,325.46,100.0,1,100.0,1
325.56,phase3_no_heading_forward,325.46,100.0,1,100.0,1
325.62,phase3_no_heading_forward,325.46,100.0,1,100.0,1
325.69,phase3_no_heading_forward,325.46,100.0,1,100.0,1
325.76,phase3_no_heading_forward,325.71,100.0,1,100.0,1
325.82,phase3_no_heading_forward,325.71,100.0,1,100.0,1
325.89,phase3_no_heading_forward,325.71,100.0,1,100.0,1
325.96,phase3_no_heading_forward,325.71,100.0,1,100.0,1
326.02,phase3_no_heading_forward,325.96,100.0,1,100.0,1
326.09,phase3_no_heading_forward,325.96,100.0,1,100.0,1
326.16,phase3_no_heading_forward,325.96,100.0,1,100.0,1
326.22,phase3_no_heading_forward,326.21,100.0,1,100.0,1
326.29,phase3_no_heading_forward,326.21,100.0,1,100.0,1
326.35,phase3_no_heading_forward,326.21,100.0,1,100.0,1
326.42,phase3_no_heading_forward,326.21,100.0,1,100.0,1
326.49,phase3_no_heading_forward,326.47,100.0,1,100.0,1
326.55,phase3_no_heading_forward,326.47,100.0,1,100.0,1
326.62,phase3_no_heading_forward,326.47,100.0,1,100.0,1
326.69,phase3_no_heading_forward,326.47,100.0,1,100.0,1
326.75,phase3_no_heading_forward,326.72,100.0,1,100.0,1
326.82,phase3_no_heading_forward,326.72,100.0,1,100.0,1
326.88,phase3_no_heading_forward,326.72,100.0,1,100.0,1
326.95,phase3_no_heading_forward,326.72,100.0,1,100.0,1
327.02,phase3_no_heading_forward,326.97,100.0,1,100.0,1
327.08,phase3_no_heading_forward,326.97,100.0,1,100.0,1
327.15,phase3_no_heading_forward,326.97,100.0,1,100.0,1
327.22,phase3_no_heading_forward,326.97,100.0,1,100.0,1
327.28,phase3_no_heading_forward,327.22,100.0,1,100.0,1
327.35,phase3_no_heading_forward,327.22,100.0,1,100.0,1
327.42,phase3_no_heading_forward,327.22,100.0,1,100.0,1
327.48,phase3_no_heading_forward,327.47,100.0,1,100.0,1
327.55,phase3_no_heading_forward,327.47,100.0,1,100.0,1
327.62,phase3_no_heading_forward,327.47,100.0,1,100.0,1
327.68,phase3_gps_turn,327.62,71.88,1,83.12,1
327.75,phase3_gps_turn,327.62,71.88,1,83.12,1
327.82,phase3_gps_turn,327.78,71.88,1,83.12,1
327.88,phase3_gps_turn,327.78,71.88,1,83.12,1
327.95,phase3_gps_turn,327.93,71.88,1,83.12,1
328.02,phase3_gps_turn,327.93,71.88,1,83.12,1
328.08,phase3_gps_turn,328.08,71.88,1,83.12,1
328.15,phase3_gps_turn,328.08,71.88,1,83.12,1
328.22,phase3_gps_turn,328.08,71.88,1,83.12,1
328.28,phase3_gps_turn,328.23,71.88,1,83.12,1
328.35,phase3_gps_turn,328.23,71.88,1,83.12,1
328.42,phase3_gps_turn,328.38,71.88,1,83.12,1
328.48,phase3_gps_turn,328.38,71.88,1,83.12,1
328.55,phase3_gps_turn,328.53,71.88,1,83.12,1
328.62,phase3_gps_turn,328.53,71.88,1,83.12,1
328.68,phase3_gps_turn,328.53,71.88,1,83.12,1
328.75,phase3_gps_turn,328.68,71.88,1,83.12,1
328.82,phase3_gps_turn,328.68,71.88,1,83.12,1
328.88,phase3_gps_turn,328.83,71.88,1,83.12,1
328.95,phase3_gps_turn,328.83,71.88,1,83.12,1
329.02,phase3_gps_turn,328.99,71.88,1,83.12,1
329.08,phase3_gps_turn,328.99,71.88,1,83.12,1
329.15,phase3_gps_turn,329.14,71.88,1,83.12,1
329.22,phase3_gps_turn,329.14,71.88,1,83.12,1
329.28,phase3_gps_turn,329.14,71.88,1,83.12,1
329.35,phase3_gps_turn,329.29,71.88,1,83.12,1
329.42,phase3_gps_turn,329.29,71.88,1,83.12,1
329.48,phase3_gps_turn,329.44,71.88,1,83.12,1
329.55,phase3_gps_turn,329.44,71.88,1,83.12,1
329.62,phase3_gps_turn,329.59,71.88,1,83.12,1
329.69,phase3_gps_turn,329.59,71.88,1,83.12,1
329.75,phase3_gps_turn,329.74,71.88,1,83.12,1
329.82,phase3_gps_turn,329.74,71.88,1,83.12,1
329.89,phase3_gps_turn,329.74,71.88,1,83.12,1
329.95,phase3_gps_turn,329.89,71.88,1,83.12,1
330.02,phase3_gps_turn,329.89,71.88,1,83.12,1
330.09,phase3_gps_turn,330.04,71.88,1,83.12,1
330.15,phase3_gps_turn,330.04,71.88,1,83.12,1
330.22,phase3_gps_turn,330.2,71.88,1,83.12,1
330.29,phase3_gps_turn,330.2,71.88,1,83.12,1
330.36,phase3_gps_turn,330.35,71.88,1,83.12,1
330.42,phase3_gps_turn,330.35,71.88,1,83.12,1
330.49,phase3_gps_turn,330.35,71.88,1,83.12,1
330.56,phase3_gps_turn,330.5,71.88,1,83.12,1
330.62,phase3_gps_turn,330.5,71.88,1,83.12,1
330.69,phase3_gps_turn,330.65,71.88,1,83.12,1
330.76,phase3_gps_turn,330.65,71.88,1,83.12,1
330.82,phase3_gps_turn,330.8,71.88,1,83.12,1
330.89,phase3_gps_turn,330.8,71.88,1,83.12,1
330.96,phase3_gps_turn,330.95,71.88,1,83.12,1
331.02,phase3_gps_turn,330.95,71.88,1,83.12,1
331.09,phase3_gps_turn,330.95,71.88,1,83.12,1
331.17,phase3_gps_turn,331.1,71.88,1,83.12,1
331.23,phase3_gps_turn,331.1,71.88,1,83.12,1
331.3,phase3_gps_turn,331.25,71.88,1,83.12,1
331.36,phase3_gps_turn,331.25,71.88,1,83.12,1
331.43,phase3_gps_turn,331.41,71.88,1,83.12,1
331.5,phase3_gps_turn,331.41,71.88,1,83.12,1
331.56,phase3_gps_turn,331.56,71.88,1,83.12,1
331.63,phase3_gps_turn,331.56,71.88,1,83.12,1
331.7,phase3_gps_turn,331.56,71.88,1,83.12,1
331.76,phase3_gps_turn,331.71,71.88,1,83.12,1
331.83,phase3_gps_turn,331.71,71.88,1,83.12,1
331.9,phase3_gps_turn,331.86,71.88,1,83.12,1
331.96,phase3_gps_turn,331.86,71.88,1,83.12,1
332.03,phase3_gps_turn,332.01,71.88,1,83.12,1
332.09,phase3_gps_turn,332.01,71.88,1,83.12,1
332.16,phase3_gps_turn,332.01,71.88,1,83.12,1
332.23,phase3_gps_turn,332.16,71.88,1,83.12,1
332.29,phase3_gps_turn,332.16,71.88,1,83.12,1
332.36,phase3_gps_turn,332.31,71.88,1,83.12,1
332.43,phase3_gps_turn,332.31,71.88,1,83.12,1
332.49,phase3_gps_turn,332.47,71.88,1,83.12,1
332.56,phase3_gps_turn,332.47,71.88,1,83.12,1
332.62,phase3_gps_turn,332.62,83.12,1,71.88,1
332.69,phase3_gps_turn,332.62,83.12,1,71.88,1
332.76,phase3_gps_turn,332.62,83.12,1,71.88,1
332.83,phase3_gps_turn,332.77,83.12,1,71.88,1
332.89,phase3_gps_turn,332.77,83.12,1,71.88,1
332.96,phase3_gps_turn,332.92,83.12,1,71.88,1
333.03,phase3_gps_turn,332.92,83.12,1,71.88,1
333.09,phase3_gps_turn,333.07,83.12,1,71.88,1
333.16,phase3_gps_turn,333.07,83.12,1,71.88,1
333.22,phase3_gps_turn,333.22,83.12,1,71.88,1
333.29,phase3_gps_turn,333.22,83.12,1,71.88,1
333.36,phase3_gps_turn,333.22,83.12,1,71.88,1
333.42,phase3_gps_turn,333.37,83.12,1,71.88,1
333.49,phase3_gps_turn,333.37,83.12,1,71.88,1
333.56,phase3_gps_turn,333.52,83.12,1,71.88,1
333.62,phase3_gps_turn,333.52,83.12,1,71.88,1
333.69,phase3_gps_turn,333.68,83.12,1,71.88,1
333.76,phase3_gps_turn,333.68,83.12,1,71.88,1
333.83,phase3_gps_turn,333.68,83.12,1,71.88,1
333.89,phase3_gps_turn,333.83,83.12,1,71.88,1
333.96,phase3_gps_turn,333.83,83.12,1,71.88,1
334.03,phase3_gps_turn,333.98,83.12,1,71.88,1
334.09,phase3_gps_turn,333.98,83.12,1,71.88,1
334.16,phase3_gps_turn,334.13,83.12,1,71.88,1
334.23,phase3_gps_turn,334.13,83.12,1,71.88,1
334.29,phase3_gps_turn,334.28,83.12,1,71.88,1
334.36,phase3_gps_turn,334.28,83.12,1,71.88,1
334.43,phase3_gps_turn,334.28,83.12,1,71.88,1
334.49,phase3_gps_turn,334.43,83.12,1,71.88,1
334.56,phase3_gps_turn,334.43,83.12,1,71.88,1
334.63,phase3_gps_turn,334.58,83.12,1,71.88,1
334.69,phase3_gps_turn,334.58,83.12,1,71.88,1
334.76,phase3_gps_turn,334.73,83.12,1,71.88,1
334.83,phase3_gps_turn,334.73,83.12,1,71.88,1
334.89,phase3_gps_turn,334.89,83.12,1,71.88,1
334.96,phase3_gps_turn,334.89,83.12,1,71.88,1
335.03,phase3_gps_turn,334.89,83.12,1,71.88,1
335.09,phase3_gps_turn,335.04,83.12,1,71.88,1
335.16,phase3_gps_turn,335.04,83.12,1,71.88,1
335.23,phase3_gps_turn,335.19,83.12,1,71.88,1
335.29,phase3_gps_turn,335.19,83.12,1,71.88,1
335.36,phase3_gps_turn,335.34,83.12,1,71.88,1
335.43,phase3_gps_turn,335.34,83.12,1,71.88,1
335.5,phase3_gps_turn,335.49,83.12,1,71.88,1
335.56,phase3_gps_turn,335.49,83.12,1,71.88,1
335.63,phase3_gps_turn,335.49,83.12,1,71.88,1
335.7,phase3_gps_turn,335.64,83.12,1,71.88,1
335.76,phase3_gps_turn,335.64,83.12,1,71.88,1
335.83,phase3_gps_turn,335.79,83.12,1,71.88,1
335.9,phase3_gps_turn,335.79,83.12,1,71.88,1
335.96,phase3_gps_turn,335.94,83.12,1,71.88,1
336.03,phase3_gps_turn,335.94,83.12,1,71.88,1
336.1,phase3_gps_turn,336.1,83.12,1,71.88,1
336.16,phase3_gps_turn,336.1,83.12,1,71.88,1
336.23,phase3_gps_turn,336.1,83.12,1,71.88,1
336.3,phase3_gps_turn,336.25,83.12,1,71.88,1
336.37,phase3_gps_turn,336.25,83.12,1,71.88,1
336.43,phase3_gps_turn,336.4,83.12,1,71.88,1
336.5,phase3_gps_turn,336.4,83.12,1,71.88,1
336.57,phase3_gps_turn,336.4,83.12,1,71.88,1
336.63,phase3_gps_turn,336.4,83.12,1,71.88,1
336.7,phase3_no_heading_forward,336.65,100.0,1,100.0,1
336.77,phase3_no_heading_forward,336.65,100.0,1,100.0,1
336.83,phase3_no_heading_forward,336.65,100.0,1,100.0,1
336.9,phase3_no_heading_forward,336.65,100.0,1,100.0,1
336.97,phase3_no_heading_forward,336.9,100.0,1,100.0,1
337.04,phase3_no_heading_forward,336.9,100.0,1,100.0,1
337.1,phase3_no_heading_forward,336.9,100.0,1,100.0,1
337.17,phase3_no_heading_forward,337.15,100.0,1,100.0,1
337.24,phase3_no_heading_forward,337.15,100.0,1,100.0,1
337.31,phase3_no_heading_forward,337.15,100.0,1,100.0,1
337.37,phase3_no_heading_forward,337.15,100.0,1,100.0,1
337.44,phase3_no_heading_forward,337.41,100.0,1,100.0,1
337.51,phase3_no_heading_forward,337.41,100.0,1,100.0,1
337.57,phase3_no_heading_forward,337.41,100.0,1,100.0,1
337.64,phase3_no_heading_forward,337.41,100.0,1,100.0,1
337.71,phase3_no_heading_forward,337.66,100.0,1,100.0,1
337.78,phase3_no_heading_forward,337.66,100.0,1,100.0,1
337.85,phase3_no_heading_forward,337.66,100.0,1,100.0,1
337.91,phase3_no_heading_forward,337.91,100.0,1,100.0,1
337.98,phase3_no_heading_forward,337.91,100.0,1,100.0,1
338.05,phase3_no_heading_forward,337.91,100.0,1,100.0,1
338.11,phase3_no_heading_forward,337.91,100.0,1,100.0,1
338.18,phase3_no_heading_forward,338.16,100.0,1,100.0,1
338.25,phase3_no_heading_forward,338.16,100.0,1,100.0,1
338.31,phase3_no_heading_forward,338.16,100.0,1,100.0,1
338.38,phase3_no_heading_forward,338.16,100.0,1,100.0,1
338.44,phase3_no_heading_forward,338.41,100.0,1,100.0,1
338.51,phase3_no_heading_forward,338.41,100.0,1,100.0,1
338.58,phase3_no_heading_forward,338.41,100.0,1,100.0,1
338.64,phase3_no_heading_forward,338.41,100.0,1,100.0,1
338.71,phase3_no_heading_forward,338.67,100.0,1,100.0,1
338.77,phase3_no_heading_forward,338.67,100.0,1,100.0,1
338.84,phase3_no_heading_forward,338.67,100.0,1,100.0,1
338.91,phase3_no_heading_forward,338.67,100.0,1,100.0,1
338.98,phase3_no_heading_forward,338.92,100.0,1,100.0,1
339.04,phase3_no_heading_forward,338.92,100.0,1,100.0,1
339.11,phase3_no_heading_forward,338.92,100.0,1,100.0,1
339.18,phase3_no_heading_forward,339.17,100.0,1,100.0,1
339.24,phase3_no_heading_forward,339.17,100.0,1,100.0,1
339.31,phase3_no_heading_forward,339.17,100.0,1,100.0,1
339.37,phase3_no_heading_forward,339.17,100.0,1,100.0,1
339.44,phase3_no_heading_forward,339.42,100.0,1,100.0,1
339.51,phase3_no_heading_forward,339.42,100.0,1,100.0,1
339.57,phase3_no_heading_forward,339.42,100.0,1,100.0,1
339.64,phase3_no_heading_forward,339.42,100.0,1,100.0,1
339.71,phase3_no_heading_forward,339.67,100.0,1,100.0,1
339.77,phase3_no_heading_forward,339.67,100.0,1,100.0,1
339.84,phase3_no_heading_forward,339.67,100.0,1,100.0,1
339.91,phase3_no_heading_forward,339.67,100.0,1,100.0,1
339.97,phase3_no_heading_forward,339.92,100.0,1,100.0,1
340.04,phase3_no_heading_forward,339.92,100.0,1,100.0,1
340.11,phase3_no_heading_forward,339.92,100.0,1,100.0,1
340.17,phase3_no_heading_forward,339.92,100.0,1,100.0,1
340.24,phase3_no_heading_forward,340.18,100.0,1,100.0,1
340.31,phase3_no_heading_forward,340.18,100.0,1,100.0,1
340.37,phase3_no_heading_forward,340.18,100.0,1,100.0,1
340.44,phase3_no_heading_forward,340.43,100.0,1,100.0,1
340.51,phase3_no_heading_forward,340.43,100.0,1,100.0,1
340.57,phase3_no_heading_forward,340.43,100.0,1,100.0,1
340.64,phase3_no_heading_forward,340.43,100.0,1,100.0,1
340.71,phase3_no_heading_forward,340.68,100.0,1,100.0,1
340.77,phase3_no_heading_forward,340.68,100.0,1,100.0,1
340.84,phase3_no_heading_forward,340.68,100.0,1,100.0,1
340.91,phase3_no_heading_forward,340.68,100.0,1,100.0,1
340.97,phase3_no_heading_forward,340.93,100.0,1,100.0,1
341.04,phase3_no_heading_forward,340.93,100.0,1,100.0,1
341.11,phase3_no_heading_forward,340.93,100.0,1,100.0,1
341.17,phase3_no_heading_forward,340.93,100.0,1,100.0,1
341.24,phase3_no_heading_forward,341.18,100.0,1,100.0,1
341.31,phase3_no_heading_forward,341.18,100.0,1,100.0,1
341.38,phase3_no_heading_forward,341.18,100.0,1,100.0,1
341.44,phase3_no_heading_forward,341.44,100.0,1,100.0,1
341.51,phase3_no_heading_forward,341.44,100.0,1,100.0,1
341.58,phase3_no_heading_forward,341.44,100.0,1,100.0,1
341.64,phase3_no_heading_forward,341.44,100.0,1,100.0,1
341.71,phase3_no_heading_forward,341.69,100.0,1,100.0,1
341.78,phase3_no_heading_forward,341.69,100.0,1,100.0,1
341.84,phase3_no_heading_forward,341.69,100.0,1,100.0,1
341.91,phase3_no_heading_forward,341.69,100.0,1,100.0,1
341.98,phase3_no_heading_forward,341.94,100.0,1,100.0,1
342.04,phase3_no_heading_forward,341.94,100.0,1,100.0,1
342.11,phase3_no_heading_forward,341.94,100.0,1,100.0,1
342.18,phase3_no_heading_forward,341.94,100.0,1,100.0,1
342.24,phase3_no_heading_forward,342.19,100.0,1,100.0,1
342.31,phase3_no_heading_forward,342.19,100.0,1,100.0,1
342.38,phase3_no_heading_forward,342.19,100.0,1,100.0,1
342.44,phase3_no_heading_forward,342.44,100.0,1,100.0,1
342.51,phase3_no_heading_forward,342.44,100.0,1,100.0,1
342.58,phase3_no_heading_forward,342.44,100.0,1,100.0,1
342.65,phase3_no_heading_forward,342.44,100.0,1,100.0,1
342.71,phase3_no_heading_forward,342.7,100.0,1,100.0,1
342.78,phase3_no_heading_forward,342.7,100.0,1,100.0,1
342.85,phase3_no_heading_forward,342.7,100.0,1,100.0,1
342.91,phase3_no_heading_forward,342.7,100.0,1,100.0,1
342.98,phase3_no_heading_forward,342.95,100.0,1,100.0,1
343.05,phase3_no_heading_forward,342.95,100.0,1,100.0,1
343.12,phase3_no_heading_forward,342.95,100.0,1,100.0,1
343.18,phase3_no_heading_forward,342.95,100.0,1,100.0,1
343.25,phase3_no_heading_forward,343.2,100.0,1,100.0,1
343.32,phase3_no_heading_forward,343.2,100.0,1,100.0,1
343.38,phase3_no_heading_forward,343.2,100.0,1,100.0,1
343.45,phase3_no_heading_forward,343.2,100.0,1,100.0,1
343.52,phase3_no_heading_forward,343.45,100.0,1,100.0,1
343.58,phase3_no_heading_forward,343.45,100.0,1,100.0,1
343.65,phase3_no_heading_forward,343.45,100.0,1,100.0,1
343.72,phase3_no_heading_forward,343.7,100.0,1,100.0,1
343.79,phase3_no_heading_forward,343.7,100.0,1,100.0,1
343.85,phase3_no_heading_forward,343.7,100.0,1,100.0,1
343.92,phase3_no_heading_forward,343.7,100.0,1,100.0,1
343.99,phase3_no_heading_forward,343.96,100.0,1,100.0,1
344.05,phase3_no_heading_forward,343.96,100.0,1,100.0,1
344.12,phase3_no_heading_forward,343.96,100.0,1,100.0,1
344.19,phase3_no_heading_forward,343.96,100.0,1,100.0,1
344.25,phase3_no_heading_forward,344.21,100.0,1,100.0,1
344.33,phase3_no_heading_forward,344.21,100.0,1,100.0,1
344.39,phase3_no_heading_forward,344.21,100.0,1,100.0,1
344.46,phase3_no_heading_forward,344.46,100.0,1,100.0,1
344.53,phase3_no_heading_forward,344.46,100.0,1,100.0,1
344.59,phase3_no_heading_forward,344.46,100.0,1,100.0,1
344.66,phase3_no_heading_forward,344.46,100.0,1,100.0,1
344.73,phase3_no_heading_forward,344.71,100.0,1,100.0,1
344.79,phase3_no_heading_forward,344.71,100.0,1,100.0,1
344.86,phase3_no_heading_forward,344.71,100.0,1,100.0,1
344.93,phase3_no_heading_forward,344.71,100.0,1,100.0,1
344.99,phase3_no_heading_forward,344.96,100.0,1,100.0,1
345.06,phase3_no_heading_forward,344.96,100.0,1,100.0,1
345.13,phase3_no_heading_forward,344.96,100.0,1,100.0,1
345.19,phase3_no_heading_forward,344.96,100.0,1,100.0,1
345.26,phase3_no_heading_forward,345.22,100.0,1,100.0,1
345.32,phase3_no_heading_forward,345.22,100.0,1,100.0,1
345.39,phase3_no_heading_forward,345.22,100.0,1,100.0,1
345.46,phase3_no_heading_forward,345.22,100.0,1,100.0,1
345.52,phase3_no_heading_forward,345.47,100.0,1,100.0,1
345.59,phase3_no_heading_forward,345.47,100.0,1,100.0,1
345.66,phase3_no_heading_forward,345.47,100.0,1,100.0,1
345.72,phase3_no_heading_forward,345.72,100.0,1,100.0,1
345.79,phase3_no_heading_forward,345.72,100.0,1,100.0,1
345.86,phase3_no_heading_forward,345.72,100.0,1,100.0,1
345.92,phase3_no_heading_forward,345.72,100.0,1,100.0,1
345.99,phase3_no_heading_forward,345.97,100.0,1,100.0,1
346.06,phase3_no_heading_forward,345.97,100.0,1,100.0,1
346.12,phase3_no_heading_forward,345.97,100.0,1,100.0,1
346.19,phase3_no_heading_forward,345.97,100.0,1,100.0,1
346.26,phase3_no_heading_forward,346.22,100.0,1,100.0,1
346.32,phase3_no_heading_forward,346.22,100.0,1,100.0,1
346.39,phase3_no_heading_forward,346.22,100.0,1,100.0,1
346.45,phase3_no_heading_forward,346.22,100.0,1,100.0,1
346.52,phase3_no_heading_forward,346.47,100.0,1,100.0,1
346.59,phase3_no_heading_forward,346.47,100.0,1,100.0,1
346.66,phase3_no_heading_forward,346.47,100.0,1,100.0,1
346.72,phase3_no_heading_forward,346.47,100.0,1,100.0,1
346.79,phase3_no_heading_forward,346.73,100.0,1,100.0,1
346.85,phase3_no_heading_forward,346.73,100.0,1,100.0,1
346.92,phase3_no_heading_forward,346.73,100.0,1,100.0,1
346.99,phase3_no_heading_forward,346.98,100.0,1,100.0,1
347.05,phase3_no_heading_forward,346.98,100.0,1,100.0,1
347.12,phase3_no_heading_forward,346.98,100.0,1,100.0,1
347.19,phase3_no_heading_forward,346.98,100.0,1,100.0,1
347.25,phase3_no_heading_forward,347.23,100.0,1,100.0,1
347.32,phase3_no_heading_forward,347.23,100.0,1,100.0,1
347.39,phase3_no_heading_forward,347.23,100.0,1,100.0,1
347.45,phase3_no_heading_forward,347.23,100.0,1,100.0,1
347.52,phase3_no_heading_forward,347.48,100.0,1,100.0,1
347.59,phase3_no_heading_forward,347.48,100.0,1,100.0,1
347.66,phase3_no_heading_forward,347.48,100.0,1,100.0,1
347.72,phase3_no_heading_forward,347.48,100.0,1,100.0,1
347.79,phase3_no_heading_forward,347.73,100.0,1,100.0,1
347.86,phase3_no_heading_forward,347.73,100.0,1,100.0,1
347.92,phase3_no_heading_forward,347.73,100.0,1,100.0,1
347.99,phase3_no_heading_forward,347.99,100.0,1,100.0,1
348.05,phase3_no_heading_forward,347.99,100.0,1,100.0,1
348.12,phase3_no_heading_forward,347.99,100.0,1,100.0,1
348.19,phase3_no_heading_forward,347.99,100.0,1,100.0,1
348.25,phase3_no_heading_forward,348.24,100.0,1,100.0,1
348.32,phase3_no_heading_forward,348.24,100.0,1,100.0,1
348.39,phase3_no_heading_forward,348.24,100.0,1,100.0,1
348.45,phase3_no_heading_forward,348.24,100.0,1,100.0,1
348.52,phase3_no_heading_forward,348.49,100.0,1,100.0,1
348.59,phase3_no_heading_forward,348.49,100.0,1,100.0,1
348.66,phase3_no_heading_forward,348.49,100.0,1,100.0,1
348.72,phase3_no_heading_forward,348.49,100.0,1,100.0,1
348.79,phase3_no_heading_forward,348.74,100.0,1,100.0,1
348.86,phase3_no_heading_forward,348.74,100.0,1,100.0,1
348.92,phase3_no_heading_forward,348.74,100.0,1,100.0,1
348.99,phase3_no_heading_forward,348.74,100.0,1,100.0,1
349.06,phase3_no_heading_forward,348.99,100.0,1,100.0,1
349.13,phase3_no_heading_forward,348.99,100.0,1,100.0,1
349.19,phase3_no_heading_forward,348.99,100.0,1,100.0,1
349.26,phase3_no_heading_forward,349.24,100.0,1,100.0,1
349.33,phase3_no_heading_forward,349.24,100.0,1,100.0,1
349.39,phase3_no_heading_forward,349.24,100.0,1,100.0,1
349.46,phase3_no_heading_forward,349.24,100.0,1,100.0,1
349.53,phase3_no_heading_forward,349.5,100.0,1,100.0,1
349.59,phase3_no_heading_forward,349.5,100.0,1,100.0,1
349.66,phase3_no_heading_forward,349.5,100.0,1,100.0,1
349.73,phase3_no_heading_forward,349.5,100.0,1,100.0,1
349.79,phase3_no_heading_forward,349.75,100.0,1,100.0,1
349.86,phase3_no_heading_forward,349.75,100.0,1,100.0,1
349.93,phase3_no_heading_forward,349.75,100.0,1,100.0,1
350.0,phase3_no_heading_forward,349.75,100.0,1,100.0,1
350.06,phase3_no_heading_forward,350.0,100.0,1,100.0,1
350.13,phase3_no_heading_forward,350.0,100.0,1,100.0,1
350.2,phase3_no_heading_forward,350.0,100.0,1,100.0,1
350.26,phase3_no_heading_forward,350.25,100.0,1,100.0,1
350.33,phase3_no_heading_forward,350.25,100.0,1,100.0,1
350.4,phase3_no_heading_forward,350.25,100.0,1,100.0,1
350.47,phase3_no_heading_forward,350.25,100.0,1,100.0,1
350.53,phase3_no_heading_forward,350.5,100.0,1,100.0,1
350.6,phase3_no_heading_forward,350.5,100.0,1,100.0,1
350.67,phase3_no_heading_forward,350.5,100.0,1,100.0,1
350.73,phase3_no_heading_forward,350.5,100.0,1,100.0,1
350.8,phase3_no_heading_forward,350.75,100.0,1,100.0,1
350.87,phase3_no_heading_forward,350.75,100.0,1,100.0,1
350.93,phase3_no_heading_forward,350.75,100.0,1,100.0,1
351.01,phase3_no_heading_forward,351.01,100.0,1,100.0,1
351.07,phase3_no_heading_forward,351.01,100.0,1,100.0,1
351.14,phase3_no_heading_forward,351.01,100.0,1,100.0,1
351.21,phase3_no_heading_forward,351.01,100.0,1,100.0,1
351.27,phase3_no_heading_forward,351.26,100.0,1,100.0,1
351.34,phase3_no_heading_forward,351.26,100.0,1,100.0,1
351.4,phase3_no_heading_forward,351.26,100.0,1,100.0,1
351.47,phase3_no_heading_forward,351.26,100.0,1,100.0,1
351.54,phase3_no_heading_forward,351.51,100.0,1,100.0,1
351.6,phase3_no_heading_forward,351.51,100.0,1,100.0,1
351.67,phase3_no_heading_forward,351.51,100.0,1,100.0,1
351.74,phase3_no_heading_forward,351.51,100.0,1,100.0,1
351.8,phase3_no_heading_forward,351.76,100.0,1,100.0,1
351.87,phase3_no_heading_forward,351.76,100.0,1,100.0,1
351.94,phase3_no_heading_forward,351.76,100.0,1,100.0,1
352.0,phase3_no_heading_forward,351.76,100.0,1,100.0,1
352.07,phase3_no_heading_forward,352.01,100.0,1,100.0,1
352.13,phase3_no_heading_forward,352.01,100.0,1,100.0,1
352.2,phase3_no_heading_forward,352.01,100.0,1,100.0,1
352.27,phase3_no_heading_forward,352.27,100.0,1,100.0,1
352.33,phase3_no_heading_forward,352.27,100.0,1,100.0,1
352.4,phase3_no_heading_forward,352.27,100.0,1,100.0,1
352.47,phase3_no_heading_forward,352.27,100.0,1,100.0,1
352.54,phase3_no_heading_forward,352.52,100.0,1,100.0,1
352.6,phase3_no_heading_forward,352.52,100.0,1,100.0,1
352.67,phase3_no_heading_forward,352.52,100.0,1,100.0,1
352.74,phase3_no_heading_forward,352.52,100.0,1,100.0,1
352.8,phase3_no_heading_forward,352.77,100.0,1,100.0,1
352.87,phase3_no_heading_forward,352.77,100.0,1,100.0,1
352.93,phase3_no_heading_forward,352.77,100.0,1,100.0,1
353.0,phase3_no_heading_forward,352.77,100.0,1,100.0,1
353.07,phase3_no_heading_forward,353.02,100.0,1,100.0,1
353.13,phase3_no_heading_forward,353.02,100.0,1,100.0,1
353.2,phase3_no_heading_forward,353.02,100.0,1,100.0,1
353.27,phase3_no_heading_forward,353.02,100.0,1,100.0,1
353.35,phase3_no_heading_forward,353.27,100.0,1,100.0,1
353.41,phase3_no_heading_forward,353.27,100.0,1,100.0,1
353.48,phase3_no_heading_forward,353.27,100.0,1,100.0,1
353.55,phase3_no_heading_forward,353.53,100.0,1,100.0,1
353.61,phase3_no_heading_forward,353.53,100.0,1,100.0,1
353.68,phase3_no_heading_forward,353.53,100.0,1,100.0,1
353.74,phase3_no_heading_forward,353.53,100.0,1,100.0,1
353.81,phase3_no_heading_forward,353.78,100.0,1,100.0,1
353.88,phase3_no_heading_forward,353.78,100.0,1,100.0,1
353.94,phase3_no_heading_forward,353.78,100.0,1,100.0,1
354.01,phase3_no_heading_forward,353.78,100.0,1,100.0,1
354.08,phase3_no_heading_forward,354.03,100.0,1,100.0,1
354.14,phase3_no_heading_forward,354.03,100.0,1,100.0,1
354.21,phase3_no_heading_forward,354.03,100.0,1,100.0,1
354.28,phase3_no_heading_forward,354.03,100.0,1,100.0,1
354.34,phase3_no_heading_forward,354.28,100.0,1,100.0,1
354.41,phase3_no_heading_forward,354.28,100.0,1,100.0,1
354.47,phase3_no_heading_forward,354.28,100.0,1,100.0,1
354.54,phase3_no_heading_forward,354.53,100.0,1,100.0,1
354.61,phase3_no_heading_forward,354.53,100.0,1,100.0,1
354.67,phase3_no_heading_forward,354.53,100.0,1,100.0,1
354.74,phase3_no_heading_forward,354.53,100.0,1,100.0,1
354.81,phase3_no_heading_forward,354.79,100.0,1,100.0,1
354.87,phase3_no_heading_forward,354.79,100.0,1,100.0,1
354.94,phase3_no_heading_forward,354.79,100.0,1,100.0,1
355.01,phase3_no_heading_forward,354.79,100.0,1,100.0,1
355.07,phase3_no_heading_forward,355.04,100.0,1,100.0,1
355.14,phase3_no_heading_forward,355.04,100.0,1,100.0,1
355.2,phase3_no_heading_forward,355.04,100.0,1,100.0,1
355.27,phase3_no_heading_forward,355.04,100.0,1,100.0,1
355.34,phase3_no_heading_forward,355.29,100.0,1,100.0,1
355.41,phase3_no_heading_forward,355.29,100.0,1,100.0,1
355.47,phase3_no_heading_forward,355.29,100.0,1,100.0,1
355.54,phase3_no_heading_forward,355.29,100.0,1,100.0,1
355.6,phase3_no_heading_forward,355.54,100.0,1,100.0,1
355.67,phase3_no_heading_forward,355.54,100.0,1,100.0,1
355.74,phase3_no_heading_forward,355.54,100.0,1,100.0,1
355.8,phase3_no_heading_forward,355.79,100.0,1,100.0,1
355.87,phase3_no_heading_forward,355.79,100.0,1,100.0,1
355.94,phase3_no_heading_forward,355.79,100.0,1,100.0,1
356.0,phase3_no_heading_forward,355.79,100.0,1,100.0,1
356.07,phase3_no_heading_forward,356.04,100.0,1,100.0,1
356.14,phase3_no_heading_forward,356.04,100.0,1,100.0,1
356.2,phase3_no_heading_forward,356.04,100.0,1,100.0,1
356.27,phase3_no_heading_forward,356.04,100.0,1,100.0,1
356.34,phase3_no_heading_forward,356.3,100.0,1,100.0,1
356.4,phase3_no_heading_forward,356.3,100.0,1,100.0,1
356.47,phase3_no_heading_forward,356.3,100.0,1,100.0,1
356.54,phase3_no_heading_forward,356.3,100.0,1,100.0,1
356.6,phase3_no_heading_forward,356.55,100.0,1,100.0,1
356.67,phase3_no_heading_forward,356.55,100.0,1,100.0,1
356.74,phase3_no_heading_forward,356.55,100.0,1,100.0,1
356.8,phase3_no_heading_forward,356.8,100.0,1,100.0,1
356.87,phase3_no_heading_forward,356.8,100.0,1,100.0,1
356.94,phase3_no_heading_forward,356.8,100.0,1,100.0,1
357.0,phase3_no_heading_forward,356.8,100.0,1,100.0,1
357.07,phase3_no_heading_forward,357.05,100.0,1,100.0,1
357.14,phase3_no_heading_forward,357.05,100.0,1,100.0,1
357.2,phase3_no_heading_forward,357.05,100.0,1,100.0,1
357.27,phase3_no_heading_forward,357.05,100.0,1,100.0,1
357.34,phase3_no_heading_forward,357.3,100.0,1,100.0,1
357.4,phase3_no_heading_forward,357.3,100.0,1,100.0,1
357.47,phase3_no_heading_forward,357.3,100.0,1,100.0,1
357.54,phase3_no_heading_forward,357.3,100.0,1,100.0,1
357.6,phase3_no_heading_forward,357.56,100.0,1,100.0,1
357.67,phase3_no_heading_forward,357.56,100.0,1,100.0,1
357.74,phase3_no_heading_forward,357.56,100.0,1,100.0,1
357.8,phase3_no_heading_forward,357.56,100.0,1,100.0,1
357.87,phase3_no_heading_forward,357.81,100.0,1,100.0,1
357.94,phase3_no_heading_forward,357.81,100.0,1,100.0,1
358.0,phase3_no_heading_forward,357.81,100.0,1,100.0,1
358.07,phase3_no_heading_forward,358.06,100.0,1,100.0,1
358.14,phase3_no_heading_forward,358.06,100.0,1,100.0,1
358.2,phase3_no_heading_forward,358.06,100.0,1,100.0,1
358.27,phase3_no_heading_forward,358.06,100.0,1,100.0,1
358.34,phase3_no_heading_forward,358.31,100.0,1,100.0,1
358.41,phase3_no_heading_forward,358.31,100.0,1,100.0,1
358.47,phase3_no_heading_forward,358.31,100.0,1,100.0,1
358.54,phase3_no_heading_forward,358.31,100.0,1,100.0,1
358.61,phase3_no_heading_forward,358.56,100.0,1,100.0,1
358.67,phase3_no_heading_forward,358.56,100.0,1,100.0,1
358.74,phase3_gps_turn,358.72,83.12,1,71.88,1
358.81,phase3_gps_turn,358.72,83.12,1,71.88,1
358.87,phase3_gps_turn,358.87,83.12,1,71.88,1
358.94,phase3_gps_turn,358.87,83.12,1,71.88,1
359.01,phase3_gps_turn,358.87,83.12,1,71.88,1
359.07,phase3_gps_turn,359.02,83.12,1,71.88,1
359.14,phase3_gps_turn,359.02,83.12,1,71.88,1
359.21,phase3_gps_turn,359.17,83.12,1,71.88,1
359.28,phase3_gps_turn,359.17,83.12,1,71.88,1
359.34,phase3_gps_turn,359.32,83.12,1,71.88,1
359.41,phase3_gps_turn,359.32,83.12,1,71.88,1
359.48,phase3_gps_turn,359.47,83.12,1,71.88,1
359.54,phase3_gps_turn,359.47,83.12,1,71.88,1
359.61,phase3_gps_turn,359.47,83.12,1,71.88,1
359.68,phase3_gps_turn,359.62,83.12,1,71.88,1
359.75,phase3_gps_turn,359.62,83.12,1,71.88,1
359.81,phase3_gps_turn,359.77,83.12,1,71.88,1
359.88,phase3_gps_turn,359.77,83.12,1,71.88,1
359.95,phase3_gps_turn,359.93,83.12,1,71.88,1
360.02,phase3_gps_turn,359.93,83.12,1,71.88,1
360.09,phase3_gps_turn,360.08,83.12,1,71.88,1
360.15,phase3_gps_turn,360.08,83.12,1,71.88,1
360.22,phase3_gps_turn,360.08,83.12,1,71.88,1
360.29,phase3_gps_turn,360.23,83.12,1,71.88,1
360.35,phase3_gps_turn,360.23,83.12,1,71.88,1
360.42,phase3_gps_turn,360.38,83.12,1,71.88,1
360.49,phase3_gps_turn,360.38,83.12,1,71.88,1
360.55,phase3_gps_turn,360.53,83.12,1,71.88,1
360.62,phase3_gps_turn,360.53,83.12,1,71.88,1
360.69,phase3_gps_turn,360.68,83.12,1,71.88,1
360.75,phase3_gps_turn,360.68,83.12,1,71.88,1
360.82,phase3_gps_turn,360.68,83.12,1,71.88,1
360.89,phase3_gps_turn,360.83,83.12,1,71.88,1
360.95,phase3_gps_turn,360.83,83.12,1,71.88,1
361.02,phase3_gps_turn,360.99,83.12,1,71.88,1
361.08,phase3_gps_turn,360.99,83.12,1,71.88,1
361.15,phase3_gps_turn,361.14,83.12,1,71.88,1
361.22,phase3_gps_turn,361.14,83.12,1,71.88,1
361.28,phase3_gps_turn,361.14,83.12,1,71.88,1
361.35,phase3_gps_turn,361.29,83.12,1,71.88,1
361.42,phase3_gps_turn,361.29,83.12,1,71.88,1
361.48,phase3_gps_turn,361.44,83.12,1,71.88,1
361.55,phase3_gps_turn,361.44,83.12,1,71.88,1
361.62,phase3_gps_turn,361.59,83.12,1,71.88,1
361.68,phase3_gps_turn,361.59,83.12,1,71.88,1
361.75,phase3_gps_turn,361.74,83.12,1,71.88,1
361.82,phase3_gps_turn,361.74,83.12,1,71.88,1
361.88,phase3_gps_turn,361.74,83.12,1,71.88,1
361.95,phase3_gps_turn,361.89,83.12,1,71.88,1
362.01,phase3_gps_turn,361.89,83.12,1,71.88,1
362.08,phase3_gps_turn,362.05,83.12,1,71.88,1
362.15,phase3_gps_turn,362.05,83.12,1,71.88,1
362.21,phase3_gps_turn,362.2,83.12,1,71.88,1
362.28,phase3_gps_turn,362.2,83.12,1,71.88,1
362.35,phase3_gps_turn,362.2,83.12,1,71.88,1
362.41,phase3_gps_turn,362.35,83.12,1,71.88,1
362.48,phase3_gps_turn,362.35,83.12,1,71.88,1
362.55,phase3_gps_turn,362.5,83.12,1,71.88,1
362.61,phase3_gps_turn,362.5,83.12,1,71.88,1
362.68,phase3_gps_turn,362.65,83.12,1,71.88,1
362.75,phase3_gps_turn,362.65,83.12,1,71.88,1
362.81,phase3_gps_turn,362.8,83.12,1,71.88,1
362.88,phase3_gps_turn,362.8,83.12,1,71.88,1
362.95,phase3_gps_turn,362.8,83.12,1,71.88,1
363.01,phase3_gps_turn,362.95,83.12,1,71.88,1
363.08,phase3_gps_turn,362.95,83.12,1,71.88,1
363.15,phase3_gps_turn,363.1,83.12,1,71.88,1
363.21,phase3_gps_turn,363.1,83.12,1,71.88,1
363.28,phase3_gps_turn,363.26,83.12,1,71.88,1
363.35,phase3_gps_turn,363.26,83.12,1,71.88,1
363.41,phase3_gps_turn,363.41,83.12,1,71.88,1
363.48,phase3_gps_turn,363.41,83.12,1,71.88,1
363.55,phase3_gps_turn,363.41,83.12,1,71.88,1
363.61,phase3_gps_turn,363.56,83.12,1,71.88,1
363.68,phase3_gps_turn,363.56,83.12,1,71.88,1
363.75,phase3_gps_turn,363.71,83.12,1,71.88,1
363.81,phase3_gps_turn,363.71,83.12,1,71.88,1
363.88,phase3_gps_turn,363.86,83.12,1,71.88,1
363.94,phase3_gps_turn,363.86,83.12,1,71.88,1
364.01,phase3_gps_turn,363.86,83.12,1,71.88,1
364.08,phase3_gps_turn,364.01,83.12,1,71.88,1
364.15,phase3_gps_turn,364.01,83.12,1,71.88,1
364.21,phase3_gps_turn,364.16,83.12,1,71.88,1
364.28,phase3_gps_turn,364.16,83.12,1,71.88,1
364.35,phase3_gps_turn,364.31,83.12,1,71.88,1
364.41,phase3_gps_turn,364.31,83.12,1,71.88,1
364.48,phase3_gps_turn,364.47,83.12,1,71.88,1
364.55,phase3_gps_turn,364.47,83.12,1,71.88,1
364.61,phase3_gps_turn,364.47,83.12,1,71.88,1
364.68,phase3_gps_turn,364.62,83.12,1,71.88,1
364.75,phase3_gps_turn,364.62,83.12,1,71.88,1
364.81,phase3_gps_turn,364.77,83.12,1,71.88,1
364.88,phase3_gps_turn,364.77,83.12,1,71.88,1
364.95,phase3_gps_turn,364.92,83.12,1,71.88,1
365.01,phase3_gps_turn,364.92,83.12,1,71.88,1
365.08,phase3_gps_turn,365.07,83.12,1,71.88,1
365.15,phase3_gps_turn,365.07,83.12,1,71.88,1
365.22,phase3_gps_turn,365.07,83.12,1,71.88,1
365.28,phase3_gps_turn,365.22,83.12,1,71.88,1
365.35,phase3_gps_turn,365.22,83.12,1,71.88,1
365.42,phase3_gps_turn,365.37,83.12,1,71.88,1
365.48,phase3_gps_turn,365.37,83.12,1,71.88,1
365.55,phase3_gps_turn,365.53,83.12,1,71.88,1
365.62,phase3_gps_turn,365.53,83.12,1,71.88,1
365.68,phase3_gps_turn,365.68,83.12,1,71.88,1
365.75,phase3_gps_turn,365.68,83.12,1,71.88,1
365.82,phase3_gps_turn,365.68,83.12,1,71.88,1
365.89,phase3_gps_turn,365.83,83.12,1,71.88,1
365.95,phase3_gps_turn,365.83,83.12,1,71.88,1
366.02,phase3_gps_turn,365.98,83.12,1,71.88,1
366.09,phase3_gps_turn,365.98,83.12,1,71.88,1
366.15,phase3_gps_turn,366.13,83.12,1,71.88,1
366.22,phase3_gps_turn,366.13,83.12,1,71.88,1
366.29,phase3_gps_turn,366.28,83.12,1,71.88,1
366.35,phase3_gps_turn,366.28,83.12,1,71.88,1
366.42,phase3_gps_turn,366.28,83.12,1,71.88,1
366.49,phase3_gps_turn,366.43,83.12,1,71.88,1
366.55,phase3_gps_turn,366.43,83.12,1,71.88,1
366.62,phase3_gps_turn,366.43,83.12,1,71.88,1
366.69,phase3_no_heading_forward,366.68,100.0,1,100.0,1
366.76,phase3_no_heading_forward,366.68,100.0,1,100.0,1
366.83,phase3_no_heading_forward,366.68,100.0,1,100.0,1
366.89,phase3_no_heading_forward,366.68,100.0,1,100.0,1
366.96,phase3_no_heading_forward,366.94,100.0,1,100.0,1
367.03,phase3_no_heading_forward,366.94,100.0,1,100.0,1
367.09,phase3_no_heading_forward,366.94,100.0,1,100.0,1
367.16,phase3_no_heading_forward,366.94,100.0,1,100.0,1
367.23,phase3_no_heading_forward,367.19,100.0,1,100.0,1
367.29,phase3_no_heading_forward,367.19,100.0,1,100.0,1
367.36,phase3_no_heading_forward,367.19,100.0,1,100.0,1
367.42,phase3_no_heading_forward,367.19,100.0,1,100.0,1
367.49,phase3_no_heading_forward,367.44,100.0,1,100.0,1
367.56,phase3_no_heading_forward,367.44,100.0,1,100.0,1
367.62,phase3_no_heading_forward,367.44,100.0,1,100.0,1
367.69,phase3_no_heading_forward,367.44,100.0,1,100.0,1
367.76,phase3_no_heading_forward,367.69,100.0,1,100.0,1
367.82,phase3_no_heading_forward,367.69,100.0,1,100.0,1
367.89,phase3_no_heading_forward,367.69,100.0,1,100.0,1
367.95,phase3_no_heading_forward,367.94,100.0,1,100.0,1
368.02,phase3_no_heading_forward,367.94,100.0,1,100.0,1
368.09,phase3_no_heading_forward,367.94,100.0,1,100.0,1
368.15,phase3_no_heading_forward,367.94,100.0,1,100.0,1
368.22,phase3_no_heading_forward,368.2,100.0,1,100.0,1
368.29,phase3_no_heading_forward,368.2,100.0,1,100.0,1
368.35,phase3_no_heading_forward,368.2,100.0,1,100.0,1
368.42,phase3_no_heading_forward,368.2,100.0,1,100.0,1
368.49,phase3_no_heading_forward,368.45,100.0,1,100.0,1
368.55,phase3_no_heading_forward,368.45,100.0,1,100.0,1
368.62,phase3_no_heading_forward,368.45,100.0,1,100.0,1
368.69,phase3_no_heading_forward,368.45,100.0,1,100.0,1
368.75,phase3_no_heading_forward,368.7,100.0,1,100.0,1
368.82,phase3_no_heading_forward,368.7,100.0,1,100.0,1
368.89,phase3_no_heading_forward,368.7,100.0,1,100.0,1
368.95,phase3_no_heading_forward,368.95,100.0,1,100.0,1
369.02,phase3_no_heading_forward,368.95,100.0,1,100.0,1
369.09,phase3_no_heading_forward,368.95,100.0,1,100.0,1
369.15,phase3_no_heading_forward,368.95,100.0,1,100.0,1
369.22,phase3_no_heading_forward,369.2,100.0,1,100.0,1
369.29,phase3_no_heading_forward,369.2,100.0,1,100.0,1
369.35,phase3_no_heading_forward,369.2,100.0,1,100.0,1
369.42,phase3_no_heading_forward,369.2,100.0,1,100.0,1
369.49,phase3_no_heading_forward,369.45,100.0,1,100.0,1
369.55,phase3_no_heading_forward,369.45,100.0,1,100.0,1
369.62,phase3_no_heading_forward,369.45,100.0,1,100.0,1
369.69,phase3_no_heading_forward,369.45,100.0,1,100.0,1
369.75,phase3_no_heading_forward,369.71,100.0,1,100.0,1
369.82,phase3_no_heading_forward,369.71,100.0,1,100.0,1
369.89,phase3_no_heading_forward,369.71,100.0,1,100.0,1
369.95,phase3_no_heading_forward,369.71,100.0,1,100.0,1
370.02,phase3_no_heading_forward,369.96,100.0,1,100.0,1
370.09,phase3_no_heading_forward,369.96,100.0,1,100.0,1
370.15,phase3_no_heading_forward,369.96,100.0,1,100.0,1
370.22,phase3_no_heading_forward,370.21,100.0,1,100.0,1
370.29,phase3_no_heading_forward,370.21,100.0,1,100.0,1
370.35,phase3_no_heading_forward,370.21,100.0,1,100.0,1
370.42,phase3_no_heading_forward,370.21,100.0,1,100.0,1
370.49,phase3_no_heading_forward,370.46,100.0,1,100.0,1
370.55,phase3_no_heading_forward,370.46,100.0,1,100.0,1
370.62,phase3_gps_turn,370.61,71.88,1,83.12,1
370.68,phase3_gps_turn,370.61,71.88,1,83.12,1
370.75,phase3_gps_turn,370.61,71.88,1,83.12,1
370.82,phase3_gps_turn,370.76,71.88,1,83.12,1
370.88,phase3_gps_turn,370.76,71.88,1,83.12,1
370.95,phase3_gps_turn,370.92,71.88,1,83.12,1
371.02,phase3_gps_turn,370.92,71.88,1,83.12,1
371.09,phase3_gps_turn,371.07,71.88,1,83.12,1
371.15,phase3_gps_turn,371.07,71.88,1,83.12,1
371.22,phase3_gps_turn,371.22,71.88,1,83.12,1
371.29,phase3_gps_turn,371.22,71.88,1,83.12,1
371.35,phase3_gps_turn,371.22,71.88,1,83.12,1
371.42,phase3_gps_turn,371.37,71.88,1,83.12,1
371.49,phase3_gps_turn,371.37,71.88,1,83.12,1
371.55,phase3_gps_turn,371.52,71.88,1,83.12,1
371.62,phase3_gps_turn,371.52,71.88,1,83.12,1
371.69,phase3_gps_turn,371.67,71.88,1,83.12,1
371.75,phase3_gps_turn,371.67,71.88,1,83.12,1
371.82,phase3_gps_turn,371.67,71.88,1,83.12,1
371.89,phase3_gps_turn,371.82,71.88,1,83.12,1
371.95,phase3_gps_turn,371.82,71.88,1,83.12,1
372.02,phase3_gps_turn,371.98,71.88,1,83.12,1
372.09,phase3_gps_turn,371.98,71.88,1,83.12,1
372.16,phase3_gps_turn,372.13,71.88,1,83.12,1
372.22,phase3_gps_turn,372.13,71.88,1,83.12,1
372.29,phase3_gps_turn,372.28,71.88,1,83.12,1
372.36,phase3_gps_turn,372.28,71.88,1,83.12,1
372.42,phase3_gps_turn,372.28,71.88,1,83.12,1
372.49,phase3_gps_turn,372.43,71.88,1,83.12,1
372.56,phase3_gps_turn,372.43,71.88,1,83.12,1
372.62,phase3_gps_turn,372.58,71.88,1,83.12,1
372.69,phase3_gps_turn,372.58,71.88,1,83.12,1
372.76,phase3_gps_turn,372.73,71.88,1,83.12,1
372.82,phase3_gps_turn,372.73,71.88,1,83.12,1
372.89,phase3_gps_turn,372.88,71.88,1,83.12,1
372.96,phase3_gps_turn,372.88,71.88,1,83.12,1
373.03,phase3_gps_turn,372.88,71.88,1,83.12,1
373.09,phase3_gps_turn,373.03,71.88,1,83.12,1
373.16,phase3_gps_turn,373.03,71.88,1,83.12,1
373.23,phase3_gps_turn,373.19,71.88,1,83.12,1
373.29,phase3_gps_turn,373.19,71.88,1,83.12,1
373.36,phase3_gps_turn,373.34,71.88,1,83.12,1
373.44,phase3_gps_turn,373.34,71.88,1,83.12,1
373.5,phase3_gps_turn,373.49,71.88,1,83.12,1
373.57,phase3_gps_turn,373.49,71.88,1,83.12,1
373.63,phase3_gps_turn,373.49,71.88,1,83.12,1
373.7,phase3_gps_turn,373.64,71.88,1,83.12,1
373.77,phase3_gps_turn,373.64,71.88,1,83.12,1
373.83,phase3_gps_turn,373.79,71.88,1,83.12,1
373.9,phase3_gps_turn,373.79,71.88,1,83.12,1
373.96,phase3_gps_turn,373.94,71.88,1,83.12,1
374.03,phase3_gps_turn,373.94,71.88,1,83.12,1
374.1,phase3_gps_turn,374.09,71.88,1,83.12,1
374.16,phase3_gps_turn,374.09,71.88,1,83.12,1
374.23,phase3_gps_turn,374.09,71.88,1,83.12,1
374.3,phase3_gps_turn,374.25,71.88,1,83.12,1
374.36,phase3_gps_turn,374.25,71.88,1,83.12,1
374.43,phase3_gps_turn,374.4,71.88,1,83.12,1
374.5,phase3_gps_turn,374.4,71.88,1,83.12,1
374.56,phase3_gps_turn,374.55,71.88,1,83.12,1
374.63,phase3_gps_turn,374.55,71.88,1,83.12,1
374.7,phase3_gps_turn,374.55,71.88,1,83.12,1
374.76,phase3_gps_turn,374.7,71.88,1,83.12,1
374.83,phase3_gps_turn,374.7,71.88,1,83.12,1
374.89,phase3_gps_turn,374.85,71.88,1,83.12,1
374.96,phase3_gps_turn,374.85,71.88,1,83.12,1
375.03,phase3_gps_turn,375.0,71.88,1,83.12,1
375.09,phase3_gps_turn,375.0,71.88,1,83.12,1
375.16,phase3_gps_turn,375.15,71.88,1,83.12,1
375.23,phase3_gps_turn,375.15,71.88,1,83.12,1
375.29,phase3_gps_turn,375.15,71.88,1,83.12,1
375.36,phase3_gps_turn,375.3,71.88,1,83.12,1
375.43,phase3_gps_turn,375.3,71.88,1,83.12,1
375.49,phase3_gps_turn,375.46,71.88,1,83.12,1
375.56,phase3_gps_turn,375.46,71.88,1,83.12,1
375.63,phase3_gps_turn,375.61,83.12,1,71.88,1
375.69,phase3_gps_turn,375.61,83.12,1,71.88,1
375.76,phase3_gps_turn,375.61,83.12,1,71.88,1
375.82,phase3_gps_turn,375.76,83.12,1,71.88,1
375.89,phase3_gps_turn,375.76,83.12,1,71.88,1
375.96,phase3_gps_turn,375.91,83.12,1,71.88,1
376.02,phase3_gps_turn,375.91,83.12,1,71.88,1
376.09,phase3_gps_turn,376.06,83.12,1,71.88,1
376.16,phase3_gps_turn,376.06,83.12,1,71.88,1
376.22,phase3_gps_turn,376.21,83.12,1,71.88,1
376.29,phase3_gps_turn,376.21,83.12,1,71.88,1
376.36,phase3_gps_turn,376.21,83.12,1,71.88,1
376.42,phase3_gps_turn,376.36,83.12,1,71.88,1
376.49,phase3_gps_turn,376.36,83.12,1,71.88,1
376.56,phase3_gps_turn,376.52,83.12,1,71.88,1
376.62,phase3_gps_turn,376.52,83.12,1,71.88,1
376.69,phase3_gps_turn,376.67,83.12,1,71.88,1
376.76,phase3_gps_turn,376.67,83.12,1,71.88,1
376.82,phase3_gps_turn,376.82,83.12,1,71.88,1
376.89,phase3_gps_turn,376.82,83.12,1,71.88,1
376.96,phase3_gps_turn,376.82,83.12,1,71.88,1
377.02,phase3_gps_turn,376.97,83.12,1,71.88,1
377.09,phase3_gps_turn,376.97,83.12,1,71.88,1
377.16,phase3_gps_turn,377.12,83.12,1,71.88,1
377.22,phase3_gps_turn,377.12,83.12,1,71.88,1
377.29,phase3_gps_turn,377.27,83.12,1,71.88,1
377.36,phase3_gps_turn,377.27,83.12,1,71.88,1
377.42,phase3_gps_turn,377.27,83.12,1,71.88,1
377.49,phase3_gps_turn,377.42,83.12,1,71.88,1
377.56,phase3_gps_turn,377.42,83.12,1,71.88,1
377.62,phase3_gps_turn,377.58,83.12,1,71.88,1
377.69,phase3_gps_turn,377.58,83.12,1,71.88,1
377.76,phase3_gps_turn,377.73,83.12,1,71.88,1
377.82,phase3_gps_turn,377.73,83.12,1,71.88,1
377.89,phase3_gps_turn,377.88,83.12,1,71.88,1
377.96,phase3_gps_turn,377.88,83.12,1,71.88,1
378.02,phase3_gps_turn,377.88,83.12,1,71.88,1
378.09,phase3_gps_turn,378.03,83.12,1,71.88,1
378.16,phase3_gps_turn,378.03,83.12,1,71.88,1
378.22,phase3_gps_turn,378.18,83.12,1,71.88,1
378.29,phase3_gps_turn,378.18,83.12,1,71.88,1
378.36,phase3_gps_turn,378.33,83.12,1,71.88,1
378.42,phase3_gps_turn,378.33,83.12,1,71.88,1
378.49,phase3_gps_turn,378.48,83.12,1,71.88,1
378.56,phase3_gps_turn,378.48,83.12,1,71.88,1
378.63,phase3_gps_turn,378.48,83.12,1,71.88,1
378.69,phase3_gps_turn,378.63,83.12,1,71.88,1
378.76,phase3_gps_turn,378.63,83.12,1,71.88,1
378.83,phase3_gps_turn,378.79,83.12,1,71.88,1
378.89,phase3_gps_turn,378.79,83.12,1,71.88,1
378.96,phase3_gps_turn,378.94,83.12,1,71.88,1
379.03,phase3_gps_turn,378.94,83.12,1,71.88,1
379.1,phase3_gps_turn,379.09,83.12,1,71.88,1
379.16,phase3_gps_turn,379.09,83.12,1,71.88,1
379.23,phase3_gps_turn,379.09,83.12,1,71.88,1
379.3,phase3_gps_turn,379.24,83.12,1,71.88,1
379.36,phase3_gps_turn,379.24,83.12,1,71.88,1
379.43,phase3_gps_turn,379.39,83.12,1,71.88,1
379.5,phase3_gps_turn,379.39,83.12,1,71.88,1
379.56,phase3_gps_turn,379.54,83.12,1,71.88,1
379.63,phase3_gps_turn,379.54,83.12,1,71.88,1
379.7,phase3_gps_turn,379.69,83.12,1,71.88,1
379.76,phase3_gps_turn,379.69,83.12,1,71.88,1
379.83,phase3_gps_turn,379.69,83.12,1,71.88,1
379.9,phase3_gps_turn,379.84,83.12,1,71.88,1
379.96,phase3_gps_turn,379.84,83.12,1,71.88,1
380.03,phase3_gps_turn,380.0,83.12,1,71.88,1
380.1,phase3_gps_turn,380.0,83.12,1,71.88,1
380.17,phase3_gps_turn,380.15,83.12,1,71.88,1
380.24,phase3_gps_turn,380.15,83.12,1,71.88,1
380.31,phase3_gps_turn,380.3,83.12,1,71.88,1
380.37,phase3_gps_turn,380.3,83.12,1,71.88,1
380.44,phase3_gps_turn,380.3,83.12,1,71.88,1
380.51,phase3_gps_turn,380.45,83.12,1,71.88,1
380.57,phase3_gps_turn,380.45,83.12,1,71.88,1
380.64,phase3_gps_turn,380.6,83.12,1,71.88,1
380.71,phase3_gps_turn,380.6,83.12,1,71.88,1
380.77,phase3_gps_turn,380.75,83.12,1,71.88,1
380.84,phase3_gps_turn,380.75,83.12,1,71.88,1
380.9,phase3_gps_turn,380.75,83.12,1,71.88,1
380.97,phase3_gps_turn,380.9,83.12,1,71.88,1
381.04,phase3_gps_turn,380.9,83.12,1,71.88,1
381.1,phase3_gps_turn,381.06,83.12,1,71.88,1
381.17,phase3_gps_turn,381.06,83.12,1,71.88,1
381.24,phase3_gps_turn,381.21,83.12,1,71.88,1
381.3,phase3_gps_turn,381.21,83.12,1,71.88,1
381.37,phase3_gps_turn,381.36,83.12,1,71.88,1
381.44,phase3_gps_turn,381.36,83.12,1,71.88,1
381.5,phase3_gps_turn,381.36,83.12,1,71.88,1
381.57,phase3_gps_turn,381.51,83.12,1,71.88,1
381.63,phase3_gps_turn,381.51,83.12,1,71.88,1
381.7,phase3_gps_turn,381.66,83.12,1,71.88,1
381.77,phase3_gps_turn,381.66,83.12,1,71.88,1
381.83,phase3_gps_turn,381.81,83.12,1,71.88,1
381.9,phase3_gps_turn,381.81,83.12,1,71.88,1
381.97,phase3_gps_turn,381.96,83.12,1,71.88,1
382.03,phase3_gps_turn,381.96,83.12,1,71.88,1
382.1,phase3_gps_turn,381.96,83.12,1,71.88,1
382.17,phase3_gps_turn,382.11,83.12,1,71.88,1
382.23,phase3_gps_turn,382.11,83.12,1,71.88,1
382.3,phase3_gps_turn,382.27,83.12,1,71.88,1
382.37,phase3_gps_turn,382.27,83.12,1,71.88,1
382.43,phase3_gps_turn,382.42,83.12,1,71.88,1
382.5,phase3_gps_turn,382.42,83.12,1,71.88,1
382.57,phase3_gps_turn,382.42,83.12,1,71.88,1
382.63,phase3_gps_turn,382.57,83.12,1,71.88,1
382.7,phase3_gps_turn,382.57,83.12,1,71.88,1
382.76,phase3_gps_turn,382.72,83.12,1,71.88,1
382.83,phase3_gps_turn,382.72,83.12,1,71.88,1
382.9,phase3_gps_turn,382.87,83.12,1,71.88,1
382.96,phase3_gps_turn,382.87,83.12,1,71.88,1
383.03,phase3_gps_turn,383.02,83.12,1,71.88,1
383.1,phase3_gps_turn,383.02,83.12,1,71.88,1
383.16,phase3_gps_turn,383.02,83.12,1,71.88,1
383.23,phase3_gps_turn,383.17,83.12,1,71.88,1
383.3,phase3_gps_turn,383.17,83.12,1,71.88,1
383.36,phase3_gps_turn,383.33,83.12,1,71.88,1
383.43,phase3_gps_turn,383.33,83.12,1,71.88,1
383.49,phase3_gps_turn,383.48,83.12,1,71.88,1
383.56,phase3_gps_turn,383.48,83.12,1,71.88,1
383.63,phase3_gps_turn,383.48,83.12,1,71.88,1
383.69,phase3_gps_turn,383.48,83.12,1,71.88,1
383.76,phase3_no_heading_forward,383.73,100.0,1,100.0,1
383.83,phase3_no_heading_forward,383.73,100.0,1,100.0,1
383.89,phase3_no_heading_forward,383.73,100.0,1,100.0,1
383.96,phase3_no_heading_forward,383.73,100.0,1,100.0,1
384.03,phase3_no_heading_forward,383.98,100.0,1,100.0,1
384.09,phase3_no_heading_forward,383.98,100.0,1,100.0,1
384.16,phase3_no_heading_forward,383.98,100.0,1,100.0,1
384.23,phase3_no_heading_forward,383.98,100.0,1,100.0,1
384.29,phase3_no_heading_forward,384.23,100.0,1,100.0,1
384.36,phase3_no_heading_forward,384.23,100.0,1,100.0,1
384.43,phase3_no_heading_forward,384.23,100.0,1,100.0,1
384.49,phase3_no_heading_forward,384.48,100.0,1,100.0,1
384.56,phase3_no_heading_forward,384.48,100.0,1,100.0,1
384.63,phase3_no_heading_forward,384.48,100.0,1,100.0,1
384.69,phase3_no_heading_forward,384.48,100.0,1,100.0,1
384.76,phase3_no_heading_forward,384.74,100.0,1,100.0,1
384.83,phase3_no_heading_forward,384.74,100.0,1,100.0,1
384.9,phase3_no_heading_forward,384.74,100.0,1,100.0,1
384.96,phase3_no_heading_forward,384.74,100.0,1,100.0,1
385.03,phase3_no_heading_forward,384.99,100.0,1,100.0,1
385.1,phase3_no_heading_forward,384.99,100.0,1,100.0,1
385.16,phase3_no_heading_forward,384.99,100.0,1,100.0,1
385.23,phase3_no_heading_forward,384.99,100.0,1,100.0,1
385.3,phase3_no_heading_forward,385.24,100.0,1,100.0,1
385.36,phase3_no_heading_forward,385.24,100.0,1,100.0,1
385.43,phase3_no_heading_forward,385.24,100.0,1,100.0,1
385.5,phase3_no_heading_forward,385.49,100.0,1,100.0,1
385.56,phase3_no_heading_forward,385.49,100.0,1,100.0,1
385.63,phase3_no_heading_forward,385.49,100.0,1,100.0,1
385.7,phase3_no_heading_forward,385.49,100.0,1,100.0,1
385.76,phase3_no_heading_forward,385.74,100.0,1,100.0,1
385.83,phase3_no_heading_forward,385.74,100.0,1,100.0,1
385.9,phase3_no_heading_forward,385.74,100.0,1,100.0,1
385.96,phase3_no_heading_forward,385.74,100.0,1,100.0,1
386.03,phase3_no_heading_forward,386.0,100.0,1,100.0,1
386.1,phase3_no_heading_forward,386.0,100.0,1,100.0,1
386.16,phase3_no_heading_forward,386.0,100.0,1,100.0,1
386.23,phase3_no_heading_forward,386.0,100.0,1,100.0,1
386.3,phase3_no_heading_forward,386.25,100.0,1,100.0,1
386.36,phase3_no_heading_forward,386.25,100.0,1,100.0,1
386.43,phase3_no_heading_forward,386.25,100.0,1,100.0,1
386.5,phase3_no_heading_forward,386.25,100.0,1,100.0,1
386.56,phase3_no_heading_forward,386.5,100.0,1,100.0,1
386.63,phase3_no_heading_forward,386.5,100.0,1,100.0,1
386.7,phase3_no_heading_forward,386.5,100.0,1,100.0,1
386.77,phase3_no_heading_forward,386.75,100.0,1,100.0,1
386.84,phase3_no_heading_forward,386.75,100.0,1,100.0,1
386.91,phase3_no_heading_forward,386.75,100.0,1,100.0,1
386.98,phase3_no_heading_forward,386.75,100.0,1,100.0,1
387.04,phase3_no_heading_forward,387.0,100.0,1,100.0,1
387.11,phase3_no_heading_forward,387.0,100.0,1,100.0,1
387.17,phase3_no_heading_forward,387.0,100.0,1,100.0,1
387.24,phase3_no_heading_forward,387.0,100.0,1,100.0,1
387.31,phase3_no_heading_forward,387.26,100.0,1,100.0,1
387.37,phase3_no_heading_forward,387.26,100.0,1,100.0,1
387.44,phase3_no_heading_forward,387.26,100.0,1,100.0,1
387.51,phase3_no_heading_forward,387.26,100.0,1,100.0,1
387.57,phase3_no_heading_forward,387.51,100.0,1,100.0,1
387.64,phase3_no_heading_forward,387.51,100.0,1,100.0,1
387.71,phase3_no_heading_forward,387.51,100.0,1,100.0,1
387.77,phase3_no_heading_forward,387.76,100.0,1,100.0,1
387.84,phase3_no_heading_forward,387.76,100.0,1,100.0,1
387.9,phase3_no_heading_forward,387.76,100.0,1,100.0,1
387.97,phase3_no_heading_forward,387.76,100.0,1,100.0,1
388.04,phase3_no_heading_forward,388.01,100.0,1,100.0,1
388.1,phase3_no_heading_forward,388.01,100.0,1,100.0,1
388.17,phase3_no_heading_forward,388.01,100.0,1,100.0,1
388.24,phase3_no_heading_forward,388.01,100.0,1,100.0,1
388.3,phase3_no_heading_forward,388.26,100.0,1,100.0,1
388.37,phase3_no_heading_forward,388.26,100.0,1,100.0,1
388.44,phase3_no_heading_forward,388.26,100.0,1,100.0,1
388.5,phase3_no_heading_forward,388.26,100.0,1,100.0,1
388.57,phase3_no_heading_forward,388.51,100.0,1,100.0,1
388.64,phase3_no_heading_forward,388.51,100.0,1,100.0,1
388.7,phase3_no_heading_forward,388.51,100.0,1,100.0,1
388.77,phase3_no_heading_forward,388.77,100.0,1,100.0,1
388.84,phase3_no_heading_forward,388.77,100.0,1,100.0,1
388.9,phase3_no_heading_forward,388.77,100.0,1,100.0,1
388.97,phase3_no_heading_forward,388.77,100.0,1,100.0,1
389.04,phase3_no_heading_forward,389.02,100.0,1,100.0,1
389.1,phase3_no_heading_forward,389.02,100.0,1,100.0,1
389.17,phase3_no_heading_forward,389.02,100.0,1,100.0,1
389.24,phase3_no_heading_forward,389.02,100.0,1,100.0,1
389.3,phase3_no_heading_forward,389.27,100.0,1,100.0,1
389.37,phase3_no_heading_forward,389.27,100.0,1,100.0,1
389.44,phase3_no_heading_forward,389.27,100.0,1,100.0,1
389.5,phase3_no_heading_forward,389.27,100.0,1,100.0,1
389.57,phase3_no_heading_forward,389.52,100.0,1,100.0,1
389.64,phase3_no_heading_forward,389.52,100.0,1,100.0,1
389.7,phase3_no_heading_forward,389.52,100.0,1,100.0,1
389.77,phase3_no_heading_forward,389.52,100.0,1,100.0,1
389.84,phase3_no_heading_forward,389.78,100.0,1,100.0,1
389.9,phase3_no_heading_forward,389.78,100.0,1,100.0,1
389.97,phase3_no_heading_forward,389.78,100.0,1,100.0,1
390.04,phase3_no_heading_forward,390.03,100.0,1,100.0,1
390.1,phase3_no_heading_forward,390.03,100.0,1,100.0,1
390.17,phase3_no_heading_forward,390.03,100.0,1,100.0,1
390.24,phase3_no_heading_forward,390.03,100.0,1,100.0,1
390.3,phase3_no_heading_forward,390.28,100.0,1,100.0,1
390.37,phase3_no_heading_forward,390.28,100.0,1,100.0,1
390.44,phase3_no_heading_forward,390.28,100.0,1,100.0,1
390.5,phase3_no_heading_forward,390.28,100.0,1,100.0,1
390.57,phase3_no_heading_forward,390.53,100.0,1,100.0,1
390.64,phase3_no_heading_forward,390.53,100.0,1,100.0,1
390.7,phase3_no_heading_forward,390.53,100.0,1,100.0,1
390.77,phase3_no_heading_forward,390.53,100.0,1,100.0,1
390.84,phase3_no_heading_forward,390.78,100.0,1,100.0,1
390.91,phase3_no_heading_forward,390.78,100.0,1,100.0,1
390.97,phase3_no_heading_forward,390.78,100.0,1,100.0,1
391.04,phase3_no_heading_forward,391.04,100.0,1,100.0,1
391.11,phase3_no_heading_forward,391.04,100.0,1,100.0,1
391.17,phase3_no_heading_forward,391.04,100.0,1,100.0,1
391.24,phase3_no_heading_forward,391.04,100.0,1,100.0,1
391.31,phase3_no_heading_forward,391.29,100.0,1,100.0,1
391.37,phase3_no_heading_forward,391.29,100.0,1,100.0,1
391.44,phase3_no_heading_forward,391.29,100.0,1,100.0,1
391.51,phase3_no_heading_forward,391.29,100.0,1,100.0,1
391.57,phase3_no_heading_forward,391.54,100.0,1,100.0,1
391.64,phase3_no_heading_forward,391.54,100.0,1,100.0,1
391.71,phase3_no_heading_forward,391.54,100.0,1,100.0,1
391.77,phase3_no_heading_forward,391.54,100.0,1,100.0,1
391.84,phase3_no_heading_forward,391.79,100.0,1,100.0,1
391.91,phase3_no_heading_forward,391.79,100.0,1,100.0,1
391.98,phase3_no_heading_forward,391.79,100.0,1,100.0,1
392.04,phase3_no_heading_forward,391.79,100.0,1,100.0,1
392.11,phase3_no_heading_forward,392.04,100.0,1,100.0,1
392.18,phase3_no_heading_forward,392.04,100.0,1,100.0,1
392.24,phase3_no_heading_forward,392.04,100.0,1,100.0,1
392.31,phase3_no_heading_forward,392.3,100.0,1,100.0,1
392.38,phase3_no_heading_forward,392.3,100.0,1,100.0,1
392.45,phase3_no_heading_forward,392.3,100.0,1,100.0,1
392.51,phase3_no_heading_forward,392.3,100.0,1,100.0,1
392.58,phase3_no_heading_forward,392.55,100.0,1,100.0,1
392.65,phase3_no_heading_forward,392.55,100.0,1,100.0,1
392.71,phase3_no_heading_forward,392.55,100.0,1,100.0,1
392.78,phase3_no_heading_forward,392.55,100.0,1,100.0,1
392.85,phase3_no_heading_forward,392.8,100.0,1,100.0,1
392.92,phase3_no_heading_forward,392.8,100.0,1,100.0,1
392.98,phase3_no_heading_forward,392.8,100.0,1,100.0,1
393.05,phase3_no_heading_forward,392.8,100.0,1,100.0,1
393.12,phase3_no_heading_forward,393.05,100.0,1,100.0,1
393.18,phase3_no_heading_forward,393.05,100.0,1,100.0,1
393.25,phase3_no_heading_forward,393.05,100.0,1,100.0,1
393.32,phase3_no_heading_forward,393.3,100.0,1,100.0,1
393.39,phase3_no_heading_forward,393.3,100.0,1,100.0,1
393.46,phase3_no_heading_forward,393.3,100.0,1,100.0,1
393.53,phase3_no_heading_forward,393.3,100.0,1,100.0,1
393.59,phase3_no_heading_forward,393.56,100.0,1,100.0,1
393.66,phase3_no_heading_forward,393.56,100.0,1,100.0,1
393.72,phase3_no_heading_forward,393.56,100.0,1,100.0,1
393.79,phase3_no_heading_forward,393.56,100.0,1,100.0,1
393.86,phase3_no_heading_forward,393.81,100.0,1,100.0,1
393.92,phase3_no_heading_forward,393.81,100.0,1,100.0,1
393.99,phase3_no_heading_forward,393.81,100.0,1,100.0,1
394.06,phase3_no_heading_forward,393.81,100.0,1,100.0,1
394.12,phase3_no_heading_forward,394.06,100.0,1,100.0,1
394.19,phase3_no_heading_forward,394.06,100.0,1,100.0,1
394.26,phase3_no_heading_forward,394.06,100.0,1,100.0,1
394.32,phase3_no_heading_forward,394.31,100.0,1,100.0,1
394.39,phase3_no_heading_forward,394.31,100.0,1,100.0,1
394.45,phase3_no_heading_forward,394.31,100.0,1,100.0,1
394.52,phase3_no_heading_forward,394.31,100.0,1,100.0,1
394.59,phase3_no_heading_forward,394.56,100.0,1,100.0,1
394.66,phase3_no_heading_forward,394.56,100.0,1,100.0,1
394.73,phase3_no_heading_forward,394.56,100.0,1,100.0,1
394.8,phase3_no_heading_forward,394.56,100.0,1,100.0,1
394.86,phase3_no_heading_forward,394.82,100.0,1,100.0,1
394.93,phase3_no_heading_forward,394.82,100.0,1,100.0,1
394.99,phase3_no_heading_forward,394.82,100.0,1,100.0,1
395.06,phase3_no_heading_forward,394.82,100.0,1,100.0,1
395.12,phase3_no_heading_forward,395.07,100.0,1,100.0,1
395.19,phase3_no_heading_forward,395.07,100.0,1,100.0,1
395.26,phase3_no_heading_forward,395.07,100.0,1,100.0,1
395.32,phase3_no_heading_forward,395.32,100.0,1,100.0,1
395.39,phase3_no_heading_forward,395.32,100.0,1,100.0,1
395.46,phase3_no_heading_forward,395.32,100.0,1,100.0,1
395.52,phase3_no_heading_forward,395.32,100.0,1,100.0,1
395.59,phase3_no_heading_forward,395.57,100.0,1,100.0,1
395.66,phase3_no_heading_forward,395.57,100.0,1,100.0,1
395.72,phase3_no_heading_forward,395.57,100.0,1,100.0,1
395.79,phase3_no_heading_forward,395.57,100.0,1,100.0,1
395.85,phase3_no_heading_forward,395.82,100.0,1,100.0,1
395.92,phase3_no_heading_forward,395.82,100.0,1,100.0,1
395.99,phase3_no_heading_forward,395.82,100.0,1,100.0,1
396.05,phase3_no_heading_forward,395.82,100.0,1,100.0,1
396.12,phase3_no_heading_forward,396.07,100.0,1,100.0,1
396.19,phase3_no_heading_forward,396.07,100.0,1,100.0,1
396.25,phase3_no_heading_forward,396.07,100.0,1,100.0,1
396.32,phase3_no_heading_forward,396.07,100.0,1,100.0,1
396.39,phase3_no_heading_forward,396.33,100.0,1,100.0,1
396.45,phase3_no_heading_forward,396.33,100.0,1,100.0,1
396.52,phase3_no_heading_forward,396.33,100.0,1,100.0,1
396.59,phase3_no_heading_forward,396.58,100.0,1,100.0,1
396.65,phase3_no_heading_forward,396.58,100.0,1,100.0,1
396.72,phase3_no_heading_forward,396.58,100.0,1,100.0,1
396.79,phase3_no_heading_forward,396.58,100.0,1,100.0,1
396.85,phase3_no_heading_forward,396.83,100.0,1,100.0,1
396.92,phase3_no_heading_forward,396.83,100.0,1,100.0,1
396.99,phase3_no_heading_forward,396.83,100.0,1,100.0,1
397.05,phase3_no_heading_forward,396.83,100.0,1,100.0,1
397.12,phase3_no_heading_forward,397.08,100.0,1,100.0,1
397.19,phase3_no_heading_forward,397.08,100.0,1,100.0,1
397.25,phase3_no_heading_forward,397.08,100.0,1,100.0,1
397.32,phase3_no_heading_forward,397.08,100.0,1,100.0,1
397.38,phase3_no_heading_forward,397.33,100.0,1,100.0,1
397.45,phase3_no_heading_forward,397.33,100.0,1,100.0,1
397.52,phase3_no_heading_forward,397.33,100.0,1,100.0,1
397.59,phase3_no_heading_forward,397.33,100.0,1,100.0,1
397.65,phase3_no_heading_forward,397.59,100.0,1,100.0,1
397.72,phase3_no_heading_forward,397.59,100.0,1,100.0,1
397.79,phase3_no_heading_forward,397.59,100.0,1,100.0,1
397.85,phase3_no_heading_forward,397.84,100.0,1,100.0,1
397.92,phase3_no_heading_forward,397.84,100.0,1,100.0,1
397.99,phase3_no_heading_forward,397.84,100.0,1,100.0,1
398.05,phase3_no_heading_forward,397.84,100.0,1,100.0,1
398.12,phase3_no_heading_forward,398.09,100.0,1,100.0,1
398.18,phase3_no_heading_forward,398.09,100.0,1,100.0,1
398.25,phase3_no_heading_forward,398.09,100.0,1,100.0,1
398.32,phase3_no_heading_forward,398.09,100.0,1,100.0,1
398.38,phase3_no_heading_forward,398.34,100.0,1,100.0,1
398.45,phase3_no_heading_forward,398.34,100.0,1,100.0,1
398.52,phase3_no_heading_forward,398.34,100.0,1,100.0,1
398.58,phase3_no_heading_forward,398.34,100.0,1,100.0,1
398.65,phase3_no_heading_forward,398.59,100.0,1,100.0,1
398.72,phase3_no_heading_forward,398.59,100.0,1,100.0,1
398.78,phase3_gps_turn,398.75,83.12,1,71.88,1
398.85,phase3_gps_turn,398.75,83.12,1,71.88,1
398.92,phase3_gps_turn,398.9,83.12,1,71.88,1
398.98,phase3_gps_turn,398.9,83.12,1,71.88,1
399.05,phase3_gps_turn,399.05,83.12,1,71.88,1
399.12,phase3_gps_turn,399.05,83.12,1,71.88,1
399.18,phase3_gps_turn,399.05,83.12,1,71.88,1
399.25,phase3_gps_turn,399.2,83.12,1,71.88,1
399.32,phase3_gps_turn,399.2,83.12,1,71.88,1
399.38,phase3_gps_turn,399.35,83.12,1,71.88,1
399.45,phase3_gps_turn,399.35,83.12,1,71.88,1
399.52,phase3_gps_turn,399.5,83.12,1,71.88,1
399.58,phase3_gps_turn,399.5,83.12,1,71.88,1
399.65,phase3_gps_turn,399.5,83.12,1,71.88,1
399.72,phase3_gps_turn,399.65,83.12,1,71.88,1
399.78,phase3_gps_turn,399.65,83.12,1,71.88,1
399.85,phase3_gps_turn,399.8,83.12,1,71.88,1
399.92,phase3_gps_turn,399.8,83.12,1,71.88,1
399.98,phase3_gps_turn,399.96,83.12,1,71.88,1
400.05,phase3_gps_turn,399.96,83.12,1,71.88,1
400.12,phase3_gps_turn,400.11,83.12,1,71.88,1
400.19,phase3_gps_turn,400.11,83.12,1,71.88,1
400.25,phase3_gps_turn,400.11,83.12,1,71.88,1
400.32,phase3_gps_turn,400.26,83.12,1,71.88,1
400.39,phase3_gps_turn,400.26,83.12,1,71.88,1
400.45,phase3_gps_turn,400.41,83.12,1,71.88,1
400.52,phase3_gps_turn,400.41,83.12,1,71.88,1
400.59,phase3_gps_turn,400.56,83.12,1,71.88,1
400.66,phase3_gps_turn,400.56,83.12,1,71.88,1
400.72,phase3_gps_turn,400.71,83.12,1,71.88,1
400.79,phase3_gps_turn,400.71,83.12,1,71.88,1
400.86,phase3_gps_turn,400.71,83.12,1,71.88,1
400.92,phase3_gps_turn,400.86,83.12,1,71.88,1
400.99,phase3_gps_turn,400.86,83.12,1,71.88,1
401.06,phase3_gps_turn,401.01,83.12,1,71.88,1
401.12,phase3_gps_turn,401.01,83.12,1,71.88,1
401.19,phase3_gps_turn,401.17,83.12,1,71.88,1
401.26,phase3_gps_turn,401.17,83.12,1,71.88,1
401.33,phase3_gps_turn,401.32,83.12,1,71.88,1
401.4,phase3_gps_turn,401.32,83.12,1,71.88,1
401.46,phase3_gps_turn,401.32,83.12,1,71.88,1
401.53,phase3_gps_turn,401.47,83.12,1,71.88,1
401.6,phase3_gps_turn,401.47,83.12,1,71.88,1
401.66,phase3_gps_turn,401.62,83.12,1,71.88,1
401.73,phase3_gps_turn,401.62,83.12,1,71.88,1
401.79,phase3_gps_turn,401.77,83.12,1,71.88,1
401.86,phase3_gps_turn,401.77,83.12,1,71.88,1
401.93,phase3_gps_turn,401.92,83.12,1,71.88,1
401.99,phase3_gps_turn,401.92,83.12,1,71.88,1
402.06,phase3_gps_turn,401.92,83.12,1,71.88,1
402.13,phase3_gps_turn,402.07,83.12,1,71.88,1
402.19,phase3_gps_turn,402.07,83.12,1,71.88,1
402.26,phase3_gps_turn,402.23,83.12,1,71.88,1
402.32,phase3_gps_turn,402.23,83.12,1,71.88,1
402.39,phase3_gps_turn,402.38,83.12,1,71.88,1
402.46,phase3_gps_turn,402.38,83.12,1,71.88,1
402.52,phase3_gps_turn,402.38,83.12,1,71.88,1
402.59,phase3_gps_turn,402.53,83.12,1,71.88,1
402.66,phase3_gps_turn,402.53,83.12,1,71.88,1
402.72,phase3_gps_turn,402.68,83.12,1,71.88,1
402.79,phase3_gps_turn,402.68,83.12,1,71.88,1
402.86,phase3_gps_turn,402.83,83.12,1,71.88,1
402.92,phase3_gps_turn,402.83,83.12,1,71.88,1
402.99,phase3_gps_turn,402.98,83.12,1,71.88,1
403.05,phase3_gps_turn,402.98,83.12,1,71.88,1
403.12,phase3_gps_turn,402.98,83.12,1,71.88,1
403.19,phase3_gps_turn,403.13,83.12,1,71.88,1
403.25,phase3_gps_turn,403.13,83.12,1,71.88,1
403.32,phase3_gps_turn,403.28,83.12,1,71.88,1
403.38,phase3_gps_turn,403.28,83.12,1,71.88,1
403.45,phase3_gps_turn,403.44,83.12,1,71.88,1
403.52,phase3_gps_turn,403.44,83.12,1,71.88,1
403.59,phase3_gps_turn,403.44,83.12,1,71.88,1
403.65,phase3_gps_turn,403.59,83.12,1,71.88,1
403.72,phase3_gps_turn,403.59,83.12,1,71.88,1
403.78,phase3_gps_turn,403.74,83.12,1,71.88,1
403.85,phase3_gps_turn,403.74,83.12,1,71.88,1
403.92,phase3_gps_turn,403.89,83.12,1,71.88,1
403.98,phase3_gps_turn,403.89,83.12,1,71.88,1
404.05,phase3_gps_turn,404.04,83.12,1,71.88,1
404.12,phase3_gps_turn,404.04,83.12,1,71.88,1
404.18,phase3_gps_turn,404.04,83.12,1,71.88,1
404.25,phase3_gps_turn,404.19,83.12,1,71.88,1
404.32,phase3_gps_turn,404.19,83.12,1,71.88,1
404.38,phase3_gps_turn,404.34,83.12,1,71.88,1
404.45,phase3_gps_turn,404.34,83.12,1,71.88,1
404.52,phase3_gps_turn,404.49,83.12,1,71.88,1
404.58,phase3_gps_turn,404.49,83.12,1,71.88,1
404.65,phase3_gps_turn,404.65,83.12,1,71.88,1
404.72,phase3_gps_turn,404.65,83.12,1,71.88,1
404.78,phase3_gps_turn,404.65,83.12,1,71.88,1
404.85,phase3_gps_turn,404.8,83.12,1,71.88,1
404.92,phase3_gps_turn,404.8,83.12,1,71.88,1
404.98,phase3_gps_turn,404.95,83.12,1,71.88,1
405.05,phase3_gps_turn,404.95,83.12,1,71.88,1
405.12,phase3_gps_turn,405.1,83.12,1,71.88,1
405.18,phase3_gps_turn,405.1,83.12,1,71.88,1
405.25,phase3_gps_turn,405.1,83.12,1,71.88,1
405.32,phase3_gps_turn,405.25,83.12,1,71.88,1
405.38,phase3_gps_turn,405.25,83.12,1,71.88,1
405.45,phase3_gps_turn,405.4,83.12,1,71.88,1
405.52,phase3_gps_turn,405.4,83.12,1,71.88,1
405.58,phase3_gps_turn,405.56,83.12,1,71.88,1
405.65,phase3_gps_turn,405.56,83.12,1,71.88,1
405.72,phase3_gps_turn,405.71,83.12,1,71.88,1
405.78,phase3_gps_turn,405.71,83.12,1,71.88,1
405.85,phase3_gps_turn,405.71,83.12,1,71.88,1
405.92,phase3_gps_turn,405.86,83.12,1,71.88,1
405.98,phase3_gps_turn,405.86,83.12,1,71.88,1
406.05,phase3_gps_turn,406.01,83.12,1,71.88,1
406.12,phase3_gps_turn,406.01,83.12,1,71.88,1
406.18,phase3_gps_turn,406.16,83.12,1,71.88,1
406.25,phase3_gps_turn,406.16,83.12,1,71.88,1
406.32,phase3_gps_turn,406.31,83.12,1,71.88,1
406.38,phase3_gps_turn,406.31,83.12,1,71.88,1
406.46,phase3_gps_turn,406.31,83.12,1,71.88,1
406.52,phase3_gps_turn,406.46,83.12,1,71.88,1
406.59,phase3_gps_turn,406.46,83.12,1,71.88,1
406.66,phase3_gps_turn,406.61,83.12,1,71.88,1
406.72,phase3_gps_turn,406.61,83.12,1,71.88,1
406.79,phase3_gps_turn,406.77,83.12,1,71.88,1
406.86,phase3_gps_turn,406.77,83.12,1,71.88,1
406.93,phase3_gps_turn,406.92,83.12,1,71.88,1
406.99,phase3_gps_turn,406.92,83.12,1,71.88,1
407.06,phase3_gps_turn,406.92,83.12,1,71.88,1
407.13,phase3_gps_turn,407.07,83.12,1,71.88,1
407.19,phase3_gps_turn,407.07,83.12,1,71.88,1
407.26,phase3_gps_turn,407.22,83.12,1,71.88,1
407.33,phase3_gps_turn,407.22,83.12,1,71.88,1
407.39,phase3_gps_turn,407.37,83.12,1,71.88,1
407.46,phase3_gps_turn,407.37,83.12,1,71.88,1
407.53,phase3_gps_turn,407.52,83.12,1,71.88,1
407.6,phase3_gps_turn,407.52,83.12,1,71.88,1
407.66,phase3_gps_turn,407.52,83.12,1,71.88,1
407.73,phase3_gps_turn,407.67,83.12,1,71.88,1
407.8,phase3_gps_turn,407.67,83.12,1,71.88,1
407.87,phase3_gps_turn,407.83,83.12,1,71.88,1
407.94,phase3_gps_turn,407.83,83.12,1,71.88,1
408.01,phase3_gps_turn,407.98,83.12,1,71.88,1
408.07,phase3_gps_turn,407.98,83.12,1,71.88,1
408.14,phase3_gps_turn,408.13,83.12,1,71.88,1
408.21,phase3_gps_turn,408.13,83.12,1,71.88,1
408.27,phase3_gps_turn,408.13,83.12,1,71.88,1
408.34,phase3_gps_turn,408.28,83.12,1,71.88,1
408.4,phase3_gps_turn,408.28,83.12,1,71.88,1
408.47,phase3_gps_turn,408.43,83.12,1,71.88,1
408.54,phase3_gps_turn,408.43,83.12,1,71.88,1
408.6,phase3_gps_turn,408.43,83.12,1,71.88,1
408.67,phase3_gps_turn,408.43,83.12,1,71.88,1
408.74,phase3_no_heading_forward,408.68,100.0,1,100.0,1
408.8,phase3_no_heading_forward,408.68,100.0,1,100.0,1
408.87,phase3_no_heading_forward,408.68,100.0,1,100.0,1
408.93,phase3_no_heading_forward,408.68,100.0,1,100.0,1
409.0,phase3_no_heading_forward,408.93,100.0,1,100.0,1
409.07,phase3_no_heading_forward,408.93,100.0,1,100.0,1
409.13,phase3_no_heading_forward,408.93,100.0,1,100.0,1
409.2,phase3_no_heading_forward,409.19,100.0,1,100.0,1
409.26,phase3_no_heading_forward,409.19,100.0,1,100.0,1
409.33,phase3_no_heading_forward,409.19,100.0,1,100.0,1
409.4,phase3_no_heading_forward,409.19,100.0,1,100.0,1
409.46,phase3_no_heading_forward,409.44,100.0,1,100.0,1
409.53,phase3_no_heading_forward,409.44,100.0,1,100.0,1
409.6,phase3_no_heading_forward,409.44,100.0,1,100.0,1
409.66,phase3_no_heading_forward,409.44,100.0,1,100.0,1
409.73,phase3_no_heading_forward,409.69,100.0,1,100.0,1
409.8,phase3_no_heading_forward,409.69,100.0,1,100.0,1
409.86,phase3_no_heading_forward,409.69,100.0,1,100.0,1
409.93,phase3_no_heading_forward,409.69,100.0,1,100.0,1
410.0,phase3_no_heading_forward,409.94,100.0,1,100.0,1
410.06,phase3_no_heading_forward,409.94,100.0,1,100.0,1
410.13,phase3_no_heading_forward,409.94,100.0,1,100.0,1
410.2,phase3_no_heading_forward,410.19,100.0,1,100.0,1
410.26,phase3_no_heading_forward,410.19,100.0,1,100.0,1
410.33,phase3_no_heading_forward,410.19,100.0,1,100.0,1
410.39,phase3_no_heading_forward,410.19,100.0,1,100.0,1
410.46,phase3_no_heading_forward,410.45,100.0,1,100.0,1
410.53,phase3_no_heading_forward,410.45,100.0,1,100.0,1
410.6,phase3_no_heading_forward,410.45,100.0,1,100.0,1
410.66,phase3_no_heading_forward,410.45,100.0,1,100.0,1
410.73,phase3_no_heading_forward,410.7,100.0,1,100.0,1
410.79,phase3_no_heading_forward,410.7,100.0,1,100.0,1
410.86,phase3_no_heading_forward,410.7,100.0,1,100.0,1
410.93,phase3_no_heading_forward,410.7,100.0,1,100.0,1
410.99,phase3_no_heading_forward,410.95,100.0,1,100.0,1
411.06,phase3_no_heading_forward,410.95,100.0,1,100.0,1
411.13,phase3_no_heading_forward,410.95,100.0,1,100.0,1
411.19,phase3_no_heading_forward,410.95,100.0,1,100.0,1
411.26,phase3_no_heading_forward,411.2,100.0,1,100.0,1
411.33,phase3_no_heading_forward,411.2,100.0,1,100.0,1
411.39,phase3_no_heading_forward,411.2,100.0,1,100.0,1
411.46,phase3_no_heading_forward,411.45,100.0,1,100.0,1
411.53,phase3_no_heading_forward,411.45,100.0,1,100.0,1
411.6,phase3_no_heading_forward,411.45,100.0,1,100.0,1
411.66,phase3_no_heading_forward,411.45,100.0,1,100.0,1
411.73,phase3_no_heading_forward,411.7,100.0,1,100.0,1
411.8,phase3_no_heading_forward,411.7,100.0,1,100.0,1
411.86,phase3_no_heading_forward,411.7,100.0,1,100.0,1
411.93,phase3_no_heading_forward,411.7,100.0,1,100.0,1
412.0,phase3_no_heading_forward,411.96,100.0,1,100.0,1
412.06,phase3_no_heading_forward,411.96,100.0,1,100.0,1
412.13,phase3_no_heading_forward,411.96,100.0,1,100.0,1
412.2,phase3_no_heading_forward,411.96,100.0,1,100.0,1
412.26,phase3_no_heading_forward,412.21,100.0,1,100.0,1
412.33,phase3_no_heading_forward,412.21,100.0,1,100.0,1
412.4,phase3_no_heading_forward,412.21,100.0,1,100.0,1
412.47,phase3_no_heading_forward,412.46,100.0,1,100.0,1
412.53,phase3_no_heading_forward,412.46,100.0,1,100.0,1
412.6,phase3_no_heading_forward,412.46,100.0,1,100.0,1
412.67,phase3_no_heading_forward,412.46,100.0,1,100.0,1
412.73,phase3_no_heading_forward,412.71,100.0,1,100.0,1
412.8,phase3_no_heading_forward,412.71,100.0,1,100.0,1
412.87,phase3_no_heading_forward,412.71,100.0,1,100.0,1
412.93,phase3_no_heading_forward,412.71,100.0,1,100.0,1
413.0,phase3_no_heading_forward,412.96,100.0,1,100.0,1
413.06,phase3_no_heading_forward,412.96,100.0,1,100.0,1
413.13,phase3_no_heading_forward,412.96,100.0,1,100.0,1
413.2,phase3_no_heading_forward,412.96,100.0,1,100.0,1
413.26,phase3_no_heading_forward,413.21,100.0,1,100.0,1
413.33,phase3_no_heading_forward,413.21,100.0,1,100.0,1
413.4,phase3_no_heading_forward,413.21,100.0,1,100.0,1
413.47,phase3_no_heading_forward,413.21,100.0,1,100.0,1
413.53,phase3_no_heading_forward,413.47,100.0,1,100.0,1
413.6,phase3_no_heading_forward,413.47,100.0,1,100.0,1
413.67,phase3_no_heading_forward,413.47,100.0,1,100.0,1
413.74,phase3_no_heading_forward,413.72,100.0,1,100.0,1
413.8,phase3_no_heading_forward,413.72,100.0,1,100.0,1
413.87,phase3_no_heading_forward,413.72,100.0,1,100.0,1
413.94,phase3_no_heading_forward,413.72,100.0,1,100.0,1
414.0,phase3_no_heading_forward,413.97,100.0,1,100.0,1
414.07,phase3_no_heading_forward,413.97,100.0,1,100.0,1
414.14,phase3_no_heading_forward,413.97,100.0,1,100.0,1
414.2,phase3_no_heading_forward,413.97,100.0,1,100.0,1
414.27,phase3_no_heading_forward,414.22,100.0,1,100.0,1
414.34,phase3_no_heading_forward,414.22,100.0,1,100.0,1
414.41,phase3_no_heading_forward,414.22,100.0,1,100.0,1
414.48,phase3_no_heading_forward,414.47,100.0,1,100.0,1
414.55,phase3_no_heading_forward,414.47,100.0,1,100.0,1
414.61,phase3_no_heading_forward,414.47,100.0,1,100.0,1
414.68,phase3_no_heading_forward,414.47,100.0,1,100.0,1
414.75,phase3_no_heading_forward,414.73,100.0,1,100.0,1
414.81,phase3_no_heading_forward,414.73,100.0,1,100.0,1
414.88,phase3_no_heading_forward,414.73,100.0,1,100.0,1
414.94,phase3_no_heading_forward,414.73,100.0,1,100.0,1
415.01,phase3_no_heading_forward,414.98,100.0,1,100.0,1
415.08,phase3_no_heading_forward,414.98,100.0,1,100.0,1
415.14,phase3_no_heading_forward,414.98,100.0,1,100.0,1
415.21,phase3_no_heading_forward,414.98,100.0,1,100.0,1
415.27,phase3_no_heading_forward,415.23,100.0,1,100.0,1
415.34,phase3_no_heading_forward,415.23,100.0,1,100.0,1
415.41,phase3_no_heading_forward,415.23,100.0,1,100.0,1
415.47,phase3_no_heading_forward,415.23,100.0,1,100.0,1
415.54,phase3_no_heading_forward,415.48,100.0,1,100.0,1
415.61,phase3_no_heading_forward,415.48,100.0,1,100.0,1
415.67,phase3_no_heading_forward,415.48,100.0,1,100.0,1
415.74,phase3_no_heading_forward,415.73,100.0,1,100.0,1
415.81,phase3_no_heading_forward,415.73,100.0,1,100.0,1
415.87,phase3_no_heading_forward,415.73,100.0,1,100.0,1
415.94,phase3_no_heading_forward,415.73,100.0,1,100.0,1
416.0,phase3_no_heading_forward,415.98,100.0,1,100.0,1
416.07,phase3_no_heading_forward,415.98,100.0,1,100.0,1
416.14,phase3_no_heading_forward,415.98,100.0,1,100.0,1
416.2,phase3_no_heading_forward,415.98,100.0,1,100.0,1
416.27,phase3_no_heading_forward,416.24,100.0,1,100.0,1
416.34,phase3_no_heading_forward,416.24,100.0,1,100.0,1
416.4,phase3_no_heading_forward,416.24,100.0,1,100.0,1
416.47,phase3_no_heading_forward,416.24,100.0,1,100.0,1
416.54,phase3_no_heading_forward,416.49,100.0,1,100.0,1
416.6,phase3_no_heading_forward,416.49,100.0,1,100.0,1
416.67,phase3_no_heading_forward,416.49,100.0,1,100.0,1
416.74,phase3_no_heading_forward,416.49,100.0,1,100.0,1
416.8,phase3_no_heading_forward,416.74,100.0,1,100.0,1
416.87,phase3_no_heading_forward,416.74,100.0,1,100.0,1
416.93,phase3_no_heading_forward,416.74,100.0,1,100.0,1
417.0,phase3_no_heading_forward,416.99,100.0,1,100.0,1
417.07,phase3_no_heading_forward,416.99,100.0,1,100.0,1
417.13,phase3_no_heading_forward,416.99,100.0,1,100.0,1
417.2,phase3_no_heading_forward,416.99,100.0,1,100.0,1
417.27,phase3_no_heading_forward,417.24,100.0,1,100.0,1
417.34,phase3_no_heading_forward,417.24,100.0,1,100.0,1
417.4,phase3_no_heading_forward,417.24,100.0,1,100.0,1
417.47,phase3_no_heading_forward,417.24,100.0,1,100.0,1
417.54,phase3_no_heading_forward,417.5,100.0,1,100.0,1
417.6,phase3_no_heading_forward,417.5,100.0,1,100.0,1
417.67,phase3_no_heading_forward,417.5,100.0,1,100.0,1
417.73,phase3_no_heading_forward,417.5,100.0,1,100.0,1
417.8,phase3_no_heading_forward,417.75,100.0,1,100.0,1
417.87,phase3_no_heading_forward,417.75,100.0,1,100.0,1
417.93,phase3_no_heading_forward,417.75,100.0,1,100.0,1
418.0,phase3_no_heading_forward,418.0,100.0,1,100.0,1
418.07,phase3_no_heading_forward,418.0,100.0,1,100.0,1
418.13,phase3_no_heading_forward,418.0,100.0,1,100.0,1
418.2,phase3_no_heading_forward,418.0,100.0,1,100.0,1
418.27,phase3_no_heading_forward,418.25,100.0,1,100.0,1
418.34,phase3_no_heading_forward,418.25,100.0,1,100.0,1
418.4,phase3_no_heading_forward,418.25,100.0,1,100.0,1
418.47,phase3_no_heading_forward,418.25,100.0,1,100.0,1
418.54,phase3_no_heading_forward,418.5,100.0,1,100.0,1
418.6,phase3_no_heading_forward,418.5,100.0,1,100.0,1
418.67,phase3_no_heading_forward,418.5,100.0,1,100.0,1
418.74,phase3_no_heading_forward,418.5,100.0,1,100.0,1
418.8,phase3_no_heading_forward,418.75,100.0,1,100.0,1
418.87,phase3_no_heading_forward,418.75,100.0,1,100.0,1
418.94,phase3_no_heading_forward,418.75,100.0,1,100.0,1
419.0,phase3_no_heading_forward,418.75,100.0,1,100.0,1
419.07,phase3_no_heading_forward,419.01,100.0,1,100.0,1
419.14,phase3_no_heading_forward,419.01,100.0,1,100.0,1
419.2,phase3_no_heading_forward,419.01,100.0,1,100.0,1
419.27,phase3_no_heading_forward,419.26,100.0,1,100.0,1
419.34,phase3_no_heading_forward,419.26,100.0,1,100.0,1
419.4,phase3_no_heading_forward,419.26,100.0,1,100.0,1
419.47,phase3_no_heading_forward,419.26,100.0,1,100.0,1
419.54,phase3_no_heading_forward,419.51,100.0,1,100.0,1
419.6,phase3_no_heading_forward,419.51,100.0,1,100.0,1
419.67,phase3_no_heading_forward,419.51,100.0,1,100.0,1
419.74,phase3_no_heading_forward,419.51,100.0,1,100.0,1
419.81,phase3_no_heading_forward,419.76,100.0,1,100.0,1
419.87,phase3_no_heading_forward,419.76,100.0,1,100.0,1
419.94,phase3_no_heading_forward,419.76,100.0,1,100.0,1
420.01,phase3_no_heading_forward,419.76,100.0,1,100.0,1
420.07,phase3_no_heading_forward,420.01,100.0,1,100.0,1
420.14,phase3_no_heading_forward,420.01,100.0,1,100.0,1
420.21,phase3_no_heading_forward,420.01,100.0,1,100.0,1
420.28,phase3_no_heading_forward,420.27,100.0,1,100.0,1
420.34,phase3_no_heading_forward,420.27,100.0,1,100.0,1
420.41,phase3_no_heading_forward,420.27,100.0,1,100.0,1
420.48,phase3_no_heading_forward,420.27,100.0,1,100.0,1
420.54,phase3_no_heading_forward,420.52,100.0,1,100.0,1
420.61,phase3_no_heading_forward,420.52,100.0,1,100.0,1
420.68,phase3_no_heading_forward,420.52,100.0,1,100.0,1
420.74,phase3_no_heading_forward,420.52,100.0,1,100.0,1
420.81,phase3_no_heading_forward,420.77,100.0,1,100.0,1
420.88,phase3_no_heading_forward,420.77,100.0,1,100.0,1
420.94,phase3_no_heading_forward,420.77,100.0,1,100.0,1
421.01,phase3_no_heading_forward,420.77,100.0,1,100.0,1
421.09,phase3_no_heading_forward,421.02,100.0,1,100.0,1
421.15,phase3_no_heading_forward,421.02,100.0,1,100.0,1
421.22,phase3_no_heading_forward,421.02,100.0,1,100.0,1
421.28,phase3_no_heading_forward,421.27,100.0,1,100.0,1
421.35,phase3_no_heading_forward,421.27,100.0,1,100.0,1
421.42,phase3_no_heading_forward,421.27,100.0,1,100.0,1
421.48,phase3_no_heading_forward,421.27,100.0,1,100.0,1
421.55,phase3_no_heading_forward,421.53,100.0,1,100.0,1
421.61,phase3_no_heading_forward,421.53,100.0,1,100.0,1
421.68,phase3_no_heading_forward,421.53,100.0,1,100.0,1
421.75,phase3_no_heading_forward,421.53,100.0,1,100.0,1
421.81,phase3_no_heading_forward,421.78,100.0,1,100.0,1
421.88,phase3_no_heading_forward,421.78,100.0,1,100.0,1
421.95,phase3_no_heading_forward,421.78,100.0,1,100.0,1
422.01,phase3_no_heading_forward,421.78,100.0,1,100.0,1
422.08,phase3_no_heading_forward,422.03,100.0,1,100.0,1
422.15,phase3_no_heading_forward,422.03,100.0,1,100.0,1
422.21,phase3_no_heading_forward,422.03,100.0,1,100.0,1
422.28,phase3_no_heading_forward,422.03,100.0,1,100.0,1
422.35,phase3_no_heading_forward,422.28,100.0,1,100.0,1
422.41,phase3_no_heading_forward,422.28,100.0,1,100.0,1
422.48,phase3_no_heading_forward,422.28,100.0,1,100.0,1
422.54,phase3_no_heading_forward,422.53,100.0,1,100.0,1
422.61,phase3_no_heading_forward,422.53,100.0,1,100.0,1
422.68,phase3_no_heading_forward,422.53,100.0,1,100.0,1
422.74,phase3_no_heading_forward,422.53,100.0,1,100.0,1
422.81,phase3_no_heading_forward,422.78,100.0,1,100.0,1
422.88,phase3_no_heading_forward,422.78,100.0,1,100.0,1
422.94,phase3_no_heading_forward,422.78,100.0,1,100.0,1
423.01,phase3_no_heading_forward,422.78,100.0,1,100.0,1
423.08,phase3_no_heading_forward,423.04,100.0,1,100.0,1
423.14,phase3_no_heading_forward,423.04,100.0,1,100.0,1
423.21,phase3_no_heading_forward,423.04,100.0,1,100.0,1
423.28,phase3_no_heading_forward,423.04,100.0,1,100.0,1
423.34,phase3_no_heading_forward,423.29,100.0,1,100.0,1
423.41,phase3_no_heading_forward,423.29,100.0,1,100.0,1
423.47,phase3_no_heading_forward,423.29,100.0,1,100.0,1
423.54,phase3_no_heading_forward,423.54,100.0,1,100.0,1
423.61,phase3_no_heading_forward,423.54,100.0,1,100.0,1
423.67,phase3_no_heading_forward,423.54,100.0,1,100.0,1
423.74,phase3_no_heading_forward,423.54,100.0,1,100.0,1
423.81,phase3_no_heading_forward,423.79,100.0,1,100.0,1
423.87,phase3_no_heading_forward,423.79,100.0,1,100.0,1
423.94,phase3_no_heading_forward,423.79,100.0,1,100.0,1
424.01,phase3_no_heading_forward,423.79,100.0,1,100.0,1
424.07,phase3_no_heading_forward,424.04,100.0,1,100.0,1
424.14,phase3_no_heading_forward,424.04,100.0,1,100.0,1
424.21,phase3_no_heading_forward,424.04,100.0,1,100.0,1
424.28,phase3_no_heading_forward,424.04,100.0,1,100.0,1
424.34,phase3_no_heading_forward,424.3,100.0,1,100.0,1
424.41,phase3_no_heading_forward,424.3,100.0,1,100.0,1
424.48,phase3_no_heading_forward,424.3,100.0,1,100.0,1
424.54,phase3_no_heading_forward,424.3,100.0,1,100.0,1
424.61,phase3_no_heading_forward,424.55,100.0,1,100.0,1
424.68,phase3_no_heading_forward,424.55,100.0,1,100.0,1
424.74,phase3_no_heading_forward,424.55,100.0,1,100.0,1
424.81,phase3_no_heading_forward,424.8,100.0,1,100.0,1
424.87,phase3_no_heading_forward,424.8,100.0,1,100.0,1
424.94,phase3_no_heading_forward,424.8,100.0,1,100.0,1
425.01,phase3_no_heading_forward,424.8,100.0,1,100.0,1
425.08,phase3_no_heading_forward,425.05,100.0,1,100.0,1
425.14,phase3_no_heading_forward,425.05,100.0,1,100.0,1
425.21,phase3_no_heading_forward,425.05,100.0,1,100.0,1
425.28,phase3_no_heading_forward,425.05,100.0,1,100.0,1
425.34,phase3_no_heading_forward,425.3,100.0,1,100.0,1
425.41,phase3_no_heading_forward,425.3,100.0,1,100.0,1
425.48,phase3_no_heading_forward,425.3,100.0,1,100.0,1
425.54,phase3_no_heading_forward,425.3,100.0,1,100.0,1
425.61,phase3_no_heading_forward,425.55,100.0,1,100.0,1
425.68,phase3_no_heading_forward,425.55,100.0,1,100.0,1
425.74,phase3_no_heading_forward,425.55,100.0,1,100.0,1
425.81,phase3_no_heading_forward,425.81,100.0,1,100.0,1
425.88,phase3_no_heading_forward,425.81,100.0,1,100.0,1
425.95,phase3_no_heading_forward,425.81,100.0,1,100.0,1
426.01,phase3_no_heading_forward,425.81,100.0,1,100.0,1
426.08,phase3_no_heading_forward,426.06,100.0,1,100.0,1
426.15,phase3_no_heading_forward,426.06,100.0,1,100.0,1
426.21,phase3_no_heading_forward,426.06,100.0,1,100.0,1
426.28,phase3_no_heading_forward,426.06,100.0,1,100.0,1
426.35,phase3_no_heading_forward,426.31,100.0,1,100.0,1
426.41,phase3_no_heading_forward,426.31,100.0,1,100.0,1
426.48,phase3_no_heading_forward,426.31,100.0,1,100.0,1
426.55,phase3_no_heading_forward,426.31,100.0,1,100.0,1
426.62,phase3_no_heading_forward,426.56,100.0,1,100.0,1
426.68,phase3_no_heading_forward,426.56,100.0,1,100.0,1
426.75,phase3_no_heading_forward,426.56,100.0,1,100.0,1
426.82,phase3_no_heading_forward,426.81,100.0,1,100.0,1
426.88,phase3_no_heading_forward,426.81,100.0,1,100.0,1
426.95,phase3_no_heading_forward,426.81,100.0,1,100.0,1
427.02,phase3_no_heading_forward,426.81,100.0,1,100.0,1
427.09,phase3_no_heading_forward,427.07,100.0,1,100.0,1
427.15,phase3_no_heading_forward,427.07,100.0,1,100.0,1
427.22,phase3_no_heading_forward,427.07,100.0,1,100.0,1
427.29,phase3_no_heading_forward,427.07,100.0,1,100.0,1
427.35,phase3_no_heading_forward,427.32,100.0,1,100.0,1
427.42,phase3_no_heading_forward,427.32,100.0,1,100.0,1
427.49,phase3_no_heading_forward,427.32,100.0,1,100.0,1
427.56,phase3_no_heading_forward,427.32,100.0,1,100.0,1
427.62,phase3_no_heading_forward,427.57,100.0,1,100.0,1
427.7,phase3_no_heading_forward,427.57,100.0,1,100.0,1
427.76,phase3_no_heading_forward,427.57,100.0,1,100.0,1
427.83,phase3_no_heading_forward,427.82,100.0,1,100.0,1
427.9,phase3_no_heading_forward,427.82,100.0,1,100.0,1
427.96,phase3_no_heading_forward,427.82,100.0,1,100.0,1
428.03,phase3_no_heading_forward,427.82,100.0,1,100.0,1
428.09,phase3_no_heading_forward,428.07,100.0,1,100.0,1
428.16,phase3_no_heading_forward,428.07,100.0,1,100.0,1
428.23,phase3_no_heading_forward,428.07,100.0,1,100.0,1
428.29,phase3_no_heading_forward,428.07,100.0,1,100.0,1
428.36,phase3_no_heading_forward,428.32,100.0,1,100.0,1
428.42,phase3_no_heading_forward,428.32,100.0,1,100.0,1
428.49,phase3_no_heading_forward,428.32,100.0,1,100.0,1
428.56,phase3_no_heading_forward,428.32,100.0,1,100.0,1
428.62,phase3_no_heading_forward,428.58,100.0,1,100.0,1
428.69,phase3_no_heading_forward,428.58,100.0,1,100.0,1
428.76,phase3_no_heading_forward,428.58,100.0,1,100.0,1
428.82,phase3_no_heading_forward,428.58,100.0,1,100.0,1
428.89,phase3_no_heading_forward,428.83,100.0,1,100.0,1
428.96,phase3_no_heading_forward,428.83,100.0,1,100.0,1
429.02,phase3_no_heading_forward,428.83,100.0,1,100.0,1
429.09,phase3_no_heading_forward,429.08,100.0,1,100.0,1
429.15,phase3_no_heading_forward,429.08,100.0,1,100.0,1
429.22,phase3_no_heading_forward,429.08,100.0,1,100.0,1
429.29,phase3_no_heading_forward,429.08,100.0,1,100.0,1
429.35,phase3_no_heading_forward,429.33,100.0,1,100.0,1
429.42,phase3_no_heading_forward,429.33,100.0,1,100.0,1
429.49,phase3_no_heading_forward,429.33,100.0,1,100.0,1
429.55,phase3_no_heading_forward,429.33,100.0,1,100.0,1
429.62,phase3_no_heading_forward,429.58,100.0,1,100.0,1
429.69,phase3_no_heading_forward,429.58,100.0,1,100.0,1
429.75,phase3_no_heading_forward,429.58,100.0,1,100.0,1
429.82,phase3_no_heading_forward,429.58,100.0,1,100.0,1
429.89,phase3_no_heading_forward,429.84,100.0,1,100.0,1
429.95,phase3_no_heading_forward,429.84,100.0,1,100.0,1
430.02,phase3_no_heading_forward,429.84,100.0,1,100.0,1
430.09,phase3_no_heading_forward,429.84,100.0,1,100.0,1
430.15,phase3_no_heading_forward,430.09,100.0,1,100.0,1
430.22,phase3_no_heading_forward,430.09,100.0,1,100.0,1
430.29,phase3_no_heading_forward,430.09,100.0,1,100.0,1
430.35,phase3_no_heading_forward,430.34,100.0,1,100.0,1
430.42,phase3_no_heading_forward,430.34,100.0,1,100.0,1
430.49,phase3_no_heading_forward,430.34,100.0,1,100.0,1
430.55,phase3_no_heading_forward,430.34,100.0,1,100.0,1
430.62,phase3_no_heading_forward,430.59,100.0,1,100.0,1
430.69,phase3_no_heading_forward,430.59,100.0,1,100.0,1
430.76,phase3_no_heading_forward,430.59,100.0,1,100.0,1
430.83,phase3_no_heading_forward,430.59,100.0,1,100.0,1
430.9,phase3_no_heading_forward,430.84,100.0,1,100.0,1
430.96,phase3_no_heading_forward,430.84,100.0,1,100.0,1
431.03,phase3_no_heading_forward,430.84,100.0,1,100.0,1
431.1,phase3_no_heading_forward,430.84,100.0,1,100.0,1
431.16,phase3_no_heading_forward,431.1,100.0,1,100.0,1
431.23,phase3_no_heading_forward,431.1,100.0,1,100.0,1
431.3,phase3_no_heading_forward,431.1,100.0,1,100.0,1
431.36,phase3_no_heading_forward,431.35,100.0,1,100.0,1
431.43,phase3_no_heading_forward,431.35,100.0,1,100.0,1
431.5,phase3_no_heading_forward,431.35,100.0,1,100.0,1
431.56,phase3_no_heading_forward,431.35,100.0,1,100.0,1
431.63,phase3_no_heading_forward,431.6,100.0,1,100.0,1
431.7,phase3_no_heading_forward,431.6,100.0,1,100.0,1
431.76,phase3_no_heading_forward,431.6,100.0,1,100.0,1
431.83,phase3_no_heading_forward,431.6,100.0,1,100.0,1
431.9,phase3_no_heading_forward,431.85,100.0,1,100.0,1
431.96,phase3_no_heading_forward,431.85,100.0,1,100.0,1
432.03,phase3_no_heading_forward,431.85,100.0,1,100.0,1
432.1,phase3_no_heading_forward,431.85,100.0,1,100.0,1
432.16,phase3_no_heading_forward,432.1,100.0,1,100.0,1
432.23,phase3_no_heading_forward,432.1,100.0,1,100.0,1
432.3,phase3_no_heading_forward,432.1,100.0,1,100.0,1
432.36,phase3_no_heading_forward,432.36,100.0,1,100.0,1
432.43,phase3_no_heading_forward,432.36,100.0,1,100.0,1
432.5,phase3_no_heading_forward,432.36,100.0,1,100.0,1
432.56,phase3_no_heading_forward,432.36,100.0,1,100.0,1
432.63,phase3_no_heading_forward,432.61,100.0,1,100.0,1
432.7,phase3_no_heading_forward,432.61,100.0,1,100.0,1
432.77,phase3_no_heading_forward,432.61,100.0,1,100.0,1
432.83,phase3_no_heading_forward,432.61,100.0,1,100.0,1
432.9,phase3_no_heading_forward,432.86,100.0,1,100.0,1
432.97,phase3_no_heading_forward,432.86,100.0,1,100.0,1
433.03,phase3_no_heading_forward,432.86,100.0,1,100.0,1
433.1,phase3_no_heading_forward,432.86,100.0,1,100.0,1
433.17,phase3_no_heading_forward,433.11,100.0,1,100.0,1
433.23,phase3_no_heading_forward,433.11,100.0,1,100.0,1
433.3,phase3_no_heading_forward,433.11,100.0,1,100.0,1
433.37,phase3_no_heading_forward,433.36,100.0,1,100.0,1
433.44,phase3_no_heading_forward,433.36,100.0,1,100.0,1
433.5,phase3_no_heading_forward,433.36,100.0,1,100.0,1
433.57,phase3_no_heading_forward,433.36,100.0,1,100.0,1
433.64,phase3_no_heading_forward,433.61,100.0,1,100.0,1
433.7,phase3_no_heading_forward,433.61,100.0,1,100.0,1
433.77,phase3_no_heading_forward,433.61,100.0,1,100.0,1
433.84,phase3_no_heading_forward,433.61,100.0,1,100.0,1
433.9,phase3_no_heading_forward,433.87,100.0,1,100.0,1
433.97,phase3_no_heading_forward,433.87,100.0,1,100.0,1
434.04,phase3_no_heading_forward,433.87,100.0,1,100.0,1
434.11,phase3_no_heading_forward,433.87,100.0,1,100.0,1
434.17,phase3_no_heading_forward,434.12,100.0,1,100.0,1
434.24,phase3_no_heading_forward,434.12,100.0,1,100.0,1
434.31,phase3_no_heading_forward,434.12,100.0,1,100.0,1
434.38,phase3_no_heading_forward,434.37,100.0,1,100.0,1
434.45,phase3_no_heading_forward,434.37,100.0,1,100.0,1
434.51,phase3_no_heading_forward,434.37,100.0,1,100.0,1
434.58,phase3_no_heading_forward,434.37,100.0,1,100.0,1
434.65,phase3_no_heading_forward,434.62,100.0,1,100.0,1
434.71,phase3_no_heading_forward,434.62,100.0,1,100.0,1
434.78,phase3_no_heading_forward,434.62,100.0,1,100.0,1
434.84,phase3_no_heading_forward,434.62,100.0,1,100.0,1
434.91,phase3_no_heading_forward,434.87,100.0,1,100.0,1
434.98,phase3_no_heading_forward,434.87,100.0,1,100.0,1
435.04,phase3_no_heading_forward,434.87,100.0,1,100.0,1
435.11,phase3_no_heading_forward,434.87,100.0,1,100.0,1
435.17,phase3_no_heading_forward,435.12,100.0,1,100.0,1
435.24,phase3_no_heading_forward,435.12,100.0,1,100.0,1
435.31,phase3_no_heading_forward,435.12,100.0,1,100.0,1
435.38,phase3_no_heading_forward,435.12,100.0,1,100.0,1
435.44,phase3_no_heading_forward,435.38,100.0,1,100.0,1
435.51,phase3_no_heading_forward,435.38,100.0,1,100.0,1
435.58,phase3_no_heading_forward,435.38,100.0,1,100.0,1
435.64,phase3_no_heading_forward,435.63,100.0,1,100.0,1
435.72,phase3_no_heading_forward,435.63,100.0,1,100.0,1
435.78,phase3_no_heading_forward,435.63,100.0,1,100.0,1
435.85,phase3_no_heading_forward,435.63,100.0,1,100.0,1
435.92,phase3_no_heading_forward,435.88,100.0,1,100.0,1
435.98,phase3_no_heading_forward,435.88,100.0,1,100.0,1
436.05,phase3_no_heading_forward,435.88,100.0,1,100.0,1
436.11,phase3_no_heading_forward,435.88,100.0,1,100.0,1
436.18,phase3_no_heading_forward,436.13,100.0,1,100.0,1
436.25,phase3_no_heading_forward,436.13,100.0,1,100.0,1
436.31,phase3_no_heading_forward,436.13,100.0,1,100.0,1
436.38,phase3_no_heading_forward,436.13,100.0,1,100.0,1
436.45,phase3_no_heading_forward,436.38,100.0,1,100.0,1
436.51,phase3_no_heading_forward,436.38,100.0,1,100.0,1
436.58,phase3_no_heading_forward,436.38,100.0,1,100.0,1
436.65,phase3_no_heading_forward,436.64,100.0,1,100.0,1
436.71,phase3_no_heading_forward,436.64,100.0,1,100.0,1
436.78,phase3_no_heading_forward,436.64,100.0,1,100.0,1
436.85,phase3_no_heading_forward,436.64,100.0,1,100.0,1
436.91,phase3_no_heading_forward,436.89,100.0,1,100.0,1
436.98,phase3_no_heading_forward,436.89,100.0,1,100.0,1
437.04,phase3_no_heading_forward,436.89,100.0,1,100.0,1
437.11,phase3_no_heading_forward,436.89,100.0,1,100.0,1
437.18,phase3_no_heading_forward,437.14,100.0,1,100.0,1
437.24,phase3_no_heading_forward,437.14,100.0,1,100.0,1
437.31,phase3_no_heading_forward,437.14,100.0,1,100.0,1
437.38,phase3_no_heading_forward,437.14,100.0,1,100.0,1
437.44,phase3_no_heading_forward,437.39,100.0,1,100.0,1
437.51,phase3_no_heading_forward,437.39,100.0,1,100.0,1
437.58,phase3_no_heading_forward,437.39,100.0,1,100.0,1
437.64,phase3_no_heading_forward,437.39,100.0,1,100.0,1
437.71,phase3_no_heading_forward,437.64,100.0,1,100.0,1
437.78,phase3_no_heading_forward,437.64,100.0,1,100.0,1
437.84,phase3_no_heading_forward,437.64,100.0,1,100.0,1
437.91,phase3_no_heading_forward,437.9,100.0,1,100.0,1
437.97,phase3_no_heading_forward,437.9,100.0,1,100.0,1
438.04,phase3_no_heading_forward,437.9,100.0,1,100.0,1
438.11,phase3_no_heading_forward,437.9,100.0,1,100.0,1
438.17,phase3_no_heading_forward,438.15,100.0,1,100.0,1
438.24,phase3_no_heading_forward,438.15,100.0,1,100.0,1
438.31,phase3_no_heading_forward,438.15,100.0,1,100.0,1
438.37,phase3_no_heading_forward,438.15,100.0,1,100.0,1
438.44,phase3_no_heading_forward,438.4,100.0,1,100.0,1
438.51,phase3_no_heading_forward,438.4,100.0,1,100.0,1
438.57,phase3_no_heading_forward,438.4,100.0,1,100.0,1
438.64,phase3_no_heading_forward,438.4,100.0,1,100.0,1
438.71,phase3_no_heading_forward,438.65,100.0,1,100.0,1
438.77,phase3_no_heading_forward,438.65,100.0,1,100.0,1
438.84,phase3_no_heading_forward,438.65,100.0,1,100.0,1
438.91,phase3_no_heading_forward,438.9,100.0,1,100.0,1
438.97,phase3_no_heading_forward,438.9,100.0,1,100.0,1
439.04,phase3_no_heading_forward,438.9,100.0,1,100.0,1
439.11,phase3_no_heading_forward,438.9,100.0,1,100.0,1
439.17,phase3_no_heading_forward,439.16,100.0,1,100.0,1
439.24,phase3_no_heading_forward,439.16,100.0,1,100.0,1
439.31,phase3_no_heading_forward,439.16,100.0,1,100.0,1
439.38,phase3_no_heading_forward,439.16,100.0,1,100.0,1
439.44,phase3_no_heading_forward,439.41,100.0,1,100.0,1
439.51,phase3_no_heading_forward,439.41,100.0,1,100.0,1
439.58,phase3_no_heading_forward,439.41,100.0,1,100.0,1
439.64,phase3_no_heading_forward,439.41,100.0,1,100.0,1
439.71,phase3_no_heading_forward,439.66,100.0,1,100.0,1
439.78,phase3_no_heading_forward,439.66,100.0,1,100.0,1
439.84,phase3_no_heading_forward,439.66,100.0,1,100.0,1
439.91,phase3_no_heading_forward,439.66,100.0,1,100.0,1
439.98,phase3_no_heading_forward,439.91,100.0,1,100.0,1
440.04,phase3_no_heading_forward,439.91,100.0,1,100.0,1
440.11,phase3_no_heading_forward,439.91,100.0,1,100.0,1
440.18,phase3_no_heading_forward,440.16,100.0,1,100.0,1
440.24,phase3_no_heading_forward,440.16,100.0,1,100.0,1
440.31,phase3_no_heading_forward,440.16,100.0,1,100.0,1
440.38,phase3_no_heading_forward,440.16,100.0,1,100.0,1
440.44,phase3_no_heading_forward,440.42,100.0,1,100.0,1
440.51,phase3_no_heading_forward,440.42,100.0,1,100.0,1
440.58,phase3_no_heading_forward,440.42,100.0,1,100.0,1
440.64,phase3_no_heading_forward,440.42,100.0,1,100.0,1
440.71,phase3_no_heading_forward,440.67,100.0,1,100.0,1
440.78,phase3_no_heading_forward,440.67,100.0,1,100.0,1
440.84,phase3_no_heading_forward,440.67,100.0,1,100.0,1
440.91,phase3_no_heading_forward,440.67,100.0,1,100.0,1
440.98,phase3_no_heading_forward,440.92,100.0,1,100.0,1
441.04,phase3_no_heading_forward,440.92,100.0,1,100.0,1
441.11,phase3_no_heading_forward,440.92,100.0,1,100.0,1
441.18,phase3_no_heading_forward,441.17,100.0,1,100.0,1
441.25,phase3_no_heading_forward,441.17,100.0,1,100.0,1
441.31,phase3_no_heading_forward,441.17,100.0,1,100.0,1
441.38,phase3_no_heading_forward,441.17,100.0,1,100.0,1
441.45,phase3_no_heading_forward,441.42,100.0,1,100.0,1
441.51,phase3_no_heading_forward,441.42,100.0,1,100.0,1
441.58,phase3_gps_turn,441.57,71.88,1,83.12,1
441.65,phase3_gps_turn,441.57,71.88,1,83.12,1
441.71,phase3_gps_turn,441.57,71.88,1,83.12,1
441.78,phase3_gps_turn,441.72,71.88,1,83.12,1
441.85,phase3_gps_turn,441.72,71.88,1,83.12,1
441.91,phase3_gps_turn,441.88,71.88,1,83.12,1
441.98,phase3_gps_turn,441.88,71.88,1,83.12,1
442.05,phase3_gps_turn,442.03,71.88,1,83.12,1
442.12,phase3_gps_turn,442.03,71.88,1,83.12,1
442.18,phase3_gps_turn,442.18,71.88,1,83.12,1
442.25,phase3_gps_turn,442.18,71.88,1,83.12,1
442.32,phase3_gps_turn,442.18,71.88,1,83.12,1
442.39,phase3_gps_turn,442.33,71.88,1,83.12,1
442.46,phase3_gps_turn,442.33,71.88,1,83.12,1
442.52,phase3_gps_turn,442.48,71.88,1,83.12,1
442.59,phase3_gps_turn,442.48,71.88,1,83.12,1
442.66,phase3_gps_turn,442.63,71.88,1,83.12,1
442.72,phase3_gps_turn,442.63,71.88,1,83.12,1
442.79,phase3_gps_turn,442.78,71.88,1,83.12,1
442.86,phase3_gps_turn,442.78,71.88,1,83.12,1
442.92,phase3_gps_turn,442.78,71.88,1,83.12,1
442.99,phase3_gps_turn,442.94,71.88,1,83.12,1
443.05,phase3_gps_turn,442.94,71.88,1,83.12,1
443.12,phase3_gps_turn,443.09,71.88,1,83.12,1
443.19,phase3_gps_turn,443.09,71.88,1,83.12,1
443.25,phase3_gps_turn,443.24,71.88,1,83.12,1
443.32,phase3_gps_turn,443.24,71.88,1,83.12,1
443.39,phase3_gps_turn,443.24,71.88,1,83.12,1
443.45,phase3_gps_turn,443.39,71.88,1,83.12,1
443.52,phase3_gps_turn,443.39,71.88,1,83.12,1
443.59,phase3_gps_turn,443.54,71.88,1,83.12,1
443.65,phase3_gps_turn,443.54,71.88,1,83.12,1
443.72,phase3_gps_turn,443.69,71.88,1,83.12,1
443.79,phase3_gps_turn,443.69,71.88,1,83.12,1
443.85,phase3_gps_turn,443.84,71.88,1,83.12,1
443.92,phase3_gps_turn,443.84,71.88,1,83.12,1
443.98,phase3_gps_turn,443.84,71.88,1,83.12,1
444.05,phase3_gps_turn,444.0,71.88,1,83.12,1
444.12,phase3_gps_turn,444.0,71.88,1,83.12,1
444.18,phase3_gps_turn,444.15,71.88,1,83.12,1
444.25,phase3_gps_turn,444.15,71.88,1,83.12,1
444.32,phase3_gps_turn,444.3,71.88,1,83.12,1
444.38,phase3_gps_turn,444.3,71.88,1,83.12,1
444.45,phase3_gps_turn,444.3,71.88,1,83.12,1
444.52,phase3_gps_turn,444.45,83.12,1,71.88,1
444.58,phase3_gps_turn,444.45,83.12,1,71.88,1
444.65,phase3_gps_turn,444.6,83.12,1,71.88,1
444.72,phase3_gps_turn,444.6,83.12,1,71.88,1
444.78,phase3_gps_turn,444.75,83.12,1,71.88,1
444.85,phase3_gps_turn,444.75,83.12,1,71.88,1
444.92,phase3_gps_turn,444.9,83.12,1,71.88,1
444.98,phase3_gps_turn,444.9,83.12,1,71.88,1
445.05,phase3_gps_turn,444.9,83.12,1,71.88,1
445.12,phase3_gps_turn,445.06,83.12,1,71.88,1
445.18,phase3_gps_turn,445.06,83.12,1,71.88,1
445.25,phase3_gps_turn,445.21,83.12,1,71.88,1
445.32,phase3_gps_turn,445.21,83.12,1,71.88,1
445.38,phase3_gps_turn,445.36,83.12,1,71.88,1
445.45,phase3_gps_turn,445.36,83.12,1,71.88,1
445.52,phase3_gps_turn,445.51,83.12,1,71.88,1
445.58,phase3_gps_turn,445.51,83.12,1,71.88,1
445.65,phase3_gps_turn,445.51,83.12,1,71.88,1
445.71,phase3_gps_turn,445.66,83.12,1,71.88,1
445.78,phase3_gps_turn,445.66,83.12,1,71.88,1
445.85,phase3_gps_turn,445.81,83.12,1,71.88,1
445.91,phase3_gps_turn,445.81,83.12,1,71.88,1
445.98,phase3_gps_turn,445.96,83.12,1,71.88,1
446.05,phase3_gps_turn,445.96,83.12,1,71.88,1
446.11,phase3_gps_turn,445.96,83.12,1,71.88,1
446.18,phase3_gps_turn,446.12,83.12,1,71.88,1
446.25,phase3_gps_turn,446.12,83.12,1,71.88,1
446.31,phase3_gps_turn,446.27,83.12,1,71.88,1
446.38,phase3_gps_turn,446.27,83.12,1,71.88,1
446.45,phase3_gps_turn,446.42,83.12,1,71.88,1
446.52,phase3_gps_turn,446.42,83.12,1,71.88,1
446.58,phase3_gps_turn,446.57,83.12,1,71.88,1
446.65,phase3_gps_turn,446.57,83.12,1,71.88,1
446.72,phase3_gps_turn,446.57,83.12,1,71.88,1
446.78,phase3_gps_turn,446.72,83.12,1,71.88,1
446.85,phase3_gps_turn,446.72,83.12,1,71.88,1
446.92,phase3_gps_turn,446.87,83.12,1,71.88,1
446.98,phase3_gps_turn,446.87,83.12,1,71.88,1
447.05,phase3_gps_turn,447.02,83.12,1,71.88,1
447.12,phase3_gps_turn,447.02,83.12,1,71.88,1
447.18,phase3_gps_turn,447.17,83.12,1,71.88,1
447.25,phase3_gps_turn,447.17,83.12,1,71.88,1
447.32,phase3_gps_turn,447.17,83.12,1,71.88,1
447.39,phase3_gps_turn,447.33,83.12,1,71.88,1
447.45,phase3_gps_turn,447.33,83.12,1,71.88,1
447.52,phase3_gps_turn,447.48,83.12,1,71.88,1
447.59,phase3_gps_turn,447.48,83.12,1,71.88,1
447.65,phase3_gps_turn,447.63,83.12,1,71.88,1
447.72,phase3_gps_turn,447.63,83.12,1,71.88,1
447.79,phase3_gps_turn,447.78,83.12,1,71.88,1
447.85,phase3_gps_turn,447.78,83.12,1,71.88,1
447.92,phase3_gps_turn,447.78,83.12,1,71.88,1
447.99,phase3_gps_turn,447.93,83.12,1,71.88,1
448.05,phase3_gps_turn,447.93,83.12,1,71.88,1
448.12,phase3_gps_turn,448.08,83.12,1,71.88,1
448.19,phase3_gps_turn,448.08,83.12,1,71.88,1
448.25,phase3_gps_turn,448.23,83.12,1,71.88,1
448.32,phase3_gps_turn,448.23,83.12,1,71.88,1
448.39,phase3_gps_turn,448.38,83.12,1,71.88,1
448.45,phase3_gps_turn,448.38,83.12,1,71.88,1
448.52,phase3_gps_turn,448.38,83.12,1,71.88,1
448.59,phase3_gps_turn,448.54,71.88,1,83.12,1
448.65,phase3_gps_turn,448.54,71.88,1,83.12,1
448.72,phase3_gps_turn,448.69,71.88,1,83.12,1
448.79,phase3_gps_turn,448.69,71.88,1,83.12,1
448.87,phase3_gps_turn,448.84,71.88,1,83.12,1
448.93,phase3_gps_turn,448.84,71.88,1,83.12,1
449.0,phase3_gps_turn,448.99,71.88,1,83.12,1
449.06,phase3_gps_turn,448.99,71.88,1,83.12,1
449.13,phase3_gps_turn,448.99,71.88,1,83.12,1
449.2,phase3_gps_turn,449.14,71.88,1,83.12,1
449.26,phase3_gps_turn,449.14,71.88,1,83.12,1
449.33,phase3_gps_turn,449.29,71.88,1,83.12,1
449.4,phase3_gps_turn,449.29,71.88,1,83.12,1
449.46,phase3_gps_turn,449.45,83.12,1,71.88,1
449.53,phase3_gps_turn,449.45,83.12,1,71.88,1
449.59,phase3_gps_turn,449.45,83.12,1,71.88,1
449.66,phase3_gps_turn,449.6,83.12,1,71.88,1
449.73,phase3_gps_turn,449.6,83.12,1,71.88,1
449.79,phase3_gps_turn,449.75,83.12,1,71.88,1
449.86,phase3_gps_turn,449.75,83.12,1,71.88,1
449.92,phase3_gps_turn,449.9,83.12,1,71.88,1
449.99,phase3_gps_turn,449.9,83.12,1,71.88,1
450.06,phase3_gps_turn,450.05,83.12,1,71.88,1
450.12,phase3_gps_turn,450.05,83.12,1,71.88,1
450.19,phase3_gps_turn,450.05,83.12,1,71.88,1
450.26,phase3_gps_turn,450.2,83.12,1,71.88,1
450.32,phase3_gps_turn,450.2,83.12,1,71.88,1
450.39,phase3_gps_turn,450.35,83.12,1,71.88,1
450.46,phase3_gps_turn,450.35,83.12,1,71.88,1
450.52,phase3_gps_turn,450.5,83.12,1,71.88,1
450.59,phase3_gps_turn,450.5,83.12,1,71.88,1
450.66,phase3_gps_turn,450.66,83.12,1,71.88,1
450.72,phase3_gps_turn,450.66,83.12,1,71.88,1
450.79,phase3_gps_turn,450.66,83.12,1,71.88,1
450.86,phase3_gps_turn,450.81,83.12,1,71.88,1
450.92,phase3_gps_turn,450.81,83.12,1,71.88,1
450.99,phase3_gps_turn,450.96,83.12,1,71.88,1
451.06,phase3_gps_turn,450.96,83.12,1,71.88,1
451.12,phase3_gps_turn,451.11,83.12,1,71.88,1
451.19,phase3_gps_turn,451.11,83.12,1,71.88,1
451.25,phase3_gps_turn,451.11,83.12,1,71.88,1
451.32,phase3_gps_turn,451.26,83.12,1,71.88,1
451.39,phase3_gps_turn,451.26,83.12,1,71.88,1
451.45,phase3_gps_turn,451.41,83.12,1,71.88,1
451.52,phase3_gps_turn,451.41,83.12,1,71.88,1
451.59,phase3_gps_turn,451.56,83.12,1,71.88,1
451.65,phase3_gps_turn,451.56,83.12,1,71.88,1
451.72,phase3_gps_turn,451.71,83.12,1,71.88,1
451.79,phase3_gps_turn,451.71,83.12,1,71.88,1
451.85,phase3_gps_turn,451.71,83.12,1,71.88,1
451.92,phase3_gps_turn,451.87,83.12,1,71.88,1
451.99,phase3_gps_turn,451.87,83.12,1,71.88,1
452.05,phase3_gps_turn,452.02,83.12,1,71.88,1
452.12,phase3_gps_turn,452.02,83.12,1,71.88,1
452.19,phase3_gps_turn,452.17,83.12,1,71.88,1
452.25,phase3_gps_turn,452.17,83.12,1,71.88,1
452.32,phase3_gps_turn,452.17,83.12,1,71.88,1
452.39,phase3_gps_turn,452.32,83.12,1,71.88,1
452.45,phase3_gps_turn,452.32,83.12,1,71.88,1
452.52,phase3_gps_turn,452.47,83.12,1,71.88,1
452.59,phase3_gps_turn,452.47,83.12,1,71.88,1
452.65,phase3_gps_turn,452.62,83.12,1,71.88,1
452.72,phase3_gps_turn,452.62,83.12,1,71.88,1
452.79,phase3_gps_turn,452.77,83.12,1,71.88,1
452.85,phase3_gps_turn,452.77,83.12,1,71.88,1
452.92,phase3_gps_turn,452.77,83.12,1,71.88,1
452.99,phase3_gps_turn,452.93,83.12,1,71.88,1
453.05,phase3_gps_turn,452.93,83.12,1,71.88,1
453.12,phase3_gps_turn,453.08,83.12,1,71.88,1
453.19,phase3_gps_turn,453.08,83.12,1,71.88,1
453.25,phase3_gps_turn,453.23,83.12,1,71.88,1
453.32,phase3_gps_turn,453.23,83.12,1,71.88,1
453.39,phase3_gps_turn,453.38,83.12,1,71.88,1
453.45,phase3_gps_turn,453.38,83.12,1,71.88,1
453.52,phase3_gps_turn,453.38,83.12,1,71.88,1
453.59,phase3_gps_turn,453.53,83.12,1,71.88,1
453.65,phase3_gps_turn,453.53,83.12,1,71.88,1
453.72,phase3_gps_turn,453.68,83.12,1,71.88,1
453.79,phase3_gps_turn,453.68,83.12,1,71.88,1
453.85,phase3_gps_turn,453.83,83.12,1,71.88,1
453.92,phase3_gps_turn,453.83,83.12,1,71.88,1
453.99,phase3_gps_turn,453.98,83.12,1,71.88,1
454.06,phase3_gps_turn,453.98,83.12,1,71.88,1
454.12,phase3_gps_turn,453.98,83.12,1,71.88,1
454.19,phase3_gps_turn,454.14,83.12,1,71.88,1
454.26,phase3_gps_turn,454.14,83.12,1,71.88,1
454.32,phase3_gps_turn,454.29,83.12,1,71.88,1
454.39,phase3_gps_turn,454.29,83.12,1,71.88,1
454.46,phase3_gps_turn,454.44,83.12,1,71.88,1
454.53,phase3_gps_turn,454.44,83.12,1,71.88,1
454.59,phase3_gps_turn,454.59,83.12,1,71.88,1
454.66,phase3_gps_turn,454.59,83.12,1,71.88,1
454.73,phase3_gps_turn,454.59,83.12,1,71.88,1
454.79,phase3_gps_turn,454.74,83.12,1,71.88,1
454.86,phase3_gps_turn,454.74,83.12,1,71.88,1
454.93,phase3_gps_turn,454.89,83.12,1,71.88,1
454.99,phase3_gps_turn,454.89,83.12,1,71.88,1
455.06,phase3_gps_turn,455.04,83.12,1,71.88,1
455.13,phase3_gps_turn,455.04,83.12,1,71.88,1
455.2,phase3_gps_turn,455.19,83.12,1,71.88,1
455.26,phase3_gps_turn,455.19,83.12,1,71.88,1
455.33,phase3_gps_turn,455.19,83.12,1,71.88,1
455.4,phase3_gps_turn,455.35,83.12,1,71.88,1
455.47,phase3_gps_turn,455.35,83.12,1,71.88,1
455.54,phase3_gps_turn,455.5,83.12,1,71.88,1
455.61,phase3_gps_turn,455.5,83.12,1,71.88,1
455.67,phase3_gps_turn,455.65,83.12,1,71.88,1
455.74,phase3_gps_turn,455.65,83.12,1,71.88,1
455.8,phase3_gps_turn,455.8,83.12,1,71.88,1
455.87,phase3_gps_turn,455.8,83.12,1,71.88,1
455.94,phase3_gps_turn,455.8,83.12,1,71.88,1
456.0,phase3_gps_turn,455.95,83.12,1,71.88,1
456.07,phase3_gps_turn,455.95,83.12,1,71.88,1
456.14,phase3_gps_turn,456.1,83.12,1,71.88,1
456.2,phase3_gps_turn,456.1,83.12,1,71.88,1
456.27,phase3_gps_turn,456.26,83.12,1,71.88,1
456.33,phase3_gps_turn,456.26,83.12,1,71.88,1
456.4,phase3_gps_turn,456.26,83.12,1,71.88,1
456.47,phase3_gps_turn,456.41,83.12,1,71.88,1
456.54,phase3_gps_turn,456.41,83.12,1,71.88,1
456.6,phase3_gps_turn,456.56,83.12,1,71.88,1
456.67,phase3_gps_turn,456.56,83.12,1,71.88,1
456.73,phase3_gps_turn,456.71,83.12,1,71.88,1
456.8,phase3_gps_turn,456.71,83.12,1,71.88,1
456.87,phase3_gps_turn,456.86,83.12,1,71.88,1
456.93,phase3_gps_turn,456.86,83.12,1,71.88,1
457.0,phase3_gps_turn,456.86,83.12,1,71.88,1
457.07,phase3_gps_turn,457.01,83.12,1,71.88,1
457.13,phase3_gps_turn,457.01,83.12,1,71.88,1
457.2,phase3_gps_turn,457.16,83.12,1,71.88,1
457.26,phase3_gps_turn,457.16,83.12,1,71.88,1
457.33,phase3_gps_turn,457.31,83.12,1,71.88,1
457.4,phase3_gps_turn,457.31,83.12,1,71.88,1
457.46,phase3_gps_turn,457.31,83.12,1,71.88,1
457.53,phase3_gps_turn,457.47,83.12,1,71.88,1
457.6,phase3_gps_turn,457.47,83.12,1,71.88,1
457.66,phase3_gps_turn,457.62,83.12,1,71.88,1
457.73,phase3_gps_turn,457.62,83.12,1,71.88,1
457.8,phase3_gps_turn,457.77,83.12,1,71.88,1
457.86,phase3_gps_turn,457.77,83.12,1,71.88,1
457.93,phase3_gps_turn,457.92,83.12,1,71.88,1
458.0,phase3_gps_turn,457.92,83.12,1,71.88,1
458.06,phase3_gps_turn,457.92,83.12,1,71.88,1
458.13,phase3_gps_turn,458.07,83.12,1,71.88,1
458.19,phase3_gps_turn,458.07,83.12,1,71.88,1
458.26,phase3_gps_turn,458.22,83.12,1,71.88,1
458.33,phase3_gps_turn,458.22,83.12,1,71.88,1
458.4,phase3_gps_turn,458.37,83.12,1,71.88,1
458.46,phase3_gps_turn,458.37,83.12,1,71.88,1
458.53,phase3_gps_turn,458.52,83.12,1,71.88,1
458.6,phase3_gps_turn,458.52,83.12,1,71.88,1
458.66,phase3_gps_turn,458.52,83.12,1,71.88,1
458.73,phase3_gps_turn,458.68,83.12,1,71.88,1
458.79,phase3_gps_turn,458.68,83.12,1,71.88,1
458.86,phase3_gps_turn,458.83,83.12,1,71.88,1
458.93,phase3_gps_turn,458.83,83.12,1,71.88,1
459.0,phase3_gps_turn,458.98,83.12,1,71.88,1
459.06,phase3_gps_turn,458.98,83.12,1,71.88,1
459.13,phase3_gps_turn,458.98,83.12,1,71.88,1
459.2,phase3_gps_turn,459.13,83.12,1,71.88,1
459.26,phase3_gps_turn,459.13,83.12,1,71.88,1
459.33,phase3_gps_turn,459.28,83.12,1,71.88,1
459.4,phase3_gps_turn,459.28,83.12,1,71.88,1
459.47,phase3_gps_turn,459.43,83.12,1,71.88,1
459.53,phase3_gps_turn,459.43,83.12,1,71.88,1
459.6,phase3_gps_turn,459.43,83.12,1,71.88,1
459.67,phase3_gps_turn,459.43,83.12,1,71.88,1
459.73,phase3_no_heading_forward,459.68,100.0,1,100.0,1
459.8,phase3_no_heading_forward,459.68,100.0,1,100.0,1
459.87,phase3_no_heading_forward,459.68,100.0,1,100.0,1
459.93,phase3_no_heading_forward,459.68,100.0,1,100.0,1
460.0,phase3_no_heading_forward,459.94,100.0,1,100.0,1
460.07,phase3_no_heading_forward,459.94,100.0,1,100.0,1
460.13,phase3_no_heading_forward,459.94,100.0,1,100.0,1
460.2,phase3_no_heading_forward,460.19,100.0,1,100.0,1
460.27,phase3_no_heading_forward,460.19,100.0,1,100.0,1
460.33,phase3_no_heading_forward,460.19,100.0,1,100.0,1
460.4,phase3_no_heading_forward,460.19,100.0,1,100.0,1
460.47,phase3_no_heading_forward,460.44,100.0,1,100.0,1
460.54,phase3_no_heading_forward,460.44,100.0,1,100.0,1
460.6,phase3_no_heading_forward,460.44,100.0,1,100.0,1
460.67,phase3_no_heading_forward,460.44,100.0,1,100.0,1
460.74,phase3_no_heading_forward,460.69,100.0,1,100.0,1
460.81,phase3_no_heading_forward,460.69,100.0,1,100.0,1
460.87,phase3_no_heading_forward,460.69,100.0,1,100.0,1
460.94,phase3_no_heading_forward,460.69,100.0,1,100.0,1
461.01,phase3_no_heading_forward,460.94,100.0,1,100.0,1
461.07,phase3_no_heading_forward,460.94,100.0,1,100.0,1
461.14,phase3_no_heading_forward,460.94,100.0,1,100.0,1
461.21,phase3_no_heading_forward,461.2,100.0,1,100.0,1
461.27,phase3_no_heading_forward,461.2,100.0,1,100.0,1
461.34,phase3_no_heading_forward,461.2,100.0,1,100.0,1
461.41,phase3_no_heading_forward,461.2,100.0,1,100.0,1
461.48,phase3_no_heading_forward,461.45,100.0,1,100.0,1
461.55,phase3_no_heading_forward,461.45,100.0,1,100.0,1
461.61,phase3_no_heading_forward,461.45,100.0,1,100.0,1
461.68,phase3_no_heading_forward,461.45,100.0,1,100.0,1
461.75,phase3_no_heading_forward,461.7,100.0,1,100.0,1
461.81,phase3_no_heading_forward,461.7,100.0,1,100.0,1
461.88,phase3_no_heading_forward,461.7,100.0,1,100.0,1
461.95,phase3_no_heading_forward,461.7,100.0,1,100.0,1
462.01,phase3_no_heading_forward,461.95,100.0,1,100.0,1
462.09,phase3_no_heading_forward,461.95,100.0,1,100.0,1
462.16,phase3_no_heading_forward,461.95,100.0,1,100.0,1
462.22,phase3_no_heading_forward,462.2,100.0,1,100.0,1
462.29,phase3_no_heading_forward,462.2,100.0,1,100.0,1
462.35,phase3_no_heading_forward,462.2,100.0,1,100.0,1
462.42,phase3_no_heading_forward,462.2,100.0,1,100.0,1
462.49,phase3_no_heading_forward,462.46,100.0,1,100.0,1
462.55,phase3_no_heading_forward,462.46,100.0,1,100.0,1
462.62,phase3_no_heading_forward,462.46,100.0,1,100.0,1
462.69,phase3_no_heading_forward,462.46,100.0,1,100.0,1
462.75,phase3_no_heading_forward,462.71,100.0,1,100.0,1
462.82,phase3_no_heading_forward,462.71,100.0,1,100.0,1
462.89,phase3_no_heading_forward,462.71,100.0,1,100.0,1
462.95,phase3_no_heading_forward,462.71,100.0,1,100.0,1
463.02,phase3_no_heading_forward,462.96,100.0,1,100.0,1
463.08,phase3_no_heading_forward,462.96,100.0,1,100.0,1
463.15,phase3_no_heading_forward,462.96,100.0,1,100.0,1
463.22,phase3_no_heading_forward,463.21,100.0,1,100.0,1
463.28,phase3_no_heading_forward,463.21,100.0,1,100.0,1
463.35,phase3_no_heading_forward,463.21,100.0,1,100.0,1
463.42,phase3_no_heading_forward,463.21,100.0,1,100.0,1
463.48,phase3_no_heading_forward,463.46,100.0,1,100.0,1
463.55,phase3_no_heading_forward,463.46,100.0,1,100.0,1
463.62,phase3_no_heading_forward,463.46,100.0,1,100.0,1
463.68,phase3_no_heading_forward,463.46,100.0,1,100.0,1
463.75,phase3_no_heading_forward,463.71,100.0,1,100.0,1
463.81,phase3_no_heading_forward,463.71,100.0,1,100.0,1
463.88,phase3_no_heading_forward,463.71,100.0,1,100.0,1
463.95,phase3_no_heading_forward,463.71,100.0,1,100.0,1
464.01,phase3_no_heading_forward,463.97,100.0,1,100.0,1
464.08,phase3_no_heading_forward,463.97,100.0,1,100.0,1
464.15,phase3_no_heading_forward,463.97,100.0,1,100.0,1
464.21,phase3_no_heading_forward,463.97,100.0,1,100.0,1
464.28,phase3_no_heading_forward,464.22,100.0,1,100.0,1
464.35,phase3_no_heading_forward,464.22,100.0,1,100.0,1
464.41,phase3_no_heading_forward,464.22,100.0,1,100.0,1
464.48,phase3_no_heading_forward,464.47,100.0,1,100.0,1
464.55,phase3_no_heading_forward,464.47,100.0,1,100.0,1
464.61,phase3_no_heading_forward,464.47,100.0,1,100.0,1
464.68,phase3_no_heading_forward,464.47,100.0,1,100.0,1
464.75,phase3_no_heading_forward,464.72,100.0,1,100.0,1
464.81,phase3_no_heading_forward,464.72,100.0,1,100.0,1
464.88,phase3_no_heading_forward,464.72,100.0,1,100.0,1
464.94,phase3_no_heading_forward,464.72,100.0,1,100.0,1
465.01,phase3_no_heading_forward,464.97,100.0,1,100.0,1
465.08,phase3_no_heading_forward,464.97,100.0,1,100.0,1
465.14,phase3_no_heading_forward,464.97,100.0,1,100.0,1
465.21,phase3_no_heading_forward,464.97,100.0,1,100.0,1
465.28,phase3_no_heading_forward,465.23,100.0,1,100.0,1
465.34,phase3_no_heading_forward,465.23,100.0,1,100.0,1
465.41,phase3_no_heading_forward,465.23,100.0,1,100.0,1
465.48,phase3_no_heading_forward,465.48,100.0,1,100.0,1
465.54,phase3_no_heading_forward,465.48,100.0,1,100.0,1
465.61,phase3_no_heading_forward,465.48,100.0,1,100.0,1
465.68,phase3_no_heading_forward,465.48,100.0,1,100.0,1
465.74,phase3_no_heading_forward,465.73,100.0,1,100.0,1
465.81,phase3_no_heading_forward,465.73,100.0,1,100.0,1
465.88,phase3_no_heading_forward,465.73,100.0,1,100.0,1
465.95,phase3_no_heading_forward,465.73,100.0,1,100.0,1
466.01,phase3_no_heading_forward,465.98,100.0,1,100.0,1
466.08,phase3_no_heading_forward,465.98,100.0,1,100.0,1
466.15,phase3_no_heading_forward,465.98,100.0,1,100.0,1
466.21,phase3_no_heading_forward,465.98,100.0,1,100.0,1
466.28,phase3_no_heading_forward,466.23,100.0,1,100.0,1
466.35,phase3_no_heading_forward,466.23,100.0,1,100.0,1
466.41,phase3_no_heading_forward,466.23,100.0,1,100.0,1
466.48,phase3_no_heading_forward,466.23,100.0,1,100.0,1
466.55,phase3_no_heading_forward,466.48,100.0,1,100.0,1
466.62,phase3_no_heading_forward,466.48,100.0,1,100.0,1
466.68,phase3_no_heading_forward,466.48,100.0,1,100.0,1
466.75,phase3_no_heading_forward,466.74,100.0,1,100.0,1
466.82,phase3_no_heading_forward,466.74,100.0,1,100.0,1
466.88,phase3_no_heading_forward,466.74,100.0,1,100.0,1
466.95,phase3_no_heading_forward,466.74,100.0,1,100.0,1
467.02,phase3_no_heading_forward,466.99,100.0,1,100.0,1
467.09,phase3_no_heading_forward,466.99,100.0,1,100.0,1
467.15,phase3_no_heading_forward,466.99,100.0,1,100.0,1
467.22,phase3_no_heading_forward,466.99,100.0,1,100.0,1
467.29,phase3_no_heading_forward,467.24,100.0,1,100.0,1
467.36,phase3_no_heading_forward,467.24,100.0,1,100.0,1
467.42,phase3_no_heading_forward,467.24,100.0,1,100.0,1
467.49,phase3_no_heading_forward,467.24,100.0,1,100.0,1
467.56,phase3_no_heading_forward,467.49,100.0,1,100.0,1
467.62,phase3_no_heading_forward,467.49,100.0,1,100.0,1
467.69,phase3_no_heading_forward,467.49,100.0,1,100.0,1
467.76,phase3_no_heading_forward,467.74,100.0,1,100.0,1
467.82,phase3_no_heading_forward,467.74,100.0,1,100.0,1
467.89,phase3_no_heading_forward,467.74,100.0,1,100.0,1
467.96,phase3_no_heading_forward,467.74,100.0,1,100.0,1
468.02,phase3_no_heading_forward,468.0,100.0,1,100.0,1
468.09,phase3_no_heading_forward,468.0,100.0,1,100.0,1
468.16,phase3_no_heading_forward,468.0,100.0,1,100.0,1
468.23,phase3_no_heading_forward,468.0,100.0,1,100.0,1
468.29,phase3_no_heading_forward,468.25,100.0,1,100.0,1
468.36,phase3_no_heading_forward,468.25,100.0,1,100.0,1
468.43,phase3_no_heading_forward,468.25,100.0,1,100.0,1
468.49,phase3_no_heading_forward,468.25,100.0,1,100.0,1
468.56,phase3_no_heading_forward,468.5,100.0,1,100.0,1
468.63,phase3_no_heading_forward,468.5,100.0,1,100.0,1
468.7,phase3_no_heading_forward,468.5,100.0,1,100.0,1
468.77,phase3_no_heading_forward,468.75,100.0,1,100.0,1
468.84,phase3_no_heading_forward,468.75,100.0,1,100.0,1
468.9,phase3_no_heading_forward,468.75,100.0,1,100.0,1
468.97,phase3_no_heading_forward,468.75,100.0,1,100.0,1
469.04,phase3_no_heading_forward,469.0,100.0,1,100.0,1
469.1,phase3_no_heading_forward,469.0,100.0,1,100.0,1
469.17,phase3_no_heading_forward,469.0,100.0,1,100.0,1
469.24,phase3_no_heading_forward,469.0,100.0,1,100.0,1
469.3,phase3_no_heading_forward,469.26,100.0,1,100.0,1
469.37,phase3_no_heading_forward,469.26,100.0,1,100.0,1
469.43,phase3_no_heading_forward,469.26,100.0,1,100.0,1
469.5,phase3_no_heading_forward,469.26,100.0,1,100.0,1
469.57,phase3_no_heading_forward,469.51,100.0,1,100.0,1
469.63,phase3_no_heading_forward,469.51,100.0,1,100.0,1
469.7,phase3_no_heading_forward,469.51,100.0,1,100.0,1
469.77,phase3_no_heading_forward,469.76,100.0,1,100.0,1
469.83,phase3_no_heading_forward,469.76,100.0,1,100.0,1
469.9,phase3_no_heading_forward,469.76,100.0,1,100.0,1
469.97,phase3_no_heading_forward,469.76,100.0,1,100.0,1
470.03,phase3_no_heading_forward,470.01,100.0,1,100.0,1
470.1,phase3_no_heading_forward,470.01,100.0,1,100.0,1
470.17,phase3_no_heading_forward,470.01,100.0,1,100.0,1
470.23,phase3_no_heading_forward,470.01,100.0,1,100.0,1
470.3,phase3_no_heading_forward,470.26,100.0,1,100.0,1
470.37,phase3_no_heading_forward,470.26,100.0,1,100.0,1
470.43,phase3_no_heading_forward,470.26,100.0,1,100.0,1
470.5,phase3_no_heading_forward,470.26,100.0,1,100.0,1
470.57,phase3_no_heading_forward,470.51,100.0,1,100.0,1
470.63,phase3_no_heading_forward,470.51,100.0,1,100.0,1
470.7,phase3_no_heading_forward,470.51,100.0,1,100.0,1
470.77,phase3_no_heading_forward,470.51,100.0,1,100.0,1
470.83,phase3_no_heading_forward,470.77,100.0,1,100.0,1
470.9,phase3_no_heading_forward,470.77,100.0,1,100.0,1
470.97,phase3_no_heading_forward,470.77,100.0,1,100.0,1
471.03,phase3_no_heading_forward,471.02,100.0,1,100.0,1
471.1,phase3_no_heading_forward,471.02,100.0,1,100.0,1
471.17,phase3_no_heading_forward,471.02,100.0,1,100.0,1
471.23,phase3_no_heading_forward,471.02,100.0,1,100.0,1
471.3,phase3_no_heading_forward,471.27,100.0,1,100.0,1
471.37,phase3_no_heading_forward,471.27,100.0,1,100.0,1
471.43,phase3_no_heading_forward,471.27,100.0,1,100.0,1
471.5,phase3_no_heading_forward,471.27,100.0,1,100.0,1
471.56,phase3_no_heading_forward,471.52,100.0,1,100.0,1
471.63,phase3_no_heading_forward,471.52,100.0,1,100.0,1
471.7,phase3_no_heading_forward,471.52,100.0,1,100.0,1
471.76,phase3_no_heading_forward,471.52,100.0,1,100.0,1
471.83,phase3_no_heading_forward,471.77,100.0,1,100.0,1
471.9,phase3_no_heading_forward,471.77,100.0,1,100.0,1
471.96,phase3_no_heading_forward,471.77,100.0,1,100.0,1
472.03,phase3_no_heading_forward,472.03,100.0,1,100.0,1
472.1,phase3_no_heading_forward,472.03,100.0,1,100.0,1
472.16,phase3_no_heading_forward,472.03,100.0,1,100.0,1
472.23,phase3_no_heading_forward,472.03,100.0,1,100.0,1
472.3,phase3_no_heading_forward,472.28,100.0,1,100.0,1
472.36,phase3_no_heading_forward,472.28,100.0,1,100.0,1
472.43,phase3_no_heading_forward,472.28,100.0,1,100.0,1
472.5,phase3_no_heading_forward,472.28,100.0,1,100.0,1
472.56,phase3_no_heading_forward,472.53,100.0,1,100.0,1
472.63,phase3_no_heading_forward,472.53,100.0,1,100.0,1
472.7,phase3_no_heading_forward,472.53,100.0,1,100.0,1
472.76,phase3_no_heading_forward,472.53,100.0,1,100.0,1
472.83,phase3_no_heading_forward,472.78,100.0,1,100.0,1
472.9,phase3_no_heading_forward,472.78,100.0,1,100.0,1
472.96,phase3_no_heading_forward,472.78,100.0,1,100.0,1
473.03,phase3_no_heading_forward,472.78,100.0,1,100.0,1
473.1,phase3_no_heading_forward,473.03,100.0,1,100.0,1
473.17,phase3_no_heading_forward,473.03,100.0,1,100.0,1
473.23,phase3_no_heading_forward,473.03,100.0,1,100.0,1
473.3,phase3_no_heading_forward,473.29,100.0,1,100.0,1
473.37,phase3_no_heading_forward,473.29,100.0,1,100.0,1
473.43,phase3_no_heading_forward,473.29,100.0,1,100.0,1
473.5,phase3_no_heading_forward,473.29,100.0,1,100.0,1
473.57,phase3_no_heading_forward,473.54,100.0,1,100.0,1
473.63,phase3_no_heading_forward,473.54,100.0,1,100.0,1
473.7,phase3_no_heading_forward,473.54,100.0,1,100.0,1
473.77,phase3_no_heading_forward,473.54,100.0,1,100.0,1
473.84,phase3_no_heading_forward,473.79,100.0,1,100.0,1
473.9,phase3_no_heading_forward,473.79,100.0,1,100.0,1
473.97,phase3_no_heading_forward,473.79,100.0,1,100.0,1
474.04,phase3_no_heading_forward,473.79,100.0,1,100.0,1
474.1,phase3_no_heading_forward,474.04,100.0,1,100.0,1
474.17,phase3_no_heading_forward,474.04,100.0,1,100.0,1
474.24,phase3_no_heading_forward,474.04,100.0,1,100.0,1
474.3,phase3_no_heading_forward,474.29,100.0,1,100.0,1
474.37,phase3_no_heading_forward,474.29,100.0,1,100.0,1
474.44,phase3_no_heading_forward,474.29,100.0,1,100.0,1
474.5,phase3_no_heading_forward,474.29,100.0,1,100.0,1
474.57,phase3_no_heading_forward,474.54,100.0,1,100.0,1
474.64,phase3_no_heading_forward,474.54,100.0,1,100.0,1
474.71,phase3_no_heading_forward,474.54,100.0,1,100.0,1
474.77,phase3_no_heading_forward,474.54,100.0,1,100.0,1
474.84,phase3_no_heading_forward,474.8,100.0,1,100.0,1
474.91,phase3_no_heading_forward,474.8,100.0,1,100.0,1
474.98,phase3_no_heading_forward,474.8,100.0,1,100.0,1
475.04,phase3_no_heading_forward,474.8,100.0,1,100.0,1
475.11,phase3_no_heading_forward,475.05,100.0,1,100.0,1
475.18,phase3_no_heading_forward,475.05,100.0,1,100.0,1
475.25,phase3_no_heading_forward,475.05,100.0,1,100.0,1
475.32,phase3_no_heading_forward,475.3,100.0,1,100.0,1
475.39,phase3_no_heading_forward,475.3,100.0,1,100.0,1
475.45,phase3_no_heading_forward,475.3,100.0,1,100.0,1
475.52,phase3_no_heading_forward,475.3,100.0,1,100.0,1
475.58,phase3_no_heading_forward,475.55,100.0,1,100.0,1
475.65,phase3_no_heading_forward,475.55,100.0,1,100.0,1
475.72,phase3_no_heading_forward,475.55,100.0,1,100.0,1
475.78,phase3_no_heading_forward,475.55,100.0,1,100.0,1
475.85,phase3_no_heading_forward,475.8,100.0,1,100.0,1
475.92,phase3_no_heading_forward,475.8,100.0,1,100.0,1
475.98,phase3_no_heading_forward,475.8,100.0,1,100.0,1
476.05,phase3_no_heading_forward,475.8,100.0,1,100.0,1
476.12,phase3_no_heading_forward,476.06,100.0,1,100.0,1
476.18,phase3_no_heading_forward,476.06,100.0,1,100.0,1
476.25,phase3_no_heading_forward,476.06,100.0,1,100.0,1
476.31,phase3_no_heading_forward,476.31,100.0,1,100.0,1
476.38,phase3_no_heading_forward,476.31,100.0,1,100.0,1
476.45,phase3_no_heading_forward,476.31,100.0,1,100.0,1
476.51,phase3_no_heading_forward,476.31,100.0,1,100.0,1
476.58,phase3_no_heading_forward,476.56,100.0,1,100.0,1
476.66,phase3_no_heading_forward,476.56,100.0,1,100.0,1
476.72,phase3_no_heading_forward,476.56,100.0,1,100.0,1
476.79,phase3_no_heading_forward,476.56,100.0,1,100.0,1
476.86,phase3_no_heading_forward,476.81,100.0,1,100.0,1
476.92,phase3_no_heading_forward,476.81,100.0,1,100.0,1
476.99,phase3_no_heading_forward,476.81,100.0,1,100.0,1
477.05,phase3_no_heading_forward,476.81,100.0,1,100.0,1
477.12,phase3_no_heading_forward,477.06,100.0,1,100.0,1
477.19,phase3_no_heading_forward,477.06,100.0,1,100.0,1
477.25,phase3_no_heading_forward,477.06,100.0,1,100.0,1
477.32,phase3_no_heading_forward,477.32,100.0,1,100.0,1
477.39,phase3_no_heading_forward,477.32,100.0,1,100.0,1
477.45,phase3_no_heading_forward,477.32,100.0,1,100.0,1
477.52,phase3_no_heading_forward,477.32,100.0,1,100.0,1
477.59,phase3_no_heading_forward,477.57,100.0,1,100.0,1
477.65,phase3_no_heading_forward,477.57,100.0,1,100.0,1
477.72,phase3_no_heading_forward,477.57,100.0,1,100.0,1
477.79,phase3_no_heading_forward,477.57,100.0,1,100.0,1
477.85,phase3_no_heading_forward,477.82,100.0,1,100.0,1
477.92,phase3_no_heading_forward,477.82,100.0,1,100.0,1
477.99,phase3_no_heading_forward,477.82,100.0,1,100.0,1
478.05,phase3_no_heading_forward,477.82,100.0,1,100.0,1
478.12,phase3_no_heading_forward,478.07,100.0,1,100.0,1
478.19,phase3_no_heading_forward,478.07,100.0,1,100.0,1
478.25,phase3_no_heading_forward,478.07,100.0,1,100.0,1
478.32,phase3_no_heading_forward,478.07,100.0,1,100.0,1
478.38,phase3_no_heading_forward,478.32,100.0,1,100.0,1
478.45,phase3_no_heading_forward,478.32,100.0,1,100.0,1
478.52,phase3_no_heading_forward,478.32,100.0,1,100.0,1
478.58,phase3_no_heading_forward,478.57,100.0,1,100.0,1
478.65,phase3_no_heading_forward,478.57,100.0,1,100.0,1
478.72,phase3_no_heading_forward,478.57,100.0,1,100.0,1
478.78,phase3_no_heading_forward,478.57,100.0,1,100.0,1
478.85,phase3_no_heading_forward,478.83,100.0,1,100.0,1
478.92,phase3_no_heading_forward,478.83,100.0,1,100.0,1
478.98,phase3_no_heading_forward,478.83,100.0,1,100.0,1
479.05,phase3_no_heading_forward,478.83,100.0,1,100.0,1
479.12,phase3_no_heading_forward,479.08,100.0,1,100.0,1
479.18,phase3_no_heading_forward,479.08,100.0,1,100.0,1
479.25,phase3_no_heading_forward,479.08,100.0,1,100.0,1
479.32,phase3_no_heading_forward,479.08,100.0,1,100.0,1
479.38,phase3_no_heading_forward,479.33,100.0,1,100.0,1
479.45,phase3_no_heading_forward,479.33,100.0,1,100.0,1
479.52,phase3_no_heading_forward,479.33,100.0,1,100.0,1
479.58,phase3_no_heading_forward,479.33,100.0,1,100.0,1
479.65,phase3_no_heading_forward,479.58,100.0,1,100.0,1
479.72,phase3_no_heading_forward,479.58,100.0,1,100.0,1
479.78,phase3_no_heading_forward,479.58,100.0,1,100.0,1
479.85,phase3_no_heading_forward,479.83,100.0,1,100.0,1
479.92,phase3_no_heading_forward,479.83,100.0,1,100.0,1
479.98,phase3_no_heading_forward,479.83,100.0,1,100.0,1
480.05,phase3_no_heading_forward,479.83,100.0,1,100.0,1
480.12,phase3_no_heading_forward,480.09,100.0,1,100.0,1
480.18,phase3_no_heading_forward,480.09,100.0,1,100.0,1
480.25,phase3_no_heading_forward,480.09,100.0,1,100.0,1
480.32,phase3_no_heading_forward,480.09,100.0,1,100.0,1
480.38,phase3_no_heading_forward,480.34,100.0,1,100.0,1
480.45,phase3_no_heading_forward,480.34,100.0,1,100.0,1
480.52,phase3_no_heading_forward,480.34,100.0,1,100.0,1
480.59,phase3_no_heading_forward,480.34,100.0,1,100.0,1
480.65,phase3_no_heading_forward,480.59,100.0,1,100.0,1
480.72,phase3_no_heading_forward,480.59,100.0,1,100.0,1
480.79,phase3_no_heading_forward,480.59,100.0,1,100.0,1
480.85,phase3_no_heading_forward,480.84,100.0,1,100.0,1
480.92,phase3_no_heading_forward,480.84,100.0,1,100.0,1
480.99,phase3_no_heading_forward,480.84,100.0,1,100.0,1
481.05,phase3_no_heading_forward,480.84,100.0,1,100.0,1
481.12,phase3_no_heading_forward,481.09,100.0,1,100.0,1
481.19,phase3_no_heading_forward,481.09,100.0,1,100.0,1
481.25,phase3_no_heading_forward,481.09,100.0,1,100.0,1
481.32,phase3_no_heading_forward,481.09,100.0,1,100.0,1
481.39,phase3_no_heading_forward,481.34,100.0,1,100.0,1
481.45,phase3_no_heading_forward,481.34,100.0,1,100.0,1
481.52,phase3_no_heading_forward,481.34,100.0,1,100.0,1
481.59,phase3_no_heading_forward,481.34,100.0,1,100.0,1
481.65,phase3_no_heading_forward,481.6,100.0,1,100.0,1
481.72,phase3_no_heading_forward,481.6,100.0,1,100.0,1
481.79,phase3_no_heading_forward,481.6,100.0,1,100.0,1
481.86,phase3_no_heading_forward,481.85,100.0,1,100.0,1
481.92,phase3_no_heading_forward,481.85,100.0,1,100.0,1
481.99,phase3_no_heading_forward,481.85,100.0,1,100.0,1
482.06,phase3_no_heading_forward,481.85,100.0,1,100.0,1
482.12,phase3_no_heading_forward,482.1,100.0,1,100.0,1
482.19,phase3_no_heading_forward,482.1,100.0,1,100.0,1
482.26,phase3_no_heading_forward,482.1,100.0,1,100.0,1
482.32,phase3_no_heading_forward,482.1,100.0,1,100.0,1
482.39,phase3_no_heading_forward,482.35,100.0,1,100.0,1
482.46,phase3_no_heading_forward,482.35,100.0,1,100.0,1
482.52,phase3_no_heading_forward,482.35,100.0,1,100.0,1
482.59,phase3_no_heading_forward,482.35,100.0,1,100.0,1
482.66,phase3_no_heading_forward,482.6,100.0,1,100.0,1
482.73,phase3_no_heading_forward,482.6,100.0,1,100.0,1
482.79,phase3_no_heading_forward,482.6,100.0,1,100.0,1
482.86,phase3_no_heading_forward,482.86,100.0,1,100.0,1
482.93,phase3_no_heading_forward,482.86,100.0,1,100.0,1
482.99,phase3_no_heading_forward,482.86,100.0,1,100.0,1
483.06,phase3_no_heading_forward,482.86,100.0,1,100.0,1
483.13,phase3_no_heading_forward,483.11,100.0,1,100.0,1
483.2,phase3_no_heading_forward,483.11,100.0,1,100.0,1
483.27,phase3_no_heading_forward,483.11,100.0,1,100.0,1
483.33,phase3_no_heading_forward,483.11,100.0,1,100.0,1
483.4,phase3_no_heading_forward,483.36,100.0,1,100.0,1
483.47,phase3_no_heading_forward,483.36,100.0,1,100.0,1
483.53,phase3_no_heading_forward,483.36,100.0,1,100.0,1
483.6,phase3_no_heading_forward,483.36,100.0,1,100.0,1
483.67,phase3_no_heading_forward,483.61,100.0,1,100.0,1
483.73,phase3_no_heading_forward,483.61,100.0,1,100.0,1
483.8,phase3_no_heading_forward,483.61,100.0,1,100.0,1
483.87,phase3_no_heading_forward,483.86,100.0,1,100.0,1
483.93,phase3_no_heading_forward,483.86,100.0,1,100.0,1
484.0,phase3_no_heading_forward,483.86,100.0,1,100.0,1
484.06,phase3_no_heading_forward,483.86,100.0,1,100.0,1
484.13,phase3_no_heading_forward,484.11,100.0,1,100.0,1
484.2,phase3_no_heading_forward,484.11,100.0,1,100.0,1
484.26,phase3_no_heading_forward,484.11,100.0,1,100.0,1
484.33,phase3_no_heading_forward,484.11,100.0,1,100.0,1
484.39,phase3_no_heading_forward,484.37,100.0,1,100.0,1
484.46,phase3_no_heading_forward,484.37,100.0,1,100.0,1
484.53,phase3_no_heading_forward,484.37,100.0,1,100.0,1
484.59,phase3_no_heading_forward,484.37,100.0,1,100.0,1
484.66,phase3_no_heading_forward,484.62,100.0,1,100.0,1
484.73,phase3_no_heading_forward,484.62,100.0,1,100.0,1
484.79,phase3_no_heading_forward,484.62,100.0,1,100.0,1
484.86,phase3_no_heading_forward,484.62,100.0,1,100.0,1
484.93,phase3_no_heading_forward,484.87,100.0,1,100.0,1
484.99,phase3_no_heading_forward,484.87,100.0,1,100.0,1
485.06,phase3_no_heading_forward,484.87,100.0,1,100.0,1
485.13,phase3_no_heading_forward,485.12,100.0,1,100.0,1
485.19,phase3_no_heading_forward,485.12,100.0,1,100.0,1
485.26,phase3_no_heading_forward,485.12,100.0,1,100.0,1
485.32,phase3_no_heading_forward,485.12,100.0,1,100.0,1
485.39,phase3_no_heading_forward,485.37,100.0,1,100.0,1
485.46,phase3_no_heading_forward,485.37,100.0,1,100.0,1
485.52,phase3_no_heading_forward,485.37,100.0,1,100.0,1
485.59,phase3_no_heading_forward,485.37,100.0,1,100.0,1
485.66,phase3_no_heading_forward,485.63,100.0,1,100.0,1
485.72,phase3_no_heading_forward,485.63,100.0,1,100.0,1
485.79,phase3_no_heading_forward,485.63,100.0,1,100.0,1
485.86,phase3_no_heading_forward,485.63,100.0,1,100.0,1
485.92,phase3_no_heading_forward,485.88,100.0,1,100.0,1
485.99,phase3_no_heading_forward,485.88,100.0,1,100.0,1
486.06,phase3_no_heading_forward,485.88,100.0,1,100.0,1
486.12,phase3_no_heading_forward,485.88,100.0,1,100.0,1
486.19,phase3_no_heading_forward,486.13,100.0,1,100.0,1
486.26,phase3_no_heading_forward,486.13,100.0,1,100.0,1
486.32,phase3_no_heading_forward,486.13,100.0,1,100.0,1
486.39,phase3_no_heading_forward,486.38,100.0,1,100.0,1
486.46,phase3_no_heading_forward,486.38,100.0,1,100.0,1
486.52,phase3_no_heading_forward,486.38,100.0,1,100.0,1
486.59,phase3_no_heading_forward,486.38,100.0,1,100.0,1
486.66,phase3_no_heading_forward,486.63,100.0,1,100.0,1
486.72,phase3_no_heading_forward,486.63,100.0,1,100.0,1
486.79,phase3_no_heading_forward,486.63,100.0,1,100.0,1
486.86,phase3_no_heading_forward,486.63,100.0,1,100.0,1
486.92,phase3_no_heading_forward,486.88,100.0,1,100.0,1
486.99,phase3_no_heading_forward,486.88,100.0,1,100.0,1
487.06,phase3_no_heading_forward,486.88,100.0,1,100.0,1
487.12,phase3_no_heading_forward,486.88,100.0,1,100.0,1
487.19,phase3_no_heading_forward,487.14,100.0,1,100.0,1
487.26,phase3_no_heading_forward,487.14,100.0,1,100.0,1
487.33,phase3_no_heading_forward,487.14,100.0,1,100.0,1
487.39,phase3_no_heading_forward,487.39,100.0,1,100.0,1
487.46,phase3_no_heading_forward,487.39,100.0,1,100.0,1
487.53,phase3_no_heading_forward,487.39,100.0,1,100.0,1
487.59,phase3_no_heading_forward,487.39,100.0,1,100.0,1
487.66,phase3_no_heading_forward,487.64,100.0,1,100.0,1
487.73,phase3_no_heading_forward,487.64,100.0,1,100.0,1
487.79,phase3_no_heading_forward,487.64,100.0,1,100.0,1
487.86,phase3_no_heading_forward,487.64,100.0,1,100.0,1
487.93,phase3_no_heading_forward,487.89,100.0,1,100.0,1
487.99,phase3_no_heading_forward,487.89,100.0,1,100.0,1
488.06,phase3_no_heading_forward,487.89,100.0,1,100.0,1
488.13,phase3_no_heading_forward,487.89,100.0,1,100.0,1
488.19,phase3_no_heading_forward,488.14,100.0,1,100.0,1
488.26,phase3_no_heading_forward,488.14,100.0,1,100.0,1
488.33,phase3_no_heading_forward,488.14,100.0,1,100.0,1
488.4,phase3_no_heading_forward,488.4,100.0,1,100.0,1
488.46,phase3_no_heading_forward,488.4,100.0,1,100.0,1
488.53,phase3_no_heading_forward,488.4,100.0,1,100.0,1
488.6,phase3_no_heading_forward,488.4,100.0,1,100.0,1
488.66,phase3_no_heading_forward,488.65,100.0,1,100.0,1
488.73,phase3_no_heading_forward,488.65,100.0,1,100.0,1
488.8,phase3_no_heading_forward,488.65,100.0,1,100.0,1
488.86,phase3_no_heading_forward,488.65,100.0,1,100.0,1
488.93,phase3_no_heading_forward,488.9,100.0,1,100.0,1
489.0,phase3_no_heading_forward,488.9,100.0,1,100.0,1
489.07,phase3_no_heading_forward,488.9,100.0,1,100.0,1
489.13,phase3_no_heading_forward,488.9,100.0,1,100.0,1
489.2,phase3_no_heading_forward,489.15,100.0,1,100.0,1
489.27,phase3_no_heading_forward,489.15,100.0,1,100.0,1
489.33,phase3_no_heading_forward,489.15,100.0,1,100.0,1
489.4,phase3_no_heading_forward,489.15,100.0,1,100.0,1
489.47,phase3_no_heading_forward,489.4,100.0,1,100.0,1
489.54,phase3_no_heading_forward,489.4,100.0,1,100.0,1
489.6,phase3_no_heading_forward,489.4,100.0,1,100.0,1
489.67,phase3_no_heading_forward,489.66,100.0,1,100.0,1
489.74,phase3_no_heading_forward,489.66,100.0,1,100.0,1
489.8,phase3_no_heading_forward,489.66,100.0,1,100.0,1
489.87,phase3_no_heading_forward,489.66,100.0,1,100.0,1
489.94,phase3_no_heading_forward,489.91,100.0,1,100.0,1
490.01,phase3_no_heading_forward,489.91,100.0,1,100.0,1
490.08,phase3_no_heading_forward,489.91,100.0,1,100.0,1
490.14,phase3_no_heading_forward,489.91,100.0,1,100.0,1
490.21,phase3_no_heading_forward,490.16,100.0,1,100.0,1
490.28,phase3_no_heading_forward,490.16,100.0,1,100.0,1
490.34,phase3_no_heading_forward,490.16,100.0,1,100.0,1
490.41,phase3_no_heading_forward,490.16,100.0,1,100.0,1
490.48,phase3_no_heading_forward,490.41,100.0,1,100.0,1
490.54,phase3_no_heading_forward,490.41,100.0,1,100.0,1
490.61,phase3_no_heading_forward,490.41,100.0,1,100.0,1
490.67,phase3_no_heading_forward,490.66,100.0,1,100.0,1
490.74,phase3_no_heading_forward,490.66,100.0,1,100.0,1
490.81,phase3_no_heading_forward,490.66,100.0,1,100.0,1
490.87,phase3_no_heading_forward,490.66,100.0,1,100.0,1
490.94,phase3_no_heading_forward,490.92,100.0,1,100.0,1
491.01,phase3_no_heading_forward,490.92,100.0,1,100.0,1
491.07,phase3_no_heading_forward,490.92,100.0,1,100.0,1
491.14,phase3_no_heading_forward,490.92,100.0,1,100.0,1
491.21,phase3_no_heading_forward,491.17,100.0,1,100.0,1
491.27,phase3_no_heading_forward,491.17,100.0,1,100.0,1
491.34,phase3_no_heading_forward,491.17,100.0,1,100.0,1
491.41,phase3_no_heading_forward,491.17,100.0,1,100.0,1
491.47,phase3_no_heading_forward,491.42,100.0,1,100.0,1
491.54,phase3_no_heading_forward,491.42,100.0,1,100.0,1
491.6,phase3_no_heading_forward,491.42,100.0,1,100.0,1
491.67,phase3_no_heading_forward,491.42,100.0,1,100.0,1
491.74,phase3_no_heading_forward,491.67,100.0,1,100.0,1
491.8,phase3_no_heading_forward,491.67,100.0,1,100.0,1
491.87,phase3_no_heading_forward,491.67,100.0,1,100.0,1
491.94,phase3_no_heading_forward,491.92,100.0,1,100.0,1
492.0,phase3_no_heading_forward,491.92,100.0,1,100.0,1
492.07,phase3_no_heading_forward,491.92,100.0,1,100.0,1
492.14,phase3_no_heading_forward,491.92,100.0,1,100.0,1
492.2,phase3_no_heading_forward,492.18,100.0,1,100.0,1
492.27,phase3_no_heading_forward,492.18,100.0,1,100.0,1
492.34,phase3_no_heading_forward,492.18,100.0,1,100.0,1
492.4,phase3_no_heading_forward,492.18,100.0,1,100.0,1
492.47,phase3_no_heading_forward,492.43,100.0,1,100.0,1
492.54,phase3_no_heading_forward,492.43,100.0,1,100.0,1
492.6,phase3_no_heading_forward,492.43,100.0,1,100.0,1
492.67,phase3_no_heading_forward,492.43,100.0,1,100.0,1
492.74,phase3_no_heading_forward,492.68,100.0,1,100.0,1
492.8,phase3_no_heading_forward,492.68,100.0,1,100.0,1
492.87,phase3_no_heading_forward,492.68,100.0,1,100.0,1
492.94,phase3_no_heading_forward,492.93,100.0,1,100.0,1
493.0,phase3_no_heading_forward,492.93,100.0,1,100.0,1
493.07,phase3_no_heading_forward,492.93,100.0,1,100.0,1
493.14,phase3_no_heading_forward,492.93,100.0,1,100.0,1
493.2,phase3_no_heading_forward,493.18,100.0,1,100.0,1
493.27,phase3_no_heading_forward,493.18,100.0,1,100.0,1
493.34,phase3_no_heading_forward,493.18,100.0,1,100.0,1
493.41,phase3_no_heading_forward,493.18,100.0,1,100.0,1
493.47,phase3_no_heading_forward,493.43,100.0,1,100.0,1
493.54,phase3_no_heading_forward,493.43,100.0,1,100.0,1
493.61,phase3_no_heading_forward,493.43,100.0,1,100.0,1
493.67,phase3_no_heading_forward,493.43,100.0,1,100.0,1
493.74,phase3_no_heading_forward,493.69,100.0,1,100.0,1
493.81,phase3_no_heading_forward,493.69,100.0,1,100.0,1
493.87,phase3_no_heading_forward,493.69,100.0,1,100.0,1
493.94,phase3_no_heading_forward,493.69,100.0,1,100.0,1
494.01,phase3_no_heading_forward,493.94,100.0,1,100.0,1
494.07,phase3_no_heading_forward,493.94,100.0,1,100.0,1
494.14,phase3_no_heading_forward,493.94,100.0,1,100.0,1
494.21,phase3_no_heading_forward,494.19,100.0,1,100.0,1
494.27,phase3_no_heading_forward,494.19,100.0,1,100.0,1
494.34,phase3_no_heading_forward,494.19,100.0,1,100.0,1
494.41,phase3_no_heading_forward,494.19,100.0,1,100.0,1
494.47,phase3_no_heading_forward,494.44,100.0,1,100.0,1
494.54,phase3_no_heading_forward,494.44,100.0,1,100.0,1
494.61,phase3_no_heading_forward,494.44,100.0,1,100.0,1
494.67,phase3_no_heading_forward,494.44,100.0,1,100.0,1
494.74,phase3_no_heading_forward,494.7,100.0,1,100.0,1
494.81,phase3_no_heading_forward,494.7,100.0,1,100.0,1
494.88,phase3_no_heading_forward,494.7,100.0,1,100.0,1
494.94,phase3_no_heading_forward,494.7,100.0,1,100.0,1
495.01,phase3_no_heading_forward,494.95,100.0,1,100.0,1
495.08,phase3_no_heading_forward,494.95,100.0,1,100.0,1
495.14,phase3_no_heading_forward,494.95,100.0,1,100.0,1
495.21,phase3_no_heading_forward,495.2,100.0,1,100.0,1
495.28,phase3_no_heading_forward,495.2,100.0,1,100.0,1
495.34,phase3_no_heading_forward,495.2,100.0,1,100.0,1
495.41,phase3_no_heading_forward,495.2,100.0,1,100.0,1
495.48,phase3_no_heading_forward,495.45,100.0,1,100.0,1
495.55,phase3_no_heading_forward,495.45,100.0,1,100.0,1
495.61,phase3_no_heading_forward,495.45,100.0,1,100.0,1
495.68,phase3_no_heading_forward,495.45,100.0,1,100.0,1
495.75,phase3_no_heading_forward,495.7,100.0,1,100.0,1
495.81,phase3_no_heading_forward,495.7,100.0,1,100.0,1
495.88,phase3_no_heading_forward,495.7,100.0,1,100.0,1
495.95,phase3_no_heading_forward,495.7,100.0,1,100.0,1
496.01,phase3_no_heading_forward,495.96,100.0,1,100.0,1
496.08,phase3_no_heading_forward,495.96,100.0,1,100.0,1
496.15,phase3_no_heading_forward,495.96,100.0,1,100.0,1
496.21,phase3_no_heading_forward,496.21,100.0,1,100.0,1
496.28,phase3_no_heading_forward,496.21,100.0,1,100.0,1
496.35,phase3_no_heading_forward,496.21,100.0,1,100.0,1
496.41,phase3_no_heading_forward,496.21,100.0,1,100.0,1
496.48,phase3_no_heading_forward,496.46,100.0,1,100.0,1
496.55,phase3_no_heading_forward,496.46,100.0,1,100.0,1
496.62,phase3_no_heading_forward,496.46,100.0,1,100.0,1
496.69,phase3_no_heading_forward,496.46,100.0,1,100.0,1
496.75,phase3_no_heading_forward,496.71,100.0,1,100.0,1
496.82,phase3_no_heading_forward,496.71,100.0,1,100.0,1
496.89,phase3_no_heading_forward,496.71,100.0,1,100.0,1
496.95,phase3_no_heading_forward,496.71,100.0,1,100.0,1
497.02,phase3_no_heading_forward,496.96,100.0,1,100.0,1
497.09,phase3_no_heading_forward,496.96,100.0,1,100.0,1
497.15,phase3_no_heading_forward,496.96,100.0,1,100.0,1
497.22,phase3_no_heading_forward,497.22,100.0,1,100.0,1
497.29,phase3_no_heading_forward,497.22,100.0,1,100.0,1
497.35,phase3_no_heading_forward,497.22,100.0,1,100.0,1
497.42,phase3_no_heading_forward,497.22,100.0,1,100.0,1
497.49,phase3_no_heading_forward,497.47,100.0,1,100.0,1
497.55,phase3_no_heading_forward,497.47,100.0,1,100.0,1
497.62,phase3_no_heading_forward,497.47,100.0,1,100.0,1
497.68,phase3_no_heading_forward,497.47,100.0,1,100.0,1
497.75,phase3_no_heading_forward,497.72,100.0,1,100.0,1
497.82,phase3_no_heading_forward,497.72,100.0,1,100.0,1
497.88,phase3_no_heading_forward,497.72,100.0,1,100.0,1
497.95,phase3_no_heading_forward,497.72,100.0,1,100.0,1
498.02,phase3_no_heading_forward,497.97,100.0,1,100.0,1
498.08,phase3_no_heading_forward,497.97,100.0,1,100.0,1
498.15,phase3_no_heading_forward,497.97,100.0,1,100.0,1
498.22,phase3_no_heading_forward,497.97,100.0,1,100.0,1
498.28,phase3_no_heading_forward,498.22,100.0,1,100.0,1
498.35,phase3_no_heading_forward,498.22,100.0,1,100.0,1
498.42,phase3_no_heading_forward,498.22,100.0,1,100.0,1
498.48,phase3_no_heading_forward,498.48,100.0,1,100.0,1
498.55,phase3_no_heading_forward,498.48,100.0,1,100.0,1
498.62,phase3_no_heading_forward,498.48,100.0,1,100.0,1
498.68,phase3_no_heading_forward,498.48,100.0,1,100.0,1
498.75,phase3_no_heading_forward,498.73,100.0,1,100.0,1
498.81,phase3_no_heading_forward,498.73,100.0,1,100.0,1
498.88,phase3_no_heading_forward,498.73,100.0,1,100.0,1
498.95,phase3_no_heading_forward,498.73,100.0,1,100.0,1
499.02,phase3_no_heading_forward,498.98,100.0,1,100.0,1
499.08,phase3_no_heading_forward,498.98,100.0,1,100.0,1
499.15,phase3_no_heading_forward,498.98,100.0,1,100.0,1
499.22,phase3_no_heading_forward,498.98,100.0,1,100.0,1
499.28,phase3_no_heading_forward,499.23,100.0,1,100.0,1
499.35,phase3_no_heading_forward,499.23,100.0,1,100.0,1
499.42,phase3_no_heading_forward,499.23,100.0,1,100.0,1
499.48,phase3_no_heading_forward,499.23,100.0,1,100.0,1
499.55,phase3_no_heading_forward,499.48,100.0,1,100.0,1
499.62,phase3_no_heading_forward,499.48,100.0,1,100.0,1
499.68,phase3_no_heading_forward,499.48,100.0,1,100.0,1
499.75,phase3_no_heading_forward,499.73,100.0,1,100.0,1
499.82,phase3_no_heading_forward,499.73,100.0,1,100.0,1
499.88,phase3_no_heading_forward,499.73,100.0,1,100.0,1
499.95,phase3_no_heading_forward,499.73,100.0,1,100.0,1
500.02,phase3_no_heading_forward,499.99,100.0,1,100.0,1
500.08,phase3_no_heading_forward,499.99,100.0,1,100.0,1
500.15,phase3_no_heading_forward,499.99,100.0,1,100.0,1
500.22,phase3_no_heading_forward,499.99,100.0,1,100.0,1
500.28,phase3_no_heading_forward,500.24,100.0,1,100.0,1
500.35,phase3_no_heading_forward,500.24,100.0,1,100.0,1
500.42,phase3_no_heading_forward,500.24,100.0,1,100.0,1
500.49,phase3_no_heading_forward,500.24,100.0,1,100.0,1
500.55,phase3_no_heading_forward,500.49,100.0,1,100.0,1
500.62,phase3_no_heading_forward,500.49,100.0,1,100.0,1
500.69,phase3_no_heading_forward,500.49,100.0,1,100.0,1
500.75,phase3_no_heading_forward,500.74,100.0,1,100.0,1
500.82,phase3_no_heading_forward,500.74,100.0,1,100.0,1
500.89,phase3_no_heading_forward,500.74,100.0,1,100.0,1
500.95,phase3_no_heading_forward,500.74,100.0,1,100.0,1
501.02,phase3_no_heading_forward,501.0,100.0,1,100.0,1
501.09,phase3_no_heading_forward,501.0,100.0,1,100.0,1
501.15,phase3_no_heading_forward,501.0,100.0,1,100.0,1
501.22,phase3_no_heading_forward,501.0,100.0,1,100.0,1
501.29,phase3_no_heading_forward,501.25,100.0,1,100.0,1
501.35,phase3_no_heading_forward,501.25,100.0,1,100.0,1
501.42,phase3_no_heading_forward,501.25,100.0,1,100.0,1
501.49,phase3_no_heading_forward,501.25,100.0,1,100.0,1
501.55,phase3_no_heading_forward,501.5,100.0,1,100.0,1
501.62,phase3_no_heading_forward,501.5,100.0,1,100.0,1
501.69,phase3_no_heading_forward,501.5,100.0,1,100.0,1
501.76,phase3_no_heading_forward,501.75,100.0,1,100.0,1
501.82,phase3_no_heading_forward,501.75,100.0,1,100.0,1
501.89,phase3_no_heading_forward,501.75,100.0,1,100.0,1
501.96,phase3_no_heading_forward,501.75,100.0,1,100.0,1
502.03,phase3_no_heading_forward,502.0,100.0,1,100.0,1
502.09,phase3_no_heading_forward,502.0,100.0,1,100.0,1
502.16,phase3_no_heading_forward,502.0,100.0,1,100.0,1
502.23,phase3_no_heading_forward,502.0,100.0,1,100.0,1
502.29,phase3_no_heading_forward,502.25,100.0,1,100.0,1
502.36,phase3_no_heading_forward,502.25,100.0,1,100.0,1
502.43,phase3_no_heading_forward,502.25,100.0,1,100.0,1
502.49,phase3_no_heading_forward,502.25,100.0,1,100.0,1
502.56,phase3_no_heading_forward,502.51,100.0,1,100.0,1
502.63,phase3_no_heading_forward,502.51,100.0,1,100.0,1
502.69,phase3_no_heading_forward,502.51,100.0,1,100.0,1
502.76,phase3_no_heading_forward,502.76,100.0,1,100.0,1
502.83,phase3_no_heading_forward,502.76,100.0,1,100.0,1
502.9,phase3_no_heading_forward,502.76,100.0,1,100.0,1
502.96,phase3_no_heading_forward,502.76,100.0,1,100.0,1
503.03,phase3_no_heading_forward,503.01,100.0,1,100.0,1
503.1,phase3_no_heading_forward,503.01,100.0,1,100.0,1
503.17,phase3_no_heading_forward,503.01,100.0,1,100.0,1
503.24,phase3_no_heading_forward,503.01,100.0,1,100.0,1
503.31,phase3_no_heading_forward,503.26,100.0,1,100.0,1
503.37,phase3_no_heading_forward,503.26,100.0,1,100.0,1
503.44,phase3_no_heading_forward,503.26,100.0,1,100.0,1
503.5,phase3_no_heading_forward,503.26,100.0,1,100.0,1
503.57,phase3_no_heading_forward,503.51,100.0,1,100.0,1
503.64,phase3_no_heading_forward,503.51,100.0,1,100.0,1
503.7,phase3_no_heading_forward,503.51,100.0,1,100.0,1
503.77,phase3_no_heading_forward,503.77,100.0,1,100.0,1
503.84,phase3_no_heading_forward,503.77,100.0,1,100.0,1
503.9,phase3_no_heading_forward,503.77,100.0,1,100.0,1
503.97,phase3_no_heading_forward,503.77,100.0,1,100.0,1
504.03,phase3_no_heading_forward,504.02,100.0,1,100.0,1
504.1,phase3_no_heading_forward,504.02,100.0,1,100.0,1
504.17,phase3_no_heading_forward,504.02,100.0,1,100.0,1
504.23,phase3_no_heading_forward,504.02,100.0,1,100.0,1
504.3,phase3_no_heading_forward,504.27,100.0,1,100.0,1
504.37,phase3_no_heading_forward,504.27,100.0,1,100.0,1
504.43,phase3_no_heading_forward,504.27,100.0,1,100.0,1
504.5,phase3_no_heading_forward,504.27,100.0,1,100.0,1
504.57,phase3_no_heading_forward,504.52,100.0,1,100.0,1
504.63,phase3_no_heading_forward,504.52,100.0,1,100.0,1
504.7,phase3_no_heading_forward,504.52,100.0,1,100.0,1
504.77,phase3_no_heading_forward,504.52,100.0,1,100.0,1
504.83,phase3_no_heading_forward,504.78,100.0,1,100.0,1
504.9,phase3_no_heading_forward,504.78,100.0,1,100.0,1
504.97,phase3_no_heading_forward,504.78,100.0,1,100.0,1
505.03,phase3_no_heading_forward,505.03,100.0,1,100.0,1
505.1,phase3_no_heading_forward,505.03,100.0,1,100.0,1
505.17,phase3_no_heading_forward,505.03,100.0,1,100.0,1
505.23,phase3_no_heading_forward,505.03,100.0,1,100.0,1
505.3,phase3_no_heading_forward,505.28,100.0,1,100.0,1
505.37,phase3_no_heading_forward,505.28,100.0,1,100.0,1
505.43,phase3_no_heading_forward,505.28,100.0,1,100.0,1
505.5,phase3_no_heading_forward,505.28,100.0,1,100.0,1
505.57,phase3_no_heading_forward,505.53,100.0,1,100.0,1
505.63,phase3_no_heading_forward,505.53,100.0,1,100.0,1
505.7,phase3_no_heading_forward,505.53,100.0,1,100.0,1
505.77,phase3_no_heading_forward,505.53,100.0,1,100.0,1
505.83,phase3_no_heading_forward,505.78,100.0,1,100.0,1
505.9,phase3_no_heading_forward,505.78,100.0,1,100.0,1
505.97,phase3_no_heading_forward,505.78,100.0,1,100.0,1
506.03,phase3_no_heading_forward,505.78,100.0,1,100.0,1
506.1,phase3_no_heading_forward,506.04,100.0,1,100.0,1
506.17,phase3_no_heading_forward,506.04,100.0,1,100.0,1
506.23,phase3_no_heading_forward,506.04,100.0,1,100.0,1
506.3,phase3_no_heading_forward,506.29,100.0,1,100.0,1
506.37,phase3_no_heading_forward,506.29,100.0,1,100.0,1
506.43,phase3_no_heading_forward,506.29,100.0,1,100.0,1
506.5,phase3_no_heading_forward,506.29,100.0,1,100.0,1
506.57,phase3_no_heading_forward,506.54,100.0,1,100.0,1
506.63,phase3_no_heading_forward,506.54,100.0,1,100.0,1
506.7,phase3_no_heading_forward,506.54,100.0,1,100.0,1
506.77,phase3_no_heading_forward,506.54,100.0,1,100.0,1
506.83,phase3_no_heading_forward,506.79,100.0,1,100.0,1
506.9,phase3_no_heading_forward,506.79,100.0,1,100.0,1
506.97,phase3_no_heading_forward,506.79,100.0,1,100.0,1
507.03,phase3_no_heading_forward,506.79,100.0,1,100.0,1
507.1,phase3_no_heading_forward,507.04,100.0,1,100.0,1
507.17,phase3_no_heading_forward,507.04,100.0,1,100.0,1
507.23,phase3_no_heading_forward,507.04,100.0,1,100.0,1
507.3,phase3_no_heading_forward,507.29,100.0,1,100.0,1
507.37,phase3_no_heading_forward,507.29,100.0,1,100.0,1
507.43,phase3_no_heading_forward,507.29,100.0,1,100.0,1
507.5,phase3_no_heading_forward,507.29,100.0,1,100.0,1
507.57,phase3_no_heading_forward,507.55,100.0,1,100.0,1
507.64,phase3_no_heading_forward,507.55,100.0,1,100.0,1
507.7,phase3_no_heading_forward,507.55,100.0,1,100.0,1
507.77,phase3_no_heading_forward,507.55,100.0,1,100.0,1
507.84,phase3_no_heading_forward,507.8,100.0,1,100.0,1
507.9,phase3_no_heading_forward,507.8,100.0,1,100.0,1
507.97,phase3_no_heading_forward,507.8,100.0,1,100.0,1
508.04,phase3_no_heading_forward,507.8,100.0,1,100.0,1
508.1,phase3_no_heading_forward,508.05,100.0,1,100.0,1
508.17,phase3_no_heading_forward,508.05,100.0,1,100.0,1
508.24,phase3_no_heading_forward,508.05,100.0,1,100.0,1
508.3,phase3_no_heading_forward,508.3,100.0,1,100.0,1
508.37,phase3_no_heading_forward,508.3,100.0,1,100.0,1
508.44,phase3_no_heading_forward,508.3,100.0,1,100.0,1
508.5,phase3_no_heading_forward,508.3,100.0,1,100.0,1
508.57,phase3_no_heading_forward,508.55,100.0,1,100.0,1
508.64,phase3_no_heading_forward,508.55,100.0,1,100.0,1
508.71,phase3_no_heading_forward,508.55,100.0,1,100.0,1
508.77,phase3_no_heading_forward,508.55,100.0,1,100.0,1
508.84,phase3_no_heading_forward,508.81,100.0,1,100.0,1
508.91,phase3_no_heading_forward,508.81,100.0,1,100.0,1
508.97,phase3_no_heading_forward,508.81,100.0,1,100.0,1
509.04,phase3_no_heading_forward,508.81,100.0,1,100.0,1
509.11,phase3_no_heading_forward,509.06,100.0,1,100.0,1
509.17,phase3_no_heading_forward,509.06,100.0,1,100.0,1
509.24,phase3_no_heading_forward,509.06,100.0,1,100.0,1
509.31,phase3_no_heading_forward,509.06,100.0,1,100.0,1
509.38,phase3_no_heading_forward,509.31,100.0,1,100.0,1
509.44,phase3_no_heading_forward,509.31,100.0,1,100.0,1
509.51,phase3_no_heading_forward,509.31,100.0,1,100.0,1
509.59,phase3_no_heading_forward,509.56,100.0,1,100.0,1
509.66,phase3_no_heading_forward,509.56,100.0,1,100.0,1
509.72,phase3_no_heading_forward,509.56,100.0,1,100.0,1
509.79,phase3_no_heading_forward,509.56,100.0,1,100.0,1
509.85,phase3_no_heading_forward,509.81,100.0,1,100.0,1
509.92,phase3_no_heading_forward,509.81,100.0,1,100.0,1
509.99,phase3_no_heading_forward,509.81,100.0,1,100.0,1
510.05,phase3_no_heading_forward,509.81,100.0,1,100.0,1
510.12,phase3_no_heading_forward,510.07,100.0,1,100.0,1
510.19,phase3_no_heading_forward,510.07,100.0,1,100.0,1
510.25,phase3_no_heading_forward,510.07,100.0,1,100.0,1
510.32,phase3_no_heading_forward,510.07,100.0,1,100.0,1
510.38,phase3_no_heading_forward,510.32,100.0,1,100.0,1
510.45,phase3_no_heading_forward,510.32,100.0,1,100.0,1
510.52,phase3_no_heading_forward,510.32,100.0,1,100.0,1
510.58,phase3_no_heading_forward,510.57,100.0,1,100.0,1
510.65,phase3_no_heading_forward,510.57,100.0,1,100.0,1
510.72,phase3_no_heading_forward,510.57,100.0,1,100.0,1
510.78,phase3_no_heading_forward,510.57,100.0,1,100.0,1
510.85,phase3_no_heading_forward,510.82,100.0,1,100.0,1
510.92,phase3_no_heading_forward,510.82,100.0,1,100.0,1
510.98,phase3_no_heading_forward,510.82,100.0,1,100.0,1
511.05,phase3_no_heading_forward,510.82,100.0,1,100.0,1
511.11,phase3_no_heading_forward,511.07,100.0,1,100.0,1
511.18,phase3_no_heading_forward,511.07,100.0,1,100.0,1
511.25,phase3_no_heading_forward,511.07,100.0,1,100.0,1
511.31,phase3_no_heading_forward,511.07,100.0,1,100.0,1
511.38,phase3_no_heading_forward,511.33,100.0,1,100.0,1
511.45,phase3_no_heading_forward,511.33,100.0,1,100.0,1
511.51,phase3_no_heading_forward,511.33,100.0,1,100.0,1
511.58,phase3_no_heading_forward,511.58,100.0,1,100.0,1
511.65,phase3_no_heading_forward,511.58,100.0,1,100.0,1
511.71,phase3_no_heading_forward,511.58,100.0,1,100.0,1
511.78,phase3_no_heading_forward,511.58,100.0,1,100.0,1
511.84,phase3_no_heading_forward,511.83,100.0,1,100.0,1
511.91,phase3_no_heading_forward,511.83,100.0,1,100.0,1
511.98,phase3_no_heading_forward,511.83,100.0,1,100.0,1
512.04,phase3_no_heading_forward,511.83,100.0,1,100.0,1
512.11,phase3_no_heading_forward,512.08,100.0,1,100.0,1
512.18,phase3_no_heading_forward,512.08,100.0,1,100.0,1
512.24,phase3_no_heading_forward,512.08,100.0,1,100.0,1
512.31,phase3_no_heading_forward,512.08,100.0,1,100.0,1
512.38,phase3_no_heading_forward,512.33,100.0,1,100.0,1
512.45,phase3_no_heading_forward,512.33,100.0,1,100.0,1
512.51,phase3_no_heading_forward,512.33,100.0,1,100.0,1
512.58,phase3_no_heading_forward,512.33,100.0,1,100.0,1
512.65,phase3_no_heading_forward,512.58,100.0,1,100.0,1
512.71,phase3_no_heading_forward,512.58,100.0,1,100.0,1
512.78,phase3_no_heading_forward,512.58,100.0,1,100.0,1
512.85,phase3_no_heading_forward,512.84,100.0,1,100.0,1
512.91,phase3_no_heading_forward,512.84,100.0,1,100.0,1
512.98,phase3_no_heading_forward,512.84,100.0,1,100.0,1
513.05,phase3_no_heading_forward,512.84,100.0,1,100.0,1
513.11,phase3_no_heading_forward,513.09,100.0,1,100.0,1
513.18,phase3_no_heading_forward,513.09,100.0,1,100.0,1
513.25,phase3_no_heading_forward,513.09,100.0,1,100.0,1
513.31,phase3_no_heading_forward,513.09,100.0,1,100.0,1
513.38,phase3_no_heading_forward,513.34,100.0,1,100.0,1
513.45,phase3_no_heading_forward,513.34,100.0,1,100.0,1
513.51,phase3_no_heading_forward,513.34,100.0,1,100.0,1
513.58,phase3_no_heading_forward,513.34,100.0,1,100.0,1
513.65,phase3_no_heading_forward,513.59,100.0,1,100.0,1
513.71,phase3_no_heading_forward,513.59,100.0,1,100.0,1
513.78,phase3_no_heading_forward,513.59,100.0,1,100.0,1
513.85,phase3_no_heading_forward,513.84,100.0,1,100.0,1
513.91,phase3_no_heading_forward,513.84,100.0,1,100.0,1
513.98,phase3_no_heading_forward,513.84,100.0,1,100.0,1
514.05,phase3_no_heading_forward,513.84,100.0,1,100.0,1
514.12,phase3_no_heading_forward,514.1,100.0,1,100.0,1
514.18,phase3_no_heading_forward,514.1,100.0,1,100.0,1
514.25,phase3_no_heading_forward,514.1,100.0,1,100.0,1
514.32,phase3_no_heading_forward,514.1,100.0,1,100.0,1
514.38,phase3_no_heading_forward,514.35,100.0,1,100.0,1
514.45,phase3_no_heading_forward,514.35,100.0,1,100.0,1
514.52,phase3_no_heading_forward,514.35,100.0,1,100.0,1
514.58,phase3_no_heading_forward,514.35,100.0,1,100.0,1
514.65,phase3_no_heading_forward,514.6,100.0,1,100.0,1
514.72,phase3_no_heading_forward,514.6,100.0,1,100.0,1
514.79,phase3_no_heading_forward,514.6,100.0,1,100.0,1
514.85,phase3_no_heading_forward,514.6,100.0,1,100.0,1
514.92,phase3_no_heading_forward,514.85,100.0,1,100.0,1
514.99,phase3_no_heading_forward,514.85,100.0,1,100.0,1
515.05,phase3_no_heading_forward,514.85,100.0,1,100.0,1
515.12,phase3_no_heading_forward,515.1,100.0,1,100.0,1
515.19,phase3_no_heading_forward,515.1,100.0,1,100.0,1
515.25,phase3_no_heading_forward,515.1,100.0,1,100.0,1
515.32,phase3_no_heading_forward,515.1,100.0,1,100.0,1
515.39,phase3_no_heading_forward,515.36,100.0,1,100.0,1
515.46,phase3_no_heading_forward,515.36,100.0,1,100.0,1
515.52,phase3_no_heading_forward,515.36,100.0,1,100.0,1
515.59,phase3_no_heading_forward,515.36,100.0,1,100.0,1
515.66,phase3_no_heading_forward,515.61,100.0,1,100.0,1
515.72,phase3_no_heading_forward,515.61,100.0,1,100.0,1
515.79,phase3_no_heading_forward,515.61,100.0,1,100.0,1
515.86,phase3_no_heading_forward,515.61,100.0,1,100.0,1
515.93,phase3_no_heading_forward,515.86,100.0,1,100.0,1
515.99,phase3_no_heading_forward,515.86,100.0,1,100.0,1
516.06,phase3_no_heading_forward,515.86,100.0,1,100.0,1
516.13,phase3_no_heading_forward,516.11,100.0,1,100.0,1
516.19,phase3_no_heading_forward,516.11,100.0,1,100.0,1
516.27,phase3_no_heading_forward,516.11,100.0,1,100.0,1
516.33,phase3_no_heading_forward,516.11,100.0,1,100.0,1
516.4,phase3_no_heading_forward,516.36,100.0,1,100.0,1
516.47,phase3_no_heading_forward,516.36,100.0,1,100.0,1
516.53,phase3_no_heading_forward,516.36,100.0,1,100.0,1
516.6,phase3_no_heading_forward,516.36,100.0,1,100.0,1
516.67,phase3_no_heading_forward,516.62,100.0,1,100.0,1
516.73,phase3_no_heading_forward,516.62,100.0,1,100.0,1
516.8,phase3_no_heading_forward,516.62,100.0,1,100.0,1
516.87,phase3_no_heading_forward,516.62,100.0,1,100.0,1
516.93,phase3_no_heading_forward,516.87,100.0,1,100.0,1
517.0,phase3_no_heading_forward,516.87,100.0,1,100.0,1
517.06,phase3_no_heading_forward,516.87,100.0,1,100.0,1
517.13,phase3_no_heading_forward,517.12,100.0,1,100.0,1
517.2,phase3_no_heading_forward,517.12,100.0,1,100.0,1
517.27,phase3_no_heading_forward,517.12,100.0,1,100.0,1
517.33,phase3_no_heading_forward,517.12,100.0,1,100.0,1
517.4,phase3_no_heading_forward,517.37,100.0,1,100.0,1
517.46,phase3_no_heading_forward,517.37,100.0,1,100.0,1
517.53,phase3_no_heading_forward,517.37,100.0,1,100.0,1
517.6,phase3_no_heading_forward,517.37,100.0,1,100.0,1
517.67,phase3_no_heading_forward,517.62,100.0,1,100.0,1
517.74,phase3_no_heading_forward,517.62,100.0,1,100.0,1
517.81,phase3_no_heading_forward,517.62,100.0,1,100.0,1
517.87,phase3_no_heading_forward,517.62,100.0,1,100.0,1
517.94,phase3_no_heading_forward,517.88,100.0,1,100.0,1
518.0,phase3_no_heading_forward,517.88,100.0,1,100.0,1
518.07,phase3_no_heading_forward,517.88,100.0,1,100.0,1
518.14,phase3_no_heading_forward,518.13,100.0,1,100.0,1
518.2,phase3_no_heading_forward,518.13,100.0,1,100.0,1
518.27,phase3_no_heading_forward,518.13,100.0,1,100.0,1
518.34,phase3_no_heading_forward,518.13,100.0,1,100.0,1
518.4,phase3_no_heading_forward,518.38,100.0,1,100.0,1
518.47,phase3_no_heading_forward,518.38,100.0,1,100.0,1
518.53,phase3_no_heading_forward,518.38,100.0,1,100.0,1
518.6,phase3_no_heading_forward,518.38,100.0,1,100.0,1
518.67,phase3_no_heading_forward,518.63,100.0,1,100.0,1
518.73,phase3_no_heading_forward,518.63,100.0,1,100.0,1
518.8,phase3_no_heading_forward,518.63,100.0,1,100.0,1
518.87,phase3_no_heading_forward,518.63,100.0,1,100.0,1
518.93,phase3_no_heading_forward,518.88,100.0,1,100.0,1
519.0,phase3_no_heading_forward,518.88,100.0,1,100.0,1
519.06,phase3_no_heading_forward,518.88,100.0,1,100.0,1
519.13,phase3_no_heading_forward,518.88,100.0,1,100.0,1
519.2,phase3_no_heading_forward,519.13,100.0,1,100.0,1
519.26,phase3_no_heading_forward,519.13,100.0,1,100.0,1
519.33,phase3_no_heading_forward,519.13,100.0,1,100.0,1
519.4,phase3_no_heading_forward,519.39,100.0,1,100.0,1
519.46,phase3_no_heading_forward,519.39,100.0,1,100.0,1
519.53,phase3_no_heading_forward,519.39,100.0,1,100.0,1
519.6,phase3_no_heading_forward,519.39,100.0,1,100.0,1
519.66,phase3_no_heading_forward,519.64,100.0,1,100.0,1
519.73,phase3_no_heading_forward,519.64,100.0,1,100.0,1
519.79,phase3_no_heading_forward,519.64,100.0,1,100.0,1
519.86,phase3_no_heading_forward,519.64,100.0,1,100.0,1
519.93,phase3_no_heading_forward,519.89,100.0,1,100.0,1
519.99,phase3_no_heading_forward,519.89,100.0,1,100.0,1
520.06,phase3_no_heading_forward,519.89,100.0,1,100.0,1
520.13,phase3_no_heading_forward,519.89,100.0,1,100.0,1
520.19,phase3_no_heading_forward,520.14,100.0,1,100.0,1
520.26,phase3_no_heading_forward,520.14,100.0,1,100.0,1
520.33,phase3_no_heading_forward,520.14,100.0,1,100.0,1
520.39,phase3_no_heading_forward,520.14,100.0,1,100.0,1
520.46,phase3_no_heading_forward,520.39,100.0,1,100.0,1
520.53,phase3_no_heading_forward,520.39,100.0,1,100.0,1
520.59,phase3_no_heading_forward,520.39,100.0,1,100.0,1
520.66,phase3_no_heading_forward,520.65,100.0,1,100.0,1
520.73,phase3_no_heading_forward,520.65,100.0,1,100.0,1
520.79,phase3_no_heading_forward,520.65,100.0,1,100.0,1
520.86,phase3_no_heading_forward,520.65,100.0,1,100.0,1
520.93,phase3_no_heading_forward,520.9,100.0,1,100.0,1
520.99,phase3_no_heading_forward,520.9,100.0,1,100.0,1
521.06,phase3_no_heading_forward,520.9,100.0,1,100.0,1
521.13,phase3_no_heading_forward,520.9,100.0,1,100.0,1
521.19,phase3_no_heading_forward,521.15,100.0,1,100.0,1
521.26,phase3_no_heading_forward,521.15,100.0,1,100.0,1
521.33,phase3_no_heading_forward,521.15,100.0,1,100.0,1
521.39,phase3_no_heading_forward,521.15,100.0,1,100.0,1
521.46,phase3_no_heading_forward,521.4,100.0,1,100.0,1
521.53,phase3_no_heading_forward,521.4,100.0,1,100.0,1
521.59,phase3_no_heading_forward,521.4,100.0,1,100.0,1
521.66,phase3_no_heading_forward,521.65,100.0,1,100.0,1
521.73,phase3_no_heading_forward,521.65,100.0,1,100.0,1
521.79,phase3_no_heading_forward,521.65,100.0,1,100.0,1
521.86,phase3_no_heading_forward,521.65,100.0,1,100.0,1
521.93,phase3_no_heading_forward,521.91,100.0,1,100.0,1
521.99,phase3_no_heading_forward,521.91,100.0,1,100.0,1
522.06,phase3_no_heading_forward,521.91,100.0,1,100.0,1
522.13,phase3_no_heading_forward,521.91,100.0,1,100.0,1
522.19,phase3_no_heading_forward,522.16,100.0,1,100.0,1
522.26,phase3_no_heading_forward,522.16,100.0,1,100.0,1
522.33,phase3_no_heading_forward,522.16,100.0,1,100.0,1
522.39,phase3_no_heading_forward,522.16,100.0,1,100.0,1
522.46,phase3_no_heading_forward,522.41,100.0,1,100.0,1
522.53,phase3_no_heading_forward,522.41,100.0,1,100.0,1
522.59,phase3_no_heading_forward,522.41,100.0,1,100.0,1
522.66,phase3_no_heading_forward,522.41,100.0,1,100.0,1
522.73,phase3_no_heading_forward,522.66,100.0,1,100.0,1
522.8,phase3_no_heading_forward,522.66,100.0,1,100.0,1
522.86,phase3_no_heading_forward,522.66,100.0,1,100.0,1
522.93,phase3_no_heading_forward,522.91,100.0,1,100.0,1
523.0,phase3_no_heading_forward,522.91,100.0,1,100.0,1
523.06,phase3_no_heading_forward,522.91,100.0,1,100.0,1
523.13,phase3_no_heading_forward,522.91,100.0,1,100.0,1
523.2,phase3_no_heading_forward,523.17,100.0,1,100.0,1
523.26,phase3_no_heading_forward,523.17,100.0,1,100.0,1
523.33,phase3_no_heading_forward,523.17,100.0,1,100.0,1
523.4,phase3_no_heading_forward,523.17,100.0,1,100.0,1
523.47,phase3_no_heading_forward,523.42,100.0,1,100.0,1
523.53,phase3_no_heading_forward,523.42,100.0,1,100.0,1
523.6,phase3_no_heading_forward,523.42,100.0,1,100.0,1
523.67,phase3_no_heading_forward,523.42,100.0,1,100.0,1
523.73,phase3_no_heading_forward,523.67,100.0,1,100.0,1
523.8,phase3_no_heading_forward,523.67,100.0,1,100.0,1
523.87,phase3_no_heading_forward,523.67,100.0,1,100.0,1
523.94,phase3_no_heading_forward,523.92,100.0,1,100.0,1
524.0,phase3_no_heading_forward,523.92,100.0,1,100.0,1
524.07,phase3_no_heading_forward,523.92,100.0,1,100.0,1
524.14,phase3_no_heading_forward,523.92,100.0,1,100.0,1
524.21,phase3_no_heading_forward,524.17,100.0,1,100.0,1
524.27,phase3_no_heading_forward,524.17,100.0,1,100.0,1
524.35,phase3_no_heading_forward,524.17,100.0,1,100.0,1
524.41,phase3_no_heading_forward,524.17,100.0,1,100.0,1
524.48,phase3_no_heading_forward,524.42,100.0,1,100.0,1
524.54,phase3_no_heading_forward,524.42,100.0,1,100.0,1
524.61,phase3_no_heading_forward,524.42,100.0,1,100.0,1
524.68,phase3_no_heading_forward,524.42,100.0,1,100.0,1
524.74,phase3_no_heading_forward,524.68,100.0,1,100.0,1
524.81,phase3_no_heading_forward,524.68,100.0,1,100.0,1
524.88,phase3_no_heading_forward,524.68,100.0,1,100.0,1
524.94,phase3_no_heading_forward,524.93,100.0,1,100.0,1
525.01,phase3_no_heading_forward,524.93,100.0,1,100.0,1
525.08,phase3_no_heading_forward,524.93,100.0,1,100.0,1
525.14,phase3_no_heading_forward,524.93,100.0,1,100.0,1
525.21,phase3_no_heading_forward,525.18,100.0,1,100.0,1
525.27,phase3_no_heading_forward,525.18,100.0,1,100.0,1
525.34,phase3_no_heading_forward,525.18,100.0,1,100.0,1
525.41,phase3_no_heading_forward,525.18,100.0,1,100.0,1
525.47,phase3_no_heading_forward,525.43,100.0,1,100.0,1
525.54,phase3_no_heading_forward,525.43,100.0,1,100.0,1
525.61,phase3_no_heading_forward,525.43,100.0,1,100.0,1
525.67,phase3_no_heading_forward,525.43,100.0,1,100.0,1
525.74,phase3_no_heading_forward,525.68,100.0,1,100.0,1
525.8,phase3_no_heading_forward,525.68,100.0,1,100.0,1
525.87,phase3_no_heading_forward,525.68,100.0,1,100.0,1
525.94,phase3_no_heading_forward,525.94,100.0,1,100.0,1
526.0,phase3_no_heading_forward,525.94,100.0,1,100.0,1
526.07,phase3_no_heading_forward,525.94,100.0,1,100.0,1
526.14,phase3_no_heading_forward,525.94,100.0,1,100.0,1
526.2,phase3_no_heading_forward,526.19,100.0,1,100.0,1
526.27,phase3_no_heading_forward,526.19,100.0,1,100.0,1
526.34,phase3_no_heading_forward,526.19,100.0,1,100.0,1
526.4,phase3_no_heading_forward,526.19,100.0,1,100.0,1
526.47,phase3_no_heading_forward,526.44,100.0,1,100.0,1
526.54,phase3_no_heading_forward,526.44,100.0,1,100.0,1
526.6,phase3_no_heading_forward,526.44,100.0,1,100.0,1
526.67,phase3_no_heading_forward,526.44,100.0,1,100.0,1
526.73,phase3_no_heading_forward,526.69,100.0,1,100.0,1
526.8,phase3_no_heading_forward,526.69,100.0,1,100.0,1
526.87,phase3_no_heading_forward,526.69,100.0,1,100.0,1
526.93,phase3_no_heading_forward,526.69,100.0,1,100.0,1
527.0,phase3_no_heading_forward,526.94,100.0,1,100.0,1
527.07,phase3_no_heading_forward,526.94,100.0,1,100.0,1
527.13,phase3_no_heading_forward,526.94,100.0,1,100.0,1
527.2,phase3_no_heading_forward,527.2,100.0,1,100.0,1
527.27,phase3_no_heading_forward,527.2,100.0,1,100.0,1
527.33,phase3_no_heading_forward,527.2,100.0,1,100.0,1
527.4,phase3_no_heading_forward,527.2,100.0,1,100.0,1
527.47,phase3_no_heading_forward,527.45,100.0,1,100.0,1
527.53,phase3_no_heading_forward,527.45,100.0,1,100.0,1
527.6,phase3_no_heading_forward,527.45,100.0,1,100.0,1
527.67,phase3_no_heading_forward,527.45,100.0,1,100.0,1
527.73,phase3_no_heading_forward,527.7,100.0,1,100.0,1
527.8,phase3_no_heading_forward,527.7,100.0,1,100.0,1
527.87,phase3_no_heading_forward,527.7,100.0,1,100.0,1
527.93,phase3_no_heading_forward,527.7,100.0,1,100.0,1
528.0,phase3_no_heading_forward,527.95,100.0,1,100.0,1
528.07,phase3_no_heading_forward,527.95,100.0,1,100.0,1
528.13,phase3_no_heading_forward,527.95,100.0,1,100.0,1
528.2,phase3_no_heading_forward,527.95,100.0,1,100.0,1
528.27,phase3_no_heading_forward,528.2,100.0,1,100.0,1
528.33,phase3_no_heading_forward,528.2,100.0,1,100.0,1
528.4,phase3_no_heading_forward,528.2,100.0,1,100.0,1
528.47,phase3_no_heading_forward,528.46,100.0,1,100.0,1
528.53,phase3_no_heading_forward,528.46,100.0,1,100.0,1
528.6,phase3_no_heading_forward,528.46,100.0,1,100.0,1
528.67,phase3_no_heading_forward,528.46,100.0,1,100.0,1
528.74,phase3_no_heading_forward,528.71,100.0,1,100.0,1
528.8,phase3_no_heading_forward,528.71,100.0,1,100.0,1
528.87,phase3_no_heading_forward,528.71,100.0,1,100.0,1
528.94,phase3_no_heading_forward,528.71,100.0,1,100.0,1
529.0,phase3_no_heading_forward,528.96,100.0,1,100.0,1
529.07,phase3_no_heading_forward,528.96,100.0,1,100.0,1
529.14,phase3_no_heading_forward,528.96,100.0,1,100.0,1
529.2,phase3_no_heading_forward,528.96,100.0,1,100.0,1
529.27,phase3_no_heading_forward,529.21,100.0,1,100.0,1
529.34,phase3_no_heading_forward,529.21,100.0,1,100.0,1
529.4,phase3_no_heading_forward,529.21,100.0,1,100.0,1
529.47,phase3_no_heading_forward,529.46,100.0,1,100.0,1
529.54,phase3_no_heading_forward,529.46,100.0,1,100.0,1
529.6,phase3_no_heading_forward,529.46,100.0,1,100.0,1
529.67,phase3_no_heading_forward,529.46,100.0,1,100.0,1
529.74,phase3_no_heading_forward,529.72,100.0,1,100.0,1
529.81,phase3_no_heading_forward,529.72,100.0,1,100.0,1
529.87,phase3_no_heading_forward,529.72,100.0,1,100.0,1
529.94,phase3_no_heading_forward,529.72,100.0,1,100.0,1
530.01,phase3_no_heading_forward,529.97,100.0,1,100.0,1
530.07,phase3_no_heading_forward,529.97,100.0,1,100.0,1
530.14,phase3_no_heading_forward,529.97,100.0,1,100.0,1
530.21,phase3_no_heading_forward,529.97,100.0,1,100.0,1
530.27,phase3_no_heading_forward,530.22,100.0,1,100.0,1
530.34,phase3_no_heading_forward,530.22,100.0,1,100.0,1
530.41,phase3_no_heading_forward,530.22,100.0,1,100.0,1
530.47,phase3_no_heading_forward,530.47,100.0,1,100.0,1
530.54,phase3_no_heading_forward,530.47,100.0,1,100.0,1
530.61,phase3_no_heading_forward,530.47,100.0,1,100.0,1
530.68,phase3_no_heading_forward,530.47,100.0,1,100.0,1
530.74,phase3_no_heading_forward,530.72,100.0,1,100.0,1
530.81,phase3_no_heading_forward,530.72,100.0,1,100.0,1
530.88,phase3_no_heading_forward,530.72,100.0,1,100.0,1
530.94,phase3_no_heading_forward,530.72,100.0,1,100.0,1
531.01,phase3_no_heading_forward,530.97,100.0,1,100.0,1
531.09,phase3_no_heading_forward,530.97,100.0,1,100.0,1
531.15,phase3_no_heading_forward,530.97,100.0,1,100.0,1
531.22,phase3_no_heading_forward,530.97,100.0,1,100.0,1
531.29,phase3_no_heading_forward,531.23,100.0,1,100.0,1
531.35,phase4_search_pivot,531.34,0.0,1,45.0,1
531.42,phase4_search_pivot,531.34,0.0,1,45.0,1
531.48,phase4_search_pivot,531.34,0.0,1,45.0,1
531.55,phase4_search_pivot,531.34,0.0,1,45.0,1
531.62,phase3_no_heading_forward,531.56,100.0,1,100.0,1
531.68,phase3_no_heading_forward,531.56,100.0,1,100.0,1
531.75,phase3_no_heading_forward,531.56,100.0,1,100.0,1
531.82,phase3_no_heading_forward,531.81,100.0,1,100.0,1
531.88,phase3_no_heading_forward,531.81,100.0,1,100.0,1
531.95,phase3_no_heading_forward,531.81,100.0,1,100.0,1
532.01,phase3_no_heading_forward,531.81,100.0,1,100.0,1
532.08,phase3_no_heading_forward,532.06,100.0,1,100.0,1
532.15,phase3_no_heading_forward,532.06,100.0,1,100.0,1
532.21,phase3_no_heading_forward,532.06,100.0,1,100.0,1
532.28,phase3_no_heading_forward,532.06,100.0,1,100.0,1
532.35,phase3_no_heading_forward,532.31,100.0,1,100.0,1
532.41,phase3_no_heading_forward,532.31,100.0,1,100.0,1
532.48,phase3_no_heading_forward,532.31,100.0,1,100.0,1
532.54,phase3_no_heading_forward,532.31,100.0,1,100.0,1
532.61,phase3_no_heading_forward,532.57,100.0,1,100.0,1
532.68,phase3_no_heading_forward,532.57,100.0,1,100.0,1
532.75,phase3_no_heading_forward,532.57,100.0,1,100.0,1
532.81,phase3_no_heading_forward,532.57,100.0,1,100.0,1
532.88,phase3_no_heading_forward,532.82,100.0,1,100.0,1
532.94,phase3_no_heading_forward,532.82,100.0,1,100.0,1
533.01,phase3_no_heading_forward,532.82,100.0,1,100.0,1
533.08,phase3_no_heading_forward,533.07,100.0,1,100.0,1
533.14,phase3_no_heading_forward,533.07,100.0,1,100.0,1
533.21,phase3_no_heading_forward,533.07,100.0,1,100.0,1
533.28,phase3_no_heading_forward,533.07,100.0,1,100.0,1
533.34,phase3_no_heading_forward,533.32,100.0,1,100.0,1
533.41,phase3_no_heading_forward,533.32,100.0,1,100.0,1
533.48,phase3_no_heading_forward,533.32,100.0,1,100.0,1
533.54,phase3_no_heading_forward,533.32,100.0,1,100.0,1
533.61,phase3_no_heading_forward,533.57,100.0,1,100.0,1
533.68,phase3_no_heading_forward,533.57,100.0,1,100.0,1
533.74,phase3_no_heading_forward,533.57,100.0,1,100.0,1
533.81,phase3_no_heading_forward,533.57,100.0,1,100.0,1
533.88,phase3_no_heading_forward,533.83,100.0,1,100.0,1
533.94,phase3_no_heading_forward,533.83,100.0,1,100.0,1
534.01,phase3_no_heading_forward,533.83,100.0,1,100.0,1
534.08,phase3_no_heading_forward,533.83,100.0,1,100.0,1
534.14,phase3_no_heading_forward,534.08,100.0,1,100.0,1
534.21,phase3_no_heading_forward,534.08,100.0,1,100.0,1
534.28,phase3_no_heading_forward,534.08,100.0,1,100.0,1
534.34,phase3_no_heading_forward,534.33,100.0,1,100.0,1
534.41,phase3_no_heading_forward,534.33,100.0,1,100.0,1
534.48,phase3_no_heading_forward,534.33,100.0,1,100.0,1
534.54,phase3_no_heading_forward,534.33,100.0,1,100.0,1
534.61,phase3_no_heading_forward,534.58,100.0,1,100.0,1
534.68,phase3_no_heading_forward,534.58,100.0,1,100.0,1
534.74,phase3_no_heading_forward,534.58,100.0,1,100.0,1
534.81,phase3_no_heading_forward,534.58,100.0,1,100.0,1
534.88,phase3_no_heading_forward,534.83,100.0,1,100.0,1
534.94,phase3_no_heading_forward,534.83,100.0,1,100.0,1
535.01,phase3_no_heading_forward,534.83,100.0,1,100.0,1
535.08,phase3_no_heading_forward,534.83,100.0,1,100.0,1
535.14,phase3_no_heading_forward,535.09,100.0,1,100.0,1
535.21,phase3_no_heading_forward,535.09,100.0,1,100.0,1
535.27,phase3_no_heading_forward,535.09,100.0,1,100.0,1
535.34,phase3_no_heading_forward,535.34,100.0,1,100.0,1
535.41,phase3_no_heading_forward,535.34,100.0,1,100.0,1
535.47,phase3_no_heading_forward,535.34,100.0,1,100.0,1
535.54,phase3_no_heading_forward,535.34,100.0,1,100.0,1
535.61,phase3_no_heading_forward,535.59,100.0,1,100.0,1
535.68,phase3_no_heading_forward,535.59,100.0,1,100.0,1
535.74,phase3_no_heading_forward,535.59,100.0,1,100.0,1
535.81,phase3_no_heading_forward,535.59,100.0,1,100.0,1
535.88,phase3_no_heading_forward,535.84,100.0,1,100.0,1
535.94,phase3_no_heading_forward,535.84,100.0,1,100.0,1
536.01,phase3_no_heading_forward,535.84,100.0,1,100.0,1
536.08,phase3_no_heading_forward,535.84,100.0,1,100.0,1
536.14,phase3_no_heading_forward,536.09,100.0,1,100.0,1
536.21,phase3_no_heading_forward,536.09,100.0,1,100.0,1
536.28,phase3_no_heading_forward,536.09,100.0,1,100.0,1
536.35,phase3_no_heading_forward,536.34,100.0,1,100.0,1
536.41,phase3_no_heading_forward,536.34,100.0,1,100.0,1
536.48,phase3_no_heading_forward,536.34,100.0,1,100.0,1
536.55,phase3_no_heading_forward,536.34,100.0,1,100.0,1
536.61,phase3_no_heading_forward,536.6,100.0,1,100.0,1
536.68,phase3_no_heading_forward,536.6,100.0,1,100.0,1
536.75,phase3_no_heading_forward,536.6,100.0,1,100.0,1
536.82,phase3_no_heading_forward,536.6,100.0,1,100.0,1
536.88,phase3_no_heading_forward,536.85,100.0,1,100.0,1
536.95,phase3_no_heading_forward,536.85,100.0,1,100.0,1
537.02,phase3_no_heading_forward,536.85,100.0,1,100.0,1
537.08,phase3_no_heading_forward,536.85,100.0,1,100.0,1
537.15,phase3_no_heading_forward,537.1,100.0,1,100.0,1
537.22,phase3_no_heading_forward,537.1,100.0,1,100.0,1
537.28,phase3_no_heading_forward,537.1,100.0,1,100.0,1
537.35,phase3_no_heading_forward,537.1,100.0,1,100.0,1
537.42,phase3_no_heading_forward,537.35,100.0,1,100.0,1
537.49,phase3_no_heading_forward,537.35,100.0,1,100.0,1
537.56,phase3_gps_turn,537.5,83.12,1,71.88,1
537.63,phase3_gps_turn,537.5,83.12,1,71.88,1
537.69,phase3_gps_turn,537.65,83.12,1,71.88,1
537.76,phase3_gps_turn,537.65,83.12,1,71.88,1
537.82,phase3_gps_turn,537.81,83.12,1,71.88,1
537.89,phase3_gps_turn,537.81,83.12,1,71.88,1
537.96,phase3_gps_turn,537.81,83.12,1,71.88,1
538.02,phase3_gps_turn,537.96,83.12,1,71.88,1
538.09,phase3_gps_turn,537.96,83.12,1,71.88,1
538.15,phase3_gps_turn,538.11,83.12,1,71.88,1
538.22,phase3_gps_turn,538.11,83.12,1,71.88,1
538.29,phase3_gps_turn,538.26,83.12,1,71.88,1
538.35,phase3_gps_turn,538.26,83.12,1,71.88,1
538.42,phase3_gps_turn,538.41,83.12,1,71.88,1
538.49,phase3_gps_turn,538.41,83.12,1,71.88,1
538.55,phase3_gps_turn,538.41,83.12,1,71.88,1
538.62,phase3_gps_turn,538.56,83.12,1,71.88,1
538.69,phase3_gps_turn,538.56,83.12,1,71.88,1
538.75,phase3_gps_turn,538.71,83.12,1,71.88,1
538.82,phase3_gps_turn,538.71,83.12,1,71.88,1
538.88,phase3_gps_turn,538.86,83.12,1,71.88,1
538.95,phase3_gps_turn,538.86,83.12,1,71.88,1
539.02,phase3_gps_turn,538.86,83.12,1,71.88,1
539.08,phase3_gps_turn,539.02,83.12,1,71.88,1
539.15,phase3_gps_turn,539.02,83.12,1,71.88,1
539.22,phase3_gps_turn,539.17,83.12,1,71.88,1
539.28,phase3_gps_turn,539.17,83.12,1,71.88,1
539.35,phase3_gps_turn,539.32,83.12,1,71.88,1
539.41,phase3_gps_turn,539.32,83.12,1,71.88,1
539.48,phase3_gps_turn,539.47,83.12,1,71.88,1
539.55,phase3_gps_turn,539.47,83.12,1,71.88,1
539.62,phase3_gps_turn,539.47,83.12,1,71.88,1
539.68,phase3_gps_turn,539.62,83.12,1,71.88,1
539.75,phase3_gps_turn,539.62,83.12,1,71.88,1
539.81,phase3_gps_turn,539.77,83.12,1,71.88,1
539.88,phase3_gps_turn,539.77,83.12,1,71.88,1
539.95,phase3_gps_turn,539.92,83.12,1,71.88,1
540.01,phase3_gps_turn,539.92,83.12,1,71.88,1
540.08,phase3_gps_turn,540.08,83.12,1,71.88,1
540.15,phase3_gps_turn,540.08,83.12,1,71.88,1
540.21,phase3_gps_turn,540.08,83.12,1,71.88,1
540.28,phase3_gps_turn,540.23,83.12,1,71.88,1
540.35,phase3_gps_turn,540.23,83.12,1,71.88,1
540.41,phase3_gps_turn,540.38,83.12,1,71.88,1
540.48,phase3_gps_turn,540.38,83.12,1,71.88,1
540.55,phase3_gps_turn,540.53,83.12,1,71.88,1
540.61,phase3_gps_turn,540.53,83.12,1,71.88,1
540.68,phase3_gps_turn,540.53,83.12,1,71.88,1
540.75,phase3_gps_turn,540.68,83.12,1,71.88,1
540.81,phase3_gps_turn,540.68,83.12,1,71.88,1
540.88,phase3_gps_turn,540.83,83.12,1,71.88,1
540.95,phase3_gps_turn,540.83,83.12,1,71.88,1
541.01,phase3_gps_turn,540.98,83.12,1,71.88,1
541.08,phase3_gps_turn,540.98,83.12,1,71.88,1
541.15,phase3_gps_turn,541.14,83.12,1,71.88,1
541.21,phase3_gps_turn,541.14,83.12,1,71.88,1
541.28,phase3_gps_turn,541.14,83.12,1,71.88,1
541.34,phase3_gps_turn,541.29,83.12,1,71.88,1
541.41,phase3_gps_turn,541.29,83.12,1,71.88,1
541.48,phase3_gps_turn,541.44,83.12,1,71.88,1
541.55,phase3_gps_turn,541.44,83.12,1,71.88,1
541.61,phase3_gps_turn,541.59,83.12,1,71.88,1
541.68,phase3_gps_turn,541.59,83.12,1,71.88,1
541.75,phase3_gps_turn,541.74,83.12,1,71.88,1
541.81,phase3_gps_turn,541.74,83.12,1,71.88,1
541.88,phase3_gps_turn,541.74,83.12,1,71.88,1
541.95,phase3_gps_turn,541.89,83.12,1,71.88,1
542.01,phase3_gps_turn,541.89,83.12,1,71.88,1
542.08,phase3_gps_turn,542.04,83.12,1,71.88,1
542.15,phase3_gps_turn,542.04,83.12,1,71.88,1
542.21,phase3_gps_turn,542.2,83.12,1,71.88,1
542.28,phase3_gps_turn,542.2,83.12,1,71.88,1
542.35,phase3_gps_turn,542.2,83.12,1,71.88,1
542.41,phase3_gps_turn,542.35,83.12,1,71.88,1
542.48,phase3_gps_turn,542.35,83.12,1,71.88,1
542.55,phase3_gps_turn,542.5,83.12,1,71.88,1
542.62,phase3_gps_turn,542.5,83.12,1,71.88,1
542.68,phase3_gps_turn,542.65,83.12,1,71.88,1
542.75,phase3_gps_turn,542.65,83.12,1,71.88,1
542.82,phase3_gps_turn,542.8,83.12,1,71.88,1
542.88,phase3_gps_turn,542.8,83.12,1,71.88,1
542.95,phase3_gps_turn,542.8,83.12,1,71.88,1
543.02,phase3_gps_turn,542.95,83.12,1,71.88,1
543.08,phase3_gps_turn,542.95,83.12,1,71.88,1
543.15,phase3_gps_turn,543.1,83.12,1,71.88,1
543.22,phase3_gps_turn,543.1,83.12,1,71.88,1
543.28,phase3_gps_turn,543.25,83.12,1,71.88,1
543.35,phase3_gps_turn,543.25,83.12,1,71.88,1
543.42,phase3_gps_turn,543.41,83.12,1,71.88,1
543.49,phase3_gps_turn,543.41,83.12,1,71.88,1
543.55,phase3_gps_turn,543.41,83.12,1,71.88,1
543.62,phase3_gps_turn,543.56,83.12,1,71.88,1
543.69,phase3_gps_turn,543.56,83.12,1,71.88,1
543.75,phase3_gps_turn,543.71,83.12,1,71.88,1
543.82,phase3_gps_turn,543.71,83.12,1,71.88,1
543.89,phase3_gps_turn,543.86,83.12,1,71.88,1
543.96,phase3_gps_turn,543.86,83.12,1,71.88,1
544.03,phase3_gps_turn,544.01,83.12,1,71.88,1
544.1,phase3_gps_turn,544.01,83.12,1,71.88,1
544.16,phase3_gps_turn,544.01,83.12,1,71.88,1
544.23,phase3_gps_turn,544.16,83.12,1,71.88,1
544.3,phase3_gps_turn,544.16,83.12,1,71.88,1
544.37,phase3_gps_turn,544.31,83.12,1,71.88,1
544.43,phase3_gps_turn,544.31,83.12,1,71.88,1
544.5,phase3_gps_turn,544.47,83.12,1,71.88,1
544.57,phase3_gps_turn,544.47,83.12,1,71.88,1
544.63,phase3_gps_turn,544.62,83.12,1,71.88,1
544.7,phase3_gps_turn,544.62,83.12,1,71.88,1
544.77,phase3_gps_turn,544.62,83.12,1,71.88,1
544.83,phase3_gps_turn,544.77,83.12,1,71.88,1
544.9,phase3_gps_turn,544.77,83.12,1,71.88,1
544.96,phase3_gps_turn,544.92,83.12,1,71.88,1
545.03,phase3_gps_turn,544.92,83.12,1,71.88,1
545.1,phase3_gps_turn,545.07,83.12,1,71.88,1
545.16,phase3_gps_turn,545.07,83.12,1,71.88,1
545.23,phase3_gps_turn,545.22,83.12,1,71.88,1
545.3,phase3_gps_turn,545.22,83.12,1,71.88,1
545.36,phase3_gps_turn,545.22,83.12,1,71.88,1
545.43,phase3_gps_turn,545.37,83.12,1,71.88,1
545.5,phase3_gps_turn,545.37,83.12,1,71.88,1
545.56,phase3_gps_turn,545.37,83.12,1,71.88,1
545.63,phase3_no_heading_forward,545.63,100.0,1,100.0,1
545.69,phase3_no_heading_forward,545.63,100.0,1,100.0,1
545.76,phase3_no_heading_forward,545.63,100.0,1,100.0,1
545.83,phase3_no_heading_forward,545.63,100.0,1,100.0,1
545.89,phase3_no_heading_forward,545.88,100.0,1,100.0,1
545.96,phase3_no_heading_forward,545.88,100.0,1,100.0,1
546.03,phase3_no_heading_forward,545.88,100.0,1,100.0,1
546.09,phase3_no_heading_forward,545.88,100.0,1,100.0,1
546.16,phase3_no_heading_forward,546.13,100.0,1,100.0,1
546.23,phase3_no_heading_forward,546.13,100.0,1,100.0,1
546.29,phase3_no_heading_forward,546.13,100.0,1,100.0,1
546.36,phase3_no_heading_forward,546.13,100.0,1,100.0,1
546.43,phase3_no_heading_forward,546.38,100.0,1,100.0,1
546.49,phase3_no_heading_forward,546.38,100.0,1,100.0,1
546.56,phase3_no_heading_forward,546.38,100.0,1,100.0,1
546.63,phase3_no_heading_forward,546.38,100.0,1,100.0,1
546.69,phase3_no_heading_forward,546.63,100.0,1,100.0,1
546.76,phase3_no_heading_forward,546.63,100.0,1,100.0,1
546.83,phase3_no_heading_forward,546.63,100.0,1,100.0,1
546.89,phase3_no_heading_forward,546.88,100.0,1,100.0,1
546.96,phase3_no_heading_forward,546.88,100.0,1,100.0,1
547.03,phase3_no_heading_forward,546.88,100.0,1,100.0,1
547.09,phase3_no_heading_forward,546.88,100.0,1,100.0,1
547.16,phase3_no_heading_forward,547.14,100.0,1,100.0,1
547.23,phase3_no_heading_forward,547.14,100.0,1,100.0,1
547.29,phase3_no_heading_forward,547.14,100.0,1,100.0,1
547.36,phase3_no_heading_forward,547.14,100.0,1,100.0,1
547.43,phase3_no_heading_forward,547.39,100.0,1,100.0,1
547.49,phase3_no_heading_forward,547.39,100.0,1,100.0,1
547.56,phase3_no_heading_forward,547.39,100.0,1,100.0,1
547.63,phase3_no_heading_forward,547.39,100.0,1,100.0,1
547.69,phase3_no_heading_forward,547.64,100.0,1,100.0,1
547.76,phase3_no_heading_forward,547.64,100.0,1,100.0,1
547.83,phase3_no_heading_forward,547.64,100.0,1,100.0,1
547.89,phase3_no_heading_forward,547.89,100.0,1,100.0,1
547.96,phase3_no_heading_forward,547.89,100.0,1,100.0,1
548.03,phase3_no_heading_forward,547.89,100.0,1,100.0,1
548.09,phase3_no_heading_forward,547.89,100.0,1,100.0,1
548.16,phase3_no_heading_forward,548.14,100.0,1,100.0,1
548.23,phase3_no_heading_forward,548.14,100.0,1,100.0,1
548.29,phase3_no_heading_forward,548.14,100.0,1,100.0,1
548.36,phase3_no_heading_forward,548.14,100.0,1,100.0,1
548.43,phase3_no_heading_forward,548.4,100.0,1,100.0,1
548.5,phase3_no_heading_forward,548.4,100.0,1,100.0,1
548.56,phase3_no_heading_forward,548.4,100.0,1,100.0,1
548.63,phase3_no_heading_forward,548.4,100.0,1,100.0,1
548.7,phase3_no_heading_forward,548.65,100.0,1,100.0,1
548.77,phase3_no_heading_forward,548.65,100.0,1,100.0,1
548.83,phase3_no_heading_forward,548.65,100.0,1,100.0,1
548.9,phase3_no_heading_forward,548.65,100.0,1,100.0,1
548.97,phase3_no_heading_forward,548.9,100.0,1,100.0,1
549.03,phase3_no_heading_forward,548.9,100.0,1,100.0,1
549.1,phase3_no_heading_forward,548.9,100.0,1,100.0,1
549.17,phase3_no_heading_forward,549.15,100.0,1,100.0,1
549.24,phase3_no_heading_forward,549.15,100.0,1,100.0,1
549.3,phase3_no_heading_forward,549.15,100.0,1,100.0,1
549.37,phase3_no_heading_forward,549.15,100.0,1,100.0,1
549.44,phase3_no_heading_forward,549.4,100.0,1,100.0,1
549.5,phase3_no_heading_forward,549.4,100.0,1,100.0,1
549.57,phase3_no_heading_forward,549.4,100.0,1,100.0,1
549.64,phase3_no_heading_forward,549.4,100.0,1,100.0,1
549.71,phase3_no_heading_forward,549.66,100.0,1,100.0,1
549.77,phase3_no_heading_forward,549.66,100.0,1,100.0,1
549.84,phase3_no_heading_forward,549.66,100.0,1,100.0,1
549.91,phase3_no_heading_forward,549.66,100.0,1,100.0,1
549.97,phase3_no_heading_forward,549.91,100.0,1,100.0,1
550.04,phase3_no_heading_forward,549.91,100.0,1,100.0,1
550.11,phase3_no_heading_forward,549.91,100.0,1,100.0,1
550.18,phase3_no_heading_forward,550.16,100.0,1,100.0,1
550.24,phase3_no_heading_forward,550.16,100.0,1,100.0,1
550.31,phase3_no_heading_forward,550.16,100.0,1,100.0,1
550.38,phase3_no_heading_forward,550.16,100.0,1,100.0,1
550.45,phase3_no_heading_forward,550.41,100.0,1,100.0,1
550.51,phase3_no_heading_forward,550.41,100.0,1,100.0,1
550.58,phase3_no_heading_forward,550.41,100.0,1,100.0,1
550.65,phase3_no_heading_forward,550.41,100.0,1,100.0,1
550.72,phase3_no_heading_forward,550.66,100.0,1,100.0,1
550.79,phase3_no_heading_forward,550.66,100.0,1,100.0,1
550.85,phase3_no_heading_forward,550.66,100.0,1,100.0,1
550.92,phase3_no_heading_forward,550.92,100.0,1,100.0,1
550.98,phase3_no_heading_forward,550.92,100.0,1,100.0,1
551.05,phase3_no_heading_forward,550.92,100.0,1,100.0,1
551.12,phase3_no_heading_forward,550.92,100.0,1,100.0,1
551.18,phase3_no_heading_forward,551.17,100.0,1,100.0,1
551.25,phase3_no_heading_forward,551.17,100.0,1,100.0,1
551.32,phase3_no_heading_forward,551.17,100.0,1,100.0,1
551.39,phase3_no_heading_forward,551.17,100.0,1,100.0,1
551.45,phase3_no_heading_forward,551.42,100.0,1,100.0,1
551.52,phase3_no_heading_forward,551.42,100.0,1,100.0,1
551.58,phase3_no_heading_forward,551.42,100.0,1,100.0,1
551.65,phase3_no_heading_forward,551.42,100.0,1,100.0,1
551.72,phase3_no_heading_forward,551.67,100.0,1,100.0,1
551.78,phase3_no_heading_forward,551.67,100.0,1,100.0,1
551.85,phase3_no_heading_forward,551.67,100.0,1,100.0,1
551.92,phase3_no_heading_forward,551.67,100.0,1,100.0,1
551.98,phase3_no_heading_forward,551.92,100.0,1,100.0,1
552.05,phase3_no_heading_forward,551.92,100.0,1,100.0,1
552.11,phase3_no_heading_forward,551.92,100.0,1,100.0,1
552.18,phase3_no_heading_forward,552.18,100.0,1,100.0,1
552.25,phase3_no_heading_forward,552.18,100.0,1,100.0,1
552.32,phase3_no_heading_forward,552.18,100.0,1,100.0,1
552.38,phase3_no_heading_forward,552.18,100.0,1,100.0,1
552.45,phase3_no_heading_forward,552.43,100.0,1,100.0,1
552.51,phase3_no_heading_forward,552.43,100.0,1,100.0,1
552.58,phase3_no_heading_forward,552.43,100.0,1,100.0,1
552.65,phase3_no_heading_forward,552.43,100.0,1,100.0,1
552.71,phase3_no_heading_forward,552.68,100.0,1,100.0,1
552.78,phase3_no_heading_forward,552.68,100.0,1,100.0,1
552.85,phase3_no_heading_forward,552.68,100.0,1,100.0,1
552.91,phase3_no_heading_forward,552.68,100.0,1,100.0,1
552.98,phase3_no_heading_forward,552.93,100.0,1,100.0,1
553.05,phase3_no_heading_forward,552.93,100.0,1,100.0,1
553.11,phase3_no_heading_forward,552.93,100.0,1,100.0,1
553.18,phase3_no_heading_forward,552.93,100.0,1,100.0,1
553.25,phase3_no_heading_forward,553.18,100.0,1,100.0,1
553.31,phase3_no_heading_forward,553.18,100.0,1,100.0,1
553.38,phase3_no_heading_forward,553.18,100.0,1,100.0,1
553.45,phase3_no_heading_forward,553.43,100.0,1,100.0,1
553.51,phase3_no_heading_forward,553.43,100.0,1,100.0,1
553.58,phase3_no_heading_forward,553.43,100.0,1,100.0,1
553.64,phase3_no_heading_forward,553.43,100.0,1,100.0,1
553.71,phase3_no_heading_forward,553.69,100.0,1,100.0,1
553.78,phase3_no_heading_forward,553.69,100.0,1,100.0,1
553.84,phase3_no_heading_forward,553.69,100.0,1,100.0,1
553.91,phase3_no_heading_forward,553.69,100.0,1,100.0,1
553.98,phase3_no_heading_forward,553.94,100.0,1,100.0,1
554.04,phase3_no_heading_forward,553.94,100.0,1,100.0,1
554.11,phase3_no_heading_forward,553.94,100.0,1,100.0,1
554.18,phase3_no_heading_forward,553.94,100.0,1,100.0,1
554.24,phase3_no_heading_forward,554.19,100.0,1,100.0,1
554.31,phase3_no_heading_forward,554.19,100.0,1,100.0,1
554.38,phase3_no_heading_forward,554.19,100.0,1,100.0,1
554.44,phase3_no_heading_forward,554.44,100.0,1,100.0,1
554.51,phase3_no_heading_forward,554.44,100.0,1,100.0,1
554.58,phase3_no_heading_forward,554.44,100.0,1,100.0,1
554.64,phase3_no_heading_forward,554.44,100.0,1,100.0,1
554.71,phase3_no_heading_forward,554.69,100.0,1,100.0,1
554.78,phase3_no_heading_forward,554.69,100.0,1,100.0,1
554.84,phase3_no_heading_forward,554.69,100.0,1,100.0,1
554.91,phase3_no_heading_forward,554.69,100.0,1,100.0,1
554.97,phase3_no_heading_forward,554.95,100.0,1,100.0,1
555.04,phase3_no_heading_forward,554.95,100.0,1,100.0,1
555.11,phase3_no_heading_forward,554.95,100.0,1,100.0,1
555.18,phase3_no_heading_forward,554.95,100.0,1,100.0,1
555.24,phase3_no_heading_forward,555.2,100.0,1,100.0,1
555.31,phase3_no_heading_forward,555.2,100.0,1,100.0,1
555.38,phase3_no_heading_forward,555.2,100.0,1,100.0,1
555.44,phase3_no_heading_forward,555.2,100.0,1,100.0,1
555.51,phase3_no_heading_forward,555.45,100.0,1,100.0,1
555.58,phase3_no_heading_forward,555.45,100.0,1,100.0,1
555.64,phase3_gps_turn,555.6,71.88,1,83.12,1
555.71,phase3_gps_turn,555.6,71.88,1,83.12,1
555.78,phase3_gps_turn,555.75,71.88,1,83.12,1
555.84,phase3_gps_turn,555.75,71.88,1,83.12,1
555.91,phase3_gps_turn,555.9,71.88,1,83.12,1
555.98,phase3_gps_turn,555.9,71.88,1,83.12,1
556.04,phase3_gps_turn,555.9,71.88,1,83.12,1
556.11,phase3_gps_turn,556.05,71.88,1,83.12,1
556.18,phase3_gps_turn,556.05,71.88,1,83.12,1
556.24,phase3_gps_turn,556.21,71.88,1,83.12,1
556.31,phase3_gps_turn,556.21,71.88,1,83.12,1
556.38,phase3_gps_turn,556.36,71.88,1,83.12,1
556.44,phase3_gps_turn,556.36,71.88,1,83.12,1
556.51,phase3_gps_turn,556.51,71.88,1,83.12,1
556.58,phase3_gps_turn,556.51,71.88,1,83.12,1
556.64,phase3_gps_turn,556.51,71.88,1,83.12,1
556.71,phase3_gps_turn,556.66,71.88,1,83.12,1
556.78,phase3_gps_turn,556.66,71.88,1,83.12,1
556.84,phase3_gps_turn,556.81,71.88,1,83.12,1
556.91,phase3_gps_turn,556.81,71.88,1,83.12,1
556.98,phase3_gps_turn,556.96,71.88,1,83.12,1
557.05,phase3_gps_turn,556.96,71.88,1,83.12,1
557.11,phase3_gps_turn,556.96,71.88,1,83.12,1
557.18,phase3_gps_turn,557.11,71.88,1,83.12,1
557.25,phase3_gps_turn,557.11,71.88,1,83.12,1
557.31,phase3_gps_turn,557.26,71.88,1,83.12,1
557.38,phase3_gps_turn,557.26,71.88,1,83.12,1
557.45,phase3_gps_turn,557.42,71.88,1,83.12,1
557.52,phase3_gps_turn,557.42,71.88,1,83.12,1
557.59,phase3_gps_turn,557.57,83.12,1,71.88,1
557.65,phase3_gps_turn,557.57,83.12,1,71.88,1
557.72,phase3_gps_turn,557.57,83.12,1,71.88,1
557.78,phase3_gps_turn,557.72,83.12,1,71.88,1
557.85,phase3_gps_turn,557.72,83.12,1,71.88,1
557.92,phase3_gps_turn,557.87,83.12,1,71.88,1
557.98,phase3_gps_turn,557.87,83.12,1,71.88,1
558.05,phase3_gps_turn,558.02,83.12,1,71.88,1
558.12,phase3_gps_turn,558.02,83.12,1,71.88,1
558.18,phase3_gps_turn,558.17,83.12,1,71.88,1
558.25,phase3_gps_turn,558.17,83.12,1,71.88,1
558.31,phase3_gps_turn,558.17,83.12,1,71.88,1
558.38,phase3_gps_turn,558.32,83.12,1,71.88,1
558.45,phase3_gps_turn,558.32,83.12,1,71.88,1
558.51,phase3_gps_turn,558.48,83.12,1,71.88,1
558.58,phase3_gps_turn,558.48,83.12,1,71.88,1
558.65,phase3_gps_turn,558.63,83.12,1,71.88,1
558.71,phase3_gps_turn,558.63,83.12,1,71.88,1
558.78,phase3_gps_turn,558.63,83.12,1,71.88,1
558.85,phase3_gps_turn,558.78,83.12,1,71.88,1
558.92,phase3_gps_turn,558.78,83.12,1,71.88,1
558.99,phase3_gps_turn,558.93,83.12,1,71.88,1
559.05,phase3_gps_turn,558.93,83.12,1,71.88,1
559.12,phase3_gps_turn,559.08,83.12,1,71.88,1
559.18,phase3_gps_turn,559.08,83.12,1,71.88,1
559.25,phase3_gps_turn,559.23,83.12,1,71.88,1
559.32,phase3_gps_turn,559.23,83.12,1,71.88,1
559.38,phase3_gps_turn,559.23,83.12,1,71.88,1
559.45,phase3_gps_turn,559.38,83.12,1,71.88,1
559.52,phase3_gps_turn,559.38,83.12,1,71.88,1
559.58,phase3_gps_turn,559.54,83.12,1,71.88,1
559.65,phase3_gps_turn,559.54,83.12,1,71.88,1
559.72,phase3_gps_turn,559.69,83.12,1,71.88,1
559.78,phase3_gps_turn,559.69,83.12,1,71.88,1
559.85,phase3_gps_turn,559.84,83.12,1,71.88,1
559.91,phase3_gps_turn,559.84,83.12,1,71.88,1
559.98,phase3_gps_turn,559.84,83.12,1,71.88,1
560.05,phase3_gps_turn,559.99,83.12,1,71.88,1
560.11,phase3_gps_turn,559.99,83.12,1,71.88,1
560.18,phase3_gps_turn,560.14,83.12,1,71.88,1
560.25,phase3_gps_turn,560.14,83.12,1,71.88,1
560.31,phase3_gps_turn,560.29,83.12,1,71.88,1
560.38,phase3_gps_turn,560.29,83.12,1,71.88,1
560.45,phase3_gps_turn,560.44,83.12,1,71.88,1
560.51,phase3_gps_turn,560.44,83.12,1,71.88,1
560.58,phase3_gps_turn,560.44,83.12,1,71.88,1
560.65,phase3_gps_turn,560.59,83.12,1,71.88,1
560.71,phase3_gps_turn,560.59,83.12,1,71.88,1
560.78,phase3_gps_turn,560.75,83.12,1,71.88,1
560.84,phase3_gps_turn,560.75,83.12,1,71.88,1
560.91,phase3_gps_turn,560.9,83.12,1,71.88,1
560.98,phase3_gps_turn,560.9,83.12,1,71.88,1
561.04,phase3_gps_turn,560.9,83.12,1,71.88,1
561.11,phase3_gps_turn,561.05,83.12,1,71.88,1
561.18,phase3_gps_turn,561.05,83.12,1,71.88,1
561.24,phase3_gps_turn,561.2,83.12,1,71.88,1
561.31,phase3_gps_turn,561.2,83.12,1,71.88,1
561.38,phase3_gps_turn,561.35,83.12,1,71.88,1
561.44,phase3_gps_turn,561.35,83.12,1,71.88,1
561.51,phase3_gps_turn,561.5,83.12,1,71.88,1
561.58,phase3_gps_turn,561.5,83.12,1,71.88,1
561.64,phase3_gps_turn,561.5,83.12,1,71.88,1
561.71,phase3_gps_turn,561.65,83.12,1,71.88,1
561.77,phase3_gps_turn,561.65,83.12,1,71.88,1
561.84,phase3_gps_turn,561.81,83.12,1,71.88,1
561.91,phase3_gps_turn,561.81,83.12,1,71.88,1
561.97,phase3_gps_turn,561.96,83.12,1,71.88,1
562.04,phase3_gps_turn,561.96,83.12,1,71.88,1
562.11,phase3_gps_turn,561.96,83.12,1,71.88,1
562.17,phase3_gps_turn,562.11,83.12,1,71.88,1
562.24,phase3_gps_turn,562.11,83.12,1,71.88,1
562.31,phase3_gps_turn,562.26,83.12,1,71.88,1
562.37,phase3_gps_turn,562.26,83.12,1,71.88,1
562.44,phase3_gps_turn,562.41,83.12,1,71.88,1
562.51,phase3_gps_turn,562.41,83.12,1,71.88,1
562.57,phase3_gps_turn,562.56,83.12,1,71.88,1
562.64,phase3_gps_turn,562.56,83.12,1,71.88,1
562.71,phase3_gps_turn,562.56,83.12,1,71.88,1
562.77,phase3_gps_turn,562.71,83.12,1,71.88,1
562.84,phase3_gps_turn,562.71,83.12,1,71.88,1
562.91,phase3_gps_turn,562.86,83.12,1,71.88,1
562.97,phase3_gps_turn,562.86,83.12,1,71.88,1
563.04,phase3_gps_turn,563.02,83.12,1,71.88,1
563.11,phase3_gps_turn,563.02,83.12,1,71.88,1
563.17,phase3_gps_turn,563.17,83.12,1,71.88,1
563.24,phase3_gps_turn,563.17,83.12,1,71.88,1
563.31,phase3_gps_turn,563.17,83.12,1,71.88,1
563.38,phase3_gps_turn,563.32,83.12,1,71.88,1
563.44,phase3_gps_turn,563.32,83.12,1,71.88,1
563.51,phase3_gps_turn,563.47,83.12,1,71.88,1
563.58,phase3_gps_turn,563.47,83.12,1,71.88,1
563.64,phase3_gps_turn,563.62,83.12,1,71.88,1
563.71,phase3_gps_turn,563.62,83.12,1,71.88,1
563.78,phase3_gps_turn,563.77,83.12,1,71.88,1
563.84,phase3_gps_turn,563.77,83.12,1,71.88,1
563.91,phase3_gps_turn,563.77,83.12,1,71.88,1
563.98,phase3_gps_turn,563.92,83.12,1,71.88,1
564.04,phase3_gps_turn,563.92,83.12,1,71.88,1
564.11,phase3_gps_turn,564.08,83.12,1,71.88,1
564.18,phase3_gps_turn,564.08,83.12,1,71.88,1
564.25,phase3_gps_turn,564.23,83.12,1,71.88,1
564.31,phase3_gps_turn,564.23,83.12,1,71.88,1
564.38,phase3_gps_turn,564.38,83.12,1,71.88,1
564.45,phase3_gps_turn,564.38,83.12,1,71.88,1
564.51,phase3_gps_turn,564.38,83.12,1,71.88,1
564.58,phase3_gps_turn,564.53,83.12,1,71.88,1
564.65,phase3_gps_turn,564.53,83.12,1,71.88,1
564.71,phase3_gps_turn,564.68,83.12,1,71.88,1
564.78,phase3_gps_turn,564.68,83.12,1,71.88,1
564.85,phase3_gps_turn,564.83,83.12,1,71.88,1
564.92,phase3_gps_turn,564.83,83.12,1,71.88,1
564.98,phase3_gps_turn,564.83,83.12,1,71.88,1
565.05,phase3_gps_turn,564.98,83.12,1,71.88,1
565.12,phase3_gps_turn,564.98,83.12,1,71.88,1
565.18,phase3_gps_turn,565.13,83.12,1,71.88,1
565.25,phase3_gps_turn,565.13,83.12,1,71.88,1
565.32,phase3_gps_turn,565.29,83.12,1,71.88,1
565.38,phase3_gps_turn,565.29,83.12,1,71.88,1
565.46,phase3_gps_turn,565.44,83.12,1,71.88,1
565.52,phase3_gps_turn,565.44,83.12,1,71.88,1
565.59,phase3_gps_turn,565.59,83.12,1,71.88,1
565.66,phase3_gps_turn,565.59,83.12,1,71.88,1
565.72,phase3_gps_turn,565.59,83.12,1,71.88,1
565.79,phase3_gps_turn,565.74,83.12,1,71.88,1
565.85,phase3_gps_turn,565.74,83.12,1,71.88,1
565.92,phase3_gps_turn,565.89,83.12,1,71.88,1
565.99,phase3_gps_turn,565.89,83.12,1,71.88,1
566.05,phase3_gps_turn,566.04,83.12,1,71.88,1
566.12,phase3_gps_turn,566.04,83.12,1,71.88,1
566.19,phase3_gps_turn,566.04,83.12,1,71.88,1
566.25,phase3_gps_turn,566.19,83.12,1,71.88,1
566.32,phase3_gps_turn,566.19,83.12,1,71.88,1
566.38,phase3_gps_turn,566.35,83.12,1,71.88,1
566.45,phase3_gps_turn,566.35,83.12,1,71.88,1
566.52,phase3_gps_turn,566.5,83.12,1,71.88,1
566.58,phase3_gps_turn,566.5,83.12,1,71.88,1
566.65,phase3_gps_turn,566.65,83.12,1,71.88,1
566.72,phase3_gps_turn,566.65,83.12,1,71.88,1
566.78,phase3_gps_turn,566.65,83.12,1,71.88,1
566.85,phase3_gps_turn,566.8,83.12,1,71.88,1
566.91,phase3_gps_turn,566.8,83.12,1,71.88,1
566.98,phase3_gps_turn,566.95,83.12,1,71.88,1
567.05,phase3_gps_turn,566.95,83.12,1,71.88,1
567.11,phase3_gps_turn,567.1,83.12,1,71.88,1
567.18,phase3_gps_turn,567.1,83.12,1,71.88,1
567.25,phase3_gps_turn,567.1,83.12,1,71.88,1
567.31,phase3_gps_turn,567.25,83.12,1,71.88,1
567.38,phase3_gps_turn,567.25,83.12,1,71.88,1
567.45,phase3_gps_turn,567.4,83.12,1,71.88,1
567.51,phase3_gps_turn,567.4,83.12,1,71.88,1
567.58,phase3_gps_turn,567.4,83.12,1,71.88,1
567.64,phase3_gps_turn,567.4,83.12,1,71.88,1
567.71,phase3_no_heading_forward,567.66,100.0,1,100.0,1
567.78,phase3_no_heading_forward,567.66,100.0,1,100.0,1
567.84,phase3_no_heading_forward,567.66,100.0,1,100.0,1
567.91,phase3_no_heading_forward,567.91,100.0,1,100.0,1
567.98,phase3_no_heading_forward,567.91,100.0,1,100.0,1
568.04,phase3_no_heading_forward,567.91,100.0,1,100.0,1
568.11,phase3_no_heading_forward,567.91,100.0,1,100.0,1
568.18,phase3_no_heading_forward,568.16,100.0,1,100.0,1
568.24,phase3_no_heading_forward,568.16,100.0,1,100.0,1
568.31,phase3_no_heading_forward,568.16,100.0,1,100.0,1
568.38,phase3_no_heading_forward,568.16,100.0,1,100.0,1
568.44,phase3_no_heading_forward,568.41,100.0,1,100.0,1
568.51,phase3_no_heading_forward,568.41,100.0,1,100.0,1
568.58,phase3_no_heading_forward,568.41,100.0,1,100.0,1
568.64,phase3_no_heading_forward,568.41,100.0,1,100.0,1
568.71,phase3_no_heading_forward,568.66,100.0,1,100.0,1
568.78,phase3_no_heading_forward,568.66,100.0,1,100.0,1
568.84,phase3_no_heading_forward,568.66,100.0,1,100.0,1
568.91,phase3_no_heading_forward,568.66,100.0,1,100.0,1
568.98,phase3_no_heading_forward,568.92,100.0,1,100.0,1
569.04,phase3_no_heading_forward,568.92,100.0,1,100.0,1
569.11,phase3_no_heading_forward,568.92,100.0,1,100.0,1
569.18,phase3_no_heading_forward,569.17,100.0,1,100.0,1
569.24,phase3_no_heading_forward,569.17,100.0,1,100.0,1
569.31,phase3_no_heading_forward,569.17,100.0,1,100.0,1
569.38,phase3_no_heading_forward,569.17,100.0,1,100.0,1
569.44,phase3_no_heading_forward,569.42,100.0,1,100.0,1
569.51,phase3_no_heading_forward,569.42,100.0,1,100.0,1
569.58,phase3_no_heading_forward,569.42,100.0,1,100.0,1
569.65,phase3_no_heading_forward,569.42,100.0,1,100.0,1
569.71,phase3_no_heading_forward,569.67,100.0,1,100.0,1
569.78,phase3_no_heading_forward,569.67,100.0,1,100.0,1
569.85,phase3_no_heading_forward,569.67,100.0,1,100.0,1
569.91,phase3_no_heading_forward,569.67,100.0,1,100.0,1
569.98,phase3_no_heading_forward,569.92,100.0,1,100.0,1
570.05,phase3_no_heading_forward,569.92,100.0,1,100.0,1
570.11,phase3_no_heading_forward,569.92,100.0,1,100.0,1
570.18,phase3_no_heading_forward,570.18,100.0,1,100.0,1
570.25,phase3_no_heading_forward,570.18,100.0,1,100.0,1
570.31,phase3_no_heading_forward,570.18,100.0,1,100.0,1
570.38,phase3_no_heading_forward,570.18,100.0,1,100.0,1
570.45,phase3_no_heading_forward,570.43,100.0,1,100.0,1
570.51,phase3_no_heading_forward,570.43,100.0,1,100.0,1
570.58,phase3_no_heading_forward,570.43,100.0,1,100.0,1
570.65,phase3_no_heading_forward,570.43,100.0,1,100.0,1
570.71,phase3_no_heading_forward,570.68,100.0,1,100.0,1
570.78,phase3_no_heading_forward,570.68,100.0,1,100.0,1
570.85,phase3_no_heading_forward,570.68,100.0,1,100.0,1
570.92,phase3_no_heading_forward,570.68,100.0,1,100.0,1
570.98,phase3_no_heading_forward,570.93,100.0,1,100.0,1
571.05,phase3_no_heading_forward,570.93,100.0,1,100.0,1
571.12,phase3_no_heading_forward,570.93,100.0,1,100.0,1
571.18,phase3_no_heading_forward,570.93,100.0,1,100.0,1
571.25,phase3_no_heading_forward,571.18,100.0,1,100.0,1
571.32,phase3_no_heading_forward,571.18,100.0,1,100.0,1
571.39,phase3_no_heading_forward,571.18,100.0,1,100.0,1
571.45,phase3_no_heading_forward,571.44,100.0,1,100.0,1
571.52,phase3_no_heading_forward,571.44,100.0,1,100.0,1
571.59,phase3_no_heading_forward,571.44,100.0,1,100.0,1
571.65,phase3_no_heading_forward,571.44,100.0,1,100.0,1
571.72,phase3_no_heading_forward,571.69,100.0,1,100.0,1
571.79,phase3_no_heading_forward,571.69,100.0,1,100.0,1
571.86,phase3_no_heading_forward,571.69,100.0,1,100.0,1
571.92,phase3_no_heading_forward,571.69,100.0,1,100.0,1
572.0,phase3_no_heading_forward,571.94,100.0,1,100.0,1
572.07,phase3_no_heading_forward,571.94,100.0,1,100.0,1
572.13,phase3_no_heading_forward,571.94,100.0,1,100.0,1
572.2,phase3_no_heading_forward,572.19,100.0,1,100.0,1
572.26,phase3_no_heading_forward,572.19,100.0,1,100.0,1
572.33,phase3_no_heading_forward,572.19,100.0,1,100.0,1
572.4,phase3_no_heading_forward,572.19,100.0,1,100.0,1
572.46,phase3_no_heading_forward,572.44,100.0,1,100.0,1
572.53,phase3_no_heading_forward,572.44,100.0,1,100.0,1
572.59,phase3_no_heading_forward,572.44,100.0,1,100.0,1
572.66,phase3_no_heading_forward,572.44,100.0,1,100.0,1
572.73,phase3_no_heading_forward,572.7,100.0,1,100.0,1
572.79,phase3_no_heading_forward,572.7,100.0,1,100.0,1
572.86,phase3_no_heading_forward,572.7,100.0,1,100.0,1
572.93,phase3_no_heading_forward,572.7,100.0,1,100.0,1
572.99,phase3_no_heading_forward,572.95,100.0,1,100.0,1
573.06,phase3_no_heading_forward,572.95,100.0,1,100.0,1
573.13,phase3_no_heading_forward,572.95,100.0,1,100.0,1
573.19,phase3_no_heading_forward,572.95,100.0,1,100.0,1
573.26,phase3_no_heading_forward,573.2,100.0,1,100.0,1
573.32,phase3_no_heading_forward,573.2,100.0,1,100.0,1
573.39,phase3_no_heading_forward,573.2,100.0,1,100.0,1
573.46,phase3_no_heading_forward,573.45,100.0,1,100.0,1
573.52,phase3_no_heading_forward,573.45,100.0,1,100.0,1
573.59,phase3_no_heading_forward,573.45,100.0,1,100.0,1
573.66,phase3_no_heading_forward,573.45,100.0,1,100.0,1
573.72,phase3_no_heading_forward,573.7,100.0,1,100.0,1
573.79,phase3_no_heading_forward,573.7,100.0,1,100.0,1
573.85,phase3_no_heading_forward,573.7,100.0,1,100.0,1
573.92,phase3_no_heading_forward,573.7,100.0,1,100.0,1
573.99,phase3_no_heading_forward,573.96,100.0,1,100.0,1
574.06,phase3_no_heading_forward,573.96,100.0,1,100.0,1
574.12,phase3_no_heading_forward,573.96,100.0,1,100.0,1
574.19,phase3_no_heading_forward,573.96,100.0,1,100.0,1
574.26,phase3_no_heading_forward,574.21,100.0,1,100.0,1
574.32,phase3_no_heading_forward,574.21,100.0,1,100.0,1
574.39,phase3_no_heading_forward,574.21,100.0,1,100.0,1
574.46,phase3_no_heading_forward,574.21,100.0,1,100.0,1
574.52,phase3_no_heading_forward,574.46,100.0,1,100.0,1
574.59,phase3_no_heading_forward,574.46,100.0,1,100.0,1
574.66,phase3_no_heading_forward,574.46,100.0,1,100.0,1
574.72,phase3_no_heading_forward,574.71,100.0,1,100.0,1
574.79,phase3_no_heading_forward,574.71,100.0,1,100.0,1
574.86,phase3_no_heading_forward,574.71,100.0,1,100.0,1
574.92,phase3_no_heading_forward,574.71,100.0,1,100.0,1
574.99,phase3_no_heading_forward,574.96,100.0,1,100.0,1
575.06,phase3_no_heading_forward,574.96,100.0,1,100.0,1
575.12,phase3_no_heading_forward,574.96,100.0,1,100.0,1
575.19,phase3_no_heading_forward,574.96,100.0,1,100.0,1
575.26,phase3_no_heading_forward,575.22,100.0,1,100.0,1
575.32,phase3_no_heading_forward,575.22,100.0,1,100.0,1
575.39,phase3_no_heading_forward,575.22,100.0,1,100.0,1
575.46,phase3_no_heading_forward,575.22,100.0,1,100.0,1
575.52,phase3_no_heading_forward,575.47,100.0,1,100.0,1
575.59,phase3_no_heading_forward,575.47,100.0,1,100.0,1
575.66,phase3_no_heading_forward,575.47,100.0,1,100.0,1
575.72,phase3_no_heading_forward,575.72,100.0,1,100.0,1
575.79,phase3_no_heading_forward,575.72,100.0,1,100.0,1
575.86,phase3_no_heading_forward,575.72,100.0,1,100.0,1
575.92,phase3_no_heading_forward,575.72,100.0,1,100.0,1
575.99,phase3_no_heading_forward,575.97,100.0,1,100.0,1
576.06,phase3_no_heading_forward,575.97,100.0,1,100.0,1
576.12,phase3_no_heading_forward,575.97,100.0,1,100.0,1
576.19,phase3_no_heading_forward,575.97,100.0,1,100.0,1
576.26,phase3_no_heading_forward,576.22,100.0,1,100.0,1
576.32,phase3_no_heading_forward,576.22,100.0,1,100.0,1
576.39,phase3_no_heading_forward,576.22,100.0,1,100.0,1
576.46,phase3_no_heading_forward,576.22,100.0,1,100.0,1
576.52,phase3_no_heading_forward,576.47,100.0,1,100.0,1
576.59,phase3_no_heading_forward,576.47,100.0,1,100.0,1
576.66,phase3_no_heading_forward,576.47,100.0,1,100.0,1
576.72,phase3_no_heading_forward,576.47,100.0,1,100.0,1
576.79,phase3_no_heading_forward,576.73,100.0,1,100.0,1
576.86,phase3_no_heading_forward,576.73,100.0,1,100.0,1
576.92,phase3_no_heading_forward,576.73,100.0,1,100.0,1
576.99,phase3_no_heading_forward,576.98,100.0,1,100.0,1
577.06,phase3_no_heading_forward,576.98,100.0,1,100.0,1
577.12,phase3_no_heading_forward,576.98,100.0,1,100.0,1
577.19,phase3_no_heading_forward,576.98,100.0,1,100.0,1
577.26,phase3_no_heading_forward,577.23,100.0,1,100.0,1
577.33,phase3_no_heading_forward,577.23,100.0,1,100.0,1
577.39,phase3_no_heading_forward,577.23,100.0,1,100.0,1
577.46,phase3_no_heading_forward,577.23,100.0,1,100.0,1
577.53,phase3_no_heading_forward,577.48,100.0,1,100.0,1
577.6,phase3_no_heading_forward,577.48,100.0,1,100.0,1
577.66,phase3_no_heading_forward,577.48,100.0,1,100.0,1
577.73,phase3_no_heading_forward,577.48,100.0,1,100.0,1
577.8,phase3_no_heading_forward,577.73,100.0,1,100.0,1
577.86,phase3_no_heading_forward,577.73,100.0,1,100.0,1
577.93,phase3_no_heading_forward,577.73,100.0,1,100.0,1
578.0,phase3_no_heading_forward,577.99,100.0,1,100.0,1
578.06,phase3_no_heading_forward,577.99,100.0,1,100.0,1
578.13,phase3_no_heading_forward,577.99,100.0,1,100.0,1
578.19,phase3_no_heading_forward,577.99,100.0,1,100.0,1
578.26,phase3_no_heading_forward,578.24,100.0,1,100.0,1
578.33,phase3_no_heading_forward,578.24,100.0,1,100.0,1
578.39,phase3_no_heading_forward,578.24,100.0,1,100.0,1
578.46,phase3_no_heading_forward,578.24,100.0,1,100.0,1
578.53,phase3_no_heading_forward,578.49,100.0,1,100.0,1
578.59,phase3_no_heading_forward,578.49,100.0,1,100.0,1
578.66,phase3_no_heading_forward,578.49,100.0,1,100.0,1
578.73,phase3_no_heading_forward,578.49,100.0,1,100.0,1
578.8,phase3_no_heading_forward,578.74,100.0,1,100.0,1
578.86,phase3_no_heading_forward,578.74,100.0,1,100.0,1
578.93,phase3_no_heading_forward,578.74,100.0,1,100.0,1
578.99,phase3_no_heading_forward,578.99,100.0,1,100.0,1
579.06,phase3_no_heading_forward,578.99,100.0,1,100.0,1
579.13,phase3_no_heading_forward,578.99,100.0,1,100.0,1
579.19,phase3_no_heading_forward,578.99,100.0,1,100.0,1
579.26,phase3_no_heading_forward,579.24,100.0,1,100.0,1
579.32,phase3_no_heading_forward,579.24,100.0,1,100.0,1
579.39,phase3_no_heading_forward,579.24,100.0,1,100.0,1
579.46,phase3_no_heading_forward,579.24,100.0,1,100.0,1
579.52,phase3_no_heading_forward,579.49,100.0,1,100.0,1
579.59,phase3_no_heading_forward,579.49,100.0,1,100.0,1
579.65,phase3_no_heading_forward,579.49,100.0,1,100.0,1
579.72,phase3_no_heading_forward,579.49,100.0,1,100.0,1
579.79,phase3_no_heading_forward,579.75,100.0,1,100.0,1
579.85,phase3_no_heading_forward,579.75,100.0,1,100.0,1
579.92,phase3_no_heading_forward,579.75,100.0,1,100.0,1
579.98,phase3_no_heading_forward,579.75,100.0,1,100.0,1
580.05,phase3_no_heading_forward,580.0,100.0,1,100.0,1
580.11,phase3_no_heading_forward,580.0,100.0,1,100.0,1
580.18,phase3_no_heading_forward,580.0,100.0,1,100.0,1
580.24,phase3_no_heading_forward,580.0,100.0,1,100.0,1
580.31,phase3_no_heading_forward,580.25,100.0,1,100.0,1
580.38,phase3_no_heading_forward,580.25,100.0,1,100.0,1
580.44,phase3_no_heading_forward,580.25,100.0,1,100.0,1
580.51,phase3_no_heading_forward,580.5,100.0,1,100.0,1
580.57,phase3_no_heading_forward,580.5,100.0,1,100.0,1
580.64,phase3_no_heading_forward,580.5,100.0,1,100.0,1
580.71,phase3_no_heading_forward,580.5,100.0,1,100.0,1
580.77,phase3_no_heading_forward,580.75,100.0,1,100.0,1
580.84,phase3_no_heading_forward,580.75,100.0,1,100.0,1
580.9,phase3_no_heading_forward,580.75,100.0,1,100.0,1
580.97,phase3_no_heading_forward,580.75,100.0,1,100.0,1
581.03,phase3_no_heading_forward,581.0,100.0,1,100.0,1
581.1,phase3_no_heading_forward,581.0,100.0,1,100.0,1
581.17,phase3_no_heading_forward,581.0,100.0,1,100.0,1
581.23,phase3_no_heading_forward,581.0,100.0,1,100.0,1
581.3,phase3_no_heading_forward,581.26,100.0,1,100.0,1
581.36,phase3_no_heading_forward,581.26,100.0,1,100.0,1
581.43,phase3_no_heading_forward,581.26,100.0,1,100.0,1
581.5,phase3_no_heading_forward,581.26,100.0,1,100.0,1
581.56,phase3_no_heading_forward,581.51,100.0,1,100.0,1
581.63,phase3_no_heading_forward,581.51,100.0,1,100.0,1
581.7,phase3_no_heading_forward,581.51,100.0,1,100.0,1
581.76,phase3_no_heading_forward,581.76,100.0,1,100.0,1
581.83,phase3_no_heading_forward,581.76,100.0,1,100.0,1
581.89,phase3_no_heading_forward,581.76,100.0,1,100.0,1
581.96,phase3_no_heading_forward,581.76,100.0,1,100.0,1
582.03,phase3_no_heading_forward,582.01,100.0,1,100.0,1
582.09,phase3_no_heading_forward,582.01,100.0,1,100.0,1
582.16,phase3_no_heading_forward,582.01,100.0,1,100.0,1
582.22,phase3_no_heading_forward,582.01,100.0,1,100.0,1
582.29,phase3_no_heading_forward,582.26,100.0,1,100.0,1
582.35,phase3_no_heading_forward,582.26,100.0,1,100.0,1
582.42,phase3_no_heading_forward,582.26,100.0,1,100.0,1
582.49,phase3_no_heading_forward,582.26,100.0,1,100.0,1
582.56,phase3_no_heading_forward,582.51,100.0,1,100.0,1
582.62,phase3_no_heading_forward,582.51,100.0,1,100.0,1
582.69,phase3_no_heading_forward,582.51,100.0,1,100.0,1
582.76,phase3_no_heading_forward,582.51,100.0,1,100.0,1
582.82,phase3_no_heading_forward,582.76,100.0,1,100.0,1
582.89,phase3_no_heading_forward,582.76,100.0,1,100.0,1
582.96,phase3_no_heading_forward,582.76,100.0,1,100.0,1
583.02,phase3_no_heading_forward,583.02,100.0,1,100.0,1
583.09,phase3_no_heading_forward,583.02,100.0,1,100.0,1
583.16,phase3_no_heading_forward,583.02,100.0,1,100.0,1
583.22,phase3_no_heading_forward,583.02,100.0,1,100.0,1
583.29,phase3_no_heading_forward,583.27,100.0,1,100.0,1
583.36,phase3_no_heading_forward,583.27,100.0,1,100.0,1
583.42,phase3_no_heading_forward,583.27,100.0,1,100.0,1
583.49,phase3_no_heading_forward,583.27,100.0,1,100.0,1
583.56,phase3_no_heading_forward,583.52,100.0,1,100.0,1
583.62,phase3_no_heading_forward,583.52,100.0,1,100.0,1
583.69,phase3_no_heading_forward,583.52,100.0,1,100.0,1
583.76,phase3_no_heading_forward,583.52,100.0,1,100.0,1
583.83,phase3_no_heading_forward,583.77,100.0,1,100.0,1
583.89,phase3_no_heading_forward,583.77,100.0,1,100.0,1
583.96,phase3_no_heading_forward,583.77,100.0,1,100.0,1
584.03,phase3_no_heading_forward,584.02,100.0,1,100.0,1
584.09,phase3_no_heading_forward,584.02,100.0,1,100.0,1
584.16,phase3_no_heading_forward,584.02,100.0,1,100.0,1
584.23,phase3_no_heading_forward,584.02,100.0,1,100.0,1
584.29,phase3_no_heading_forward,584.28,100.0,1,100.0,1
584.36,phase3_no_heading_forward,584.28,100.0,1,100.0,1
584.43,phase3_no_heading_forward,584.28,100.0,1,100.0,1
584.49,phase3_no_heading_forward,584.28,100.0,1,100.0,1
584.56,phase3_no_heading_forward,584.53,100.0,1,100.0,1
584.63,phase3_no_heading_forward,584.53,100.0,1,100.0,1
584.69,phase3_no_heading_forward,584.53,100.0,1,100.0,1
584.76,phase3_no_heading_forward,584.53,100.0,1,100.0,1
584.83,phase3_no_heading_forward,584.78,100.0,1,100.0,1
584.9,phase3_no_heading_forward,584.78,100.0,1,100.0,1
584.96,phase3_no_heading_forward,584.78,100.0,1,100.0,1
585.03,phase3_no_heading_forward,584.78,100.0,1,100.0,1
585.1,phase3_no_heading_forward,585.03,100.0,1,100.0,1
585.16,phase3_no_heading_forward,585.03,100.0,1,100.0,1
585.23,phase3_no_heading_forward,585.03,100.0,1,100.0,1
585.3,phase3_no_heading_forward,585.28,100.0,1,100.0,1
585.37,phase3_no_heading_forward,585.28,100.0,1,100.0,1
585.44,phase3_no_heading_forward,585.28,100.0,1,100.0,1
585.51,phase3_no_heading_forward,585.28,100.0,1,100.0,1
585.57,phase3_no_heading_forward,585.54,100.0,1,100.0,1
585.64,phase3_no_heading_forward,585.54,100.0,1,100.0,1
585.7,phase3_no_heading_forward,585.54,100.0,1,100.0,1
585.77,phase3_no_heading_forward,585.54,100.0,1,100.0,1
585.84,phase3_no_heading_forward,585.79,100.0,1,100.0,1
585.9,phase3_no_heading_forward,585.79,100.0,1,100.0,1
585.97,phase3_no_heading_forward,585.79,100.0,1,100.0,1
586.04,phase3_no_heading_forward,585.79,100.0,1,100.0,1
586.1,phase3_no_heading_forward,586.04,100.0,1,100.0,1
586.17,phase3_no_heading_forward,586.04,100.0,1,100.0,1
586.24,phase3_no_heading_forward,586.04,100.0,1,100.0,1
586.3,phase3_no_heading_forward,586.29,100.0,1,100.0,1
586.37,phase3_no_heading_forward,586.29,100.0,1,100.0,1
586.44,phase3_no_heading_forward,586.29,100.0,1,100.0,1
586.5,phase3_no_heading_forward,586.29,100.0,1,100.0,1
586.57,phase3_no_heading_forward,586.54,100.0,1,100.0,1
586.63,phase3_no_heading_forward,586.54,100.0,1,100.0,1
586.7,phase3_no_heading_forward,586.54,100.0,1,100.0,1
586.77,phase3_no_heading_forward,586.54,100.0,1,100.0,1
586.83,phase3_no_heading_forward,586.8,100.0,1,100.0,1
586.9,phase3_no_heading_forward,586.8,100.0,1,100.0,1
586.97,phase3_no_heading_forward,586.8,100.0,1,100.0,1
587.03,phase3_no_heading_forward,586.8,100.0,1,100.0,1
587.1,phase3_no_heading_forward,587.05,100.0,1,100.0,1
587.17,phase3_no_heading_forward,587.05,100.0,1,100.0,1
587.23,phase3_no_heading_forward,587.05,100.0,1,100.0,1
587.3,phase3_no_heading_forward,587.05,100.0,1,100.0,1
587.37,phase3_no_heading_forward,587.3,100.0,1,100.0,1
587.43,phase3_no_heading_forward,587.3,100.0,1,100.0,1
587.5,phase3_no_heading_forward,587.3,100.0,1,100.0,1
587.57,phase3_no_heading_forward,587.55,100.0,1,100.0,1
587.63,phase3_no_heading_forward,587.55,100.0,1,100.0,1
587.7,phase3_no_heading_forward,587.55,100.0,1,100.0,1
587.77,phase3_no_heading_forward,587.55,100.0,1,100.0,1
587.83,phase3_no_heading_forward,587.8,100.0,1,100.0,1
587.9,phase3_no_heading_forward,587.8,100.0,1,100.0,1
587.97,phase3_no_heading_forward,587.8,100.0,1,100.0,1
588.03,phase3_no_heading_forward,587.8,100.0,1,100.0,1
588.1,phase3_no_heading_forward,588.05,100.0,1,100.0,1
588.16,phase3_no_heading_forward,588.05,100.0,1,100.0,1
588.23,phase3_no_heading_forward,588.05,100.0,1,100.0,1
588.3,phase3_no_heading_forward,588.05,100.0,1,100.0,1
588.37,phase3_no_heading_forward,588.31,100.0,1,100.0,1
588.43,phase3_no_heading_forward,588.31,100.0,1,100.0,1
588.5,phase3_no_heading_forward,588.31,100.0,1,100.0,1
588.57,phase3_no_heading_forward,588.56,100.0,1,100.0,1
588.63,phase3_no_heading_forward,588.56,100.0,1,100.0,1
588.7,phase3_no_heading_forward,588.56,100.0,1,100.0,1
588.76,phase3_no_heading_forward,588.56,100.0,1,100.0,1
588.83,phase3_no_heading_forward,588.81,100.0,1,100.0,1
588.9,phase3_no_heading_forward,588.81,100.0,1,100.0,1
588.96,phase3_no_heading_forward,588.81,100.0,1,100.0,1
589.03,phase3_no_heading_forward,588.81,100.0,1,100.0,1
589.1,phase3_no_heading_forward,589.06,100.0,1,100.0,1
589.16,phase3_no_heading_forward,589.06,100.0,1,100.0,1
589.23,phase3_no_heading_forward,589.06,100.0,1,100.0,1
589.3,phase3_no_heading_forward,589.06,100.0,1,100.0,1
589.36,phase3_no_heading_forward,589.31,100.0,1,100.0,1
589.43,phase3_no_heading_forward,589.31,100.0,1,100.0,1
589.5,phase3_no_heading_forward,589.31,100.0,1,100.0,1
589.57,phase3_no_heading_forward,589.31,100.0,1,100.0,1
589.63,phase3_no_heading_forward,589.57,100.0,1,100.0,1
589.7,phase3_no_heading_forward,589.57,100.0,1,100.0,1
589.77,phase3_no_heading_forward,589.57,100.0,1,100.0,1
589.83,phase3_no_heading_forward,589.82,100.0,1,100.0,1
589.9,phase3_no_heading_forward,589.82,100.0,1,100.0,1
589.97,phase3_no_heading_forward,589.82,100.0,1,100.0,1
590.03,phase3_no_heading_forward,589.82,100.0,1,100.0,1
590.1,phase3_no_heading_forward,590.07,100.0,1,100.0,1
590.17,phase3_no_heading_forward,590.07,100.0,1,100.0,1
590.23,phase3_no_heading_forward,590.07,100.0,1,100.0,1
590.3,phase3_no_heading_forward,590.07,100.0,1,100.0,1
590.37,phase3_no_heading_forward,590.32,100.0,1,100.0,1
590.43,phase3_no_heading_forward,590.32,100.0,1,100.0,1
590.5,phase3_no_heading_forward,590.32,100.0,1,100.0,1
590.57,phase3_no_heading_forward,590.32,100.0,1,100.0,1
590.63,phase3_no_heading_forward,590.57,100.0,1,100.0,1
590.7,phase3_no_heading_forward,590.57,100.0,1,100.0,1
590.77,phase3_no_heading_forward,590.57,100.0,1,100.0,1
590.84,phase3_no_heading_forward,590.83,100.0,1,100.0,1
590.9,phase3_no_heading_forward,590.83,100.0,1,100.0,1
590.97,phase3_no_heading_forward,590.83,100.0,1,100.0,1
591.04,phase3_no_heading_forward,590.83,100.0,1,100.0,1
591.1,phase3_no_heading_forward,591.08,100.0,1,100.0,1
591.17,phase3_no_heading_forward,591.08,100.0,1,100.0,1
591.24,phase3_no_heading_forward,591.08,100.0,1,100.0,1
591.31,phase3_no_heading_forward,591.08,100.0,1,100.0,1
591.37,phase3_no_heading_forward,591.33,100.0,1,100.0,1
591.44,phase3_no_heading_forward,591.33,100.0,1,100.0,1
591.51,phase3_no_heading_forward,591.33,100.0,1,100.0,1
591.57,phase3_no_heading_forward,591.33,100.0,1,100.0,1
591.64,phase3_no_heading_forward,591.58,100.0,1,100.0,1
591.71,phase3_no_heading_forward,591.58,100.0,1,100.0,1
591.77,phase3_no_heading_forward,591.58,100.0,1,100.0,1
591.84,phase3_no_heading_forward,591.83,100.0,1,100.0,1
591.91,phase3_no_heading_forward,591.83,100.0,1,100.0,1
591.98,phase3_no_heading_forward,591.83,100.0,1,100.0,1
592.05,phase3_no_heading_forward,591.83,100.0,1,100.0,1
592.12,phase3_no_heading_forward,592.09,100.0,1,100.0,1
592.18,phase3_no_heading_forward,592.09,100.0,1,100.0,1
592.25,phase3_no_heading_forward,592.09,100.0,1,100.0,1
592.32,phase3_no_heading_forward,592.09,100.0,1,100.0,1
592.38,phase3_no_heading_forward,592.34,100.0,1,100.0,1
592.45,phase3_no_heading_forward,592.34,100.0,1,100.0,1
592.52,phase3_no_heading_forward,592.34,100.0,1,100.0,1
592.58,phase3_no_heading_forward,592.34,100.0,1,100.0,1
592.65,phase3_no_heading_forward,592.59,100.0,1,100.0,1
592.71,phase3_no_heading_forward,592.59,100.0,1,100.0,1
592.78,phase3_no_heading_forward,592.59,100.0,1,100.0,1
592.85,phase3_no_heading_forward,592.84,100.0,1,100.0,1
592.91,phase3_no_heading_forward,592.84,100.0,1,100.0,1
592.98,phase3_no_heading_forward,592.84,100.0,1,100.0,1
593.05,phase3_no_heading_forward,592.84,100.0,1,100.0,1
593.11,phase3_no_heading_forward,593.09,100.0,1,100.0,1
593.18,phase3_no_heading_forward,593.09,100.0,1,100.0,1
593.25,phase3_no_heading_forward,593.09,100.0,1,100.0,1
593.31,phase3_no_heading_forward,593.09,100.0,1,100.0,1
593.38,phase3_no_heading_forward,593.34,100.0,1,100.0,1
593.44,phase3_no_heading_forward,593.34,100.0,1,100.0,1
593.51,phase3_no_heading_forward,593.34,100.0,1,100.0,1
593.58,phase3_no_heading_forward,593.34,100.0,1,100.0,1
593.64,phase3_no_heading_forward,593.6,100.0,1,100.0,1
593.71,phase3_no_heading_forward,593.6,100.0,1,100.0,1
593.78,phase3_no_heading_forward,593.6,100.0,1,100.0,1
593.84,phase3_no_heading_forward,593.6,100.0,1,100.0,1
593.91,phase3_no_heading_forward,593.85,100.0,1,100.0,1
593.98,phase3_no_heading_forward,593.85,100.0,1,100.0,1
594.04,phase3_no_heading_forward,593.85,100.0,1,100.0,1
594.11,phase3_no_heading_forward,594.1,100.0,1,100.0,1
594.18,phase3_no_heading_forward,594.1,100.0,1,100.0,1
594.24,phase3_no_heading_forward,594.1,100.0,1,100.0,1
594.31,phase3_no_heading_forward,594.1,100.0,1,100.0,1
594.38,phase3_no_heading_forward,594.35,100.0,1,100.0,1
594.44,phase3_no_heading_forward,594.35,100.0,1,100.0,1
594.51,phase3_no_heading_forward,594.35,100.0,1,100.0,1
594.58,phase3_no_heading_forward,594.35,100.0,1,100.0,1
594.64,phase3_no_heading_forward,594.6,100.0,1,100.0,1
594.71,phase3_no_heading_forward,594.6,100.0,1,100.0,1
594.77,phase3_no_heading_forward,594.6,100.0,1,100.0,1
594.84,phase3_no_heading_forward,594.6,100.0,1,100.0,1
594.91,phase3_no_heading_forward,594.86,100.0,1,100.0,1
594.97,phase3_no_heading_forward,594.86,100.0,1,100.0,1
595.04,phase3_no_heading_forward,594.86,100.0,1,100.0,1
595.11,phase3_no_heading_forward,594.86,100.0,1,100.0,1
595.17,phase3_no_heading_forward,595.11,100.0,1,100.0,1
595.24,phase3_no_heading_forward,595.11,100.0,1,100.0,1
595.31,phase3_no_heading_forward,595.11,100.0,1,100.0,1
595.37,phase3_no_heading_forward,595.36,100.0,1,100.0,1
595.44,phase3_no_heading_forward,595.36,100.0,1,100.0,1
595.51,phase3_no_heading_forward,595.36,100.0,1,100.0,1
595.57,phase3_no_heading_forward,595.36,100.0,1,100.0,1
595.64,phase3_no_heading_forward,595.61,100.0,1,100.0,1
595.71,phase3_no_heading_forward,595.61,100.0,1,100.0,1
595.77,phase3_no_heading_forward,595.61,100.0,1,100.0,1
595.84,phase3_no_heading_forward,595.61,100.0,1,100.0,1
595.91,phase3_no_heading_forward,595.86,100.0,1,100.0,1
595.97,phase3_no_heading_forward,595.86,100.0,1,100.0,1
596.04,phase3_no_heading_forward,595.86,100.0,1,100.0,1
596.11,phase3_no_heading_forward,595.86,100.0,1,100.0,1
596.17,phase3_no_heading_forward,596.12,100.0,1,100.0,1
596.24,phase3_no_heading_forward,596.12,100.0,1,100.0,1
596.31,phase3_no_heading_forward,596.12,100.0,1,100.0,1
596.37,phase3_no_heading_forward,596.37,100.0,1,100.0,1
596.44,phase3_no_heading_forward,596.37,100.0,1,100.0,1
596.51,phase3_no_heading_forward,596.37,100.0,1,100.0,1
596.57,phase3_no_heading_forward,596.37,100.0,1,100.0,1
596.64,phase3_no_heading_forward,596.62,100.0,1,100.0,1
596.71,phase3_no_heading_forward,596.62,100.0,1,100.0,1
596.77,phase3_no_heading_forward,596.62,100.0,1,100.0,1
596.84,phase3_no_heading_forward,596.62,100.0,1,100.0,1
596.91,phase3_no_heading_forward,596.87,100.0,1,100.0,1
596.97,phase3_no_heading_forward,596.87,100.0,1,100.0,1
597.04,phase3_no_heading_forward,596.87,100.0,1,100.0,1
597.11,phase3_no_heading_forward,596.87,100.0,1,100.0,1
597.17,phase3_no_heading_forward,597.12,100.0,1,100.0,1
597.24,phase3_no_heading_forward,597.12,100.0,1,100.0,1
597.31,phase3_no_heading_forward,597.12,100.0,1,100.0,1
597.37,phase3_no_heading_forward,597.12,100.0,1,100.0,1
597.44,phase3_no_heading_forward,597.38,100.0,1,100.0,1
597.51,phase3_no_heading_forward,597.38,100.0,1,100.0,1
597.57,phase3_no_heading_forward,597.38,100.0,1,100.0,1
597.64,phase3_no_heading_forward,597.63,100.0,1,100.0,1
597.71,phase3_no_heading_forward,597.63,100.0,1,100.0,1
597.78,phase3_no_heading_forward,597.63,100.0,1,100.0,1
597.84,phase3_no_heading_forward,597.63,100.0,1,100.0,1
597.91,phase3_no_heading_forward,597.88,100.0,1,100.0,1
597.98,phase3_no_heading_forward,597.88,100.0,1,100.0,1
598.04,phase3_no_heading_forward,597.88,100.0,1,100.0,1
598.11,phase3_no_heading_forward,597.88,100.0,1,100.0,1
598.18,phase3_no_heading_forward,598.13,100.0,1,100.0,1
598.24,phase3_no_heading_forward,598.13,100.0,1,100.0,1
598.31,phase3_no_heading_forward,598.13,100.0,1,100.0,1
598.38,phase3_no_heading_forward,598.13,100.0,1,100.0,1
598.46,phase3_no_heading_forward,598.38,100.0,1,100.0,1
598.52,phase3_no_heading_forward,598.38,100.0,1,100.0,1
598.59,phase3_no_heading_forward,598.38,100.0,1,100.0,1
598.65,phase3_no_heading_forward,598.64,100.0,1,100.0,1
598.72,phase3_no_heading_forward,598.64,100.0,1,100.0,1
598.79,phase3_no_heading_forward,598.64,100.0,1,100.0,1
598.85,phase3_no_heading_forward,598.64,100.0,1,100.0,1
598.92,phase3_no_heading_forward,598.89,100.0,1,100.0,1
598.99,phase3_no_heading_forward,598.89,100.0,1,100.0,1
599.05,phase3_no_heading_forward,598.89,100.0,1,100.0,1
599.12,phase3_no_heading_forward,598.89,100.0,1,100.0,1
599.19,phase3_no_heading_forward,599.14,100.0,1,100.0,1
599.25,phase3_no_heading_forward,599.14,100.0,1,100.0,1
599.32,phase3_no_heading_forward,599.14,100.0,1,100.0,1
599.38,phase3_no_heading_forward,599.14,100.0,1,100.0,1
599.45,phase3_no_heading_forward,599.39,100.0,1,100.0,1
599.52,phase3_no_heading_forward,599.39,100.0,1,100.0,1
599.58,phase3_no_heading_forward,599.39,100.0,1,100.0,1
599.65,phase3_no_heading_forward,599.64,100.0,1,100.0,1
599.71,phase3_no_heading_forward,599.64,100.0,1,100.0,1
599.78,phase3_no_heading_forward,599.64,100.0,1,100.0,1
599.85,phase3_no_heading_forward,599.64,100.0,1,100.0,1
599.92,phase3_no_heading_forward,599.89,100.0,1,100.0,1
599.99,phase3_no_heading_forward,599.89,100.0,1,100.0,1
600.06,phase3_no_heading_forward,599.89,100.0,1,100.0,1
600.12,phase3_no_heading_forward,599.89,100.0,1,100.0,1
600.19,phase3_no_heading_forward,600.15,100.0,1,100.0,1
600.25,phase3_no_heading_forward,600.15,100.0,1,100.0,1
600.32,phase3_no_heading_forward,600.15,100.0,1,100.0,1
600.39,phase3_no_heading_forward,600.15,100.0,1,100.0,1
600.45,phase3_no_heading_forward,600.4,100.0,1,100.0,1
600.52,phase3_no_heading_forward,600.4,100.0,1,100.0,1
600.58,phase3_no_heading_forward,600.4,100.0,1,100.0,1
600.65,phase3_no_heading_forward,600.4,100.0,1,100.0,1
600.72,phase3_no_heading_forward,600.65,100.0,1,100.0,1
600.78,phase3_no_heading_forward,600.65,100.0,1,100.0,1
600.85,phase3_no_heading_forward,600.65,100.0,1,100.0,1
600.92,phase3_no_heading_forward,600.9,100.0,1,100.0,1
600.98,phase3_no_heading_forward,600.9,100.0,1,100.0,1
601.05,phase3_no_heading_forward,600.9,100.0,1,100.0,1
601.12,phase3_no_heading_forward,600.9,100.0,1,100.0,1
601.18,phase3_no_heading_forward,601.16,100.0,1,100.0,1
601.25,phase3_no_heading_forward,601.16,100.0,1,100.0,1
601.32,phase3_no_heading_forward,601.16,100.0,1,100.0,1
601.38,phase3_no_heading_forward,601.16,100.0,1,100.0,1
601.45,phase3_no_heading_forward,601.41,100.0,1,100.0,1
601.51,phase3_no_heading_forward,601.41,100.0,1,100.0,1
601.58,phase3_no_heading_forward,601.41,100.0,1,100.0,1
601.65,phase3_no_heading_forward,601.41,100.0,1,100.0,1
601.71,phase3_no_heading_forward,601.66,100.0,1,100.0,1
601.78,phase3_no_heading_forward,601.66,100.0,1,100.0,1
601.85,phase3_no_heading_forward,601.66,100.0,1,100.0,1
601.91,phase3_no_heading_forward,601.91,100.0,1,100.0,1
601.98,phase3_no_heading_forward,601.91,100.0,1,100.0,1
602.05,phase3_no_heading_forward,601.91,100.0,1,100.0,1
602.11,phase3_no_heading_forward,601.91,100.0,1,100.0,1
602.18,phase3_no_heading_forward,602.16,100.0,1,100.0,1
602.25,phase3_no_heading_forward,602.16,100.0,1,100.0,1
602.31,phase3_no_heading_forward,602.16,100.0,1,100.0,1
602.38,phase3_no_heading_forward,602.16,100.0,1,100.0,1
602.45,phase3_no_heading_forward,602.41,100.0,1,100.0,1
602.51,phase3_no_heading_forward,602.41,100.0,1,100.0,1
602.58,phase3_no_heading_forward,602.41,100.0,1,100.0,1
602.65,phase3_no_heading_forward,602.41,100.0,1,100.0,1
602.71,phase3_no_heading_forward,602.67,100.0,1,100.0,1
602.78,phase3_no_heading_forward,602.67,100.0,1,100.0,1
602.85,phase3_no_heading_forward,602.67,100.0,1,100.0,1
602.91,phase3_no_heading_forward,602.67,100.0,1,100.0,1
602.98,phase3_no_heading_forward,602.92,100.0,1,100.0,1
603.05,phase3_no_heading_forward,602.92,100.0,1,100.0,1
603.11,phase3_no_heading_forward,602.92,100.0,1,100.0,1
603.18,phase3_no_heading_forward,603.17,100.0,1,100.0,1
603.25,phase3_no_heading_forward,603.17,100.0,1,100.0,1
603.31,phase3_no_heading_forward,603.17,100.0,1,100.0,1
603.38,phase3_no_heading_forward,603.17,100.0,1,100.0,1
603.45,phase3_no_heading_forward,603.42,100.0,1,100.0,1
603.51,phase3_no_heading_forward,603.42,100.0,1,100.0,1
603.58,phase3_no_heading_forward,603.42,100.0,1,100.0,1
603.65,phase3_no_heading_forward,603.42,100.0,1,100.0,1
603.71,phase3_no_heading_forward,603.67,100.0,1,100.0,1
603.78,phase3_no_heading_forward,603.67,100.0,1,100.0,1
603.85,phase3_no_heading_forward,603.67,100.0,1,100.0,1
603.91,phase3_no_heading_forward,603.67,100.0,1,100.0,1
603.98,phase3_no_heading_forward,603.93,100.0,1,100.0,1
604.05,phase3_no_heading_forward,603.93,100.0,1,100.0,1
604.11,phase3_no_heading_forward,603.93,100.0,1,100.0,1
604.18,phase3_no_heading_forward,604.18,100.0,1,100.0,1
604.25,phase3_no_heading_forward,604.18,100.0,1,100.0,1
604.31,phase3_no_heading_forward,604.18,100.0,1,100.0,1
604.38,phase3_no_heading_forward,604.18,100.0,1,100.0,1
604.45,phase3_no_heading_forward,604.43,100.0,1,100.0,1
604.51,phase3_no_heading_forward,604.43,100.0,1,100.0,1
604.58,phase3_no_heading_forward,604.43,100.0,1,100.0,1
604.65,phase3_no_heading_forward,604.43,100.0,1,100.0,1
604.72,phase3_no_heading_forward,604.68,100.0,1,100.0,1
604.78,phase3_no_heading_forward,604.68,100.0,1,100.0,1
604.85,phase3_no_heading_forward,604.68,100.0,1,100.0,1
604.92,phase3_no_heading_forward,604.68,100.0,1,100.0,1
604.98,phase3_no_heading_forward,604.93,100.0,1,100.0,1
605.05,phase3_no_heading_forward,604.93,100.0,1,100.0,1
605.12,phase3_no_heading_forward,604.93,100.0,1,100.0,1
605.18,phase3_no_heading_forward,604.93,100.0,1,100.0,1
605.25,phase3_no_heading_forward,605.19,100.0,1,100.0,1
605.32,phase3_no_heading_forward,605.19,100.0,1,100.0,1
605.38,phase3_no_heading_forward,605.19,100.0,1,100.0,1
605.45,phase3_no_heading_forward,605.44,100.0,1,100.0,1
605.52,phase3_no_heading_forward,605.44,100.0,1,100.0,1
605.58,phase3_no_heading_forward,605.44,100.0,1,100.0,1
605.65,phase3_no_heading_forward,605.44,100.0,1,100.0,1
605.72,phase3_no_heading_forward,605.69,100.0,1,100.0,1
605.79,phase3_no_heading_forward,605.69,100.0,1,100.0,1
605.85,phase3_no_heading_forward,605.69,100.0,1,100.0,1
605.92,phase3_no_heading_forward,605.69,100.0,1,100.0,1
605.99,phase3_no_heading_forward,605.94,100.0,1,100.0,1
606.05,phase3_no_heading_forward,605.94,100.0,1,100.0,1
606.12,phase3_no_heading_forward,605.94,100.0,1,100.0,1
606.19,phase3_no_heading_forward,605.94,100.0,1,100.0,1
606.26,phase3_no_heading_forward,606.19,100.0,1,100.0,1
606.32,phase3_no_heading_forward,606.19,100.0,1,100.0,1
606.39,phase3_no_heading_forward,606.19,100.0,1,100.0,1
606.46,phase3_no_heading_forward,606.45,100.0,1,100.0,1
606.53,phase3_no_heading_forward,606.45,100.0,1,100.0,1
606.6,phase3_no_heading_forward,606.45,100.0,1,100.0,1
606.66,phase3_no_heading_forward,606.45,100.0,1,100.0,1
606.73,phase3_no_heading_forward,606.7,100.0,1,100.0,1
606.8,phase3_no_heading_forward,606.7,100.0,1,100.0,1
606.86,phase3_no_heading_forward,606.7,100.0,1,100.0,1
606.93,phase3_no_heading_forward,606.7,100.0,1,100.0,1
607.0,phase3_no_heading_forward,606.95,100.0,1,100.0,1
607.06,phase3_no_heading_forward,606.95,100.0,1,100.0,1
607.13,phase3_no_heading_forward,606.95,100.0,1,100.0,1
607.19,phase3_no_heading_forward,606.95,100.0,1,100.0,1
607.26,phase3_no_heading_forward,607.2,100.0,1,100.0,1
607.33,phase3_no_heading_forward,607.2,100.0,1,100.0,1
607.39,phase3_no_heading_forward,607.2,100.0,1,100.0,1
607.46,phase3_no_heading_forward,607.46,100.0,1,100.0,1
607.53,phase3_no_heading_forward,607.46,100.0,1,100.0,1
607.59,phase3_no_heading_forward,607.46,100.0,1,100.0,1
607.66,phase3_no_heading_forward,607.46,100.0,1,100.0,1
607.73,phase3_no_heading_forward,607.71,100.0,1,100.0,1
607.79,phase3_no_heading_forward,607.71,100.0,1,100.0,1
607.86,phase3_no_heading_forward,607.71,100.0,1,100.0,1
607.93,phase3_no_heading_forward,607.71,100.0,1,100.0,1
607.99,phase3_no_heading_forward,607.96,100.0,1,100.0,1
608.06,phase3_no_heading_forward,607.96,100.0,1,100.0,1
608.13,phase3_no_heading_forward,607.96,100.0,1,100.0,1
608.19,phase3_no_heading_forward,607.96,100.0,1,100.0,1
608.26,phase3_no_heading_forward,608.21,100.0,1,100.0,1
608.32,phase3_no_heading_forward,608.21,100.0,1,100.0,1
608.39,phase3_no_heading_forward,608.21,100.0,1,100.0,1
608.46,phase3_no_heading_forward,608.21,100.0,1,100.0,1
608.52,phase3_no_heading_forward,608.46,100.0,1,100.0,1
608.59,phase3_no_heading_forward,608.46,100.0,1,100.0,1
608.66,phase3_no_heading_forward,608.46,100.0,1,100.0,1
608.72,phase3_no_heading_forward,608.72,100.0,1,100.0,1
608.79,phase3_no_heading_forward,608.72,100.0,1,100.0,1
608.86,phase3_no_heading_forward,608.72,100.0,1,100.0,1
608.92,phase3_no_heading_forward,608.72,100.0,1,100.0,1
608.99,phase3_no_heading_forward,608.97,100.0,1,100.0,1
609.06,phase3_no_heading_forward,608.97,100.0,1,100.0,1
609.12,phase3_no_heading_forward,608.97,100.0,1,100.0,1
609.19,phase3_no_heading_forward,608.97,100.0,1,100.0,1
609.25,phase3_no_heading_forward,609.22,100.0,1,100.0,1
609.32,phase3_no_heading_forward,609.22,100.0,1,100.0,1
609.39,phase3_no_heading_forward,609.22,100.0,1,100.0,1
609.45,phase3_no_heading_forward,609.22,100.0,1,100.0,1
609.52,phase3_no_heading_forward,609.47,100.0,1,100.0,1
609.59,phase3_no_heading_forward,609.47,100.0,1,100.0,1
609.66,phase3_no_heading_forward,609.47,100.0,1,100.0,1
609.72,phase3_no_heading_forward,609.47,100.0,1,100.0,1
609.79,phase3_no_heading_forward,609.72,100.0,1,100.0,1
609.86,phase3_no_heading_forward,609.72,100.0,1,100.0,1
609.92,phase3_no_heading_forward,609.72,100.0,1,100.0,1
609.99,phase3_no_heading_forward,609.98,100.0,1,100.0,1
610.06,phase3_no_heading_forward,609.98,100.0,1,100.0,1
610.12,phase3_no_heading_forward,609.98,100.0,1,100.0,1
610.19,phase3_no_heading_forward,609.98,100.0,1,100.0,1
610.26,phase3_no_heading_forward,610.23,100.0,1,100.0,1
610.32,phase3_no_heading_forward,610.23,100.0,1,100.0,1
610.39,phase3_no_heading_forward,610.23,100.0,1,100.0,1
610.46,phase3_no_heading_forward,610.23,100.0,1,100.0,1
610.52,phase3_no_heading_forward,610.48,100.0,1,100.0,1
610.59,phase3_no_heading_forward,610.48,100.0,1,100.0,1
610.66,phase3_no_heading_forward,610.48,100.0,1,100.0,1
610.72,phase3_no_heading_forward,610.48,100.0,1,100.0,1
610.79,phase3_no_heading_forward,610.73,100.0,1,100.0,1
610.86,phase3_no_heading_forward,610.73,100.0,1,100.0,1
610.92,phase3_no_heading_forward,610.73,100.0,1,100.0,1
610.99,phase3_no_heading_forward,610.98,100.0,1,100.0,1
611.06,phase3_no_heading_forward,610.98,100.0,1,100.0,1
611.12,phase3_no_heading_forward,610.98,100.0,1,100.0,1
611.19,phase3_no_heading_forward,610.98,100.0,1,100.0,1
611.26,phase3_no_heading_forward,611.24,100.0,1,100.0,1
611.32,phase3_no_heading_forward,611.24,100.0,1,100.0,1
611.39,phase3_no_heading_forward,611.24,100.0,1,100.0,1
611.46,phase3_no_heading_forward,611.24,100.0,1,100.0,1
611.53,phase3_no_heading_forward,611.49,100.0,1,100.0,1
611.59,phase3_no_heading_forward,611.49,100.0,1,100.0,1
611.66,phase3_no_heading_forward,611.49,100.0,1,100.0,1
611.73,phase3_no_heading_forward,611.49,100.0,1,100.0,1
611.79,phase3_no_heading_forward,611.74,100.0,1,100.0,1
611.86,phase3_no_heading_forward,611.74,100.0,1,100.0,1
611.93,phase3_no_heading_forward,611.74,100.0,1,100.0,1
611.99,phase3_no_heading_forward,611.99,100.0,1,100.0,1
612.06,phase3_no_heading_forward,611.99,100.0,1,100.0,1
612.13,phase3_no_heading_forward,611.99,100.0,1,100.0,1
612.19,phase3_no_heading_forward,611.99,100.0,1,100.0,1
612.26,phase3_no_heading_forward,612.24,100.0,1,100.0,1
612.33,phase3_no_heading_forward,612.24,100.0,1,100.0,1
612.4,phase3_no_heading_forward,612.24,100.0,1,100.0,1
612.46,phase3_no_heading_forward,612.24,100.0,1,100.0,1
612.53,phase3_no_heading_forward,612.49,100.0,1,100.0,1
612.6,phase3_no_heading_forward,612.49,100.0,1,100.0,1
612.66,phase3_no_heading_forward,612.49,100.0,1,100.0,1
612.73,phase3_no_heading_forward,612.49,100.0,1,100.0,1
612.8,phase3_no_heading_forward,612.75,100.0,1,100.0,1
612.87,phase3_no_heading_forward,612.75,100.0,1,100.0,1
612.93,phase3_no_heading_forward,612.75,100.0,1,100.0,1
613.0,phase3_no_heading_forward,612.75,100.0,1,100.0,1
613.07,phase3_no_heading_forward,613.0,100.0,1,100.0,1
613.13,phase3_no_heading_forward,613.0,100.0,1,100.0,1
613.2,phase3_no_heading_forward,613.0,100.0,1,100.0,1
613.27,phase3_no_heading_forward,613.25,100.0,1,100.0,1
613.34,phase3_no_heading_forward,613.25,100.0,1,100.0,1
613.41,phase3_no_heading_forward,613.25,100.0,1,100.0,1
613.47,phase3_no_heading_forward,613.25,100.0,1,100.0,1
613.54,phase3_no_heading_forward,613.5,100.0,1,100.0,1
613.61,phase3_no_heading_forward,613.5,100.0,1,100.0,1
613.67,phase3_no_heading_forward,613.5,100.0,1,100.0,1
613.74,phase3_no_heading_forward,613.5,100.0,1,100.0,1
613.81,phase3_no_heading_forward,613.76,100.0,1,100.0,1
613.87,phase3_no_heading_forward,613.76,100.0,1,100.0,1
613.94,phase3_no_heading_forward,613.76,100.0,1,100.0,1
614.01,phase3_no_heading_forward,613.76,100.0,1,100.0,1
614.07,phase3_no_heading_forward,614.01,100.0,1,100.0,1
614.14,phase3_no_heading_forward,614.01,100.0,1,100.0,1
614.21,phase3_no_heading_forward,614.01,100.0,1,100.0,1
614.27,phase3_no_heading_forward,614.26,100.0,1,100.0,1
614.34,phase3_no_heading_forward,614.26,100.0,1,100.0,1
614.41,phase3_no_heading_forward,614.26,100.0,1,100.0,1
614.47,phase3_no_heading_forward,614.26,100.0,1,100.0,1
614.54,phase3_no_heading_forward,614.51,100.0,1,100.0,1
614.6,phase3_no_heading_forward,614.51,100.0,1,100.0,1
614.67,phase3_no_heading_forward,614.51,100.0,1,100.0,1
614.74,phase3_no_heading_forward,614.51,100.0,1,100.0,1
614.8,phase3_no_heading_forward,614.76,100.0,1,100.0,1
614.87,phase3_no_heading_forward,614.76,100.0,1,100.0,1
614.94,phase3_no_heading_forward,614.76,100.0,1,100.0,1
615.0,phase3_no_heading_forward,614.76,100.0,1,100.0,1
615.07,phase3_no_heading_forward,615.01,100.0,1,100.0,1
615.14,phase3_no_heading_forward,615.01,100.0,1,100.0,1
615.2,phase3_no_heading_forward,615.01,100.0,1,100.0,1
615.27,phase3_no_heading_forward,615.27,100.0,1,100.0,1
615.34,phase3_no_heading_forward,615.27,100.0,1,100.0,1
615.4,phase3_no_heading_forward,615.27,100.0,1,100.0,1
615.47,phase3_no_heading_forward,615.27,100.0,1,100.0,1
615.54,phase3_no_heading_forward,615.52,100.0,1,100.0,1
615.6,phase3_no_heading_forward,615.52,100.0,1,100.0,1
615.67,phase3_no_heading_forward,615.52,100.0,1,100.0,1
615.73,phase3_no_heading_forward,615.52,100.0,1,100.0,1
615.8,phase3_no_heading_forward,615.77,100.0,1,100.0,1
615.87,phase3_no_heading_forward,615.77,100.0,1,100.0,1
615.93,phase3_no_heading_forward,615.77,100.0,1,100.0,1
616.0,phase3_no_heading_forward,615.77,100.0,1,100.0,1
616.07,phase3_no_heading_forward,616.02,100.0,1,100.0,1
616.13,phase3_no_heading_forward,616.02,100.0,1,100.0,1
616.2,phase3_no_heading_forward,616.02,100.0,1,100.0,1
616.27,phase3_no_heading_forward,616.02,100.0,1,100.0,1
616.34,phase3_no_heading_forward,616.27,100.0,1,100.0,1
616.4,phase3_no_heading_forward,616.27,100.0,1,100.0,1
616.47,phase3_no_heading_forward,616.27,100.0,1,100.0,1
616.53,phase3_no_heading_forward,616.53,100.0,1,100.0,1
616.6,phase3_no_heading_forward,616.53,100.0,1,100.0,1
616.67,phase3_no_heading_forward,616.53,100.0,1,100.0,1
616.73,phase3_no_heading_forward,616.53,100.0,1,100.0,1
616.8,phase3_no_heading_forward,616.78,100.0,1,100.0,1
616.87,phase3_no_heading_forward,616.78,100.0,1,100.0,1
616.93,phase3_no_heading_forward,616.78,100.0,1,100.0,1
617.0,phase3_no_heading_forward,616.78,100.0,1,100.0,1
617.07,phase3_no_heading_forward,617.03,100.0,1,100.0,1
617.13,phase3_no_heading_forward,617.03,100.0,1,100.0,1
617.2,phase3_no_heading_forward,617.03,100.0,1,100.0,1
617.27,phase3_no_heading_forward,617.03,100.0,1,100.0,1
617.34,phase3_no_heading_forward,617.28,100.0,1,100.0,1
617.4,phase3_no_heading_forward,617.28,100.0,1,100.0,1
617.47,phase3_no_heading_forward,617.28,100.0,1,100.0,1
617.54,phase3_no_heading_forward,617.53,100.0,1,100.0,1
617.6,phase3_no_heading_forward,617.53,100.0,1,100.0,1
617.67,phase3_no_heading_forward,617.53,100.0,1,100.0,1
617.74,phase3_no_heading_forward,617.53,100.0,1,100.0,1
617.8,phase3_no_heading_forward,617.78,100.0,1,100.0,1
617.87,phase3_no_heading_forward,617.78,100.0,1,100.0,1
617.94,phase3_no_heading_forward,617.78,100.0,1,100.0,1
618.0,phase3_no_heading_forward,617.78,100.0,1,100.0,1
618.07,phase3_no_heading_forward,618.04,100.0,1,100.0,1
618.14,phase3_no_heading_forward,618.04,100.0,1,100.0,1
618.21,phase3_no_heading_forward,618.04,100.0,1,100.0,1
618.27,phase3_no_heading_forward,618.04,100.0,1,100.0,1
618.34,phase3_no_heading_forward,618.29,100.0,1,100.0,1
618.41,phase3_no_heading_forward,618.29,100.0,1,100.0,1
618.47,phase3_no_heading_forward,618.29,100.0,1,100.0,1
618.54,phase3_no_heading_forward,618.54,100.0,1,100.0,1
618.61,phase3_no_heading_forward,618.54,100.0,1,100.0,1
618.68,phase3_no_heading_forward,618.54,100.0,1,100.0,1
618.74,phase3_no_heading_forward,618.54,100.0,1,100.0,1
618.81,phase3_no_heading_forward,618.79,100.0,1,100.0,1
618.88,phase3_no_heading_forward,618.79,100.0,1,100.0,1
618.94,phase3_no_heading_forward,618.79,100.0,1,100.0,1
619.01,phase3_no_heading_forward,618.79,100.0,1,100.0,1
619.08,phase3_no_heading_forward,619.04,100.0,1,100.0,1
619.15,phase3_no_heading_forward,619.04,100.0,1,100.0,1
619.21,phase3_no_heading_forward,619.04,100.0,1,100.0,1
619.28,phase3_no_heading_forward,619.04,100.0,1,100.0,1
619.35,phase3_no_heading_forward,619.3,100.0,1,100.0,1
619.42,phase3_no_heading_forward,619.3,100.0,1,100.0,1
619.48,phase3_no_heading_forward,619.3,100.0,1,100.0,1
619.55,phase3_no_heading_forward,619.3,100.0,1,100.0,1
619.62,phase3_no_heading_forward,619.55,100.0,1,100.0,1
619.68,phase3_no_heading_forward,619.55,100.0,1,100.0,1
619.75,phase3_no_heading_forward,619.55,100.0,1,100.0,1
619.82,phase3_no_heading_forward,619.8,100.0,1,100.0,1
619.88,phase3_no_heading_forward,619.8,100.0,1,100.0,1
619.95,phase3_no_heading_forward,619.8,100.0,1,100.0,1
620.02,phase3_no_heading_forward,619.8,100.0,1,100.0,1
620.09,phase3_no_heading_forward,620.05,100.0,1,100.0,1
620.16,phase3_no_heading_forward,620.05,100.0,1,100.0,1
620.22,phase3_no_heading_forward,620.05,100.0,1,100.0,1
620.29,phase3_no_heading_forward,620.05,100.0,1,100.0,1
620.36,phase3_no_heading_forward,620.31,100.0,1,100.0,1
620.42,phase3_no_heading_forward,620.31,100.0,1,100.0,1
620.49,phase3_no_heading_forward,620.31,100.0,1,100.0,1
620.56,phase3_no_heading_forward,620.31,100.0,1,100.0,1
620.62,phase3_no_heading_forward,620.56,100.0,1,100.0,1
620.69,phase3_no_heading_forward,620.56,100.0,1,100.0,1
620.76,phase3_no_heading_forward,620.56,100.0,1,100.0,1
620.82,phase3_no_heading_forward,620.81,100.0,1,100.0,1
620.89,phase3_no_heading_forward,620.81,100.0,1,100.0,1
620.95,phase3_no_heading_forward,620.81,100.0,1,100.0,1
621.02,phase3_no_heading_forward,620.81,100.0,1,100.0,1
621.09,phase3_no_heading_forward,621.06,100.0,1,100.0,1
621.15,phase3_no_heading_forward,621.06,100.0,1,100.0,1
621.22,phase3_no_heading_forward,621.06,100.0,1,100.0,1
621.29,phase3_no_heading_forward,621.06,100.0,1,100.0,1
621.35,phase3_no_heading_forward,621.31,100.0,1,100.0,1
621.42,phase3_no_heading_forward,621.31,100.0,1,100.0,1
621.49,phase3_no_heading_forward,621.31,100.0,1,100.0,1
621.55,phase3_no_heading_forward,621.31,100.0,1,100.0,1
621.62,phase3_no_heading_forward,621.56,100.0,1,100.0,1
621.68,phase3_no_heading_forward,621.56,100.0,1,100.0,1
621.75,phase3_no_heading_forward,621.56,100.0,1,100.0,1
621.82,phase3_no_heading_forward,621.56,100.0,1,100.0,1
621.88,phase3_no_heading_forward,621.82,100.0,1,100.0,1
621.95,phase3_no_heading_forward,621.82,100.0,1,100.0,1
622.02,phase3_no_heading_forward,621.82,100.0,1,100.0,1
622.09,phase3_no_heading_forward,622.07,100.0,1,100.0,1
622.15,phase3_no_heading_forward,622.07,100.0,1,100.0,1
622.22,phase3_no_heading_forward,622.07,100.0,1,100.0,1
622.29,phase3_no_heading_forward,622.07,100.0,1,100.0,1
622.35,phase3_no_heading_forward,622.32,100.0,1,100.0,1
622.42,phase3_no_heading_forward,622.32,100.0,1,100.0,1
622.48,phase3_no_heading_forward,622.32,100.0,1,100.0,1
622.55,phase3_no_heading_forward,622.32,100.0,1,100.0,1
622.62,phase3_no_heading_forward,622.57,100.0,1,100.0,1
622.68,phase3_no_heading_forward,622.57,100.0,1,100.0,1
622.75,phase3_no_heading_forward,622.57,100.0,1,100.0,1
622.82,phase3_no_heading_forward,622.57,100.0,1,100.0,1
622.88,phase3_no_heading_forward,622.83,100.0,1,100.0,1
622.95,phase3_no_heading_forward,622.83,100.0,1,100.0,1
623.02,phase3_no_heading_forward,622.83,100.0,1,100.0,1
623.08,phase3_no_heading_forward,623.08,100.0,1,100.0,1
623.15,phase3_no_heading_forward,623.08,100.0,1,100.0,1
623.22,phase3_no_heading_forward,623.08,100.0,1,100.0,1
623.28,phase3_no_heading_forward,623.08,100.0,1,100.0,1
623.35,phase3_no_heading_forward,623.33,100.0,1,100.0,1
623.42,phase3_no_heading_forward,623.33,100.0,1,100.0,1
623.48,phase3_no_heading_forward,623.33,100.0,1,100.0,1
623.55,phase3_no_heading_forward,623.33,100.0,1,100.0,1
623.62,phase3_no_heading_forward,623.58,100.0,1,100.0,1
623.68,phase3_no_heading_forward,623.58,100.0,1,100.0,1
623.75,phase3_no_heading_forward,623.58,100.0,1,100.0,1
623.82,phase3_no_heading_forward,623.58,100.0,1,100.0,1
623.89,phase3_no_heading_forward,623.83,100.0,1,100.0,1
623.95,phase3_no_heading_forward,623.83,100.0,1,100.0,1
624.02,phase3_no_heading_forward,623.83,100.0,1,100.0,1
624.09,phase3_no_heading_forward,624.09,100.0,1,100.0,1
624.15,phase3_no_heading_forward,624.09,100.0,1,100.0,1
624.22,phase3_no_heading_forward,624.09,100.0,1,100.0,1
624.29,phase3_no_heading_forward,624.09,100.0,1,100.0,1
624.35,phase3_no_heading_forward,624.34,100.0,1,100.0,1
624.42,phase3_no_heading_forward,624.34,100.0,1,100.0,1
624.49,phase3_no_heading_forward,624.34,100.0,1,100.0,1
624.56,phase3_no_heading_forward,624.34,100.0,1,100.0,1
624.62,phase3_no_heading_forward,624.59,100.0,1,100.0,1
624.69,phase3_no_heading_forward,624.59,100.0,1,100.0,1
624.76,phase3_no_heading_forward,624.59,100.0,1,100.0,1
624.82,phase3_no_heading_forward,624.59,100.0,1,100.0,1
624.89,phase3_no_heading_forward,624.84,100.0,1,100.0,1
624.96,phase3_no_heading_forward,624.84,100.0,1,100.0,1
625.02,phase3_no_heading_forward,624.84,100.0,1,100.0,1
625.09,phase3_no_heading_forward,624.84,100.0,1,100.0,1
625.16,phase3_no_heading_forward,625.09,100.0,1,100.0,1
625.23,phase3_no_heading_forward,625.09,100.0,1,100.0,1
625.29,phase3_no_heading_forward,625.09,100.0,1,100.0,1
625.36,phase3_no_heading_forward,625.35,100.0,1,100.0,1
625.43,phase3_no_heading_forward,625.35,100.0,1,100.0,1
625.49,phase3_no_heading_forward,625.35,100.0,1,100.0,1
625.56,phase3_no_heading_forward,625.35,100.0,1,100.0,1
625.63,phase3_no_heading_forward,625.6,100.0,1,100.0,1
625.7,phase3_no_heading_forward,625.6,100.0,1,100.0,1
625.76,phase3_no_heading_forward,625.6,100.0,1,100.0,1
625.83,phase3_no_heading_forward,625.6,100.0,1,100.0,1
625.9,phase3_no_heading_forward,625.85,100.0,1,100.0,1
625.96,phase3_no_heading_forward,625.85,100.0,1,100.0,1
626.03,phase3_no_heading_forward,625.85,100.0,1,100.0,1
626.1,phase3_no_heading_forward,625.85,100.0,1,100.0,1
626.17,phase3_no_heading_forward,626.1,100.0,1,100.0,1
626.23,phase3_no_heading_forward,626.1,100.0,1,100.0,1
626.3,phase3_no_heading_forward,626.1,100.0,1,100.0,1
626.37,phase3_no_heading_forward,626.35,100.0,1,100.0,1
626.43,phase3_no_heading_forward,626.35,100.0,1,100.0,1
626.5,phase3_no_heading_forward,626.35,100.0,1,100.0,1
626.57,phase3_no_heading_forward,626.35,100.0,1,100.0,1
626.64,phase3_no_heading_forward,626.61,100.0,1,100.0,1
626.71,phase3_no_heading_forward,626.61,100.0,1,100.0,1
626.77,phase3_no_heading_forward,626.61,100.0,1,100.0,1
626.84,phase3_no_heading_forward,626.61,100.0,1,100.0,1
626.91,phase3_no_heading_forward,626.86,100.0,1,100.0,1
626.97,phase3_no_heading_forward,626.86,100.0,1,100.0,1
627.04,phase3_no_heading_forward,626.86,100.0,1,100.0,1
627.11,phase3_no_heading_forward,626.86,100.0,1,100.0,1
627.17,phase3_no_heading_forward,627.11,100.0,1,100.0,1
627.24,phase3_no_heading_forward,627.11,100.0,1,100.0,1
627.31,phase3_no_heading_forward,627.11,100.0,1,100.0,1
627.37,phase3_no_heading_forward,627.36,100.0,1,100.0,1
627.44,phase3_no_heading_forward,627.36,100.0,1,100.0,1
627.51,phase3_no_heading_forward,627.36,100.0,1,100.0,1
627.57,phase3_no_heading_forward,627.36,100.0,1,100.0,1
627.64,phase3_no_heading_forward,627.61,100.0,1,100.0,1
627.7,phase3_no_heading_forward,627.61,100.0,1,100.0,1
627.77,phase3_no_heading_forward,627.61,100.0,1,100.0,1
627.84,phase3_no_heading_forward,627.61,100.0,1,100.0,1
627.9,phase3_no_heading_forward,627.87,100.0,1,100.0,1
627.97,phase3_no_heading_forward,627.87,100.0,1,100.0,1
628.04,phase3_no_heading_forward,627.87,100.0,1,100.0,1
628.1,phase3_no_heading_forward,627.87,100.0,1,100.0,1
628.17,phase3_no_heading_forward,628.12,100.0,1,100.0,1
628.24,phase3_no_heading_forward,628.12,100.0,1,100.0,1
628.3,phase3_no_heading_forward,628.12,100.0,1,100.0,1
628.37,phase3_no_heading_forward,628.12,100.0,1,100.0,1
628.44,phase3_no_heading_forward,628.37,100.0,1,100.0,1
628.5,phase3_no_heading_forward,628.37,100.0,1,100.0,1
628.57,phase3_no_heading_forward,628.37,100.0,1,100.0,1
628.63,phase3_no_heading_forward,628.62,100.0,1,100.0,1
628.7,phase3_no_heading_forward,628.62,100.0,1,100.0,1
628.77,phase3_no_heading_forward,628.62,100.0,1,100.0,1
628.84,phase3_no_heading_forward,628.62,100.0,1,100.0,1
628.9,phase3_no_heading_forward,628.87,100.0,1,100.0,1
628.97,phase3_no_heading_forward,628.87,100.0,1,100.0,1
629.04,phase3_no_heading_forward,628.87,100.0,1,100.0,1
629.1,phase3_no_heading_forward,628.87,100.0,1,100.0,1
629.17,phase3_no_heading_forward,629.13,100.0,1,100.0,1
629.24,phase3_no_heading_forward,629.13,100.0,1,100.0,1
629.3,phase3_no_heading_forward,629.13,100.0,1,100.0,1
629.37,phase3_no_heading_forward,629.13,100.0,1,100.0,1
629.44,phase3_no_heading_forward,629.38,100.0,1,100.0,1
629.5,phase3_no_heading_forward,629.38,100.0,1,100.0,1
629.57,phase3_no_heading_forward,629.38,100.0,1,100.0,1
629.64,phase3_no_heading_forward,629.63,100.0,1,100.0,1
629.7,phase3_no_heading_forward,629.63,100.0,1,100.0,1
629.77,phase3_no_heading_forward,629.63,100.0,1,100.0,1
629.84,phase3_no_heading_forward,629.63,100.0,1,100.0,1
629.9,phase3_no_heading_forward,629.88,100.0,1,100.0,1
629.97,phase3_no_heading_forward,629.88,100.0,1,100.0,1
630.04,phase3_no_heading_forward,629.88,100.0,1,100.0,1
630.1,phase3_no_heading_forward,629.88,100.0,1,100.0,1
630.17,phase3_no_heading_forward,630.13,100.0,1,100.0,1
630.24,phase3_no_heading_forward,630.13,100.0,1,100.0,1
630.3,phase3_no_heading_forward,630.13,100.0,1,100.0,1
630.37,phase3_no_heading_forward,630.13,100.0,1,100.0,1
630.44,phase3_no_heading_forward,630.39,100.0,1,100.0,1
630.5,phase3_no_heading_forward,630.39,100.0,1,100.0,1
630.57,phase3_no_heading_forward,630.39,100.0,1,100.0,1
630.64,phase3_no_heading_forward,630.39,100.0,1,100.0,1
630.71,phase3_no_heading_forward,630.64,100.0,1,100.0,1
630.77,phase3_no_heading_forward,630.64,100.0,1,100.0,1
630.84,phase3_no_heading_forward,630.64,100.0,1,100.0,1
630.91,phase3_no_heading_forward,630.89,100.0,1,100.0,1
630.97,phase3_no_heading_forward,630.89,100.0,1,100.0,1
631.04,phase3_no_heading_forward,630.89,100.0,1,100.0,1
631.11,phase3_no_heading_forward,630.89,100.0,1,100.0,1
631.17,phase3_no_heading_forward,631.14,100.0,1,100.0,1
631.24,phase3_no_heading_forward,631.14,100.0,1,100.0,1
631.31,phase3_no_heading_forward,631.14,100.0,1,100.0,1
631.37,phase3_no_heading_forward,631.14,100.0,1,100.0,1
631.44,phase3_no_heading_forward,631.39,100.0,1,100.0,1
631.51,phase3_no_heading_forward,631.39,100.0,1,100.0,1
631.58,phase3_no_heading_forward,631.39,100.0,1,100.0,1
631.64,phase3_no_heading_forward,631.39,100.0,1,100.0,1
631.71,phase3_no_heading_forward,631.65,100.0,1,100.0,1
631.78,phase3_no_heading_forward,631.65,100.0,1,100.0,1
631.84,phase3_no_heading_forward,631.65,100.0,1,100.0,1
631.91,phase3_no_heading_forward,631.9,100.0,1,100.0,1
631.98,phase3_no_heading_forward,631.9,100.0,1,100.0,1
632.05,phase3_no_heading_forward,631.9,100.0,1,100.0,1
632.11,phase3_no_heading_forward,631.9,100.0,1,100.0,1
632.18,phase3_no_heading_forward,632.15,100.0,1,100.0,1
632.25,phase3_no_heading_forward,632.15,100.0,1,100.0,1
632.31,phase3_no_heading_forward,632.15,100.0,1,100.0,1
632.38,phase3_no_heading_forward,632.15,100.0,1,100.0,1
632.45,phase3_no_heading_forward,632.4,100.0,1,100.0,1
632.51,phase3_no_heading_forward,632.4,100.0,1,100.0,1
632.58,phase3_no_heading_forward,632.4,100.0,1,100.0,1
632.65,phase3_no_heading_forward,632.4,100.0,1,100.0,1
632.72,phase3_no_heading_forward,632.65,100.0,1,100.0,1
632.78,phase3_no_heading_forward,632.65,100.0,1,100.0,1
632.85,phase3_no_heading_forward,632.65,100.0,1,100.0,1
632.92,phase3_no_heading_forward,632.91,100.0,1,100.0,1
632.99,phase3_no_heading_forward,632.91,100.0,1,100.0,1
633.05,phase3_no_heading_forward,632.91,100.0,1,100.0,1
633.13,phase3_no_heading_forward,632.91,100.0,1,100.0,1
633.19,phase3_no_heading_forward,633.16,100.0,1,100.0,1
633.26,phase3_no_heading_forward,633.16,100.0,1,100.0,1
633.33,phase3_no_heading_forward,633.16,100.0,1,100.0,1
633.39,phase3_no_heading_forward,633.16,100.0,1,100.0,1
633.46,phase3_no_heading_forward,633.41,100.0,1,100.0,1
633.53,phase3_no_heading_forward,633.41,100.0,1,100.0,1
633.59,phase3_no_heading_forward,633.41,100.0,1,100.0,1
633.66,phase3_no_heading_forward,633.41,100.0,1,100.0,1
633.73,phase3_no_heading_forward,633.66,100.0,1,100.0,1
633.79,phase3_no_heading_forward,633.66,100.0,1,100.0,1
633.86,phase3_no_heading_forward,633.66,100.0,1,100.0,1
633.93,phase3_no_heading_forward,633.91,100.0,1,100.0,1
633.99,phase3_no_heading_forward,633.91,100.0,1,100.0,1
634.06,phase3_no_heading_forward,633.91,100.0,1,100.0,1
634.13,phase3_no_heading_forward,633.91,100.0,1,100.0,1
634.19,phase3_no_heading_forward,634.17,100.0,1,100.0,1
634.26,phase3_no_heading_forward,634.17,100.0,1,100.0,1
634.32,phase3_no_heading_forward,634.17,100.0,1,100.0,1
634.39,phase3_no_heading_forward,634.17,100.0,1,100.0,1
634.46,phase3_no_heading_forward,634.42,100.0,1,100.0,1
634.52,phase3_no_heading_forward,634.42,100.0,1,100.0,1
634.59,phase3_no_heading_forward,634.42,100.0,1,100.0,1
634.66,phase3_no_heading_forward,634.42,100.0,1,100.0,1
634.72,phase3_no_heading_forward,634.67,100.0,1,100.0,1
634.79,phase3_no_heading_forward,634.67,100.0,1,100.0,1
634.86,phase3_no_heading_forward,634.67,100.0,1,100.0,1
634.92,phase3_no_heading_forward,634.92,100.0,1,100.0,1
634.99,phase3_no_heading_forward,634.92,100.0,1,100.0,1
635.05,phase3_no_heading_forward,634.92,100.0,1,100.0,1
635.12,phase3_no_heading_forward,634.92,100.0,1,100.0,1
635.19,phase3_no_heading_forward,635.17,100.0,1,100.0,1
635.25,phase3_no_heading_forward,635.17,100.0,1,100.0,1
635.32,phase3_no_heading_forward,635.17,100.0,1,100.0,1
635.39,phase3_no_heading_forward,635.17,100.0,1,100.0,1
635.45,phase3_no_heading_forward,635.42,100.0,1,100.0,1
635.52,phase3_no_heading_forward,635.42,100.0,1,100.0,1
635.59,phase3_no_heading_forward,635.42,100.0,1,100.0,1
635.65,phase3_no_heading_forward,635.42,100.0,1,100.0,1
635.72,phase3_no_heading_forward,635.68,100.0,1,100.0,1
635.79,phase3_no_heading_forward,635.68,100.0,1,100.0,1
635.85,phase3_no_heading_forward,635.68,100.0,1,100.0,1
635.92,phase3_no_heading_forward,635.68,100.0,1,100.0,1
635.99,phase3_no_heading_forward,635.93,100.0,1,100.0,1
636.05,phase3_no_heading_forward,635.93,100.0,1,100.0,1
636.12,phase3_no_heading_forward,635.93,100.0,1,100.0,1
636.19,phase3_no_heading_forward,636.18,100.0,1,100.0,1
636.25,phase3_no_heading_forward,636.18,100.0,1,100.0,1
636.32,phase3_no_heading_forward,636.18,100.0,1,100.0,1
636.39,phase3_no_heading_forward,636.18,100.0,1,100.0,1
636.45,phase3_no_heading_forward,636.43,100.0,1,100.0,1
636.52,phase3_no_heading_forward,636.43,100.0,1,100.0,1
636.59,phase3_no_heading_forward,636.43,100.0,1,100.0,1
636.65,phase3_no_heading_forward,636.43,100.0,1,100.0,1
636.72,phase3_no_heading_forward,636.68,100.0,1,100.0,1
636.79,phase3_no_heading_forward,636.68,100.0,1,100.0,1
636.85,phase3_no_heading_forward,636.68,100.0,1,100.0,1
636.92,phase3_no_heading_forward,636.68,100.0,1,100.0,1
636.99,phase3_no_heading_forward,636.93,100.0,1,100.0,1
637.05,phase3_no_heading_forward,636.93,100.0,1,100.0,1
637.12,phase3_no_heading_forward,636.93,100.0,1,100.0,1
637.19,phase3_no_heading_forward,637.19,100.0,1,100.0,1
637.25,phase3_no_heading_forward,637.19,100.0,1,100.0,1
637.32,phase3_no_heading_forward,637.19,100.0,1,100.0,1
637.39,phase3_no_heading_forward,637.19,100.0,1,100.0,1
637.46,phase3_no_heading_forward,637.44,100.0,1,100.0,1
637.52,phase3_no_heading_forward,637.44,100.0,1,100.0,1
637.59,phase3_no_heading_forward,637.44,100.0,1,100.0,1
637.66,phase3_no_heading_forward,637.44,100.0,1,100.0,1
637.72,phase3_no_heading_forward,637.69,100.0,1,100.0,1
637.79,phase3_no_heading_forward,637.69,100.0,1,100.0,1
637.86,phase3_no_heading_forward,637.69,100.0,1,100.0,1
637.92,phase3_no_heading_forward,637.69,100.0,1,100.0,1
637.99,phase3_no_heading_forward,637.94,100.0,1,100.0,1
638.06,phase3_no_heading_forward,637.94,100.0,1,100.0,1
638.12,phase3_no_heading_forward,637.94,100.0,1,100.0,1
638.19,phase3_no_heading_forward,637.94,100.0,1,100.0,1
638.26,phase3_no_heading_forward,638.19,100.0,1,100.0,1
638.32,phase3_no_heading_forward,638.19,100.0,1,100.0,1
638.39,phase3_no_heading_forward,638.19,100.0,1,100.0,1
638.46,phase3_no_heading_forward,638.45,100.0,1,100.0,1
638.53,phase3_no_heading_forward,638.45,100.0,1,100.0,1
638.59,phase3_no_heading_forward,638.45,100.0,1,100.0,1
638.66,phase3_no_heading_forward,638.45,100.0,1,100.0,1
638.73,phase3_no_heading_forward,638.7,100.0,1,100.0,1
638.79,phase3_no_heading_forward,638.7,100.0,1,100.0,1
638.86,phase3_no_heading_forward,638.7,100.0,1,100.0,1
638.93,phase3_no_heading_forward,638.7,100.0,1,100.0,1
638.99,phase3_no_heading_forward,638.95,100.0,1,100.0,1
639.06,phase3_no_heading_forward,638.95,100.0,1,100.0,1
639.13,phase3_no_heading_forward,638.95,100.0,1,100.0,1
639.2,phase3_no_heading_forward,638.95,100.0,1,100.0,1
639.26,phase3_no_heading_forward,639.2,100.0,1,100.0,1
639.33,phase3_no_heading_forward,639.2,100.0,1,100.0,1
639.4,phase3_no_heading_forward,639.2,100.0,1,100.0,1
639.47,phase3_no_heading_forward,639.45,100.0,1,100.0,1
639.53,phase3_no_heading_forward,639.45,100.0,1,100.0,1
639.6,phase3_no_heading_forward,639.45,100.0,1,100.0,1
639.67,phase3_no_heading_forward,639.45,100.0,1,100.0,1
639.74,phase3_no_heading_forward,639.71,100.0,1,100.0,1
639.81,phase3_no_heading_forward,639.71,100.0,1,100.0,1
639.87,phase3_no_heading_forward,639.71,100.0,1,100.0,1
639.94,phase3_no_heading_forward,639.71,100.0,1,100.0,1
640.01,phase3_no_heading_forward,639.96,100.0,1,100.0,1
640.07,phase3_no_heading_forward,639.96,100.0,1,100.0,1
640.14,phase3_no_heading_forward,639.96,100.0,1,100.0,1
640.21,phase3_no_heading_forward,639.96,100.0,1,100.0,1
640.27,phase3_no_heading_forward,640.21,100.0,1,100.0,1
640.34,phase3_no_heading_forward,640.21,100.0,1,100.0,1
640.41,phase3_no_heading_forward,640.21,100.0,1,100.0,1
640.47,phase3_no_heading_forward,640.46,100.0,1,100.0,1
640.54,phase3_no_heading_forward,640.46,100.0,1,100.0,1
640.61,phase3_no_heading_forward,640.46,100.0,1,100.0,1
640.67,phase3_no_heading_forward,640.46,100.0,1,100.0,1
640.74,phase3_no_heading_forward,640.71,100.0,1,100.0,1
640.8,phase3_no_heading_forward,640.71,100.0,1,100.0,1
640.87,phase3_no_heading_forward,640.71,100.0,1,100.0,1
640.94,phase3_no_heading_forward,640.71,100.0,1,100.0,1
641.0,phase3_no_heading_forward,640.97,100.0,1,100.0,1
641.07,phase3_no_heading_forward,640.97,100.0,1,100.0,1
641.15,phase3_no_heading_forward,640.97,100.0,1,100.0,1
641.21,phase3_no_heading_forward,640.97,100.0,1,100.0,1
641.28,phase3_no_heading_forward,641.22,100.0,1,100.0,1
641.35,phase3_no_heading_forward,641.22,100.0,1,100.0,1
641.41,phase3_no_heading_forward,641.22,100.0,1,100.0,1
641.48,phase3_no_heading_forward,641.47,100.0,1,100.0,1
641.54,phase3_no_heading_forward,641.47,100.0,1,100.0,1
641.61,phase3_no_heading_forward,641.47,100.0,1,100.0,1
641.68,phase3_no_heading_forward,641.47,100.0,1,100.0,1
641.74,phase3_no_heading_forward,641.72,100.0,1,100.0,1
641.81,phase3_no_heading_forward,641.72,100.0,1,100.0,1
641.88,phase3_no_heading_forward,641.72,100.0,1,100.0,1
641.94,phase3_no_heading_forward,641.72,100.0,1,100.0,1
642.01,phase3_no_heading_forward,641.97,100.0,1,100.0,1
642.07,phase3_no_heading_forward,641.97,100.0,1,100.0,1
642.14,phase3_no_heading_forward,641.97,100.0,1,100.0,1
642.21,phase3_no_heading_forward,641.97,100.0,1,100.0,1
642.27,phase3_no_heading_forward,642.23,100.0,1,100.0,1
642.34,phase3_no_heading_forward,642.23,100.0,1,100.0,1
642.41,phase3_no_heading_forward,642.23,100.0,1,100.0,1
642.47,phase3_no_heading_forward,642.23,100.0,1,100.0,1
642.54,phase3_no_heading_forward,642.48,100.0,1,100.0,1
642.61,phase3_no_heading_forward,642.48,100.0,1,100.0,1
642.67,phase3_no_heading_forward,642.48,100.0,1,100.0,1
642.74,phase3_no_heading_forward,642.73,100.0,1,100.0,1
642.8,phase3_no_heading_forward,642.73,100.0,1,100.0,1
642.87,phase3_no_heading_forward,642.73,100.0,1,100.0,1
642.94,phase3_no_heading_forward,642.73,100.0,1,100.0,1
643.0,phase3_no_heading_forward,642.98,100.0,1,100.0,1
643.07,phase3_no_heading_forward,642.98,100.0,1,100.0,1
643.14,phase3_no_heading_forward,642.98,100.0,1,100.0,1
643.2,phase3_no_heading_forward,642.98,100.0,1,100.0,1
643.27,phase3_no_heading_forward,643.23,100.0,1,100.0,1
643.34,phase3_no_heading_forward,643.23,100.0,1,100.0,1
643.4,phase3_no_heading_forward,643.23,100.0,1,100.0,1
643.47,phase3_no_heading_forward,643.23,100.0,1,100.0,1
643.54,phase3_no_heading_forward,643.49,100.0,1,100.0,1
643.6,phase3_no_heading_forward,643.49,100.0,1,100.0,1
643.67,phase3_no_heading_forward,643.49,100.0,1,100.0,1
643.74,phase3_no_heading_forward,643.49,100.0,1,100.0,1
643.8,phase3_no_heading_forward,643.74,100.0,1,100.0,1
643.87,phase3_no_heading_forward,643.74,100.0,1,100.0,1
643.94,phase3_no_heading_forward,643.74,100.0,1,100.0,1
644.0,phase3_no_heading_forward,643.99,100.0,1,100.0,1
644.07,phase3_no_heading_forward,643.99,100.0,1,100.0,1
644.14,phase3_no_heading_forward,643.99,100.0,1,100.0,1
644.21,phase3_no_heading_forward,643.99,100.0,1,100.0,1
644.27,phase3_no_heading_forward,644.24,100.0,1,100.0,1
644.34,phase3_no_heading_forward,644.24,100.0,1,100.0,1
644.41,phase3_no_heading_forward,644.24,100.0,1,100.0,1
644.47,phase3_no_heading_forward,644.24,100.0,1,100.0,1
644.54,phase3_no_heading_forward,644.49,100.0,1,100.0,1
644.61,phase3_no_heading_forward,644.49,100.0,1,100.0,1
644.67,phase3_no_heading_forward,644.49,100.0,1,100.0,1
644.74,phase3_no_heading_forward,644.49,100.0,1,100.0,1
644.81,phase3_no_heading_forward,644.75,100.0,1,100.0,1
644.87,phase3_no_heading_forward,644.75,100.0,1,100.0,1
644.94,phase3_no_heading_forward,644.75,100.0,1,100.0,1
645.01,phase3_no_heading_forward,645.0,100.0,1,100.0,1
645.08,phase3_no_heading_forward,645.0,100.0,1,100.0,1
645.14,phase3_no_heading_forward,645.0,100.0,1,100.0,1
645.21,phase3_no_heading_forward,645.0,100.0,1,100.0,1
645.28,phase3_no_heading_forward,645.25,100.0,1,100.0,1
645.34,phase3_no_heading_forward,645.25,100.0,1,100.0,1
645.41,phase3_no_heading_forward,645.25,100.0,1,100.0,1
645.48,phase3_no_heading_forward,645.25,100.0,1,100.0,1
645.54,phase3_no_heading_forward,645.5,100.0,1,100.0,1
645.61,phase3_no_heading_forward,645.5,100.0,1,100.0,1
645.68,phase3_no_heading_forward,645.5,100.0,1,100.0,1
645.74,phase3_no_heading_forward,645.5,100.0,1,100.0,1
645.81,phase3_no_heading_forward,645.75,100.0,1,100.0,1
645.88,phase3_no_heading_forward,645.75,100.0,1,100.0,1
645.94,phase3_no_heading_forward,645.75,100.0,1,100.0,1
646.01,phase3_no_heading_forward,646.01,100.0,1,100.0,1
646.08,phase3_no_heading_forward,646.01,100.0,1,100.0,1
646.15,phase3_no_heading_forward,646.01,100.0,1,100.0,1
646.21,phase3_no_heading_forward,646.01,100.0,1,100.0,1
646.28,phase3_no_heading_forward,646.26,100.0,1,100.0,1
646.35,phase3_no_heading_forward,646.26,100.0,1,100.0,1
646.41,phase3_no_heading_forward,646.26,100.0,1,100.0,1
646.48,phase3_no_heading_forward,646.26,100.0,1,100.0,1
646.55,phase3_no_heading_forward,646.51,100.0,1,100.0,1
646.61,phase3_no_heading_forward,646.51,100.0,1,100.0,1
646.68,phase3_no_heading_forward,646.51,100.0,1,100.0,1
646.75,phase3_no_heading_forward,646.51,100.0,1,100.0,1
646.82,phase3_no_heading_forward,646.76,100.0,1,100.0,1
646.88,phase3_no_heading_forward,646.76,100.0,1,100.0,1
646.95,phase3_no_heading_forward,646.76,100.0,1,100.0,1
647.02,phase3_no_heading_forward,647.01,100.0,1,100.0,1
647.09,phase3_no_heading_forward,647.01,100.0,1,100.0,1
647.15,phase3_no_heading_forward,647.01,100.0,1,100.0,1
647.22,phase3_no_heading_forward,647.01,100.0,1,100.0,1
647.29,phase3_no_heading_forward,647.26,100.0,1,100.0,1
647.35,phase3_no_heading_forward,647.26,100.0,1,100.0,1
647.42,phase3_no_heading_forward,647.26,100.0,1,100.0,1
647.49,phase3_no_heading_forward,647.26,100.0,1,100.0,1
647.55,phase3_no_heading_forward,647.52,100.0,1,100.0,1
647.62,phase3_no_heading_forward,647.52,100.0,1,100.0,1
647.69,phase3_no_heading_forward,647.52,100.0,1,100.0,1
647.76,phase3_no_heading_forward,647.52,100.0,1,100.0,1
647.83,phase3_no_heading_forward,647.77,100.0,1,100.0,1
647.89,phase3_no_heading_forward,647.77,100.0,1,100.0,1
647.96,phase3_no_heading_forward,647.77,100.0,1,100.0,1
648.03,phase3_no_heading_forward,648.02,100.0,1,100.0,1
648.09,phase3_no_heading_forward,648.02,100.0,1,100.0,1
648.16,phase3_no_heading_forward,648.02,100.0,1,100.0,1
648.23,phase3_no_heading_forward,648.02,100.0,1,100.0,1
648.29,phase3_no_heading_forward,648.27,100.0,1,100.0,1
648.36,phase3_no_heading_forward,648.27,100.0,1,100.0,1
648.42,phase3_no_heading_forward,648.27,100.0,1,100.0,1
648.49,phase3_no_heading_forward,648.27,100.0,1,100.0,1
648.56,phase3_no_heading_forward,648.53,100.0,1,100.0,1
648.62,phase3_no_heading_forward,648.53,100.0,1,100.0,1
648.69,phase3_no_heading_forward,648.53,100.0,1,100.0,1
648.75,phase3_no_heading_forward,648.53,100.0,1,100.0,1
648.82,phase3_no_heading_forward,648.78,100.0,1,100.0,1
648.89,phase3_no_heading_forward,648.78,100.0,1,100.0,1
648.95,phase3_no_heading_forward,648.78,100.0,1,100.0,1
649.02,phase3_no_heading_forward,648.78,100.0,1,100.0,1
649.09,phase3_no_heading_forward,649.03,100.0,1,100.0,1
649.15,phase3_no_heading_forward,649.03,100.0,1,100.0,1
649.22,phase3_no_heading_forward,649.03,100.0,1,100.0,1
649.29,phase3_no_heading_forward,649.28,100.0,1,100.0,1
649.35,phase3_no_heading_forward,649.28,100.0,1,100.0,1
649.42,phase3_no_heading_forward,649.28,100.0,1,100.0,1
649.49,phase3_no_heading_forward,649.28,100.0,1,100.0,1
649.55,phase3_no_heading_forward,649.53,100.0,1,100.0,1
649.62,phase3_no_heading_forward,649.53,100.0,1,100.0,1
649.68,phase3_no_heading_forward,649.53,100.0,1,100.0,1
649.75,phase3_no_heading_forward,649.53,100.0,1,100.0,1
649.82,phase3_no_heading_forward,649.79,100.0,1,100.0,1
649.88,phase3_no_heading_forward,649.79,100.0,1,100.0,1
649.95,phase3_no_heading_forward,649.79,100.0,1,100.0,1
650.02,phase3_no_heading_forward,649.79,100.0,1,100.0,1
650.08,phase3_no_heading_forward,650.04,100.0,1,100.0,1
650.15,phase3_no_heading_forward,650.04,100.0,1,100.0,1
650.22,phase3_no_heading_forward,650.04,100.0,1,100.0,1
650.28,phase3_no_heading_forward,650.04,100.0,1,100.0,1
650.35,phase3_no_heading_forward,650.29,100.0,1,100.0,1
650.42,phase3_no_heading_forward,650.29,100.0,1,100.0,1
650.48,phase3_no_heading_forward,650.29,100.0,1,100.0,1
650.55,phase3_no_heading_forward,650.54,100.0,1,100.0,1
650.62,phase3_no_heading_forward,650.54,100.0,1,100.0,1
650.68,phase3_no_heading_forward,650.54,100.0,1,100.0,1
650.75,phase3_no_heading_forward,650.54,100.0,1,100.0,1
650.82,phase3_no_heading_forward,650.79,100.0,1,100.0,1
650.88,phase3_no_heading_forward,650.79,100.0,1,100.0,1
650.95,phase3_no_heading_forward,650.79,100.0,1,100.0,1
651.02,phase3_no_heading_forward,650.79,100.0,1,100.0,1
651.08,phase3_no_heading_forward,651.04,100.0,1,100.0,1
651.15,phase3_no_heading_forward,651.04,100.0,1,100.0,1
651.22,phase3_no_heading_forward,651.04,100.0,1,100.0,1
651.28,phase3_no_heading_forward,651.04,100.0,1,100.0,1
651.35,phase3_no_heading_forward,651.3,100.0,1,100.0,1
651.42,phase4_search_pivot,651.41,0.0,1,45.0,1
651.48,phase4_search_pivot,651.41,0.0,1,45.0,1
651.84,phase4_search_pivot,651.41,0.0,1,45.0,1
651.91,phase3_no_heading_forward,651.89,100.0,1,100.0,1
652.0,phase3_no_heading_forward,651.89,100.0,1,100.0,1
652.06,phase3_no_heading_forward,651.89,100.0,1,100.0,1
652.13,phase3_no_heading_forward,651.89,100.0,1,100.0,1
652.2,phase3_no_heading_forward,652.14,100.0,1,100.0,1
652.27,phase4_search_pivot,652.25,0.0,1,45.0,1
652.33,phase4_search_pivot,652.25,0.0,1,45.0,1
652.4,phase4_search_pivot,652.25,0.0,1,45.0,1
652.47,phase4_search_pivot,652.25,0.0,1,45.0,1
652.53,phase3_no_heading_forward,652.47,100.0,1,100.0,1
652.6,phase3_no_heading_forward,652.47,100.0,1,100.0,1
652.67,phase3_no_heading_forward,652.47,100.0,1,100.0,1
652.73,phase3_no_heading_forward,652.72,100.0,1,100.0,1
652.8,phase3_no_heading_forward,652.72,100.0,1,100.0,1
652.87,phase4_search_pivot,652.84,0.0,1,45.0,1
652.94,phase4_search_pivot,652.84,0.0,1,45.0,1
653.01,phase4_search_pivot,652.84,0.0,1,45.0,1
653.08,phase3_no_heading_forward,653.06,100.0,1,100.0,1
653.14,phase3_no_heading_forward,653.06,100.0,1,100.0,1
653.21,phase3_no_heading_forward,653.06,100.0,1,100.0,1
653.28,phase3_no_heading_forward,653.06,100.0,1,100.0,1
653.34,phase3_no_heading_forward,653.31,100.0,1,100.0,1
653.41,phase3_no_heading_forward,653.31,100.0,1,100.0,1
653.48,phase4_search_pivot,653.42,0.0,1,45.0,1
653.54,phase4_search_pivot,653.5,0.0,1,45.0,1
653.61,phase4_search_pivot,653.5,0.0,1,45.0,1
653.68,phase4_search_pivot,653.5,0.0,1,45.0,1
653.74,phase3_no_heading_forward,653.73,100.0,1,100.0,1
653.81,phase3_no_heading_forward,653.73,100.0,1,100.0,1
653.88,phase4_search_pivot,653.84,0.0,1,45.0,1
653.95,phase4_search_pivot,653.92,0.0,1,45.0,1
654.02,phase4_search_pivot,653.92,0.0,1,45.0,1
654.1,phase4_search_pivot,653.92,0.0,1,45.0,1
654.17,phase3_no_heading_forward,654.14,100.0,1,100.0,1
654.25,phase4_search_pivot,654.25,0.0,1,45.0,1
654.32,phase4_search_pivot,654.25,0.0,1,45.0,1
654.4,phase4_search_pivot,654.25,0.0,1,45.0,1
654.47,phase4_search_pivot,654.25,0.0,1,45.0,1
654.54,phase3_no_heading_forward,654.48,100.0,1,100.0,1
654.6,phase3_no_heading_forward,654.48,100.0,1,100.0,1
654.67,phase3_no_heading_forward,654.48,100.0,1,100.0,1
654.74,phase3_no_heading_forward,654.73,100.0,1,100.0,1
654.81,phase3_no_heading_forward,654.73,100.0,1,100.0,1
654.88,phase4_search_pivot,654.84,0.0,1,45.0,1
654.95,phase4_search_pivot,654.92,0.0,1,45.0,1
655.01,phase4_search_pivot,654.92,0.0,1,45.0,1
655.08,phase4_search_pivot,654.92,0.0,1,45.0,1
655.15,phase3_no_heading_forward,655.15,100.0,1,100.0,1
655.22,phase3_no_heading_forward,655.15,100.0,1,100.0,1
655.29,phase4_search_pivot,655.26,0.0,1,45.0,1
655.35,phase4_search_pivot,655.26,0.0,1,45.0,1
655.42,phase4_search_pivot,655.26,0.0,1,45.0,1
655.49,phase3_no_heading_forward,655.48,100.0,1,100.0,1
655.56,phase3_no_heading_forward,655.48,100.0,1,100.0,1
655.63,phase3_no_heading_forward,655.48,100.0,1,100.0,1
655.69,phase3_no_heading_forward,655.48,100.0,1,100.0,1
655.76,phase3_no_heading_forward,655.74,100.0,1,100.0,1
655.82,phase3_no_heading_forward,655.74,100.0,1,100.0,1
655.89,phase4_search_pivot,655.85,0.0,1,45.0,1
655.96,phase4_search_pivot,655.93,0.0,1,45.0,1
656.02,phase4_search_pivot,655.93,0.0,1,45.0,1
656.09,phase4_search_pivot,655.93,0.0,1,45.0,1
656.16,phase3_no_heading_forward,656.15,100.0,1,100.0,1
656.23,phase3_no_heading_forward,656.15,100.0,1,100.0,1
656.29,phase4_search_pivot,656.26,0.0,1,45.0,1
656.36,phase4_search_pivot,656.34,0.0,1,45.0,1
656.43,phase4_search_pivot,656.34,0.0,1,45.0,1
656.5,phase4_search_pivot,656.34,0.0,1,45.0,1
656.57,phase3_no_heading_forward,656.56,100.0,1,100.0,1
656.64,phase3_no_heading_forward,656.56,100.0,1,100.0,1
656.71,phase4_search_pivot,656.68,0.0,1,45.0,1
656.78,phase4_search_pivot,656.76,0.0,1,45.0,1
656.84,phase4_search_pivot,656.76,0.0,1,45.0,1
656.91,phase4_search_pivot,656.76,0.0,1,45.0,1
656.98,phase3_no_heading_forward,656.98,100.0,1,100.0,1
657.05,phase3_no_heading_forward,656.98,100.0,1,100.0,1
657.12,phase4_search_pivot,657.09,0.0,1,45.0,1
657.19,phase4_search_pivot,657.09,0.0,1,45.0,1
657.26,phase4_search_pivot,657.09,0.0,1,45.0,1
657.32,phase3_no_heading_forward,657.31,100.0,1,100.0,1
657.39,phase3_no_heading_forward,657.31,100.0,1,100.0,1
657.45,phase3_no_heading_forward,657.31,100.0,1,100.0,1
657.52,phase3_gps_turn,657.46,71.88,1,83.12,1
657.59,phase3_gps_turn,657.46,71.88,1,83.12,1
657.65,phase3_gps_turn,657.62,71.88,1,83.12,1
657.72,phase3_gps_turn,657.62,71.88,1,83.12,1
657.79,phase4_search_pivot,657.73,0.0,1,45.0,1
657.86,phase3_gps_turn,657.85,71.88,1,83.12,1
657.92,phase3_gps_turn,657.85,71.88,1,83.12,1
657.99,phase4_search_pivot,657.96,0.0,1,45.0,1
658.07,phase4_search_pivot,657.96,0.0,1,45.0,1
658.13,phase3_gps_turn,658.08,71.88,1,83.12,1
658.2,phase3_gps_turn,658.08,71.88,1,83.12,1
658.27,phase3_gps_turn,658.23,71.88,1,83.12,1
658.33,phase3_gps_turn,658.23,71.88,1,83.12,1
658.4,phase4_search_pivot,658.34,0.0,1,45.0,1
658.47,phase3_gps_turn,658.47,71.88,1,83.12,1
658.53,phase3_gps_turn,658.47,71.88,1,83.12,1
658.6,phase4_search_pivot,658.58,0.0,1,45.0,1
658.67,phase4_search_pivot,658.58,0.0,1,45.0,1
658.73,phase3_gps_turn,658.7,71.88,1,83.12,1
658.81,phase3_gps_turn,658.7,71.88,1,83.12,1
658.88,phase3_gps_turn,658.85,71.88,1,83.12,1
658.94,phase3_gps_turn,658.85,71.88,1,83.12,1
659.02,phase4_search_pivot,658.96,0.0,1,45.0,1
659.09,phase3_gps_turn,659.08,71.88,1,83.12,1
659.16,phase3_gps_turn,659.08,71.88,1,83.12,1
659.22,phase3_gps_turn,659.08,71.88,1,83.12,1
659.29,phase3_gps_turn,659.24,71.88,1,83.12,1
659.35,phase4_search_pivot,659.35,0.0,1,45.0,1
659.42,phase4_search_pivot,659.35,0.0,1,45.0,1
659.49,phase3_gps_turn,659.47,71.88,1,83.12,1
659.56,phase3_gps_turn,659.47,71.88,1,83.12,1
659.62,phase4_search_pivot,659.58,0.0,1,45.0,1
659.69,phase4_search_pivot,659.58,0.0,1,45.0,1
659.76,phase3_gps_turn,659.7,71.88,1,83.12,1
659.83,phase3_gps_turn,659.7,71.88,1,83.12,1
659.89,phase3_gps_turn,659.85,71.88,1,83.12,1
659.96,phase3_gps_turn,659.85,71.88,1,83.12,1
660.03,phase4_search_pivot,659.96,0.0,1,45.0,1
660.1,phase3_gps_turn,660.09,71.88,1,83.12,1
660.17,phase3_gps_turn,660.09,71.88,1,83.12,1
660.24,phase4_search_pivot,660.2,0.0,1,45.0,1
660.3,phase4_search_pivot,660.2,0.0,1,45.0,1
660.37,phase3_gps_turn,660.32,71.88,1,83.12,1
660.44,phase3_gps_turn,660.32,71.88,1,83.12,1
660.51,phase3_gps_turn,660.47,83.12,1,71.88,1
660.57,phase3_gps_turn,660.47,83.12,1,71.88,1
660.64,phase4_search_pivot,660.58,0.0,1,45.0,1
660.71,phase3_gps_turn,660.7,83.12,1,71.88,1
660.78,phase3_gps_turn,660.7,83.12,1,71.88,1
660.85,phase3_gps_turn,660.7,83.12,1,71.88,1
660.92,phase3_gps_turn,660.85,83.12,1,71.88,1
660.99,phase4_search_pivot,660.97,0.0,1,45.0,1
661.06,phase4_search_pivot,660.97,0.0,1,45.0,1
661.12,phase3_gps_turn,661.09,83.12,1,71.88,1
661.19,phase3_gps_turn,661.09,83.12,1,71.88,1
661.26,phase4_search_pivot,661.2,0.0,1,45.0,1
661.33,phase3_gps_turn,661.32,83.12,1,71.88,1
661.4,phase3_gps_turn,661.32,83.12,1,71.88,1
661.46,phase3_gps_turn,661.32,83.12,1,71.88,1
661.53,phase3_gps_turn,661.47,71.88,1,83.12,1
661.6,phase4_search_pivot,661.59,0.0,1,45.0,1
661.66,phase4_search_pivot,661.59,0.0,1,45.0,1
661.73,phase3_gps_turn,661.71,71.88,1,83.12,1
661.8,phase3_gps_turn,661.71,71.88,1,83.12,1
661.86,phase3_gps_turn,661.86,71.88,1,83.12,1
661.93,phase3_gps_turn,661.86,71.88,1,83.12,1
662.0,phase4_search_pivot,661.97,0.0,1,45.0,1
662.07,phase4_search_pivot,661.97,0.0,1,45.0,1
662.14,phase3_gps_turn,662.09,71.88,1,83.12,1
662.2,phase3_gps_turn,662.09,71.88,1,83.12,1
662.27,phase4_search_pivot,662.2,0.0,1,45.0,1
662.34,phase3_gps_turn,662.33,71.88,1,83.12,1
662.4,phase3_gps_turn,662.33,71.88,1,83.12,1
662.47,phase3_gps_turn,662.33,71.88,1,83.12,1
662.54,phase3_gps_turn,662.48,83.12,1,71.88,1
662.6,phase4_search_pivot,662.59,0.0,1,45.0,1
662.67,phase4_search_pivot,662.59,0.0,1,45.0,1
662.74,phase3_gps_turn,662.71,83.12,1,71.88,1
662.8,phase3_gps_turn,662.71,83.12,1,71.88,1
662.87,phase4_search_pivot,662.82,0.0,1,45.0,1
662.94,phase4_search_pivot,662.82,0.0,1,45.0,1
663.01,phase3_gps_turn,662.95,83.12,1,71.88,1
663.08,phase3_gps_turn,662.95,83.12,1,71.88,1
663.15,phase3_gps_turn,663.1,83.12,1,71.88,1
663.22,phase4_search_pivot,663.21,0.0,1,45.0,1
663.28,phase4_search_pivot,663.21,0.0,1,45.0,1
663.35,phase3_gps_turn,663.33,83.12,1,71.88,1
663.42,phase3_gps_turn,663.33,83.12,1,71.88,1
663.48,phase3_gps_turn,663.48,71.88,1,83.12,1
663.55,phase3_gps_turn,663.48,71.88,1,83.12,1
663.61,phase4_search_pivot,663.59,0.0,1,45.0,1
663.68,phase4_search_pivot,663.59,0.0,1,45.0,1
663.75,phase3_gps_turn,663.71,71.88,1,83.12,1
663.82,phase3_gps_turn,663.71,71.88,1,83.12,1
663.88,phase4_search_pivot,663.82,0.0,1,45.0,1
663.95,phase3_gps_turn,663.95,71.88,1,83.12,1
664.02,phase3_gps_turn,663.95,71.88,1,83.12,1
664.09,phase3_gps_turn,663.95,71.88,1,83.12,1
664.16,phase3_gps_turn,664.1,71.88,1,83.12,1
664.23,phase4_search_pivot,664.21,0.0,1,45.0,1
664.3,phase4_search_pivot,664.21,0.0,1,45.0,1
664.36,phase3_gps_turn,664.33,71.88,1,83.12,1
664.43,phase3_gps_turn,664.33,71.88,1,83.12,1
664.5,phase4_search_pivot,664.44,0.0,1,45.0,1
664.56,phase3_gps_turn,664.56,71.88,1,83.12,1
664.63,phase3_gps_turn,664.56,71.88,1,83.12,1
664.7,phase3_gps_turn,664.56,71.88,1,83.12,1
664.76,phase3_gps_turn,664.71,71.88,1,83.12,1
664.83,phase4_search_pivot,664.82,0.0,1,45.0,1
664.9,phase4_search_pivot,664.82,0.0,1,45.0,1
664.97,phase3_gps_turn,664.95,71.88,1,83.12,1
665.04,phase3_gps_turn,664.95,71.88,1,83.12,1
665.11,phase4_search_pivot,665.06,0.0,1,45.0,1
665.18,phase4_search_pivot,665.06,0.0,1,45.0,1
665.25,phase3_gps_turn,665.18,71.88,1,83.12,1
665.32,phase3_gps_turn,665.18,71.88,1,83.12,1
665.39,phase3_gps_turn,665.33,71.88,1,83.12,1
665.46,phase4_search_pivot,665.44,0.0,1,45.0,1
665.52,phase4_search_pivot,665.44,0.0,1,45.0,1
665.59,phase3_gps_turn,665.56,83.12,1,71.88,1
665.66,phase3_gps_turn,665.56,83.12,1,71.88,1
665.73,phase4_search_pivot,665.68,0.0,1,45.0,1
665.8,phase4_search_pivot,665.68,0.0,1,45.0,1
665.86,phase3_gps_turn,665.8,83.12,1,71.88,1
665.94,phase3_gps_turn,665.8,83.12,1,71.88,1
666.01,phase3_gps_turn,665.95,83.12,1,71.88,1
666.07,phase4_search_pivot,666.06,0.0,1,45.0,1
666.14,phase4_search_pivot,666.06,0.0,1,45.0,1
666.21,phase3_gps_turn,666.18,83.12,1,71.88,1
666.27,phase3_gps_turn,666.18,83.12,1,71.88,1
666.34,phase3_gps_turn,666.34,83.12,1,71.88,1
666.41,phase3_gps_turn,666.34,83.12,1,71.88,1
666.48,phase4_search_pivot,666.45,0.0,1,45.0,1
666.54,phase4_search_pivot,666.45,0.0,1,45.0,1
666.61,phase3_gps_turn,666.57,71.88,1,83.12,1
666.68,phase4_search_pivot,666.68,0.0,1,45.0,1
666.75,phase4_search_pivot,666.68,0.0,1,45.0,1
666.82,phase3_gps_turn,666.8,71.88,1,83.12,1
666.89,phase3_gps_turn,666.8,71.88,1,83.12,1
666.96,phase3_gps_turn,666.95,71.88,1,83.12,1
667.02,phase3_gps_turn,666.95,71.88,1,83.12,1
667.09,phase4_search_pivot,667.07,0.0,1,45.0,1
667.16,phase4_search_pivot,667.07,0.0,1,45.0,1
667.22,phase3_gps_turn,667.19,71.88,1,83.12,1
667.29,phase3_gps_turn,667.19,71.88,1,83.12,1
667.36,phase3_gps_turn,667.34,71.88,1,83.12,1
667.42,phase3_gps_turn,667.34,71.88,1,83.12,1
667.49,phase4_search_pivot,667.45,0.0,1,45.0,1
667.56,phase4_search_pivot,667.45,0.0,1,45.0,1
667.63,phase3_gps_turn,667.57,71.88,1,83.12,1
667.7,phase4_search_pivot,667.68,0.0,1,45.0,1
667.77,phase4_search_pivot,667.68,0.0,1,45.0,1
667.84,phase3_gps_turn,667.8,71.88,1,83.12,1
667.9,phase3_gps_turn,667.8,71.88,1,83.12,1
667.98,phase3_gps_turn,667.96,71.88,1,83.12,1
668.05,phase3_gps_turn,667.96,71.88,1,83.12,1
668.12,phase4_search_pivot,668.07,0.0,1,45.0,1
668.18,phase4_search_pivot,668.07,0.0,1,45.0,1
668.25,phase3_gps_turn,668.19,71.88,1,83.12,1
668.33,phase4_search_pivot,668.3,0.0,1,45.0,1
668.39,phase4_search_pivot,668.3,0.0,1,45.0,1
668.46,phase3_gps_turn,668.42,71.88,1,83.12,1
668.53,phase3_gps_turn,668.42,71.88,1,83.12,1
668.6,phase3_gps_turn,668.58,71.88,1,83.12,1
668.66,phase3_gps_turn,668.58,71.88,1,83.12,1
668.73,phase4_search_pivot,668.69,0.0,1,45.0,1
668.8,phase4_search_pivot,668.69,0.0,1,45.0,1
668.87,phase3_gps_turn,668.81,71.88,1,83.12,1
668.93,phase4_search_pivot,668.92,0.0,1,45.0,1
669.0,phase4_search_pivot,668.92,0.0,1,45.0,1
669.07,phase3_gps_turn,669.04,71.88,1,83.12,1
669.14,phase3_gps_turn,669.04,71.88,1,83.12,1
669.21,phase3_gps_turn,669.2,71.88,1,83.12,1
669.27,phase3_gps_turn,669.2,71.88,1,83.12,1
669.34,phase4_search_pivot,669.31,0.0,1,45.0,1
669.41,phase4_search_pivot,669.31,0.0,1,45.0,1
669.47,phase3_gps_turn,669.43,83.12,1,71.88,1
669.54,phase3_gps_turn,669.43,83.12,1,71.88,1
669.61,phase3_gps_turn,669.58,83.12,1,71.88,1
669.67,phase3_gps_turn,669.58,83.12,1,71.88,1
669.74,phase4_search_pivot,669.69,0.0,1,45.0,1
669.81,phase4_search_pivot,669.69,0.0,1,45.0,1
669.88,phase3_gps_turn,669.81,83.12,1,71.88,1
669.95,phase4_search_pivot,669.92,0.0,1,45.0,1
670.02,phase4_search_pivot,669.92,0.0,1,45.0,1
670.09,phase3_gps_turn,670.05,83.12,1,71.88,1
670.16,phase3_gps_turn,670.05,83.12,1,71.88,1
670.22,phase3_gps_turn,670.2,83.12,1,71.88,1
670.29,phase3_gps_turn,670.2,83.12,1,71.88,1
670.36,phase4_search_pivot,670.31,0.0,1,45.0,1
670.42,phase4_search_pivot,670.31,0.0,1,45.0,1
670.49,phase3_gps_turn,670.43,83.12,1,71.88,1
670.56,phase4_search_pivot,670.54,0.0,1,45.0,1
670.62,phase4_search_pivot,670.54,0.0,1,45.0,1
670.69,phase3_gps_turn,670.66,83.12,1,71.88,1
670.77,phase3_gps_turn,670.66,83.12,1,71.88,1
670.84,phase3_gps_turn,670.82,83.12,1,71.88,1
670.9,phase3_gps_turn,670.82,83.12,1,71.88,1
670.97,phase4_search_pivot,670.93,0.0,1,45.0,1
671.04,phase4_search_pivot,670.93,0.0,1,45.0,1
671.11,phase3_gps_turn,671.05,83.12,1,71.88,1
671.17,phase3_gps_turn,671.05,83.12,1,71.88,1
671.24,phase3_gps_turn,671.21,83.12,1,71.88,1
671.31,phase3_gps_turn,671.21,83.12,1,71.88,1
671.37,phase4_search_pivot,671.32,0.0,1,45.0,1
671.44,phase3_gps_turn,671.44,71.88,1,83.12,1
671.51,phase3_gps_turn,671.44,71.88,1,83.12,1
671.57,phase4_search_pivot,671.55,0.0,1,45.0,1
671.64,phase4_search_pivot,671.55,0.0,1,45.0,1
671.71,phase3_gps_turn,671.67,71.88,1,83.12,1
671.78,phase3_gps_turn,671.67,71.88,1,83.12,1
671.85,phase3_gps_turn,671.82,71.88,1,83.12,1
671.92,phase3_gps_turn,671.82,71.88,1,83.12,1
671.99,phase4_search_pivot,671.94,0.0,1,45.0,1
672.06,phase4_search_pivot,671.94,0.0,1,45.0,1
672.12,phase3_gps_turn,672.06,71.88,1,83.12,1
672.19,phase4_search_pivot,672.17,0.0,1,45.0,1
672.26,phase4_search_pivot,672.17,0.0,1,45.0,1
672.32,phase3_gps_turn,672.29,71.88,1,83.12,1
672.39,phase3_gps_turn,672.29,71.88,1,83.12,1
672.46,phase3_gps_turn,672.44,83.12,1,71.88,1
672.52,phase3_gps_turn,672.44,83.12,1,71.88,1
672.59,phase4_search_pivot,672.55,0.0,1,45.0,1
672.66,phase4_search_pivot,672.55,0.0,1,45.0,1
672.73,phase3_gps_turn,672.67,83.12,1,71.88,1
672.8,phase3_gps_turn,672.67,83.12,1,71.88,1
672.86,phase3_gps_turn,672.83,83.12,1,71.88,1
672.93,phase3_gps_turn,672.83,83.12,1,71.88,1
673.0,phase4_search_pivot,672.94,0.0,1,45.0,1
673.07,phase3_gps_turn,673.06,83.12,1,71.88,1
673.14,phase3_gps_turn,673.06,83.12,1,71.88,1
673.21,phase4_search_pivot,673.17,0.0,1,45.0,1
673.27,phase4_search_pivot,673.17,0.0,1,45.0,1
673.34,phase3_gps_turn,673.29,83.12,1,71.88,1
673.41,phase3_gps_turn,673.29,83.12,1,71.88,1
673.47,phase3_gps_turn,673.44,83.12,1,71.88,1
673.54,phase3_gps_turn,673.44,83.12,1,71.88,1
673.61,phase4_search_pivot,673.56,0.0,1,45.0,1
673.67,phase4_search_pivot,673.56,0.0,1,45.0,1
673.74,phase3_gps_turn,673.68,83.12,1,71.88,1
673.81,phase4_search_pivot,673.79,0.0,1,45.0,1
673.88,phase4_search_pivot,673.79,0.0,1,45.0,1
673.94,phase3_gps_turn,673.91,83.12,1,71.88,1
674.01,phase3_gps_turn,673.91,83.12,1,71.88,1
674.08,phase3_gps_turn,674.06,83.12,1,71.88,1
674.15,phase3_gps_turn,674.06,83.12,1,71.88,1
674.22,phase4_search_pivot,674.17,0.0,1,45.0,1
674.29,phase4_search_pivot,674.17,0.0,1,45.0,1
674.36,phase3_gps_turn,674.3,83.12,1,71.88,1
674.43,phase3_gps_turn,674.3,83.12,1,71.88,1
674.5,phase3_gps_turn,674.45,83.12,1,71.88,1
674.57,phase4_search_pivot,674.56,0.0,1,45.0,1
674.64,phase4_search_pivot,674.56,0.0,1,45.0,1
674.71,phase3_gps_turn,674.68,83.12,1,71.88,1
674.78,phase3_gps_turn,674.68,83.12,1,71.88,1
674.84,phase4_search_pivot,674.79,0.0,1,45.0,1
674.91,phase4_search_pivot,674.79,0.0,1,45.0,1
674.97,phase3_gps_turn,674.91,83.12,1,71.88,1
675.04,phase3_gps_turn,674.91,83.12,1,71.88,1
675.11,phase3_gps_turn,675.07,83.12,1,71.88,1
675.18,phase3_gps_turn,675.07,83.12,1,71.88,1
675.24,phase4_search_pivot,675.18,0.0,1,45.0,1
675.31,phase3_gps_turn,675.3,83.12,1,71.88,1
675.38,phase3_gps_turn,675.3,83.12,1,71.88,1
675.45,phase4_search_pivot,675.41,0.0,1,45.0,1
675.52,phase4_search_pivot,675.41,0.0,1,45.0,1
675.59,phase3_gps_turn,675.53,83.12,1,71.88,1
675.66,phase3_gps_turn,675.53,83.12,1,71.88,1
675.72,phase3_gps_turn,675.69,83.12,1,71.88,1
675.79,phase3_gps_turn,675.69,83.12,1,71.88,1
675.85,phase4_search_pivot,675.8,0.0,1,45.0,1
675.92,phase3_gps_turn,675.92,83.12,1,71.88,1
675.99,phase3_gps_turn,675.92,83.12,1,71.88,1
676.05,phase3_gps_turn,675.92,83.12,1,71.88,1
676.12,phase3_gps_turn,676.07,83.12,1,71.88,1
676.19,phase4_search_pivot,676.18,0.0,1,45.0,1
676.25,phase4_search_pivot,676.18,0.0,1,45.0,1
676.32,phase3_gps_turn,676.3,83.12,1,71.88,1
676.39,phase3_gps_turn,676.3,83.12,1,71.88,1
676.46,phase4_search_pivot,676.41,0.0,1,45.0,1
676.53,phase4_search_pivot,676.41,0.0,1,45.0,1
676.6,phase3_gps_turn,676.54,83.12,1,71.88,1
676.67,phase3_gps_turn,676.54,83.12,1,71.88,1
676.74,phase3_gps_turn,676.69,83.12,1,71.88,1
676.8,phase4_search_pivot,676.8,0.0,1,45.0,1
676.87,phase4_search_pivot,676.8,0.0,1,45.0,1
676.94,phase3_gps_turn,676.92,83.12,1,71.88,1
677.01,phase3_gps_turn,676.92,83.12,1,71.88,1
677.08,phase4_search_pivot,677.03,0.0,1,45.0,1
677.14,phase4_search_pivot,677.03,0.0,1,45.0,1
677.22,phase3_gps_turn,677.16,83.12,1,71.88,1
677.28,phase3_gps_turn,677.16,83.12,1,71.88,1
677.35,phase3_gps_turn,677.31,83.12,1,71.88,1
677.42,phase3_gps_turn,677.31,83.12,1,71.88,1
677.48,phase4_search_pivot,677.42,0.0,1,45.0,1
677.55,phase3_gps_turn,677.54,83.12,1,71.88,1
677.62,phase3_gps_turn,677.54,83.12,1,71.88,1
677.69,phase3_gps_turn,677.54,83.12,1,71.88,1
677.75,phase3_gps_turn,677.69,83.12,1,71.88,1
677.82,phase4_search_pivot,677.8,0.0,1,45.0,1
677.89,phase4_search_pivot,677.8,0.0,1,45.0,1
677.96,phase3_gps_turn,677.92,83.12,1,71.88,1
678.03,phase3_gps_turn,677.92,83.12,1,71.88,1
678.1,phase4_search_pivot,678.04,0.0,1,45.0,1
678.17,phase3_gps_turn,678.16,83.12,1,71.88,1
678.23,phase3_gps_turn,678.16,83.12,1,71.88,1
678.3,phase3_gps_turn,678.16,83.12,1,71.88,1
678.37,phase3_gps_turn,678.31,83.12,1,71.88,1
678.44,phase4_search_pivot,678.42,0.0,1,45.0,1
678.51,phase4_search_pivot,678.42,0.0,1,45.0,1
678.58,phase3_gps_turn,678.55,83.12,1,71.88,1
678.65,phase3_gps_turn,678.55,83.12,1,71.88,1
678.71,phase4_search_pivot,678.66,0.0,1,45.0,1
678.78,phase4_search_pivot,678.66,0.0,1,45.0,1
678.85,phase3_gps_turn,678.78,83.12,1,71.88,1
678.91,phase3_gps_turn,678.78,83.12,1,71.88,1
678.98,phase3_gps_turn,678.93,83.12,1,71.88,1
679.05,phase4_search_pivot,679.04,0.0,1,45.0,1
679.11,phase4_search_pivot,679.04,0.0,1,45.0,1
679.18,phase3_gps_turn,679.16,83.12,1,71.88,1
679.25,phase3_gps_turn,679.16,83.12,1,71.88,1
679.32,phase3_gps_turn,679.31,83.12,1,71.88,1
679.39,phase3_gps_turn,679.31,83.12,1,71.88,1
679.46,phase4_search_pivot,679.43,0.0,1,45.0,1
679.52,phase4_search_pivot,679.43,0.0,1,45.0,1
679.59,phase3_gps_turn,679.55,83.12,1,71.88,1
679.67,phase4_search_pivot,679.66,0.0,1,45.0,1
679.73,phase4_search_pivot,679.66,0.0,1,45.0,1
679.8,phase3_gps_turn,679.78,83.12,1,71.88,1
679.87,phase3_gps_turn,679.78,83.12,1,71.88,1
679.94,phase3_gps_turn,679.93,83.12,1,71.88,1
680.01,phase3_gps_turn,679.93,83.12,1,71.88,1
680.07,phase4_search_pivot,680.04,0.0,1,45.0,1
680.15,phase4_search_pivot,680.04,0.0,1,45.0,1
680.21,phase3_gps_turn,680.17,83.12,1,71.88,1
680.28,phase4_search_pivot,680.28,0.0,1,45.0,1
680.35,phase4_search_pivot,680.28,0.0,1,45.0,1
680.42,phase3_gps_turn,680.4,83.12,1,71.88,1
680.49,phase3_gps_turn,680.4,83.12,1,71.88,1
680.56,phase3_gps_turn,680.55,83.12,1,71.88,1
680.63,phase3_gps_turn,680.55,83.12,1,71.88,1
680.7,phase4_search_pivot,680.66,0.0,1,45.0,1
680.76,phase4_search_pivot,680.66,0.0,1,45.0,1
680.83,phase3_gps_turn,680.79,83.12,1,71.88,1
680.9,phase3_gps_turn,680.79,83.12,1,71.88,1
680.97,phase3_gps_turn,680.94,83.12,1,71.88,1
681.04,phase3_gps_turn,680.94,83.12,1,71.88,1
681.11,phase4_search_pivot,681.05,0.0,1,45.0,1
681.18,phase3_gps_turn,681.17,83.12,1,71.88,1
681.24,phase3_gps_turn,681.17,83.12,1,71.88,1
681.32,phase4_search_pivot,681.28,0.0,1,45.0,1
681.38,phase4_search_pivot,681.28,0.0,1,45.0,1
681.45,phase3_gps_turn,681.4,83.12,1,71.88,1
681.52,phase3_gps_turn,681.4,83.12,1,71.88,1
681.58,phase3_gps_turn,681.55,83.12,1,71.88,1
681.65,phase3_gps_turn,681.55,83.12,1,71.88,1
681.72,phase4_search_pivot,681.66,0.0,1,45.0,1
681.79,phase3_gps_turn,681.79,83.12,1,71.88,1
681.86,phase3_gps_turn,681.79,83.12,1,71.88,1
681.93,phase4_search_pivot,681.9,0.0,1,45.0,1
682.0,phase4_search_pivot,681.9,0.0,1,45.0,1
682.06,phase3_gps_turn,682.02,83.12,1,71.88,1
682.13,phase3_gps_turn,682.02,83.12,1,71.88,1
682.2,phase3_gps_turn,682.17,83.12,1,71.88,1
682.26,phase3_gps_turn,682.17,83.12,1,71.88,1
682.33,phase4_search_pivot,682.28,0.0,1,45.0,1
682.4,phase4_search_pivot,682.28,0.0,1,45.0,1
682.46,phase3_gps_turn,682.4,83.12,1,71.88,1
682.53,phase3_gps_turn,682.4,83.12,1,71.88,1
682.6,phase3_gps_turn,682.56,83.12,1,71.88,1
682.67,phase4_search_pivot,682.67,0.0,1,45.0,1
682.74,phase4_search_pivot,682.67,0.0,1,45.0,1
682.81,phase3_gps_turn,682.79,83.12,1,71.88,1
682.88,phase3_gps_turn,682.79,83.12,1,71.88,1
682.96,phase4_search_pivot,682.9,0.0,1,45.0,1
683.03,phase3_gps_turn,683.02,83.12,1,71.88,1
683.09,phase3_gps_turn,683.02,83.12,1,71.88,1
683.16,phase3_gps_turn,683.02,83.12,1,71.88,1
683.22,phase3_gps_turn,683.17,83.12,1,71.88,1
683.29,phase4_search_pivot,683.28,0.0,1,45.0,1
683.36,phase4_search_pivot,683.28,0.0,1,45.0,1
683.42,phase3_gps_turn,683.41,83.12,1,71.88,1
683.49,phase3_gps_turn,683.41,83.12,1,71.88,1
683.56,phase4_search_pivot,683.52,0.0,1,45.0,1
683.62,phase4_search_pivot,683.52,0.0,1,45.0,1
683.7,phase3_gps_turn,683.64,83.12,1,71.88,1
683.77,phase3_gps_turn,683.64,83.12,1,71.88,1
683.83,phase3_gps_turn,683.79,83.12,1,71.88,1
683.9,phase4_search_pivot,683.9,0.0,1,45.0,1
683.97,phase4_search_pivot,683.9,0.0,1,45.0,1
684.04,phase3_gps_turn,684.03,83.12,1,71.88,1
684.11,phase3_gps_turn,684.03,83.12,1,71.88,1
684.18,phase3_gps_turn,684.18,83.12,1,71.88,1
684.25,phase3_gps_turn,684.18,83.12,1,71.88,1
684.31,phase4_search_pivot,684.29,0.0,1,45.0,1
684.38,phase4_search_pivot,684.29,0.0,1,45.0,1
684.45,phase3_gps_turn,684.41,83.12,1,71.88,1
684.52,phase3_gps_turn,684.41,83.12,1,71.88,1
684.59,phase4_search_pivot,684.52,0.0,1,45.0,1
684.65,phase3_gps_turn,684.64,83.12,1,71.88,1
684.72,phase3_gps_turn,684.64,83.12,1,71.88,1
684.79,phase3_gps_turn,684.64,83.12,1,71.88,1
684.85,phase3_gps_turn,684.79,83.12,1,71.88,1
684.92,phase4_search_pivot,684.9,0.0,1,45.0,1
684.98,phase4_search_pivot,684.9,0.0,1,45.0,1
685.05,phase3_gps_turn,685.03,83.12,1,71.88,1
685.12,phase3_gps_turn,685.03,83.12,1,71.88,1
685.19,phase3_gps_turn,685.18,83.12,1,71.88,1
685.26,phase3_gps_turn,685.18,83.12,1,71.88,1
685.32,phase4_search_pivot,685.29,0.0,1,45.0,1
685.39,phase4_search_pivot,685.29,0.0,1,45.0,1
685.46,phase3_gps_turn,685.41,83.12,1,71.88,1
685.53,phase4_search_pivot,685.52,0.0,1,45.0,1
685.6,phase4_search_pivot,685.52,0.0,1,45.0,1
685.66,phase3_gps_turn,685.64,83.12,1,71.88,1
685.73,phase3_gps_turn,685.64,83.12,1,71.88,1
685.79,phase3_gps_turn,685.64,83.12,1,71.88,1
685.86,phase3_gps_turn,685.8,83.12,1,71.88,1
685.93,phase4_search_pivot,685.91,0.0,1,45.0,1
686.0,phase4_search_pivot,685.91,0.0,1,45.0,1
686.06,phase3_gps_turn,686.03,83.12,1,71.88,1
686.13,phase3_gps_turn,686.03,83.12,1,71.88,1
686.2,phase4_search_pivot,686.14,0.0,1,45.0,1
686.26,phase3_gps_turn,686.26,83.12,1,71.88,1
686.33,phase3_gps_turn,686.26,83.12,1,71.88,1
686.4,phase3_gps_turn,686.26,83.12,1,71.88,1
686.47,phase3_gps_turn,686.41,71.88,1,83.12,1
686.54,phase4_search_pivot,686.53,0.0,1,45.0,1
686.6,phase4_search_pivot,686.53,0.0,1,45.0,1
686.67,phase3_gps_turn,686.65,71.88,1,83.12,1
686.74,phase3_gps_turn,686.65,71.88,1,83.12,1
686.81,phase3_gps_turn,686.8,71.88,1,83.12,1
686.87,phase3_gps_turn,686.8,71.88,1,83.12,1
686.94,phase4_search_pivot,686.91,0.0,1,45.0,1
687.0,phase4_search_pivot,686.91,0.0,1,45.0,1
687.07,phase3_gps_turn,687.03,71.88,1,83.12,1
687.14,phase4_search_pivot,687.14,0.0,1,45.0,1
687.21,phase4_search_pivot,687.14,0.0,1,45.0,1
687.28,phase3_gps_turn,687.26,71.88,1,83.12,1
687.35,phase3_gps_turn,687.26,71.88,1,83.12,1
687.42,phase3_gps_turn,687.26,71.88,1,83.12,1
687.48,phase3_gps_turn,687.42,71.88,1,83.12,1
687.55,phase4_search_pivot,687.53,0.0,1,45.0,1
687.62,phase4_search_pivot,687.53,0.0,1,45.0,1
687.69,phase3_gps_turn,687.65,71.88,1,83.12,1
687.75,phase3_gps_turn,687.65,71.88,1,83.12,1
687.82,phase4_search_pivot,687.76,0.0,1,45.0,1
687.89,phase3_gps_turn,687.88,71.88,1,83.12,1
687.95,phase3_gps_turn,687.88,71.88,1,83.12,1
688.02,phase3_gps_turn,687.88,71.88,1,83.12,1
688.09,phase3_gps_turn,688.03,71.88,1,83.12,1
688.15,phase4_search_pivot,688.14,0.0,1,45.0,1
688.22,phase4_search_pivot,688.14,0.0,1,45.0,1
688.29,phase3_gps_turn,688.26,71.88,1,83.12,1
688.35,phase3_gps_turn,688.26,71.88,1,83.12,1
688.42,phase3_gps_turn,688.41,71.88,1,83.12,1
688.49,phase3_gps_turn,688.41,71.88,1,83.12,1
688.56,phase4_search_pivot,688.52,0.0,1,45.0,1
688.63,phase4_search_pivot,688.52,0.0,1,45.0,1
688.7,phase3_gps_turn,688.65,71.88,1,83.12,1
688.76,phase4_search_pivot,688.76,0.0,1,45.0,1
688.83,phase4_search_pivot,688.76,0.0,1,45.0,1
688.9,phase3_gps_turn,688.88,71.88,1,83.12,1
688.97,phase3_gps_turn,688.88,71.88,1,83.12,1
689.04,phase3_gps_turn,689.03,71.88,1,83.12,1
689.11,phase3_gps_turn,689.03,71.88,1,83.12,1
689.18,phase4_search_pivot,689.15,0.0,1,45.0,1
689.24,phase4_search_pivot,689.15,0.0,1,45.0,1
689.31,phase3_gps_turn,689.27,71.88,1,83.12,1
689.38,phase4_search_pivot,689.38,0.0,1,45.0,1
689.45,phase4_search_pivot,689.38,0.0,1,45.0,1
689.52,phase3_gps_turn,689.5,71.88,1,83.12,1
689.59,phase3_gps_turn,689.5,71.88,1,83.12,1
689.66,phase3_gps_turn,689.65,71.88,1,83.12,1
689.73,phase3_gps_turn,689.65,71.88,1,83.12,1
689.8,phase4_search_pivot,689.76,0.0,1,45.0,1
689.86,phase4_search_pivot,689.76,0.0,1,45.0,1
689.93,phase3_gps_turn,689.88,71.88,1,83.12,1
689.99,phase3_gps_turn,689.88,71.88,1,83.12,1
690.06,phase4_search_pivot,690.0,0.0,1,45.0,1
690.13,phase3_gps_turn,690.12,71.88,1,83.12,1
690.19,phase3_gps_turn,690.12,71.88,1,83.12,1
690.26,phase3_gps_turn,690.12,71.88,1,83.12,1
690.33,phase3_gps_turn,690.27,71.88,1,83.12,1
690.39,phase4_search_pivot,690.38,0.0,1,45.0,1
690.46,phase4_search_pivot,690.38,0.0,1,45.0,1
690.52,phase3_gps_turn,690.5,71.88,1,83.12,1
690.59,phase3_gps_turn,690.5,71.88,1,83.12,1
690.66,phase3_gps_turn,690.65,71.88,1,83.12,1
690.72,phase3_gps_turn,690.65,71.88,1,83.12,1
690.79,phase4_search_pivot,690.76,0.0,1,45.0,1
690.86,phase4_search_pivot,690.76,0.0,1,45.0,1
690.93,phase3_gps_turn,690.89,71.88,1,83.12,1
691.0,phase3_gps_turn,690.89,71.88,1,83.12,1
691.07,phase4_search_pivot,691.0,0.0,1,45.0,1
691.13,phase3_gps_turn,691.12,71.88,1,83.12,1
691.2,phase3_gps_turn,691.12,71.88,1,83.12,1
691.26,phase3_gps_turn,691.12,71.88,1,83.12,1
691.33,phase3_gps_turn,691.27,71.88,1,83.12,1
691.4,phase4_search_pivot,691.38,0.0,1,45.0,1
691.46,phase4_search_pivot,691.38,0.0,1,45.0,1
691.53,phase3_gps_turn,691.5,71.88,1,83.12,1
691.6,phase3_gps_turn,691.5,71.88,1,83.12,1
691.67,phase3_gps_turn,691.66,71.88,1,83.12,1
691.73,phase3_gps_turn,691.66,71.88,1,83.12,1
691.8,phase4_search_pivot,691.77,0.0,1,45.0,1
691.87,phase4_search_pivot,691.77,0.0,1,45.0,1
691.94,phase3_gps_turn,691.89,71.88,1,83.12,1
692.01,phase4_search_pivot,692.0,0.0,1,45.0,1
692.07,phase4_search_pivot,692.0,0.0,1,45.0,1
692.14,phase3_gps_turn,692.12,71.88,1,83.12,1
692.21,phase3_gps_turn,692.12,71.88,1,83.12,1
692.27,phase3_gps_turn,692.12,71.88,1,83.12,1
692.34,phase3_gps_turn,692.27,71.88,1,83.12,1
692.41,phase4_search_pivot,692.39,0.0,1,45.0,1
692.47,phase4_search_pivot,692.39,0.0,1,45.0,1
692.54,phase4_search_pivot,692.39,0.0,1,45.0,1
692.61,phase3_gps_forward,692.61,100.0,1,100.0,1
692.68,phase3_gps_forward,692.61,100.0,1,100.0,1
692.75,phase3_gps_forward,692.61,100.0,1,100.0,1
692.82,phase3_gps_forward,692.61,100.0,1,100.0,1
692.89,phase3_gps_forward,692.86,100.0,1,100.0,1
692.95,phase3_gps_forward,692.86,100.0,1,100.0,1
693.02,phase4_search_pivot,692.97,0.0,1,45.0,1
693.09,phase4_search_pivot,692.97,0.0,1,45.0,1
693.15,phase4_search_pivot,692.97,0.0,1,45.0,1
693.22,phase3_gps_forward,693.19,100.0,1,100.0,1
693.29,phase3_gps_forward,693.19,100.0,1,100.0,1
693.36,phase3_gps_forward,693.19,100.0,1,100.0,1
693.42,phase3_gps_forward,693.19,100.0,1,100.0,1
693.49,phase3_gps_forward,693.44,100.0,1,100.0,1
693.56,phase4_search_pivot,693.56,0.0,1,45.0,1
693.62,phase4_search_pivot,693.56,0.0,1,45.0,1
693.69,phase4_search_pivot,693.64,0.0,1,45.0,1
693.76,phase4_search_pivot,693.64,0.0,1,45.0,1
693.83,phase3_gps_turn,693.76,83.12,1,71.88,1
693.9,phase3_gps_turn,693.76,83.12,1,71.88,1
693.96,phase3_gps_turn,693.91,83.12,1,71.88,1
694.03,phase4_search_pivot,694.02,0.0,1,45.0,1
694.1,phase4_search_pivot,694.02,0.0,1,45.0,1
694.17,phase3_gps_turn,694.15,83.12,1,71.88,1
694.24,phase3_gps_turn,694.15,83.12,1,71.88,1
694.31,phase3_gps_turn,694.3,83.12,1,71.88,1
694.38,phase3_gps_turn,694.3,83.12,1,71.88,1
694.45,phase4_search_pivot,694.41,0.0,1,45.0,1
694.51,phase4_search_pivot,694.41,0.0,1,45.0,1
694.58,phase3_gps_turn,694.54,83.12,1,71.88,1
694.65,phase3_gps_turn,694.54,83.12,1,71.88,1
694.72,phase4_search_pivot,694.65,0.0,1,45.0,1
694.79,phase3_gps_turn,694.77,83.12,1,71.88,1
694.86,phase3_gps_turn,694.77,83.12,1,71.88,1
694.93,phase3_gps_turn,694.92,83.12,1,71.88,1
695.0,phase3_gps_turn,694.92,83.12,1,71.88,1
695.07,phase4_search_pivot,695.03,0.0,1,45.0,1
695.13,phase4_search_pivot,695.03,0.0,1,45.0,1
695.2,phase3_gps_turn,695.16,83.12,1,71.88,1
695.27,phase3_gps_turn,695.16,83.12,1,71.88,1
695.33,phase3_gps_turn,695.31,83.12,1,71.88,1
695.4,phase3_gps_turn,695.31,83.12,1,71.88,1
695.48,phase4_search_pivot,695.42,0.0,1,45.0,1
695.55,phase3_gps_turn,695.54,83.12,1,71.88,1
695.61,phase3_gps_turn,695.54,83.12,1,71.88,1
695.68,phase4_search_pivot,695.65,0.0,1,45.0,1
695.75,phase4_search_pivot,695.65,0.0,1,45.0,1
695.82,phase3_gps_turn,695.77,83.12,1,71.88,1
695.89,phase3_gps_turn,695.77,83.12,1,71.88,1
695.95,phase3_gps_turn,695.93,83.12,1,71.88,1
696.02,phase3_gps_turn,695.93,83.12,1,71.88,1
696.09,phase4_search_pivot,696.04,0.0,1,45.0,1
696.15,phase4_search_pivot,696.04,0.0,1,45.0,1
696.22,phase3_gps_turn,696.16,83.12,1,71.88,1
696.29,phase4_search_pivot,696.27,0.0,1,45.0,1
696.36,phase4_search_pivot,696.27,0.0,1,45.0,1
696.42,phase4_search_pivot,696.27,0.0,1,45.0,1
696.5,phase3_gps_forward,696.5,100.0,1,100.0,1
696.57,phase3_gps_forward,696.5,100.0,1,100.0,1
696.64,phase4_search_pivot,696.61,0.0,1,45.0,1
696.71,phase4_search_pivot,696.61,0.0,1,45.0,1
696.78,phase4_search_pivot,696.61,0.0,1,45.0,1
696.85,phase3_gps_forward,696.83,100.0,1,100.0,1
696.91,phase3_gps_forward,696.83,100.0,1,100.0,1
696.98,phase3_gps_forward,696.83,100.0,1,100.0,1
697.05,phase3_gps_forward,696.83,100.0,1,100.0,1
697.12,phase3_gps_forward,697.09,100.0,1,100.0,1
697.19,phase3_gps_forward,697.09,100.0,1,100.0,1
697.26,phase4_search_pivot,697.2,0.0,1,45.0,1
697.32,phase4_search_pivot,697.28,0.0,1,45.0,1
697.39,phase4_search_pivot,697.28,0.0,1,45.0,1
697.46,phase4_search_pivot,697.28,0.0,1,45.0,1
697.52,phase3_gps_forward,697.5,100.0,1,100.0,1
697.59,phase3_gps_forward,697.5,100.0,1,100.0,1
697.66,phase4_search_pivot,697.61,0.0,1,45.0,1
697.72,phase4_search_pivot,697.61,0.0,1,45.0,1
697.79,phase4_search_pivot,697.61,0.0,1,45.0,1
697.85,phase3_gps_forward,697.83,100.0,1,100.0,1
697.92,phase3_gps_forward,697.83,100.0,1,100.0,1
697.99,phase3_gps_forward,697.83,100.0,1,100.0,1
698.05,phase3_gps_forward,697.83,100.0,1,100.0,1
698.12,phase3_gps_forward,698.09,100.0,1,100.0,1
698.19,phase3_gps_forward,698.09,100.0,1,100.0,1
698.25,phase4_search_pivot,698.2,0.0,1,45.0,1
698.32,phase4_search_pivot,698.28,0.0,1,45.0,1
698.38,phase4_search_pivot,698.28,0.0,1,45.0,1
698.45,phase4_search_pivot,698.28,0.0,1,45.0,1
698.52,phase3_gps_forward,698.5,100.0,1,100.0,1
698.59,phase3_gps_forward,698.5,100.0,1,100.0,1
698.66,phase4_search_pivot,698.61,0.0,1,45.0,1
698.72,phase4_search_pivot,698.69,0.0,1,45.0,1
698.79,phase4_search_pivot,698.69,0.0,1,45.0,1
698.86,phase3_gps_turn,698.81,83.12,1,71.88,1
698.93,phase3_gps_turn,698.81,83.12,1,71.88,1
699.0,phase3_gps_turn,698.97,83.12,1,71.88,1
699.07,phase3_gps_turn,698.97,83.12,1,71.88,1
699.14,phase4_search_pivot,699.08,0.0,1,45.0,1
699.22,phase3_gps_turn,699.2,83.12,1,71.88,1
699.28,phase3_gps_turn,699.2,83.12,1,71.88,1
699.35,phase4_search_pivot,699.31,0.0,1,45.0,1
699.42,phase4_search_pivot,699.31,0.0,1,45.0,1
699.49,phase3_gps_turn,699.43,83.12,1,71.88,1
699.56,phase3_gps_turn,699.43,83.12,1,71.88,1
699.62,phase3_gps_turn,699.59,83.12,1,71.88,1
699.69,phase3_gps_turn,699.59,83.12,1,71.88,1
699.76,phase4_search_pivot,699.7,0.0,1,45.0,1
699.83,phase3_gps_turn,699.82,83.12,1,71.88,1
699.9,phase3_gps_turn,699.82,83.12,1,71.88,1
699.97,phase3_gps_turn,699.82,83.12,1,71.88,1
700.03,phase3_gps_turn,699.97,83.12,1,71.88,1
700.1,phase4_search_pivot,700.08,0.0,1,45.0,1
700.17,phase4_search_pivot,700.08,0.0,1,45.0,1
700.23,phase3_gps_turn,700.21,83.12,1,71.88,1
700.3,phase3_gps_turn,700.21,83.12,1,71.88,1
700.37,phase4_search_pivot,700.32,0.0,1,45.0,1
700.43,phase4_search_pivot,700.32,0.0,1,45.0,1
700.5,phase3_gps_turn,700.44,83.12,1,71.88,1
700.57,phase3_gps_turn,700.44,83.12,1,71.88,1
700.64,phase3_gps_turn,700.59,83.12,1,71.88,1
700.71,phase4_search_pivot,700.7,0.0,1,45.0,1
700.78,phase4_search_pivot,700.7,0.0,1,45.0,1
700.85,phase3_gps_turn,700.82,83.12,1,71.88,1
700.91,phase3_gps_turn,700.82,83.12,1,71.88,1
700.98,phase4_search_pivot,700.93,0.0,1,45.0,1
701.05,phase4_search_pivot,700.93,0.0,1,45.0,1
701.12,phase3_gps_turn,701.05,83.12,1,71.88,1
701.18,phase3_gps_turn,701.05,83.12,1,71.88,1
701.25,phase3_gps_turn,701.21,83.12,1,71.88,1
701.32,phase4_search_pivot,701.32,0.0,1,45.0,1
701.38,phase4_search_pivot,701.32,0.0,1,45.0,1
701.45,phase3_gps_turn,701.44,83.12,1,71.88,1
701.52,phase3_gps_turn,701.44,83.12,1,71.88,1
701.59,phase3_gps_turn,701.44,83.12,1,71.88,1
701.66,phase3_gps_turn,701.59,83.12,1,71.88,1
701.73,phase4_search_pivot,701.71,0.0,1,45.0,1
701.8,phase4_search_pivot,701.71,0.0,1,45.0,1
701.86,phase3_gps_turn,701.83,83.12,1,71.88,1
701.93,phase3_gps_turn,701.83,83.12,1,71.88,1
702.0,phase4_search_pivot,701.94,0.0,1,45.0,1
702.07,phase3_gps_turn,702.06,83.12,1,71.88,1
702.14,phase3_gps_turn,702.06,83.12,1,71.88,1
702.2,phase3_gps_turn,702.06,83.12,1,71.88,1
702.27,phase3_gps_turn,702.21,83.12,1,71.88,1
702.34,phase4_search_pivot,702.32,0.0,1,45.0,1
702.4,phase4_search_pivot,702.32,0.0,1,45.0,1
702.47,phase3_gps_turn,702.44,71.88,1,83.12,1
702.54,phase3_gps_turn,702.44,71.88,1,83.12,1
702.61,phase4_search_pivot,702.56,0.0,1,45.0,1
702.68,phase3_gps_turn,702.68,71.88,1,83.12,1
702.75,phase3_gps_turn,702.68,71.88,1,83.12,1
702.81,phase3_gps_turn,702.68,71.88,1,83.12,1
702.88,phase3_gps_turn,702.83,71.88,1,83.12,1
702.95,phase4_search_pivot,702.94,0.0,1,45.0,1
703.02,phase4_search_pivot,702.94,0.0,1,45.0,1
703.09,phase3_gps_turn,703.06,71.88,1,83.12,1
703.16,phase3_gps_turn,703.06,71.88,1,83.12,1
703.22,phase3_gps_turn,703.21,71.88,1,83.12,1
703.29,phase3_gps_turn,703.21,71.88,1,83.12,1
703.36,phase4_search_pivot,703.32,0.0,1,45.0,1
703.42,phase4_search_pivot,703.32,0.0,1,45.0,1
703.49,phase3_gps_turn,703.44,71.88,1,83.12,1
703.56,phase4_search_pivot,703.56,0.0,1,45.0,1
703.63,phase4_search_pivot,703.56,0.0,1,45.0,1
703.7,phase3_gps_turn,703.68,71.88,1,83.12,1
703.77,phase3_gps_turn,703.68,71.88,1,83.12,1
703.84,phase3_gps_turn,703.83,71.88,1,83.12,1
703.9,phase3_gps_turn,703.83,71.88,1,83.12,1
703.97,phase4_search_pivot,703.94,0.0,1,45.0,1
704.04,phase4_search_pivot,703.94,0.0,1,45.0,1
704.11,phase3_gps_turn,704.06,71.88,1,83.12,1
704.18,phase3_gps_turn,704.06,71.88,1,83.12,1
704.25,phase3_gps_turn,704.22,71.88,1,83.12,1
704.31,phase3_gps_turn,704.22,71.88,1,83.12,1
704.38,phase4_search_pivot,704.33,0.0,1,45.0,1
704.44,phase4_search_pivot,704.33,0.0,1,45.0,1
704.51,phase3_gps_turn,704.45,71.88,1,83.12,1
704.58,phase4_search_pivot,704.56,0.0,1,45.0,1
704.64,phase4_search_pivot,704.56,0.0,1,45.0,1
704.71,phase3_gps_turn,704.68,71.88,1,83.12,1
704.77,phase3_gps_turn,704.68,71.88,1,83.12,1
704.84,phase3_gps_turn,704.83,71.88,1,83.12,1
704.91,phase3_gps_turn,704.83,71.88,1,83.12,1
704.98,phase4_search_pivot,704.95,0.0,1,45.0,1
705.05,phase4_search_pivot,704.95,0.0,1,45.0,1
705.12,phase3_gps_turn,705.07,71.88,1,83.12,1
705.19,phase4_search_pivot,705.18,0.0,1,45.0,1
705.25,phase4_search_pivot,705.18,0.0,1,45.0,1
705.32,phase3_gps_turn,705.3,71.88,1,83.12,1
705.39,phase3_gps_turn,705.3,71.88,1,83.12,1
705.45,phase3_gps_turn,705.3,71.88,1,83.12,1
705.52,phase3_gps_turn,705.46,83.12,1,71.88,1
705.59,phase4_search_pivot,705.57,0.0,1,45.0,1
705.65,phase4_search_pivot,705.57,0.0,1,45.0,1
705.72,phase3_gps_turn,705.69,83.12,1,71.88,1
705.78,phase3_gps_turn,705.69,83.12,1,71.88,1
705.85,phase3_gps_turn,705.84,83.12,1,71.88,1
705.92,phase3_gps_turn,705.84,83.12,1,71.88,1
705.99,phase4_search_pivot,705.95,0.0,1,45.0,1
706.06,phase4_search_pivot,705.95,0.0,1,45.0,1
706.13,phase3_gps_turn,706.07,83.12,1,71.88,1
706.19,phase4_search_pivot,706.18,0.0,1,45.0,1
706.26,phase4_search_pivot,706.18,0.0,1,45.0,1
706.33,phase3_gps_turn,706.3,83.12,1,71.88,1
706.4,phase3_gps_turn,706.3,83.12,1,71.88,1
706.46,phase3_gps_turn,706.46,71.88,1,83.12,1
706.53,phase3_gps_turn,706.46,71.88,1,83.12,1
706.6,phase4_search_pivot,706.57,0.0,1,45.0,1
706.66,phase4_search_pivot,706.57,0.0,1,45.0,1
706.73,phase3_gps_turn,706.69,71.88,1,83.12,1
706.8,phase3_gps_turn,706.69,71.88,1,83.12,1
706.86,phase4_search_pivot,706.8,0.0,1,45.0,1
706.93,phase3_gps_turn,706.92,71.88,1,83.12,1
707.0,phase3_gps_turn,706.92,71.88,1,83.12,1
707.07,phase3_gps_turn,707.07,71.88,1,83.12,1
707.14,phase3_gps_turn,707.07,71.88,1,83.12,1
707.21,phase4_search_pivot,707.18,0.0,1,45.0,1
707.28,phase4_search_pivot,707.18,0.0,1,45.0,1
707.35,phase3_gps_turn,707.31,71.88,1,83.12,1
707.41,phase3_gps_turn,707.31,71.88,1,83.12,1
707.48,phase3_gps_turn,707.46,83.12,1,71.88,1
707.55,phase3_gps_turn,707.46,83.12,1,71.88,1
707.62,phase4_search_pivot,707.57,0.0,1,45.0,1
707.68,phase4_search_pivot,707.57,0.0,1,45.0,1
707.75,phase3_gps_turn,707.69,83.12,1,71.88,1
707.82,phase4_search_pivot,707.81,0.0,1,45.0,1
707.88,phase4_search_pivot,707.81,0.0,1,45.0,1
707.95,phase3_gps_turn,707.93,83.12,1,71.88,1
708.02,phase3_gps_turn,707.93,83.12,1,71.88,1
708.09,phase3_gps_turn,708.08,83.12,1,71.88,1
708.16,phase3_gps_turn,708.08,83.12,1,71.88,1
708.23,phase4_search_pivot,708.19,0.0,1,45.0,1
708.3,phase4_search_pivot,708.19,0.0,1,45.0,1
708.36,phase3_gps_turn,708.31,83.12,1,71.88,1
708.43,phase4_search_pivot,708.42,0.0,1,45.0,1
708.5,phase4_search_pivot,708.42,0.0,1,45.0,1
708.57,phase3_gps_turn,708.54,83.12,1,71.88,1
708.63,phase3_gps_turn,708.54,83.12,1,71.88,1
708.7,phase3_gps_turn,708.7,83.12,1,71.88,1
708.77,phase3_gps_turn,708.7,83.12,1,71.88,1
708.84,phase4_search_pivot,708.81,0.0,1,45.0,1
708.9,phase4_search_pivot,708.81,0.0,1,45.0,1
708.97,phase3_gps_turn,708.93,83.12,1,71.88,1
709.04,phase3_gps_turn,708.93,83.12,1,71.88,1
709.11,phase3_gps_turn,709.08,83.12,1,71.88,1
709.18,phase3_gps_turn,709.08,83.12,1,71.88,1
709.25,phase4_search_pivot,709.19,0.0,1,45.0,1
709.32,phase3_gps_turn,709.31,83.12,1,71.88,1
709.39,phase3_gps_turn,709.31,83.12,1,71.88,1
709.46,phase4_search_pivot,709.42,0.0,1,45.0,1
709.52,phase4_search_pivot,709.42,0.0,1,45.0,1
709.59,phase3_gps_turn,709.55,71.88,1,83.12,1
709.66,phase3_gps_turn,709.55,71.88,1,83.12,1
709.73,phase3_gps_turn,709.7,71.88,1,83.12,1
709.8,phase3_gps_turn,709.7,71.88,1,83.12,1
709.87,phase4_search_pivot,709.81,0.0,1,45.0,1
709.93,phase3_gps_turn,709.93,71.88,1,83.12,1
710.01,phase3_gps_turn,709.93,71.88,1,83.12,1
710.08,phase4_search_pivot,710.04,0.0,1,45.0,1
710.15,phase4_search_pivot,710.04,0.0,1,45.0,1
710.21,phase3_gps_turn,710.16,71.88,1,83.12,1
710.28,phase3_gps_turn,710.16,71.88,1,83.12,1
710.35,phase3_gps_turn,710.31,71.88,1,83.12,1
710.42,phase3_gps_turn,710.31,71.88,1,83.12,1
710.48,phase4_search_pivot,710.42,0.0,1,45.0,1
710.55,phase3_gps_turn,710.55,83.12,1,71.88,1
710.62,phase3_gps_turn,710.55,83.12,1,71.88,1
710.68,phase3_gps_turn,710.55,83.12,1,71.88,1
710.75,phase3_gps_turn,710.7,83.12,1,71.88,1
710.82,phase4_search_pivot,710.81,0.0,1,45.0,1
710.88,phase4_search_pivot,710.81,0.0,1,45.0,1
710.95,phase3_gps_turn,710.93,83.12,1,71.88,1
711.02,phase3_gps_turn,710.93,83.12,1,71.88,1
711.09,phase4_search_pivot,711.04,0.0,1,45.0,1
711.16,phase4_search_pivot,711.04,0.0,1,45.0,1
711.23,phase3_gps_turn,711.16,83.12,1,71.88,1
711.3,phase3_gps_turn,711.16,83.12,1,71.88,1
711.37,phase3_gps_turn,711.31,83.12,1,71.88,1
711.43,phase4_search_pivot,711.43,0.0,1,45.0,1
711.5,phase4_search_pivot,711.43,0.0,1,45.0,1
711.57,phase3_gps_turn,711.55,83.12,1,71.88,1
711.63,phase3_gps_turn,711.55,83.12,1,71.88,1
711.7,phase4_search_pivot,711.66,0.0,1,45.0,1
711.76,phase4_search_pivot,711.66,0.0,1,45.0,1
711.83,phase3_gps_turn,711.78,83.12,1,71.88,1
711.9,phase3_gps_turn,711.78,83.12,1,71.88,1
711.97,phase3_gps_turn,711.93,83.12,1,71.88,1
712.04,phase3_gps_turn,711.93,83.12,1,71.88,1
712.1,phase4_search_pivot,712.04,0.0,1,45.0,1
712.17,phase3_gps_turn,712.17,83.12,1,71.88,1
712.24,phase3_gps_turn,712.17,83.12,1,71.88,1
712.31,phase3_gps_turn,712.17,83.12,1,71.88,1
712.38,phase3_gps_turn,712.32,83.12,1,71.88,1
712.44,phase4_search_pivot,712.43,0.0,1,45.0,1
712.51,phase4_search_pivot,712.43,0.0,1,45.0,1
712.58,phase3_gps_turn,712.55,83.12,1,71.88,1
712.64,phase3_gps_turn,712.55,83.12,1,71.88,1
712.71,phase4_search_pivot,712.67,0.0,1,45.0,1
712.78,phase4_search_pivot,712.67,0.0,1,45.0,1
712.85,phase3_gps_turn,712.79,83.12,1,71.88,1
712.92,phase3_gps_turn,712.79,83.12,1,71.88,1
712.98,phase3_gps_turn,712.94,83.12,1,71.88,1
713.05,phase3_gps_turn,712.94,83.12,1,71.88,1
713.12,phase4_search_pivot,713.05,0.0,1,45.0,1
713.19,phase3_gps_turn,713.18,83.12,1,71.88,1
713.25,phase3_gps_turn,713.18,83.12,1,71.88,1
713.32,phase4_search_pivot,713.29,0.0,1,45.0,1
713.39,phase4_search_pivot,713.29,0.0,1,45.0,1
713.46,phase3_gps_turn,713.41,71.88,1,83.12,1
713.52,phase3_gps_turn,713.41,71.88,1,83.12,1
713.59,phase3_gps_turn,713.56,71.88,1,83.12,1
713.66,phase3_gps_turn,713.56,71.88,1,83.12,1
713.72,phase4_search_pivot,713.67,0.0,1,45.0,1
713.79,phase4_search_pivot,713.67,0.0,1,45.0,1
713.86,phase3_gps_turn,713.79,71.88,1,83.12,1
713.93,phase3_gps_turn,713.79,71.88,1,83.12,1
714.0,phase3_gps_turn,713.94,71.88,1,83.12,1
714.07,phase4_search_pivot,714.06,0.0,1,45.0,1
714.14,phase4_search_pivot,714.06,0.0,1,45.0,1
714.21,phase3_gps_turn,714.18,71.88,1,83.12,1
714.28,phase3_gps_turn,714.18,71.88,1,83.12,1
714.35,phase4_search_pivot,714.29,0.0,1,45.0,1
714.42,phase3_gps_turn,714.41,71.88,1,83.12,1
714.48,phase3_gps_turn,714.41,71.88,1,83.12,1
714.55,phase3_gps_turn,714.41,71.88,1,83.12,1
714.62,phase3_gps_turn,714.56,71.88,1,83.12,1
714.69,phase4_search_pivot,714.68,0.0,1,45.0,1
714.76,phase4_search_pivot,714.68,0.0,1,45.0,1
714.83,phase3_gps_turn,714.8,71.88,1,83.12,1
714.89,phase3_gps_turn,714.8,71.88,1,83.12,1
714.96,phase4_search_pivot,714.91,0.0,1,45.0,1
715.03,phase4_search_pivot,714.91,0.0,1,45.0,1
715.09,phase3_gps_turn,715.03,71.88,1,83.12,1
715.16,phase3_gps_turn,715.03,71.88,1,83.12,1
715.23,phase3_gps_turn,715.18,71.88,1,83.12,1
715.3,phase4_search_pivot,715.29,0.0,1,45.0,1
715.36,phase4_search_pivot,715.29,0.0,1,45.0,1
715.43,phase3_gps_turn,715.41,71.88,1,83.12,1
715.5,phase3_gps_turn,715.41,71.88,1,83.12,1
715.57,phase4_search_pivot,715.53,0.0,1,45.0,1
715.64,phase4_search_pivot,715.53,0.0,1,45.0,1
715.71,phase3_gps_turn,715.65,71.88,1,83.12,1
715.78,phase3_gps_turn,715.65,71.88,1,83.12,1
715.84,phase3_gps_turn,715.8,71.88,1,83.12,1
715.91,phase4_search_pivot,715.91,0.0,1,45.0,1
715.98,phase4_search_pivot,715.91,0.0,1,45.0,1
716.05,phase3_gps_turn,716.03,71.88,1,83.12,1
716.12,phase3_gps_turn,716.03,71.88,1,83.12,1
716.18,phase3_gps_turn,716.03,71.88,1,83.12,1
716.25,phase3_gps_turn,716.18,71.88,1,83.12,1
716.32,phase4_search_pivot,716.29,0.0,1,45.0,1
716.39,phase4_search_pivot,716.29,0.0,1,45.0,1
716.46,phase3_gps_turn,716.42,71.88,1,83.12,1
716.53,phase3_gps_turn,716.42,71.88,1,83.12,1
716.61,phase4_search_pivot,716.53,0.0,1,45.0,1
716.68,phase3_gps_turn,716.65,71.88,1,83.12,1
716.74,phase3_gps_turn,716.65,71.88,1,83.12,1
716.81,phase3_gps_turn,716.81,71.88,1,83.12,1
716.88,phase3_gps_turn,716.81,71.88,1,83.12,1
716.94,phase4_search_pivot,716.92,0.0,1,45.0,1
717.01,phase4_search_pivot,716.92,0.0,1,45.0,1
717.07,phase3_gps_turn,717.04,71.88,1,83.12,1
717.14,phase3_gps_turn,717.04,71.88,1,83.12,1
717.21,phase3_gps_turn,717.19,71.88,1,83.12,1
717.27,phase3_gps_turn,717.19,71.88,1,83.12,1
717.34,phase4_search_pivot,717.3,0.0,1,45.0,1
717.41,phase4_search_pivot,717.3,0.0,1,45.0,1
717.48,phase3_gps_turn,717.43,83.12,1,71.88,1
717.54,phase4_search_pivot,717.54,0.0,1,45.0,1
717.61,phase4_search_pivot,717.54,0.0,1,45.0,1
717.68,phase3_gps_turn,717.66,83.12,1,71.88,1
717.75,phase3_gps_turn,717.66,83.12,1,71.88,1
717.81,phase3_gps_turn,717.81,83.12,1,71.88,1
717.88,phase3_gps_turn,717.81,83.12,1,71.88,1
717.95,phase4_search_pivot,717.92,0.0,1,45.0,1
718.02,phase4_search_pivot,717.92,0.0,1,45.0,1
718.09,phase3_gps_turn,718.05,83.12,1,71.88,1
718.16,phase3_gps_turn,718.05,83.12,1,71.88,1
718.23,phase3_gps_turn,718.2,83.12,1,71.88,1
718.3,phase3_gps_turn,718.2,83.12,1,71.88,1
718.36,phase4_search_pivot,718.31,0.0,1,45.0,1
718.43,phase4_search_pivot,718.31,0.0,1,45.0,1
718.5,phase3_gps_turn,718.43,71.88,1,83.12,1
718.57,phase4_search_pivot,718.55,0.0,1,45.0,1
718.64,phase4_search_pivot,718.55,0.0,1,45.0,1
718.7,phase3_gps_turn,718.67,71.88,1,83.12,1
718.77,phase3_gps_turn,718.67,71.88,1,83.12,1
718.84,phase3_gps_turn,718.82,71.88,1,83.12,1
718.9,phase3_gps_turn,718.82,71.88,1,83.12,1
718.97,phase4_search_pivot,718.93,0.0,1,45.0,1
719.04,phase4_search_pivot,718.93,0.0,1,45.0,1
719.11,phase3_gps_turn,719.05,71.88,1,83.12,1
719.18,phase4_search_pivot,719.16,0.0,1,45.0,1
719.24,phase4_search_pivot,719.16,0.0,1,45.0,1
719.31,phase3_gps_turn,719.29,71.88,1,83.12,1
719.38,phase3_gps_turn,719.29,71.88,1,83.12,1
719.44,phase3_gps_turn,719.44,83.12,1,71.88,1
719.51,phase3_gps_turn,719.44,83.12,1,71.88,1
719.58,phase4_search_pivot,719.55,0.0,1,45.0,1
719.65,phase4_search_pivot,719.55,0.0,1,45.0,1
719.71,phase3_gps_turn,719.67,83.12,1,71.88,1
719.78,phase3_gps_turn,719.67,83.12,1,71.88,1
719.85,phase3_gps_turn,719.82,83.12,1,71.88,1
719.92,phase3_gps_turn,719.82,83.12,1,71.88,1
719.98,phase4_search_pivot,719.93,0.0,1,45.0,1
720.05,phase4_search_pivot,719.93,0.0,1,45.0,1
720.12,phase3_gps_turn,720.05,83.12,1,71.88,1
720.18,phase4_search_pivot,720.16,0.0,1,45.0,1
720.25,phase4_search_pivot,720.16,0.0,1,45.0,1
720.32,phase3_gps_turn,720.29,83.12,1,71.88,1
720.39,phase3_gps_turn,720.29,83.12,1,71.88,1
720.46,phase3_gps_turn,720.44,83.12,1,71.88,1
720.53,phase3_gps_turn,720.44,83.12,1,71.88,1
720.59,phase4_search_pivot,720.55,0.0,1,45.0,1
720.66,phase4_search_pivot,720.55,0.0,1,45.0,1
720.73,phase3_gps_turn,720.67,83.12,1,71.88,1
720.8,phase4_search_pivot,720.78,0.0,1,45.0,1
720.86,phase4_search_pivot,720.78,0.0,1,45.0,1
720.93,phase3_gps_turn,720.9,83.12,1,71.88,1
720.99,phase3_gps_turn,720.9,83.12,1,71.88,1
721.06,phase3_gps_turn,721.05,83.12,1,71.88,1
721.13,phase3_gps_turn,721.05,83.12,1,71.88,1
721.2,phase4_search_pivot,721.16,0.0,1,45.0,1
721.26,phase4_search_pivot,721.16,0.0,1,45.0,1
721.33,phase3_gps_turn,721.29,83.12,1,71.88,1
721.4,phase4_search_pivot,721.4,0.0,1,45.0,1
721.47,phase4_search_pivot,721.4,0.0,1,45.0,1
721.54,phase3_gps_turn,721.52,71.88,1,83.12,1
721.61,phase3_gps_turn,721.52,71.88,1,83.12,1
721.67,phase3_gps_turn,721.52,71.88,1,83.12,1
721.74,phase3_gps_turn,721.67,71.88,1,83.12,1
721.81,phase4_search_pivot,721.78,0.0,1,45.0,1
721.87,phase4_search_pivot,721.78,0.0,1,45.0,1
721.94,phase3_gps_turn,721.9,71.88,1,83.12,1
722.01,phase3_gps_turn,721.9,71.88,1,83.12,1
722.07,phase3_gps_turn,722.06,71.88,1,83.12,1
722.14,phase3_gps_turn,722.06,71.88,1,83.12,1
722.21,phase4_search_pivot,722.17,0.0,1,45.0,1
722.28,phase4_search_pivot,722.17,0.0,1,45.0,1
722.34,phase3_gps_turn,722.29,71.88,1,83.12,1
722.41,phase4_search_pivot,722.4,0.0,1,45.0,1
722.48,phase4_search_pivot,722.4,0.0,1,45.0,1
722.55,phase3_gps_turn,722.53,71.88,1,83.12,1
722.62,phase3_gps_turn,722.53,71.88,1,83.12,1
722.69,phase3_gps_turn,722.68,71.88,1,83.12,1
722.76,phase3_gps_turn,722.68,71.88,1,83.12,1
722.82,phase4_search_pivot,722.79,0.0,1,45.0,1
722.89,phase4_search_pivot,722.79,0.0,1,45.0,1
722.95,phase3_gps_turn,722.91,71.88,1,83.12,1
723.02,phase4_search_pivot,723.02,0.0,1,45.0,1
723.09,phase4_search_pivot,723.02,0.0,1,45.0,1
723.16,phase3_gps_turn,723.14,71.88,1,83.12,1
723.23,phase3_gps_turn,723.14,71.88,1,83.12,1
723.3,phase3_gps_turn,723.29,71.88,1,83.12,1
723.37,phase3_gps_turn,723.29,71.88,1,83.12,1
723.44,phase4_search_pivot,723.4,0.0,1,45.0,1
723.5,phase4_search_pivot,723.4,0.0,1,45.0,1
723.57,phase3_gps_turn,723.53,71.88,1,83.12,1
723.64,phase3_gps_turn,723.53,71.88,1,83.12,1
723.71,phase3_gps_turn,723.68,71.88,1,83.12,1
723.78,phase3_gps_turn,723.68,71.88,1,83.12,1
723.84,phase4_search_pivot,723.79,0.0,1,45.0,1
723.91,phase4_search_pivot,723.79,0.0,1,45.0,1
723.97,phase3_gps_turn,723.91,71.88,1,83.12,1
724.04,phase4_search_pivot,724.02,0.0,1,45.0,1
724.11,phase4_search_pivot,724.02,0.0,1,45.0,1
724.17,phase3_gps_turn,724.14,71.88,1,83.12,1
724.24,phase3_gps_turn,724.14,71.88,1,83.12,1
724.31,phase3_gps_turn,724.3,71.88,1,83.12,1
724.38,phase3_gps_turn,724.3,71.88,1,83.12,1
724.45,phase4_search_pivot,724.41,0.0,1,45.0,1
724.51,phase4_search_pivot,724.41,0.0,1,45.0,1
724.58,phase3_gps_turn,724.53,71.88,1,83.12,1
724.66,phase4_search_pivot,724.64,0.0,1,45.0,1
724.72,phase4_search_pivot,724.64,0.0,1,45.0,1
724.79,phase3_gps_turn,724.76,71.88,1,83.12,1
724.86,phase3_gps_turn,724.76,71.88,1,83.12,1
724.92,phase3_gps_turn,724.92,71.88,1,83.12,1
724.99,phase3_gps_turn,724.92,71.88,1,83.12,1
725.06,phase4_search_pivot,725.03,0.0,1,45.0,1
725.12,phase4_search_pivot,725.03,0.0,1,45.0,1
725.19,phase3_gps_turn,725.15,71.88,1,83.12,1
725.26,phase3_gps_turn,725.15,71.88,1,83.12,1
725.32,phase3_gps_turn,725.3,71.88,1,83.12,1
725.39,phase3_gps_turn,725.3,71.88,1,83.12,1
725.46,phase4_search_pivot,725.41,0.0,1,45.0,1
725.53,phase4_search_pivot,725.41,0.0,1,45.0,1
725.6,phase3_gps_turn,725.53,71.88,1,83.12,1
725.67,phase4_search_pivot,725.64,0.0,1,45.0,1
725.73,phase4_search_pivot,725.64,0.0,1,45.0,1
725.8,phase3_gps_turn,725.77,71.88,1,83.12,1
725.87,phase3_gps_turn,725.77,71.88,1,83.12,1
725.93,phase3_gps_turn,725.92,71.88,1,83.12,1
726.0,phase3_gps_turn,725.92,71.88,1,83.12,1
726.06,phase4_search_pivot,726.03,0.0,1,45.0,1
726.13,phase4_search_pivot,726.03,0.0,1,45.0,1
726.2,phase3_gps_turn,726.15,71.88,1,83.12,1
726.27,phase4_search_pivot,726.26,0.0,1,45.0,1
726.34,phase4_search_pivot,726.26,0.0,1,45.0,1
726.41,phase3_gps_turn,726.38,71.88,1,83.12,1
726.47,phase3_gps_turn,726.38,71.88,1,83.12,1
726.54,phase3_gps_turn,726.53,71.88,1,83.12,1
726.61,phase3_gps_turn,726.53,71.88,1,83.12,1
726.68,phase4_search_pivot,726.64,0.0,1,45.0,1
726.75,phase4_search_pivot,726.64,0.0,1,45.0,1
726.81,phase3_gps_turn,726.76,71.88,1,83.12,1
726.88,phase4_search_pivot,726.88,0.0,1,45.0,1
726.95,phase4_search_pivot,726.88,0.0,1,45.0,1
727.01,phase3_gps_turn,727.0,71.88,1,83.12,1
727.08,phase3_gps_turn,727.0,71.88,1,83.12,1
727.14,phase3_gps_turn,727.0,71.88,1,83.12,1
727.21,phase3_gps_turn,727.15,71.88,1,83.12,1
727.28,phase4_search_pivot,727.26,0.0,1,45.0,1
727.35,phase4_search_pivot,727.26,0.0,1,45.0,1
727.42,phase3_gps_turn,727.38,71.88,1,83.12,1
727.49,phase3_gps_turn,727.38,71.88,1,83.12,1
727.56,phase3_gps_turn,727.53,71.88,1,83.12,1
727.62,phase3_gps_turn,727.53,71.88,1,83.12,1
727.7,phase4_search_pivot,727.64,0.0,1,45.0,1
727.77,phase4_search_pivot,727.64,0.0,1,45.0,1
727.83,phase3_gps_turn,727.77,71.88,1,83.12,1
727.9,phase4_search_pivot,727.88,0.0,1,45.0,1
727.97,phase4_search_pivot,727.88,0.0,1,45.0,1
728.04,phase3_gps_turn,728.0,71.88,1,83.12,1
728.11,phase3_gps_turn,728.0,71.88,1,83.12,1
728.17,phase3_gps_turn,728.15,71.88,1,83.12,1
728.24,phase3_gps_turn,728.15,71.88,1,83.12,1
728.31,phase4_search_pivot,728.27,0.0,1,45.0,1
728.37,phase4_search_pivot,728.27,0.0,1,45.0,1
728.44,phase3_gps_turn,728.39,71.88,1,83.12,1
728.51,phase4_search_pivot,728.5,0.0,1,45.0,1
728.58,phase4_search_pivot,728.5,0.0,1,45.0,1
728.64,phase3_gps_turn,728.62,71.88,1,83.12,1
728.72,phase3_gps_turn,728.62,71.88,1,83.12,1
728.79,phase3_gps_turn,728.77,71.88,1,83.12,1
728.86,phase3_gps_turn,728.77,71.88,1,83.12,1
728.92,phase4_search_pivot,728.88,0.0,1,45.0,1
728.99,phase4_search_pivot,728.88,0.0,1,45.0,1
729.06,phase3_gps_turn,729.0,71.88,1,83.12,1
729.13,phase4_search_pivot,729.12,0.0,1,45.0,1
729.2,phase4_search_pivot,729.12,0.0,1,45.0,1
729.27,phase3_gps_turn,729.24,71.88,1,83.12,1
729.33,phase3_gps_turn,729.24,71.88,1,83.12,1
729.4,phase3_gps_turn,729.39,83.12,1,71.88,1
729.47,phase3_gps_turn,729.39,83.12,1,71.88,1
729.53,phase4_search_pivot,729.5,0.0,1,45.0,1
729.6,phase4_search_pivot,729.5,0.0,1,45.0,1
729.67,phase3_gps_turn,729.62,83.12,1,71.88,1
729.74,phase3_gps_turn,729.62,83.12,1,71.88,1
729.81,phase3_gps_turn,729.78,83.12,1,71.88,1
729.88,phase3_gps_turn,729.78,83.12,1,71.88,1
729.95,phase4_search_pivot,729.89,0.0,1,45.0,1
730.02,phase3_gps_turn,730.01,83.12,1,71.88,1
730.09,phase3_gps_turn,730.01,83.12,1,71.88,1
730.16,phase4_search_pivot,730.12,0.0,1,45.0,1
730.23,phase4_search_pivot,730.12,0.0,1,45.0,1
730.29,phase3_gps_turn,730.24,83.12,1,71.88,1
730.36,phase3_gps_turn,730.24,83.12,1,71.88,1
730.43,phase3_gps_turn,730.39,83.12,1,71.88,1
730.5,phase3_gps_turn,730.39,83.12,1,71.88,1
730.56,phase4_search_pivot,730.5,0.0,1,45.0,1
730.63,phase3_gps_turn,730.63,83.12,1,71.88,1
730.7,phase3_gps_turn,730.63,83.12,1,71.88,1
730.76,phase3_gps_turn,730.63,83.12,1,71.88,1
730.83,phase3_gps_turn,730.78,83.12,1,71.88,1
730.9,phase4_search_pivot,730.89,0.0,1,45.0,1
730.97,phase4_search_pivot,730.89,0.0,1,45.0,1
731.04,phase3_gps_turn,731.01,83.12,1,71.88,1
731.1,phase3_gps_turn,731.01,83.12,1,71.88,1
731.17,phase4_search_pivot,731.12,0.0,1,45.0,1
731.25,phase4_search_pivot,731.12,0.0,1,45.0,1
731.31,phase3_gps_turn,731.25,83.12,1,71.88,1
731.38,phase3_gps_turn,731.25,83.12,1,71.88,1
731.45,phase3_gps_turn,731.4,83.12,1,71.88,1
731.51,phase4_search_pivot,731.51,0.0,1,45.0,1
731.58,phase4_search_pivot,731.51,0.0,1,45.0,1
731.64,phase3_gps_turn,731.63,83.12,1,71.88,1
731.71,phase3_gps_turn,731.63,83.12,1,71.88,1
731.78,phase4_search_pivot,731.74,0.0,1,45.0,1
731.85,phase4_search_pivot,731.74,0.0,1,45.0,1
731.91,phase3_gps_turn,731.86,83.12,1,71.88,1
731.98,phase3_gps_turn,731.86,83.12,1,71.88,1
732.05,phase3_gps_turn,732.01,83.12,1,71.88,1
732.12,phase3_gps_turn,732.01,83.12,1,71.88,1
732.19,phase4_search_pivot,732.13,0.0,1,45.0,1
732.26,phase3_gps_turn,732.25,83.12,1,71.88,1
732.33,phase3_gps_turn,732.25,83.12,1,71.88,1
732.39,phase4_search_pivot,732.36,0.0,1,45.0,1
732.46,phase4_search_pivot,732.36,0.0,1,45.0,1
732.53,phase3_gps_turn,732.48,71.88,1,83.12,1
732.6,phase3_gps_turn,732.48,71.88,1,83.12,1
732.67,phase3_gps_turn,732.63,71.88,1,83.12,1
732.74,phase3_gps_turn,732.63,71.88,1,83.12,1
732.8,phase4_search_pivot,732.74,0.0,1,45.0,1
732.87,phase3_gps_turn,732.87,71.88,1,83.12,1
732.93,phase3_gps_turn,732.87,71.88,1,83.12,1
733.0,phase3_gps_turn,732.87,71.88,1,83.12,1
733.07,phase3_gps_turn,733.02,71.88,1,83.12,1
733.13,phase4_search_pivot,733.13,0.0,1,45.0,1
733.2,phase4_search_pivot,733.13,0.0,1,45.0,1
733.27,phase3_gps_turn,733.25,71.88,1,83.12,1
733.34,phase3_gps_turn,733.25,71.88,1,83.12,1
733.4,phase4_search_pivot,733.36,0.0,1,45.0,1
733.47,phase4_search_pivot,733.36,0.0,1,45.0,1
733.54,phase3_gps_turn,733.48,83.12,1,71.88,1
733.61,phase3_gps_turn,733.48,83.12,1,71.88,1
733.68,phase3_gps_turn,733.63,83.12,1,71.88,1
733.74,phase3_gps_turn,733.63,83.12,1,71.88,1
733.81,phase4_search_pivot,733.74,0.0,1,45.0,1
733.87,phase3_gps_turn,733.86,83.12,1,71.88,1
733.94,phase3_gps_turn,733.86,83.12,1,71.88,1
734.01,phase4_search_pivot,733.98,0.0,1,45.0,1
734.07,phase4_search_pivot,733.98,0.0,1,45.0,1
734.14,phase3_gps_turn,734.1,83.12,1,71.88,1
734.21,phase3_gps_turn,734.1,83.12,1,71.88,1
734.28,phase3_gps_turn,734.25,83.12,1,71.88,1
734.35,phase3_gps_turn,734.25,83.12,1,71.88,1
734.42,phase4_search_pivot,734.36,0.0,1,45.0,1
734.48,phase3_gps_turn,734.48,83.12,1,71.88,1
734.55,phase3_gps_turn,734.48,83.12,1,71.88,1
734.62,phase3_gps_turn,734.48,83.12,1,71.88,1
734.69,phase3_gps_turn,734.63,83.12,1,71.88,1
734.75,phase4_search_pivot,734.74,0.0,1,45.0,1
734.82,phase4_search_pivot,734.74,0.0,1,45.0,1
734.88,phase3_gps_turn,734.86,83.12,1,71.88,1
734.95,phase3_gps_turn,734.86,83.12,1,71.88,1
735.02,phase4_search_pivot,734.98,0.0,1,45.0,1
735.08,phase4_search_pivot,734.98,0.0,1,45.0,1
735.15,phase3_gps_turn,735.1,83.12,1,71.88,1
735.22,phase3_gps_turn,735.1,83.12,1,71.88,1
735.29,phase3_gps_turn,735.25,83.12,1,71.88,1
735.35,phase3_gps_turn,735.25,83.12,1,71.88,1
735.42,phase4_search_pivot,735.36,0.0,1,45.0,1
735.49,phase3_gps_turn,735.48,83.12,1,71.88,1
735.56,phase3_gps_turn,735.48,83.12,1,71.88,1
735.63,phase4_search_pivot,735.59,0.0,1,45.0,1
735.69,phase4_search_pivot,735.59,0.0,1,45.0,1
735.76,phase3_gps_turn,735.71,83.12,1,71.88,1
735.83,phase3_gps_turn,735.71,83.12,1,71.88,1
735.89,phase3_gps_turn,735.87,83.12,1,71.88,1
735.96,phase3_gps_turn,735.87,83.12,1,71.88,1
736.03,phase4_search_pivot,735.98,0.0,1,45.0,1
736.09,phase4_search_pivot,735.98,0.0,1,45.0,1
736.16,phase3_gps_turn,736.1,83.12,1,71.88,1
736.23,phase3_gps_turn,736.1,83.12,1,71.88,1
736.3,phase3_gps_turn,736.25,83.12,1,71.88,1
736.37,phase4_search_pivot,736.36,0.0,1,45.0,1
736.43,phase4_search_pivot,736.36,0.0,1,45.0,1
736.5,phase3_gps_turn,736.49,71.88,1,83.12,1
736.57,phase3_gps_turn,736.49,71.88,1,83.12,1
736.64,phase4_search_pivot,736.6,0.0,1,45.0,1
736.71,phase4_search_pivot,736.6,0.0,1,45.0,1
736.78,phase3_gps_turn,736.72,71.88,1,83.12,1
736.85,phase3_gps_turn,736.72,71.88,1,83.12,1
736.92,phase3_gps_turn,736.87,71.88,1,83.12,1
736.99,phase4_search_pivot,736.98,0.0,1,45.0,1
737.06,phase4_search_pivot,736.98,0.0,1,45.0,1
737.13,phase3_gps_turn,737.11,71.88,1,83.12,1
737.19,phase3_gps_turn,737.11,71.88,1,83.12,1
737.26,phase4_search_pivot,737.22,0.0,1,45.0,1
737.33,phase4_search_pivot,737.22,0.0,1,45.0,1
737.4,phase3_gps_turn,737.34,71.88,1,83.12,1
737.47,phase3_gps_turn,737.34,71.88,1,83.12,1
737.53,phase3_gps_turn,737.49,83.12,1,71.88,1
737.6,phase3_gps_turn,737.49,83.12,1,71.88,1
737.67,phase4_search_pivot,737.6,0.0,1,45.0,1
737.73,phase3_gps_turn,737.73,83.12,1,71.88,1
737.8,phase3_gps_turn,737.73,83.12,1,71.88,1
737.87,phase3_gps_turn,737.73,83.12,1,71.88,1
737.94,phase3_gps_turn,737.88,83.12,1,71.88,1
738.01,phase4_search_pivot,737.99,0.0,1,45.0,1
738.08,phase4_search_pivot,737.99,0.0,1,45.0,1
738.15,phase3_gps_turn,738.11,83.12,1,71.88,1
738.21,phase3_gps_turn,738.11,83.12,1,71.88,1
738.28,phase4_search_pivot,738.22,0.0,1,45.0,1
738.35,phase3_gps_turn,738.34,83.12,1,71.88,1
738.41,phase3_gps_turn,738.34,83.12,1,71.88,1
738.48,phase3_gps_turn,738.34,83.12,1,71.88,1
738.55,phase3_gps_turn,738.49,83.12,1,71.88,1
738.61,phase4_camera_pivot_align,738.61,0.0,1,100.0,1
738.68,phase4_camera_pivot_align,738.61,0.0,1,100.0,1
738.75,phase3_gps_turn,738.73,83.12,1,71.88,1
738.81,phase3_gps_turn,738.73,83.12,1,71.88,1
738.88,phase4_camera_pivot_align,738.84,0.0,1,100.0,1
738.94,phase4_camera_pivot_align,738.84,0.0,1,100.0,1
739.01,phase3_gps_turn,738.96,83.12,1,71.88,1
739.08,phase3_gps_turn,738.96,83.12,1,71.88,1
739.15,phase3_gps_turn,739.11,83.12,1,71.88,1
739.22,phase3_gps_turn,739.11,83.12,1,71.88,1
739.29,phase4_camera_pivot_align,739.22,0.0,1,100.0,1
739.36,phase3_gps_turn,739.35,83.12,1,71.88,1
739.43,phase3_gps_turn,739.35,83.12,1,71.88,1
739.49,phase3_gps_turn,739.35,83.12,1,71.88,1
739.56,phase3_gps_turn,739.5,83.12,1,71.88,1
739.63,phase4_search_pivot,739.61,0.0,1,45.0,1
739.69,phase4_search_pivot,739.61,0.0,1,45.0,1
739.76,phase3_gps_turn,739.73,83.12,1,71.88,1
739.83,phase3_gps_turn,739.73,83.12,1,71.88,1
739.89,phase4_search_pivot,739.84,0.0,1,45.0,1
739.96,phase3_gps_turn,739.96,83.12,1,71.88,1
740.03,phase3_gps_turn,739.96,83.12,1,71.88,1
740.1,phase3_gps_turn,739.96,83.12,1,71.88,1
740.17,phase3_gps_turn,740.11,83.12,1,71.88,1
740.23,phase4_search_pivot,740.23,0.0,1,45.0,1
740.31,phase4_search_pivot,740.23,0.0,1,45.0,1
740.38,phase3_gps_turn,740.35,83.12,1,71.88,1
740.45,phase3_gps_turn,740.35,83.12,1,71.88,1
740.51,phase4_search_pivot,740.46,0.0,1,45.0,1
740.58,phase4_search_pivot,740.46,0.0,1,45.0,1
740.65,phase3_gps_turn,740.58,83.12,1,71.88,1
740.71,phase3_gps_turn,740.58,83.12,1,71.88,1
740.78,phase3_gps_turn,740.74,83.12,1,71.88,1
740.84,phase3_gps_turn,740.74,83.12,1,71.88,1
740.91,phase4_search_pivot,740.85,0.0,1,45.0,1
740.98,phase3_gps_turn,740.97,83.12,1,71.88,1
741.04,phase3_gps_turn,740.97,83.12,1,71.88,1
741.11,phase3_gps_turn,740.97,83.12,1,71.88,1
741.18,phase3_gps_turn,741.12,83.12,1,71.88,1
741.24,phase4_search_pivot,741.23,0.0,1,45.0,1
741.31,phase4_search_pivot,741.23,0.0,1,45.0,1
741.37,phase3_gps_turn,741.35,83.12,1,71.88,1
741.44,phase3_gps_turn,741.35,83.12,1,71.88,1
741.51,phase4_search_pivot,741.46,0.0,1,45.0,1
741.58,phase4_search_pivot,741.46,0.0,1,45.0,1
741.65,phase3_gps_turn,741.59,83.12,1,71.88,1
741.71,phase3_gps_turn,741.59,83.12,1,71.88,1
741.78,phase3_gps_turn,741.74,83.12,1,71.88,1
741.85,phase4_search_pivot,741.85,0.0,1,45.0,1
741.92,phase4_search_pivot,741.85,0.0,1,45.0,1
741.99,phase3_gps_turn,741.97,83.12,1,71.88,1
742.06,phase3_gps_turn,741.97,83.12,1,71.88,1
742.12,phase4_search_pivot,742.08,0.0,1,45.0,1
742.19,phase4_search_pivot,742.08,0.0,1,45.0,1
742.25,phase3_gps_turn,742.21,83.12,1,71.88,1
742.32,phase3_gps_turn,742.21,83.12,1,71.88,1
742.39,phase3_gps_turn,742.36,83.12,1,71.88,1
742.46,phase3_gps_turn,742.36,83.12,1,71.88,1
742.53,phase4_search_pivot,742.47,0.0,1,45.0,1
742.6,phase3_gps_turn,742.59,83.12,1,71.88,1
742.67,phase3_gps_turn,742.59,83.12,1,71.88,1
742.73,phase3_gps_turn,742.59,83.12,1,71.88,1
742.8,phase3_gps_turn,742.74,83.12,1,71.88,1
742.87,phase4_search_pivot,742.85,0.0,1,45.0,1
742.94,phase4_search_pivot,742.85,0.0,1,45.0,1
743.0,phase3_gps_turn,742.97,83.12,1,71.88,1
743.07,phase3_gps_turn,742.97,83.12,1,71.88,1
743.13,phase4_search_pivot,743.08,0.0,1,45.0,1
743.2,phase4_search_pivot,743.08,0.0,1,45.0,1
743.27,phase3_gps_turn,743.21,83.12,1,71.88,1
743.34,phase3_gps_turn,743.21,83.12,1,71.88,1
743.4,phase3_gps_turn,743.36,83.12,1,71.88,1
743.48,phase4_search_pivot,743.47,0.0,1,45.0,1
743.55,phase4_search_pivot,743.47,0.0,1,45.0,1
743.61,phase3_gps_turn,743.59,83.12,1,71.88,1
743.68,phase3_gps_turn,743.59,83.12,1,71.88,1
743.75,phase4_search_pivot,743.7,0.0,1,45.0,1
743.82,phase4_search_pivot,743.7,0.0,1,45.0,1
743.89,phase3_gps_turn,743.83,83.12,1,71.88,1
743.96,phase3_gps_turn,743.83,83.12,1,71.88,1
744.02,phase3_gps_turn,743.98,83.12,1,71.88,1
744.09,phase4_search_pivot,744.09,0.0,1,45.0,1
744.16,phase4_search_pivot,744.09,0.0,1,45.0,1
744.22,phase3_gps_turn,744.21,83.12,1,71.88,1
744.29,phase3_gps_turn,744.21,83.12,1,71.88,1
744.36,phase3_gps_turn,744.21,83.12,1,71.88,1
744.43,phase3_gps_turn,744.36,83.12,1,71.88,1
744.5,phase4_search_pivot,744.47,0.0,1,45.0,1
744.57,phase4_search_pivot,744.47,0.0,1,45.0,1
744.64,phase3_gps_turn,744.59,83.12,1,71.88,1
744.71,phase4_search_pivot,744.71,0.0,1,45.0,1
744.78,phase4_search_pivot,744.71,0.0,1,45.0,1
744.85,phase3_gps_turn,744.83,83.12,1,71.88,1
744.92,phase3_gps_turn,744.83,83.12,1,71.88,1
744.99,phase3_gps_turn,744.98,83.12,1,71.88,1
745.05,phase3_gps_turn,744.98,83.12,1,71.88,1
745.12,phase4_search_pivot,745.1,0.0,1,45.0,1
745.19,phase4_search_pivot,745.1,0.0,1,45.0,1
745.26,phase3_gps_turn,745.22,83.12,1,71.88,1
745.32,phase3_gps_turn,745.22,83.12,1,71.88,1
745.39,phase3_gps_turn,745.37,83.12,1,71.88,1
745.45,phase3_gps_turn,745.37,83.12,1,71.88,1
745.52,phase4_search_pivot,745.48,0.0,1,45.0,1
745.59,phase4_search_pivot,745.48,0.0,1,45.0,1
745.65,phase3_gps_turn,745.6,83.12,1,71.88,1
745.72,phase4_search_pivot,745.71,0.0,1,45.0,1
745.79,phase4_search_pivot,745.71,0.0,1,45.0,1
745.85,phase3_gps_turn,745.83,83.12,1,71.88,1
745.92,phase3_gps_turn,745.83,83.12,1,71.88,1
745.99,phase3_gps_turn,745.98,83.12,1,71.88,1
746.06,phase3_gps_turn,745.98,83.12,1,71.88,1
746.12,phase4_search_pivot,746.1,0.0,1,45.0,1
746.19,phase4_search_pivot,746.1,0.0,1,45.0,1
746.26,phase3_gps_turn,746.22,83.12,1,71.88,1
746.33,phase4_search_pivot,746.33,0.0,1,45.0,1
746.4,phase4_search_pivot,746.33,0.0,1,45.0,1
746.46,phase3_gps_turn,746.45,83.12,1,71.88,1
746.53,phase3_gps_turn,746.45,83.12,1,71.88,1
746.6,phase3_gps_turn,746.45,83.12,1,71.88,1
746.66,phase3_gps_turn,746.6,83.12,1,71.88,1
746.73,phase4_search_pivot,746.71,0.0,1,45.0,1
746.79,phase4_search_pivot,746.71,0.0,1,45.0,1
746.86,phase3_gps_turn,746.83,83.12,1,71.88,1
746.93,phase3_gps_turn,746.83,83.12,1,71.88,1
746.99,phase3_gps_turn,746.99,83.12,1,71.88,1
747.06,phase3_gps_turn,746.99,83.12,1,71.88,1
747.13,phase4_search_pivot,747.1,0.0,1,45.0,1
747.2,phase4_search_pivot,747.1,0.0,1,45.0,1
747.27,phase3_gps_turn,747.22,83.12,1,71.88,1
747.34,phase4_search_pivot,747.33,0.0,1,45.0,1
747.41,phase4_search_pivot,747.33,0.0,1,45.0,1
747.47,phase3_gps_turn,747.45,83.12,1,71.88,1
747.54,phase3_gps_turn,747.45,83.12,1,71.88,1
747.61,phase3_gps_turn,747.6,83.12,1,71.88,1
747.67,phase3_gps_turn,747.6,83.12,1,71.88,1
747.74,phase4_search_pivot,747.71,0.0,1,45.0,1
747.8,phase4_search_pivot,747.71,0.0,1,45.0,1
747.87,phase3_gps_turn,747.83,83.12,1,71.88,1
747.94,phase3_gps_turn,747.83,83.12,1,71.88,1
748.0,phase4_search_pivot,747.94,0.0,1,45.0,1
748.07,phase3_gps_turn,748.07,83.12,1,71.88,1
748.14,phase3_gps_turn,748.07,83.12,1,71.88,1
748.21,phase3_gps_turn,748.07,83.12,1,71.88,1
748.27,phase3_gps_turn,748.22,83.12,1,71.88,1
748.34,phase4_search_pivot,748.33,0.0,1,45.0,1
748.41,phase4_search_pivot,748.33,0.0,1,45.0,1
748.48,phase3_gps_turn,748.45,83.12,1,71.88,1
748.55,phase3_gps_turn,748.45,83.12,1,71.88,1
748.62,phase3_gps_turn,748.61,83.12,1,71.88,1
748.68,phase3_gps_turn,748.61,83.12,1,71.88,1
748.75,phase4_search_pivot,748.72,0.0,1,45.0,1
748.82,phase4_search_pivot,748.72,0.0,1,45.0,1
748.89,phase3_gps_turn,748.84,83.12,1,71.88,1
748.96,phase4_search_pivot,748.95,0.0,1,45.0,1
749.03,phase4_search_pivot,748.95,0.0,1,45.0,1
749.1,phase3_gps_turn,749.07,83.12,1,71.88,1
749.17,phase3_gps_turn,749.07,83.12,1,71.88,1
749.24,phase3_gps_turn,749.22,83.12,1,71.88,1
749.31,phase3_gps_turn,749.22,83.12,1,71.88,1
749.38,phase4_search_pivot,749.34,0.0,1,45.0,1
749.44,phase4_search_pivot,749.34,0.0,1,45.0,1
749.51,phase3_gps_turn,749.46,83.12,1,71.88,1
749.58,phase4_camera_pivot_align,749.57,0.0,1,100.0,1
749.64,phase4_camera_pivot_align,749.57,0.0,1,100.0,1
749.71,phase3_gps_turn,749.69,83.12,1,71.88,1
749.78,phase3_gps_turn,749.69,83.12,1,71.88,1
749.85,phase3_gps_turn,749.84,83.12,1,71.88,1
749.91,phase3_gps_turn,749.84,83.12,1,71.88,1
749.98,phase4_camera_pivot_align,749.95,0.0,1,100.0,1
750.05,phase4_camera_pivot_align,749.95,0.0,1,100.0,1
750.12,phase3_gps_turn,750.07,83.12,1,71.88,1
750.19,phase3_gps_turn,750.07,83.12,1,71.88,1
750.25,phase3_gps_turn,750.23,83.12,1,71.88,1
750.32,phase3_gps_turn,750.23,83.12,1,71.88,1
750.39,phase4_search_pivot,750.34,0.0,1,45.0,1
750.46,phase4_search_pivot,750.34,0.0,1,45.0,1
750.53,phase3_gps_turn,750.46,83.12,1,71.88,1
750.59,phase4_search_pivot,750.57,0.0,1,45.0,1
750.66,phase4_search_pivot,750.57,0.0,1,45.0,1
750.73,phase3_gps_turn,750.69,83.12,1,71.88,1
750.8,phase3_gps_turn,750.69,83.12,1,71.88,1
750.87,phase3_gps_turn,750.84,83.12,1,71.88,1
750.94,phase3_gps_turn,750.84,83.12,1,71.88,1
751.0,phase4_search_pivot,750.95,0.0,1,45.0,1
751.07,phase4_search_pivot,750.95,0.0,1,45.0,1
751.14,phase3_gps_turn,751.08,83.12,1,71.88,1
751.2,phase4_search_pivot,751.19,0.0,1,45.0,1
751.27,phase4_search_pivot,751.19,0.0,1,45.0,1
751.34,phase3_gps_turn,751.31,83.12,1,71.88,1
751.41,phase3_gps_turn,751.31,83.12,1,71.88,1
751.48,phase3_gps_turn,751.46,83.12,1,71.88,1
751.55,phase3_gps_turn,751.46,83.12,1,71.88,1
751.63,phase4_search_pivot,751.58,0.0,1,45.0,1
751.7,phase4_search_pivot,751.58,0.0,1,45.0,1
751.76,phase3_gps_turn,751.7,83.12,1,71.88,1
751.83,phase3_gps_turn,751.7,83.12,1,71.88,1
751.9,phase3_gps_turn,751.85,83.12,1,71.88,1
751.96,phase4_search_pivot,751.96,0.0,1,45.0,1
752.03,phase4_search_pivot,751.96,0.0,1,45.0,1
752.1,phase3_gps_turn,752.08,83.12,1,71.88,1
752.16,phase3_gps_turn,752.08,83.12,1,71.88,1
752.23,phase4_search_pivot,752.19,0.0,1,45.0,1
752.29,phase4_search_pivot,752.19,0.0,1,45.0,1
752.36,phase3_gps_turn,752.32,83.12,1,71.88,1
752.43,phase3_gps_turn,752.32,83.12,1,71.88,1
752.5,phase3_gps_turn,752.47,83.12,1,71.88,1
752.57,phase3_gps_turn,752.47,83.12,1,71.88,1
752.64,phase4_search_pivot,752.58,0.0,1,45.0,1
752.71,phase3_gps_turn,752.7,83.12,1,71.88,1
752.78,phase3_gps_turn,752.7,83.12,1,71.88,1
752.84,phase4_search_pivot,752.81,0.0,1,45.0,1
752.91,phase4_search_pivot,752.81,0.0,1,45.0,1
752.98,phase3_gps_turn,752.93,83.12,1,71.88,1
753.05,phase3_gps_turn,752.93,83.12,1,71.88,1
753.12,phase3_gps_turn,753.09,83.12,1,71.88,1
753.18,phase3_gps_turn,753.09,83.12,1,71.88,1
753.25,phase4_search_pivot,753.2,0.0,1,45.0,1
753.31,phase4_search_pivot,753.2,0.0,1,45.0,1
753.38,phase3_gps_turn,753.32,83.12,1,71.88,1
753.45,phase3_gps_turn,753.32,83.12,1,71.88,1
753.51,phase3_gps_turn,753.47,83.12,1,71.88,1
753.58,phase3_gps_turn,753.47,83.12,1,71.88,1
753.65,phase4_search_pivot,753.58,0.0,1,45.0,1
753.71,phase3_gps_turn,753.7,83.12,1,71.88,1
753.79,phase3_gps_turn,753.7,83.12,1,71.88,1
753.85,phase4_search_pivot,753.82,0.0,1,45.0,1
753.92,phase4_search_pivot,753.82,0.0,1,45.0,1
753.99,phase3_gps_turn,753.94,83.12,1,71.88,1
754.06,phase3_gps_turn,753.94,83.12,1,71.88,1
754.13,phase3_gps_turn,754.09,83.12,1,71.88,1
754.2,phase3_gps_turn,754.09,83.12,1,71.88,1
754.27,phase4_search_pivot,754.2,0.0,1,45.0,1
754.34,phase3_gps_turn,754.32,83.12,1,71.88,1
754.41,phase3_gps_turn,754.32,83.12,1,71.88,1
754.47,phase4_search_pivot,754.43,0.0,1,45.0,1
754.54,phase4_search_pivot,754.43,0.0,1,45.0,1
754.61,phase3_gps_turn,754.56,83.12,1,71.88,1
754.68,phase3_gps_turn,754.56,83.12,1,71.88,1
754.75,phase3_gps_turn,754.71,83.12,1,71.88,1
754.82,phase3_gps_turn,754.71,83.12,1,71.88,1
754.88,phase4_search_pivot,754.82,0.0,1,45.0,1
754.95,phase3_gps_turn,754.94,83.12,1,71.88,1
755.02,phase3_gps_turn,754.94,83.12,1,71.88,1
755.09,phase3_gps_turn,754.94,83.12,1,71.88,1
755.15,phase3_gps_turn,755.09,83.12,1,71.88,1
755.22,phase4_search_pivot,755.21,0.0,1,45.0,1
755.29,phase4_search_pivot,755.21,0.0,1,45.0,1
755.35,phase3_gps_turn,755.33,83.12,1,71.88,1
755.42,phase3_gps_turn,755.33,83.12,1,71.88,1
755.49,phase4_search_pivot,755.44,0.0,1,45.0,1
755.55,phase4_search_pivot,755.44,0.0,1,45.0,1
755.62,phase3_gps_turn,755.56,83.12,1,71.88,1
755.69,phase3_gps_turn,755.56,83.12,1,71.88,1
755.76,phase3_gps_turn,755.71,83.12,1,71.88,1
755.82,phase4_search_pivot,755.82,0.0,1,45.0,1
755.89,phase4_search_pivot,755.82,0.0,1,45.0,1
755.97,phase3_gps_turn,755.94,83.12,1,71.88,1
756.04,phase3_gps_turn,755.94,83.12,1,71.88,1
756.11,phase4_search_pivot,756.05,0.0,1,45.0,1
756.18,phase3_gps_turn,756.18,83.12,1,71.88,1
756.25,phase3_gps_turn,756.18,83.12,1,71.88,1
756.32,phase3_gps_turn,756.18,83.12,1,71.88,1
756.38,phase3_gps_turn,756.33,83.12,1,71.88,1
756.45,phase4_search_pivot,756.44,0.0,1,45.0,1
756.52,phase4_search_pivot,756.44,0.0,1,45.0,1
756.59,phase4_search_pivot,756.44,0.0,1,45.0,1
756.65,phase4_search_pivot,756.44,0.0,1,45.0,1
756.72,phase3_gps_forward,756.67,100.0,1,100.0,1
756.78,phase4_search_pivot,756.78,0.0,1,45.0,1
756.85,phase4_search_pivot,756.78,0.0,1,45.0,1
756.92,phase4_search_pivot,756.86,0.0,1,45.0,1
756.99,phase4_search_pivot,756.86,0.0,1,45.0,1
757.05,phase4_search_pivot,756.86,0.0,1,45.0,1
757.12,phase3_gps_forward,757.08,100.0,1,100.0,1
757.19,phase3_gps_forward,757.08,100.0,1,100.0,1
757.26,phase4_search_pivot,757.19,0.0,1,45.0,1
757.33,phase4_search_pivot,757.28,0.0,1,45.0,1
757.4,phase3_gps_turn,757.4,83.12,1,71.88,1
757.47,phase3_gps_turn,757.4,83.12,1,71.88,1
757.54,phase3_gps_turn,757.4,83.12,1,71.88,1
757.61,phase3_gps_turn,757.55,83.12,1,71.88,1
757.68,phase4_search_pivot,757.66,0.0,1,45.0,1
757.74,phase4_search_pivot,757.66,0.0,1,45.0,1
757.81,phase3_gps_turn,757.78,83.12,1,71.88,1
757.88,phase3_gps_turn,757.78,83.12,1,71.88,1
757.95,phase3_gps_turn,757.94,83.12,1,71.88,1
758.02,phase3_gps_turn,757.94,83.12,1,71.88,1
758.08,phase4_search_pivot,758.05,0.0,1,45.0,1
758.15,phase4_search_pivot,758.05,0.0,1,45.0,1
758.22,phase3_gps_turn,758.17,83.12,1,71.88,1
758.29,phase4_search_pivot,758.28,0.0,1,45.0,1
758.36,phase4_search_pivot,758.28,0.0,1,45.0,1
758.43,phase3_gps_turn,758.4,83.12,1,71.88,1
758.49,phase3_gps_turn,758.4,83.12,1,71.88,1
758.56,phase3_gps_turn,758.55,83.12,1,71.88,1
758.63,phase3_gps_turn,758.55,83.12,1,71.88,1
758.7,phase4_search_pivot,758.66,0.0,1,45.0,1
758.76,phase4_search_pivot,758.66,0.0,1,45.0,1
758.83,phase3_gps_turn,758.79,83.12,1,71.88,1
758.9,phase3_gps_turn,758.79,83.12,1,71.88,1
758.97,phase4_search_pivot,758.9,0.0,1,45.0,1
759.03,phase3_gps_turn,759.02,83.12,1,71.88,1
759.1,phase3_gps_turn,759.02,83.12,1,71.88,1
759.17,phase3_gps_turn,759.02,83.12,1,71.88,1
759.23,phase3_gps_turn,759.17,83.12,1,71.88,1
759.3,phase4_search_pivot,759.28,0.0,1,45.0,1
759.36,phase4_search_pivot,759.28,0.0,1,45.0,1
759.43,phase3_gps_turn,759.4,83.12,1,71.88,1
759.5,phase3_gps_turn,759.4,83.12,1,71.88,1
759.56,phase3_gps_turn,759.56,83.12,1,71.88,1
759.63,phase3_gps_turn,759.56,83.12,1,71.88,1
759.7,phase4_search_pivot,759.67,0.0,1,45.0,1
759.76,phase4_search_pivot,759.67,0.0,1,45.0,1
759.83,phase3_gps_turn,759.79,83.12,1,71.88,1
759.9,phase3_gps_turn,759.79,83.12,1,71.88,1
759.97,phase4_search_pivot,759.9,0.0,1,45.0,1
760.04,phase3_gps_turn,760.03,83.12,1,71.88,1
760.11,phase3_gps_turn,760.03,83.12,1,71.88,1
760.18,phase3_gps_turn,760.03,83.12,1,71.88,1
760.25,phase3_gps_turn,760.18,83.12,1,71.88,1
760.31,phase4_search_pivot,760.29,0.0,1,45.0,1
760.38,phase4_search_pivot,760.29,0.0,1,45.0,1
760.45,phase3_gps_turn,760.41,83.12,1,71.88,1
760.51,phase3_gps_turn,760.41,83.12,1,71.88,1
760.58,phase4_search_pivot,760.52,0.0,1,45.0,1
760.65,phase3_gps_turn,760.64,83.12,1,71.88,1
760.71,phase3_gps_turn,760.64,83.12,1,71.88,1
760.78,phase3_gps_turn,760.64,83.12,1,71.88,1
760.85,phase3_gps_turn,760.79,83.12,1,71.88,1
760.91,phase4_search_pivot,760.91,0.0,1,45.0,1
760.98,phase4_search_pivot,760.91,0.0,1,45.0,1
761.05,phase3_gps_turn,761.03,83.12,1,71.88,1
761.12,phase3_gps_turn,761.03,83.12,1,71.88,1
761.19,phase3_gps_turn,761.18,83.12,1,71.88,1
761.25,phase3_gps_turn,761.18,83.12,1,71.88,1
761.32,phase4_search_pivot,761.29,0.0,1,45.0,1
761.39,phase4_search_pivot,761.29,0.0,1,45.0,1
761.46,phase3_gps_turn,761.41,83.12,1,71.88,1
761.52,phase3_gps_turn,761.41,83.12,1,71.88,1
761.59,phase4_search_pivot,761.53,0.0,1,45.0,1
761.66,phase3_gps_turn,761.65,83.12,1,71.88,1
761.72,phase3_gps_turn,761.65,83.12,1,71.88,1
761.79,phase3_gps_turn,761.65,83.12,1,71.88,1
761.86,phase3_gps_turn,761.8,83.12,1,71.88,1
761.93,phase4_search_pivot,761.91,0.0,1,45.0,1
762.0,phase4_search_pivot,761.91,0.0,1,45.0,1
762.06,phase3_gps_turn,762.03,83.12,1,71.88,1
762.13,phase3_gps_turn,762.03,83.12,1,71.88,1
762.2,phase4_search_pivot,762.14,0.0,1,45.0,1
762.27,phase4_search_pivot,762.14,0.0,1,45.0,1
762.34,phase3_gps_turn,762.27,83.12,1,71.88,1
762.4,phase3_gps_turn,762.27,83.12,1,71.88,1
762.47,phase3_gps_turn,762.42,71.88,1,83.12,1
762.54,phase4_search_pivot,762.53,0.0,1,45.0,1
762.6,phase4_search_pivot,762.53,0.0,1,45.0,1
762.67,phase3_gps_turn,762.65,71.88,1,83.12,1
762.73,phase3_gps_turn,762.65,71.88,1,83.12,1
762.8,phase3_gps_turn,762.65,71.88,1,83.12,1
762.87,phase3_gps_turn,762.8,71.88,1,83.12,1
762.94,phase4_search_pivot,762.91,0.0,1,45.0,1
763.01,phase4_search_pivot,762.91,0.0,1,45.0,1
763.07,phase3_gps_turn,763.04,71.88,1,83.12,1
763.14,phase3_gps_turn,763.04,71.88,1,83.12,1
763.21,phase4_search_pivot,763.15,0.0,1,45.0,1
763.28,phase3_gps_turn,763.27,71.88,1,83.12,1
763.35,phase3_gps_turn,763.27,71.88,1,83.12,1
763.41,phase3_gps_turn,763.27,71.88,1,83.12,1
763.48,phase3_gps_turn,763.42,71.88,1,83.12,1
763.55,phase4_search_pivot,763.53,0.0,1,45.0,1
763.61,phase4_search_pivot,763.53,0.0,1,45.0,1
763.68,phase3_gps_turn,763.65,71.88,1,83.12,1
763.75,phase3_gps_turn,763.65,71.88,1,83.12,1
763.82,phase4_search_pivot,763.77,0.0,1,45.0,1
763.88,phase4_search_pivot,763.77,0.0,1,45.0,1
763.95,phase3_gps_turn,763.89,71.88,1,83.12,1
764.02,phase3_gps_turn,763.89,71.88,1,83.12,1
764.09,phase3_gps_turn,764.04,71.88,1,83.12,1
764.16,phase4_search_pivot,764.15,0.0,1,45.0,1
764.23,phase4_search_pivot,764.15,0.0,1,45.0,1
764.3,phase3_gps_turn,764.27,71.88,1,83.12,1
764.36,phase3_gps_turn,764.27,71.88,1,83.12,1
764.43,phase4_search_pivot,764.38,0.0,1,45.0,1
764.5,phase4_search_pivot,764.38,0.0,1,45.0,1
764.56,phase3_gps_turn,764.51,71.88,1,83.12,1
764.63,phase3_gps_turn,764.51,71.88,1,83.12,1
764.7,phase3_gps_turn,764.66,71.88,1,83.12,1
764.77,phase3_gps_turn,764.66,71.88,1,83.12,1
764.83,phase4_camera_pivot_align,764.77,0.0,1,100.0,1
764.91,phase3_gps_turn,764.89,71.88,1,83.12,1
764.98,phase3_gps_turn,764.89,71.88,1,83.12,1
765.04,phase3_gps_turn,765.04,71.88,1,83.12,1
765.11,phase3_gps_turn,765.04,71.88,1,83.12,1
765.18,phase4_camera_pivot_align,765.15,0.0,1,100.0,1
765.25,phase4_camera_pivot_align,765.15,0.0,1,100.0,1
765.32,phase3_gps_turn,765.27,71.88,1,83.12,1
765.39,phase4_camera_pivot_align,765.39,0.0,1,100.0,1
765.46,phase4_camera_pivot_align,765.39,0.0,1,100.0,1
765.52,phase3_gps_turn,765.51,71.88,1,83.12,1
765.59,phase3_gps_turn,765.51,71.88,1,83.12,1
765.66,phase3_gps_turn,765.51,71.88,1,83.12,1
765.72,phase3_gps_turn,765.66,71.88,1,83.12,1
765.79,phase4_search_pivot,765.77,0.0,1,45.0,1
765.85,phase4_search_pivot,765.77,0.0,1,45.0,1
765.92,phase3_gps_turn,765.89,71.88,1,83.12,1
765.99,phase3_gps_turn,765.89,71.88,1,83.12,1
766.06,phase4_search_pivot,766.0,0.0,1,45.0,1
766.13,phase3_gps_turn,766.12,71.88,1,83.12,1
766.19,phase3_gps_turn,766.12,71.88,1,83.12,1
766.26,phase3_gps_turn,766.12,71.88,1,83.12,1
766.33,phase3_gps_turn,766.28,71.88,1,83.12,1
766.4,phase4_search_pivot,766.39,0.0,1,45.0,1
766.47,phase4_search_pivot,766.39,0.0,1,45.0,1
766.54,phase3_gps_turn,766.51,83.12,1,71.88,1
766.6,phase3_gps_turn,766.51,83.12,1,71.88,1
766.67,phase3_gps_turn,766.66,83.12,1,71.88,1
766.73,phase3_gps_turn,766.66,83.12,1,71.88,1
766.8,phase4_search_pivot,766.77,0.0,1,45.0,1
766.87,phase4_search_pivot,766.77,0.0,1,45.0,1
766.94,phase3_gps_turn,766.89,83.12,1,71.88,1
767.0,phase4_search_pivot,767.0,0.0,1,45.0,1
767.07,phase4_search_pivot,767.0,0.0,1,45.0,1
767.14,phase3_gps_turn,767.13,83.12,1,71.88,1
767.21,phase3_gps_turn,767.13,83.12,1,71.88,1
767.28,phase3_gps_turn,767.13,83.12,1,71.88,1
767.35,phase3_gps_turn,767.28,83.12,1,71.88,1
767.41,phase4_search_pivot,767.39,0.0,1,45.0,1
767.48,phase4_search_pivot,767.39,0.0,1,45.0,1
767.55,phase3_gps_turn,767.51,71.88,1,83.12,1
767.61,phase3_gps_turn,767.51,71.88,1,83.12,1
767.68,phase4_search_pivot,767.63,0.0,1,45.0,1
767.75,phase4_search_pivot,767.63,0.0,1,45.0,1
767.82,phase3_gps_turn,767.75,71.88,1,83.12,1
767.88,phase3_gps_turn,767.75,71.88,1,83.12,1
767.95,phase3_gps_turn,767.9,71.88,1,83.12,1
768.01,phase4_search_pivot,768.01,0.0,1,45.0,1
768.08,phase4_search_pivot,768.01,0.0,1,45.0,1
768.15,phase3_gps_turn,768.13,71.88,1,83.12,1
768.21,phase3_gps_turn,768.13,71.88,1,83.12,1
768.28,phase3_gps_turn,768.13,71.88,1,83.12,1
768.35,phase3_gps_turn,768.28,71.88,1,83.12,1
768.42,phase4_search_pivot,768.39,0.0,1,45.0,1
768.49,phase4_search_pivot,768.39,0.0,1,45.0,1
768.56,phase3_gps_turn,768.52,83.12,1,71.88,1
768.63,phase3_gps_turn,768.52,83.12,1,71.88,1
768.69,phase4_search_pivot,768.63,0.0,1,45.0,1
768.76,phase3_gps_turn,768.75,83.12,1,71.88,1
768.83,phase3_gps_turn,768.75,83.12,1,71.88,1
768.9,phase3_gps_turn,768.75,83.12,1,71.88,1
768.96,phase3_gps_turn,768.9,83.12,1,71.88,1
769.03,phase4_search_pivot,769.01,0.0,1,45.0,1
769.1,phase4_search_pivot,769.01,0.0,1,45.0,1
769.16,phase3_gps_turn,769.13,83.12,1,71.88,1
769.23,phase3_gps_turn,769.13,83.12,1,71.88,1
769.3,phase4_search_pivot,769.24,0.0,1,45.0,1
769.36,phase4_search_pivot,769.24,0.0,1,45.0,1
769.44,phase3_gps_turn,769.37,83.12,1,71.88,1
769.5,phase3_gps_turn,769.37,83.12,1,71.88,1
769.57,phase3_gps_turn,769.52,71.88,1,83.12,1
769.64,phase4_search_pivot,769.63,0.0,1,45.0,1
769.71,phase4_search_pivot,769.63,0.0,1,45.0,1
769.78,phase3_gps_turn,769.75,71.88,1,83.12,1
769.85,phase3_gps_turn,769.75,71.88,1,83.12,1
769.92,phase3_gps_turn,769.91,71.88,1,83.12,1
769.98,phase3_gps_turn,769.91,71.88,1,83.12,1
770.05,phase4_search_pivot,770.02,0.0,1,45.0,1
770.12,phase4_search_pivot,770.02,0.0,1,45.0,1
770.18,phase3_gps_turn,770.14,71.88,1,83.12,1
770.25,phase4_search_pivot,770.25,0.0,1,45.0,1
770.32,phase4_search_pivot,770.25,0.0,1,45.0,1
770.38,phase3_gps_turn,770.37,71.88,1,83.12,1
770.46,phase3_gps_turn,770.37,71.88,1,83.12,1
770.53,phase3_gps_turn,770.52,83.12,1,71.88,1
770.59,phase3_gps_turn,770.52,83.12,1,71.88,1
770.66,phase4_search_pivot,770.63,0.0,1,45.0,1
770.74,phase4_search_pivot,770.63,0.0,1,45.0,1
770.8,phase3_gps_turn,770.76,83.12,1,71.88,1
770.87,phase4_search_pivot,770.87,0.0,1,45.0,1
770.94,phase4_search_pivot,770.87,0.0,1,45.0,1
771.01,phase3_gps_turn,770.99,83.12,1,71.88,1
771.08,phase3_gps_turn,770.99,83.12,1,71.88,1
771.15,phase3_gps_turn,771.14,83.12,1,71.88,1
771.21,phase3_gps_turn,771.14,83.12,1,71.88,1
771.28,phase4_search_pivot,771.25,0.0,1,45.0,1
771.35,phase4_search_pivot,771.25,0.0,1,45.0,1
771.41,phase3_gps_turn,771.38,71.88,1,83.12,1
771.48,phase3_gps_turn,771.38,71.88,1,83.12,1
771.55,phase3_gps_turn,771.53,71.88,1,83.12,1
771.61,phase3_gps_turn,771.53,71.88,1,83.12,1
771.68,phase4_search_pivot,771.64,0.0,1,45.0,1
771.75,phase4_search_pivot,771.64,0.0,1,45.0,1
771.82,phase3_gps_turn,771.76,71.88,1,83.12,1
771.89,phase4_search_pivot,771.87,0.0,1,45.0,1
771.96,phase4_search_pivot,771.87,0.0,1,45.0,1
772.02,phase3_gps_turn,771.99,71.88,1,83.12,1
772.09,phase3_gps_turn,771.99,71.88,1,83.12,1
772.16,phase3_gps_turn,772.15,71.88,1,83.12,1
772.23,phase3_gps_turn,772.15,71.88,1,83.12,1
772.3,phase4_search_pivot,772.26,0.0,1,45.0,1
772.37,phase4_search_pivot,772.26,0.0,1,45.0,1
772.43,phase3_gps_turn,772.38,71.88,1,83.12,1
772.5,phase4_search_pivot,772.49,0.0,1,45.0,1
772.57,phase4_search_pivot,772.49,0.0,1,45.0,1
772.64,phase3_gps_turn,772.61,71.88,1,83.12,1
772.71,phase3_gps_turn,772.61,71.88,1,83.12,1
772.78,phase3_gps_turn,772.77,71.88,1,83.12,1
772.85,phase3_gps_turn,772.77,71.88,1,83.12,1
772.91,phase4_search_pivot,772.88,0.0,1,45.0,1
772.98,phase4_search_pivot,772.88,0.0,1,45.0,1
773.05,phase3_gps_turn,773.0,71.88,1,83.12,1
773.11,phase3_gps_turn,773.0,71.88,1,83.12,1
773.19,phase3_gps_turn,773.15,71.88,1,83.12,1
773.25,phase3_gps_turn,773.15,71.88,1,83.12,1
773.32,phase4_search_pivot,773.26,0.0,1,45.0,1
773.39,phase3_gps_turn,773.39,71.88,1,83.12,1
773.46,phase3_gps_turn,773.39,71.88,1,83.12,1
773.52,phase4_search_pivot,773.5,0.0,1,45.0,1
773.59,phase4_search_pivot,773.5,0.0,1,45.0,1
773.66,phase3_gps_turn,773.62,83.12,1,71.88,1
773.73,phase3_gps_turn,773.62,83.12,1,71.88,1
773.8,phase3_gps_turn,773.77,83.12,1,71.88,1
773.87,phase3_gps_turn,773.77,83.12,1,71.88,1
773.94,phase4_search_pivot,773.89,0.0,1,45.0,1
774.0,phase4_search_pivot,773.89,0.0,1,45.0,1
774.07,phase3_gps_turn,774.01,83.12,1,71.88,1
774.14,phase4_search_pivot,774.12,0.0,1,45.0,1
774.2,phase4_search_pivot,774.12,0.0,1,45.0,1
774.27,phase3_gps_turn,774.24,83.12,1,71.88,1
774.34,phase3_gps_turn,774.24,83.12,1,71.88,1
774.4,phase3_gps_turn,774.39,71.88,1,83.12,1
774.47,phase3_gps_turn,774.39,71.88,1,83.12,1
774.54,phase4_search_pivot,774.5,0.0,1,45.0,1
774.6,phase4_search_pivot,774.5,0.0,1,45.0,1
774.67,phase3_gps_turn,774.62,71.88,1,83.12,1
774.74,phase3_gps_turn,774.62,71.88,1,83.12,1
774.81,phase3_gps_turn,774.78,71.88,1,83.12,1
774.88,phase3_gps_turn,774.78,71.88,1,83.12,1
774.95,phase4_search_pivot,774.89,0.0,1,45.0,1
775.01,phase3_gps_turn,775.01,71.88,1,83.12,1
775.08,phase3_gps_turn,775.01,71.88,1,83.12,1
775.15,phase4_search_pivot,775.12,0.0,1,45.0,1
775.21,phase4_search_pivot,775.12,0.0,1,45.0,1
775.28,phase3_gps_turn,775.25,71.88,1,83.12,1
775.35,phase3_gps_turn,775.25,71.88,1,83.12,1
775.42,phase3_gps_turn,775.4,71.88,1,83.12,1
775.49,phase3_gps_turn,775.4,71.88,1,83.12,1
775.55,phase4_search_pivot,775.51,0.0,1,45.0,1
775.62,phase4_search_pivot,775.51,0.0,1,45.0,1
775.69,phase4_search_pivot,775.51,0.0,1,45.0,1
775.75,phase3_gps_forward,775.73,100.0,1,100.0,1
775.82,phase3_gps_forward,775.73,100.0,1,100.0,1
775.89,phase4_search_pivot,775.84,0.0,1,45.0,1
775.95,phase4_search_pivot,775.92,0.0,1,45.0,1
776.02,phase4_search_pivot,775.92,0.0,1,45.0,1
776.09,phase4_search_pivot,775.92,0.0,1,45.0,1
776.16,phase3_gps_forward,776.15,100.0,1,100.0,1
776.23,phase3_gps_forward,776.15,100.0,1,100.0,1
776.3,phase4_search_pivot,776.26,0.0,1,45.0,1
776.36,phase4_search_pivot,776.34,0.0,1,45.0,1
776.43,phase4_search_pivot,776.34,0.0,1,45.0,1
776.5,phase3_gps_turn,776.46,71.88,1,83.12,1
776.57,phase3_gps_turn,776.46,71.88,1,83.12,1
776.63,phase3_gps_turn,776.61,71.88,1,83.12,1
776.7,phase3_gps_turn,776.61,71.88,1,83.12,1
776.77,phase4_search_pivot,776.73,0.0,1,45.0,1
776.83,phase4_search_pivot,776.73,0.0,1,45.0,1
776.9,phase3_gps_turn,776.85,71.88,1,83.12,1
776.97,phase3_gps_turn,776.85,71.88,1,83.12,1
777.03,phase3_gps_turn,777.0,71.88,1,83.12,1
777.1,phase3_gps_turn,777.0,71.88,1,83.12,1
777.17,phase4_search_pivot,777.11,0.0,1,45.0,1
777.23,phase3_gps_turn,777.23,71.88,1,83.12,1
777.3,phase3_gps_turn,777.23,71.88,1,83.12,1
777.37,phase4_search_pivot,777.34,0.0,1,45.0,1
777.44,phase4_search_pivot,777.34,0.0,1,45.0,1
777.5,phase3_gps_turn,777.46,71.88,1,83.12,1
777.58,phase3_gps_turn,777.46,71.88,1,83.12,1
777.65,phase3_gps_turn,777.62,71.88,1,83.12,1
777.71,phase3_gps_turn,777.62,71.88,1,83.12,1
777.78,phase4_search_pivot,777.73,0.0,1,45.0,1
777.85,phase4_search_pivot,777.73,0.0,1,45.0,1
777.92,phase3_gps_turn,777.85,71.88,1,83.12,1
777.98,phase4_search_pivot,777.96,0.0,1,45.0,1
778.05,phase4_search_pivot,777.96,0.0,1,45.0,1
778.12,phase3_gps_turn,778.09,71.88,1,83.12,1
778.19,phase3_gps_turn,778.09,71.88,1,83.12,1
778.26,phase3_gps_turn,778.24,71.88,1,83.12,1
778.33,phase3_gps_turn,778.24,71.88,1,83.12,1
778.39,phase4_search_pivot,778.35,0.0,1,45.0,1
778.46,phase4_search_pivot,778.35,0.0,1,45.0,1
778.53,phase3_gps_turn,778.47,83.12,1,71.88,1
778.59,phase4_search_pivot,778.58,0.0,1,45.0,1
778.66,phase4_search_pivot,778.58,0.0,1,45.0,1
778.73,phase3_gps_turn,778.7,83.12,1,71.88,1
778.79,phase3_gps_turn,778.7,83.12,1,71.88,1
778.86,phase3_gps_turn,778.85,83.12,1,71.88,1
778.93,phase3_gps_turn,778.85,83.12,1,71.88,1
779.0,phase4_search_pivot,778.97,0.0,1,45.0,1
779.07,phase4_search_pivot,778.97,0.0,1,45.0,1
779.14,phase3_gps_turn,779.09,83.12,1,71.88,1
779.21,phase3_gps_turn,779.09,83.12,1,71.88,1
779.28,phase3_gps_turn,779.24,83.12,1,71.88,1
779.35,phase3_gps_turn,779.24,83.12,1,71.88,1
779.42,phase4_search_pivot,779.35,0.0,1,45.0,1
779.49,phase3_gps_turn,779.47,83.12,1,71.88,1
779.56,phase3_gps_turn,779.47,83.12,1,71.88,1
779.63,phase4_search_pivot,779.59,0.0,1,45.0,1
779.69,phase4_search_pivot,779.59,0.0,1,45.0,1
779.76,phase3_gps_turn,779.71,83.12,1,71.88,1
779.83,phase3_gps_turn,779.71,83.12,1,71.88,1
779.91,phase3_gps_turn,779.86,83.12,1,71.88,1
779.97,phase3_gps_turn,779.86,83.12,1,71.88,1
780.04,phase4_search_pivot,779.98,0.0,1,45.0,1
780.11,phase3_gps_turn,780.1,83.12,1,71.88,1
780.18,phase3_gps_turn,780.1,83.12,1,71.88,1
780.24,phase3_gps_turn,780.1,83.12,1,71.88,1
780.31,phase3_gps_turn,780.25,83.12,1,71.88,1
780.38,phase4_search_pivot,780.36,0.0,1,45.0,1
780.44,phase4_search_pivot,780.36,0.0,1,45.0,1
780.51,phase3_gps_turn,780.48,83.12,1,71.88,1
780.58,phase3_gps_turn,780.48,83.12,1,71.88,1
780.65,phase4_search_pivot,780.6,0.0,1,45.0,1
780.71,phase4_search_pivot,780.6,0.0,1,45.0,1
780.78,phase3_gps_turn,780.72,83.12,1,71.88,1
780.84,phase3_gps_turn,780.72,83.12,1,71.88,1
780.91,phase3_gps_turn,780.87,83.12,1,71.88,1
780.98,phase3_gps_turn,780.87,83.12,1,71.88,1
781.04,phase4_search_pivot,780.98,0.0,1,45.0,1
781.11,phase3_gps_turn,781.1,83.12,1,71.88,1
781.18,phase3_gps_turn,781.1,83.12,1,71.88,1
781.25,phase4_search_pivot,781.21,0.0,1,45.0,1
781.31,phase4_search_pivot,781.21,0.0,1,45.0,1
781.38,phase3_gps_turn,781.34,83.12,1,71.88,1
781.45,phase3_gps_turn,781.34,83.12,1,71.88,1
781.52,phase3_gps_turn,781.49,83.12,1,71.88,1
781.59,phase3_gps_turn,781.49,83.12,1,71.88,1
781.66,phase4_search_pivot,781.6,0.0,1,45.0,1
781.73,phase3_gps_turn,781.72,83.12,1,71.88,1
781.79,phase3_gps_turn,781.72,83.12,1,71.88,1
781.86,phase4_search_pivot,781.83,0.0,1,45.0,1
781.93,phase4_search_pivot,781.83,0.0,1,45.0,1
782.0,phase3_gps_turn,781.96,83.12,1,71.88,1
782.06,phase3_gps_turn,781.96,83.12,1,71.88,1
782.13,phase3_gps_turn,782.11,83.12,1,71.88,1
782.2,phase3_gps_turn,782.11,83.12,1,71.88,1
782.26,phase4_search_pivot,782.22,0.0,1,45.0,1
782.33,phase4_search_pivot,782.22,0.0,1,45.0,1
782.4,phase3_gps_turn,782.34,83.12,1,71.88,1
782.46,phase3_gps_turn,782.34,83.12,1,71.88,1
782.53,phase3_gps_turn,782.49,83.12,1,71.88,1
782.6,phase3_gps_turn,782.49,83.12,1,71.88,1
782.67,phase4_search_pivot,782.6,0.0,1,45.0,1
782.73,phase3_gps_turn,782.73,83.12,1,71.88,1
782.8,phase3_gps_turn,782.73,83.12,1,71.88,1
782.87,phase4_search_pivot,782.84,0.0,1,45.0,1
782.93,phase4_search_pivot,782.84,0.0,1,45.0,1
783.0,phase3_gps_turn,782.96,83.12,1,71.88,1
783.07,phase3_gps_turn,782.96,83.12,1,71.88,1
783.14,phase3_gps_turn,783.11,83.12,1,71.88,1
783.21,phase3_gps_turn,783.11,83.12,1,71.88,1
783.28,phase4_search_pivot,783.22,0.0,1,45.0,1
783.35,phase3_gps_turn,783.34,83.12,1,71.88,1
783.42,phase3_gps_turn,783.34,83.12,1,71.88,1
783.5,phase4_search_pivot,783.46,0.0,1,45.0,1
783.57,phase4_search_pivot,783.46,0.0,1,45.0,1
783.63,phase4_search_pivot,783.46,0.0,1,45.0,1
783.7,phase3_gps_forward,783.68,100.0,1,100.0,1
783.77,phase3_gps_forward,783.68,100.0,1,100.0,1
783.84,phase4_search_pivot,783.79,0.0,1,45.0,1
783.91,phase4_search_pivot,783.79,0.0,1,45.0,1
783.98,phase4_search_pivot,783.79,0.0,1,45.0,1
784.05,phase3_gps_forward,784.01,100.0,1,100.0,1
784.12,phase3_gps_forward,784.01,100.0,1,100.0,1
784.19,phase3_gps_forward,784.01,100.0,1,100.0,1
784.26,phase3_gps_forward,784.01,100.0,1,100.0,1
784.33,phase3_gps_forward,784.27,100.0,1,100.0,1
784.4,phase4_search_pivot,784.38,0.0,1,45.0,1
784.46,phase4_search_pivot,784.46,0.0,1,45.0,1
784.53,phase4_search_pivot,784.46,0.0,1,45.0,1
784.6,phase3_gps_turn,784.58,83.12,1,71.88,1
784.67,phase3_gps_turn,784.58,83.12,1,71.88,1
784.74,phase3_gps_turn,784.73,83.12,1,71.88,1
784.81,phase3_gps_turn,784.73,83.12,1,71.88,1
784.88,phase4_search_pivot,784.85,0.0,1,45.0,1
784.95,phase4_search_pivot,784.85,0.0,1,45.0,1
785.01,phase3_gps_turn,784.97,83.12,1,71.88,1
785.08,phase4_search_pivot,785.08,0.0,1,45.0,1
785.16,phase4_search_pivot,785.08,0.0,1,45.0,1
785.22,phase3_gps_turn,785.2,83.12,1,71.88,1
785.29,phase3_gps_turn,785.2,83.12,1,71.88,1
785.36,phase3_gps_turn,785.35,83.12,1,71.88,1
785.44,phase3_gps_turn,785.35,83.12,1,71.88,1
785.51,phase4_search_pivot,785.46,0.0,1,45.0,1
785.57,phase4_search_pivot,785.46,0.0,1,45.0,1
785.64,phase3_gps_turn,785.59,83.12,1,71.88,1
785.71,phase3_gps_turn,785.59,83.12,1,71.88,1
785.77,phase3_gps_turn,785.74,83.12,1,71.88,1
785.84,phase3_gps_turn,785.74,83.12,1,71.88,1
785.91,phase4_search_pivot,785.85,0.0,1,45.0,1
785.98,phase3_gps_turn,785.97,83.12,1,71.88,1
786.04,phase3_gps_turn,785.97,83.12,1,71.88,1
786.11,phase4_search_pivot,786.08,0.0,1,45.0,1
786.18,phase4_search_pivot,786.08,0.0,1,45.0,1
786.25,phase3_gps_turn,786.2,83.12,1,71.88,1
786.32,phase3_gps_turn,786.2,83.12,1,71.88,1
786.39,phase3_gps_turn,786.36,83.12,1,71.88,1
786.46,phase3_gps_turn,786.36,83.12,1,71.88,1
786.52,phase4_search_pivot,786.47,0.0,1,45.0,1
786.59,phase4_search_pivot,786.47,0.0,1,45.0,1
786.66,phase4_search_pivot,786.47,0.0,1,45.0,1
786.73,phase3_gps_forward,786.69,100.0,1,100.0,1
786.8,phase3_gps_forward,786.69,100.0,1,100.0,1
786.87,phase3_gps_forward,786.69,100.0,1,100.0,1
786.94,phase3_gps_forward,786.69,100.0,1,100.0,1
787.01,phase3_gps_forward,786.94,100.0,1,100.0,1
787.07,phase4_search_pivot,787.05,0.0,1,45.0,1
787.14,phase4_search_pivot,787.05,0.0,1,45.0,1
787.21,phase4_search_pivot,787.05,0.0,1,45.0,1
787.28,phase3_gps_forward,787.28,100.0,1,100.0,1
787.35,phase3_gps_forward,787.28,100.0,1,100.0,1
787.42,phase3_gps_forward,787.28,100.0,1,100.0,1
787.48,phase3_gps_turn,787.43,83.12,1,71.88,1
787.55,phase3_gps_turn,787.43,83.12,1,71.88,1
787.62,phase3_gps_turn,787.58,83.12,1,71.88,1
787.68,phase3_gps_turn,787.58,83.12,1,71.88,1
787.75,phase4_search_pivot,787.69,0.0,1,45.0,1
787.82,phase3_gps_turn,787.81,83.12,1,71.88,1
787.88,phase3_gps_turn,787.81,83.12,1,71.88,1
787.95,phase4_search_pivot,787.92,0.0,1,45.0,1
788.02,phase4_search_pivot,787.92,0.0,1,45.0,1
788.08,phase3_gps_turn,788.05,83.12,1,71.88,1
788.15,phase3_gps_turn,788.05,83.12,1,71.88,1
788.22,phase3_gps_turn,788.2,83.12,1,71.88,1
788.28,phase3_gps_turn,788.2,83.12,1,71.88,1
788.35,phase4_search_pivot,788.31,0.0,1,45.0,1
788.42,phase4_search_pivot,788.31,0.0,1,45.0,1
788.48,phase4_search_pivot,788.31,0.0,1,45.0,1
788.55,phase3_gps_forward,788.53,100.0,1,100.0,1
788.61,phase3_gps_forward,788.53,100.0,1,100.0,1
788.68,phase4_search_pivot,788.64,0.0,1,45.0,1
788.75,phase4_search_pivot,788.72,0.0,1,45.0,1
788.82,phase4_search_pivot,788.72,0.0,1,45.0,1
788.89,phase4_search_pivot,788.72,0.0,1,45.0,1
788.95,phase3_gps_forward,788.95,100.0,1,100.0,1
789.02,phase3_gps_forward,788.95,100.0,1,100.0,1
789.09,phase4_search_pivot,789.06,0.0,1,45.0,1
789.16,phase4_search_pivot,789.14,0.0,1,45.0,1
789.23,phase4_search_pivot,789.14,0.0,1,45.0,1
789.29,phase4_search_pivot,789.14,0.0,1,45.0,1
789.36,phase4_search_pivot,789.14,0.0,1,45.0,1
789.42,phase3_gps_forward,789.36,100.0,1,100.0,1
789.49,phase4_search_pivot,789.47,0.0,1,45.0,1
789.56,phase4_search_pivot,789.47,0.0,1,45.0,1
789.63,phase4_search_pivot,789.47,0.0,1,45.0,1
789.69,phase4_search_pivot,789.47,0.0,1,45.0,1
789.76,phase3_gps_forward,789.69,100.0,1,100.0,1
789.83,phase3_gps_forward,789.69,100.0,1,100.0,1
789.89,phase3_gps_forward,789.69,100.0,1,100.0,1
789.96,phase3_gps_forward,789.95,100.0,1,100.0,1
790.03,phase3_gps_forward,789.95,100.0,1,100.0,1
790.1,phase4_search_pivot,790.06,0.0,1,45.0,1
790.17,phase4_search_pivot,790.14,0.0,1,45.0,1
790.24,phase4_search_pivot,790.14,0.0,1,45.0,1
790.3,phase4_search_pivot,790.14,0.0,1,45.0,1
790.37,phase3_gps_forward,790.36,100.0,1,100.0,1
790.43,phase3_gps_forward,790.36,100.0,1,100.0,1
790.5,phase4_search_pivot,790.47,0.0,1,45.0,1
790.57,phase4_search_pivot,790.55,0.0,1,45.0,1
790.64,phase4_search_pivot,790.55,0.0,1,45.0,1
790.71,phase4_search_pivot,790.55,0.0,1,45.0,1
790.78,phase3_gps_forward,790.77,100.0,1,100.0,1
790.86,phase3_gps_forward,790.77,100.0,1,100.0,1
790.92,phase4_search_pivot,790.88,0.0,1,45.0,1
790.99,phase4_search_pivot,790.97,0.0,1,45.0,1
791.06,phase4_search_pivot,790.97,0.0,1,45.0,1
791.13,phase4_search_pivot,790.97,0.0,1,45.0,1
791.2,phase3_gps_forward,791.19,100.0,1,100.0,1
791.27,phase3_gps_forward,791.19,100.0,1,100.0,1
791.34,phase4_search_pivot,791.3,0.0,1,45.0,1
791.41,phase4_search_pivot,791.3,0.0,1,45.0,1
791.48,phase4_search_pivot,791.3,0.0,1,45.0,1
791.54,phase3_gps_forward,791.52,100.0,1,100.0,1
791.61,phase3_gps_forward,791.52,100.0,1,100.0,1
791.68,phase3_gps_forward,791.52,100.0,1,100.0,1
791.75,phase3_gps_forward,791.52,100.0,1,100.0,1
791.82,phase3_gps_forward,791.78,100.0,1,100.0,1
791.89,phase3_gps_forward,791.78,100.0,1,100.0,1
791.96,phase4_search_pivot,791.89,0.0,1,45.0,1
792.03,phase4_search_pivot,791.97,0.0,1,45.0,1
792.1,phase4_search_pivot,791.97,0.0,1,45.0,1
792.17,phase4_search_pivot,791.97,0.0,1,45.0,1
792.24,phase3_gps_forward,792.2,100.0,1,100.0,1
792.31,phase4_search_pivot,792.31,0.0,1,45.0,1
792.38,phase4_search_pivot,792.31,0.0,1,45.0,1
792.45,phase4_search_pivot,792.39,0.0,1,45.0,1
792.52,phase3_gps_turn,792.51,83.12,1,71.88,1
792.59,phase3_gps_turn,792.51,83.12,1,71.88,1
792.65,phase3_gps_turn,792.51,83.12,1,71.88,1
792.72,phase3_gps_turn,792.66,83.12,1,71.88,1
792.78,phase4_search_pivot,792.77,0.0,1,45.0,1
792.85,phase4_search_pivot,792.77,0.0,1,45.0,1
792.92,phase3_gps_turn,792.89,83.12,1,71.88,1
792.99,phase3_gps_turn,792.89,83.12,1,71.88,1
793.05,phase3_gps_turn,793.04,83.12,1,71.88,1
793.12,phase3_gps_turn,793.04,83.12,1,71.88,1
793.19,phase4_search_pivot,793.16,0.0,1,45.0,1
793.26,phase4_search_pivot,793.16,0.0,1,45.0,1
793.34,phase3_gps_turn,793.28,83.12,1,71.88,1
793.41,phase4_search_pivot,793.39,0.0,1,45.0,1
793.48,phase4_search_pivot,793.39,0.0,1,45.0,1
793.55,phase3_gps_turn,793.51,83.12,1,71.88,1
793.62,phase3_gps_turn,793.51,83.12,1,71.88,1
793.68,phase3_gps_turn,793.66,83.12,1,71.88,1
793.75,phase3_gps_turn,793.66,83.12,1,71.88,1
793.82,phase4_search_pivot,793.77,0.0,1,45.0,1
793.89,phase4_search_pivot,793.77,0.0,1,45.0,1
793.95,phase3_gps_turn,793.9,83.12,1,71.88,1
794.02,phase4_search_pivot,794.01,0.0,1,45.0,1
794.09,phase4_search_pivot,794.01,0.0,1,45.0,1
794.17,phase3_gps_turn,794.13,83.12,1,71.88,1
794.23,phase3_gps_turn,794.13,83.12,1,71.88,1
794.31,phase3_gps_turn,794.28,83.12,1,71.88,1
794.38,phase3_gps_turn,794.28,83.12,1,71.88,1
794.45,phase4_search_pivot,794.4,0.0,1,45.0,1
794.51,phase4_search_pivot,794.4,0.0,1,45.0,1
794.58,phase3_gps_turn,794.52,83.12,1,71.88,1
794.65,phase4_search_pivot,794.63,0.0,1,45.0,1
794.72,phase4_search_pivot,794.63,0.0,1,45.0,1
794.78,phase3_gps_turn,794.75,83.12,1,71.88,1
794.85,phase3_gps_turn,794.75,83.12,1,71.88,1
794.91,phase3_gps_turn,794.9,83.12,1,71.88,1
794.98,phase3_gps_turn,794.9,83.12,1,71.88,1
795.05,phase4_search_pivot,795.01,0.0,1,45.0,1
795.12,phase4_search_pivot,795.01,0.0,1,45.0,1
795.19,phase3_gps_turn,795.13,83.12,1,71.88,1
795.26,phase3_gps_turn,795.13,83.12,1,71.88,1
795.33,phase3_gps_turn,795.29,83.12,1,71.88,1
795.39,phase3_gps_turn,795.29,83.12,1,71.88,1
795.46,phase4_search_pivot,795.4,0.0,1,45.0,1
795.53,phase3_gps_turn,795.52,83.12,1,71.88,1
795.6,phase3_gps_turn,795.52,83.12,1,71.88,1
795.67,phase4_search_pivot,795.63,0.0,1,45.0,1
795.73,phase4_search_pivot,795.63,0.0,1,45.0,1
795.8,phase3_gps_turn,795.75,83.12,1,71.88,1
795.87,phase3_gps_turn,795.75,83.12,1,71.88,1
795.93,phase3_gps_turn,795.91,83.12,1,71.88,1
796.0,phase3_gps_turn,795.91,83.12,1,71.88,1
796.07,phase4_search_pivot,796.02,0.0,1,45.0,1
796.14,phase3_gps_turn,796.14,83.12,1,71.88,1
796.21,phase3_gps_turn,796.14,83.12,1,71.88,1
796.28,phase4_search_pivot,796.25,0.0,1,45.0,1
796.35,phase4_search_pivot,796.25,0.0,1,45.0,1
796.42,phase3_gps_turn,796.37,83.12,1,71.88,1
796.49,phase3_gps_turn,796.37,83.12,1,71.88,1
796.55,phase3_gps_turn,796.53,83.12,1,71.88,1
796.62,phase3_gps_turn,796.53,83.12,1,71.88,1
796.69,phase4_search_pivot,796.64,0.0,1,45.0,1
796.76,phase4_search_pivot,796.64,0.0,1,45.0,1
796.83,phase3_gps_turn,796.76,83.12,1,71.88,1
796.89,phase3_gps_turn,796.76,83.12,1,71.88,1
796.96,phase3_gps_turn,796.91,83.12,1,71.88,1
797.03,phase4_search_pivot,797.02,0.0,1,45.0,1
797.1,phase4_search_pivot,797.02,0.0,1,45.0,1
797.17,phase3_gps_turn,797.14,83.12,1,71.88,1
797.24,phase3_gps_turn,797.14,83.12,1,71.88,1
797.31,phase4_search_pivot,797.26,0.0,1,45.0,1
797.38,phase3_gps_turn,797.38,83.12,1,71.88,1
797.45,phase3_gps_turn,797.38,83.12,1,71.88,1
797.52,phase3_gps_turn,797.38,83.12,1,71.88,1
797.58,phase3_gps_turn,797.53,71.88,1,83.12,1
797.65,phase4_search_pivot,797.64,0.0,1,45.0,1
797.72,phase4_search_pivot,797.64,0.0,1,45.0,1
797.78,phase3_gps_turn,797.76,71.88,1,83.12,1
797.85,phase3_gps_turn,797.76,71.88,1,83.12,1
797.92,phase4_search_pivot,797.87,0.0,1,45.0,1
797.98,phase4_search_pivot,797.87,0.0,1,45.0,1
798.05,phase3_gps_turn,797.99,71.88,1,83.12,1
798.12,phase3_gps_turn,797.99,71.88,1,83.12,1
798.19,phase3_gps_turn,798.15,71.88,1,83.12,1
798.25,phase3_gps_turn,798.15,71.88,1,83.12,1
798.32,phase4_search_pivot,798.26,0.0,1,45.0,1
798.39,phase3_gps_turn,798.38,71.88,1,83.12,1
798.45,phase3_gps_turn,798.38,71.88,1,83.12,1
798.52,phase3_gps_turn,798.38,71.88,1,83.12,1
798.59,phase3_gps_turn,798.53,83.12,1,71.88,1
798.66,phase4_search_pivot,798.64,0.0,1,45.0,1
798.73,phase4_search_pivot,798.64,0.0,1,45.0,1
798.79,phase3_gps_turn,798.77,83.12,1,71.88,1
798.86,phase3_gps_turn,798.77,83.12,1,71.88,1
798.93,phase4_search_pivot,798.88,0.0,1,45.0,1
799.0,phase4_search_pivot,798.88,0.0,1,45.0,1
799.07,phase3_gps_turn,799.0,83.12,1,71.88,1
799.14,phase3_gps_turn,799.0,83.12,1,71.88,1
799.2,phase3_gps_turn,799.15,83.12,1,71.88,1
799.27,phase4_search_pivot,799.26,0.0,1,45.0,1
799.34,phase4_search_pivot,799.26,0.0,1,45.0,1
799.4,phase3_gps_turn,799.38,71.88,1,83.12,1
799.47,phase3_gps_turn,799.38,71.88,1,83.12,1
799.54,phase4_search_pivot,799.49,0.0,1,45.0,1
799.6,phase4_search_pivot,799.49,0.0,1,45.0,1
799.67,phase3_gps_turn,799.62,71.88,1,83.12,1
799.74,phase3_gps_turn,799.62,71.88,1,83.12,1
799.81,phase3_gps_turn,799.77,71.88,1,83.12,1
799.88,phase4_search_pivot,799.88,0.0,1,45.0,1
799.95,phase4_search_pivot,799.88,0.0,1,45.0,1
800.02,phase3_gps_turn,800.0,71.88,1,83.12,1
800.1,phase3_gps_turn,800.0,71.88,1,83.12,1
800.17,phase3_gps_turn,800.16,71.88,1,83.12,1
800.24,phase3_gps_turn,800.16,71.88,1,83.12,1
800.3,phase4_search_pivot,800.27,0.0,1,45.0,1
800.37,phase4_search_pivot,800.27,0.0,1,45.0,1
800.44,phase3_gps_turn,800.39,71.88,1,83.12,1
800.51,phase4_search_pivot,800.5,0.0,1,45.0,1
800.58,phase4_search_pivot,800.5,0.0,1,45.0,1
800.64,phase3_gps_turn,800.62,71.88,1,83.12,1
800.71,phase3_gps_turn,800.62,71.88,1,83.12,1
800.77,phase3_gps_turn,800.77,71.88,1,83.12,1
800.84,phase3_gps_turn,800.77,71.88,1,83.12,1
800.91,phase4_search_pivot,800.88,0.0,1,45.0,1
800.97,phase4_search_pivot,800.88,0.0,1,45.0,1
801.04,phase3_gps_turn,801.0,71.88,1,83.12,1
801.11,phase3_gps_turn,801.0,71.88,1,83.12,1
801.18,phase4_search_pivot,801.12,0.0,1,45.0,1
801.25,phase3_gps_turn,801.24,71.88,1,83.12,1
801.31,phase3_gps_turn,801.24,71.88,1,83.12,1
801.38,phase3_gps_turn,801.24,71.88,1,83.12,1
801.45,phase3_gps_turn,801.4,71.88,1,83.12,1
801.51,phase4_search_pivot,801.51,0.0,1,45.0,1
801.58,phase4_search_pivot,801.51,0.0,1,45.0,1
801.65,phase3_gps_turn,801.63,71.88,1,83.12,1
801.71,phase3_gps_turn,801.63,71.88,1,83.12,1
801.78,phase3_gps_turn,801.63,71.88,1,83.12,1
801.85,phase3_gps_turn,801.78,71.88,1,83.12,1
801.92,phase4_search_pivot,801.89,0.0,1,45.0,1
801.99,phase4_search_pivot,801.89,0.0,1,45.0,1
802.05,phase3_gps_turn,802.01,71.88,1,83.12,1
802.12,phase3_gps_turn,802.01,71.88,1,83.12,1
802.19,phase4_search_pivot,802.13,0.0,1,45.0,1
802.25,phase3_gps_turn,802.25,71.88,1,83.12,1
802.32,phase3_gps_turn,802.25,71.88,1,83.12,1
802.39,phase3_gps_turn,802.25,71.88,1,83.12,1
802.45,phase3_gps_turn,802.4,71.88,1,83.12,1
802.52,phase4_search_pivot,802.51,0.0,1,45.0,1
802.59,phase4_search_pivot,802.51,0.0,1,45.0,1
802.66,phase3_gps_turn,802.63,83.12,1,71.88,1
802.73,phase3_gps_turn,802.63,83.12,1,71.88,1
802.8,phase4_search_pivot,802.74,0.0,1,45.0,1
802.87,phase4_search_pivot,802.74,0.0,1,45.0,1
802.93,phase3_gps_turn,802.87,83.12,1,71.88,1
803.0,phase3_gps_turn,802.87,83.12,1,71.88,1
803.07,phase3_gps_turn,803.02,83.12,1,71.88,1
803.14,phase4_search_pivot,803.13,0.0,1,45.0,1
803.21,phase4_search_pivot,803.13,0.0,1,45.0,1
803.28,phase3_gps_turn,803.25,83.12,1,71.88,1
803.35,phase3_gps_turn,803.25,83.12,1,71.88,1
803.41,phase3_gps_turn,803.41,83.12,1,71.88,1
803.48,phase3_gps_turn,803.41,83.12,1,71.88,1
803.55,phase4_search_pivot,803.52,0.0,1,45.0,1
803.61,phase4_search_pivot,803.52,0.0,1,45.0,1
803.68,phase3_gps_turn,803.64,83.12,1,71.88,1
803.75,phase3_gps_turn,803.64,83.12,1,71.88,1
803.81,phase4_search_pivot,803.75,0.0,1,45.0,1
803.88,phase3_gps_turn,803.87,83.12,1,71.88,1
803.95,phase3_gps_turn,803.87,83.12,1,71.88,1
804.02,phase3_gps_turn,803.87,83.12,1,71.88,1
804.09,phase3_gps_turn,804.02,83.12,1,71.88,1
804.16,phase4_search_pivot,804.13,0.0,1,45.0,1
804.22,phase4_search_pivot,804.13,0.0,1,45.0,1
804.29,phase3_gps_turn,804.26,83.12,1,71.88,1
804.36,phase3_gps_turn,804.26,83.12,1,71.88,1
804.43,phase3_gps_turn,804.41,83.12,1,71.88,1
804.5,phase3_gps_turn,804.41,83.12,1,71.88,1
804.56,phase4_search_pivot,804.52,0.0,1,45.0,1
804.63,phase4_search_pivot,804.52,0.0,1,45.0,1
804.69,phase3_gps_turn,804.64,83.12,1,71.88,1
804.76,phase4_search_pivot,804.75,0.0,1,45.0,1
804.83,phase4_search_pivot,804.75,0.0,1,45.0,1
804.9,phase3_gps_turn,804.87,83.12,1,71.88,1
804.97,phase3_gps_turn,804.87,83.12,1,71.88,1
805.04,phase3_gps_turn,805.03,83.12,1,71.88,1
805.1,phase3_gps_turn,805.03,83.12,1,71.88,1
805.17,phase4_search_pivot,805.14,0.0,1,45.0,1
805.24,phase4_search_pivot,805.14,0.0,1,45.0,1
805.31,phase3_gps_turn,805.26,83.12,1,71.88,1
805.38,phase4_search_pivot,805.37,0.0,1,45.0,1
805.45,phase4_search_pivot,805.37,0.0,1,45.0,1
805.52,phase3_gps_turn,805.49,83.12,1,71.88,1
805.59,phase3_gps_turn,805.49,83.12,1,71.88,1
805.66,phase3_gps_turn,805.65,83.12,1,71.88,1
805.73,phase3_gps_turn,805.65,83.12,1,71.88,1
805.8,phase4_search_pivot,805.76,0.0,1,45.0,1
805.87,phase4_search_pivot,805.76,0.0,1,45.0,1
805.93,phase3_gps_turn,805.88,83.12,1,71.88,1
806.0,phase3_gps_turn,805.88,83.12,1,71.88,1
806.07,phase3_gps_turn,806.03,83.12,1,71.88,1
806.13,phase3_gps_turn,806.03,83.12,1,71.88,1
806.2,phase4_search_pivot,806.14,0.0,1,45.0,1
806.27,phase3_gps_turn,806.26,83.12,1,71.88,1
806.34,phase3_gps_turn,806.26,83.12,1,71.88,1
806.41,phase4_search_pivot,806.37,0.0,1,45.0,1
806.47,phase4_search_pivot,806.37,0.0,1,45.0,1
806.54,phase3_gps_turn,806.49,83.12,1,71.88,1
806.61,phase3_gps_turn,806.49,83.12,1,71.88,1
806.68,phase3_gps_turn,806.65,83.12,1,71.88,1
806.75,phase3_gps_turn,806.65,83.12,1,71.88,1
806.82,phase4_search_pivot,806.76,0.0,1,45.0,1
806.89,phase3_gps_turn,806.88,83.12,1,71.88,1
806.96,phase3_gps_turn,806.88,83.12,1,71.88,1
807.03,phase4_search_pivot,806.99,0.0,1,45.0,1
807.1,phase4_search_pivot,806.99,0.0,1,45.0,1
807.17,phase3_gps_turn,807.11,83.12,1,71.88,1
807.23,phase3_gps_turn,807.11,83.12,1,71.88,1
807.3,phase3_gps_turn,807.27,83.12,1,71.88,1
807.36,phase3_gps_turn,807.27,83.12,1,71.88,1
807.43,phase4_search_pivot,807.38,0.0,1,45.0,1
807.5,phase4_search_pivot,807.38,0.0,1,45.0,1
807.56,phase3_gps_turn,807.5,83.12,1,71.88,1
807.63,phase3_gps_turn,807.5,83.12,1,71.88,1
807.7,phase3_gps_turn,807.65,83.12,1,71.88,1
807.76,phase4_search_pivot,807.76,0.0,1,45.0,1
807.83,phase4_search_pivot,807.76,0.0,1,45.0,1
807.9,phase3_gps_turn,807.88,83.12,1,71.88,1
807.97,phase3_gps_turn,807.88,83.12,1,71.88,1
808.04,phase4_search_pivot,807.99,0.0,1,45.0,1
808.1,phase4_search_pivot,807.99,0.0,1,45.0,1
808.18,phase3_gps_turn,808.12,83.12,1,71.88,1
808.25,phase3_gps_turn,808.12,83.12,1,71.88,1
808.32,phase3_gps_turn,808.27,83.12,1,71.88,1
808.38,phase4_search_pivot,808.38,0.0,1,45.0,1
808.46,phase4_search_pivot,808.38,0.0,1,45.0,1
808.52,phase3_gps_turn,808.5,83.12,1,71.88,1
808.59,phase3_gps_turn,808.5,83.12,1,71.88,1
808.66,phase4_search_pivot,808.61,0.0,1,45.0,1
808.73,phase4_search_pivot,808.61,0.0,1,45.0,1
808.8,phase3_gps_turn,808.74,83.12,1,71.88,1
808.87,phase3_gps_turn,808.74,83.12,1,71.88,1
808.94,phase3_gps_turn,808.89,83.12,1,71.88,1
809.01,phase4_search_pivot,809.0,0.0,1,45.0,1
809.07,phase4_search_pivot,809.0,0.0,1,45.0,1
809.14,phase3_gps_turn,809.12,83.12,1,71.88,1
809.21,phase3_gps_turn,809.12,83.12,1,71.88,1
809.27,phase3_gps_turn,809.12,83.12,1,71.88,1
809.34,phase3_gps_turn,809.27,83.12,1,71.88,1
809.41,phase4_search_pivot,809.38,0.0,1,45.0,1
809.47,phase4_search_pivot,809.38,0.0,1,45.0,1
809.54,phase3_gps_turn,809.51,83.12,1,71.88,1
809.61,phase3_gps_turn,809.51,83.12,1,71.88,1
809.68,phase4_search_pivot,809.62,0.0,1,45.0,1
809.74,phase3_gps_turn,809.74,83.12,1,71.88,1
809.81,phase3_gps_turn,809.74,83.12,1,71.88,1
809.88,phase3_gps_turn,809.74,83.12,1,71.88,1
809.95,phase3_gps_turn,809.89,83.12,1,71.88,1
810.02,phase4_search_pivot,810.0,0.0,1,45.0,1
810.09,phase4_search_pivot,810.0,0.0,1,45.0,1
810.15,phase3_gps_turn,810.12,83.12,1,71.88,1
810.22,phase3_gps_turn,810.12,83.12,1,71.88,1
810.29,phase3_gps_turn,810.28,83.12,1,71.88,1
810.35,phase3_gps_turn,810.28,83.12,1,71.88,1
810.42,phase4_search_pivot,810.39,0.0,1,45.0,1
810.49,phase4_search_pivot,810.39,0.0,1,45.0,1
810.56,phase3_gps_turn,810.51,83.12,1,71.88,1
810.63,phase4_search_pivot,810.62,0.0,1,45.0,1
810.69,phase4_search_pivot,810.62,0.0,1,45.0,1
810.76,phase3_gps_turn,810.75,83.12,1,71.88,1
810.83,phase3_gps_turn,810.75,83.12,1,71.88,1
810.9,phase3_gps_turn,810.75,83.12,1,71.88,1
810.96,phase3_gps_turn,810.9,83.12,1,71.88,1
811.03,phase4_search_pivot,811.01,0.0,1,45.0,1
811.09,phase4_search_pivot,811.01,0.0,1,45.0,1
811.16,phase3_gps_turn,811.13,83.12,1,71.88,1
811.23,phase3_gps_turn,811.13,83.12,1,71.88,1
811.29,phase4_search_pivot,811.24,0.0,1,45.0,1
811.36,phase4_search_pivot,811.24,0.0,1,45.0,1
811.44,phase3_gps_turn,811.36,83.12,1,71.88,1
811.5,phase3_gps_turn,811.36,83.12,1,71.88,1
811.57,phase3_gps_turn,811.52,83.12,1,71.88,1
811.64,phase4_search_pivot,811.63,0.0,1,45.0,1
811.71,phase4_search_pivot,811.63,0.0,1,45.0,1
811.78,phase3_gps_turn,811.75,83.12,1,71.88,1
811.85,phase3_gps_turn,811.75,83.12,1,71.88,1
811.92,phase3_gps_turn,811.9,83.12,1,71.88,1
811.99,phase3_gps_turn,811.9,83.12,1,71.88,1
812.06,phase4_search_pivot,812.02,0.0,1,45.0,1
812.12,phase4_search_pivot,812.02,0.0,1,45.0,1
812.19,phase3_gps_turn,812.14,83.12,1,71.88,1
812.26,phase4_search_pivot,812.25,0.0,1,45.0,1
812.33,phase4_search_pivot,812.25,0.0,1,45.0,1
812.4,phase3_gps_turn,812.37,83.12,1,71.88,1
812.47,phase3_gps_turn,812.37,83.12,1,71.88,1
812.54,phase3_gps_turn,812.52,83.12,1,71.88,1
812.61,phase3_gps_turn,812.52,83.12,1,71.88,1
812.68,phase4_search_pivot,812.64,0.0,1,45.0,1
812.75,phase4_search_pivot,812.64,0.0,1,45.0,1
812.81,phase3_gps_turn,812.76,83.12,1,71.88,1
812.88,phase3_gps_turn,812.76,83.12,1,71.88,1
812.95,phase3_gps_turn,812.91,83.12,1,71.88,1
813.02,phase3_gps_turn,812.91,83.12,1,71.88,1
813.09,phase4_search_pivot,813.02,0.0,1,45.0,1
813.16,phase3_gps_turn,813.15,83.12,1,71.88,1
813.22,phase3_gps_turn,813.15,83.12,1,71.88,1
813.29,phase4_search_pivot,813.26,0.0,1,45.0,1
813.36,phase4_search_pivot,813.26,0.0,1,45.0,1
813.42,phase3_gps_turn,813.38,83.12,1,71.88,1
813.49,phase3_gps_turn,813.38,83.12,1,71.88,1
813.56,phase3_gps_turn,813.53,83.12,1,71.88,1
813.63,phase3_gps_turn,813.53,83.12,1,71.88,1
813.7,phase4_search_pivot,813.64,0.0,1,45.0,1
813.76,phase4_search_pivot,813.64,0.0,1,45.0,1
813.83,phase3_gps_turn,813.76,83.12,1,71.88,1
813.9,phase4_search_pivot,813.88,0.0,1,45.0,1
813.97,phase4_search_pivot,813.88,0.0,1,45.0,1
814.04,phase3_gps_turn,814.0,83.12,1,71.88,1
814.11,phase3_gps_turn,814.0,83.12,1,71.88,1
814.18,phase3_gps_turn,814.15,83.12,1,71.88,1
814.24,phase3_gps_turn,814.15,83.12,1,71.88,1
814.31,phase4_search_pivot,814.26,0.0,1,45.0,1
814.38,phase4_search_pivot,814.26,0.0,1,45.0,1
814.44,phase3_gps_turn,814.38,71.88,1,83.12,1
814.51,phase3_gps_turn,814.38,71.88,1,83.12,1
814.58,phase3_gps_turn,814.53,71.88,1,83.12,1
814.64,phase4_search_pivot,814.64,0.0,1,45.0,1
814.71,phase4_search_pivot,814.64,0.0,1,45.0,1
814.78,phase3_gps_turn,814.76,71.88,1,83.12,1
814.85,phase3_gps_turn,814.76,71.88,1,83.12,1
814.91,phase4_search_pivot,814.88,0.0,1,45.0,1
814.99,phase4_search_pivot,814.88,0.0,1,45.0,1
815.05,phase3_gps_turn,815.0,71.88,1,83.12,1
815.12,phase3_gps_turn,815.0,71.88,1,83.12,1
815.19,phase3_gps_turn,815.15,71.88,1,83.12,1
815.26,phase3_gps_turn,815.15,71.88,1,83.12,1
815.33,phase4_search_pivot,815.26,0.0,1,45.0,1
815.4,phase3_gps_turn,815.39,71.88,1,83.12,1
815.46,phase3_gps_turn,815.39,71.88,1,83.12,1
815.53,phase4_search_pivot,815.5,0.0,1,45.0,1
815.6,phase4_search_pivot,815.5,0.0,1,45.0,1
815.66,phase3_gps_turn,815.62,83.12,1,71.88,1
815.73,phase3_gps_turn,815.62,83.12,1,71.88,1
815.8,phase3_gps_turn,815.77,83.12,1,71.88,1
815.86,phase3_gps_turn,815.77,83.12,1,71.88,1
815.93,phase4_search_pivot,815.88,0.0,1,45.0,1
816.0,phase4_search_pivot,815.88,0.0,1,45.0,1
816.07,phase3_gps_turn,816.0,83.12,1,71.88,1
816.14,phase3_gps_turn,816.0,83.12,1,71.88,1
816.2,phase3_gps_turn,816.16,83.12,1,71.88,1
816.27,phase4_search_pivot,816.27,0.0,1,45.0,1
816.34,phase4_search_pivot,816.27,0.0,1,45.0,1
816.41,phase3_gps_turn,816.39,83.12,1,71.88,1
816.48,phase3_gps_turn,816.39,83.12,1,71.88,1
816.54,phase4_search_pivot,816.5,0.0,1,45.0,1
816.61,phase4_search_pivot,816.5,0.0,1,45.0,1
816.67,phase3_gps_turn,816.62,83.12,1,71.88,1
816.74,phase3_gps_turn,816.62,83.12,1,71.88,1
816.81,phase3_gps_turn,816.77,83.12,1,71.88,1
816.87,phase3_gps_turn,816.77,83.12,1,71.88,1
816.94,phase4_search_pivot,816.89,0.0,1,45.0,1
817.01,phase3_gps_turn,817.01,83.12,1,71.88,1
817.08,phase3_gps_turn,817.01,83.12,1,71.88,1
817.15,phase4_search_pivot,817.12,0.0,1,45.0,1
817.21,phase4_search_pivot,817.12,0.0,1,45.0,1
817.28,phase3_gps_turn,817.24,83.12,1,71.88,1
817.35,phase3_gps_turn,817.24,83.12,1,71.88,1
817.42,phase3_gps_turn,817.39,83.12,1,71.88,1
817.48,phase3_gps_turn,817.39,83.12,1,71.88,1
817.55,phase4_search_pivot,817.5,0.0,1,45.0,1
817.62,phase4_search_pivot,817.5,0.0,1,45.0,1
817.68,phase3_gps_turn,817.63,83.12,1,71.88,1
817.75,phase3_gps_turn,817.63,83.12,1,71.88,1
817.82,phase3_gps_turn,817.78,83.12,1,71.88,1
817.88,phase3_gps_turn,817.78,83.12,1,71.88,1
817.95,phase4_search_pivot,817.89,0.0,1,45.0,1
818.02,phase3_gps_turn,818.01,83.12,1,71.88,1
818.09,phase3_gps_turn,818.01,83.12,1,71.88,1
818.16,phase4_search_pivot,818.12,0.0,1,45.0,1
818.22,phase4_search_pivot,818.12,0.0,1,45.0,1
818.29,phase3_gps_turn,818.24,83.12,1,71.88,1
818.36,phase3_gps_turn,818.24,83.12,1,71.88,1
818.43,phase3_gps_turn,818.39,83.12,1,71.88,1
818.5,phase3_gps_turn,818.39,83.12,1,71.88,1
818.56,phase4_search_pivot,818.5,0.0,1,45.0,1
818.63,phase3_gps_turn,818.63,83.12,1,71.88,1
818.7,phase3_gps_turn,818.63,83.12,1,71.88,1
818.77,phase4_search_pivot,818.74,0.0,1,45.0,1
818.83,phase4_search_pivot,818.74,0.0,1,45.0,1
818.9,phase3_gps_turn,818.86,83.12,1,71.88,1
818.97,phase3_gps_turn,818.86,83.12,1,71.88,1
819.04,phase3_gps_turn,819.01,83.12,1,71.88,1
819.1,phase3_gps_turn,819.01,83.12,1,71.88,1
819.17,phase4_search_pivot,819.12,0.0,1,45.0,1
819.24,phase4_search_pivot,819.12,0.0,1,45.0,1
819.31,phase3_gps_turn,819.24,83.12,1,71.88,1
819.38,phase3_gps_turn,819.24,83.12,1,71.88,1
819.45,phase3_gps_turn,819.4,83.12,1,71.88,1
819.51,phase4_search_pivot,819.51,0.0,1,45.0,1
819.58,phase4_search_pivot,819.51,0.0,1,45.0,1
819.65,phase3_gps_turn,819.63,83.12,1,71.88,1
819.71,phase3_gps_turn,819.63,83.12,1,71.88,1
819.78,phase4_search_pivot,819.74,0.0,1,45.0,1
819.85,phase4_search_pivot,819.74,0.0,1,45.0,1
819.92,phase3_gps_turn,819.87,83.12,1,71.88,1
819.99,phase3_gps_turn,819.87,83.12,1,71.88,1
820.06,phase3_gps_turn,820.02,83.12,1,71.88,1
820.12,phase3_gps_turn,820.02,83.12,1,71.88,1
820.2,phase4_search_pivot,820.13,0.0,1,45.0,1
820.27,phase3_gps_turn,820.25,83.12,1,71.88,1
820.34,phase3_gps_turn,820.25,83.12,1,71.88,1
820.4,phase4_search_pivot,820.36,0.0,1,45.0,1
820.47,phase4_search_pivot,820.36,0.0,1,45.0,1
820.54,phase3_gps_turn,820.48,83.12,1,71.88,1
820.6,phase3_gps_turn,820.48,83.12,1,71.88,1
820.67,phase3_gps_turn,820.63,83.12,1,71.88,1
820.74,phase3_gps_turn,820.63,83.12,1,71.88,1
820.8,phase4_search_pivot,820.74,0.0,1,45.0,1
820.87,phase3_gps_turn,820.87,83.12,1,71.88,1
820.94,phase3_gps_turn,820.87,83.12,1,71.88,1
821.01,phase3_gps_turn,820.87,83.12,1,71.88,1
821.08,phase3_gps_turn,821.02,83.12,1,71.88,1
821.15,phase4_search_pivot,821.13,0.0,1,45.0,1
821.22,phase4_search_pivot,821.13,0.0,1,45.0,1
821.28,phase3_gps_turn,821.25,83.12,1,71.88,1
821.35,phase3_gps_turn,821.25,83.12,1,71.88,1
821.43,phase4_search_pivot,821.36,0.0,1,45.0,1
821.49,phase3_gps_turn,821.49,83.12,1,71.88,1
821.57,phase3_gps_turn,821.49,83.12,1,71.88,1
821.64,phase3_gps_turn,821.64,83.12,1,71.88,1
821.71,phase3_gps_turn,821.64,83.12,1,71.88,1
821.78,phase4_search_pivot,821.75,0.0,1,45.0,1
821.85,phase4_search_pivot,821.75,0.0,1,45.0,1
821.91,phase3_gps_turn,821.87,83.12,1,71.88,1
821.98,phase3_gps_turn,821.87,83.12,1,71.88,1
822.05,phase4_search_pivot,821.98,0.0,1,45.0,1
822.11,phase3_gps_turn,822.1,83.12,1,71.88,1
822.18,phase3_gps_turn,822.1,83.12,1,71.88,1
822.24,phase3_gps_turn,822.1,83.12,1,71.88,1
822.31,phase3_gps_turn,822.25,83.12,1,71.88,1
822.38,phase4_search_pivot,822.37,0.0,1,45.0,1
822.45,phase4_search_pivot,822.37,0.0,1,45.0,1
822.52,phase3_gps_turn,822.49,83.12,1,71.88,1
822.59,phase3_gps_turn,822.49,83.12,1,71.88,1
822.66,phase3_gps_turn,822.64,83.12,1,71.88,1
822.73,phase3_gps_turn,822.64,83.12,1,71.88,1
822.8,phase4_search_pivot,822.75,0.0,1,45.0,1
822.86,phase4_search_pivot,822.75,0.0,1,45.0,1
822.93,phase3_gps_turn,822.88,83.12,1,71.88,1
822.99,phase4_search_pivot,822.99,0.0,1,45.0,1
823.06,phase4_search_pivot,822.99,0.0,1,45.0,1
823.13,phase3_gps_turn,823.11,83.12,1,71.88,1
823.19,phase3_gps_turn,823.11,83.12,1,71.88,1
823.26,phase3_gps_turn,823.11,83.12,1,71.88,1
823.32,phase3_gps_turn,823.26,83.12,1,71.88,1
823.39,phase4_search_pivot,823.37,0.0,1,45.0,1
823.46,phase4_search_pivot,823.37,0.0,1,45.0,1
823.53,phase3_gps_turn,823.49,83.12,1,71.88,1
823.6,phase3_gps_turn,823.49,83.12,1,71.88,1
823.66,phase4_search_pivot,823.6,0.0,1,45.0,1
823.73,phase3_gps_turn,823.73,83.12,1,71.88,1
823.8,phase3_gps_turn,823.73,83.12,1,71.88,1
823.87,phase3_gps_turn,823.73,83.12,1,71.88,1
823.94,phase3_gps_turn,823.88,83.12,1,71.88,1
824.0,phase4_search_pivot,823.99,0.0,1,45.0,1
824.07,phase4_search_pivot,823.99,0.0,1,45.0,1
824.13,phase3_gps_turn,824.11,83.12,1,71.88,1
824.2,phase3_gps_turn,824.11,83.12,1,71.88,1
824.27,phase3_gps_turn,824.27,83.12,1,71.88,1
824.33,phase3_gps_turn,824.27,83.12,1,71.88,1
824.4,phase4_search_pivot,824.38,0.0,1,45.0,1
824.46,phase4_search_pivot,824.38,0.0,1,45.0,1
824.53,phase3_gps_turn,824.5,83.12,1,71.88,1
824.6,phase3_gps_turn,824.5,83.12,1,71.88,1
824.66,phase4_search_pivot,824.61,0.0,1,45.0,1
824.73,phase3_gps_turn,824.73,83.12,1,71.88,1
824.8,phase3_gps_turn,824.73,83.12,1,71.88,1
824.87,phase3_gps_turn,824.73,83.12,1,71.88,1
824.94,phase3_gps_turn,824.88,83.12,1,71.88,1
825.01,phase4_search_pivot,824.99,0.0,1,45.0,1
825.07,phase4_search_pivot,824.99,0.0,1,45.0,1
825.14,phase3_gps_turn,825.11,83.12,1,71.88,1
825.21,phase3_gps_turn,825.11,83.12,1,71.88,1
825.27,phase3_gps_turn,825.27,83.12,1,71.88,1
825.34,phase3_gps_turn,825.27,83.12,1,71.88,1
825.41,phase4_search_pivot,825.38,0.0,1,45.0,1
825.47,phase4_search_pivot,825.38,0.0,1,45.0,1
825.54,phase3_gps_turn,825.5,71.88,1,83.12,1
825.61,phase4_search_pivot,825.61,0.0,1,45.0,1
825.68,phase4_search_pivot,825.61,0.0,1,45.0,1
825.74,phase3_gps_turn,825.73,71.88,1,83.12,1
825.81,phase3_gps_turn,825.73,71.88,1,83.12,1
825.88,phase3_gps_turn,825.73,71.88,1,83.12,1
825.95,phase3_gps_turn,825.88,71.88,1,83.12,1
826.02,phase4_search_pivot,826.0,0.0,1,45.0,1
826.09,phase4_search_pivot,826.0,0.0,1,45.0,1
826.16,phase3_gps_turn,826.12,71.88,1,83.12,1
826.22,phase3_gps_turn,826.12,71.88,1,83.12,1
826.29,phase4_search_pivot,826.23,0.0,1,45.0,1
826.36,phase3_gps_turn,826.35,71.88,1,83.12,1
826.42,phase3_gps_turn,826.35,71.88,1,83.12,1
826.49,phase3_gps_turn,826.35,71.88,1,83.12,1
826.56,phase3_gps_turn,826.5,83.12,1,71.88,1
826.62,phase4_search_pivot,826.61,0.0,1,45.0,1
826.7,phase4_search_pivot,826.61,0.0,1,45.0,1
826.76,phase3_gps_turn,826.73,83.12,1,71.88,1
826.84,phase3_gps_turn,826.73,83.12,1,71.88,1
826.9,phase3_gps_turn,826.89,83.12,1,71.88,1
826.97,phase3_gps_turn,826.89,83.12,1,71.88,1
827.04,phase4_search_pivot,827.0,0.0,1,45.0,1
827.11,phase4_search_pivot,827.0,0.0,1,45.0,1
827.18,phase3_gps_turn,827.12,83.12,1,71.88,1
827.25,phase4_search_pivot,827.23,0.0,1,45.0,1
827.31,phase4_search_pivot,827.23,0.0,1,45.0,1
827.38,phase3_gps_turn,827.35,71.88,1,83.12,1
827.44,phase3_gps_turn,827.35,71.88,1,83.12,1
827.51,phase3_gps_turn,827.5,71.88,1,83.12,1
827.58,phase3_gps_turn,827.5,71.88,1,83.12,1
827.65,phase4_search_pivot,827.61,0.0,1,45.0,1
827.72,phase4_search_pivot,827.61,0.0,1,45.0,1
827.78,phase3_gps_turn,827.73,71.88,1,83.12,1
827.85,phase4_search_pivot,827.84,0.0,1,45.0,1
827.92,phase4_search_pivot,827.84,0.0,1,45.0,1
827.99,phase3_gps_turn,827.97,71.88,1,83.12,1
828.05,phase3_gps_turn,827.97,71.88,1,83.12,1
828.13,phase3_gps_turn,828.12,71.88,1,83.12,1
828.2,phase3_gps_turn,828.12,71.88,1,83.12,1
828.27,phase4_search_pivot,828.23,0.0,1,45.0,1
828.34,phase4_search_pivot,828.23,0.0,1,45.0,1
828.4,phase3_gps_turn,828.35,83.12,1,71.88,1
828.47,phase4_search_pivot,828.46,0.0,1,45.0,1
828.54,phase4_search_pivot,828.46,0.0,1,45.0,1
828.6,phase3_gps_turn,828.59,83.12,1,71.88,1
828.67,phase3_gps_turn,828.59,83.12,1,71.88,1
828.74,phase3_gps_turn,828.74,83.12,1,71.88,1
828.81,phase3_gps_turn,828.74,83.12,1,71.88,1
828.87,phase4_search_pivot,828.85,0.0,1,45.0,1
828.94,phase4_search_pivot,828.85,0.0,1,45.0,1
829.0,phase3_gps_turn,828.97,83.12,1,71.88,1
829.07,phase3_gps_turn,828.97,83.12,1,71.88,1
829.14,phase3_gps_turn,829.12,83.12,1,71.88,1
829.2,phase3_gps_turn,829.12,83.12,1,71.88,1
829.28,phase4_search_pivot,829.23,0.0,1,45.0,1
829.34,phase4_search_pivot,829.23,0.0,1,45.0,1
829.41,phase3_gps_turn,829.35,83.12,1,71.88,1
829.48,phase4_search_pivot,829.47,0.0,1,45.0,1
829.55,phase4_search_pivot,829.47,0.0,1,45.0,1
829.62,phase3_gps_turn,829.59,83.12,1,71.88,1
829.69,phase3_gps_turn,829.59,83.12,1,71.88,1
829.75,phase3_gps_turn,829.74,83.12,1,71.88,1
829.83,phase3_gps_turn,829.74,83.12,1,71.88,1
829.89,phase4_search_pivot,829.85,0.0,1,45.0,1
829.96,phase4_search_pivot,829.85,0.0,1,45.0,1
830.03,phase3_gps_turn,829.97,83.12,1,71.88,1
830.1,phase5_approach_forward,830.08,80.0,1,80.0,1
830.17,phase5_approach_forward,830.15,80.0,1,80.0,1
830.23,phase5_approach_forward,830.15,80.0,1,80.0,1
830.3,phase3_gps_turn,830.27,83.12,1,71.88,1
830.37,phase3_gps_turn,830.27,83.12,1,71.88,1
830.44,phase4_search_pivot,830.38,0.0,1,45.0,1
830.51,phase5_approach_forward,830.46,80.0,1,80.0,1
830.58,phase5_approach_forward,830.46,80.0,1,80.0,1
830.65,phase3_gps_turn,830.58,71.88,1,83.12,1
830.72,phase4_search_pivot,830.69,0.0,1,45.0,1
830.79,phase5_approach_forward,830.76,80.0,1,80.0,1
830.86,phase5_approach_forward,830.76,80.0,1,80.0,1
830.92,phase3_gps_turn,830.89,71.88,1,83.12,1
830.99,phase5_approach_forward,830.99,80.0,1,80.0,1
831.06,phase5_approach_forward,831.06,80.0,1,80.0,1
831.13,phase5_approach_forward,831.06,80.0,1,80.0,1
831.2,phase3_gps_turn,831.18,71.88,1,83.12,1
831.27,phase3_gps_turn,831.18,71.88,1,83.12,1
831.33,phase4_search_pivot,831.29,0.0,1,45.0,1
831.4,phase5_approach_forward,831.36,80.0,1,80.0,1
831.47,phase5_approach_forward,831.36,80.0,1,80.0,1
831.54,phase3_gps_turn,831.48,83.12,1,71.88,1
831.61,phase4_search_pivot,831.6,0.0,1,45.0,1
831.67,phase5_approach_forward,831.67,80.0,1,80.0,1
831.74,phase5_approach_forward,831.67,80.0,1,80.0,1
831.81,phase3_gps_turn,831.79,83.12,1,71.88,1
831.87,phase3_gps_turn,831.79,83.12,1,71.88,1
831.94,phase4_search_pivot,831.9,0.0,1,45.0,1
832.01,phase5_approach_forward,831.97,80.0,1,80.0,1
832.08,phase5_approach_forward,831.97,80.0,1,80.0,1
832.14,phase3_gps_turn,832.09,83.12,1,71.88,1
832.21,phase4_search_pivot,832.2,0.0,1,45.0,1
832.28,phase5_approach_forward,832.27,80.0,1,80.0,1
832.35,phase5_approach_forward,832.27,80.0,1,80.0,1
832.41,phase3_gps_turn,832.4,83.12,1,71.88,1
832.48,phase3_gps_turn,832.4,83.12,1,71.88,1
832.55,phase4_search_pivot,832.51,0.0,1,45.0,1
832.63,phase5_approach_forward,832.58,80.0,1,80.0,1
832.69,phase5_approach_forward,832.58,80.0,1,80.0,1
832.76,phase3_gps_turn,832.7,83.12,1,71.88,1
832.83,phase4_search_pivot,832.81,0.0,1,45.0,1
832.9,phase5_approach_forward,832.88,80.0,1,80.0,1
832.96,phase5_approach_forward,832.88,80.0,1,80.0,1
833.03,phase3_gps_turn,833.0,83.12,1,71.88,1
833.1,phase3_gps_turn,833.0,83.12,1,71.88,1
833.17,phase4_search_pivot,833.11,0.0,1,45.0,1
833.23,phase5_approach_forward,833.19,80.0,1,80.0,1
833.3,phase5_approach_forward,833.19,80.0,1,80.0,1
833.36,phase3_gps_turn,833.31,83.12,1,71.88,1
833.43,phase4_search_pivot,833.42,0.0,1,45.0,1
833.5,phase5_approach_forward,833.49,80.0,1,80.0,1
833.58,phase5_approach_forward,833.49,80.0,1,80.0,1
833.64,phase3_gps_turn,833.61,71.88,1,83.12,1
833.71,phase3_gps_turn,833.61,71.88,1,83.12,1
833.78,phase4_search_pivot,833.73,0.0,1,45.0,1
833.85,phase5_approach_forward,833.8,80.0,1,80.0,1
833.92,phase5_approach_forward,833.8,80.0,1,80.0,1
833.98,phase3_gps_turn,833.92,71.88,1,83.12,1
834.06,phase4_search_pivot,834.03,0.0,1,45.0,1
834.13,phase5_approach_forward,834.1,80.0,1,80.0,1
834.19,phase5_approach_forward,834.1,80.0,1,80.0,1
834.26,phase3_gps_turn,834.22,71.88,1,83.12,1
834.33,phase3_gps_turn,834.22,71.88,1,83.12,1
834.4,phase4_search_pivot,834.33,0.0,1,45.0,1
834.47,phase5_approach_forward,834.41,80.0,1,80.0,1
834.54,phase3_gps_turn,834.53,83.12,1,71.88,1
834.61,phase3_gps_turn,834.53,83.12,1,71.88,1
834.67,phase4_search_pivot,834.64,0.0,1,45.0,1
834.74,phase5_approach_forward,834.71,80.0,1,80.0,1
834.81,phase5_approach_forward,834.71,80.0,1,80.0,1
834.88,phase3_gps_turn,834.83,83.12,1,71.88,1
834.95,phase5_approach_forward,834.94,80.0,1,80.0,1
835.02,phase5_approach_forward,835.01,80.0,1,80.0,1
835.08,phase5_approach_forward,835.01,80.0,1,80.0,1
835.15,phase3_gps_turn,835.13,83.12,1,71.88,1
835.21,phase3_gps_turn,835.13,83.12,1,71.88,1
835.28,phase4_search_pivot,835.24,0.0,1,45.0,1
835.35,phase5_approach_forward,835.31,80.0,1,80.0,1
835.42,phase5_approach_forward,835.31,80.0,1,80.0,1
835.49,phase3_gps_turn,835.43,71.88,1,83.12,1
835.56,phase4_search_pivot,835.54,0.0,1,45.0,1
835.63,phase5_approach_forward,835.61,80.0,1,80.0,1
835.7,phase5_approach_forward,835.61,80.0,1,80.0,1
835.77,phase3_gps_turn,835.74,71.88,1,83.12,1
835.84,phase3_gps_turn,835.74,71.88,1,83.12,1
835.91,phase4_search_pivot,835.85,0.0,1,45.0,1
835.97,phase5_approach_forward,835.92,80.0,1,80.0,1
836.04,phase5_approach_forward,835.92,80.0,1,80.0,1
836.11,phase3_gps_turn,836.04,71.88,1,83.12,1
836.18,phase4_search_pivot,836.16,0.0,1,45.0,1
836.24,phase5_approach_forward,836.23,80.0,1,80.0,1
836.31,phase5_approach_forward,836.23,80.0,1,80.0,1
836.38,phase3_gps_turn,836.35,71.88,1,83.12,1
836.44,phase3_gps_turn,836.35,71.88,1,83.12,1
836.51,phase4_search_pivot,836.46,0.0,1,45.0,1
836.58,phase5_approach_forward,836.53,80.0,1,80.0,1
836.64,phase5_approach_forward,836.53,80.0,1,80.0,1
836.71,phase3_gps_turn,836.65,71.88,1,83.12,1
836.78,phase4_search_pivot,836.76,0.0,1,45.0,1
836.84,phase5_approach_forward,836.83,80.0,1,80.0,1
836.91,phase5_approach_forward,836.83,80.0,1,80.0,1
836.98,phase3_gps_turn,836.96,71.88,1,83.12,1
837.05,phase3_gps_turn,836.96,71.88,1,83.12,1
837.12,phase4_search_pivot,837.07,0.0,1,45.0,1
837.19,phase5_approach_forward,837.14,80.0,1,80.0,1
837.26,phase5_approach_forward,837.14,80.0,1,80.0,1
837.32,phase3_gps_turn,837.26,71.88,1,83.12,1
837.39,phase4_search_pivot,837.37,0.0,1,45.0,1
837.46,phase5_approach_forward,837.44,80.0,1,80.0,1
837.53,phase5_approach_forward,837.44,80.0,1,80.0,1
837.6,phase3_gps_turn,837.57,83.12,1,71.88,1
837.67,phase3_gps_turn,837.57,83.12,1,71.88,1
837.74,phase4_search_pivot,837.68,0.0,1,45.0,1
837.81,phase5_approach_forward,837.75,80.0,1,80.0,1
837.88,phase3_gps_turn,837.87,83.12,1,71.88,1
837.95,phase3_gps_turn,837.87,83.12,1,71.88,1
838.02,phase4_search_pivot,837.98,0.0,1,45.0,1
838.08,phase5_approach_forward,838.05,80.0,1,80.0,1
838.15,phase5_approach_forward,838.05,80.0,1,80.0,1
838.22,phase3_gps_turn,838.18,83.12,1,71.88,1
838.29,phase4_search_pivot,838.29,0.0,1,45.0,1
838.36,phase4_search_pivot,838.29,0.0,1,45.0,1
838.43,phase5_approach_forward,838.36,80.0,1,80.0,1
838.49,phase3_gps_turn,838.48,83.12,1,71.88,1
838.56,phase3_gps_turn,838.48,83.12,1,71.88,1
838.63,phase4_search_pivot,838.59,0.0,1,45.0,1
838.7,phase5_approach_forward,838.66,80.0,1,80.0,1
838.77,phase5_approach_forward,838.66,80.0,1,80.0,1
838.83,phase3_gps_turn,838.78,83.12,1,71.88,1
838.9,phase4_search_pivot,838.89,0.0,1,45.0,1
838.96,phase4_search_pivot,838.89,0.0,1,45.0,1
839.03,phase5_approach_forward,838.97,80.0,1,80.0,1
839.1,phase3_gps_turn,839.09,83.12,1,71.88,1
839.17,phase3_gps_turn,839.09,83.12,1,71.88,1
839.23,phase4_search_pivot,839.2,0.0,1,45.0,1
839.3,phase5_approach_forward,839.27,80.0,1,80.0,1
839.38,phase5_approach_forward,839.27,80.0,1,80.0,1
839.44,phase3_gps_turn,839.39,83.12,1,71.88,1
839.51,phase4_search_pivot,839.5,0.0,1,45.0,1
839.58,phase5_approach_forward,839.57,80.0,1,80.0,1
839.65,phase5_approach_forward,839.57,80.0,1,80.0,1
839.72,phase3_gps_turn,839.69,71.88,1,83.12,1
839.79,phase3_gps_turn,839.69,71.88,1,83.12,1
839.86,phase4_search_pivot,839.81,0.0,1,45.0,1
839.92,phase5_approach_forward,839.88,80.0,1,80.0,1
839.99,phase5_approach_forward,839.88,80.0,1,80.0,1
840.06,phase3_gps_turn,840.0,71.88,1,83.12,1
840.13,phase4_search_pivot,840.11,0.0,1,45.0,1
840.2,phase5_approach_forward,840.18,80.0,1,80.0,1
840.27,phase5_approach_forward,840.18,80.0,1,80.0,1
840.34,phase3_gps_turn,840.31,71.88,1,83.12,1
840.41,phase3_gps_turn,840.31,71.88,1,83.12,1
840.47,phase4_search_pivot,840.42,0.0,1,45.0,1
840.54,phase5_approach_forward,840.49,80.0,1,80.0,1
840.61,phase5_approach_forward,840.49,80.0,1,80.0,1
840.68,phase3_gps_turn,840.61,71.88,1,83.12,1
840.74,phase4_search_pivot,840.72,0.0,1,45.0,1
840.82,phase5_approach_forward,840.8,80.0,1,80.0,1
840.89,phase5_approach_forward,840.8,80.0,1,80.0,1
840.95,phase3_gps_turn,840.92,71.88,1,83.12,1
841.02,phase3_gps_turn,840.92,71.88,1,83.12,1
841.09,phase5_approach_forward,841.02,80.0,1,80.0,1
841.16,phase5_approach_forward,841.09,80.0,1,80.0,1
841.23,phase3_gps_turn,841.22,71.88,1,83.12,1
841.3,phase3_gps_turn,841.22,71.88,1,83.12,1
841.36,phase4_search_pivot,841.33,0.0,1,45.0,1
841.43,phase5_approach_forward,841.4,80.0,1,80.0,1
841.5,phase5_approach_forward,841.4,80.0,1,80.0,1
841.56,phase3_gps_turn,841.52,71.88,1,83.12,1
841.63,phase4_search_pivot,841.63,0.0,1,45.0,1
841.71,phase5_approach_forward,841.7,80.0,1,80.0,1
841.78,phase5_approach_forward,841.7,80.0,1,80.0,1
841.84,phase3_gps_turn,841.82,71.88,1,83.12,1
841.91,phase3_gps_turn,841.82,71.88,1,83.12,1
841.98,phase4_search_pivot,841.93,0.0,1,45.0,1
842.05,phase5_approach_forward,842.0,80.0,1,80.0,1
842.12,phase5_approach_forward,842.0,80.0,1,80.0,1
842.18,phase3_gps_turn,842.13,71.88,1,83.12,1
842.25,phase4_search_pivot,842.24,0.0,1,45.0,1
842.32,phase5_approach_forward,842.31,80.0,1,80.0,1
842.38,phase5_approach_forward,842.31,80.0,1,80.0,1
842.45,phase3_gps_turn,842.43,71.88,1,83.12,1
842.52,phase3_gps_turn,842.43,71.88,1,83.12,1
842.58,phase4_search_pivot,842.54,0.0,1,45.0,1
842.65,phase5_approach_forward,842.61,80.0,1,80.0,1
842.72,phase5_approach_forward,842.61,80.0,1,80.0,1
842.79,phase3_gps_turn,842.73,71.88,1,83.12,1
842.86,phase4_search_pivot,842.85,0.0,1,45.0,1
842.93,phase5_approach_forward,842.92,80.0,1,80.0,1
842.99,phase5_approach_forward,842.92,80.0,1,80.0,1
843.06,phase3_gps_turn,843.04,71.88,1,83.12,1
843.13,phase3_gps_turn,843.04,71.88,1,83.12,1
843.2,phase4_search_pivot,843.15,0.0,1,45.0,1
843.27,phase5_approach_forward,843.22,80.0,1,80.0,1
843.34,phase5_approach_forward,843.22,80.0,1,80.0,1
843.41,phase3_gps_turn,843.35,71.88,1,83.12,1
843.48,phase4_search_pivot,843.46,0.0,1,45.0,1
843.54,phase5_approach_forward,843.53,80.0,1,80.0,1
843.61,phase5_approach_forward,843.53,80.0,1,80.0,1
843.68,phase3_gps_turn,843.65,71.88,1,83.12,1
843.75,phase3_gps_turn,843.65,71.88,1,83.12,1
843.81,phase4_search_pivot,843.76,0.0,1,45.0,1
843.88,phase5_approach_forward,843.83,80.0,1,80.0,1
843.94,phase5_approach_forward,843.83,80.0,1,80.0,1
844.01,phase3_gps_turn,843.95,71.88,1,83.12,1
844.08,phase4_search_pivot,844.06,0.0,1,45.0,1
844.14,phase5_approach_forward,844.14,80.0,1,80.0,1
844.21,phase5_approach_forward,844.14,80.0,1,80.0,1
844.28,phase3_gps_turn,844.26,71.88,1,83.12,1
844.35,phase3_gps_turn,844.26,71.88,1,83.12,1
844.42,phase4_search_pivot,844.37,0.0,1,45.0,1
844.49,phase5_approach_forward,844.44,80.0,1,80.0,1
844.56,phase5_approach_forward,844.44,80.0,1,80.0,1
844.62,phase3_gps_turn,844.56,83.12,1,71.88,1
844.69,phase4_search_pivot,844.67,0.0,1,45.0,1
844.76,phase5_approach_forward,844.75,80.0,1,80.0,1
844.82,phase5_approach_forward,844.75,80.0,1,80.0,1
844.89,phase3_gps_turn,844.87,83.12,1,71.88,1
844.96,phase3_gps_turn,844.87,83.12,1,71.88,1
845.02,phase4_search_pivot,844.98,0.0,1,45.0,1
845.09,phase5_approach_forward,845.05,80.0,1,80.0,1
845.16,phase5_approach_forward,845.05,80.0,1,80.0,1
845.23,phase3_gps_turn,845.17,83.12,1,71.88,1
845.3,phase4_search_pivot,845.28,0.0,1,45.0,1
845.37,phase5_approach_forward,845.35,80.0,1,80.0,1
845.44,phase5_approach_forward,845.35,80.0,1,80.0,1
845.51,phase3_gps_turn,845.48,71.88,1,83.12,1
845.58,phase3_gps_turn,845.48,71.88,1,83.12,1
845.65,phase4_search_pivot,845.59,0.0,1,45.0,1
845.71,phase5_approach_forward,845.66,80.0,1,80.0,1
845.78,phase5_approach_forward,845.66,80.0,1,80.0,1
845.85,phase3_gps_turn,845.78,71.88,1,83.12,1
845.92,phase4_search_pivot,845.89,0.0,1,45.0,1
845.99,phase5_approach_forward,845.97,80.0,1,80.0,1
846.05,phase5_approach_forward,845.97,80.0,1,80.0,1
846.12,phase3_gps_turn,846.09,71.88,1,83.12,1
846.19,phase3_gps_turn,846.09,71.88,1,83.12,1
846.25,phase4_search_pivot,846.2,0.0,1,45.0,1
846.32,phase5_approach_forward,846.27,80.0,1,80.0,1
846.39,phase5_approach_forward,846.27,80.0,1,80.0,1
846.45,phase3_gps_turn,846.39,71.88,1,83.12,1
846.52,phase4_search_pivot,846.5,0.0,1,45.0,1
846.6,phase5_approach_forward,846.58,80.0,1,80.0,1
846.67,phase5_approach_forward,846.58,80.0,1,80.0,1
846.74,phase3_gps_turn,846.7,71.88,1,83.12,1
846.8,phase5_approach_forward,846.8,80.0,1,80.0,1
846.87,phase5_approach_forward,846.8,80.0,1,80.0,1
846.94,phase5_approach_forward,846.87,80.0,1,80.0,1
847.01,phase3_gps_turn,846.99,71.88,1,83.12,1
847.07,phase3_gps_turn,846.99,71.88,1,83.12,1
847.14,phase4_search_pivot,847.1,0.0,1,45.0,1
847.21,phase5_approach_forward,847.17,80.0,1,80.0,1
847.28,phase5_approach_forward,847.17,80.0,1,80.0,1
847.34,phase3_gps_turn,847.3,71.88,1,83.12,1
847.41,phase4_search_pivot,847.41,0.0,1,45.0,1
847.48,phase4_search_pivot,847.41,0.0,1,45.0,1
847.55,phase5_approach_forward,847.48,80.0,1,80.0,1
847.62,phase3_gps_turn,847.6,71.88,1,83.12,1
847.66,stop,847.66,0.0,1,0.0,1
847.68,stop,847.66,0.0,1,0.0,1
847.75,stop,847.66,0.0,1,0.0,1
847.82,stop,847.75,0.0,1,0.0,1
847.89,stop,847.75,0.0,1,0.0,1
