ElapsedSec,ConeDir,ConeProb,ConeMethod,ObstacleDist
0.0,0.5,0.0,,999.0
0.0,0.5,0.0,,999.0
0.0,0.5,0.0,,999.0
0.0,0.5,0.0,,999.0
0.0,0.5,0.0,,999.0
0.0,0.5,0.0,,999.0
0.0,0.5,0.0,,999.0
0.0,0.5,0.0,,999.0
0.0,0.5,0.0,,999.0
0.0,0.5,0.0,,999.0
0.0,0.5,0.0,,999.0
0.0,0.5,0.0,,999.0
0.0,0.5,0.0,,999.0
0.0,0.5,0.0,,999.0
0.0,0.5,0.0,,999.0
0.0,0.5,0.0,,999.0
0.0,0.5,0.0,,999.0
0.0,0.5,0.0,,999.0
0.0,0.5,0.0,,999.0
0.05,0.5,0.0,,999.0
0.12,0.5,0.0,,999.0
0.19,0.5,0.0,,999.0
0.25,0.5,0.0,,999.0
0.32,0.5,0.0,,999.0
0.38,0.5,0.0,,999.0
0.45,0.5,0.0,,999.0
0.51,0.5,0.0,,999.0
0.58,0.5,0.0,,999.0
0.64,0.5,0.0,,999.0
0.71,0.5,0.0,,999.0
0.78,0.5,0.0,,999.0
0.84,0.5,0.0,,999.0
0.91,0.5,0.0,,999.0
0.97,0.5,0.0,,999.0
1.04,0.5,0.0,,999.0
1.1,0.5,0.0,,999.0
1.17,0.5,0.0,,999.0
1.23,0.5,0.0,,999.0
1.3,0.5,0.0,,999.0
1.37,0.5,0.0,,999.0
1.43,0.5,0.0,,999.0
1.5,0.5,0.0,,999.0
1.56,0.5,0.0,,999.0
1.63,0.5,0.0,,999.0
1.69,0.5,0.0,,999.0
1.76,0.5,0.0,,999.0
1.83,0.5,0.0,,999.0
1.89,0.5,0.0,,999.0
1.96,0.5,0.0,,999.0
2.02,0.5,0.0,,999.0
2.09,0.5,0.0,,999.0
2.16,0.5,0.0,,999.0
2.22,0.5,0.0,,999.0
2.29,0.5,0.0,,999.0
2.35,0.5,0.0,,999.0
2.42,0.5,0.0,,999.0
2.48,0.5,0.0,,999.0
2.55,0.5,0.0,,999.0
2.62,0.5,0.0,,999.0
2.68,0.5,0.0,,999.0
2.75,0.5,0.0,,999.0
2.81,0.5,0.0,,999.0
2.88,0.5,0.0,,999.0
2.94,0.5,0.0,,999.0
3.01,0.5,0.0,,999.0
3.08,0.5,0.0,,999.0
3.14,0.5,0.0,,999.0
3.21,0.5,0.0,,999.0
3.27,0.5,0.0,,999.0
3.34,0.5,0.0,,999.0
3.41,0.5,0.0,,999.0
3.47,0.5,0.0,,999.0
3.54,0.5,0.0,,999.0
3.61,0.5,0.0,,999.0
3.67,0.5,0.0,,999.0
3.74,0.5,0.0,,999.0
3.81,0.5,0.0,,999.0
3.87,0.5,0.0,,999.0
3.94,0.5,0.0,,999.0
4.01,0.5,0.0,,999.0
4.07,0.5,0.0,,999.0
4.16,0.5,0.0,,999.0
4.22,0.5,0.0,,999.0
4.29,0.5,0.0,,999.0
4.36,0.5,0.0,,999.0
4.43,0.5,0.0,,999.0
4.5,0.5,0.0,,999.0
4.56,0.5,0.0,,999.0
4.63,0.5,0.0,,999.0
4.69,0.5,0.0,,999.0
4.76,0.5,0.0,,999.0
4.83,0.5,0.0,,999.0
4.9,0.5,0.0,,999.0
4.97,0.5,0.0,,999.0
5.03,0.5,0.0,,999.0
5.1,0.5,0.0,,999.0
5.16,0.5,0.0,,999.0
5.23,0.5,0.0,,999.0
5.3,0.5,0.0,,999.0
5.36,0.5,0.0,,999.0
5.43,0.5,0.0,,999.0
5.5,0.5,0.0,,999.0
5.56,0.5,0.0,,999.0
5.63,0.5,0.0,,999.0
5.69,0.5,0.0,,999.0
5.76,0.5,0.0,,999.0
5.82,0.5,0.0,,999.0
5.89,0.5,0.0,,999.0
5.96,0.5,0.0,,999.0
6.02,0.5,0.0,,999.0
6.09,0.5,0.0,,999.0
6.15,0.5,0.0,,999.0
6.22,0.5,0.0,,999.0
6.29,0.5,0.0,,999.0
6.36,0.5,0.0,,999.0
6.42,0.5,0.0,,999.0
6.49,0.5,0.0,,999.0
6.56,0.5,0.0,,999.0
6.62,0.5,0.0,,999.0
6.69,0.5,0.0,,999.0
6.75,0.5,0.0,,999.0
6.82,0.5,0.0,,999.0
6.89,0.5,0.0,,999.0
6.95,0.5,0.0,,999.0
7.02,0.5,0.0,,999.0
7.08,0.5,0.0,,999.0
7.15,0.5,0.0,,999.0
7.22,0.5,0.0,,999.0
7.28,0.5,0.0,,999.0
7.35,0.5,0.0,,999.0
7.42,0.5,0.0,,999.0
7.48,0.5,0.0,,999.0
7.55,0.5,0.0,,999.0
7.62,0.5,0.0,,999.0
7.68,0.5,0.0,,999.0
7.75,0.5,0.0,,999.0
7.81,0.5,0.0,,999.0
7.88,0.5,0.0,,999.0
7.95,0.5,0.0,,999.0
8.01,0.5,0.0,,999.0
8.08,0.5,0.0,,999.0
8.15,0.5,0.0,,999.0
8.21,0.5,0.0,,999.0
8.28,0.5,0.0,,999.0
8.34,0.5,0.0,,999.0
8.41,0.5,0.0,,999.0
8.48,0.5,0.0,,999.0
8.55,0.5,0.0,,999.0
8.61,0.5,0.0,,999.0
8.68,0.5,0.0,,999.0
8.75,0.5,0.0,,999.0
8.81,0.5,0.0,,999.0
8.88,0.5,0.0,,999.0
8.95,0.5,0.0,,999.0
9.01,0.5,0.0,,999.0
9.08,0.5,0.0,,999.0
9.15,0.5,0.0,,999.0
9.21,0.5,0.0,,999.0
9.28,0.5,0.0,,999.0
9.35,0.5,0.0,,999.0
9.42,0.5,0.0,,999.0
9.48,0.5,0.0,,999.0
9.55,0.5,0.0,,999.0
9.62,0.5,0.0,,999.0
9.68,0.5,0.0,,999.0
9.75,0.5,0.0,,999.0
9.82,0.5,0.0,,999.0
9.88,0.5,0.0,,999.0
9.95,0.5,0.0,,999.0
10.02,0.5,0.0,,999.0
10.08,0.5,0.0,,999.0
10.15,0.5,0.0,,999.0
10.22,0.5,0.0,,999.0
10.28,0.5,0.0,,999.0
10.35,0.5,0.0,,999.0
10.42,0.5,0.0,,999.0
10.48,0.5,0.0,,999.0
10.55,0.5,0.0,,999.0
10.62,0.5,0.0,,999.0
10.68,0.5,0.0,,999.0
10.75,0.5,0.0,,999.0
10.82,0.5,0.0,,999.0
10.89,0.5,0.0,,999.0
10.96,0.5,0.0,,999.0
11.02,0.5,0.0,,999.0
11.09,0.5,0.0,,999.0
11.16,0.5,0.0,,999.0
11.22,0.5,0.0,,999.0
11.29,0.5,0.0,,999.0
11.35,0.5,0.0,,999.0
11.42,0.5,0.0,,999.0
11.49,0.5,0.0,,999.0
11.55,0.5,0.0,,999.0
11.62,0.5,0.0,,999.0
11.68,0.5,0.0,,999.0
11.75,0.5,0.0,,999.0
11.82,0.5,0.0,,999.0
11.88,0.5,0.0,,999.0
11.95,0.5,0.0,,999.0
12.02,0.5,0.0,,999.0
12.08,0.5,0.0,,999.0
12.15,0.5,0.0,,999.0
12.21,0.5,0.0,,999.0
12.28,0.5,0.0,,999.0
12.35,0.5,0.0,,999.0
12.41,0.5,0.0,,999.0
12.48,0.5,0.0,,999.0
12.54,0.5,0.0,,999.0
12.61,0.5,0.0,,999.0
12.67,0.5,0.0,,999.0
12.74,0.5,0.0,,999.0
12.81,0.5,0.0,,999.0
12.87,0.5,0.0,,999.0
12.94,0.5,0.0,,999.0
13.01,0.5,0.0,,999.0
13.1,0.5,0.0,,999.0
13.16,0.5,0.0,,999.0
13.23,0.5,0.0,,999.0
13.3,0.5,0.0,,999.0
13.36,0.5,0.0,,999.0
13.43,0.5,0.0,,999.0
13.5,0.5,0.0,,999.0
13.56,0.5,0.0,,999.0
13.63,0.5,0.0,,999.0
13.69,0.5,0.0,,999.0
13.76,0.5,0.0,,999.0
13.83,0.5,0.0,,999.0
13.89,0.5,0.0,,999.0
13.96,0.5,0.0,,999.0
14.04,0.5,0.0,,999.0
14.1,0.5,0.0,,999.0
14.17,0.5,0.0,,999.0
14.24,0.5,0.0,,999.0
14.3,0.5,0.0,,999.0
14.37,0.5,0.0,,999.0
14.44,0.5,0.0,,999.0
14.5,0.5,0.0,,999.0
14.57,0.5,0.0,,999.0
14.63,0.5,0.0,,999.0
14.7,0.5,0.0,,999.0
14.77,0.5,0.0,,999.0
14.83,0.5,0.0,,999.0
14.9,0.5,0.0,,999.0
14.97,0.5,0.0,,999.0
15.03,0.5,0.0,,999.0
15.1,0.5,0.0,,999.0
15.17,0.5,0.0,,999.0
15.23,0.5,0.0,,999.0
15.3,0.5,0.0,,999.0
15.37,0.5,0.0,,999.0
15.43,0.5,0.0,,999.0
15.5,0.5,0.0,,999.0
15.57,0.5,0.0,,999.0
15.63,0.5,0.0,,999.0
15.7,0.5,0.0,,999.0
15.77,0.5,0.0,,999.0
15.83,0.5,0.0,,999.0
15.9,0.5,0.0,,999.0
15.97,0.5,0.0,,999.0
16.03,0.5,0.0,,999.0
16.1,0.5,0.0,,999.0
16.16,0.5,0.0,,999.0
16.23,0.5,0.0,,999.0
16.3,0.5,0.0,,999.0
16.37,0.5,0.0,,999.0
16.43,0.5,0.0,,999.0
16.5,0.5,0.0,,999.0
16.56,0.5,0.0,,999.0
16.63,0.5,0.0,,999.0
16.7,0.5,0.0,,999.0
16.76,0.5,0.0,,999.0
16.83,0.5,0.0,,999.0
16.9,0.5,0.0,,999.0
16.96,0.5,0.0,,999.0
17.03,0.5,0.0,,999.0
17.1,0.5,0.0,,999.0
17.17,0.5,0.0,,999.0
17.24,0.5,0.0,,999.0
17.31,0.5,0.0,,999.0
17.37,0.5,0.0,,999.0
17.44,0.5,0.0,,999.0
17.5,0.5,0.0,,999.0
17.57,0.5,0.0,,999.0
17.64,0.5,0.0,,999.0
17.7,0.5,0.0,,999.0
17.77,0.5,0.0,,999.0
17.83,0.5,0.0,,999.0
17.9,0.5,0.0,,999.0
17.97,0.5,0.0,,999.0
18.03,0.5,0.0,,999.0
18.1,0.5,0.0,,999.0
18.16,0.5,0.0,,999.0
18.23,0.5,0.0,,999.0
18.3,0.5,0.0,,999.0
18.36,0.5,0.0,,999.0
18.43,0.5,0.0,,999.0
18.5,0.5,0.0,,999.0
18.56,0.5,0.0,,999.0
18.63,0.5,0.0,,999.0
18.69,0.5,0.0,,999.0
18.76,0.5,0.0,,999.0
18.83,0.5,0.0,,999.0
18.89,0.5,0.0,,999.0
18.96,0.5,0.0,,999.0
19.02,0.5,0.0,,999.0
19.09,0.5,0.0,,999.0
19.16,0.5,0.0,,999.0
19.22,0.5,0.0,,999.0
19.29,0.5,0.0,,999.0
19.35,0.5,0.0,,999.0
19.42,0.5,0.0,,999.0
19.49,0.5,0.0,,999.0
19.55,0.5,0.0,,999.0
19.62,0.5,0.0,,999.0
19.69,0.5,0.0,,999.0
19.75,0.5,0.0,,999.0
19.82,0.5,0.0,,999.0
19.88,0.5,0.0,,999.0
19.95,0.5,0.0,,999.0
20.02,0.5,0.0,,999.0
20.08,0.5,0.0,,999.0
20.15,0.5,0.0,,999.0
20.22,0.5,0.0,,999.0
20.28,0.5,0.0,,999.0
20.35,0.5,0.0,,999.0
20.42,0.5,0.0,,999.0
20.48,0.5,0.0,,999.0
20.55,0.5,0.0,,999.0
20.61,0.5,0.0,,999.0
20.68,0.5,0.0,,999.0
20.75,0.5,0.0,,999.0
20.81,0.5,0.0,,999.0
20.88,0.5,0.0,,999.0
20.95,0.5,0.0,,999.0
21.01,0.5,0.0,,999.0
21.08,0.5,0.0,,999.0
21.15,0.5,0.0,,999.0
21.21,0.5,0.0,,999.0
21.28,0.5,0.0,,999.0
21.34,0.5,0.0,,999.0
21.41,0.5,0.0,,999.0
21.48,0.5,0.0,,999.0
21.54,0.5,0.0,,999.0
21.61,0.5,0.0,,999.0
21.68,0.5,0.0,,999.0
21.74,0.5,0.0,,999.0
21.81,0.5,0.0,,999.0
21.88,0.5,0.0,,999.0
21.94,0.5,0.0,,999.0
22.01,0.5,0.0,,999.0
22.08,0.5,0.0,,999.0
22.14,0.5,0.0,,999.0
22.21,0.5,0.0,,999.0
22.28,0.5,0.0,,999.0
22.34,0.5,0.0,,999.0
22.41,0.5,0.0,,999.0
22.48,0.5,0.0,,999.0
22.54,0.5,0.0,,999.0
22.61,0.5,0.0,,999.0
22.68,0.5,0.0,,999.0
22.74,0.5,0.0,,999.0
22.81,0.5,0.0,,999.0
22.88,0.5,0.0,,999.0
22.94,0.5,0.0,,999.0
23.01,0.5,0.0,,999.0
23.08,0.5,0.0,,999.0
23.14,0.5,0.0,,999.0
23.21,0.5,0.0,,999.0
23.28,0.5,0.0,,999.0
23.34,0.5,0.0,,999.0
23.41,0.5,0.0,,999.0
23.48,0.5,0.0,,999.0
23.54,0.5,0.0,,999.0
23.61,0.5,0.0,,999.0
23.68,0.5,0.0,,999.0
23.74,0.5,0.0,,999.0
23.81,0.5,0.0,,999.0
23.88,0.5,0.0,,999.0
23.95,0.5,0.0,,999.0
24.02,0.5,0.0,,999.0
24.08,0.5,0.0,,999.0
24.15,0.5,0.0,,999.0
24.21,0.5,0.0,,999.0
24.28,0.5,0.0,,999.0
24.35,0.5,0.0,,999.0
24.41,0.5,0.0,,999.0
24.48,0.5,0.0,,999.0
24.54,0.5,0.0,,999.0
24.61,0.5,0.0,,999.0
24.67,0.5,0.0,,999.0
24.74,0.5,0.0,,999.0
24.81,0.5,0.0,,999.0
24.87,0.5,0.0,,999.0
24.94,0.5,0.0,,999.0
25.01,0.5,0.0,,999.0
25.07,0.5,0.0,,999.0
25.15,0.5,0.0,,999.0
25.21,0.5,0.0,,999.0
25.28,0.5,0.0,,999.0
25.35,0.5,0.0,,999.0
25.41,0.5,0.0,,999.0
25.48,0.5,0.0,,999.0
25.54,0.5,0.0,,999.0
25.61,0.5,0.0,,999.0
25.67,0.5,0.0,,999.0
25.74,0.5,0.0,,999.0
25.81,0.5,0.0,,999.0
25.87,0.5,0.0,,999.0
25.94,0.5,0.0,,999.0
26.01,0.5,0.0,,999.0
26.07,0.5,0.0,,999.0
26.14,0.5,0.0,,999.0
26.2,0.5,0.0,,999.0
26.27,0.5,0.0,,999.0
26.34,0.5,0.0,,999.0
26.4,0.5,0.0,,999.0
26.47,0.5,0.0,,999.0
26.53,0.5,0.0,,999.0
26.6,0.5,0.0,,999.0
26.67,0.5,0.0,,999.0
26.73,0.5,0.0,,999.0
26.8,0.5,0.0,,999.0
26.86,0.5,0.0,,999.0
26.93,0.5,0.0,,999.0
26.99,0.5,0.0,,999.0
27.06,0.5,0.0,,999.0
27.13,0.5,0.0,,999.0
27.19,0.5,0.0,,999.0
27.26,0.5,0.0,,999.0
27.33,0.5,0.0,,999.0
27.39,0.5,0.0,,999.0
27.46,0.5,0.0,,999.0
27.52,0.5,0.0,,999.0
27.59,0.5,0.0,,999.0
27.66,0.5,0.0,,999.0
27.72,0.5,0.0,,999.0
27.79,0.5,0.0,,999.0
27.86,0.5,0.0,,999.0
27.92,0.5,0.0,,999.0
27.99,0.5,0.0,,999.0
28.05,0.5,0.0,,999.0
28.12,0.5,0.0,,999.0
28.19,0.5,0.0,,999.0
28.25,0.5,0.0,,999.0
28.32,0.5,0.0,,999.0
28.39,0.5,0.0,,999.0
28.45,0.5,0.0,,999.0
28.52,0.5,0.0,,999.0
28.59,0.5,0.0,,999.0
28.65,0.5,0.0,,999.0
28.72,0.5,0.0,,999.0
28.79,0.5,0.0,,999.0
28.85,0.5,0.0,,999.0
28.92,0.5,0.0,,999.0
28.99,0.5,0.0,,999.0
29.05,0.5,0.0,,999.0
29.12,0.5,0.0,,999.0
29.19,0.5,0.0,,999.0
29.25,0.5,0.0,,999.0
29.32,0.5,0.0,,999.0
29.39,0.5,0.0,,999.0
29.45,0.5,0.0,,999.0
29.52,0.5,0.0,,999.0
29.58,0.5,0.0,,999.0
29.65,0.5,0.0,,999.0
29.72,0.5,0.0,,999.0
29.78,0.5,0.0,,999.0
29.85,0.5,0.0,,999.0
29.92,0.5,0.0,,999.0
29.98,0.5,0.0,,999.0
30.05,0.5,0.0,,999.0
30.12,0.5,0.0,,999.0
30.18,0.5,0.0,,999.0
30.25,0.5,0.0,,999.0
30.32,0.5,0.0,,999.0
30.38,0.5,0.0,,999.0
30.45,0.5,0.0,,999.0
30.52,0.5,0.0,,999.0
30.58,0.5,0.0,,999.0
30.65,0.5,0.0,,999.0
30.71,0.5,0.0,,999.0
30.78,0.5,0.0,,999.0
30.85,0.5,0.0,,999.0
30.91,0.5,0.0,,999.0
30.98,0.5,0.0,,999.0
31.05,0.5,0.0,,999.0
31.11,0.5,0.0,,999.0
31.18,0.5,0.0,,999.0
31.25,0.5,0.0,,999.0
31.31,0.5,0.0,,999.0
31.38,0.5,0.0,,999.0
31.45,0.5,0.0,,999.0
31.52,0.5,0.0,,999.0
31.58,0.5,0.0,,999.0
31.65,0.5,0.0,,999.0
31.72,0.5,0.0,,999.0
31.79,0.5,0.0,,999.0
31.85,0.5,0.0,,999.0
31.92,0.5,0.0,,999.0
31.99,0.5,0.0,,999.0
32.05,0.5,0.0,,999.0
32.12,0.5,0.0,,999.0
32.18,0.5,0.0,,999.0
32.25,0.5,0.0,,999.0
32.32,0.5,0.0,,999.0
32.38,0.5,0.0,,999.0
32.45,0.5,0.0,,999.0
32.51,0.5,0.0,,999.0
32.58,0.5,0.0,,999.0
32.65,0.5,0.0,,999.0
32.71,0.5,0.0,,999.0
32.78,0.5,0.0,,999.0
32.84,0.5,0.0,,999.0
32.91,0.5,0.0,,999.0
32.98,0.5,0.0,,999.0
33.04,0.5,0.0,,999.0
33.11,0.5,0.0,,999.0
33.17,0.5,0.0,,999.0
33.24,0.5,0.0,,999.0
33.31,0.5,0.0,,999.0
33.37,0.5,0.0,,999.0
33.44,0.5,0.0,,999.0
33.51,0.5,0.0,,999.0
33.57,0.5,0.0,,999.0
33.64,0.5,0.0,,999.0
33.71,0.5,0.0,,999.0
33.77,0.5,0.0,,999.0
33.84,0.5,0.0,,999.0
33.9,0.5,0.0,,999.0
33.97,0.5,0.0,,999.0
34.04,0.5,0.0,,999.0
34.11,0.5,0.0,,999.0
34.18,0.5,0.0,,999.0
34.24,0.5,0.0,,999.0
34.31,0.5,0.0,,999.0
34.37,0.5,0.0,,999.0
34.44,0.5,0.0,,999.0
34.51,0.5,0.0,,999.0
34.57,0.5,0.0,,999.0
34.64,0.5,0.0,,999.0
34.71,0.5,0.0,,999.0
34.77,0.5,0.0,,999.0
34.84,0.5,0.0,,999.0
34.9,0.5,0.0,,999.0
34.97,0.5,0.0,,999.0
35.04,0.5,0.0,,999.0
35.1,0.5,0.0,,999.0
35.17,0.5,0.0,,999.0
35.24,0.5,0.0,,999.0
35.3,0.5,0.0,,999.0
35.37,0.5,0.0,,999.0
35.44,0.5,0.0,,999.0
35.5,0.5,0.0,,999.0
35.57,0.5,0.0,,999.0
35.63,0.5,0.0,,999.0
35.7,0.5,0.0,,999.0
35.77,0.5,0.0,,999.0
35.83,0.5,0.0,,999.0
35.9,0.5,0.0,,999.0
35.97,0.5,0.0,,999.0
36.03,0.5,0.0,,999.0
36.1,0.5,0.0,,999.0
36.17,0.5,0.0,,999.0
36.23,0.5,0.0,,999.0
36.3,0.5,0.0,,999.0
36.37,0.5,0.0,,999.0
36.43,0.5,0.0,,999.0
36.5,0.5,0.0,,999.0
36.56,0.5,0.0,,999.0
36.63,0.5,0.0,,999.0
36.7,0.5,0.0,,999.0
36.76,0.5,0.0,,999.0
36.83,0.5,0.0,,999.0
36.9,0.5,0.0,,999.0
36.96,0.5,0.0,,999.0
37.03,0.5,0.0,,999.0
37.1,0.5,0.0,,999.0
37.16,0.5,0.0,,999.0
37.23,0.5,0.0,,999.0
37.3,0.5,0.0,,999.0
37.36,0.5,0.0,,999.0
37.43,0.5,0.0,,999.0
37.5,0.5,0.0,,999.0
37.56,0.5,0.0,,999.0
37.63,0.5,0.0,,999.0
37.7,0.5,0.0,,999.0
37.76,0.5,0.0,,999.0
37.83,0.5,0.0,,999.0
37.9,0.5,0.0,,999.0
37.96,0.5,0.0,,999.0
38.03,0.5,0.0,,999.0
38.1,0.5,0.0,,999.0
38.16,0.5,0.0,,999.0
38.23,0.5,0.0,,999.0
38.3,0.5,0.0,,999.0
38.36,0.5,0.0,,999.0
38.43,0.5,0.0,,999.0
38.5,0.5,0.0,,999.0
38.57,0.5,0.0,,999.0
38.63,0.5,0.0,,999.0
38.7,0.5,0.0,,999.0
38.77,0.5,0.0,,999.0
38.83,0.5,0.0,,999.0
38.9,0.5,0.0,,999.0
38.96,0.5,0.0,,999.0
39.03,0.5,0.0,,999.0
39.1,0.5,0.0,,999.0
39.16,0.5,0.0,,999.0
39.23,0.5,0.0,,999.0
39.29,0.5,0.0,,999.0
39.36,0.5,0.0,,999.0
39.43,0.5,0.0,,999.0
39.49,0.5,0.0,,999.0
39.56,0.5,0.0,,999.0
39.62,0.5,0.0,,999.0
39.69,0.5,0.0,,999.0
39.76,0.5,0.0,,999.0
39.82,0.5,0.0,,999.0
39.89,0.5,0.0,,999.0
39.96,0.5,0.0,,999.0
40.02,0.5,0.0,,999.0
40.09,0.5,0.0,,999.0
40.15,0.5,0.0,,999.0
40.22,0.5,0.0,,999.0
40.29,0.5,0.0,,999.0
40.35,0.5,0.0,,999.0
40.42,0.5,0.0,,999.0
40.48,0.5,0.0,,999.0
40.55,0.5,0.0,,999.0
40.62,0.5,0.0,,999.0
40.68,0.5,0.0,,999.0
40.75,0.5,0.0,,999.0
40.81,0.5,0.0,,999.0
40.88,0.5,0.0,,999.0
40.95,0.5,0.0,,999.0
41.01,0.5,0.0,,999.0
41.08,0.5,0.0,,999.0
41.15,0.5,0.0,,999.0
41.21,0.5,0.0,,999.0
41.28,0.5,0.0,,999.0
41.35,0.5,0.0,,999.0
41.41,0.5,0.0,,999.0
41.48,0.5,0.0,,999.0
41.54,0.5,0.0,,999.0
41.61,0.5,0.0,,999.0
41.68,0.5,0.0,,999.0
41.74,0.5,0.0,,999.0
41.81,0.5,0.0,,999.0
41.88,0.5,0.0,,999.0
41.94,0.5,0.0,,999.0
42.01,0.5,0.0,,999.0
42.07,0.5,0.0,,999.0
42.14,0.5,0.0,,999.0
42.21,0.5,0.0,,999.0
42.28,0.5,0.0,,999.0
42.34,0.5,0.0,,999.0
42.41,0.5,0.0,,999.0
42.47,0.5,0.0,,999.0
42.54,0.5,0.0,,999.0
42.61,0.5,0.0,,999.0
42.67,0.5,0.0,,999.0
42.74,0.5,0.0,,999.0
42.81,0.5,0.0,,999.0
42.87,0.5,0.0,,999.0
42.94,0.5,0.0,,999.0
43.01,0.5,0.0,,999.0
43.07,0.5,0.0,,999.0
43.14,0.5,0.0,,999.0
43.2,0.5,0.0,,999.0
43.27,0.5,0.0,,999.0
43.34,0.5,0.0,,999.0
43.4,0.5,0.0,,999.0
43.47,0.5,0.0,,999.0
43.54,0.5,0.0,,999.0
43.6,0.5,0.0,,999.0
43.67,0.5,0.0,,999.0
43.74,0.5,0.0,,999.0
43.8,0.5,0.0,,999.0
43.87,0.5,0.0,,999.0
43.94,0.5,0.0,,999.0
44.0,0.5,0.0,,999.0
44.07,0.5,0.0,,999.0
44.14,0.5,0.0,,999.0
44.2,0.5,0.0,,999.0
44.27,0.5,0.0,,999.0
44.33,0.5,0.0,,999.0
44.4,0.5,0.0,,999.0
44.47,0.5,0.0,,999.0
44.54,0.5,0.0,,999.0
44.6,0.5,0.0,,999.0
44.67,0.5,0.0,,999.0
44.73,0.5,0.0,,999.0
44.8,0.5,0.0,,999.0
44.87,0.5,0.0,,999.0
44.93,0.5,0.0,,999.0
45.0,0.5,0.0,,999.0
45.08,0.5,0.0,,999.0
45.14,0.5,0.0,,999.0
45.21,0.5,0.0,,999.0
45.27,0.5,0.0,,999.0
45.34,0.5,0.0,,999.0
45.4,0.5,0.0,,999.0
45.47,0.5,0.0,,999.0
45.54,0.5,0.0,,999.0
45.6,0.5,0.0,,999.0
45.67,0.5,0.0,,999.0
45.74,0.5,0.0,,999.0
45.8,0.5,0.0,,999.0
45.87,0.5,0.0,,999.0
45.93,0.5,0.0,,999.0
46.0,0.5,0.0,,999.0
46.06,0.5,0.0,,999.0
46.13,0.5,0.0,,999.0
46.2,0.5,0.0,,999.0
46.26,0.5,0.0,,999.0
46.33,0.5,0.0,,999.0
46.4,0.5,0.0,,999.0
46.46,0.5,0.0,,999.0
46.53,0.5,0.0,,999.0
46.6,0.5,0.0,,999.0
46.66,0.5,0.0,,999.0
46.73,0.5,0.0,,999.0
46.79,0.5,0.0,,999.0
46.86,0.5,0.0,,999.0
46.93,0.5,0.0,,999.0
46.99,0.5,0.0,,999.0
47.06,0.5,0.0,,999.0
47.12,0.5,0.0,,999.0
47.19,0.5,0.0,,999.0
47.26,0.5,0.0,,999.0
47.32,0.5,0.0,,999.0
47.39,0.5,0.0,,999.0
47.46,0.5,0.0,,999.0
47.52,0.5,0.0,,999.0
47.59,0.5,0.0,,999.0
47.66,0.5,0.0,,999.0
47.73,0.5,0.0,,999.0
47.8,0.5,0.0,,999.0
47.86,0.5,0.0,,999.0
47.93,0.5,0.0,,999.0
48.0,0.5,0.0,,999.0
48.06,0.5,0.0,,999.0
48.13,0.5,0.0,,999.0
48.19,0.5,0.0,,999.0
48.26,0.5,0.0,,999.0
48.33,0.5,0.0,,999.0
48.39,0.5,0.0,,999.0
48.46,0.5,0.0,,999.0
48.53,0.5,0.0,,999.0
48.59,0.5,0.0,,999.0
48.66,0.5,0.0,,999.0
48.72,0.5,0.0,,999.0
48.79,0.5,0.0,,999.0
48.87,0.5,0.0,,999.0
48.95,0.5,0.0,,999.0
49.03,0.5,0.0,,999.0
49.1,0.5,0.0,,999.0
49.17,0.5,0.0,,999.0
49.26,0.5,0.0,,999.0
49.33,0.5,0.0,,999.0
49.4,0.5,0.0,,999.0
49.46,0.5,0.0,,999.0
49.53,0.5,0.0,,999.0
49.6,0.5,0.0,,999.0
49.66,0.5,0.0,,999.0
49.73,0.5,0.0,,999.0
49.8,0.5,0.0,,999.0
49.86,0.5,0.0,,999.0
49.93,0.5,0.0,,999.0
50.0,0.5,0.0,,999.0
50.06,0.5,0.0,,999.0
50.13,0.5,0.0,,999.0
50.2,0.5,0.0,,999.0
50.26,0.5,0.0,,999.0
50.33,0.5,0.0,,999.0
50.4,0.5,0.0,,999.0
50.46,0.5,0.0,,999.0
50.53,0.5,0.0,,999.0
50.6,0.5,0.0,,999.0
50.66,0.5,0.0,,999.0
50.73,0.5,0.0,,999.0
50.8,0.5,0.0,,999.0
50.87,0.5,0.0,,999.0
50.93,0.5,0.0,,999.0
51.0,0.5,0.0,,999.0
51.07,0.5,0.0,,999.0
51.13,0.5,0.0,,999.0
51.2,0.5,0.0,,999.0
51.27,0.5,0.0,,999.0
51.33,0.5,0.0,,999.0
51.4,0.5,0.0,,999.0
51.47,0.5,0.0,,999.0
51.53,0.5,0.0,,999.0
51.6,0.5,0.0,,999.0
51.67,0.5,0.0,,999.0
51.73,0.5,0.0,,999.0
51.8,0.5,0.0,,999.0
51.87,0.5,0.0,,999.0
51.94,0.5,0.0,,999.0
52.0,0.5,0.0,,999.0
52.07,0.5,0.0,,999.0
52.14,0.5,0.0,,999.0
52.2,0.5,0.0,,999.0
52.27,0.5,0.0,,999.0
52.33,0.5,0.0,,999.0
52.4,0.5,0.0,,999.0
52.47,0.5,0.0,,999.0
52.53,0.5,0.0,,999.0
52.6,0.5,0.0,,999.0
52.66,0.5,0.0,,999.0
52.73,0.5,0.0,,999.0
52.79,0.5,0.0,,999.0
52.86,0.5,0.0,,999.0
52.93,0.5,0.0,,999.0
52.99,0.5,0.0,,999.0
53.06,0.5,0.0,,999.0
53.12,0.5,0.0,,999.0
53.19,0.5,0.0,,999.0
53.26,0.5,0.0,,999.0
53.32,0.5,0.0,,999.0
53.39,0.5,0.0,,999.0
53.46,0.5,0.0,,999.0
53.52,0.5,0.0,,999.0
53.59,0.5,0.0,,999.0
53.66,0.5,0.0,,999.0
53.72,0.5,0.0,,999.0
53.79,0.5,0.0,,999.0
53.85,0.5,0.0,,999.0
53.92,0.5,0.0,,999.0
53.99,0.5,0.0,,999.0
54.05,0.5,0.0,,999.0
54.12,0.5,0.0,,999.0
54.18,0.5,0.0,,999.0
54.25,0.5,0.0,,999.0
54.32,0.5,0.0,,999.0
54.38,0.5,0.0,,999.0
54.45,0.5,0.0,,999.0
54.52,0.5,0.0,,999.0
54.58,0.5,0.0,,999.0
54.65,0.5,0.0,,999.0
54.72,0.5,0.0,,999.0
54.78,0.5,0.0,,999.0
54.85,0.5,0.0,,999.0
54.91,0.5,0.0,,999.0
54.98,0.5,0.0,,999.0
55.05,0.5,0.0,,999.0
55.11,0.5,0.0,,999.0
55.18,0.5,0.0,,999.0
55.25,0.5,0.0,,999.0
55.31,0.5,0.0,,999.0
55.38,0.5,0.0,,999.0
55.45,0.5,0.0,,999.0
55.51,0.5,0.0,,999.0
55.58,0.5,0.0,,999.0
55.65,0.5,0.0,,999.0
55.71,0.5,0.0,,999.0
55.78,0.5,0.0,,999.0
55.85,0.5,0.0,,999.0
55.91,0.5,0.0,,999.0
55.98,0.5,0.0,,999.0
56.04,0.5,0.0,,999.0
56.11,0.5,0.0,,999.0
56.18,0.5,0.0,,999.0
56.24,0.5,0.0,,999.0
56.31,0.5,0.0,,999.0
56.38,0.5,0.0,,999.0
56.44,0.5,0.0,,999.0
56.51,0.5,0.0,,999.0
56.58,0.5,0.0,,999.0
56.64,0.5,0.0,,999.0
56.71,0.5,0.0,,999.0
56.78,0.5,0.0,,999.0
56.84,0.5,0.0,,999.0
56.91,0.5,0.0,,999.0
56.98,0.5,0.0,,999.0
57.04,0.5,0.0,,999.0
57.11,0.5,0.0,,999.0
57.18,0.5,0.0,,999.0
57.24,0.5,0.0,,999.0
57.31,0.5,0.0,,999.0
57.37,0.5,0.0,,999.0
57.44,0.5,0.0,,999.0
57.51,0.5,0.0,,999.0
57.58,0.5,0.0,,999.0
57.64,0.5,0.0,,999.0
57.71,0.5,0.0,,999.0
57.78,0.5,0.0,,999.0
57.84,0.5,0.0,,999.0
57.91,0.5,0.0,,999.0
57.98,0.5,0.0,,999.0
58.04,0.5,0.0,,999.0
58.11,0.5,0.0,,999.0
58.18,0.5,0.0,,999.0
58.24,0.5,0.0,,999.0
58.31,0.5,0.0,,999.0
58.38,0.5,0.0,,999.0
58.45,0.5,0.0,,999.0
58.52,0.5,0.0,,999.0
58.58,0.5,0.0,,999.0
58.65,0.5,0.0,,999.0
58.71,0.5,0.0,,999.0
58.78,0.5,0.0,,999.0
58.85,0.5,0.0,,999.0
58.91,0.5,0.0,,999.0
58.98,0.5,0.0,,999.0
59.05,0.5,0.0,,999.0
59.11,0.5,0.0,,999.0
59.18,0.5,0.0,,999.0
59.24,0.5,0.0,,999.0
59.31,0.5,0.0,,999.0
59.38,0.5,0.0,,999.0
59.44,0.5,0.0,,999.0
59.51,0.5,0.0,,999.0
59.57,0.5,0.0,,999.0
59.64,0.5,0.0,,999.0
59.71,0.5,0.0,,999.0
59.77,0.5,0.0,,999.0
59.84,0.5,0.0,,999.0
59.91,0.5,0.0,,999.0
59.97,0.5,0.0,,999.0
60.04,0.5,0.0,,999.0
60.1,0.5,0.0,,999.0
60.17,0.5,0.0,,999.0
60.24,0.5,0.0,,999.0
60.3,0.5,0.0,,999.0
60.37,0.5,0.0,,999.0
60.43,0.5,0.0,,999.0
60.5,0.5,0.0,,999.0
60.57,0.5,0.0,,999.0
60.63,0.5,0.0,,999.0
60.7,0.5,0.0,,999.0
60.77,0.5,0.0,,999.0
60.83,0.5,0.0,,999.0
60.9,0.5,0.0,,999.0
60.96,0.5,0.0,,999.0
61.03,0.5,0.0,,999.0
61.1,0.5,0.0,,999.0
61.16,0.5,0.0,,999.0
61.23,0.5,0.0,,999.0
61.3,0.5,0.0,,999.0
61.36,0.5,0.0,,999.0
61.43,0.5,0.0,,999.0
61.5,0.5,0.0,,999.0
61.56,0.5,0.0,,999.0
61.63,0.5,0.0,,999.0
61.7,0.5,0.0,,999.0
61.76,0.5,0.0,,999.0
61.83,0.5,0.0,,999.0
61.9,0.5,0.0,,999.0
61.96,0.5,0.0,,999.0
62.03,0.5,0.0,,999.0
62.1,0.5,0.0,,999.0
62.16,0.5,0.0,,999.0
62.23,0.5,0.0,,999.0
62.29,0.5,0.0,,999.0
62.36,0.5,0.0,,999.0
62.43,0.5,0.0,,999.0
62.49,0.5,0.0,,999.0
62.56,0.5,0.0,,999.0
62.63,0.5,0.0,,999.0
62.69,0.5,0.0,,999.0
62.77,0.5,0.0,,999.0
62.83,0.5,0.0,,999.0
62.9,0.5,0.0,,999.0
62.97,0.5,0.0,,999.0
63.03,0.5,0.0,,999.0
63.1,0.5,0.0,,999.0
63.17,0.5,0.0,,999.0
63.23,0.5,0.0,,999.0
63.3,0.5,0.0,,999.0
63.36,0.5,0.0,,999.0
63.43,0.5,0.0,,999.0
63.49,0.5,0.0,,999.0
63.56,0.5,0.0,,999.0
63.63,0.5,0.0,,999.0
63.69,0.5,0.0,,999.0
63.76,0.5,0.0,,999.0
63.82,0.5,0.0,,999.0
63.89,0.5,0.0,,999.0
63.96,0.5,0.0,,999.0
64.02,0.5,0.0,,999.0
64.09,0.5,0.0,,999.0
64.16,0.5,0.0,,999.0
64.22,0.5,0.0,,999.0
64.29,0.5,0.0,,999.0
64.35,0.5,0.0,,999.0
64.42,0.5,0.0,,999.0
64.49,0.5,0.0,,999.0
64.55,0.5,0.0,,999.0
64.62,0.5,0.0,,999.0
64.68,0.5,0.0,,999.0
64.75,0.5,0.0,,999.0
64.82,0.5,0.0,,999.0
64.88,0.5,0.0,,999.0
64.95,0.5,0.0,,999.0
65.01,0.5,0.0,,999.0
65.09,0.5,0.0,,999.0
65.15,0.5,0.0,,999.0
65.22,0.5,0.0,,999.0
65.28,0.5,0.0,,999.0
65.35,0.5,0.0,,999.0
65.41,0.5,0.0,,999.0
65.48,0.5,0.0,,999.0
65.54,0.5,0.0,,999.0
65.61,0.5,0.0,,999.0
65.68,0.5,0.0,,999.0
65.74,0.5,0.0,,999.0
65.81,0.5,0.0,,999.0
65.87,0.5,0.0,,999.0
65.94,0.5,0.0,,999.0
66.0,0.5,0.0,,999.0
66.07,0.5,0.0,,999.0
66.13,0.5,0.0,,999.0
66.2,0.5,0.0,,999.0
66.26,0.5,0.0,,999.0
66.33,0.5,0.0,,999.0
66.4,0.5,0.0,,999.0
66.47,0.5,0.0,,999.0
66.53,0.5,0.0,,999.0
66.6,0.5,0.0,,999.0
66.66,0.5,0.0,,999.0
66.73,0.5,0.0,,999.0
66.8,0.5,0.0,,999.0
66.86,0.5,0.0,,999.0
66.93,0.5,0.0,,999.0
66.99,0.5,0.0,,999.0
67.06,0.5,0.0,,999.0
67.12,0.5,0.0,,999.0
67.19,0.5,0.0,,999.0
67.26,0.5,0.0,,999.0
67.32,0.5,0.0,,999.0
67.39,0.5,0.0,,999.0
67.45,0.5,0.0,,999.0
67.52,0.5,0.0,,999.0
67.58,0.5,0.0,,999.0
67.65,0.5,0.0,,999.0
67.71,0.5,0.0,,999.0
67.78,0.5,0.0,,999.0
67.85,0.5,0.0,,999.0
67.91,0.5,0.0,,999.0
67.98,0.5,0.0,,999.0
68.04,0.5,0.0,,999.0
68.11,0.5,0.0,,999.0
68.18,0.5,0.0,,999.0
68.24,0.5,0.0,,999.0
68.31,0.5,0.0,,999.0
68.38,0.5,0.0,,999.0
68.44,0.5,0.0,,999.0
68.51,0.5,0.0,,999.0
68.57,0.5,0.0,,999.0
68.64,0.5,0.0,,999.0
68.71,0.5,0.0,,999.0
68.77,0.5,0.0,,999.0
68.84,0.5,0.0,,999.0
68.9,0.5,0.0,,999.0
68.97,0.5,0.0,,999.0
69.04,0.5,0.0,,999.0
69.1,0.5,0.0,,999.0
69.17,0.5,0.0,,999.0
69.23,0.5,0.0,,999.0
69.3,0.5,0.0,,999.0
69.37,0.5,0.0,,999.0
69.43,0.5,0.0,,999.0
69.5,0.5,0.0,,999.0
69.57,0.5,0.0,,999.0
69.63,0.5,0.0,,999.0
69.7,0.5,0.0,,999.0
69.76,0.5,0.0,,999.0
69.83,0.5,0.0,,999.0
69.9,0.5,0.0,,999.0
69.97,0.5,0.0,,999.0
70.03,0.5,0.0,,999.0
70.1,0.5,0.0,,999.0
70.16,0.5,0.0,,999.0
70.23,0.5,0.0,,999.0
70.3,0.5,0.0,,999.0
70.36,0.5,0.0,,999.0
70.43,0.5,0.0,,999.0
70.5,0.5,0.0,,999.0
70.56,0.5,0.0,,999.0
70.63,0.5,0.0,,999.0
70.7,0.5,0.0,,999.0
70.76,0.5,0.0,,999.0
70.83,0.5,0.0,,999.0
70.9,0.5,0.0,,999.0
70.96,0.5,0.0,,999.0
71.03,0.5,0.0,,999.0
71.09,0.5,0.0,,999.0
71.16,0.5,0.0,,999.0
71.23,0.5,0.0,,999.0
71.29,0.5,0.0,,999.0
71.36,0.5,0.0,,999.0
71.43,0.5,0.0,,999.0
71.49,0.5,0.0,,999.0
71.56,0.5,0.0,,999.0
71.63,0.5,0.0,,999.0
71.69,0.5,0.0,,999.0
71.76,0.5,0.0,,999.0
71.83,0.5,0.0,,999.0
71.9,0.5,0.0,,999.0
71.96,0.5,0.0,,999.0
72.03,0.5,0.0,,999.0
72.1,0.5,0.0,,999.0
72.16,0.5,0.0,,999.0
72.23,0.5,0.0,,999.0
72.3,0.5,0.0,,999.0
72.36,0.5,0.0,,999.0
72.43,0.5,0.0,,999.0
72.49,0.5,0.0,,999.0
72.56,0.5,0.0,,999.0
72.63,0.5,0.0,,999.0
72.7,0.5,0.0,,999.0
72.76,0.5,0.0,,999.0
72.83,0.5,0.0,,999.0
72.9,0.5,0.0,,999.0
72.97,0.5,0.0,,999.0
73.03,0.5,0.0,,999.0
73.1,0.5,0.0,,999.0
73.16,0.5,0.0,,999.0
73.23,0.5,0.0,,999.0
73.3,0.5,0.0,,999.0
73.36,0.5,0.0,,999.0
73.43,0.5,0.0,,999.0
73.49,0.5,0.0,,999.0
73.56,0.5,0.0,,999.0
73.63,0.5,0.0,,999.0
73.69,0.5,0.0,,999.0
73.76,0.5,0.0,,999.0
73.82,0.5,0.0,,999.0
73.89,0.5,0.0,,999.0
73.96,0.5,0.0,,999.0
74.02,0.5,0.0,,999.0
74.09,0.5,0.0,,999.0
74.15,0.5,0.0,,999.0
74.22,0.5,0.0,,999.0
74.29,0.5,0.0,,999.0
74.35,0.5,0.0,,999.0
74.42,0.5,0.0,,999.0
74.48,0.5,0.0,,999.0
74.55,0.5,0.0,,999.0
74.62,0.5,0.0,,999.0
74.68,0.5,0.0,,999.0
74.75,0.5,0.0,,999.0
74.82,0.5,0.0,,999.0
74.88,0.5,0.0,,999.0
74.95,0.5,0.0,,999.0
75.02,0.5,0.0,,999.0
75.08,0.5,0.0,,999.0
75.15,0.5,0.0,,999.0
75.21,0.5,0.0,,999.0
75.28,0.5,0.0,,999.0
75.35,0.5,0.0,,999.0
75.41,0.5,0.0,,999.0
75.48,0.5,0.0,,999.0
75.55,0.5,0.0,,999.0
75.61,0.5,0.0,,999.0
75.68,0.5,0.0,,999.0
75.74,0.5,0.0,,999.0
75.81,0.5,0.0,,999.0
75.88,0.5,0.0,,999.0
75.94,0.5,0.0,,999.0
76.01,0.5,0.0,,999.0
76.08,0.5,0.0,,999.0
76.14,0.5,0.0,,999.0
76.21,0.5,0.0,,999.0
76.28,0.5,0.0,,999.0
76.34,0.5,0.0,,999.0
76.41,0.5,0.0,,999.0
76.48,0.5,0.0,,999.0
76.54,0.5,0.0,,999.0
76.61,0.5,0.0,,999.0
76.67,0.5,0.0,,999.0
76.74,0.5,0.0,,999.0
76.81,0.5,0.0,,999.0
76.87,0.5,0.0,,999.0
76.94,0.5,0.0,,999.0
77.01,0.5,0.0,,999.0
77.07,0.5,0.0,,999.0
77.14,0.5,0.0,,999.0
77.21,0.5,0.0,,999.0
77.27,0.5,0.0,,999.0
77.34,0.5,0.0,,999.0
77.4,0.5,0.0,,999.0
77.47,0.5,0.0,,999.0
77.54,0.5,0.0,,999.0
77.6,0.5,0.0,,999.0
77.67,0.5,0.0,,999.0
77.74,0.5,0.0,,999.0
77.8,0.5,0.0,,999.0
77.87,0.5,0.0,,999.0
77.94,0.5,0.0,,999.0
78.01,0.5,0.0,,999.0
78.07,0.5,0.0,,999.0
78.14,0.5,0.0,,999.0
78.21,0.5,0.0,,999.0
78.27,0.5,0.0,,999.0
78.34,0.5,0.0,,999.0
78.41,0.5,0.0,,999.0
78.47,0.5,0.0,,999.0
78.54,0.5,0.0,,999.0
78.6,0.5,0.0,,999.0
78.67,0.5,0.0,,999.0
78.74,0.5,0.0,,999.0
78.81,0.5,0.0,,999.0
78.88,0.5,0.0,,999.0
78.94,0.5,0.0,,999.0
79.01,0.5,0.0,,999.0
79.08,0.5,0.0,,999.0
79.14,0.5,0.0,,999.0
79.21,0.5,0.0,,999.0
79.28,0.5,0.0,,999.0
79.34,0.5,0.0,,999.0
79.42,0.5,0.0,,999.0
79.48,0.5,0.0,,999.0
79.55,0.5,0.0,,999.0
79.62,0.5,0.0,,999.0
79.68,0.5,0.0,,999.0
79.75,0.5,0.0,,999.0
79.81,0.5,0.0,,999.0
79.88,0.5,0.0,,999.0
79.95,0.5,0.0,,999.0
80.01,0.5,0.0,,999.0
80.08,0.5,0.0,,999.0
80.14,0.5,0.0,,999.0
80.21,0.5,0.0,,999.0
80.28,0.5,0.0,,999.0
80.34,0.5,0.0,,999.0
80.41,0.5,0.0,,999.0
80.48,0.5,0.0,,999.0
80.54,0.5,0.0,,999.0
80.61,0.5,0.0,,999.0
80.68,0.5,0.0,,999.0
80.74,0.5,0.0,,999.0
80.81,0.5,0.0,,999.0
80.87,0.5,0.0,,999.0
80.94,0.5,0.0,,999.0
81.01,0.5,0.0,,999.0
81.07,0.5,0.0,,999.0
81.14,0.5,0.0,,999.0
81.21,0.5,0.0,,999.0
81.27,0.5,0.0,,999.0
81.34,0.5,0.0,,999.0
81.41,0.5,0.0,,999.0
81.47,0.5,0.0,,999.0
81.54,0.5,0.0,,999.0
81.61,0.5,0.0,,999.0
81.67,0.5,0.0,,999.0
81.74,0.5,0.0,,999.0
81.8,0.5,0.0,,999.0
81.87,0.5,0.0,,999.0
81.93,0.5,0.0,,999.0
82.0,0.5,0.0,,999.0
82.06,0.5,0.0,,999.0
82.13,0.5,0.0,,999.0
82.2,0.5,0.0,,999.0
82.26,0.5,0.0,,999.0
82.33,0.5,0.0,,999.0
82.39,0.5,0.0,,999.0
82.46,0.5,0.0,,999.0
82.52,0.5,0.0,,999.0
82.59,0.5,0.0,,999.0
82.66,0.5,0.0,,999.0
82.72,0.5,0.0,,999.0
82.79,0.5,0.0,,999.0
82.85,0.5,0.0,,999.0
82.92,0.5,0.0,,999.0
82.99,0.5,0.0,,999.0
83.05,0.5,0.0,,999.0
83.12,0.5,0.0,,999.0
83.18,0.5,0.0,,999.0
83.25,0.5,0.0,,999.0
83.31,0.5,0.0,,999.0
83.38,0.5,0.0,,999.0
83.45,0.5,0.0,,999.0
83.51,0.5,0.0,,999.0
83.58,0.5,0.0,,999.0
83.64,0.5,0.0,,999.0
83.71,0.5,0.0,,999.0
83.78,0.5,0.0,,999.0
83.84,0.5,0.0,,999.0
83.91,0.5,0.0,,999.0
83.97,0.5,0.0,,999.0
84.04,0.5,0.0,,999.0
84.11,0.5,0.0,,999.0
84.17,0.5,0.0,,999.0
84.24,0.5,0.0,,999.0
84.3,0.5,0.0,,999.0
84.38,0.5,0.0,,999.0
84.45,0.5,0.0,,999.0
84.51,0.5,0.0,,999.0
84.58,0.5,0.0,,999.0
84.65,0.5,0.0,,999.0
84.71,0.5,0.0,,999.0
84.78,0.5,0.0,,999.0
84.84,0.5,0.0,,999.0
84.91,0.5,0.0,,999.0
84.98,0.5,0.0,,999.0
85.04,0.5,0.0,,999.0
85.11,0.5,0.0,,999.0
85.17,0.5,0.0,,999.0
85.24,0.5,0.0,,999.0
85.31,0.5,0.0,,999.0
85.37,0.5,0.0,,999.0
85.44,0.5,0.0,,999.0
85.5,0.5,0.0,,999.0
85.57,0.5,0.0,,999.0
85.64,0.5,0.0,,999.0
85.7,0.5,0.0,,999.0
85.77,0.5,0.0,,999.0
85.84,0.5,0.0,,999.0
85.9,0.5,0.0,,999.0
85.97,0.5,0.0,,999.0
86.04,0.5,0.0,,999.0
86.11,0.5,0.0,,999.0
86.17,0.5,0.0,,999.0
86.24,0.5,0.0,,999.0
86.3,0.5,0.0,,999.0
86.37,0.5,0.0,,999.0
86.43,0.5,0.0,,999.0
86.5,0.5,0.0,,999.0
86.56,0.5,0.0,,999.0
86.63,0.5,0.0,,999.0
86.7,0.5,0.0,,999.0
86.76,0.5,0.0,,999.0
86.83,0.5,0.0,,999.0
86.9,0.5,0.0,,999.0
86.96,0.5,0.0,,999.0
87.03,0.5,0.0,,999.0
87.09,0.5,0.0,,999.0
87.16,0.5,0.0,,999.0
87.23,0.5,0.0,,999.0
87.29,0.5,0.0,,999.0
87.36,0.5,0.0,,999.0
87.42,0.5,0.0,,999.0
87.49,0.5,0.0,,999.0
87.56,0.5,0.0,,999.0
87.62,0.5,0.0,,999.0
87.69,0.5,0.0,,999.0
87.75,0.5,0.0,,999.0
87.82,0.5,0.0,,999.0
87.89,0.5,0.0,,999.0
87.95,0.5,0.0,,999.0
88.02,0.5,0.0,,999.0
88.09,0.5,0.0,,999.0
88.15,0.5,0.0,,999.0
88.22,0.5,0.0,,999.0
88.28,0.5,0.0,,999.0
88.35,0.5,0.0,,999.0
88.42,0.5,0.0,,999.0
88.48,0.5,0.0,,999.0
88.55,0.5,0.0,,999.0
88.62,0.5,0.0,,999.0
88.68,0.5,0.0,,999.0
88.75,0.5,0.0,,999.0
88.81,0.5,0.0,,999.0
88.88,0.5,0.0,,999.0
88.95,0.5,0.0,,999.0
89.01,0.5,0.0,,999.0
89.08,0.5,0.0,,999.0
89.15,0.5,0.0,,999.0
89.21,0.5,0.0,,999.0
89.28,0.5,0.0,,999.0
89.35,0.5,0.0,,999.0
89.41,0.5,0.0,,999.0
89.48,0.5,0.0,,999.0
89.55,0.5,0.0,,999.0
89.61,0.5,0.0,,999.0
89.68,0.5,0.0,,999.0
89.75,0.5,0.0,,999.0
89.81,0.5,0.0,,999.0
89.88,0.5,0.0,,999.0
89.94,0.5,0.0,,999.0
90.01,0.5,0.0,,999.0
90.08,0.5,0.0,,999.0
90.15,0.5,0.0,,999.0
90.21,0.5,0.0,,999.0
90.28,0.5,0.0,,999.0
90.34,0.5,0.0,,999.0
90.41,0.5,0.0,,999.0
90.48,0.5,0.0,,999.0
90.54,0.5,0.0,,999.0
90.61,0.5,0.0,,999.0
90.68,0.5,0.0,,999.0
90.74,0.5,0.0,,999.0
90.81,0.5,0.0,,999.0
90.88,0.5,0.0,,999.0
90.94,0.5,0.0,,999.0
91.01,0.5,0.0,,999.0
91.08,0.5,0.0,,999.0
91.14,0.5,0.0,,999.0
91.21,0.5,0.0,,999.0
91.27,0.5,0.0,,999.0
91.34,0.5,0.0,,999.0
91.41,0.5,0.0,,999.0
91.48,0.5,0.0,,999.0
91.54,0.5,0.0,,999.0
91.61,0.5,0.0,,999.0
91.67,0.5,0.0,,999.0
91.74,0.5,0.0,,999.0
91.81,0.5,0.0,,999.0
91.87,0.5,0.0,,999.0
91.94,0.5,0.0,,999.0
92.01,0.5,0.0,,999.0
92.07,0.5,0.0,,999.0
92.14,0.5,0.0,,999.0
92.21,0.5,0.0,,999.0
92.28,0.5,0.0,,999.0
92.34,0.5,0.0,,999.0
92.41,0.5,0.0,,999.0
92.48,0.5,0.0,,999.0
92.54,0.5,0.0,,999.0
92.61,0.5,0.0,,999.0
92.68,0.5,0.0,,999.0
92.75,0.5,0.0,,999.0
92.81,0.5,0.0,,999.0
92.88,0.5,0.0,,999.0
92.95,0.5,0.0,,999.0
93.01,0.5,0.0,,999.0
93.08,0.5,0.0,,999.0
93.14,0.5,0.0,,999.0
93.21,0.5,0.0,,999.0
93.28,0.5,0.0,,999.0
93.34,0.5,0.0,,999.0
93.41,0.5,0.0,,999.0
93.48,0.5,0.0,,999.0
93.54,0.5,0.0,,999.0
93.61,0.5,0.0,,999.0
93.68,0.5,0.0,,999.0
93.74,0.5,0.0,,999.0
93.81,0.5,0.0,,999.0
93.87,0.5,0.0,,999.0
93.94,0.5,0.0,,999.0
94.01,0.5,0.0,,999.0
94.07,0.5,0.0,,999.0
94.14,0.5,0.0,,999.0
94.2,0.5,0.0,,999.0
94.27,0.5,0.0,,999.0
94.34,0.5,0.0,,999.0
94.4,0.5,0.0,,999.0
94.47,0.5,0.0,,999.0
94.54,0.5,0.0,,999.0
94.6,0.5,0.0,,999.0
94.67,0.5,0.0,,999.0
94.73,0.5,0.0,,999.0
94.8,0.5,0.0,,999.0
94.87,0.5,0.0,,999.0
94.93,0.5,0.0,,999.0
95.0,0.5,0.0,,999.0
95.06,0.5,0.0,,999.0
95.13,0.5,0.0,,999.0
95.2,0.5,0.0,,999.0
95.26,0.5,0.0,,999.0
95.33,0.5,0.0,,999.0
95.4,0.5,0.0,,999.0
95.46,0.5,0.0,,999.0
95.53,0.5,0.0,,999.0
95.59,0.5,0.0,,999.0
95.66,0.5,0.0,,999.0
95.73,0.5,0.0,,999.0
95.79,0.5,0.0,,999.0
95.86,0.5,0.0,,999.0
95.93,0.5,0.0,,999.0
95.99,0.5,0.0,,999.0
96.06,0.5,0.0,,999.0
96.13,0.5,0.0,,999.0
96.19,0.5,0.0,,999.0
96.26,0.5,0.0,,999.0
96.33,0.5,0.0,,999.0
96.39,0.5,0.0,,999.0
96.46,0.5,0.0,,999.0
96.53,0.5,0.0,,999.0
96.59,0.5,0.0,,999.0
96.66,0.5,0.0,,999.0
96.73,0.5,0.0,,999.0
96.79,0.5,0.0,,999.0
96.86,0.5,0.0,,999.0
96.93,0.5,0.0,,999.0
96.99,0.5,0.0,,999.0
97.06,0.5,0.0,,999.0
97.13,0.5,0.0,,999.0
97.19,0.5,0.0,,999.0
97.26,0.5,0.0,,999.0
97.32,0.5,0.0,,999.0
97.39,0.5,0.0,,999.0
97.46,0.5,0.0,,999.0
97.52,0.5,0.0,,999.0
97.59,0.5,0.0,,999.0
97.66,0.5,0.0,,999.0
97.72,0.5,0.0,,999.0
97.79,0.5,0.0,,999.0
97.86,0.5,0.0,,999.0
97.92,0.5,0.0,,999.0
97.99,0.5,0.0,,999.0
98.06,0.5,0.0,,999.0
98.13,0.5,0.0,,999.0
98.19,0.5,0.0,,999.0
98.26,0.5,0.0,,999.0
98.33,0.5,0.0,,999.0
98.39,0.5,0.0,,999.0
98.46,0.5,0.0,,999.0
98.53,0.5,0.0,,999.0
98.59,0.5,0.0,,999.0
98.66,0.5,0.0,,999.0
98.73,0.5,0.0,,999.0
98.79,0.5,0.0,,999.0
98.86,0.5,0.0,,999.0
98.93,0.5,0.0,,999.0
98.99,0.5,0.0,,999.0
99.06,0.5,0.0,,999.0
99.13,0.5,0.0,,999.0
99.19,0.5,0.0,,999.0
99.26,0.5,0.0,,999.0
99.33,0.5,0.0,,999.0
99.4,0.5,0.0,,999.0
99.47,0.5,0.0,,999.0
99.53,0.5,0.0,,999.0
99.6,0.5,0.0,,999.0
99.66,0.5,0.0,,999.0
99.73,0.5,0.0,,999.0
99.8,0.5,0.0,,999.0
99.86,0.5,0.0,,999.0
99.93,0.5,0.0,,999.0
99.99,0.5,0.0,,999.0
100.06,0.5,0.0,,999.0
100.13,0.5,0.0,,999.0
100.19,0.5,0.0,,999.0
100.26,0.5,0.0,,999.0
100.32,0.5,0.0,,999.0
100.39,0.5,0.0,,999.0
100.46,0.5,0.0,,999.0
100.52,0.5,0.0,,999.0
100.59,0.5,0.0,,999.0
100.66,0.5,0.0,,999.0
100.72,0.5,0.0,,999.0
100.79,0.5,0.0,,999.0
100.86,0.5,0.0,,999.0
100.92,0.5,0.0,,999.0
100.99,0.5,0.0,,999.0
101.06,0.5,0.0,,999.0
101.12,0.5,0.0,,999.0
101.19,0.5,0.0,,999.0
101.25,0.5,0.0,,999.0
101.32,0.5,0.0,,999.0
101.39,0.5,0.0,,999.0
101.45,0.5,0.0,,999.0
101.52,0.5,0.0,,999.0
101.59,0.5,0.0,,999.0
101.65,0.5,0.0,,999.0
101.72,0.5,0.0,,999.0
101.79,0.5,0.0,,999.0
101.85,0.5,0.0,,999.0
101.92,0.5,0.0,,999.0
101.99,0.5,0.0,,999.0
102.05,0.5,0.0,,999.0
102.12,0.5,0.0,,999.0
102.19,0.5,0.0,,999.0
102.25,0.5,0.0,,999.0
102.32,0.5,0.0,,999.0
102.38,0.5,0.0,,999.0
102.45,0.5,0.0,,999.0
102.52,0.5,0.0,,999.0
102.58,0.5,0.0,,999.0
102.65,0.5,0.0,,999.0
102.72,0.5,0.0,,999.0
102.78,0.5,0.0,,999.0
102.85,0.5,0.0,,999.0
102.92,0.5,0.0,,999.0
102.98,0.5,0.0,,999.0
103.05,0.5,0.0,,999.0
103.12,0.5,0.0,,999.0
103.18,0.5,0.0,,999.0
103.25,0.5,0.0,,999.0
103.32,0.5,0.0,,999.0
103.38,0.5,0.0,,999.0
103.45,0.5,0.0,,999.0
103.51,0.5,0.0,,999.0
103.58,0.5,0.0,,999.0
103.65,0.5,0.0,,999.0
103.72,0.5,0.0,,999.0
103.78,0.5,0.0,,999.0
103.85,0.5,0.0,,999.0
103.92,0.5,0.0,,999.0
103.98,0.5,0.0,,999.0
104.05,0.5,0.0,,999.0
104.11,0.5,0.0,,999.0
104.18,0.5,0.0,,999.0
104.25,0.5,0.0,,999.0
104.31,0.5,0.0,,999.0
104.38,0.5,0.0,,999.0
104.44,0.5,0.0,,999.0
104.51,0.5,0.0,,999.0
104.58,0.5,0.0,,999.0
104.64,0.5,0.0,,999.0
104.71,0.5,0.0,,999.0
104.77,0.5,0.0,,999.0
104.84,0.5,0.0,,999.0
104.91,0.5,0.0,,999.0
104.97,0.5,0.0,,999.0
105.04,0.5,0.0,,999.0
105.11,0.5,0.0,,999.0
105.17,0.5,0.0,,999.0
105.24,0.5,0.0,,999.0
105.3,0.5,0.0,,999.0
105.37,0.5,0.0,,999.0
105.44,0.5,0.0,,999.0
105.5,0.5,0.0,,999.0
105.57,0.5,0.0,,999.0
105.63,0.5,0.0,,999.0
105.7,0.5,0.0,,999.0
105.77,0.5,0.0,,999.0
105.83,0.5,0.0,,999.0
105.9,0.5,0.0,,999.0
105.96,0.5,0.0,,999.0
106.03,0.5,0.0,,999.0
106.09,0.5,0.0,,999.0
106.16,0.5,0.0,,999.0
106.23,0.5,0.0,,999.0
106.29,0.5,0.0,,999.0
106.36,0.5,0.0,,999.0
106.42,0.5,0.0,,999.0
106.49,0.5,0.0,,999.0
106.55,0.5,0.0,,999.0
106.62,0.5,0.0,,999.0
106.68,0.5,0.0,,999.0
106.75,0.5,0.0,,999.0
106.82,0.5,0.0,,999.0
106.88,0.5,0.0,,999.0
106.95,0.5,0.0,,999.0
107.01,0.5,0.0,,999.0
107.08,0.5,0.0,,999.0
107.15,0.5,0.0,,999.0
107.22,0.5,0.0,,999.0
107.29,0.5,0.0,,999.0
107.35,0.5,0.0,,999.0
107.42,0.5,0.0,,999.0
107.48,0.5,0.0,,999.0
107.55,0.5,0.0,,999.0
107.61,0.5,0.0,,999.0
107.68,0.5,0.0,,999.0
107.74,0.5,0.0,,999.0
107.81,0.5,0.0,,999.0
107.87,0.5,0.0,,999.0
107.94,0.5,0.0,,999.0
108.0,0.5,0.0,,999.0
108.07,0.5,0.0,,999.0
108.13,0.5,0.0,,999.0
108.2,0.5,0.0,,999.0
108.26,0.5,0.0,,999.0
108.33,0.5,0.0,,999.0
108.4,0.5,0.0,,999.0
108.46,0.5,0.0,,999.0
108.53,0.5,0.0,,999.0
108.59,0.5,0.0,,999.0
108.66,0.5,0.0,,999.0
108.72,0.5,0.0,,999.0
108.79,0.5,0.0,,999.0
108.86,0.5,0.0,,999.0
108.92,0.5,0.0,,999.0
108.99,0.5,0.0,,999.0
109.05,0.5,0.0,,999.0
109.12,0.5,0.0,,999.0
109.19,0.5,0.0,,999.0
109.25,0.5,0.0,,999.0
109.32,0.5,0.0,,999.0
109.39,0.5,0.0,,999.0
109.45,0.5,0.0,,999.0
109.52,0.5,0.0,,999.0
109.58,0.5,0.0,,999.0
109.65,0.5,0.0,,999.0
109.72,0.5,0.0,,999.0
109.78,0.5,0.0,,999.0
109.85,0.5,0.0,,999.0
109.92,0.5,0.0,,999.0
109.98,0.5,0.0,,999.0
110.05,0.5,0.0,,999.0
110.11,0.5,0.0,,999.0
110.18,0.5,0.0,,999.0
110.25,0.5,0.0,,999.0
110.31,0.5,0.0,,999.0
110.38,0.5,0.0,,999.0
110.45,0.5,0.0,,999.0
110.51,0.5,0.0,,999.0
110.58,0.5,0.0,,999.0
110.65,0.5,0.0,,999.0
110.71,0.5,0.0,,999.0
110.78,0.5,0.0,,999.0
110.85,0.5,0.0,,999.0
110.91,0.5,0.0,,999.0
110.98,0.5,0.0,,999.0
111.05,0.5,0.0,,999.0
111.11,0.5,0.0,,999.0
111.18,0.5,0.0,,999.0
111.24,0.5,0.0,,999.0
111.31,0.5,0.0,,999.0
111.38,0.5,0.0,,999.0
111.44,0.5,0.0,,999.0
111.51,0.5,0.0,,999.0
111.58,0.5,0.0,,999.0
111.64,0.5,0.0,,999.0
111.71,0.5,0.0,,999.0
111.78,0.5,0.0,,999.0
111.84,0.5,0.0,,999.0
111.91,0.5,0.0,,999.0
111.97,0.5,0.0,,999.0
112.04,0.5,0.0,,999.0
112.11,0.5,0.0,,999.0
112.17,0.5,0.0,,999.0
112.24,0.5,0.0,,999.0
112.31,0.5,0.0,,999.0
112.37,0.5,0.0,,999.0
112.44,0.5,0.0,,999.0
112.51,0.5,0.0,,999.0
112.57,0.5,0.0,,999.0
112.64,0.5,0.0,,999.0
112.71,0.5,0.0,,999.0
112.77,0.5,0.0,,999.0
112.84,0.5,0.0,,999.0
112.91,0.5,0.0,,999.0
112.97,0.5,0.0,,999.0
113.04,0.5,0.0,,999.0
113.11,0.5,0.0,,999.0
113.17,0.5,0.0,,999.0
113.24,0.5,0.0,,999.0
113.31,0.5,0.0,,999.0
113.37,0.5,0.0,,999.0
113.44,0.5,0.0,,999.0
113.5,0.5,0.0,,999.0
113.57,0.5,0.0,,999.0
113.64,0.5,0.0,,999.0
113.71,0.5,0.0,,999.0
113.77,0.5,0.0,,999.0
113.85,0.5,0.0,,999.0
113.91,0.5,0.0,,999.0
113.98,0.5,0.0,,999.0
114.04,0.5,0.0,,999.0
114.11,0.5,0.0,,999.0
114.17,0.5,0.0,,999.0
114.24,0.5,0.0,,999.0
114.31,0.5,0.0,,999.0
114.37,0.5,0.0,,999.0
114.44,0.5,0.0,,999.0
114.5,0.5,0.0,,999.0
114.57,0.5,0.0,,999.0
114.64,0.5,0.0,,999.0
114.7,0.5,0.0,,999.0
114.77,0.5,0.0,,999.0
114.84,0.5,0.0,,999.0
114.9,0.5,0.0,,999.0
114.97,0.5,0.0,,999.0
115.03,0.5,0.0,,999.0
115.1,0.5,0.0,,999.0
115.16,0.5,0.0,,999.0
115.23,0.5,0.0,,999.0
115.3,0.5,0.0,,999.0
115.36,0.5,0.0,,999.0
115.43,0.5,0.0,,999.0
115.5,0.5,0.0,,999.0
115.56,0.5,0.0,,999.0
115.63,0.5,0.0,,999.0
115.69,0.5,0.0,,999.0
115.76,0.5,0.0,,999.0
115.83,0.5,0.0,,999.0
115.89,0.5,0.0,,999.0
115.96,0.5,0.0,,999.0
116.02,0.5,0.0,,999.0
116.09,0.5,0.0,,999.0
116.16,0.5,0.0,,999.0
116.22,0.5,0.0,,999.0
116.29,0.5,0.0,,999.0
116.36,0.5,0.0,,999.0
116.42,0.5,0.0,,999.0
116.49,0.5,0.0,,999.0
116.56,0.5,0.0,,999.0
116.62,0.5,0.0,,999.0
116.69,0.5,0.0,,999.0
116.75,0.5,0.0,,999.0
116.82,0.5,0.0,,999.0
116.89,0.5,0.0,,999.0
116.95,0.5,0.0,,999.0
117.02,0.5,0.0,,999.0
117.09,0.5,0.0,,999.0
117.15,0.5,0.0,,999.0
117.22,0.5,0.0,,999.0
117.28,0.5,0.0,,999.0
117.35,0.5,0.0,,999.0
117.42,0.5,0.0,,999.0
117.48,0.5,0.0,,999.0
117.55,0.5,0.0,,999.0
117.62,0.5,0.0,,999.0
117.68,0.5,0.0,,999.0
117.75,0.5,0.0,,999.0
117.81,0.5,0.0,,999.0
117.88,0.5,0.0,,999.0
117.95,0.5,0.0,,999.0
118.01,0.5,0.0,,999.0
118.08,0.5,0.0,,999.0
118.15,0.5,0.0,,999.0
118.21,0.5,0.0,,999.0
118.28,0.5,0.0,,999.0
118.35,0.5,0.0,,999.0
118.41,0.5,0.0,,999.0
118.48,0.5,0.0,,999.0
118.55,0.5,0.0,,999.0
118.61,0.5,0.0,,999.0
118.68,0.5,0.0,,999.0
118.75,0.5,0.0,,999.0
118.81,0.5,0.0,,999.0
118.88,0.5,0.0,,999.0
118.94,0.5,0.0,,999.0
119.01,0.5,0.0,,999.0
119.08,0.5,0.0,,999.0
119.14,0.5,0.0,,999.0
119.21,0.5,0.0,,999.0
119.28,0.5,0.0,,999.0
119.34,0.5,0.0,,999.0
119.41,0.5,0.0,,999.0
119.48,0.5,0.0,,999.0
119.54,0.5,0.0,,999.0
119.61,0.5,0.0,,999.0
119.68,0.5,0.0,,999.0
119.74,0.5,0.0,,999.0
119.81,0.5,0.0,,999.0
119.88,0.5,0.0,,999.0
119.94,0.5,0.0,,999.0
120.01,0.5,0.0,,999.0
120.08,0.5,0.0,,999.0
120.14,0.5,0.0,,999.0
120.21,0.5,0.0,,999.0
120.28,0.5,0.0,,999.0
120.34,0.5,0.0,,999.0
120.42,0.5,0.0,,999.0
120.48,0.5,0.0,,999.0
120.55,0.5,0.0,,999.0
120.62,0.5,0.0,,999.0
120.68,0.5,0.0,,999.0
120.75,0.5,0.0,,999.0
120.81,0.5,0.0,,999.0
120.88,0.5,0.0,,999.0
120.94,0.5,0.0,,999.0
121.01,0.5,0.0,,999.0
121.08,0.5,0.0,,999.0
121.15,0.5,0.0,,999.0
121.21,0.5,0.0,,999.0
121.28,0.5,0.0,,999.0
121.34,0.5,0.0,,999.0
121.41,0.5,0.0,,999.0
121.48,0.5,0.0,,999.0
121.54,0.5,0.0,,999.0
121.61,0.5,0.0,,999.0
121.67,0.5,0.0,,999.0
121.74,0.5,0.0,,999.0
121.81,0.5,0.0,,999.0
121.87,0.5,0.0,,999.0
121.94,0.5,0.0,,999.0
122.0,0.5,0.0,,999.0
122.07,0.5,0.0,,999.0
122.14,0.5,0.0,,999.0
122.2,0.5,0.0,,999.0
122.27,0.5,0.0,,999.0
122.34,0.5,0.0,,999.0
122.4,0.5,0.0,,999.0
122.47,0.5,0.0,,999.0
122.53,0.5,0.0,,999.0
122.6,0.5,0.0,,999.0
122.67,0.5,0.0,,999.0
122.73,0.5,0.0,,999.0
122.8,0.5,0.0,,999.0
122.87,0.5,0.0,,999.0
122.93,0.5,0.0,,999.0
123.0,0.5,0.0,,999.0
123.06,0.5,0.0,,999.0
123.13,0.5,0.0,,999.0
123.2,0.5,0.0,,999.0
123.26,0.5,0.0,,999.0
123.33,0.5,0.0,,999.0
123.39,0.5,0.0,,999.0
123.46,0.5,0.0,,999.0
123.53,0.5,0.0,,999.0
123.59,0.5,0.0,,999.0
123.66,0.5,0.0,,999.0
123.72,0.5,0.0,,999.0
123.79,0.5,0.0,,999.0
123.85,0.5,0.0,,999.0
123.92,0.5,0.0,,999.0
123.99,0.5,0.0,,999.0
124.05,0.5,0.0,,999.0
124.12,0.5,0.0,,999.0
124.18,0.5,0.0,,999.0
124.25,0.5,0.0,,999.0
124.32,0.5,0.0,,999.0
124.38,0.5,0.0,,999.0
124.45,0.5,0.0,,999.0
124.51,0.5,0.0,,999.0
124.58,0.5,0.0,,999.0
124.65,0.5,0.0,,999.0
124.71,0.5,0.0,,999.0
124.78,0.5,0.0,,999.0
124.84,0.5,0.0,,999.0
124.91,0.5,0.0,,999.0
124.97,0.5,0.0,,999.0
125.04,0.5,0.0,,999.0
125.11,0.5,0.0,,999.0
125.17,0.5,0.0,,999.0
125.24,0.5,0.0,,999.0
125.3,0.5,0.0,,999.0
125.37,0.5,0.0,,999.0
125.43,0.5,0.0,,999.0
125.5,0.5,0.0,,999.0
125.57,0.5,0.0,,999.0
125.63,0.5,0.0,,999.0
125.7,0.5,0.0,,999.0
125.76,0.5,0.0,,999.0
125.83,0.5,0.0,,999.0
125.9,0.5,0.0,,999.0
125.96,0.5,0.0,,999.0
126.03,0.5,0.0,,999.0
126.09,0.5,0.0,,999.0
126.16,0.5,0.0,,999.0
126.23,0.5,0.0,,999.0
126.29,0.5,0.0,,999.0
126.36,0.5,0.0,,999.0
126.42,0.5,0.0,,999.0
126.49,0.5,0.0,,999.0
126.56,0.5,0.0,,999.0
126.62,0.5,0.0,,999.0
126.69,0.5,0.0,,999.0
126.75,0.5,0.0,,999.0
126.82,0.5,0.0,,999.0
126.89,0.5,0.0,,999.0
126.95,0.5,0.0,,999.0
127.02,0.5,0.0,,999.0
127.09,0.5,0.0,,999.0
127.16,0.5,0.0,,999.0
127.22,0.5,0.0,,999.0
127.29,0.5,0.0,,999.0
127.35,0.5,0.0,,999.0
127.42,0.5,0.0,,999.0
127.48,0.5,0.0,,999.0
127.55,0.5,0.0,,999.0
127.61,0.5,0.0,,999.0
127.68,0.5,0.0,,999.0
127.74,0.5,0.0,,999.0
127.81,0.5,0.0,,999.0
127.88,0.5,0.0,,999.0
127.94,0.5,0.0,,999.0
128.01,0.5,0.0,,999.0
128.07,0.5,0.0,,999.0
128.14,0.5,0.0,,999.0
128.21,0.5,0.0,,999.0
128.27,0.5,0.0,,999.0
128.34,0.5,0.0,,999.0
128.4,0.5,0.0,,999.0
128.47,0.5,0.0,,999.0
128.54,0.5,0.0,,999.0
128.6,0.5,0.0,,999.0
128.67,0.5,0.0,,999.0
128.74,0.5,0.0,,999.0
128.8,0.5,0.0,,999.0
128.87,0.5,0.0,,999.0
128.93,0.5,0.0,,999.0
129.0,0.5,0.0,,999.0
129.07,0.5,0.0,,999.0
129.13,0.5,0.0,,999.0
129.2,0.5,0.0,,999.0
129.26,0.5,0.0,,999.0
129.33,0.5,0.0,,999.0
129.4,0.5,0.0,,999.0
129.46,0.5,0.0,,999.0
129.53,0.5,0.0,,999.0
129.6,0.5,0.0,,999.0
129.66,0.5,0.0,,999.0
129.73,0.5,0.0,,999.0
129.8,0.5,0.0,,999.0
129.86,0.5,0.0,,999.0
129.93,0.5,0.0,,999.0
130.0,0.5,0.0,,999.0
130.06,0.5,0.0,,999.0
130.13,0.5,0.0,,999.0
130.19,0.5,0.0,,999.0
130.26,0.5,0.0,,999.0
130.33,0.5,0.0,,999.0
130.39,0.5,0.0,,999.0
130.46,0.5,0.0,,999.0
130.52,0.5,0.0,,999.0
130.59,0.5,0.0,,999.0
130.66,0.5,0.0,,999.0
130.72,0.5,0.0,,999.0
130.79,0.5,0.0,,999.0
130.86,0.5,0.0,,999.0
130.92,0.5,0.0,,999.0
130.99,0.5,0.0,,999.0
131.06,0.5,0.0,,999.0
131.12,0.5,0.0,,999.0
131.19,0.5,0.0,,999.0
131.26,0.5,0.0,,999.0
131.32,0.5,0.0,,999.0
131.39,0.5,0.0,,999.0
131.46,0.5,0.0,,999.0
131.52,0.5,0.0,,999.0
131.59,0.5,0.0,,999.0
131.65,0.5,0.0,,999.0
131.72,0.5,0.0,,999.0
131.79,0.5,0.0,,999.0
131.86,0.5,0.0,,999.0
131.92,0.5,0.0,,999.0
131.99,0.5,0.0,,999.0
132.05,0.5,0.0,,999.0
132.12,0.5,0.0,,999.0
132.19,0.5,0.0,,999.0
132.25,0.5,0.0,,999.0
132.32,0.5,0.0,,999.0
132.39,0.5,0.0,,999.0
132.45,0.5,0.0,,999.0
132.52,0.5,0.0,,999.0
132.59,0.5,0.0,,999.0
132.65,0.5,0.0,,999.0
132.72,0.5,0.0,,999.0
132.79,0.5,0.0,,999.0
132.86,0.5,0.0,,999.0
132.92,0.5,0.0,,999.0
132.99,0.5,0.0,,999.0
133.06,0.5,0.0,,999.0
133.12,0.5,0.0,,999.0
133.19,0.5,0.0,,999.0
133.25,0.5,0.0,,999.0
133.32,0.5,0.0,,999.0
133.39,0.5,0.0,,999.0
133.45,0.5,0.0,,999.0
133.52,0.5,0.0,,999.0
133.59,0.5,0.0,,999.0
133.65,0.5,0.0,,999.0
133.72,0.5,0.0,,999.0
133.79,0.5,0.0,,999.0
133.86,0.5,0.0,,999.0
133.92,0.5,0.0,,999.0
133.99,0.5,0.0,,999.0
134.06,0.5,0.0,,999.0
134.12,0.5,0.0,,999.0
134.19,0.5,0.0,,999.0
134.26,0.5,0.0,,999.0
134.32,0.5,0.0,,999.0
134.39,0.5,0.0,,999.0
134.45,0.5,0.0,,999.0
134.52,0.5,0.0,,999.0
134.59,0.5,0.0,,999.0
134.65,0.5,0.0,,999.0
134.72,0.5,0.0,,999.0
134.78,0.5,0.0,,999.0
134.85,0.5,0.0,,999.0
134.92,0.5,0.0,,999.0
134.98,0.5,0.0,,999.0
135.05,0.5,0.0,,999.0
135.11,0.5,0.0,,999.0
135.18,0.5,0.0,,999.0
135.25,0.5,0.0,,999.0
135.31,0.5,0.0,,999.0
135.38,0.5,0.0,,999.0
135.45,0.5,0.0,,999.0
135.51,0.5,0.0,,999.0
135.58,0.5,0.0,,999.0
135.64,0.5,0.0,,999.0
135.71,0.5,0.0,,999.0
135.77,0.5,0.0,,999.0
135.84,0.5,0.0,,999.0
135.91,0.5,0.0,,999.0
135.97,0.5,0.0,,999.0
136.04,0.5,0.0,,999.0
136.11,0.5,0.0,,999.0
136.17,0.5,0.0,,999.0
136.24,0.5,0.0,,999.0
136.31,0.5,0.0,,999.0
136.37,0.5,0.0,,999.0
136.44,0.5,0.0,,999.0
136.5,0.5,0.0,,999.0
136.57,0.5,0.0,,999.0
136.64,0.5,0.0,,999.0
136.7,0.5,0.0,,999.0
136.77,0.5,0.0,,999.0
136.84,0.5,0.0,,999.0
136.9,0.5,0.0,,999.0
136.97,0.5,0.0,,999.0
137.03,0.5,0.0,,999.0
137.1,0.5,0.0,,999.0
137.17,0.5,0.0,,999.0
137.24,0.5,0.0,,999.0
137.3,0.5,0.0,,999.0
137.37,0.5,0.0,,999.0
137.43,0.5,0.0,,999.0
137.5,0.5,0.0,,999.0
137.57,0.5,0.0,,999.0
137.63,0.5,0.0,,999.0
137.7,0.5,0.0,,999.0
137.77,0.5,0.0,,999.0
137.83,0.5,0.0,,999.0
137.9,0.5,0.0,,999.0
137.96,0.5,0.0,,999.0
138.03,0.5,0.0,,999.0
138.1,0.5,0.0,,999.0
138.16,0.5,0.0,,999.0
138.23,0.5,0.0,,999.0
138.3,0.5,0.0,,999.0
138.36,0.5,0.0,,999.0
138.43,0.5,0.0,,999.0
138.5,0.5,0.0,,999.0
138.56,0.5,0.0,,999.0
138.63,0.5,0.0,,999.0
138.7,0.5,0.0,,999.0
138.76,0.5,0.0,,999.0
138.83,0.5,0.0,,999.0
138.9,0.5,0.0,,999.0
138.96,0.5,0.0,,999.0
139.03,0.5,0.0,,999.0
139.1,0.5,0.0,,999.0
139.16,0.5,0.0,,999.0
139.23,0.5,0.0,,999.0
139.3,0.5,0.0,,999.0
139.36,0.5,0.0,,999.0
139.43,0.5,0.0,,999.0
139.5,0.5,0.0,,999.0
139.56,0.5,0.0,,999.0
139.63,0.5,0.0,,999.0
139.7,0.5,0.0,,999.0
139.76,0.5,0.0,,999.0
139.83,0.5,0.0,,999.0
139.9,0.5,0.0,,999.0
139.96,0.5,0.0,,999.0
140.03,0.5,0.0,,999.0
140.1,0.5,0.0,,999.0
140.16,0.5,0.0,,999.0
140.23,0.5,0.0,,999.0
140.3,0.5,0.0,,999.0
140.37,0.5,0.0,,999.0
140.44,0.5,0.0,,999.0
140.5,0.5,0.0,,999.0
140.57,0.5,0.0,,999.0
140.63,0.5,0.0,,999.0
140.7,0.5,0.0,,999.0
140.77,0.5,0.0,,999.0
140.83,0.5,0.0,,999.0
140.9,0.5,0.0,,999.0
140.96,0.5,0.0,,999.0
141.03,0.5,0.0,,999.0
141.1,0.5,0.0,,999.0
141.16,0.5,0.0,,999.0
141.23,0.5,0.0,,999.0
141.29,0.5,0.0,,999.0
141.36,0.5,0.0,,999.0
141.43,0.5,0.0,,999.0
141.49,0.5,0.0,,999.0
141.56,0.5,0.0,,999.0
141.62,0.5,0.0,,999.0
141.69,0.5,0.0,,999.0
141.76,0.5,0.0,,999.0
141.82,0.5,0.0,,999.0
141.89,0.5,0.0,,999.0
141.96,0.5,0.0,,999.0
142.02,0.5,0.0,,999.0
142.09,0.5,0.0,,999.0
142.15,0.5,0.0,,999.0
142.22,0.5,0.0,,999.0
142.29,0.5,0.0,,999.0
142.35,0.5,0.0,,999.0
142.42,0.5,0.0,,999.0
142.49,0.5,0.0,,999.0
142.55,0.5,0.0,,999.0
142.62,0.5,0.0,,999.0
142.69,0.5,0.0,,999.0
142.75,0.5,0.0,,999.0
142.82,0.5,0.0,,999.0
142.88,0.5,0.0,,999.0
142.95,0.5,0.0,,999.0
143.02,0.5,0.0,,999.0
143.08,0.5,0.0,,999.0
143.15,0.5,0.0,,999.0
143.22,0.5,0.0,,999.0
143.28,0.5,0.0,,999.0
143.35,0.5,0.0,,999.0
143.41,0.5,0.0,,999.0
143.48,0.5,0.0,,999.0
143.55,0.5,0.0,,999.0
143.61,0.5,0.0,,999.0
143.68,0.5,0.0,,999.0
143.75,0.5,0.0,,999.0
143.81,0.5,0.0,,999.0
143.88,0.5,0.0,,999.0
143.95,0.5,0.0,,999.0
144.01,0.5,0.0,,999.0
144.08,0.5,0.0,,999.0
144.14,0.5,0.0,,999.0
144.21,0.5,0.0,,999.0
144.28,0.5,0.0,,999.0
144.34,0.5,0.0,,999.0
144.41,0.5,0.0,,999.0
144.48,0.5,0.0,,999.0
144.54,0.5,0.0,,999.0
144.61,0.5,0.0,,999.0
144.68,0.5,0.0,,999.0
144.74,0.5,0.0,,999.0
144.81,0.5,0.0,,999.0
144.88,0.5,0.0,,999.0
144.94,0.5,0.0,,999.0
145.01,0.5,0.0,,999.0
145.08,0.5,0.0,,999.0
145.14,0.5,0.0,,999.0
145.21,0.5,0.0,,999.0
145.27,0.5,0.0,,999.0
145.34,0.5,0.0,,999.0
145.41,0.5,0.0,,999.0
145.47,0.5,0.0,,999.0
145.54,0.5,0.0,,999.0
145.61,0.5,0.0,,999.0
145.67,0.5,0.0,,999.0
145.74,0.5,0.0,,999.0
145.81,0.5,0.0,,999.0
145.88,0.5,0.0,,999.0
145.94,0.5,0.0,,999.0
146.01,0.5,0.0,,999.0
146.08,0.5,0.0,,999.0
146.14,0.5,0.0,,999.0
146.21,0.5,0.0,,999.0
146.28,0.5,0.0,,999.0
146.34,0.5,0.0,,999.0
146.41,0.5,0.0,,999.0
146.47,0.5,0.0,,999.0
146.54,0.5,0.0,,999.0
146.61,0.5,0.0,,999.0
146.67,0.5,0.0,,999.0
146.74,0.5,0.0,,999.0
146.81,0.5,0.0,,999.0
146.88,0.5,0.0,,999.0
146.95,0.5,0.0,,999.0
147.01,0.5,0.0,,999.0
147.08,0.5,0.0,,999.0
147.15,0.5,0.0,,999.0
147.21,0.5,0.0,,999.0
147.28,0.5,0.0,,999.0
147.34,0.5,0.0,,999.0
147.41,0.5,0.0,,999.0
147.48,0.5,0.0,,999.0
147.54,0.5,0.0,,999.0
147.61,0.5,0.0,,999.0
147.67,0.5,0.0,,999.0
147.74,0.5,0.0,,999.0
147.81,0.5,0.0,,999.0
147.87,0.5,0.0,,999.0
147.94,0.5,0.0,,999.0
148.0,0.5,0.0,,999.0
148.07,0.5,0.0,,999.0
148.14,0.5,0.0,,999.0
148.21,0.5,0.0,,999.0
148.28,0.5,0.0,,999.0
148.34,0.5,0.0,,999.0
148.41,0.5,0.0,,999.0
148.48,0.5,0.0,,999.0
148.54,0.5,0.0,,999.0
148.61,0.5,0.0,,999.0
148.67,0.5,0.0,,999.0
148.74,0.5,0.0,,999.0
148.81,0.5,0.0,,999.0
148.87,0.5,0.0,,999.0
148.94,0.5,0.0,,999.0
149.0,0.5,0.0,,999.0
149.07,0.5,0.0,,999.0
149.14,0.5,0.0,,999.0
149.2,0.5,0.0,,999.0
149.27,0.5,0.0,,999.0
149.33,0.5,0.0,,999.0
149.4,0.5,0.0,,999.0
149.47,0.5,0.0,,999.0
149.53,0.5,0.0,,999.0
149.6,0.5,0.0,,999.0
149.67,0.5,0.0,,999.0
149.73,0.5,0.0,,999.0
149.8,0.5,0.0,,999.0
149.86,0.5,0.0,,999.0
149.93,0.5,0.0,,999.0
150.0,0.5,0.0,,999.0
150.06,0.5,0.0,,999.0
150.13,0.5,0.0,,999.0
150.2,0.5,0.0,,999.0
150.26,0.5,0.0,,999.0
150.33,0.5,0.0,,999.0
150.39,0.5,0.0,,999.0
150.46,0.5,0.0,,999.0
150.53,0.5,0.0,,999.0
150.59,0.5,0.0,,999.0
150.66,0.5,0.0,,999.0
150.72,0.5,0.0,,999.0
150.79,0.5,0.0,,999.0
150.86,0.5,0.0,,999.0
150.92,0.5,0.0,,999.0
150.99,0.5,0.0,,999.0
151.05,0.5,0.0,,999.0
151.12,0.5,0.0,,999.0
151.19,0.5,0.0,,999.0
151.25,0.5,0.0,,999.0
151.32,0.5,0.0,,999.0
151.39,0.5,0.0,,999.0
151.45,0.5,0.0,,999.0
151.52,0.5,0.0,,999.0
151.58,0.5,0.0,,999.0
151.65,0.5,0.0,,999.0
151.72,0.5,0.0,,999.0
151.78,0.5,0.0,,999.0
151.85,0.5,0.0,,999.0
151.92,0.5,0.0,,999.0
151.98,0.5,0.0,,999.0
152.05,0.5,0.0,,999.0
152.11,0.5,0.0,,999.0
152.18,0.5,0.0,,999.0
152.25,0.5,0.0,,999.0
152.32,0.5,0.0,,999.0
152.38,0.5,0.0,,999.0
152.45,0.5,0.0,,999.0
152.51,0.5,0.0,,999.0
152.58,0.5,0.0,,999.0
152.65,0.5,0.0,,999.0
152.71,0.5,0.0,,999.0
152.78,0.5,0.0,,999.0
152.85,0.5,0.0,,999.0
152.91,0.5,0.0,,999.0
152.98,0.5,0.0,,999.0
153.05,0.5,0.0,,999.0
153.11,0.5,0.0,,999.0
153.18,0.5,0.0,,999.0
153.25,0.5,0.0,,999.0
153.31,0.5,0.0,,999.0
153.38,0.5,0.0,,999.0
153.45,0.5,0.0,,999.0
153.51,0.5,0.0,,999.0
153.58,0.5,0.0,,999.0
153.65,0.5,0.0,,999.0
153.71,0.5,0.0,,999.0
153.78,0.5,0.0,,999.0
153.85,0.5,0.0,,999.0
153.91,0.5,0.0,,999.0
153.98,0.5,0.0,,999.0
154.05,0.5,0.0,,999.0
154.11,0.5,0.0,,999.0
154.18,0.5,0.0,,999.0
154.25,0.5,0.0,,999.0
154.31,0.5,0.0,,999.0
154.38,0.5,0.0,,999.0
154.45,0.5,0.0,,999.0
154.51,0.5,0.0,,999.0
154.58,0.5,0.0,,999.0
154.65,0.5,0.0,,999.0
154.71,0.5,0.0,,999.0
154.78,0.5,0.0,,999.0
154.85,0.5,0.0,,999.0
154.92,0.5,0.0,,999.0
154.99,0.5,0.0,,999.0
155.05,0.5,0.0,,999.0
155.12,0.5,0.0,,999.0
155.18,0.5,0.0,,999.0
155.25,0.5,0.0,,999.0
155.32,0.5,0.0,,999.0
155.38,0.5,0.0,,999.0
155.45,0.5,0.0,,999.0
155.52,0.5,0.0,,999.0
155.58,0.5,0.0,,999.0
155.65,0.5,0.0,,999.0
155.71,0.5,0.0,,999.0
155.78,0.5,0.0,,999.0
155.85,0.5,0.0,,999.0
155.91,0.5,0.0,,999.0
155.98,0.5,0.0,,999.0
156.05,0.5,0.0,,999.0
156.11,0.5,0.0,,999.0
156.18,0.5,0.0,,999.0
156.24,0.5,0.0,,999.0
156.31,0.5,0.0,,999.0
156.38,0.5,0.0,,999.0
156.44,0.5,0.0,,999.0
156.51,0.5,0.0,,999.0
156.57,0.5,0.0,,999.0
156.64,0.5,0.0,,999.0
156.7,0.5,0.0,,999.0
156.77,0.5,0.0,,999.0
156.84,0.5,0.0,,999.0
156.91,0.5,0.0,,999.0
156.97,0.5,0.0,,999.0
157.04,0.5,0.0,,999.0
157.1,0.5,0.0,,999.0
157.17,0.5,0.0,,999.0
157.23,0.5,0.0,,999.0
157.3,0.5,0.0,,999.0
157.37,0.5,0.0,,999.0
157.43,0.5,0.0,,999.0
157.5,0.5,0.0,,999.0
157.56,0.5,0.0,,999.0
157.63,0.5,0.0,,999.0
157.7,0.5,0.0,,999.0
157.76,0.5,0.0,,999.0
157.83,0.5,0.0,,999.0
157.89,0.5,0.0,,999.0
157.96,0.5,0.0,,999.0
158.02,0.5,0.0,,999.0
158.09,0.5,0.0,,999.0
158.16,0.5,0.0,,999.0
158.22,0.5,0.0,,999.0
158.29,0.5,0.0,,999.0
158.35,0.5,0.0,,999.0
158.42,0.5,0.0,,999.0
158.49,0.5,0.0,,999.0
158.55,0.5,0.0,,999.0
158.62,0.5,0.0,,999.0
158.68,0.5,0.0,,999.0
158.75,0.5,0.0,,999.0
158.82,0.5,0.0,,999.0
158.88,0.5,0.0,,999.0
158.95,0.5,0.0,,999.0
159.01,0.5,0.0,,999.0
159.08,0.5,0.0,,999.0
159.14,0.5,0.0,,999.0
159.21,0.5,0.0,,999.0
159.28,0.5,0.0,,999.0
159.34,0.5,0.0,,999.0
159.41,0.5,0.0,,999.0
159.47,0.5,0.0,,999.0
159.54,0.5,0.0,,999.0
159.61,0.5,0.0,,999.0
159.67,0.5,0.0,,999.0
159.74,0.5,0.0,,999.0
159.8,0.5,0.0,,999.0
159.87,0.5,0.0,,999.0
159.94,0.5,0.0,,999.0
160.0,0.5,0.0,,999.0
160.07,0.5,0.0,,999.0
160.13,0.5,0.0,,999.0
160.2,0.5,0.0,,999.0
160.27,0.5,0.0,,999.0
160.33,0.5,0.0,,999.0
160.4,0.5,0.0,,999.0
160.46,0.5,0.0,,999.0
160.53,0.5,0.0,,999.0
160.6,0.5,0.0,,999.0
160.66,0.5,0.0,,999.0
160.73,0.5,0.0,,999.0
160.79,0.5,0.0,,999.0
160.86,0.5,0.0,,999.0
160.93,0.5,0.0,,999.0
160.99,0.5,0.0,,999.0
161.06,0.5,0.0,,999.0
161.13,0.5,0.0,,999.0
161.19,0.5,0.0,,999.0
161.26,0.5,0.0,,999.0
161.33,0.5,0.0,,999.0
161.39,0.5,0.0,,999.0
161.47,0.5,0.0,,999.0
161.53,0.5,0.0,,999.0
161.6,0.5,0.0,,999.0
161.66,0.5,0.0,,999.0
161.73,0.5,0.0,,999.0
161.8,0.5,0.0,,999.0
161.86,0.5,0.0,,999.0
161.93,0.5,0.0,,999.0
161.99,0.5,0.0,,999.0
162.06,0.5,0.0,,999.0
162.13,0.5,0.0,,999.0
162.19,0.5,0.0,,999.0
162.26,0.5,0.0,,999.0
162.32,0.5,0.0,,999.0
162.39,0.5,0.0,,999.0
162.46,0.5,0.0,,999.0
162.52,0.5,0.0,,999.0
162.59,0.5,0.0,,999.0
162.65,0.5,0.0,,999.0
162.72,0.5,0.0,,999.0
162.79,0.5,0.0,,999.0
162.85,0.5,0.0,,999.0
162.92,0.5,0.0,,999.0
162.99,0.5,0.0,,999.0
163.05,0.5,0.0,,999.0
163.12,0.5,0.0,,999.0
163.18,0.5,0.0,,999.0
163.25,0.5,0.0,,999.0
163.32,0.5,0.0,,999.0
163.38,0.5,0.0,,999.0
163.45,0.5,0.0,,999.0
163.51,0.5,0.0,,999.0
163.58,0.5,0.0,,999.0
163.65,0.5,0.0,,999.0
163.71,0.5,0.0,,999.0
163.78,0.5,0.0,,999.0
163.84,0.5,0.0,,999.0
163.91,0.5,0.0,,999.0
163.98,0.5,0.0,,999.0
164.04,0.5,0.0,,999.0
164.11,0.5,0.0,,999.0
164.18,0.5,0.0,,999.0
164.24,0.5,0.0,,999.0
164.31,0.5,0.0,,999.0
164.37,0.5,0.0,,999.0
164.44,0.5,0.0,,999.0
164.51,0.5,0.0,,999.0
164.57,0.5,0.0,,999.0
164.64,0.5,0.0,,999.0
164.71,0.5,0.0,,999.0
164.77,0.5,0.0,,999.0
164.84,0.5,0.0,,999.0
164.9,0.5,0.0,,999.0
164.97,0.5,0.0,,999.0
165.04,0.5,0.0,,999.0
165.11,0.5,0.0,,999.0
165.17,0.5,0.0,,999.0
165.24,0.5,0.0,,999.0
165.3,0.5,0.0,,999.0
165.37,0.5,0.0,,999.0
165.44,0.5,0.0,,999.0
165.5,0.5,0.0,,999.0
165.57,0.5,0.0,,999.0
165.64,0.5,0.0,,999.0
165.7,0.5,0.0,,999.0
165.77,0.5,0.0,,999.0
165.84,0.5,0.0,,999.0
165.9,0.5,0.0,,999.0
165.97,0.5,0.0,,999.0
166.04,0.5,0.0,,999.0
166.1,0.5,0.0,,999.0
166.17,0.5,0.0,,999.0
166.24,0.5,0.0,,999.0
166.3,0.5,0.0,,999.0
166.37,0.5,0.0,,999.0
166.43,0.5,0.0,,999.0
166.5,0.5,0.0,,999.0
166.57,0.5,0.0,,999.0
166.63,0.5,0.0,,999.0
166.7,0.5,0.0,,999.0
166.77,0.5,0.0,,999.0
166.83,0.5,0.0,,999.0
166.9,0.5,0.0,,999.0
166.97,0.5,0.0,,999.0
167.03,0.5,0.0,,999.0
167.1,0.5,0.0,,999.0
167.17,0.5,0.0,,999.0
167.24,0.5,0.0,,999.0
167.3,0.5,0.0,,999.0
167.37,0.5,0.0,,999.0
167.43,0.5,0.0,,999.0
167.5,0.5,0.0,,999.0
167.57,0.5,0.0,,999.0
167.63,0.5,0.0,,999.0
167.7,0.5,0.0,,999.0
167.78,0.5,0.0,,999.0
167.84,0.5,0.0,,999.0
167.91,0.5,0.0,,999.0
167.97,0.5,0.0,,999.0
168.04,0.5,0.0,,999.0
168.11,0.5,0.0,,999.0
168.17,0.5,0.0,,999.0
168.24,0.5,0.0,,999.0
168.31,0.5,0.0,,999.0
168.37,0.5,0.0,,999.0
168.44,0.5,0.0,,999.0
168.5,0.5,0.0,,999.0
168.57,0.5,0.0,,999.0
168.64,0.5,0.0,,999.0
168.7,0.5,0.0,,999.0
168.77,0.5,0.0,,999.0
168.83,0.5,0.0,,999.0
168.9,0.5,0.0,,999.0
168.96,0.5,0.0,,999.0
169.03,0.5,0.0,,999.0
169.1,0.5,0.0,,999.0
169.16,0.5,0.0,,999.0
169.23,0.5,0.0,,999.0
169.3,0.5,0.0,,999.0
169.36,0.5,0.0,,999.0
169.43,0.5,0.0,,999.0
169.49,0.5,0.0,,999.0
169.56,0.5,0.0,,999.0
169.63,0.5,0.0,,999.0
169.69,0.5,0.0,,999.0
169.76,0.5,0.0,,999.0
169.82,0.5,0.0,,999.0
169.89,0.5,0.0,,999.0
169.96,0.5,0.0,,999.0
170.02,0.5,0.0,,999.0
170.09,0.5,0.0,,999.0
170.15,0.5,0.0,,999.0
170.22,0.5,0.0,,999.0
170.29,0.5,0.0,,999.0
170.35,0.5,0.0,,999.0
170.42,0.5,0.0,,999.0
170.49,0.5,0.0,,999.0
170.55,0.5,0.0,,999.0
170.62,0.5,0.0,,999.0
170.69,0.5,0.0,,999.0
170.75,0.5,0.0,,999.0
170.82,0.5,0.0,,999.0
170.88,0.5,0.0,,999.0
170.95,0.5,0.0,,999.0
171.02,0.5,0.0,,999.0
171.08,0.5,0.0,,999.0
171.15,0.5,0.0,,999.0
171.22,0.5,0.0,,999.0
171.28,0.5,0.0,,999.0
171.35,0.5,0.0,,999.0
171.42,0.5,0.0,,999.0
171.48,0.5,0.0,,999.0
171.55,0.5,0.0,,999.0
171.62,0.5,0.0,,999.0
171.68,0.5,0.0,,999.0
171.75,0.5,0.0,,999.0
171.81,0.5,0.0,,999.0
171.88,0.5,0.0,,999.0
171.95,0.5,0.0,,999.0
172.01,0.5,0.0,,999.0
172.08,0.5,0.0,,999.0
172.15,0.5,0.0,,999.0
172.21,0.5,0.0,,999.0
172.28,0.5,0.0,,999.0
172.35,0.5,0.0,,999.0
172.41,0.5,0.0,,999.0
172.48,0.5,0.0,,999.0
172.55,0.5,0.0,,999.0
172.61,0.5,0.0,,999.0
172.68,0.5,0.0,,999.0
172.75,0.5,0.0,,999.0
172.81,0.5,0.0,,999.0
172.88,0.5,0.0,,999.0
172.95,0.5,0.0,,999.0
173.01,0.5,0.0,,999.0
173.08,0.5,0.0,,999.0
173.15,0.5,0.0,,999.0
173.21,0.5,0.0,,999.0
173.28,0.5,0.0,,999.0
173.34,0.5,0.0,,999.0
173.41,0.5,0.0,,999.0
173.48,0.5,0.0,,999.0
173.55,0.5,0.0,,999.0
173.61,0.5,0.0,,999.0
173.68,0.5,0.0,,999.0
173.75,0.5,0.0,,999.0
173.81,0.5,0.0,,999.0
173.88,0.5,0.0,,999.0
173.95,0.5,0.0,,999.0
174.01,0.5,0.0,,999.0
174.09,0.5,0.0,,999.0
174.15,0.5,0.0,,999.0
174.22,0.5,0.0,,999.0
174.28,0.5,0.0,,999.0
174.35,0.5,0.0,,999.0
174.41,0.5,0.0,,999.0
174.48,0.5,0.0,,999.0
174.55,0.5,0.0,,999.0
174.61,0.5,0.0,,999.0
174.68,0.5,0.0,,999.0
174.75,0.5,0.0,,999.0
174.81,0.5,0.0,,999.0
174.88,0.5,0.0,,999.0
174.94,0.5,0.0,,999.0
175.01,0.5,0.0,,999.0
175.08,0.5,0.0,,999.0
175.14,0.5,0.0,,999.0
175.21,0.5,0.0,,999.0
175.27,0.5,0.0,,999.0
175.34,0.5,0.0,,999.0
175.41,0.5,0.0,,999.0
175.47,0.5,0.0,,999.0
175.54,0.5,0.0,,999.0
175.61,0.5,0.0,,999.0
175.67,0.5,0.0,,999.0
175.74,0.5,0.0,,999.0
175.81,0.5,0.0,,999.0
175.87,0.5,0.0,,999.0
175.94,0.5,0.0,,999.0
176.0,0.5,0.0,,999.0
176.07,0.5,0.0,,999.0
176.14,0.5,0.0,,999.0
176.2,0.5,0.0,,999.0
176.27,0.5,0.0,,999.0
176.33,0.5,0.0,,999.0
176.4,0.5,0.0,,999.0
176.47,0.5,0.0,,999.0
176.53,0.5,0.0,,999.0
176.6,0.5,0.0,,999.0
176.66,0.5,0.0,,999.0
176.73,0.5,0.0,,999.0
176.8,0.5,0.0,,999.0
176.86,0.5,0.0,,999.0
176.93,0.5,0.0,,999.0
177.0,0.5,0.0,,999.0
177.06,0.5,0.0,,999.0
177.13,0.5,0.0,,999.0
177.2,0.5,0.0,,999.0
177.26,0.5,0.0,,999.0
177.33,0.5,0.0,,999.0
177.39,0.5,0.0,,999.0
177.46,0.5,0.0,,999.0
177.53,0.5,0.0,,999.0
177.59,0.5,0.0,,999.0
177.66,0.5,0.0,,999.0
177.73,0.5,0.0,,999.0
177.79,0.5,0.0,,999.0
177.86,0.5,0.0,,999.0
177.93,0.5,0.0,,999.0
177.99,0.5,0.0,,999.0
178.06,0.5,0.0,,999.0
178.12,0.5,0.0,,999.0
178.19,0.5,0.0,,999.0
178.26,0.5,0.0,,999.0
178.32,0.5,0.0,,999.0
178.39,0.5,0.0,,999.0
178.46,0.5,0.0,,999.0
178.52,0.5,0.0,,999.0
178.59,0.5,0.0,,999.0
178.66,0.5,0.0,,999.0
178.72,0.5,0.0,,999.0
178.79,0.5,0.0,,999.0
178.86,0.5,0.0,,999.0
178.92,0.5,0.0,,999.0
178.99,0.5,0.0,,999.0
179.06,0.5,0.0,,999.0
179.12,0.5,0.0,,999.0
179.19,0.5,0.0,,999.0
179.26,0.5,0.0,,999.0
179.32,0.5,0.0,,999.0
179.39,0.5,0.0,,999.0
179.46,0.5,0.0,,999.0
179.52,0.5,0.0,,999.0
179.59,0.5,0.0,,999.0
179.66,0.5,0.0,,999.0
179.72,0.5,0.0,,999.0
179.79,0.5,0.0,,999.0
179.86,0.5,0.0,,999.0
179.92,0.5,0.0,,999.0
179.99,0.5,0.0,,999.0
180.06,0.5,0.0,,999.0
180.13,0.5,0.0,,999.0
180.19,0.5,0.0,,999.0
180.26,0.5,0.0,,999.0
180.33,0.5,0.0,,999.0
180.4,0.5,0.0,,999.0
180.46,0.5,0.0,,999.0
180.53,0.5,0.0,,999.0
180.6,0.5,0.0,,999.0
180.66,0.5,0.0,,999.0
180.73,0.5,0.0,,999.0
180.79,0.5,0.0,,999.0
180.86,0.5,0.0,,999.0
180.93,0.5,0.0,,999.0
180.99,0.5,0.0,,999.0
181.06,0.5,0.0,,999.0
181.13,0.5,0.0,,999.0
181.19,0.5,0.0,,999.0
181.26,0.5,0.0,,999.0
181.32,0.5,0.0,,999.0
181.39,0.5,0.0,,999.0
181.46,0.5,0.0,,999.0
181.52,0.5,0.0,,999.0
181.59,0.5,0.0,,999.0
181.65,0.5,0.0,,999.0
181.72,0.5,0.0,,999.0
181.79,0.5,0.0,,999.0
181.85,0.5,0.0,,999.0
181.92,0.5,0.0,,999.0
181.98,0.5,0.0,,999.0
182.05,0.5,0.0,,999.0
182.12,0.5,0.0,,999.0
182.18,0.5,0.0,,999.0
182.25,0.5,0.0,,999.0
182.32,0.5,0.0,,999.0
182.38,0.5,0.0,,999.0
182.45,0.5,0.0,,999.0
182.52,0.5,0.0,,999.0
182.58,0.5,0.0,,999.0
182.65,0.5,0.0,,999.0
182.71,0.5,0.0,,999.0
182.78,0.5,0.0,,999.0
182.85,0.5,0.0,,999.0
182.91,0.5,0.0,,999.0
182.98,0.5,0.0,,999.0
183.05,0.5,0.0,,999.0
183.11,0.5,0.0,,999.0
183.18,0.5,0.0,,999.0
183.24,0.5,0.0,,999.0
183.31,0.5,0.0,,999.0
183.38,0.5,0.0,,999.0
183.44,0.5,0.0,,999.0
183.51,0.5,0.0,,999.0
183.58,0.5,0.0,,999.0
183.64,0.5,0.0,,999.0
183.71,0.5,0.0,,999.0
183.78,0.5,0.0,,999.0
183.84,0.5,0.0,,999.0
183.91,0.5,0.0,,999.0
183.98,0.5,0.0,,999.0
184.04,0.5,0.0,,999.0
184.11,0.5,0.0,,999.0
184.18,0.5,0.0,,999.0
184.24,0.5,0.0,,999.0
184.31,0.5,0.0,,999.0
184.37,0.5,0.0,,999.0
184.44,0.5,0.0,,999.0
184.51,0.5,0.0,,999.0
184.57,0.5,0.0,,999.0
184.64,0.5,0.0,,999.0
184.71,0.5,0.0,,999.0
184.77,0.5,0.0,,999.0
184.84,0.5,0.0,,999.0
184.91,0.5,0.0,,999.0
184.97,0.5,0.0,,999.0
185.04,0.5,0.0,,999.0
185.11,0.5,0.0,,999.0
185.17,0.5,0.0,,999.0
185.24,0.5,0.0,,999.0
185.3,0.5,0.0,,999.0
185.37,0.5,0.0,,999.0
185.44,0.5,0.0,,999.0
185.5,0.5,0.0,,999.0
185.57,0.5,0.0,,999.0
185.64,0.5,0.0,,999.0
185.7,0.5,0.0,,999.0
185.77,0.5,0.0,,999.0
185.84,0.5,0.0,,999.0
185.9,0.5,0.0,,999.0
185.97,0.5,0.0,,999.0
186.04,0.5,0.0,,999.0
186.1,0.5,0.0,,999.0
186.17,0.5,0.0,,999.0
186.24,0.5,0.0,,999.0
186.3,0.5,0.0,,999.0
186.37,0.5,0.0,,999.0
186.44,0.5,0.0,,999.0
186.5,0.5,0.0,,999.0
186.57,0.5,0.0,,999.0
186.64,0.5,0.0,,999.0
186.7,0.5,0.0,,999.0
186.78,0.5,0.0,,999.0
186.84,0.5,0.0,,999.0
186.91,0.5,0.0,,999.0
186.98,0.5,0.0,,999.0
187.04,0.5,0.0,,999.0
187.11,0.5,0.0,,999.0
187.17,0.5,0.0,,999.0
187.24,0.5,0.0,,999.0
187.31,0.5,0.0,,999.0
187.37,0.5,0.0,,999.0
187.44,0.5,0.0,,999.0
187.5,0.5,0.0,,999.0
187.57,0.5,0.0,,999.0
187.64,0.5,0.0,,999.0
187.7,0.5,0.0,,999.0
187.77,0.5,0.0,,999.0
187.84,0.5,0.0,,999.0
187.9,0.5,0.0,,999.0
187.97,0.5,0.0,,999.0
188.03,0.5,0.0,,999.0
188.1,0.5,0.0,,999.0
188.17,0.5,0.0,,999.0
188.23,0.5,0.0,,999.0
188.3,0.5,0.0,,999.0
188.37,0.5,0.0,,999.0
188.43,0.5,0.0,,999.0
188.5,0.5,0.0,,999.0
188.56,0.5,0.0,,999.0
188.63,0.5,0.0,,999.0
188.7,0.5,0.0,,999.0
188.76,0.5,0.0,,999.0
188.83,0.5,0.0,,999.0
188.9,0.5,0.0,,999.0
188.96,0.5,0.0,,999.0
189.03,0.5,0.0,,999.0
189.09,0.5,0.0,,999.0
189.16,0.5,0.0,,999.0
189.23,0.5,0.0,,999.0
189.3,0.5,0.0,,999.0
189.37,0.5,0.0,,999.0
189.43,0.5,0.0,,999.0
189.5,0.5,0.0,,999.0
189.57,0.5,0.0,,999.0
189.63,0.5,0.0,,999.0
189.7,0.5,0.0,,999.0
189.76,0.5,0.0,,999.0
189.83,0.5,0.0,,999.0
189.9,0.5,0.0,,999.0
189.96,0.5,0.0,,999.0
190.03,0.5,0.0,,999.0
190.09,0.5,0.0,,999.0
190.16,0.5,0.0,,999.0
190.23,0.5,0.0,,999.0
190.29,0.5,0.0,,999.0
190.36,0.5,0.0,,999.0
190.42,0.5,0.0,,999.0
190.49,0.5,0.0,,999.0
190.56,0.5,0.0,,999.0
190.62,0.5,0.0,,999.0
190.69,0.5,0.0,,999.0
190.76,0.5,0.0,,999.0
190.82,0.5,0.0,,999.0
190.89,0.5,0.0,,999.0
190.96,0.5,0.0,,999.0
191.02,0.5,0.0,,999.0
191.09,0.5,0.0,,999.0
191.15,0.5,0.0,,999.0
191.22,0.5,0.0,,999.0
191.29,0.5,0.0,,999.0
191.35,0.5,0.0,,999.0
191.42,0.5,0.0,,999.0
191.49,0.5,0.0,,999.0
191.55,0.5,0.0,,999.0
191.62,0.5,0.0,,999.0
191.69,0.5,0.0,,999.0
191.75,0.5,0.0,,999.0
191.82,0.5,0.0,,999.0
191.88,0.5,0.0,,999.0
191.95,0.5,0.0,,999.0
192.02,0.5,0.0,,999.0
192.08,0.5,0.0,,999.0
192.15,0.5,0.0,,999.0
192.22,0.5,0.0,,999.0
192.28,0.5,0.0,,999.0
192.35,0.5,0.0,,999.0
192.41,0.5,0.0,,999.0
192.48,0.5,0.0,,999.0
192.55,0.5,0.0,,999.0
192.61,0.5,0.0,,999.0
192.68,0.5,0.0,,999.0
192.75,0.5,0.0,,999.0
192.81,0.5,0.0,,999.0
192.88,0.5,0.0,,999.0
192.95,0.5,0.0,,999.0
193.01,0.5,0.0,,999.0
193.08,0.5,0.0,,999.0
193.15,0.5,0.0,,999.0
193.21,0.5,0.0,,999.0
193.28,0.5,0.0,,999.0
193.35,0.5,0.0,,999.0
193.41,0.5,0.0,,999.0
193.48,0.5,0.0,,999.0
193.55,0.5,0.0,,999.0
193.61,0.5,0.0,,999.0
193.68,0.5,0.0,,999.0
193.75,0.5,0.0,,999.0
193.81,0.5,0.0,,999.0
193.88,0.5,0.0,,999.0
193.95,0.5,0.0,,999.0
194.01,0.5,0.0,,999.0
194.08,0.5,0.0,,999.0
194.15,0.5,0.0,,999.0
194.21,0.5,0.0,,999.0
194.28,0.5,0.0,,999.0
194.35,0.5,0.0,,999.0
194.41,0.5,0.0,,999.0
194.48,0.5,0.0,,999.0
194.55,0.5,0.0,,999.0
194.61,0.5,0.0,,999.0
194.68,0.5,0.0,,999.0
194.75,0.5,0.0,,999.0
194.81,0.5,0.0,,999.0
194.88,0.5,0.0,,999.0
194.95,0.5,0.0,,999.0
195.01,0.5,0.0,,999.0
195.08,0.5,0.0,,999.0
195.15,0.5,0.0,,999.0
195.21,0.5,0.0,,999.0
195.28,0.5,0.0,,999.0
195.35,0.5,0.0,,999.0
195.41,0.5,0.0,,999.0
195.48,0.5,0.0,,999.0
195.55,0.5,0.0,,999.0
195.62,0.5,0.0,,999.0
195.68,0.5,0.0,,999.0
195.75,0.5,0.0,,999.0
195.82,0.5,0.0,,999.0
195.89,0.5,0.0,,999.0
195.95,0.5,0.0,,999.0
196.02,0.5,0.0,,999.0
196.09,0.5,0.0,,999.0
196.15,0.5,0.0,,999.0
196.22,0.5,0.0,,999.0
196.28,0.5,0.0,,999.0
196.35,0.5,0.0,,999.0
196.42,0.5,0.0,,999.0
196.48,0.5,0.0,,999.0
196.55,0.5,0.0,,999.0
196.61,0.5,0.0,,999.0
196.68,0.5,0.0,,999.0
196.75,0.5,0.0,,999.0
196.81,0.5,0.0,,999.0
196.88,0.5,0.0,,999.0
196.95,0.5,0.0,,999.0
197.01,0.5,0.0,,999.0
197.08,0.5,0.0,,999.0
197.14,0.5,0.0,,999.0
197.21,0.5,0.0,,999.0
197.28,0.5,0.0,,999.0
197.34,0.5,0.0,,999.0
197.41,0.5,0.0,,999.0
197.48,0.5,0.0,,999.0
197.54,0.5,0.0,,999.0
197.61,0.5,0.0,,999.0
197.67,0.5,0.0,,999.0
197.74,0.5,0.0,,999.0
197.81,0.5,0.0,,999.0
197.87,0.5,0.0,,999.0
197.94,0.5,0.0,,999.0
198.01,0.5,0.0,,999.0
198.07,0.5,0.0,,999.0
198.14,0.5,0.0,,999.0
198.2,0.5,0.0,,999.0
198.27,0.5,0.0,,999.0
198.34,0.5,0.0,,999.0
198.4,0.5,0.0,,999.0
198.47,0.5,0.0,,999.0
198.54,0.5,0.0,,999.0
198.6,0.5,0.0,,999.0
198.67,0.5,0.0,,999.0
198.74,0.5,0.0,,999.0
198.8,0.5,0.0,,999.0
198.87,0.5,0.0,,999.0
198.94,0.5,0.0,,999.0
199.0,0.5,0.0,,999.0
199.07,0.5,0.0,,999.0
199.14,0.5,0.0,,999.0
199.2,0.5,0.0,,999.0
199.27,0.5,0.0,,999.0
199.34,0.5,0.0,,999.0
199.4,0.5,0.0,,999.0
199.47,0.5,0.0,,999.0
199.53,0.5,0.0,,999.0
199.6,0.5,0.0,,999.0
199.67,0.5,0.0,,999.0
199.73,0.5,0.0,,999.0
199.8,0.5,0.0,,999.0
199.87,0.5,0.0,,999.0
199.93,0.5,0.0,,999.0
200.0,0.5,0.0,,999.0
200.07,0.5,0.0,,999.0
200.13,0.5,0.0,,999.0
200.2,0.5,0.0,,999.0
200.27,0.5,0.0,,999.0
200.33,0.5,0.0,,999.0
200.4,0.5,0.0,,999.0
200.47,0.5,0.0,,999.0
200.53,0.5,0.0,,999.0
200.6,0.5,0.0,,999.0
200.67,0.5,0.0,,999.0
200.73,0.5,0.0,,999.0
200.8,0.5,0.0,,999.0
200.87,0.5,0.0,,999.0
200.93,0.5,0.0,,999.0
201.0,0.5,0.0,,999.0
201.07,0.5,0.0,,999.0
201.13,0.5,0.0,,999.0
201.2,0.5,0.0,,999.0
201.27,0.5,0.0,,999.0
201.34,0.5,0.0,,999.0
201.4,0.5,0.0,,999.0
201.47,0.5,0.0,,999.0
201.54,0.5,0.0,,999.0
201.6,0.5,0.0,,999.0
201.67,0.5,0.0,,999.0
201.74,0.5,0.0,,999.0
201.8,0.5,0.0,,999.0
201.87,0.5,0.0,,999.0
201.94,0.5,0.0,,999.0
202.0,0.5,0.0,,999.0
202.07,0.5,0.0,,999.0
202.14,0.5,0.0,,999.0
202.2,0.5,0.0,,999.0
202.27,0.5,0.0,,999.0
202.35,0.5,0.0,,999.0
202.41,0.5,0.0,,999.0
202.48,0.5,0.0,,999.0
202.55,0.5,0.0,,999.0
202.61,0.5,0.0,,999.0
202.68,0.5,0.0,,999.0
202.74,0.5,0.0,,999.0
202.81,0.5,0.0,,999.0
202.88,0.5,0.0,,999.0
202.94,0.5,0.0,,999.0
203.01,0.5,0.0,,999.0
203.07,0.5,0.0,,999.0
203.14,0.5,0.0,,999.0
203.21,0.5,0.0,,999.0
203.27,0.5,0.0,,999.0
203.34,0.5,0.0,,999.0
203.41,0.5,0.0,,999.0
203.47,0.5,0.0,,999.0
203.54,0.5,0.0,,999.0
203.6,0.5,0.0,,999.0
203.67,0.5,0.0,,999.0
203.74,0.5,0.0,,999.0
203.8,0.5,0.0,,999.0
203.87,0.5,0.0,,999.0
203.93,0.5,0.0,,999.0
204.0,0.5,0.0,,999.0
204.07,0.5,0.0,,999.0
204.13,0.5,0.0,,999.0
204.2,0.5,0.0,,999.0
204.27,0.5,0.0,,999.0
204.33,0.5,0.0,,999.0
204.4,0.5,0.0,,999.0
204.46,0.5,0.0,,999.0
204.53,0.5,0.0,,999.0
204.6,0.5,0.0,,999.0
204.66,0.5,0.0,,999.0
204.73,0.5,0.0,,999.0
204.8,0.5,0.0,,999.0
204.86,0.5,0.0,,999.0
204.93,0.5,0.0,,999.0
204.99,0.5,0.0,,999.0
205.06,0.5,0.0,,999.0
205.13,0.5,0.0,,999.0
205.19,0.5,0.0,,999.0
205.26,0.5,0.0,,999.0
205.33,0.5,0.0,,999.0
205.39,0.5,0.0,,999.0
205.46,0.5,0.0,,999.0
205.53,0.5,0.0,,999.0
205.59,0.5,0.0,,999.0
205.66,0.5,0.0,,999.0
205.73,0.5,0.0,,999.0
205.79,0.5,0.0,,999.0
205.86,0.5,0.0,,999.0
205.92,0.5,0.0,,999.0
205.99,0.5,0.0,,999.0
206.06,0.5,0.0,,999.0
206.13,0.5,0.0,,999.0
206.19,0.5,0.0,,999.0
206.26,0.5,0.0,,999.0
206.32,0.5,0.0,,999.0
206.39,0.5,0.0,,999.0
206.46,0.5,0.0,,999.0
206.52,0.5,0.0,,999.0
206.59,0.5,0.0,,999.0
206.66,0.5,0.0,,999.0
206.72,0.5,0.0,,999.0
206.79,0.5,0.0,,999.0
206.86,0.5,0.0,,999.0
206.92,0.5,0.0,,999.0
206.99,0.5,0.0,,999.0
207.06,0.5,0.0,,999.0
207.12,0.5,0.0,,999.0
207.19,0.5,0.0,,999.0
207.26,0.5,0.0,,999.0
207.32,0.5,0.0,,999.0
207.39,0.5,0.0,,999.0
207.46,0.5,0.0,,999.0
207.52,0.5,0.0,,999.0
207.59,0.5,0.0,,999.0
207.66,0.5,0.0,,999.0
207.72,0.5,0.0,,999.0
207.79,0.5,0.0,,999.0
207.86,0.5,0.0,,999.0
207.92,0.5,0.0,,999.0
207.99,0.5,0.0,,999.0
208.06,0.5,0.0,,999.0
208.13,0.5,0.0,,999.0
208.19,0.5,0.0,,999.0
208.26,0.5,0.0,,999.0
208.33,0.5,0.0,,999.0
208.39,0.5,0.0,,999.0
208.46,0.5,0.0,,999.0
208.53,0.5,0.0,,999.0
208.59,0.5,0.0,,999.0
208.66,0.5,0.0,,999.0
208.73,0.5,0.0,,999.0
208.79,0.5,0.0,,999.0
208.86,0.5,0.0,,999.0
208.93,0.5,0.0,,999.0
209.0,0.5,0.0,,999.0
209.07,0.5,0.0,,999.0
209.13,0.5,0.0,,999.0
209.2,0.5,0.0,,999.0
209.27,0.5,0.0,,999.0
209.33,0.5,0.0,,999.0
209.4,0.5,0.0,,999.0
209.46,0.5,0.0,,999.0
209.53,0.5,0.0,,999.0
209.6,0.5,0.0,,999.0
209.66,0.5,0.0,,999.0
209.73,0.5,0.0,,999.0
209.79,0.5,0.0,,999.0
209.86,0.5,0.0,,999.0
209.93,0.5,0.0,,999.0
209.99,0.5,0.0,,999.0
210.06,0.5,0.0,,999.0
210.13,0.5,0.0,,999.0
210.19,0.5,0.0,,999.0
210.26,0.5,0.0,,999.0
210.32,0.5,0.0,,999.0
210.39,0.5,0.0,,999.0
210.46,0.5,0.0,,999.0
210.52,0.5,0.0,,999.0
210.59,0.5,0.0,,999.0
210.66,0.5,0.0,,999.0
210.72,0.5,0.0,,999.0
210.79,0.5,0.0,,999.0
210.85,0.5,0.0,,999.0
210.92,0.5,0.0,,999.0
210.99,0.5,0.0,,999.0
211.05,0.5,0.0,,999.0
211.12,0.5,0.0,,999.0
211.19,0.5,0.0,,999.0
211.25,0.5,0.0,,999.0
211.32,0.5,0.0,,999.0
211.38,0.5,0.0,,999.0
211.45,0.5,0.0,,999.0
211.52,0.5,0.0,,999.0
211.58,0.5,0.0,,999.0
211.65,0.5,0.0,,999.0
211.72,0.5,0.0,,999.0
211.78,0.5,0.0,,999.0
211.85,0.5,0.0,,999.0
211.92,0.5,0.0,,999.0
211.98,0.5,0.0,,999.0
212.05,0.5,0.0,,999.0
212.12,0.5,0.0,,999.0
212.18,0.5,0.0,,999.0
212.25,0.5,0.0,,999.0
212.32,0.5,0.0,,999.0
212.38,0.5,0.0,,999.0
212.45,0.5,0.0,,999.0
212.52,0.5,0.0,,999.0
212.58,0.5,0.0,,999.0
212.65,0.5,0.0,,999.0
212.72,0.5,0.0,,999.0
212.78,0.5,0.0,,999.0
212.85,0.5,0.0,,999.0
212.92,0.5,0.0,,999.0
212.98,0.5,0.0,,999.0
213.05,0.5,0.0,,999.0
213.11,0.5,0.0,,999.0
213.18,0.5,0.0,,999.0
213.25,0.5,0.0,,999.0
213.31,0.5,0.0,,999.0
213.38,0.5,0.0,,999.0
213.44,0.5,0.0,,999.0
213.51,0.5,0.0,,999.0
213.58,0.5,0.0,,999.0
213.64,0.5,0.0,,999.0
213.71,0.5,0.0,,999.0
213.78,0.5,0.0,,999.0
213.84,0.5,0.0,,999.0
213.91,0.5,0.0,,999.0
213.97,0.5,0.0,,999.0
214.04,0.5,0.0,,999.0
214.11,0.5,0.0,,999.0
214.17,0.5,0.0,,999.0
214.24,0.5,0.0,,999.0
214.31,0.5,0.0,,999.0
214.37,0.5,0.0,,999.0
214.44,0.5,0.0,,999.0
214.5,0.5,0.0,,999.0
214.57,0.5,0.0,,999.0
214.64,0.5,0.0,,999.0
214.7,0.5,0.0,,999.0
214.77,0.5,0.0,,999.0
214.83,0.5,0.0,,999.0
214.9,0.5,0.0,,999.0
214.97,0.5,0.0,,999.0
215.03,0.5,0.0,,999.0
215.1,0.5,0.0,,999.0
215.16,0.5,0.0,,999.0
215.23,0.5,0.0,,999.0
215.29,0.5,0.0,,999.0
215.36,0.5,0.0,,999.0
215.43,0.5,0.0,,999.0
215.49,0.5,0.0,,999.0
215.56,0.5,0.0,,999.0
215.63,0.5,0.0,,999.0
215.7,0.5,0.0,,999.0
215.76,0.5,0.0,,999.0
215.83,0.5,0.0,,999.0
215.89,0.5,0.0,,999.0
215.96,0.5,0.0,,999.0
216.02,0.5,0.0,,999.0
216.09,0.5,0.0,,999.0
216.16,0.5,0.0,,999.0
216.22,0.5,0.0,,999.0
216.29,0.5,0.0,,999.0
216.35,0.5,0.0,,999.0
216.42,0.5,0.0,,999.0
216.48,0.5,0.0,,999.0
216.55,0.5,0.0,,999.0
216.61,0.5,0.0,,999.0
216.68,0.5,0.0,,999.0
216.75,0.5,0.0,,999.0
216.81,0.5,0.0,,999.0
216.88,0.5,0.0,,999.0
216.94,0.5,0.0,,999.0
217.01,0.5,0.0,,999.0
217.08,0.5,0.0,,999.0
217.14,0.5,0.0,,999.0
217.21,0.5,0.0,,999.0
217.27,0.5,0.0,,999.0
217.34,0.5,0.0,,999.0
217.4,0.5,0.0,,999.0
217.47,0.5,0.0,,999.0
217.54,0.5,0.0,,999.0
217.6,0.5,0.0,,999.0
217.67,0.5,0.0,,999.0
217.74,0.5,0.0,,999.0
217.8,0.5,0.0,,999.0
217.87,0.5,0.0,,999.0
217.94,0.5,0.0,,999.0
218.0,0.5,0.0,,999.0
218.07,0.5,0.0,,999.0
218.14,0.5,0.0,,999.0
218.2,0.5,0.0,,999.0
218.27,0.5,0.0,,999.0
218.34,0.5,0.0,,999.0
218.4,0.5,0.0,,999.0
218.47,0.5,0.0,,999.0
218.54,0.5,0.0,,999.0
218.6,0.5,0.0,,999.0
218.67,0.5,0.0,,999.0
218.74,0.5,0.0,,999.0
218.8,0.5,0.0,,999.0
218.87,0.5,0.0,,999.0
218.94,0.5,0.0,,999.0
219.0,0.5,0.0,,999.0
219.07,0.5,0.0,,999.0
219.14,0.5,0.0,,999.0
219.2,0.5,0.0,,999.0
219.27,0.5,0.0,,999.0
219.34,0.5,0.0,,999.0
219.4,0.5,0.0,,999.0
219.47,0.5,0.0,,999.0
219.54,0.5,0.0,,999.0
219.6,0.5,0.0,,999.0
219.67,0.5,0.0,,999.0
219.74,0.5,0.0,,999.0
219.8,0.5,0.0,,999.0
219.87,0.5,0.0,,999.0
219.94,0.5,0.0,,999.0
220.0,0.5,0.0,,999.0
220.07,0.5,0.0,,999.0
220.14,0.5,0.0,,999.0
220.2,0.5,0.0,,999.0
220.27,0.5,0.0,,999.0
220.34,0.5,0.0,,999.0
220.4,0.5,0.0,,999.0
220.47,0.5,0.0,,999.0
220.54,0.5,0.0,,999.0
220.6,0.5,0.0,,999.0
220.67,0.5,0.0,,999.0
220.74,0.5,0.0,,999.0
220.8,0.5,0.0,,999.0
220.87,0.5,0.0,,999.0
220.94,0.5,0.0,,999.0
221.0,0.5,0.0,,999.0
221.07,0.5,0.0,,999.0
221.14,0.5,0.0,,999.0
221.2,0.5,0.0,,999.0
221.27,0.5,0.0,,999.0
221.34,0.5,0.0,,999.0
221.4,0.5,0.0,,999.0
221.47,0.5,0.0,,999.0
221.54,0.5,0.0,,999.0
221.6,0.5,0.0,,999.0
221.67,0.5,0.0,,999.0
221.74,0.5,0.0,,999.0
221.8,0.5,0.0,,999.0
221.87,0.5,0.0,,999.0
221.94,0.5,0.0,,999.0
222.01,0.5,0.0,,999.0
222.07,0.5,0.0,,999.0
222.15,0.5,0.0,,999.0
222.21,0.5,0.0,,999.0
222.28,0.5,0.0,,999.0
222.34,0.5,0.0,,999.0
222.41,0.5,0.0,,999.0
222.48,0.5,0.0,,999.0
222.54,0.5,0.0,,999.0
222.61,0.5,0.0,,999.0
222.68,0.5,0.0,,999.0
222.74,0.5,0.0,,999.0
222.81,0.5,0.0,,999.0
222.87,0.5,0.0,,999.0
222.94,0.5,0.0,,999.0
223.01,0.5,0.0,,999.0
223.07,0.5,0.0,,999.0
223.15,0.5,0.0,,999.0
223.21,0.5,0.0,,999.0
223.28,0.5,0.0,,999.0
223.35,0.5,0.0,,999.0
223.41,0.5,0.0,,999.0
223.48,0.5,0.0,,999.0
223.55,0.5,0.0,,999.0
223.61,0.5,0.0,,999.0
223.68,0.5,0.0,,999.0
223.74,0.5,0.0,,999.0
223.81,0.5,0.0,,999.0
223.88,0.5,0.0,,999.0
223.94,0.5,0.0,,999.0
224.01,0.5,0.0,,999.0
224.08,0.5,0.0,,999.0
224.14,0.5,0.0,,999.0
224.21,0.5,0.0,,999.0
224.28,0.5,0.0,,999.0
224.34,0.5,0.0,,999.0
224.41,0.5,0.0,,999.0
224.48,0.5,0.0,,999.0
224.54,0.5,0.0,,999.0
224.61,0.5,0.0,,999.0
224.67,0.5,0.0,,999.0
224.74,0.5,0.0,,999.0
224.81,0.5,0.0,,999.0
224.87,0.5,0.0,,999.0
224.94,0.5,0.0,,999.0
225.01,0.5,0.0,,999.0
225.07,0.5,0.0,,999.0
225.14,0.5,0.0,,999.0
225.21,0.5,0.0,,999.0
225.27,0.5,0.0,,999.0
225.34,0.5,0.0,,999.0
225.4,0.5,0.0,,999.0
225.47,0.5,0.0,,999.0
225.54,0.5,0.0,,999.0
225.6,0.5,0.0,,999.0
225.67,0.5,0.0,,999.0
225.74,0.5,0.0,,999.0
225.8,0.5,0.0,,999.0
225.87,0.5,0.0,,999.0
225.93,0.5,0.0,,999.0
226.0,0.5,0.0,,999.0
226.07,0.5,0.0,,999.0
226.14,0.5,0.0,,999.0
226.2,0.5,0.0,,999.0
226.27,0.5,0.0,,999.0
226.33,0.5,0.0,,999.0
226.4,0.5,0.0,,999.0
226.47,0.5,0.0,,999.0
226.53,0.5,0.0,,999.0
226.6,0.5,0.0,,999.0
226.67,0.5,0.0,,999.0
226.74,0.5,0.0,,999.0
226.8,0.5,0.0,,999.0
226.87,0.5,0.0,,999.0
226.94,0.5,0.0,,999.0
227.0,0.5,0.0,,999.0
227.07,0.5,0.0,,999.0
227.14,0.5,0.0,,999.0
227.2,0.5,0.0,,999.0
227.27,0.5,0.0,,999.0
227.34,0.5,0.0,,999.0
227.4,0.5,0.0,,999.0
227.47,0.5,0.0,,999.0
227.54,0.5,0.0,,999.0
227.6,0.5,0.0,,999.0
227.67,0.5,0.0,,999.0
227.74,0.5,0.0,,999.0
227.8,0.5,0.0,,999.0
227.87,0.5,0.0,,999.0
227.94,0.5,0.0,,999.0
228.0,0.5,0.0,,999.0
228.07,0.5,0.0,,999.0
228.14,0.5,0.0,,999.0
228.2,0.5,0.0,,999.0
228.27,0.5,0.0,,999.0
228.34,0.5,0.0,,999.0
228.4,0.5,0.0,,999.0
228.47,0.5,0.0,,999.0
228.54,0.5,0.0,,999.0
228.6,0.5,0.0,,999.0
228.67,0.5,0.0,,999.0
228.74,0.5,0.0,,999.0
228.81,0.5,0.0,,999.0
228.88,0.5,0.0,,999.0
228.94,0.5,0.0,,999.0
229.01,0.5,0.0,,999.0
229.08,0.5,0.0,,999.0
229.14,0.5,0.0,,999.0
229.21,0.5,0.0,,999.0
229.27,0.5,0.0,,999.0
229.34,0.5,0.0,,999.0
229.41,0.5,0.0,,999.0
229.47,0.5,0.0,,999.0
229.54,0.5,0.0,,999.0
229.6,0.5,0.0,,999.0
229.67,0.5,0.0,,999.0
229.74,0.5,0.0,,999.0
229.8,0.5,0.0,,999.0
229.87,0.5,0.0,,999.0
229.93,0.5,0.0,,999.0
230.0,0.5,0.0,,999.0
230.08,0.5,0.0,,999.0
230.14,0.5,0.0,,999.0
230.21,0.5,0.0,,999.0
230.28,0.5,0.0,,999.0
230.34,0.5,0.0,,999.0
230.41,0.5,0.0,,999.0
230.48,0.5,0.0,,999.0
230.54,0.5,0.0,,999.0
230.61,0.5,0.0,,999.0
230.67,0.5,0.0,,999.0
230.74,0.5,0.0,,999.0
230.81,0.5,0.0,,999.0
230.87,0.5,0.0,,999.0
230.94,0.5,0.0,,999.0
231.0,0.5,0.0,,999.0
231.07,0.5,0.0,,999.0
231.14,0.5,0.0,,999.0
231.2,0.5,0.0,,999.0
231.27,0.5,0.0,,999.0
231.33,0.5,0.0,,999.0
231.4,0.5,0.0,,999.0
231.47,0.5,0.0,,999.0
231.53,0.5,0.0,,999.0
231.6,0.5,0.0,,999.0
231.66,0.5,0.0,,999.0
231.73,0.5,0.0,,999.0
231.8,0.5,0.0,,999.0
231.86,0.5,0.0,,999.0
231.93,0.5,0.0,,999.0
231.99,0.5,0.0,,999.0
232.06,0.5,0.0,,999.0
232.13,0.5,0.0,,999.0
232.19,0.5,0.0,,999.0
232.26,0.5,0.0,,999.0
232.33,0.5,0.0,,999.0
232.39,0.5,0.0,,999.0
232.46,0.5,0.0,,999.0
232.52,0.5,0.0,,999.0
232.59,0.5,0.0,,999.0
232.66,0.5,0.0,,999.0
232.72,0.5,0.0,,999.0
232.79,0.5,0.0,,999.0
232.86,0.5,0.0,,999.0
232.92,0.5,0.0,,999.0
232.99,0.5,0.0,,999.0
233.05,0.5,0.0,,999.0
233.12,0.5,0.0,,999.0
233.19,0.5,0.0,,999.0
233.25,0.5,0.0,,999.0
233.32,0.5,0.0,,999.0
233.39,0.5,0.0,,999.0
233.45,0.5,0.0,,999.0
233.52,0.5,0.0,,999.0
233.59,0.5,0.0,,999.0
233.65,0.5,0.0,,999.0
233.72,0.5,0.0,,999.0
233.78,0.5,0.0,,999.0
233.85,0.5,0.0,,999.0
233.92,0.5,0.0,,999.0
233.98,0.5,0.0,,999.0
234.12,0.5,0.0,,999.0
234.19,0.5,0.0,,999.0
234.25,0.5,0.0,,999.0
234.32,0.5,0.0,,999.0
234.39,0.5,0.0,,999.0
234.45,0.5,0.0,,999.0
234.52,0.5,0.0,,999.0
234.59,0.5,0.0,,999.0
234.65,0.5,0.0,,999.0
234.72,0.5,0.0,,999.0
234.79,0.5,0.0,,999.0
234.85,0.5,0.0,,999.0
234.92,0.5,0.0,,999.0
234.98,0.5,0.0,,999.0
235.05,0.5,0.0,,999.0
235.12,0.5,0.0,,999.0
235.19,0.5,0.0,,999.0
235.25,0.5,0.0,,999.0
235.32,0.5,0.0,,999.0
235.38,0.5,0.0,,999.0
235.45,0.5,0.0,,999.0
235.52,0.5,0.0,,999.0
235.58,0.5,0.0,,999.0
235.65,0.5,0.0,,999.0
235.72,0.5,0.0,,999.0
235.78,0.5,0.0,,999.0
235.85,0.5,0.0,,999.0
235.92,0.5,0.0,,999.0
235.98,0.5,0.0,,999.0
236.05,0.5,0.0,,999.0
236.12,0.5,0.0,,999.0
236.18,0.5,0.0,,999.0
236.25,0.5,0.0,,999.0
236.32,0.5,0.0,,999.0
236.38,0.5,0.0,,999.0
236.45,0.5,0.0,,999.0
236.52,0.5,0.0,,999.0
236.58,0.5,0.0,,999.0
236.65,0.5,0.0,,999.0
236.72,0.5,0.0,,999.0
236.79,0.5,0.0,,999.0
236.85,0.5,0.0,,999.0
236.92,0.5,0.0,,999.0
236.99,0.5,0.0,,999.0
237.05,0.5,0.0,,999.0
237.12,0.5,0.0,,999.0
237.19,0.5,0.0,,999.0
237.26,0.5,0.0,,999.0
237.32,0.5,0.0,,999.0
237.39,0.5,0.0,,999.0
237.45,0.5,0.0,,999.0
237.52,0.5,0.0,,999.0
237.59,0.5,0.0,,999.0
237.65,0.5,0.0,,999.0
237.72,0.5,0.0,,999.0
237.78,0.5,0.0,,999.0
237.85,0.5,0.0,,999.0
237.92,0.5,0.0,,999.0
237.98,0.5,0.0,,999.0
238.05,0.5,0.0,,999.0
238.11,0.5,0.0,,999.0
238.18,0.5,0.0,,999.0
238.25,0.5,0.0,,999.0
238.31,0.5,0.0,,999.0
238.38,0.5,0.0,,999.0
238.45,0.5,0.0,,999.0
238.51,0.5,0.0,,999.0
238.58,0.5,0.0,,999.0
238.64,0.5,0.0,,999.0
238.71,0.5,0.0,,999.0
238.78,0.5,0.0,,999.0
238.84,0.5,0.0,,999.0
238.91,0.5,0.0,,999.0
238.97,0.5,0.0,,999.0
239.04,0.5,0.0,,999.0
239.11,0.5,0.0,,999.0
239.18,0.5,0.0,,999.0
239.24,0.5,0.0,,999.0
239.31,0.5,0.0,,999.0
239.37,0.5,0.0,,999.0
239.44,0.5,0.0,,999.0
239.51,0.5,0.0,,999.0
239.57,0.5,0.0,,999.0
239.64,0.5,0.0,,999.0
239.71,0.5,0.0,,999.0
239.77,0.5,0.0,,999.0
239.84,0.5,0.0,,999.0
239.9,0.5,0.0,,999.0
239.97,0.5,0.0,,999.0
240.04,0.5,0.0,,999.0
240.1,0.5,0.0,,999.0
240.17,0.5,0.0,,999.0
240.24,0.5,0.0,,999.0
240.3,0.5,0.0,,999.0
240.37,0.5,0.0,,999.0
240.44,0.5,0.0,,999.0
240.5,0.5,0.0,,999.0
240.57,0.5,0.0,,999.0
240.64,0.5,0.0,,999.0
240.7,0.5,0.0,,999.0
240.77,0.5,0.0,,999.0
240.83,0.5,0.0,,999.0
240.9,0.5,0.0,,999.0
240.97,0.5,0.0,,999.0
241.03,0.5,0.0,,999.0
241.1,0.5,0.0,,999.0
241.17,0.5,0.0,,999.0
241.23,0.5,0.0,,999.0
241.3,0.5,0.0,,999.0
241.37,0.5,0.0,,999.0
241.43,0.5,0.0,,999.0
241.5,0.5,0.0,,999.0
241.56,0.5,0.0,,999.0
241.63,0.5,0.0,,999.0
241.7,0.5,0.0,,999.0
241.76,0.5,0.0,,999.0
241.83,0.5,0.0,,999.0
241.9,0.5,0.0,,999.0
241.96,0.5,0.0,,999.0
242.03,0.5,0.0,,999.0
242.1,0.5,0.0,,999.0
242.16,0.5,0.0,,999.0
242.23,0.5,0.0,,999.0
242.3,0.5,0.0,,999.0
242.36,0.5,0.0,,999.0
242.43,0.5,0.0,,999.0
242.5,0.5,0.0,,999.0
242.56,0.5,0.0,,999.0
242.63,0.5,0.0,,999.0
242.7,0.5,0.0,,999.0
242.76,0.5,0.0,,999.0
242.83,0.5,0.0,,999.0
242.9,0.5,0.0,,999.0
242.96,0.5,0.0,,999.0
243.03,0.5,0.0,,999.0
243.1,0.5,0.0,,999.0
243.16,0.5,0.0,,999.0
243.23,0.5,0.0,,999.0
243.3,0.5,0.0,,999.0
243.37,0.5,0.0,,999.0
243.44,0.5,0.0,,999.0
243.5,0.5,0.0,,999.0
243.57,0.5,0.0,,999.0
243.64,0.5,0.0,,999.0
243.7,0.5,0.0,,999.0
243.77,0.5,0.0,,999.0
243.83,0.5,0.0,,999.0
243.9,0.5,0.0,,999.0
243.97,0.5,0.0,,999.0
244.03,0.5,0.0,,999.0
244.1,0.5,0.0,,999.0
244.16,0.5,0.0,,999.0
244.23,0.5,0.0,,999.0
244.3,0.5,0.0,,999.0
244.36,0.5,0.0,,999.0
244.43,0.5,0.0,,999.0
244.49,0.5,0.0,,999.0
244.56,0.5,0.0,,999.0
244.63,0.5,0.0,,999.0
244.69,0.5,0.0,,999.0
244.76,0.5,0.0,,999.0
244.82,0.5,0.0,,999.0
244.89,0.5,0.0,,999.0
244.96,0.5,0.0,,999.0
245.02,0.5,0.0,,999.0
245.09,0.5,0.0,,999.0
245.15,0.5,0.0,,999.0
245.22,0.5,0.0,,999.0
245.29,0.5,0.0,,999.0
245.35,0.5,0.0,,999.0
245.42,0.5,0.0,,999.0
245.49,0.5,0.0,,999.0
245.55,0.5,0.0,,999.0
245.62,0.5,0.0,,999.0
245.68,0.5,0.0,,999.0
245.75,0.5,0.0,,999.0
245.82,0.5,0.0,,999.0
245.88,0.5,0.0,,999.0
245.95,0.5,0.0,,999.0
246.02,0.5,0.0,,999.0
246.08,0.5,0.0,,999.0
246.15,0.5,0.0,,999.0
246.22,0.5,0.0,,999.0
246.28,0.5,0.0,,999.0
246.35,0.5,0.0,,999.0
246.41,0.5,0.0,,999.0
246.48,0.5,0.0,,999.0
246.55,0.5,0.0,,999.0
246.61,0.5,0.0,,999.0
246.68,0.5,0.0,,999.0
246.75,0.5,0.0,,999.0
246.81,0.5,0.0,,999.0
246.88,0.5,0.0,,999.0
246.94,0.5,0.0,,999.0
247.01,0.5,0.0,,999.0
247.08,0.5,0.0,,999.0
247.14,0.5,0.0,,999.0
247.21,0.5,0.0,,999.0
247.28,0.5,0.0,,999.0
247.34,0.5,0.0,,999.0
247.41,0.5,0.0,,999.0
247.48,0.5,0.0,,999.0
247.54,0.5,0.0,,999.0
247.61,0.5,0.0,,999.0
247.68,0.5,0.0,,999.0
247.74,0.5,0.0,,999.0
247.81,0.5,0.0,,999.0
247.88,0.5,0.0,,999.0
247.94,0.5,0.0,,999.0
248.01,0.5,0.0,,999.0
248.07,0.5,0.0,,999.0
248.14,0.5,0.0,,999.0
248.21,0.5,0.0,,999.0
248.28,0.5,0.0,,999.0
248.34,0.5,0.0,,999.0
248.41,0.5,0.0,,999.0
248.48,0.5,0.0,,999.0
248.54,0.5,0.0,,999.0
248.61,0.5,0.0,,999.0
248.67,0.5,0.0,,999.0
248.74,0.5,0.0,,999.0
248.81,0.5,0.0,,999.0
248.87,0.5,0.0,,999.0
248.94,0.5,0.0,,999.0
249.01,0.5,0.0,,999.0
249.07,0.5,0.0,,999.0
249.14,0.5,0.0,,999.0
249.21,0.5,0.0,,999.0
249.28,0.5,0.0,,999.0
249.34,0.5,0.0,,999.0
249.41,0.5,0.0,,999.0
249.48,0.5,0.0,,999.0
249.54,0.5,0.0,,999.0
249.61,0.5,0.0,,999.0
249.68,0.5,0.0,,999.0
249.75,0.5,0.0,,999.0
249.81,0.5,0.0,,999.0
249.88,0.5,0.0,,999.0
249.95,0.5,0.0,,999.0
250.01,0.5,0.0,,999.0
250.08,0.5,0.0,,999.0
250.14,0.5,0.0,,999.0
250.21,0.5,0.0,,999.0
250.28,0.5,0.0,,999.0
250.34,0.5,0.0,,999.0
250.41,0.5,0.0,,999.0
250.47,0.5,0.0,,999.0
250.54,0.5,0.0,,999.0
250.61,0.5,0.0,,999.0
250.67,0.5,0.0,,999.0
250.74,0.5,0.0,,999.0
250.8,0.5,0.0,,999.0
250.87,0.5,0.0,,999.0
250.94,0.5,0.0,,999.0
251.0,0.5,0.0,,999.0
251.07,0.5,0.0,,999.0
251.13,0.5,0.0,,999.0
251.2,0.5,0.0,,999.0
251.27,0.5,0.0,,999.0
251.33,0.5,0.0,,999.0
251.4,0.5,0.0,,999.0
251.47,0.5,0.0,,999.0
251.53,0.5,0.0,,999.0
251.6,0.5,0.0,,999.0
251.67,0.5,0.0,,999.0
251.73,0.5,0.0,,999.0
251.8,0.5,0.0,,999.0
251.87,0.5,0.0,,999.0
251.93,0.5,0.0,,999.0
252.0,0.5,0.0,,999.0
252.06,0.5,0.0,,999.0
252.13,0.5,0.0,,999.0
252.2,0.5,0.0,,999.0
252.26,0.5,0.0,,999.0
252.33,0.5,0.0,,999.0
252.4,0.5,0.0,,999.0
252.46,0.5,0.0,,999.0
252.53,0.5,0.0,,999.0
252.6,0.5,0.0,,999.0
252.66,0.5,0.0,,999.0
252.73,0.5,0.0,,999.0
252.79,0.5,0.0,,999.0
252.86,0.5,0.0,,999.0
252.93,0.5,0.0,,999.0
252.99,0.5,0.0,,999.0
253.06,0.5,0.0,,999.0
253.13,0.5,0.0,,999.0
253.19,0.5,0.0,,999.0
253.26,0.5,0.0,,999.0
253.33,0.5,0.0,,999.0
253.39,0.5,0.0,,999.0
253.46,0.5,0.0,,999.0
253.52,0.5,0.0,,999.0
253.59,0.5,0.0,,999.0
253.66,0.5,0.0,,999.0
253.72,0.5,0.0,,999.0
253.79,0.5,0.0,,999.0
253.86,0.5,0.0,,999.0
253.92,0.5,0.0,,999.0
253.99,0.5,0.0,,999.0
254.06,0.5,0.0,,999.0
254.12,0.5,0.0,,999.0
254.19,0.5,0.0,,999.0
254.26,0.5,0.0,,999.0
254.32,0.5,0.0,,999.0
254.39,0.5,0.0,,999.0
254.46,0.5,0.0,,999.0
254.52,0.5,0.0,,999.0
254.59,0.5,0.0,,999.0
254.66,0.5,0.0,,999.0
254.72,0.5,0.0,,999.0
254.79,0.5,0.0,,999.0
254.86,0.5,0.0,,999.0
254.92,0.5,0.0,,999.0
254.99,0.5,0.0,,999.0
255.06,0.5,0.0,,999.0
255.12,0.5,0.0,,999.0
255.19,0.5,0.0,,999.0
255.26,0.5,0.0,,999.0
255.33,0.5,0.0,,999.0
255.39,0.5,0.0,,999.0
255.46,0.5,0.0,,999.0
255.53,0.5,0.0,,999.0
255.59,0.5,0.0,,999.0
255.66,0.5,0.0,,999.0
255.73,0.5,0.0,,999.0
255.79,0.5,0.0,,999.0
255.87,0.5,0.0,,999.0
255.93,0.5,0.0,,999.0
256.0,0.5,0.0,,999.0
256.06,0.5,0.0,,999.0
256.13,0.5,0.0,,999.0
256.2,0.5,0.0,,999.0
256.26,0.5,0.0,,999.0
256.33,0.5,0.0,,999.0
256.4,0.5,0.0,,999.0
256.46,0.5,0.0,,999.0
256.53,0.5,0.0,,999.0
256.59,0.5,0.0,,999.0
256.66,0.5,0.0,,999.0
256.73,0.5,0.0,,999.0
256.79,0.5,0.0,,999.0
256.86,0.5,0.0,,999.0
256.92,0.5,0.0,,999.0
256.99,0.5,0.0,,999.0
257.06,0.5,0.0,,999.0
257.12,0.5,0.0,,999.0
257.19,0.5,0.0,,999.0
257.26,0.5,0.0,,999.0
257.32,0.5,0.0,,999.0
257.39,0.5,0.0,,999.0
257.45,0.5,0.0,,999.0
257.52,0.5,0.0,,999.0
257.59,0.5,0.0,,999.0
257.65,0.5,0.0,,999.0
257.72,0.5,0.0,,999.0
257.78,0.5,0.0,,999.0
257.85,0.5,0.0,,999.0
257.92,0.5,0.0,,999.0
257.98,0.5,0.0,,999.0
258.05,0.5,0.0,,999.0
258.12,0.5,0.0,,999.0
258.18,0.5,0.0,,999.0
258.25,0.5,0.0,,999.0
258.32,0.5,0.0,,999.0
258.38,0.5,0.0,,999.0
258.45,0.5,0.0,,999.0
258.52,0.5,0.0,,999.0
258.58,0.5,0.0,,999.0
258.65,0.5,0.0,,999.0
258.71,0.5,0.0,,999.0
258.78,0.5,0.0,,999.0
258.85,0.5,0.0,,999.0
258.91,0.5,0.0,,999.0
258.98,0.5,0.0,,999.0
259.05,0.5,0.0,,999.0
259.11,0.5,0.0,,999.0
259.18,0.5,0.0,,999.0
259.25,0.5,0.0,,999.0
259.31,0.5,0.0,,999.0
259.38,0.5,0.0,,999.0
259.44,0.5,0.0,,999.0
259.51,0.5,0.0,,999.0
259.58,0.5,0.0,,999.0
259.64,0.5,0.0,,999.0
259.71,0.5,0.0,,999.0
259.78,0.5,0.0,,999.0
259.84,0.5,0.0,,999.0
259.91,0.5,0.0,,999.0
259.97,0.5,0.0,,999.0
260.04,0.5,0.0,,999.0
260.11,0.5,0.0,,999.0
260.17,0.5,0.0,,999.0
260.24,0.5,0.0,,999.0
260.31,0.5,0.0,,999.0
260.37,0.5,0.0,,999.0
260.44,0.5,0.0,,999.0
260.51,0.5,0.0,,999.0
260.57,0.5,0.0,,999.0
260.64,0.5,0.0,,999.0
260.71,0.5,0.0,,999.0
260.77,0.5,0.0,,999.0
260.84,0.5,0.0,,999.0
260.91,0.5,0.0,,999.0
260.97,0.5,0.0,,999.0
261.04,0.5,0.0,,999.0
261.11,0.5,0.0,,999.0
261.17,0.5,0.0,,999.0
261.24,0.5,0.0,,999.0
261.31,0.5,0.0,,999.0
261.38,0.5,0.0,,999.0
261.44,0.5,0.0,,999.0
261.51,0.5,0.0,,999.0
261.58,0.5,0.0,,999.0
261.64,0.5,0.0,,999.0
261.71,0.5,0.0,,999.0
261.78,0.5,0.0,,999.0
261.84,0.5,0.0,,999.0
261.91,0.5,0.0,,999.0
261.98,0.5,0.0,,999.0
262.04,0.5,0.0,,999.0
262.11,0.5,0.0,,999.0
262.19,0.5,0.0,,999.0
262.25,0.5,0.0,,999.0
262.32,0.5,0.0,,999.0
262.39,0.5,0.0,,999.0
262.45,0.5,0.0,,999.0
262.52,0.5,0.0,,999.0
262.58,0.5,0.0,,999.0
262.65,0.5,0.0,,999.0
262.72,0.5,0.0,,999.0
262.78,0.5,0.0,,999.0
262.85,0.5,0.0,,999.0
262.92,0.5,0.0,,999.0
262.98,0.5,0.0,,999.0
263.05,0.5,0.0,,999.0
263.11,0.5,0.0,,999.0
263.18,0.5,0.0,,999.0
263.25,0.5,0.0,,999.0
263.31,0.5,0.0,,999.0
263.38,0.5,0.0,,999.0
263.44,0.5,0.0,,999.0
263.51,0.5,0.0,,999.0
263.58,0.5,0.0,,999.0
263.64,0.5,0.0,,999.0
263.71,0.5,0.0,,999.0
263.78,0.5,0.0,,999.0
263.84,0.5,0.0,,999.0
263.91,0.5,0.0,,999.0
263.97,0.5,0.0,,999.0
264.04,0.5,0.0,,999.0
264.11,0.5,0.0,,999.0
264.17,0.5,0.0,,999.0
264.24,0.5,0.0,,999.0
264.31,0.5,0.0,,999.0
264.37,0.5,0.0,,999.0
264.44,0.5,0.0,,999.0
264.5,0.5,0.0,,999.0
264.57,0.5,0.0,,999.0
264.64,0.5,0.0,,999.0
264.7,0.5,0.0,,999.0
264.77,0.5,0.0,,999.0
264.84,0.5,0.0,,999.0
264.9,0.5,0.0,,999.0
264.97,0.5,0.0,,999.0
265.04,0.5,0.0,,999.0
265.1,0.5,0.0,,999.0
265.17,0.5,0.0,,999.0
265.24,0.5,0.0,,999.0
265.3,0.5,0.0,,999.0
265.37,0.5,0.0,,999.0
265.44,0.5,0.0,,999.0
265.5,0.5,0.0,,999.0
265.57,0.5,0.0,,999.0
265.64,0.5,0.0,,999.0
265.7,0.5,0.0,,999.0
265.77,0.5,0.0,,999.0
265.84,0.5,0.0,,999.0
265.9,0.5,0.0,,999.0
265.97,0.5,0.0,,999.0
266.04,0.5,0.0,,999.0
266.1,0.5,0.0,,999.0
266.17,0.5,0.0,,999.0
266.24,0.5,0.0,,999.0
266.3,0.5,0.0,,999.0
266.37,0.5,0.0,,999.0
266.44,0.5,0.0,,999.0
266.5,0.5,0.0,,999.0
266.57,0.5,0.0,,999.0
266.64,0.5,0.0,,999.0
266.7,0.5,0.0,,999.0
266.77,0.5,0.0,,999.0
266.84,0.5,0.0,,999.0
266.9,0.5,0.0,,999.0
266.97,0.5,0.0,,999.0
267.03,0.5,0.0,,999.0
267.1,0.5,0.0,,999.0
267.17,0.5,0.0,,999.0
267.24,0.5,0.0,,999.0
267.3,0.5,0.0,,999.0
267.37,0.5,0.0,,999.0
267.44,0.5,0.0,,999.0
267.5,0.5,0.0,,999.0
267.57,0.5,0.0,,999.0
267.64,0.5,0.0,,999.0
267.7,0.5,0.0,,999.0
267.77,0.5,0.0,,999.0
267.84,0.5,0.0,,999.0
267.9,0.5,0.0,,999.0
267.97,0.5,0.0,,999.0
268.04,0.5,0.0,,999.0
268.1,0.5,0.0,,999.0
268.17,0.5,0.0,,999.0
268.24,0.5,0.0,,999.0
268.3,0.5,0.0,,999.0
268.37,0.5,0.0,,999.0
268.44,0.5,0.0,,999.0
268.5,0.5,0.0,,999.0
268.57,0.5,0.0,,999.0
268.64,0.5,0.0,,999.0
268.71,0.5,0.0,,999.0
268.77,0.5,0.0,,999.0
268.85,0.5,0.0,,999.0
268.91,0.5,0.0,,999.0
268.98,0.5,0.0,,999.0
269.04,0.5,0.0,,999.0
269.11,0.5,0.0,,999.0
269.18,0.5,0.0,,999.0
269.24,0.5,0.0,,999.0
269.31,0.5,0.0,,999.0
269.38,0.5,0.0,,999.0
269.44,0.5,0.0,,999.0
269.51,0.5,0.0,,999.0
269.57,0.5,0.0,,999.0
269.64,0.5,0.0,,999.0
269.71,0.5,0.0,,999.0
269.77,0.5,0.0,,999.0
269.84,0.5,0.0,,999.0
269.9,0.5,0.0,,999.0
269.97,0.5,0.0,,999.0
270.04,0.5,0.0,,999.0
270.1,0.5,0.0,,999.0
270.17,0.5,0.0,,999.0
270.24,0.5,0.0,,999.0
270.3,0.5,0.0,,999.0
270.37,0.5,0.0,,999.0
270.44,0.5,0.0,,999.0
270.5,0.5,0.0,,999.0
270.57,0.5,0.0,,999.0
270.63,0.5,0.0,,999.0
270.7,0.5,0.0,,999.0
270.77,0.5,0.0,,999.0
270.83,0.5,0.0,,999.0
270.9,0.5,0.0,,999.0
270.97,0.5,0.0,,999.0
271.03,0.5,0.0,,999.0
271.1,0.5,0.0,,999.0
271.17,0.5,0.0,,999.0
271.24,0.5,0.0,,999.0
271.31,0.5,0.0,,999.0
271.37,0.5,0.0,,999.0
271.44,0.5,0.0,,999.0
271.51,0.5,0.0,,999.0
271.57,0.5,0.0,,999.0
271.64,0.5,0.0,,999.0
271.7,0.5,0.0,,999.0
271.77,0.5,0.0,,999.0
271.83,0.5,0.0,,999.0
271.9,0.5,0.0,,999.0
271.97,0.5,0.0,,999.0
272.03,0.5,0.0,,999.0
272.1,0.5,0.0,,999.0
272.16,0.5,0.0,,999.0
272.23,0.5,0.0,,999.0
272.3,0.5,0.0,,999.0
272.36,0.5,0.0,,999.0
272.43,0.5,0.0,,999.0
272.5,0.5,0.0,,999.0
272.56,0.5,0.0,,999.0
272.63,0.5,0.0,,999.0
272.7,0.5,0.0,,999.0
272.76,0.5,0.0,,999.0
272.83,0.5,0.0,,999.0
272.89,0.5,0.0,,999.0
272.96,0.5,0.0,,999.0
273.03,0.5,0.0,,999.0
273.09,0.5,0.0,,999.0
273.16,0.5,0.0,,999.0
273.23,0.5,0.0,,999.0
273.3,0.5,0.0,,999.0
273.36,0.5,0.0,,999.0
273.43,0.5,0.0,,999.0
273.49,0.5,0.0,,999.0
273.56,0.5,0.0,,999.0
273.63,0.5,0.0,,999.0
273.69,0.5,0.0,,999.0
273.76,0.5,0.0,,999.0
273.83,0.5,0.0,,999.0
273.89,0.5,0.0,,999.0
273.96,0.5,0.0,,999.0
274.03,0.5,0.0,,999.0
274.09,0.5,0.0,,999.0
274.16,0.5,0.0,,999.0
274.23,0.5,0.0,,999.0
274.29,0.5,0.0,,999.0
274.36,0.5,0.0,,999.0
274.43,0.5,0.0,,999.0
274.49,0.5,0.0,,999.0
274.56,0.5,0.0,,999.0
274.63,0.5,0.0,,999.0
274.69,0.5,0.0,,999.0
274.76,0.5,0.0,,999.0
274.83,0.5,0.0,,999.0
274.89,0.5,0.0,,999.0
274.96,0.5,0.0,,999.0
275.02,0.5,0.0,,999.0
275.09,0.5,0.0,,999.0
275.16,0.5,0.0,,999.0
275.22,0.5,0.0,,999.0
275.29,0.5,0.0,,999.0
275.36,0.5,0.0,,999.0
275.42,0.5,0.0,,999.0
275.49,0.5,0.0,,999.0
275.56,0.5,0.0,,999.0
275.62,0.5,0.0,,999.0
275.69,0.5,0.0,,999.0
275.76,0.5,0.0,,999.0
275.82,0.5,0.0,,999.0
275.89,0.5,0.0,,999.0
275.96,0.5,0.0,,999.0
276.02,0.5,0.0,,999.0
276.09,0.5,0.0,,999.0
276.16,0.5,0.0,,999.0
276.22,0.5,0.0,,999.0
276.29,0.5,0.0,,999.0
276.36,0.5,0.0,,999.0
276.42,0.5,0.0,,999.0
276.49,0.5,0.0,,999.0
276.56,0.5,0.0,,999.0
276.62,0.5,0.0,,999.0
276.69,0.5,0.0,,999.0
276.76,0.5,0.0,,999.0
276.82,0.5,0.0,,999.0
276.89,0.5,0.0,,999.0
276.96,0.5,0.0,,999.0
277.02,0.5,0.0,,999.0
277.09,0.5,0.0,,999.0
277.16,0.5,0.0,,999.0
277.23,0.5,0.0,,999.0
277.29,0.5,0.0,,999.0
277.36,0.5,0.0,,999.0
277.43,0.5,0.0,,999.0
277.49,0.5,0.0,,999.0
277.56,0.5,0.0,,999.0
277.63,0.5,0.0,,999.0
277.69,0.5,0.0,,999.0
277.76,0.5,0.0,,999.0
277.84,0.5,0.0,,999.0
277.9,0.5,0.0,,999.0
277.97,0.5,0.0,,999.0
278.03,0.5,0.0,,999.0
278.1,0.5,0.0,,999.0
278.17,0.5,0.0,,999.0
278.23,0.5,0.0,,999.0
278.3,0.5,0.0,,999.0
278.37,0.5,0.0,,999.0
278.43,0.5,0.0,,999.0
278.5,0.5,0.0,,999.0
278.57,0.5,0.0,,999.0
278.63,0.5,0.0,,999.0
278.7,0.5,0.0,,999.0
278.76,0.5,0.0,,999.0
278.83,0.5,0.0,,999.0
278.9,0.5,0.0,,999.0
278.96,0.5,0.0,,999.0
279.03,0.5,0.0,,999.0
279.1,0.5,0.0,,999.0
279.16,0.5,0.0,,999.0
279.23,0.5,0.0,,999.0
279.3,0.5,0.0,,999.0
279.36,0.5,0.0,,999.0
279.43,0.5,0.0,,999.0
279.5,0.5,0.0,,999.0
279.56,0.5,0.0,,999.0
279.63,0.5,0.0,,999.0
279.69,0.5,0.0,,999.0
279.76,0.5,0.0,,999.0
279.83,0.5,0.0,,999.0
279.89,0.5,0.0,,999.0
279.96,0.5,0.0,,999.0
280.03,0.5,0.0,,999.0
280.09,0.5,0.0,,999.0
280.16,0.5,0.0,,999.0
280.22,0.5,0.0,,999.0
280.29,0.5,0.0,,999.0
280.36,0.5,0.0,,999.0
280.43,0.5,0.0,,999.0
280.49,0.5,0.0,,999.0
280.56,0.5,0.0,,999.0
280.62,0.5,0.0,,999.0
280.69,0.5,0.0,,999.0
280.76,0.5,0.0,,999.0
280.82,0.5,0.0,,999.0
280.89,0.5,0.0,,999.0
280.96,0.5,0.0,,999.0
281.02,0.5,0.0,,999.0
281.09,0.5,0.0,,999.0
281.16,0.5,0.0,,999.0
281.22,0.5,0.0,,999.0
281.29,0.5,0.0,,999.0
281.36,0.5,0.0,,999.0
281.42,0.5,0.0,,999.0
281.49,0.5,0.0,,999.0
281.56,0.5,0.0,,999.0
281.62,0.5,0.0,,999.0
281.69,0.5,0.0,,999.0
281.76,0.5,0.0,,999.0
281.82,0.5,0.0,,999.0
281.89,0.5,0.0,,999.0
281.96,0.5,0.0,,999.0
282.02,0.5,0.0,,999.0
282.09,0.5,0.0,,999.0
282.16,0.5,0.0,,999.0
282.22,0.5,0.0,,999.0
282.29,0.5,0.0,,999.0
282.36,0.5,0.0,,999.0
282.43,0.5,0.0,,999.0
282.49,0.5,0.0,,999.0
282.56,0.5,0.0,,999.0
282.63,0.5,0.0,,999.0
282.69,0.5,0.0,,999.0
282.76,0.5,0.0,,999.0
282.83,0.5,0.0,,999.0
282.9,0.5,0.0,,999.0
282.96,0.5,0.0,,999.0
283.03,0.5,0.0,,999.0
283.1,0.5,0.0,,999.0
283.16,0.5,0.0,,999.0
283.23,0.5,0.0,,999.0
283.3,0.5,0.0,,999.0
283.36,0.5,0.0,,999.0
283.43,0.5,0.0,,999.0
283.5,0.5,0.0,,999.0
283.57,0.5,0.0,,999.0
283.63,0.5,0.0,,999.0
283.7,0.5,0.0,,999.0
283.77,0.5,0.0,,999.0
283.83,0.5,0.0,,999.0
283.9,0.5,0.0,,999.0
283.97,0.5,0.0,,999.0
284.03,0.5,0.0,,999.0
284.1,0.5,0.0,,999.0
284.17,0.5,0.0,,999.0
284.23,0.5,0.0,,999.0
284.3,0.5,0.0,,999.0
284.37,0.5,0.0,,999.0
284.44,0.5,0.0,,999.0
284.51,0.5,0.0,,999.0
284.58,0.5,0.0,,999.0
284.64,0.5,0.0,,999.0
284.71,0.5,0.0,,999.0
284.77,0.5,0.0,,999.0
284.84,0.5,0.0,,999.0
284.91,0.5,0.0,,999.0
284.97,0.5,0.0,,999.0
285.04,0.5,0.0,,999.0
285.11,0.5,0.0,,999.0
285.17,0.5,0.0,,999.0
285.24,0.5,0.0,,999.0
285.31,0.5,0.0,,999.0
285.37,0.5,0.0,,999.0
285.44,0.5,0.0,,999.0
285.5,0.5,0.0,,999.0
285.57,0.5,0.0,,999.0
285.64,0.5,0.0,,999.0
285.7,0.5,0.0,,999.0
285.77,0.5,0.0,,999.0
285.84,0.5,0.0,,999.0
285.9,0.5,0.0,,999.0
285.97,0.5,0.0,,999.0
286.03,0.5,0.0,,999.0
286.1,0.5,0.0,,999.0
286.17,0.5,0.0,,999.0
286.23,0.5,0.0,,999.0
286.3,0.5,0.0,,999.0
286.37,0.5,0.0,,999.0
286.44,0.5,0.0,,999.0
286.5,0.5,0.0,,999.0
286.57,0.5,0.0,,999.0
286.64,0.5,0.0,,999.0
286.7,0.5,0.0,,999.0
286.77,0.5,0.0,,999.0
286.84,0.5,0.0,,999.0
286.9,0.5,0.0,,999.0
286.97,0.5,0.0,,999.0
287.04,0.5,0.0,,999.0
287.1,0.5,0.0,,999.0
287.17,0.5,0.0,,999.0
287.24,0.5,0.0,,999.0
287.3,0.5,0.0,,999.0
287.37,0.5,0.0,,999.0
287.44,0.5,0.0,,999.0
287.5,0.5,0.0,,999.0
287.57,0.5,0.0,,999.0
287.64,0.5,0.0,,999.0
287.7,0.5,0.0,,999.0
287.77,0.5,0.0,,999.0
287.84,0.5,0.0,,999.0
287.9,0.5,0.0,,999.0
287.97,0.5,0.0,,999.0
288.03,0.5,0.0,,999.0
288.1,0.5,0.0,,999.0
288.17,0.5,0.0,,999.0
288.23,0.5,0.0,,999.0
288.3,0.5,0.0,,999.0
288.37,0.5,0.0,,999.0
288.44,0.5,0.0,,999.0
288.5,0.5,0.0,,999.0
288.57,0.5,0.0,,999.0
288.64,0.5,0.0,,999.0
288.7,0.5,0.0,,999.0
288.77,0.5,0.0,,999.0
288.84,0.5,0.0,,999.0
288.9,0.5,0.0,,999.0
288.97,0.5,0.0,,999.0
289.04,0.5,0.0,,999.0
289.1,0.5,0.0,,999.0
289.17,0.5,0.0,,999.0
289.24,0.5,0.0,,999.0
289.3,0.5,0.0,,999.0
289.37,0.5,0.0,,999.0
289.44,0.5,0.0,,999.0
289.5,0.5,0.0,,999.0
289.57,0.5,0.0,,999.0
289.64,0.5,0.0,,999.0
289.7,0.5,0.0,,999.0
289.77,0.5,0.0,,999.0
289.84,0.5,0.0,,999.0
289.9,0.5,0.0,,999.0
289.97,0.5,0.0,,999.0
290.04,0.5,0.0,,999.0
290.1,0.5,0.0,,999.0
290.17,0.5,0.0,,999.0
290.24,0.5,0.0,,999.0
290.31,0.5,0.0,,999.0
290.37,0.5,0.0,,999.0
290.44,0.5,0.0,,999.0
290.51,0.5,0.0,,999.0
290.57,0.5,0.0,,999.0
290.64,0.5,0.0,,999.0
290.71,0.5,0.0,,999.0
290.78,0.5,0.0,,999.0
290.85,0.5,0.0,,999.0
290.92,0.5,0.0,,999.0
290.99,0.5,0.0,,999.0
291.05,0.5,0.0,,999.0
291.12,0.5,0.0,,999.0
291.18,0.5,0.0,,999.0
291.25,0.5,0.0,,999.0
291.32,0.5,0.0,,999.0
291.38,0.5,0.0,,999.0
291.45,0.5,0.0,,999.0
291.52,0.5,0.0,,999.0
291.58,0.5,0.0,,999.0
291.65,0.5,0.0,,999.0
291.71,0.5,0.0,,999.0
291.78,0.5,0.0,,999.0
291.85,0.5,0.0,,999.0
291.91,0.5,0.0,,999.0
291.98,0.5,0.0,,999.0
292.05,0.5,0.0,,999.0
292.11,0.5,0.0,,999.0
292.18,0.5,0.0,,999.0
292.25,0.5,0.0,,999.0
292.31,0.5,0.0,,999.0
292.38,0.5,0.0,,999.0
292.45,0.5,0.0,,999.0
292.51,0.5,0.0,,999.0
292.58,0.5,0.0,,999.0
292.65,0.5,0.0,,999.0
292.71,0.5,0.0,,999.0
292.78,0.5,0.0,,999.0
292.84,0.5,0.0,,999.0
292.91,0.5,0.0,,999.0
292.98,0.5,0.0,,999.0
293.04,0.5,0.0,,999.0
293.11,0.5,0.0,,999.0
293.18,0.5,0.0,,999.0
293.24,0.5,0.0,,999.0
293.31,0.5,0.0,,999.0
293.38,0.5,0.0,,999.0
293.45,0.5,0.0,,999.0
293.51,0.5,0.0,,999.0
293.58,0.5,0.0,,999.0
293.65,0.5,0.0,,999.0
293.71,0.5,0.0,,999.0
293.78,0.5,0.0,,999.0
293.85,0.5,0.0,,999.0
293.91,0.5,0.0,,999.0
293.98,0.5,0.0,,999.0
294.04,0.5,0.0,,999.0
294.11,0.5,0.0,,999.0
294.18,0.5,0.0,,999.0
294.25,0.5,0.0,,999.0
294.31,0.5,0.0,,999.0
294.38,0.5,0.0,,999.0
294.45,0.5,0.0,,999.0
294.51,0.5,0.0,,999.0
294.58,0.5,0.0,,999.0
294.65,0.5,0.0,,999.0
294.71,0.5,0.0,,999.0
294.78,0.5,0.0,,999.0
294.85,0.5,0.0,,999.0
294.91,0.5,0.0,,999.0
294.98,0.5,0.0,,999.0
295.05,0.5,0.0,,999.0
295.11,0.5,0.0,,999.0
295.18,0.5,0.0,,999.0
295.25,0.5,0.0,,999.0
295.32,0.5,0.0,,999.0
295.38,0.5,0.0,,999.0
295.45,0.5,0.0,,999.0
295.52,0.5,0.0,,999.0
295.58,0.5,0.0,,999.0
295.65,0.5,0.0,,999.0
295.72,0.5,0.0,,999.0
295.78,0.5,0.0,,999.0
295.85,0.5,0.0,,999.0
295.92,0.5,0.0,,999.0
295.98,0.5,0.0,,999.0
296.05,0.5,0.0,,999.0
296.12,0.5,0.0,,999.0
296.19,0.5,0.0,,999.0
296.25,0.5,0.0,,999.0
296.32,0.5,0.0,,999.0
296.39,0.5,0.0,,999.0
296.45,0.5,0.0,,999.0
296.52,0.5,0.0,,999.0
296.59,0.5,0.0,,999.0
296.65,0.5,0.0,,999.0
296.72,0.5,0.0,,999.0
296.79,0.5,0.0,,999.0
296.85,0.5,0.0,,999.0
296.92,0.5,0.0,,999.0
296.99,0.5,0.0,,999.0
297.06,0.5,0.0,,999.0
297.12,0.5,0.0,,999.0
297.19,0.5,0.0,,999.0
297.26,0.5,0.0,,999.0
297.32,0.5,0.0,,999.0
297.39,0.5,0.0,,999.0
297.46,0.5,0.0,,999.0
297.53,0.5,0.0,,999.0
297.6,0.5,0.0,,999.0
297.66,0.5,0.0,,999.0
297.73,0.5,0.0,,999.0
297.8,0.5,0.0,,999.0
297.86,0.5,0.0,,999.0
297.93,0.5,0.0,,999.0
297.99,0.5,0.0,,999.0
298.06,0.5,0.0,,999.0
298.13,0.5,0.0,,999.0
298.2,0.5,0.0,,999.0
298.26,0.5,0.0,,999.0
298.33,0.5,0.0,,999.0
298.39,0.5,0.0,,999.0
298.46,0.5,0.0,,999.0
298.53,0.5,0.0,,999.0
298.59,0.5,0.0,,999.0
298.66,0.5,0.0,,999.0
298.73,0.5,0.0,,999.0
298.79,0.5,0.0,,999.0
298.86,0.5,0.0,,999.0
298.93,0.5,0.0,,999.0
298.99,0.5,0.0,,999.0
299.06,0.5,0.0,,999.0
299.13,0.5,0.0,,999.0
299.19,0.5,0.0,,999.0
299.26,0.5,0.0,,999.0
299.33,0.5,0.0,,999.0
299.39,0.5,0.0,,999.0
299.46,0.5,0.0,,999.0
299.53,0.5,0.0,,999.0
299.59,0.5,0.0,,999.0
299.66,0.5,0.0,,999.0
299.73,0.5,0.0,,999.0
299.79,0.5,0.0,,999.0
299.86,0.5,0.0,,999.0
299.92,0.5,0.0,,999.0
299.99,0.5,0.0,,999.0
300.06,0.5,0.0,,999.0
300.12,0.5,0.0,,999.0
300.19,0.5,0.0,,999.0
300.26,0.5,0.0,,999.0
300.32,0.5,0.0,,999.0
300.39,0.5,0.0,,999.0
300.46,0.5,0.0,,999.0
300.52,0.5,0.0,,999.0
300.59,0.5,0.0,,999.0
300.66,0.5,0.0,,999.0
300.72,0.5,0.0,,999.0
300.79,0.5,0.0,,999.0
300.86,0.5,0.0,,999.0
300.92,0.5,0.0,,999.0
300.99,0.5,0.0,,999.0
301.06,0.5,0.0,,999.0
301.12,0.5,0.0,,999.0
301.19,0.5,0.0,,999.0
301.26,0.5,0.0,,999.0
301.32,0.5,0.0,,999.0
301.39,0.5,0.0,,999.0
301.46,0.5,0.0,,999.0
301.52,0.5,0.0,,999.0
301.59,0.5,0.0,,999.0
301.66,0.5,0.0,,999.0
301.73,0.5,0.0,,999.0
301.79,0.5,0.0,,999.0
301.86,0.5,0.0,,999.0
301.93,0.5,0.0,,999.0
301.99,0.5,0.0,,999.0
302.06,0.5,0.0,,999.0
302.13,0.5,0.0,,999.0
302.19,0.5,0.0,,999.0
302.26,0.5,0.0,,999.0
302.33,0.5,0.0,,999.0
302.39,0.5,0.0,,999.0
302.46,0.5,0.0,,999.0
302.53,0.5,0.0,,999.0
302.6,0.5,0.0,,999.0
302.66,0.5,0.0,,999.0
302.73,0.5,0.0,,999.0
302.8,0.5,0.0,,999.0
302.86,0.5,0.0,,999.0
302.93,0.5,0.0,,999.0
303.0,0.5,0.0,,999.0
303.07,0.5,0.0,,999.0
303.13,0.5,0.0,,999.0
303.2,0.5,0.0,,999.0
303.27,0.5,0.0,,999.0
303.33,0.5,0.0,,999.0
303.4,0.5,0.0,,999.0
303.47,0.5,0.0,,999.0
303.53,0.5,0.0,,999.0
303.6,0.5,0.0,,999.0
303.67,0.5,0.0,,999.0
303.74,0.5,0.0,,999.0
303.8,0.5,0.0,,999.0
303.87,0.5,0.0,,999.0
303.94,0.5,0.0,,999.0
304.01,0.5,0.0,,999.0
304.08,0.5,0.0,,999.0
304.15,0.5,0.0,,999.0
304.21,0.5,0.0,,999.0
304.28,0.5,0.0,,999.0
304.35,0.5,0.0,,999.0
304.41,0.5,0.0,,999.0
304.48,0.5,0.0,,999.0
304.54,0.5,0.0,,999.0
304.61,0.5,0.0,,999.0
304.68,0.5,0.0,,999.0
304.74,0.5,0.0,,999.0
304.81,0.5,0.0,,999.0
304.88,0.5,0.0,,999.0
304.94,0.5,0.0,,999.0
305.01,0.5,0.0,,999.0
305.08,0.5,0.0,,999.0
305.14,0.5,0.0,,999.0
305.21,0.5,0.0,,999.0
305.28,0.5,0.0,,999.0
305.34,0.5,0.0,,999.0
305.41,0.5,0.0,,999.0
305.48,0.5,0.0,,999.0
305.54,0.5,0.0,,999.0
305.61,0.5,0.0,,999.0
305.68,0.5,0.0,,999.0
305.74,0.5,0.0,,999.0
305.81,0.5,0.0,,999.0
305.88,0.5,0.0,,999.0
305.94,0.5,0.0,,999.0
306.01,0.5,0.0,,999.0
306.08,0.5,0.0,,999.0
306.14,0.5,0.0,,999.0
306.21,0.5,0.0,,999.0
306.28,0.5,0.0,,999.0
306.34,0.5,0.0,,999.0
306.41,0.5,0.0,,999.0
306.48,0.5,0.0,,999.0
306.54,0.5,0.0,,999.0
306.61,0.5,0.0,,999.0
306.68,0.5,0.0,,999.0
306.74,0.5,0.0,,999.0
306.81,0.5,0.0,,999.0
306.88,0.5,0.0,,999.0
306.94,0.5,0.0,,999.0
307.01,0.5,0.0,,999.0
307.08,0.5,0.0,,999.0
307.14,0.5,0.0,,999.0
307.21,0.5,0.0,,999.0
307.28,0.5,0.0,,999.0
307.34,0.5,0.0,,999.0
307.41,0.5,0.0,,999.0
307.48,0.5,0.0,,999.0
307.54,0.5,0.0,,999.0
307.61,0.5,0.0,,999.0
307.68,0.5,0.0,,999.0
307.75,0.5,0.0,,999.0
307.82,0.5,0.0,,999.0
307.88,0.5,0.0,,999.0
307.95,0.5,0.0,,999.0
308.01,0.5,0.0,,999.0
308.08,0.5,0.0,,999.0
308.15,0.5,0.0,,999.0
308.21,0.5,0.0,,999.0
308.28,0.5,0.0,,999.0
308.34,0.5,0.0,,999.0
308.41,0.5,0.0,,999.0
308.48,0.5,0.0,,999.0
308.54,0.5,0.0,,999.0
308.61,0.5,0.0,,999.0
308.68,0.5,0.0,,999.0
308.74,0.5,0.0,,999.0
308.81,0.5,0.0,,999.0
308.87,0.5,0.0,,999.0
308.94,0.5,0.0,,999.0
309.01,0.5,0.0,,999.0
309.07,0.5,0.0,,999.0
309.14,0.5,0.0,,999.0
309.21,0.5,0.0,,999.0
309.27,0.5,0.0,,999.0
309.34,0.5,0.0,,999.0
309.4,0.5,0.0,,999.0
309.47,0.5,0.0,,999.0
309.54,0.5,0.0,,999.0
309.6,0.5,0.0,,999.0
309.67,0.5,0.0,,999.0
309.74,0.5,0.0,,999.0
309.8,0.5,0.0,,999.0
309.87,0.5,0.0,,999.0
309.94,0.5,0.0,,999.0
310.0,0.5,0.0,,999.0
310.07,0.5,0.0,,999.0
310.14,0.5,0.0,,999.0
310.2,0.5,0.0,,999.0
310.27,0.5,0.0,,999.0
310.34,0.5,0.0,,999.0
310.4,0.5,0.0,,999.0
310.47,0.5,0.0,,999.0
310.54,0.5,0.0,,999.0
310.6,0.5,0.0,,999.0
310.67,0.5,0.0,,999.0
310.74,0.5,0.0,,999.0
310.81,0.5,0.0,,999.0
310.87,0.5,0.0,,999.0
310.94,0.5,0.0,,999.0
311.01,0.5,0.0,,999.0
311.07,0.5,0.0,,999.0
311.14,0.5,0.0,,999.0
311.2,0.5,0.0,,999.0
311.27,0.5,0.0,,999.0
311.33,0.5,0.0,,999.0
311.4,0.5,0.0,,999.0
311.47,0.5,0.0,,999.0
311.53,0.5,0.0,,999.0
311.6,0.5,0.0,,999.0
311.66,0.5,0.0,,999.0
311.73,0.5,0.0,,999.0
311.8,0.5,0.0,,999.0
311.86,0.5,0.0,,999.0
311.93,0.5,0.0,,999.0
311.99,0.5,0.0,,999.0
312.06,0.5,0.0,,999.0
312.12,0.5,0.0,,999.0
312.19,0.5,0.0,,999.0
312.26,0.5,0.0,,999.0
312.33,0.5,0.0,,999.0
312.4,0.5,0.0,,999.0
312.46,0.5,0.0,,999.0
312.53,0.5,0.0,,999.0
312.59,0.5,0.0,,999.0
312.66,0.5,0.0,,999.0
312.73,0.5,0.0,,999.0
312.79,0.5,0.0,,999.0
312.86,0.5,0.0,,999.0
312.93,0.5,0.0,,999.0
312.99,0.5,0.0,,999.0
313.06,0.5,0.0,,999.0
313.12,0.5,0.0,,999.0
313.19,0.5,0.0,,999.0
313.26,0.5,0.0,,999.0
313.32,0.5,0.0,,999.0
313.39,0.5,0.0,,999.0
313.46,0.5,0.0,,999.0
313.53,0.5,0.0,,999.0
313.59,0.5,0.0,,999.0
313.66,0.5,0.0,,999.0
313.72,0.5,0.0,,999.0
313.79,0.5,0.0,,999.0
313.86,0.5,0.0,,999.0
313.92,0.5,0.0,,999.0
313.99,0.5,0.0,,999.0
314.06,0.5,0.0,,999.0
314.12,0.5,0.0,,999.0
314.19,0.5,0.0,,999.0
314.26,0.5,0.0,,999.0
314.32,0.5,0.0,,999.0
314.39,0.5,0.0,,999.0
314.46,0.5,0.0,,999.0
314.52,0.5,0.0,,999.0
314.59,0.5,0.0,,999.0
314.66,0.5,0.0,,999.0
314.72,0.5,0.0,,999.0
314.79,0.5,0.0,,999.0
314.86,0.5,0.0,,999.0
314.92,0.5,0.0,,999.0
314.99,0.5,0.0,,999.0
315.05,0.5,0.0,,999.0
315.12,0.5,0.0,,999.0
315.19,0.5,0.0,,999.0
315.25,0.5,0.0,,999.0
315.32,0.5,0.0,,999.0
315.39,0.5,0.0,,999.0
315.45,0.5,0.0,,999.0
315.52,0.5,0.0,,999.0
315.59,0.5,0.0,,999.0
315.65,0.5,0.0,,999.0
315.72,0.5,0.0,,999.0
315.79,0.5,0.0,,999.0
315.85,0.5,0.0,,999.0
315.92,0.5,0.0,,999.0
315.99,0.5,0.0,,999.0
316.05,0.5,0.0,,999.0
316.12,0.5,0.0,,999.0
316.19,0.5,0.0,,999.0
316.25,0.5,0.0,,999.0
316.32,0.5,0.0,,999.0
316.39,0.5,0.0,,999.0
316.45,0.5,0.0,,999.0
316.52,0.5,0.0,,999.0
316.59,0.5,0.0,,999.0
316.65,0.5,0.0,,999.0
316.72,0.5,0.0,,999.0
316.79,0.5,0.0,,999.0
316.85,0.5,0.0,,999.0
316.92,0.5,0.0,,999.0
316.99,0.5,0.0,,999.0
317.05,0.5,0.0,,999.0
317.12,0.5,0.0,,999.0
317.19,0.5,0.0,,999.0
317.25,0.5,0.0,,999.0
317.32,0.5,0.0,,999.0
317.39,0.5,0.0,,999.0
317.46,0.5,0.0,,999.0
317.52,0.5,0.0,,999.0
317.59,0.5,0.0,,999.0
317.66,0.5,0.0,,999.0
317.72,0.5,0.0,,999.0
317.79,0.5,0.0,,999.0
317.86,0.5,0.0,,999.0
317.93,0.5,0.0,,999.0
317.99,0.5,0.0,,999.0
318.06,0.5,0.0,,999.0
318.13,0.5,0.0,,999.0
318.19,0.5,0.0,,999.0
318.26,0.5,0.0,,999.0
318.33,0.5,0.0,,999.0
318.4,0.5,0.0,,999.0
318.46,0.5,0.0,,999.0
318.53,0.5,0.0,,999.0
318.6,0.5,0.0,,999.0
318.66,0.5,0.0,,999.0
318.73,0.5,0.0,,999.0
318.81,0.5,0.0,,999.0
318.87,0.5,0.0,,999.0
318.94,0.5,0.0,,999.0
319.01,0.5,0.0,,999.0
319.07,0.5,0.0,,999.0
319.14,0.5,0.0,,999.0
319.21,0.5,0.0,,999.0
319.27,0.5,0.0,,999.0
319.34,0.5,0.0,,999.0
319.41,0.5,0.0,,999.0
319.47,0.5,0.0,,999.0
319.54,0.5,0.0,,999.0
319.6,0.5,0.0,,999.0
319.67,0.5,0.0,,999.0
319.74,0.5,0.0,,999.0
319.8,0.5,0.0,,999.0
319.87,0.5,0.0,,999.0
319.94,0.5,0.0,,999.0
320.0,0.5,0.0,,999.0
320.07,0.5,0.0,,999.0
320.13,0.5,0.0,,999.0
320.2,0.5,0.0,,999.0
320.27,0.5,0.0,,999.0
320.33,0.5,0.0,,999.0
320.4,0.5,0.0,,999.0
320.47,0.5,0.0,,999.0
320.53,0.5,0.0,,999.0
320.6,0.5,0.0,,999.0
320.67,0.5,0.0,,999.0
320.73,0.5,0.0,,999.0
320.8,0.5,0.0,,999.0
320.87,0.5,0.0,,999.0
320.93,0.5,0.0,,999.0
321.0,0.5,0.0,,999.0
321.06,0.5,0.0,,999.0
321.13,0.5,0.0,,999.0
321.2,0.5,0.0,,999.0
321.27,0.5,0.0,,999.0
321.33,0.5,0.0,,999.0
321.4,0.5,0.0,,999.0
321.47,0.5,0.0,,999.0
321.53,0.5,0.0,,999.0
321.6,0.5,0.0,,999.0
321.67,0.5,0.0,,999.0
321.73,0.5,0.0,,999.0
321.8,0.5,0.0,,999.0
321.87,0.5,0.0,,999.0
321.93,0.5,0.0,,999.0
322.0,0.5,0.0,,999.0
322.07,0.5,0.0,,999.0
322.13,0.5,0.0,,999.0
322.2,0.5,0.0,,999.0
322.27,0.5,0.0,,999.0
322.33,0.5,0.0,,999.0
322.4,0.5,0.0,,999.0
322.47,0.5,0.0,,999.0
322.53,0.5,0.0,,999.0
322.6,0.5,0.0,,999.0
322.67,0.5,0.0,,999.0
322.73,0.5,0.0,,999.0
322.8,0.5,0.0,,999.0
322.87,0.5,0.0,,999.0
322.94,0.5,0.0,,999.0
323.0,0.5,0.0,,999.0
323.07,0.5,0.0,,999.0
323.14,0.5,0.0,,999.0
323.2,0.5,0.0,,999.0
323.27,0.5,0.0,,999.0
323.34,0.5,0.0,,999.0
323.41,0.5,0.0,,999.0
323.47,0.5,0.0,,999.0
323.54,0.5,0.0,,999.0
323.61,0.5,0.0,,999.0
323.67,0.5,0.0,,999.0
323.74,0.5,0.0,,999.0
323.81,0.5,0.0,,999.0
323.88,0.5,0.0,,999.0
323.94,0.5,0.0,,999.0
324.01,0.5,0.0,,999.0
324.08,0.5,0.0,,999.0
324.14,0.5,0.0,,999.0
324.21,0.5,0.0,,999.0
324.28,0.5,0.0,,999.0
324.35,0.5,0.0,,999.0
324.41,0.5,0.0,,999.0
324.48,0.5,0.0,,999.0
324.55,0.5,0.0,,999.0
324.61,0.5,0.0,,999.0
324.68,0.5,0.0,,999.0
324.75,0.5,0.0,,999.0
324.81,0.5,0.0,,999.0
324.88,0.5,0.0,,999.0
324.96,0.5,0.0,,999.0
325.03,0.5,0.0,,999.0
325.09,0.5,0.0,,999.0
325.16,0.5,0.0,,999.0
325.22,0.5,0.0,,999.0
325.29,0.5,0.0,,999.0
325.36,0.5,0.0,,999.0
325.42,0.5,0.0,,999.0
325.49,0.5,0.0,,999.0
325.56,0.5,0.0,,999.0
325.62,0.5,0.0,,999.0
325.69,0.5,0.0,,999.0
325.76,0.5,0.0,,999.0
325.82,0.5,0.0,,999.0
325.89,0.5,0.0,,999.0
325.96,0.5,0.0,,999.0
326.02,0.5,0.0,,999.0
326.09,0.5,0.0,,999.0
326.16,0.5,0.0,,999.0
326.22,0.5,0.0,,999.0
326.29,0.5,0.0,,999.0
326.35,0.5,0.0,,999.0
326.42,0.5,0.0,,999.0
326.49,0.5,0.0,,999.0
326.55,0.5,0.0,,999.0
326.62,0.5,0.0,,999.0
326.69,0.5,0.0,,999.0
326.75,0.5,0.0,,999.0
326.82,0.5,0.0,,999.0
326.88,0.5,0.0,,999.0
326.95,0.5,0.0,,999.0
327.02,0.5,0.0,,999.0
327.08,0.5,0.0,,999.0
327.15,0.5,0.0,,999.0
327.22,0.5,0.0,,999.0
327.28,0.5,0.0,,999.0
327.35,0.5,0.0,,999.0
327.42,0.5,0.0,,999.0
327.48,0.5,0.0,,999.0
327.55,0.5,0.0,,999.0
327.62,0.5,0.0,,999.0
327.68,0.5,0.0,,999.0
327.75,0.5,0.0,,999.0
327.82,0.5,0.0,,999.0
327.88,0.5,0.0,,999.0
327.95,0.5,0.0,,999.0
328.02,0.5,0.0,,999.0
328.08,0.5,0.0,,999.0
328.15,0.5,0.0,,999.0
328.22,0.5,0.0,,999.0
328.28,0.5,0.0,,999.0
328.35,0.5,0.0,,999.0
328.42,0.5,0.0,,999.0
328.48,0.5,0.0,,999.0
328.55,0.5,0.0,,999.0
328.62,0.5,0.0,,999.0
328.68,0.5,0.0,,999.0
328.75,0.5,0.0,,999.0
328.82,0.5,0.0,,999.0
328.88,0.5,0.0,,999.0
328.95,0.5,0.0,,999.0
329.02,0.5,0.0,,999.0
329.08,0.5,0.0,,999.0
329.15,0.5,0.0,,999.0
329.22,0.5,0.0,,999.0
329.28,0.5,0.0,,999.0
329.35,0.5,0.0,,999.0
329.42,0.5,0.0,,999.0
329.48,0.5,0.0,,999.0
329.55,0.5,0.0,,999.0
329.62,0.5,0.0,,999.0
329.69,0.5,0.0,,999.0
329.75,0.5,0.0,,999.0
329.82,0.5,0.0,,999.0
329.89,0.5,0.0,,999.0
329.95,0.5,0.0,,999.0
330.02,0.5,0.0,,999.0
330.09,0.5,0.0,,999.0
330.15,0.5,0.0,,999.0
330.22,0.5,0.0,,999.0
330.29,0.5,0.0,,999.0
330.36,0.5,0.0,,999.0
330.42,0.5,0.0,,999.0
330.49,0.5,0.0,,999.0
330.56,0.5,0.0,,999.0
330.62,0.5,0.0,,999.0
330.69,0.5,0.0,,999.0
330.76,0.5,0.0,,999.0
330.82,0.5,0.0,,999.0
330.89,0.5,0.0,,999.0
330.96,0.5,0.0,,999.0
331.02,0.5,0.0,,999.0
331.09,0.5,0.0,,999.0
331.17,0.5,0.0,,999.0
331.23,0.5,0.0,,999.0
331.3,0.5,0.0,,999.0
331.36,0.5,0.0,,999.0
331.43,0.5,0.0,,999.0
331.5,0.5,0.0,,999.0
331.56,0.5,0.0,,999.0
331.63,0.5,0.0,,999.0
331.7,0.5,0.0,,999.0
331.76,0.5,0.0,,999.0
331.83,0.5,0.0,,999.0
331.9,0.5,0.0,,999.0
331.96,0.5,0.0,,999.0
332.03,0.5,0.0,,999.0
332.09,0.5,0.0,,999.0
332.16,0.5,0.0,,999.0
332.23,0.5,0.0,,999.0
332.29,0.5,0.0,,999.0
332.36,0.5,0.0,,999.0
332.43,0.5,0.0,,999.0
332.49,0.5,0.0,,999.0
332.56,0.5,0.0,,999.0
332.62,0.5,0.0,,999.0
332.69,0.5,0.0,,999.0
332.76,0.5,0.0,,999.0
332.83,0.5,0.0,,999.0
332.89,0.5,0.0,,999.0
332.96,0.5,0.0,,999.0
333.03,0.5,0.0,,999.0
333.09,0.5,0.0,,999.0
333.16,0.5,0.0,,999.0
333.22,0.5,0.0,,999.0
333.29,0.5,0.0,,999.0
333.36,0.5,0.0,,999.0
333.42,0.5,0.0,,999.0
333.49,0.5,0.0,,999.0
333.56,0.5,0.0,,999.0
333.62,0.5,0.0,,999.0
333.69,0.5,0.0,,999.0
333.76,0.5,0.0,,999.0
333.83,0.5,0.0,,999.0
333.89,0.5,0.0,,999.0
333.96,0.5,0.0,,999.0
334.03,0.5,0.0,,999.0
334.09,0.5,0.0,,999.0
334.16,0.5,0.0,,999.0
334.23,0.5,0.0,,999.0
334.29,0.5,0.0,,999.0
334.36,0.5,0.0,,999.0
334.43,0.5,0.0,,999.0
334.49,0.5,0.0,,999.0
334.56,0.5,0.0,,999.0
334.63,0.5,0.0,,999.0
334.69,0.5,0.0,,999.0
334.76,0.5,0.0,,999.0
334.83,0.5,0.0,,999.0
334.89,0.5,0.0,,999.0
334.96,0.5,0.0,,999.0
335.03,0.5,0.0,,999.0
335.09,0.5,0.0,,999.0
335.16,0.5,0.0,,999.0
335.23,0.5,0.0,,999.0
335.29,0.5,0.0,,999.0
335.36,0.5,0.0,,999.0
335.43,0.5,0.0,,999.0
335.5,0.5,0.0,,999.0
335.56,0.5,0.0,,999.0
335.63,0.5,0.0,,999.0
335.7,0.5,0.0,,999.0
335.76,0.5,0.0,,999.0
335.83,0.5,0.0,,999.0
335.9,0.5,0.0,,999.0
335.96,0.5,0.0,,999.0
336.03,0.5,0.0,,999.0
336.1,0.5,0.0,,999.0
336.16,0.5,0.0,,999.0
336.23,0.5,0.0,,999.0
336.3,0.5,0.0,,999.0
336.37,0.5,0.0,,999.0
336.43,0.5,0.0,,999.0
336.5,0.5,0.0,,999.0
336.57,0.5,0.0,,999.0
336.63,0.5,0.0,,999.0
336.7,0.5,0.0,,999.0
336.77,0.5,0.0,,999.0
336.83,0.5,0.0,,999.0
336.9,0.5,0.0,,999.0
336.97,0.5,0.0,,999.0
337.04,0.5,0.0,,999.0
337.1,0.5,0.0,,999.0
337.17,0.5,0.0,,999.0
337.24,0.5,0.0,,999.0
337.31,0.5,0.0,,999.0
337.37,0.5,0.0,,999.0
337.44,0.5,0.0,,999.0
337.51,0.5,0.0,,999.0
337.57,0.5,0.0,,999.0
337.64,0.5,0.0,,999.0
337.71,0.5,0.0,,999.0
337.78,0.5,0.0,,999.0
337.85,0.5,0.0,,999.0
337.91,0.5,0.0,,999.0
337.98,0.5,0.0,,999.0
338.05,0.5,0.0,,999.0
338.11,0.5,0.0,,999.0
338.18,0.5,0.0,,999.0
338.25,0.5,0.0,,999.0
338.31,0.5,0.0,,999.0
338.38,0.5,0.0,,999.0
338.44,0.5,0.0,,999.0
338.51,0.5,0.0,,999.0
338.58,0.5,0.0,,999.0
338.64,0.5,0.0,,999.0
338.71,0.5,0.0,,999.0
338.77,0.5,0.0,,999.0
338.84,0.5,0.0,,999.0
338.91,0.5,0.0,,999.0
338.98,0.5,0.0,,999.0
339.04,0.5,0.0,,999.0
339.11,0.5,0.0,,999.0
339.18,0.5,0.0,,999.0
339.24,0.5,0.0,,999.0
339.31,0.5,0.0,,999.0
339.37,0.5,0.0,,999.0
339.44,0.5,0.0,,999.0
339.51,0.5,0.0,,999.0
339.57,0.5,0.0,,999.0
339.64,0.5,0.0,,999.0
339.71,0.5,0.0,,999.0
339.77,0.5,0.0,,999.0
339.84,0.5,0.0,,999.0
339.91,0.5,0.0,,999.0
339.97,0.5,0.0,,999.0
340.04,0.5,0.0,,999.0
340.11,0.5,0.0,,999.0
340.17,0.5,0.0,,999.0
340.24,0.5,0.0,,999.0
340.31,0.5,0.0,,999.0
340.37,0.5,0.0,,999.0
340.44,0.5,0.0,,999.0
340.51,0.5,0.0,,999.0
340.57,0.5,0.0,,999.0
340.64,0.5,0.0,,999.0
340.71,0.5,0.0,,999.0
340.77,0.5,0.0,,999.0
340.84,0.5,0.0,,999.0
340.91,0.5,0.0,,999.0
340.97,0.5,0.0,,999.0
341.04,0.5,0.0,,999.0
341.11,0.5,0.0,,999.0
341.17,0.5,0.0,,999.0
341.24,0.5,0.0,,999.0
341.31,0.5,0.0,,999.0
341.38,0.5,0.0,,999.0
341.44,0.5,0.0,,999.0
341.51,0.5,0.0,,999.0
341.58,0.5,0.0,,999.0
341.64,0.5,0.0,,999.0
341.71,0.5,0.0,,999.0
341.78,0.5,0.0,,999.0
341.84,0.5,0.0,,999.0
341.91,0.5,0.0,,999.0
341.98,0.5,0.0,,999.0
342.04,0.5,0.0,,999.0
342.11,0.5,0.0,,999.0
342.18,0.5,0.0,,999.0
342.24,0.5,0.0,,999.0
342.31,0.5,0.0,,999.0
342.38,0.5,0.0,,999.0
342.44,0.5,0.0,,999.0
342.51,0.5,0.0,,999.0
342.58,0.5,0.0,,999.0
342.65,0.5,0.0,,999.0
342.71,0.5,0.0,,999.0
342.78,0.5,0.0,,999.0
342.85,0.5,0.0,,999.0
342.91,0.5,0.0,,999.0
342.98,0.5,0.0,,999.0
343.05,0.5,0.0,,999.0
343.12,0.5,0.0,,999.0
343.18,0.5,0.0,,999.0
343.25,0.5,0.0,,999.0
343.32,0.5,0.0,,999.0
343.38,0.5,0.0,,999.0
343.45,0.5,0.0,,999.0
343.52,0.5,0.0,,999.0
343.58,0.5,0.0,,999.0
343.65,0.5,0.0,,999.0
343.72,0.5,0.0,,999.0
343.79,0.5,0.0,,999.0
343.85,0.5,0.0,,999.0
343.92,0.5,0.0,,999.0
343.99,0.5,0.0,,999.0
344.05,0.5,0.0,,999.0
344.12,0.5,0.0,,999.0
344.19,0.5,0.0,,999.0
344.25,0.5,0.0,,999.0
344.33,0.5,0.0,,999.0
344.39,0.5,0.0,,999.0
344.46,0.5,0.0,,999.0
344.53,0.5,0.0,,999.0
344.59,0.5,0.0,,999.0
344.66,0.5,0.0,,999.0
344.73,0.5,0.0,,999.0
344.79,0.5,0.0,,999.0
344.86,0.5,0.0,,999.0
344.93,0.5,0.0,,999.0
344.99,0.5,0.0,,999.0
345.06,0.5,0.0,,999.0
345.13,0.5,0.0,,999.0
345.19,0.5,0.0,,999.0
345.26,0.5,0.0,,999.0
345.32,0.5,0.0,,999.0
345.39,0.5,0.0,,999.0
345.46,0.5,0.0,,999.0
345.52,0.5,0.0,,999.0
345.59,0.5,0.0,,999.0
345.66,0.5,0.0,,999.0
345.72,0.5,0.0,,999.0
345.79,0.5,0.0,,999.0
345.86,0.5,0.0,,999.0
345.92,0.5,0.0,,999.0
345.99,0.5,0.0,,999.0
346.06,0.5,0.0,,999.0
346.12,0.5,0.0,,999.0
346.19,0.5,0.0,,999.0
346.26,0.5,0.0,,999.0
346.32,0.5,0.0,,999.0
346.39,0.5,0.0,,999.0
346.45,0.5,0.0,,999.0
346.52,0.5,0.0,,999.0
346.59,0.5,0.0,,999.0
346.66,0.5,0.0,,999.0
346.72,0.5,0.0,,999.0
346.79,0.5,0.0,,999.0
346.85,0.5,0.0,,999.0
346.92,0.5,0.0,,999.0
346.99,0.5,0.0,,999.0
347.05,0.5,0.0,,999.0
347.12,0.5,0.0,,999.0
347.19,0.5,0.0,,999.0
347.25,0.5,0.0,,999.0
347.32,0.5,0.0,,999.0
347.39,0.5,0.0,,999.0
347.45,0.5,0.0,,999.0
347.52,0.5,0.0,,999.0
347.59,0.5,0.0,,999.0
347.66,0.5,0.0,,999.0
347.72,0.5,0.0,,999.0
347.79,0.5,0.0,,999.0
347.86,0.5,0.0,,999.0
347.92,0.5,0.0,,999.0
347.99,0.5,0.0,,999.0
348.05,0.5,0.0,,999.0
348.12,0.5,0.0,,999.0
348.19,0.5,0.0,,999.0
348.25,0.5,0.0,,999.0
348.32,0.5,0.0,,999.0
348.39,0.5,0.0,,999.0
348.45,0.5,0.0,,999.0
348.52,0.5,0.0,,999.0
348.59,0.5,0.0,,999.0
348.66,0.5,0.0,,999.0
348.72,0.5,0.0,,999.0
348.79,0.5,0.0,,999.0
348.86,0.5,0.0,,999.0
348.92,0.5,0.0,,999.0
348.99,0.5,0.0,,999.0
349.06,0.5,0.0,,999.0
349.13,0.5,0.0,,999.0
349.19,0.5,0.0,,999.0
349.26,0.5,0.0,,999.0
349.33,0.5,0.0,,999.0
349.39,0.5,0.0,,999.0
349.46,0.5,0.0,,999.0
349.53,0.5,0.0,,999.0
349.59,0.5,0.0,,999.0
349.66,0.5,0.0,,999.0
349.73,0.5,0.0,,999.0
349.79,0.5,0.0,,999.0
349.86,0.5,0.0,,999.0
349.93,0.5,0.0,,999.0
350.0,0.5,0.0,,999.0
350.06,0.5,0.0,,999.0
350.13,0.5,0.0,,999.0
350.2,0.5,0.0,,999.0
350.26,0.5,0.0,,999.0
350.33,0.5,0.0,,999.0
350.4,0.5,0.0,,999.0
350.47,0.5,0.0,,999.0
350.53,0.5,0.0,,999.0
350.6,0.5,0.0,,999.0
350.67,0.5,0.0,,999.0
350.73,0.5,0.0,,999.0
350.8,0.5,0.0,,999.0
350.87,0.5,0.0,,999.0
350.93,0.5,0.0,,999.0
351.01,0.5,0.0,,999.0
351.07,0.5,0.0,,999.0
351.14,0.5,0.0,,999.0
351.21,0.5,0.0,,999.0
351.27,0.5,0.0,,999.0
351.34,0.5,0.0,,999.0
351.4,0.5,0.0,,999.0
351.47,0.5,0.0,,999.0
351.54,0.5,0.0,,999.0
351.6,0.5,0.0,,999.0
351.67,0.5,0.0,,999.0
351.74,0.5,0.0,,999.0
351.8,0.5,0.0,,999.0
351.87,0.5,0.0,,999.0
351.94,0.5,0.0,,999.0
352.0,0.5,0.0,,999.0
352.07,0.5,0.0,,999.0
352.13,0.5,0.0,,999.0
352.2,0.5,0.0,,999.0
352.27,0.5,0.0,,999.0
352.33,0.5,0.0,,999.0
352.4,0.5,0.0,,999.0
352.47,0.5,0.0,,999.0
352.54,0.5,0.0,,999.0
352.6,0.5,0.0,,999.0
352.67,0.5,0.0,,999.0
352.74,0.5,0.0,,999.0
352.8,0.5,0.0,,999.0
352.87,0.5,0.0,,999.0
352.93,0.5,0.0,,999.0
353.0,0.5,0.0,,999.0
353.07,0.5,0.0,,999.0
353.13,0.5,0.0,,999.0
353.2,0.5,0.0,,999.0
353.27,0.5,0.0,,999.0
353.35,0.5,0.0,,999.0
353.41,0.5,0.0,,999.0
353.48,0.5,0.0,,999.0
353.55,0.5,0.0,,999.0
353.61,0.5,0.0,,999.0
353.68,0.5,0.0,,999.0
353.74,0.5,0.0,,999.0
353.81,0.5,0.0,,999.0
353.88,0.5,0.0,,999.0
353.94,0.5,0.0,,999.0
354.01,0.5,0.0,,999.0
354.08,0.5,0.0,,999.0
354.14,0.5,0.0,,999.0
354.21,0.5,0.0,,999.0
354.28,0.5,0.0,,999.0
354.34,0.5,0.0,,999.0
354.41,0.5,0.0,,999.0
354.47,0.5,0.0,,999.0
354.54,0.5,0.0,,999.0
354.61,0.5,0.0,,999.0
354.67,0.5,0.0,,999.0
354.74,0.5,0.0,,999.0
354.81,0.5,0.0,,999.0
354.87,0.5,0.0,,999.0
354.94,0.5,0.0,,999.0
355.01,0.5,0.0,,999.0
355.07,0.5,0.0,,999.0
355.14,0.5,0.0,,999.0
355.2,0.5,0.0,,999.0
355.27,0.5,0.0,,999.0
355.34,0.5,0.0,,999.0
355.41,0.5,0.0,,999.0
355.47,0.5,0.0,,999.0
355.54,0.5,0.0,,999.0
355.6,0.5,0.0,,999.0
355.67,0.5,0.0,,999.0
355.74,0.5,0.0,,999.0
355.8,0.5,0.0,,999.0
355.87,0.5,0.0,,999.0
355.94,0.5,0.0,,999.0
356.0,0.5,0.0,,999.0
356.07,0.5,0.0,,999.0
356.14,0.5,0.0,,999.0
356.2,0.5,0.0,,999.0
356.27,0.5,0.0,,999.0
356.34,0.5,0.0,,999.0
356.4,0.5,0.0,,999.0
356.47,0.5,0.0,,999.0
356.54,0.5,0.0,,999.0
356.6,0.5,0.0,,999.0
356.67,0.5,0.0,,999.0
356.74,0.5,0.0,,999.0
356.8,0.5,0.0,,999.0
356.87,0.5,0.0,,999.0
356.94,0.5,0.0,,999.0
357.0,0.5,0.0,,999.0
357.07,0.5,0.0,,999.0
357.14,0.5,0.0,,999.0
357.2,0.5,0.0,,999.0
357.27,0.5,0.0,,999.0
357.34,0.5,0.0,,999.0
357.4,0.5,0.0,,999.0
357.47,0.5,0.0,,999.0
357.54,0.5,0.0,,999.0
357.6,0.5,0.0,,999.0
357.67,0.5,0.0,,999.0
357.74,0.5,0.0,,999.0
357.8,0.5,0.0,,999.0
357.87,0.5,0.0,,999.0
357.94,0.5,0.0,,999.0
358.0,0.5,0.0,,999.0
358.07,0.5,0.0,,999.0
358.14,0.5,0.0,,999.0
358.2,0.5,0.0,,999.0
358.27,0.5,0.0,,999.0
358.34,0.5,0.0,,999.0
358.41,0.5,0.0,,999.0
358.47,0.5,0.0,,999.0
358.54,0.5,0.0,,999.0
358.61,0.5,0.0,,999.0
358.67,0.5,0.0,,999.0
358.74,0.5,0.0,,999.0
358.81,0.5,0.0,,999.0
358.87,0.5,0.0,,999.0
358.94,0.5,0.0,,999.0
359.01,0.5,0.0,,999.0
359.07,0.5,0.0,,999.0
359.14,0.5,0.0,,999.0
359.21,0.5,0.0,,999.0
359.28,0.5,0.0,,999.0
359.34,0.5,0.0,,999.0
359.41,0.5,0.0,,999.0
359.48,0.5,0.0,,999.0
359.54,0.5,0.0,,999.0
359.61,0.5,0.0,,999.0
359.68,0.5,0.0,,999.0
359.75,0.5,0.0,,999.0
359.81,0.5,0.0,,999.0
359.88,0.5,0.0,,999.0
359.95,0.5,0.0,,999.0
360.02,0.5,0.0,,999.0
360.09,0.5,0.0,,999.0
360.15,0.5,0.0,,999.0
360.22,0.5,0.0,,999.0
360.29,0.5,0.0,,999.0
360.35,0.5,0.0,,999.0
360.42,0.5,0.0,,999.0
360.49,0.5,0.0,,999.0
360.55,0.5,0.0,,999.0
360.62,0.5,0.0,,999.0
360.69,0.5,0.0,,999.0
360.75,0.5,0.0,,999.0
360.82,0.5,0.0,,999.0
360.89,0.5,0.0,,999.0
360.95,0.5,0.0,,999.0
361.02,0.5,0.0,,999.0
361.08,0.5,0.0,,999.0
361.15,0.5,0.0,,999.0
361.22,0.5,0.0,,999.0
361.28,0.5,0.0,,999.0
361.35,0.5,0.0,,999.0
361.42,0.5,0.0,,999.0
361.48,0.5,0.0,,999.0
361.55,0.5,0.0,,999.0
361.62,0.5,0.0,,999.0
361.68,0.5,0.0,,999.0
361.75,0.5,0.0,,999.0
361.82,0.5,0.0,,999.0
361.88,0.5,0.0,,999.0
361.95,0.5,0.0,,999.0
362.01,0.5,0.0,,999.0
362.08,0.5,0.0,,999.0
362.15,0.5,0.0,,999.0
362.21,0.5,0.0,,999.0
362.28,0.5,0.0,,999.0
362.35,0.5,0.0,,999.0
362.41,0.5,0.0,,999.0
362.48,0.5,0.0,,999.0
362.55,0.5,0.0,,999.0
362.61,0.5,0.0,,999.0
362.68,0.5,0.0,,999.0
362.75,0.5,0.0,,999.0
362.81,0.5,0.0,,999.0
362.88,0.5,0.0,,999.0
362.95,0.5,0.0,,999.0
363.01,0.5,0.0,,999.0
363.08,0.5,0.0,,999.0
363.15,0.5,0.0,,999.0
363.21,0.5,0.0,,999.0
363.28,0.5,0.0,,999.0
363.35,0.5,0.0,,999.0
363.41,0.5,0.0,,999.0
363.48,0.5,0.0,,999.0
363.55,0.5,0.0,,999.0
363.61,0.5,0.0,,999.0
363.68,0.5,0.0,,999.0
363.75,0.5,0.0,,999.0
363.81,0.5,0.0,,999.0
363.88,0.5,0.0,,999.0
363.94,0.5,0.0,,999.0
364.01,0.5,0.0,,999.0
364.08,0.5,0.0,,999.0
364.15,0.5,0.0,,999.0
364.21,0.5,0.0,,999.0
364.28,0.5,0.0,,999.0
364.35,0.5,0.0,,999.0
364.41,0.5,0.0,,999.0
364.48,0.5,0.0,,999.0
364.55,0.5,0.0,,999.0
364.61,0.5,0.0,,999.0
364.68,0.5,0.0,,999.0
364.75,0.5,0.0,,999.0
364.81,0.5,0.0,,999.0
364.88,0.5,0.0,,999.0
364.95,0.5,0.0,,999.0
365.01,0.5,0.0,,999.0
365.08,0.5,0.0,,999.0
365.15,0.5,0.0,,999.0
365.22,0.5,0.0,,999.0
365.28,0.5,0.0,,999.0
365.35,0.5,0.0,,999.0
365.42,0.5,0.0,,999.0
365.48,0.5,0.0,,999.0
365.55,0.5,0.0,,999.0
365.62,0.5,0.0,,999.0
365.68,0.5,0.0,,999.0
365.75,0.5,0.0,,999.0
365.82,0.5,0.0,,999.0
365.89,0.5,0.0,,999.0
365.95,0.5,0.0,,999.0
366.02,0.5,0.0,,999.0
366.09,0.5,0.0,,999.0
366.15,0.5,0.0,,999.0
366.22,0.5,0.0,,999.0
366.29,0.5,0.0,,999.0
366.35,0.5,0.0,,999.0
366.42,0.5,0.0,,999.0
366.49,0.5,0.0,,999.0
366.55,0.5,0.0,,999.0
366.62,0.5,0.0,,999.0
366.69,0.5,0.0,,999.0
366.76,0.5,0.0,,999.0
366.83,0.5,0.0,,999.0
366.89,0.5,0.0,,999.0
366.96,0.5,0.0,,999.0
367.03,0.5,0.0,,999.0
367.09,0.5,0.0,,999.0
367.16,0.5,0.0,,999.0
367.23,0.5,0.0,,999.0
367.29,0.5,0.0,,999.0
367.36,0.5,0.0,,999.0
367.42,0.5,0.0,,999.0
367.49,0.5,0.0,,999.0
367.56,0.5,0.0,,999.0
367.62,0.5,0.0,,999.0
367.69,0.5,0.0,,999.0
367.76,0.5,0.0,,999.0
367.82,0.5,0.0,,999.0
367.89,0.5,0.0,,999.0
367.95,0.5,0.0,,999.0
368.02,0.5,0.0,,999.0
368.09,0.5,0.0,,999.0
368.15,0.5,0.0,,999.0
368.22,0.5,0.0,,999.0
368.29,0.5,0.0,,999.0
368.35,0.5,0.0,,999.0
368.42,0.5,0.0,,999.0
368.49,0.5,0.0,,999.0
368.55,0.5,0.0,,999.0
368.62,0.5,0.0,,999.0
368.69,0.5,0.0,,999.0
368.75,0.5,0.0,,999.0
368.82,0.5,0.0,,999.0
368.89,0.5,0.0,,999.0
368.95,0.5,0.0,,999.0
369.02,0.5,0.0,,999.0
369.09,0.5,0.0,,999.0
369.15,0.5,0.0,,999.0
369.22,0.5,0.0,,999.0
369.29,0.5,0.0,,999.0
369.35,0.5,0.0,,999.0
369.42,0.5,0.0,,999.0
369.49,0.5,0.0,,999.0
369.55,0.5,0.0,,999.0
369.62,0.5,0.0,,999.0
369.69,0.5,0.0,,999.0
369.75,0.5,0.0,,999.0
369.82,0.5,0.0,,999.0
369.89,0.5,0.0,,999.0
369.95,0.5,0.0,,999.0
370.02,0.5,0.0,,999.0
370.09,0.5,0.0,,999.0
370.15,0.5,0.0,,999.0
370.22,0.5,0.0,,999.0
370.29,0.5,0.0,,999.0
370.35,0.5,0.0,,999.0
370.42,0.5,0.0,,999.0
370.49,0.5,0.0,,999.0
370.55,0.5,0.0,,999.0
370.62,0.5,0.0,,999.0
370.68,0.5,0.0,,999.0
370.75,0.5,0.0,,999.0
370.82,0.5,0.0,,999.0
370.88,0.5,0.0,,999.0
370.95,0.5,0.0,,999.0
371.02,0.5,0.0,,999.0
371.09,0.5,0.0,,999.0
371.15,0.5,0.0,,999.0
371.22,0.5,0.0,,999.0
371.29,0.5,0.0,,999.0
371.35,0.5,0.0,,999.0
371.42,0.5,0.0,,999.0
371.49,0.5,0.0,,999.0
371.55,0.5,0.0,,999.0
371.62,0.5,0.0,,999.0
371.69,0.5,0.0,,999.0
371.75,0.5,0.0,,999.0
371.82,0.5,0.0,,999.0
371.89,0.5,0.0,,999.0
371.95,0.5,0.0,,999.0
372.02,0.5,0.0,,999.0
372.09,0.5,0.0,,999.0
372.16,0.5,0.0,,999.0
372.22,0.5,0.0,,999.0
372.29,0.5,0.0,,999.0
372.36,0.5,0.0,,999.0
372.42,0.5,0.0,,999.0
372.49,0.5,0.0,,999.0
372.56,0.5,0.0,,999.0
372.62,0.5,0.0,,999.0
372.69,0.5,0.0,,999.0
372.76,0.5,0.0,,999.0
372.82,0.5,0.0,,999.0
372.89,0.5,0.0,,999.0
372.96,0.5,0.0,,999.0
373.03,0.5,0.0,,999.0
373.09,0.5,0.0,,999.0
373.16,0.5,0.0,,999.0
373.23,0.5,0.0,,999.0
373.29,0.5,0.0,,999.0
373.36,0.5,0.0,,999.0
373.44,0.5,0.0,,999.0
373.5,0.5,0.0,,999.0
373.57,0.5,0.0,,999.0
373.63,0.5,0.0,,999.0
373.7,0.5,0.0,,999.0
373.77,0.5,0.0,,999.0
373.83,0.5,0.0,,999.0
373.9,0.5,0.0,,999.0
373.96,0.5,0.0,,999.0
374.03,0.5,0.0,,999.0
374.1,0.5,0.0,,999.0
374.16,0.5,0.0,,999.0
374.23,0.5,0.0,,999.0
374.3,0.5,0.0,,999.0
374.36,0.5,0.0,,999.0
374.43,0.5,0.0,,999.0
374.5,0.5,0.0,,999.0
374.56,0.5,0.0,,999.0
374.63,0.5,0.0,,999.0
374.7,0.5,0.0,,999.0
374.76,0.5,0.0,,999.0
374.83,0.5,0.0,,999.0
374.89,0.5,0.0,,999.0
374.96,0.5,0.0,,999.0
375.03,0.5,0.0,,999.0
375.09,0.5,0.0,,999.0
375.16,0.5,0.0,,999.0
375.23,0.5,0.0,,999.0
375.29,0.5,0.0,,999.0
375.36,0.5,0.0,,999.0
375.43,0.5,0.0,,999.0
375.49,0.5,0.0,,999.0
375.56,0.5,0.0,,999.0
375.63,0.5,0.0,,999.0
375.69,0.5,0.0,,999.0
375.76,0.5,0.0,,999.0
375.82,0.5,0.0,,999.0
375.89,0.5,0.0,,999.0
375.96,0.5,0.0,,999.0
376.02,0.5,0.0,,999.0
376.09,0.5,0.0,,999.0
376.16,0.5,0.0,,999.0
376.22,0.5,0.0,,999.0
376.29,0.5,0.0,,999.0
376.36,0.5,0.0,,999.0
376.42,0.5,0.0,,999.0
376.49,0.5,0.0,,999.0
376.56,0.5,0.0,,999.0
376.62,0.5,0.0,,999.0
376.69,0.5,0.0,,999.0
376.76,0.5,0.0,,999.0
376.82,0.5,0.0,,999.0
376.89,0.5,0.0,,999.0
376.96,0.5,0.0,,999.0
377.02,0.5,0.0,,999.0
377.09,0.5,0.0,,999.0
377.16,0.5,0.0,,999.0
377.22,0.5,0.0,,999.0
377.29,0.5,0.0,,999.0
377.36,0.5,0.0,,999.0
377.42,0.5,0.0,,999.0
377.49,0.5,0.0,,999.0
377.56,0.5,0.0,,999.0
377.62,0.5,0.0,,999.0
377.69,0.5,0.0,,999.0
377.76,0.5,0.0,,999.0
377.82,0.5,0.0,,999.0
377.89,0.5,0.0,,999.0
377.96,0.5,0.0,,999.0
378.02,0.5,0.0,,999.0
378.09,0.5,0.0,,999.0
378.16,0.5,0.0,,999.0
378.22,0.5,0.0,,999.0
378.29,0.5,0.0,,999.0
378.36,0.5,0.0,,999.0
378.42,0.5,0.0,,999.0
378.49,0.5,0.0,,999.0
378.56,0.5,0.0,,999.0
378.63,0.5,0.0,,999.0
378.69,0.5,0.0,,999.0
378.76,0.5,0.0,,999.0
378.83,0.5,0.0,,999.0
378.89,0.5,0.0,,999.0
378.96,0.5,0.0,,999.0
379.03,0.5,0.0,,999.0
379.1,0.5,0.0,,999.0
379.16,0.5,0.0,,999.0
379.23,0.5,0.0,,999.0
379.3,0.5,0.0,,999.0
379.36,0.5,0.0,,999.0
379.43,0.5,0.0,,999.0
379.5,0.5,0.0,,999.0
379.56,0.5,0.0,,999.0
379.63,0.5,0.0,,999.0
379.7,0.5,0.0,,999.0
379.76,0.5,0.0,,999.0
379.83,0.5,0.0,,999.0
379.9,0.5,0.0,,999.0
379.96,0.5,0.0,,999.0
380.03,0.5,0.0,,999.0
380.1,0.5,0.0,,999.0
380.17,0.5,0.0,,999.0
380.24,0.5,0.0,,999.0
380.31,0.5,0.0,,999.0
380.37,0.5,0.0,,999.0
380.44,0.5,0.0,,999.0
380.51,0.5,0.0,,999.0
380.57,0.5,0.0,,999.0
380.64,0.5,0.0,,999.0
380.71,0.5,0.0,,999.0
380.77,0.5,0.0,,999.0
380.84,0.5,0.0,,999.0
380.9,0.5,0.0,,999.0
380.97,0.5,0.0,,999.0
381.04,0.5,0.0,,999.0
381.1,0.5,0.0,,999.0
381.17,0.5,0.0,,999.0
381.24,0.5,0.0,,999.0
381.3,0.5,0.0,,999.0
381.37,0.5,0.0,,999.0
381.44,0.5,0.0,,999.0
381.5,0.5,0.0,,999.0
381.57,0.5,0.0,,999.0
381.63,0.5,0.0,,999.0
381.7,0.5,0.0,,999.0
381.77,0.5,0.0,,999.0
381.83,0.5,0.0,,999.0
381.9,0.5,0.0,,999.0
381.97,0.5,0.0,,999.0
382.03,0.5,0.0,,999.0
382.1,0.5,0.0,,999.0
382.17,0.5,0.0,,999.0
382.23,0.5,0.0,,999.0
382.3,0.5,0.0,,999.0
382.37,0.5,0.0,,999.0
382.43,0.5,0.0,,999.0
382.5,0.5,0.0,,999.0
382.57,0.5,0.0,,999.0
382.63,0.5,0.0,,999.0
382.7,0.5,0.0,,999.0
382.76,0.5,0.0,,999.0
382.83,0.5,0.0,,999.0
382.9,0.5,0.0,,999.0
382.96,0.5,0.0,,999.0
383.03,0.5,0.0,,999.0
383.1,0.5,0.0,,999.0
383.16,0.5,0.0,,999.0
383.23,0.5,0.0,,999.0
383.3,0.5,0.0,,999.0
383.36,0.5,0.0,,999.0
383.43,0.5,0.0,,999.0
383.49,0.5,0.0,,999.0
383.56,0.5,0.0,,999.0
383.63,0.5,0.0,,999.0
383.69,0.5,0.0,,999.0
383.76,0.5,0.0,,999.0
383.83,0.5,0.0,,999.0
383.89,0.5,0.0,,999.0
383.96,0.5,0.0,,999.0
384.03,0.5,0.0,,999.0
384.09,0.5,0.0,,999.0
384.16,0.5,0.0,,999.0
384.23,0.5,0.0,,999.0
384.29,0.5,0.0,,999.0
384.36,0.5,0.0,,999.0
384.43,0.5,0.0,,999.0
384.49,0.5,0.0,,999.0
384.56,0.5,0.0,,999.0
384.63,0.5,0.0,,999.0
384.69,0.5,0.0,,999.0
384.76,0.5,0.0,,999.0
384.83,0.5,0.0,,999.0
384.9,0.5,0.0,,999.0
384.96,0.5,0.0,,999.0
385.03,0.5,0.0,,999.0
385.1,0.5,0.0,,999.0
385.16,0.5,0.0,,999.0
385.23,0.5,0.0,,999.0
385.3,0.5,0.0,,999.0
385.36,0.5,0.0,,999.0
385.43,0.5,0.0,,999.0
385.5,0.5,0.0,,999.0
385.56,0.5,0.0,,999.0
385.63,0.5,0.0,,999.0
385.7,0.5,0.0,,999.0
385.76,0.5,0.0,,999.0
385.83,0.5,0.0,,999.0
385.9,0.5,0.0,,999.0
385.96,0.5,0.0,,999.0
386.03,0.5,0.0,,999.0
386.1,0.5,0.0,,999.0
386.16,0.5,0.0,,999.0
386.23,0.5,0.0,,999.0
386.3,0.5,0.0,,999.0
386.36,0.5,0.0,,999.0
386.43,0.5,0.0,,999.0
386.5,0.5,0.0,,999.0
386.56,0.5,0.0,,999.0
386.63,0.5,0.0,,999.0
386.7,0.5,0.0,,999.0
386.77,0.5,0.0,,999.0
386.84,0.5,0.0,,999.0
386.91,0.5,0.0,,999.0
386.98,0.5,0.0,,999.0
387.04,0.5,0.0,,999.0
387.11,0.5,0.0,,999.0
387.17,0.5,0.0,,999.0
387.24,0.5,0.0,,999.0
387.31,0.5,0.0,,999.0
387.37,0.5,0.0,,999.0
387.44,0.5,0.0,,999.0
387.51,0.5,0.0,,999.0
387.57,0.5,0.0,,999.0
387.64,0.5,0.0,,999.0
387.71,0.5,0.0,,999.0
387.77,0.5,0.0,,999.0
387.84,0.5,0.0,,999.0
387.9,0.5,0.0,,999.0
387.97,0.5,0.0,,999.0
388.04,0.5,0.0,,999.0
388.1,0.5,0.0,,999.0
388.17,0.5,0.0,,999.0
388.24,0.5,0.0,,999.0
388.3,0.5,0.0,,999.0
388.37,0.5,0.0,,999.0
388.44,0.5,0.0,,999.0
388.5,0.5,0.0,,999.0
388.57,0.5,0.0,,999.0
388.64,0.5,0.0,,999.0
388.7,0.5,0.0,,999.0
388.77,0.5,0.0,,999.0
388.84,0.5,0.0,,999.0
388.9,0.5,0.0,,999.0
388.97,0.5,0.0,,999.0
389.04,0.5,0.0,,999.0
389.1,0.5,0.0,,999.0
389.17,0.5,0.0,,999.0
389.24,0.5,0.0,,999.0
389.3,0.5,0.0,,999.0
389.37,0.5,0.0,,999.0
389.44,0.5,0.0,,999.0
389.5,0.5,0.0,,999.0
389.57,0.5,0.0,,999.0
389.64,0.5,0.0,,999.0
389.7,0.5,0.0,,999.0
389.77,0.5,0.0,,999.0
389.84,0.5,0.0,,999.0
389.9,0.5,0.0,,999.0
389.97,0.5,0.0,,999.0
390.04,0.5,0.0,,999.0
390.1,0.5,0.0,,999.0
390.17,0.5,0.0,,999.0
390.24,0.5,0.0,,999.0
390.3,0.5,0.0,,999.0
390.37,0.5,0.0,,999.0
390.44,0.5,0.0,,999.0
390.5,0.5,0.0,,999.0
390.57,0.5,0.0,,999.0
390.64,0.5,0.0,,999.0
390.7,0.5,0.0,,999.0
390.77,0.5,0.0,,999.0
390.84,0.5,0.0,,999.0
390.91,0.5,0.0,,999.0
390.97,0.5,0.0,,999.0
391.04,0.5,0.0,,999.0
391.11,0.5,0.0,,999.0
391.17,0.5,0.0,,999.0
391.24,0.5,0.0,,999.0
391.31,0.5,0.0,,999.0
391.37,0.5,0.0,,999.0
391.44,0.5,0.0,,999.0
391.51,0.5,0.0,,999.0
391.57,0.5,0.0,,999.0
391.64,0.5,0.0,,999.0
391.71,0.5,0.0,,999.0
391.77,0.5,0.0,,999.0
391.84,0.5,0.0,,999.0
391.91,0.5,0.0,,999.0
391.98,0.5,0.0,,999.0
392.04,0.5,0.0,,999.0
392.11,0.5,0.0,,999.0
392.18,0.5,0.0,,999.0
392.24,0.5,0.0,,999.0
392.31,0.5,0.0,,999.0
392.38,0.5,0.0,,999.0
392.45,0.5,0.0,,999.0
392.51,0.5,0.0,,999.0
392.58,0.5,0.0,,999.0
392.65,0.5,0.0,,999.0
392.71,0.5,0.0,,999.0
392.78,0.5,0.0,,999.0
392.85,0.5,0.0,,999.0
392.92,0.5,0.0,,999.0
392.98,0.5,0.0,,999.0
393.05,0.5,0.0,,999.0
393.12,0.5,0.0,,999.0
393.18,0.5,0.0,,999.0
393.25,0.5,0.0,,999.0
393.32,0.5,0.0,,999.0
393.39,0.5,0.0,,999.0
393.46,0.5,0.0,,999.0
393.53,0.5,0.0,,999.0
393.59,0.5,0.0,,999.0
393.66,0.5,0.0,,999.0
393.72,0.5,0.0,,999.0
393.79,0.5,0.0,,999.0
393.86,0.5,0.0,,999.0
393.92,0.5,0.0,,999.0
393.99,0.5,0.0,,999.0
394.06,0.5,0.0,,999.0
394.12,0.5,0.0,,999.0
394.19,0.5,0.0,,999.0
394.26,0.5,0.0,,999.0
394.32,0.5,0.0,,999.0
394.39,0.5,0.0,,999.0
394.45,0.5,0.0,,999.0
394.52,0.5,0.0,,999.0
394.59,0.5,0.0,,999.0
394.66,0.5,0.0,,999.0
394.73,0.5,0.0,,999.0
394.8,0.5,0.0,,999.0
394.86,0.5,0.0,,999.0
394.93,0.5,0.0,,999.0
394.99,0.5,0.0,,999.0
395.06,0.5,0.0,,999.0
395.12,0.5,0.0,,999.0
395.19,0.5,0.0,,999.0
395.26,0.5,0.0,,999.0
395.32,0.5,0.0,,999.0
395.39,0.5,0.0,,999.0
395.46,0.5,0.0,,999.0
395.52,0.5,0.0,,999.0
395.59,0.5,0.0,,999.0
395.66,0.5,0.0,,999.0
395.72,0.5,0.0,,999.0
395.79,0.5,0.0,,999.0
395.85,0.5,0.0,,999.0
395.92,0.5,0.0,,999.0
395.99,0.5,0.0,,999.0
396.05,0.5,0.0,,999.0
396.12,0.5,0.0,,999.0
396.19,0.5,0.0,,999.0
396.25,0.5,0.0,,999.0
396.32,0.5,0.0,,999.0
396.39,0.5,0.0,,999.0
396.45,0.5,0.0,,999.0
396.52,0.5,0.0,,999.0
396.59,0.5,0.0,,999.0
396.65,0.5,0.0,,999.0
396.72,0.5,0.0,,999.0
396.79,0.5,0.0,,999.0
396.85,0.5,0.0,,999.0
396.92,0.5,0.0,,999.0
396.99,0.5,0.0,,999.0
397.05,0.5,0.0,,999.0
397.12,0.5,0.0,,999.0
397.19,0.5,0.0,,999.0
397.25,0.5,0.0,,999.0
397.32,0.5,0.0,,999.0
397.38,0.5,0.0,,999.0
397.45,0.5,0.0,,999.0
397.52,0.5,0.0,,999.0
397.59,0.5,0.0,,999.0
397.65,0.5,0.0,,999.0
397.72,0.5,0.0,,999.0
397.79,0.5,0.0,,999.0
397.85,0.5,0.0,,999.0
397.92,0.5,0.0,,999.0
397.99,0.5,0.0,,999.0
398.05,0.5,0.0,,999.0
398.12,0.5,0.0,,999.0
398.18,0.5,0.0,,999.0
398.25,0.5,0.0,,999.0
398.32,0.5,0.0,,999.0
398.38,0.5,0.0,,999.0
398.45,0.5,0.0,,999.0
398.52,0.5,0.0,,999.0
398.58,0.5,0.0,,999.0
398.65,0.5,0.0,,999.0
398.72,0.5,0.0,,999.0
398.78,0.5,0.0,,999.0
398.85,0.5,0.0,,999.0
398.92,0.5,0.0,,999.0
398.98,0.5,0.0,,999.0
399.05,0.5,0.0,,999.0
399.12,0.5,0.0,,999.0
399.18,0.5,0.0,,999.0
399.25,0.5,0.0,,999.0
399.32,0.5,0.0,,999.0
399.38,0.5,0.0,,999.0
399.45,0.5,0.0,,999.0
399.52,0.5,0.0,,999.0
399.58,0.5,0.0,,999.0
399.65,0.5,0.0,,999.0
399.72,0.5,0.0,,999.0
399.78,0.5,0.0,,999.0
399.85,0.5,0.0,,999.0
399.92,0.5,0.0,,999.0
399.98,0.5,0.0,,999.0
400.05,0.5,0.0,,999.0
400.12,0.5,0.0,,999.0
400.19,0.5,0.0,,999.0
400.25,0.5,0.0,,999.0
400.32,0.5,0.0,,999.0
400.39,0.5,0.0,,999.0
400.45,0.5,0.0,,999.0
400.52,0.5,0.0,,999.0
400.59,0.5,0.0,,999.0
400.66,0.5,0.0,,999.0
400.72,0.5,0.0,,999.0
400.79,0.5,0.0,,999.0
400.86,0.5,0.0,,999.0
400.92,0.5,0.0,,999.0
400.99,0.5,0.0,,999.0
401.06,0.5,0.0,,999.0
401.12,0.5,0.0,,999.0
401.19,0.5,0.0,,999.0
401.26,0.5,0.0,,999.0
401.33,0.5,0.0,,999.0
401.4,0.5,0.0,,999.0
401.46,0.5,0.0,,999.0
401.53,0.5,0.0,,999.0
401.6,0.5,0.0,,999.0
401.66,0.5,0.0,,999.0
401.73,0.5,0.0,,999.0
401.79,0.5,0.0,,999.0
401.86,0.5,0.0,,999.0
401.93,0.5,0.0,,999.0
401.99,0.5,0.0,,999.0
402.06,0.5,0.0,,999.0
402.13,0.5,0.0,,999.0
402.19,0.5,0.0,,999.0
402.26,0.5,0.0,,999.0
402.32,0.5,0.0,,999.0
402.39,0.5,0.0,,999.0
402.46,0.5,0.0,,999.0
402.52,0.5,0.0,,999.0
402.59,0.5,0.0,,999.0
402.66,0.5,0.0,,999.0
402.72,0.5,0.0,,999.0
402.79,0.5,0.0,,999.0
402.86,0.5,0.0,,999.0
402.92,0.5,0.0,,999.0
402.99,0.5,0.0,,999.0
403.05,0.5,0.0,,999.0
403.12,0.5,0.0,,999.0
403.19,0.5,0.0,,999.0
403.25,0.5,0.0,,999.0
403.32,0.5,0.0,,999.0
403.38,0.5,0.0,,999.0
403.45,0.5,0.0,,999.0
403.52,0.5,0.0,,999.0
403.59,0.5,0.0,,999.0
403.65,0.5,0.0,,999.0
403.72,0.5,0.0,,999.0
403.78,0.5,0.0,,999.0
403.85,0.5,0.0,,999.0
403.92,0.5,0.0,,999.0
403.98,0.5,0.0,,999.0
404.05,0.5,0.0,,999.0
404.12,0.5,0.0,,999.0
404.18,0.5,0.0,,999.0
404.25,0.5,0.0,,999.0
404.32,0.5,0.0,,999.0
404.38,0.5,0.0,,999.0
404.45,0.5,0.0,,999.0
404.52,0.5,0.0,,999.0
404.58,0.5,0.0,,999.0
404.65,0.5,0.0,,999.0
404.72,0.5,0.0,,999.0
404.78,0.5,0.0,,999.0
404.85,0.5,0.0,,999.0
404.92,0.5,0.0,,999.0
404.98,0.5,0.0,,999.0
405.05,0.5,0.0,,999.0
405.12,0.5,0.0,,999.0
405.18,0.5,0.0,,999.0
405.25,0.5,0.0,,999.0
405.32,0.5,0.0,,999.0
405.38,0.5,0.0,,999.0
405.45,0.5,0.0,,999.0
405.52,0.5,0.0,,999.0
405.58,0.5,0.0,,999.0
405.65,0.5,0.0,,999.0
405.72,0.5,0.0,,999.0
405.78,0.5,0.0,,999.0
405.85,0.5,0.0,,999.0
405.92,0.5,0.0,,999.0
405.98,0.5,0.0,,999.0
406.05,0.5,0.0,,999.0
406.12,0.5,0.0,,999.0
406.18,0.5,0.0,,999.0
406.25,0.5,0.0,,999.0
406.32,0.5,0.0,,999.0
406.38,0.5,0.0,,999.0
406.46,0.5,0.0,,999.0
406.52,0.5,0.0,,999.0
406.59,0.5,0.0,,999.0
406.66,0.5,0.0,,999.0
406.72,0.5,0.0,,999.0
406.79,0.5,0.0,,999.0
406.86,0.5,0.0,,999.0
406.93,0.5,0.0,,999.0
406.99,0.5,0.0,,999.0
407.06,0.5,0.0,,999.0
407.13,0.5,0.0,,999.0
407.19,0.5,0.0,,999.0
407.26,0.5,0.0,,999.0
407.33,0.5,0.0,,999.0
407.39,0.5,0.0,,999.0
407.46,0.5,0.0,,999.0
407.53,0.5,0.0,,999.0
407.6,0.5,0.0,,999.0
407.66,0.5,0.0,,999.0
407.73,0.5,0.0,,999.0
407.8,0.5,0.0,,999.0
407.87,0.5,0.0,,999.0
407.94,0.5,0.0,,999.0
408.01,0.5,0.0,,999.0
408.07,0.5,0.0,,999.0
408.14,0.5,0.0,,999.0
408.21,0.5,0.0,,999.0
408.27,0.5,0.0,,999.0
408.34,0.5,0.0,,999.0
408.4,0.5,0.0,,999.0
408.47,0.5,0.0,,999.0
408.54,0.5,0.0,,999.0
408.6,0.5,0.0,,999.0
408.67,0.5,0.0,,999.0
408.74,0.5,0.0,,999.0
408.8,0.5,0.0,,999.0
408.87,0.5,0.0,,999.0
408.93,0.5,0.0,,999.0
409.0,0.5,0.0,,999.0
409.07,0.5,0.0,,999.0
409.13,0.5,0.0,,999.0
409.2,0.5,0.0,,999.0
409.26,0.5,0.0,,999.0
409.33,0.5,0.0,,999.0
409.4,0.5,0.0,,999.0
409.46,0.5,0.0,,999.0
409.53,0.5,0.0,,999.0
409.6,0.5,0.0,,999.0
409.66,0.5,0.0,,999.0
409.73,0.5,0.0,,999.0
409.8,0.5,0.0,,999.0
409.86,0.5,0.0,,999.0
409.93,0.5,0.0,,999.0
410.0,0.5,0.0,,999.0
410.06,0.5,0.0,,999.0
410.13,0.5,0.0,,999.0
410.2,0.5,0.0,,999.0
410.26,0.5,0.0,,999.0
410.33,0.5,0.0,,999.0
410.39,0.5,0.0,,999.0
410.46,0.5,0.0,,999.0
410.53,0.5,0.0,,999.0
410.6,0.5,0.0,,999.0
410.66,0.5,0.0,,999.0
410.73,0.5,0.0,,999.0
410.79,0.5,0.0,,999.0
410.86,0.5,0.0,,999.0
410.93,0.5,0.0,,999.0
410.99,0.5,0.0,,999.0
411.06,0.5,0.0,,999.0
411.13,0.5,0.0,,999.0
411.19,0.5,0.0,,999.0
411.26,0.5,0.0,,999.0
411.33,0.5,0.0,,999.0
411.39,0.5,0.0,,999.0
411.46,0.5,0.0,,999.0
411.53,0.5,0.0,,999.0
411.6,0.5,0.0,,999.0
411.66,0.5,0.0,,999.0
411.73,0.5,0.0,,999.0
411.8,0.5,0.0,,999.0
411.86,0.5,0.0,,999.0
411.93,0.5,0.0,,999.0
412.0,0.5,0.0,,999.0
412.06,0.5,0.0,,999.0
412.13,0.5,0.0,,999.0
412.2,0.5,0.0,,999.0
412.26,0.5,0.0,,999.0
412.33,0.5,0.0,,999.0
412.4,0.5,0.0,,999.0
412.47,0.5,0.0,,999.0
412.53,0.5,0.0,,999.0
412.6,0.5,0.0,,999.0
412.67,0.5,0.0,,999.0
412.73,0.5,0.0,,999.0
412.8,0.5,0.0,,999.0
412.87,0.5,0.0,,999.0
412.93,0.5,0.0,,999.0
413.0,0.5,0.0,,999.0
413.06,0.5,0.0,,999.0
413.13,0.5,0.0,,999.0
413.2,0.5,0.0,,999.0
413.26,0.5,0.0,,999.0
413.33,0.5,0.0,,999.0
413.4,0.5,0.0,,999.0
413.47,0.5,0.0,,999.0
413.53,0.5,0.0,,999.0
413.6,0.5,0.0,,999.0
413.67,0.5,0.0,,999.0
413.74,0.5,0.0,,999.0
413.8,0.5,0.0,,999.0
413.87,0.5,0.0,,999.0
413.94,0.5,0.0,,999.0
414.0,0.5,0.0,,999.0
414.07,0.5,0.0,,999.0
414.14,0.5,0.0,,999.0
414.2,0.5,0.0,,999.0
414.27,0.5,0.0,,999.0
414.34,0.5,0.0,,999.0
414.41,0.5,0.0,,999.0
414.48,0.5,0.0,,999.0
414.55,0.5,0.0,,999.0
414.61,0.5,0.0,,999.0
414.68,0.5,0.0,,999.0
414.75,0.5,0.0,,999.0
414.81,0.5,0.0,,999.0
414.88,0.5,0.0,,999.0
414.94,0.5,0.0,,999.0
415.01,0.5,0.0,,999.0
415.08,0.5,0.0,,999.0
415.14,0.5,0.0,,999.0
415.21,0.5,0.0,,999.0
415.27,0.5,0.0,,999.0
415.34,0.5,0.0,,999.0
415.41,0.5,0.0,,999.0
415.47,0.5,0.0,,999.0
415.54,0.5,0.0,,999.0
415.61,0.5,0.0,,999.0
415.67,0.5,0.0,,999.0
415.74,0.5,0.0,,999.0
415.81,0.5,0.0,,999.0
415.87,0.5,0.0,,999.0
415.94,0.5,0.0,,999.0
416.0,0.5,0.0,,999.0
416.07,0.5,0.0,,999.0
416.14,0.5,0.0,,999.0
416.2,0.5,0.0,,999.0
416.27,0.5,0.0,,999.0
416.34,0.5,0.0,,999.0
416.4,0.5,0.0,,999.0
416.47,0.5,0.0,,999.0
416.54,0.5,0.0,,999.0
416.6,0.5,0.0,,999.0
416.67,0.5,0.0,,999.0
416.74,0.5,0.0,,999.0
416.8,0.5,0.0,,999.0
416.87,0.5,0.0,,999.0
416.93,0.5,0.0,,999.0
417.0,0.5,0.0,,999.0
417.07,0.5,0.0,,999.0
417.13,0.5,0.0,,999.0
417.2,0.5,0.0,,999.0
417.27,0.5,0.0,,999.0
417.34,0.5,0.0,,999.0
417.4,0.5,0.0,,999.0
417.47,0.5,0.0,,999.0
417.54,0.5,0.0,,999.0
417.6,0.5,0.0,,999.0
417.67,0.5,0.0,,999.0
417.73,0.5,0.0,,999.0
417.8,0.5,0.0,,999.0
417.87,0.5,0.0,,999.0
417.93,0.5,0.0,,999.0
418.0,0.5,0.0,,999.0
418.07,0.5,0.0,,999.0
418.13,0.5,0.0,,999.0
418.2,0.5,0.0,,999.0
418.27,0.5,0.0,,999.0
418.34,0.5,0.0,,999.0
418.4,0.5,0.0,,999.0
418.47,0.5,0.0,,999.0
418.54,0.5,0.0,,999.0
418.6,0.5,0.0,,999.0
418.67,0.5,0.0,,999.0
418.74,0.5,0.0,,999.0
418.8,0.5,0.0,,999.0
418.87,0.5,0.0,,999.0
418.94,0.5,0.0,,999.0
419.0,0.5,0.0,,999.0
419.07,0.5,0.0,,999.0
419.14,0.5,0.0,,999.0
419.2,0.5,0.0,,999.0
419.27,0.5,0.0,,999.0
419.34,0.5,0.0,,999.0
419.4,0.5,0.0,,999.0
419.47,0.5,0.0,,999.0
419.54,0.5,0.0,,999.0
419.6,0.5,0.0,,999.0
419.67,0.5,0.0,,999.0
419.74,0.5,0.0,,999.0
419.81,0.5,0.0,,999.0
419.87,0.5,0.0,,999.0
419.94,0.5,0.0,,999.0
420.01,0.5,0.0,,999.0
420.07,0.5,0.0,,999.0
420.14,0.5,0.0,,999.0
420.21,0.5,0.0,,999.0
420.28,0.5,0.0,,999.0
420.34,0.5,0.0,,999.0
420.41,0.5,0.0,,999.0
420.48,0.5,0.0,,999.0
420.54,0.5,0.0,,999.0
420.61,0.5,0.0,,999.0
420.68,0.5,0.0,,999.0
420.74,0.5,0.0,,999.0
420.81,0.5,0.0,,999.0
420.88,0.5,0.0,,999.0
420.94,0.5,0.0,,999.0
421.01,0.5,0.0,,999.0
421.09,0.5,0.0,,999.0
421.15,0.5,0.0,,999.0
421.22,0.5,0.0,,999.0
421.28,0.5,0.0,,999.0
421.35,0.5,0.0,,999.0
421.42,0.5,0.0,,999.0
421.48,0.5,0.0,,999.0
421.55,0.5,0.0,,999.0
421.61,0.5,0.0,,999.0
421.68,0.5,0.0,,999.0
421.75,0.5,0.0,,999.0
421.81,0.5,0.0,,999.0
421.88,0.5,0.0,,999.0
421.95,0.5,0.0,,999.0
422.01,0.5,0.0,,999.0
422.08,0.5,0.0,,999.0
422.15,0.5,0.0,,999.0
422.21,0.5,0.0,,999.0
422.28,0.5,0.0,,999.0
422.35,0.5,0.0,,999.0
422.41,0.5,0.0,,999.0
422.48,0.5,0.0,,999.0
422.54,0.5,0.0,,999.0
422.61,0.5,0.0,,999.0
422.68,0.5,0.0,,999.0
422.74,0.5,0.0,,999.0
422.81,0.5,0.0,,999.0
422.88,0.5,0.0,,999.0
422.94,0.5,0.0,,999.0
423.01,0.5,0.0,,999.0
423.08,0.5,0.0,,999.0
423.14,0.5,0.0,,999.0
423.21,0.5,0.0,,999.0
423.28,0.5,0.0,,999.0
423.34,0.5,0.0,,999.0
423.41,0.5,0.0,,999.0
423.47,0.5,0.0,,999.0
423.54,0.5,0.0,,999.0
423.61,0.5,0.0,,999.0
423.67,0.5,0.0,,999.0
423.74,0.5,0.0,,999.0
423.81,0.5,0.0,,999.0
423.87,0.5,0.0,,999.0
423.94,0.5,0.0,,999.0
424.01,0.5,0.0,,999.0
424.07,0.5,0.0,,999.0
424.14,0.5,0.0,,999.0
424.21,0.5,0.0,,999.0
424.28,0.5,0.0,,999.0
424.34,0.5,0.0,,999.0
424.41,0.5,0.0,,999.0
424.48,0.5,0.0,,999.0
424.54,0.5,0.0,,999.0
424.61,0.5,0.0,,999.0
424.68,0.5,0.0,,999.0
424.74,0.5,0.0,,999.0
424.81,0.5,0.0,,999.0
424.87,0.5,0.0,,999.0
424.94,0.5,0.0,,999.0
425.01,0.5,0.0,,999.0
425.08,0.5,0.0,,999.0
425.14,0.5,0.0,,999.0
425.21,0.5,0.0,,999.0
425.28,0.5,0.0,,999.0
425.34,0.5,0.0,,999.0
425.41,0.5,0.0,,999.0
425.48,0.5,0.0,,999.0
425.54,0.5,0.0,,999.0
425.61,0.5,0.0,,999.0
425.68,0.5,0.0,,999.0
425.74,0.5,0.0,,999.0
425.81,0.5,0.0,,999.0
425.88,0.5,0.0,,999.0
425.95,0.5,0.0,,999.0
426.01,0.5,0.0,,999.0
426.08,0.5,0.0,,999.0
426.15,0.5,0.0,,999.0
426.21,0.5,0.0,,999.0
426.28,0.5,0.0,,999.0
426.35,0.5,0.0,,999.0
426.41,0.5,0.0,,999.0
426.48,0.5,0.0,,999.0
426.55,0.5,0.0,,999.0
426.62,0.5,0.0,,999.0
426.68,0.5,0.0,,999.0
426.75,0.5,0.0,,999.0
426.82,0.5,0.0,,999.0
426.88,0.5,0.0,,999.0
426.95,0.5,0.0,,999.0
427.02,0.5,0.0,,999.0
427.09,0.5,0.0,,999.0
427.15,0.5,0.0,,999.0
427.22,0.5,0.0,,999.0
427.29,0.5,0.0,,999.0
427.35,0.5,0.0,,999.0
427.42,0.5,0.0,,999.0
427.49,0.5,0.0,,999.0
427.56,0.5,0.0,,999.0
427.62,0.5,0.0,,999.0
427.7,0.5,0.0,,999.0
427.76,0.5,0.0,,999.0
427.83,0.5,0.0,,999.0
427.9,0.5,0.0,,999.0
427.96,0.5,0.0,,999.0
428.03,0.5,0.0,,999.0
428.09,0.5,0.0,,999.0
428.16,0.5,0.0,,999.0
428.23,0.5,0.0,,999.0
428.29,0.5,0.0,,999.0
428.36,0.5,0.0,,999.0
428.42,0.5,0.0,,999.0
428.49,0.5,0.0,,999.0
428.56,0.5,0.0,,999.0
428.62,0.5,0.0,,999.0
428.69,0.5,0.0,,999.0
428.76,0.5,0.0,,999.0
428.82,0.5,0.0,,999.0
428.89,0.5,0.0,,999.0
428.96,0.5,0.0,,999.0
429.02,0.5,0.0,,999.0
429.09,0.5,0.0,,999.0
429.15,0.5,0.0,,999.0
429.22,0.5,0.0,,999.0
429.29,0.5,0.0,,999.0
429.35,0.5,0.0,,999.0
429.42,0.5,0.0,,999.0
429.49,0.5,0.0,,999.0
429.55,0.5,0.0,,999.0
429.62,0.5,0.0,,999.0
429.69,0.5,0.0,,999.0
429.75,0.5,0.0,,999.0
429.82,0.5,0.0,,999.0
429.89,0.5,0.0,,999.0
429.95,0.5,0.0,,999.0
430.02,0.5,0.0,,999.0
430.09,0.5,0.0,,999.0
430.15,0.5,0.0,,999.0
430.22,0.5,0.0,,999.0
430.29,0.5,0.0,,999.0
430.35,0.5,0.0,,999.0
430.42,0.5,0.0,,999.0
430.49,0.5,0.0,,999.0
430.55,0.5,0.0,,999.0
430.62,0.5,0.0,,999.0
430.69,0.5,0.0,,999.0
430.76,0.5,0.0,,999.0
430.83,0.5,0.0,,999.0
430.9,0.5,0.0,,999.0
430.96,0.5,0.0,,999.0
431.03,0.5,0.0,,999.0
431.1,0.5,0.0,,999.0
431.16,0.5,0.0,,999.0
431.23,0.5,0.0,,999.0
431.3,0.5,0.0,,999.0
431.36,0.5,0.0,,999.0
431.43,0.5,0.0,,999.0
431.5,0.5,0.0,,999.0
431.56,0.5,0.0,,999.0
431.63,0.5,0.0,,999.0
431.7,0.5,0.0,,999.0
431.76,0.5,0.0,,999.0
431.83,0.5,0.0,,999.0
431.9,0.5,0.0,,999.0
431.96,0.5,0.0,,999.0
432.03,0.5,0.0,,999.0
432.1,0.5,0.0,,999.0
432.16,0.5,0.0,,999.0
432.23,0.5,0.0,,999.0
432.3,0.5,0.0,,999.0
432.36,0.5,0.0,,999.0
432.43,0.5,0.0,,999.0
432.5,0.5,0.0,,999.0
432.56,0.5,0.0,,999.0
432.63,0.5,0.0,,999.0
432.7,0.5,0.0,,999.0
432.77,0.5,0.0,,999.0
432.83,0.5,0.0,,999.0
432.9,0.5,0.0,,999.0
432.97,0.5,0.0,,999.0
433.03,0.5,0.0,,999.0
433.1,0.5,0.0,,999.0
433.17,0.5,0.0,,999.0
433.23,0.5,0.0,,999.0
433.3,0.5,0.0,,999.0
433.37,0.5,0.0,,999.0
433.44,0.5,0.0,,999.0
433.5,0.5,0.0,,999.0
433.57,0.5,0.0,,999.0
433.64,0.5,0.0,,999.0
433.7,0.5,0.0,,999.0
433.77,0.5,0.0,,999.0
433.84,0.5,0.0,,999.0
433.9,0.5,0.0,,999.0
433.97,0.5,0.0,,999.0
434.04,0.5,0.0,,999.0
434.11,0.5,0.0,,999.0
434.17,0.5,0.0,,999.0
434.24,0.5,0.0,,999.0
434.31,0.5,0.0,,999.0
434.38,0.5,0.0,,999.0
434.45,0.5,0.0,,999.0
434.51,0.5,0.0,,999.0
434.58,0.5,0.0,,999.0
434.65,0.5,0.0,,999.0
434.71,0.5,0.0,,999.0
434.78,0.5,0.0,,999.0
434.84,0.5,0.0,,999.0
434.91,0.5,0.0,,999.0
434.98,0.5,0.0,,999.0
435.04,0.5,0.0,,999.0
435.11,0.5,0.0,,999.0
435.17,0.5,0.0,,999.0
435.24,0.5,0.0,,999.0
435.31,0.5,0.0,,999.0
435.38,0.5,0.0,,999.0
435.44,0.5,0.0,,999.0
435.51,0.5,0.0,,999.0
435.58,0.5,0.0,,999.0
435.64,0.5,0.0,,999.0
435.72,0.5,0.0,,999.0
435.78,0.5,0.0,,999.0
435.85,0.5,0.0,,999.0
435.92,0.5,0.0,,999.0
435.98,0.5,0.0,,999.0
436.05,0.5,0.0,,999.0
436.11,0.5,0.0,,999.0
436.18,0.5,0.0,,999.0
436.25,0.5,0.0,,999.0
436.31,0.5,0.0,,999.0
436.38,0.5,0.0,,999.0
436.45,0.5,0.0,,999.0
436.51,0.5,0.0,,999.0
436.58,0.5,0.0,,999.0
436.65,0.5,0.0,,999.0
436.71,0.5,0.0,,999.0
436.78,0.5,0.0,,999.0
436.85,0.5,0.0,,999.0
436.91,0.5,0.0,,999.0
436.98,0.5,0.0,,999.0
437.04,0.5,0.0,,999.0
437.11,0.5,0.0,,999.0
437.18,0.5,0.0,,999.0
437.24,0.5,0.0,,999.0
437.31,0.5,0.0,,999.0
437.38,0.5,0.0,,999.0
437.44,0.5,0.0,,999.0
437.51,0.5,0.0,,999.0
437.58,0.5,0.0,,999.0
437.64,0.5,0.0,,999.0
437.71,0.5,0.0,,999.0
437.78,0.5,0.0,,999.0
437.84,0.5,0.0,,999.0
437.91,0.5,0.0,,999.0
437.97,0.5,0.0,,999.0
438.04,0.5,0.0,,999.0
438.11,0.5,0.0,,999.0
438.17,0.5,0.0,,999.0
438.24,0.5,0.0,,999.0
438.31,0.5,0.0,,999.0
438.37,0.5,0.0,,999.0
438.44,0.5,0.0,,999.0
438.51,0.5,0.0,,999.0
438.57,0.5,0.0,,999.0
438.64,0.5,0.0,,999.0
438.71,0.5,0.0,,999.0
438.77,0.5,0.0,,999.0
438.84,0.5,0.0,,999.0
438.91,0.5,0.0,,999.0
438.97,0.5,0.0,,999.0
439.04,0.5,0.0,,999.0
439.11,0.5,0.0,,999.0
439.17,0.5,0.0,,999.0
439.24,0.5,0.0,,999.0
439.31,0.5,0.0,,999.0
439.38,0.5,0.0,,999.0
439.44,0.5,0.0,,999.0
439.51,0.5,0.0,,999.0
439.58,0.5,0.0,,999.0
439.64,0.5,0.0,,999.0
439.71,0.5,0.0,,999.0
439.78,0.5,0.0,,999.0
439.84,0.5,0.0,,999.0
439.91,0.5,0.0,,999.0
439.98,0.5,0.0,,999.0
440.04,0.5,0.0,,999.0
440.11,0.5,0.0,,999.0
440.18,0.5,0.0,,999.0
440.24,0.5,0.0,,999.0
440.31,0.5,0.0,,999.0
440.38,0.5,0.0,,999.0
440.44,0.5,0.0,,999.0
440.51,0.5,0.0,,999.0
440.58,0.5,0.0,,999.0
440.64,0.5,0.0,,999.0
440.71,0.5,0.0,,999.0
440.78,0.5,0.0,,999.0
440.84,0.5,0.0,,999.0
440.91,0.5,0.0,,999.0
440.98,0.5,0.0,,999.0
441.04,0.5,0.0,,999.0
441.11,0.5,0.0,,999.0
441.18,0.5,0.0,,999.0
441.25,0.5,0.0,,999.0
441.31,0.5,0.0,,999.0
441.38,0.5,0.0,,999.0
441.45,0.5,0.0,,999.0
441.51,0.5,0.0,,999.0
441.58,0.5,0.0,,999.0
441.65,0.5,0.0,,999.0
441.71,0.5,0.0,,999.0
441.78,0.5,0.0,,999.0
441.85,0.5,0.0,,999.0
441.91,0.5,0.0,,999.0
441.98,0.5,0.0,,999.0
442.05,0.5,0.0,,999.0
442.12,0.5,0.0,,999.0
442.18,0.5,0.0,,999.0
442.25,0.5,0.0,,999.0
442.32,0.5,0.0,,999.0
442.39,0.5,0.0,,999.0
442.46,0.5,0.0,,999.0
442.52,0.5,0.0,,999.0
442.59,0.5,0.0,,999.0
442.66,0.5,0.0,,999.0
442.72,0.5,0.0,,999.0
442.79,0.5,0.0,,999.0
442.86,0.5,0.0,,999.0
442.92,0.5,0.0,,999.0
442.99,0.5,0.0,,999.0
443.05,0.5,0.0,,999.0
443.12,0.5,0.0,,999.0
443.19,0.5,0.0,,999.0
443.25,0.5,0.0,,999.0
443.32,0.5,0.0,,999.0
443.39,0.5,0.0,,999.0
443.45,0.5,0.0,,999.0
443.52,0.5,0.0,,999.0
443.59,0.5,0.0,,999.0
443.65,0.5,0.0,,999.0
443.72,0.5,0.0,,999.0
443.79,0.5,0.0,,999.0
443.85,0.5,0.0,,999.0
443.92,0.5,0.0,,999.0
443.98,0.5,0.0,,999.0
444.05,0.5,0.0,,999.0
444.12,0.5,0.0,,999.0
444.18,0.5,0.0,,999.0
444.25,0.5,0.0,,999.0
444.32,0.5,0.0,,999.0
444.38,0.5,0.0,,999.0
444.45,0.5,0.0,,999.0
444.52,0.5,0.0,,999.0
444.58,0.5,0.0,,999.0
444.65,0.5,0.0,,999.0
444.72,0.5,0.0,,999.0
444.78,0.5,0.0,,999.0
444.85,0.5,0.0,,999.0
444.92,0.5,0.0,,999.0
444.98,0.5,0.0,,999.0
445.05,0.5,0.0,,999.0
445.12,0.5,0.0,,999.0
445.18,0.5,0.0,,999.0
445.25,0.5,0.0,,999.0
445.32,0.5,0.0,,999.0
445.38,0.5,0.0,,999.0
445.45,0.5,0.0,,999.0
445.52,0.5,0.0,,999.0
445.58,0.5,0.0,,999.0
445.65,0.5,0.0,,999.0
445.71,0.5,0.0,,999.0
445.78,0.5,0.0,,999.0
445.85,0.5,0.0,,999.0
445.91,0.5,0.0,,999.0
445.98,0.5,0.0,,999.0
446.05,0.5,0.0,,999.0
446.11,0.5,0.0,,999.0
446.18,0.5,0.0,,999.0
446.25,0.5,0.0,,999.0
446.31,0.5,0.0,,999.0
446.38,0.5,0.0,,999.0
446.45,0.5,0.0,,999.0
446.52,0.5,0.0,,999.0
446.58,0.5,0.0,,999.0
446.65,0.5,0.0,,999.0
446.72,0.5,0.0,,999.0
446.78,0.5,0.0,,999.0
446.85,0.5,0.0,,999.0
446.92,0.5,0.0,,999.0
446.98,0.5,0.0,,999.0
447.05,0.5,0.0,,999.0
447.12,0.5,0.0,,999.0
447.18,0.5,0.0,,999.0
447.25,0.5,0.0,,999.0
447.32,0.5,0.0,,999.0
447.39,0.5,0.0,,999.0
447.45,0.5,0.0,,999.0
447.52,0.5,0.0,,999.0
447.59,0.5,0.0,,999.0
447.65,0.5,0.0,,999.0
447.72,0.5,0.0,,999.0
447.79,0.5,0.0,,999.0
447.85,0.5,0.0,,999.0
447.92,0.5,0.0,,999.0
447.99,0.5,0.0,,999.0
448.05,0.5,0.0,,999.0
448.12,0.5,0.0,,999.0
448.19,0.5,0.0,,999.0
448.25,0.5,0.0,,999.0
448.32,0.5,0.0,,999.0
448.39,0.5,0.0,,999.0
448.45,0.5,0.0,,999.0
448.52,0.5,0.0,,999.0
448.59,0.5,0.0,,999.0
448.65,0.5,0.0,,999.0
448.72,0.5,0.0,,999.0
448.79,0.5,0.0,,999.0
448.87,0.5,0.0,,999.0
448.93,0.5,0.0,,999.0
449.0,0.5,0.0,,999.0
449.06,0.5,0.0,,999.0
449.13,0.5,0.0,,999.0
449.2,0.5,0.0,,999.0
449.26,0.5,0.0,,999.0
449.33,0.5,0.0,,999.0
449.4,0.5,0.0,,999.0
449.46,0.5,0.0,,999.0
449.53,0.5,0.0,,999.0
449.59,0.5,0.0,,999.0
449.66,0.5,0.0,,999.0
449.73,0.5,0.0,,999.0
449.79,0.5,0.0,,999.0
449.86,0.5,0.0,,999.0
449.92,0.5,0.0,,999.0
449.99,0.5,0.0,,999.0
450.06,0.5,0.0,,999.0
450.12,0.5,0.0,,999.0
450.19,0.5,0.0,,999.0
450.26,0.5,0.0,,999.0
450.32,0.5,0.0,,999.0
450.39,0.5,0.0,,999.0
450.46,0.5,0.0,,999.0
450.52,0.5,0.0,,999.0
450.59,0.5,0.0,,999.0
450.66,0.5,0.0,,999.0
450.72,0.5,0.0,,999.0
450.79,0.5,0.0,,999.0
450.86,0.5,0.0,,999.0
450.92,0.5,0.0,,999.0
450.99,0.5,0.0,,999.0
451.06,0.5,0.0,,999.0
451.12,0.5,0.0,,999.0
451.19,0.5,0.0,,999.0
451.25,0.5,0.0,,999.0
451.32,0.5,0.0,,999.0
451.39,0.5,0.0,,999.0
451.45,0.5,0.0,,999.0
451.52,0.5,0.0,,999.0
451.59,0.5,0.0,,999.0
451.65,0.5,0.0,,999.0
451.72,0.5,0.0,,999.0
451.79,0.5,0.0,,999.0
451.85,0.5,0.0,,999.0
451.92,0.5,0.0,,999.0
451.99,0.5,0.0,,999.0
452.05,0.5,0.0,,999.0
452.12,0.5,0.0,,999.0
452.19,0.5,0.0,,999.0
452.25,0.5,0.0,,999.0
452.32,0.5,0.0,,999.0
452.39,0.5,0.0,,999.0
452.45,0.5,0.0,,999.0
452.52,0.5,0.0,,999.0
452.59,0.5,0.0,,999.0
452.65,0.5,0.0,,999.0
452.72,0.5,0.0,,999.0
452.79,0.5,0.0,,999.0
452.85,0.5,0.0,,999.0
452.92,0.5,0.0,,999.0
452.99,0.5,0.0,,999.0
453.05,0.5,0.0,,999.0
453.12,0.5,0.0,,999.0
453.19,0.5,0.0,,999.0
453.25,0.5,0.0,,999.0
453.32,0.5,0.0,,999.0
453.39,0.5,0.0,,999.0
453.45,0.5,0.0,,999.0
453.52,0.5,0.0,,999.0
453.59,0.5,0.0,,999.0
453.65,0.5,0.0,,999.0
453.72,0.5,0.0,,999.0
453.79,0.5,0.0,,999.0
453.85,0.5,0.0,,999.0
453.92,0.5,0.0,,999.0
453.99,0.5,0.0,,999.0
454.06,0.5,0.0,,999.0
454.12,0.5,0.0,,999.0
454.19,0.5,0.0,,999.0
454.26,0.5,0.0,,999.0
454.32,0.5,0.0,,999.0
454.39,0.5,0.0,,999.0
454.46,0.5,0.0,,999.0
454.53,0.5,0.0,,999.0
454.59,0.5,0.0,,999.0
454.66,0.5,0.0,,999.0
454.73,0.5,0.0,,999.0
454.79,0.5,0.0,,999.0
454.86,0.5,0.0,,999.0
454.93,0.5,0.0,,999.0
454.99,0.5,0.0,,999.0
455.06,0.5,0.0,,999.0
455.13,0.5,0.0,,999.0
455.2,0.5,0.0,,999.0
455.26,0.5,0.0,,999.0
455.33,0.5,0.0,,999.0
455.4,0.5,0.0,,999.0
455.47,0.5,0.0,,999.0
455.54,0.5,0.0,,999.0
455.61,0.5,0.0,,999.0
455.67,0.5,0.0,,999.0
455.74,0.5,0.0,,999.0
455.8,0.5,0.0,,999.0
455.87,0.5,0.0,,999.0
455.94,0.5,0.0,,999.0
456.0,0.5,0.0,,999.0
456.07,0.5,0.0,,999.0
456.14,0.5,0.0,,999.0
456.2,0.5,0.0,,999.0
456.27,0.5,0.0,,999.0
456.33,0.5,0.0,,999.0
456.4,0.5,0.0,,999.0
456.47,0.5,0.0,,999.0
456.54,0.5,0.0,,999.0
456.6,0.5,0.0,,999.0
456.67,0.5,0.0,,999.0
456.73,0.5,0.0,,999.0
456.8,0.5,0.0,,999.0
456.87,0.5,0.0,,999.0
456.93,0.5,0.0,,999.0
457.0,0.5,0.0,,999.0
457.07,0.5,0.0,,999.0
457.13,0.5,0.0,,999.0
457.2,0.5,0.0,,999.0
457.26,0.5,0.0,,999.0
457.33,0.5,0.0,,999.0
457.4,0.5,0.0,,999.0
457.46,0.5,0.0,,999.0
457.53,0.5,0.0,,999.0
457.6,0.5,0.0,,999.0
457.66,0.5,0.0,,999.0
457.73,0.5,0.0,,999.0
457.8,0.5,0.0,,999.0
457.86,0.5,0.0,,999.0
457.93,0.5,0.0,,999.0
458.0,0.5,0.0,,999.0
458.06,0.5,0.0,,999.0
458.13,0.5,0.0,,999.0
458.19,0.5,0.0,,999.0
458.26,0.5,0.0,,999.0
458.33,0.5,0.0,,999.0
458.4,0.5,0.0,,999.0
458.46,0.5,0.0,,999.0
458.53,0.5,0.0,,999.0
458.6,0.5,0.0,,999.0
458.66,0.5,0.0,,999.0
458.73,0.5,0.0,,999.0
458.79,0.5,0.0,,999.0
458.86,0.5,0.0,,999.0
458.93,0.5,0.0,,999.0
459.0,0.5,0.0,,999.0
459.06,0.5,0.0,,999.0
459.13,0.5,0.0,,999.0
459.2,0.5,0.0,,999.0
459.26,0.5,0.0,,999.0
459.33,0.5,0.0,,999.0
459.4,0.5,0.0,,999.0
459.47,0.5,0.0,,999.0
459.53,0.5,0.0,,999.0
459.6,0.5,0.0,,999.0
459.67,0.5,0.0,,999.0
459.73,0.5,0.0,,999.0
459.8,0.5,0.0,,999.0
459.87,0.5,0.0,,999.0
459.93,0.5,0.0,,999.0
460.0,0.5,0.0,,999.0
460.07,0.5,0.0,,999.0
460.13,0.5,0.0,,999.0
460.2,0.5,0.0,,999.0
460.27,0.5,0.0,,999.0
460.33,0.5,0.0,,999.0
460.4,0.5,0.0,,999.0
460.47,0.5,0.0,,999.0
460.54,0.5,0.0,,999.0
460.6,0.5,0.0,,999.0
460.67,0.5,0.0,,999.0
460.74,0.5,0.0,,999.0
460.81,0.5,0.0,,999.0
460.87,0.5,0.0,,999.0
460.94,0.5,0.0,,999.0
461.01,0.5,0.0,,999.0
461.07,0.5,0.0,,999.0
461.14,0.5,0.0,,999.0
461.21,0.5,0.0,,999.0
461.27,0.5,0.0,,999.0
461.34,0.5,0.0,,999.0
461.41,0.5,0.0,,999.0
461.48,0.5,0.0,,999.0
461.55,0.5,0.0,,999.0
461.61,0.5,0.0,,999.0
461.68,0.5,0.0,,999.0
461.75,0.5,0.0,,999.0
461.81,0.5,0.0,,999.0
461.88,0.5,0.0,,999.0
461.95,0.5,0.0,,999.0
462.01,0.5,0.0,,999.0
462.09,0.5,0.0,,999.0
462.16,0.5,0.0,,999.0
462.22,0.5,0.0,,999.0
462.29,0.5,0.0,,999.0
462.35,0.5,0.0,,999.0
462.42,0.5,0.0,,999.0
462.49,0.5,0.0,,999.0
462.55,0.5,0.0,,999.0
462.62,0.5,0.0,,999.0
462.69,0.5,0.0,,999.0
462.75,0.5,0.0,,999.0
462.82,0.5,0.0,,999.0
462.89,0.5,0.0,,999.0
462.95,0.5,0.0,,999.0
463.02,0.5,0.0,,999.0
463.08,0.5,0.0,,999.0
463.15,0.5,0.0,,999.0
463.22,0.5,0.0,,999.0
463.28,0.5,0.0,,999.0
463.35,0.5,0.0,,999.0
463.42,0.5,0.0,,999.0
463.48,0.5,0.0,,999.0
463.55,0.5,0.0,,999.0
463.62,0.5,0.0,,999.0
463.68,0.5,0.0,,999.0
463.75,0.5,0.0,,999.0
463.81,0.5,0.0,,999.0
463.88,0.5,0.0,,999.0
463.95,0.5,0.0,,999.0
464.01,0.5,0.0,,999.0
464.08,0.5,0.0,,999.0
464.15,0.5,0.0,,999.0
464.21,0.5,0.0,,999.0
464.28,0.5,0.0,,999.0
464.35,0.5,0.0,,999.0
464.41,0.5,0.0,,999.0
464.48,0.5,0.0,,999.0
464.55,0.5,0.0,,999.0
464.61,0.5,0.0,,999.0
464.68,0.5,0.0,,999.0
464.75,0.5,0.0,,999.0
464.81,0.5,0.0,,999.0
464.88,0.5,0.0,,999.0
464.94,0.5,0.0,,999.0
465.01,0.5,0.0,,999.0
465.08,0.5,0.0,,999.0
465.14,0.5,0.0,,999.0
465.21,0.5,0.0,,999.0
465.28,0.5,0.0,,999.0
465.34,0.5,0.0,,999.0
465.41,0.5,0.0,,999.0
465.48,0.5,0.0,,999.0
465.54,0.5,0.0,,999.0
465.61,0.5,0.0,,999.0
465.68,0.5,0.0,,999.0
465.74,0.5,0.0,,999.0
465.81,0.5,0.0,,999.0
465.88,0.5,0.0,,999.0
465.95,0.5,0.0,,999.0
466.01,0.5,0.0,,999.0
466.08,0.5,0.0,,999.0
466.15,0.5,0.0,,999.0
466.21,0.5,0.0,,999.0
466.28,0.5,0.0,,999.0
466.35,0.5,0.0,,999.0
466.41,0.5,0.0,,999.0
466.48,0.5,0.0,,999.0
466.55,0.5,0.0,,999.0
466.62,0.5,0.0,,999.0
466.68,0.5,0.0,,999.0
466.75,0.5,0.0,,999.0
466.82,0.5,0.0,,999.0
466.88,0.5,0.0,,999.0
466.95,0.5,0.0,,999.0
467.02,0.5,0.0,,999.0
467.09,0.5,0.0,,999.0
467.15,0.5,0.0,,999.0
467.22,0.5,0.0,,999.0
467.29,0.5,0.0,,999.0
467.36,0.5,0.0,,999.0
467.42,0.5,0.0,,999.0
467.49,0.5,0.0,,999.0
467.56,0.5,0.0,,999.0
467.62,0.5,0.0,,999.0
467.69,0.5,0.0,,999.0
467.76,0.5,0.0,,999.0
467.82,0.5,0.0,,999.0
467.89,0.5,0.0,,999.0
467.96,0.5,0.0,,999.0
468.02,0.5,0.0,,999.0
468.09,0.5,0.0,,999.0
468.16,0.5,0.0,,999.0
468.23,0.5,0.0,,999.0
468.29,0.5,0.0,,999.0
468.36,0.5,0.0,,999.0
468.43,0.5,0.0,,999.0
468.49,0.5,0.0,,999.0
468.56,0.5,0.0,,999.0
468.63,0.5,0.0,,999.0
468.7,0.5,0.0,,999.0
468.77,0.5,0.0,,999.0
468.84,0.5,0.0,,999.0
468.9,0.5,0.0,,999.0
468.97,0.5,0.0,,999.0
469.04,0.5,0.0,,999.0
469.1,0.5,0.0,,999.0
469.17,0.5,0.0,,999.0
469.24,0.5,0.0,,999.0
469.3,0.5,0.0,,999.0
469.37,0.5,0.0,,999.0
469.43,0.5,0.0,,999.0
469.5,0.5,0.0,,999.0
469.57,0.5,0.0,,999.0
469.63,0.5,0.0,,999.0
469.7,0.5,0.0,,999.0
469.77,0.5,0.0,,999.0
469.83,0.5,0.0,,999.0
469.9,0.5,0.0,,999.0
469.97,0.5,0.0,,999.0
470.03,0.5,0.0,,999.0
470.1,0.5,0.0,,999.0
470.17,0.5,0.0,,999.0
470.23,0.5,0.0,,999.0
470.3,0.5,0.0,,999.0
470.37,0.5,0.0,,999.0
470.43,0.5,0.0,,999.0
470.5,0.5,0.0,,999.0
470.57,0.5,0.0,,999.0
470.63,0.5,0.0,,999.0
470.7,0.5,0.0,,999.0
470.77,0.5,0.0,,999.0
470.83,0.5,0.0,,999.0
470.9,0.5,0.0,,999.0
470.97,0.5,0.0,,999.0
471.03,0.5,0.0,,999.0
471.1,0.5,0.0,,999.0
471.17,0.5,0.0,,999.0
471.23,0.5,0.0,,999.0
471.3,0.5,0.0,,999.0
471.37,0.5,0.0,,999.0
471.43,0.5,0.0,,999.0
471.5,0.5,0.0,,999.0
471.56,0.5,0.0,,999.0
471.63,0.5,0.0,,999.0
471.7,0.5,0.0,,999.0
471.76,0.5,0.0,,999.0
471.83,0.5,0.0,,999.0
471.9,0.5,0.0,,999.0
471.96,0.5,0.0,,999.0
472.03,0.5,0.0,,999.0
472.1,0.5,0.0,,999.0
472.16,0.5,0.0,,999.0
472.23,0.5,0.0,,999.0
472.3,0.5,0.0,,999.0
472.36,0.5,0.0,,999.0
472.43,0.5,0.0,,999.0
472.5,0.5,0.0,,999.0
472.56,0.5,0.0,,999.0
472.63,0.5,0.0,,999.0
472.7,0.5,0.0,,999.0
472.76,0.5,0.0,,999.0
472.83,0.5,0.0,,999.0
472.9,0.5,0.0,,999.0
472.96,0.5,0.0,,999.0
473.03,0.5,0.0,,999.0
473.1,0.5,0.0,,999.0
473.17,0.5,0.0,,999.0
473.23,0.5,0.0,,999.0
473.3,0.5,0.0,,999.0
473.37,0.5,0.0,,999.0
473.43,0.5,0.0,,999.0
473.5,0.5,0.0,,999.0
473.57,0.5,0.0,,999.0
473.63,0.5,0.0,,999.0
473.7,0.5,0.0,,999.0
473.77,0.5,0.0,,999.0
473.84,0.5,0.0,,999.0
473.9,0.5,0.0,,999.0
473.97,0.5,0.0,,999.0
474.04,0.5,0.0,,999.0
474.1,0.5,0.0,,999.0
474.17,0.5,0.0,,999.0
474.24,0.5,0.0,,999.0
474.3,0.5,0.0,,999.0
474.37,0.5,0.0,,999.0
474.44,0.5,0.0,,999.0
474.5,0.5,0.0,,999.0
474.57,0.5,0.0,,999.0
474.64,0.5,0.0,,999.0
474.71,0.5,0.0,,999.0
474.77,0.5,0.0,,999.0
474.84,0.5,0.0,,999.0
474.91,0.5,0.0,,999.0
474.98,0.5,0.0,,999.0
475.04,0.5,0.0,,999.0
475.11,0.5,0.0,,999.0
475.18,0.5,0.0,,999.0
475.25,0.5,0.0,,999.0
475.32,0.5,0.0,,999.0
475.39,0.5,0.0,,999.0
475.45,0.5,0.0,,999.0
475.52,0.5,0.0,,999.0
475.58,0.5,0.0,,999.0
475.65,0.5,0.0,,999.0
475.72,0.5,0.0,,999.0
475.78,0.5,0.0,,999.0
475.85,0.5,0.0,,999.0
475.92,0.5,0.0,,999.0
475.98,0.5,0.0,,999.0
476.05,0.5,0.0,,999.0
476.12,0.5,0.0,,999.0
476.18,0.5,0.0,,999.0
476.25,0.5,0.0,,999.0
476.31,0.5,0.0,,999.0
476.38,0.5,0.0,,999.0
476.45,0.5,0.0,,999.0
476.51,0.5,0.0,,999.0
476.58,0.5,0.0,,999.0
476.66,0.5,0.0,,999.0
476.72,0.5,0.0,,999.0
476.79,0.5,0.0,,999.0
476.86,0.5,0.0,,999.0
476.92,0.5,0.0,,999.0
476.99,0.5,0.0,,999.0
477.05,0.5,0.0,,999.0
477.12,0.5,0.0,,999.0
477.19,0.5,0.0,,999.0
477.25,0.5,0.0,,999.0
477.32,0.5,0.0,,999.0
477.39,0.5,0.0,,999.0
477.45,0.5,0.0,,999.0
477.52,0.5,0.0,,999.0
477.59,0.5,0.0,,999.0
477.65,0.5,0.0,,999.0
477.72,0.5,0.0,,999.0
477.79,0.5,0.0,,999.0
477.85,0.5,0.0,,999.0
477.92,0.5,0.0,,999.0
477.99,0.5,0.0,,999.0
478.05,0.5,0.0,,999.0
478.12,0.5,0.0,,999.0
478.19,0.5,0.0,,999.0
478.25,0.5,0.0,,999.0
478.32,0.5,0.0,,999.0
478.38,0.5,0.0,,999.0
478.45,0.5,0.0,,999.0
478.52,0.5,0.0,,999.0
478.58,0.5,0.0,,999.0
478.65,0.5,0.0,,999.0
478.72,0.5,0.0,,999.0
478.78,0.5,0.0,,999.0
478.85,0.5,0.0,,999.0
478.92,0.5,0.0,,999.0
478.98,0.5,0.0,,999.0
479.05,0.5,0.0,,999.0
479.12,0.5,0.0,,999.0
479.18,0.5,0.0,,999.0
479.25,0.5,0.0,,999.0
479.32,0.5,0.0,,999.0
479.38,0.5,0.0,,999.0
479.45,0.5,0.0,,999.0
479.52,0.5,0.0,,999.0
479.58,0.5,0.0,,999.0
479.65,0.5,0.0,,999.0
479.72,0.5,0.0,,999.0
479.78,0.5,0.0,,999.0
479.85,0.5,0.0,,999.0
479.92,0.5,0.0,,999.0
479.98,0.5,0.0,,999.0
480.05,0.5,0.0,,999.0
480.12,0.5,0.0,,999.0
480.18,0.5,0.0,,999.0
480.25,0.5,0.0,,999.0
480.32,0.5,0.0,,999.0
480.38,0.5,0.0,,999.0
480.45,0.5,0.0,,999.0
480.52,0.5,0.0,,999.0
480.59,0.5,0.0,,999.0
480.65,0.5,0.0,,999.0
480.72,0.5,0.0,,999.0
480.79,0.5,0.0,,999.0
480.85,0.5,0.0,,999.0
480.92,0.5,0.0,,999.0
480.99,0.5,0.0,,999.0
481.05,0.5,0.0,,999.0
481.12,0.5,0.0,,999.0
481.19,0.5,0.0,,999.0
481.25,0.5,0.0,,999.0
481.32,0.5,0.0,,999.0
481.39,0.5,0.0,,999.0
481.45,0.5,0.0,,999.0
481.52,0.5,0.0,,999.0
481.59,0.5,0.0,,999.0
481.65,0.5,0.0,,999.0
481.72,0.5,0.0,,999.0
481.79,0.5,0.0,,999.0
481.86,0.5,0.0,,999.0
481.92,0.5,0.0,,999.0
481.99,0.5,0.0,,999.0
482.06,0.5,0.0,,999.0
482.12,0.5,0.0,,999.0
482.19,0.5,0.0,,999.0
482.26,0.5,0.0,,999.0
482.32,0.5,0.0,,999.0
482.39,0.5,0.0,,999.0
482.46,0.5,0.0,,999.0
482.52,0.5,0.0,,999.0
482.59,0.5,0.0,,999.0
482.66,0.5,0.0,,999.0
482.73,0.5,0.0,,999.0
482.79,0.5,0.0,,999.0
482.86,0.5,0.0,,999.0
482.93,0.5,0.0,,999.0
482.99,0.5,0.0,,999.0
483.06,0.5,0.0,,999.0
483.13,0.5,0.0,,999.0
483.2,0.5,0.0,,999.0
483.27,0.5,0.0,,999.0
483.33,0.5,0.0,,999.0
483.4,0.5,0.0,,999.0
483.47,0.5,0.0,,999.0
483.53,0.5,0.0,,999.0
483.6,0.5,0.0,,999.0
483.67,0.5,0.0,,999.0
483.73,0.5,0.0,,999.0
483.8,0.5,0.0,,999.0
483.87,0.5,0.0,,999.0
483.93,0.5,0.0,,999.0
484.0,0.5,0.0,,999.0
484.06,0.5,0.0,,999.0
484.13,0.5,0.0,,999.0
484.2,0.5,0.0,,999.0
484.26,0.5,0.0,,999.0
484.33,0.5,0.0,,999.0
484.39,0.5,0.0,,999.0
484.46,0.5,0.0,,999.0
484.53,0.5,0.0,,999.0
484.59,0.5,0.0,,999.0
484.66,0.5,0.0,,999.0
484.73,0.5,0.0,,999.0
484.79,0.5,0.0,,999.0
484.86,0.5,0.0,,999.0
484.93,0.5,0.0,,999.0
484.99,0.5,0.0,,999.0
485.06,0.5,0.0,,999.0
485.13,0.5,0.0,,999.0
485.19,0.5,0.0,,999.0
485.26,0.5,0.0,,999.0
485.32,0.5,0.0,,999.0
485.39,0.5,0.0,,999.0
485.46,0.5,0.0,,999.0
485.52,0.5,0.0,,999.0
485.59,0.5,0.0,,999.0
485.66,0.5,0.0,,999.0
485.72,0.5,0.0,,999.0
485.79,0.5,0.0,,999.0
485.86,0.5,0.0,,999.0
485.92,0.5,0.0,,999.0
485.99,0.5,0.0,,999.0
486.06,0.5,0.0,,999.0
486.12,0.5,0.0,,999.0
486.19,0.5,0.0,,999.0
486.26,0.5,0.0,,999.0
486.32,0.5,0.0,,999.0
486.39,0.5,0.0,,999.0
486.46,0.5,0.0,,999.0
486.52,0.5,0.0,,999.0
486.59,0.5,0.0,,999.0
486.66,0.5,0.0,,999.0
486.72,0.5,0.0,,999.0
486.79,0.5,0.0,,999.0
486.86,0.5,0.0,,999.0
486.92,0.5,0.0,,999.0
486.99,0.5,0.0,,999.0
487.06,0.5,0.0,,999.0
487.12,0.5,0.0,,999.0
487.19,0.5,0.0,,999.0
487.26,0.5,0.0,,999.0
487.33,0.5,0.0,,999.0
487.39,0.5,0.0,,999.0
487.46,0.5,0.0,,999.0
487.53,0.5,0.0,,999.0
487.59,0.5,0.0,,999.0
487.66,0.5,0.0,,999.0
487.73,0.5,0.0,,999.0
487.79,0.5,0.0,,999.0
487.86,0.5,0.0,,999.0
487.93,0.5,0.0,,999.0
487.99,0.5,0.0,,999.0
488.06,0.5,0.0,,999.0
488.13,0.5,0.0,,999.0
488.19,0.5,0.0,,999.0
488.26,0.5,0.0,,999.0
488.33,0.5,0.0,,999.0
488.4,0.5,0.0,,999.0
488.46,0.5,0.0,,999.0
488.53,0.5,0.0,,999.0
488.6,0.5,0.0,,999.0
488.66,0.5,0.0,,999.0
488.73,0.5,0.0,,999.0
488.8,0.5,0.0,,999.0
488.86,0.5,0.0,,999.0
488.93,0.5,0.0,,999.0
489.0,0.5,0.0,,999.0
489.07,0.5,0.0,,999.0
489.13,0.5,0.0,,999.0
489.2,0.5,0.0,,999.0
489.27,0.5,0.0,,999.0
489.33,0.5,0.0,,999.0
489.4,0.5,0.0,,999.0
489.47,0.5,0.0,,999.0
489.54,0.5,0.0,,999.0
489.6,0.5,0.0,,999.0
489.67,0.5,0.0,,999.0
489.74,0.5,0.0,,999.0
489.8,0.5,0.0,,999.0
489.87,0.5,0.0,,999.0
489.94,0.5,0.0,,999.0
490.01,0.5,0.0,,999.0
490.08,0.5,0.0,,999.0
490.14,0.5,0.0,,999.0
490.21,0.5,0.0,,999.0
490.28,0.5,0.0,,999.0
490.34,0.5,0.0,,999.0
490.41,0.5,0.0,,999.0
490.48,0.5,0.0,,999.0
490.54,0.5,0.0,,999.0
490.61,0.5,0.0,,999.0
490.67,0.5,0.0,,999.0
490.74,0.5,0.0,,999.0
490.81,0.5,0.0,,999.0
490.87,0.5,0.0,,999.0
490.94,0.5,0.0,,999.0
491.01,0.5,0.0,,999.0
491.07,0.5,0.0,,999.0
491.14,0.5,0.0,,999.0
491.21,0.5,0.0,,999.0
491.27,0.5,0.0,,999.0
491.34,0.5,0.0,,999.0
491.41,0.5,0.0,,999.0
491.47,0.5,0.0,,999.0
491.54,0.5,0.0,,999.0
491.6,0.5,0.0,,999.0
491.67,0.5,0.0,,999.0
491.74,0.5,0.0,,999.0
491.8,0.5,0.0,,999.0
491.87,0.5,0.0,,999.0
491.94,0.5,0.0,,999.0
492.0,0.5,0.0,,999.0
492.07,0.5,0.0,,999.0
492.14,0.5,0.0,,999.0
492.2,0.5,0.0,,999.0
492.27,0.5,0.0,,999.0
492.34,0.5,0.0,,999.0
492.4,0.5,0.0,,999.0
492.47,0.5,0.0,,999.0
492.54,0.5,0.0,,999.0
492.6,0.5,0.0,,999.0
492.67,0.5,0.0,,999.0
492.74,0.5,0.0,,999.0
492.8,0.5,0.0,,999.0
492.87,0.5,0.0,,999.0
492.94,0.5,0.0,,999.0
493.0,0.5,0.0,,999.0
493.07,0.5,0.0,,999.0
493.14,0.5,0.0,,999.0
493.2,0.5,0.0,,999.0
493.27,0.5,0.0,,999.0
493.34,0.5,0.0,,999.0
493.41,0.5,0.0,,999.0
493.47,0.5,0.0,,999.0
493.54,0.5,0.0,,999.0
493.61,0.5,0.0,,999.0
493.67,0.5,0.0,,999.0
493.74,0.5,0.0,,999.0
493.81,0.5,0.0,,999.0
493.87,0.5,0.0,,999.0
493.94,0.5,0.0,,999.0
494.01,0.5,0.0,,999.0
494.07,0.5,0.0,,999.0
494.14,0.5,0.0,,999.0
494.21,0.5,0.0,,999.0
494.27,0.5,0.0,,999.0
494.34,0.5,0.0,,999.0
494.41,0.5,0.0,,999.0
494.47,0.5,0.0,,999.0
494.54,0.5,0.0,,999.0
494.61,0.5,0.0,,999.0
494.67,0.5,0.0,,999.0
494.74,0.5,0.0,,999.0
494.81,0.5,0.0,,999.0
494.88,0.5,0.0,,999.0
494.94,0.5,0.0,,999.0
495.01,0.5,0.0,,999.0
495.08,0.5,0.0,,999.0
495.14,0.5,0.0,,999.0
495.21,0.5,0.0,,999.0
495.28,0.5,0.0,,999.0
495.34,0.5,0.0,,999.0
495.41,0.5,0.0,,999.0
495.48,0.5,0.0,,999.0
495.55,0.5,0.0,,999.0
495.61,0.5,0.0,,999.0
495.68,0.5,0.0,,999.0
495.75,0.5,0.0,,999.0
495.81,0.5,0.0,,999.0
495.88,0.5,0.0,,999.0
495.95,0.5,0.0,,999.0
496.01,0.5,0.0,,999.0
496.08,0.5,0.0,,999.0
496.15,0.5,0.0,,999.0
496.21,0.5,0.0,,999.0
496.28,0.5,0.0,,999.0
496.35,0.5,0.0,,999.0
496.41,0.5,0.0,,999.0
496.48,0.5,0.0,,999.0
496.55,0.5,0.0,,999.0
496.62,0.5,0.0,,999.0
496.69,0.5,0.0,,999.0
496.75,0.5,0.0,,999.0
496.82,0.5,0.0,,999.0
496.89,0.5,0.0,,999.0
496.95,0.5,0.0,,999.0
497.02,0.5,0.0,,999.0
497.09,0.5,0.0,,999.0
497.15,0.5,0.0,,999.0
497.22,0.5,0.0,,999.0
497.29,0.5,0.0,,999.0
497.35,0.5,0.0,,999.0
497.42,0.5,0.0,,999.0
497.49,0.5,0.0,,999.0
497.55,0.5,0.0,,999.0
497.62,0.5,0.0,,999.0
497.68,0.5,0.0,,999.0
497.75,0.5,0.0,,999.0
497.82,0.5,0.0,,999.0
497.88,0.5,0.0,,999.0
497.95,0.5,0.0,,999.0
498.02,0.5,0.0,,999.0
498.08,0.5,0.0,,999.0
498.15,0.5,0.0,,999.0
498.22,0.5,0.0,,999.0
498.28,0.5,0.0,,999.0
498.35,0.5,0.0,,999.0
498.42,0.5,0.0,,999.0
498.48,0.5,0.0,,999.0
498.55,0.5,0.0,,999.0
498.62,0.5,0.0,,999.0
498.68,0.5,0.0,,999.0
498.75,0.5,0.0,,999.0
498.81,0.5,0.0,,999.0
498.88,0.5,0.0,,999.0
498.95,0.5,0.0,,999.0
499.02,0.5,0.0,,999.0
499.08,0.5,0.0,,999.0
499.15,0.5,0.0,,999.0
499.22,0.5,0.0,,999.0
499.28,0.5,0.0,,999.0
499.35,0.5,0.0,,999.0
499.42,0.5,0.0,,999.0
499.48,0.5,0.0,,999.0
499.55,0.5,0.0,,999.0
499.62,0.5,0.0,,999.0
499.68,0.5,0.0,,999.0
499.75,0.5,0.0,,999.0
499.82,0.5,0.0,,999.0
499.88,0.5,0.0,,999.0
499.95,0.5,0.0,,999.0
500.02,0.5,0.0,,999.0
500.08,0.5,0.0,,999.0
500.15,0.5,0.0,,999.0
500.22,0.5,0.0,,999.0
500.28,0.5,0.0,,999.0
500.35,0.5,0.0,,999.0
500.42,0.5,0.0,,999.0
500.49,0.5,0.0,,999.0
500.55,0.5,0.0,,999.0
500.62,0.5,0.0,,999.0
500.69,0.5,0.0,,999.0
500.75,0.5,0.0,,999.0
500.82,0.5,0.0,,999.0
500.89,0.5,0.0,,999.0
500.95,0.5,0.0,,999.0
501.02,0.5,0.0,,999.0
501.09,0.5,0.0,,999.0
501.15,0.5,0.0,,999.0
501.22,0.5,0.0,,999.0
501.29,0.5,0.0,,999.0
501.35,0.5,0.0,,999.0
501.42,0.5,0.0,,999.0
501.49,0.5,0.0,,999.0
501.55,0.5,0.0,,999.0
501.62,0.5,0.0,,999.0
501.69,0.5,0.0,,999.0
501.76,0.5,0.0,,999.0
501.82,0.5,0.0,,999.0
501.89,0.5,0.0,,999.0
501.96,0.5,0.0,,999.0
502.03,0.5,0.0,,999.0
502.09,0.5,0.0,,999.0
502.16,0.5,0.0,,999.0
502.23,0.5,0.0,,999.0
502.29,0.5,0.0,,999.0
502.36,0.5,0.0,,999.0
502.43,0.5,0.0,,999.0
502.49,0.5,0.0,,999.0
502.56,0.5,0.0,,999.0
502.63,0.5,0.0,,999.0
502.69,0.5,0.0,,999.0
502.76,0.5,0.0,,999.0
502.83,0.5,0.0,,999.0
502.9,0.5,0.0,,999.0
502.96,0.5,0.0,,999.0
503.03,0.5,0.0,,999.0
503.1,0.5,0.0,,999.0
503.17,0.5,0.0,,999.0
503.24,0.5,0.0,,999.0
503.31,0.5,0.0,,999.0
503.37,0.5,0.0,,999.0
503.44,0.5,0.0,,999.0
503.5,0.5,0.0,,999.0
503.57,0.5,0.0,,999.0
503.64,0.5,0.0,,999.0
503.7,0.5,0.0,,999.0
503.77,0.5,0.0,,999.0
503.84,0.5,0.0,,999.0
503.9,0.5,0.0,,999.0
503.97,0.5,0.0,,999.0
504.03,0.5,0.0,,999.0
504.1,0.5,0.0,,999.0
504.17,0.5,0.0,,999.0
504.23,0.5,0.0,,999.0
504.3,0.5,0.0,,999.0
504.37,0.5,0.0,,999.0
504.43,0.5,0.0,,999.0
504.5,0.5,0.0,,999.0
504.57,0.5,0.0,,999.0
504.63,0.5,0.0,,999.0
504.7,0.5,0.0,,999.0
504.77,0.5,0.0,,999.0
504.83,0.5,0.0,,999.0
504.9,0.5,0.0,,999.0
504.97,0.5,0.0,,999.0
505.03,0.5,0.0,,999.0
505.1,0.5,0.0,,999.0
505.17,0.5,0.0,,999.0
505.23,0.5,0.0,,999.0
505.3,0.5,0.0,,999.0
505.37,0.5,0.0,,999.0
505.43,0.5,0.0,,999.0
505.5,0.5,0.0,,999.0
505.57,0.5,0.0,,999.0
505.63,0.5,0.0,,999.0
505.7,0.5,0.0,,999.0
505.77,0.5,0.0,,999.0
505.83,0.5,0.0,,999.0
505.9,0.5,0.0,,999.0
505.97,0.5,0.0,,999.0
506.03,0.5,0.0,,999.0
506.1,0.5,0.0,,999.0
506.17,0.5,0.0,,999.0
506.23,0.5,0.0,,999.0
506.3,0.5,0.0,,999.0
506.37,0.5,0.0,,999.0
506.43,0.5,0.0,,999.0
506.5,0.5,0.0,,999.0
506.57,0.5,0.0,,999.0
506.63,0.5,0.0,,999.0
506.7,0.5,0.0,,999.0
506.77,0.5,0.0,,999.0
506.83,0.5,0.0,,999.0
506.9,0.5,0.0,,999.0
506.97,0.5,0.0,,999.0
507.03,0.5,0.0,,999.0
507.1,0.5,0.0,,999.0
507.17,0.5,0.0,,999.0
507.23,0.5,0.0,,999.0
507.3,0.5,0.0,,999.0
507.37,0.5,0.0,,999.0
507.43,0.5,0.0,,999.0
507.5,0.5,0.0,,999.0
507.57,0.5,0.0,,999.0
507.64,0.5,0.0,,999.0
507.7,0.5,0.0,,999.0
507.77,0.5,0.0,,999.0
507.84,0.5,0.0,,999.0
507.9,0.5,0.0,,999.0
507.97,0.5,0.0,,999.0
508.04,0.5,0.0,,999.0
508.1,0.5,0.0,,999.0
508.17,0.5,0.0,,999.0
508.24,0.5,0.0,,999.0
508.3,0.5,0.0,,999.0
508.37,0.5,0.0,,999.0
508.44,0.5,0.0,,999.0
508.5,0.5,0.0,,999.0
508.57,0.5,0.0,,999.0
508.64,0.5,0.0,,999.0
508.71,0.5,0.0,,999.0
508.77,0.5,0.0,,999.0
508.84,0.5,0.0,,999.0
508.91,0.5,0.0,,999.0
508.97,0.5,0.0,,999.0
509.04,0.5,0.0,,999.0
509.11,0.5,0.0,,999.0
509.17,0.5,0.0,,999.0
509.24,0.5,0.0,,999.0
509.31,0.5,0.0,,999.0
509.38,0.5,0.0,,999.0
509.44,0.5,0.0,,999.0
509.51,0.5,0.0,,999.0
509.59,0.5,0.0,,999.0
509.66,0.5,0.0,,999.0
509.72,0.5,0.0,,999.0
509.79,0.5,0.0,,999.0
509.85,0.5,0.0,,999.0
509.92,0.5,0.0,,999.0
509.99,0.5,0.0,,999.0
510.05,0.5,0.0,,999.0
510.12,0.5,0.0,,999.0
510.19,0.5,0.0,,999.0
510.25,0.5,0.0,,999.0
510.32,0.5,0.0,,999.0
510.38,0.5,0.0,,999.0
510.45,0.5,0.0,,999.0
510.52,0.5,0.0,,999.0
510.58,0.5,0.0,,999.0
510.65,0.5,0.0,,999.0
510.72,0.5,0.0,,999.0
510.78,0.5,0.0,,999.0
510.85,0.5,0.0,,999.0
510.92,0.5,0.0,,999.0
510.98,0.5,0.0,,999.0
511.05,0.5,0.0,,999.0
511.11,0.5,0.0,,999.0
511.18,0.5,0.0,,999.0
511.25,0.5,0.0,,999.0
511.31,0.5,0.0,,999.0
511.38,0.5,0.0,,999.0
511.45,0.5,0.0,,999.0
511.51,0.5,0.0,,999.0
511.58,0.5,0.0,,999.0
511.65,0.5,0.0,,999.0
511.71,0.5,0.0,,999.0
511.78,0.5,0.0,,999.0
511.84,0.5,0.0,,999.0
511.91,0.5,0.0,,999.0
511.98,0.5,0.0,,999.0
512.04,0.5,0.0,,999.0
512.11,0.5,0.0,,999.0
512.18,0.5,0.0,,999.0
512.24,0.5,0.0,,999.0
512.31,0.5,0.0,,999.0
512.38,0.5,0.0,,999.0
512.45,0.5,0.0,,999.0
512.51,0.5,0.0,,999.0
512.58,0.5,0.0,,999.0
512.65,0.5,0.0,,999.0
512.71,0.5,0.0,,999.0
512.78,0.5,0.0,,999.0
512.85,0.5,0.0,,999.0
512.91,0.5,0.0,,999.0
512.98,0.5,0.0,,999.0
513.05,0.5,0.0,,999.0
513.11,0.5,0.0,,999.0
513.18,0.5,0.0,,999.0
513.25,0.5,0.0,,999.0
513.31,0.5,0.0,,999.0
513.38,0.5,0.0,,999.0
513.45,0.5,0.0,,999.0
513.51,0.5,0.0,,999.0
513.58,0.5,0.0,,999.0
513.65,0.5,0.0,,999.0
513.71,0.5,0.0,,999.0
513.78,0.5,0.0,,999.0
513.85,0.5,0.0,,999.0
513.91,0.5,0.0,,999.0
513.98,0.5,0.0,,999.0
514.05,0.5,0.0,,999.0
514.12,0.5,0.0,,999.0
514.18,0.5,0.0,,999.0
514.25,0.5,0.0,,999.0
514.32,0.5,0.0,,999.0
514.38,0.5,0.0,,999.0
514.45,0.5,0.0,,999.0
514.52,0.5,0.0,,999.0
514.58,0.5,0.0,,999.0
514.65,0.5,0.0,,999.0
514.72,0.5,0.0,,999.0
514.79,0.5,0.0,,999.0
514.85,0.5,0.0,,999.0
514.92,0.5,0.0,,999.0
514.99,0.5,0.0,,999.0
515.05,0.5,0.0,,999.0
515.12,0.5,0.0,,999.0
515.19,0.5,0.0,,999.0
515.25,0.5,0.0,,999.0
515.32,0.5,0.0,,999.0
515.39,0.5,0.0,,999.0
515.46,0.5,0.0,,999.0
515.52,0.5,0.0,,999.0
515.59,0.5,0.0,,999.0
515.66,0.5,0.0,,999.0
515.72,0.5,0.0,,999.0
515.79,0.5,0.0,,999.0
515.86,0.5,0.0,,999.0
515.93,0.5,0.0,,999.0
515.99,0.5,0.0,,999.0
516.06,0.5,0.0,,999.0
516.13,0.5,0.0,,999.0
516.19,0.5,0.0,,999.0
516.27,0.5,0.0,,999.0
516.33,0.5,0.0,,999.0
516.4,0.5,0.0,,999.0
516.47,0.5,0.0,,999.0
516.53,0.5,0.0,,999.0
516.6,0.5,0.0,,999.0
516.67,0.5,0.0,,999.0
516.73,0.5,0.0,,999.0
516.8,0.5,0.0,,999.0
516.87,0.5,0.0,,999.0
516.93,0.5,0.0,,999.0
517.0,0.5,0.0,,999.0
517.06,0.5,0.0,,999.0
517.13,0.5,0.0,,999.0
517.2,0.5,0.0,,999.0
517.27,0.5,0.0,,999.0
517.33,0.5,0.0,,999.0
517.4,0.5,0.0,,999.0
517.46,0.5,0.0,,999.0
517.53,0.5,0.0,,999.0
517.6,0.5,0.0,,999.0
517.67,0.5,0.0,,999.0
517.74,0.5,0.0,,999.0
517.81,0.5,0.0,,999.0
517.87,0.5,0.0,,999.0
517.94,0.5,0.0,,999.0
518.0,0.5,0.0,,999.0
518.07,0.5,0.0,,999.0
518.14,0.5,0.0,,999.0
518.2,0.5,0.0,,999.0
518.27,0.5,0.0,,999.0
518.34,0.5,0.0,,999.0
518.4,0.5,0.0,,999.0
518.47,0.5,0.0,,999.0
518.53,0.5,0.0,,999.0
518.6,0.5,0.0,,999.0
518.67,0.5,0.0,,999.0
518.73,0.5,0.0,,999.0
518.8,0.5,0.0,,999.0
518.87,0.5,0.0,,999.0
518.93,0.5,0.0,,999.0
519.0,0.5,0.0,,999.0
519.06,0.5,0.0,,999.0
519.13,0.5,0.0,,999.0
519.2,0.5,0.0,,999.0
519.26,0.5,0.0,,999.0
519.33,0.5,0.0,,999.0
519.4,0.5,0.0,,999.0
519.46,0.5,0.0,,999.0
519.53,0.5,0.0,,999.0
519.6,0.5,0.0,,999.0
519.66,0.5,0.0,,999.0
519.73,0.5,0.0,,999.0
519.79,0.5,0.0,,999.0
519.86,0.5,0.0,,999.0
519.93,0.5,0.0,,999.0
519.99,0.5,0.0,,999.0
520.06,0.5,0.0,,999.0
520.13,0.5,0.0,,999.0
520.19,0.5,0.0,,999.0
520.26,0.5,0.0,,999.0
520.33,0.5,0.0,,999.0
520.39,0.5,0.0,,999.0
520.46,0.5,0.0,,999.0
520.53,0.5,0.0,,999.0
520.59,0.5,0.0,,999.0
520.66,0.5,0.0,,999.0
520.73,0.5,0.0,,999.0
520.79,0.5,0.0,,999.0
520.86,0.5,0.0,,999.0
520.93,0.5,0.0,,999.0
520.99,0.5,0.0,,999.0
521.06,0.5,0.0,,999.0
521.13,0.5,0.0,,999.0
521.19,0.5,0.0,,999.0
521.26,0.5,0.0,,999.0
521.33,0.5,0.0,,999.0
521.39,0.5,0.0,,999.0
521.46,0.5,0.0,,999.0
521.53,0.5,0.0,,999.0
521.59,0.5,0.0,,999.0
521.66,0.5,0.0,,999.0
521.73,0.5,0.0,,999.0
521.79,0.5,0.0,,999.0
521.86,0.5,0.0,,999.0
521.93,0.5,0.0,,999.0
521.99,0.5,0.0,,999.0
522.06,0.5,0.0,,999.0
522.13,0.5,0.0,,999.0
522.19,0.5,0.0,,999.0
522.26,0.5,0.0,,999.0
522.33,0.5,0.0,,999.0
522.39,0.5,0.0,,999.0
522.46,0.5,0.0,,999.0
522.53,0.5,0.0,,999.0
522.59,0.5,0.0,,999.0
522.66,0.5,0.0,,999.0
522.73,0.5,0.0,,999.0
522.8,0.5,0.0,,999.0
522.86,0.5,0.0,,999.0
522.93,0.5,0.0,,999.0
523.0,0.5,0.0,,999.0
523.06,0.5,0.0,,999.0
523.13,0.5,0.0,,999.0
523.2,0.5,0.0,,999.0
523.26,0.5,0.0,,999.0
523.33,0.5,0.0,,999.0
523.4,0.5,0.0,,999.0
523.47,0.5,0.0,,999.0
523.53,0.5,0.0,,999.0
523.6,0.5,0.0,,999.0
523.67,0.5,0.0,,999.0
523.73,0.5,0.0,,999.0
523.8,0.5,0.0,,999.0
523.87,0.5,0.0,,999.0
523.94,0.5,0.0,,999.0
524.0,0.5,0.0,,999.0
524.07,0.5,0.0,,999.0
524.14,0.5,0.0,,999.0
524.21,0.5,0.0,,999.0
524.27,0.5,0.0,,999.0
524.35,0.5,0.0,,999.0
524.41,0.5,0.0,,999.0
524.48,0.5,0.0,,999.0
524.54,0.5,0.0,,999.0
524.61,0.5,0.0,,999.0
524.68,0.5,0.0,,999.0
524.74,0.5,0.0,,999.0
524.81,0.5,0.0,,999.0
524.88,0.5,0.0,,999.0
524.94,0.5,0.0,,999.0
525.01,0.5,0.0,,999.0
525.08,0.5,0.0,,999.0
525.14,0.5,0.0,,999.0
525.21,0.5,0.0,,999.0
525.27,0.5,0.0,,999.0
525.34,0.5,0.0,,999.0
525.41,0.5,0.0,,999.0
525.47,0.5,0.0,,999.0
525.54,0.5,0.0,,999.0
525.61,0.5,0.0,,999.0
525.67,0.5,0.0,,999.0
525.74,0.5,0.0,,999.0
525.8,0.5,0.0,,999.0
525.87,0.5,0.0,,999.0
525.94,0.5,0.0,,999.0
526.0,0.5,0.0,,999.0
526.07,0.5,0.0,,999.0
526.14,0.5,0.0,,999.0
526.2,0.5,0.0,,999.0
526.27,0.5,0.0,,999.0
526.34,0.5,0.0,,999.0
526.4,0.5,0.0,,999.0
526.47,0.5,0.0,,999.0
526.54,0.5,0.0,,999.0
526.6,0.5,0.0,,999.0
526.67,0.5,0.0,,999.0
526.73,0.5,0.0,,999.0
526.8,0.5,0.0,,999.0
526.87,0.5,0.0,,999.0
526.93,0.5,0.0,,999.0
527.0,0.5,0.0,,999.0
527.07,0.5,0.0,,999.0
527.13,0.5,0.0,,999.0
527.2,0.5,0.0,,999.0
527.27,0.5,0.0,,999.0
527.33,0.5,0.0,,999.0
527.4,0.5,0.0,,999.0
527.47,0.5,0.0,,999.0
527.53,0.5,0.0,,999.0
527.6,0.5,0.0,,999.0
527.67,0.5,0.0,,999.0
527.73,0.5,0.0,,999.0
527.8,0.5,0.0,,999.0
527.87,0.5,0.0,,999.0
527.93,0.5,0.0,,999.0
528.0,0.5,0.0,,999.0
528.07,0.5,0.0,,999.0
528.13,0.5,0.0,,999.0
528.2,0.5,0.0,,999.0
528.27,0.5,0.0,,999.0
528.33,0.5,0.0,,999.0
528.4,0.5,0.0,,999.0
528.47,0.5,0.0,,999.0
528.53,0.5,0.0,,999.0
528.6,0.5,0.0,,999.0
528.67,0.5,0.0,,999.0
528.74,0.5,0.0,,999.0
528.8,0.5,0.0,,999.0
528.87,0.5,0.0,,999.0
528.94,0.5,0.0,,999.0
529.0,0.5,0.0,,999.0
529.07,0.5,0.0,,999.0
529.14,0.5,0.0,,999.0
529.2,0.5,0.0,,999.0
529.27,0.5,0.0,,999.0
529.34,0.5,0.0,,999.0
529.4,0.5,0.0,,999.0
529.47,0.5,0.0,,999.0
529.54,0.5,0.0,,999.0
529.6,0.5,0.0,,999.0
529.67,0.5,0.0,,999.0
529.74,0.5,0.0,,999.0
529.81,0.5,0.0,,999.0
529.87,0.5,0.0,,999.0
529.94,0.5,0.0,,999.0
530.01,0.5,0.0,,999.0
530.07,0.5,0.0,,999.0
530.14,0.5,0.0,,999.0
530.21,0.5,0.0,,999.0
530.27,0.5,0.0,,999.0
530.34,0.5,0.0,,999.0
530.41,0.5,0.0,,999.0
530.47,0.5,0.0,,999.0
530.54,0.5,0.0,,999.0
530.61,0.5,0.0,,999.0
530.68,0.5,0.0,,999.0
530.74,0.5,0.0,,999.0
530.81,0.5,0.0,,999.0
530.88,0.5,0.0,,999.0
530.94,0.5,0.0,,999.0
531.01,0.5,0.0,,999.0
531.09,0.5,0.0,,999.0
531.15,0.5,0.0,,999.0
531.22,0.5,0.0,,999.0
531.29,0.5,0.0,,999.0
531.35,0.5,0.0,,999.0
531.42,0.5,0.0,,999.0
531.48,0.5,0.0,,999.0
531.55,0.5,0.0,,999.0
531.62,0.5,0.0,,999.0
531.68,0.5,0.0,,999.0
531.75,0.5,0.0,,999.0
531.82,0.5,0.0,,999.0
531.88,0.5,0.0,,999.0
531.95,0.5,0.0,,999.0
532.01,0.5,0.0,,999.0
532.08,0.5,0.0,,999.0
532.15,0.5,0.0,,999.0
532.21,0.5,0.0,,999.0
532.28,0.5,0.0,,999.0
532.35,0.5,0.0,,999.0
532.41,0.5,0.0,,999.0
532.48,0.5,0.0,,999.0
532.54,0.5,0.0,,999.0
532.61,0.5,0.0,,999.0
532.68,0.5,0.0,,999.0
532.75,0.5,0.0,,999.0
532.81,0.5,0.0,,999.0
532.88,0.5,0.0,,999.0
532.94,0.5,0.0,,999.0
533.01,0.5,0.0,,999.0
533.08,0.5,0.0,,999.0
533.14,0.5,0.0,,999.0
533.21,0.5,0.0,,999.0
533.28,0.5,0.0,,999.0
533.34,0.5,0.0,,999.0
533.41,0.5,0.0,,999.0
533.48,0.5,0.0,,999.0
533.54,0.5,0.0,,999.0
533.61,0.5,0.0,,999.0
533.68,0.5,0.0,,999.0
533.74,0.5,0.0,,999.0
533.81,0.5,0.0,,999.0
533.88,0.5,0.0,,999.0
533.94,0.5,0.0,,999.0
534.01,0.5,0.0,,999.0
534.08,0.5,0.0,,999.0
534.14,0.5,0.0,,999.0
534.21,0.5,0.0,,999.0
534.28,0.5,0.0,,999.0
534.34,0.5,0.0,,999.0
534.41,0.5,0.0,,999.0
534.48,0.5,0.0,,999.0
534.54,0.5,0.0,,999.0
534.61,0.5,0.0,,999.0
534.68,0.5,0.0,,999.0
534.74,0.5,0.0,,999.0
534.81,0.5,0.0,,999.0
534.88,0.5,0.0,,999.0
534.94,0.5,0.0,,999.0
535.01,0.5,0.0,,999.0
535.08,0.5,0.0,,999.0
535.14,0.5,0.0,,999.0
535.21,0.5,0.0,,999.0
535.27,0.5,0.0,,999.0
535.34,0.5,0.0,,999.0
535.41,0.5,0.0,,999.0
535.47,0.5,0.0,,999.0
535.54,0.5,0.0,,999.0
535.61,0.5,0.0,,999.0
535.68,0.5,0.0,,999.0
535.74,0.5,0.0,,999.0
535.81,0.5,0.0,,999.0
535.88,0.5,0.0,,999.0
535.94,0.5,0.0,,999.0
536.01,0.5,0.0,,999.0
536.08,0.5,0.0,,999.0
536.14,0.5,0.0,,999.0
536.21,0.5,0.0,,999.0
536.28,0.5,0.0,,999.0
536.35,0.5,0.0,,999.0
536.41,0.5,0.0,,999.0
536.48,0.5,0.0,,999.0
536.55,0.5,0.0,,999.0
536.61,0.5,0.0,,999.0
536.68,0.5,0.0,,999.0
536.75,0.5,0.0,,999.0
536.82,0.5,0.0,,999.0
536.88,0.5,0.0,,999.0
536.95,0.5,0.0,,999.0
537.02,0.5,0.0,,999.0
537.08,0.5,0.0,,999.0
537.15,0.5,0.0,,999.0
537.22,0.5,0.0,,999.0
537.28,0.5,0.0,,999.0
537.35,0.5,0.0,,999.0
537.42,0.5,0.0,,999.0
537.49,0.5,0.0,,999.0
537.56,0.5,0.0,,999.0
537.63,0.5,0.0,,999.0
537.69,0.5,0.0,,999.0
537.76,0.5,0.0,,999.0
537.82,0.5,0.0,,999.0
537.89,0.5,0.0,,999.0
537.96,0.5,0.0,,999.0
538.02,0.5,0.0,,999.0
538.09,0.5,0.0,,999.0
538.15,0.5,0.0,,999.0
538.22,0.5,0.0,,999.0
538.29,0.5,0.0,,999.0
538.35,0.5,0.0,,999.0
538.42,0.5,0.0,,999.0
538.49,0.5,0.0,,999.0
538.55,0.5,0.0,,999.0
538.62,0.5,0.0,,999.0
538.69,0.5,0.0,,999.0
538.75,0.5,0.0,,999.0
538.82,0.5,0.0,,999.0
538.88,0.5,0.0,,999.0
538.95,0.5,0.0,,999.0
539.02,0.5,0.0,,999.0
539.08,0.5,0.0,,999.0
539.15,0.5,0.0,,999.0
539.22,0.5,0.0,,999.0
539.28,0.5,0.0,,999.0
539.35,0.5,0.0,,999.0
539.41,0.5,0.0,,999.0
539.48,0.5,0.0,,999.0
539.55,0.5,0.0,,999.0
539.62,0.5,0.0,,999.0
539.68,0.5,0.0,,999.0
539.75,0.5,0.0,,999.0
539.81,0.5,0.0,,999.0
539.88,0.5,0.0,,999.0
539.95,0.5,0.0,,999.0
540.01,0.5,0.0,,999.0
540.08,0.5,0.0,,999.0
540.15,0.5,0.0,,999.0
540.21,0.5,0.0,,999.0
540.28,0.5,0.0,,999.0
540.35,0.5,0.0,,999.0
540.41,0.5,0.0,,999.0
540.48,0.5,0.0,,999.0
540.55,0.5,0.0,,999.0
540.61,0.5,0.0,,999.0
540.68,0.5,0.0,,999.0
540.75,0.5,0.0,,999.0
540.81,0.5,0.0,,999.0
540.88,0.5,0.0,,999.0
540.95,0.5,0.0,,999.0
541.01,0.5,0.0,,999.0
541.08,0.5,0.0,,999.0
541.15,0.5,0.0,,999.0
541.21,0.5,0.0,,999.0
541.28,0.5,0.0,,999.0
541.34,0.5,0.0,,999.0
541.41,0.5,0.0,,999.0
541.48,0.5,0.0,,999.0
541.55,0.5,0.0,,999.0
541.61,0.5,0.0,,999.0
541.68,0.5,0.0,,999.0
541.75,0.5,0.0,,999.0
541.81,0.5,0.0,,999.0
541.88,0.5,0.0,,999.0
541.95,0.5,0.0,,999.0
542.01,0.5,0.0,,999.0
542.08,0.5,0.0,,999.0
542.15,0.5,0.0,,999.0
542.21,0.5,0.0,,999.0
542.28,0.5,0.0,,999.0
542.35,0.5,0.0,,999.0
542.41,0.5,0.0,,999.0
542.48,0.5,0.0,,999.0
542.55,0.5,0.0,,999.0
542.62,0.5,0.0,,999.0
542.68,0.5,0.0,,999.0
542.75,0.5,0.0,,999.0
542.82,0.5,0.0,,999.0
542.88,0.5,0.0,,999.0
542.95,0.5,0.0,,999.0
543.02,0.5,0.0,,999.0
543.08,0.5,0.0,,999.0
543.15,0.5,0.0,,999.0
543.22,0.5,0.0,,999.0
543.28,0.5,0.0,,999.0
543.35,0.5,0.0,,999.0
543.42,0.5,0.0,,999.0
543.49,0.5,0.0,,999.0
543.55,0.5,0.0,,999.0
543.62,0.5,0.0,,999.0
543.69,0.5,0.0,,999.0
543.75,0.5,0.0,,999.0
543.82,0.5,0.0,,999.0
543.89,0.5,0.0,,999.0
543.96,0.5,0.0,,999.0
544.03,0.5,0.0,,999.0
544.1,0.5,0.0,,999.0
544.16,0.5,0.0,,999.0
544.23,0.5,0.0,,999.0
544.3,0.5,0.0,,999.0
544.37,0.5,0.0,,999.0
544.43,0.5,0.0,,999.0
544.5,0.5,0.0,,999.0
544.57,0.5,0.0,,999.0
544.63,0.5,0.0,,999.0
544.7,0.5,0.0,,999.0
544.77,0.5,0.0,,999.0
544.83,0.5,0.0,,999.0
544.9,0.5,0.0,,999.0
544.96,0.5,0.0,,999.0
545.03,0.5,0.0,,999.0
545.1,0.5,0.0,,999.0
545.16,0.5,0.0,,999.0
545.23,0.5,0.0,,999.0
545.3,0.5,0.0,,999.0
545.36,0.5,0.0,,999.0
545.43,0.5,0.0,,999.0
545.5,0.5,0.0,,999.0
545.56,0.5,0.0,,999.0
545.63,0.5,0.0,,999.0
545.69,0.5,0.0,,999.0
545.76,0.5,0.0,,999.0
545.83,0.5,0.0,,999.0
545.89,0.5,0.0,,999.0
545.96,0.5,0.0,,999.0
546.03,0.5,0.0,,999.0
546.09,0.5,0.0,,999.0
546.16,0.5,0.0,,999.0
546.23,0.5,0.0,,999.0
546.29,0.5,0.0,,999.0
546.36,0.5,0.0,,999.0
546.43,0.5,0.0,,999.0
546.49,0.5,0.0,,999.0
546.56,0.5,0.0,,999.0
546.63,0.5,0.0,,999.0
546.69,0.5,0.0,,999.0
546.76,0.5,0.0,,999.0
546.83,0.5,0.0,,999.0
546.89,0.5,0.0,,999.0
546.96,0.5,0.0,,999.0
547.03,0.5,0.0,,999.0
547.09,0.5,0.0,,999.0
547.16,0.5,0.0,,999.0
547.23,0.5,0.0,,999.0
547.29,0.5,0.0,,999.0
547.36,0.5,0.0,,999.0
547.43,0.5,0.0,,999.0
547.49,0.5,0.0,,999.0
547.56,0.5,0.0,,999.0
547.63,0.5,0.0,,999.0
547.69,0.5,0.0,,999.0
547.76,0.5,0.0,,999.0
547.83,0.5,0.0,,999.0
547.89,0.5,0.0,,999.0
547.96,0.5,0.0,,999.0
548.03,0.5,0.0,,999.0
548.09,0.5,0.0,,999.0
548.16,0.5,0.0,,999.0
548.23,0.5,0.0,,999.0
548.29,0.5,0.0,,999.0
548.36,0.5,0.0,,999.0
548.43,0.5,0.0,,999.0
548.5,0.5,0.0,,999.0
548.56,0.5,0.0,,999.0
548.63,0.5,0.0,,999.0
548.7,0.5,0.0,,999.0
548.77,0.5,0.0,,999.0
548.83,0.5,0.0,,999.0
548.9,0.5,0.0,,999.0
548.97,0.5,0.0,,999.0
549.03,0.5,0.0,,999.0
549.1,0.5,0.0,,999.0
549.17,0.5,0.0,,999.0
549.24,0.5,0.0,,999.0
549.3,0.5,0.0,,999.0
549.37,0.5,0.0,,999.0
549.44,0.5,0.0,,999.0
549.5,0.5,0.0,,999.0
549.57,0.5,0.0,,999.0
549.64,0.5,0.0,,999.0
549.71,0.5,0.0,,999.0
549.77,0.5,0.0,,999.0
549.84,0.5,0.0,,999.0
549.91,0.5,0.0,,999.0
549.97,0.5,0.0,,999.0
550.04,0.5,0.0,,999.0
550.11,0.5,0.0,,999.0
550.18,0.5,0.0,,999.0
550.24,0.5,0.0,,999.0
550.31,0.5,0.0,,999.0
550.38,0.5,0.0,,999.0
550.45,0.5,0.0,,999.0
550.51,0.5,0.0,,999.0
550.58,0.5,0.0,,999.0
550.65,0.5,0.0,,999.0
550.72,0.5,0.0,,999.0
550.79,0.5,0.0,,999.0
550.85,0.5,0.0,,999.0
550.92,0.5,0.0,,999.0
550.98,0.5,0.0,,999.0
551.05,0.5,0.0,,999.0
551.12,0.5,0.0,,999.0
551.18,0.5,0.0,,999.0
551.25,0.5,0.0,,999.0
551.32,0.5,0.0,,999.0
551.39,0.5,0.0,,999.0
551.45,0.5,0.0,,999.0
551.52,0.5,0.0,,999.0
551.58,0.5,0.0,,999.0
551.65,0.5,0.0,,999.0
551.72,0.5,0.0,,999.0
551.78,0.5,0.0,,999.0
551.85,0.5,0.0,,999.0
551.92,0.5,0.0,,999.0
551.98,0.5,0.0,,999.0
552.05,0.5,0.0,,999.0
552.11,0.5,0.0,,999.0
552.18,0.5,0.0,,999.0
552.25,0.5,0.0,,999.0
552.32,0.5,0.0,,999.0
552.38,0.5,0.0,,999.0
552.45,0.5,0.0,,999.0
552.51,0.5,0.0,,999.0
552.58,0.5,0.0,,999.0
552.65,0.5,0.0,,999.0
552.71,0.5,0.0,,999.0
552.78,0.5,0.0,,999.0
552.85,0.5,0.0,,999.0
552.91,0.5,0.0,,999.0
552.98,0.5,0.0,,999.0
553.05,0.5,0.0,,999.0
553.11,0.5,0.0,,999.0
553.18,0.5,0.0,,999.0
553.25,0.5,0.0,,999.0
553.31,0.5,0.0,,999.0
553.38,0.5,0.0,,999.0
553.45,0.5,0.0,,999.0
553.51,0.5,0.0,,999.0
553.58,0.5,0.0,,999.0
553.64,0.5,0.0,,999.0
553.71,0.5,0.0,,999.0
553.78,0.5,0.0,,999.0
553.84,0.5,0.0,,999.0
553.91,0.5,0.0,,999.0
553.98,0.5,0.0,,999.0
554.04,0.5,0.0,,999.0
554.11,0.5,0.0,,999.0
554.18,0.5,0.0,,999.0
554.24,0.5,0.0,,999.0
554.31,0.5,0.0,,999.0
554.38,0.5,0.0,,999.0
554.44,0.5,0.0,,999.0
554.51,0.5,0.0,,999.0
554.58,0.5,0.0,,999.0
554.64,0.5,0.0,,999.0
554.71,0.5,0.0,,999.0
554.78,0.5,0.0,,999.0
554.84,0.5,0.0,,999.0
554.91,0.5,0.0,,999.0
554.97,0.5,0.0,,999.0
555.04,0.5,0.0,,999.0
555.11,0.5,0.0,,999.0
555.18,0.5,0.0,,999.0
555.24,0.5,0.0,,999.0
555.31,0.5,0.0,,999.0
555.38,0.5,0.0,,999.0
555.44,0.5,0.0,,999.0
555.51,0.5,0.0,,999.0
555.58,0.5,0.0,,999.0
555.64,0.5,0.0,,999.0
555.71,0.5,0.0,,999.0
555.78,0.5,0.0,,999.0
555.84,0.5,0.0,,999.0
555.91,0.5,0.0,,999.0
555.98,0.5,0.0,,999.0
556.04,0.5,0.0,,999.0
556.11,0.5,0.0,,999.0
556.18,0.5,0.0,,999.0
556.24,0.5,0.0,,999.0
556.31,0.5,0.0,,999.0
556.38,0.5,0.0,,999.0
556.44,0.5,0.0,,999.0
556.51,0.5,0.0,,999.0
556.58,0.5,0.0,,999.0
556.64,0.5,0.0,,999.0
556.71,0.5,0.0,,999.0
556.78,0.5,0.0,,999.0
556.84,0.5,0.0,,999.0
556.91,0.5,0.0,,999.0
556.98,0.5,0.0,,999.0
557.05,0.5,0.0,,999.0
557.11,0.5,0.0,,999.0
557.18,0.5,0.0,,999.0
557.25,0.5,0.0,,999.0
557.31,0.5,0.0,,999.0
557.38,0.5,0.0,,999.0
557.45,0.5,0.0,,999.0
557.52,0.5,0.0,,999.0
557.59,0.5,0.0,,999.0
557.65,0.5,0.0,,999.0
557.72,0.5,0.0,,999.0
557.78,0.5,0.0,,999.0
557.85,0.5,0.0,,999.0
557.92,0.5,0.0,,999.0
557.98,0.5,0.0,,999.0
558.05,0.5,0.0,,999.0
558.12,0.5,0.0,,999.0
558.18,0.5,0.0,,999.0
558.25,0.5,0.0,,999.0
558.31,0.5,0.0,,999.0
558.38,0.5,0.0,,999.0
558.45,0.5,0.0,,999.0
558.51,0.5,0.0,,999.0
558.58,0.5,0.0,,999.0
558.65,0.5,0.0,,999.0
558.71,0.5,0.0,,999.0
558.78,0.5,0.0,,999.0
558.85,0.5,0.0,,999.0
558.92,0.5,0.0,,999.0
558.99,0.5,0.0,,999.0
559.05,0.5,0.0,,999.0
559.12,0.5,0.0,,999.0
559.18,0.5,0.0,,999.0
559.25,0.5,0.0,,999.0
559.32,0.5,0.0,,999.0
559.38,0.5,0.0,,999.0
559.45,0.5,0.0,,999.0
559.52,0.5,0.0,,999.0
559.58,0.5,0.0,,999.0
559.65,0.5,0.0,,999.0
559.72,0.5,0.0,,999.0
559.78,0.5,0.0,,999.0
559.85,0.5,0.0,,999.0
559.91,0.5,0.0,,999.0
559.98,0.5,0.0,,999.0
560.05,0.5,0.0,,999.0
560.11,0.5,0.0,,999.0
560.18,0.5,0.0,,999.0
560.25,0.5,0.0,,999.0
560.31,0.5,0.0,,999.0
560.38,0.5,0.0,,999.0
560.45,0.5,0.0,,999.0
560.51,0.5,0.0,,999.0
560.58,0.5,0.0,,999.0
560.65,0.5,0.0,,999.0
560.71,0.5,0.0,,999.0
560.78,0.5,0.0,,999.0
560.84,0.5,0.0,,999.0
560.91,0.5,0.0,,999.0
560.98,0.5,0.0,,999.0
561.04,0.5,0.0,,999.0
561.11,0.5,0.0,,999.0
561.18,0.5,0.0,,999.0
561.24,0.5,0.0,,999.0
561.31,0.5,0.0,,999.0
561.38,0.5,0.0,,999.0
561.44,0.5,0.0,,999.0
561.51,0.5,0.0,,999.0
561.58,0.5,0.0,,999.0
561.64,0.5,0.0,,999.0
561.71,0.5,0.0,,999.0
561.77,0.5,0.0,,999.0
561.84,0.5,0.0,,999.0
561.91,0.5,0.0,,999.0
561.97,0.5,0.0,,999.0
562.04,0.5,0.0,,999.0
562.11,0.5,0.0,,999.0
562.17,0.5,0.0,,999.0
562.24,0.5,0.0,,999.0
562.31,0.5,0.0,,999.0
562.37,0.5,0.0,,999.0
562.44,0.5,0.0,,999.0
562.51,0.5,0.0,,999.0
562.57,0.5,0.0,,999.0
562.64,0.5,0.0,,999.0
562.71,0.5,0.0,,999.0
562.77,0.5,0.0,,999.0
562.84,0.5,0.0,,999.0
562.91,0.5,0.0,,999.0
562.97,0.5,0.0,,999.0
563.04,0.5,0.0,,999.0
563.11,0.5,0.0,,999.0
563.17,0.5,0.0,,999.0
563.24,0.5,0.0,,999.0
563.31,0.5,0.0,,999.0
563.38,0.5,0.0,,999.0
563.44,0.5,0.0,,999.0
563.51,0.5,0.0,,999.0
563.58,0.5,0.0,,999.0
563.64,0.5,0.0,,999.0
563.71,0.5,0.0,,999.0
563.78,0.5,0.0,,999.0
563.84,0.5,0.0,,999.0
563.91,0.5,0.0,,999.0
563.98,0.5,0.0,,999.0
564.04,0.5,0.0,,999.0
564.11,0.5,0.0,,999.0
564.18,0.5,0.0,,999.0
564.25,0.5,0.0,,999.0
564.31,0.5,0.0,,999.0
564.38,0.5,0.0,,999.0
564.45,0.5,0.0,,999.0
564.51,0.5,0.0,,999.0
564.58,0.5,0.0,,999.0
564.65,0.5,0.0,,999.0
564.71,0.5,0.0,,999.0
564.78,0.5,0.0,,999.0
564.85,0.5,0.0,,999.0
564.92,0.5,0.0,,999.0
564.98,0.5,0.0,,999.0
565.05,0.5,0.0,,999.0
565.12,0.5,0.0,,999.0
565.18,0.5,0.0,,999.0
565.25,0.5,0.0,,999.0
565.32,0.5,0.0,,999.0
565.38,0.5,0.0,,999.0
565.46,0.5,0.0,,999.0
565.52,0.5,0.0,,999.0
565.59,0.5,0.0,,999.0
565.66,0.5,0.0,,999.0
565.72,0.5,0.0,,999.0
565.79,0.5,0.0,,999.0
565.85,0.5,0.0,,999.0
565.92,0.5,0.0,,999.0
565.99,0.5,0.0,,999.0
566.05,0.5,0.0,,999.0
566.12,0.5,0.0,,999.0
566.19,0.5,0.0,,999.0
566.25,0.5,0.0,,999.0
566.32,0.5,0.0,,999.0
566.38,0.5,0.0,,999.0
566.45,0.5,0.0,,999.0
566.52,0.5,0.0,,999.0
566.58,0.5,0.0,,999.0
566.65,0.5,0.0,,999.0
566.72,0.5,0.0,,999.0
566.78,0.5,0.0,,999.0
566.85,0.5,0.0,,999.0
566.91,0.5,0.0,,999.0
566.98,0.5,0.0,,999.0
567.05,0.5,0.0,,999.0
567.11,0.5,0.0,,999.0
567.18,0.5,0.0,,999.0
567.25,0.5,0.0,,999.0
567.31,0.5,0.0,,999.0
567.38,0.5,0.0,,999.0
567.45,0.5,0.0,,999.0
567.51,0.5,0.0,,999.0
567.58,0.5,0.0,,999.0
567.64,0.5,0.0,,999.0
567.71,0.5,0.0,,999.0
567.78,0.5,0.0,,999.0
567.84,0.5,0.0,,999.0
567.91,0.5,0.0,,999.0
567.98,0.5,0.0,,999.0
568.04,0.5,0.0,,999.0
568.11,0.5,0.0,,999.0
568.18,0.5,0.0,,999.0
568.24,0.5,0.0,,999.0
568.31,0.5,0.0,,999.0
568.38,0.5,0.0,,999.0
568.44,0.5,0.0,,999.0
568.51,0.5,0.0,,999.0
568.58,0.5,0.0,,999.0
568.64,0.5,0.0,,999.0
568.71,0.5,0.0,,999.0
568.78,0.5,0.0,,999.0
568.84,0.5,0.0,,999.0
568.91,0.5,0.0,,999.0
568.98,0.5,0.0,,999.0
569.04,0.5,0.0,,999.0
569.11,0.5,0.0,,999.0
569.18,0.5,0.0,,999.0
569.24,0.5,0.0,,999.0
569.31,0.5,0.0,,999.0
569.38,0.5,0.0,,999.0
569.44,0.5,0.0,,999.0
569.51,0.5,0.0,,999.0
569.58,0.5,0.0,,999.0
569.65,0.5,0.0,,999.0
569.71,0.5,0.0,,999.0
569.78,0.5,0.0,,999.0
569.85,0.5,0.0,,999.0
569.91,0.5,0.0,,999.0
569.98,0.5,0.0,,999.0
570.05,0.5,0.0,,999.0
570.11,0.5,0.0,,999.0
570.18,0.5,0.0,,999.0
570.25,0.5,0.0,,999.0
570.31,0.5,0.0,,999.0
570.38,0.5,0.0,,999.0
570.45,0.5,0.0,,999.0
570.51,0.5,0.0,,999.0
570.58,0.5,0.0,,999.0
570.65,0.5,0.0,,999.0
570.71,0.5,0.0,,999.0
570.78,0.5,0.0,,999.0
570.85,0.5,0.0,,999.0
570.92,0.5,0.0,,999.0
570.98,0.5,0.0,,999.0
571.05,0.5,0.0,,999.0
571.12,0.5,0.0,,999.0
571.18,0.5,0.0,,999.0
571.25,0.5,0.0,,999.0
571.32,0.5,0.0,,999.0
571.39,0.5,0.0,,999.0
571.45,0.5,0.0,,999.0
571.52,0.5,0.0,,999.0
571.59,0.5,0.0,,999.0
571.65,0.5,0.0,,999.0
571.72,0.5,0.0,,999.0
571.79,0.5,0.0,,999.0
571.86,0.5,0.0,,999.0
571.92,0.5,0.0,,999.0
572.0,0.5,0.0,,999.0
572.07,0.5,0.0,,999.0
572.13,0.5,0.0,,999.0
572.2,0.5,0.0,,999.0
572.26,0.5,0.0,,999.0
572.33,0.5,0.0,,999.0
572.4,0.5,0.0,,999.0
572.46,0.5,0.0,,999.0
572.53,0.5,0.0,,999.0
572.59,0.5,0.0,,999.0
572.66,0.5,0.0,,999.0
572.73,0.5,0.0,,999.0
572.79,0.5,0.0,,999.0
572.86,0.5,0.0,,999.0
572.93,0.5,0.0,,999.0
572.99,0.5,0.0,,999.0
573.06,0.5,0.0,,999.0
573.13,0.5,0.0,,999.0
573.19,0.5,0.0,,999.0
573.26,0.5,0.0,,999.0
573.32,0.5,0.0,,999.0
573.39,0.5,0.0,,999.0
573.46,0.5,0.0,,999.0
573.52,0.5,0.0,,999.0
573.59,0.5,0.0,,999.0
573.66,0.5,0.0,,999.0
573.72,0.5,0.0,,999.0
573.79,0.5,0.0,,999.0
573.85,0.5,0.0,,999.0
573.92,0.5,0.0,,999.0
573.99,0.5,0.0,,999.0
574.06,0.5,0.0,,999.0
574.12,0.5,0.0,,999.0
574.19,0.5,0.0,,999.0
574.26,0.5,0.0,,999.0
574.32,0.5,0.0,,999.0
574.39,0.5,0.0,,999.0
574.46,0.5,0.0,,999.0
574.52,0.5,0.0,,999.0
574.59,0.5,0.0,,999.0
574.66,0.5,0.0,,999.0
574.72,0.5,0.0,,999.0
574.79,0.5,0.0,,999.0
574.86,0.5,0.0,,999.0
574.92,0.5,0.0,,999.0
574.99,0.5,0.0,,999.0
575.06,0.5,0.0,,999.0
575.12,0.5,0.0,,999.0
575.19,0.5,0.0,,999.0
575.26,0.5,0.0,,999.0
575.32,0.5,0.0,,999.0
575.39,0.5,0.0,,999.0
575.46,0.5,0.0,,999.0
575.52,0.5,0.0,,999.0
575.59,0.5,0.0,,999.0
575.66,0.5,0.0,,999.0
575.72,0.5,0.0,,999.0
575.79,0.5,0.0,,999.0
575.86,0.5,0.0,,999.0
575.92,0.5,0.0,,999.0
575.99,0.5,0.0,,999.0
576.06,0.5,0.0,,999.0
576.12,0.5,0.0,,999.0
576.19,0.5,0.0,,999.0
576.26,0.5,0.0,,999.0
576.32,0.5,0.0,,999.0
576.39,0.5,0.0,,999.0
576.46,0.5,0.0,,999.0
576.52,0.5,0.0,,999.0
576.59,0.5,0.0,,999.0
576.66,0.5,0.0,,999.0
576.72,0.5,0.0,,999.0
576.79,0.5,0.0,,999.0
576.86,0.5,0.0,,999.0
576.92,0.5,0.0,,999.0
576.99,0.5,0.0,,999.0
577.06,0.5,0.0,,999.0
577.12,0.5,0.0,,999.0
577.19,0.5,0.0,,999.0
577.26,0.5,0.0,,999.0
577.33,0.5,0.0,,999.0
577.39,0.5,0.0,,999.0
577.46,0.5,0.0,,999.0
577.53,0.5,0.0,,999.0
577.6,0.5,0.0,,999.0
577.66,0.5,0.0,,999.0
577.73,0.5,0.0,,999.0
577.8,0.5,0.0,,999.0
577.86,0.5,0.0,,999.0
577.93,0.5,0.0,,999.0
578.0,0.5,0.0,,999.0
578.06,0.5,0.0,,999.0
578.13,0.5,0.0,,999.0
578.19,0.5,0.0,,999.0
578.26,0.5,0.0,,999.0
578.33,0.5,0.0,,999.0
578.39,0.5,0.0,,999.0
578.46,0.5,0.0,,999.0
578.53,0.5,0.0,,999.0
578.59,0.5,0.0,,999.0
578.66,0.5,0.0,,999.0
578.73,0.5,0.0,,999.0
578.8,0.5,0.0,,999.0
578.86,0.5,0.0,,999.0
578.93,0.5,0.0,,999.0
578.99,0.5,0.0,,999.0
579.06,0.5,0.0,,999.0
579.13,0.5,0.0,,999.0
579.19,0.5,0.0,,999.0
579.26,0.5,0.0,,999.0
579.32,0.5,0.0,,999.0
579.39,0.5,0.0,,999.0
579.46,0.5,0.0,,999.0
579.52,0.5,0.0,,999.0
579.59,0.5,0.0,,999.0
579.65,0.5,0.0,,999.0
579.72,0.5,0.0,,999.0
579.79,0.5,0.0,,999.0
579.85,0.5,0.0,,999.0
579.92,0.5,0.0,,999.0
579.98,0.5,0.0,,999.0
580.05,0.5,0.0,,999.0
580.11,0.5,0.0,,999.0
580.18,0.5,0.0,,999.0
580.24,0.5,0.0,,999.0
580.31,0.5,0.0,,999.0
580.38,0.5,0.0,,999.0
580.44,0.5,0.0,,999.0
580.51,0.5,0.0,,999.0
580.57,0.5,0.0,,999.0
580.64,0.5,0.0,,999.0
580.71,0.5,0.0,,999.0
580.77,0.5,0.0,,999.0
580.84,0.5,0.0,,999.0
580.9,0.5,0.0,,999.0
580.97,0.5,0.0,,999.0
581.03,0.5,0.0,,999.0
581.1,0.5,0.0,,999.0
581.17,0.5,0.0,,999.0
581.23,0.5,0.0,,999.0
581.3,0.5,0.0,,999.0
581.36,0.5,0.0,,999.0
581.43,0.5,0.0,,999.0
581.5,0.5,0.0,,999.0
581.56,0.5,0.0,,999.0
581.63,0.5,0.0,,999.0
581.7,0.5,0.0,,999.0
581.76,0.5,0.0,,999.0
581.83,0.5,0.0,,999.0
581.89,0.5,0.0,,999.0
581.96,0.5,0.0,,999.0
582.03,0.5,0.0,,999.0
582.09,0.5,0.0,,999.0
582.16,0.5,0.0,,999.0
582.22,0.5,0.0,,999.0
582.29,0.5,0.0,,999.0
582.35,0.5,0.0,,999.0
582.42,0.5,0.0,,999.0
582.49,0.5,0.0,,999.0
582.56,0.5,0.0,,999.0
582.62,0.5,0.0,,999.0
582.69,0.5,0.0,,999.0
582.76,0.5,0.0,,999.0
582.82,0.5,0.0,,999.0
582.89,0.5,0.0,,999.0
582.96,0.5,0.0,,999.0
583.02,0.5,0.0,,999.0
583.09,0.5,0.0,,999.0
583.16,0.5,0.0,,999.0
583.22,0.5,0.0,,999.0
583.29,0.5,0.0,,999.0
583.36,0.5,0.0,,999.0
583.42,0.5,0.0,,999.0
583.49,0.5,0.0,,999.0
583.56,0.5,0.0,,999.0
583.62,0.5,0.0,,999.0
583.69,0.5,0.0,,999.0
583.76,0.5,0.0,,999.0
583.83,0.5,0.0,,999.0
583.89,0.5,0.0,,999.0
583.96,0.5,0.0,,999.0
584.03,0.5,0.0,,999.0
584.09,0.5,0.0,,999.0
584.16,0.5,0.0,,999.0
584.23,0.5,0.0,,999.0
584.29,0.5,0.0,,999.0
584.36,0.5,0.0,,999.0
584.43,0.5,0.0,,999.0
584.49,0.5,0.0,,999.0
584.56,0.5,0.0,,999.0
584.63,0.5,0.0,,999.0
584.69,0.5,0.0,,999.0
584.76,0.5,0.0,,999.0
584.83,0.5,0.0,,999.0
584.9,0.5,0.0,,999.0
584.96,0.5,0.0,,999.0
585.03,0.5,0.0,,999.0
585.1,0.5,0.0,,999.0
585.16,0.5,0.0,,999.0
585.23,0.5,0.0,,999.0
585.3,0.5,0.0,,999.0
585.37,0.5,0.0,,999.0
585.44,0.5,0.0,,999.0
585.51,0.5,0.0,,999.0
585.57,0.5,0.0,,999.0
585.64,0.5,0.0,,999.0
585.7,0.5,0.0,,999.0
585.77,0.5,0.0,,999.0
585.84,0.5,0.0,,999.0
585.9,0.5,0.0,,999.0
585.97,0.5,0.0,,999.0
586.04,0.5,0.0,,999.0
586.1,0.5,0.0,,999.0
586.17,0.5,0.0,,999.0
586.24,0.5,0.0,,999.0
586.3,0.5,0.0,,999.0
586.37,0.5,0.0,,999.0
586.44,0.5,0.0,,999.0
586.5,0.5,0.0,,999.0
586.57,0.5,0.0,,999.0
586.63,0.5,0.0,,999.0
586.7,0.5,0.0,,999.0
586.77,0.5,0.0,,999.0
586.83,0.5,0.0,,999.0
586.9,0.5,0.0,,999.0
586.97,0.5,0.0,,999.0
587.03,0.5,0.0,,999.0
587.1,0.5,0.0,,999.0
587.17,0.5,0.0,,999.0
587.23,0.5,0.0,,999.0
587.3,0.5,0.0,,999.0
587.37,0.5,0.0,,999.0
587.43,0.5,0.0,,999.0
587.5,0.5,0.0,,999.0
587.57,0.5,0.0,,999.0
587.63,0.5,0.0,,999.0
587.7,0.5,0.0,,999.0
587.77,0.5,0.0,,999.0
587.83,0.5,0.0,,999.0
587.9,0.5,0.0,,999.0
587.97,0.5,0.0,,999.0
588.03,0.5,0.0,,999.0
588.1,0.5,0.0,,999.0
588.16,0.5,0.0,,999.0
588.23,0.5,0.0,,999.0
588.3,0.5,0.0,,999.0
588.37,0.5,0.0,,999.0
588.43,0.5,0.0,,999.0
588.5,0.5,0.0,,999.0
588.57,0.5,0.0,,999.0
588.63,0.5,0.0,,999.0
588.7,0.5,0.0,,999.0
588.76,0.5,0.0,,999.0
588.83,0.5,0.0,,999.0
588.9,0.5,0.0,,999.0
588.96,0.5,0.0,,999.0
589.03,0.5,0.0,,999.0
589.1,0.5,0.0,,999.0
589.16,0.5,0.0,,999.0
589.23,0.5,0.0,,999.0
589.3,0.5,0.0,,999.0
589.36,0.5,0.0,,999.0
589.43,0.5,0.0,,999.0
589.5,0.5,0.0,,999.0
589.57,0.5,0.0,,999.0
589.63,0.5,0.0,,999.0
589.7,0.5,0.0,,999.0
589.77,0.5,0.0,,999.0
589.83,0.5,0.0,,999.0
589.9,0.5,0.0,,999.0
589.97,0.5,0.0,,999.0
590.03,0.5,0.0,,999.0
590.1,0.5,0.0,,999.0
590.17,0.5,0.0,,999.0
590.23,0.5,0.0,,999.0
590.3,0.5,0.0,,999.0
590.37,0.5,0.0,,999.0
590.43,0.5,0.0,,999.0
590.5,0.5,0.0,,999.0
590.57,0.5,0.0,,999.0
590.63,0.5,0.0,,999.0
590.7,0.5,0.0,,999.0
590.77,0.5,0.0,,999.0
590.84,0.5,0.0,,999.0
590.9,0.5,0.0,,999.0
590.97,0.5,0.0,,999.0
591.04,0.5,0.0,,999.0
591.1,0.5,0.0,,999.0
591.17,0.5,0.0,,999.0
591.24,0.5,0.0,,999.0
591.31,0.5,0.0,,999.0
591.37,0.5,0.0,,999.0
591.44,0.5,0.0,,999.0
591.51,0.5,0.0,,999.0
591.57,0.5,0.0,,999.0
591.64,0.5,0.0,,999.0
591.71,0.5,0.0,,999.0
591.77,0.5,0.0,,999.0
591.84,0.5,0.0,,999.0
591.91,0.5,0.0,,999.0
591.98,0.5,0.0,,999.0
592.05,0.5,0.0,,999.0
592.12,0.5,0.0,,999.0
592.18,0.5,0.0,,999.0
592.25,0.5,0.0,,999.0
592.32,0.5,0.0,,999.0
592.38,0.5,0.0,,999.0
592.45,0.5,0.0,,999.0
592.52,0.5,0.0,,999.0
592.58,0.5,0.0,,999.0
592.65,0.5,0.0,,999.0
592.71,0.5,0.0,,999.0
592.78,0.5,0.0,,999.0
592.85,0.5,0.0,,999.0
592.91,0.5,0.0,,999.0
592.98,0.5,0.0,,999.0
593.05,0.5,0.0,,999.0
593.11,0.5,0.0,,999.0
593.18,0.5,0.0,,999.0
593.25,0.5,0.0,,999.0
593.31,0.5,0.0,,999.0
593.38,0.5,0.0,,999.0
593.44,0.5,0.0,,999.0
593.51,0.5,0.0,,999.0
593.58,0.5,0.0,,999.0
593.64,0.5,0.0,,999.0
593.71,0.5,0.0,,999.0
593.78,0.5,0.0,,999.0
593.84,0.5,0.0,,999.0
593.91,0.5,0.0,,999.0
593.98,0.5,0.0,,999.0
594.04,0.5,0.0,,999.0
594.11,0.5,0.0,,999.0
594.18,0.5,0.0,,999.0
594.24,0.5,0.0,,999.0
594.31,0.5,0.0,,999.0
594.38,0.5,0.0,,999.0
594.44,0.5,0.0,,999.0
594.51,0.5,0.0,,999.0
594.58,0.5,0.0,,999.0
594.64,0.5,0.0,,999.0
594.71,0.5,0.0,,999.0
594.77,0.5,0.0,,999.0
594.84,0.5,0.0,,999.0
594.91,0.5,0.0,,999.0
594.97,0.5,0.0,,999.0
595.04,0.5,0.0,,999.0
595.11,0.5,0.0,,999.0
595.17,0.5,0.0,,999.0
595.24,0.5,0.0,,999.0
595.31,0.5,0.0,,999.0
595.37,0.5,0.0,,999.0
595.44,0.5,0.0,,999.0
595.51,0.5,0.0,,999.0
595.57,0.5,0.0,,999.0
595.64,0.5,0.0,,999.0
595.71,0.5,0.0,,999.0
595.77,0.5,0.0,,999.0
595.84,0.5,0.0,,999.0
595.91,0.5,0.0,,999.0
595.97,0.5,0.0,,999.0
596.04,0.5,0.0,,999.0
596.11,0.5,0.0,,999.0
596.17,0.5,0.0,,999.0
596.24,0.5,0.0,,999.0
596.31,0.5,0.0,,999.0
596.37,0.5,0.0,,999.0
596.44,0.5,0.0,,999.0
596.51,0.5,0.0,,999.0
596.57,0.5,0.0,,999.0
596.64,0.5,0.0,,999.0
596.71,0.5,0.0,,999.0
596.77,0.5,0.0,,999.0
596.84,0.5,0.0,,999.0
596.91,0.5,0.0,,999.0
596.97,0.5,0.0,,999.0
597.04,0.5,0.0,,999.0
597.11,0.5,0.0,,999.0
597.17,0.5,0.0,,999.0
597.24,0.5,0.0,,999.0
597.31,0.5,0.0,,999.0
597.37,0.5,0.0,,999.0
597.44,0.5,0.0,,999.0
597.51,0.5,0.0,,999.0
597.57,0.5,0.0,,999.0
597.64,0.5,0.0,,999.0
597.71,0.5,0.0,,999.0
597.78,0.5,0.0,,999.0
597.84,0.5,0.0,,999.0
597.91,0.5,0.0,,999.0
597.98,0.5,0.0,,999.0
598.04,0.5,0.0,,999.0
598.11,0.5,0.0,,999.0
598.18,0.5,0.0,,999.0
598.24,0.5,0.0,,999.0
598.31,0.5,0.0,,999.0
598.38,0.5,0.0,,999.0
598.46,0.5,0.0,,999.0
598.52,0.5,0.0,,999.0
598.59,0.5,0.0,,999.0
598.65,0.5,0.0,,999.0
598.72,0.5,0.0,,999.0
598.79,0.5,0.0,,999.0
598.85,0.5,0.0,,999.0
598.92,0.5,0.0,,999.0
598.99,0.5,0.0,,999.0
599.05,0.5,0.0,,999.0
599.12,0.5,0.0,,999.0
599.19,0.5,0.0,,999.0
599.25,0.5,0.0,,999.0
599.32,0.5,0.0,,999.0
599.38,0.5,0.0,,999.0
599.45,0.5,0.0,,999.0
599.52,0.5,0.0,,999.0
599.58,0.5,0.0,,999.0
599.65,0.5,0.0,,999.0
599.71,0.5,0.0,,999.0
599.78,0.5,0.0,,999.0
599.85,0.5,0.0,,999.0
599.92,0.5,0.0,,999.0
599.99,0.5,0.0,,999.0
600.06,0.5,0.0,,999.0
600.12,0.5,0.0,,999.0
600.19,0.5,0.0,,999.0
600.25,0.5,0.0,,999.0
600.32,0.5,0.0,,999.0
600.39,0.5,0.0,,999.0
600.45,0.5,0.0,,999.0
600.52,0.5,0.0,,999.0
600.58,0.5,0.0,,999.0
600.65,0.5,0.0,,999.0
600.72,0.5,0.0,,999.0
600.78,0.5,0.0,,999.0
600.85,0.5,0.0,,999.0
600.92,0.5,0.0,,999.0
600.98,0.5,0.0,,999.0
601.05,0.5,0.0,,999.0
601.12,0.5,0.0,,999.0
601.18,0.5,0.0,,999.0
601.25,0.5,0.0,,999.0
601.32,0.5,0.0,,999.0
601.38,0.5,0.0,,999.0
601.45,0.5,0.0,,999.0
601.51,0.5,0.0,,999.0
601.58,0.5,0.0,,999.0
601.65,0.5,0.0,,999.0
601.71,0.5,0.0,,999.0
601.78,0.5,0.0,,999.0
601.85,0.5,0.0,,999.0
601.91,0.5,0.0,,999.0
601.98,0.5,0.0,,999.0
602.05,0.5,0.0,,999.0
602.11,0.5,0.0,,999.0
602.18,0.5,0.0,,999.0
602.25,0.5,0.0,,999.0
602.31,0.5,0.0,,999.0
602.38,0.5,0.0,,999.0
602.45,0.5,0.0,,999.0
602.51,0.5,0.0,,999.0
602.58,0.5,0.0,,999.0
602.65,0.5,0.0,,999.0
602.71,0.5,0.0,,999.0
602.78,0.5,0.0,,999.0
602.85,0.5,0.0,,999.0
602.91,0.5,0.0,,999.0
602.98,0.5,0.0,,999.0
603.05,0.5,0.0,,999.0
603.11,0.5,0.0,,999.0
603.18,0.5,0.0,,999.0
603.25,0.5,0.0,,999.0
603.31,0.5,0.0,,999.0
603.38,0.5,0.0,,999.0
603.45,0.5,0.0,,999.0
603.51,0.5,0.0,,999.0
603.58,0.5,0.0,,999.0
603.65,0.5,0.0,,999.0
603.71,0.5,0.0,,999.0
603.78,0.5,0.0,,999.0
603.85,0.5,0.0,,999.0
603.91,0.5,0.0,,999.0
603.98,0.5,0.0,,999.0
604.05,0.5,0.0,,999.0
604.11,0.5,0.0,,999.0
604.18,0.5,0.0,,999.0
604.25,0.5,0.0,,999.0
604.31,0.5,0.0,,999.0
604.38,0.5,0.0,,999.0
604.45,0.5,0.0,,999.0
604.51,0.5,0.0,,999.0
604.58,0.5,0.0,,999.0
604.65,0.5,0.0,,999.0
604.72,0.5,0.0,,999.0
604.78,0.5,0.0,,999.0
604.85,0.5,0.0,,999.0
604.92,0.5,0.0,,999.0
604.98,0.5,0.0,,999.0
605.05,0.5,0.0,,999.0
605.12,0.5,0.0,,999.0
605.18,0.5,0.0,,999.0
605.25,0.5,0.0,,999.0
605.32,0.5,0.0,,999.0
605.38,0.5,0.0,,999.0
605.45,0.5,0.0,,999.0
605.52,0.5,0.0,,999.0
605.58,0.5,0.0,,999.0
605.65,0.5,0.0,,999.0
605.72,0.5,0.0,,999.0
605.79,0.5,0.0,,999.0
605.85,0.5,0.0,,999.0
605.92,0.5,0.0,,999.0
605.99,0.5,0.0,,999.0
606.05,0.5,0.0,,999.0
606.12,0.5,0.0,,999.0
606.19,0.5,0.0,,999.0
606.26,0.5,0.0,,999.0
606.32,0.5,0.0,,999.0
606.39,0.5,0.0,,999.0
606.46,0.5,0.0,,999.0
606.53,0.5,0.0,,999.0
606.6,0.5,0.0,,999.0
606.66,0.5,0.0,,999.0
606.73,0.5,0.0,,999.0
606.8,0.5,0.0,,999.0
606.86,0.5,0.0,,999.0
606.93,0.5,0.0,,999.0
607.0,0.5,0.0,,999.0
607.06,0.5,0.0,,999.0
607.13,0.5,0.0,,999.0
607.19,0.5,0.0,,999.0
607.26,0.5,0.0,,999.0
607.33,0.5,0.0,,999.0
607.39,0.5,0.0,,999.0
607.46,0.5,0.0,,999.0
607.53,0.5,0.0,,999.0
607.59,0.5,0.0,,999.0
607.66,0.5,0.0,,999.0
607.73,0.5,0.0,,999.0
607.79,0.5,0.0,,999.0
607.86,0.5,0.0,,999.0
607.93,0.5,0.0,,999.0
607.99,0.5,0.0,,999.0
608.06,0.5,0.0,,999.0
608.13,0.5,0.0,,999.0
608.19,0.5,0.0,,999.0
608.26,0.5,0.0,,999.0
608.32,0.5,0.0,,999.0
608.39,0.5,0.0,,999.0
608.46,0.5,0.0,,999.0
608.52,0.5,0.0,,999.0
608.59,0.5,0.0,,999.0
608.66,0.5,0.0,,999.0
608.72,0.5,0.0,,999.0
608.79,0.5,0.0,,999.0
608.86,0.5,0.0,,999.0
608.92,0.5,0.0,,999.0
608.99,0.5,0.0,,999.0
609.06,0.5,0.0,,999.0
609.12,0.5,0.0,,999.0
609.19,0.5,0.0,,999.0
609.25,0.5,0.0,,999.0
609.32,0.5,0.0,,999.0
609.39,0.5,0.0,,999.0
609.45,0.5,0.0,,999.0
609.52,0.5,0.0,,999.0
609.59,0.5,0.0,,999.0
609.66,0.5,0.0,,999.0
609.72,0.5,0.0,,999.0
609.79,0.5,0.0,,999.0
609.86,0.5,0.0,,999.0
609.92,0.5,0.0,,999.0
609.99,0.5,0.0,,999.0
610.06,0.5,0.0,,999.0
610.12,0.5,0.0,,999.0
610.19,0.5,0.0,,999.0
610.26,0.5,0.0,,999.0
610.32,0.5,0.0,,999.0
610.39,0.5,0.0,,999.0
610.46,0.5,0.0,,999.0
610.52,0.5,0.0,,999.0
610.59,0.5,0.0,,999.0
610.66,0.5,0.0,,999.0
610.72,0.5,0.0,,999.0
610.79,0.5,0.0,,999.0
610.86,0.5,0.0,,999.0
610.92,0.5,0.0,,999.0
610.99,0.5,0.0,,999.0
611.06,0.5,0.0,,999.0
611.12,0.5,0.0,,999.0
611.19,0.5,0.0,,999.0
611.26,0.5,0.0,,999.0
611.32,0.5,0.0,,999.0
611.39,0.5,0.0,,999.0
611.46,0.5,0.0,,999.0
611.53,0.5,0.0,,999.0
611.59,0.5,0.0,,999.0
611.66,0.5,0.0,,999.0
611.73,0.5,0.0,,999.0
611.79,0.5,0.0,,999.0
611.86,0.5,0.0,,999.0
611.93,0.5,0.0,,999.0
611.99,0.5,0.0,,999.0
612.06,0.5,0.0,,999.0
612.13,0.5,0.0,,999.0
612.19,0.5,0.0,,999.0
612.26,0.5,0.0,,999.0
612.33,0.5,0.0,,999.0
612.4,0.5,0.0,,999.0
612.46,0.5,0.0,,999.0
612.53,0.5,0.0,,999.0
612.6,0.5,0.0,,999.0
612.66,0.5,0.0,,999.0
612.73,0.5,0.0,,999.0
612.8,0.5,0.0,,999.0
612.87,0.5,0.0,,999.0
612.93,0.5,0.0,,999.0
613.0,0.5,0.0,,999.0
613.07,0.5,0.0,,999.0
613.13,0.5,0.0,,999.0
613.2,0.5,0.0,,999.0
613.27,0.5,0.0,,999.0
613.34,0.5,0.0,,999.0
613.41,0.5,0.0,,999.0
613.47,0.5,0.0,,999.0
613.54,0.5,0.0,,999.0
613.61,0.5,0.0,,999.0
613.67,0.5,0.0,,999.0
613.74,0.5,0.0,,999.0
613.81,0.5,0.0,,999.0
613.87,0.5,0.0,,999.0
613.94,0.5,0.0,,999.0
614.01,0.5,0.0,,999.0
614.07,0.5,0.0,,999.0
614.14,0.5,0.0,,999.0
614.21,0.5,0.0,,999.0
614.27,0.5,0.0,,999.0
614.34,0.5,0.0,,999.0
614.41,0.5,0.0,,999.0
614.47,0.5,0.0,,999.0
614.54,0.5,0.0,,999.0
614.6,0.5,0.0,,999.0
614.67,0.5,0.0,,999.0
614.74,0.5,0.0,,999.0
614.8,0.5,0.0,,999.0
614.87,0.5,0.0,,999.0
614.94,0.5,0.0,,999.0
615.0,0.5,0.0,,999.0
615.07,0.5,0.0,,999.0
615.14,0.5,0.0,,999.0
615.2,0.5,0.0,,999.0
615.27,0.5,0.0,,999.0
615.34,0.5,0.0,,999.0
615.4,0.5,0.0,,999.0
615.47,0.5,0.0,,999.0
615.54,0.5,0.0,,999.0
615.6,0.5,0.0,,999.0
615.67,0.5,0.0,,999.0
615.73,0.5,0.0,,999.0
615.8,0.5,0.0,,999.0
615.87,0.5,0.0,,999.0
615.93,0.5,0.0,,999.0
616.0,0.5,0.0,,999.0
616.07,0.5,0.0,,999.0
616.13,0.5,0.0,,999.0
616.2,0.5,0.0,,999.0
616.27,0.5,0.0,,999.0
616.34,0.5,0.0,,999.0
616.4,0.5,0.0,,999.0
616.47,0.5,0.0,,999.0
616.53,0.5,0.0,,999.0
616.6,0.5,0.0,,999.0
616.67,0.5,0.0,,999.0
616.73,0.5,0.0,,999.0
616.8,0.5,0.0,,999.0
616.87,0.5,0.0,,999.0
616.93,0.5,0.0,,999.0
617.0,0.5,0.0,,999.0
617.07,0.5,0.0,,999.0
617.13,0.5,0.0,,999.0
617.2,0.5,0.0,,999.0
617.27,0.5,0.0,,999.0
617.34,0.5,0.0,,999.0
617.4,0.5,0.0,,999.0
617.47,0.5,0.0,,999.0
617.54,0.5,0.0,,999.0
617.6,0.5,0.0,,999.0
617.67,0.5,0.0,,999.0
617.74,0.5,0.0,,999.0
617.8,0.5,0.0,,999.0
617.87,0.5,0.0,,999.0
617.94,0.5,0.0,,999.0
618.0,0.5,0.0,,999.0
618.07,0.5,0.0,,999.0
618.14,0.5,0.0,,999.0
618.21,0.5,0.0,,999.0
618.27,0.5,0.0,,999.0
618.34,0.5,0.0,,999.0
618.41,0.5,0.0,,999.0
618.47,0.5,0.0,,999.0
618.54,0.5,0.0,,999.0
618.61,0.5,0.0,,999.0
618.68,0.5,0.0,,999.0
618.74,0.5,0.0,,999.0
618.81,0.5,0.0,,999.0
618.88,0.5,0.0,,999.0
618.94,0.5,0.0,,999.0
619.01,0.5,0.0,,999.0
619.08,0.5,0.0,,999.0
619.15,0.5,0.0,,999.0
619.21,0.5,0.0,,999.0
619.28,0.5,0.0,,999.0
619.35,0.5,0.0,,999.0
619.42,0.5,0.0,,999.0
619.48,0.5,0.0,,999.0
619.55,0.5,0.0,,999.0
619.62,0.5,0.0,,999.0
619.68,0.5,0.0,,999.0
619.75,0.5,0.0,,999.0
619.82,0.5,0.0,,999.0
619.88,0.5,0.0,,999.0
619.95,0.5,0.0,,999.0
620.02,0.5,0.0,,999.0
620.09,0.5,0.0,,999.0
620.16,0.5,0.0,,999.0
620.22,0.5,0.0,,999.0
620.29,0.5,0.0,,999.0
620.36,0.5,0.0,,999.0
620.42,0.5,0.0,,999.0
620.49,0.5,0.0,,999.0
620.56,0.5,0.0,,999.0
620.62,0.5,0.0,,999.0
620.69,0.5,0.0,,999.0
620.76,0.5,0.0,,999.0
620.82,0.5,0.0,,999.0
620.89,0.5,0.0,,999.0
620.95,0.5,0.0,,999.0
621.02,0.5,0.0,,999.0
621.09,0.5,0.0,,999.0
621.15,0.5,0.0,,999.0
621.22,0.5,0.0,,999.0
621.29,0.5,0.0,,999.0
621.35,0.5,0.0,,999.0
621.42,0.5,0.0,,999.0
621.49,0.5,0.0,,999.0
621.55,0.5,0.0,,999.0
621.62,0.5,0.0,,999.0
621.68,0.5,0.0,,999.0
621.75,0.5,0.0,,999.0
621.82,0.5,0.0,,999.0
621.88,0.5,0.0,,999.0
621.95,0.5,0.0,,999.0
622.02,0.5,0.0,,999.0
622.09,0.5,0.0,,999.0
622.15,0.5,0.0,,999.0
622.22,0.5,0.0,,999.0
622.29,0.5,0.0,,999.0
622.35,0.5,0.0,,999.0
622.42,0.5,0.0,,999.0
622.48,0.5,0.0,,999.0
622.55,0.5,0.0,,999.0
622.62,0.5,0.0,,999.0
622.68,0.5,0.0,,999.0
622.75,0.5,0.0,,999.0
622.82,0.5,0.0,,999.0
622.88,0.5,0.0,,999.0
622.95,0.5,0.0,,999.0
623.02,0.5,0.0,,999.0
623.08,0.5,0.0,,999.0
623.15,0.5,0.0,,999.0
623.22,0.5,0.0,,999.0
623.28,0.5,0.0,,999.0
623.35,0.5,0.0,,999.0
623.42,0.5,0.0,,999.0
623.48,0.5,0.0,,999.0
623.55,0.5,0.0,,999.0
623.62,0.5,0.0,,999.0
623.68,0.5,0.0,,999.0
623.75,0.5,0.0,,999.0
623.82,0.5,0.0,,999.0
623.89,0.5,0.0,,999.0
623.95,0.5,0.0,,999.0
624.02,0.5,0.0,,999.0
624.09,0.5,0.0,,999.0
624.15,0.5,0.0,,999.0
624.22,0.5,0.0,,999.0
624.29,0.5,0.0,,999.0
624.35,0.5,0.0,,999.0
624.42,0.5,0.0,,999.0
624.49,0.5,0.0,,999.0
624.56,0.5,0.0,,999.0
624.62,0.5,0.0,,999.0
624.69,0.5,0.0,,999.0
624.76,0.5,0.0,,999.0
624.82,0.5,0.0,,999.0
624.89,0.5,0.0,,999.0
624.96,0.5,0.0,,999.0
625.02,0.5,0.0,,999.0
625.09,0.5,0.0,,999.0
625.16,0.5,0.0,,999.0
625.23,0.5,0.0,,999.0
625.29,0.5,0.0,,999.0
625.36,0.5,0.0,,999.0
625.43,0.5,0.0,,999.0
625.49,0.5,0.0,,999.0
625.56,0.5,0.0,,999.0
625.63,0.5,0.0,,999.0
625.7,0.5,0.0,,999.0
625.76,0.5,0.0,,999.0
625.83,0.5,0.0,,999.0
625.9,0.5,0.0,,999.0
625.96,0.5,0.0,,999.0
626.03,0.5,0.0,,999.0
626.1,0.5,0.0,,999.0
626.17,0.5,0.0,,999.0
626.23,0.5,0.0,,999.0
626.3,0.5,0.0,,999.0
626.37,0.5,0.0,,999.0
626.43,0.5,0.0,,999.0
626.5,0.5,0.0,,999.0
626.57,0.5,0.0,,999.0
626.64,0.5,0.0,,999.0
626.71,0.5,0.0,,999.0
626.77,0.5,0.0,,999.0
626.84,0.5,0.0,,999.0
626.91,0.5,0.0,,999.0
626.97,0.5,0.0,,999.0
627.04,0.5,0.0,,999.0
627.11,0.5,0.0,,999.0
627.17,0.5,0.0,,999.0
627.24,0.5,0.0,,999.0
627.31,0.5,0.0,,999.0
627.37,0.5,0.0,,999.0
627.44,0.5,0.0,,999.0
627.51,0.5,0.0,,999.0
627.57,0.5,0.0,,999.0
627.64,0.5,0.0,,999.0
627.7,0.5,0.0,,999.0
627.77,0.5,0.0,,999.0
627.84,0.5,0.0,,999.0
627.9,0.5,0.0,,999.0
627.97,0.5,0.0,,999.0
628.04,0.5,0.0,,999.0
628.1,0.5,0.0,,999.0
628.17,0.5,0.0,,999.0
628.24,0.5,0.0,,999.0
628.3,0.5,0.0,,999.0
628.37,0.5,0.0,,999.0
628.44,0.5,0.0,,999.0
628.5,0.5,0.0,,999.0
628.57,0.5,0.0,,999.0
628.63,0.5,0.0,,999.0
628.7,0.5,0.0,,999.0
628.77,0.5,0.0,,999.0
628.84,0.5,0.0,,999.0
628.9,0.5,0.0,,999.0
628.97,0.5,0.0,,999.0
629.04,0.5,0.0,,999.0
629.1,0.5,0.0,,999.0
629.17,0.5,0.0,,999.0
629.24,0.5,0.0,,999.0
629.3,0.5,0.0,,999.0
629.37,0.5,0.0,,999.0
629.44,0.5,0.0,,999.0
629.5,0.5,0.0,,999.0
629.57,0.5,0.0,,999.0
629.64,0.5,0.0,,999.0
629.7,0.5,0.0,,999.0
629.77,0.5,0.0,,999.0
629.84,0.5,0.0,,999.0
629.9,0.5,0.0,,999.0
629.97,0.5,0.0,,999.0
630.04,0.5,0.0,,999.0
630.1,0.5,0.0,,999.0
630.17,0.5,0.0,,999.0
630.24,0.5,0.0,,999.0
630.3,0.5,0.0,,999.0
630.37,0.5,0.0,,999.0
630.44,0.5,0.0,,999.0
630.5,0.5,0.0,,999.0
630.57,0.5,0.0,,999.0
630.64,0.5,0.0,,999.0
630.71,0.5,0.0,,999.0
630.77,0.5,0.0,,999.0
630.84,0.5,0.0,,999.0
630.91,0.5,0.0,,999.0
630.97,0.5,0.0,,999.0
631.04,0.5,0.0,,999.0
631.11,0.5,0.0,,999.0
631.17,0.5,0.0,,999.0
631.24,0.5,0.0,,999.0
631.31,0.5,0.0,,999.0
631.37,0.5,0.0,,999.0
631.44,0.5,0.0,,999.0
631.51,0.5,0.0,,999.0
631.58,0.5,0.0,,999.0
631.64,0.5,0.0,,999.0
631.71,0.5,0.0,,999.0
631.78,0.5,0.0,,999.0
631.84,0.5,0.0,,999.0
631.91,0.5,0.0,,999.0
631.98,0.5,0.0,,999.0
632.05,0.5,0.0,,999.0
632.11,0.5,0.0,,999.0
632.18,0.5,0.0,,999.0
632.25,0.5,0.0,,999.0
632.31,0.5,0.0,,999.0
632.38,0.5,0.0,,999.0
632.45,0.5,0.0,,999.0
632.51,0.5,0.0,,999.0
632.58,0.5,0.0,,999.0
632.65,0.5,0.0,,999.0
632.72,0.5,0.0,,999.0
632.78,0.5,0.0,,999.0
632.85,0.5,0.0,,999.0
632.92,0.5,0.0,,999.0
632.99,0.5,0.0,,999.0
633.05,0.5,0.0,,999.0
633.13,0.5,0.0,,999.0
633.19,0.5,0.0,,999.0
633.26,0.5,0.0,,999.0
633.33,0.5,0.0,,999.0
633.39,0.5,0.0,,999.0
633.46,0.5,0.0,,999.0
633.53,0.5,0.0,,999.0
633.59,0.5,0.0,,999.0
633.66,0.5,0.0,,999.0
633.73,0.5,0.0,,999.0
633.79,0.5,0.0,,999.0
633.86,0.5,0.0,,999.0
633.93,0.5,0.0,,999.0
633.99,0.5,0.0,,999.0
634.06,0.5,0.0,,999.0
634.13,0.5,0.0,,999.0
634.19,0.5,0.0,,999.0
634.26,0.5,0.0,,999.0
634.32,0.5,0.0,,999.0
634.39,0.5,0.0,,999.0
634.46,0.5,0.0,,999.0
634.52,0.5,0.0,,999.0
634.59,0.5,0.0,,999.0
634.66,0.5,0.0,,999.0
634.72,0.5,0.0,,999.0
634.79,0.5,0.0,,999.0
634.86,0.5,0.0,,999.0
634.92,0.5,0.0,,999.0
634.99,0.5,0.0,,999.0
635.05,0.5,0.0,,999.0
635.12,0.5,0.0,,999.0
635.19,0.5,0.0,,999.0
635.25,0.5,0.0,,999.0
635.32,0.5,0.0,,999.0
635.39,0.5,0.0,,999.0
635.45,0.5,0.0,,999.0
635.52,0.5,0.0,,999.0
635.59,0.5,0.0,,999.0
635.65,0.5,0.0,,999.0
635.72,0.5,0.0,,999.0
635.79,0.5,0.0,,999.0
635.85,0.5,0.0,,999.0
635.92,0.5,0.0,,999.0
635.99,0.5,0.0,,999.0
636.05,0.5,0.0,,999.0
636.12,0.5,0.0,,999.0
636.19,0.5,0.0,,999.0
636.25,0.5,0.0,,999.0
636.32,0.5,0.0,,999.0
636.39,0.5,0.0,,999.0
636.45,0.5,0.0,,999.0
636.52,0.5,0.0,,999.0
636.59,0.5,0.0,,999.0
636.65,0.5,0.0,,999.0
636.72,0.5,0.0,,999.0
636.79,0.5,0.0,,999.0
636.85,0.5,0.0,,999.0
636.92,0.5,0.0,,999.0
636.99,0.5,0.0,,999.0
637.05,0.5,0.0,,999.0
637.12,0.5,0.0,,999.0
637.19,0.5,0.0,,999.0
637.25,0.5,0.0,,999.0
637.32,0.5,0.0,,999.0
637.39,0.5,0.0,,999.0
637.46,0.5,0.0,,999.0
637.52,0.5,0.0,,999.0
637.59,0.5,0.0,,999.0
637.66,0.5,0.0,,999.0
637.72,0.5,0.0,,999.0
637.79,0.5,0.0,,999.0
637.86,0.5,0.0,,999.0
637.92,0.5,0.0,,999.0
637.99,0.5,0.0,,999.0
638.06,0.5,0.0,,999.0
638.12,0.5,0.0,,999.0
638.19,0.5,0.0,,999.0
638.26,0.5,0.0,,999.0
638.32,0.5,0.0,,999.0
638.39,0.5,0.0,,999.0
638.46,0.5,0.0,,999.0
638.53,0.5,0.0,,999.0
638.59,0.5,0.0,,999.0
638.66,0.5,0.0,,999.0
638.73,0.5,0.0,,999.0
638.79,0.5,0.0,,999.0
638.86,0.5,0.0,,999.0
638.93,0.5,0.0,,999.0
638.99,0.5,0.0,,999.0
639.06,0.5,0.0,,999.0
639.13,0.5,0.0,,999.0
639.2,0.5,0.0,,999.0
639.26,0.5,0.0,,999.0
639.33,0.5,0.0,,999.0
639.4,0.5,0.0,,999.0
639.47,0.5,0.0,,999.0
639.53,0.5,0.0,,999.0
639.6,0.5,0.0,,999.0
639.67,0.5,0.0,,999.0
639.74,0.5,0.0,,999.0
639.81,0.5,0.0,,999.0
639.87,0.5,0.0,,999.0
639.94,0.5,0.0,,999.0
640.01,0.5,0.0,,999.0
640.07,0.5,0.0,,999.0
640.14,0.5,0.0,,999.0
640.21,0.5,0.0,,999.0
640.27,0.5,0.0,,999.0
640.34,0.5,0.0,,999.0
640.41,0.5,0.0,,999.0
640.47,0.5,0.0,,999.0
640.54,0.5,0.0,,999.0
640.61,0.5,0.0,,999.0
640.67,0.5,0.0,,999.0
640.74,0.5,0.0,,999.0
640.8,0.5,0.0,,999.0
640.87,0.5,0.0,,999.0
640.94,0.5,0.0,,999.0
641.0,0.5,0.0,,999.0
641.07,0.5,0.0,,999.0
641.15,0.5,0.0,,999.0
641.21,0.5,0.0,,999.0
641.28,0.5,0.0,,999.0
641.35,0.5,0.0,,999.0
641.41,0.5,0.0,,999.0
641.48,0.5,0.0,,999.0
641.54,0.5,0.0,,999.0
641.61,0.5,0.0,,999.0
641.68,0.5,0.0,,999.0
641.74,0.5,0.0,,999.0
641.81,0.5,0.0,,999.0
641.88,0.5,0.0,,999.0
641.94,0.5,0.0,,999.0
642.01,0.5,0.0,,999.0
642.07,0.5,0.0,,999.0
642.14,0.5,0.0,,999.0
642.21,0.5,0.0,,999.0
642.27,0.5,0.0,,999.0
642.34,0.5,0.0,,999.0
642.41,0.5,0.0,,999.0
642.47,0.5,0.0,,999.0
642.54,0.5,0.0,,999.0
642.61,0.5,0.0,,999.0
642.67,0.5,0.0,,999.0
642.74,0.5,0.0,,999.0
642.8,0.5,0.0,,999.0
642.87,0.5,0.0,,999.0
642.94,0.5,0.0,,999.0
643.0,0.5,0.0,,999.0
643.07,0.5,0.0,,999.0
643.14,0.5,0.0,,999.0
643.2,0.5,0.0,,999.0
643.27,0.5,0.0,,999.0
643.34,0.5,0.0,,999.0
643.4,0.5,0.0,,999.0
643.47,0.5,0.0,,999.0
643.54,0.5,0.0,,999.0
643.6,0.5,0.0,,999.0
643.67,0.5,0.0,,999.0
643.74,0.5,0.0,,999.0
643.8,0.5,0.0,,999.0
643.87,0.5,0.0,,999.0
643.94,0.5,0.0,,999.0
644.0,0.5,0.0,,999.0
644.07,0.5,0.0,,999.0
644.14,0.5,0.0,,999.0
644.21,0.5,0.0,,999.0
644.27,0.5,0.0,,999.0
644.34,0.5,0.0,,999.0
644.41,0.5,0.0,,999.0
644.47,0.5,0.0,,999.0
644.54,0.5,0.0,,999.0
644.61,0.5,0.0,,999.0
644.67,0.5,0.0,,999.0
644.74,0.5,0.0,,999.0
644.81,0.5,0.0,,999.0
644.87,0.5,0.0,,999.0
644.94,0.5,0.0,,999.0
645.01,0.5,0.0,,999.0
645.08,0.5,0.0,,999.0
645.14,0.5,0.0,,999.0
645.21,0.5,0.0,,999.0
645.28,0.5,0.0,,999.0
645.34,0.5,0.0,,999.0
645.41,0.5,0.0,,999.0
645.48,0.5,0.0,,999.0
645.54,0.5,0.0,,999.0
645.61,0.5,0.0,,999.0
645.68,0.5,0.0,,999.0
645.74,0.5,0.0,,999.0
645.81,0.5,0.0,,999.0
645.88,0.5,0.0,,999.0
645.94,0.5,0.0,,999.0
646.01,0.5,0.0,,999.0
646.08,0.5,0.0,,999.0
646.15,0.5,0.0,,999.0
646.21,0.5,0.0,,999.0
646.28,0.5,0.0,,999.0
646.35,0.5,0.0,,999.0
646.41,0.5,0.0,,999.0
646.48,0.5,0.0,,999.0
646.55,0.5,0.0,,999.0
646.61,0.5,0.0,,999.0
646.68,0.5,0.0,,999.0
646.75,0.5,0.0,,999.0
646.82,0.5,0.0,,999.0
646.88,0.5,0.0,,999.0
646.95,0.5,0.0,,999.0
647.02,0.5,0.0,,999.0
647.09,0.5,0.0,,999.0
647.15,0.5,0.0,,999.0
647.22,0.5,0.0,,999.0
647.29,0.5,0.0,,999.0
647.35,0.5,0.0,,999.0
647.42,0.5,0.0,,999.0
647.49,0.5,0.0,,999.0
647.55,0.5,0.0,,999.0
647.62,0.5,0.0,,999.0
647.69,0.5,0.0,,999.0
647.76,0.5,0.0,,999.0
647.83,0.5,0.0,,999.0
647.89,0.5,0.0,,999.0
647.96,0.5,0.0,,999.0
648.03,0.5,0.0,,999.0
648.09,0.5,0.0,,999.0
648.16,0.5,0.0,,999.0
648.23,0.5,0.0,,999.0
648.29,0.5,0.0,,999.0
648.36,0.5,0.0,,999.0
648.42,0.5,0.0,,999.0
648.49,0.5,0.0,,999.0
648.56,0.5,0.0,,999.0
648.62,0.5,0.0,,999.0
648.69,0.5,0.0,,999.0
648.75,0.5,0.0,,999.0
648.82,0.5,0.0,,999.0
648.89,0.5,0.0,,999.0
648.95,0.5,0.0,,999.0
649.02,0.5,0.0,,999.0
649.09,0.5,0.0,,999.0
649.15,0.5,0.0,,999.0
649.22,0.5,0.0,,999.0
649.29,0.5,0.0,,999.0
649.35,0.5,0.0,,999.0
649.42,0.5,0.0,,999.0
649.49,0.5,0.0,,999.0
649.55,0.5,0.0,,999.0
649.62,0.5,0.0,,999.0
649.68,0.5,0.0,,999.0
649.75,0.5,0.0,,999.0
649.82,0.5,0.0,,999.0
649.88,0.5,0.0,,999.0
649.95,0.5,0.0,,999.0
650.02,0.5,0.0,,999.0
650.08,0.5,0.0,,999.0
650.15,0.5,0.0,,999.0
650.22,0.5,0.0,,999.0
650.28,0.5,0.0,,999.0
650.35,0.5,0.0,,999.0
650.42,0.5,0.0,,999.0
650.48,0.5,0.0,,999.0
650.55,0.5,0.0,,999.0
650.62,0.5,0.0,,999.0
650.68,0.5,0.0,,999.0
650.75,0.5,0.0,,999.0
650.82,0.5,0.0,,999.0
650.88,0.5,0.0,,999.0
650.95,0.5,0.0,,999.0
651.02,0.5,0.0,,999.0
651.08,0.5,0.0,,999.0
651.15,0.5,0.0,,999.0
651.22,0.5,0.0,,999.0
651.28,0.5,0.0,,999.0
651.35,0.5,0.0,,999.0
651.42,0.5,0.0,,999.0
651.48,0.5,0.0,,999.0
651.84,0.5,0.0,,999.0
651.91,0.5,0.0,,999.0
652.0,0.5,0.0,,999.0
652.06,0.5,0.0,,999.0
652.13,0.5,0.0,,999.0
652.2,0.5,0.0,,999.0
652.27,0.5,0.0,,999.0
652.33,0.5,0.0,,999.0
652.4,0.5,0.0,,999.0
652.47,0.5,0.0,,999.0
652.53,0.5,0.0,,999.0
652.6,0.5,0.0,,999.0
652.67,0.5,0.0,,999.0
652.73,0.5,0.0,,999.0
652.8,0.5,0.0,,999.0
652.87,0.5,0.0,,999.0
652.94,0.5,0.0,,999.0
653.01,0.5,0.0,,999.0
653.08,0.5,0.0,,999.0
653.14,0.5,0.0,,999.0
653.21,0.5,0.0,,999.0
653.28,0.5,0.0,,999.0
653.34,0.5,0.0,,999.0
653.41,0.5,0.0,,999.0
653.48,0.5,0.0,,999.0
653.54,0.5,0.0,,999.0
653.61,0.5,0.0,,999.0
653.68,0.5,0.0,,999.0
653.74,0.5,0.0,,999.0
653.81,0.5,0.0,,999.0
653.88,0.5,0.0,,999.0
653.95,0.5,0.0,,999.0
654.02,0.5,0.0,,999.0
654.1,0.5,0.0,,999.0
654.17,0.5,0.0,,999.0
654.25,0.5,0.0,,999.0
654.32,0.5,0.0,,999.0
654.4,0.5,0.0,,999.0
654.47,0.5,0.0,,999.0
654.54,0.5,0.0,,999.0
654.6,0.47,0.0,as_is:backproj,999.0
654.67,0.47,0.0,as_is:backproj,999.0
654.74,0.47,0.0,as_is:backproj,999.0
654.81,0.47,0.0,as_is:backproj,999.0
654.88,0.47,0.0,as_is:backproj,999.0
654.95,0.47,0.0,as_is:backproj,999.0
655.01,0.47,0.0,as_is:backproj,999.0
655.08,0.47,0.0,as_is:backproj,999.0
655.15,0.47,0.0,as_is:backproj,999.0
655.22,0.47,0.0,as_is:backproj,999.0
655.29,0.47,0.0,as_is:backproj,999.0
655.35,0.47,0.0,as_is:backproj,999.0
655.42,0.47,0.0,as_is:backproj,999.0
655.49,0.47,0.0,as_is:backproj,999.0
655.56,0.47,0.0,as_is:backproj,999.0
655.63,0.5,0.0,as_is:hue,999.0
655.69,0.5,0.0,as_is:hue,999.0
655.76,0.5,0.0,as_is:hue,999.0
655.82,0.5,0.0,as_is:hue,999.0
655.89,0.5,0.0,as_is:hue,999.0
655.96,0.5,0.0,as_is:hue,999.0
656.02,0.5,0.0,as_is:hue,999.0
656.09,0.5,0.0,as_is:hue,999.0
656.16,0.5,0.0,as_is:hue,999.0
656.23,0.5,0.0,as_is:hue,999.0
656.29,0.5,0.0,as_is:hue,999.0
656.36,0.5,0.0,as_is:hue,999.0
656.43,0.5,0.0,as_is:hue,999.0
656.5,0.5,0.0,as_is:hue,999.0
656.57,0.5,0.0,as_is:hue,999.0
656.64,0.5,0.0,as_is:backproj,999.0
656.71,0.5,0.0,as_is:backproj,999.0
656.78,0.5,0.0,as_is:backproj,999.0
656.84,0.5,0.0,as_is:backproj,999.0
656.91,0.5,0.0,as_is:backproj,999.0
656.98,0.5,0.0,as_is:backproj,999.0
657.05,0.5,0.0,as_is:backproj,999.0
657.12,0.5,0.0,as_is:backproj,999.0
657.19,0.62,0.0,as_is:backproj,999.0
657.26,0.62,0.0,as_is:backproj,999.0
657.32,0.62,0.0,as_is:backproj,999.0
657.39,0.62,0.0,as_is:backproj,999.0
657.45,0.62,0.0,as_is:backproj,999.0
657.52,0.62,0.0,as_is:backproj,999.0
657.59,0.62,0.0,as_is:backproj,999.0
657.65,0.62,0.0,as_is:backproj,999.0
657.72,0.62,0.0,as_is:backproj,999.0
657.79,0.62,0.0,as_is:backproj,999.0
657.86,0.62,0.0,as_is:backproj,999.0
657.92,0.62,0.0,as_is:backproj,999.0
657.99,0.62,0.0,as_is:backproj,999.0
658.07,0.62,0.0,as_is:backproj,999.0
658.13,0.62,0.0,as_is:backproj,999.0
658.2,0.51,0.0,as_is:backproj,999.0
658.27,0.51,0.0,as_is:backproj,999.0
658.33,0.51,0.0,as_is:backproj,999.0
658.4,0.51,0.0,as_is:backproj,999.0
658.47,0.51,0.0,as_is:backproj,999.0
658.53,0.51,0.0,as_is:backproj,999.0
658.6,0.51,0.0,as_is:backproj,999.0
658.67,0.51,0.0,as_is:backproj,999.0
658.73,0.51,0.0,as_is:backproj,999.0
658.81,0.51,0.0,as_is:backproj,999.0
658.88,0.51,0.0,as_is:backproj,999.0
658.94,0.51,0.0,as_is:backproj,999.0
659.02,0.51,0.0,as_is:backproj,999.0
659.09,0.51,0.0,as_is:backproj,999.0
659.16,0.51,0.0,as_is:backproj,999.0
659.22,0.63,0.0,as_is:backproj,999.0
659.29,0.63,0.0,as_is:backproj,999.0
659.35,0.63,0.0,as_is:backproj,999.0
659.42,0.63,0.0,as_is:backproj,999.0
659.49,0.63,0.0,as_is:backproj,999.0
659.56,0.63,0.0,as_is:backproj,999.0
659.62,0.63,0.0,as_is:backproj,999.0
659.69,0.63,0.0,as_is:backproj,999.0
659.76,0.63,0.0,as_is:backproj,999.0
659.83,0.63,0.0,as_is:backproj,999.0
659.89,0.63,0.0,as_is:backproj,999.0
659.96,0.63,0.0,as_is:backproj,999.0
660.03,0.63,0.0,as_is:backproj,999.0
660.1,0.63,0.0,as_is:backproj,999.0
660.17,0.63,0.0,as_is:backproj,999.0
660.24,0.5,0.0,as_is:hue,999.0
660.3,0.5,0.0,as_is:hue,999.0
660.37,0.5,0.0,as_is:hue,999.0
660.44,0.5,0.0,as_is:hue,999.0
660.51,0.5,0.0,as_is:hue,999.0
660.57,0.5,0.0,as_is:hue,999.0
660.64,0.5,0.0,as_is:hue,999.0
660.71,0.5,0.0,as_is:hue,999.0
660.78,0.5,0.0,as_is:hue,999.0
660.85,0.5,0.0,as_is:hue,999.0
660.92,0.5,0.0,as_is:hue,999.0
660.99,0.5,0.0,as_is:hue,999.0
661.06,0.5,0.0,as_is:hue,999.0
661.12,0.5,0.0,as_is:hue,999.0
661.19,0.5,0.0,as_is:hue,999.0
661.26,0.49,0.0,as_is:backproj,999.0
661.33,0.49,0.0,as_is:backproj,999.0
661.4,0.49,0.0,as_is:backproj,999.0
661.46,0.49,0.0,as_is:backproj,999.0
661.53,0.49,0.0,as_is:backproj,999.0
661.6,0.49,0.0,as_is:backproj,999.0
661.66,0.49,0.0,as_is:backproj,999.0
661.73,0.49,0.0,as_is:backproj,999.0
661.8,0.49,0.0,as_is:backproj,999.0
661.86,0.49,0.0,as_is:backproj,999.0
661.93,0.49,0.0,as_is:backproj,999.0
662.0,0.49,0.0,as_is:backproj,999.0
662.07,0.49,0.0,as_is:backproj,999.0
662.14,0.49,0.0,as_is:backproj,999.0
662.2,0.49,0.0,as_is:backproj,999.0
662.27,0.65,0.0,as_is:backproj,999.0
662.34,0.65,0.0,as_is:backproj,999.0
662.4,0.65,0.0,as_is:backproj,999.0
662.47,0.65,0.0,as_is:backproj,999.0
662.54,0.65,0.0,as_is:backproj,999.0
662.6,0.65,0.0,as_is:backproj,999.0
662.67,0.65,0.0,as_is:backproj,999.0
662.74,0.65,0.0,as_is:backproj,999.0
662.8,0.65,0.0,as_is:backproj,999.0
662.87,0.65,0.0,as_is:backproj,999.0
662.94,0.65,0.0,as_is:backproj,999.0
663.01,0.65,0.0,as_is:backproj,999.0
663.08,0.65,0.0,as_is:backproj,999.0
663.15,0.65,0.0,as_is:backproj,999.0
663.22,0.65,0.0,as_is:backproj,999.0
663.28,0.5,0.0,as_is:hue,999.0
663.35,0.5,0.0,as_is:hue,999.0
663.42,0.5,0.0,as_is:hue,999.0
663.48,0.5,0.0,as_is:hue,999.0
663.55,0.5,0.0,as_is:hue,999.0
663.61,0.5,0.0,as_is:hue,999.0
663.68,0.5,0.0,as_is:hue,999.0
663.75,0.5,0.0,as_is:hue,999.0
663.82,0.5,0.0,as_is:hue,999.0
663.88,0.5,0.0,as_is:hue,999.0
663.95,0.5,0.0,as_is:hue,999.0
664.02,0.5,0.0,as_is:hue,999.0
664.09,0.5,0.0,as_is:hue,999.0
664.16,0.5,0.0,as_is:hue,999.0
664.23,0.5,0.0,as_is:hue,999.0
664.3,0.5,0.0,as_is:hue,999.0
664.36,0.5,0.0,as_is:hue,999.0
664.43,0.5,0.0,as_is:hue,999.0
664.5,0.5,0.0,as_is:hue,999.0
664.56,0.5,0.0,as_is:hue,999.0
664.63,0.5,0.0,as_is:hue,999.0
664.7,0.5,0.0,as_is:hue,999.0
664.76,0.5,0.0,as_is:hue,999.0
664.83,0.5,0.0,as_is:hue,999.0
664.9,0.5,0.0,as_is:hue,999.0
664.97,0.5,0.0,as_is:hue,999.0
665.04,0.5,0.0,as_is:hue,999.0
665.11,0.5,0.0,as_is:hue,999.0
665.18,0.5,0.0,as_is:hue,999.0
665.25,0.5,0.0,as_is:hue,999.0
665.32,0.5,0.0,as_is:hue,999.0
665.39,0.5,0.0,as_is:hue,999.0
665.46,0.5,0.0,as_is:hue,999.0
665.52,0.5,0.0,as_is:hue,999.0
665.59,0.5,0.0,as_is:hue,999.0
665.66,0.5,0.0,as_is:hue,999.0
665.73,0.5,0.0,as_is:hue,999.0
665.8,0.5,0.0,as_is:hue,999.0
665.86,0.5,0.0,as_is:hue,999.0
665.94,0.5,0.0,as_is:hue,999.0
666.01,0.5,0.0,as_is:hue,999.0
666.07,0.5,0.0,as_is:hue,999.0
666.14,0.5,0.0,as_is:hue,999.0
666.21,0.5,0.0,as_is:hue,999.0
666.27,0.5,0.0,as_is:hue,999.0
666.34,0.5,0.0,as_is:hue,999.0
666.41,0.5,0.0,as_is:hue,999.0
666.48,0.5,0.0,as_is:hue,999.0
666.54,0.5,0.0,as_is:hue,999.0
666.61,0.5,0.0,as_is:hue,999.0
666.68,0.5,0.0,as_is:hue,999.0
666.75,0.5,0.0,as_is:hue,999.0
666.82,0.5,0.0,as_is:hue,999.0
666.89,0.5,0.0,as_is:hue,999.0
666.96,0.5,0.0,as_is:hue,999.0
667.02,0.5,0.0,as_is:hue,999.0
667.09,0.5,0.0,as_is:hue,999.0
667.16,0.5,0.0,as_is:hue,999.0
667.22,0.5,0.0,as_is:hue,999.0
667.29,0.5,0.0,as_is:hue,999.0
667.36,0.5,0.0,as_is:hue,999.0
667.42,0.5,0.0,as_is:hue,999.0
667.49,0.5,0.0,as_is:hue,999.0
667.56,0.5,0.0,as_is:hue,999.0
667.63,0.5,0.0,as_is:hue,999.0
667.7,0.5,0.0,as_is:hue,999.0
667.77,0.5,0.0,as_is:hue,999.0
667.84,0.5,0.0,as_is:hue,999.0
667.9,0.5,0.0,as_is:hue,999.0
667.98,0.5,0.0,as_is:hue,999.0
668.05,0.5,0.0,as_is:hue,999.0
668.12,0.5,0.0,as_is:hue,999.0
668.18,0.52,0.0,as_is:backproj,999.0
668.25,0.52,0.0,as_is:backproj,999.0
668.33,0.52,0.0,as_is:backproj,999.0
668.39,0.52,0.0,as_is:backproj,999.0
668.46,0.52,0.0,as_is:backproj,999.0
668.53,0.52,0.0,as_is:backproj,999.0
668.6,0.52,0.0,as_is:backproj,999.0
668.66,0.5,0.0,as_is:hue,999.0
668.73,0.5,0.0,as_is:hue,999.0
668.8,0.5,0.0,as_is:hue,999.0
668.87,0.5,0.0,as_is:hue,999.0
668.93,0.5,0.0,as_is:hue,999.0
669.0,0.5,0.0,as_is:hue,999.0
669.07,0.5,0.0,as_is:hue,999.0
669.14,0.56,0.0,as_is:backproj,999.0
669.21,0.56,0.0,as_is:backproj,999.0
669.27,0.56,0.0,as_is:backproj,999.0
669.34,0.56,0.0,as_is:backproj,999.0
669.41,0.56,0.0,as_is:backproj,999.0
669.47,0.56,0.0,as_is:backproj,999.0
669.54,0.56,0.0,as_is:backproj,999.0
669.61,0.56,0.0,as_is:backproj,999.0
669.67,0.56,0.0,as_is:backproj,999.0
669.74,0.56,0.0,as_is:backproj,999.0
669.81,0.56,0.0,as_is:backproj,999.0
669.88,0.56,0.0,as_is:backproj,999.0
669.95,0.56,0.0,as_is:backproj,999.0
670.02,0.56,0.0,as_is:backproj,999.0
670.09,0.56,0.0,as_is:backproj,999.0
670.16,0.5,0.0,as_is:hue,999.0
670.22,0.5,0.0,as_is:hue,999.0
670.29,0.5,0.0,as_is:hue,999.0
670.36,0.5,0.0,as_is:hue,999.0
670.42,0.5,0.0,as_is:hue,999.0
670.49,0.5,0.0,as_is:hue,999.0
670.56,0.5,0.0,as_is:hue,999.0
670.62,0.5,0.0,as_is:hue,999.0
670.69,0.5,0.0,as_is:hue,999.0
670.77,0.5,0.0,as_is:hue,999.0
670.84,0.5,0.0,as_is:hue,999.0
670.9,0.5,0.0,as_is:hue,999.0
670.97,0.5,0.0,as_is:hue,999.0
671.04,0.5,0.0,as_is:hue,999.0
671.11,0.5,0.0,as_is:hue,999.0
671.17,0.61,0.0,as_is:backproj,999.0
671.24,0.61,0.0,as_is:backproj,999.0
671.31,0.61,0.0,as_is:backproj,999.0
671.37,0.61,0.0,as_is:backproj,999.0
671.44,0.61,0.0,as_is:backproj,999.0
671.51,0.61,0.0,as_is:backproj,999.0
671.57,0.61,0.0,as_is:backproj,999.0
671.64,0.61,0.0,as_is:backproj,999.0
671.71,0.61,0.0,as_is:backproj,999.0
671.78,0.61,0.0,as_is:backproj,999.0
671.85,0.61,0.0,as_is:backproj,999.0
671.92,0.61,0.0,as_is:backproj,999.0
671.99,0.61,0.0,as_is:backproj,999.0
672.06,0.61,0.0,as_is:backproj,999.0
672.12,0.61,0.0,as_is:backproj,999.0
672.19,0.5,0.0,as_is:hue,999.0
672.26,0.5,0.0,as_is:hue,999.0
672.32,0.5,0.0,as_is:hue,999.0
672.39,0.5,0.0,as_is:hue,999.0
672.46,0.5,0.0,as_is:hue,999.0
672.52,0.5,0.0,as_is:hue,999.0
672.59,0.5,0.0,as_is:hue,999.0
672.66,0.5,0.0,as_is:hue,999.0
672.73,0.5,0.0,as_is:hue,999.0
672.8,0.5,0.0,as_is:hue,999.0
672.86,0.5,0.0,as_is:hue,999.0
672.93,0.5,0.0,as_is:hue,999.0
673.0,0.5,0.0,as_is:hue,999.0
673.07,0.5,0.0,as_is:hue,999.0
673.14,0.5,0.0,as_is:hue,999.0
673.21,0.5,0.0,as_is:hue,999.0
673.27,0.5,0.0,as_is:hue,999.0
673.34,0.5,0.0,as_is:hue,999.0
673.41,0.5,0.0,as_is:hue,999.0
673.47,0.5,0.0,as_is:hue,999.0
673.54,0.5,0.0,as_is:hue,999.0
673.61,0.5,0.0,as_is:hue,999.0
673.67,0.5,0.0,as_is:hue,999.0
673.74,0.5,0.0,as_is:hue,999.0
673.81,0.5,0.0,as_is:hue,999.0
673.88,0.5,0.0,as_is:hue,999.0
673.94,0.5,0.0,as_is:hue,999.0
674.01,0.5,0.0,as_is:hue,999.0
674.08,0.5,0.0,as_is:hue,999.0
674.15,0.5,0.0,as_is:hue,999.0
674.22,0.5,0.0,as_is:hue,999.0
674.29,0.5,0.0,as_is:hue,999.0
674.36,0.5,0.0,as_is:hue,999.0
674.43,0.5,0.0,as_is:hue,999.0
674.5,0.5,0.0,as_is:hue,999.0
674.57,0.5,0.0,as_is:hue,999.0
674.64,0.42,0.0,as_is:backproj,999.0
674.71,0.42,0.0,as_is:backproj,999.0
674.78,0.42,0.0,as_is:backproj,999.0
674.84,0.42,0.0,as_is:backproj,999.0
674.91,0.42,0.0,as_is:backproj,999.0
674.97,0.42,0.0,as_is:backproj,999.0
675.04,0.42,0.0,as_is:backproj,999.0
675.11,0.42,0.0,as_is:backproj,999.0
675.18,0.42,0.0,as_is:backproj,999.0
675.24,0.42,0.0,as_is:backproj,999.0
675.31,0.42,0.0,as_is:backproj,999.0
675.38,0.42,0.0,as_is:backproj,999.0
675.45,0.42,0.0,as_is:backproj,999.0
675.52,0.42,0.0,as_is:backproj,999.0
675.59,0.42,0.0,as_is:backproj,999.0
675.66,0.5,0.0,as_is:hue,999.0
675.72,0.5,0.0,as_is:hue,999.0
675.79,0.5,0.0,as_is:hue,999.0
675.85,0.5,0.0,as_is:hue,999.0
675.92,0.5,0.0,as_is:hue,999.0
675.99,0.5,0.0,as_is:hue,999.0
676.05,0.5,0.0,as_is:hue,999.0
676.12,0.5,0.0,as_is:hue,999.0
676.19,0.5,0.0,as_is:hue,999.0
676.25,0.5,0.0,as_is:hue,999.0
676.32,0.5,0.0,as_is:hue,999.0
676.39,0.5,0.0,as_is:hue,999.0
676.46,0.5,0.0,as_is:hue,999.0
676.53,0.5,0.0,as_is:hue,999.0
676.6,0.46,0.0,as_is:backproj,999.0
676.67,0.46,0.0,as_is:backproj,999.0
676.74,0.46,0.0,as_is:backproj,999.0
676.8,0.46,0.0,as_is:backproj,999.0
676.87,0.46,0.0,as_is:backproj,999.0
676.94,0.46,0.0,as_is:backproj,999.0
677.01,0.46,0.0,as_is:backproj,999.0
677.08,0.5,0.0,as_is:hue,999.0
677.14,0.5,0.0,as_is:hue,999.0
677.22,0.5,0.0,as_is:hue,999.0
677.28,0.5,0.0,as_is:hue,999.0
677.35,0.5,0.0,as_is:hue,999.0
677.42,0.5,0.0,as_is:hue,999.0
677.48,0.5,0.0,as_is:hue,999.0
677.55,0.5,0.0,as_is:hue,999.0
677.62,0.5,0.0,as_is:hue,999.0
677.69,0.5,0.0,as_is:hue,999.0
677.75,0.5,0.0,as_is:hue,999.0
677.82,0.5,0.0,as_is:hue,999.0
677.89,0.5,0.0,as_is:hue,999.0
677.96,0.5,0.0,as_is:hue,999.0
678.03,0.5,0.0,as_is:hue,999.0
678.1,0.5,0.0,as_is:hue,999.0
678.17,0.5,0.0,as_is:backproj,999.0
678.23,0.5,0.0,as_is:backproj,999.0
678.3,0.5,0.0,as_is:backproj,999.0
678.37,0.5,0.0,as_is:backproj,999.0
678.44,0.5,0.0,as_is:backproj,999.0
678.51,0.5,0.0,as_is:backproj,999.0
678.58,0.5,0.0,as_is:backproj,999.0
678.65,0.5,0.0,as_is:hue,999.0
678.71,0.5,0.0,as_is:hue,999.0
678.78,0.5,0.0,as_is:hue,999.0
678.85,0.5,0.0,as_is:hue,999.0
678.91,0.5,0.0,as_is:hue,999.0
678.98,0.5,0.0,as_is:hue,999.0
679.05,0.5,0.0,as_is:hue,999.0
679.11,0.5,0.0,as_is:hue,999.0
679.18,0.5,0.0,as_is:hue,999.0
679.25,0.5,0.0,as_is:hue,999.0
679.32,0.5,0.0,as_is:hue,999.0
679.39,0.5,0.0,as_is:hue,999.0
679.46,0.5,0.0,as_is:hue,999.0
679.52,0.5,0.0,as_is:hue,999.0
679.59,0.5,0.0,as_is:hue,999.0
679.67,0.5,0.0,as_is:hue,999.0
679.73,0.5,0.0,as_is:hue,999.0
679.8,0.5,0.0,as_is:hue,999.0
679.87,0.5,0.0,as_is:hue,999.0
679.94,0.5,0.0,as_is:hue,999.0
680.01,0.5,0.0,as_is:hue,999.0
680.07,0.5,0.0,as_is:hue,999.0
680.15,0.5,0.0,as_is:hue,999.0
680.21,0.5,0.0,as_is:hue,999.0
680.28,0.5,0.0,as_is:hue,999.0
680.35,0.5,0.0,as_is:hue,999.0
680.42,0.5,0.0,as_is:hue,999.0
680.49,0.5,0.0,as_is:hue,999.0
680.56,0.5,0.0,as_is:hue,999.0
680.63,0.5,0.0,as_is:hue,999.0
680.7,0.5,0.0,as_is:hue,999.0
680.76,0.5,0.0,as_is:hue,999.0
680.83,0.5,0.0,as_is:hue,999.0
680.9,0.5,0.0,as_is:hue,999.0
680.97,0.5,0.0,as_is:hue,999.0
681.04,0.54,0.0,as_is:backproj,999.0
681.11,0.54,0.0,as_is:backproj,999.0
681.18,0.54,0.0,as_is:backproj,999.0
681.24,0.54,0.0,as_is:backproj,999.0
681.32,0.54,0.0,as_is:backproj,999.0
681.38,0.54,0.0,as_is:backproj,999.0
681.45,0.54,0.0,as_is:backproj,999.0
681.52,0.54,0.0,as_is:backproj,999.0
681.58,0.54,0.0,as_is:backproj,999.0
681.65,0.54,0.0,as_is:backproj,999.0
681.72,0.54,0.0,as_is:backproj,999.0
681.79,0.54,0.0,as_is:backproj,999.0
681.86,0.54,0.0,as_is:backproj,999.0
681.93,0.54,0.0,as_is:backproj,999.0
682.0,0.54,0.0,as_is:backproj,999.0
682.06,0.54,0.0,as_is:backproj,999.0
682.13,0.58,0.0,as_is:backproj,999.0
682.2,0.58,0.0,as_is:backproj,999.0
682.26,0.58,0.0,as_is:backproj,999.0
682.33,0.58,0.0,as_is:backproj,999.0
682.4,0.58,0.0,as_is:backproj,999.0
682.46,0.58,0.0,as_is:backproj,999.0
682.53,0.58,0.0,as_is:backproj,999.0
682.6,0.58,0.0,as_is:backproj,999.0
682.67,0.58,0.0,as_is:backproj,999.0
682.74,0.58,0.0,as_is:backproj,999.0
682.81,0.58,0.0,as_is:backproj,999.0
682.88,0.58,0.0,as_is:backproj,999.0
682.96,0.58,0.0,as_is:backproj,999.0
683.03,0.58,0.0,as_is:backproj,999.0
683.09,0.5,0.0,as_is:hue,999.0
683.16,0.5,0.0,as_is:hue,999.0
683.22,0.5,0.0,as_is:hue,999.0
683.29,0.5,0.0,as_is:hue,999.0
683.36,0.5,0.0,as_is:hue,999.0
683.42,0.5,0.0,as_is:hue,999.0
683.49,0.5,0.0,as_is:hue,999.0
683.56,0.5,0.0,as_is:hue,999.0
683.62,0.5,0.0,as_is:hue,999.0
683.7,0.5,0.0,as_is:hue,999.0
683.77,0.5,0.0,as_is:hue,999.0
683.83,0.5,0.0,as_is:hue,999.0
683.9,0.5,0.0,as_is:hue,999.0
683.97,0.5,0.0,as_is:hue,999.0
684.04,0.5,0.0,as_is:hue,999.0
684.11,0.5,0.0,as_is:hue,999.0
684.18,0.5,0.0,as_is:hue,999.0
684.25,0.5,0.0,as_is:hue,999.0
684.31,0.5,0.0,as_is:hue,999.0
684.38,0.5,0.0,as_is:hue,999.0
684.45,0.5,0.0,as_is:hue,999.0
684.52,0.5,0.0,as_is:hue,999.0
684.59,0.5,0.0,as_is:hue,999.0
684.65,0.5,0.0,as_is:hue,999.0
684.72,0.5,0.0,as_is:hue,999.0
684.79,0.5,0.0,as_is:hue,999.0
684.85,0.5,0.0,as_is:hue,999.0
684.92,0.5,0.0,as_is:hue,999.0
684.98,0.5,0.0,as_is:hue,999.0
685.05,0.5,0.0,as_is:hue,999.0
685.12,0.5,0.0,as_is:hue,999.0
685.19,0.5,0.0,as_is:hue,999.0
685.26,0.5,0.0,as_is:hue,999.0
685.32,0.5,0.0,as_is:hue,999.0
685.39,0.5,0.0,as_is:hue,999.0
685.46,0.5,0.0,as_is:hue,999.0
685.53,0.5,0.0,as_is:hue,999.0
685.6,0.5,0.0,as_is:hue,999.0
685.66,0.5,0.0,as_is:hue,999.0
685.73,0.5,0.0,as_is:hue,999.0
685.79,0.5,0.0,as_is:hue,999.0
685.86,0.5,0.0,as_is:hue,999.0
685.93,0.5,0.0,as_is:hue,999.0
686.0,0.5,0.0,as_is:hue,999.0
686.06,0.5,0.0,as_is:hue,999.0
686.13,0.5,0.0,as_is:hue,999.0
686.2,0.5,0.0,as_is:hue,999.0
686.26,0.5,0.0,as_is:hue,999.0
686.33,0.5,0.0,as_is:hue,999.0
686.4,0.5,0.0,as_is:hue,999.0
686.47,0.5,0.0,as_is:hue,999.0
686.54,0.5,0.0,as_is:hue,999.0
686.6,0.5,0.0,as_is:hue,999.0
686.67,0.5,0.0,as_is:hue,999.0
686.74,0.5,0.0,as_is:hue,999.0
686.81,0.5,0.0,as_is:hue,999.0
686.87,0.5,0.0,as_is:hue,999.0
686.94,0.5,0.0,as_is:hue,999.0
687.0,0.5,0.0,as_is:hue,999.0
687.07,0.5,0.0,as_is:hue,999.0
687.14,0.5,0.0,as_is:hue,999.0
687.21,0.5,0.0,as_is:hue,999.0
687.28,0.5,0.0,as_is:hue,999.0
687.35,0.5,0.0,as_is:hue,999.0
687.42,0.5,0.0,as_is:hue,999.0
687.48,0.5,0.0,as_is:hue,999.0
687.55,0.5,0.0,as_is:hue,999.0
687.62,0.5,0.0,as_is:hue,999.0
687.69,0.5,0.0,as_is:hue,999.0
687.75,0.5,0.0,as_is:hue,999.0
687.82,0.5,0.0,as_is:hue,999.0
687.89,0.5,0.0,as_is:hue,999.0
687.95,0.5,0.0,as_is:hue,999.0
688.02,0.5,0.0,as_is:hue,999.0
688.09,0.5,0.0,as_is:hue,999.0
688.15,0.5,0.0,as_is:hue,999.0
688.22,0.5,0.0,as_is:hue,999.0
688.29,0.5,0.0,as_is:hue,999.0
688.35,0.5,0.0,as_is:hue,999.0
688.42,0.5,0.0,as_is:hue,999.0
688.49,0.5,0.0,as_is:hue,999.0
688.56,0.5,0.0,as_is:hue,999.0
688.63,0.5,0.0,as_is:hue,999.0
688.7,0.5,0.0,as_is:hue,999.0
688.76,0.5,0.0,as_is:hue,999.0
688.83,0.5,0.0,as_is:hue,999.0
688.9,0.5,0.0,as_is:hue,999.0
688.97,0.5,0.0,as_is:hue,999.0
689.04,0.5,0.0,as_is:hue,999.0
689.11,0.5,0.0,as_is:hue,999.0
689.18,0.5,0.0,as_is:hue,999.0
689.24,0.5,0.0,as_is:hue,999.0
689.31,0.5,0.0,as_is:hue,999.0
689.38,0.5,0.0,as_is:hue,999.0
689.45,0.5,0.0,as_is:hue,999.0
689.52,0.5,0.0,as_is:hue,999.0
689.59,0.5,0.0,as_is:hue,999.0
689.66,0.5,0.0,as_is:hue,999.0
689.73,0.5,0.0,as_is:hue,999.0
689.8,0.5,0.0,as_is:hue,999.0
689.86,0.5,0.0,as_is:hue,999.0
689.93,0.5,0.0,as_is:hue,999.0
689.99,0.5,0.0,as_is:hue,999.0
690.06,0.5,0.0,as_is:hue,999.0
690.13,0.5,0.0,as_is:hue,999.0
690.19,0.5,0.0,as_is:hue,999.0
690.26,0.5,0.0,as_is:hue,999.0
690.33,0.5,0.0,as_is:hue,999.0
690.39,0.5,0.0,as_is:hue,999.0
690.46,0.5,0.0,as_is:hue,999.0
690.52,0.5,0.0,as_is:hue,999.0
690.59,0.5,0.0,as_is:hue,999.0
690.66,0.5,0.0,as_is:hue,999.0
690.72,0.5,0.0,as_is:hue,999.0
690.79,0.5,0.0,as_is:hue,999.0
690.86,0.5,0.0,as_is:hue,999.0
690.93,0.5,0.0,as_is:hue,999.0
691.0,0.5,0.0,as_is:hue,999.0
691.07,0.5,0.0,as_is:hue,999.0
691.13,0.5,0.0,as_is:hue,999.0
691.2,0.5,0.0,as_is:hue,999.0
691.26,0.5,0.0,as_is:hue,999.0
691.33,0.5,0.0,as_is:hue,999.0
691.4,0.5,0.0,as_is:hue,999.0
691.46,0.5,0.0,as_is:hue,999.0
691.53,0.5,0.0,as_is:hue,999.0
691.6,0.5,0.0,as_is:hue,999.0
691.67,0.5,0.0,as_is:hue,999.0
691.73,0.5,0.0,as_is:hue,999.0
691.8,0.5,0.0,as_is:hue,999.0
691.87,0.5,0.0,as_is:hue,999.0
691.94,0.5,0.0,as_is:hue,999.0
692.01,0.5,0.0,as_is:hue,999.0
692.07,0.5,0.0,as_is:hue,999.0
692.14,0.5,0.0,as_is:hue,999.0
692.21,0.5,0.0,as_is:hue,999.0
692.27,0.5,0.0,as_is:hue,999.0
692.34,0.5,0.0,as_is:hue,999.0
692.41,0.5,0.0,as_is:hue,999.0
692.47,0.5,0.0,as_is:hue,999.0
692.54,0.5,0.0,as_is:hue,999.0
692.61,0.5,0.0,as_is:hue,999.0
692.68,0.5,0.0,as_is:hue,999.0
692.75,0.5,0.0,as_is:hue,999.0
692.82,0.5,0.0,as_is:hue,999.0
692.89,0.5,0.0,as_is:hue,999.0
692.95,0.5,0.0,as_is:hue,999.0
693.02,0.5,0.0,as_is:hue,999.0
693.09,0.5,0.0,as_is:hue,999.0
693.15,0.5,0.0,as_is:hue,999.0
693.22,0.5,0.0,as_is:hue,999.0
693.29,0.5,0.0,as_is:hue,999.0
693.36,0.5,0.0,as_is:hue,999.0
693.42,0.5,0.0,as_is:hue,999.0
693.49,0.5,0.0,as_is:hue,999.0
693.56,0.5,0.0,as_is:hue,999.0
693.62,0.5,0.0,as_is:hue,999.0
693.69,0.5,0.0,as_is:hue,999.0
693.76,0.5,0.0,as_is:hue,999.0
693.83,0.5,0.0,as_is:hue,999.0
693.9,0.5,0.0,as_is:hue,999.0
693.96,0.5,0.0,as_is:hue,999.0
694.03,0.5,0.0,as_is:hue,999.0
694.1,0.5,0.0,as_is:hue,999.0
694.17,0.5,0.0,as_is:hue,999.0
694.24,0.5,0.0,as_is:hue,999.0
694.31,0.5,0.0,as_is:hue,999.0
694.38,0.5,0.0,as_is:hue,999.0
694.45,0.5,0.0,as_is:hue,999.0
694.51,0.5,0.0,as_is:hue,999.0
694.58,0.5,0.0,as_is:hue,999.0
694.65,0.5,0.0,as_is:hue,999.0
694.72,0.5,0.0,as_is:hue,999.0
694.79,0.5,0.0,as_is:hue,999.0
694.86,0.5,0.0,as_is:hue,999.0
694.93,0.5,0.0,as_is:hue,999.0
695.0,0.5,0.0,as_is:hue,999.0
695.07,0.5,0.0,as_is:hue,999.0
695.13,0.5,0.0,as_is:hue,999.0
695.2,0.5,0.0,as_is:hue,999.0
695.27,0.5,0.0,as_is:hue,999.0
695.33,0.5,0.0,as_is:hue,999.0
695.4,0.5,0.0,as_is:hue,999.0
695.48,0.5,0.0,as_is:hue,999.0
695.55,0.5,0.0,as_is:hue,999.0
695.61,0.5,0.0,as_is:hue,999.0
695.68,0.5,0.0,as_is:hue,999.0
695.75,0.5,0.0,as_is:hue,999.0
695.82,0.5,0.0,as_is:hue,999.0
695.89,0.5,0.0,as_is:hue,999.0
695.95,0.5,0.0,as_is:hue,999.0
696.02,0.5,0.0,as_is:hue,999.0
696.09,0.5,0.0,as_is:hue,999.0
696.15,0.5,0.0,as_is:hue,999.0
696.22,0.5,0.0,as_is:hue,999.0
696.29,0.5,0.0,as_is:hue,999.0
696.36,0.5,0.0,as_is:hue,999.0
696.42,0.5,0.0,as_is:hue,999.0
696.5,0.5,0.0,as_is:hue,999.0
696.57,0.5,0.0,as_is:hue,999.0
696.64,0.5,0.0,as_is:hue,999.0
696.71,0.5,0.0,as_is:hue,999.0
696.78,0.5,0.0,as_is:hue,999.0
696.85,0.5,0.0,as_is:hue,999.0
696.91,0.5,0.0,as_is:hue,999.0
696.98,0.5,0.0,as_is:hue,999.0
697.05,0.5,0.0,as_is:hue,999.0
697.12,0.5,0.0,as_is:hue,999.0
697.19,0.5,0.0,as_is:hue,999.0
697.26,0.5,0.0,as_is:hue,999.0
697.32,0.5,0.0,as_is:hue,999.0
697.39,0.5,0.0,as_is:hue,999.0
697.46,0.4,0.0,as_is:backproj,999.0
697.52,0.4,0.0,as_is:backproj,999.0
697.59,0.4,0.0,as_is:backproj,999.0
697.66,0.4,0.0,as_is:backproj,999.0
697.72,0.4,0.0,as_is:backproj,999.0
697.79,0.4,0.0,as_is:backproj,999.0
697.85,0.4,0.0,as_is:backproj,999.0
697.92,0.4,0.0,as_is:backproj,999.0
697.99,0.4,0.0,as_is:backproj,999.0
698.05,0.4,0.0,as_is:backproj,999.0
698.12,0.4,0.0,as_is:backproj,999.0
698.19,0.4,0.0,as_is:backproj,999.0
698.25,0.4,0.0,as_is:backproj,999.0
698.32,0.4,0.0,as_is:backproj,999.0
698.38,0.4,0.0,as_is:backproj,999.0
698.45,0.4,0.0,as_is:backproj,999.0
698.52,0.4,0.0,as_is:backproj,999.0
698.59,0.4,0.0,as_is:backproj,999.0
698.66,0.4,0.0,as_is:backproj,999.0
698.72,0.4,0.0,as_is:backproj,999.0
698.79,0.4,0.0,as_is:backproj,999.0
698.86,0.4,0.0,as_is:backproj,999.0
698.93,0.4,0.0,as_is:backproj,999.0
699.0,0.6,0.0,as_is:backproj,999.0
699.07,0.6,0.0,as_is:backproj,999.0
699.14,0.6,0.0,as_is:backproj,999.0
699.22,0.6,0.0,as_is:backproj,999.0
699.28,0.6,0.0,as_is:backproj,999.0
699.35,0.6,0.0,as_is:backproj,999.0
699.42,0.6,0.0,as_is:backproj,999.0
699.49,0.63,0.0,as_is:backproj,999.0
699.56,0.63,0.0,as_is:backproj,999.0
699.62,0.63,0.0,as_is:backproj,999.0
699.69,0.63,0.0,as_is:backproj,999.0
699.76,0.63,0.0,as_is:backproj,999.0
699.83,0.63,0.0,as_is:backproj,999.0
699.9,0.63,0.0,as_is:backproj,999.0
699.97,0.5,0.0,as_is:hue,999.0
700.03,0.5,0.0,as_is:hue,999.0
700.1,0.5,0.0,as_is:hue,999.0
700.17,0.5,0.0,as_is:hue,999.0
700.23,0.5,0.0,as_is:hue,999.0
700.3,0.5,0.0,as_is:hue,999.0
700.37,0.5,0.0,as_is:hue,999.0
700.43,0.5,0.0,as_is:hue,999.0
700.5,0.5,0.0,as_is:hue,999.0
700.57,0.5,0.0,as_is:hue,999.0
700.64,0.5,0.0,as_is:hue,999.0
700.71,0.5,0.0,as_is:hue,999.0
700.78,0.5,0.0,as_is:hue,999.0
700.85,0.5,0.0,as_is:hue,999.0
700.91,0.5,0.0,as_is:hue,999.0
700.98,0.64,0.0,as_is:backproj,999.0
701.05,0.64,0.0,as_is:backproj,999.0
701.12,0.64,0.0,as_is:backproj,999.0
701.18,0.64,0.0,as_is:backproj,999.0
701.25,0.64,0.0,as_is:backproj,999.0
701.32,0.64,0.0,as_is:backproj,999.0
701.38,0.64,0.0,as_is:backproj,999.0
701.45,0.64,0.0,as_is:backproj,999.0
701.52,0.64,0.0,as_is:backproj,999.0
701.59,0.64,0.0,as_is:backproj,999.0
701.66,0.64,0.0,as_is:backproj,999.0
701.73,0.64,0.0,as_is:backproj,999.0
701.8,0.64,0.0,as_is:backproj,999.0
701.86,0.64,0.0,as_is:backproj,999.0
701.93,0.64,0.0,as_is:backproj,999.0
702.0,0.5,0.0,as_is:hue,999.0
702.07,0.5,0.0,as_is:hue,999.0
702.14,0.5,0.0,as_is:hue,999.0
702.2,0.5,0.0,as_is:hue,999.0
702.27,0.5,0.0,as_is:hue,999.0
702.34,0.5,0.0,as_is:hue,999.0
702.4,0.5,0.0,as_is:hue,999.0
702.47,0.5,0.0,as_is:hue,999.0
702.54,0.5,0.0,as_is:hue,999.0
702.61,0.5,0.0,as_is:hue,999.0
702.68,0.5,0.0,as_is:hue,999.0
702.75,0.5,0.0,as_is:hue,999.0
702.81,0.5,0.0,as_is:hue,999.0
702.88,0.5,0.0,as_is:hue,999.0
702.95,0.5,0.0,as_is:hue,999.0
703.02,0.5,0.0,as_is:hue,999.0
703.09,0.5,0.0,as_is:hue,999.0
703.16,0.5,0.0,as_is:hue,999.0
703.22,0.5,0.0,as_is:hue,999.0
703.29,0.5,0.0,as_is:hue,999.0
703.36,0.5,0.0,as_is:hue,999.0
703.42,0.5,0.0,as_is:hue,999.0
703.49,0.5,0.0,as_is:hue,999.0
703.56,0.5,0.0,as_is:hue,999.0
703.63,0.5,0.0,as_is:hue,999.0
703.7,0.5,0.0,as_is:hue,999.0
703.77,0.5,0.0,as_is:hue,999.0
703.84,0.5,0.0,as_is:hue,999.0
703.9,0.5,0.0,as_is:hue,999.0
703.97,0.5,0.0,as_is:hue,999.0
704.04,0.5,0.0,as_is:hue,999.0
704.11,0.5,0.0,as_is:hue,999.0
704.18,0.5,0.0,as_is:hue,999.0
704.25,0.5,0.0,as_is:hue,999.0
704.31,0.5,0.0,as_is:hue,999.0
704.38,0.5,0.0,as_is:hue,999.0
704.44,0.5,0.0,as_is:hue,999.0
704.51,0.5,0.0,as_is:hue,999.0
704.58,0.5,0.0,as_is:hue,999.0
704.64,0.5,0.0,as_is:hue,999.0
704.71,0.5,0.0,as_is:hue,999.0
704.77,0.5,0.0,as_is:hue,999.0
704.84,0.5,0.0,as_is:hue,999.0
704.91,0.5,0.0,as_is:hue,999.0
704.98,0.5,0.0,as_is:hue,999.0
705.05,0.5,0.0,as_is:hue,999.0
705.12,0.5,0.0,as_is:hue,999.0
705.19,0.5,0.0,as_is:hue,999.0
705.25,0.5,0.0,as_is:hue,999.0
705.32,0.5,0.0,as_is:hue,999.0
705.39,0.5,0.0,as_is:hue,999.0
705.45,0.5,0.0,as_is:hue,999.0
705.52,0.5,0.0,as_is:hue,999.0
705.59,0.5,0.0,as_is:hue,999.0
705.65,0.5,0.0,as_is:hue,999.0
705.72,0.5,0.0,as_is:hue,999.0
705.78,0.5,0.0,as_is:hue,999.0
705.85,0.5,0.0,as_is:hue,999.0
705.92,0.5,0.0,as_is:hue,999.0
705.99,0.5,0.0,as_is:hue,999.0
706.06,0.5,0.0,as_is:hue,999.0
706.13,0.5,0.0,as_is:hue,999.0
706.19,0.5,0.0,as_is:hue,999.0
706.26,0.5,0.0,as_is:hue,999.0
706.33,0.5,0.0,as_is:hue,999.0
706.4,0.5,0.0,as_is:hue,999.0
706.46,0.5,0.0,as_is:hue,999.0
706.53,0.5,0.0,as_is:hue,999.0
706.6,0.5,0.0,as_is:hue,999.0
706.66,0.5,0.0,as_is:hue,999.0
706.73,0.5,0.0,as_is:hue,999.0
706.8,0.5,0.0,as_is:hue,999.0
706.86,0.5,0.0,as_is:hue,999.0
706.93,0.5,0.0,as_is:hue,999.0
707.0,0.5,0.0,as_is:hue,999.0
707.07,0.5,0.0,as_is:hue,999.0
707.14,0.5,0.0,as_is:hue,999.0
707.21,0.5,0.0,as_is:hue,999.0
707.28,0.5,0.0,as_is:hue,999.0
707.35,0.5,0.0,as_is:hue,999.0
707.41,0.38,0.0,as_is:backproj,999.0
707.48,0.38,0.0,as_is:backproj,999.0
707.55,0.38,0.0,as_is:backproj,999.0
707.62,0.38,0.0,as_is:backproj,999.0
707.68,0.38,0.0,as_is:backproj,999.0
707.75,0.38,0.0,as_is:backproj,999.0
707.82,0.38,0.0,as_is:backproj,999.0
707.88,0.38,0.0,as_is:backproj,999.0
707.95,0.38,0.0,as_is:backproj,999.0
708.02,0.38,0.0,as_is:backproj,999.0
708.09,0.38,0.0,as_is:backproj,999.0
708.16,0.38,0.0,as_is:backproj,999.0
708.23,0.38,0.0,as_is:backproj,999.0
708.3,0.38,0.0,as_is:backproj,999.0
708.36,0.38,0.0,as_is:backproj,999.0
708.43,0.5,0.0,as_is:hue,999.0
708.5,0.5,0.0,as_is:hue,999.0
708.57,0.5,0.0,as_is:hue,999.0
708.63,0.5,0.0,as_is:hue,999.0
708.7,0.5,0.0,as_is:hue,999.0
708.77,0.5,0.0,as_is:hue,999.0
708.84,0.5,0.0,as_is:hue,999.0
708.9,0.5,0.0,as_is:hue,999.0
708.97,0.5,0.0,as_is:hue,999.0
709.04,0.5,0.0,as_is:hue,999.0
709.11,0.5,0.0,as_is:hue,999.0
709.18,0.5,0.0,as_is:hue,999.0
709.25,0.5,0.0,as_is:hue,999.0
709.32,0.5,0.0,as_is:hue,999.0
709.39,0.5,0.0,as_is:hue,999.0
709.46,0.5,0.0,as_is:hue,999.0
709.52,0.5,0.0,as_is:hue,999.0
709.59,0.5,0.0,as_is:hue,999.0
709.66,0.5,0.0,as_is:hue,999.0
709.73,0.5,0.0,as_is:hue,999.0
709.8,0.5,0.0,as_is:hue,999.0
709.87,0.5,0.0,as_is:hue,999.0
709.93,0.5,0.0,as_is:hue,999.0
710.01,0.5,0.0,as_is:hue,999.0
710.08,0.5,0.0,as_is:hue,999.0
710.15,0.5,0.0,as_is:hue,999.0
710.21,0.5,0.0,as_is:hue,999.0
710.28,0.5,0.0,as_is:hue,999.0
710.35,0.5,0.0,as_is:hue,999.0
710.42,0.5,0.0,as_is:hue,999.0
710.48,0.5,0.0,as_is:hue,999.0
710.55,0.5,0.0,as_is:hue,999.0
710.62,0.5,0.0,as_is:hue,999.0
710.68,0.5,0.0,as_is:hue,999.0
710.75,0.5,0.0,as_is:hue,999.0
710.82,0.5,0.0,as_is:hue,999.0
710.88,0.5,0.0,as_is:hue,999.0
710.95,0.5,0.0,as_is:hue,999.0
711.02,0.5,0.0,as_is:hue,999.0
711.09,0.5,0.0,as_is:hue,999.0
711.16,0.5,0.0,as_is:hue,999.0
711.23,0.5,0.0,as_is:hue,999.0
711.3,0.5,0.0,as_is:hue,999.0
711.37,0.5,0.0,as_is:hue,999.0
711.43,0.5,0.0,as_is:hue,999.0
711.5,0.5,0.0,as_is:hue,999.0
711.57,0.5,0.0,as_is:hue,999.0
711.63,0.5,0.0,as_is:hue,999.0
711.7,0.5,0.0,as_is:hue,999.0
711.76,0.5,0.0,as_is:hue,999.0
711.83,0.5,0.0,as_is:hue,999.0
711.9,0.5,0.0,as_is:hue,999.0
711.97,0.5,0.0,as_is:hue,999.0
712.04,0.5,0.0,as_is:hue,999.0
712.1,0.5,0.0,as_is:hue,999.0
712.17,0.5,0.0,as_is:hue,999.0
712.24,0.5,0.0,as_is:hue,999.0
712.31,0.5,0.0,as_is:hue,999.0
712.38,0.5,0.0,as_is:hue,999.0
712.44,0.5,0.0,as_is:hue,999.0
712.51,0.5,0.0,as_is:hue,999.0
712.58,0.5,0.0,as_is:hue,999.0
712.64,0.5,0.0,as_is:hue,999.0
712.71,0.5,0.0,as_is:hue,999.0
712.78,0.5,0.0,as_is:hue,999.0
712.85,0.5,0.0,as_is:hue,999.0
712.92,0.5,0.0,as_is:hue,999.0
712.98,0.5,0.0,as_is:hue,999.0
713.05,0.5,0.0,as_is:hue,999.0
713.12,0.5,0.0,as_is:hue,999.0
713.19,0.5,0.0,as_is:hue,999.0
713.25,0.5,0.0,as_is:hue,999.0
713.32,0.5,0.0,as_is:hue,999.0
713.39,0.5,0.0,as_is:hue,999.0
713.46,0.5,0.0,as_is:hue,999.0
713.52,0.5,0.0,as_is:hue,999.0
713.59,0.5,0.0,as_is:hue,999.0
713.66,0.5,0.0,as_is:hue,999.0
713.72,0.5,0.0,as_is:hue,999.0
713.79,0.5,0.0,as_is:hue,999.0
713.86,0.5,0.0,as_is:hue,999.0
713.93,0.5,0.0,as_is:hue,999.0
714.0,0.5,0.0,as_is:hue,999.0
714.07,0.5,0.0,as_is:hue,999.0
714.14,0.5,0.0,as_is:hue,999.0
714.21,0.5,0.0,as_is:hue,999.0
714.28,0.45,0.0,as_is:backproj,999.0
714.35,0.45,0.0,as_is:backproj,999.0
714.42,0.45,0.0,as_is:backproj,999.0
714.48,0.45,0.0,as_is:backproj,999.0
714.55,0.45,0.0,as_is:backproj,999.0
714.62,0.45,0.0,as_is:backproj,999.0
714.69,0.45,0.0,as_is:backproj,999.0
714.76,0.32,0.0,as_is:backproj,999.0
714.83,0.32,0.0,as_is:backproj,999.0
714.89,0.32,0.0,as_is:backproj,999.0
714.96,0.32,0.0,as_is:backproj,999.0
715.03,0.32,0.0,as_is:backproj,999.0
715.09,0.32,0.0,as_is:backproj,999.0
715.16,0.32,0.0,as_is:backproj,999.0
715.23,0.32,0.0,as_is:backproj,999.0
715.3,0.32,0.0,as_is:backproj,999.0
715.36,0.32,0.0,as_is:backproj,999.0
715.43,0.32,0.0,as_is:backproj,999.0
715.5,0.32,0.0,as_is:backproj,999.0
715.57,0.32,0.0,as_is:backproj,999.0
715.64,0.32,0.0,as_is:backproj,999.0
715.71,0.32,0.0,as_is:backproj,999.0
715.78,0.5,0.0,as_is:hue,999.0
715.84,0.5,0.0,as_is:hue,999.0
715.91,0.5,0.0,as_is:hue,999.0
715.98,0.5,0.0,as_is:hue,999.0
716.05,0.5,0.0,as_is:hue,999.0
716.12,0.5,0.0,as_is:hue,999.0
716.18,0.5,0.0,as_is:hue,999.0
716.25,0.5,0.0,as_is:hue,999.0
716.32,0.5,0.0,as_is:hue,999.0
716.39,0.5,0.0,as_is:hue,999.0
716.46,0.5,0.0,as_is:hue,999.0
716.53,0.5,0.0,as_is:hue,999.0
716.61,0.5,0.0,as_is:hue,999.0
716.68,0.5,0.0,as_is:hue,999.0
716.74,0.5,0.0,as_is:hue,999.0
716.81,0.5,0.0,as_is:hue,999.0
716.88,0.5,0.0,as_is:hue,999.0
716.94,0.5,0.0,as_is:hue,999.0
717.01,0.5,0.0,as_is:hue,999.0
717.07,0.5,0.0,as_is:hue,999.0
717.14,0.5,0.0,as_is:hue,999.0
717.21,0.5,0.0,as_is:hue,999.0
717.27,0.5,0.0,as_is:hue,999.0
717.34,0.5,0.0,as_is:hue,999.0
717.41,0.5,0.0,as_is:hue,999.0
717.48,0.5,0.0,as_is:hue,999.0
717.54,0.5,0.0,as_is:hue,999.0
717.61,0.5,0.0,as_is:hue,999.0
717.68,0.5,0.0,as_is:hue,999.0
717.75,0.5,0.0,as_is:hue,999.0
717.81,0.5,0.0,as_is:hue,999.0
717.88,0.5,0.0,as_is:hue,999.0
717.95,0.5,0.0,as_is:hue,999.0
718.02,0.5,0.0,as_is:hue,999.0
718.09,0.5,0.0,as_is:hue,999.0
718.16,0.5,0.0,as_is:hue,999.0
718.23,0.5,0.0,as_is:hue,999.0
718.3,0.5,0.0,as_is:hue,999.0
718.36,0.5,0.0,as_is:hue,999.0
718.43,0.5,0.0,as_is:hue,999.0
718.5,0.5,0.0,as_is:hue,999.0
718.57,0.5,0.0,as_is:hue,999.0
718.64,0.5,0.0,as_is:hue,999.0
718.7,0.5,0.0,as_is:hue,999.0
718.77,0.5,0.0,as_is:hue,999.0
718.84,0.5,0.0,as_is:hue,999.0
718.9,0.5,0.0,as_is:hue,999.0
718.97,0.5,0.0,as_is:hue,999.0
719.04,0.5,0.0,as_is:hue,999.0
719.11,0.5,0.0,as_is:hue,999.0
719.18,0.5,0.0,as_is:hue,999.0
719.24,0.5,0.0,as_is:hue,999.0
719.31,0.5,0.0,as_is:hue,999.0
719.38,0.5,0.0,as_is:hue,999.0
719.44,0.5,0.0,as_is:hue,999.0
719.51,0.5,0.0,as_is:hue,999.0
719.58,0.5,0.0,as_is:hue,999.0
719.65,0.5,0.0,as_is:hue,999.0
719.71,0.5,0.0,as_is:hue,999.0
719.78,0.5,0.0,as_is:hue,999.0
719.85,0.5,0.0,as_is:hue,999.0
719.92,0.5,0.0,as_is:hue,999.0
719.98,0.5,0.0,as_is:hue,999.0
720.05,0.5,0.0,as_is:hue,999.0
720.12,0.5,0.0,as_is:hue,999.0
720.18,0.5,0.0,as_is:hue,999.0
720.25,0.5,0.0,as_is:hue,999.0
720.32,0.5,0.0,as_is:hue,999.0
720.39,0.5,0.0,as_is:hue,999.0
720.46,0.5,0.0,as_is:hue,999.0
720.53,0.5,0.0,as_is:hue,999.0
720.59,0.5,0.0,as_is:hue,999.0
720.66,0.5,0.0,as_is:hue,999.0
720.73,0.5,0.0,as_is:hue,999.0
720.8,0.5,0.0,as_is:hue,999.0
720.86,0.5,0.0,as_is:hue,999.0
720.93,0.5,0.0,as_is:hue,999.0
720.99,0.5,0.0,as_is:hue,999.0
721.06,0.5,0.0,as_is:hue,999.0
721.13,0.5,0.0,as_is:hue,999.0
721.2,0.5,0.0,as_is:hue,999.0
721.26,0.5,0.0,as_is:hue,999.0
721.33,0.5,0.0,as_is:hue,999.0
721.4,0.5,0.0,as_is:hue,999.0
721.47,0.5,0.0,as_is:hue,999.0
721.54,0.5,0.0,as_is:hue,999.0
721.61,0.5,0.0,as_is:hue,999.0
721.67,0.5,0.0,as_is:hue,999.0
721.74,0.5,0.0,as_is:hue,999.0
721.81,0.5,0.0,as_is:hue,999.0
721.87,0.5,0.0,as_is:hue,999.0
721.94,0.5,0.0,as_is:hue,999.0
722.01,0.5,0.0,as_is:hue,999.0
722.07,0.5,0.0,as_is:hue,999.0
722.14,0.5,0.0,as_is:hue,999.0
722.21,0.5,0.0,as_is:hue,999.0
722.28,0.5,0.0,as_is:hue,999.0
722.34,0.5,0.0,as_is:hue,999.0
722.41,0.5,0.0,as_is:hue,999.0
722.48,0.5,0.0,as_is:hue,999.0
722.55,0.5,0.0,as_is:hue,999.0
722.62,0.5,0.0,as_is:hue,999.0
722.69,0.5,0.0,as_is:hue,999.0
722.76,0.5,0.0,as_is:hue,999.0
722.82,0.5,0.0,as_is:hue,999.0
722.89,0.5,0.0,as_is:hue,999.0
722.95,0.5,0.0,as_is:hue,999.0
723.02,0.5,0.0,as_is:hue,999.0
723.09,0.5,0.0,as_is:hue,999.0
723.16,0.5,0.0,as_is:hue,999.0
723.23,0.5,0.0,as_is:hue,999.0
723.3,0.5,0.0,as_is:hue,999.0
723.37,0.5,0.0,as_is:hue,999.0
723.44,0.5,0.0,as_is:hue,999.0
723.5,0.5,0.0,as_is:hue,999.0
723.57,0.5,0.0,as_is:hue,999.0
723.64,0.32,0.0,as_is:backproj,999.0
723.71,0.32,0.0,as_is:backproj,999.0
723.78,0.32,0.0,as_is:backproj,999.0
723.84,0.32,0.0,as_is:backproj,999.0
723.91,0.32,0.0,as_is:backproj,999.0
723.97,0.32,0.0,as_is:backproj,999.0
724.04,0.32,0.0,as_is:backproj,999.0
724.11,0.32,0.0,as_is:backproj,999.0
724.17,0.32,0.0,as_is:backproj,999.0
724.24,0.32,0.0,as_is:backproj,999.0
724.31,0.32,0.0,as_is:backproj,999.0
724.38,0.32,0.0,as_is:backproj,999.0
724.45,0.32,0.0,as_is:backproj,999.0
724.51,0.32,0.0,as_is:backproj,999.0
724.58,0.32,0.0,as_is:backproj,999.0
724.66,0.5,0.0,as_is:hue,999.0
724.72,0.5,0.0,as_is:hue,999.0
724.79,0.5,0.0,as_is:hue,999.0
724.86,0.5,0.0,as_is:hue,999.0
724.92,0.5,0.0,as_is:hue,999.0
724.99,0.5,0.0,as_is:hue,999.0
725.06,0.5,0.0,as_is:hue,999.0
725.12,0.5,0.0,as_is:hue,999.0
725.19,0.5,0.0,as_is:hue,999.0
725.26,0.5,0.0,as_is:hue,999.0
725.32,0.5,0.0,as_is:hue,999.0
725.39,0.5,0.0,as_is:hue,999.0
725.46,0.5,0.0,as_is:hue,999.0
725.53,0.5,0.0,as_is:hue,999.0
725.6,0.5,0.0,as_is:hue,999.0
725.67,0.5,0.0,as_is:hue,999.0
725.73,0.5,0.0,as_is:hue,999.0
725.8,0.5,0.0,as_is:hue,999.0
725.87,0.5,0.0,as_is:hue,999.0
725.93,0.5,0.0,as_is:hue,999.0
726.0,0.5,0.0,as_is:hue,999.0
726.06,0.5,0.0,as_is:hue,999.0
726.13,0.5,0.0,as_is:hue,999.0
726.2,0.5,0.0,as_is:hue,999.0
726.27,0.5,0.0,as_is:hue,999.0
726.34,0.5,0.0,as_is:hue,999.0
726.41,0.5,0.0,as_is:hue,999.0
726.47,0.5,0.0,as_is:hue,999.0
726.54,0.5,0.0,as_is:hue,999.0
726.61,0.5,0.0,as_is:hue,999.0
726.68,0.5,0.0,as_is:hue,999.0
726.75,0.5,0.0,as_is:hue,999.0
726.81,0.5,0.0,as_is:hue,999.0
726.88,0.5,0.0,as_is:hue,999.0
726.95,0.5,0.0,as_is:hue,999.0
727.01,0.5,0.0,as_is:hue,999.0
727.08,0.5,0.0,as_is:hue,999.0
727.14,0.5,0.0,as_is:hue,999.0
727.21,0.5,0.0,as_is:hue,999.0
727.28,0.5,0.0,as_is:hue,999.0
727.35,0.5,0.0,as_is:hue,999.0
727.42,0.5,0.0,as_is:hue,999.0
727.49,0.5,0.0,as_is:hue,999.0
727.56,0.5,0.0,as_is:hue,999.0
727.62,0.5,0.0,as_is:hue,999.0
727.7,0.5,0.0,as_is:hue,999.0
727.77,0.5,0.0,as_is:hue,999.0
727.83,0.5,0.0,as_is:hue,999.0
727.9,0.5,0.0,as_is:hue,999.0
727.97,0.5,0.0,as_is:hue,999.0
728.04,0.5,0.0,as_is:hue,999.0
728.11,0.5,0.0,as_is:hue,999.0
728.17,0.5,0.0,as_is:hue,999.0
728.24,0.5,0.0,as_is:hue,999.0
728.31,0.5,0.0,as_is:hue,999.0
728.37,0.5,0.0,as_is:hue,999.0
728.44,0.5,0.0,as_is:hue,999.0
728.51,0.5,0.0,as_is:hue,999.0
728.58,0.5,0.0,as_is:hue,999.0
728.64,0.5,0.0,as_is:hue,999.0
728.72,0.5,0.0,as_is:hue,999.0
728.79,0.5,0.0,as_is:hue,999.0
728.86,0.5,0.0,as_is:hue,999.0
728.92,0.5,0.0,as_is:hue,999.0
728.99,0.5,0.0,as_is:hue,999.0
729.06,0.5,0.0,as_is:hue,999.0
729.13,0.5,0.0,as_is:hue,999.0
729.2,0.5,0.0,as_is:hue,999.0
729.27,0.5,0.0,as_is:hue,999.0
729.33,0.5,0.0,as_is:hue,999.0
729.4,0.5,0.0,as_is:hue,999.0
729.47,0.5,0.0,as_is:hue,999.0
729.53,0.5,0.0,as_is:hue,999.0
729.6,0.5,0.0,as_is:hue,999.0
729.67,0.5,0.0,as_is:hue,999.0
729.74,0.5,0.0,as_is:hue,999.0
729.81,0.5,0.0,as_is:hue,999.0
729.88,0.5,0.0,as_is:hue,999.0
729.95,0.5,0.0,as_is:hue,999.0
730.02,0.5,0.0,as_is:hue,999.0
730.09,0.5,0.0,as_is:hue,999.0
730.16,0.33,0.0,as_is:backproj,999.0
730.23,0.33,0.0,as_is:backproj,999.0
730.29,0.33,0.0,as_is:backproj,999.0
730.36,0.33,0.0,as_is:backproj,999.0
730.43,0.33,0.0,as_is:backproj,999.0
730.5,0.33,0.0,as_is:backproj,999.0
730.56,0.33,0.0,as_is:backproj,999.0
730.63,0.33,0.0,as_is:backproj,999.0
730.7,0.33,0.0,as_is:backproj,999.0
730.76,0.33,0.0,as_is:backproj,999.0
730.83,0.33,0.0,as_is:backproj,999.0
730.9,0.33,0.0,as_is:backproj,999.0
730.97,0.33,0.0,as_is:backproj,999.0
731.04,0.33,0.0,as_is:backproj,999.0
731.1,0.33,0.0,as_is:backproj,999.0
731.17,0.53,0.0,as_is:backproj,999.0
731.25,0.53,0.0,as_is:backproj,999.0
731.31,0.53,0.0,as_is:backproj,999.0
731.38,0.53,0.0,as_is:backproj,999.0
731.45,0.53,0.0,as_is:backproj,999.0
731.51,0.53,0.0,as_is:backproj,999.0
731.58,0.53,0.0,as_is:backproj,999.0
731.64,0.53,0.0,as_is:backproj,999.0
731.71,0.53,0.0,as_is:backproj,999.0
731.78,0.53,0.0,as_is:backproj,999.0
731.85,0.53,0.0,as_is:backproj,999.0
731.91,0.53,0.0,as_is:backproj,999.0
731.98,0.53,0.0,as_is:backproj,999.0
732.05,0.53,0.0,as_is:backproj,999.0
732.12,0.5,0.0,as_is:hue,999.0
732.19,0.5,0.0,as_is:hue,999.0
732.26,0.5,0.0,as_is:hue,999.0
732.33,0.5,0.0,as_is:hue,999.0
732.39,0.5,0.0,as_is:hue,999.0
732.46,0.5,0.0,as_is:hue,999.0
732.53,0.5,0.0,as_is:hue,999.0
732.6,0.5,0.0,as_is:hue,999.0
732.67,0.5,0.0,as_is:hue,999.0
732.74,0.5,0.0,as_is:hue,999.0
732.8,0.5,0.0,as_is:hue,999.0
732.87,0.5,0.0,as_is:hue,999.0
732.93,0.5,0.0,as_is:hue,999.0
733.0,0.5,0.0,as_is:hue,999.0
733.07,0.5,0.0,as_is:hue,999.0
733.13,0.5,0.0,as_is:hue,999.0
733.2,0.5,0.0,as_is:hue,999.0
733.27,0.5,0.0,as_is:hue,999.0
733.34,0.5,0.0,as_is:hue,999.0
733.4,0.5,0.0,as_is:hue,999.0
733.47,0.5,0.0,as_is:hue,999.0
733.54,0.5,0.0,as_is:hue,999.0
733.61,0.31,0.0,as_is:backproj,999.0
733.68,0.31,0.0,as_is:backproj,999.0
733.74,0.31,0.0,as_is:backproj,999.0
733.81,0.31,0.0,as_is:backproj,999.0
733.87,0.31,0.0,as_is:backproj,999.0
733.94,0.31,0.0,as_is:backproj,999.0
734.01,0.31,0.0,as_is:backproj,999.0
734.07,0.31,0.0,as_is:backproj,999.0
734.14,0.31,0.0,as_is:backproj,999.0
734.21,0.31,0.0,as_is:backproj,999.0
734.28,0.31,0.0,as_is:backproj,999.0
734.35,0.31,0.0,as_is:backproj,999.0
734.42,0.31,0.0,as_is:backproj,999.0
734.48,0.31,0.0,as_is:backproj,999.0
734.55,0.31,0.0,as_is:backproj,999.0
734.62,0.5,0.0,as_is:hue,999.0
734.69,0.5,0.0,as_is:hue,999.0
734.75,0.5,0.0,as_is:hue,999.0
734.82,0.5,0.0,as_is:hue,999.0
734.88,0.5,0.0,as_is:hue,999.0
734.95,0.5,0.0,as_is:hue,999.0
735.02,0.5,0.0,as_is:hue,999.0
735.08,0.5,0.0,as_is:hue,999.0
735.15,0.5,0.0,as_is:hue,999.0
735.22,0.5,0.0,as_is:hue,999.0
735.29,0.5,0.0,as_is:hue,999.0
735.35,0.5,0.0,as_is:hue,999.0
735.42,0.5,0.0,as_is:hue,999.0
735.49,0.5,0.0,as_is:hue,999.0
735.56,0.33,0.0,as_is:backproj,999.0
735.63,0.33,0.0,as_is:backproj,999.0
735.69,0.33,0.0,as_is:backproj,999.0
735.76,0.33,0.0,as_is:backproj,999.0
735.83,0.33,0.0,as_is:backproj,999.0
735.89,0.33,0.0,as_is:backproj,999.0
735.96,0.33,0.0,as_is:backproj,999.0
736.03,0.33,0.0,as_is:backproj,999.0
736.09,0.33,0.0,as_is:backproj,999.0
736.16,0.33,0.0,as_is:backproj,999.0
736.23,0.33,0.0,as_is:backproj,999.0
736.3,0.33,0.0,as_is:backproj,999.0
736.37,0.33,0.0,as_is:backproj,999.0
736.43,0.33,0.0,as_is:backproj,999.0
736.5,0.5,0.0,as_is:hue,999.0
736.57,0.5,0.0,as_is:hue,999.0
736.64,0.5,0.0,as_is:hue,999.0
736.71,0.5,0.0,as_is:hue,999.0
736.78,0.5,0.0,as_is:hue,999.0
736.85,0.5,0.0,as_is:hue,999.0
736.92,0.5,0.0,as_is:hue,999.0
736.99,0.5,0.0,as_is:hue,999.0
737.06,0.5,0.0,as_is:hue,999.0
737.13,0.5,0.0,as_is:hue,999.0
737.19,0.5,0.0,as_is:hue,999.0
737.26,0.5,0.0,as_is:hue,999.0
737.33,0.5,0.0,as_is:hue,999.0
737.4,0.5,0.0,as_is:hue,999.0
737.47,0.5,0.0,as_is:hue,999.0
737.53,0.5,0.0,as_is:hue,999.0
737.6,0.5,0.0,as_is:hue,999.0
737.67,0.5,0.0,as_is:hue,999.0
737.73,0.5,0.0,as_is:hue,999.0
737.8,0.5,0.0,as_is:hue,999.0
737.87,0.5,0.0,as_is:hue,999.0
737.94,0.5,0.0,as_is:hue,999.0
738.01,0.5,0.0,as_is:hue,999.0
738.08,0.5,0.0,as_is:hue,999.0
738.15,0.5,0.0,as_is:hue,999.0
738.21,0.5,0.0,as_is:hue,999.0
738.28,0.5,0.0,as_is:hue,999.0
738.35,0.5,0.0,as_is:hue,999.0
738.41,0.35,0.7,as_is:backproj,999.0
738.48,0.35,0.7,as_is:backproj,999.0
738.55,0.35,0.7,as_is:backproj,999.0
738.61,0.35,0.7,as_is:backproj,999.0
738.68,0.35,0.7,as_is:backproj,999.0
738.75,0.35,0.7,as_is:backproj,999.0
738.81,0.35,0.7,as_is:backproj,999.0
738.88,0.35,0.7,as_is:backproj,999.0
738.94,0.35,0.7,as_is:backproj,999.0
739.01,0.35,0.7,as_is:backproj,999.0
739.08,0.35,0.7,as_is:backproj,999.0
739.15,0.35,0.7,as_is:backproj,999.0
739.22,0.35,0.7,as_is:backproj,999.0
739.29,0.35,0.7,as_is:backproj,999.0
739.36,0.35,0.7,as_is:backproj,999.0
739.43,0.35,0.7,as_is:backproj,999.0
739.49,0.34,0.0,as_is:backproj,999.0
739.56,0.34,0.0,as_is:backproj,999.0
739.63,0.34,0.0,as_is:backproj,999.0
739.69,0.34,0.0,as_is:backproj,999.0
739.76,0.34,0.0,as_is:backproj,999.0
739.83,0.34,0.0,as_is:backproj,999.0
739.89,0.34,0.0,as_is:backproj,999.0
739.96,0.34,0.0,as_is:backproj,999.0
740.03,0.34,0.0,as_is:backproj,999.0
740.1,0.34,0.0,as_is:backproj,999.0
740.17,0.34,0.0,as_is:backproj,999.0
740.23,0.34,0.0,as_is:backproj,999.0
740.31,0.34,0.0,as_is:backproj,999.0
740.38,0.34,0.0,as_is:backproj,999.0
740.45,0.5,0.0,as_is:hue,999.0
740.51,0.5,0.0,as_is:hue,999.0
740.58,0.5,0.0,as_is:hue,999.0
740.65,0.5,0.0,as_is:hue,999.0
740.71,0.5,0.0,as_is:hue,999.0
740.78,0.5,0.0,as_is:hue,999.0
740.84,0.5,0.0,as_is:hue,999.0
740.91,0.5,0.0,as_is:hue,999.0
740.98,0.5,0.0,as_is:hue,999.0
741.04,0.5,0.0,as_is:hue,999.0
741.11,0.5,0.0,as_is:hue,999.0
741.18,0.5,0.0,as_is:hue,999.0
741.24,0.5,0.0,as_is:hue,999.0
741.31,0.5,0.0,as_is:hue,999.0
741.37,0.5,0.0,as_is:hue,999.0
741.44,0.5,0.0,as_is:hue,999.0
741.51,0.5,0.0,as_is:hue,999.0
741.58,0.5,0.0,as_is:hue,999.0
741.65,0.5,0.0,as_is:hue,999.0
741.71,0.5,0.0,as_is:hue,999.0
741.78,0.5,0.0,as_is:hue,999.0
741.85,0.5,0.0,as_is:hue,999.0
741.92,0.33,0.0,as_is:backproj,999.0
741.99,0.33,0.0,as_is:backproj,999.0
742.06,0.33,0.0,as_is:backproj,999.0
742.12,0.33,0.0,as_is:backproj,999.0
742.19,0.33,0.0,as_is:backproj,999.0
742.25,0.33,0.0,as_is:backproj,999.0
742.32,0.33,0.0,as_is:backproj,999.0
742.39,0.33,0.0,as_is:backproj,999.0
742.46,0.33,0.0,as_is:backproj,999.0
742.53,0.33,0.0,as_is:backproj,999.0
742.6,0.33,0.0,as_is:backproj,999.0
742.67,0.33,0.0,as_is:backproj,999.0
742.73,0.33,0.0,as_is:backproj,999.0
742.8,0.33,0.0,as_is:backproj,999.0
742.87,0.4,0.0,as_is:backproj,999.0
742.94,0.4,0.0,as_is:backproj,999.0
743.0,0.4,0.0,as_is:backproj,999.0
743.07,0.4,0.0,as_is:backproj,999.0
743.13,0.4,0.0,as_is:backproj,999.0
743.2,0.4,0.0,as_is:backproj,999.0
743.27,0.4,0.0,as_is:backproj,999.0
743.34,0.4,0.0,as_is:backproj,999.0
743.4,0.4,0.0,as_is:backproj,999.0
743.48,0.4,0.0,as_is:backproj,999.0
743.55,0.4,0.0,as_is:backproj,999.0
743.61,0.4,0.0,as_is:backproj,999.0
743.68,0.4,0.0,as_is:backproj,999.0
743.75,0.4,0.0,as_is:backproj,999.0
743.82,0.4,0.0,as_is:backproj,999.0
743.89,0.5,0.0,as_is:hue,999.0
743.96,0.5,0.0,as_is:hue,999.0
744.02,0.5,0.0,as_is:hue,999.0
744.09,0.5,0.0,as_is:hue,999.0
744.16,0.5,0.0,as_is:hue,999.0
744.22,0.5,0.0,as_is:hue,999.0
744.29,0.5,0.0,as_is:hue,999.0
744.36,0.5,0.0,as_is:hue,999.0
744.43,0.5,0.0,as_is:hue,999.0
744.5,0.5,0.0,as_is:hue,999.0
744.57,0.5,0.0,as_is:hue,999.0
744.64,0.5,0.0,as_is:hue,999.0
744.71,0.5,0.0,as_is:hue,999.0
744.78,0.5,0.0,as_is:hue,999.0
744.85,0.32,0.0,as_is:backproj,999.0
744.92,0.32,0.0,as_is:backproj,999.0
744.99,0.32,0.0,as_is:backproj,999.0
745.05,0.32,0.0,as_is:backproj,999.0
745.12,0.32,0.0,as_is:backproj,999.0
745.19,0.32,0.0,as_is:backproj,999.0
745.26,0.32,0.0,as_is:backproj,999.0
745.32,0.32,0.0,as_is:backproj,999.0
745.39,0.34,0.0,as_is:backproj,999.0
745.45,0.34,0.0,as_is:backproj,999.0
745.52,0.34,0.0,as_is:backproj,999.0
745.59,0.34,0.0,as_is:backproj,999.0
745.65,0.34,0.0,as_is:backproj,999.0
745.72,0.34,0.0,as_is:backproj,999.0
745.79,0.34,0.0,as_is:backproj,999.0
745.85,0.34,0.0,as_is:backproj,999.0
745.92,0.34,0.0,as_is:backproj,999.0
745.99,0.34,0.0,as_is:backproj,999.0
746.06,0.34,0.0,as_is:backproj,999.0
746.12,0.34,0.0,as_is:backproj,999.0
746.19,0.34,0.0,as_is:backproj,999.0
746.26,0.34,0.0,as_is:backproj,999.0
746.33,0.5,0.0,as_is:hue,999.0
746.4,0.5,0.0,as_is:hue,999.0
746.46,0.5,0.0,as_is:hue,999.0
746.53,0.5,0.0,as_is:hue,999.0
746.6,0.5,0.0,as_is:hue,999.0
746.66,0.5,0.0,as_is:hue,999.0
746.73,0.5,0.0,as_is:hue,999.0
746.79,0.5,0.0,as_is:hue,999.0
746.86,0.5,0.0,as_is:hue,999.0
746.93,0.5,0.0,as_is:hue,999.0
746.99,0.5,0.0,as_is:hue,999.0
747.06,0.5,0.0,as_is:hue,999.0
747.13,0.5,0.0,as_is:hue,999.0
747.2,0.5,0.0,as_is:hue,999.0
747.27,0.5,0.0,as_is:hue,999.0
747.34,0.3,0.0,as_is:backproj,999.0
747.41,0.3,0.0,as_is:backproj,999.0
747.47,0.3,0.0,as_is:backproj,999.0
747.54,0.3,0.0,as_is:backproj,999.0
747.61,0.3,0.0,as_is:backproj,999.0
747.67,0.3,0.0,as_is:backproj,999.0
747.74,0.3,0.0,as_is:backproj,999.0
747.8,0.3,0.0,as_is:backproj,999.0
747.87,0.3,0.0,as_is:backproj,999.0
747.94,0.3,0.0,as_is:backproj,999.0
748.0,0.3,0.0,as_is:backproj,999.0
748.07,0.3,0.0,as_is:backproj,999.0
748.14,0.3,0.0,as_is:backproj,999.0
748.21,0.3,0.0,as_is:backproj,999.0
748.27,0.3,0.0,as_is:backproj,999.0
748.34,0.3,0.0,as_is:backproj,999.0
748.41,0.3,0.0,as_is:backproj,999.0
748.48,0.3,0.0,as_is:backproj,999.0
748.55,0.3,0.0,as_is:backproj,999.0
748.62,0.3,0.0,as_is:backproj,999.0
748.68,0.3,0.0,as_is:backproj,999.0
748.75,0.3,0.0,as_is:backproj,999.0
748.82,0.28,0.0,as_is:backproj,999.0
748.89,0.28,0.0,as_is:backproj,999.0
748.96,0.28,0.0,as_is:backproj,999.0
749.03,0.28,0.0,as_is:backproj,999.0
749.1,0.28,0.0,as_is:backproj,999.0
749.17,0.28,0.0,as_is:backproj,999.0
749.24,0.28,0.0,as_is:backproj,999.0
749.31,0.28,0.0,as_is:backproj,999.0
749.38,0.32,0.65,as_is:backproj,999.0
749.44,0.32,0.65,as_is:backproj,999.0
749.51,0.32,0.65,as_is:backproj,999.0
749.58,0.32,0.65,as_is:backproj,999.0
749.64,0.32,0.65,as_is:backproj,999.0
749.71,0.32,0.65,as_is:backproj,999.0
749.78,0.32,0.65,as_is:backproj,999.0
749.85,0.32,0.65,as_is:backproj,999.0
749.91,0.32,0.65,as_is:backproj,999.0
749.98,0.32,0.65,as_is:backproj,999.0
750.05,0.32,0.65,as_is:backproj,999.0
750.12,0.32,0.65,as_is:backproj,999.0
750.19,0.32,0.65,as_is:backproj,999.0
750.25,0.32,0.65,as_is:backproj,999.0
750.32,0.5,0.0,as_is:hue,999.0
750.39,0.5,0.0,as_is:hue,999.0
750.46,0.5,0.0,as_is:hue,999.0
750.53,0.5,0.0,as_is:hue,999.0
750.59,0.5,0.0,as_is:hue,999.0
750.66,0.5,0.0,as_is:hue,999.0
750.73,0.5,0.0,as_is:hue,999.0
750.8,0.5,0.0,as_is:hue,999.0
750.87,0.5,0.0,as_is:hue,999.0
750.94,0.5,0.0,as_is:hue,999.0
751.0,0.5,0.0,as_is:hue,999.0
751.07,0.5,0.0,as_is:hue,999.0
751.14,0.5,0.0,as_is:hue,999.0
751.2,0.5,0.0,as_is:hue,999.0
751.27,0.5,0.0,as_is:hue,999.0
751.34,0.5,0.0,as_is:hue,999.0
751.41,0.5,0.0,as_is:hue,999.0
751.48,0.5,0.0,as_is:hue,999.0
751.55,0.5,0.0,as_is:hue,999.0
751.63,0.5,0.0,as_is:hue,999.0
751.7,0.5,0.0,as_is:hue,999.0
751.76,0.5,0.0,as_is:hue,999.0
751.83,0.5,0.0,as_is:hue,999.0
751.9,0.5,0.0,as_is:hue,999.0
751.96,0.5,0.0,as_is:hue,999.0
752.03,0.5,0.0,as_is:hue,999.0
752.1,0.5,0.0,as_is:hue,999.0
752.16,0.5,0.0,as_is:hue,999.0
752.23,0.5,0.0,as_is:hue,999.0
752.29,0.5,0.0,as_is:hue,999.0
752.36,0.5,0.0,as_is:hue,999.0
752.43,0.5,0.0,as_is:hue,999.0
752.5,0.5,0.0,as_is:hue,999.0
752.57,0.5,0.0,as_is:hue,999.0
752.64,0.5,0.0,as_is:hue,999.0
752.71,0.5,0.0,as_is:hue,999.0
752.78,0.33,0.0,as_is:backproj,999.0
752.84,0.33,0.0,as_is:backproj,999.0
752.91,0.33,0.0,as_is:backproj,999.0
752.98,0.33,0.0,as_is:backproj,999.0
753.05,0.33,0.0,as_is:backproj,999.0
753.12,0.33,0.0,as_is:backproj,999.0
753.18,0.5,0.0,as_is:hue,999.0
753.25,0.5,0.0,as_is:hue,999.0
753.31,0.5,0.0,as_is:hue,999.0
753.38,0.5,0.0,as_is:hue,999.0
753.45,0.5,0.0,as_is:hue,999.0
753.51,0.5,0.0,as_is:hue,999.0
753.58,0.5,0.0,as_is:hue,999.0
753.65,0.5,0.0,as_is:hue,999.0
753.71,0.5,0.0,as_is:hue,999.0
753.79,0.5,0.0,as_is:hue,999.0
753.85,0.5,0.0,as_is:hue,999.0
753.92,0.5,0.0,as_is:hue,999.0
753.99,0.5,0.0,as_is:hue,999.0
754.06,0.5,0.0,as_is:hue,999.0
754.13,0.5,0.0,as_is:hue,999.0
754.2,0.5,0.0,as_is:hue,999.0
754.27,0.5,0.0,as_is:hue,999.0
754.34,0.5,0.0,as_is:hue,999.0
754.41,0.5,0.0,as_is:hue,999.0
754.47,0.5,0.0,as_is:hue,999.0
754.54,0.5,0.0,as_is:hue,999.0
754.61,0.5,0.0,as_is:hue,999.0
754.68,0.5,0.0,as_is:hue,999.0
754.75,0.5,0.0,as_is:hue,999.0
754.82,0.5,0.0,as_is:hue,999.0
754.88,0.5,0.0,as_is:hue,999.0
754.95,0.5,0.0,as_is:hue,999.0
755.02,0.5,0.0,as_is:hue,999.0
755.09,0.38,0.0,as_is:backproj,999.0
755.15,0.38,0.0,as_is:backproj,999.0
755.22,0.38,0.0,as_is:backproj,999.0
755.29,0.38,0.0,as_is:backproj,999.0
755.35,0.38,0.0,as_is:backproj,999.0
755.42,0.38,0.0,as_is:backproj,999.0
755.49,0.38,0.0,as_is:backproj,999.0
755.55,0.38,0.0,as_is:backproj,999.0
755.62,0.38,0.0,as_is:backproj,999.0
755.69,0.38,0.0,as_is:backproj,999.0
755.76,0.38,0.0,as_is:backproj,999.0
755.82,0.38,0.0,as_is:backproj,999.0
755.89,0.38,0.0,as_is:backproj,999.0
755.97,0.38,0.0,as_is:backproj,999.0
756.04,0.5,0.0,as_is:hue,999.0
756.11,0.5,0.0,as_is:hue,999.0
756.18,0.5,0.0,as_is:hue,999.0
756.25,0.5,0.0,as_is:hue,999.0
756.32,0.5,0.0,as_is:hue,999.0
756.38,0.5,0.0,as_is:hue,999.0
756.45,0.5,0.0,as_is:hue,999.0
756.52,0.5,0.0,as_is:hue,999.0
756.59,0.5,0.0,as_is:hue,999.0
756.65,0.5,0.0,as_is:hue,999.0
756.72,0.5,0.0,as_is:hue,999.0
756.78,0.5,0.0,as_is:hue,999.0
756.85,0.5,0.0,as_is:hue,999.0
756.92,0.5,0.0,as_is:hue,999.0
756.99,0.5,0.0,as_is:hue,999.0
757.05,0.5,0.0,as_is:hue,999.0
757.12,0.5,0.0,as_is:hue,999.0
757.19,0.5,0.0,as_is:hue,999.0
757.26,0.5,0.0,as_is:hue,999.0
757.33,0.5,0.0,as_is:hue,999.0
757.4,0.5,0.0,as_is:hue,999.0
757.47,0.38,0.0,as_is:backproj,999.0
757.54,0.38,0.0,as_is:backproj,999.0
757.61,0.38,0.0,as_is:backproj,999.0
757.68,0.38,0.0,as_is:backproj,999.0
757.74,0.38,0.0,as_is:backproj,999.0
757.81,0.38,0.0,as_is:backproj,999.0
757.88,0.38,0.0,as_is:backproj,999.0
757.95,0.32,0.0,as_is:backproj,999.0
758.02,0.32,0.0,as_is:backproj,999.0
758.08,0.32,0.0,as_is:backproj,999.0
758.15,0.32,0.0,as_is:backproj,999.0
758.22,0.32,0.0,as_is:backproj,999.0
758.29,0.32,0.0,as_is:backproj,999.0
758.36,0.32,0.0,as_is:backproj,999.0
758.43,0.32,0.0,as_is:backproj,999.0
758.49,0.32,0.0,as_is:backproj,999.0
758.56,0.32,0.0,as_is:backproj,999.0
758.63,0.32,0.0,as_is:backproj,999.0
758.7,0.32,0.0,as_is:backproj,999.0
758.76,0.32,0.0,as_is:backproj,999.0
758.83,0.32,0.0,as_is:backproj,999.0
758.9,0.32,0.0,as_is:backproj,999.0
758.97,0.5,0.0,as_is:hue,999.0
759.03,0.5,0.0,as_is:hue,999.0
759.1,0.5,0.0,as_is:hue,999.0
759.17,0.5,0.0,as_is:hue,999.0
759.23,0.5,0.0,as_is:hue,999.0
759.3,0.5,0.0,as_is:hue,999.0
759.36,0.5,0.0,as_is:hue,999.0
759.43,0.5,0.0,as_is:hue,999.0
759.5,0.5,0.0,as_is:hue,999.0
759.56,0.5,0.0,as_is:hue,999.0
759.63,0.5,0.0,as_is:hue,999.0
759.7,0.5,0.0,as_is:hue,999.0
759.76,0.5,0.0,as_is:hue,999.0
759.83,0.5,0.0,as_is:hue,999.0
759.9,0.36,0.0,as_is:backproj,999.0
759.97,0.36,0.0,as_is:backproj,999.0
760.04,0.36,0.0,as_is:backproj,999.0
760.11,0.36,0.0,as_is:backproj,999.0
760.18,0.36,0.0,as_is:backproj,999.0
760.25,0.36,0.0,as_is:backproj,999.0
760.31,0.36,0.0,as_is:backproj,999.0
760.38,0.5,0.0,as_is:hue,999.0
760.45,0.5,0.0,as_is:hue,999.0
760.51,0.5,0.0,as_is:hue,999.0
760.58,0.5,0.0,as_is:hue,999.0
760.65,0.5,0.0,as_is:hue,999.0
760.71,0.5,0.0,as_is:hue,999.0
760.78,0.5,0.0,as_is:hue,999.0
760.85,0.5,0.0,as_is:hue,999.0
760.91,0.5,0.0,as_is:hue,999.0
760.98,0.5,0.0,as_is:hue,999.0
761.05,0.5,0.0,as_is:hue,999.0
761.12,0.5,0.0,as_is:hue,999.0
761.19,0.5,0.0,as_is:hue,999.0
761.25,0.5,0.0,as_is:hue,999.0
761.32,0.5,0.0,as_is:hue,999.0
761.39,0.39,0.0,as_is:backproj,999.0
761.46,0.39,0.0,as_is:backproj,999.0
761.52,0.39,0.0,as_is:backproj,999.0
761.59,0.39,0.0,as_is:backproj,999.0
761.66,0.39,0.0,as_is:backproj,999.0
761.72,0.39,0.0,as_is:backproj,999.0
761.79,0.39,0.0,as_is:backproj,999.0
761.86,0.39,0.0,as_is:backproj,999.0
761.93,0.39,0.0,as_is:backproj,999.0
762.0,0.39,0.0,as_is:backproj,999.0
762.06,0.39,0.0,as_is:backproj,999.0
762.13,0.39,0.0,as_is:backproj,999.0
762.2,0.39,0.0,as_is:backproj,999.0
762.27,0.39,0.0,as_is:backproj,999.0
762.34,0.39,0.0,as_is:backproj,999.0
762.4,0.44,0.0,as_is:backproj,999.0
762.47,0.44,0.0,as_is:backproj,999.0
762.54,0.44,0.0,as_is:backproj,999.0
762.6,0.44,0.0,as_is:backproj,999.0
762.67,0.44,0.0,as_is:backproj,999.0
762.73,0.44,0.0,as_is:backproj,999.0
762.8,0.44,0.0,as_is:backproj,999.0
762.87,0.44,0.0,as_is:backproj,999.0
762.94,0.44,0.0,as_is:backproj,999.0
763.01,0.44,0.0,as_is:backproj,999.0
763.07,0.44,0.0,as_is:backproj,999.0
763.14,0.44,0.0,as_is:backproj,999.0
763.21,0.44,0.0,as_is:backproj,999.0
763.28,0.44,0.0,as_is:backproj,999.0
763.35,0.44,0.0,as_is:backproj,999.0
763.41,0.55,0.0,as_is:backproj,999.0
763.48,0.55,0.0,as_is:backproj,999.0
763.55,0.55,0.0,as_is:backproj,999.0
763.61,0.55,0.0,as_is:backproj,999.0
763.68,0.55,0.0,as_is:backproj,999.0
763.75,0.55,0.0,as_is:backproj,999.0
763.82,0.55,0.0,as_is:backproj,999.0
763.88,0.55,0.0,as_is:backproj,999.0
763.95,0.55,0.0,as_is:backproj,999.0
764.02,0.55,0.0,as_is:backproj,999.0
764.09,0.55,0.0,as_is:backproj,999.0
764.16,0.55,0.0,as_is:backproj,999.0
764.23,0.55,0.0,as_is:backproj,999.0
764.3,0.55,0.0,as_is:backproj,999.0
764.36,0.32,0.63,as_is:backproj,999.0
764.43,0.32,0.63,as_is:backproj,999.0
764.5,0.32,0.63,as_is:backproj,999.0
764.56,0.32,0.63,as_is:backproj,999.0
764.63,0.32,0.63,as_is:backproj,999.0
764.7,0.32,0.63,as_is:backproj,999.0
764.77,0.32,0.63,as_is:backproj,999.0
764.83,0.32,0.63,as_is:backproj,999.0
764.91,0.32,0.63,as_is:backproj,999.0
764.98,0.32,0.63,as_is:backproj,999.0
765.04,0.32,0.63,as_is:backproj,999.0
765.11,0.32,0.63,as_is:backproj,999.0
765.18,0.32,0.63,as_is:backproj,999.0
765.25,0.32,0.63,as_is:backproj,999.0
765.32,0.32,0.63,as_is:backproj,999.0
765.39,0.5,0.0,as_is:hue,999.0
765.46,0.5,0.0,as_is:hue,999.0
765.52,0.5,0.0,as_is:hue,999.0
765.59,0.5,0.0,as_is:hue,999.0
765.66,0.5,0.0,as_is:hue,999.0
765.72,0.5,0.0,as_is:hue,999.0
765.79,0.5,0.0,as_is:hue,999.0
765.85,0.5,0.0,as_is:hue,999.0
765.92,0.5,0.0,as_is:hue,999.0
765.99,0.5,0.0,as_is:hue,999.0
766.06,0.5,0.0,as_is:hue,999.0
766.13,0.5,0.0,as_is:hue,999.0
766.19,0.5,0.0,as_is:hue,999.0
766.26,0.5,0.0,as_is:hue,999.0
766.33,0.5,0.0,as_is:hue,999.0
766.4,0.5,0.0,as_is:hue,999.0
766.47,0.5,0.0,as_is:hue,999.0
766.54,0.5,0.0,as_is:hue,999.0
766.6,0.5,0.0,as_is:hue,999.0
766.67,0.5,0.0,as_is:hue,999.0
766.73,0.5,0.0,as_is:hue,999.0
766.8,0.5,0.0,as_is:hue,999.0
766.87,0.5,0.0,as_is:hue,999.0
766.94,0.5,0.0,as_is:hue,999.0
767.0,0.5,0.0,as_is:hue,999.0
767.07,0.5,0.0,as_is:hue,999.0
767.14,0.5,0.0,as_is:hue,999.0
767.21,0.5,0.0,as_is:hue,999.0
767.28,0.5,0.0,as_is:hue,999.0
767.35,0.67,0.0,as_is:backproj,999.0
767.41,0.67,0.0,as_is:backproj,999.0
767.48,0.67,0.0,as_is:backproj,999.0
767.55,0.67,0.0,as_is:backproj,999.0
767.61,0.67,0.0,as_is:backproj,999.0
767.68,0.67,0.0,as_is:backproj,999.0
767.75,0.67,0.0,as_is:backproj,999.0
767.82,0.5,0.0,as_is:hue,999.0
767.88,0.5,0.0,as_is:hue,999.0
767.95,0.5,0.0,as_is:hue,999.0
768.01,0.5,0.0,as_is:hue,999.0
768.08,0.5,0.0,as_is:hue,999.0
768.15,0.5,0.0,as_is:hue,999.0
768.21,0.5,0.0,as_is:hue,999.0
768.28,0.5,0.0,as_is:hue,999.0
768.35,0.5,0.0,as_is:hue,999.0
768.42,0.5,0.0,as_is:hue,999.0
768.49,0.5,0.0,as_is:hue,999.0
768.56,0.5,0.0,as_is:hue,999.0
768.63,0.5,0.0,as_is:hue,999.0
768.69,0.5,0.0,as_is:hue,999.0
768.76,0.5,0.0,as_is:hue,999.0
768.83,0.35,0.0,as_is:backproj,999.0
768.9,0.35,0.0,as_is:backproj,999.0
768.96,0.35,0.0,as_is:backproj,999.0
769.03,0.35,0.0,as_is:backproj,999.0
769.1,0.35,0.0,as_is:backproj,999.0
769.16,0.35,0.0,as_is:backproj,999.0
769.23,0.35,0.0,as_is:backproj,999.0
769.3,0.35,0.0,as_is:backproj,999.0
769.36,0.35,0.0,as_is:backproj,999.0
769.44,0.35,0.0,as_is:backproj,999.0
769.5,0.35,0.0,as_is:backproj,999.0
769.57,0.35,0.0,as_is:backproj,999.0
769.64,0.35,0.0,as_is:backproj,999.0
769.71,0.35,0.0,as_is:backproj,999.0
769.78,0.35,0.0,as_is:backproj,999.0
769.85,0.36,0.0,as_is:backproj,999.0
769.92,0.36,0.0,as_is:backproj,999.0
769.98,0.36,0.0,as_is:backproj,999.0
770.05,0.36,0.0,as_is:backproj,999.0
770.12,0.36,0.0,as_is:backproj,999.0
770.18,0.36,0.0,as_is:backproj,999.0
770.25,0.36,0.0,as_is:backproj,999.0
770.32,0.36,0.0,as_is:backproj,999.0
770.38,0.36,0.0,as_is:backproj,999.0
770.46,0.36,0.0,as_is:backproj,999.0
770.53,0.36,0.0,as_is:backproj,999.0
770.59,0.36,0.0,as_is:backproj,999.0
770.66,0.36,0.0,as_is:backproj,999.0
770.74,0.36,0.0,as_is:backproj,999.0
770.8,0.5,0.0,as_is:hue,999.0
770.87,0.5,0.0,as_is:hue,999.0
770.94,0.5,0.0,as_is:hue,999.0
771.01,0.5,0.0,as_is:hue,999.0
771.08,0.5,0.0,as_is:hue,999.0
771.15,0.5,0.0,as_is:hue,999.0
771.21,0.5,0.0,as_is:hue,999.0
771.28,0.48,0.0,as_is:backproj,999.0
771.35,0.48,0.0,as_is:backproj,999.0
771.41,0.48,0.0,as_is:backproj,999.0
771.48,0.48,0.0,as_is:backproj,999.0
771.55,0.48,0.0,as_is:backproj,999.0
771.61,0.48,0.0,as_is:backproj,999.0
771.68,0.48,0.0,as_is:backproj,999.0
771.75,0.48,0.0,as_is:backproj,999.0
771.82,0.48,0.0,as_is:backproj,999.0
771.89,0.48,0.0,as_is:backproj,999.0
771.96,0.48,0.0,as_is:backproj,999.0
772.02,0.48,0.0,as_is:backproj,999.0
772.09,0.48,0.0,as_is:backproj,999.0
772.16,0.48,0.0,as_is:backproj,999.0
772.23,0.28,0.0,as_is:backproj,999.0
772.3,0.28,0.0,as_is:backproj,999.0
772.37,0.28,0.0,as_is:backproj,999.0
772.43,0.28,0.0,as_is:backproj,999.0
772.5,0.28,0.0,as_is:backproj,999.0
772.57,0.28,0.0,as_is:backproj,999.0
772.64,0.28,0.0,as_is:backproj,999.0
772.71,0.5,0.0,as_is:hue,999.0
772.78,0.5,0.0,as_is:hue,999.0
772.85,0.5,0.0,as_is:hue,999.0
772.91,0.5,0.0,as_is:hue,999.0
772.98,0.5,0.0,as_is:hue,999.0
773.05,0.5,0.0,as_is:hue,999.0
773.11,0.5,0.0,as_is:hue,999.0
773.19,0.5,0.0,as_is:hue,999.0
773.25,0.5,0.0,as_is:hue,999.0
773.32,0.5,0.0,as_is:hue,999.0
773.39,0.5,0.0,as_is:hue,999.0
773.46,0.5,0.0,as_is:hue,999.0
773.52,0.5,0.0,as_is:hue,999.0
773.59,0.5,0.0,as_is:hue,999.0
773.66,0.5,0.0,as_is:hue,999.0
773.73,0.5,0.0,as_is:hue,999.0
773.8,0.5,0.0,as_is:hue,999.0
773.87,0.5,0.0,as_is:hue,999.0
773.94,0.5,0.0,as_is:hue,999.0
774.0,0.5,0.0,as_is:hue,999.0
774.07,0.5,0.0,as_is:hue,999.0
774.14,0.26,0.0,as_is:backproj,999.0
774.2,0.26,0.0,as_is:backproj,999.0
774.27,0.26,0.0,as_is:backproj,999.0
774.34,0.26,0.0,as_is:backproj,999.0
774.4,0.26,0.0,as_is:backproj,999.0
774.47,0.26,0.0,as_is:backproj,999.0
774.54,0.26,0.0,as_is:backproj,999.0
774.6,0.26,0.0,as_is:backproj,999.0
774.67,0.26,0.0,as_is:backproj,999.0
774.74,0.26,0.0,as_is:backproj,999.0
774.81,0.26,0.0,as_is:backproj,999.0
774.88,0.26,0.0,as_is:backproj,999.0
774.95,0.26,0.0,as_is:backproj,999.0
775.01,0.26,0.0,as_is:backproj,999.0
775.08,0.37,0.0,as_is:backproj,999.0
775.15,0.37,0.0,as_is:backproj,999.0
775.21,0.37,0.0,as_is:backproj,999.0
775.28,0.37,0.0,as_is:backproj,999.0
775.35,0.37,0.0,as_is:backproj,999.0
775.42,0.37,0.0,as_is:backproj,999.0
775.49,0.37,0.0,as_is:backproj,999.0
775.55,0.5,0.0,as_is:hue,999.0
775.62,0.5,0.0,as_is:hue,999.0
775.69,0.5,0.0,as_is:hue,999.0
775.75,0.5,0.0,as_is:hue,999.0
775.82,0.5,0.0,as_is:hue,999.0
775.89,0.5,0.0,as_is:hue,999.0
775.95,0.5,0.0,as_is:hue,999.0
776.02,0.5,0.0,as_is:hue,999.0
776.09,0.5,0.0,as_is:hue,999.0
776.16,0.5,0.0,as_is:hue,999.0
776.23,0.5,0.0,as_is:hue,999.0
776.3,0.5,0.0,as_is:hue,999.0
776.36,0.5,0.0,as_is:hue,999.0
776.43,0.5,0.0,as_is:hue,999.0
776.5,0.5,0.0,as_is:hue,999.0
776.57,0.5,0.0,as_is:hue,999.0
776.63,0.5,0.0,as_is:hue,999.0
776.7,0.5,0.0,as_is:hue,999.0
776.77,0.5,0.0,as_is:hue,999.0
776.83,0.5,0.0,as_is:hue,999.0
776.9,0.5,0.0,as_is:hue,999.0
776.97,0.5,0.0,as_is:hue,999.0
777.03,0.5,0.0,as_is:hue,999.0
777.1,0.5,0.0,as_is:hue,999.0
777.17,0.5,0.0,as_is:hue,999.0
777.23,0.5,0.0,as_is:hue,999.0
777.3,0.5,0.0,as_is:hue,999.0
777.37,0.5,0.0,as_is:hue,999.0
777.44,0.5,0.0,as_is:hue,999.0
777.5,0.38,0.0,as_is:backproj,999.0
777.58,0.38,0.0,as_is:backproj,999.0
777.65,0.38,0.0,as_is:backproj,999.0
777.71,0.38,0.0,as_is:backproj,999.0
777.78,0.38,0.0,as_is:backproj,999.0
777.85,0.38,0.0,as_is:backproj,999.0
777.92,0.5,0.0,as_is:hue,999.0
777.98,0.5,0.0,as_is:hue,999.0
778.05,0.5,0.0,as_is:hue,999.0
778.12,0.5,0.0,as_is:hue,999.0
778.19,0.5,0.0,as_is:hue,999.0
778.26,0.5,0.0,as_is:hue,999.0
778.33,0.5,0.0,as_is:hue,999.0
778.39,0.5,0.0,as_is:hue,999.0
778.46,0.5,0.0,as_is:hue,999.0
778.53,0.5,0.0,as_is:hue,999.0
778.59,0.5,0.0,as_is:hue,999.0
778.66,0.5,0.0,as_is:hue,999.0
778.73,0.5,0.0,as_is:hue,999.0
778.79,0.5,0.0,as_is:hue,999.0
778.86,0.5,0.0,as_is:hue,999.0
778.93,0.5,0.0,as_is:hue,999.0
779.0,0.5,0.0,as_is:hue,999.0
779.07,0.5,0.0,as_is:hue,999.0
779.14,0.5,0.0,as_is:hue,999.0
779.21,0.5,0.0,as_is:hue,999.0
779.28,0.5,0.0,as_is:hue,999.0
779.35,0.5,0.0,as_is:hue,999.0
779.42,0.5,0.0,as_is:hue,999.0
779.49,0.5,0.0,as_is:hue,999.0
779.56,0.5,0.0,as_is:hue,999.0
779.63,0.5,0.0,as_is:hue,999.0
779.69,0.5,0.0,as_is:hue,999.0
779.76,0.5,0.0,as_is:hue,999.0
779.83,0.5,0.0,as_is:hue,999.0
779.91,0.5,0.0,as_is:hue,999.0
779.97,0.5,0.0,as_is:hue,999.0
780.04,0.5,0.0,as_is:hue,999.0
780.11,0.5,0.0,as_is:hue,999.0
780.18,0.5,0.0,as_is:hue,999.0
780.24,0.5,0.0,as_is:hue,999.0
780.31,0.5,0.0,as_is:hue,999.0
780.38,0.5,0.0,as_is:hue,999.0
780.44,0.5,0.0,as_is:hue,999.0
780.51,0.5,0.0,as_is:hue,999.0
780.58,0.5,0.0,as_is:hue,999.0
780.65,0.5,0.0,as_is:hue,999.0
780.71,0.5,0.0,as_is:hue,999.0
780.78,0.5,0.0,as_is:hue,999.0
780.84,0.5,0.0,as_is:hue,999.0
780.91,0.5,0.0,as_is:hue,999.0
780.98,0.5,0.0,as_is:hue,999.0
781.04,0.5,0.0,as_is:hue,999.0
781.11,0.5,0.0,as_is:hue,999.0
781.18,0.5,0.0,as_is:hue,999.0
781.25,0.5,0.0,as_is:hue,999.0
781.31,0.5,0.0,as_is:hue,999.0
781.38,0.5,0.0,as_is:hue,999.0
781.45,0.5,0.0,as_is:hue,999.0
781.52,0.5,0.0,as_is:hue,999.0
781.59,0.5,0.0,as_is:hue,999.0
781.66,0.5,0.0,as_is:hue,999.0
781.73,0.5,0.0,as_is:hue,999.0
781.79,0.5,0.0,as_is:hue,999.0
781.86,0.5,0.0,as_is:hue,999.0
781.93,0.5,0.0,as_is:hue,999.0
782.0,0.5,0.0,as_is:hue,999.0
782.06,0.5,0.0,as_is:hue,999.0
782.13,0.5,0.0,as_is:hue,999.0
782.2,0.5,0.0,as_is:hue,999.0
782.26,0.5,0.0,as_is:hue,999.0
782.33,0.5,0.0,as_is:hue,999.0
782.4,0.5,0.0,as_is:hue,999.0
782.46,0.5,0.0,as_is:hue,999.0
782.53,0.5,0.0,as_is:hue,999.0
782.6,0.5,0.0,as_is:hue,999.0
782.67,0.5,0.0,as_is:hue,999.0
782.73,0.5,0.0,as_is:hue,999.0
782.8,0.5,0.0,as_is:hue,999.0
782.87,0.5,0.0,as_is:hue,999.0
782.93,0.5,0.0,as_is:hue,999.0
783.0,0.5,0.0,as_is:hue,999.0
783.07,0.5,0.0,as_is:hue,999.0
783.14,0.5,0.0,as_is:hue,999.0
783.21,0.5,0.0,as_is:hue,999.0
783.28,0.5,0.0,as_is:hue,999.0
783.35,0.5,0.0,as_is:hue,999.0
783.42,0.5,0.0,as_is:hue,999.0
783.5,0.5,0.0,as_is:hue,999.0
783.57,0.5,0.0,as_is:hue,999.0
783.63,0.5,0.0,as_is:hue,999.0
783.7,0.5,0.0,as_is:hue,999.0
783.77,0.5,0.0,as_is:hue,999.0
783.84,0.5,0.0,as_is:hue,999.0
783.91,0.5,0.0,as_is:hue,999.0
783.98,0.5,0.0,as_is:hue,999.0
784.05,0.5,0.0,as_is:hue,999.0
784.12,0.5,0.0,as_is:hue,999.0
784.19,0.5,0.0,as_is:hue,999.0
784.26,0.5,0.0,as_is:hue,999.0
784.33,0.5,0.0,as_is:hue,999.0
784.4,0.5,0.0,as_is:hue,999.0
784.46,0.5,0.0,as_is:hue,999.0
784.53,0.5,0.0,as_is:hue,999.0
784.6,0.5,0.0,as_is:hue,999.0
784.67,0.5,0.0,as_is:hue,999.0
784.74,0.5,0.0,as_is:hue,999.0
784.81,0.5,0.0,as_is:hue,999.0
784.88,0.5,0.0,as_is:hue,999.0
784.95,0.5,0.0,as_is:hue,999.0
785.01,0.5,0.0,as_is:hue,999.0
785.08,0.5,0.0,as_is:hue,999.0
785.16,0.5,0.0,as_is:hue,999.0
785.22,0.5,0.0,as_is:hue,999.0
785.29,0.5,0.0,as_is:hue,999.0
785.36,0.5,0.0,as_is:hue,999.0
785.44,0.5,0.0,as_is:hue,999.0
785.51,0.5,0.0,as_is:hue,999.0
785.57,0.5,0.0,as_is:hue,999.0
785.64,0.5,0.0,as_is:hue,999.0
785.71,0.5,0.0,as_is:hue,999.0
785.77,0.5,0.0,as_is:hue,999.0
785.84,0.5,0.0,as_is:hue,999.0
785.91,0.5,0.0,as_is:hue,999.0
785.98,0.5,0.0,as_is:hue,999.0
786.04,0.5,0.0,as_is:hue,999.0
786.11,0.5,0.0,as_is:hue,999.0
786.18,0.5,0.0,as_is:hue,999.0
786.25,0.5,0.0,as_is:hue,999.0
786.32,0.5,0.0,as_is:hue,999.0
786.39,0.5,0.0,as_is:hue,999.0
786.46,0.5,0.0,as_is:hue,999.0
786.52,0.5,0.0,as_is:hue,999.0
786.59,0.5,0.0,as_is:hue,999.0
786.66,0.5,0.0,as_is:hue,999.0
786.73,0.5,0.0,as_is:hue,999.0
786.8,0.5,0.0,as_is:hue,999.0
786.87,0.5,0.0,as_is:hue,999.0
786.94,0.5,0.0,as_is:hue,999.0
787.01,0.5,0.0,as_is:hue,999.0
787.07,0.5,0.0,as_is:hue,999.0
787.14,0.5,0.0,as_is:hue,999.0
787.21,0.5,0.0,as_is:hue,999.0
787.28,0.5,0.0,as_is:hue,999.0
787.35,0.5,0.0,as_is:hue,999.0
787.42,0.5,0.0,as_is:hue,999.0
787.48,0.5,0.0,as_is:hue,999.0
787.55,0.5,0.0,as_is:hue,999.0
787.62,0.5,0.0,as_is:hue,999.0
787.68,0.5,0.0,as_is:hue,999.0
787.75,0.5,0.0,as_is:hue,999.0
787.82,0.5,0.0,as_is:hue,999.0
787.88,0.5,0.0,as_is:hue,999.0
787.95,0.5,0.0,as_is:hue,999.0
788.02,0.5,0.0,as_is:hue,999.0
788.08,0.5,0.0,as_is:hue,999.0
788.15,0.5,0.0,as_is:hue,999.0
788.22,0.5,0.0,as_is:hue,999.0
788.28,0.5,0.0,as_is:hue,999.0
788.35,0.5,0.0,as_is:hue,999.0
788.42,0.5,0.0,as_is:hue,999.0
788.48,0.5,0.0,as_is:hue,999.0
788.55,0.5,0.0,as_is:hue,999.0
788.61,0.5,0.0,as_is:hue,999.0
788.68,0.5,0.0,as_is:hue,999.0
788.75,0.5,0.0,as_is:hue,999.0
788.82,0.5,0.0,as_is:hue,999.0
788.89,0.5,0.0,as_is:hue,999.0
788.95,0.5,0.0,as_is:hue,999.0
789.02,0.5,0.0,as_is:hue,999.0
789.09,0.5,0.0,as_is:hue,999.0
789.16,0.5,0.0,as_is:hue,999.0
789.23,0.5,0.0,as_is:hue,999.0
789.29,0.5,0.0,as_is:hue,999.0
789.36,0.5,0.0,as_is:hue,999.0
789.42,0.5,0.0,as_is:hue,999.0
789.49,0.5,0.0,as_is:hue,999.0
789.56,0.5,0.0,as_is:hue,999.0
789.63,0.5,0.0,as_is:hue,999.0
789.69,0.5,0.0,as_is:hue,999.0
789.76,0.5,0.0,as_is:hue,999.0
789.83,0.5,0.0,as_is:hue,999.0
789.89,0.5,0.0,as_is:hue,999.0
789.96,0.5,0.0,as_is:hue,999.0
790.03,0.5,0.0,as_is:hue,999.0
790.1,0.5,0.0,as_is:hue,999.0
790.17,0.5,0.0,as_is:hue,999.0
790.24,0.5,0.0,as_is:hue,999.0
790.3,0.5,0.0,as_is:hue,999.0
790.37,0.5,0.0,as_is:hue,999.0
790.43,0.5,0.0,as_is:hue,999.0
790.5,0.5,0.0,as_is:hue,999.0
790.57,0.5,0.0,as_is:hue,999.0
790.64,0.5,0.0,as_is:hue,999.0
790.71,0.5,0.0,as_is:hue,999.0
790.78,0.5,0.0,as_is:hue,999.0
790.86,0.5,0.0,as_is:hue,999.0
790.92,0.5,0.0,as_is:hue,999.0
790.99,0.5,0.0,as_is:hue,999.0
791.06,0.5,0.0,as_is:hue,999.0
791.13,0.5,0.0,as_is:hue,999.0
791.2,0.5,0.0,as_is:hue,999.0
791.27,0.5,0.0,as_is:hue,999.0
791.34,0.5,0.0,as_is:hue,999.0
791.41,0.5,0.0,as_is:hue,999.0
791.48,0.5,0.0,as_is:hue,999.0
791.54,0.5,0.0,as_is:hue,999.0
791.61,0.5,0.0,as_is:hue,999.0
791.68,0.5,0.0,as_is:hue,999.0
791.75,0.5,0.0,as_is:hue,999.0
791.82,0.5,0.0,as_is:hue,999.0
791.89,0.5,0.0,as_is:hue,999.0
791.96,0.5,0.0,as_is:hue,999.0
792.03,0.5,0.0,as_is:hue,999.0
792.1,0.5,0.0,as_is:hue,999.0
792.17,0.5,0.0,as_is:hue,999.0
792.24,0.5,0.0,as_is:hue,999.0
792.31,0.5,0.0,as_is:hue,999.0
792.38,0.5,0.0,as_is:hue,999.0
792.45,0.5,0.0,as_is:hue,999.0
792.52,0.5,0.0,as_is:hue,999.0
792.59,0.5,0.0,as_is:hue,999.0
792.65,0.5,0.0,as_is:hue,999.0
792.72,0.5,0.0,as_is:hue,999.0
792.78,0.5,0.0,as_is:hue,999.0
792.85,0.5,0.0,as_is:hue,999.0
792.92,0.5,0.0,as_is:hue,999.0
792.99,0.5,0.0,as_is:hue,999.0
793.05,0.5,0.0,as_is:hue,999.0
793.12,0.5,0.0,as_is:hue,999.0
793.19,0.5,0.0,as_is:hue,999.0
793.26,0.5,0.0,as_is:hue,999.0
793.34,0.5,0.0,as_is:hue,999.0
793.41,0.5,0.0,as_is:hue,999.0
793.48,0.5,0.0,as_is:hue,999.0
793.55,0.5,0.0,as_is:hue,999.0
793.62,0.5,0.0,as_is:hue,999.0
793.68,0.5,0.0,as_is:hue,999.0
793.75,0.5,0.0,as_is:hue,999.0
793.82,0.5,0.0,as_is:hue,999.0
793.89,0.5,0.0,as_is:hue,999.0
793.95,0.5,0.0,as_is:hue,999.0
794.02,0.5,0.0,as_is:hue,999.0
794.09,0.5,0.0,as_is:hue,999.0
794.17,0.5,0.0,as_is:hue,999.0
794.23,0.5,0.0,as_is:hue,999.0
794.31,0.5,0.0,as_is:hue,999.0
794.38,0.5,0.0,as_is:hue,999.0
794.45,0.5,0.0,as_is:hue,999.0
794.51,0.5,0.0,as_is:hue,999.0
794.58,0.5,0.0,as_is:hue,999.0
794.65,0.36,0.0,as_is:backproj,999.0
794.72,0.36,0.0,as_is:backproj,999.0
794.78,0.36,0.0,as_is:backproj,999.0
794.85,0.36,0.0,as_is:backproj,999.0
794.91,0.36,0.0,as_is:backproj,999.0
794.98,0.36,0.0,as_is:backproj,999.0
795.05,0.36,0.0,as_is:backproj,999.0
795.12,0.36,0.0,as_is:backproj,999.0
795.19,0.36,0.0,as_is:backproj,999.0
795.26,0.36,0.0,as_is:backproj,999.0
795.33,0.36,0.0,as_is:backproj,999.0
795.39,0.36,0.0,as_is:backproj,999.0
795.46,0.36,0.0,as_is:backproj,999.0
795.53,0.5,0.0,as_is:hue,999.0
795.6,0.5,0.0,as_is:hue,999.0
795.67,0.5,0.0,as_is:hue,999.0
795.73,0.5,0.0,as_is:hue,999.0
795.8,0.5,0.0,as_is:hue,999.0
795.87,0.5,0.0,as_is:hue,999.0
795.93,0.5,0.0,as_is:hue,999.0
796.0,0.5,0.0,as_is:hue,999.0
796.07,0.5,0.0,as_is:hue,999.0
796.14,0.5,0.0,as_is:hue,999.0
796.21,0.5,0.0,as_is:hue,999.0
796.28,0.5,0.0,as_is:hue,999.0
796.35,0.5,0.0,as_is:hue,999.0
796.42,0.5,0.0,as_is:hue,999.0
796.49,0.5,0.0,as_is:hue,999.0
796.55,0.5,0.0,as_is:hue,999.0
796.62,0.5,0.0,as_is:hue,999.0
796.69,0.5,0.0,as_is:hue,999.0
796.76,0.5,0.0,as_is:hue,999.0
796.83,0.5,0.0,as_is:hue,999.0
796.89,0.5,0.0,as_is:hue,999.0
796.96,0.5,0.0,as_is:hue,999.0
797.03,0.5,0.0,as_is:hue,999.0
797.1,0.5,0.0,as_is:hue,999.0
797.17,0.5,0.0,as_is:hue,999.0
797.24,0.5,0.0,as_is:hue,999.0
797.31,0.5,0.0,as_is:hue,999.0
797.38,0.5,0.0,as_is:hue,999.0
797.45,0.5,0.0,as_is:hue,999.0
797.52,0.5,0.0,as_is:hue,999.0
797.58,0.5,0.0,as_is:hue,999.0
797.65,0.5,0.0,as_is:hue,999.0
797.72,0.5,0.0,as_is:hue,999.0
797.78,0.5,0.0,as_is:hue,999.0
797.85,0.5,0.0,as_is:hue,999.0
797.92,0.5,0.0,as_is:hue,999.0
797.98,0.5,0.0,as_is:hue,999.0
798.05,0.5,0.0,as_is:hue,999.0
798.12,0.5,0.0,as_is:hue,999.0
798.19,0.5,0.0,as_is:hue,999.0
798.25,0.5,0.0,as_is:hue,999.0
798.32,0.5,0.0,as_is:hue,999.0
798.39,0.5,0.0,as_is:hue,999.0
798.45,0.5,0.0,as_is:hue,999.0
798.52,0.5,0.0,as_is:hue,999.0
798.59,0.5,0.0,as_is:hue,999.0
798.66,0.5,0.0,as_is:hue,999.0
798.73,0.5,0.0,as_is:hue,999.0
798.79,0.5,0.0,as_is:hue,999.0
798.86,0.5,0.0,as_is:hue,999.0
798.93,0.5,0.0,as_is:hue,999.0
799.0,0.5,0.0,as_is:hue,999.0
799.07,0.5,0.0,as_is:hue,999.0
799.14,0.5,0.0,as_is:hue,999.0
799.2,0.5,0.0,as_is:hue,999.0
799.27,0.5,0.0,as_is:hue,999.0
799.34,0.5,0.0,as_is:hue,999.0
799.4,0.5,0.0,as_is:hue,999.0
799.47,0.5,0.0,as_is:hue,999.0
799.54,0.5,0.0,as_is:hue,999.0
799.6,0.5,0.0,as_is:hue,999.0
799.67,0.5,0.0,as_is:hue,999.0
799.74,0.5,0.0,as_is:hue,999.0
799.81,0.5,0.0,as_is:hue,999.0
799.88,0.5,0.0,as_is:hue,999.0
799.95,0.5,0.0,as_is:hue,999.0
800.02,0.5,0.0,as_is:hue,999.0
800.1,0.5,0.0,as_is:hue,999.0
800.17,0.5,0.0,as_is:hue,999.0
800.24,0.5,0.0,as_is:hue,999.0
800.3,0.5,0.0,as_is:hue,999.0
800.37,0.5,0.0,as_is:hue,999.0
800.44,0.5,0.0,as_is:hue,999.0
800.51,0.5,0.0,as_is:hue,999.0
800.58,0.5,0.0,as_is:hue,999.0
800.64,0.5,0.0,as_is:hue,999.0
800.71,0.5,0.0,as_is:hue,999.0
800.77,0.5,0.0,as_is:hue,999.0
800.84,0.5,0.0,as_is:hue,999.0
800.91,0.5,0.0,as_is:hue,999.0
800.97,0.5,0.0,as_is:hue,999.0
801.04,0.5,0.0,as_is:hue,999.0
801.11,0.5,0.0,as_is:hue,999.0
801.18,0.5,0.0,as_is:hue,999.0
801.25,0.5,0.0,as_is:hue,999.0
801.31,0.5,0.0,as_is:hue,999.0
801.38,0.5,0.0,as_is:hue,999.0
801.45,0.5,0.0,as_is:hue,999.0
801.51,0.5,0.0,as_is:hue,999.0
801.58,0.5,0.0,as_is:hue,999.0
801.65,0.5,0.0,as_is:hue,999.0
801.71,0.5,0.0,as_is:hue,999.0
801.78,0.5,0.0,as_is:hue,999.0
801.85,0.5,0.0,as_is:hue,999.0
801.92,0.5,0.0,as_is:hue,999.0
801.99,0.5,0.0,as_is:hue,999.0
802.05,0.5,0.0,as_is:hue,999.0
802.12,0.5,0.0,as_is:hue,999.0
802.19,0.5,0.0,as_is:hue,999.0
802.25,0.5,0.0,as_is:hue,999.0
802.32,0.5,0.0,as_is:hue,999.0
802.39,0.5,0.0,as_is:hue,999.0
802.45,0.5,0.0,as_is:hue,999.0
802.52,0.5,0.0,as_is:hue,999.0
802.59,0.5,0.0,as_is:hue,999.0
802.66,0.5,0.0,as_is:hue,999.0
802.73,0.5,0.0,as_is:hue,999.0
802.8,0.5,0.0,as_is:hue,999.0
802.87,0.5,0.0,as_is:hue,999.0
802.93,0.5,0.0,as_is:hue,999.0
803.0,0.5,0.0,as_is:hue,999.0
803.07,0.5,0.0,as_is:hue,999.0
803.14,0.5,0.0,as_is:hue,999.0
803.21,0.5,0.0,as_is:hue,999.0
803.28,0.5,0.0,as_is:hue,999.0
803.35,0.5,0.0,as_is:hue,999.0
803.41,0.5,0.0,as_is:hue,999.0
803.48,0.5,0.0,as_is:hue,999.0
803.55,0.5,0.0,as_is:hue,999.0
803.61,0.5,0.0,as_is:hue,999.0
803.68,0.5,0.0,as_is:hue,999.0
803.75,0.5,0.0,as_is:hue,999.0
803.81,0.5,0.0,as_is:hue,999.0
803.88,0.5,0.0,as_is:hue,999.0
803.95,0.5,0.0,as_is:hue,999.0
804.02,0.5,0.0,as_is:hue,999.0
804.09,0.5,0.0,as_is:hue,999.0
804.16,0.5,0.0,as_is:hue,999.0
804.22,0.5,0.0,as_is:hue,999.0
804.29,0.5,0.0,as_is:hue,999.0
804.36,0.5,0.0,as_is:hue,999.0
804.43,0.5,0.0,as_is:hue,999.0
804.5,0.5,0.0,as_is:hue,999.0
804.56,0.5,0.0,as_is:hue,999.0
804.63,0.5,0.0,as_is:hue,999.0
804.69,0.5,0.0,as_is:hue,999.0
804.76,0.5,0.0,as_is:hue,999.0
804.83,0.5,0.0,as_is:hue,999.0
804.9,0.5,0.0,as_is:hue,999.0
804.97,0.5,0.0,as_is:hue,999.0
805.04,0.5,0.0,as_is:hue,999.0
805.1,0.5,0.0,as_is:hue,999.0
805.17,0.5,0.0,as_is:hue,999.0
805.24,0.5,0.0,as_is:hue,999.0
805.31,0.5,0.0,as_is:hue,999.0
805.38,0.5,0.0,as_is:hue,999.0
805.45,0.5,0.0,as_is:hue,999.0
805.52,0.5,0.0,as_is:hue,999.0
805.59,0.5,0.0,as_is:hue,999.0
805.66,0.5,0.0,as_is:hue,999.0
805.73,0.5,0.0,as_is:hue,999.0
805.8,0.5,0.0,as_is:hue,999.0
805.87,0.5,0.0,as_is:hue,999.0
805.93,0.5,0.0,as_is:hue,999.0
806.0,0.5,0.0,as_is:hue,999.0
806.07,0.5,0.0,as_is:hue,999.0
806.13,0.5,0.0,as_is:hue,999.0
806.2,0.5,0.0,as_is:hue,999.0
806.27,0.5,0.0,as_is:hue,999.0
806.34,0.5,0.0,as_is:hue,999.0
806.41,0.5,0.0,as_is:hue,999.0
806.47,0.5,0.0,as_is:hue,999.0
806.54,0.5,0.0,as_is:hue,999.0
806.61,0.5,0.0,as_is:hue,999.0
806.68,0.5,0.0,as_is:hue,999.0
806.75,0.5,0.0,as_is:hue,999.0
806.82,0.5,0.0,as_is:hue,999.0
806.89,0.5,0.0,as_is:hue,999.0
806.96,0.5,0.0,as_is:hue,999.0
807.03,0.5,0.0,as_is:hue,999.0
807.1,0.5,0.0,as_is:hue,999.0
807.17,0.5,0.0,as_is:hue,999.0
807.23,0.5,0.0,as_is:hue,999.0
807.3,0.5,0.0,as_is:hue,999.0
807.36,0.5,0.0,as_is:hue,999.0
807.43,0.5,0.0,as_is:hue,999.0
807.5,0.5,0.0,as_is:hue,999.0
807.56,0.5,0.0,as_is:hue,999.0
807.63,0.5,0.0,as_is:hue,999.0
807.7,0.5,0.0,as_is:hue,999.0
807.76,0.5,0.0,as_is:hue,999.0
807.83,0.5,0.0,as_is:hue,999.0
807.9,0.5,0.0,as_is:hue,999.0
807.97,0.5,0.0,as_is:hue,999.0
808.04,0.5,0.0,as_is:hue,999.0
808.1,0.5,0.0,as_is:hue,999.0
808.18,0.5,0.0,as_is:hue,999.0
808.25,0.5,0.0,as_is:hue,999.0
808.32,0.5,0.0,as_is:hue,999.0
808.38,0.5,0.0,as_is:hue,999.0
808.46,0.5,0.0,as_is:hue,999.0
808.52,0.5,0.0,as_is:hue,999.0
808.59,0.5,0.0,as_is:hue,999.0
808.66,0.5,0.0,as_is:hue,999.0
808.73,0.5,0.0,as_is:hue,999.0
808.8,0.5,0.0,as_is:hue,999.0
808.87,0.5,0.0,as_is:hue,999.0
808.94,0.5,0.0,as_is:hue,999.0
809.01,0.5,0.0,as_is:hue,999.0
809.07,0.5,0.0,as_is:hue,999.0
809.14,0.5,0.0,as_is:hue,999.0
809.21,0.5,0.0,as_is:hue,999.0
809.27,0.5,0.0,as_is:hue,999.0
809.34,0.5,0.0,as_is:hue,999.0
809.41,0.5,0.0,as_is:hue,999.0
809.47,0.5,0.0,as_is:hue,999.0
809.54,0.5,0.0,as_is:hue,999.0
809.61,0.5,0.0,as_is:hue,999.0
809.68,0.5,0.0,as_is:hue,999.0
809.74,0.5,0.0,as_is:hue,999.0
809.81,0.5,0.0,as_is:hue,999.0
809.88,0.5,0.0,as_is:hue,999.0
809.95,0.5,0.0,as_is:hue,999.0
810.02,0.5,0.0,as_is:hue,999.0
810.09,0.5,0.0,as_is:hue,999.0
810.15,0.5,0.0,as_is:hue,999.0
810.22,0.5,0.0,as_is:hue,999.0
810.29,0.5,0.0,as_is:hue,999.0
810.35,0.5,0.0,as_is:hue,999.0
810.42,0.5,0.0,as_is:hue,999.0
810.49,0.5,0.0,as_is:hue,999.0
810.56,0.5,0.0,as_is:hue,999.0
810.63,0.5,0.0,as_is:hue,999.0
810.69,0.5,0.0,as_is:hue,999.0
810.76,0.5,0.0,as_is:hue,999.0
810.83,0.5,0.0,as_is:hue,999.0
810.9,0.5,0.0,as_is:hue,999.0
810.96,0.5,0.0,as_is:hue,999.0
811.03,0.5,0.0,as_is:hue,999.0
811.09,0.5,0.0,as_is:hue,999.0
811.16,0.5,0.0,as_is:hue,999.0
811.23,0.5,0.0,as_is:hue,999.0
811.29,0.5,0.0,as_is:hue,999.0
811.36,0.5,0.0,as_is:hue,999.0
811.44,0.5,0.0,as_is:hue,999.0
811.5,0.5,0.0,as_is:hue,999.0
811.57,0.5,0.0,as_is:hue,999.0
811.64,0.5,0.0,as_is:hue,999.0
811.71,0.5,0.0,as_is:hue,999.0
811.78,0.5,0.0,as_is:hue,999.0
811.85,0.5,0.0,as_is:hue,999.0
811.92,0.5,0.0,as_is:hue,999.0
811.99,0.5,0.0,as_is:hue,999.0
812.06,0.5,0.0,as_is:hue,999.0
812.12,0.5,0.0,as_is:hue,999.0
812.19,0.5,0.0,as_is:hue,999.0
812.26,0.5,0.0,as_is:hue,999.0
812.33,0.5,0.0,as_is:hue,999.0
812.4,0.5,0.0,as_is:hue,999.0
812.47,0.5,0.0,as_is:hue,999.0
812.54,0.5,0.0,as_is:hue,999.0
812.61,0.5,0.0,as_is:hue,999.0
812.68,0.5,0.0,as_is:hue,999.0
812.75,0.5,0.0,as_is:hue,999.0
812.81,0.5,0.0,as_is:hue,999.0
812.88,0.5,0.0,as_is:hue,999.0
812.95,0.5,0.0,as_is:hue,999.0
813.02,0.5,0.0,as_is:hue,999.0
813.09,0.5,0.0,as_is:hue,999.0
813.16,0.5,0.0,as_is:hue,999.0
813.22,0.5,0.0,as_is:hue,999.0
813.29,0.5,0.0,as_is:hue,999.0
813.36,0.5,0.0,as_is:hue,999.0
813.42,0.5,0.0,as_is:hue,999.0
813.49,0.5,0.0,as_is:hue,999.0
813.56,0.5,0.0,as_is:hue,999.0
813.63,0.5,0.0,as_is:hue,999.0
813.7,0.5,0.0,as_is:hue,999.0
813.76,0.5,0.0,as_is:hue,999.0
813.83,0.5,0.0,as_is:hue,999.0
813.9,0.5,0.0,as_is:hue,999.0
813.97,0.5,0.0,as_is:hue,999.0
814.04,0.5,0.0,as_is:hue,999.0
814.11,0.5,0.0,as_is:hue,999.0
814.18,0.5,0.0,as_is:hue,999.0
814.24,0.5,0.0,as_is:hue,999.0
814.31,0.5,0.0,as_is:hue,999.0
814.38,0.5,0.0,as_is:hue,999.0
814.44,0.5,0.0,as_is:hue,999.0
814.51,0.5,0.0,as_is:hue,999.0
814.58,0.5,0.0,as_is:hue,999.0
814.64,0.5,0.0,as_is:hue,999.0
814.71,0.5,0.0,as_is:hue,999.0
814.78,0.5,0.0,as_is:hue,999.0
814.85,0.5,0.0,as_is:hue,999.0
814.91,0.5,0.0,as_is:hue,999.0
814.99,0.5,0.0,as_is:hue,999.0
815.05,0.5,0.0,as_is:hue,999.0
815.12,0.5,0.0,as_is:hue,999.0
815.19,0.5,0.0,as_is:hue,999.0
815.26,0.5,0.0,as_is:hue,999.0
815.33,0.5,0.0,as_is:hue,999.0
815.4,0.5,0.0,as_is:hue,999.0
815.46,0.5,0.0,as_is:hue,999.0
815.53,0.5,0.0,as_is:hue,999.0
815.6,0.5,0.0,as_is:hue,999.0
815.66,0.5,0.0,as_is:hue,999.0
815.73,0.5,0.0,as_is:hue,999.0
815.8,0.5,0.0,as_is:hue,999.0
815.86,0.5,0.0,as_is:hue,999.0
815.93,0.5,0.0,as_is:hue,999.0
816.0,0.5,0.0,as_is:hue,999.0
816.07,0.5,0.0,as_is:hue,999.0
816.14,0.5,0.0,as_is:hue,999.0
816.2,0.5,0.0,as_is:hue,999.0
816.27,0.5,0.0,as_is:hue,999.0
816.34,0.5,0.0,as_is:hue,999.0
816.41,0.5,0.0,as_is:hue,999.0
816.48,0.5,0.0,as_is:hue,999.0
816.54,0.5,0.0,as_is:hue,999.0
816.61,0.5,0.0,as_is:hue,999.0
816.67,0.5,0.0,as_is:hue,999.0
816.74,0.5,0.0,as_is:hue,999.0
816.81,0.5,0.0,as_is:hue,999.0
816.87,0.5,0.0,as_is:hue,999.0
816.94,0.5,0.0,as_is:hue,999.0
817.01,0.5,0.0,as_is:hue,999.0
817.08,0.5,0.0,as_is:hue,999.0
817.15,0.5,0.0,as_is:hue,999.0
817.21,0.5,0.0,as_is:hue,999.0
817.28,0.5,0.0,as_is:hue,999.0
817.35,0.5,0.0,as_is:hue,999.0
817.42,0.5,0.0,as_is:hue,999.0
817.48,0.5,0.0,as_is:hue,999.0
817.55,0.5,0.0,as_is:hue,999.0
817.62,0.5,0.0,as_is:hue,999.0
817.68,0.5,0.0,as_is:hue,999.0
817.75,0.5,0.0,as_is:hue,999.0
817.82,0.5,0.0,as_is:hue,999.0
817.88,0.5,0.0,as_is:hue,999.0
817.95,0.5,0.0,as_is:hue,999.0
818.02,0.5,0.0,as_is:hue,999.0
818.09,0.5,0.0,as_is:hue,999.0
818.16,0.5,0.0,as_is:hue,999.0
818.22,0.5,0.0,as_is:hue,999.0
818.29,0.5,0.0,as_is:hue,999.0
818.36,0.5,0.0,as_is:hue,999.0
818.43,0.5,0.0,as_is:hue,999.0
818.5,0.5,0.0,as_is:hue,999.0
818.56,0.5,0.0,as_is:hue,999.0
818.63,0.5,0.0,as_is:hue,999.0
818.7,0.5,0.0,as_is:hue,999.0
818.77,0.5,0.0,as_is:hue,999.0
818.83,0.5,0.0,as_is:hue,999.0
818.9,0.5,0.0,as_is:hue,999.0
818.97,0.5,0.0,as_is:hue,999.0
819.04,0.5,0.0,as_is:hue,999.0
819.1,0.5,0.0,as_is:hue,999.0
819.17,0.5,0.0,as_is:hue,999.0
819.24,0.5,0.0,as_is:hue,999.0
819.31,0.5,0.0,as_is:hue,999.0
819.38,0.5,0.0,as_is:hue,999.0
819.45,0.5,0.0,as_is:hue,999.0
819.51,0.5,0.0,as_is:hue,999.0
819.58,0.5,0.0,as_is:hue,999.0
819.65,0.5,0.0,as_is:hue,999.0
819.71,0.5,0.0,as_is:hue,999.0
819.78,0.5,0.0,as_is:hue,999.0
819.85,0.5,0.0,as_is:hue,999.0
819.92,0.5,0.0,as_is:hue,999.0
819.99,0.5,0.0,as_is:hue,999.0
820.06,0.5,0.0,as_is:hue,999.0
820.12,0.5,0.0,as_is:hue,999.0
820.2,0.5,0.0,as_is:hue,999.0
820.27,0.5,0.0,as_is:hue,999.0
820.34,0.5,0.0,as_is:hue,999.0
820.4,0.5,0.0,as_is:hue,999.0
820.47,0.5,0.0,as_is:hue,999.0
820.54,0.5,0.0,as_is:hue,999.0
820.6,0.5,0.0,as_is:hue,999.0
820.67,0.5,0.0,as_is:hue,999.0
820.74,0.5,0.0,as_is:hue,999.0
820.8,0.5,0.0,as_is:hue,999.0
820.87,0.5,0.0,as_is:hue,999.0
820.94,0.5,0.0,as_is:hue,999.0
821.01,0.5,0.0,as_is:hue,999.0
821.08,0.5,0.0,as_is:hue,999.0
821.15,0.5,0.0,as_is:hue,999.0
821.22,0.5,0.0,as_is:hue,999.0
821.28,0.5,0.0,as_is:hue,999.0
821.35,0.44,0.0,as_is:backproj,999.0
821.43,0.44,0.0,as_is:backproj,999.0
821.49,0.44,0.0,as_is:backproj,999.0
821.57,0.44,0.0,as_is:backproj,999.0
821.64,0.44,0.0,as_is:backproj,999.0
821.71,0.44,0.0,as_is:backproj,999.0
821.78,0.44,0.0,as_is:backproj,999.0
821.85,0.5,0.0,as_is:hue,999.0
821.91,0.5,0.0,as_is:hue,999.0
821.98,0.5,0.0,as_is:hue,999.0
822.05,0.5,0.0,as_is:hue,999.0
822.11,0.5,0.0,as_is:hue,999.0
822.18,0.5,0.0,as_is:hue,999.0
822.24,0.5,0.0,as_is:hue,999.0
822.31,0.5,0.0,as_is:hue,999.0
822.38,0.5,0.0,as_is:hue,999.0
822.45,0.5,0.0,as_is:hue,999.0
822.52,0.5,0.0,as_is:hue,999.0
822.59,0.5,0.0,as_is:hue,999.0
822.66,0.5,0.0,as_is:hue,999.0
822.73,0.5,0.0,as_is:hue,999.0
822.8,0.5,0.0,as_is:hue,999.0
822.86,0.5,0.0,as_is:hue,999.0
822.93,0.5,0.0,as_is:hue,999.0
822.99,0.5,0.0,as_is:hue,999.0
823.06,0.5,0.0,as_is:hue,999.0
823.13,0.5,0.0,as_is:hue,999.0
823.19,0.5,0.0,as_is:hue,999.0
823.26,0.5,0.0,as_is:hue,999.0
823.32,0.5,0.0,as_is:hue,999.0
823.39,0.5,0.0,as_is:hue,999.0
823.46,0.5,0.0,as_is:hue,999.0
823.53,0.5,0.0,as_is:hue,999.0
823.6,0.5,0.0,as_is:hue,999.0
823.66,0.5,0.0,as_is:hue,999.0
823.73,0.5,0.0,as_is:hue,999.0
823.8,0.5,0.0,as_is:hue,999.0
823.87,0.5,0.0,as_is:hue,999.0
823.94,0.5,0.0,as_is:hue,999.0
824.0,0.5,0.0,as_is:hue,999.0
824.07,0.5,0.0,as_is:hue,999.0
824.13,0.5,0.0,as_is:hue,999.0
824.2,0.5,0.0,as_is:hue,999.0
824.27,0.5,0.0,as_is:hue,999.0
824.33,0.5,0.0,as_is:hue,999.0
824.4,0.5,0.0,as_is:hue,999.0
824.46,0.5,0.0,as_is:hue,999.0
824.53,0.5,0.0,as_is:hue,999.0
824.6,0.5,0.0,as_is:hue,999.0
824.66,0.5,0.0,as_is:hue,999.0
824.73,0.5,0.0,as_is:hue,999.0
824.8,0.5,0.0,as_is:hue,999.0
824.87,0.5,0.0,as_is:hue,999.0
824.94,0.5,0.0,as_is:hue,999.0
825.01,0.5,0.0,as_is:hue,999.0
825.07,0.5,0.0,as_is:hue,999.0
825.14,0.5,0.0,as_is:hue,999.0
825.21,0.5,0.0,as_is:hue,999.0
825.27,0.5,0.0,as_is:hue,999.0
825.34,0.5,0.0,as_is:hue,999.0
825.41,0.5,0.0,as_is:hue,999.0
825.47,0.5,0.0,as_is:hue,999.0
825.54,0.5,0.0,as_is:hue,999.0
825.61,0.5,0.0,as_is:hue,999.0
825.68,0.5,0.0,as_is:hue,999.0
825.74,0.5,0.0,as_is:hue,999.0
825.81,0.5,0.0,as_is:hue,999.0
825.88,0.5,0.0,as_is:hue,999.0
825.95,0.5,0.0,as_is:hue,999.0
826.02,0.5,0.0,as_is:hue,999.0
826.09,0.5,0.0,as_is:hue,999.0
826.16,0.5,0.0,as_is:hue,999.0
826.22,0.5,0.0,as_is:hue,999.0
826.29,0.5,0.0,as_is:hue,999.0
826.36,0.5,0.0,as_is:hue,999.0
826.42,0.5,0.0,as_is:hue,999.0
826.49,0.5,0.0,as_is:hue,999.0
826.56,0.5,0.0,as_is:hue,999.0
826.62,0.5,0.0,as_is:hue,999.0
826.7,0.5,0.0,as_is:hue,999.0
826.76,0.5,0.0,as_is:hue,999.0
826.84,0.5,0.0,as_is:hue,999.0
826.9,0.5,0.0,as_is:hue,999.0
826.97,0.5,0.0,as_is:hue,999.0
827.04,0.5,0.0,as_is:hue,999.0
827.11,0.5,0.0,as_is:hue,999.0
827.18,0.5,0.0,as_is:hue,999.0
827.25,0.5,0.0,as_is:hue,999.0
827.31,0.5,0.0,as_is:hue,999.0
827.38,0.5,0.0,as_is:hue,999.0
827.44,0.5,0.0,as_is:hue,999.0
827.51,0.5,0.0,as_is:hue,999.0
827.58,0.5,0.0,as_is:hue,999.0
827.65,0.5,0.0,as_is:hue,999.0
827.72,0.5,0.0,as_is:hue,999.0
827.78,0.5,0.0,as_is:hue,999.0
827.85,0.5,0.0,as_is:hue,999.0
827.92,0.5,0.0,as_is:hue,999.0
827.99,0.5,0.0,as_is:hue,999.0
828.05,0.5,0.0,as_is:hue,999.0
828.13,0.5,0.0,as_is:hue,999.0
828.2,0.53,0.0,as_is:backproj,999.0
828.27,0.53,0.0,as_is:backproj,999.0
828.34,0.53,0.0,as_is:backproj,999.0
828.4,0.53,0.0,as_is:backproj,999.0
828.47,0.53,0.0,as_is:backproj,999.0
828.54,0.53,0.0,as_is:backproj,999.0
828.6,0.53,0.0,as_is:backproj,999.0
828.67,0.5,0.0,as_is:hue,999.0
828.74,0.5,0.0,as_is:hue,999.0
828.81,0.5,0.0,as_is:hue,999.0
828.87,0.5,0.0,as_is:hue,999.0
828.94,0.5,0.0,as_is:hue,999.0
829.0,0.5,0.0,as_is:hue,999.0
829.07,0.5,0.0,as_is:hue,999.0
829.14,0.5,0.0,as_is:hue,999.0
829.2,0.5,0.0,as_is:hue,999.0
829.28,0.5,0.0,as_is:hue,999.0
829.34,0.5,0.0,as_is:hue,999.0
829.41,0.5,0.0,as_is:hue,999.0
829.48,0.5,0.0,as_is:hue,999.0
829.55,0.5,0.0,as_is:hue,999.0
829.62,0.5,0.0,as_is:hue,999.0
829.69,0.5,0.0,as_is:hue,999.0
829.75,0.5,0.0,as_is:hue,999.0
829.83,0.5,0.0,as_is:hue,999.0
829.89,0.5,0.0,as_is:hue,999.0
829.96,0.5,0.0,as_is:hue,999.0
830.03,0.5,0.0,as_is:hue,999.0
830.1,0.5,0.0,as_is:hue,999.0
830.17,0.5,0.0,as_is:hue,999.0
830.23,0.5,0.0,as_is:hue,999.0
830.3,0.5,0.0,as_is:hue,999.0
830.37,0.5,0.0,as_is:hue,999.0
830.44,0.5,0.0,as_is:hue,999.0
830.51,0.5,0.0,as_is:hue,999.0
830.58,0.62,0.0,as_is:backproj,999.0
830.65,0.62,0.0,as_is:backproj,999.0
830.72,0.62,0.0,as_is:backproj,999.0
830.79,0.62,0.0,as_is:backproj,999.0
830.86,0.62,0.0,as_is:backproj,999.0
830.92,0.62,0.0,as_is:backproj,999.0
830.99,0.5,0.0,as_is:hue,999.0
831.06,0.5,0.0,as_is:hue,999.0
831.13,0.5,0.0,as_is:hue,999.0
831.2,0.5,0.0,as_is:hue,999.0
831.27,0.5,0.0,as_is:hue,999.0
831.33,0.5,0.0,as_is:hue,999.0
831.4,0.5,0.0,as_is:hue,999.0
831.47,0.5,0.0,as_is:hue,999.0
831.54,0.5,0.0,as_is:hue,999.0
831.61,0.5,0.0,as_is:hue,999.0
831.67,0.5,0.0,as_is:hue,999.0
831.74,0.5,0.0,as_is:hue,999.0
831.81,0.5,0.0,as_is:hue,999.0
831.87,0.5,0.0,as_is:hue,999.0
831.94,0.5,0.0,as_is:hue,999.0
832.01,0.5,0.0,as_is:hue,999.0
832.08,0.5,0.0,as_is:hue,999.0
832.14,0.5,0.0,as_is:hue,999.0
832.21,0.5,0.0,as_is:hue,999.0
832.28,0.5,0.0,as_is:hue,999.0
832.35,0.5,0.0,as_is:hue,999.0
832.41,0.5,0.0,as_is:hue,999.0
832.48,0.36,0.0,as_is:backproj,999.0
832.55,0.36,0.0,as_is:backproj,999.0
832.63,0.36,0.0,as_is:backproj,999.0
832.69,0.36,0.0,as_is:backproj,999.0
832.76,0.36,0.0,as_is:backproj,999.0
832.83,0.36,0.0,as_is:backproj,999.0
832.9,0.36,0.0,as_is:backproj,999.0
832.96,0.65,0.0,as_is:backproj,999.0
833.03,0.65,0.0,as_is:backproj,999.0
833.1,0.65,0.0,as_is:backproj,999.0
833.17,0.65,0.0,as_is:backproj,999.0
833.23,0.65,0.0,as_is:backproj,999.0
833.3,0.65,0.0,as_is:backproj,999.0
833.36,0.65,0.0,as_is:backproj,999.0
833.43,0.65,0.0,as_is:backproj,999.0
833.5,0.65,0.0,as_is:backproj,999.0
833.58,0.65,0.0,as_is:backproj,999.0
833.64,0.65,0.0,as_is:backproj,999.0
833.71,0.65,0.0,as_is:backproj,999.0
833.78,0.65,0.0,as_is:backproj,999.0
833.85,0.65,0.0,as_is:backproj,999.0
833.92,0.64,0.0,as_is:backproj,999.0
833.98,0.64,0.0,as_is:backproj,999.0
834.06,0.64,0.0,as_is:backproj,999.0
834.13,0.64,0.0,as_is:backproj,999.0
834.19,0.64,0.0,as_is:backproj,999.0
834.26,0.64,0.0,as_is:backproj,999.0
834.33,0.5,0.0,as_is:hue,999.0
834.4,0.5,0.0,as_is:hue,999.0
834.47,0.5,0.0,as_is:hue,999.0
834.54,0.5,0.0,as_is:hue,999.0
834.61,0.5,0.0,as_is:hue,999.0
834.67,0.5,0.0,as_is:hue,999.0
834.74,0.5,0.0,as_is:hue,999.0
834.81,0.5,0.0,as_is:hue,999.0
834.88,0.5,0.0,as_is:hue,999.0
834.95,0.5,0.0,as_is:hue,999.0
835.02,0.5,0.0,as_is:hue,999.0
835.08,0.5,0.0,as_is:hue,999.0
835.15,0.5,0.0,as_is:hue,999.0
835.21,0.5,0.0,as_is:hue,999.0
835.28,0.5,0.0,as_is:hue,999.0
835.35,0.5,0.0,as_is:hue,999.0
835.42,0.5,0.0,as_is:hue,999.0
835.49,0.5,0.0,as_is:hue,999.0
835.56,0.5,0.0,as_is:hue,999.0
835.63,0.5,0.0,as_is:hue,999.0
835.7,0.5,0.0,as_is:hue,999.0
835.77,0.5,0.0,as_is:hue,999.0
835.84,0.64,0.0,as_is:backproj,999.0
835.91,0.64,0.0,as_is:backproj,999.0
835.97,0.64,0.0,as_is:backproj,999.0
836.04,0.64,0.0,as_is:backproj,999.0
836.11,0.64,0.0,as_is:backproj,999.0
836.18,0.64,0.0,as_is:backproj,999.0
836.24,0.64,0.0,as_is:backproj,999.0
836.31,0.5,0.0,as_is:hue,999.0
836.38,0.5,0.0,as_is:hue,999.0
836.44,0.5,0.0,as_is:hue,999.0
836.51,0.5,0.0,as_is:hue,999.0
836.58,0.5,0.0,as_is:hue,999.0
836.64,0.5,0.0,as_is:hue,999.0
836.71,0.5,0.0,as_is:hue,999.0
836.78,0.5,0.0,as_is:hue,999.0
836.84,0.5,0.0,as_is:hue,999.0
836.91,0.5,0.0,as_is:hue,999.0
836.98,0.5,0.0,as_is:hue,999.0
837.05,0.5,0.0,as_is:hue,999.0
837.12,0.5,0.0,as_is:hue,999.0
837.19,0.5,0.0,as_is:hue,999.0
837.26,0.5,0.0,as_is:hue,999.0
837.32,0.5,0.0,as_is:hue,999.0
837.39,0.5,0.0,as_is:hue,999.0
837.46,0.5,0.0,as_is:hue,999.0
837.53,0.5,0.0,as_is:hue,999.0
837.6,0.5,0.0,as_is:hue,999.0
837.67,0.5,0.0,as_is:hue,999.0
837.74,0.5,0.0,as_is:hue,999.0
837.81,0.5,0.0,as_is:hue,999.0
837.88,0.5,0.0,as_is:hue,999.0
837.95,0.5,0.0,as_is:hue,999.0
838.02,0.5,0.0,as_is:hue,999.0
838.08,0.5,0.0,as_is:hue,999.0
838.15,0.5,0.0,as_is:hue,999.0
838.22,0.5,0.0,as_is:hue,999.0
838.29,0.5,0.0,as_is:hue,999.0
838.36,0.5,0.0,as_is:hue,999.0
838.43,0.5,0.0,as_is:hue,999.0
838.49,0.5,0.0,as_is:hue,999.0
838.56,0.5,0.0,as_is:hue,999.0
838.63,0.5,0.0,as_is:hue,999.0
838.7,0.5,0.0,as_is:hue,999.0
838.77,0.5,0.0,as_is:hue,999.0
838.83,0.5,0.0,as_is:hue,999.0
838.9,0.5,0.0,as_is:hue,999.0
838.96,0.5,0.0,as_is:hue,999.0
839.03,0.5,0.0,as_is:hue,999.0
839.1,0.5,0.0,as_is:hue,999.0
839.17,0.5,0.0,as_is:hue,999.0
839.23,0.5,0.0,as_is:hue,999.0
839.3,0.5,0.0,as_is:hue,999.0
839.38,0.5,0.0,as_is:hue,999.0
839.44,0.5,0.0,as_is:hue,999.0
839.51,0.5,0.0,as_is:hue,999.0
839.58,0.5,0.0,as_is:hue,999.0
839.65,0.5,0.0,as_is:hue,999.0
839.72,0.5,0.0,as_is:hue,999.0
839.79,0.5,0.0,as_is:hue,999.0
839.86,0.5,0.0,as_is:hue,999.0
839.92,0.5,0.0,as_is:hue,999.0
839.99,0.5,0.0,as_is:hue,999.0
840.06,0.5,0.0,as_is:hue,999.0
840.13,0.5,0.0,as_is:hue,999.0
840.2,0.5,0.0,as_is:hue,999.0
840.27,0.5,0.0,as_is:hue,999.0
840.34,0.5,0.0,as_is:hue,999.0
840.41,0.5,0.0,as_is:hue,999.0
840.47,0.5,0.0,as_is:hue,999.0
840.54,0.5,0.0,as_is:hue,999.0
840.61,0.5,0.0,as_is:hue,999.0
840.68,0.5,0.0,as_is:hue,999.0
840.74,0.5,0.0,as_is:hue,999.0
840.82,0.5,0.0,as_is:hue,999.0
840.89,0.5,0.0,as_is:hue,999.0
840.95,0.5,0.0,as_is:hue,999.0
841.02,0.5,0.0,as_is:hue,999.0
841.09,0.5,0.0,as_is:hue,999.0
841.16,0.5,0.0,as_is:hue,999.0
841.23,0.5,0.0,as_is:hue,999.0
841.3,0.5,0.0,as_is:hue,999.0
841.36,0.5,0.0,as_is:hue,999.0
841.43,0.5,0.0,as_is:hue,999.0
841.5,0.5,0.0,as_is:hue,999.0
841.56,0.5,0.0,as_is:hue,999.0
841.63,0.5,0.0,as_is:hue,999.0
841.71,0.5,0.0,as_is:hue,999.0
841.78,0.5,0.0,as_is:hue,999.0
841.84,0.5,0.0,as_is:hue,999.0
841.91,0.5,0.0,as_is:hue,999.0
841.98,0.5,0.0,as_is:hue,999.0
842.05,0.5,0.0,as_is:hue,999.0
842.12,0.5,0.0,as_is:hue,999.0
842.18,0.5,0.0,as_is:hue,999.0
842.25,0.5,0.0,as_is:hue,999.0
842.32,0.5,0.0,as_is:hue,999.0
842.38,0.5,0.0,as_is:hue,999.0
842.45,0.5,0.0,as_is:hue,999.0
842.52,0.5,0.0,as_is:hue,999.0
842.58,0.5,0.0,as_is:hue,999.0
842.65,0.5,0.0,as_is:hue,999.0
842.72,0.5,0.0,as_is:hue,999.0
842.79,0.5,0.0,as_is:hue,999.0
842.86,0.5,0.0,as_is:hue,999.0
842.93,0.5,0.0,as_is:hue,999.0
842.99,0.5,0.0,as_is:hue,999.0
843.06,0.68,0.0,as_is:backproj,999.0
843.13,0.68,0.0,as_is:backproj,999.0
843.2,0.68,0.0,as_is:backproj,999.0
843.27,0.68,0.0,as_is:backproj,999.0
843.34,0.68,0.0,as_is:backproj,999.0
843.41,0.68,0.0,as_is:backproj,999.0
843.48,0.68,0.0,as_is:backproj,999.0
843.54,0.68,0.0,as_is:backproj,999.0
843.61,0.47,0.0,as_is:backproj,999.0
843.68,0.47,0.0,as_is:backproj,999.0
843.75,0.47,0.0,as_is:backproj,999.0
843.81,0.47,0.0,as_is:backproj,999.0
843.88,0.47,0.0,as_is:backproj,999.0
843.94,0.47,0.0,as_is:backproj,999.0
844.01,0.47,0.0,as_is:backproj,999.0
844.08,0.47,0.0,as_is:backproj,999.0
844.14,0.47,0.0,as_is:backproj,999.0
844.21,0.47,0.0,as_is:backproj,999.0
844.28,0.47,0.0,as_is:backproj,999.0
844.35,0.47,0.0,as_is:backproj,999.0
844.42,0.47,0.0,as_is:backproj,999.0
844.49,0.47,0.0,as_is:backproj,999.0
844.56,0.5,0.0,as_is:hue,999.0
844.62,0.5,0.0,as_is:hue,999.0
844.69,0.5,0.0,as_is:hue,999.0
844.76,0.5,0.0,as_is:hue,999.0
844.82,0.5,0.0,as_is:hue,999.0
844.89,0.5,0.0,as_is:hue,999.0
844.96,0.5,0.0,as_is:hue,999.0
845.02,0.5,0.0,as_is:hue,999.0
845.09,0.5,0.0,as_is:hue,999.0
845.16,0.5,0.0,as_is:hue,999.0
845.23,0.5,0.0,as_is:hue,999.0
845.3,0.5,0.0,as_is:hue,999.0
845.37,0.5,0.0,as_is:hue,999.0
845.44,0.5,0.0,as_is:hue,999.0
845.51,0.5,0.0,as_is:hue,999.0
845.58,0.5,0.0,as_is:hue,999.0
845.65,0.5,0.0,as_is:hue,999.0
845.71,0.5,0.0,as_is:hue,999.0
845.78,0.5,0.0,as_is:hue,999.0
845.85,0.5,0.0,as_is:hue,999.0
845.92,0.5,0.0,as_is:hue,999.0
845.99,0.5,0.0,as_is:hue,999.0
846.05,0.5,0.0,as_is:hue,999.0
846.12,0.5,0.0,as_is:hue,999.0
846.19,0.5,0.0,as_is:hue,999.0
846.25,0.5,0.0,as_is:hue,999.0
846.32,0.5,0.0,as_is:hue,999.0
846.39,0.5,0.0,as_is:hue,999.0
846.45,0.5,0.0,as_is:hue,999.0
846.52,0.5,0.0,as_is:hue,999.0
846.6,0.5,0.0,as_is:hue,999.0
846.67,0.5,0.0,as_is:hue,999.0
846.74,0.5,0.0,as_is:hue,999.0
846.8,0.5,0.0,as_is:hue,999.0
846.87,0.5,0.0,as_is:hue,999.0
846.94,0.5,0.0,as_is:hue,999.0
847.01,0.5,0.0,as_is:hue,999.0
847.07,0.5,0.0,as_is:hue,999.0
847.14,0.5,0.0,as_is:hue,999.0
847.21,0.5,0.0,as_is:hue,999.0
847.28,0.5,0.0,as_is:hue,999.0
847.34,0.5,0.0,as_is:hue,999.0
847.41,0.5,0.0,as_is:hue,999.0
847.48,0.5,0.0,as_is:hue,999.0
847.55,0.5,0.0,as_is:hue,999.0
847.62,0.5,0.0,as_is:hue,999.0
847.66,0.5,0.0,as_is:hue,999.0
847.68,0.5,0.0,as_is:hue,999.0
847.75,0.5,0.0,as_is:hue,999.0
847.82,0.5,0.0,as_is:hue,999.0
847.89,0.5,0.0,as_is:hue,999.0
