ElapsedSec,Fall,BNOStaleSec
0.0,0.0,0.0
0.0,9.78,0.0
0.0,9.78,0.0
0.0,9.78,0.0
0.0,9.78,0.0
0.0,9.78,0.0
0.0,9.78,0.0
0.0,9.78,0.0
0.0,9.78,0.0
0.0,9.78,0.0
0.0,9.78,0.0
0.0,9.78,0.0
0.0,9.78,0.0
0.0,9.78,0.0
0.0,9.78,0.0
0.0,9.78,0.0
0.0,9.78,0.0
0.0,9.78,0.0
0.0,9.78,0.0
0.05,9.78,0.0
0.12,9.78,0.0
0.19,9.78,0.0
0.25,9.78,0.0
0.32,9.78,0.0
0.38,9.78,0.0
0.45,9.78,0.0
0.51,9.78,0.0
0.58,9.78,0.0
0.64,9.78,0.0
0.71,9.78,0.0
0.78,9.78,0.0
0.84,9.78,0.0
0.91,9.78,0.0
0.97,9.78,0.0
1.04,9.78,0.0
1.1,9.78,0.0
1.17,9.78,0.0
1.23,9.78,0.0
1.3,9.78,0.0
1.37,9.78,0.0
1.43,9.78,0.0
1.5,9.78,0.0
1.56,9.78,0.0
1.63,9.78,0.0
1.69,9.78,0.0
1.76,9.78,0.0
1.83,9.78,0.0
1.89,9.78,0.0
1.96,9.78,0.0
2.02,9.78,0.0
2.09,9.78,0.0
2.16,9.78,0.0
2.22,9.78,0.0
2.29,9.78,0.0
2.35,9.78,0.0
2.42,9.78,0.0
2.48,9.78,0.0
2.55,9.78,0.0
2.62,9.78,0.0
2.68,9.78,0.0
2.75,9.78,0.0
2.81,9.78,0.0
2.88,9.78,0.0
2.94,9.78,0.0
3.01,9.78,0.0
3.08,9.78,0.0
3.14,9.78,0.0
3.21,9.78,0.0
3.27,9.78,0.0
3.34,9.78,0.0
3.41,9.78,0.0
3.47,9.78,0.0
3.54,9.78,0.0
3.61,9.78,0.0
3.67,9.78,0.0
3.74,9.78,0.0
3.81,9.78,0.0
3.87,9.78,0.0
3.94,9.78,0.0
4.01,9.78,0.0
4.07,9.78,0.0
4.16,9.78,0.0
4.22,9.78,0.0
4.29,9.78,0.0
4.36,9.78,0.0
4.43,9.78,0.0
4.5,9.78,0.0
4.56,9.78,0.0
4.63,9.78,0.0
4.69,9.78,0.0
4.76,9.78,0.0
4.83,9.78,0.0
4.9,9.78,0.0
4.97,9.78,0.0
5.03,9.78,0.0
5.1,9.78,0.0
5.16,9.78,0.0
5.23,9.78,0.0
5.3,9.78,0.0
5.36,9.78,0.0
5.43,9.78,0.0
5.5,9.78,0.0
5.56,9.78,0.0
5.63,9.78,0.0
5.69,9.78,0.0
5.76,9.78,0.0
5.82,9.78,0.0
5.89,9.78,0.0
5.96,9.78,0.0
6.02,9.78,0.0
6.09,9.78,0.0
6.15,9.78,0.0
6.22,9.78,0.0
6.29,9.78,0.0
6.36,9.78,0.0
6.42,9.78,0.0
6.49,9.78,0.0
6.56,9.78,0.0
6.62,9.78,0.0
6.69,9.78,0.0
6.75,9.78,0.0
6.82,9.78,0.0
6.89,9.78,0.0
6.95,9.78,0.0
7.02,9.78,0.0
7.08,9.78,0.0
7.15,9.78,0.0
7.22,9.78,0.0
7.28,9.78,0.0
7.35,9.78,0.0
7.42,9.78,0.0
7.48,9.78,0.0
7.55,9.78,0.0
7.62,9.78,0.0
7.68,9.78,0.0
7.75,9.78,0.0
7.81,9.78,0.0
7.88,9.78,0.0
7.95,9.78,0.0
8.01,9.78,0.0
8.08,9.78,0.0
8.15,9.78,0.0
8.21,9.78,0.0
8.28,9.78,0.0
8.34,9.78,0.0
8.41,9.78,0.0
8.48,9.78,0.0
8.55,9.78,0.0
8.61,9.78,0.0
8.68,9.78,0.0
8.75,9.78,0.0
8.81,9.78,0.0
8.88,9.78,0.0
8.95,9.78,0.0
9.01,9.78,0.0
9.08,9.78,0.0
9.15,9.78,0.0
9.21,9.78,0.0
9.28,9.78,0.0
9.35,9.78,0.0
9.42,9.78,0.0
9.48,9.78,0.0
9.55,9.78,0.0
9.62,9.78,0.0
9.68,9.78,0.0
9.75,9.78,0.0
9.82,9.78,0.0
9.88,9.78,0.0
9.95,9.78,0.0
10.02,9.78,0.0
10.08,9.78,0.0
10.15,9.78,0.0
10.22,9.78,0.0
10.28,9.78,0.0
10.35,9.78,0.0
10.42,9.78,0.0
10.48,9.78,0.0
10.55,9.78,0.0
10.62,9.78,0.0
10.68,9.78,0.0
10.75,9.78,0.0
10.82,9.78,0.0
10.89,9.78,0.0
10.96,9.78,0.0
11.02,9.78,0.0
11.09,9.78,0.0
11.16,9.78,0.0
11.22,9.78,0.0
11.29,9.78,0.0
11.35,9.78,0.0
11.42,9.78,0.0
11.49,9.78,0.0
11.55,9.78,0.0
11.62,9.78,0.0
11.68,9.78,0.0
11.75,9.78,0.0
11.82,9.78,0.0
11.88,9.78,0.0
11.95,9.78,0.0
12.02,9.78,0.0
12.08,9.78,0.0
12.15,9.78,0.0
12.21,9.78,0.0
12.28,9.78,0.0
12.35,9.78,0.0
12.41,9.78,0.0
12.48,9.78,0.0
12.54,9.78,0.0
12.61,9.78,0.0
12.67,9.78,0.0
12.74,9.78,0.0
12.81,9.78,0.0
12.87,9.78,0.0
12.94,9.78,0.0
13.01,9.78,0.0
13.1,9.78,0.0
13.16,9.78,0.0
13.23,9.78,0.0
13.3,9.78,0.0
13.36,9.78,0.0
13.43,9.78,0.0
13.5,9.78,0.0
13.56,9.78,0.0
13.63,9.78,0.0
13.69,9.78,0.0
13.76,9.78,0.0
13.83,9.78,0.0
13.89,9.78,0.0
13.96,9.78,0.0
14.04,9.78,0.0
14.1,9.78,0.0
14.17,9.78,0.0
14.24,9.78,0.0
14.3,9.78,0.0
14.37,9.78,0.0
14.44,9.78,0.0
14.5,9.78,0.0
14.57,9.78,0.0
14.63,9.78,0.0
14.7,9.78,0.0
14.77,9.78,0.0
14.83,9.78,0.0
14.9,9.78,0.0
14.97,9.78,0.0
15.03,9.78,0.0
15.1,9.78,0.0
15.17,9.78,0.0
15.23,9.78,0.0
15.3,9.78,0.0
15.37,9.78,0.0
15.43,9.78,0.0
15.5,9.78,0.0
15.57,9.78,0.0
15.63,9.78,0.0
15.7,9.78,0.0
15.77,9.78,0.0
15.83,9.78,0.0
15.9,9.78,0.0
15.97,9.78,0.0
16.03,9.78,0.0
16.1,9.78,0.0
16.16,9.78,0.0
16.23,9.78,0.0
16.3,9.78,0.0
16.37,9.78,0.0
16.43,9.78,0.0
16.5,9.78,0.0
16.56,9.78,0.0
16.63,9.78,0.0
16.7,9.78,0.0
16.76,9.78,0.0
16.83,9.78,0.0
16.9,9.78,0.0
16.96,9.78,0.0
17.03,9.78,0.0
17.1,9.78,0.0
17.17,9.78,0.0
17.24,9.78,0.0
17.31,9.78,0.0
17.37,9.78,0.0
17.44,9.78,0.0
17.5,9.78,0.0
17.57,9.78,0.0
17.64,9.78,0.0
17.7,9.78,0.0
17.77,9.78,0.0
17.83,9.78,0.0
17.9,9.78,0.0
17.97,9.78,0.0
18.03,9.78,0.0
18.1,9.78,0.0
18.16,9.78,0.0
18.23,9.78,0.0
18.3,9.78,0.0
18.36,9.78,0.0
18.43,9.78,0.0
18.5,9.78,0.0
18.56,9.78,0.0
18.63,9.78,0.0
18.69,9.78,0.0
18.76,9.78,0.0
18.83,9.78,0.0
18.89,9.78,0.0
18.96,9.78,0.0
19.02,9.78,0.0
19.09,9.78,0.0
19.16,9.78,0.0
19.22,9.78,0.0
19.29,9.78,0.0
19.35,9.78,0.0
19.42,9.78,0.0
19.49,9.78,0.0
19.55,9.78,0.0
19.62,9.78,0.0
19.69,9.78,0.0
19.75,9.78,0.0
19.82,9.78,0.0
19.88,9.78,0.0
19.95,9.78,0.0
20.02,9.78,0.0
20.08,9.78,0.0
20.15,9.78,0.0
20.22,9.78,0.0
20.28,9.78,0.0
20.35,9.78,0.0
20.42,9.78,0.0
20.48,9.78,0.0
20.55,9.78,0.0
20.61,9.78,0.0
20.68,9.78,0.0
20.75,9.78,0.0
20.81,9.78,0.0
20.88,9.78,0.0
20.95,9.78,0.0
21.01,9.78,0.0
21.08,9.78,0.0
21.15,9.78,0.0
21.21,9.78,0.0
21.28,9.78,0.0
21.34,9.78,0.0
21.41,9.78,0.0
21.48,9.78,0.0
21.54,9.78,0.0
21.61,9.78,0.0
21.68,9.78,0.0
21.74,9.78,0.0
21.81,9.78,0.0
21.88,9.78,0.0
21.94,9.78,0.0
22.01,9.78,0.0
22.08,9.78,0.0
22.14,9.78,0.0
22.21,9.78,0.0
22.28,9.78,0.0
22.34,9.78,0.0
22.41,9.78,0.0
22.48,9.78,0.0
22.54,9.78,0.0
22.61,9.78,0.0
22.68,9.78,0.0
22.74,9.78,0.0
22.81,9.78,0.0
22.88,9.78,0.0
22.94,9.78,0.0
23.01,9.78,0.0
23.08,9.78,0.0
23.14,9.78,0.0
23.21,9.78,0.0
23.28,9.78,0.0
23.34,9.78,0.0
23.41,9.78,0.0
23.48,9.78,0.0
23.54,9.78,0.0
23.61,9.78,0.0
23.68,9.78,0.0
23.74,9.78,0.0
23.81,9.78,0.0
23.88,9.78,0.0
23.95,9.78,0.0
24.02,9.78,0.0
24.08,9.78,0.0
24.15,9.78,0.0
24.21,9.78,0.0
24.28,9.78,0.0
24.35,9.78,0.0
24.41,9.78,0.0
24.48,9.78,0.0
24.54,9.78,0.0
24.61,9.78,0.0
24.67,9.78,0.0
24.74,9.78,0.0
24.81,9.78,0.0
24.87,9.78,0.0
24.94,9.78,0.0
25.01,9.78,0.0
25.07,9.78,0.0
25.15,9.78,0.0
25.21,9.78,0.0
25.28,9.78,0.0
25.35,9.78,0.0
25.41,9.78,0.0
25.48,9.78,0.0
25.54,9.78,0.0
25.61,9.78,0.0
25.67,9.78,0.0
25.74,9.78,0.0
25.81,9.78,0.0
25.87,9.78,0.0
25.94,9.78,0.0
26.01,9.78,0.0
26.07,9.78,0.0
26.14,9.78,0.0
26.2,9.78,0.0
26.27,9.78,0.0
26.34,9.78,0.0
26.4,9.78,0.0
26.47,9.78,0.0
26.53,9.78,0.0
26.6,9.78,0.0
26.67,9.78,0.0
26.73,9.78,0.0
26.8,9.78,0.0
26.86,9.78,0.0
26.93,9.78,0.0
26.99,9.78,0.0
27.06,9.78,0.0
27.13,9.78,0.0
27.19,9.78,0.0
27.26,9.78,0.0
27.33,9.78,0.0
27.39,9.78,0.0
27.46,9.78,0.0
27.52,9.78,0.0
27.59,9.78,0.0
27.66,9.78,0.0
27.72,9.78,0.0
27.79,9.78,0.0
27.86,9.78,0.0
27.92,9.78,0.0
27.99,9.78,0.0
28.05,9.78,0.0
28.12,9.78,0.0
28.19,9.78,0.0
28.25,9.78,0.0
28.32,9.78,0.0
28.39,9.78,0.0
28.45,9.78,0.0
28.52,9.78,0.0
28.59,9.78,0.0
28.65,9.78,0.0
28.72,9.78,0.0
28.79,9.78,0.0
28.85,9.78,0.0
28.92,9.78,0.0
28.99,9.78,0.0
29.05,9.78,0.0
29.12,9.78,0.0
29.19,9.78,0.0
29.25,9.78,0.0
29.32,9.78,0.0
29.39,9.78,0.0
29.45,9.78,0.0
29.52,9.78,0.0
29.58,9.78,0.0
29.65,9.78,0.0
29.72,9.78,0.0
29.78,9.78,0.0
29.85,9.78,0.0
29.92,9.78,0.0
29.98,9.78,0.0
30.05,9.78,0.0
30.12,9.78,0.0
30.18,9.78,0.0
30.25,9.78,0.0
30.32,9.78,0.0
30.38,9.78,0.0
30.45,9.78,0.0
30.52,9.78,0.0
30.58,9.78,0.0
30.65,9.78,0.0
30.71,9.78,0.0
30.78,9.78,0.0
30.85,9.78,0.0
30.91,9.78,0.0
30.98,9.78,0.0
31.05,9.78,0.0
31.11,9.78,0.0
31.18,9.78,0.0
31.25,9.78,0.0
31.31,9.78,0.0
31.38,9.78,0.0
31.45,9.78,0.0
31.52,9.78,0.0
31.58,9.78,0.0
31.65,9.78,0.0
31.72,9.78,0.0
31.79,9.78,0.0
31.85,9.78,0.0
31.92,9.78,0.0
31.99,9.78,0.0
32.05,9.78,0.0
32.12,9.78,0.0
32.18,9.78,0.0
32.25,9.78,0.0
32.32,9.78,0.0
32.38,9.78,0.0
32.45,9.78,0.0
32.51,9.78,0.0
32.58,9.78,0.0
32.65,9.78,0.0
32.71,9.78,0.0
32.78,9.78,0.0
32.84,9.78,0.0
32.91,9.78,0.0
32.98,9.78,0.0
33.04,9.78,0.0
33.11,9.78,0.0
33.17,9.78,0.0
33.24,9.78,0.0
33.31,9.78,0.0
33.37,9.78,0.0
33.44,9.78,0.0
33.51,9.78,0.0
33.57,9.78,0.0
33.64,9.78,0.0
33.71,9.78,0.0
33.77,9.78,0.0
33.84,9.78,0.0
33.9,9.78,0.0
33.97,9.78,0.0
34.04,9.78,0.0
34.11,9.78,0.0
34.18,9.78,0.0
34.24,9.78,0.0
34.31,9.78,0.0
34.37,9.78,0.0
34.44,9.78,0.0
34.51,9.78,0.0
34.57,9.78,0.0
34.64,9.78,0.0
34.71,9.78,0.0
34.77,9.78,0.0
34.84,9.78,0.0
34.9,9.78,0.0
34.97,9.78,0.0
35.04,9.78,0.0
35.1,9.78,0.0
35.17,9.78,0.0
35.24,9.78,0.0
35.3,9.78,0.0
35.37,9.78,0.0
35.44,9.78,0.0
35.5,9.78,0.0
35.57,9.78,0.0
35.63,9.78,0.0
35.7,9.78,0.0
35.77,9.78,0.0
35.83,9.78,0.0
35.9,9.78,0.0
35.97,9.78,0.0
36.03,9.78,0.0
36.1,9.78,0.0
36.17,9.78,0.0
36.23,9.78,0.0
36.3,9.78,0.0
36.37,9.78,0.0
36.43,9.78,0.0
36.5,9.78,0.0
36.56,9.78,0.0
36.63,9.78,0.0
36.7,9.78,0.0
36.76,9.78,0.0
36.83,9.78,0.0
36.9,9.78,0.0
36.96,9.78,0.0
37.03,9.78,0.0
37.1,9.78,0.0
37.16,9.78,0.0
37.23,9.78,0.0
37.3,9.78,0.0
37.36,9.78,0.0
37.43,9.78,0.0
37.5,9.78,0.0
37.56,9.78,0.0
37.63,9.78,0.0
37.7,9.78,0.0
37.76,9.78,0.0
37.83,9.78,0.0
37.9,9.78,0.0
37.96,9.78,0.0
38.03,9.78,0.0
38.1,9.78,0.0
38.16,9.78,0.0
38.23,9.78,0.0
38.3,9.78,0.0
38.36,9.78,0.0
38.43,9.78,0.0
38.5,9.78,0.0
38.57,9.78,0.0
38.63,9.78,0.0
38.7,9.78,0.0
38.77,9.78,0.0
38.83,9.78,0.0
38.9,9.78,0.0
38.96,9.78,0.0
39.03,9.78,0.0
39.1,9.78,0.0
39.16,9.78,0.0
39.23,9.78,0.0
39.29,9.78,0.0
39.36,9.78,0.0
39.43,9.78,0.0
39.49,9.78,0.0
39.56,9.78,0.0
39.62,9.78,0.0
39.69,9.78,0.0
39.76,9.78,0.0
39.82,9.78,0.0
39.89,9.78,0.0
39.96,9.78,0.0
40.02,9.78,0.0
40.09,9.78,0.0
40.15,9.78,0.0
40.22,9.78,0.0
40.29,9.78,0.0
40.35,9.78,0.0
40.42,9.78,0.0
40.48,9.78,0.0
40.55,9.78,0.0
40.62,9.78,0.0
40.68,9.78,0.0
40.75,9.78,0.0
40.81,9.78,0.0
40.88,9.78,0.0
40.95,9.78,0.0
41.01,9.78,0.0
41.08,9.78,0.0
41.15,9.78,0.0
41.21,9.78,0.0
41.28,9.78,0.0
41.35,9.78,0.0
41.41,9.78,0.0
41.48,9.78,0.0
41.54,9.78,0.0
41.61,9.78,0.0
41.68,9.78,0.0
41.74,9.78,0.0
41.81,9.78,0.0
41.88,9.78,0.0
41.94,9.78,0.0
42.01,9.78,0.0
42.07,9.78,0.0
42.14,9.78,0.0
42.21,9.78,0.0
42.28,9.78,0.0
42.34,9.78,0.0
42.41,9.78,0.0
42.47,9.78,0.0
42.54,9.78,0.0
42.61,9.78,0.0
42.67,9.78,0.0
42.74,9.78,0.0
42.81,9.78,0.0
42.87,9.78,0.0
42.94,9.78,0.0
43.01,9.78,0.0
43.07,9.78,0.0
43.14,9.78,0.0
43.2,9.78,0.0
43.27,9.78,0.0
43.34,9.78,0.0
43.4,9.78,0.0
43.47,9.78,0.0
43.54,9.78,0.0
43.6,9.78,0.0
43.67,9.78,0.0
43.74,9.78,0.0
43.8,9.78,0.0
43.87,9.78,0.0
43.94,9.78,0.0
44.0,9.78,0.0
44.07,9.78,0.0
44.14,9.78,0.0
44.2,9.78,0.0
44.27,9.78,0.0
44.33,9.78,0.0
44.4,9.78,0.0
44.47,9.78,0.0
44.54,9.78,0.0
44.6,9.78,0.0
44.67,9.78,0.0
44.73,9.78,0.0
44.8,9.78,0.0
44.87,9.78,0.0
44.93,9.78,0.0
45.0,9.78,0.0
45.08,9.78,0.0
45.14,9.78,0.0
45.21,9.78,0.0
45.27,9.78,0.0
45.34,9.78,0.0
45.4,9.78,0.0
45.47,9.78,0.0
45.54,9.78,0.0
45.6,9.78,0.0
45.67,9.78,0.0
45.74,9.78,0.0
45.8,9.78,0.0
45.87,9.78,0.0
45.93,9.78,0.0
46.0,9.78,0.0
46.06,9.78,0.0
46.13,9.78,0.0
46.2,9.78,0.0
46.26,9.78,0.0
46.33,9.78,0.0
46.4,9.78,0.0
46.46,9.78,0.0
46.53,9.78,0.0
46.6,9.78,0.0
46.66,9.78,0.0
46.73,9.78,0.0
46.79,9.78,0.0
46.86,9.78,0.0
46.93,9.78,0.0
46.99,9.78,0.0
47.06,9.78,0.0
47.12,9.78,0.0
47.19,9.78,0.0
47.26,9.78,0.0
47.32,9.78,0.0
47.39,9.78,0.0
47.46,9.78,0.0
47.52,9.78,0.0
47.59,9.78,0.0
47.66,9.78,0.0
47.73,9.78,0.0
47.8,9.78,0.0
47.86,9.78,0.0
47.93,9.78,0.0
48.0,9.78,0.0
48.06,9.78,0.0
48.13,9.78,0.0
48.19,9.78,0.0
48.26,9.78,0.0
48.33,9.78,0.0
48.39,9.78,0.0
48.46,9.78,0.0
48.53,9.78,0.0
48.59,9.78,0.0
48.66,9.78,0.0
48.72,9.78,0.0
48.79,9.78,0.0
48.87,9.78,0.0
48.95,9.78,0.0
49.03,9.78,0.0
49.1,9.78,0.0
49.17,9.78,0.0
49.26,9.78,0.0
49.33,9.78,0.0
49.4,9.78,0.0
49.46,9.78,0.0
49.53,9.78,0.0
49.6,9.78,0.0
49.66,9.78,0.0
49.73,9.78,0.0
49.8,9.78,0.0
49.86,9.78,0.0
49.93,9.78,0.0
50.0,9.78,0.0
50.06,9.78,0.0
50.13,9.78,0.0
50.2,9.78,0.0
50.26,9.78,0.0
50.33,9.78,0.0
50.4,9.78,0.0
50.46,9.78,0.0
50.53,9.78,0.0
50.6,9.78,0.0
50.66,9.78,0.0
50.73,9.78,0.0
50.8,9.78,0.0
50.87,9.78,0.0
50.93,9.78,0.0
51.0,9.78,0.0
51.07,9.78,0.0
51.13,9.78,0.0
51.2,9.78,0.0
51.27,9.78,0.0
51.33,9.78,0.0
51.4,9.78,0.0
51.47,9.78,0.0
51.53,9.78,0.0
51.6,9.78,0.0
51.67,9.78,0.0
51.73,9.78,0.0
51.8,9.78,0.0
51.87,9.78,0.0
51.94,9.78,0.0
52.0,9.78,0.0
52.07,9.78,0.0
52.14,9.78,0.0
52.2,9.78,0.0
52.27,9.78,0.0
52.33,9.78,0.0
52.4,9.78,0.0
52.47,9.78,0.0
52.53,9.78,0.0
52.6,9.78,0.0
52.66,9.78,0.0
52.73,9.78,0.0
52.79,9.78,0.0
52.86,9.78,0.0
52.93,9.78,0.0
52.99,9.78,0.0
53.06,9.78,0.0
53.12,9.78,0.0
53.19,9.78,0.0
53.26,9.78,0.0
53.32,9.78,0.0
53.39,9.78,0.0
53.46,9.78,0.0
53.52,9.78,0.0
53.59,9.78,0.0
53.66,9.78,0.0
53.72,9.78,0.0
53.79,9.78,0.0
53.85,9.78,0.0
53.92,9.78,0.0
53.99,9.78,0.0
54.05,9.78,0.0
54.12,9.78,0.0
54.18,9.78,0.0
54.25,9.78,0.0
54.32,9.78,0.0
54.38,9.78,0.0
54.45,9.78,0.0
54.52,9.78,0.0
54.58,9.78,0.0
54.65,9.78,0.0
54.72,9.78,0.0
54.78,9.78,0.0
54.85,9.78,0.0
54.91,9.78,0.0
54.98,9.78,0.0
55.05,9.78,0.0
55.11,9.78,0.0
55.18,9.78,0.0
55.25,9.78,0.0
55.31,9.78,0.0
55.38,9.78,0.0
55.45,9.78,0.0
55.51,9.78,0.0
55.58,9.78,0.0
55.65,9.78,0.0
55.71,9.78,0.0
55.78,9.78,0.0
55.85,9.78,0.0
55.91,9.78,0.0
55.98,9.78,0.0
56.04,9.78,0.0
56.11,9.78,0.0
56.18,9.78,0.0
56.24,9.78,0.0
56.31,9.78,0.0
56.38,9.78,0.0
56.44,9.78,0.0
56.51,9.78,0.0
56.58,9.78,0.0
56.64,9.78,0.0
56.71,9.78,0.0
56.78,9.78,0.0
56.84,9.78,0.0
56.91,9.78,0.0
56.98,9.78,0.0
57.04,9.78,0.0
57.11,9.78,0.0
57.18,9.78,0.0
57.24,9.78,0.0
57.31,9.78,0.0
57.37,9.78,0.0
57.44,9.78,0.0
57.51,9.78,0.0
57.58,9.78,0.0
57.64,9.78,0.0
57.71,9.78,0.0
57.78,9.78,0.0
57.84,9.78,0.0
57.91,9.78,0.0
57.98,9.78,0.0
58.04,9.78,0.0
58.11,9.78,0.0
58.18,9.78,0.0
58.24,9.78,0.0
58.31,9.78,0.0
58.38,9.78,0.0
58.45,9.78,0.0
58.52,9.78,0.0
58.58,9.78,0.0
58.65,9.78,0.0
58.71,9.78,0.0
58.78,9.78,0.0
58.85,9.78,0.0
58.91,9.78,0.0
58.98,9.78,0.0
59.05,9.78,0.0
59.11,9.78,0.0
59.18,9.78,0.0
59.24,9.78,0.0
59.31,9.78,0.0
59.38,9.78,0.0
59.44,9.78,0.0
59.51,9.78,0.0
59.57,9.78,0.0
59.64,9.78,0.0
59.71,9.78,0.0
59.77,9.78,0.0
59.84,9.78,0.0
59.91,9.78,0.0
59.97,9.78,0.0
60.04,9.78,0.0
60.1,9.78,0.0
60.17,9.78,0.0
60.24,9.78,0.0
60.3,9.78,0.0
60.37,9.78,0.0
60.43,9.78,0.0
60.5,9.78,0.0
60.57,9.78,0.0
60.63,9.78,0.0
60.7,9.78,0.0
60.77,9.78,0.0
60.83,9.78,0.0
60.9,9.78,0.0
60.96,9.78,0.0
61.03,9.78,0.0
61.1,9.78,0.0
61.16,9.78,0.0
61.23,9.78,0.0
61.3,9.78,0.0
61.36,9.78,0.0
61.43,9.78,0.0
61.5,9.78,0.0
61.56,9.78,0.0
61.63,9.78,0.0
61.7,9.78,0.0
61.76,9.78,0.0
61.83,9.78,0.0
61.9,9.78,0.0
61.96,9.78,0.0
62.03,9.78,0.0
62.1,9.78,0.0
62.16,9.78,0.0
62.23,9.78,0.0
62.29,9.78,0.0
62.36,9.78,0.0
62.43,9.78,0.0
62.49,9.78,0.0
62.56,9.78,0.0
62.63,9.78,0.0
62.69,9.78,0.0
62.77,9.78,0.0
62.83,9.78,0.0
62.9,9.78,0.0
62.97,9.78,0.0
63.03,9.78,0.0
63.1,9.78,0.0
63.17,9.78,0.0
63.23,9.78,0.0
63.3,9.78,0.0
63.36,9.78,0.0
63.43,9.78,0.0
63.49,9.78,0.0
63.56,9.78,0.0
63.63,9.78,0.0
63.69,9.78,0.0
63.76,9.78,0.0
63.82,9.78,0.0
63.89,9.78,0.0
63.96,9.78,0.0
64.02,9.78,0.0
64.09,9.78,0.0
64.16,9.78,0.0
64.22,9.78,0.0
64.29,9.78,0.0
64.35,9.78,0.0
64.42,9.78,0.0
64.49,9.78,0.0
64.55,9.78,0.0
64.62,9.78,0.0
64.68,9.78,0.0
64.75,9.78,0.0
64.82,9.78,0.0
64.88,9.78,0.0
64.95,9.78,0.0
65.01,9.78,0.0
65.09,9.78,0.0
65.15,9.78,0.0
65.22,9.78,0.0
65.28,9.78,0.0
65.35,9.78,0.0
65.41,9.78,0.0
65.48,9.78,0.0
65.54,9.78,0.0
65.61,9.78,0.0
65.68,9.78,0.0
65.74,9.78,0.0
65.81,9.78,0.0
65.87,9.78,0.0
65.94,9.78,0.0
66.0,9.78,0.0
66.07,9.78,0.0
66.13,9.78,0.0
66.2,9.78,0.0
66.26,9.78,0.0
66.33,9.78,0.0
66.4,9.78,0.0
66.47,9.78,0.0
66.53,9.78,0.0
66.6,9.78,0.0
66.66,9.78,0.0
66.73,9.78,0.0
66.8,9.78,0.0
66.86,9.78,0.0
66.93,9.78,0.0
66.99,9.78,0.0
67.06,9.78,0.0
67.12,9.78,0.0
67.19,9.78,0.0
67.26,9.78,0.0
67.32,9.78,0.0
67.39,9.78,0.0
67.45,9.78,0.0
67.52,9.78,0.0
67.58,9.78,0.0
67.65,9.78,0.0
67.71,9.78,0.0
67.78,9.78,0.0
67.85,9.78,0.0
67.91,9.78,0.0
67.98,9.78,0.0
68.04,9.78,0.0
68.11,9.78,0.0
68.18,9.78,0.0
68.24,9.78,0.0
68.31,9.78,0.0
68.38,9.78,0.0
68.44,9.78,0.0
68.51,9.78,0.0
68.57,9.78,0.0
68.64,9.78,0.0
68.71,9.78,0.0
68.77,9.78,0.0
68.84,9.78,0.0
68.9,9.78,0.0
68.97,9.78,0.0
69.04,9.78,0.0
69.1,9.78,0.0
69.17,9.78,0.0
69.23,9.78,0.0
69.3,9.78,0.0
69.37,9.78,0.0
69.43,9.78,0.0
69.5,9.78,0.0
69.57,9.78,0.0
69.63,9.78,0.0
69.7,9.78,0.0
69.76,9.78,0.0
69.83,9.78,0.0
69.9,9.78,0.0
69.97,9.78,0.0
70.03,9.78,0.0
70.1,9.78,0.0
70.16,9.78,0.0
70.23,9.78,0.0
70.3,9.78,0.0
70.36,9.78,0.0
70.43,9.78,0.0
70.5,9.78,0.0
70.56,9.78,0.0
70.63,9.78,0.0
70.7,9.78,0.0
70.76,9.78,0.0
70.83,9.78,0.0
70.9,9.78,0.0
70.96,9.78,0.0
71.03,9.78,0.0
71.09,9.78,0.0
71.16,9.78,0.0
71.23,9.78,0.0
71.29,9.78,0.0
71.36,9.78,0.0
71.43,9.78,0.0
71.49,9.78,0.0
71.56,9.78,0.0
71.63,9.78,0.0
71.69,9.78,0.0
71.76,9.78,0.0
71.83,9.78,0.0
71.9,9.78,0.0
71.96,9.78,0.0
72.03,9.78,0.0
72.1,9.78,0.0
72.16,9.78,0.0
72.23,9.78,0.0
72.3,9.78,0.0
72.36,9.78,0.0
72.43,9.78,0.0
72.49,9.78,0.0
72.56,9.78,0.0
72.63,9.78,0.0
72.7,9.78,0.0
72.76,9.78,0.0
72.83,9.78,0.0
72.9,9.78,0.0
72.97,9.78,0.0
73.03,9.78,0.0
73.1,9.78,0.0
73.16,9.78,0.0
73.23,9.78,0.0
73.3,9.78,0.0
73.36,9.78,0.0
73.43,9.78,0.0
73.49,9.78,0.0
73.56,9.78,0.0
73.63,9.78,0.0
73.69,9.78,0.0
73.76,9.78,0.0
73.82,9.78,0.0
73.89,9.78,0.0
73.96,9.78,0.0
74.02,9.78,0.0
74.09,9.78,0.0
74.15,9.78,0.0
74.22,9.78,0.0
74.29,9.78,0.0
74.35,9.78,0.0
74.42,9.78,0.0
74.48,9.78,0.0
74.55,9.78,0.0
74.62,9.78,0.0
74.68,9.78,0.0
74.75,9.78,0.0
74.82,9.78,0.0
74.88,9.78,0.0
74.95,9.78,0.0
75.02,9.78,0.0
75.08,9.78,0.0
75.15,9.78,0.0
75.21,9.78,0.0
75.28,9.78,0.0
75.35,9.78,0.0
75.41,9.78,0.0
75.48,9.78,0.0
75.55,9.78,0.0
75.61,9.78,0.0
75.68,9.78,0.0
75.74,9.78,0.0
75.81,9.78,0.0
75.88,9.78,0.0
75.94,9.78,0.0
76.01,9.78,0.0
76.08,9.78,0.0
76.14,9.78,0.0
76.21,9.78,0.0
76.28,9.78,0.0
76.34,9.78,0.0
76.41,9.78,0.0
76.48,9.78,0.0
76.54,9.78,0.0
76.61,9.78,0.0
76.67,9.78,0.0
76.74,9.78,0.0
76.81,9.78,0.0
76.87,9.78,0.0
76.94,9.78,0.0
77.01,9.78,0.0
77.07,9.78,0.0
77.14,9.78,0.0
77.21,9.78,0.0
77.27,9.78,0.0
77.34,9.78,0.0
77.4,9.78,0.0
77.47,9.78,0.0
77.54,9.78,0.0
77.6,9.78,0.0
77.67,9.78,0.0
77.74,9.78,0.0
77.8,9.78,0.0
77.87,9.78,0.0
77.94,9.78,0.0
78.01,9.78,0.0
78.07,9.78,0.0
78.14,9.78,0.0
78.21,9.78,0.0
78.27,9.78,0.0
78.34,9.78,0.0
78.41,9.78,0.0
78.47,9.78,0.0
78.54,9.78,0.0
78.6,9.78,0.0
78.67,9.78,0.0
78.74,9.78,0.0
78.81,9.78,0.0
78.88,9.78,0.0
78.94,9.78,0.0
79.01,9.78,0.0
79.08,9.78,0.0
79.14,9.78,0.0
79.21,9.78,0.0
79.28,9.78,0.0
79.34,9.78,0.0
79.42,9.78,0.0
79.48,9.78,0.0
79.55,9.78,0.0
79.62,9.78,0.0
79.68,9.78,0.0
79.75,9.78,0.0
79.81,9.78,0.0
79.88,9.78,0.0
79.95,9.78,0.0
80.01,9.78,0.0
80.08,9.78,0.0
80.14,9.78,0.0
80.21,9.78,0.0
80.28,9.78,0.0
80.34,9.78,0.0
80.41,9.78,0.0
80.48,9.78,0.0
80.54,9.78,0.0
80.61,9.78,0.0
80.68,9.78,0.0
80.74,9.78,0.0
80.81,9.78,0.0
80.87,9.78,0.0
80.94,9.78,0.0
81.01,9.78,0.0
81.07,9.78,0.0
81.14,9.78,0.0
81.21,9.78,0.0
81.27,9.78,0.0
81.34,9.78,0.0
81.41,9.78,0.0
81.47,9.78,0.0
81.54,9.78,0.0
81.61,9.78,0.0
81.67,9.78,0.0
81.74,9.78,0.0
81.8,9.78,0.0
81.87,9.78,0.0
81.93,9.78,0.0
82.0,9.78,0.0
82.06,9.78,0.0
82.13,9.78,0.0
82.2,9.78,0.0
82.26,9.78,0.0
82.33,9.78,0.0
82.39,9.78,0.0
82.46,9.78,0.0
82.52,9.78,0.0
82.59,9.78,0.0
82.66,9.78,0.0
82.72,9.78,0.0
82.79,9.78,0.0
82.85,9.78,0.0
82.92,9.78,0.0
82.99,9.78,0.0
83.05,9.78,0.0
83.12,9.78,0.0
83.18,9.78,0.0
83.25,9.78,0.0
83.31,9.78,0.0
83.38,9.78,0.0
83.45,9.78,0.0
83.51,9.78,0.0
83.58,9.78,0.0
83.64,9.78,0.0
83.71,9.78,0.0
83.78,9.78,0.0
83.84,9.78,0.0
83.91,9.78,0.0
83.97,9.78,0.0
84.04,9.78,0.0
84.11,9.78,0.0
84.17,9.78,0.0
84.24,9.78,0.0
84.3,9.78,0.0
84.38,9.78,0.0
84.45,9.78,0.0
84.51,9.78,0.0
84.58,9.78,0.0
84.65,9.78,0.0
84.71,9.78,0.0
84.78,9.78,0.0
84.84,9.78,0.0
84.91,9.78,0.0
84.98,9.78,0.0
85.04,9.78,0.0
85.11,9.78,0.0
85.17,9.78,0.0
85.24,9.78,0.0
85.31,9.78,0.0
85.37,9.78,0.0
85.44,9.78,0.0
85.5,9.78,0.0
85.57,9.78,0.0
85.64,9.78,0.0
85.7,9.78,0.0
85.77,9.78,0.0
85.84,9.78,0.0
85.9,9.78,0.0
85.97,9.78,0.0
86.04,9.78,0.0
86.11,9.78,0.0
86.17,9.78,0.0
86.24,9.78,0.0
86.3,9.78,0.0
86.37,9.78,0.0
86.43,9.78,0.0
86.5,9.78,0.0
86.56,9.78,0.0
86.63,9.78,0.0
86.7,9.78,0.0
86.76,9.78,0.0
86.83,9.78,0.0
86.9,9.78,0.0
86.96,9.78,0.0
87.03,9.78,0.0
87.09,9.78,0.0
87.16,9.78,0.0
87.23,9.78,0.0
87.29,9.78,0.0
87.36,9.78,0.0
87.42,9.78,0.0
87.49,9.78,0.0
87.56,9.78,0.0
87.62,9.78,0.0
87.69,9.78,0.0
87.75,9.78,0.0
87.82,9.78,0.0
87.89,9.78,0.0
87.95,9.78,0.0
88.02,9.78,0.0
88.09,9.78,0.0
88.15,9.78,0.0
88.22,9.78,0.0
88.28,9.78,0.0
88.35,9.78,0.0
88.42,9.78,0.0
88.48,9.78,0.0
88.55,9.78,0.0
88.62,9.78,0.0
88.68,9.78,0.0
88.75,9.78,0.0
88.81,9.78,0.0
88.88,9.78,0.0
88.95,9.78,0.0
89.01,9.78,0.0
89.08,9.78,0.0
89.15,9.78,0.0
89.21,9.78,0.0
89.28,9.78,0.0
89.35,9.78,0.0
89.41,9.78,0.0
89.48,9.78,0.0
89.55,9.78,0.0
89.61,9.78,0.0
89.68,9.78,0.0
89.75,9.78,0.0
89.81,9.78,0.0
89.88,9.78,0.0
89.94,9.78,0.0
90.01,9.78,0.0
90.08,9.78,0.0
90.15,9.78,0.0
90.21,9.78,0.0
90.28,9.78,0.0
90.34,9.78,0.0
90.41,9.78,0.0
90.48,9.78,0.0
90.54,9.78,0.0
90.61,9.78,0.0
90.68,9.78,0.0
90.74,9.78,0.0
90.81,9.78,0.0
90.88,9.78,0.0
90.94,9.78,0.0
91.01,9.78,0.0
91.08,9.78,0.0
91.14,9.78,0.0
91.21,9.78,0.0
91.27,9.78,0.0
91.34,9.78,0.0
91.41,9.78,0.0
91.48,9.78,0.0
91.54,9.78,0.0
91.61,9.78,0.0
91.67,9.78,0.0
91.74,9.78,0.0
91.81,9.78,0.0
91.87,9.78,0.0
91.94,9.78,0.0
92.01,9.78,0.0
92.07,9.78,0.0
92.14,9.78,0.0
92.21,9.78,0.0
92.28,9.78,0.0
92.34,9.78,0.0
92.41,9.78,0.0
92.48,9.78,0.0
92.54,9.78,0.0
92.61,9.78,0.0
92.68,9.78,0.0
92.75,9.78,0.0
92.81,9.78,0.0
92.88,9.78,0.0
92.95,9.78,0.0
93.01,9.78,0.0
93.08,9.78,0.0
93.14,9.78,0.0
93.21,9.78,0.0
93.28,9.78,0.0
93.34,9.78,0.0
93.41,9.78,0.0
93.48,9.78,0.0
93.54,9.78,0.0
93.61,9.78,0.0
93.68,9.78,0.0
93.74,9.78,0.0
93.81,9.78,0.0
93.87,9.78,0.0
93.94,9.78,0.0
94.01,9.78,0.0
94.07,9.78,0.0
94.14,9.78,0.0
94.2,9.78,0.0
94.27,9.78,0.0
94.34,9.78,0.0
94.4,9.78,0.0
94.47,9.78,0.0
94.54,9.78,0.0
94.6,9.78,0.0
94.67,9.78,0.0
94.73,9.78,0.0
94.8,9.78,0.0
94.87,9.78,0.0
94.93,9.78,0.0
95.0,9.78,0.0
95.06,9.78,0.0
95.13,9.78,0.0
95.2,9.78,0.0
95.26,9.78,0.0
95.33,9.78,0.0
95.4,9.78,0.0
95.46,9.78,0.0
95.53,9.78,0.0
95.59,9.78,0.0
95.66,9.78,0.0
95.73,9.78,0.0
95.79,9.78,0.0
95.86,9.78,0.0
95.93,9.78,0.0
95.99,9.78,0.0
96.06,9.78,0.0
96.13,9.78,0.0
96.19,9.78,0.0
96.26,9.78,0.0
96.33,9.78,0.0
96.39,9.78,0.0
96.46,9.78,0.0
96.53,9.78,0.0
96.59,9.78,0.0
96.66,9.78,0.0
96.73,9.78,0.0
96.79,9.78,0.0
96.86,9.78,0.0
96.93,9.78,0.0
96.99,9.78,0.0
97.06,9.78,0.0
97.13,9.78,0.0
97.19,9.78,0.0
97.26,9.78,0.0
97.32,9.78,0.0
97.39,9.78,0.0
97.46,9.78,0.0
97.52,9.78,0.0
97.59,9.78,0.0
97.66,9.78,0.0
97.72,9.78,0.0
97.79,9.78,0.0
97.86,9.78,0.0
97.92,9.78,0.0
97.99,9.78,0.0
98.06,9.78,0.0
98.13,9.78,0.0
98.19,9.78,0.0
98.26,9.78,0.0
98.33,9.78,0.0
98.39,9.78,0.0
98.46,9.78,0.0
98.53,9.78,0.0
98.59,9.78,0.0
98.66,9.78,0.0
98.73,9.78,0.0
98.79,9.78,0.0
98.86,9.78,0.0
98.93,9.78,0.0
98.99,9.78,0.0
99.06,9.78,0.0
99.13,9.78,0.0
99.19,9.78,0.0
99.26,9.78,0.0
99.33,9.78,0.0
99.4,9.78,0.0
99.47,9.78,0.0
99.53,9.78,0.0
99.6,9.78,0.0
99.66,9.78,0.0
99.73,9.78,0.0
99.8,9.78,0.0
99.86,9.78,0.0
99.93,9.78,0.0
99.99,9.78,0.0
100.06,9.78,0.0
100.13,9.78,0.0
100.19,9.78,0.0
100.26,9.78,0.0
100.32,9.78,0.0
100.39,9.78,0.0
100.46,9.78,0.0
100.52,9.78,0.0
100.59,9.78,0.0
100.66,9.78,0.0
100.72,9.78,0.0
100.79,9.78,0.0
100.86,9.78,0.0
100.92,9.78,0.0
100.99,9.78,0.0
101.06,9.78,0.0
101.12,9.78,0.0
101.19,9.78,0.0
101.25,9.78,0.0
101.32,9.78,0.0
101.39,9.78,0.0
101.45,9.78,0.0
101.52,9.78,0.0
101.59,9.78,0.0
101.65,9.78,0.0
101.72,9.78,0.0
101.79,9.78,0.0
101.85,9.78,0.0
101.92,9.78,0.0
101.99,9.78,0.0
102.05,9.78,0.0
102.12,9.78,0.0
102.19,9.78,0.0
102.25,9.78,0.0
102.32,9.78,0.0
102.38,9.78,0.0
102.45,9.78,0.0
102.52,9.78,0.0
102.58,9.78,0.0
102.65,9.78,0.0
102.72,9.78,0.0
102.78,9.78,0.0
102.85,9.78,0.0
102.92,9.78,0.0
102.98,9.78,0.0
103.05,9.78,0.0
103.12,9.78,0.0
103.18,9.78,0.0
103.25,9.78,0.0
103.32,9.78,0.0
103.38,9.78,0.0
103.45,9.78,0.0
103.51,9.78,0.0
103.58,9.78,0.0
103.65,9.78,0.0
103.72,9.78,0.0
103.78,9.78,0.0
103.85,9.78,0.0
103.92,9.78,0.0
103.98,9.78,0.0
104.05,9.78,0.0
104.11,9.78,0.0
104.18,9.78,0.0
104.25,9.78,0.0
104.31,9.78,0.0
104.38,9.78,0.0
104.44,9.78,0.0
104.51,9.78,0.0
104.58,9.78,0.0
104.64,9.78,0.0
104.71,9.78,0.0
104.77,9.78,0.0
104.84,9.78,0.0
104.91,9.78,0.0
104.97,9.78,0.0
105.04,9.78,0.0
105.11,9.78,0.0
105.17,9.78,0.0
105.24,9.78,0.0
105.3,9.78,0.0
105.37,9.78,0.0
105.44,9.78,0.0
105.5,9.78,0.0
105.57,9.78,0.0
105.63,9.78,0.0
105.7,9.78,0.0
105.77,9.78,0.0
105.83,9.78,0.0
105.9,9.78,0.0
105.96,9.78,0.0
106.03,9.78,0.0
106.09,9.78,0.0
106.16,9.78,0.0
106.23,9.78,0.0
106.29,9.78,0.0
106.36,9.78,0.0
106.42,9.78,0.0
106.49,9.78,0.0
106.55,9.78,0.0
106.62,9.78,0.0
106.68,9.78,0.0
106.75,9.78,0.0
106.82,9.78,0.0
106.88,9.78,0.0
106.95,9.78,0.0
107.01,9.78,0.0
107.08,9.78,0.0
107.15,9.78,0.0
107.22,9.78,0.0
107.29,9.78,0.0
107.35,9.78,0.0
107.42,9.78,0.0
107.48,9.78,0.0
107.55,9.78,0.0
107.61,9.78,0.0
107.68,9.78,0.0
107.74,9.78,0.0
107.81,9.78,0.0
107.87,9.78,0.0
107.94,9.78,0.0
108.0,9.78,0.0
108.07,9.78,0.0
108.13,9.78,0.0
108.2,9.78,0.0
108.26,9.78,0.0
108.33,9.78,0.0
108.4,9.78,0.0
108.46,9.78,0.0
108.53,9.78,0.0
108.59,9.78,0.0
108.66,9.78,0.0
108.72,9.78,0.0
108.79,9.78,0.0
108.86,9.78,0.0
108.92,9.78,0.0
108.99,9.78,0.0
109.05,9.78,0.0
109.12,9.78,0.0
109.19,9.78,0.0
109.25,9.78,0.0
109.32,9.78,0.0
109.39,9.78,0.0
109.45,9.78,0.0
109.52,9.78,0.0
109.58,9.78,0.0
109.65,9.78,0.0
109.72,9.78,0.0
109.78,9.78,0.0
109.85,9.78,0.0
109.92,9.78,0.0
109.98,9.78,0.0
110.05,9.78,0.0
110.11,9.78,0.0
110.18,9.78,0.0
110.25,9.78,0.0
110.31,9.78,0.0
110.38,9.78,0.0
110.45,9.78,0.0
110.51,9.78,0.0
110.58,9.78,0.0
110.65,9.78,0.0
110.71,9.78,0.0
110.78,9.78,0.0
110.85,9.78,0.0
110.91,9.78,0.0
110.98,9.78,0.0
111.05,9.78,0.0
111.11,9.78,0.0
111.18,9.78,0.0
111.24,9.78,0.0
111.31,9.78,0.0
111.38,9.78,0.0
111.44,9.78,0.0
111.51,9.78,0.0
111.58,9.78,0.0
111.64,9.78,0.0
111.71,9.78,0.0
111.78,9.78,0.0
111.84,9.78,0.0
111.91,9.78,0.0
111.97,9.78,0.0
112.04,9.78,0.0
112.11,9.78,0.0
112.17,9.78,0.0
112.24,9.78,0.0
112.31,9.78,0.0
112.37,9.78,0.0
112.44,9.78,0.0
112.51,9.78,0.0
112.57,9.78,0.0
112.64,9.78,0.0
112.71,9.78,0.0
112.77,9.78,0.0
112.84,9.78,0.0
112.91,9.78,0.0
112.97,9.78,0.0
113.04,9.78,0.0
113.11,9.78,0.0
113.17,9.78,0.0
113.24,9.78,0.0
113.31,9.78,0.0
113.37,9.78,0.0
113.44,9.78,0.0
113.5,9.78,0.0
113.57,9.78,0.0
113.64,9.78,0.0
113.71,9.78,0.0
113.77,9.78,0.0
113.85,9.78,0.0
113.91,9.78,0.0
113.98,9.78,0.0
114.04,9.78,0.0
114.11,9.78,0.0
114.17,9.78,0.0
114.24,9.78,0.0
114.31,9.78,0.0
114.37,9.78,0.0
114.44,9.78,0.0
114.5,9.78,0.0
114.57,9.78,0.0
114.64,9.78,0.0
114.7,9.78,0.0
114.77,9.78,0.0
114.84,9.78,0.0
114.9,9.78,0.0
114.97,9.78,0.0
115.03,9.78,0.0
115.1,9.78,0.0
115.16,9.78,0.0
115.23,9.78,0.0
115.3,9.78,0.0
115.36,9.78,0.0
115.43,9.78,0.0
115.5,9.78,0.0
115.56,9.78,0.0
115.63,9.78,0.0
115.69,9.78,0.0
115.76,9.78,0.0
115.83,9.78,0.0
115.89,9.78,0.0
115.96,9.78,0.0
116.02,9.78,0.0
116.09,9.78,0.0
116.16,9.78,0.0
116.22,9.78,0.0
116.29,9.78,0.0
116.36,9.78,0.0
116.42,9.78,0.0
116.49,9.78,0.0
116.56,9.78,0.0
116.62,9.78,0.0
116.69,9.78,0.0
116.75,9.78,0.0
116.82,9.78,0.0
116.89,9.78,0.0
116.95,9.78,0.0
117.02,9.78,0.0
117.09,9.78,0.0
117.15,9.78,0.0
117.22,9.78,0.0
117.28,9.78,0.0
117.35,9.78,0.0
117.42,9.78,0.0
117.48,9.78,0.0
117.55,9.78,0.0
117.62,9.78,0.0
117.68,9.78,0.0
117.75,9.78,0.0
117.81,9.78,0.0
117.88,9.78,0.0
117.95,9.78,0.0
118.01,9.78,0.0
118.08,9.78,0.0
118.15,9.78,0.0
118.21,9.78,0.0
118.28,9.78,0.0
118.35,9.78,0.0
118.41,9.78,0.0
118.48,9.78,0.0
118.55,9.78,0.0
118.61,9.78,0.0
118.68,9.78,0.0
118.75,9.78,0.0
118.81,9.78,0.0
118.88,9.78,0.0
118.94,9.78,0.0
119.01,9.78,0.0
119.08,9.78,0.0
119.14,9.78,0.0
119.21,9.78,0.0
119.28,9.78,0.0
119.34,9.78,0.0
119.41,9.78,0.0
119.48,9.78,0.0
119.54,9.78,0.0
119.61,9.78,0.0
119.68,9.78,0.0
119.74,9.78,0.0
119.81,9.78,0.0
119.88,9.78,0.0
119.94,9.78,0.0
120.01,9.78,0.0
120.08,9.78,0.0
120.14,9.78,0.0
120.21,9.78,0.0
120.28,9.78,0.0
120.34,9.78,0.0
120.42,9.78,0.0
120.48,9.78,0.0
120.55,9.78,0.0
120.62,9.78,0.0
120.68,9.78,0.0
120.75,9.78,0.0
120.81,9.78,0.0
120.88,9.78,0.0
120.94,9.78,0.0
121.01,9.78,0.0
121.08,9.78,0.0
121.15,9.78,0.0
121.21,9.78,0.0
121.28,9.78,0.0
121.34,9.78,0.0
121.41,9.78,0.0
121.48,9.78,0.0
121.54,9.78,0.0
121.61,9.78,0.0
121.67,9.78,0.0
121.74,9.78,0.0
121.81,9.78,0.0
121.87,9.78,0.0
121.94,9.78,0.0
122.0,9.78,0.0
122.07,9.78,0.0
122.14,9.78,0.0
122.2,9.78,0.0
122.27,9.78,0.0
122.34,9.78,0.0
122.4,9.78,0.0
122.47,9.78,0.0
122.53,9.78,0.0
122.6,9.78,0.0
122.67,9.78,0.0
122.73,9.78,0.0
122.8,9.78,0.0
122.87,9.78,0.0
122.93,9.78,0.0
123.0,9.78,0.0
123.06,9.78,0.0
123.13,9.78,0.0
123.2,9.78,0.0
123.26,9.78,0.0
123.33,9.78,0.0
123.39,9.78,0.0
123.46,9.78,0.0
123.53,9.78,0.0
123.59,9.78,0.0
123.66,9.78,0.0
123.72,9.78,0.0
123.79,9.78,0.0
123.85,9.78,0.0
123.92,9.78,0.0
123.99,9.78,0.0
124.05,9.78,0.0
124.12,9.78,0.0
124.18,9.78,0.0
124.25,9.78,0.0
124.32,9.78,0.0
124.38,9.78,0.0
124.45,9.78,0.0
124.51,9.78,0.0
124.58,9.78,0.0
124.65,9.78,0.0
124.71,9.78,0.0
124.78,9.78,0.0
124.84,9.78,0.0
124.91,9.78,0.0
124.97,9.78,0.0
125.04,9.78,0.0
125.11,9.78,0.0
125.17,9.78,0.0
125.24,9.78,0.0
125.3,9.78,0.0
125.37,9.78,0.0
125.43,9.78,0.0
125.5,9.78,0.0
125.57,9.78,0.0
125.63,9.78,0.0
125.7,9.78,0.0
125.76,9.78,0.0
125.83,9.78,0.0
125.9,9.78,0.0
125.96,9.78,0.0
126.03,9.78,0.0
126.09,9.78,0.0
126.16,9.78,0.0
126.23,9.78,0.0
126.29,9.78,0.0
126.36,9.78,0.0
126.42,9.78,0.0
126.49,9.78,0.0
126.56,9.78,0.0
126.62,9.78,0.0
126.69,9.78,0.0
126.75,9.78,0.0
126.82,9.78,0.0
126.89,9.78,0.0
126.95,9.78,0.0
127.02,9.78,0.0
127.09,9.78,0.0
127.16,9.78,0.0
127.22,9.78,0.0
127.29,9.78,0.0
127.35,9.78,0.0
127.42,9.78,0.0
127.48,9.78,0.0
127.55,9.78,0.0
127.61,9.78,0.0
127.68,9.78,0.0
127.74,9.78,0.0
127.81,9.78,0.0
127.88,9.78,0.0
127.94,9.78,0.0
128.01,9.78,0.0
128.07,9.78,0.0
128.14,9.78,0.0
128.21,9.78,0.0
128.27,9.78,0.0
128.34,9.78,0.0
128.4,9.78,0.0
128.47,9.78,0.0
128.54,9.78,0.0
128.6,9.78,0.0
128.67,9.78,0.0
128.74,9.78,0.0
128.8,9.78,0.0
128.87,9.78,0.0
128.93,9.78,0.0
129.0,9.78,0.0
129.07,9.78,0.0
129.13,9.78,0.0
129.2,9.78,0.0
129.26,9.78,0.0
129.33,9.78,0.0
129.4,9.78,0.0
129.46,9.78,0.0
129.53,9.78,0.0
129.6,9.78,0.0
129.66,9.78,0.0
129.73,9.78,0.0
129.8,9.78,0.0
129.86,9.78,0.0
129.93,9.78,0.0
130.0,9.78,0.0
130.06,9.78,0.0
130.13,9.78,0.0
130.19,9.78,0.0
130.26,9.78,0.0
130.33,9.78,0.0
130.39,9.78,0.0
130.46,9.78,0.0
130.52,9.78,0.0
130.59,9.78,0.0
130.66,9.78,0.0
130.72,9.78,0.0
130.79,9.78,0.0
130.86,9.78,0.0
130.92,9.78,0.0
130.99,9.78,0.0
131.06,9.78,0.0
131.12,9.78,0.0
131.19,9.78,0.0
131.26,9.78,0.0
131.32,9.78,0.0
131.39,9.78,0.0
131.46,9.78,0.0
131.52,9.78,0.0
131.59,9.78,0.0
131.65,9.78,0.0
131.72,9.78,0.0
131.79,9.78,0.0
131.86,9.78,0.0
131.92,9.78,0.0
131.99,9.78,0.0
132.05,9.78,0.0
132.12,9.78,0.0
132.19,9.78,0.0
132.25,9.78,0.0
132.32,9.78,0.0
132.39,9.78,0.0
132.45,9.78,0.0
132.52,9.78,0.0
132.59,9.78,0.0
132.65,9.78,0.0
132.72,9.78,0.0
132.79,9.78,0.0
132.86,9.78,0.0
132.92,9.78,0.0
132.99,9.78,0.0
133.06,9.78,0.0
133.12,9.78,0.0
133.19,9.78,0.0
133.25,9.78,0.0
133.32,9.78,0.0
133.39,9.78,0.0
133.45,9.78,0.0
133.52,9.78,0.0
133.59,9.78,0.0
133.65,9.78,0.0
133.72,9.78,0.0
133.79,9.78,0.0
133.86,9.78,0.0
133.92,9.78,0.0
133.99,9.78,0.0
134.06,9.78,0.0
134.12,9.78,0.0
134.19,9.78,0.0
134.26,9.78,0.0
134.32,9.78,0.0
134.39,9.78,0.0
134.45,9.78,0.0
134.52,9.78,0.0
134.59,9.78,0.0
134.65,9.78,0.0
134.72,9.78,0.0
134.78,9.78,0.0
134.85,9.78,0.0
134.92,9.78,0.0
134.98,9.78,0.0
135.05,9.78,0.0
135.11,9.78,0.0
135.18,9.78,0.0
135.25,9.78,0.0
135.31,9.78,0.0
135.38,9.78,0.0
135.45,9.78,0.0
135.51,9.78,0.0
135.58,9.78,0.0
135.64,9.78,0.0
135.71,9.78,0.0
135.77,9.78,0.0
135.84,9.78,0.0
135.91,9.78,0.0
135.97,9.78,0.0
136.04,9.78,0.0
136.11,9.78,0.0
136.17,9.78,0.0
136.24,9.78,0.0
136.31,9.78,0.0
136.37,9.78,0.0
136.44,9.78,0.0
136.5,9.78,0.0
136.57,9.78,0.0
136.64,9.78,0.0
136.7,9.78,0.0
136.77,9.78,0.0
136.84,9.78,0.0
136.9,9.78,0.0
136.97,9.78,0.0
137.03,9.78,0.0
137.1,9.78,0.0
137.17,9.78,0.0
137.24,9.78,0.0
137.3,9.78,0.0
137.37,9.78,0.0
137.43,9.78,0.0
137.5,9.78,0.0
137.57,9.78,0.0
137.63,9.78,0.0
137.7,9.78,0.0
137.77,9.78,0.0
137.83,9.78,0.0
137.9,9.78,0.0
137.96,9.78,0.0
138.03,9.78,0.0
138.1,9.78,0.0
138.16,9.78,0.0
138.23,9.78,0.0
138.3,9.78,0.0
138.36,9.78,0.0
138.43,9.78,0.0
138.5,9.78,0.0
138.56,9.78,0.0
138.63,9.78,0.0
138.7,9.78,0.0
138.76,9.78,0.0
138.83,9.78,0.0
138.9,9.78,0.0
138.96,9.78,0.0
139.03,9.78,0.0
139.1,9.78,0.0
139.16,9.78,0.0
139.23,9.78,0.0
139.3,9.78,0.0
139.36,9.78,0.0
139.43,9.78,0.0
139.5,9.78,0.0
139.56,9.78,0.0
139.63,9.78,0.0
139.7,9.78,0.0
139.76,9.78,0.0
139.83,9.78,0.0
139.9,9.78,0.0
139.96,9.78,0.0
140.03,9.78,0.0
140.1,9.78,0.0
140.16,9.78,0.0
140.23,9.78,0.0
140.3,9.78,0.0
140.37,9.78,0.0
140.44,9.78,0.0
140.5,9.78,0.0
140.57,9.78,0.0
140.63,9.78,0.0
140.7,9.78,0.0
140.77,9.78,0.0
140.83,9.78,0.0
140.9,9.78,0.0
140.96,9.78,0.0
141.03,9.78,0.0
141.1,9.78,0.0
141.16,9.78,0.0
141.23,9.78,0.0
141.29,9.78,0.0
141.36,9.78,0.0
141.43,9.78,0.0
141.49,9.78,0.0
141.56,9.78,0.0
141.62,9.78,0.0
141.69,9.78,0.0
141.76,9.78,0.0
141.82,9.78,0.0
141.89,9.78,0.0
141.96,9.78,0.0
142.02,9.78,0.0
142.09,9.78,0.0
142.15,9.78,0.0
142.22,9.78,0.0
142.29,9.78,0.0
142.35,9.78,0.0
142.42,9.78,0.0
142.49,9.78,0.0
142.55,9.78,0.0
142.62,9.78,0.0
142.69,9.78,0.0
142.75,9.78,0.0
142.82,9.78,0.0
142.88,9.78,0.0
142.95,9.78,0.0
143.02,9.78,0.0
143.08,9.78,0.0
143.15,9.78,0.0
143.22,9.78,0.0
143.28,9.78,0.0
143.35,9.78,0.0
143.41,9.78,0.0
143.48,9.78,0.0
143.55,9.78,0.0
143.61,9.78,0.0
143.68,9.78,0.0
143.75,9.78,0.0
143.81,9.78,0.0
143.88,9.78,0.0
143.95,9.78,0.0
144.01,9.78,0.0
144.08,9.78,0.0
144.14,9.78,0.0
144.21,9.78,0.0
144.28,9.78,0.0
144.34,9.78,0.0
144.41,9.78,0.0
144.48,9.78,0.0
144.54,9.78,0.0
144.61,9.78,0.0
144.68,9.78,0.0
144.74,9.78,0.0
144.81,9.78,0.0
144.88,9.78,0.0
144.94,9.78,0.0
145.01,9.78,0.0
145.08,9.78,0.0
145.14,9.78,0.0
145.21,9.78,0.0
145.27,9.78,0.0
145.34,9.78,0.0
145.41,9.78,0.0
145.47,9.78,0.0
145.54,9.78,0.0
145.61,9.78,0.0
145.67,9.78,0.0
145.74,9.78,0.0
145.81,9.78,0.0
145.88,9.78,0.0
145.94,9.78,0.0
146.01,9.78,0.0
146.08,9.78,0.0
146.14,9.78,0.0
146.21,9.78,0.0
146.28,9.78,0.0
146.34,9.78,0.0
146.41,9.78,0.0
146.47,9.78,0.0
146.54,9.78,0.0
146.61,9.78,0.0
146.67,9.78,0.0
146.74,9.78,0.0
146.81,9.78,0.0
146.88,9.78,0.0
146.95,9.78,0.0
147.01,9.78,0.0
147.08,9.78,0.0
147.15,9.78,0.0
147.21,9.78,0.0
147.28,9.78,0.0
147.34,9.78,0.0
147.41,9.78,0.0
147.48,9.78,0.0
147.54,9.78,0.0
147.61,9.78,0.0
147.67,9.78,0.0
147.74,9.78,0.0
147.81,9.78,0.0
147.87,9.78,0.0
147.94,9.78,0.0
148.0,9.78,0.0
148.07,9.78,0.0
148.14,9.78,0.0
148.21,9.78,0.0
148.28,9.78,0.0
148.34,9.78,0.0
148.41,9.78,0.0
148.48,9.78,0.0
148.54,9.78,0.0
148.61,9.78,0.0
148.67,9.78,0.0
148.74,9.78,0.0
148.81,9.78,0.0
148.87,9.78,0.0
148.94,9.78,0.0
149.0,9.78,0.0
149.07,9.78,0.0
149.14,9.78,0.0
149.2,9.78,0.0
149.27,9.78,0.0
149.33,9.78,0.0
149.4,9.78,0.0
149.47,9.78,0.0
149.53,9.78,0.0
149.6,9.78,0.0
149.67,9.78,0.0
149.73,9.78,0.0
149.8,9.78,0.0
149.86,9.78,0.0
149.93,9.78,0.0
150.0,9.78,0.0
150.06,9.78,0.0
150.13,9.78,0.0
150.2,9.78,0.0
150.26,9.78,0.0
150.33,9.78,0.0
150.39,9.78,0.0
150.46,9.78,0.0
150.53,9.78,0.0
150.59,9.78,0.0
150.66,9.78,0.0
150.72,9.78,0.0
150.79,9.78,0.0
150.86,9.78,0.0
150.92,9.78,0.0
150.99,9.78,0.0
151.05,9.78,0.0
151.12,9.78,0.0
151.19,9.78,0.0
151.25,9.78,0.0
151.32,9.78,0.0
151.39,9.78,0.0
151.45,9.78,0.0
151.52,9.78,0.0
151.58,9.78,0.0
151.65,9.78,0.0
151.72,9.78,0.0
151.78,9.78,0.0
151.85,9.78,0.0
151.92,9.78,0.0
151.98,9.78,0.0
152.05,9.78,0.0
152.11,9.78,0.0
152.18,9.78,0.0
152.25,9.78,0.0
152.32,9.78,0.0
152.38,9.78,0.0
152.45,9.78,0.0
152.51,9.78,0.0
152.58,9.78,0.0
152.65,9.78,0.0
152.71,9.78,0.0
152.78,9.78,0.0
152.85,9.78,0.0
152.91,9.78,0.0
152.98,9.78,0.0
153.05,9.78,0.0
153.11,9.78,0.0
153.18,9.78,0.0
153.25,9.78,0.0
153.31,9.78,0.0
153.38,9.78,0.0
153.45,9.78,0.0
153.51,9.78,0.0
153.58,9.78,0.0
153.65,9.78,0.0
153.71,9.78,0.0
153.78,9.78,0.0
153.85,9.78,0.0
153.91,9.78,0.0
153.98,9.78,0.0
154.05,9.78,0.0
154.11,9.78,0.0
154.18,9.78,0.0
154.25,9.78,0.0
154.31,9.78,0.0
154.38,9.78,0.0
154.45,9.78,0.0
154.51,9.78,0.0
154.58,9.78,0.0
154.65,9.78,0.0
154.71,9.78,0.0
154.78,9.78,0.0
154.85,9.78,0.0
154.92,9.78,0.0
154.99,9.78,0.0
155.05,9.78,0.0
155.12,9.78,0.0
155.18,9.78,0.0
155.25,9.78,0.0
155.32,9.78,0.0
155.38,9.78,0.0
155.45,9.78,0.0
155.52,9.78,0.0
155.58,9.78,0.0
155.65,9.78,0.0
155.71,9.78,0.0
155.78,9.78,0.0
155.85,9.78,0.0
155.91,9.78,0.0
155.98,9.78,0.0
156.05,9.78,0.0
156.11,9.78,0.0
156.18,9.78,0.0
156.24,9.78,0.0
156.31,9.78,0.0
156.38,9.78,0.0
156.44,9.78,0.0
156.51,9.78,0.0
156.57,9.78,0.0
156.64,9.78,0.0
156.7,9.78,0.0
156.77,9.78,0.0
156.84,9.78,0.0
156.91,9.78,0.0
156.97,9.78,0.0
157.04,9.78,0.0
157.1,9.78,0.0
157.17,9.78,0.0
157.23,9.78,0.0
157.3,9.78,0.0
157.37,9.78,0.0
157.43,9.78,0.0
157.5,9.78,0.0
157.56,9.78,0.0
157.63,9.78,0.0
157.7,9.78,0.0
157.76,9.78,0.0
157.83,9.78,0.0
157.89,9.78,0.0
157.96,9.78,0.0
158.02,9.78,0.0
158.09,9.78,0.0
158.16,9.78,0.0
158.22,9.78,0.0
158.29,9.78,0.0
158.35,9.78,0.0
158.42,9.78,0.0
158.49,9.78,0.0
158.55,9.78,0.0
158.62,9.78,0.0
158.68,9.78,0.0
158.75,9.78,0.0
158.82,9.78,0.0
158.88,9.78,0.0
158.95,9.78,0.0
159.01,9.78,0.0
159.08,9.78,0.0
159.14,9.78,0.0
159.21,9.78,0.0
159.28,9.78,0.0
159.34,9.78,0.0
159.41,9.78,0.0
159.47,9.78,0.0
159.54,9.78,0.0
159.61,9.78,0.0
159.67,9.78,0.0
159.74,9.78,0.0
159.8,9.78,0.0
159.87,9.78,0.0
159.94,9.78,0.0
160.0,9.78,0.0
160.07,9.78,0.0
160.13,9.78,0.0
160.2,9.78,0.0
160.27,9.78,0.0
160.33,9.78,0.0
160.4,9.78,0.0
160.46,9.78,0.0
160.53,9.78,0.0
160.6,9.78,0.0
160.66,9.78,0.0
160.73,9.78,0.0
160.79,9.78,0.0
160.86,9.78,0.0
160.93,9.78,0.0
160.99,9.78,0.0
161.06,9.78,0.0
161.13,9.78,0.0
161.19,9.78,0.0
161.26,9.78,0.0
161.33,9.78,0.0
161.39,9.78,0.0
161.47,9.78,0.0
161.53,9.78,0.0
161.6,9.78,0.0
161.66,9.78,0.0
161.73,9.78,0.0
161.8,9.78,0.0
161.86,9.78,0.0
161.93,9.78,0.0
161.99,9.78,0.0
162.06,9.78,0.0
162.13,9.78,0.0
162.19,9.78,0.0
162.26,9.78,0.0
162.32,9.78,0.0
162.39,9.78,0.0
162.46,9.78,0.0
162.52,9.78,0.0
162.59,9.78,0.0
162.65,9.78,0.0
162.72,9.78,0.0
162.79,9.78,0.0
162.85,9.78,0.0
162.92,9.78,0.0
162.99,9.78,0.0
163.05,9.78,0.0
163.12,9.78,0.0
163.18,9.78,0.0
163.25,9.78,0.0
163.32,9.78,0.0
163.38,9.78,0.0
163.45,9.78,0.0
163.51,9.78,0.0
163.58,9.78,0.0
163.65,9.78,0.0
163.71,9.78,0.0
163.78,9.78,0.0
163.84,9.78,0.0
163.91,9.78,0.0
163.98,9.78,0.0
164.04,9.78,0.0
164.11,9.78,0.0
164.18,9.78,0.0
164.24,9.78,0.0
164.31,9.78,0.0
164.37,9.78,0.0
164.44,9.78,0.0
164.51,9.78,0.0
164.57,9.78,0.0
164.64,9.78,0.0
164.71,9.78,0.0
164.77,9.78,0.0
164.84,9.78,0.0
164.9,9.78,0.0
164.97,9.78,0.0
165.04,9.78,0.0
165.11,9.78,0.0
165.17,9.78,0.0
165.24,9.78,0.0
165.3,9.78,0.0
165.37,9.78,0.0
165.44,9.78,0.0
165.5,9.78,0.0
165.57,9.78,0.0
165.64,9.78,0.0
165.7,9.78,0.0
165.77,9.78,0.0
165.84,9.78,0.0
165.9,9.78,0.0
165.97,9.78,0.0
166.04,9.78,0.0
166.1,9.78,0.0
166.17,9.78,0.0
166.24,9.78,0.0
166.3,9.78,0.0
166.37,9.78,0.0
166.43,9.78,0.0
166.5,9.78,0.0
166.57,9.78,0.0
166.63,9.78,0.0
166.7,9.78,0.0
166.77,9.78,0.0
166.83,9.78,0.0
166.9,9.78,0.0
166.97,9.78,0.0
167.03,9.78,0.0
167.1,9.78,0.0
167.17,9.78,0.0
167.24,9.78,0.0
167.3,9.78,0.0
167.37,9.78,0.0
167.43,9.78,0.0
167.5,9.78,0.0
167.57,9.78,0.0
167.63,9.78,0.0
167.7,9.78,0.0
167.78,9.78,0.0
167.84,9.78,0.0
167.91,9.78,0.0
167.97,9.78,0.0
168.04,9.78,0.0
168.11,9.78,0.0
168.17,9.78,0.0
168.24,9.78,0.0
168.31,9.78,0.0
168.37,9.78,0.0
168.44,9.78,0.0
168.5,9.78,0.0
168.57,9.78,0.0
168.64,9.78,0.0
168.7,9.78,0.0
168.77,9.78,0.0
168.83,9.78,0.0
168.9,9.78,0.0
168.96,9.78,0.0
169.03,9.78,0.0
169.1,9.78,0.0
169.16,9.78,0.0
169.23,9.78,0.0
169.3,9.78,0.0
169.36,9.78,0.0
169.43,9.78,0.0
169.49,9.78,0.0
169.56,9.78,0.0
169.63,9.78,0.0
169.69,9.78,0.0
169.76,9.78,0.0
169.82,9.78,0.0
169.89,9.78,0.0
169.96,9.78,0.0
170.02,9.78,0.0
170.09,9.78,0.0
170.15,9.78,0.0
170.22,9.78,0.0
170.29,9.78,0.0
170.35,9.78,0.0
170.42,9.78,0.0
170.49,9.78,0.0
170.55,9.78,0.0
170.62,9.78,0.0
170.69,9.78,0.0
170.75,9.78,0.0
170.82,9.78,0.0
170.88,9.78,0.0
170.95,9.78,0.0
171.02,9.78,0.0
171.08,9.78,0.0
171.15,9.78,0.0
171.22,9.78,0.0
171.28,9.78,0.0
171.35,9.78,0.0
171.42,9.78,0.0
171.48,9.78,0.0
171.55,9.78,0.0
171.62,9.78,0.0
171.68,9.78,0.0
171.75,9.78,0.0
171.81,9.78,0.0
171.88,9.78,0.0
171.95,9.78,0.0
172.01,9.78,0.0
172.08,9.78,0.0
172.15,9.78,0.0
172.21,9.78,0.0
172.28,9.78,0.0
172.35,9.78,0.0
172.41,9.78,0.0
172.48,9.78,0.0
172.55,9.78,0.0
172.61,9.78,0.0
172.68,9.78,0.0
172.75,9.78,0.0
172.81,9.78,0.0
172.88,9.78,0.0
172.95,9.78,0.0
173.01,9.78,0.0
173.08,9.78,0.0
173.15,9.78,0.0
173.21,9.78,0.0
173.28,9.78,0.0
173.34,9.78,0.0
173.41,9.78,0.0
173.48,9.78,0.0
173.55,9.78,0.0
173.61,9.78,0.0
173.68,9.78,0.0
173.75,9.78,0.0
173.81,9.78,0.0
173.88,9.78,0.0
173.95,9.78,0.0
174.01,9.78,0.0
174.09,9.78,0.0
174.15,9.78,0.0
174.22,9.78,0.0
174.28,9.78,0.0
174.35,9.78,0.0
174.41,9.78,0.0
174.48,9.78,0.0
174.55,9.78,0.0
174.61,9.78,0.0
174.68,9.78,0.0
174.75,9.78,0.0
174.81,9.78,0.0
174.88,9.78,0.0
174.94,9.78,0.0
175.01,9.78,0.0
175.08,9.78,0.0
175.14,9.78,0.0
175.21,9.78,0.0
175.27,9.78,0.0
175.34,9.78,0.0
175.41,9.78,0.0
175.47,9.78,0.0
175.54,9.78,0.0
175.61,9.78,0.0
175.67,9.78,0.0
175.74,9.78,0.0
175.81,9.78,0.0
175.87,9.78,0.0
175.94,9.78,0.0
176.0,9.78,0.0
176.07,9.78,0.0
176.14,9.78,0.0
176.2,9.78,0.0
176.27,9.78,0.0
176.33,9.78,0.0
176.4,9.78,0.0
176.47,9.78,0.0
176.53,9.78,0.0
176.6,9.78,0.0
176.66,9.78,0.0
176.73,9.78,0.0
176.8,9.78,0.0
176.86,9.78,0.0
176.93,9.78,0.0
177.0,9.78,0.0
177.06,9.78,0.0
177.13,9.78,0.0
177.2,9.78,0.0
177.26,9.78,0.0
177.33,9.78,0.0
177.39,9.78,0.0
177.46,9.78,0.0
177.53,9.78,0.0
177.59,9.78,0.0
177.66,9.78,0.0
177.73,9.78,0.0
177.79,9.78,0.0
177.86,9.78,0.0
177.93,9.78,0.0
177.99,9.78,0.0
178.06,9.78,0.0
178.12,9.78,0.0
178.19,9.78,0.0
178.26,9.78,0.0
178.32,9.78,0.0
178.39,9.78,0.0
178.46,9.78,0.0
178.52,9.78,0.0
178.59,9.78,0.0
178.66,9.78,0.0
178.72,9.78,0.0
178.79,9.78,0.0
178.86,9.78,0.0
178.92,9.78,0.0
178.99,9.78,0.0
179.06,9.78,0.0
179.12,9.78,0.0
179.19,9.78,0.0
179.26,9.78,0.0
179.32,9.78,0.0
179.39,9.78,0.0
179.46,9.78,0.0
179.52,9.78,0.0
179.59,9.78,0.0
179.66,9.78,0.0
179.72,9.78,0.0
179.79,9.78,0.0
179.86,9.78,0.0
179.92,9.78,0.0
179.99,9.78,0.0
180.06,9.78,0.0
180.13,9.78,0.0
180.19,9.78,0.0
180.26,9.78,0.0
180.33,9.78,0.0
180.4,9.78,0.0
180.46,9.78,0.0
180.53,9.78,0.0
180.6,9.78,0.0
180.66,9.78,0.0
180.73,9.78,0.0
180.79,9.78,0.0
180.86,9.78,0.0
180.93,9.78,0.0
180.99,9.78,0.0
181.06,9.78,0.0
181.13,9.78,0.0
181.19,9.78,0.0
181.26,9.78,0.0
181.32,9.78,0.0
181.39,9.78,0.0
181.46,9.78,0.0
181.52,9.78,0.0
181.59,9.78,0.0
181.65,9.78,0.0
181.72,9.78,0.0
181.79,9.78,0.0
181.85,9.78,0.0
181.92,9.78,0.0
181.98,9.78,0.0
182.05,9.78,0.0
182.12,9.78,0.0
182.18,9.78,0.0
182.25,9.78,0.0
182.32,9.78,0.0
182.38,9.78,0.0
182.45,9.78,0.0
182.52,9.78,0.0
182.58,9.78,0.0
182.65,9.78,0.0
182.71,9.78,0.0
182.78,9.78,0.0
182.85,9.78,0.0
182.91,9.78,0.0
182.98,9.78,0.0
183.05,9.78,0.0
183.11,9.78,0.0
183.18,9.78,0.0
183.24,9.78,0.0
183.31,9.78,0.0
183.38,9.78,0.0
183.44,9.78,0.0
183.51,9.78,0.0
183.58,9.78,0.0
183.64,9.78,0.0
183.71,9.78,0.0
183.78,9.78,0.0
183.84,9.78,0.0
183.91,9.78,0.0
183.98,9.78,0.0
184.04,9.78,0.0
184.11,9.78,0.0
184.18,9.78,0.0
184.24,9.78,0.0
184.31,9.78,0.0
184.37,9.78,0.0
184.44,9.78,0.0
184.51,9.78,0.0
184.57,9.78,0.0
184.64,9.78,0.0
184.71,9.78,0.0
184.77,9.78,0.0
184.84,9.78,0.0
184.91,9.78,0.0
184.97,9.78,0.0
185.04,9.78,0.0
185.11,9.78,0.0
185.17,9.78,0.0
185.24,9.78,0.0
185.3,9.78,0.0
185.37,9.78,0.0
185.44,9.78,0.0
185.5,9.78,0.0
185.57,9.78,0.0
185.64,9.78,0.0
185.7,9.78,0.0
185.77,9.78,0.0
185.84,9.78,0.0
185.9,9.78,0.0
185.97,9.78,0.0
186.04,9.78,0.0
186.1,9.78,0.0
186.17,9.78,0.0
186.24,9.78,0.0
186.3,9.78,0.0
186.37,9.78,0.0
186.44,9.78,0.0
186.5,9.78,0.0
186.57,9.78,0.0
186.64,9.78,0.0
186.7,9.78,0.0
186.78,9.78,0.0
186.84,9.78,0.0
186.91,9.78,0.0
186.98,9.78,0.0
187.04,9.78,0.0
187.11,9.78,0.0
187.17,9.78,0.0
187.24,9.78,0.0
187.31,9.78,0.0
187.37,9.78,0.0
187.44,9.78,0.0
187.5,9.78,0.0
187.57,9.78,0.0
187.64,9.78,0.0
187.7,9.78,0.0
187.77,9.78,0.0
187.84,9.78,0.0
187.9,9.78,0.0
187.97,9.78,0.0
188.03,9.78,0.0
188.1,9.78,0.0
188.17,9.78,0.0
188.23,9.78,0.0
188.3,9.78,0.0
188.37,9.78,0.0
188.43,9.78,0.0
188.5,9.78,0.0
188.56,9.78,0.0
188.63,9.78,0.0
188.7,9.78,0.0
188.76,9.78,0.0
188.83,9.78,0.0
188.9,9.78,0.0
188.96,9.78,0.0
189.03,9.78,0.0
189.09,9.78,0.0
189.16,9.78,0.0
189.23,9.78,0.0
189.3,9.78,0.0
189.37,9.78,0.0
189.43,9.78,0.0
189.5,9.78,0.0
189.57,9.78,0.0
189.63,9.78,0.0
189.7,9.78,0.0
189.76,9.78,0.0
189.83,9.78,0.0
189.9,9.78,0.0
189.96,9.78,0.0
190.03,9.78,0.0
190.09,9.78,0.0
190.16,9.78,0.0
190.23,9.78,0.0
190.29,9.78,0.0
190.36,9.78,0.0
190.42,9.78,0.0
190.49,9.78,0.0
190.56,9.78,0.0
190.62,9.78,0.0
190.69,9.78,0.0
190.76,9.78,0.0
190.82,9.78,0.0
190.89,9.78,0.0
190.96,9.78,0.0
191.02,9.78,0.0
191.09,9.78,0.0
191.15,9.78,0.0
191.22,9.78,0.0
191.29,9.78,0.0
191.35,9.78,0.0
191.42,9.78,0.0
191.49,9.78,0.0
191.55,9.78,0.0
191.62,9.78,0.0
191.69,9.78,0.0
191.75,9.78,0.0
191.82,9.78,0.0
191.88,9.78,0.0
191.95,9.78,0.0
192.02,9.78,0.0
192.08,9.78,0.0
192.15,9.78,0.0
192.22,9.78,0.0
192.28,9.78,0.0
192.35,9.78,0.0
192.41,9.78,0.0
192.48,9.78,0.0
192.55,9.78,0.0
192.61,9.78,0.0
192.68,9.78,0.0
192.75,9.78,0.0
192.81,9.78,0.0
192.88,9.78,0.0
192.95,9.78,0.0
193.01,9.78,0.0
193.08,9.78,0.0
193.15,9.78,0.0
193.21,9.78,0.0
193.28,9.78,0.0
193.35,9.78,0.0
193.41,9.78,0.0
193.48,9.78,0.0
193.55,9.78,0.0
193.61,9.78,0.0
193.68,9.78,0.0
193.75,9.78,0.0
193.81,9.78,0.0
193.88,9.78,0.0
193.95,9.78,0.0
194.01,9.78,0.0
194.08,9.78,0.0
194.15,9.78,0.0
194.21,9.78,0.0
194.28,9.78,0.0
194.35,9.78,0.0
194.41,9.78,0.0
194.48,9.78,0.0
194.55,9.78,0.0
194.61,9.78,0.0
194.68,9.78,0.0
194.75,9.78,0.0
194.81,9.78,0.0
194.88,9.78,0.0
194.95,9.78,0.0
195.01,9.78,0.0
195.08,9.78,0.0
195.15,9.78,0.0
195.21,9.78,0.0
195.28,9.78,0.0
195.35,9.78,0.0
195.41,9.78,0.0
195.48,9.78,0.0
195.55,9.78,0.0
195.62,9.78,0.0
195.68,9.78,0.0
195.75,9.78,0.0
195.82,9.78,0.0
195.89,9.78,0.0
195.95,9.78,0.0
196.02,9.78,0.0
196.09,9.78,0.0
196.15,9.78,0.0
196.22,9.78,0.0
196.28,9.78,0.0
196.35,9.78,0.0
196.42,9.78,0.0
196.48,9.78,0.0
196.55,9.78,0.0
196.61,9.78,0.0
196.68,9.78,0.0
196.75,9.78,0.0
196.81,9.78,0.0
196.88,9.78,0.0
196.95,9.78,0.0
197.01,9.78,0.0
197.08,9.78,0.0
197.14,9.78,0.0
197.21,9.78,0.0
197.28,9.78,0.0
197.34,9.78,0.0
197.41,9.78,0.0
197.48,9.78,0.0
197.54,9.78,0.0
197.61,9.78,0.0
197.67,9.78,0.0
197.74,9.78,0.0
197.81,9.78,0.0
197.87,9.78,0.0
197.94,9.78,0.0
198.01,9.78,0.0
198.07,9.78,0.0
198.14,9.78,0.0
198.2,9.78,0.0
198.27,9.78,0.0
198.34,9.78,0.0
198.4,9.78,0.0
198.47,9.78,0.0
198.54,9.78,0.0
198.6,9.78,0.0
198.67,9.78,0.0
198.74,9.78,0.0
198.8,9.78,0.0
198.87,9.78,0.0
198.94,9.78,0.0
199.0,9.78,0.0
199.07,9.78,0.0
199.14,9.78,0.0
199.2,9.78,0.0
199.27,9.78,0.0
199.34,9.78,0.0
199.4,9.78,0.0
199.47,9.78,0.0
199.53,9.78,0.0
199.6,9.78,0.0
199.67,9.78,0.0
199.73,9.78,0.0
199.8,9.78,0.0
199.87,9.78,0.0
199.93,9.78,0.0
200.0,9.78,0.0
200.07,9.78,0.0
200.13,9.78,0.0
200.2,9.78,0.0
200.27,9.78,0.0
200.33,9.78,0.0
200.4,9.78,0.0
200.47,9.78,0.0
200.53,9.78,0.0
200.6,9.78,0.0
200.67,9.78,0.0
200.73,9.78,0.0
200.8,9.78,0.0
200.87,9.78,0.0
200.93,9.78,0.0
201.0,9.78,0.0
201.07,9.78,0.0
201.13,9.78,0.0
201.2,9.78,0.0
201.27,9.78,0.0
201.34,9.78,0.0
201.4,9.78,0.0
201.47,9.78,0.0
201.54,9.78,0.0
201.6,9.78,0.0
201.67,9.78,0.0
201.74,9.78,0.0
201.8,9.78,0.0
201.87,9.78,0.0
201.94,9.78,0.0
202.0,9.78,0.0
202.07,9.78,0.0
202.14,9.78,0.0
202.2,9.78,0.0
202.27,9.78,0.0
202.35,9.78,0.0
202.41,9.78,0.0
202.48,9.78,0.0
202.55,9.78,0.0
202.61,9.78,0.0
202.68,9.78,0.0
202.74,9.78,0.0
202.81,9.78,0.0
202.88,9.78,0.0
202.94,9.78,0.0
203.01,9.78,0.0
203.07,9.78,0.0
203.14,9.78,0.0
203.21,9.78,0.0
203.27,9.78,0.0
203.34,9.78,0.0
203.41,9.78,0.0
203.47,9.78,0.0
203.54,9.78,0.0
203.6,9.78,0.0
203.67,9.78,0.0
203.74,9.78,0.0
203.8,9.78,0.0
203.87,9.78,0.0
203.93,9.78,0.0
204.0,9.78,0.0
204.07,9.78,0.0
204.13,9.78,0.0
204.2,9.78,0.0
204.27,9.78,0.0
204.33,9.78,0.0
204.4,9.78,0.0
204.46,9.78,0.0
204.53,9.78,0.0
204.6,9.78,0.0
204.66,9.78,0.0
204.73,9.78,0.0
204.8,9.78,0.0
204.86,9.78,0.0
204.93,9.78,0.0
204.99,9.78,0.0
205.06,9.78,0.0
205.13,9.78,0.0
205.19,9.78,0.0
205.26,9.78,0.0
205.33,9.78,0.0
205.39,9.78,0.0
205.46,9.78,0.0
205.53,9.78,0.0
205.59,9.78,0.0
205.66,9.78,0.0
205.73,9.78,0.0
205.79,9.78,0.0
205.86,9.78,0.0
205.92,9.78,0.0
205.99,9.78,0.0
206.06,9.78,0.0
206.13,9.78,0.0
206.19,9.78,0.0
206.26,9.78,0.0
206.32,9.78,0.0
206.39,9.78,0.0
206.46,9.78,0.0
206.52,9.78,0.0
206.59,9.78,0.0
206.66,9.78,0.0
206.72,9.78,0.0
206.79,9.78,0.0
206.86,9.78,0.0
206.92,9.78,0.0
206.99,9.78,0.0
207.06,9.78,0.0
207.12,9.78,0.0
207.19,9.78,0.0
207.26,9.78,0.0
207.32,9.78,0.0
207.39,9.78,0.0
207.46,9.78,0.0
207.52,9.78,0.0
207.59,9.78,0.0
207.66,9.78,0.0
207.72,9.78,0.0
207.79,9.78,0.0
207.86,9.78,0.0
207.92,9.78,0.0
207.99,9.78,0.0
208.06,9.78,0.0
208.13,9.78,0.0
208.19,9.78,0.0
208.26,9.78,0.0
208.33,9.78,0.0
208.39,9.78,0.0
208.46,9.78,0.0
208.53,9.78,0.0
208.59,9.78,0.0
208.66,9.78,0.0
208.73,9.78,0.0
208.79,9.78,0.0
208.86,9.78,0.0
208.93,9.78,0.0
209.0,9.78,0.0
209.07,9.78,0.0
209.13,9.78,0.0
209.2,9.78,0.0
209.27,9.78,0.0
209.33,9.78,0.0
209.4,9.78,0.0
209.46,9.78,0.0
209.53,9.78,0.0
209.6,9.78,0.0
209.66,9.78,0.0
209.73,9.78,0.0
209.79,9.78,0.0
209.86,9.78,0.0
209.93,9.78,0.0
209.99,9.78,0.0
210.06,9.78,0.0
210.13,9.78,0.0
210.19,9.78,0.0
210.26,9.78,0.0
210.32,9.78,0.0
210.39,9.78,0.0
210.46,9.78,0.0
210.52,9.78,0.0
210.59,9.78,0.0
210.66,9.78,0.0
210.72,9.78,0.0
210.79,9.78,0.0
210.85,9.78,0.0
210.92,9.78,0.0
210.99,9.78,0.0
211.05,9.78,0.0
211.12,9.78,0.0
211.19,9.78,0.0
211.25,9.78,0.0
211.32,9.78,0.0
211.38,9.78,0.0
211.45,9.78,0.0
211.52,9.78,0.0
211.58,9.78,0.0
211.65,9.78,0.0
211.72,9.78,0.0
211.78,9.78,0.0
211.85,9.78,0.0
211.92,9.78,0.0
211.98,9.78,0.0
212.05,9.78,0.0
212.12,9.78,0.0
212.18,9.78,0.0
212.25,9.78,0.0
212.32,9.78,0.0
212.38,9.78,0.0
212.45,9.78,0.0
212.52,9.78,0.0
212.58,9.78,0.0
212.65,9.78,0.0
212.72,9.78,0.0
212.78,9.78,0.0
212.85,9.78,0.0
212.92,9.78,0.0
212.98,9.78,0.0
213.05,9.78,0.0
213.11,9.78,0.0
213.18,9.78,0.0
213.25,9.78,0.0
213.31,9.78,0.0
213.38,9.78,0.0
213.44,9.78,0.0
213.51,9.78,0.0
213.58,9.78,0.0
213.64,9.78,0.0
213.71,9.78,0.0
213.78,9.78,0.0
213.84,9.78,0.0
213.91,9.78,0.0
213.97,9.78,0.0
214.04,9.78,0.0
214.11,9.78,0.0
214.17,9.78,0.0
214.24,9.78,0.0
214.31,9.78,0.0
214.37,9.78,0.0
214.44,9.78,0.0
214.5,9.78,0.0
214.57,9.78,0.0
214.64,9.78,0.0
214.7,9.78,0.0
214.77,9.78,0.0
214.83,9.78,0.0
214.9,9.78,0.0
214.97,9.78,0.0
215.03,9.78,0.0
215.1,9.78,0.0
215.16,9.78,0.0
215.23,9.78,0.0
215.29,9.78,0.0
215.36,9.78,0.0
215.43,9.78,0.0
215.49,9.78,0.0
215.56,9.78,0.0
215.63,9.78,0.0
215.7,9.78,0.0
215.76,9.78,0.0
215.83,9.78,0.0
215.89,9.78,0.0
215.96,9.78,0.0
216.02,9.78,0.0
216.09,9.78,0.0
216.16,9.78,0.0
216.22,9.78,0.0
216.29,9.78,0.0
216.35,9.78,0.0
216.42,9.78,0.0
216.48,9.78,0.0
216.55,9.78,0.0
216.61,9.78,0.0
216.68,9.78,0.0
216.75,9.78,0.0
216.81,9.78,0.0
216.88,9.78,0.0
216.94,9.78,0.0
217.01,9.78,0.0
217.08,9.78,0.0
217.14,9.78,0.0
217.21,9.78,0.0
217.27,9.78,0.0
217.34,9.78,0.0
217.4,9.78,0.0
217.47,9.78,0.0
217.54,9.78,0.0
217.6,9.78,0.0
217.67,9.78,0.0
217.74,9.78,0.0
217.8,9.78,0.0
217.87,9.78,0.0
217.94,9.78,0.0
218.0,9.78,0.0
218.07,9.78,0.0
218.14,9.78,0.0
218.2,9.78,0.0
218.27,9.78,0.0
218.34,9.78,0.0
218.4,9.78,0.0
218.47,9.78,0.0
218.54,9.78,0.0
218.6,9.78,0.0
218.67,9.78,0.0
218.74,9.78,0.0
218.8,9.78,0.0
218.87,9.78,0.0
218.94,9.78,0.0
219.0,9.78,0.0
219.07,9.78,0.0
219.14,9.78,0.0
219.2,9.78,0.0
219.27,9.78,0.0
219.34,9.78,0.0
219.4,9.78,0.0
219.47,9.78,0.0
219.54,9.78,0.0
219.6,9.78,0.0
219.67,9.78,0.0
219.74,9.78,0.0
219.8,9.78,0.0
219.87,9.78,0.0
219.94,9.78,0.0
220.0,9.78,0.0
220.07,9.78,0.0
220.14,9.78,0.0
220.2,9.78,0.0
220.27,9.78,0.0
220.34,9.78,0.0
220.4,9.78,0.0
220.47,9.78,0.0
220.54,9.78,0.0
220.6,9.78,0.0
220.67,9.78,0.0
220.74,9.78,0.0
220.8,9.78,0.0
220.87,9.78,0.0
220.94,9.78,0.0
221.0,9.78,0.0
221.07,9.78,0.0
221.14,9.78,0.0
221.2,9.78,0.0
221.27,9.78,0.0
221.34,9.78,0.0
221.4,9.78,0.0
221.47,9.78,0.0
221.54,9.78,0.0
221.6,9.78,0.0
221.67,9.78,0.0
221.74,9.78,0.0
221.8,9.78,0.0
221.87,9.78,0.0
221.94,9.78,0.0
222.01,9.78,0.0
222.07,9.78,0.0
222.15,9.78,0.0
222.21,9.78,0.0
222.28,9.78,0.0
222.34,9.78,0.0
222.41,9.78,0.0
222.48,9.78,0.0
222.54,9.78,0.0
222.61,9.78,0.0
222.68,9.78,0.0
222.74,9.78,0.0
222.81,9.78,0.0
222.87,9.78,0.0
222.94,9.78,0.0
223.01,9.78,0.0
223.07,9.78,0.0
223.15,9.78,0.0
223.21,9.78,0.0
223.28,9.78,0.0
223.35,9.78,0.0
223.41,9.78,0.0
223.48,9.78,0.0
223.55,9.78,0.0
223.61,9.78,0.0
223.68,9.78,0.0
223.74,9.78,0.0
223.81,9.78,0.0
223.88,9.78,0.0
223.94,9.78,0.0
224.01,9.78,0.0
224.08,9.78,0.0
224.14,9.78,0.0
224.21,9.78,0.0
224.28,9.78,0.0
224.34,9.78,0.0
224.41,9.78,0.0
224.48,9.78,0.0
224.54,9.78,0.0
224.61,9.78,0.0
224.67,9.78,0.0
224.74,9.78,0.0
224.81,9.78,0.0
224.87,9.78,0.0
224.94,9.78,0.0
225.01,9.78,0.0
225.07,9.78,0.0
225.14,9.78,0.0
225.21,9.78,0.0
225.27,9.78,0.0
225.34,9.78,0.0
225.4,9.78,0.0
225.47,9.78,0.0
225.54,9.78,0.0
225.6,9.78,0.0
225.67,9.78,0.0
225.74,9.78,0.0
225.8,9.78,0.0
225.87,9.78,0.0
225.93,9.78,0.0
226.0,9.78,0.0
226.07,9.78,0.0
226.14,9.78,0.0
226.2,9.78,0.0
226.27,9.78,0.0
226.33,9.78,0.0
226.4,9.78,0.0
226.47,9.78,0.0
226.53,9.78,0.0
226.6,9.78,0.0
226.67,9.78,0.0
226.74,9.78,0.0
226.8,9.78,0.0
226.87,9.78,0.0
226.94,9.78,0.0
227.0,9.78,0.0
227.07,9.78,0.0
227.14,9.78,0.0
227.2,9.78,0.0
227.27,9.78,0.0
227.34,9.78,0.0
227.4,9.78,0.0
227.47,9.78,0.0
227.54,9.78,0.0
227.6,9.78,0.0
227.67,9.78,0.0
227.74,9.78,0.0
227.8,9.78,0.0
227.87,9.78,0.0
227.94,9.78,0.0
228.0,9.78,0.0
228.07,9.78,0.0
228.14,9.78,0.0
228.2,9.78,0.0
228.27,9.78,0.0
228.34,9.78,0.0
228.4,9.78,0.0
228.47,9.78,0.0
228.54,9.78,0.0
228.6,9.78,0.0
228.67,9.78,0.0
228.74,9.78,0.0
228.81,9.78,0.0
228.88,9.78,0.0
228.94,9.78,0.0
229.01,9.78,0.0
229.08,9.78,0.0
229.14,9.78,0.0
229.21,9.78,0.0
229.27,9.78,0.0
229.34,9.78,0.0
229.41,9.78,0.0
229.47,9.78,0.0
229.54,9.78,0.0
229.6,9.78,0.0
229.67,9.78,0.0
229.74,9.78,0.0
229.8,9.78,0.0
229.87,9.78,0.0
229.93,9.78,0.0
230.0,9.78,0.0
230.08,9.78,0.0
230.14,9.78,0.0
230.21,9.78,0.0
230.28,9.78,0.0
230.34,9.78,0.0
230.41,9.78,0.0
230.48,9.78,0.0
230.54,9.78,0.0
230.61,9.78,0.0
230.67,9.78,0.0
230.74,9.78,0.0
230.81,9.78,0.0
230.87,9.78,0.0
230.94,9.78,0.0
231.0,9.78,0.0
231.07,9.78,0.0
231.14,9.78,0.0
231.2,9.78,0.0
231.27,9.78,0.0
231.33,9.78,0.0
231.4,9.78,0.0
231.47,9.78,0.0
231.53,9.78,0.0
231.6,9.78,0.0
231.66,9.78,0.0
231.73,9.78,0.0
231.8,9.78,0.0
231.86,9.78,0.0
231.93,9.78,0.0
231.99,9.78,0.0
232.06,9.78,0.0
232.13,9.78,0.0
232.19,9.78,0.0
232.26,9.78,0.0
232.33,9.78,0.0
232.39,9.78,0.0
232.46,9.78,0.0
232.52,9.78,0.0
232.59,9.78,0.0
232.66,9.78,0.0
232.72,9.78,0.0
232.79,9.78,0.0
232.86,9.78,0.0
232.92,9.78,0.0
232.99,9.78,0.0
233.05,9.78,0.0
233.12,9.78,0.0
233.19,9.78,0.0
233.25,9.78,0.0
233.32,9.78,0.0
233.39,9.78,0.0
233.45,9.78,0.0
233.52,9.78,0.0
233.59,9.78,0.0
233.65,9.78,0.0
233.72,9.78,0.0
233.78,9.78,0.0
233.85,9.78,0.0
233.92,9.78,0.0
233.98,9.78,0.0
234.12,9.78,0.0
234.19,9.78,0.0
234.25,9.78,0.0
234.32,9.78,0.0
234.39,9.78,0.0
234.45,9.78,0.0
234.52,9.78,0.0
234.59,9.78,0.0
234.65,9.78,0.0
234.72,9.78,0.0
234.79,9.78,0.0
234.85,9.78,0.0
234.92,9.78,0.0
234.98,9.78,0.0
235.05,9.78,0.0
235.12,9.78,0.0
235.19,9.78,0.0
235.25,9.78,0.0
235.32,9.78,0.0
235.38,9.78,0.0
235.45,9.78,0.0
235.52,9.78,0.0
235.58,9.78,0.0
235.65,9.78,0.0
235.72,9.78,0.0
235.78,9.78,0.0
235.85,9.78,0.0
235.92,9.78,0.0
235.98,9.78,0.0
236.05,9.78,0.0
236.12,9.78,0.0
236.18,9.78,0.0
236.25,9.78,0.0
236.32,9.78,0.0
236.38,9.78,0.0
236.45,9.78,0.0
236.52,9.78,0.0
236.58,9.78,0.0
236.65,9.78,0.0
236.72,9.78,0.0
236.79,9.78,0.0
236.85,9.78,0.0
236.92,9.78,0.0
236.99,9.78,0.0
237.05,9.78,0.0
237.12,9.78,0.0
237.19,9.78,0.0
237.26,9.78,0.0
237.32,9.78,0.0
237.39,9.78,0.0
237.45,9.78,0.0
237.52,9.78,0.0
237.59,9.78,0.0
237.65,9.78,0.0
237.72,9.78,0.0
237.78,9.78,0.0
237.85,9.78,0.0
237.92,9.78,0.0
237.98,9.78,0.0
238.05,9.78,0.0
238.11,9.78,0.0
238.18,9.78,0.0
238.25,9.78,0.0
238.31,9.78,0.0
238.38,9.78,0.0
238.45,9.78,0.0
238.51,9.78,0.0
238.58,9.78,0.0
238.64,9.78,0.0
238.71,9.78,0.0
238.78,9.78,0.0
238.84,9.78,0.0
238.91,9.78,0.0
238.97,9.78,0.0
239.04,9.78,0.0
239.11,9.78,0.0
239.18,9.78,0.0
239.24,9.78,0.0
239.31,9.78,0.0
239.37,9.78,0.0
239.44,9.78,0.0
239.51,9.78,0.0
239.57,9.78,0.0
239.64,9.78,0.0
239.71,9.78,0.0
239.77,9.78,0.0
239.84,9.78,0.0
239.9,9.78,0.0
239.97,9.78,0.0
240.04,9.78,0.0
240.1,9.78,0.0
240.17,9.78,0.0
240.24,9.78,0.0
240.3,9.78,0.0
240.37,9.78,0.0
240.44,9.78,0.0
240.5,9.78,0.0
240.57,9.78,0.0
240.64,9.78,0.0
240.7,9.78,0.0
240.77,9.78,0.0
240.83,9.78,0.0
240.9,9.78,0.0
240.97,9.78,0.0
241.03,9.78,0.0
241.1,9.78,0.0
241.17,9.78,0.0
241.23,9.78,0.0
241.3,9.78,0.0
241.37,9.78,0.0
241.43,9.78,0.0
241.5,9.78,0.0
241.56,9.78,0.0
241.63,9.78,0.0
241.7,9.78,0.0
241.76,9.78,0.0
241.83,9.78,0.0
241.9,9.78,0.0
241.96,9.78,0.0
242.03,9.78,0.0
242.1,9.78,0.0
242.16,9.78,0.0
242.23,9.78,0.0
242.3,9.78,0.0
242.36,9.78,0.0
242.43,9.78,0.0
242.5,9.78,0.0
242.56,9.78,0.0
242.63,9.78,0.0
242.7,9.78,0.0
242.76,9.78,0.0
242.83,9.78,0.0
242.9,9.78,0.0
242.96,9.78,0.0
243.03,9.78,0.0
243.1,9.78,0.0
243.16,9.78,0.0
243.23,9.78,0.0
243.3,9.78,0.0
243.37,9.78,0.0
243.44,9.78,0.0
243.5,9.78,0.0
243.57,9.78,0.0
243.64,9.78,0.0
243.7,9.78,0.0
243.77,9.78,0.0
243.83,9.78,0.0
243.9,9.78,0.0
243.97,9.78,0.0
244.03,9.78,0.0
244.1,9.78,0.0
244.16,9.78,0.0
244.23,9.78,0.0
244.3,9.78,0.0
244.36,9.78,0.0
244.43,9.78,0.0
244.49,9.78,0.0
244.56,9.78,0.0
244.63,9.78,0.0
244.69,9.78,0.0
244.76,9.78,0.0
244.82,9.78,0.0
244.89,9.78,0.0
244.96,9.78,0.0
245.02,9.78,0.0
245.09,9.78,0.0
245.15,9.78,0.0
245.22,9.78,0.0
245.29,9.78,0.0
245.35,9.78,0.0
245.42,9.78,0.0
245.49,9.78,0.0
245.55,9.78,0.0
245.62,9.78,0.0
245.68,9.78,0.0
245.75,9.78,0.0
245.82,9.78,0.0
245.88,9.78,0.0
245.95,9.78,0.0
246.02,9.78,0.0
246.08,9.78,0.0
246.15,9.78,0.0
246.22,9.78,0.0
246.28,9.78,0.0
246.35,9.78,0.0
246.41,9.78,0.0
246.48,9.78,0.0
246.55,9.78,0.0
246.61,9.78,0.0
246.68,9.78,0.0
246.75,9.78,0.0
246.81,9.78,0.0
246.88,9.78,0.0
246.94,9.78,0.0
247.01,9.78,0.0
247.08,9.78,0.0
247.14,9.78,0.0
247.21,9.78,0.0
247.28,9.78,0.0
247.34,9.78,0.0
247.41,9.78,0.0
247.48,9.78,0.0
247.54,9.78,0.0
247.61,9.78,0.0
247.68,9.78,0.0
247.74,9.78,0.0
247.81,9.78,0.0
247.88,9.78,0.0
247.94,9.78,0.0
248.01,9.78,0.0
248.07,9.78,0.0
248.14,9.78,0.0
248.21,9.78,0.0
248.28,9.78,0.0
248.34,9.78,0.0
248.41,9.78,0.0
248.48,9.78,0.0
248.54,9.78,0.0
248.61,9.78,0.0
248.67,9.78,0.0
248.74,9.78,0.0
248.81,9.78,0.0
248.87,9.78,0.0
248.94,9.78,0.0
249.01,9.78,0.0
249.07,9.78,0.0
249.14,9.78,0.0
249.21,9.78,0.0
249.28,9.78,0.0
249.34,9.78,0.0
249.41,9.78,0.0
249.48,9.78,0.0
249.54,9.78,0.0
249.61,9.78,0.0
249.68,9.78,0.0
249.75,9.78,0.0
249.81,9.78,0.0
249.88,9.78,0.0
249.95,9.78,0.0
250.01,9.78,0.0
250.08,9.78,0.0
250.14,9.78,0.0
250.21,9.78,0.0
250.28,9.78,0.0
250.34,9.78,0.0
250.41,9.78,0.0
250.47,9.78,0.0
250.54,9.78,0.0
250.61,9.78,0.0
250.67,9.78,0.0
250.74,9.78,0.0
250.8,9.78,0.0
250.87,9.78,0.0
250.94,9.78,0.0
251.0,9.78,0.0
251.07,9.78,0.0
251.13,9.78,0.0
251.2,9.78,0.0
251.27,9.78,0.0
251.33,9.78,0.0
251.4,9.78,0.0
251.47,9.78,0.0
251.53,9.78,0.0
251.6,9.78,0.0
251.67,9.78,0.0
251.73,9.78,0.0
251.8,9.78,0.0
251.87,9.78,0.0
251.93,9.78,0.0
252.0,9.78,0.0
252.06,9.78,0.0
252.13,9.78,0.0
252.2,9.78,0.0
252.26,9.78,0.0
252.33,9.78,0.0
252.4,9.78,0.0
252.46,9.78,0.0
252.53,9.78,0.0
252.6,9.78,0.0
252.66,9.78,0.0
252.73,9.78,0.0
252.79,9.78,0.0
252.86,9.78,0.0
252.93,9.78,0.0
252.99,9.78,0.0
253.06,9.78,0.0
253.13,9.78,0.0
253.19,9.78,0.0
253.26,9.78,0.0
253.33,9.78,0.0
253.39,9.78,0.0
253.46,9.78,0.0
253.52,9.78,0.0
253.59,9.78,0.0
253.66,9.78,0.0
253.72,9.78,0.0
253.79,9.78,0.0
253.86,9.78,0.0
253.92,9.78,0.0
253.99,9.78,0.0
254.06,9.78,0.0
254.12,9.78,0.0
254.19,9.78,0.0
254.26,9.78,0.0
254.32,9.78,0.0
254.39,9.78,0.0
254.46,9.78,0.0
254.52,9.78,0.0
254.59,9.78,0.0
254.66,9.78,0.0
254.72,9.78,0.0
254.79,9.78,0.0
254.86,9.78,0.0
254.92,9.78,0.0
254.99,9.78,0.0
255.06,9.78,0.0
255.12,9.78,0.0
255.19,9.78,0.0
255.26,9.78,0.0
255.33,9.78,0.0
255.39,9.78,0.0
255.46,9.78,0.0
255.53,9.78,0.0
255.59,9.78,0.0
255.66,9.78,0.0
255.73,9.78,0.0
255.79,9.78,0.0
255.87,9.78,0.0
255.93,9.78,0.0
256.0,9.78,0.0
256.06,9.78,0.0
256.13,9.78,0.0
256.2,9.78,0.0
256.26,9.78,0.0
256.33,9.78,0.0
256.4,9.78,0.0
256.46,9.78,0.0
256.53,9.78,0.0
256.59,9.78,0.0
256.66,9.78,0.0
256.73,9.78,0.0
256.79,9.78,0.0
256.86,9.78,0.0
256.92,9.78,0.0
256.99,9.78,0.0
257.06,9.78,0.0
257.12,9.78,0.0
257.19,9.78,0.0
257.26,9.78,0.0
257.32,9.78,0.0
257.39,9.78,0.0
257.45,9.78,0.0
257.52,9.78,0.0
257.59,9.78,0.0
257.65,9.78,0.0
257.72,9.78,0.0
257.78,9.78,0.0
257.85,9.78,0.0
257.92,9.78,0.0
257.98,9.78,0.0
258.05,9.78,0.0
258.12,9.78,0.0
258.18,9.78,0.0
258.25,9.78,0.0
258.32,9.78,0.0
258.38,9.78,0.0
258.45,9.78,0.0
258.52,9.78,0.0
258.58,9.78,0.0
258.65,9.78,0.0
258.71,9.78,0.0
258.78,9.78,0.0
258.85,9.78,0.0
258.91,9.78,0.0
258.98,9.78,0.0
259.05,9.78,0.0
259.11,9.78,0.0
259.18,9.78,0.0
259.25,9.78,0.0
259.31,9.78,0.0
259.38,9.78,0.0
259.44,9.78,0.0
259.51,9.78,0.0
259.58,9.78,0.0
259.64,9.78,0.0
259.71,9.78,0.0
259.78,9.78,0.0
259.84,9.78,0.0
259.91,9.78,0.0
259.97,9.78,0.0
260.04,9.78,0.0
260.11,9.78,0.0
260.17,9.78,0.0
260.24,9.78,0.0
260.31,9.78,0.0
260.37,9.78,0.0
260.44,9.78,0.0
260.51,9.78,0.0
260.57,9.78,0.0
260.64,9.78,0.0
260.71,9.78,0.0
260.77,9.78,0.0
260.84,9.78,0.0
260.91,9.78,0.0
260.97,9.78,0.0
261.04,9.78,0.0
261.11,9.78,0.0
261.17,9.78,0.0
261.24,9.78,0.0
261.31,9.78,0.0
261.38,9.78,0.0
261.44,9.78,0.0
261.51,9.78,0.0
261.58,9.78,0.0
261.64,9.78,0.0
261.71,9.78,0.0
261.78,9.78,0.0
261.84,9.78,0.0
261.91,9.78,0.0
261.98,9.78,0.0
262.04,9.78,0.0
262.11,9.78,0.0
262.19,9.78,0.0
262.25,9.78,0.0
262.32,9.78,0.0
262.39,9.78,0.0
262.45,9.78,0.0
262.52,9.78,0.0
262.58,9.78,0.0
262.65,9.78,0.0
262.72,9.78,0.0
262.78,9.78,0.0
262.85,9.78,0.0
262.92,9.78,0.0
262.98,9.78,0.0
263.05,9.78,0.0
263.11,9.78,0.0
263.18,9.78,0.0
263.25,9.78,0.0
263.31,9.78,0.0
263.38,9.78,0.0
263.44,9.78,0.0
263.51,9.78,0.0
263.58,9.78,0.0
263.64,9.78,0.0
263.71,9.78,0.0
263.78,9.78,0.0
263.84,9.78,0.0
263.91,9.78,0.0
263.97,9.78,0.0
264.04,9.78,0.0
264.11,9.78,0.0
264.17,9.78,0.0
264.24,9.78,0.0
264.31,9.78,0.0
264.37,9.78,0.0
264.44,9.78,0.0
264.5,9.78,0.0
264.57,9.78,0.0
264.64,9.78,0.0
264.7,9.78,0.0
264.77,9.78,0.0
264.84,9.78,0.0
264.9,9.78,0.0
264.97,9.78,0.0
265.04,9.78,0.0
265.1,9.78,0.0
265.17,9.78,0.0
265.24,9.78,0.0
265.3,9.78,0.0
265.37,9.78,0.0
265.44,9.78,0.0
265.5,9.78,0.0
265.57,9.78,0.0
265.64,9.78,0.0
265.7,9.78,0.0
265.77,9.78,0.0
265.84,9.78,0.0
265.9,9.78,0.0
265.97,9.78,0.0
266.04,9.78,0.0
266.1,9.78,0.0
266.17,9.78,0.0
266.24,9.78,0.0
266.3,9.78,0.0
266.37,9.78,0.0
266.44,9.78,0.0
266.5,9.78,0.0
266.57,9.78,0.0
266.64,9.78,0.0
266.7,9.78,0.0
266.77,9.78,0.0
266.84,9.78,0.0
266.9,9.78,0.0
266.97,9.78,0.0
267.03,9.78,0.0
267.1,9.78,0.0
267.17,9.78,0.0
267.24,9.78,0.0
267.3,9.78,0.0
267.37,9.78,0.0
267.44,9.78,0.0
267.5,9.78,0.0
267.57,9.78,0.0
267.64,9.78,0.0
267.7,9.78,0.0
267.77,9.78,0.0
267.84,9.78,0.0
267.9,9.78,0.0
267.97,9.78,0.0
268.04,9.78,0.0
268.1,9.78,0.0
268.17,9.78,0.0
268.24,9.78,0.0
268.3,9.78,0.0
268.37,9.78,0.0
268.44,9.78,0.0
268.5,9.78,0.0
268.57,9.78,0.0
268.64,9.78,0.0
268.71,9.78,0.0
268.77,9.78,0.0
268.85,9.78,0.0
268.91,9.78,0.0
268.98,9.78,0.0
269.04,9.78,0.0
269.11,9.78,0.0
269.18,9.78,0.0
269.24,9.78,0.0
269.31,9.78,0.0
269.38,9.78,0.0
269.44,9.78,0.0
269.51,9.78,0.0
269.57,9.78,0.0
269.64,9.78,0.0
269.71,9.78,0.0
269.77,9.78,0.0
269.84,9.78,0.0
269.9,9.78,0.0
269.97,9.78,0.0
270.04,9.78,0.0
270.1,9.78,0.0
270.17,9.78,0.0
270.24,9.78,0.0
270.3,9.78,0.0
270.37,9.78,0.0
270.44,9.78,0.0
270.5,9.78,0.0
270.57,9.78,0.0
270.63,9.78,0.0
270.7,9.78,0.0
270.77,9.78,0.0
270.83,9.78,0.0
270.9,9.78,0.0
270.97,9.78,0.0
271.03,9.78,0.0
271.1,9.78,0.0
271.17,9.78,0.0
271.24,9.78,0.0
271.31,9.78,0.0
271.37,9.78,0.0
271.44,9.78,0.0
271.51,9.78,0.0
271.57,9.78,0.0
271.64,9.78,0.0
271.7,9.78,0.0
271.77,9.78,0.0
271.83,9.78,0.0
271.9,9.78,0.0
271.97,9.78,0.0
272.03,9.78,0.0
272.1,9.78,0.0
272.16,9.78,0.0
272.23,9.78,0.0
272.3,9.78,0.0
272.36,9.78,0.0
272.43,9.78,0.0
272.5,9.78,0.0
272.56,9.78,0.0
272.63,9.78,0.0
272.7,9.78,0.0
272.76,9.78,0.0
272.83,9.78,0.0
272.89,9.78,0.0
272.96,9.78,0.0
273.03,9.78,0.0
273.09,9.78,0.0
273.16,9.78,0.0
273.23,9.78,0.0
273.3,9.78,0.0
273.36,9.78,0.0
273.43,9.78,0.0
273.49,9.78,0.0
273.56,9.78,0.0
273.63,9.78,0.0
273.69,9.78,0.0
273.76,9.78,0.0
273.83,9.78,0.0
273.89,9.78,0.0
273.96,9.78,0.0
274.03,9.78,0.0
274.09,9.78,0.0
274.16,9.78,0.0
274.23,9.78,0.0
274.29,9.78,0.0
274.36,9.78,0.0
274.43,9.78,0.0
274.49,9.78,0.0
274.56,9.78,0.0
274.63,9.78,0.0
274.69,9.78,0.0
274.76,9.78,0.0
274.83,9.78,0.0
274.89,9.78,0.0
274.96,9.78,0.0
275.02,9.78,0.0
275.09,9.78,0.0
275.16,9.78,0.0
275.22,9.78,0.0
275.29,9.78,0.0
275.36,9.78,0.0
275.42,9.78,0.0
275.49,9.78,0.0
275.56,9.78,0.0
275.62,9.78,0.0
275.69,9.78,0.0
275.76,9.78,0.0
275.82,9.78,0.0
275.89,9.78,0.0
275.96,9.78,0.0
276.02,9.78,0.0
276.09,9.78,0.0
276.16,9.78,0.0
276.22,9.78,0.0
276.29,9.78,0.0
276.36,9.78,0.0
276.42,9.78,0.0
276.49,9.78,0.0
276.56,9.78,0.0
276.62,9.78,0.0
276.69,9.78,0.0
276.76,9.78,0.0
276.82,9.78,0.0
276.89,9.78,0.0
276.96,9.78,0.0
277.02,9.78,0.0
277.09,9.78,0.0
277.16,9.78,0.0
277.23,9.78,0.0
277.29,9.78,0.0
277.36,9.78,0.0
277.43,9.78,0.0
277.49,9.78,0.0
277.56,9.78,0.0
277.63,9.78,0.0
277.69,9.78,0.0
277.76,9.78,0.0
277.84,9.78,0.0
277.9,9.78,0.0
277.97,9.78,0.0
278.03,9.78,0.0
278.1,9.78,0.0
278.17,9.78,0.0
278.23,9.78,0.0
278.3,9.78,0.0
278.37,9.78,0.0
278.43,9.78,0.0
278.5,9.78,0.0
278.57,9.78,0.0
278.63,9.78,0.0
278.7,9.78,0.0
278.76,9.78,0.0
278.83,9.78,0.0
278.9,9.78,0.0
278.96,9.78,0.0
279.03,9.78,0.0
279.1,9.78,0.0
279.16,9.78,0.0
279.23,9.78,0.0
279.3,9.78,0.0
279.36,9.78,0.0
279.43,9.78,0.0
279.5,9.78,0.0
279.56,9.78,0.0
279.63,9.78,0.0
279.69,9.78,0.0
279.76,9.78,0.0
279.83,9.78,0.0
279.89,9.78,0.0
279.96,9.78,0.0
280.03,9.78,0.0
280.09,9.78,0.0
280.16,9.78,0.0
280.22,9.78,0.0
280.29,9.78,0.0
280.36,9.78,0.0
280.43,9.78,0.0
280.49,9.78,0.0
280.56,9.78,0.0
280.62,9.78,0.0
280.69,9.78,0.0
280.76,9.78,0.0
280.82,9.78,0.0
280.89,9.78,0.0
280.96,9.78,0.0
281.02,9.78,0.0
281.09,9.78,0.0
281.16,9.78,0.0
281.22,9.78,0.0
281.29,9.78,0.0
281.36,9.78,0.0
281.42,9.78,0.0
281.49,9.78,0.0
281.56,9.78,0.0
281.62,9.78,0.0
281.69,9.78,0.0
281.76,9.78,0.0
281.82,9.78,0.0
281.89,9.78,0.0
281.96,9.78,0.0
282.02,9.78,0.0
282.09,9.78,0.0
282.16,9.78,0.0
282.22,9.78,0.0
282.29,9.78,0.0
282.36,9.78,0.0
282.43,9.78,0.0
282.49,9.78,0.0
282.56,9.78,0.0
282.63,9.78,0.0
282.69,9.78,0.0
282.76,9.78,0.0
282.83,9.78,0.0
282.9,9.78,0.0
282.96,9.78,0.0
283.03,9.78,0.0
283.1,9.78,0.0
283.16,9.78,0.0
283.23,9.78,0.0
283.3,9.78,0.0
283.36,9.78,0.0
283.43,9.78,0.0
283.5,9.78,0.0
283.57,9.78,0.0
283.63,9.78,0.0
283.7,9.78,0.0
283.77,9.78,0.0
283.83,9.78,0.0
283.9,9.78,0.0
283.97,9.78,0.0
284.03,9.78,0.0
284.1,9.78,0.0
284.17,9.78,0.0
284.23,9.78,0.0
284.3,9.78,0.0
284.37,9.78,0.0
284.44,9.78,0.0
284.51,9.78,0.0
284.58,9.78,0.0
284.64,9.78,0.0
284.71,9.78,0.0
284.77,9.78,0.0
284.84,9.78,0.0
284.91,9.78,0.0
284.97,9.78,0.0
285.04,9.78,0.0
285.11,9.78,0.0
285.17,9.78,0.0
285.24,9.78,0.0
285.31,9.78,0.0
285.37,9.78,0.0
285.44,9.78,0.0
285.5,9.78,0.0
285.57,9.78,0.0
285.64,9.78,0.0
285.7,9.78,0.0
285.77,9.78,0.0
285.84,9.78,0.0
285.9,9.78,0.0
285.97,9.78,0.0
286.03,9.78,0.0
286.1,9.78,0.0
286.17,9.78,0.0
286.23,9.78,0.0
286.3,9.78,0.0
286.37,9.78,0.0
286.44,9.78,0.0
286.5,9.78,0.0
286.57,9.78,0.0
286.64,9.78,0.0
286.7,9.78,0.0
286.77,9.78,0.0
286.84,9.78,0.0
286.9,9.78,0.0
286.97,9.78,0.0
287.04,9.78,0.0
287.1,9.78,0.0
287.17,9.78,0.0
287.24,9.78,0.0
287.3,9.78,0.0
287.37,9.78,0.0
287.44,9.78,0.0
287.5,9.78,0.0
287.57,9.78,0.0
287.64,9.78,0.0
287.7,9.78,0.0
287.77,9.78,0.0
287.84,9.78,0.0
287.9,9.78,0.0
287.97,9.78,0.0
288.03,9.78,0.0
288.1,9.78,0.0
288.17,9.78,0.0
288.23,9.78,0.0
288.3,9.78,0.0
288.37,9.78,0.0
288.44,9.78,0.0
288.5,9.78,0.0
288.57,9.78,0.0
288.64,9.78,0.0
288.7,9.78,0.0
288.77,9.78,0.0
288.84,9.78,0.0
288.9,9.78,0.0
288.97,9.78,0.0
289.04,9.78,0.0
289.1,9.78,0.0
289.17,9.78,0.0
289.24,9.78,0.0
289.3,9.78,0.0
289.37,9.78,0.0
289.44,9.78,0.0
289.5,9.78,0.0
289.57,9.78,0.0
289.64,9.78,0.0
289.7,9.78,0.0
289.77,9.78,0.0
289.84,9.78,0.0
289.9,9.78,0.0
289.97,9.78,0.0
290.04,9.78,0.0
290.1,9.78,0.0
290.17,9.78,0.0
290.24,9.78,0.0
290.31,9.78,0.0
290.37,9.78,0.0
290.44,9.78,0.0
290.51,9.78,0.0
290.57,9.78,0.0
290.64,9.78,0.0
290.71,9.78,0.0
290.78,9.78,0.0
290.85,9.78,0.0
290.92,9.78,0.0
290.99,9.78,0.0
291.05,9.78,0.0
291.12,9.78,0.0
291.18,9.78,0.0
291.25,9.78,0.0
291.32,9.78,0.0
291.38,9.78,0.0
291.45,9.78,0.0
291.52,9.78,0.0
291.58,9.78,0.0
291.65,9.78,0.0
291.71,9.78,0.0
291.78,9.78,0.0
291.85,9.78,0.0
291.91,9.78,0.0
291.98,9.78,0.0
292.05,9.78,0.0
292.11,9.78,0.0
292.18,9.78,0.0
292.25,9.78,0.0
292.31,9.78,0.0
292.38,9.78,0.0
292.45,9.78,0.0
292.51,9.78,0.0
292.58,9.78,0.0
292.65,9.78,0.0
292.71,9.78,0.0
292.78,9.78,0.0
292.84,9.78,0.0
292.91,9.78,0.0
292.98,9.78,0.0
293.04,9.78,0.0
293.11,9.78,0.0
293.18,9.78,0.0
293.24,9.78,0.0
293.31,9.78,0.0
293.38,9.78,0.0
293.45,9.78,0.0
293.51,9.78,0.0
293.58,9.78,0.0
293.65,9.78,0.0
293.71,9.78,0.0
293.78,9.78,0.0
293.85,9.78,0.0
293.91,9.78,0.0
293.98,9.78,0.0
294.04,9.78,0.0
294.11,9.78,0.0
294.18,9.78,0.0
294.25,9.78,0.0
294.31,9.78,0.0
294.38,9.78,0.0
294.45,9.78,0.0
294.51,9.78,0.0
294.58,9.78,0.0
294.65,9.78,0.0
294.71,9.78,0.0
294.78,9.78,0.0
294.85,9.78,0.0
294.91,9.78,0.0
294.98,9.78,0.0
295.05,9.78,0.0
295.11,9.78,0.0
295.18,9.78,0.0
295.25,9.78,0.0
295.32,9.78,0.0
295.38,9.78,0.0
295.45,9.78,0.0
295.52,9.78,0.0
295.58,9.78,0.0
295.65,9.78,0.0
295.72,9.78,0.0
295.78,9.78,0.0
295.85,9.78,0.0
295.92,9.78,0.0
295.98,9.78,0.0
296.05,9.78,0.0
296.12,9.78,0.0
296.19,9.78,0.0
296.25,9.78,0.0
296.32,9.78,0.0
296.39,9.78,0.0
296.45,9.78,0.0
296.52,9.78,0.0
296.59,9.78,0.0
296.65,9.78,0.0
296.72,9.78,0.0
296.79,9.78,0.0
296.85,9.78,0.0
296.92,9.78,0.0
296.99,9.78,0.0
297.06,9.78,0.0
297.12,9.78,0.0
297.19,9.78,0.0
297.26,9.78,0.0
297.32,9.78,0.0
297.39,9.78,0.0
297.46,9.78,0.0
297.53,9.78,0.0
297.6,9.78,0.0
297.66,9.78,0.0
297.73,9.78,0.0
297.8,9.78,0.0
297.86,9.78,0.0
297.93,9.78,0.0
297.99,9.78,0.0
298.06,9.78,0.0
298.13,9.78,0.0
298.2,9.78,0.0
298.26,9.78,0.0
298.33,9.78,0.0
298.39,9.78,0.0
298.46,9.78,0.0
298.53,9.78,0.0
298.59,9.78,0.0
298.66,9.78,0.0
298.73,9.78,0.0
298.79,9.78,0.0
298.86,9.78,0.0
298.93,9.78,0.0
298.99,9.78,0.0
299.06,9.78,0.0
299.13,9.78,0.0
299.19,9.78,0.0
299.26,9.78,0.0
299.33,9.78,0.0
299.39,9.78,0.0
299.46,9.78,0.0
299.53,9.78,0.0
299.59,9.78,0.0
299.66,9.78,0.0
299.73,9.78,0.0
299.79,9.78,0.0
299.86,9.78,0.0
299.92,9.78,0.0
299.99,9.78,0.0
300.06,9.78,0.0
300.12,9.78,0.0
300.19,9.78,0.0
300.26,9.78,0.0
300.32,9.78,0.0
300.39,9.78,0.0
300.46,9.78,0.0
300.52,9.78,0.0
300.59,9.78,0.0
300.66,9.78,0.0
300.72,9.78,0.0
300.79,9.78,0.0
300.86,9.78,0.0
300.92,9.78,0.0
300.99,9.78,0.0
301.06,9.78,0.0
301.12,9.78,0.0
301.19,9.78,0.0
301.26,9.78,0.0
301.32,9.78,0.0
301.39,9.78,0.0
301.46,9.78,0.0
301.52,9.78,0.0
301.59,9.78,0.0
301.66,9.78,0.0
301.73,9.78,0.0
301.79,9.78,0.0
301.86,9.78,0.0
301.93,9.78,0.0
301.99,9.78,0.0
302.06,9.78,0.0
302.13,9.78,0.0
302.19,9.78,0.0
302.26,9.78,0.0
302.33,9.78,0.0
302.39,9.78,0.0
302.46,9.78,0.0
302.53,9.78,0.0
302.6,9.78,0.0
302.66,9.78,0.0
302.73,9.78,0.0
302.8,9.78,0.0
302.86,9.78,0.0
302.93,9.78,0.0
303.0,9.78,0.0
303.07,9.78,0.0
303.13,9.78,0.0
303.2,9.78,0.0
303.27,9.78,0.0
303.33,9.78,0.0
303.4,9.78,0.0
303.47,9.78,0.0
303.53,9.78,0.0
303.6,9.78,0.0
303.67,9.78,0.0
303.74,9.78,0.0
303.8,9.78,0.0
303.87,9.78,0.0
303.94,9.78,0.0
304.01,9.78,0.0
304.08,9.78,0.0
304.15,9.78,0.0
304.21,9.78,0.0
304.28,9.78,0.0
304.35,9.78,0.0
304.41,9.78,0.0
304.48,9.78,0.0
304.54,9.78,0.0
304.61,9.78,0.0
304.68,9.78,0.0
304.74,9.78,0.0
304.81,9.78,0.0
304.88,9.78,0.0
304.94,9.78,0.0
305.01,9.78,0.0
305.08,9.78,0.0
305.14,9.78,0.0
305.21,9.78,0.0
305.28,9.78,0.0
305.34,9.78,0.0
305.41,9.78,0.0
305.48,9.78,0.0
305.54,9.78,0.0
305.61,9.78,0.0
305.68,9.78,0.0
305.74,9.78,0.0
305.81,9.78,0.0
305.88,9.78,0.0
305.94,9.78,0.0
306.01,9.78,0.0
306.08,9.78,0.0
306.14,9.78,0.0
306.21,9.78,0.0
306.28,9.78,0.0
306.34,9.78,0.0
306.41,9.78,0.0
306.48,9.78,0.0
306.54,9.78,0.0
306.61,9.78,0.0
306.68,9.78,0.0
306.74,9.78,0.0
306.81,9.78,0.0
306.88,9.78,0.0
306.94,9.78,0.0
307.01,9.78,0.0
307.08,9.78,0.0
307.14,9.78,0.0
307.21,9.78,0.0
307.28,9.78,0.0
307.34,9.78,0.0
307.41,9.78,0.0
307.48,9.78,0.0
307.54,9.78,0.0
307.61,9.78,0.0
307.68,9.78,0.0
307.75,9.78,0.0
307.82,9.78,0.0
307.88,9.78,0.0
307.95,9.78,0.0
308.01,9.78,0.0
308.08,9.78,0.0
308.15,9.78,0.0
308.21,9.78,0.0
308.28,9.78,0.0
308.34,9.78,0.0
308.41,9.78,0.0
308.48,9.78,0.0
308.54,9.78,0.0
308.61,9.78,0.0
308.68,9.78,0.0
308.74,9.78,0.0
308.81,9.78,0.0
308.87,9.78,0.0
308.94,9.78,0.0
309.01,9.78,0.0
309.07,9.78,0.0
309.14,9.78,0.0
309.21,9.78,0.0
309.27,9.78,0.0
309.34,9.78,0.0
309.4,9.78,0.0
309.47,9.78,0.0
309.54,9.78,0.0
309.6,9.78,0.0
309.67,9.78,0.0
309.74,9.78,0.0
309.8,9.78,0.0
309.87,9.78,0.0
309.94,9.78,0.0
310.0,9.78,0.0
310.07,9.78,0.0
310.14,9.78,0.0
310.2,9.78,0.0
310.27,9.78,0.0
310.34,9.78,0.0
310.4,9.78,0.0
310.47,9.78,0.0
310.54,9.78,0.0
310.6,9.78,0.0
310.67,9.78,0.0
310.74,9.78,0.0
310.81,9.78,0.0
310.87,9.78,0.0
310.94,9.78,0.0
311.01,9.78,0.0
311.07,9.78,0.0
311.14,9.78,0.0
311.2,9.78,0.0
311.27,9.78,0.0
311.33,9.78,0.0
311.4,9.78,0.0
311.47,9.78,0.0
311.53,9.78,0.0
311.6,9.78,0.0
311.66,9.78,0.0
311.73,9.78,0.0
311.8,9.78,0.0
311.86,9.78,0.0
311.93,9.78,0.0
311.99,9.78,0.0
312.06,9.78,0.0
312.12,9.78,0.0
312.19,9.78,0.0
312.26,9.78,0.0
312.33,9.78,0.0
312.4,9.78,0.0
312.46,9.78,0.0
312.53,9.78,0.0
312.59,9.78,0.0
312.66,9.78,0.0
312.73,9.78,0.0
312.79,9.78,0.0
312.86,9.78,0.0
312.93,9.78,0.0
312.99,9.78,0.0
313.06,9.78,0.0
313.12,9.78,0.0
313.19,9.78,0.0
313.26,9.78,0.0
313.32,9.78,0.0
313.39,9.78,0.0
313.46,9.78,0.0
313.53,9.78,0.0
313.59,9.78,0.0
313.66,9.78,0.0
313.72,9.78,0.0
313.79,9.78,0.0
313.86,9.78,0.0
313.92,9.78,0.0
313.99,9.78,0.0
314.06,9.78,0.0
314.12,9.78,0.0
314.19,9.78,0.0
314.26,9.78,0.0
314.32,9.78,0.0
314.39,9.78,0.0
314.46,9.78,0.0
314.52,9.78,0.0
314.59,9.78,0.0
314.66,9.78,0.0
314.72,9.78,0.0
314.79,9.78,0.0
314.86,9.78,0.0
314.92,9.78,0.0
314.99,9.78,0.0
315.05,9.78,0.0
315.12,9.78,0.0
315.19,9.78,0.0
315.25,9.78,0.0
315.32,9.78,0.0
315.39,9.78,0.0
315.45,9.78,0.0
315.52,9.78,0.0
315.59,9.78,0.0
315.65,9.78,0.0
315.72,9.78,0.0
315.79,9.78,0.0
315.85,9.78,0.0
315.92,9.78,0.0
315.99,9.78,0.0
316.05,9.78,0.0
316.12,9.78,0.0
316.19,9.78,0.0
316.25,9.78,0.0
316.32,9.78,0.0
316.39,9.78,0.0
316.45,9.78,0.0
316.52,9.78,0.0
316.59,9.78,0.0
316.65,9.78,0.0
316.72,9.78,0.0
316.79,9.78,0.0
316.85,9.78,0.0
316.92,9.78,0.0
316.99,9.78,0.0
317.05,9.78,0.0
317.12,9.78,0.0
317.19,9.78,0.0
317.25,9.78,0.0
317.32,9.78,0.0
317.39,9.78,0.0
317.46,9.78,0.0
317.52,9.78,0.0
317.59,9.78,0.0
317.66,9.78,0.0
317.72,9.78,0.0
317.79,9.78,0.0
317.86,9.78,0.0
317.93,9.78,0.0
317.99,9.78,0.0
318.06,9.78,0.0
318.13,9.78,0.0
318.19,9.78,0.0
318.26,9.78,0.0
318.33,9.78,0.0
318.4,9.78,0.0
318.46,9.78,0.0
318.53,9.78,0.0
318.6,9.78,0.0
318.66,9.78,0.0
318.73,9.78,0.0
318.81,9.78,0.0
318.87,9.78,0.0
318.94,9.78,0.0
319.01,9.78,0.0
319.07,9.78,0.0
319.14,9.78,0.0
319.21,9.78,0.0
319.27,9.78,0.0
319.34,9.78,0.0
319.41,9.78,0.0
319.47,9.78,0.0
319.54,9.78,0.0
319.6,9.78,0.0
319.67,9.78,0.0
319.74,9.78,0.0
319.8,9.78,0.0
319.87,9.78,0.0
319.94,9.78,0.0
320.0,9.78,0.0
320.07,9.78,0.0
320.13,9.78,0.0
320.2,9.78,0.0
320.27,9.78,0.0
320.33,9.78,0.0
320.4,9.78,0.0
320.47,9.78,0.0
320.53,9.78,0.0
320.6,9.78,0.0
320.67,9.78,0.0
320.73,9.78,0.0
320.8,9.78,0.0
320.87,9.78,0.0
320.93,9.78,0.0
321.0,9.78,0.0
321.06,9.78,0.0
321.13,9.78,0.0
321.2,9.78,0.0
321.27,9.78,0.0
321.33,9.78,0.0
321.4,9.78,0.0
321.47,9.78,0.0
321.53,9.78,0.0
321.6,9.78,0.0
321.67,9.78,0.0
321.73,9.78,0.0
321.8,9.78,0.0
321.87,9.78,0.0
321.93,9.78,0.0
322.0,9.78,0.0
322.07,9.78,0.0
322.13,9.78,0.0
322.2,9.78,0.0
322.27,9.78,0.0
322.33,9.78,0.0
322.4,9.78,0.0
322.47,9.78,0.0
322.53,9.78,0.0
322.6,9.78,0.0
322.67,9.78,0.0
322.73,9.78,0.0
322.8,9.78,0.0
322.87,9.78,0.0
322.94,9.78,0.0
323.0,9.78,0.0
323.07,9.78,0.0
323.14,9.78,0.0
323.2,9.78,0.0
323.27,9.78,0.0
323.34,9.78,0.0
323.41,9.78,0.0
323.47,9.78,0.0
323.54,9.78,0.0
323.61,9.78,0.0
323.67,9.78,0.0
323.74,9.78,0.0
323.81,9.78,0.0
323.88,9.78,0.0
323.94,9.78,0.0
324.01,9.78,0.0
324.08,9.78,0.0
324.14,9.78,0.0
324.21,9.78,0.0
324.28,9.78,0.0
324.35,9.78,0.0
324.41,9.78,0.0
324.48,9.78,0.0
324.55,9.78,0.0
324.61,9.78,0.0
324.68,9.78,0.0
324.75,9.78,0.0
324.81,9.78,0.0
324.88,9.78,0.0
324.96,9.78,0.0
325.03,9.78,0.0
325.09,9.78,0.0
325.16,9.78,0.0
325.22,9.78,0.0
325.29,9.78,0.0
325.36,9.78,0.0
325.42,9.78,0.0
325.49,9.78,0.0
325.56,9.78,0.0
325.62,9.78,0.0
325.69,9.78,0.0
325.76,9.78,0.0
325.82,9.78,0.0
325.89,9.78,0.0
325.96,9.78,0.0
326.02,9.78,0.0
326.09,9.78,0.0
326.16,9.78,0.0
326.22,9.78,0.0
326.29,9.78,0.0
326.35,9.78,0.0
326.42,9.78,0.0
326.49,9.78,0.0
326.55,9.78,0.0
326.62,9.78,0.0
326.69,9.78,0.0
326.75,9.78,0.0
326.82,9.78,0.0
326.88,9.78,0.0
326.95,9.78,0.0
327.02,9.78,0.0
327.08,9.78,0.0
327.15,9.78,0.0
327.22,9.78,0.0
327.28,9.78,0.0
327.35,9.78,0.0
327.42,9.78,0.0
327.48,9.78,0.0
327.55,9.78,0.0
327.62,9.78,0.0
327.68,9.78,0.0
327.75,9.78,0.0
327.82,9.78,0.0
327.88,9.78,0.0
327.95,9.78,0.0
328.02,9.78,0.0
328.08,9.78,0.0
328.15,9.78,0.0
328.22,9.78,0.0
328.28,9.78,0.0
328.35,9.78,0.0
328.42,9.78,0.0
328.48,9.78,0.0
328.55,9.78,0.0
328.62,9.78,0.0
328.68,9.78,0.0
328.75,9.78,0.0
328.82,9.78,0.0
328.88,9.78,0.0
328.95,9.78,0.0
329.02,9.78,0.0
329.08,9.78,0.0
329.15,9.78,0.0
329.22,9.78,0.0
329.28,9.78,0.0
329.35,9.78,0.0
329.42,9.78,0.0
329.48,9.78,0.0
329.55,9.78,0.0
329.62,9.78,0.0
329.69,9.78,0.0
329.75,9.78,0.0
329.82,9.78,0.0
329.89,9.78,0.0
329.95,9.78,0.0
330.02,9.78,0.0
330.09,9.78,0.0
330.15,9.78,0.0
330.22,9.78,0.0
330.29,9.78,0.0
330.36,9.78,0.0
330.42,9.78,0.0
330.49,9.78,0.0
330.56,9.78,0.0
330.62,9.78,0.0
330.69,9.78,0.0
330.76,9.78,0.0
330.82,9.78,0.0
330.89,9.78,0.0
330.96,9.78,0.0
331.02,9.78,0.0
331.09,9.78,0.0
331.17,9.78,0.0
331.23,9.78,0.0
331.3,9.78,0.0
331.36,9.78,0.0
331.43,9.78,0.0
331.5,9.78,0.0
331.56,9.78,0.0
331.63,9.78,0.0
331.7,9.78,0.0
331.76,9.78,0.0
331.83,9.78,0.0
331.9,9.78,0.0
331.96,9.78,0.0
332.03,9.78,0.0
332.09,9.78,0.0
332.16,9.78,0.0
332.23,9.78,0.0
332.29,9.78,0.0
332.36,9.78,0.0
332.43,9.78,0.0
332.49,9.78,0.0
332.56,9.78,0.0
332.62,9.78,0.0
332.69,9.78,0.0
332.76,9.78,0.0
332.83,9.78,0.0
332.89,9.78,0.0
332.96,9.78,0.0
333.03,9.78,0.0
333.09,9.78,0.0
333.16,9.78,0.0
333.22,9.78,0.0
333.29,9.78,0.0
333.36,9.78,0.0
333.42,9.78,0.0
333.49,9.78,0.0
333.56,9.78,0.0
333.62,9.78,0.0
333.69,9.78,0.0
333.76,9.78,0.0
333.83,9.78,0.0
333.89,9.78,0.0
333.96,9.78,0.0
334.03,9.78,0.0
334.09,9.78,0.0
334.16,9.78,0.0
334.23,9.78,0.0
334.29,9.78,0.0
334.36,9.78,0.0
334.43,9.78,0.0
334.49,9.78,0.0
334.56,9.78,0.0
334.63,9.78,0.0
334.69,9.78,0.0
334.76,9.78,0.0
334.83,9.78,0.0
334.89,9.78,0.0
334.96,9.78,0.0
335.03,9.78,0.0
335.09,9.78,0.0
335.16,9.78,0.0
335.23,9.78,0.0
335.29,9.78,0.0
335.36,9.78,0.0
335.43,9.78,0.0
335.5,9.78,0.0
335.56,9.78,0.0
335.63,9.78,0.0
335.7,9.78,0.0
335.76,9.78,0.0
335.83,9.78,0.0
335.9,9.78,0.0
335.96,9.78,0.0
336.03,9.78,0.0
336.1,9.78,0.0
336.16,9.78,0.0
336.23,9.78,0.0
336.3,9.78,0.0
336.37,9.78,0.0
336.43,9.78,0.0
336.5,9.78,0.0
336.57,9.78,0.0
336.63,9.78,0.0
336.7,9.78,0.0
336.77,9.78,0.0
336.83,9.78,0.0
336.9,9.78,0.0
336.97,9.78,0.0
337.04,9.78,0.0
337.1,9.78,0.0
337.17,9.78,0.0
337.24,9.78,0.0
337.31,9.78,0.0
337.37,9.78,0.0
337.44,9.78,0.0
337.51,9.78,0.0
337.57,9.78,0.0
337.64,9.78,0.0
337.71,9.78,0.0
337.78,9.78,0.0
337.85,9.78,0.0
337.91,9.78,0.0
337.98,9.78,0.0
338.05,9.78,0.0
338.11,9.78,0.0
338.18,9.78,0.0
338.25,9.78,0.0
338.31,9.78,0.0
338.38,9.78,0.0
338.44,9.78,0.0
338.51,9.78,0.0
338.58,9.78,0.0
338.64,9.78,0.0
338.71,9.78,0.0
338.77,9.78,0.0
338.84,9.78,0.0
338.91,9.78,0.0
338.98,9.78,0.0
339.04,9.78,0.0
339.11,9.78,0.0
339.18,9.78,0.0
339.24,9.78,0.0
339.31,9.78,0.0
339.37,9.78,0.0
339.44,9.78,0.0
339.51,9.78,0.0
339.57,9.78,0.0
339.64,9.78,0.0
339.71,9.78,0.0
339.77,9.78,0.0
339.84,9.78,0.0
339.91,9.78,0.0
339.97,9.78,0.0
340.04,9.78,0.0
340.11,9.78,0.0
340.17,9.78,0.0
340.24,9.78,0.0
340.31,9.78,0.0
340.37,9.78,0.0
340.44,9.78,0.0
340.51,9.78,0.0
340.57,9.78,0.0
340.64,9.78,0.0
340.71,9.78,0.0
340.77,9.78,0.0
340.84,9.78,0.0
340.91,9.78,0.0
340.97,9.78,0.0
341.04,9.78,0.0
341.11,9.78,0.0
341.17,9.78,0.0
341.24,9.78,0.0
341.31,9.78,0.0
341.38,9.78,0.0
341.44,9.78,0.0
341.51,9.78,0.0
341.58,9.78,0.0
341.64,9.78,0.0
341.71,9.78,0.0
341.78,9.78,0.0
341.84,9.78,0.0
341.91,9.78,0.0
341.98,9.78,0.0
342.04,9.78,0.0
342.11,9.78,0.0
342.18,9.78,0.0
342.24,9.78,0.0
342.31,9.78,0.0
342.38,9.78,0.0
342.44,9.78,0.0
342.51,9.78,0.0
342.58,9.78,0.0
342.65,9.78,0.0
342.71,9.78,0.0
342.78,9.78,0.0
342.85,9.78,0.0
342.91,9.78,0.0
342.98,9.78,0.0
343.05,9.78,0.0
343.12,9.78,0.0
343.18,9.78,0.0
343.25,9.78,0.0
343.32,9.78,0.0
343.38,9.78,0.0
343.45,9.78,0.0
343.52,9.78,0.0
343.58,9.78,0.0
343.65,9.78,0.0
343.72,9.78,0.0
343.79,9.78,0.0
343.85,9.78,0.0
343.92,9.78,0.0
343.99,9.78,0.0
344.05,9.78,0.0
344.12,9.78,0.0
344.19,9.78,0.0
344.25,9.78,0.0
344.33,9.78,0.0
344.39,9.78,0.0
344.46,9.78,0.0
344.53,9.78,0.0
344.59,9.78,0.0
344.66,9.78,0.0
344.73,9.78,0.0
344.79,9.78,0.0
344.86,9.78,0.0
344.93,9.78,0.0
344.99,9.78,0.0
345.06,9.78,0.0
345.13,9.78,0.0
345.19,9.78,0.0
345.26,9.78,0.0
345.32,9.78,0.0
345.39,9.78,0.0
345.46,9.78,0.0
345.52,9.78,0.0
345.59,9.78,0.0
345.66,9.78,0.0
345.72,9.78,0.0
345.79,9.78,0.0
345.86,9.78,0.0
345.92,9.78,0.0
345.99,9.78,0.0
346.06,9.78,0.0
346.12,9.78,0.0
346.19,9.78,0.0
346.26,9.78,0.0
346.32,9.78,0.0
346.39,9.78,0.0
346.45,9.78,0.0
346.52,9.78,0.0
346.59,9.78,0.0
346.66,9.78,0.0
346.72,9.78,0.0
346.79,9.78,0.0
346.85,9.78,0.0
346.92,9.78,0.0
346.99,9.78,0.0
347.05,9.78,0.0
347.12,9.78,0.0
347.19,9.78,0.0
347.25,9.78,0.0
347.32,9.78,0.0
347.39,9.78,0.0
347.45,9.78,0.0
347.52,9.78,0.0
347.59,9.78,0.0
347.66,9.78,0.0
347.72,9.78,0.0
347.79,9.78,0.0
347.86,9.78,0.0
347.92,9.78,0.0
347.99,9.78,0.0
348.05,9.78,0.0
348.12,9.78,0.0
348.19,9.78,0.0
348.25,9.78,0.0
348.32,9.78,0.0
348.39,9.78,0.0
348.45,9.78,0.0
348.52,9.78,0.0
348.59,9.78,0.0
348.66,9.78,0.0
348.72,9.78,0.0
348.79,9.78,0.0
348.86,9.78,0.0
348.92,9.78,0.0
348.99,9.78,0.0
349.06,9.78,0.0
349.13,9.78,0.0
349.19,9.78,0.0
349.26,9.78,0.0
349.33,9.78,0.0
349.39,9.78,0.0
349.46,9.78,0.0
349.53,9.78,0.0
349.59,9.78,0.0
349.66,9.78,0.0
349.73,9.78,0.0
349.79,9.78,0.0
349.86,9.78,0.0
349.93,9.78,0.0
350.0,9.78,0.0
350.06,9.78,0.0
350.13,9.78,0.0
350.2,9.78,0.0
350.26,9.78,0.0
350.33,9.78,0.0
350.4,9.78,0.0
350.47,9.78,0.0
350.53,9.78,0.0
350.6,9.78,0.0
350.67,9.78,0.0
350.73,9.78,0.0
350.8,9.78,0.0
350.87,9.78,0.0
350.93,9.78,0.0
351.01,9.78,0.0
351.07,9.78,0.0
351.14,9.78,0.0
351.21,9.78,0.0
351.27,9.78,0.0
351.34,9.78,0.0
351.4,9.78,0.0
351.47,9.78,0.0
351.54,9.78,0.0
351.6,9.78,0.0
351.67,9.78,0.0
351.74,9.78,0.0
351.8,9.78,0.0
351.87,9.78,0.0
351.94,9.78,0.0
352.0,9.78,0.0
352.07,9.78,0.0
352.13,9.78,0.0
352.2,9.78,0.0
352.27,9.78,0.0
352.33,9.78,0.0
352.4,9.78,0.0
352.47,9.78,0.0
352.54,9.78,0.0
352.6,9.78,0.0
352.67,9.78,0.0
352.74,9.78,0.0
352.8,9.78,0.0
352.87,9.78,0.0
352.93,9.78,0.0
353.0,9.78,0.0
353.07,9.78,0.0
353.13,9.78,0.0
353.2,9.78,0.0
353.27,9.78,0.0
353.35,9.78,0.0
353.41,9.78,0.0
353.48,9.78,0.0
353.55,9.78,0.0
353.61,9.78,0.0
353.68,9.78,0.0
353.74,9.78,0.0
353.81,9.78,0.0
353.88,9.78,0.0
353.94,9.78,0.0
354.01,9.78,0.0
354.08,9.78,0.0
354.14,9.78,0.0
354.21,9.78,0.0
354.28,9.78,0.0
354.34,9.78,0.0
354.41,9.78,0.0
354.47,9.78,0.0
354.54,9.78,0.0
354.61,9.78,0.0
354.67,9.78,0.0
354.74,9.78,0.0
354.81,9.78,0.0
354.87,9.78,0.0
354.94,9.78,0.0
355.01,9.78,0.0
355.07,9.78,0.0
355.14,9.78,0.0
355.2,9.78,0.0
355.27,9.78,0.0
355.34,9.78,0.0
355.41,9.78,0.0
355.47,9.78,0.0
355.54,9.78,0.0
355.6,9.78,0.0
355.67,9.78,0.0
355.74,9.78,0.0
355.8,9.78,0.0
355.87,9.78,0.0
355.94,9.78,0.0
356.0,9.78,0.0
356.07,9.78,0.0
356.14,9.78,0.0
356.2,9.78,0.0
356.27,9.78,0.0
356.34,9.78,0.0
356.4,9.78,0.0
356.47,9.78,0.0
356.54,9.78,0.0
356.6,9.78,0.0
356.67,9.78,0.0
356.74,9.78,0.0
356.8,9.78,0.0
356.87,9.78,0.0
356.94,9.78,0.0
357.0,9.78,0.0
357.07,9.78,0.0
357.14,9.78,0.0
357.2,9.78,0.0
357.27,9.78,0.0
357.34,9.78,0.0
357.4,9.78,0.0
357.47,9.78,0.0
357.54,9.78,0.0
357.6,9.78,0.0
357.67,9.78,0.0
357.74,9.78,0.0
357.8,9.78,0.0
357.87,9.78,0.0
357.94,9.78,0.0
358.0,9.78,0.0
358.07,9.78,0.0
358.14,9.78,0.0
358.2,9.78,0.0
358.27,9.78,0.0
358.34,9.78,0.0
358.41,9.78,0.0
358.47,9.78,0.0
358.54,9.78,0.0
358.61,9.78,0.0
358.67,9.78,0.0
358.74,9.78,0.0
358.81,9.78,0.0
358.87,9.78,0.0
358.94,9.78,0.0
359.01,9.78,0.0
359.07,9.78,0.0
359.14,9.78,0.0
359.21,9.78,0.0
359.28,9.78,0.0
359.34,9.78,0.0
359.41,9.78,0.0
359.48,9.78,0.0
359.54,9.78,0.0
359.61,9.78,0.0
359.68,9.78,0.0
359.75,9.78,0.0
359.81,9.78,0.0
359.88,9.78,0.0
359.95,9.78,0.0
360.02,9.78,0.0
360.09,9.78,0.0
360.15,9.78,0.0
360.22,9.78,0.0
360.29,9.78,0.0
360.35,9.78,0.0
360.42,9.78,0.0
360.49,9.78,0.0
360.55,9.78,0.0
360.62,9.78,0.0
360.69,9.78,0.0
360.75,9.78,0.0
360.82,9.78,0.0
360.89,9.78,0.0
360.95,9.78,0.0
361.02,9.78,0.0
361.08,9.78,0.0
361.15,9.78,0.0
361.22,9.78,0.0
361.28,9.78,0.0
361.35,9.78,0.0
361.42,9.78,0.0
361.48,9.78,0.0
361.55,9.78,0.0
361.62,9.78,0.0
361.68,9.78,0.0
361.75,9.78,0.0
361.82,9.78,0.0
361.88,9.78,0.0
361.95,9.78,0.0
362.01,9.78,0.0
362.08,9.78,0.0
362.15,9.78,0.0
362.21,9.78,0.0
362.28,9.78,0.0
362.35,9.78,0.0
362.41,9.78,0.0
362.48,9.78,0.0
362.55,9.78,0.0
362.61,9.78,0.0
362.68,9.78,0.0
362.75,9.78,0.0
362.81,9.78,0.0
362.88,9.78,0.0
362.95,9.78,0.0
363.01,9.78,0.0
363.08,9.78,0.0
363.15,9.78,0.0
363.21,9.78,0.0
363.28,9.78,0.0
363.35,9.78,0.0
363.41,9.78,0.0
363.48,9.78,0.0
363.55,9.78,0.0
363.61,9.78,0.0
363.68,9.78,0.0
363.75,9.78,0.0
363.81,9.78,0.0
363.88,9.78,0.0
363.94,9.78,0.0
364.01,9.78,0.0
364.08,9.78,0.0
364.15,9.78,0.0
364.21,9.78,0.0
364.28,9.78,0.0
364.35,9.78,0.0
364.41,9.78,0.0
364.48,9.78,0.0
364.55,9.78,0.0
364.61,9.78,0.0
364.68,9.78,0.0
364.75,9.78,0.0
364.81,9.78,0.0
364.88,9.78,0.0
364.95,9.78,0.0
365.01,9.78,0.0
365.08,9.78,0.0
365.15,9.78,0.0
365.22,9.78,0.0
365.28,9.78,0.0
365.35,9.78,0.0
365.42,9.78,0.0
365.48,9.78,0.0
365.55,9.78,0.0
365.62,9.78,0.0
365.68,9.78,0.0
365.75,9.78,0.0
365.82,9.78,0.0
365.89,9.78,0.0
365.95,9.78,0.0
366.02,9.78,0.0
366.09,9.78,0.0
366.15,9.78,0.0
366.22,9.78,0.0
366.29,9.78,0.0
366.35,9.78,0.0
366.42,9.78,0.0
366.49,9.78,0.0
366.55,9.78,0.0
366.62,9.78,0.0
366.69,9.78,0.0
366.76,9.78,0.0
366.83,9.78,0.0
366.89,9.78,0.0
366.96,9.78,0.0
367.03,9.78,0.0
367.09,9.78,0.0
367.16,9.78,0.0
367.23,9.78,0.0
367.29,9.78,0.0
367.36,9.78,0.0
367.42,9.78,0.0
367.49,9.78,0.0
367.56,9.78,0.0
367.62,9.78,0.0
367.69,9.78,0.0
367.76,9.78,0.0
367.82,9.78,0.0
367.89,9.78,0.0
367.95,9.78,0.0
368.02,9.78,0.0
368.09,9.78,0.0
368.15,9.78,0.0
368.22,9.78,0.0
368.29,9.78,0.0
368.35,9.78,0.0
368.42,9.78,0.0
368.49,9.78,0.0
368.55,9.78,0.0
368.62,9.78,0.0
368.69,9.78,0.0
368.75,9.78,0.0
368.82,9.78,0.0
368.89,9.78,0.0
368.95,9.78,0.0
369.02,9.78,0.0
369.09,9.78,0.0
369.15,9.78,0.0
369.22,9.78,0.0
369.29,9.78,0.0
369.35,9.78,0.0
369.42,9.78,0.0
369.49,9.78,0.0
369.55,9.78,0.0
369.62,9.78,0.0
369.69,9.78,0.0
369.75,9.78,0.0
369.82,9.78,0.0
369.89,9.78,0.0
369.95,9.78,0.0
370.02,9.78,0.0
370.09,9.78,0.0
370.15,9.78,0.0
370.22,9.78,0.0
370.29,9.78,0.0
370.35,9.78,0.0
370.42,9.78,0.0
370.49,9.78,0.0
370.55,9.78,0.0
370.62,9.78,0.0
370.68,9.78,0.0
370.75,9.78,0.0
370.82,9.78,0.0
370.88,9.78,0.0
370.95,9.78,0.0
371.02,9.78,0.0
371.09,9.78,0.0
371.15,9.78,0.0
371.22,9.78,0.0
371.29,9.78,0.0
371.35,9.78,0.0
371.42,9.78,0.0
371.49,9.78,0.0
371.55,9.78,0.0
371.62,9.78,0.0
371.69,9.78,0.0
371.75,9.78,0.0
371.82,9.78,0.0
371.89,9.78,0.0
371.95,9.78,0.0
372.02,9.78,0.0
372.09,9.78,0.0
372.16,9.78,0.0
372.22,9.78,0.0
372.29,9.78,0.0
372.36,9.78,0.0
372.42,9.78,0.0
372.49,9.78,0.0
372.56,9.78,0.0
372.62,9.78,0.0
372.69,9.78,0.0
372.76,9.78,0.0
372.82,9.78,0.0
372.89,9.78,0.0
372.96,9.78,0.0
373.03,9.78,0.0
373.09,9.78,0.0
373.16,9.78,0.0
373.23,9.78,0.0
373.29,9.78,0.0
373.36,9.78,0.0
373.44,9.78,0.0
373.5,9.78,0.0
373.57,9.78,0.0
373.63,9.78,0.0
373.7,9.78,0.0
373.77,9.78,0.0
373.83,9.78,0.0
373.9,9.78,0.0
373.96,9.78,0.0
374.03,9.78,0.0
374.1,9.78,0.0
374.16,9.78,0.0
374.23,9.78,0.0
374.3,9.78,0.0
374.36,9.78,0.0
374.43,9.78,0.0
374.5,9.78,0.0
374.56,9.78,0.0
374.63,9.78,0.0
374.7,9.78,0.0
374.76,9.78,0.0
374.83,9.78,0.0
374.89,9.78,0.0
374.96,9.78,0.0
375.03,9.78,0.0
375.09,9.78,0.0
375.16,9.78,0.0
375.23,9.78,0.0
375.29,9.78,0.0
375.36,9.78,0.0
375.43,9.78,0.0
375.49,9.78,0.0
375.56,9.78,0.0
375.63,9.78,0.0
375.69,9.78,0.0
375.76,9.78,0.0
375.82,9.78,0.0
375.89,9.78,0.0
375.96,9.78,0.0
376.02,9.78,0.0
376.09,9.78,0.0
376.16,9.78,0.0
376.22,9.78,0.0
376.29,9.78,0.0
376.36,9.78,0.0
376.42,9.78,0.0
376.49,9.78,0.0
376.56,9.78,0.0
376.62,9.78,0.0
376.69,9.78,0.0
376.76,9.78,0.0
376.82,9.78,0.0
376.89,9.78,0.0
376.96,9.78,0.0
377.02,9.78,0.0
377.09,9.78,0.0
377.16,9.78,0.0
377.22,9.78,0.0
377.29,9.78,0.0
377.36,9.78,0.0
377.42,9.78,0.0
377.49,9.78,0.0
377.56,9.78,0.0
377.62,9.78,0.0
377.69,9.78,0.0
377.76,9.78,0.0
377.82,9.78,0.0
377.89,9.78,0.0
377.96,9.78,0.0
378.02,9.78,0.0
378.09,9.78,0.0
378.16,9.78,0.0
378.22,9.78,0.0
378.29,9.78,0.0
378.36,9.78,0.0
378.42,9.78,0.0
378.49,9.78,0.0
378.56,9.78,0.0
378.63,9.78,0.0
378.69,9.78,0.0
378.76,9.78,0.0
378.83,9.78,0.0
378.89,9.78,0.0
378.96,9.78,0.0
379.03,9.78,0.0
379.1,9.78,0.0
379.16,9.78,0.0
379.23,9.78,0.0
379.3,9.78,0.0
379.36,9.78,0.0
379.43,9.78,0.0
379.5,9.78,0.0
379.56,9.78,0.0
379.63,9.78,0.0
379.7,9.78,0.0
379.76,9.78,0.0
379.83,9.78,0.0
379.9,9.78,0.0
379.96,9.78,0.0
380.03,9.78,0.0
380.1,9.78,0.0
380.17,9.78,0.0
380.24,9.78,0.0
380.31,9.78,0.0
380.37,9.78,0.0
380.44,9.78,0.0
380.51,9.78,0.0
380.57,9.78,0.0
380.64,9.78,0.0
380.71,9.78,0.0
380.77,9.78,0.0
380.84,9.78,0.0
380.9,9.78,0.0
380.97,9.78,0.0
381.04,9.78,0.0
381.1,9.78,0.0
381.17,9.78,0.0
381.24,9.78,0.0
381.3,9.78,0.0
381.37,9.78,0.0
381.44,9.78,0.0
381.5,9.78,0.0
381.57,9.78,0.0
381.63,9.78,0.0
381.7,9.78,0.0
381.77,9.78,0.0
381.83,9.78,0.0
381.9,9.78,0.0
381.97,9.78,0.0
382.03,9.78,0.0
382.1,9.78,0.0
382.17,9.78,0.0
382.23,9.78,0.0
382.3,9.78,0.0
382.37,9.78,0.0
382.43,9.78,0.0
382.5,9.78,0.0
382.57,9.78,0.0
382.63,9.78,0.0
382.7,9.78,0.0
382.76,9.78,0.0
382.83,9.78,0.0
382.9,9.78,0.0
382.96,9.78,0.0
383.03,9.78,0.0
383.1,9.78,0.0
383.16,9.78,0.0
383.23,9.78,0.0
383.3,9.78,0.0
383.36,9.78,0.0
383.43,9.78,0.0
383.49,9.78,0.0
383.56,9.78,0.0
383.63,9.78,0.0
383.69,9.78,0.0
383.76,9.78,0.0
383.83,9.78,0.0
383.89,9.78,0.0
383.96,9.78,0.0
384.03,9.78,0.0
384.09,9.78,0.0
384.16,9.78,0.0
384.23,9.78,0.0
384.29,9.78,0.0
384.36,9.78,0.0
384.43,9.78,0.0
384.49,9.78,0.0
384.56,9.78,0.0
384.63,9.78,0.0
384.69,9.78,0.0
384.76,9.78,0.0
384.83,9.78,0.0
384.9,9.78,0.0
384.96,9.78,0.0
385.03,9.78,0.0
385.1,9.78,0.0
385.16,9.78,0.0
385.23,9.78,0.0
385.3,9.78,0.0
385.36,9.78,0.0
385.43,9.78,0.0
385.5,9.78,0.0
385.56,9.78,0.0
385.63,9.78,0.0
385.7,9.78,0.0
385.76,9.78,0.0
385.83,9.78,0.0
385.9,9.78,0.0
385.96,9.78,0.0
386.03,9.78,0.0
386.1,9.78,0.0
386.16,9.78,0.0
386.23,9.78,0.0
386.3,9.78,0.0
386.36,9.78,0.0
386.43,9.78,0.0
386.5,9.78,0.0
386.56,9.78,0.0
386.63,9.78,0.0
386.7,9.78,0.0
386.77,9.78,0.0
386.84,9.78,0.0
386.91,9.78,0.0
386.98,9.78,0.0
387.04,9.78,0.0
387.11,9.78,0.0
387.17,9.78,0.0
387.24,9.78,0.0
387.31,9.78,0.0
387.37,9.78,0.0
387.44,9.78,0.0
387.51,9.78,0.0
387.57,9.78,0.0
387.64,9.78,0.0
387.71,9.78,0.0
387.77,9.78,0.0
387.84,9.78,0.0
387.9,9.78,0.0
387.97,9.78,0.0
388.04,9.78,0.0
388.1,9.78,0.0
388.17,9.78,0.0
388.24,9.78,0.0
388.3,9.78,0.0
388.37,9.78,0.0
388.44,9.78,0.0
388.5,9.78,0.0
388.57,9.78,0.0
388.64,9.78,0.0
388.7,9.78,0.0
388.77,9.78,0.0
388.84,9.78,0.0
388.9,9.78,0.0
388.97,9.78,0.0
389.04,9.78,0.0
389.1,9.78,0.0
389.17,9.78,0.0
389.24,9.78,0.0
389.3,9.78,0.0
389.37,9.78,0.0
389.44,9.78,0.0
389.5,9.78,0.0
389.57,9.78,0.0
389.64,9.78,0.0
389.7,9.78,0.0
389.77,9.78,0.0
389.84,9.78,0.0
389.9,9.78,0.0
389.97,9.78,0.0
390.04,9.78,0.0
390.1,9.78,0.0
390.17,9.78,0.0
390.24,9.78,0.0
390.3,9.78,0.0
390.37,9.78,0.0
390.44,9.78,0.0
390.5,9.78,0.0
390.57,9.78,0.0
390.64,9.78,0.0
390.7,9.78,0.0
390.77,9.78,0.0
390.84,9.78,0.0
390.91,9.78,0.0
390.97,9.78,0.0
391.04,9.78,0.0
391.11,9.78,0.0
391.17,9.78,0.0
391.24,9.78,0.0
391.31,9.78,0.0
391.37,9.78,0.0
391.44,9.78,0.0
391.51,9.78,0.0
391.57,9.78,0.0
391.64,9.78,0.0
391.71,9.78,0.0
391.77,9.78,0.0
391.84,9.78,0.0
391.91,9.78,0.0
391.98,9.78,0.0
392.04,9.78,0.0
392.11,9.78,0.0
392.18,9.78,0.0
392.24,9.78,0.0
392.31,9.78,0.0
392.38,9.78,0.0
392.45,9.78,0.0
392.51,9.78,0.0
392.58,9.78,0.0
392.65,9.78,0.0
392.71,9.78,0.0
392.78,9.78,0.0
392.85,9.78,0.0
392.92,9.78,0.0
392.98,9.78,0.0
393.05,9.78,0.0
393.12,9.78,0.0
393.18,9.78,0.0
393.25,9.78,0.0
393.32,9.78,0.0
393.39,9.78,0.0
393.46,9.78,0.0
393.53,9.78,0.0
393.59,9.78,0.0
393.66,9.78,0.0
393.72,9.78,0.0
393.79,9.78,0.0
393.86,9.78,0.0
393.92,9.78,0.0
393.99,9.78,0.0
394.06,9.78,0.0
394.12,9.78,0.0
394.19,9.78,0.0
394.26,9.78,0.0
394.32,9.78,0.0
394.39,9.78,0.0
394.45,9.78,0.0
394.52,9.78,0.0
394.59,9.78,0.0
394.66,9.78,0.0
394.73,9.78,0.0
394.8,9.78,0.0
394.86,9.78,0.0
394.93,9.78,0.0
394.99,9.78,0.0
395.06,9.78,0.0
395.12,9.78,0.0
395.19,9.78,0.0
395.26,9.78,0.0
395.32,9.78,0.0
395.39,9.78,0.0
395.46,9.78,0.0
395.52,9.78,0.0
395.59,9.78,0.0
395.66,9.78,0.0
395.72,9.78,0.0
395.79,9.78,0.0
395.85,9.78,0.0
395.92,9.78,0.0
395.99,9.78,0.0
396.05,9.78,0.0
396.12,9.78,0.0
396.19,9.78,0.0
396.25,9.78,0.0
396.32,9.78,0.0
396.39,9.78,0.0
396.45,9.78,0.0
396.52,9.78,0.0
396.59,9.78,0.0
396.65,9.78,0.0
396.72,9.78,0.0
396.79,9.78,0.0
396.85,9.78,0.0
396.92,9.78,0.0
396.99,9.78,0.0
397.05,9.78,0.0
397.12,9.78,0.0
397.19,9.78,0.0
397.25,9.78,0.0
397.32,9.78,0.0
397.38,9.78,0.0
397.45,9.78,0.0
397.52,9.78,0.0
397.59,9.78,0.0
397.65,9.78,0.0
397.72,9.78,0.0
397.79,9.78,0.0
397.85,9.78,0.0
397.92,9.78,0.0
397.99,9.78,0.0
398.05,9.78,0.0
398.12,9.78,0.0
398.18,9.78,0.0
398.25,9.78,0.0
398.32,9.78,0.0
398.38,9.78,0.0
398.45,9.78,0.0
398.52,9.78,0.0
398.58,9.78,0.0
398.65,9.78,0.0
398.72,9.78,0.0
398.78,9.78,0.0
398.85,9.78,0.0
398.92,9.78,0.0
398.98,9.78,0.0
399.05,9.78,0.0
399.12,9.78,0.0
399.18,9.78,0.0
399.25,9.78,0.0
399.32,9.78,0.0
399.38,9.78,0.0
399.45,9.78,0.0
399.52,9.78,0.0
399.58,9.78,0.0
399.65,9.78,0.0
399.72,9.78,0.0
399.78,9.78,0.0
399.85,9.78,0.0
399.92,9.78,0.0
399.98,9.78,0.0
400.05,9.78,0.0
400.12,9.78,0.0
400.19,9.78,0.0
400.25,9.78,0.0
400.32,9.78,0.0
400.39,9.78,0.0
400.45,9.78,0.0
400.52,9.78,0.0
400.59,9.78,0.0
400.66,9.78,0.0
400.72,9.78,0.0
400.79,9.78,0.0
400.86,9.78,0.0
400.92,9.78,0.0
400.99,9.78,0.0
401.06,9.78,0.0
401.12,9.78,0.0
401.19,9.78,0.0
401.26,9.78,0.0
401.33,9.78,0.0
401.4,9.78,0.0
401.46,9.78,0.0
401.53,9.78,0.0
401.6,9.78,0.0
401.66,9.78,0.0
401.73,9.78,0.0
401.79,9.78,0.0
401.86,9.78,0.0
401.93,9.78,0.0
401.99,9.78,0.0
402.06,9.78,0.0
402.13,9.78,0.0
402.19,9.78,0.0
402.26,9.78,0.0
402.32,9.78,0.0
402.39,9.78,0.0
402.46,9.78,0.0
402.52,9.78,0.0
402.59,9.78,0.0
402.66,9.78,0.0
402.72,9.78,0.0
402.79,9.78,0.0
402.86,9.78,0.0
402.92,9.78,0.0
402.99,9.78,0.0
403.05,9.78,0.0
403.12,9.78,0.0
403.19,9.78,0.0
403.25,9.78,0.0
403.32,9.78,0.0
403.38,9.78,0.0
403.45,9.78,0.0
403.52,9.78,0.0
403.59,9.78,0.0
403.65,9.78,0.0
403.72,9.78,0.0
403.78,9.78,0.0
403.85,9.78,0.0
403.92,9.78,0.0
403.98,9.78,0.0
404.05,9.78,0.0
404.12,9.78,0.0
404.18,9.78,0.0
404.25,9.78,0.0
404.32,9.78,0.0
404.38,9.78,0.0
404.45,9.78,0.0
404.52,9.78,0.0
404.58,9.78,0.0
404.65,9.78,0.0
404.72,9.78,0.0
404.78,9.78,0.0
404.85,9.78,0.0
404.92,9.78,0.0
404.98,9.78,0.0
405.05,9.78,0.0
405.12,9.78,0.0
405.18,9.78,0.0
405.25,9.78,0.0
405.32,9.78,0.0
405.38,9.78,0.0
405.45,9.78,0.0
405.52,9.78,0.0
405.58,9.78,0.0
405.65,9.78,0.0
405.72,9.78,0.0
405.78,9.78,0.0
405.85,9.78,0.0
405.92,9.78,0.0
405.98,9.78,0.0
406.05,9.78,0.0
406.12,9.78,0.0
406.18,9.78,0.0
406.25,9.78,0.0
406.32,9.78,0.0
406.38,9.78,0.0
406.46,9.78,0.0
406.52,9.78,0.0
406.59,9.78,0.0
406.66,9.78,0.0
406.72,9.78,0.0
406.79,9.78,0.0
406.86,9.78,0.0
406.93,9.78,0.0
406.99,9.78,0.0
407.06,9.78,0.0
407.13,9.78,0.0
407.19,9.78,0.0
407.26,9.78,0.0
407.33,9.78,0.0
407.39,9.78,0.0
407.46,9.78,0.0
407.53,9.78,0.0
407.6,9.78,0.0
407.66,9.78,0.0
407.73,9.78,0.0
407.8,9.78,0.0
407.87,9.78,0.0
407.94,9.78,0.0
408.01,9.78,0.0
408.07,9.78,0.0
408.14,9.78,0.0
408.21,9.78,0.0
408.27,9.78,0.0
408.34,9.78,0.0
408.4,9.78,0.0
408.47,9.78,0.0
408.54,9.78,0.0
408.6,9.78,0.0
408.67,9.78,0.0
408.74,9.78,0.0
408.8,9.78,0.0
408.87,9.78,0.0
408.93,9.78,0.0
409.0,9.78,0.0
409.07,9.78,0.0
409.13,9.78,0.0
409.2,9.78,0.0
409.26,9.78,0.0
409.33,9.78,0.0
409.4,9.78,0.0
409.46,9.78,0.0
409.53,9.78,0.0
409.6,9.78,0.0
409.66,9.78,0.0
409.73,9.78,0.0
409.8,9.78,0.0
409.86,9.78,0.0
409.93,9.78,0.0
410.0,9.78,0.0
410.06,9.78,0.0
410.13,9.78,0.0
410.2,9.78,0.0
410.26,9.78,0.0
410.33,9.78,0.0
410.39,9.78,0.0
410.46,9.78,0.0
410.53,9.78,0.0
410.6,9.78,0.0
410.66,9.78,0.0
410.73,9.78,0.0
410.79,9.78,0.0
410.86,9.78,0.0
410.93,9.78,0.0
410.99,9.78,0.0
411.06,9.78,0.0
411.13,9.78,0.0
411.19,9.78,0.0
411.26,9.78,0.0
411.33,9.78,0.0
411.39,9.78,0.0
411.46,9.78,0.0
411.53,9.78,0.0
411.6,9.78,0.0
411.66,9.78,0.0
411.73,9.78,0.0
411.8,9.78,0.0
411.86,9.78,0.0
411.93,9.78,0.0
412.0,9.78,0.0
412.06,9.78,0.0
412.13,9.78,0.0
412.2,9.78,0.0
412.26,9.78,0.0
412.33,9.78,0.0
412.4,9.78,0.0
412.47,9.78,0.0
412.53,9.78,0.0
412.6,9.78,0.0
412.67,9.78,0.0
412.73,9.78,0.0
412.8,9.78,0.0
412.87,9.78,0.0
412.93,9.78,0.0
413.0,9.78,0.0
413.06,9.78,0.0
413.13,9.78,0.0
413.2,9.78,0.0
413.26,9.78,0.0
413.33,9.78,0.0
413.4,9.78,0.0
413.47,9.78,0.0
413.53,9.78,0.0
413.6,9.78,0.0
413.67,9.78,0.0
413.74,9.78,0.0
413.8,9.78,0.0
413.87,9.78,0.0
413.94,9.78,0.0
414.0,9.78,0.0
414.07,9.78,0.0
414.14,9.78,0.0
414.2,9.78,0.0
414.27,9.78,0.0
414.34,9.78,0.0
414.41,9.78,0.0
414.48,9.78,0.0
414.55,9.78,0.0
414.61,9.78,0.0
414.68,9.78,0.0
414.75,9.78,0.0
414.81,9.78,0.0
414.88,9.78,0.0
414.94,9.78,0.0
415.01,9.78,0.0
415.08,9.78,0.0
415.14,9.78,0.0
415.21,9.78,0.0
415.27,9.78,0.0
415.34,9.78,0.0
415.41,9.78,0.0
415.47,9.78,0.0
415.54,9.78,0.0
415.61,9.78,0.0
415.67,9.78,0.0
415.74,9.78,0.0
415.81,9.78,0.0
415.87,9.78,0.0
415.94,9.78,0.0
416.0,9.78,0.0
416.07,9.78,0.0
416.14,9.78,0.0
416.2,9.78,0.0
416.27,9.78,0.0
416.34,9.78,0.0
416.4,9.78,0.0
416.47,9.78,0.0
416.54,9.78,0.0
416.6,9.78,0.0
416.67,9.78,0.0
416.74,9.78,0.0
416.8,9.78,0.0
416.87,9.78,0.0
416.93,9.78,0.0
417.0,9.78,0.0
417.07,9.78,0.0
417.13,9.78,0.0
417.2,9.78,0.0
417.27,9.78,0.0
417.34,9.78,0.0
417.4,9.78,0.0
417.47,9.78,0.0
417.54,9.78,0.0
417.6,9.78,0.0
417.67,9.78,0.0
417.73,9.78,0.0
417.8,9.78,0.0
417.87,9.78,0.0
417.93,9.78,0.0
418.0,9.78,0.0
418.07,9.78,0.0
418.13,9.78,0.0
418.2,9.78,0.0
418.27,9.78,0.0
418.34,9.78,0.0
418.4,9.78,0.0
418.47,9.78,0.0
418.54,9.78,0.0
418.6,9.78,0.0
418.67,9.78,0.0
418.74,9.78,0.0
418.8,9.78,0.0
418.87,9.78,0.0
418.94,9.78,0.0
419.0,9.78,0.0
419.07,9.78,0.0
419.14,9.78,0.0
419.2,9.78,0.0
419.27,9.78,0.0
419.34,9.78,0.0
419.4,9.78,0.0
419.47,9.78,0.0
419.54,9.78,0.0
419.6,9.78,0.0
419.67,9.78,0.0
419.74,9.78,0.0
419.81,9.78,0.0
419.87,9.78,0.0
419.94,9.78,0.0
420.01,9.78,0.0
420.07,9.78,0.0
420.14,9.78,0.0
420.21,9.78,0.0
420.28,9.78,0.0
420.34,9.78,0.0
420.41,9.78,0.0
420.48,9.78,0.0
420.54,9.78,0.0
420.61,9.78,0.0
420.68,9.78,0.0
420.74,9.78,0.0
420.81,9.78,0.0
420.88,9.78,0.0
420.94,9.78,0.0
421.01,9.78,0.0
421.09,9.78,0.0
421.15,9.78,0.0
421.22,9.78,0.0
421.28,9.78,0.0
421.35,9.78,0.0
421.42,9.78,0.0
421.48,9.78,0.0
421.55,9.78,0.0
421.61,9.78,0.0
421.68,9.78,0.0
421.75,9.78,0.0
421.81,9.78,0.0
421.88,9.78,0.0
421.95,9.78,0.0
422.01,9.78,0.0
422.08,9.78,0.0
422.15,9.78,0.0
422.21,9.78,0.0
422.28,9.78,0.0
422.35,9.78,0.0
422.41,9.78,0.0
422.48,9.78,0.0
422.54,9.78,0.0
422.61,9.78,0.0
422.68,9.78,0.0
422.74,9.78,0.0
422.81,9.78,0.0
422.88,9.78,0.0
422.94,9.78,0.0
423.01,9.78,0.0
423.08,9.78,0.0
423.14,9.78,0.0
423.21,9.78,0.0
423.28,9.78,0.0
423.34,9.78,0.0
423.41,9.78,0.0
423.47,9.78,0.0
423.54,9.78,0.0
423.61,9.78,0.0
423.67,9.78,0.0
423.74,9.78,0.0
423.81,9.78,0.0
423.87,9.78,0.0
423.94,9.78,0.0
424.01,9.78,0.0
424.07,9.78,0.0
424.14,9.78,0.0
424.21,9.78,0.0
424.28,9.78,0.0
424.34,9.78,0.0
424.41,9.78,0.0
424.48,9.78,0.0
424.54,9.78,0.0
424.61,9.78,0.0
424.68,9.78,0.0
424.74,9.78,0.0
424.81,9.78,0.0
424.87,9.78,0.0
424.94,9.78,0.0
425.01,9.78,0.0
425.08,9.78,0.0
425.14,9.78,0.0
425.21,9.78,0.0
425.28,9.78,0.0
425.34,9.78,0.0
425.41,9.78,0.0
425.48,9.78,0.0
425.54,9.78,0.0
425.61,9.78,0.0
425.68,9.78,0.0
425.74,9.78,0.0
425.81,9.78,0.0
425.88,9.78,0.0
425.95,9.78,0.0
426.01,9.78,0.0
426.08,9.78,0.0
426.15,9.78,0.0
426.21,9.78,0.0
426.28,9.78,0.0
426.35,9.78,0.0
426.41,9.78,0.0
426.48,9.78,0.0
426.55,9.78,0.0
426.62,9.78,0.0
426.68,9.78,0.0
426.75,9.78,0.0
426.82,9.78,0.0
426.88,9.78,0.0
426.95,9.78,0.0
427.02,9.78,0.0
427.09,9.78,0.0
427.15,9.78,0.0
427.22,9.78,0.0
427.29,9.78,0.0
427.35,9.78,0.0
427.42,9.78,0.0
427.49,9.78,0.0
427.56,9.78,0.0
427.62,9.78,0.0
427.7,9.78,0.0
427.76,9.78,0.0
427.83,9.78,0.0
427.9,9.78,0.0
427.96,9.78,0.0
428.03,9.78,0.0
428.09,9.78,0.0
428.16,9.78,0.0
428.23,9.78,0.0
428.29,9.78,0.0
428.36,9.78,0.0
428.42,9.78,0.0
428.49,9.78,0.0
428.56,9.78,0.0
428.62,9.78,0.0
428.69,9.78,0.0
428.76,9.78,0.0
428.82,9.78,0.0
428.89,9.78,0.0
428.96,9.78,0.0
429.02,9.78,0.0
429.09,9.78,0.0
429.15,9.78,0.0
429.22,9.78,0.0
429.29,9.78,0.0
429.35,9.78,0.0
429.42,9.78,0.0
429.49,9.78,0.0
429.55,9.78,0.0
429.62,9.78,0.0
429.69,9.78,0.0
429.75,9.78,0.0
429.82,9.78,0.0
429.89,9.78,0.0
429.95,9.78,0.0
430.02,9.78,0.0
430.09,9.78,0.0
430.15,9.78,0.0
430.22,9.78,0.0
430.29,9.78,0.0
430.35,9.78,0.0
430.42,9.78,0.0
430.49,9.78,0.0
430.55,9.78,0.0
430.62,9.78,0.0
430.69,9.78,0.0
430.76,9.78,0.0
430.83,9.78,0.0
430.9,9.78,0.0
430.96,9.78,0.0
431.03,9.78,0.0
431.1,9.78,0.0
431.16,9.78,0.0
431.23,9.78,0.0
431.3,9.78,0.0
431.36,9.78,0.0
431.43,9.78,0.0
431.5,9.78,0.0
431.56,9.78,0.0
431.63,9.78,0.0
431.7,9.78,0.0
431.76,9.78,0.0
431.83,9.78,0.0
431.9,9.78,0.0
431.96,9.78,0.0
432.03,9.78,0.0
432.1,9.78,0.0
432.16,9.78,0.0
432.23,9.78,0.0
432.3,9.78,0.0
432.36,9.78,0.0
432.43,9.78,0.0
432.5,9.78,0.0
432.56,9.78,0.0
432.63,9.78,0.0
432.7,9.78,0.0
432.77,9.78,0.0
432.83,9.78,0.0
432.9,9.78,0.0
432.97,9.78,0.0
433.03,9.78,0.0
433.1,9.78,0.0
433.17,9.78,0.0
433.23,9.78,0.0
433.3,9.78,0.0
433.37,9.78,0.0
433.44,9.78,0.0
433.5,9.78,0.0
433.57,9.78,0.0
433.64,9.78,0.0
433.7,9.78,0.0
433.77,9.78,0.0
433.84,9.78,0.0
433.9,9.78,0.0
433.97,9.78,0.0
434.04,9.78,0.0
434.11,9.78,0.0
434.17,9.78,0.0
434.24,9.78,0.0
434.31,9.78,0.0
434.38,9.78,0.0
434.45,9.78,0.0
434.51,9.78,0.0
434.58,9.78,0.0
434.65,9.78,0.0
434.71,9.78,0.0
434.78,9.78,0.0
434.84,9.78,0.0
434.91,9.78,0.0
434.98,9.78,0.0
435.04,9.78,0.0
435.11,9.78,0.0
435.17,9.78,0.0
435.24,9.78,0.0
435.31,9.78,0.0
435.38,9.78,0.0
435.44,9.78,0.0
435.51,9.78,0.0
435.58,9.78,0.0
435.64,9.78,0.0
435.72,9.78,0.0
435.78,9.78,0.0
435.85,9.78,0.0
435.92,9.78,0.0
435.98,9.78,0.0
436.05,9.78,0.0
436.11,9.78,0.0
436.18,9.78,0.0
436.25,9.78,0.0
436.31,9.78,0.0
436.38,9.78,0.0
436.45,9.78,0.0
436.51,9.78,0.0
436.58,9.78,0.0
436.65,9.78,0.0
436.71,9.78,0.0
436.78,9.78,0.0
436.85,9.78,0.0
436.91,9.78,0.0
436.98,9.78,0.0
437.04,9.78,0.0
437.11,9.78,0.0
437.18,9.78,0.0
437.24,9.78,0.0
437.31,9.78,0.0
437.38,9.78,0.0
437.44,9.78,0.0
437.51,9.78,0.0
437.58,9.78,0.0
437.64,9.78,0.0
437.71,9.78,0.0
437.78,9.78,0.0
437.84,9.78,0.0
437.91,9.78,0.0
437.97,9.78,0.0
438.04,9.78,0.0
438.11,9.78,0.0
438.17,9.78,0.0
438.24,9.78,0.0
438.31,9.78,0.0
438.37,9.78,0.0
438.44,9.78,0.0
438.51,9.78,0.0
438.57,9.78,0.0
438.64,9.78,0.0
438.71,9.78,0.0
438.77,9.78,0.0
438.84,9.78,0.0
438.91,9.78,0.0
438.97,9.78,0.0
439.04,9.78,0.0
439.11,9.78,0.0
439.17,9.78,0.0
439.24,9.78,0.0
439.31,9.78,0.0
439.38,9.78,0.0
439.44,9.78,0.0
439.51,9.78,0.0
439.58,9.78,0.0
439.64,9.78,0.0
439.71,9.78,0.0
439.78,9.78,0.0
439.84,9.78,0.0
439.91,9.78,0.0
439.98,9.78,0.0
440.04,9.78,0.0
440.11,9.78,0.0
440.18,9.78,0.0
440.24,9.78,0.0
440.31,9.78,0.0
440.38,9.78,0.0
440.44,9.78,0.0
440.51,9.78,0.0
440.58,9.78,0.0
440.64,9.78,0.0
440.71,9.78,0.0
440.78,9.78,0.0
440.84,9.78,0.0
440.91,9.78,0.0
440.98,9.78,0.0
441.04,9.78,0.0
441.11,9.78,0.0
441.18,9.78,0.0
441.25,9.78,0.0
441.31,9.78,0.0
441.38,9.78,0.0
441.45,9.78,0.0
441.51,9.78,0.0
441.58,9.78,0.0
441.65,9.78,0.0
441.71,9.78,0.0
441.78,9.78,0.0
441.85,9.78,0.0
441.91,9.78,0.0
441.98,9.78,0.0
442.05,9.78,0.0
442.12,9.78,0.0
442.18,9.78,0.0
442.25,9.78,0.0
442.32,9.78,0.0
442.39,9.78,0.0
442.46,9.78,0.0
442.52,9.78,0.0
442.59,9.78,0.0
442.66,9.78,0.0
442.72,9.78,0.0
442.79,9.78,0.0
442.86,9.78,0.0
442.92,9.78,0.0
442.99,9.78,0.0
443.05,9.78,0.0
443.12,9.78,0.0
443.19,9.78,0.0
443.25,9.78,0.0
443.32,9.78,0.0
443.39,9.78,0.0
443.45,9.78,0.0
443.52,9.78,0.0
443.59,9.78,0.0
443.65,9.78,0.0
443.72,9.78,0.0
443.79,9.78,0.0
443.85,9.78,0.0
443.92,9.78,0.0
443.98,9.78,0.0
444.05,9.78,0.0
444.12,9.78,0.0
444.18,9.78,0.0
444.25,9.78,0.0
444.32,9.78,0.0
444.38,9.78,0.0
444.45,9.78,0.0
444.52,9.78,0.0
444.58,9.78,0.0
444.65,9.78,0.0
444.72,9.78,0.0
444.78,9.78,0.0
444.85,9.78,0.0
444.92,9.78,0.0
444.98,9.78,0.0
445.05,9.78,0.0
445.12,9.78,0.0
445.18,9.78,0.0
445.25,9.78,0.0
445.32,9.78,0.0
445.38,9.78,0.0
445.45,9.78,0.0
445.52,9.78,0.0
445.58,9.78,0.0
445.65,9.78,0.0
445.71,9.78,0.0
445.78,9.78,0.0
445.85,9.78,0.0
445.91,9.78,0.0
445.98,9.78,0.0
446.05,9.78,0.0
446.11,9.78,0.0
446.18,9.78,0.0
446.25,9.78,0.0
446.31,9.78,0.0
446.38,9.78,0.0
446.45,9.78,0.0
446.52,9.78,0.0
446.58,9.78,0.0
446.65,9.78,0.0
446.72,9.78,0.0
446.78,9.78,0.0
446.85,9.78,0.0
446.92,9.78,0.0
446.98,9.78,0.0
447.05,9.78,0.0
447.12,9.78,0.0
447.18,9.78,0.0
447.25,9.78,0.0
447.32,9.78,0.0
447.39,9.78,0.0
447.45,9.78,0.0
447.52,9.78,0.0
447.59,9.78,0.0
447.65,9.78,0.0
447.72,9.78,0.0
447.79,9.78,0.0
447.85,9.78,0.0
447.92,9.78,0.0
447.99,9.78,0.0
448.05,9.78,0.0
448.12,9.78,0.0
448.19,9.78,0.0
448.25,9.78,0.0
448.32,9.78,0.0
448.39,9.78,0.0
448.45,9.78,0.0
448.52,9.78,0.0
448.59,9.78,0.0
448.65,9.78,0.0
448.72,9.78,0.0
448.79,9.78,0.0
448.87,9.78,0.0
448.93,9.78,0.0
449.0,9.78,0.0
449.06,9.78,0.0
449.13,9.78,0.0
449.2,9.78,0.0
449.26,9.78,0.0
449.33,9.78,0.0
449.4,9.78,0.0
449.46,9.78,0.0
449.53,9.78,0.0
449.59,9.78,0.0
449.66,9.78,0.0
449.73,9.78,0.0
449.79,9.78,0.0
449.86,9.78,0.0
449.92,9.78,0.0
449.99,9.78,0.0
450.06,9.78,0.0
450.12,9.78,0.0
450.19,9.78,0.0
450.26,9.78,0.0
450.32,9.78,0.0
450.39,9.78,0.0
450.46,9.78,0.0
450.52,9.78,0.0
450.59,9.78,0.0
450.66,9.78,0.0
450.72,9.78,0.0
450.79,9.78,0.0
450.86,9.78,0.0
450.92,9.78,0.0
450.99,9.78,0.0
451.06,9.78,0.0
451.12,9.78,0.0
451.19,9.78,0.0
451.25,9.78,0.0
451.32,9.78,0.0
451.39,9.78,0.0
451.45,9.78,0.0
451.52,9.78,0.0
451.59,9.78,0.0
451.65,9.78,0.0
451.72,9.78,0.0
451.79,9.78,0.0
451.85,9.78,0.0
451.92,9.78,0.0
451.99,9.78,0.0
452.05,9.78,0.0
452.12,9.78,0.0
452.19,9.78,0.0
452.25,9.78,0.0
452.32,9.78,0.0
452.39,9.78,0.0
452.45,9.78,0.0
452.52,9.78,0.0
452.59,9.78,0.0
452.65,9.78,0.0
452.72,9.78,0.0
452.79,9.78,0.0
452.85,9.78,0.0
452.92,9.78,0.0
452.99,9.78,0.0
453.05,9.78,0.0
453.12,9.78,0.0
453.19,9.78,0.0
453.25,9.78,0.0
453.32,9.78,0.0
453.39,9.78,0.0
453.45,9.78,0.0
453.52,9.78,0.0
453.59,9.78,0.0
453.65,9.78,0.0
453.72,9.78,0.0
453.79,9.78,0.0
453.85,9.78,0.0
453.92,9.78,0.0
453.99,9.78,0.0
454.06,9.78,0.0
454.12,9.78,0.0
454.19,9.78,0.0
454.26,9.78,0.0
454.32,9.78,0.0
454.39,9.78,0.0
454.46,9.78,0.0
454.53,9.78,0.0
454.59,9.78,0.0
454.66,9.78,0.0
454.73,9.78,0.0
454.79,9.78,0.0
454.86,9.78,0.0
454.93,9.78,0.0
454.99,9.78,0.0
455.06,9.78,0.0
455.13,9.78,0.0
455.2,9.78,0.0
455.26,9.78,0.0
455.33,9.78,0.0
455.4,9.78,0.0
455.47,9.78,0.0
455.54,9.78,0.0
455.61,9.78,0.0
455.67,9.78,0.0
455.74,9.78,0.0
455.8,9.78,0.0
455.87,9.78,0.0
455.94,9.78,0.0
456.0,9.78,0.0
456.07,9.78,0.0
456.14,9.78,0.0
456.2,9.78,0.0
456.27,9.78,0.0
456.33,9.78,0.0
456.4,9.78,0.0
456.47,9.78,0.0
456.54,9.78,0.0
456.6,9.78,0.0
456.67,9.78,0.0
456.73,9.78,0.0
456.8,9.78,0.0
456.87,9.78,0.0
456.93,9.78,0.0
457.0,9.78,0.0
457.07,9.78,0.0
457.13,9.78,0.0
457.2,9.78,0.0
457.26,9.78,0.0
457.33,9.78,0.0
457.4,9.78,0.0
457.46,9.78,0.0
457.53,9.78,0.0
457.6,9.78,0.0
457.66,9.78,0.0
457.73,9.78,0.0
457.8,9.78,0.0
457.86,9.78,0.0
457.93,9.78,0.0
458.0,9.78,0.0
458.06,9.78,0.0
458.13,9.78,0.0
458.19,9.78,0.0
458.26,9.78,0.0
458.33,9.78,0.0
458.4,9.78,0.0
458.46,9.78,0.0
458.53,9.78,0.0
458.6,9.78,0.0
458.66,9.78,0.0
458.73,9.78,0.0
458.79,9.78,0.0
458.86,9.78,0.0
458.93,9.78,0.0
459.0,9.78,0.0
459.06,9.78,0.0
459.13,9.78,0.0
459.2,9.78,0.0
459.26,9.78,0.0
459.33,9.78,0.0
459.4,9.78,0.0
459.47,9.78,0.0
459.53,9.78,0.0
459.6,9.78,0.0
459.67,9.78,0.0
459.73,9.78,0.0
459.8,9.78,0.0
459.87,9.78,0.0
459.93,9.78,0.0
460.0,9.78,0.0
460.07,9.78,0.0
460.13,9.78,0.0
460.2,9.78,0.0
460.27,9.78,0.0
460.33,9.78,0.0
460.4,9.78,0.0
460.47,9.78,0.0
460.54,9.78,0.0
460.6,9.78,0.0
460.67,9.78,0.0
460.74,9.78,0.0
460.81,9.78,0.0
460.87,9.78,0.0
460.94,9.78,0.0
461.01,9.78,0.0
461.07,9.78,0.0
461.14,9.78,0.0
461.21,9.78,0.0
461.27,9.78,0.0
461.34,9.78,0.0
461.41,9.78,0.0
461.48,9.78,0.0
461.55,9.78,0.0
461.61,9.78,0.0
461.68,9.78,0.0
461.75,9.78,0.0
461.81,9.78,0.0
461.88,9.78,0.0
461.95,9.78,0.0
462.01,9.78,0.0
462.09,9.78,0.0
462.16,9.78,0.0
462.22,9.78,0.0
462.29,9.78,0.0
462.35,9.78,0.0
462.42,9.78,0.0
462.49,9.78,0.0
462.55,9.78,0.0
462.62,9.78,0.0
462.69,9.78,0.0
462.75,9.78,0.0
462.82,9.78,0.0
462.89,9.78,0.0
462.95,9.78,0.0
463.02,9.78,0.0
463.08,9.78,0.0
463.15,9.78,0.0
463.22,9.78,0.0
463.28,9.78,0.0
463.35,9.78,0.0
463.42,9.78,0.0
463.48,9.78,0.0
463.55,9.78,0.0
463.62,9.78,0.0
463.68,9.78,0.0
463.75,9.78,0.0
463.81,9.78,0.0
463.88,9.78,0.0
463.95,9.78,0.0
464.01,9.78,0.0
464.08,9.78,0.0
464.15,9.78,0.0
464.21,9.78,0.0
464.28,9.78,0.0
464.35,9.78,0.0
464.41,9.78,0.0
464.48,9.78,0.0
464.55,9.78,0.0
464.61,9.78,0.0
464.68,9.78,0.0
464.75,9.78,0.0
464.81,9.78,0.0
464.88,9.78,0.0
464.94,9.78,0.0
465.01,9.78,0.0
465.08,9.78,0.0
465.14,9.78,0.0
465.21,9.78,0.0
465.28,9.78,0.0
465.34,9.78,0.0
465.41,9.78,0.0
465.48,9.78,0.0
465.54,9.78,0.0
465.61,9.78,0.0
465.68,9.78,0.0
465.74,9.78,0.0
465.81,9.78,0.0
465.88,9.78,0.0
465.95,9.78,0.0
466.01,9.78,0.0
466.08,9.78,0.0
466.15,9.78,0.0
466.21,9.78,0.0
466.28,9.78,0.0
466.35,9.78,0.0
466.41,9.78,0.0
466.48,9.78,0.0
466.55,9.78,0.0
466.62,9.78,0.0
466.68,9.78,0.0
466.75,9.78,0.0
466.82,9.78,0.0
466.88,9.78,0.0
466.95,9.78,0.0
467.02,9.78,0.0
467.09,9.78,0.0
467.15,9.78,0.0
467.22,9.78,0.0
467.29,9.78,0.0
467.36,9.78,0.0
467.42,9.78,0.0
467.49,9.78,0.0
467.56,9.78,0.0
467.62,9.78,0.0
467.69,9.78,0.0
467.76,9.78,0.0
467.82,9.78,0.0
467.89,9.78,0.0
467.96,9.78,0.0
468.02,9.78,0.0
468.09,9.78,0.0
468.16,9.78,0.0
468.23,9.78,0.0
468.29,9.78,0.0
468.36,9.78,0.0
468.43,9.78,0.0
468.49,9.78,0.0
468.56,9.78,0.0
468.63,9.78,0.0
468.7,9.78,0.0
468.77,9.78,0.0
468.84,9.78,0.0
468.9,9.78,0.0
468.97,9.78,0.0
469.04,9.78,0.0
469.1,9.78,0.0
469.17,9.78,0.0
469.24,9.78,0.0
469.3,9.78,0.0
469.37,9.78,0.0
469.43,9.78,0.0
469.5,9.78,0.0
469.57,9.78,0.0
469.63,9.78,0.0
469.7,9.78,0.0
469.77,9.78,0.0
469.83,9.78,0.0
469.9,9.78,0.0
469.97,9.78,0.0
470.03,9.78,0.0
470.1,9.78,0.0
470.17,9.78,0.0
470.23,9.78,0.0
470.3,9.78,0.0
470.37,9.78,0.0
470.43,9.78,0.0
470.5,9.78,0.0
470.57,9.78,0.0
470.63,9.78,0.0
470.7,9.78,0.0
470.77,9.78,0.0
470.83,9.78,0.0
470.9,9.78,0.0
470.97,9.78,0.0
471.03,9.78,0.0
471.1,9.78,0.0
471.17,9.78,0.0
471.23,9.78,0.0
471.3,9.78,0.0
471.37,9.78,0.0
471.43,9.78,0.0
471.5,9.78,0.0
471.56,9.78,0.0
471.63,9.78,0.0
471.7,9.78,0.0
471.76,9.78,0.0
471.83,9.78,0.0
471.9,9.78,0.0
471.96,9.78,0.0
472.03,9.78,0.0
472.1,9.78,0.0
472.16,9.78,0.0
472.23,9.78,0.0
472.3,9.78,0.0
472.36,9.78,0.0
472.43,9.78,0.0
472.5,9.78,0.0
472.56,9.78,0.0
472.63,9.78,0.0
472.7,9.78,0.0
472.76,9.78,0.0
472.83,9.78,0.0
472.9,9.78,0.0
472.96,9.78,0.0
473.03,9.78,0.0
473.1,9.78,0.0
473.17,9.78,0.0
473.23,9.78,0.0
473.3,9.78,0.0
473.37,9.78,0.0
473.43,9.78,0.0
473.5,9.78,0.0
473.57,9.78,0.0
473.63,9.78,0.0
473.7,9.78,0.0
473.77,9.78,0.0
473.84,9.78,0.0
473.9,9.78,0.0
473.97,9.78,0.0
474.04,9.78,0.0
474.1,9.78,0.0
474.17,9.78,0.0
474.24,9.78,0.0
474.3,9.78,0.0
474.37,9.78,0.0
474.44,9.78,0.0
474.5,9.78,0.0
474.57,9.78,0.0
474.64,9.78,0.0
474.71,9.78,0.0
474.77,9.78,0.0
474.84,9.78,0.0
474.91,9.78,0.0
474.98,9.78,0.0
475.04,9.78,0.0
475.11,9.78,0.0
475.18,9.78,0.0
475.25,9.78,0.0
475.32,9.78,0.0
475.39,9.78,0.0
475.45,9.78,0.0
475.52,9.78,0.0
475.58,9.78,0.0
475.65,9.78,0.0
475.72,9.78,0.0
475.78,9.78,0.0
475.85,9.78,0.0
475.92,9.78,0.0
475.98,9.78,0.0
476.05,9.78,0.0
476.12,9.78,0.0
476.18,9.78,0.0
476.25,9.78,0.0
476.31,9.78,0.0
476.38,9.78,0.0
476.45,9.78,0.0
476.51,9.78,0.0
476.58,9.78,0.0
476.66,9.78,0.0
476.72,9.78,0.0
476.79,9.78,0.0
476.86,9.78,0.0
476.92,9.78,0.0
476.99,9.78,0.0
477.05,9.78,0.0
477.12,9.78,0.0
477.19,9.78,0.0
477.25,9.78,0.0
477.32,9.78,0.0
477.39,9.78,0.0
477.45,9.78,0.0
477.52,9.78,0.0
477.59,9.78,0.0
477.65,9.78,0.0
477.72,9.78,0.0
477.79,9.78,0.0
477.85,9.78,0.0
477.92,9.78,0.0
477.99,9.78,0.0
478.05,9.78,0.0
478.12,9.78,0.0
478.19,9.78,0.0
478.25,9.78,0.0
478.32,9.78,0.0
478.38,9.78,0.0
478.45,9.78,0.0
478.52,9.78,0.0
478.58,9.78,0.0
478.65,9.78,0.0
478.72,9.78,0.0
478.78,9.78,0.0
478.85,9.78,0.0
478.92,9.78,0.0
478.98,9.78,0.0
479.05,9.78,0.0
479.12,9.78,0.0
479.18,9.78,0.0
479.25,9.78,0.0
479.32,9.78,0.0
479.38,9.78,0.0
479.45,9.78,0.0
479.52,9.78,0.0
479.58,9.78,0.0
479.65,9.78,0.0
479.72,9.78,0.0
479.78,9.78,0.0
479.85,9.78,0.0
479.92,9.78,0.0
479.98,9.78,0.0
480.05,9.78,0.0
480.12,9.78,0.0
480.18,9.78,0.0
480.25,9.78,0.0
480.32,9.78,0.0
480.38,9.78,0.0
480.45,9.78,0.0
480.52,9.78,0.0
480.59,9.78,0.0
480.65,9.78,0.0
480.72,9.78,0.0
480.79,9.78,0.0
480.85,9.78,0.0
480.92,9.78,0.0
480.99,9.78,0.0
481.05,9.78,0.0
481.12,9.78,0.0
481.19,9.78,0.0
481.25,9.78,0.0
481.32,9.78,0.0
481.39,9.78,0.0
481.45,9.78,0.0
481.52,9.78,0.0
481.59,9.78,0.0
481.65,9.78,0.0
481.72,9.78,0.0
481.79,9.78,0.0
481.86,9.78,0.0
481.92,9.78,0.0
481.99,9.78,0.0
482.06,9.78,0.0
482.12,9.78,0.0
482.19,9.78,0.0
482.26,9.78,0.0
482.32,9.78,0.0
482.39,9.78,0.0
482.46,9.78,0.0
482.52,9.78,0.0
482.59,9.78,0.0
482.66,9.78,0.0
482.73,9.78,0.0
482.79,9.78,0.0
482.86,9.78,0.0
482.93,9.78,0.0
482.99,9.78,0.0
483.06,9.78,0.0
483.13,9.78,0.0
483.2,9.78,0.0
483.27,9.78,0.0
483.33,9.78,0.0
483.4,9.78,0.0
483.47,9.78,0.0
483.53,9.78,0.0
483.6,9.78,0.0
483.67,9.78,0.0
483.73,9.78,0.0
483.8,9.78,0.0
483.87,9.78,0.0
483.93,9.78,0.0
484.0,9.78,0.0
484.06,9.78,0.0
484.13,9.78,0.0
484.2,9.78,0.0
484.26,9.78,0.0
484.33,9.78,0.0
484.39,9.78,0.0
484.46,9.78,0.0
484.53,9.78,0.0
484.59,9.78,0.0
484.66,9.78,0.0
484.73,9.78,0.0
484.79,9.78,0.0
484.86,9.78,0.0
484.93,9.78,0.0
484.99,9.78,0.0
485.06,9.78,0.0
485.13,9.78,0.0
485.19,9.78,0.0
485.26,9.78,0.0
485.32,9.78,0.0
485.39,9.78,0.0
485.46,9.78,0.0
485.52,9.78,0.0
485.59,9.78,0.0
485.66,9.78,0.0
485.72,9.78,0.0
485.79,9.78,0.0
485.86,9.78,0.0
485.92,9.78,0.0
485.99,9.78,0.0
486.06,9.78,0.0
486.12,9.78,0.0
486.19,9.78,0.0
486.26,9.78,0.0
486.32,9.78,0.0
486.39,9.78,0.0
486.46,9.78,0.0
486.52,9.78,0.0
486.59,9.78,0.0
486.66,9.78,0.0
486.72,9.78,0.0
486.79,9.78,0.0
486.86,9.78,0.0
486.92,9.78,0.0
486.99,9.78,0.0
487.06,9.78,0.0
487.12,9.78,0.0
487.19,9.78,0.0
487.26,9.78,0.0
487.33,9.78,0.0
487.39,9.78,0.0
487.46,9.78,0.0
487.53,9.78,0.0
487.59,9.78,0.0
487.66,9.78,0.0
487.73,9.78,0.0
487.79,9.78,0.0
487.86,9.78,0.0
487.93,9.78,0.0
487.99,9.78,0.0
488.06,9.78,0.0
488.13,9.78,0.0
488.19,9.78,0.0
488.26,9.78,0.0
488.33,9.78,0.0
488.4,9.78,0.0
488.46,9.78,0.0
488.53,9.78,0.0
488.6,9.78,0.0
488.66,9.78,0.0
488.73,9.78,0.0
488.8,9.78,0.0
488.86,9.78,0.0
488.93,9.78,0.0
489.0,9.78,0.0
489.07,9.78,0.0
489.13,9.78,0.0
489.2,9.78,0.0
489.27,9.78,0.0
489.33,9.78,0.0
489.4,9.78,0.0
489.47,9.78,0.0
489.54,9.78,0.0
489.6,9.78,0.0
489.67,9.78,0.0
489.74,9.78,0.0
489.8,9.78,0.0
489.87,9.78,0.0
489.94,9.78,0.0
490.01,9.78,0.0
490.08,9.78,0.0
490.14,9.78,0.0
490.21,9.78,0.0
490.28,9.78,0.0
490.34,9.78,0.0
490.41,9.78,0.0
490.48,9.78,0.0
490.54,9.78,0.0
490.61,9.78,0.0
490.67,9.78,0.0
490.74,9.78,0.0
490.81,9.78,0.0
490.87,9.78,0.0
490.94,9.78,0.0
491.01,9.78,0.0
491.07,9.78,0.0
491.14,9.78,0.0
491.21,9.78,0.0
491.27,9.78,0.0
491.34,9.78,0.0
491.41,9.78,0.0
491.47,9.78,0.0
491.54,9.78,0.0
491.6,9.78,0.0
491.67,9.78,0.0
491.74,9.78,0.0
491.8,9.78,0.0
491.87,9.78,0.0
491.94,9.78,0.0
492.0,9.78,0.0
492.07,9.78,0.0
492.14,9.78,0.0
492.2,9.78,0.0
492.27,9.78,0.0
492.34,9.78,0.0
492.4,9.78,0.0
492.47,9.78,0.0
492.54,9.78,0.0
492.6,9.78,0.0
492.67,9.78,0.0
492.74,9.78,0.0
492.8,9.78,0.0
492.87,9.78,0.0
492.94,9.78,0.0
493.0,9.78,0.0
493.07,9.78,0.0
493.14,9.78,0.0
493.2,9.78,0.0
493.27,9.78,0.0
493.34,9.78,0.0
493.41,9.78,0.0
493.47,9.78,0.0
493.54,9.78,0.0
493.61,9.78,0.0
493.67,9.78,0.0
493.74,9.78,0.0
493.81,9.78,0.0
493.87,9.78,0.0
493.94,9.78,0.0
494.01,9.78,0.0
494.07,9.78,0.0
494.14,9.78,0.0
494.21,9.78,0.0
494.27,9.78,0.0
494.34,9.78,0.0
494.41,9.78,0.0
494.47,9.78,0.0
494.54,9.78,0.0
494.61,9.78,0.0
494.67,9.78,0.0
494.74,9.78,0.0
494.81,9.78,0.0
494.88,9.78,0.0
494.94,9.78,0.0
495.01,9.78,0.0
495.08,9.78,0.0
495.14,9.78,0.0
495.21,9.78,0.0
495.28,9.78,0.0
495.34,9.78,0.0
495.41,9.78,0.0
495.48,9.78,0.0
495.55,9.78,0.0
495.61,9.78,0.0
495.68,9.78,0.0
495.75,9.78,0.0
495.81,9.78,0.0
495.88,9.78,0.0
495.95,9.78,0.0
496.01,9.78,0.0
496.08,9.78,0.0
496.15,9.78,0.0
496.21,9.78,0.0
496.28,9.78,0.0
496.35,9.78,0.0
496.41,9.78,0.0
496.48,9.78,0.0
496.55,9.78,0.0
496.62,9.78,0.0
496.69,9.78,0.0
496.75,9.78,0.0
496.82,9.78,0.0
496.89,9.78,0.0
496.95,9.78,0.0
497.02,9.78,0.0
497.09,9.78,0.0
497.15,9.78,0.0
497.22,9.78,0.0
497.29,9.78,0.0
497.35,9.78,0.0
497.42,9.78,0.0
497.49,9.78,0.0
497.55,9.78,0.0
497.62,9.78,0.0
497.68,9.78,0.0
497.75,9.78,0.0
497.82,9.78,0.0
497.88,9.78,0.0
497.95,9.78,0.0
498.02,9.78,0.0
498.08,9.78,0.0
498.15,9.78,0.0
498.22,9.78,0.0
498.28,9.78,0.0
498.35,9.78,0.0
498.42,9.78,0.0
498.48,9.78,0.0
498.55,9.78,0.0
498.62,9.78,0.0
498.68,9.78,0.0
498.75,9.78,0.0
498.81,9.78,0.0
498.88,9.78,0.0
498.95,9.78,0.0
499.02,9.78,0.0
499.08,9.78,0.0
499.15,9.78,0.0
499.22,9.78,0.0
499.28,9.78,0.0
499.35,9.78,0.0
499.42,9.78,0.0
499.48,9.78,0.0
499.55,9.78,0.0
499.62,9.78,0.0
499.68,9.78,0.0
499.75,9.78,0.0
499.82,9.78,0.0
499.88,9.78,0.0
499.95,9.78,0.0
500.02,9.78,0.0
500.08,9.78,0.0
500.15,9.78,0.0
500.22,9.78,0.0
500.28,9.78,0.0
500.35,9.78,0.0
500.42,9.78,0.0
500.49,9.78,0.0
500.55,9.78,0.0
500.62,9.78,0.0
500.69,9.78,0.0
500.75,9.78,0.0
500.82,9.78,0.0
500.89,9.78,0.0
500.95,9.78,0.0
501.02,9.78,0.0
501.09,9.78,0.0
501.15,9.78,0.0
501.22,9.78,0.0
501.29,9.78,0.0
501.35,9.78,0.0
501.42,9.78,0.0
501.49,9.78,0.0
501.55,9.78,0.0
501.62,9.78,0.0
501.69,9.78,0.0
501.76,9.78,0.0
501.82,9.78,0.0
501.89,9.78,0.0
501.96,9.78,0.0
502.03,9.78,0.0
502.09,9.78,0.0
502.16,9.78,0.0
502.23,9.78,0.0
502.29,9.78,0.0
502.36,9.78,0.0
502.43,9.78,0.0
502.49,9.78,0.0
502.56,9.78,0.0
502.63,9.78,0.0
502.69,9.78,0.0
502.76,9.78,0.0
502.83,9.78,0.0
502.9,9.78,0.0
502.96,9.78,0.0
503.03,9.78,0.0
503.1,9.78,0.0
503.17,9.78,0.0
503.24,9.78,0.0
503.31,9.78,0.0
503.37,9.78,0.0
503.44,9.78,0.0
503.5,9.78,0.0
503.57,9.78,0.0
503.64,9.78,0.0
503.7,9.78,0.0
503.77,9.78,0.0
503.84,9.78,0.0
503.9,9.78,0.0
503.97,9.78,0.0
504.03,9.78,0.0
504.1,9.78,0.0
504.17,9.78,0.0
504.23,9.78,0.0
504.3,9.78,0.0
504.37,9.78,0.0
504.43,9.78,0.0
504.5,9.78,0.0
504.57,9.78,0.0
504.63,9.78,0.0
504.7,9.78,0.0
504.77,9.78,0.0
504.83,9.78,0.0
504.9,9.78,0.0
504.97,9.78,0.0
505.03,9.78,0.0
505.1,9.78,0.0
505.17,9.78,0.0
505.23,9.78,0.0
505.3,9.78,0.0
505.37,9.78,0.0
505.43,9.78,0.0
505.5,9.78,0.0
505.57,9.78,0.0
505.63,9.78,0.0
505.7,9.78,0.0
505.77,9.78,0.0
505.83,9.78,0.0
505.9,9.78,0.0
505.97,9.78,0.0
506.03,9.78,0.0
506.1,9.78,0.0
506.17,9.78,0.0
506.23,9.78,0.0
506.3,9.78,0.0
506.37,9.78,0.0
506.43,9.78,0.0
506.5,9.78,0.0
506.57,9.78,0.0
506.63,9.78,0.0
506.7,9.78,0.0
506.77,9.78,0.0
506.83,9.78,0.0
506.9,9.78,0.0
506.97,9.78,0.0
507.03,9.78,0.0
507.1,9.78,0.0
507.17,9.78,0.0
507.23,9.78,0.0
507.3,9.78,0.0
507.37,9.78,0.0
507.43,9.78,0.0
507.5,9.78,0.0
507.57,9.78,0.0
507.64,9.78,0.0
507.7,9.78,0.0
507.77,9.78,0.0
507.84,9.78,0.0
507.9,9.78,0.0
507.97,9.78,0.0
508.04,9.78,0.0
508.1,9.78,0.0
508.17,9.78,0.0
508.24,9.78,0.0
508.3,9.78,0.0
508.37,9.78,0.0
508.44,9.78,0.0
508.5,9.78,0.0
508.57,9.78,0.0
508.64,9.78,0.0
508.71,9.78,0.0
508.77,9.78,0.0
508.84,9.78,0.0
508.91,9.78,0.0
508.97,9.78,0.0
509.04,9.78,0.0
509.11,9.78,0.0
509.17,9.78,0.0
509.24,9.78,0.0
509.31,9.78,0.0
509.38,9.78,0.0
509.44,9.78,0.0
509.51,9.78,0.0
509.59,9.78,0.0
509.66,9.78,0.0
509.72,9.78,0.0
509.79,9.78,0.0
509.85,9.78,0.0
509.92,9.78,0.0
509.99,9.78,0.0
510.05,9.78,0.0
510.12,9.78,0.0
510.19,9.78,0.0
510.25,9.78,0.0
510.32,9.78,0.0
510.38,9.78,0.0
510.45,9.78,0.0
510.52,9.78,0.0
510.58,9.78,0.0
510.65,9.78,0.0
510.72,9.78,0.0
510.78,9.78,0.0
510.85,9.78,0.0
510.92,9.78,0.0
510.98,9.78,0.0
511.05,9.78,0.0
511.11,9.78,0.0
511.18,9.78,0.0
511.25,9.78,0.0
511.31,9.78,0.0
511.38,9.78,0.0
511.45,9.78,0.0
511.51,9.78,0.0
511.58,9.78,0.0
511.65,9.78,0.0
511.71,9.78,0.0
511.78,9.78,0.0
511.84,9.78,0.0
511.91,9.78,0.0
511.98,9.78,0.0
512.04,9.78,0.0
512.11,9.78,0.0
512.18,9.78,0.0
512.24,9.78,0.0
512.31,9.78,0.0
512.38,9.78,0.0
512.45,9.78,0.0
512.51,9.78,0.0
512.58,9.78,0.0
512.65,9.78,0.0
512.71,9.78,0.0
512.78,9.78,0.0
512.85,9.78,0.0
512.91,9.78,0.0
512.98,9.78,0.0
513.05,9.78,0.0
513.11,9.78,0.0
513.18,9.78,0.0
513.25,9.78,0.0
513.31,9.78,0.0
513.38,9.78,0.0
513.45,9.78,0.0
513.51,9.78,0.0
513.58,9.78,0.0
513.65,9.78,0.0
513.71,9.78,0.0
513.78,9.78,0.0
513.85,9.78,0.0
513.91,9.78,0.0
513.98,9.78,0.0
514.05,9.78,0.0
514.12,9.78,0.0
514.18,9.78,0.0
514.25,9.78,0.0
514.32,9.78,0.0
514.38,9.78,0.0
514.45,9.78,0.0
514.52,9.78,0.0
514.58,9.78,0.0
514.65,9.78,0.0
514.72,9.78,0.0
514.79,9.78,0.0
514.85,9.78,0.0
514.92,9.78,0.0
514.99,9.78,0.0
515.05,9.78,0.0
515.12,9.78,0.0
515.19,9.78,0.0
515.25,9.78,0.0
515.32,9.78,0.0
515.39,9.78,0.0
515.46,9.78,0.0
515.52,9.78,0.0
515.59,9.78,0.0
515.66,9.78,0.0
515.72,9.78,0.0
515.79,9.78,0.0
515.86,9.78,0.0
515.93,9.78,0.0
515.99,9.78,0.0
516.06,9.78,0.0
516.13,9.78,0.0
516.19,9.78,0.0
516.27,9.78,0.0
516.33,9.78,0.0
516.4,9.78,0.0
516.47,9.78,0.0
516.53,9.78,0.0
516.6,9.78,0.0
516.67,9.78,0.0
516.73,9.78,0.0
516.8,9.78,0.0
516.87,9.78,0.0
516.93,9.78,0.0
517.0,9.78,0.0
517.06,9.78,0.0
517.13,9.78,0.0
517.2,9.78,0.0
517.27,9.78,0.0
517.33,9.78,0.0
517.4,9.78,0.0
517.46,9.78,0.0
517.53,9.78,0.0
517.6,9.78,0.0
517.67,9.78,0.0
517.74,9.78,0.0
517.81,9.78,0.0
517.87,9.78,0.0
517.94,9.78,0.0
518.0,9.78,0.0
518.07,9.78,0.0
518.14,9.78,0.0
518.2,9.78,0.0
518.27,9.78,0.0
518.34,9.78,0.0
518.4,9.78,0.0
518.47,9.78,0.0
518.53,9.78,0.0
518.6,9.78,0.0
518.67,9.78,0.0
518.73,9.78,0.0
518.8,9.78,0.0
518.87,9.78,0.0
518.93,9.78,0.0
519.0,9.78,0.0
519.06,9.78,0.0
519.13,9.78,0.0
519.2,9.78,0.0
519.26,9.78,0.0
519.33,9.78,0.0
519.4,9.78,0.0
519.46,9.78,0.0
519.53,9.78,0.0
519.6,9.78,0.0
519.66,9.78,0.0
519.73,9.78,0.0
519.79,9.78,0.0
519.86,9.78,0.0
519.93,9.78,0.0
519.99,9.78,0.0
520.06,9.78,0.0
520.13,9.78,0.0
520.19,9.78,0.0
520.26,9.78,0.0
520.33,9.78,0.0
520.39,9.78,0.0
520.46,9.78,0.0
520.53,9.78,0.0
520.59,9.78,0.0
520.66,9.78,0.0
520.73,9.78,0.0
520.79,9.78,0.0
520.86,9.78,0.0
520.93,9.78,0.0
520.99,9.78,0.0
521.06,9.78,0.0
521.13,9.78,0.0
521.19,9.78,0.0
521.26,9.78,0.0
521.33,9.78,0.0
521.39,9.78,0.0
521.46,9.78,0.0
521.53,9.78,0.0
521.59,9.78,0.0
521.66,9.78,0.0
521.73,9.78,0.0
521.79,9.78,0.0
521.86,9.78,0.0
521.93,9.78,0.0
521.99,9.78,0.0
522.06,9.78,0.0
522.13,9.78,0.0
522.19,9.78,0.0
522.26,9.78,0.0
522.33,9.78,0.0
522.39,9.78,0.0
522.46,9.78,0.0
522.53,9.78,0.0
522.59,9.78,0.0
522.66,9.78,0.0
522.73,9.78,0.0
522.8,9.78,0.0
522.86,9.78,0.0
522.93,9.78,0.0
523.0,9.78,0.0
523.06,9.78,0.0
523.13,9.78,0.0
523.2,9.78,0.0
523.26,9.78,0.0
523.33,9.78,0.0
523.4,9.78,0.0
523.47,9.78,0.0
523.53,9.78,0.0
523.6,9.78,0.0
523.67,9.78,0.0
523.73,9.78,0.0
523.8,9.78,0.0
523.87,9.78,0.0
523.94,9.78,0.0
524.0,9.78,0.0
524.07,9.78,0.0
524.14,9.78,0.0
524.21,9.78,0.0
524.27,9.78,0.0
524.35,9.78,0.0
524.41,9.78,0.0
524.48,9.78,0.0
524.54,9.78,0.0
524.61,9.78,0.0
524.68,9.78,0.0
524.74,9.78,0.0
524.81,9.78,0.0
524.88,9.78,0.0
524.94,9.78,0.0
525.01,9.78,0.0
525.08,9.78,0.0
525.14,9.78,0.0
525.21,9.78,0.0
525.27,9.78,0.0
525.34,9.78,0.0
525.41,9.78,0.0
525.47,9.78,0.0
525.54,9.78,0.0
525.61,9.78,0.0
525.67,9.78,0.0
525.74,9.78,0.0
525.8,9.78,0.0
525.87,9.78,0.0
525.94,9.78,0.0
526.0,9.78,0.0
526.07,9.78,0.0
526.14,9.78,0.0
526.2,9.78,0.0
526.27,9.78,0.0
526.34,9.78,0.0
526.4,9.78,0.0
526.47,9.78,0.0
526.54,9.78,0.0
526.6,9.78,0.0
526.67,9.78,0.0
526.73,9.78,0.0
526.8,9.78,0.0
526.87,9.78,0.0
526.93,9.78,0.0
527.0,9.78,0.0
527.07,9.78,0.0
527.13,9.78,0.0
527.2,9.78,0.0
527.27,9.78,0.0
527.33,9.78,0.0
527.4,9.78,0.0
527.47,9.78,0.0
527.53,9.78,0.0
527.6,9.78,0.0
527.67,9.78,0.0
527.73,9.78,0.0
527.8,9.78,0.0
527.87,9.78,0.0
527.93,9.78,0.0
528.0,9.78,0.0
528.07,9.78,0.0
528.13,9.78,0.0
528.2,9.78,0.0
528.27,9.78,0.0
528.33,9.78,0.0
528.4,9.78,0.0
528.47,9.78,0.0
528.53,9.78,0.0
528.6,9.78,0.0
528.67,9.78,0.0
528.74,9.78,0.0
528.8,9.78,0.0
528.87,9.78,0.0
528.94,9.78,0.0
529.0,9.78,0.0
529.07,9.78,0.0
529.14,9.78,0.0
529.2,9.78,0.0
529.27,9.78,0.0
529.34,9.78,0.0
529.4,9.78,0.0
529.47,9.78,0.0
529.54,9.78,0.0
529.6,9.78,0.0
529.67,9.78,0.0
529.74,9.78,0.0
529.81,9.78,0.0
529.87,9.78,0.0
529.94,9.78,0.0
530.01,9.78,0.0
530.07,9.78,0.0
530.14,9.78,0.0
530.21,9.78,0.0
530.27,9.78,0.0
530.34,9.78,0.0
530.41,9.78,0.0
530.47,9.78,0.0
530.54,9.78,0.0
530.61,9.78,0.0
530.68,9.78,0.0
530.74,9.78,0.0
530.81,9.78,0.0
530.88,9.78,0.0
530.94,9.78,0.0
531.01,9.78,0.0
531.09,9.78,0.0
531.15,9.78,0.0
531.22,9.78,0.0
531.29,9.78,0.0
531.35,9.78,0.0
531.42,9.78,0.0
531.48,9.78,0.0
531.55,9.78,0.0
531.62,9.78,0.0
531.68,9.78,0.0
531.75,9.78,0.0
531.82,9.78,0.0
531.88,9.78,0.0
531.95,9.78,0.0
532.01,9.78,0.0
532.08,9.78,0.0
532.15,9.78,0.0
532.21,9.78,0.0
532.28,9.78,0.0
532.35,9.78,0.0
532.41,9.78,0.0
532.48,9.78,0.0
532.54,9.78,0.0
532.61,9.78,0.0
532.68,9.78,0.0
532.75,9.78,0.0
532.81,9.78,0.0
532.88,9.78,0.0
532.94,9.78,0.0
533.01,9.78,0.0
533.08,9.78,0.0
533.14,9.78,0.0
533.21,9.78,0.0
533.28,9.78,0.0
533.34,9.78,0.0
533.41,9.78,0.0
533.48,9.78,0.0
533.54,9.78,0.0
533.61,9.78,0.0
533.68,9.78,0.0
533.74,9.78,0.0
533.81,9.78,0.0
533.88,9.78,0.0
533.94,9.78,0.0
534.01,9.78,0.0
534.08,9.78,0.0
534.14,9.78,0.0
534.21,9.78,0.0
534.28,9.78,0.0
534.34,9.78,0.0
534.41,9.78,0.0
534.48,9.78,0.0
534.54,9.78,0.0
534.61,9.78,0.0
534.68,9.78,0.0
534.74,9.78,0.0
534.81,9.78,0.0
534.88,9.78,0.0
534.94,9.78,0.0
535.01,9.78,0.0
535.08,9.78,0.0
535.14,9.78,0.0
535.21,9.78,0.0
535.27,9.78,0.0
535.34,9.78,0.0
535.41,9.78,0.0
535.47,9.78,0.0
535.54,9.78,0.0
535.61,9.78,0.0
535.68,9.78,0.0
535.74,9.78,0.0
535.81,9.78,0.0
535.88,9.78,0.0
535.94,9.78,0.0
536.01,9.78,0.0
536.08,9.78,0.0
536.14,9.78,0.0
536.21,9.78,0.0
536.28,9.78,0.0
536.35,9.78,0.0
536.41,9.78,0.0
536.48,9.78,0.0
536.55,9.78,0.0
536.61,9.78,0.0
536.68,9.78,0.0
536.75,9.78,0.0
536.82,9.78,0.0
536.88,9.78,0.0
536.95,9.78,0.0
537.02,9.78,0.0
537.08,9.78,0.0
537.15,9.78,0.0
537.22,9.78,0.0
537.28,9.78,0.0
537.35,9.78,0.0
537.42,9.78,0.0
537.49,9.78,0.0
537.56,9.78,0.0
537.63,9.78,0.0
537.69,9.78,0.0
537.76,9.78,0.0
537.82,9.78,0.0
537.89,9.78,0.0
537.96,9.78,0.0
538.02,9.78,0.0
538.09,9.78,0.0
538.15,9.78,0.0
538.22,9.78,0.0
538.29,9.78,0.0
538.35,9.78,0.0
538.42,9.78,0.0
538.49,9.78,0.0
538.55,9.78,0.0
538.62,9.78,0.0
538.69,9.78,0.0
538.75,9.78,0.0
538.82,9.78,0.0
538.88,9.78,0.0
538.95,9.78,0.0
539.02,9.78,0.0
539.08,9.78,0.0
539.15,9.78,0.0
539.22,9.78,0.0
539.28,9.78,0.0
539.35,9.78,0.0
539.41,9.78,0.0
539.48,9.78,0.0
539.55,9.78,0.0
539.62,9.78,0.0
539.68,9.78,0.0
539.75,9.78,0.0
539.81,9.78,0.0
539.88,9.78,0.0
539.95,9.78,0.0
540.01,9.78,0.0
540.08,9.78,0.0
540.15,9.78,0.0
540.21,9.78,0.0
540.28,9.78,0.0
540.35,9.78,0.0
540.41,9.78,0.0
540.48,9.78,0.0
540.55,9.78,0.0
540.61,9.78,0.0
540.68,9.78,0.0
540.75,9.78,0.0
540.81,9.78,0.0
540.88,9.78,0.0
540.95,9.78,0.0
541.01,9.78,0.0
541.08,9.78,0.0
541.15,9.78,0.0
541.21,9.78,0.0
541.28,9.78,0.0
541.34,9.78,0.0
541.41,9.78,0.0
541.48,9.78,0.0
541.55,9.78,0.0
541.61,9.78,0.0
541.68,9.78,0.0
541.75,9.78,0.0
541.81,9.78,0.0
541.88,9.78,0.0
541.95,9.78,0.0
542.01,9.78,0.0
542.08,9.78,0.0
542.15,9.78,0.0
542.21,9.78,0.0
542.28,9.78,0.0
542.35,9.78,0.0
542.41,9.78,0.0
542.48,9.78,0.0
542.55,9.78,0.0
542.62,9.78,0.0
542.68,9.78,0.0
542.75,9.78,0.0
542.82,9.78,0.0
542.88,9.78,0.0
542.95,9.78,0.0
543.02,9.78,0.0
543.08,9.78,0.0
543.15,9.78,0.0
543.22,9.78,0.0
543.28,9.78,0.0
543.35,9.78,0.0
543.42,9.78,0.0
543.49,9.78,0.0
543.55,9.78,0.0
543.62,9.78,0.0
543.69,9.78,0.0
543.75,9.78,0.0
543.82,9.78,0.0
543.89,9.78,0.0
543.96,9.78,0.0
544.03,9.78,0.0
544.1,9.78,0.0
544.16,9.78,0.0
544.23,9.78,0.0
544.3,9.78,0.0
544.37,9.78,0.0
544.43,9.78,0.0
544.5,9.78,0.0
544.57,9.78,0.0
544.63,9.78,0.0
544.7,9.78,0.0
544.77,9.78,0.0
544.83,9.78,0.0
544.9,9.78,0.0
544.96,9.78,0.0
545.03,9.78,0.0
545.1,9.78,0.0
545.16,9.78,0.0
545.23,9.78,0.0
545.3,9.78,0.0
545.36,9.78,0.0
545.43,9.78,0.0
545.5,9.78,0.0
545.56,9.78,0.0
545.63,9.78,0.0
545.69,9.78,0.0
545.76,9.78,0.0
545.83,9.78,0.0
545.89,9.78,0.0
545.96,9.78,0.0
546.03,9.78,0.0
546.09,9.78,0.0
546.16,9.78,0.0
546.23,9.78,0.0
546.29,9.78,0.0
546.36,9.78,0.0
546.43,9.78,0.0
546.49,9.78,0.0
546.56,9.78,0.0
546.63,9.78,0.0
546.69,9.78,0.0
546.76,9.78,0.0
546.83,9.78,0.0
546.89,9.78,0.0
546.96,9.78,0.0
547.03,9.78,0.0
547.09,9.78,0.0
547.16,9.78,0.0
547.23,9.78,0.0
547.29,9.78,0.0
547.36,9.78,0.0
547.43,9.78,0.0
547.49,9.78,0.0
547.56,9.78,0.0
547.63,9.78,0.0
547.69,9.78,0.0
547.76,9.78,0.0
547.83,9.78,0.0
547.89,9.78,0.0
547.96,9.78,0.0
548.03,9.78,0.0
548.09,9.78,0.0
548.16,9.78,0.0
548.23,9.78,0.0
548.29,9.78,0.0
548.36,9.78,0.0
548.43,9.78,0.0
548.5,9.78,0.0
548.56,9.78,0.0
548.63,9.78,0.0
548.7,9.78,0.0
548.77,9.78,0.0
548.83,9.78,0.0
548.9,9.78,0.0
548.97,9.78,0.0
549.03,9.78,0.0
549.1,9.78,0.0
549.17,9.78,0.0
549.24,9.78,0.0
549.3,9.78,0.0
549.37,9.78,0.0
549.44,9.78,0.0
549.5,9.78,0.0
549.57,9.78,0.0
549.64,9.78,0.0
549.71,9.78,0.0
549.77,9.78,0.0
549.84,9.78,0.0
549.91,9.78,0.0
549.97,9.78,0.0
550.04,9.78,0.0
550.11,9.78,0.0
550.18,9.78,0.0
550.24,9.78,0.0
550.31,9.78,0.0
550.38,9.78,0.0
550.45,9.78,0.0
550.51,9.78,0.0
550.58,9.78,0.0
550.65,9.78,0.0
550.72,9.78,0.0
550.79,9.78,0.0
550.85,9.78,0.0
550.92,9.78,0.0
550.98,9.78,0.0
551.05,9.78,0.0
551.12,9.78,0.0
551.18,9.78,0.0
551.25,9.78,0.0
551.32,9.78,0.0
551.39,9.78,0.0
551.45,9.78,0.0
551.52,9.78,0.0
551.58,9.78,0.0
551.65,9.78,0.0
551.72,9.78,0.0
551.78,9.78,0.0
551.85,9.78,0.0
551.92,9.78,0.0
551.98,9.78,0.0
552.05,9.78,0.0
552.11,9.78,0.0
552.18,9.78,0.0
552.25,9.78,0.0
552.32,9.78,0.0
552.38,9.78,0.0
552.45,9.78,0.0
552.51,9.78,0.0
552.58,9.78,0.0
552.65,9.78,0.0
552.71,9.78,0.0
552.78,9.78,0.0
552.85,9.78,0.0
552.91,9.78,0.0
552.98,9.78,0.0
553.05,9.78,0.0
553.11,9.78,0.0
553.18,9.78,0.0
553.25,9.78,0.0
553.31,9.78,0.0
553.38,9.78,0.0
553.45,9.78,0.0
553.51,9.78,0.0
553.58,9.78,0.0
553.64,9.78,0.0
553.71,9.78,0.0
553.78,9.78,0.0
553.84,9.78,0.0
553.91,9.78,0.0
553.98,9.78,0.0
554.04,9.78,0.0
554.11,9.78,0.0
554.18,9.78,0.0
554.24,9.78,0.0
554.31,9.78,0.0
554.38,9.78,0.0
554.44,9.78,0.0
554.51,9.78,0.0
554.58,9.78,0.0
554.64,9.78,0.0
554.71,9.78,0.0
554.78,9.78,0.0
554.84,9.78,0.0
554.91,9.78,0.0
554.97,9.78,0.0
555.04,9.78,0.0
555.11,9.78,0.0
555.18,9.78,0.0
555.24,9.78,0.0
555.31,9.78,0.0
555.38,9.78,0.0
555.44,9.78,0.0
555.51,9.78,0.0
555.58,9.78,0.0
555.64,9.78,0.0
555.71,9.78,0.0
555.78,9.78,0.0
555.84,9.78,0.0
555.91,9.78,0.0
555.98,9.78,0.0
556.04,9.78,0.0
556.11,9.78,0.0
556.18,9.78,0.0
556.24,9.78,0.0
556.31,9.78,0.0
556.38,9.78,0.0
556.44,9.78,0.0
556.51,9.78,0.0
556.58,9.78,0.0
556.64,9.78,0.0
556.71,9.78,0.0
556.78,9.78,0.0
556.84,9.78,0.0
556.91,9.78,0.0
556.98,9.78,0.0
557.05,9.78,0.0
557.11,9.78,0.0
557.18,9.78,0.0
557.25,9.78,0.0
557.31,9.78,0.0
557.38,9.78,0.0
557.45,9.78,0.0
557.52,9.78,0.0
557.59,9.78,0.0
557.65,9.78,0.0
557.72,9.78,0.0
557.78,9.78,0.0
557.85,9.78,0.0
557.92,9.78,0.0
557.98,9.78,0.0
558.05,9.78,0.0
558.12,9.78,0.0
558.18,9.78,0.0
558.25,9.78,0.0
558.31,9.78,0.0
558.38,9.78,0.0
558.45,9.78,0.0
558.51,9.78,0.0
558.58,9.78,0.0
558.65,9.78,0.0
558.71,9.78,0.0
558.78,9.78,0.0
558.85,9.78,0.0
558.92,9.78,0.0
558.99,9.78,0.0
559.05,9.78,0.0
559.12,9.78,0.0
559.18,9.78,0.0
559.25,9.78,0.0
559.32,9.78,0.0
559.38,9.78,0.0
559.45,9.78,0.0
559.52,9.78,0.0
559.58,9.78,0.0
559.65,9.78,0.0
559.72,9.78,0.0
559.78,9.78,0.0
559.85,9.78,0.0
559.91,9.78,0.0
559.98,9.78,0.0
560.05,9.78,0.0
560.11,9.78,0.0
560.18,9.78,0.0
560.25,9.78,0.0
560.31,9.78,0.0
560.38,9.78,0.0
560.45,9.78,0.0
560.51,9.78,0.0
560.58,9.78,0.0
560.65,9.78,0.0
560.71,9.78,0.0
560.78,9.78,0.0
560.84,9.78,0.0
560.91,9.78,0.0
560.98,9.78,0.0
561.04,9.78,0.0
561.11,9.78,0.0
561.18,9.78,0.0
561.24,9.78,0.0
561.31,9.78,0.0
561.38,9.78,0.0
561.44,9.78,0.0
561.51,9.78,0.0
561.58,9.78,0.0
561.64,9.78,0.0
561.71,9.78,0.0
561.77,9.78,0.0
561.84,9.78,0.0
561.91,9.78,0.0
561.97,9.78,0.0
562.04,9.78,0.0
562.11,9.78,0.0
562.17,9.78,0.0
562.24,9.78,0.0
562.31,9.78,0.0
562.37,9.78,0.0
562.44,9.78,0.0
562.51,9.78,0.0
562.57,9.78,0.0
562.64,9.78,0.0
562.71,9.78,0.0
562.77,9.78,0.0
562.84,9.78,0.0
562.91,9.78,0.0
562.97,9.78,0.0
563.04,9.78,0.0
563.11,9.78,0.0
563.17,9.78,0.0
563.24,9.78,0.0
563.31,9.78,0.0
563.38,9.78,0.0
563.44,9.78,0.0
563.51,9.78,0.0
563.58,9.78,0.0
563.64,9.78,0.0
563.71,9.78,0.0
563.78,9.78,0.0
563.84,9.78,0.0
563.91,9.78,0.0
563.98,9.78,0.0
564.04,9.78,0.0
564.11,9.78,0.0
564.18,9.78,0.0
564.25,9.78,0.0
564.31,9.78,0.0
564.38,9.78,0.0
564.45,9.78,0.0
564.51,9.78,0.0
564.58,9.78,0.0
564.65,9.78,0.0
564.71,9.78,0.0
564.78,9.78,0.0
564.85,9.78,0.0
564.92,9.78,0.0
564.98,9.78,0.0
565.05,9.78,0.0
565.12,9.78,0.0
565.18,9.78,0.0
565.25,9.78,0.0
565.32,9.78,0.0
565.38,9.78,0.0
565.46,9.78,0.0
565.52,9.78,0.0
565.59,9.78,0.0
565.66,9.78,0.0
565.72,9.78,0.0
565.79,9.78,0.0
565.85,9.78,0.0
565.92,9.78,0.0
565.99,9.78,0.0
566.05,9.78,0.0
566.12,9.78,0.0
566.19,9.78,0.0
566.25,9.78,0.0
566.32,9.78,0.0
566.38,9.78,0.0
566.45,9.78,0.0
566.52,9.78,0.0
566.58,9.78,0.0
566.65,9.78,0.0
566.72,9.78,0.0
566.78,9.78,0.0
566.85,9.78,0.0
566.91,9.78,0.0
566.98,9.78,0.0
567.05,9.78,0.0
567.11,9.78,0.0
567.18,9.78,0.0
567.25,9.78,0.0
567.31,9.78,0.0
567.38,9.78,0.0
567.45,9.78,0.0
567.51,9.78,0.0
567.58,9.78,0.0
567.64,9.78,0.0
567.71,9.78,0.0
567.78,9.78,0.0
567.84,9.78,0.0
567.91,9.78,0.0
567.98,9.78,0.0
568.04,9.78,0.0
568.11,9.78,0.0
568.18,9.78,0.0
568.24,9.78,0.0
568.31,9.78,0.0
568.38,9.78,0.0
568.44,9.78,0.0
568.51,9.78,0.0
568.58,9.78,0.0
568.64,9.78,0.0
568.71,9.78,0.0
568.78,9.78,0.0
568.84,9.78,0.0
568.91,9.78,0.0
568.98,9.78,0.0
569.04,9.78,0.0
569.11,9.78,0.0
569.18,9.78,0.0
569.24,9.78,0.0
569.31,9.78,0.0
569.38,9.78,0.0
569.44,9.78,0.0
569.51,9.78,0.0
569.58,9.78,0.0
569.65,9.78,0.0
569.71,9.78,0.0
569.78,9.78,0.0
569.85,9.78,0.0
569.91,9.78,0.0
569.98,9.78,0.0
570.05,9.78,0.0
570.11,9.78,0.0
570.18,9.78,0.0
570.25,9.78,0.0
570.31,9.78,0.0
570.38,9.78,0.0
570.45,9.78,0.0
570.51,9.78,0.0
570.58,9.78,0.0
570.65,9.78,0.0
570.71,9.78,0.0
570.78,9.78,0.0
570.85,9.78,0.0
570.92,9.78,0.0
570.98,9.78,0.0
571.05,9.78,0.0
571.12,9.78,0.0
571.18,9.78,0.0
571.25,9.78,0.0
571.32,9.78,0.0
571.39,9.78,0.0
571.45,9.78,0.0
571.52,9.78,0.0
571.59,9.78,0.0
571.65,9.78,0.0
571.72,9.78,0.0
571.79,9.78,0.0
571.86,9.78,0.0
571.92,9.78,0.0
572.0,9.78,0.0
572.07,9.78,0.0
572.13,9.78,0.0
572.2,9.78,0.0
572.26,9.78,0.0
572.33,9.78,0.0
572.4,9.78,0.0
572.46,9.78,0.0
572.53,9.78,0.0
572.59,9.78,0.0
572.66,9.78,0.0
572.73,9.78,0.0
572.79,9.78,0.0
572.86,9.78,0.0
572.93,9.78,0.0
572.99,9.78,0.0
573.06,9.78,0.0
573.13,9.78,0.0
573.19,9.78,0.0
573.26,9.78,0.0
573.32,9.78,0.0
573.39,9.78,0.0
573.46,9.78,0.0
573.52,9.78,0.0
573.59,9.78,0.0
573.66,9.78,0.0
573.72,9.78,0.0
573.79,9.78,0.0
573.85,9.78,0.0
573.92,9.78,0.0
573.99,9.78,0.0
574.06,9.78,0.0
574.12,9.78,0.0
574.19,9.78,0.0
574.26,9.78,0.0
574.32,9.78,0.0
574.39,9.78,0.0
574.46,9.78,0.0
574.52,9.78,0.0
574.59,9.78,0.0
574.66,9.78,0.0
574.72,9.78,0.0
574.79,9.78,0.0
574.86,9.78,0.0
574.92,9.78,0.0
574.99,9.78,0.0
575.06,9.78,0.0
575.12,9.78,0.0
575.19,9.78,0.0
575.26,9.78,0.0
575.32,9.78,0.0
575.39,9.78,0.0
575.46,9.78,0.0
575.52,9.78,0.0
575.59,9.78,0.0
575.66,9.78,0.0
575.72,9.78,0.0
575.79,9.78,0.0
575.86,9.78,0.0
575.92,9.78,0.0
575.99,9.78,0.0
576.06,9.78,0.0
576.12,9.78,0.0
576.19,9.78,0.0
576.26,9.78,0.0
576.32,9.78,0.0
576.39,9.78,0.0
576.46,9.78,0.0
576.52,9.78,0.0
576.59,9.78,0.0
576.66,9.78,0.0
576.72,9.78,0.0
576.79,9.78,0.0
576.86,9.78,0.0
576.92,9.78,0.0
576.99,9.78,0.0
577.06,9.78,0.0
577.12,9.78,0.0
577.19,9.78,0.0
577.26,9.78,0.0
577.33,9.78,0.0
577.39,9.78,0.0
577.46,9.78,0.0
577.53,9.78,0.0
577.6,9.78,0.0
577.66,9.78,0.0
577.73,9.78,0.0
577.8,9.78,0.0
577.86,9.78,0.0
577.93,9.78,0.0
578.0,9.78,0.0
578.06,9.78,0.0
578.13,9.78,0.0
578.19,9.78,0.0
578.26,9.78,0.0
578.33,9.78,0.0
578.39,9.78,0.0
578.46,9.78,0.0
578.53,9.78,0.0
578.59,9.78,0.0
578.66,9.78,0.0
578.73,9.78,0.0
578.8,9.78,0.0
578.86,9.78,0.0
578.93,9.78,0.0
578.99,9.78,0.0
579.06,9.78,0.0
579.13,9.78,0.0
579.19,9.78,0.0
579.26,9.78,0.0
579.32,9.78,0.0
579.39,9.78,0.0
579.46,9.78,0.0
579.52,9.78,0.0
579.59,9.78,0.0
579.65,9.78,0.0
579.72,9.78,0.0
579.79,9.78,0.0
579.85,9.78,0.0
579.92,9.78,0.0
579.98,9.78,0.0
580.05,9.78,0.0
580.11,9.78,0.0
580.18,9.78,0.0
580.24,9.78,0.0
580.31,9.78,0.0
580.38,9.78,0.0
580.44,9.78,0.0
580.51,9.78,0.0
580.57,9.78,0.0
580.64,9.78,0.0
580.71,9.78,0.0
580.77,9.78,0.0
580.84,9.78,0.0
580.9,9.78,0.0
580.97,9.78,0.0
581.03,9.78,0.0
581.1,9.78,0.0
581.17,9.78,0.0
581.23,9.78,0.0
581.3,9.78,0.0
581.36,9.78,0.0
581.43,9.78,0.0
581.5,9.78,0.0
581.56,9.78,0.0
581.63,9.78,0.0
581.7,9.78,0.0
581.76,9.78,0.0
581.83,9.78,0.0
581.89,9.78,0.0
581.96,9.78,0.0
582.03,9.78,0.0
582.09,9.78,0.0
582.16,9.78,0.0
582.22,9.78,0.0
582.29,9.78,0.0
582.35,9.78,0.0
582.42,9.78,0.0
582.49,9.78,0.0
582.56,9.78,0.0
582.62,9.78,0.0
582.69,9.78,0.0
582.76,9.78,0.0
582.82,9.78,0.0
582.89,9.78,0.0
582.96,9.78,0.0
583.02,9.78,0.0
583.09,9.78,0.0
583.16,9.78,0.0
583.22,9.78,0.0
583.29,9.78,0.0
583.36,9.78,0.0
583.42,9.78,0.0
583.49,9.78,0.0
583.56,9.78,0.0
583.62,9.78,0.0
583.69,9.78,0.0
583.76,9.78,0.0
583.83,9.78,0.0
583.89,9.78,0.0
583.96,9.78,0.0
584.03,9.78,0.0
584.09,9.78,0.0
584.16,9.78,0.0
584.23,9.78,0.0
584.29,9.78,0.0
584.36,9.78,0.0
584.43,9.78,0.0
584.49,9.78,0.0
584.56,9.78,0.0
584.63,9.78,0.0
584.69,9.78,0.0
584.76,9.78,0.0
584.83,9.78,0.0
584.9,9.78,0.0
584.96,9.78,0.0
585.03,9.78,0.0
585.1,9.78,0.0
585.16,9.78,0.0
585.23,9.78,0.0
585.3,9.78,0.0
585.37,9.78,0.0
585.44,9.78,0.0
585.51,9.78,0.0
585.57,9.78,0.0
585.64,9.78,0.0
585.7,9.78,0.0
585.77,9.78,0.0
585.84,9.78,0.0
585.9,9.78,0.0
585.97,9.78,0.0
586.04,9.78,0.0
586.1,9.78,0.0
586.17,9.78,0.0
586.24,9.78,0.0
586.3,9.78,0.0
586.37,9.78,0.0
586.44,9.78,0.0
586.5,9.78,0.0
586.57,9.78,0.0
586.63,9.78,0.0
586.7,9.78,0.0
586.77,9.78,0.0
586.83,9.78,0.0
586.9,9.78,0.0
586.97,9.78,0.0
587.03,9.78,0.0
587.1,9.78,0.0
587.17,9.78,0.0
587.23,9.78,0.0
587.3,9.78,0.0
587.37,9.78,0.0
587.43,9.78,0.0
587.5,9.78,0.0
587.57,9.78,0.0
587.63,9.78,0.0
587.7,9.78,0.0
587.77,9.78,0.0
587.83,9.78,0.0
587.9,9.78,0.0
587.97,9.78,0.0
588.03,9.78,0.0
588.1,9.78,0.0
588.16,9.78,0.0
588.23,9.78,0.0
588.3,9.78,0.0
588.37,9.78,0.0
588.43,9.78,0.0
588.5,9.78,0.0
588.57,9.78,0.0
588.63,9.78,0.0
588.7,9.78,0.0
588.76,9.78,0.0
588.83,9.78,0.0
588.9,9.78,0.0
588.96,9.78,0.0
589.03,9.78,0.0
589.1,9.78,0.0
589.16,9.78,0.0
589.23,9.78,0.0
589.3,9.78,0.0
589.36,9.78,0.0
589.43,9.78,0.0
589.5,9.78,0.0
589.57,9.78,0.0
589.63,9.78,0.0
589.7,9.78,0.0
589.77,9.78,0.0
589.83,9.78,0.0
589.9,9.78,0.0
589.97,9.78,0.0
590.03,9.78,0.0
590.1,9.78,0.0
590.17,9.78,0.0
590.23,9.78,0.0
590.3,9.78,0.0
590.37,9.78,0.0
590.43,9.78,0.0
590.5,9.78,0.0
590.57,9.78,0.0
590.63,9.78,0.0
590.7,9.78,0.0
590.77,9.78,0.0
590.84,9.78,0.0
590.9,9.78,0.0
590.97,9.78,0.0
591.04,9.78,0.0
591.1,9.78,0.0
591.17,9.78,0.0
591.24,9.78,0.0
591.31,9.78,0.0
591.37,9.78,0.0
591.44,9.78,0.0
591.51,9.78,0.0
591.57,9.78,0.0
591.64,9.78,0.0
591.71,9.78,0.0
591.77,9.78,0.0
591.84,9.78,0.0
591.91,9.78,0.0
591.98,9.78,0.0
592.05,9.78,0.0
592.12,9.78,0.0
592.18,9.78,0.0
592.25,9.78,0.0
592.32,9.78,0.0
592.38,9.78,0.0
592.45,9.78,0.0
592.52,9.78,0.0
592.58,9.78,0.0
592.65,9.78,0.0
592.71,9.78,0.0
592.78,9.78,0.0
592.85,9.78,0.0
592.91,9.78,0.0
592.98,9.78,0.0
593.05,9.78,0.0
593.11,9.78,0.0
593.18,9.78,0.0
593.25,9.78,0.0
593.31,9.78,0.0
593.38,9.78,0.0
593.44,9.78,0.0
593.51,9.78,0.0
593.58,9.78,0.0
593.64,9.78,0.0
593.71,9.78,0.0
593.78,9.78,0.0
593.84,9.78,0.0
593.91,9.78,0.0
593.98,9.78,0.0
594.04,9.78,0.0
594.11,9.78,0.0
594.18,9.78,0.0
594.24,9.78,0.0
594.31,9.78,0.0
594.38,9.78,0.0
594.44,9.78,0.0
594.51,9.78,0.0
594.58,9.78,0.0
594.64,9.78,0.0
594.71,9.78,0.0
594.77,9.78,0.0
594.84,9.78,0.0
594.91,9.78,0.0
594.97,9.78,0.0
595.04,9.78,0.0
595.11,9.78,0.0
595.17,9.78,0.0
595.24,9.78,0.0
595.31,9.78,0.0
595.37,9.78,0.0
595.44,9.78,0.0
595.51,9.78,0.0
595.57,9.78,0.0
595.64,9.78,0.0
595.71,9.78,0.0
595.77,9.78,0.0
595.84,9.78,0.0
595.91,9.78,0.0
595.97,9.78,0.0
596.04,9.78,0.0
596.11,9.78,0.0
596.17,9.78,0.0
596.24,9.78,0.0
596.31,9.78,0.0
596.37,9.78,0.0
596.44,9.78,0.0
596.51,9.78,0.0
596.57,9.78,0.0
596.64,9.78,0.0
596.71,9.78,0.0
596.77,9.78,0.0
596.84,9.78,0.0
596.91,9.78,0.0
596.97,9.78,0.0
597.04,9.78,0.0
597.11,9.78,0.0
597.17,9.78,0.0
597.24,9.78,0.0
597.31,9.78,0.0
597.37,9.78,0.0
597.44,9.78,0.0
597.51,9.78,0.0
597.57,9.78,0.0
597.64,9.78,0.0
597.71,9.78,0.0
597.78,9.78,0.0
597.84,9.78,0.0
597.91,9.78,0.0
597.98,9.78,0.0
598.04,9.78,0.0
598.11,9.78,0.0
598.18,9.78,0.0
598.24,9.78,0.0
598.31,9.78,0.0
598.38,9.78,0.0
598.46,9.78,0.0
598.52,9.78,0.0
598.59,9.78,0.0
598.65,9.78,0.0
598.72,9.78,0.0
598.79,9.78,0.0
598.85,9.78,0.0
598.92,9.78,0.0
598.99,9.78,0.0
599.05,9.78,0.0
599.12,9.78,0.0
599.19,9.78,0.0
599.25,9.78,0.0
599.32,9.78,0.0
599.38,9.78,0.0
599.45,9.78,0.0
599.52,9.78,0.0
599.58,9.78,0.0
599.65,9.78,0.0
599.71,9.78,0.0
599.78,9.78,0.0
599.85,9.78,0.0
599.92,9.78,0.0
599.99,9.78,0.0
600.06,9.78,0.0
600.12,9.78,0.0
600.19,9.78,0.0
600.25,9.78,0.0
600.32,9.78,0.0
600.39,9.78,0.0
600.45,9.78,0.0
600.52,9.78,0.0
600.58,9.78,0.0
600.65,9.78,0.0
600.72,9.78,0.0
600.78,9.78,0.0
600.85,9.78,0.0
600.92,9.78,0.0
600.98,9.78,0.0
601.05,9.78,0.0
601.12,9.78,0.0
601.18,9.78,0.0
601.25,9.78,0.0
601.32,9.78,0.0
601.38,9.78,0.0
601.45,9.78,0.0
601.51,9.78,0.0
601.58,9.78,0.0
601.65,9.78,0.0
601.71,9.78,0.0
601.78,9.78,0.0
601.85,9.78,0.0
601.91,9.78,0.0
601.98,9.78,0.0
602.05,9.78,0.0
602.11,9.78,0.0
602.18,9.78,0.0
602.25,9.78,0.0
602.31,9.78,0.0
602.38,9.78,0.0
602.45,9.78,0.0
602.51,9.78,0.0
602.58,9.78,0.0
602.65,9.78,0.0
602.71,9.78,0.0
602.78,9.78,0.0
602.85,9.78,0.0
602.91,9.78,0.0
602.98,9.78,0.0
603.05,9.78,0.0
603.11,9.78,0.0
603.18,9.78,0.0
603.25,9.78,0.0
603.31,9.78,0.0
603.38,9.78,0.0
603.45,9.78,0.0
603.51,9.78,0.0
603.58,9.78,0.0
603.65,9.78,0.0
603.71,9.78,0.0
603.78,9.78,0.0
603.85,9.78,0.0
603.91,9.78,0.0
603.98,9.78,0.0
604.05,9.78,0.0
604.11,9.78,0.0
604.18,9.78,0.0
604.25,9.78,0.0
604.31,9.78,0.0
604.38,9.78,0.0
604.45,9.78,0.0
604.51,9.78,0.0
604.58,9.78,0.0
604.65,9.78,0.0
604.72,9.78,0.0
604.78,9.78,0.0
604.85,9.78,0.0
604.92,9.78,0.0
604.98,9.78,0.0
605.05,9.78,0.0
605.12,9.78,0.0
605.18,9.78,0.0
605.25,9.78,0.0
605.32,9.78,0.0
605.38,9.78,0.0
605.45,9.78,0.0
605.52,9.78,0.0
605.58,9.78,0.0
605.65,9.78,0.0
605.72,9.78,0.0
605.79,9.78,0.0
605.85,9.78,0.0
605.92,9.78,0.0
605.99,9.78,0.0
606.05,9.78,0.0
606.12,9.78,0.0
606.19,9.78,0.0
606.26,9.78,0.0
606.32,9.78,0.0
606.39,9.78,0.0
606.46,9.78,0.0
606.53,9.78,0.0
606.6,9.78,0.0
606.66,9.78,0.0
606.73,9.78,0.0
606.8,9.78,0.0
606.86,9.78,0.0
606.93,9.78,0.0
607.0,9.78,0.0
607.06,9.78,0.0
607.13,9.78,0.0
607.19,9.78,0.0
607.26,9.78,0.0
607.33,9.78,0.0
607.39,9.78,0.0
607.46,9.78,0.0
607.53,9.78,0.0
607.59,9.78,0.0
607.66,9.78,0.0
607.73,9.78,0.0
607.79,9.78,0.0
607.86,9.78,0.0
607.93,9.78,0.0
607.99,9.78,0.0
608.06,9.78,0.0
608.13,9.78,0.0
608.19,9.78,0.0
608.26,9.78,0.0
608.32,9.78,0.0
608.39,9.78,0.0
608.46,9.78,0.0
608.52,9.78,0.0
608.59,9.78,0.0
608.66,9.78,0.0
608.72,9.78,0.0
608.79,9.78,0.0
608.86,9.78,0.0
608.92,9.78,0.0
608.99,9.78,0.0
609.06,9.78,0.0
609.12,9.78,0.0
609.19,9.78,0.0
609.25,9.78,0.0
609.32,9.78,0.0
609.39,9.78,0.0
609.45,9.78,0.0
609.52,9.78,0.0
609.59,9.78,0.0
609.66,9.78,0.0
609.72,9.78,0.0
609.79,9.78,0.0
609.86,9.78,0.0
609.92,9.78,0.0
609.99,9.78,0.0
610.06,9.78,0.0
610.12,9.78,0.0
610.19,9.78,0.0
610.26,9.78,0.0
610.32,9.78,0.0
610.39,9.78,0.0
610.46,9.78,0.0
610.52,9.78,0.0
610.59,9.78,0.0
610.66,9.78,0.0
610.72,9.78,0.0
610.79,9.78,0.0
610.86,9.78,0.0
610.92,9.78,0.0
610.99,9.78,0.0
611.06,9.78,0.0
611.12,9.78,0.0
611.19,9.78,0.0
611.26,9.78,0.0
611.32,9.78,0.0
611.39,9.78,0.0
611.46,9.78,0.0
611.53,9.78,0.0
611.59,9.78,0.0
611.66,9.78,0.0
611.73,9.78,0.0
611.79,9.78,0.0
611.86,9.78,0.0
611.93,9.78,0.0
611.99,9.78,0.0
612.06,9.78,0.0
612.13,9.78,0.0
612.19,9.78,0.0
612.26,9.78,0.0
612.33,9.78,0.0
612.4,9.78,0.0
612.46,9.78,0.0
612.53,9.78,0.0
612.6,9.78,0.0
612.66,9.78,0.0
612.73,9.78,0.0
612.8,9.78,0.0
612.87,9.78,0.0
612.93,9.78,0.0
613.0,9.78,0.0
613.07,9.78,0.0
613.13,9.78,0.0
613.2,9.78,0.0
613.27,9.78,0.0
613.34,9.78,0.0
613.41,9.78,0.0
613.47,9.78,0.0
613.54,9.78,0.0
613.61,9.78,0.0
613.67,9.78,0.0
613.74,9.78,0.0
613.81,9.78,0.0
613.87,9.78,0.0
613.94,9.78,0.0
614.01,9.78,0.0
614.07,9.78,0.0
614.14,9.78,0.0
614.21,9.78,0.0
614.27,9.78,0.0
614.34,9.78,0.0
614.41,9.78,0.0
614.47,9.78,0.0
614.54,9.78,0.0
614.6,9.78,0.0
614.67,9.78,0.0
614.74,9.78,0.0
614.8,9.78,0.0
614.87,9.78,0.0
614.94,9.78,0.0
615.0,9.78,0.0
615.07,9.78,0.0
615.14,9.78,0.0
615.2,9.78,0.0
615.27,9.78,0.0
615.34,9.78,0.0
615.4,9.78,0.0
615.47,9.78,0.0
615.54,9.78,0.0
615.6,9.78,0.0
615.67,9.78,0.0
615.73,9.78,0.0
615.8,9.78,0.0
615.87,9.78,0.0
615.93,9.78,0.0
616.0,9.78,0.0
616.07,9.78,0.0
616.13,9.78,0.0
616.2,9.78,0.0
616.27,9.78,0.0
616.34,9.78,0.0
616.4,9.78,0.0
616.47,9.78,0.0
616.53,9.78,0.0
616.6,9.78,0.0
616.67,9.78,0.0
616.73,9.78,0.0
616.8,9.78,0.0
616.87,9.78,0.0
616.93,9.78,0.0
617.0,9.78,0.0
617.07,9.78,0.0
617.13,9.78,0.0
617.2,9.78,0.0
617.27,9.78,0.0
617.34,9.78,0.0
617.4,9.78,0.0
617.47,9.78,0.0
617.54,9.78,0.0
617.6,9.78,0.0
617.67,9.78,0.0
617.74,9.78,0.0
617.8,9.78,0.0
617.87,9.78,0.0
617.94,9.78,0.0
618.0,9.78,0.0
618.07,9.78,0.0
618.14,9.78,0.0
618.21,9.78,0.0
618.27,9.78,0.0
618.34,9.78,0.0
618.41,9.78,0.0
618.47,9.78,0.0
618.54,9.78,0.0
618.61,9.78,0.0
618.68,9.78,0.0
618.74,9.78,0.0
618.81,9.78,0.0
618.88,9.78,0.0
618.94,9.78,0.0
619.01,9.78,0.0
619.08,9.78,0.0
619.15,9.78,0.0
619.21,9.78,0.0
619.28,9.78,0.0
619.35,9.78,0.0
619.42,9.78,0.0
619.48,9.78,0.0
619.55,9.78,0.0
619.62,9.78,0.0
619.68,9.78,0.0
619.75,9.78,0.0
619.82,9.78,0.0
619.88,9.78,0.0
619.95,9.78,0.0
620.02,9.78,0.0
620.09,9.78,0.0
620.16,9.78,0.0
620.22,9.78,0.0
620.29,9.78,0.0
620.36,9.78,0.0
620.42,9.78,0.0
620.49,9.78,0.0
620.56,9.78,0.0
620.62,9.78,0.0
620.69,9.78,0.0
620.76,9.78,0.0
620.82,9.78,0.0
620.89,9.78,0.0
620.95,9.78,0.0
621.02,9.78,0.0
621.09,9.78,0.0
621.15,9.78,0.0
621.22,9.78,0.0
621.29,9.78,0.0
621.35,9.78,0.0
621.42,9.78,0.0
621.49,9.78,0.0
621.55,9.78,0.0
621.62,9.78,0.0
621.68,9.78,0.0
621.75,9.78,0.0
621.82,9.78,0.0
621.88,9.78,0.0
621.95,9.78,0.0
622.02,9.78,0.0
622.09,9.78,0.0
622.15,9.78,0.0
622.22,9.78,0.0
622.29,9.78,0.0
622.35,9.78,0.0
622.42,9.78,0.0
622.48,9.78,0.0
622.55,9.78,0.0
622.62,9.78,0.0
622.68,9.78,0.0
622.75,9.78,0.0
622.82,9.78,0.0
622.88,9.78,0.0
622.95,9.78,0.0
623.02,9.78,0.0
623.08,9.78,0.0
623.15,9.78,0.0
623.22,9.78,0.0
623.28,9.78,0.0
623.35,9.78,0.0
623.42,9.78,0.0
623.48,9.78,0.0
623.55,9.78,0.0
623.62,9.78,0.0
623.68,9.78,0.0
623.75,9.78,0.0
623.82,9.78,0.0
623.89,9.78,0.0
623.95,9.78,0.0
624.02,9.78,0.0
624.09,9.78,0.0
624.15,9.78,0.0
624.22,9.78,0.0
624.29,9.78,0.0
624.35,9.78,0.0
624.42,9.78,0.0
624.49,9.78,0.0
624.56,9.78,0.0
624.62,9.78,0.0
624.69,9.78,0.0
624.76,9.78,0.0
624.82,9.78,0.0
624.89,9.78,0.0
624.96,9.78,0.0
625.02,9.78,0.0
625.09,9.78,0.0
625.16,9.78,0.0
625.23,9.78,0.0
625.29,9.78,0.0
625.36,9.78,0.0
625.43,9.78,0.0
625.49,9.78,0.0
625.56,9.78,0.0
625.63,9.78,0.0
625.7,9.78,0.0
625.76,9.78,0.0
625.83,9.78,0.0
625.9,9.78,0.0
625.96,9.78,0.0
626.03,9.78,0.0
626.1,9.78,0.0
626.17,9.78,0.0
626.23,9.78,0.0
626.3,9.78,0.0
626.37,9.78,0.0
626.43,9.78,0.0
626.5,9.78,0.0
626.57,9.78,0.0
626.64,9.78,0.0
626.71,9.78,0.0
626.77,9.78,0.0
626.84,9.78,0.0
626.91,9.78,0.0
626.97,9.78,0.0
627.04,9.78,0.0
627.11,9.78,0.0
627.17,9.78,0.0
627.24,9.78,0.0
627.31,9.78,0.0
627.37,9.78,0.0
627.44,9.78,0.0
627.51,9.78,0.0
627.57,9.78,0.0
627.64,9.78,0.0
627.7,9.78,0.0
627.77,9.78,0.0
627.84,9.78,0.0
627.9,9.78,0.0
627.97,9.78,0.0
628.04,9.78,0.0
628.1,9.78,0.0
628.17,9.78,0.0
628.24,9.78,0.0
628.3,9.78,0.0
628.37,9.78,0.0
628.44,9.78,0.0
628.5,9.78,0.0
628.57,9.78,0.0
628.63,9.78,0.0
628.7,9.78,0.0
628.77,9.78,0.0
628.84,9.78,0.0
628.9,9.78,0.0
628.97,9.78,0.0
629.04,9.78,0.0
629.1,9.78,0.0
629.17,9.78,0.0
629.24,9.78,0.0
629.3,9.78,0.0
629.37,9.78,0.0
629.44,9.78,0.0
629.5,9.78,0.0
629.57,9.78,0.0
629.64,9.78,0.0
629.7,9.78,0.0
629.77,9.78,0.0
629.84,9.78,0.0
629.9,9.78,0.0
629.97,9.78,0.0
630.04,9.78,0.0
630.1,9.78,0.0
630.17,9.78,0.0
630.24,9.78,0.0
630.3,9.78,0.0
630.37,9.78,0.0
630.44,9.78,0.0
630.5,9.78,0.0
630.57,9.78,0.0
630.64,9.78,0.0
630.71,9.78,0.0
630.77,9.78,0.0
630.84,9.78,0.0
630.91,9.78,0.0
630.97,9.78,0.0
631.04,9.78,0.0
631.11,9.78,0.0
631.17,9.78,0.0
631.24,9.78,0.0
631.31,9.78,0.0
631.37,9.78,0.0
631.44,9.78,0.0
631.51,9.78,0.0
631.58,9.78,0.0
631.64,9.78,0.0
631.71,9.78,0.0
631.78,9.78,0.0
631.84,9.78,0.0
631.91,9.78,0.0
631.98,9.78,0.0
632.05,9.78,0.0
632.11,9.78,0.0
632.18,9.78,0.0
632.25,9.78,0.0
632.31,9.78,0.0
632.38,9.78,0.0
632.45,9.78,0.0
632.51,9.78,0.0
632.58,9.78,0.0
632.65,9.78,0.0
632.72,9.78,0.0
632.78,9.78,0.0
632.85,9.78,0.0
632.92,9.78,0.0
632.99,9.78,0.0
633.05,9.78,0.0
633.13,9.78,0.0
633.19,9.78,0.0
633.26,9.78,0.0
633.33,9.78,0.0
633.39,9.78,0.0
633.46,9.78,0.0
633.53,9.78,0.0
633.59,9.78,0.0
633.66,9.78,0.0
633.73,9.78,0.0
633.79,9.78,0.0
633.86,9.78,0.0
633.93,9.78,0.0
633.99,9.78,0.0
634.06,9.78,0.0
634.13,9.78,0.0
634.19,9.78,0.0
634.26,9.78,0.0
634.32,9.78,0.0
634.39,9.78,0.0
634.46,9.78,0.0
634.52,9.78,0.0
634.59,9.78,0.0
634.66,9.78,0.0
634.72,9.78,0.0
634.79,9.78,0.0
634.86,9.78,0.0
634.92,9.78,0.0
634.99,9.78,0.0
635.05,9.78,0.0
635.12,9.78,0.0
635.19,9.78,0.0
635.25,9.78,0.0
635.32,9.78,0.0
635.39,9.78,0.0
635.45,9.78,0.0
635.52,9.78,0.0
635.59,9.78,0.0
635.65,9.78,0.0
635.72,9.78,0.0
635.79,9.78,0.0
635.85,9.78,0.0
635.92,9.78,0.0
635.99,9.78,0.0
636.05,9.78,0.0
636.12,9.78,0.0
636.19,9.78,0.0
636.25,9.78,0.0
636.32,9.78,0.0
636.39,9.78,0.0
636.45,9.78,0.0
636.52,9.78,0.0
636.59,9.78,0.0
636.65,9.78,0.0
636.72,9.78,0.0
636.79,9.78,0.0
636.85,9.78,0.0
636.92,9.78,0.0
636.99,9.78,0.0
637.05,9.78,0.0
637.12,9.78,0.0
637.19,9.78,0.0
637.25,9.78,0.0
637.32,9.78,0.0
637.39,9.78,0.0
637.46,9.78,0.0
637.52,9.78,0.0
637.59,9.78,0.0
637.66,9.78,0.0
637.72,9.78,0.0
637.79,9.78,0.0
637.86,9.78,0.0
637.92,9.78,0.0
637.99,9.78,0.0
638.06,9.78,0.0
638.12,9.78,0.0
638.19,9.78,0.0
638.26,9.78,0.0
638.32,9.78,0.0
638.39,9.78,0.0
638.46,9.78,0.0
638.53,9.78,0.0
638.59,9.78,0.0
638.66,9.78,0.0
638.73,9.78,0.0
638.79,9.78,0.0
638.86,9.78,0.0
638.93,9.78,0.0
638.99,9.78,0.0
639.06,9.78,0.0
639.13,9.78,0.0
639.2,9.78,0.0
639.26,9.78,0.0
639.33,9.78,0.0
639.4,9.78,0.0
639.47,9.78,0.0
639.53,9.78,0.0
639.6,9.78,0.0
639.67,9.78,0.0
639.74,9.78,0.0
639.81,9.78,0.0
639.87,9.78,0.0
639.94,9.78,0.0
640.01,9.78,0.0
640.07,9.78,0.0
640.14,9.78,0.0
640.21,9.78,0.0
640.27,9.78,0.0
640.34,9.78,0.0
640.41,9.78,0.0
640.47,9.78,0.0
640.54,9.78,0.0
640.61,9.78,0.0
640.67,9.78,0.0
640.74,9.78,0.0
640.8,9.78,0.0
640.87,9.78,0.0
640.94,9.78,0.0
641.0,9.78,0.0
641.07,9.78,0.0
641.15,9.78,0.0
641.21,9.78,0.0
641.28,9.78,0.0
641.35,9.78,0.0
641.41,9.78,0.0
641.48,9.78,0.0
641.54,9.78,0.0
641.61,9.78,0.0
641.68,9.78,0.0
641.74,9.78,0.0
641.81,9.78,0.0
641.88,9.78,0.0
641.94,9.78,0.0
642.01,9.78,0.0
642.07,9.78,0.0
642.14,9.78,0.0
642.21,9.78,0.0
642.27,9.78,0.0
642.34,9.78,0.0
642.41,9.78,0.0
642.47,9.78,0.0
642.54,9.78,0.0
642.61,9.78,0.0
642.67,9.78,0.0
642.74,9.78,0.0
642.8,9.78,0.0
642.87,9.78,0.0
642.94,9.78,0.0
643.0,9.78,0.0
643.07,9.78,0.0
643.14,9.78,0.0
643.2,9.78,0.0
643.27,9.78,0.0
643.34,9.78,0.0
643.4,9.78,0.0
643.47,9.78,0.0
643.54,9.78,0.0
643.6,9.78,0.0
643.67,9.78,0.0
643.74,9.78,0.0
643.8,9.78,0.0
643.87,9.78,0.0
643.94,9.78,0.0
644.0,9.78,0.0
644.07,9.78,0.0
644.14,9.78,0.0
644.21,9.78,0.0
644.27,9.78,0.0
644.34,9.78,0.0
644.41,9.78,0.0
644.47,9.78,0.0
644.54,9.78,0.0
644.61,9.78,0.0
644.67,9.78,0.0
644.74,9.78,0.0
644.81,9.78,0.0
644.87,9.78,0.0
644.94,9.78,0.0
645.01,9.78,0.0
645.08,9.78,0.0
645.14,9.78,0.0
645.21,9.78,0.0
645.28,9.78,0.0
645.34,9.78,0.0
645.41,9.78,0.0
645.48,9.78,0.0
645.54,9.78,0.0
645.61,9.78,0.0
645.68,9.78,0.0
645.74,9.78,0.0
645.81,9.78,0.0
645.88,9.78,0.0
645.94,9.78,0.0
646.01,9.78,0.0
646.08,9.78,0.0
646.15,9.78,0.0
646.21,9.78,0.0
646.28,9.78,0.0
646.35,9.78,0.0
646.41,9.78,0.0
646.48,9.78,0.0
646.55,9.78,0.0
646.61,9.78,0.0
646.68,9.78,0.0
646.75,9.78,0.0
646.82,9.78,0.0
646.88,9.78,0.0
646.95,9.78,0.0
647.02,9.78,0.0
647.09,9.78,0.0
647.15,9.78,0.0
647.22,9.78,0.0
647.29,9.78,0.0
647.35,9.78,0.0
647.42,9.78,0.0
647.49,9.78,0.0
647.55,9.78,0.0
647.62,9.78,0.0
647.69,9.78,0.0
647.76,9.78,0.0
647.83,9.78,0.0
647.89,9.78,0.0
647.96,9.78,0.0
648.03,9.78,0.0
648.09,9.78,0.0
648.16,9.78,0.0
648.23,9.78,0.0
648.29,9.78,0.0
648.36,9.78,0.0
648.42,9.78,0.0
648.49,9.78,0.0
648.56,9.78,0.0
648.62,9.78,0.0
648.69,9.78,0.0
648.75,9.78,0.0
648.82,9.78,0.0
648.89,9.78,0.0
648.95,9.78,0.0
649.02,9.78,0.0
649.09,9.78,0.0
649.15,9.78,0.0
649.22,9.78,0.0
649.29,9.78,0.0
649.35,9.78,0.0
649.42,9.78,0.0
649.49,9.78,0.0
649.55,9.78,0.0
649.62,9.78,0.0
649.68,9.78,0.0
649.75,9.78,0.0
649.82,9.78,0.0
649.88,9.78,0.0
649.95,9.78,0.0
650.02,9.78,0.0
650.08,9.78,0.0
650.15,9.78,0.0
650.22,9.78,0.0
650.28,9.78,0.0
650.35,9.78,0.0
650.42,9.78,0.0
650.48,9.78,0.0
650.55,9.78,0.0
650.62,9.78,0.0
650.68,9.78,0.0
650.75,9.78,0.0
650.82,9.78,0.0
650.88,9.78,0.0
650.95,9.78,0.0
651.02,9.78,0.0
651.08,9.78,0.0
651.15,9.78,0.0
651.22,9.78,0.0
651.28,9.78,0.0
651.35,9.78,0.0
651.42,9.78,0.0
651.48,9.78,0.0
651.84,9.78,0.0
651.91,9.78,0.0
652.0,9.78,0.0
652.06,9.78,0.0
652.13,9.78,0.0
652.2,9.78,0.0
652.27,9.78,0.0
652.33,9.78,0.0
652.4,9.78,0.0
652.47,9.78,0.0
652.53,9.78,0.0
652.6,9.78,0.0
652.67,9.78,0.0
652.73,9.78,0.0
652.8,9.78,0.0
652.87,9.78,0.0
652.94,9.78,0.0
653.01,9.78,0.0
653.08,9.78,0.0
653.14,9.78,0.0
653.21,9.78,0.0
653.28,9.78,0.0
653.34,9.78,0.0
653.41,9.78,0.0
653.48,9.78,0.0
653.54,9.78,0.0
653.61,9.78,0.0
653.68,9.78,0.0
653.74,9.78,0.0
653.81,9.78,0.0
653.88,9.78,0.0
653.95,9.78,0.0
654.02,9.78,0.0
654.1,9.78,0.0
654.17,9.78,0.0
654.25,9.78,0.0
654.32,9.78,0.0
654.4,9.78,0.0
654.47,9.78,0.0
654.54,9.78,0.0
654.6,9.78,0.0
654.67,9.78,0.0
654.74,9.78,0.0
654.81,9.78,0.0
654.88,9.78,0.0
654.95,9.78,0.0
655.01,9.78,0.0
655.08,9.78,0.0
655.15,9.78,0.0
655.22,9.78,0.0
655.29,9.78,0.0
655.35,9.78,0.0
655.42,9.78,0.0
655.49,9.78,0.0
655.56,9.78,0.0
655.63,9.78,0.0
655.69,9.78,0.0
655.76,9.78,0.0
655.82,9.78,0.0
655.89,9.78,0.0
655.96,9.78,0.0
656.02,9.78,0.0
656.09,9.78,0.0
656.16,9.78,0.0
656.23,9.78,0.0
656.29,9.78,0.0
656.36,9.78,0.0
656.43,9.78,0.0
656.5,9.78,0.0
656.57,9.78,0.0
656.64,9.78,0.0
656.71,9.78,0.0
656.78,9.78,0.0
656.84,9.78,0.0
656.91,9.78,0.0
656.98,9.78,0.0
657.05,9.78,0.0
657.12,9.78,0.0
657.19,9.78,0.0
657.26,9.78,0.0
657.32,9.78,0.0
657.39,9.78,0.0
657.45,9.78,0.0
657.52,9.78,0.0
657.59,9.78,0.0
657.65,9.78,0.0
657.72,9.78,0.0
657.79,9.78,0.0
657.86,9.78,0.0
657.92,9.78,0.0
657.99,9.78,0.0
658.07,9.78,0.0
658.13,9.78,0.0
658.2,9.78,0.0
658.27,9.78,0.0
658.33,9.78,0.0
658.4,9.78,0.0
658.47,9.78,0.0
658.53,9.78,0.0
658.6,9.78,0.0
658.67,9.78,0.0
658.73,9.78,0.0
658.81,9.78,0.0
658.88,9.78,0.0
658.94,9.78,0.0
659.02,9.78,0.0
659.09,9.78,0.0
659.16,9.78,0.0
659.22,9.78,0.0
659.29,9.78,0.0
659.35,9.78,0.0
659.42,9.78,0.0
659.49,9.78,0.0
659.56,9.78,0.0
659.62,9.78,0.0
659.69,9.78,0.0
659.76,9.78,0.0
659.83,9.78,0.0
659.89,9.78,0.0
659.96,9.78,0.0
660.03,9.78,0.0
660.1,9.78,0.0
660.17,9.78,0.0
660.24,9.78,0.0
660.3,9.78,0.0
660.37,9.78,0.0
660.44,9.78,0.0
660.51,9.78,0.0
660.57,9.78,0.0
660.64,9.78,0.0
660.71,9.78,0.0
660.78,9.78,0.0
660.85,9.78,0.0
660.92,9.78,0.0
660.99,9.78,0.0
661.06,9.78,0.0
661.12,9.78,0.0
661.19,9.78,0.0
661.26,9.78,0.0
661.33,9.78,0.0
661.4,9.78,0.0
661.46,9.78,0.0
661.53,9.78,0.0
661.6,9.78,0.0
661.66,9.78,0.0
661.73,9.78,0.0
661.8,9.78,0.0
661.86,9.78,0.0
661.93,9.78,0.0
662.0,9.78,0.0
662.07,9.78,0.0
662.14,9.78,0.0
662.2,9.78,0.0
662.27,9.78,0.0
662.34,9.78,0.0
662.4,9.78,0.0
662.47,9.78,0.0
662.54,9.78,0.0
662.6,9.78,0.0
662.67,9.78,0.0
662.74,9.78,0.0
662.8,9.78,0.0
662.87,9.78,0.0
662.94,9.78,0.0
663.01,9.78,0.0
663.08,9.78,0.0
663.15,9.78,0.0
663.22,9.78,0.0
663.28,9.78,0.0
663.35,9.78,0.0
663.42,9.78,0.0
663.48,9.78,0.0
663.55,9.78,0.0
663.61,9.78,0.0
663.68,9.78,0.0
663.75,9.78,0.0
663.82,9.78,0.0
663.88,9.78,0.0
663.95,9.78,0.0
664.02,9.78,0.0
664.09,9.78,0.0
664.16,9.78,0.0
664.23,9.78,0.0
664.3,9.78,0.0
664.36,9.78,0.0
664.43,9.78,0.0
664.5,9.78,0.0
664.56,9.78,0.0
664.63,9.78,0.0
664.7,9.78,0.0
664.76,9.78,0.0
664.83,9.78,0.0
664.9,9.78,0.0
664.97,9.78,0.0
665.04,9.78,0.0
665.11,9.78,0.0
665.18,9.78,0.0
665.25,9.78,0.0
665.32,9.78,0.0
665.39,9.78,0.0
665.46,9.78,0.0
665.52,9.78,0.0
665.59,9.78,0.0
665.66,9.78,0.0
665.73,9.78,0.0
665.8,9.78,0.0
665.86,9.78,0.0
665.94,9.78,0.0
666.01,9.78,0.0
666.07,9.78,0.0
666.14,9.78,0.0
666.21,9.78,0.0
666.27,9.78,0.0
666.34,9.78,0.0
666.41,9.78,0.0
666.48,9.78,0.0
666.54,9.78,0.0
666.61,9.78,0.0
666.68,9.78,0.0
666.75,9.78,0.0
666.82,9.78,0.0
666.89,9.78,0.0
666.96,9.78,0.0
667.02,9.78,0.0
667.09,9.78,0.0
667.16,9.78,0.0
667.22,9.78,0.0
667.29,9.78,0.0
667.36,9.78,0.0
667.42,9.78,0.0
667.49,9.78,0.0
667.56,9.78,0.0
667.63,9.78,0.0
667.7,9.78,0.0
667.77,9.78,0.0
667.84,9.78,0.0
667.9,9.78,0.0
667.98,9.78,0.0
668.05,9.78,0.0
668.12,9.78,0.0
668.18,9.78,0.0
668.25,9.78,0.0
668.33,9.78,0.0
668.39,9.78,0.0
668.46,9.78,0.0
668.53,9.78,0.0
668.6,9.78,0.0
668.66,9.78,0.0
668.73,9.78,0.0
668.8,9.78,0.0
668.87,9.78,0.0
668.93,9.78,0.0
669.0,9.78,0.0
669.07,9.78,0.0
669.14,9.78,0.0
669.21,9.78,0.0
669.27,9.78,0.0
669.34,9.78,0.0
669.41,9.78,0.0
669.47,9.78,0.0
669.54,9.78,0.0
669.61,9.78,0.0
669.67,9.78,0.0
669.74,9.78,0.0
669.81,9.78,0.0
669.88,9.78,0.0
669.95,9.78,0.0
670.02,9.78,0.0
670.09,9.78,0.0
670.16,9.78,0.0
670.22,9.78,0.0
670.29,9.78,0.0
670.36,9.78,0.0
670.42,9.78,0.0
670.49,9.78,0.0
670.56,9.78,0.0
670.62,9.78,0.0
670.69,9.78,0.0
670.77,9.78,0.0
670.84,9.78,0.0
670.9,9.78,0.0
670.97,9.78,0.0
671.04,9.78,0.0
671.11,9.78,0.0
671.17,9.78,0.0
671.24,9.78,0.0
671.31,9.78,0.0
671.37,9.78,0.0
671.44,9.78,0.0
671.51,9.78,0.0
671.57,9.78,0.0
671.64,9.78,0.0
671.71,9.78,0.0
671.78,9.78,0.0
671.85,9.78,0.0
671.92,9.78,0.0
671.99,9.78,0.0
672.06,9.78,0.0
672.12,9.78,0.0
672.19,9.78,0.0
672.26,9.78,0.0
672.32,9.78,0.0
672.39,9.78,0.0
672.46,9.78,0.0
672.52,9.78,0.0
672.59,9.78,0.0
672.66,9.78,0.0
672.73,9.78,0.0
672.8,9.78,0.0
672.86,9.78,0.0
672.93,9.78,0.0
673.0,9.78,0.0
673.07,9.78,0.0
673.14,9.78,0.0
673.21,9.78,0.0
673.27,9.78,0.0
673.34,9.78,0.0
673.41,9.78,0.0
673.47,9.78,0.0
673.54,9.78,0.0
673.61,9.78,0.0
673.67,9.78,0.0
673.74,9.78,0.0
673.81,9.78,0.0
673.88,9.78,0.0
673.94,9.78,0.0
674.01,9.78,0.0
674.08,9.78,0.0
674.15,9.78,0.0
674.22,9.78,0.0
674.29,9.78,0.0
674.36,9.78,0.0
674.43,9.78,0.0
674.5,9.78,0.0
674.57,9.78,0.0
674.64,9.78,0.0
674.71,9.78,0.0
674.78,9.78,0.0
674.84,9.78,0.0
674.91,9.78,0.0
674.97,9.78,0.0
675.04,9.78,0.0
675.11,9.78,0.0
675.18,9.78,0.0
675.24,9.78,0.0
675.31,9.78,0.0
675.38,9.78,0.0
675.45,9.78,0.0
675.52,9.78,0.0
675.59,9.78,0.0
675.66,9.78,0.0
675.72,9.78,0.0
675.79,9.78,0.0
675.85,9.78,0.0
675.92,9.78,0.0
675.99,9.78,0.0
676.05,9.78,0.0
676.12,9.78,0.0
676.19,9.78,0.0
676.25,9.78,0.0
676.32,9.78,0.0
676.39,9.78,0.0
676.46,9.78,0.0
676.53,9.78,0.0
676.6,9.78,0.0
676.67,9.78,0.0
676.74,9.78,0.0
676.8,9.78,0.0
676.87,9.78,0.0
676.94,9.78,0.0
677.01,9.78,0.0
677.08,9.78,0.0
677.14,9.78,0.0
677.22,9.78,0.0
677.28,9.78,0.0
677.35,9.78,0.0
677.42,9.78,0.0
677.48,9.78,0.0
677.55,9.78,0.0
677.62,9.78,0.0
677.69,9.78,0.0
677.75,9.78,0.0
677.82,9.78,0.0
677.89,9.78,0.0
677.96,9.78,0.0
678.03,9.78,0.0
678.1,9.78,0.0
678.17,9.78,0.0
678.23,9.78,0.0
678.3,9.78,0.0
678.37,9.78,0.0
678.44,9.78,0.0
678.51,9.78,0.0
678.58,9.78,0.0
678.65,9.78,0.0
678.71,9.78,0.0
678.78,9.78,0.0
678.85,9.78,0.0
678.91,9.78,0.0
678.98,9.78,0.0
679.05,9.78,0.0
679.11,9.78,0.0
679.18,9.78,0.0
679.25,9.78,0.0
679.32,9.78,0.0
679.39,9.78,0.0
679.46,9.78,0.0
679.52,9.78,0.0
679.59,9.78,0.0
679.67,9.78,0.0
679.73,9.78,0.0
679.8,9.78,0.0
679.87,9.78,0.0
679.94,9.78,0.0
680.01,9.78,0.0
680.07,9.78,0.0
680.15,9.78,0.0
680.21,9.78,0.0
680.28,9.78,0.0
680.35,9.78,0.0
680.42,9.78,0.0
680.49,9.78,0.0
680.56,9.78,0.0
680.63,9.78,0.0
680.7,9.78,0.0
680.76,9.78,0.0
680.83,9.78,0.0
680.9,9.78,0.0
680.97,9.78,0.0
681.04,9.78,0.0
681.11,9.78,0.0
681.18,9.78,0.0
681.24,9.78,0.0
681.32,9.78,0.0
681.38,9.78,0.0
681.45,9.78,0.0
681.52,9.78,0.0
681.58,9.78,0.0
681.65,9.78,0.0
681.72,9.78,0.0
681.79,9.78,0.0
681.86,9.78,0.0
681.93,9.78,0.0
682.0,9.78,0.0
682.06,9.78,0.0
682.13,9.78,0.0
682.2,9.78,0.0
682.26,9.78,0.0
682.33,9.78,0.0
682.4,9.78,0.0
682.46,9.78,0.0
682.53,9.78,0.0
682.6,9.78,0.0
682.67,9.78,0.0
682.74,9.78,0.0
682.81,9.78,0.0
682.88,9.78,0.0
682.96,9.78,0.0
683.03,9.78,0.0
683.09,9.78,0.0
683.16,9.78,0.0
683.22,9.78,0.0
683.29,9.78,0.0
683.36,9.78,0.0
683.42,9.78,0.0
683.49,9.78,0.0
683.56,9.78,0.0
683.62,9.78,0.0
683.7,9.78,0.0
683.77,9.78,0.0
683.83,9.78,0.0
683.9,9.78,0.0
683.97,9.78,0.0
684.04,9.78,0.0
684.11,9.78,0.0
684.18,9.78,0.0
684.25,9.78,0.0
684.31,9.78,0.0
684.38,9.78,0.0
684.45,9.78,0.0
684.52,9.78,0.0
684.59,9.78,0.0
684.65,9.78,0.0
684.72,9.78,0.0
684.79,9.78,0.0
684.85,9.78,0.0
684.92,9.78,0.0
684.98,9.78,0.0
685.05,9.78,0.0
685.12,9.78,0.0
685.19,9.78,0.0
685.26,9.78,0.0
685.32,9.78,0.0
685.39,9.78,0.0
685.46,9.78,0.0
685.53,9.78,0.0
685.6,9.78,0.0
685.66,9.78,0.0
685.73,9.78,0.0
685.79,9.78,0.0
685.86,9.78,0.0
685.93,9.78,0.0
686.0,9.78,0.0
686.06,9.78,0.0
686.13,9.78,0.0
686.2,9.78,0.0
686.26,9.78,0.0
686.33,9.78,0.0
686.4,9.78,0.0
686.47,9.78,0.0
686.54,9.78,0.0
686.6,9.78,0.0
686.67,9.78,0.0
686.74,9.78,0.0
686.81,9.78,0.0
686.87,9.78,0.0
686.94,9.78,0.0
687.0,9.78,0.0
687.07,9.78,0.0
687.14,9.78,0.0
687.21,9.78,0.0
687.28,9.78,0.0
687.35,9.78,0.0
687.42,9.78,0.0
687.48,9.78,0.0
687.55,9.78,0.0
687.62,9.78,0.0
687.69,9.78,0.0
687.75,9.78,0.0
687.82,9.78,0.0
687.89,9.78,0.0
687.95,9.78,0.0
688.02,9.78,0.0
688.09,9.78,0.0
688.15,9.78,0.0
688.22,9.78,0.0
688.29,9.78,0.0
688.35,9.78,0.0
688.42,9.78,0.0
688.49,9.78,0.0
688.56,9.78,0.0
688.63,9.78,0.0
688.7,9.78,0.0
688.76,9.78,0.0
688.83,9.78,0.0
688.9,9.78,0.0
688.97,9.78,0.0
689.04,9.78,0.0
689.11,9.78,0.0
689.18,9.78,0.0
689.24,9.78,0.0
689.31,9.78,0.0
689.38,9.78,0.0
689.45,9.78,0.0
689.52,9.78,0.0
689.59,9.78,0.0
689.66,9.78,0.0
689.73,9.78,0.0
689.8,9.78,0.0
689.86,9.78,0.0
689.93,9.78,0.0
689.99,9.78,0.0
690.06,9.78,0.0
690.13,9.78,0.0
690.19,9.78,0.0
690.26,9.78,0.0
690.33,9.78,0.0
690.39,9.78,0.0
690.46,9.78,0.0
690.52,9.78,0.0
690.59,9.78,0.0
690.66,9.78,0.0
690.72,9.78,0.0
690.79,9.78,0.0
690.86,9.78,0.0
690.93,9.78,0.0
691.0,9.78,0.0
691.07,9.78,0.0
691.13,9.78,0.0
691.2,9.78,0.0
691.26,9.78,0.0
691.33,9.78,0.0
691.4,9.78,0.0
691.46,9.78,0.0
691.53,9.78,0.0
691.6,9.78,0.0
691.67,9.78,0.0
691.73,9.78,0.0
691.8,9.78,0.0
691.87,9.78,0.0
691.94,9.78,0.0
692.01,9.78,0.0
692.07,9.78,0.0
692.14,9.78,0.0
692.21,9.78,0.0
692.27,9.78,0.0
692.34,9.78,0.0
692.41,9.78,0.0
692.47,9.78,0.0
692.54,9.78,0.0
692.61,9.78,0.0
692.68,9.78,0.0
692.75,9.78,0.0
692.82,9.78,0.0
692.89,9.78,0.0
692.95,9.78,0.0
693.02,9.78,0.0
693.09,9.78,0.0
693.15,9.78,0.0
693.22,9.78,0.0
693.29,9.78,0.0
693.36,9.78,0.0
693.42,9.78,0.0
693.49,9.78,0.0
693.56,9.78,0.0
693.62,9.78,0.0
693.69,9.78,0.0
693.76,9.78,0.0
693.83,9.78,0.0
693.9,9.78,0.0
693.96,9.78,0.0
694.03,9.78,0.0
694.1,9.78,0.0
694.17,9.78,0.0
694.24,9.78,0.0
694.31,9.78,0.0
694.38,9.78,0.0
694.45,9.78,0.0
694.51,9.78,0.0
694.58,9.78,0.0
694.65,9.78,0.0
694.72,9.78,0.0
694.79,9.78,0.0
694.86,9.78,0.0
694.93,9.78,0.0
695.0,9.78,0.0
695.07,9.78,0.0
695.13,9.78,0.0
695.2,9.78,0.0
695.27,9.78,0.0
695.33,9.78,0.0
695.4,9.78,0.0
695.48,9.78,0.0
695.55,9.78,0.0
695.61,9.78,0.0
695.68,9.78,0.0
695.75,9.78,0.0
695.82,9.78,0.0
695.89,9.78,0.0
695.95,9.78,0.0
696.02,9.78,0.0
696.09,9.78,0.0
696.15,9.78,0.0
696.22,9.78,0.0
696.29,9.78,0.0
696.36,9.78,0.0
696.42,9.78,0.0
696.5,9.78,0.0
696.57,9.78,0.0
696.64,9.78,0.0
696.71,9.78,0.0
696.78,9.78,0.0
696.85,9.78,0.0
696.91,9.78,0.0
696.98,9.78,0.0
697.05,9.78,0.0
697.12,9.78,0.0
697.19,9.78,0.0
697.26,9.78,0.0
697.32,9.78,0.0
697.39,9.78,0.0
697.46,9.78,0.0
697.52,9.78,0.0
697.59,9.78,0.0
697.66,9.78,0.0
697.72,9.78,0.0
697.79,9.78,0.0
697.85,9.78,0.0
697.92,9.78,0.0
697.99,9.78,0.0
698.05,9.78,0.0
698.12,9.78,0.0
698.19,9.78,0.0
698.25,9.78,0.0
698.32,9.78,0.0
698.38,9.78,0.0
698.45,9.78,0.0
698.52,9.78,0.0
698.59,9.78,0.0
698.66,9.78,0.0
698.72,9.78,0.0
698.79,9.78,0.0
698.86,9.78,0.0
698.93,9.78,0.0
699.0,9.78,0.0
699.07,9.78,0.0
699.14,9.78,0.0
699.22,9.78,0.0
699.28,9.78,0.0
699.35,9.78,0.0
699.42,9.78,0.0
699.49,9.78,0.0
699.56,9.78,0.0
699.62,9.78,0.0
699.69,9.78,0.0
699.76,9.78,0.0
699.83,9.78,0.0
699.9,9.78,0.0
699.97,9.78,0.0
700.03,9.78,0.0
700.1,9.78,0.0
700.17,9.78,0.0
700.23,9.78,0.0
700.3,9.78,0.0
700.37,9.78,0.0
700.43,9.78,0.0
700.5,9.78,0.0
700.57,9.78,0.0
700.64,9.78,0.0
700.71,9.78,0.0
700.78,9.78,0.0
700.85,9.78,0.0
700.91,9.78,0.0
700.98,9.78,0.0
701.05,9.78,0.0
701.12,9.78,0.0
701.18,9.78,0.0
701.25,9.78,0.0
701.32,9.78,0.0
701.38,9.78,0.0
701.45,9.78,0.0
701.52,9.78,0.0
701.59,9.78,0.0
701.66,9.78,0.0
701.73,9.78,0.0
701.8,9.78,0.0
701.86,9.78,0.0
701.93,9.78,0.0
702.0,9.78,0.0
702.07,9.78,0.0
702.14,9.78,0.0
702.2,9.78,0.0
702.27,9.78,0.0
702.34,9.78,0.0
702.4,9.78,0.0
702.47,9.78,0.0
702.54,9.78,0.0
702.61,9.78,0.0
702.68,9.78,0.0
702.75,9.78,0.0
702.81,9.78,0.0
702.88,9.78,0.0
702.95,9.78,0.0
703.02,9.78,0.0
703.09,9.78,0.0
703.16,9.78,0.0
703.22,9.78,0.0
703.29,9.78,0.0
703.36,9.78,0.0
703.42,9.78,0.0
703.49,9.78,0.0
703.56,9.78,0.0
703.63,9.78,0.0
703.7,9.78,0.0
703.77,9.78,0.0
703.84,9.78,0.0
703.9,9.78,0.0
703.97,9.78,0.0
704.04,9.78,0.0
704.11,9.78,0.0
704.18,9.78,0.0
704.25,9.78,0.0
704.31,9.78,0.0
704.38,9.78,0.0
704.44,9.78,0.0
704.51,9.78,0.0
704.58,9.78,0.0
704.64,9.78,0.0
704.71,9.78,0.0
704.77,9.78,0.0
704.84,9.78,0.0
704.91,9.78,0.0
704.98,9.78,0.0
705.05,9.78,0.0
705.12,9.78,0.0
705.19,9.78,0.0
705.25,9.78,0.0
705.32,9.78,0.0
705.39,9.78,0.0
705.45,9.78,0.0
705.52,9.78,0.0
705.59,9.78,0.0
705.65,9.78,0.0
705.72,9.78,0.0
705.78,9.78,0.0
705.85,9.78,0.0
705.92,9.78,0.0
705.99,9.78,0.0
706.06,9.78,0.0
706.13,9.78,0.0
706.19,9.78,0.0
706.26,9.78,0.0
706.33,9.78,0.0
706.4,9.78,0.0
706.46,9.78,0.0
706.53,9.78,0.0
706.6,9.78,0.0
706.66,9.78,0.0
706.73,9.78,0.0
706.8,9.78,0.0
706.86,9.78,0.0
706.93,9.78,0.0
707.0,9.78,0.0
707.07,9.78,0.0
707.14,9.78,0.0
707.21,9.78,0.0
707.28,9.78,0.0
707.35,9.78,0.0
707.41,9.78,0.0
707.48,9.78,0.0
707.55,9.78,0.0
707.62,9.78,0.0
707.68,9.78,0.0
707.75,9.78,0.0
707.82,9.78,0.0
707.88,9.78,0.0
707.95,9.78,0.0
708.02,9.78,0.0
708.09,9.78,0.0
708.16,9.78,0.0
708.23,9.78,0.0
708.3,9.78,0.0
708.36,9.78,0.0
708.43,9.78,0.0
708.5,9.78,0.0
708.57,9.78,0.0
708.63,9.78,0.0
708.7,9.78,0.0
708.77,9.78,0.0
708.84,9.78,0.0
708.9,9.78,0.0
708.97,9.78,0.0
709.04,9.78,0.0
709.11,9.78,0.0
709.18,9.78,0.0
709.25,9.78,0.0
709.32,9.78,0.0
709.39,9.78,0.0
709.46,9.78,0.0
709.52,9.78,0.0
709.59,9.78,0.0
709.66,9.78,0.0
709.73,9.78,0.0
709.8,9.78,0.0
709.87,9.78,0.0
709.93,9.78,0.0
710.01,9.78,0.0
710.08,9.78,0.0
710.15,9.78,0.0
710.21,9.78,0.0
710.28,9.78,0.0
710.35,9.78,0.0
710.42,9.78,0.0
710.48,9.78,0.0
710.55,9.78,0.0
710.62,9.78,0.0
710.68,9.78,0.0
710.75,9.78,0.0
710.82,9.78,0.0
710.88,9.78,0.0
710.95,9.78,0.0
711.02,9.78,0.0
711.09,9.78,0.0
711.16,9.78,0.0
711.23,9.78,0.0
711.3,9.78,0.0
711.37,9.78,0.0
711.43,9.78,0.0
711.5,9.78,0.0
711.57,9.78,0.0
711.63,9.78,0.0
711.7,9.78,0.0
711.76,9.78,0.0
711.83,9.78,0.0
711.9,9.78,0.0
711.97,9.78,0.0
712.04,9.78,0.0
712.1,9.78,0.0
712.17,9.78,0.0
712.24,9.78,0.0
712.31,9.78,0.0
712.38,9.78,0.0
712.44,9.78,0.0
712.51,9.78,0.0
712.58,9.78,0.0
712.64,9.78,0.0
712.71,9.78,0.0
712.78,9.78,0.0
712.85,9.78,0.0
712.92,9.78,0.0
712.98,9.78,0.0
713.05,9.78,0.0
713.12,9.78,0.0
713.19,9.78,0.0
713.25,9.78,0.0
713.32,9.78,0.0
713.39,9.78,0.0
713.46,9.78,0.0
713.52,9.78,0.0
713.59,9.78,0.0
713.66,9.78,0.0
713.72,9.78,0.0
713.79,9.78,0.0
713.86,9.78,0.0
713.93,9.78,0.0
714.0,9.78,0.0
714.07,9.78,0.0
714.14,9.78,0.0
714.21,9.78,0.0
714.28,9.78,0.0
714.35,9.78,0.0
714.42,9.78,0.0
714.48,9.78,0.0
714.55,9.78,0.0
714.62,9.78,0.0
714.69,9.78,0.0
714.76,9.78,0.0
714.83,9.78,0.0
714.89,9.78,0.0
714.96,9.78,0.0
715.03,9.78,0.0
715.09,9.78,0.0
715.16,9.78,0.0
715.23,9.78,0.0
715.3,9.78,0.0
715.36,9.78,0.0
715.43,9.78,0.0
715.5,9.78,0.0
715.57,9.78,0.0
715.64,9.78,0.0
715.71,9.78,0.0
715.78,9.78,0.0
715.84,9.78,0.0
715.91,9.78,0.0
715.98,9.78,0.0
716.05,9.78,0.0
716.12,9.78,0.0
716.18,9.78,0.0
716.25,9.78,0.0
716.32,9.78,0.0
716.39,9.78,0.0
716.46,9.78,0.0
716.53,9.78,0.0
716.61,9.78,0.0
716.68,9.78,0.0
716.74,9.78,0.0
716.81,9.78,0.0
716.88,9.78,0.0
716.94,9.78,0.0
717.01,9.78,0.0
717.07,9.78,0.0
717.14,9.78,0.0
717.21,9.78,0.0
717.27,9.78,0.0
717.34,9.78,0.0
717.41,9.78,0.0
717.48,9.78,0.0
717.54,9.78,0.0
717.61,9.78,0.0
717.68,9.78,0.0
717.75,9.78,0.0
717.81,9.78,0.0
717.88,9.78,0.0
717.95,9.78,0.0
718.02,9.78,0.0
718.09,9.78,0.0
718.16,9.78,0.0
718.23,9.78,0.0
718.3,9.78,0.0
718.36,9.78,0.0
718.43,9.78,0.0
718.5,9.78,0.0
718.57,9.78,0.0
718.64,9.78,0.0
718.7,9.78,0.0
718.77,9.78,0.0
718.84,9.78,0.0
718.9,9.78,0.0
718.97,9.78,0.0
719.04,9.78,0.0
719.11,9.78,0.0
719.18,9.78,0.0
719.24,9.78,0.0
719.31,9.78,0.0
719.38,9.78,0.0
719.44,9.78,0.0
719.51,9.78,0.0
719.58,9.78,0.0
719.65,9.78,0.0
719.71,9.78,0.0
719.78,9.78,0.0
719.85,9.78,0.0
719.92,9.78,0.0
719.98,9.78,0.0
720.05,9.78,0.0
720.12,9.78,0.0
720.18,9.78,0.0
720.25,9.78,0.0
720.32,9.78,0.0
720.39,9.78,0.0
720.46,9.78,0.0
720.53,9.78,0.0
720.59,9.78,0.0
720.66,9.78,0.0
720.73,9.78,0.0
720.8,9.78,0.0
720.86,9.78,0.0
720.93,9.78,0.0
720.99,9.78,0.0
721.06,9.78,0.0
721.13,9.78,0.0
721.2,9.78,0.0
721.26,9.78,0.0
721.33,9.78,0.0
721.4,9.78,0.0
721.47,9.78,0.0
721.54,9.78,0.0
721.61,9.78,0.0
721.67,9.78,0.0
721.74,9.78,0.0
721.81,9.78,0.0
721.87,9.78,0.0
721.94,9.78,0.0
722.01,9.78,0.0
722.07,9.78,0.0
722.14,9.78,0.0
722.21,9.78,0.0
722.28,9.78,0.0
722.34,9.78,0.0
722.41,9.78,0.0
722.48,9.78,0.0
722.55,9.78,0.0
722.62,9.78,0.0
722.69,9.78,0.0
722.76,9.78,0.0
722.82,9.78,0.0
722.89,9.78,0.0
722.95,9.78,0.0
723.02,9.78,0.0
723.09,9.78,0.0
723.16,9.78,0.0
723.23,9.78,0.0
723.3,9.78,0.0
723.37,9.78,0.0
723.44,9.78,0.0
723.5,9.78,0.0
723.57,9.78,0.0
723.64,9.78,0.0
723.71,9.78,0.0
723.78,9.78,0.0
723.84,9.78,0.0
723.91,9.78,0.0
723.97,9.78,0.0
724.04,9.78,0.0
724.11,9.78,0.0
724.17,9.78,0.0
724.24,9.78,0.0
724.31,9.78,0.0
724.38,9.78,0.0
724.45,9.78,0.0
724.51,9.78,0.0
724.58,9.78,0.0
724.66,9.78,0.0
724.72,9.78,0.0
724.79,9.78,0.0
724.86,9.78,0.0
724.92,9.78,0.0
724.99,9.78,0.0
725.06,9.78,0.0
725.12,9.78,0.0
725.19,9.78,0.0
725.26,9.78,0.0
725.32,9.78,0.0
725.39,9.78,0.0
725.46,9.78,0.0
725.53,9.78,0.0
725.6,9.78,0.0
725.67,9.78,0.0
725.73,9.78,0.0
725.8,9.78,0.0
725.87,9.78,0.0
725.93,9.78,0.0
726.0,9.78,0.0
726.06,9.78,0.0
726.13,9.78,0.0
726.2,9.78,0.0
726.27,9.78,0.0
726.34,9.78,0.0
726.41,9.78,0.0
726.47,9.78,0.0
726.54,9.78,0.0
726.61,9.78,0.0
726.68,9.78,0.0
726.75,9.78,0.0
726.81,9.78,0.0
726.88,9.78,0.0
726.95,9.78,0.0
727.01,9.78,0.0
727.08,9.78,0.0
727.14,9.78,0.0
727.21,9.78,0.0
727.28,9.78,0.0
727.35,9.78,0.0
727.42,9.78,0.0
727.49,9.78,0.0
727.56,9.78,0.0
727.62,9.78,0.0
727.7,9.78,0.0
727.77,9.78,0.0
727.83,9.78,0.0
727.9,9.78,0.0
727.97,9.78,0.0
728.04,9.78,0.0
728.11,9.78,0.0
728.17,9.78,0.0
728.24,9.78,0.0
728.31,9.78,0.0
728.37,9.78,0.0
728.44,9.78,0.0
728.51,9.78,0.0
728.58,9.78,0.0
728.64,9.78,0.0
728.72,9.78,0.0
728.79,9.78,0.0
728.86,9.78,0.0
728.92,9.78,0.0
728.99,9.78,0.0
729.06,9.78,0.0
729.13,9.78,0.0
729.2,9.78,0.0
729.27,9.78,0.0
729.33,9.78,0.0
729.4,9.78,0.0
729.47,9.78,0.0
729.53,9.78,0.0
729.6,9.78,0.0
729.67,9.78,0.0
729.74,9.78,0.0
729.81,9.78,0.0
729.88,9.78,0.0
729.95,9.78,0.0
730.02,9.78,0.0
730.09,9.78,0.0
730.16,9.78,0.0
730.23,9.78,0.0
730.29,9.78,0.0
730.36,9.78,0.0
730.43,9.78,0.0
730.5,9.78,0.0
730.56,9.78,0.0
730.63,9.78,0.0
730.7,9.78,0.0
730.76,9.78,0.0
730.83,9.78,0.0
730.9,9.78,0.0
730.97,9.78,0.0
731.04,9.78,0.0
731.1,9.78,0.0
731.17,9.78,0.0
731.25,9.78,0.0
731.31,9.78,0.0
731.38,9.78,0.0
731.45,9.78,0.0
731.51,9.78,0.0
731.58,9.78,0.0
731.64,9.78,0.0
731.71,9.78,0.0
731.78,9.78,0.0
731.85,9.78,0.0
731.91,9.78,0.0
731.98,9.78,0.0
732.05,9.78,0.0
732.12,9.78,0.0
732.19,9.78,0.0
732.26,9.78,0.0
732.33,9.78,0.0
732.39,9.78,0.0
732.46,9.78,0.0
732.53,9.78,0.0
732.6,9.78,0.0
732.67,9.78,0.0
732.74,9.78,0.0
732.8,9.78,0.0
732.87,9.78,0.0
732.93,9.78,0.0
733.0,9.78,0.0
733.07,9.78,0.0
733.13,9.78,0.0
733.2,9.78,0.0
733.27,9.78,0.0
733.34,9.78,0.0
733.4,9.78,0.0
733.47,9.78,0.0
733.54,9.78,0.0
733.61,9.78,0.0
733.68,9.78,0.0
733.74,9.78,0.0
733.81,9.78,0.0
733.87,9.78,0.0
733.94,9.78,0.0
734.01,9.78,0.0
734.07,9.78,0.0
734.14,9.78,0.0
734.21,9.78,0.0
734.28,9.78,0.0
734.35,9.78,0.0
734.42,9.78,0.0
734.48,9.78,0.0
734.55,9.78,0.0
734.62,9.78,0.0
734.69,9.78,0.0
734.75,9.78,0.0
734.82,9.78,0.0
734.88,9.78,0.0
734.95,9.78,0.0
735.02,9.78,0.0
735.08,9.78,0.0
735.15,9.78,0.0
735.22,9.78,0.0
735.29,9.78,0.0
735.35,9.78,0.0
735.42,9.78,0.0
735.49,9.78,0.0
735.56,9.78,0.0
735.63,9.78,0.0
735.69,9.78,0.0
735.76,9.78,0.0
735.83,9.78,0.0
735.89,9.78,0.0
735.96,9.78,0.0
736.03,9.78,0.0
736.09,9.78,0.0
736.16,9.78,0.0
736.23,9.78,0.0
736.3,9.78,0.0
736.37,9.78,0.0
736.43,9.78,0.0
736.5,9.78,0.0
736.57,9.78,0.0
736.64,9.78,0.0
736.71,9.78,0.0
736.78,9.78,0.0
736.85,9.78,0.0
736.92,9.78,0.0
736.99,9.78,0.0
737.06,9.78,0.0
737.13,9.78,0.0
737.19,9.78,0.0
737.26,9.78,0.0
737.33,9.78,0.0
737.4,9.78,0.0
737.47,9.78,0.0
737.53,9.78,0.0
737.6,9.78,0.0
737.67,9.78,0.0
737.73,9.78,0.0
737.8,9.78,0.0
737.87,9.78,0.0
737.94,9.78,0.0
738.01,9.78,0.0
738.08,9.78,0.0
738.15,9.78,0.0
738.21,9.78,0.0
738.28,9.78,0.0
738.35,9.78,0.0
738.41,9.78,0.0
738.48,9.78,0.0
738.55,9.78,0.0
738.61,9.78,0.0
738.68,9.78,0.0
738.75,9.78,0.0
738.81,9.78,0.0
738.88,9.78,0.0
738.94,9.78,0.0
739.01,9.78,0.0
739.08,9.78,0.0
739.15,9.78,0.0
739.22,9.78,0.0
739.29,9.78,0.0
739.36,9.78,0.0
739.43,9.78,0.0
739.49,9.78,0.0
739.56,9.78,0.0
739.63,9.78,0.0
739.69,9.78,0.0
739.76,9.78,0.0
739.83,9.78,0.0
739.89,9.78,0.0
739.96,9.78,0.0
740.03,9.78,0.0
740.1,9.78,0.0
740.17,9.78,0.0
740.23,9.78,0.0
740.31,9.78,0.0
740.38,9.78,0.0
740.45,9.78,0.0
740.51,9.78,0.0
740.58,9.78,0.0
740.65,9.78,0.0
740.71,9.78,0.0
740.78,9.78,0.0
740.84,9.78,0.0
740.91,9.78,0.0
740.98,9.78,0.0
741.04,9.78,0.0
741.11,9.78,0.0
741.18,9.78,0.0
741.24,9.78,0.0
741.31,9.78,0.0
741.37,9.78,0.0
741.44,9.78,0.0
741.51,9.78,0.0
741.58,9.78,0.0
741.65,9.78,0.0
741.71,9.78,0.0
741.78,9.78,0.0
741.85,9.78,0.0
741.92,9.78,0.0
741.99,9.78,0.0
742.06,9.78,0.0
742.12,9.78,0.0
742.19,9.78,0.0
742.25,9.78,0.0
742.32,9.78,0.0
742.39,9.78,0.0
742.46,9.78,0.0
742.53,9.78,0.0
742.6,9.78,0.0
742.67,9.78,0.0
742.73,9.78,0.0
742.8,9.78,0.0
742.87,9.78,0.0
742.94,9.78,0.0
743.0,9.78,0.0
743.07,9.78,0.0
743.13,9.78,0.0
743.2,9.78,0.0
743.27,9.78,0.0
743.34,9.78,0.0
743.4,9.78,0.0
743.48,9.78,0.0
743.55,9.78,0.0
743.61,9.78,0.0
743.68,9.78,0.0
743.75,9.78,0.0
743.82,9.78,0.0
743.89,9.78,0.0
743.96,9.78,0.0
744.02,9.78,0.0
744.09,9.78,0.0
744.16,9.78,0.0
744.22,9.78,0.0
744.29,9.78,0.0
744.36,9.78,0.0
744.43,9.78,0.0
744.5,9.78,0.0
744.57,9.78,0.0
744.64,9.78,0.0
744.71,9.78,0.0
744.78,9.78,0.0
744.85,9.78,0.0
744.92,9.78,0.0
744.99,9.78,0.0
745.05,9.78,0.0
745.12,9.78,0.0
745.19,9.78,0.0
745.26,9.78,0.0
745.32,9.78,0.0
745.39,9.78,0.0
745.45,9.78,0.0
745.52,9.78,0.0
745.59,9.78,0.0
745.65,9.78,0.0
745.72,9.78,0.0
745.79,9.78,0.0
745.85,9.78,0.0
745.92,9.78,0.0
745.99,9.78,0.0
746.06,9.78,0.0
746.12,9.78,0.0
746.19,9.78,0.0
746.26,9.78,0.0
746.33,9.78,0.0
746.4,9.78,0.0
746.46,9.78,0.0
746.53,9.78,0.0
746.6,9.78,0.0
746.66,9.78,0.0
746.73,9.78,0.0
746.79,9.78,0.0
746.86,9.78,0.0
746.93,9.78,0.0
746.99,9.78,0.0
747.06,9.78,0.0
747.13,9.78,0.0
747.2,9.78,0.0
747.27,9.78,0.0
747.34,9.78,0.0
747.41,9.78,0.0
747.47,9.78,0.0
747.54,9.78,0.0
747.61,9.78,0.0
747.67,9.78,0.0
747.74,9.78,0.0
747.8,9.78,0.0
747.87,9.78,0.0
747.94,9.78,0.0
748.0,9.78,0.0
748.07,9.78,0.0
748.14,9.78,0.0
748.21,9.78,0.0
748.27,9.78,0.0
748.34,9.78,0.0
748.41,9.78,0.0
748.48,9.78,0.0
748.55,9.78,0.0
748.62,9.78,0.0
748.68,9.78,0.0
748.75,9.78,0.0
748.82,9.78,0.0
748.89,9.78,0.0
748.96,9.78,0.0
749.03,9.78,0.0
749.1,9.78,0.0
749.17,9.78,0.0
749.24,9.78,0.0
749.31,9.78,0.0
749.38,9.78,0.0
749.44,9.78,0.0
749.51,9.78,0.0
749.58,9.78,0.0
749.64,9.78,0.0
749.71,9.78,0.0
749.78,9.78,0.0
749.85,9.78,0.0
749.91,9.78,0.0
749.98,9.78,0.0
750.05,9.78,0.0
750.12,9.78,0.0
750.19,9.78,0.0
750.25,9.78,0.0
750.32,9.78,0.0
750.39,9.78,0.0
750.46,9.78,0.0
750.53,9.78,0.0
750.59,9.78,0.0
750.66,9.78,0.0
750.73,9.78,0.0
750.8,9.78,0.0
750.87,9.78,0.0
750.94,9.78,0.0
751.0,9.78,0.0
751.07,9.78,0.0
751.14,9.78,0.0
751.2,9.78,0.0
751.27,9.78,0.0
751.34,9.78,0.0
751.41,9.78,0.0
751.48,9.78,0.0
751.55,9.78,0.0
751.63,9.78,0.0
751.7,9.78,0.0
751.76,9.78,0.0
751.83,9.78,0.0
751.9,9.78,0.0
751.96,9.78,0.0
752.03,9.78,0.0
752.1,9.78,0.0
752.16,9.78,0.0
752.23,9.78,0.0
752.29,9.78,0.0
752.36,9.78,0.0
752.43,9.78,0.0
752.5,9.78,0.0
752.57,9.78,0.0
752.64,9.78,0.0
752.71,9.78,0.0
752.78,9.78,0.0
752.84,9.78,0.0
752.91,9.78,0.0
752.98,9.78,0.0
753.05,9.78,0.0
753.12,9.78,0.0
753.18,9.78,0.0
753.25,9.78,0.0
753.31,9.78,0.0
753.38,9.78,0.0
753.45,9.78,0.0
753.51,9.78,0.0
753.58,9.78,0.0
753.65,9.78,0.0
753.71,9.78,0.0
753.79,9.78,0.0
753.85,9.78,0.0
753.92,9.78,0.0
753.99,9.78,0.0
754.06,9.78,0.0
754.13,9.78,0.0
754.2,9.78,0.0
754.27,9.78,0.0
754.34,9.78,0.0
754.41,9.78,0.0
754.47,9.78,0.0
754.54,9.78,0.0
754.61,9.78,0.0
754.68,9.78,0.0
754.75,9.78,0.0
754.82,9.78,0.0
754.88,9.78,0.0
754.95,9.78,0.0
755.02,9.78,0.0
755.09,9.78,0.0
755.15,9.78,0.0
755.22,9.78,0.0
755.29,9.78,0.0
755.35,9.78,0.0
755.42,9.78,0.0
755.49,9.78,0.0
755.55,9.78,0.0
755.62,9.78,0.0
755.69,9.78,0.0
755.76,9.78,0.0
755.82,9.78,0.0
755.89,9.78,0.0
755.97,9.78,0.0
756.04,9.78,0.0
756.11,9.78,0.0
756.18,9.78,0.0
756.25,9.78,0.0
756.32,9.78,0.0
756.38,9.78,0.0
756.45,9.78,0.0
756.52,9.78,0.0
756.59,9.78,0.0
756.65,9.78,0.0
756.72,9.78,0.0
756.78,9.78,0.0
756.85,9.78,0.0
756.92,9.78,0.0
756.99,9.78,0.0
757.05,9.78,0.0
757.12,9.78,0.0
757.19,9.78,0.0
757.26,9.78,0.0
757.33,9.78,0.0
757.4,9.78,0.0
757.47,9.78,0.0
757.54,9.78,0.0
757.61,9.78,0.0
757.68,9.78,0.0
757.74,9.78,0.0
757.81,9.78,0.0
757.88,9.78,0.0
757.95,9.78,0.0
758.02,9.78,0.0
758.08,9.78,0.0
758.15,9.78,0.0
758.22,9.78,0.0
758.29,9.78,0.0
758.36,9.78,0.0
758.43,9.78,0.0
758.49,9.78,0.0
758.56,9.78,0.0
758.63,9.78,0.0
758.7,9.78,0.0
758.76,9.78,0.0
758.83,9.78,0.0
758.9,9.78,0.0
758.97,9.78,0.0
759.03,9.78,0.0
759.1,9.78,0.0
759.17,9.78,0.0
759.23,9.78,0.0
759.3,9.78,0.0
759.36,9.78,0.0
759.43,9.78,0.0
759.5,9.78,0.0
759.56,9.78,0.0
759.63,9.78,0.0
759.7,9.78,0.0
759.76,9.78,0.0
759.83,9.78,0.0
759.9,9.78,0.0
759.97,9.78,0.0
760.04,9.78,0.0
760.11,9.78,0.0
760.18,9.78,0.0
760.25,9.78,0.0
760.31,9.78,0.0
760.38,9.78,0.0
760.45,9.78,0.0
760.51,9.78,0.0
760.58,9.78,0.0
760.65,9.78,0.0
760.71,9.78,0.0
760.78,9.78,0.0
760.85,9.78,0.0
760.91,9.78,0.0
760.98,9.78,0.0
761.05,9.78,0.0
761.12,9.78,0.0
761.19,9.78,0.0
761.25,9.78,0.0
761.32,9.78,0.0
761.39,9.78,0.0
761.46,9.78,0.0
761.52,9.78,0.0
761.59,9.78,0.0
761.66,9.78,0.0
761.72,9.78,0.0
761.79,9.78,0.0
761.86,9.78,0.0
761.93,9.78,0.0
762.0,9.78,0.0
762.06,9.78,0.0
762.13,9.78,0.0
762.2,9.78,0.0
762.27,9.78,0.0
762.34,9.78,0.0
762.4,9.78,0.0
762.47,9.78,0.0
762.54,9.78,0.0
762.6,9.78,0.0
762.67,9.78,0.0
762.73,9.78,0.0
762.8,9.78,0.0
762.87,9.78,0.0
762.94,9.78,0.0
763.01,9.78,0.0
763.07,9.78,0.0
763.14,9.78,0.0
763.21,9.78,0.0
763.28,9.78,0.0
763.35,9.78,0.0
763.41,9.78,0.0
763.48,9.78,0.0
763.55,9.78,0.0
763.61,9.78,0.0
763.68,9.78,0.0
763.75,9.78,0.0
763.82,9.78,0.0
763.88,9.78,0.0
763.95,9.78,0.0
764.02,9.78,0.0
764.09,9.78,0.0
764.16,9.78,0.0
764.23,9.78,0.0
764.3,9.78,0.0
764.36,9.78,0.0
764.43,9.78,0.0
764.5,9.78,0.0
764.56,9.78,0.0
764.63,9.78,0.0
764.7,9.78,0.0
764.77,9.78,0.0
764.83,9.78,0.0
764.91,9.78,0.0
764.98,9.78,0.0
765.04,9.78,0.0
765.11,9.78,0.0
765.18,9.78,0.0
765.25,9.78,0.0
765.32,9.78,0.0
765.39,9.78,0.0
765.46,9.78,0.0
765.52,9.78,0.0
765.59,9.78,0.0
765.66,9.78,0.0
765.72,9.78,0.0
765.79,9.78,0.0
765.85,9.78,0.0
765.92,9.78,0.0
765.99,9.78,0.0
766.06,9.78,0.0
766.13,9.78,0.0
766.19,9.78,0.0
766.26,9.78,0.0
766.33,9.78,0.0
766.4,9.78,0.0
766.47,9.78,0.0
766.54,9.78,0.0
766.6,9.78,0.0
766.67,9.78,0.0
766.73,9.78,0.0
766.8,9.78,0.0
766.87,9.78,0.0
766.94,9.78,0.0
767.0,9.78,0.0
767.07,9.78,0.0
767.14,9.78,0.0
767.21,9.78,0.0
767.28,9.78,0.0
767.35,9.78,0.0
767.41,9.78,0.0
767.48,9.78,0.0
767.55,9.78,0.0
767.61,9.78,0.0
767.68,9.78,0.0
767.75,9.78,0.0
767.82,9.78,0.0
767.88,9.78,0.0
767.95,9.78,0.0
768.01,9.78,0.0
768.08,9.78,0.0
768.15,9.78,0.0
768.21,9.78,0.0
768.28,9.78,0.0
768.35,9.78,0.0
768.42,9.78,0.0
768.49,9.78,0.0
768.56,9.78,0.0
768.63,9.78,0.0
768.69,9.78,0.0
768.76,9.78,0.0
768.83,9.78,0.0
768.9,9.78,0.0
768.96,9.78,0.0
769.03,9.78,0.0
769.1,9.78,0.0
769.16,9.78,0.0
769.23,9.78,0.0
769.3,9.78,0.0
769.36,9.78,0.0
769.44,9.78,0.0
769.5,9.78,0.0
769.57,9.78,0.0
769.64,9.78,0.0
769.71,9.78,0.0
769.78,9.78,0.0
769.85,9.78,0.0
769.92,9.78,0.0
769.98,9.78,0.0
770.05,9.78,0.0
770.12,9.78,0.0
770.18,9.78,0.0
770.25,9.78,0.0
770.32,9.78,0.0
770.38,9.78,0.0
770.46,9.78,0.0
770.53,9.78,0.0
770.59,9.78,0.0
770.66,9.78,0.0
770.74,9.78,0.0
770.8,9.78,0.0
770.87,9.78,0.0
770.94,9.78,0.0
771.01,9.78,0.0
771.08,9.78,0.0
771.15,9.78,0.0
771.21,9.78,0.0
771.28,9.78,0.0
771.35,9.78,0.0
771.41,9.78,0.0
771.48,9.78,0.0
771.55,9.78,0.0
771.61,9.78,0.0
771.68,9.78,0.0
771.75,9.78,0.0
771.82,9.78,0.0
771.89,9.78,0.0
771.96,9.78,0.0
772.02,9.78,0.0
772.09,9.78,0.0
772.16,9.78,0.0
772.23,9.78,0.0
772.3,9.78,0.0
772.37,9.78,0.0
772.43,9.78,0.0
772.5,9.78,0.0
772.57,9.78,0.0
772.64,9.78,0.0
772.71,9.78,0.0
772.78,9.78,0.0
772.85,9.78,0.0
772.91,9.78,0.0
772.98,9.78,0.0
773.05,9.78,0.0
773.11,9.78,0.0
773.19,9.78,0.0
773.25,9.78,0.0
773.32,9.78,0.0
773.39,9.78,0.0
773.46,9.78,0.0
773.52,9.78,0.0
773.59,9.78,0.0
773.66,9.78,0.0
773.73,9.78,0.0
773.8,9.78,0.0
773.87,9.78,0.0
773.94,9.78,0.0
774.0,9.78,0.0
774.07,9.78,0.0
774.14,9.78,0.0
774.2,9.78,0.0
774.27,9.78,0.0
774.34,9.78,0.0
774.4,9.78,0.0
774.47,9.78,0.0
774.54,9.78,0.0
774.6,9.78,0.0
774.67,9.78,0.0
774.74,9.78,0.0
774.81,9.78,0.0
774.88,9.78,0.0
774.95,9.78,0.0
775.01,9.78,0.0
775.08,9.78,0.0
775.15,9.78,0.0
775.21,9.78,0.0
775.28,9.78,0.0
775.35,9.78,0.0
775.42,9.78,0.0
775.49,9.78,0.0
775.55,9.78,0.0
775.62,9.78,0.0
775.69,9.78,0.0
775.75,9.78,0.0
775.82,9.78,0.0
775.89,9.78,0.0
775.95,9.78,0.0
776.02,9.78,0.0
776.09,9.78,0.0
776.16,9.78,0.0
776.23,9.78,0.0
776.3,9.78,0.0
776.36,9.78,0.0
776.43,9.78,0.0
776.5,9.78,0.0
776.57,9.78,0.0
776.63,9.78,0.0
776.7,9.78,0.0
776.77,9.78,0.0
776.83,9.78,0.0
776.9,9.78,0.0
776.97,9.78,0.0
777.03,9.78,0.0
777.1,9.78,0.0
777.17,9.78,0.0
777.23,9.78,0.0
777.3,9.78,0.0
777.37,9.78,0.0
777.44,9.78,0.0
777.5,9.78,0.0
777.58,9.78,0.0
777.65,9.78,0.0
777.71,9.78,0.0
777.78,9.78,0.0
777.85,9.78,0.0
777.92,9.78,0.0
777.98,9.78,0.0
778.05,9.78,0.0
778.12,9.78,0.0
778.19,9.78,0.0
778.26,9.78,0.0
778.33,9.78,0.0
778.39,9.78,0.0
778.46,9.78,0.0
778.53,9.78,0.0
778.59,9.78,0.0
778.66,9.78,0.0
778.73,9.78,0.0
778.79,9.78,0.0
778.86,9.78,0.0
778.93,9.78,0.0
779.0,9.78,0.0
779.07,9.78,0.0
779.14,9.78,0.0
779.21,9.78,0.0
779.28,9.78,0.0
779.35,9.78,0.0
779.42,9.78,0.0
779.49,9.78,0.0
779.56,9.78,0.0
779.63,9.78,0.0
779.69,9.78,0.0
779.76,9.78,0.0
779.83,9.78,0.0
779.91,9.78,0.0
779.97,9.78,0.0
780.04,9.78,0.0
780.11,9.78,0.0
780.18,9.78,0.0
780.24,9.78,0.0
780.31,9.78,0.0
780.38,9.78,0.0
780.44,9.78,0.0
780.51,9.78,0.0
780.58,9.78,0.0
780.65,9.78,0.0
780.71,9.78,0.0
780.78,9.78,0.0
780.84,9.78,0.0
780.91,9.78,0.0
780.98,9.78,0.0
781.04,9.78,0.0
781.11,9.78,0.0
781.18,9.78,0.0
781.25,9.78,0.0
781.31,9.78,0.0
781.38,9.78,0.0
781.45,9.78,0.0
781.52,9.78,0.0
781.59,9.78,0.0
781.66,9.78,0.0
781.73,9.78,0.0
781.79,9.78,0.0
781.86,9.78,0.0
781.93,9.78,0.0
782.0,9.78,0.0
782.06,9.78,0.0
782.13,9.78,0.0
782.2,9.78,0.0
782.26,9.78,0.0
782.33,9.78,0.0
782.4,9.78,0.0
782.46,9.78,0.0
782.53,9.78,0.0
782.6,9.78,0.0
782.67,9.78,0.0
782.73,9.78,0.0
782.8,9.78,0.0
782.87,9.78,0.0
782.93,9.78,0.0
783.0,9.78,0.0
783.07,9.78,0.0
783.14,9.78,0.0
783.21,9.78,0.0
783.28,9.78,0.0
783.35,9.78,0.0
783.42,9.78,0.0
783.5,9.78,0.0
783.57,9.78,0.0
783.63,9.78,0.0
783.7,9.78,0.0
783.77,9.78,0.0
783.84,9.78,0.0
783.91,9.78,0.0
783.98,9.78,0.0
784.05,9.78,0.0
784.12,9.78,0.0
784.19,9.78,0.0
784.26,9.78,0.0
784.33,9.78,0.0
784.4,9.78,0.0
784.46,9.78,0.0
784.53,9.78,0.0
784.6,9.78,0.0
784.67,9.78,0.0
784.74,9.78,0.0
784.81,9.78,0.0
784.88,9.78,0.0
784.95,9.78,0.0
785.01,9.78,0.0
785.08,9.78,0.0
785.16,9.78,0.0
785.22,9.78,0.0
785.29,9.78,0.0
785.36,9.78,0.0
785.44,9.78,0.0
785.51,9.78,0.0
785.57,9.78,0.0
785.64,9.78,0.0
785.71,9.78,0.0
785.77,9.78,0.0
785.84,9.78,0.0
785.91,9.78,0.0
785.98,9.78,0.0
786.04,9.78,0.0
786.11,9.78,0.0
786.18,9.78,0.0
786.25,9.78,0.0
786.32,9.78,0.0
786.39,9.78,0.0
786.46,9.78,0.0
786.52,9.78,0.0
786.59,9.78,0.0
786.66,9.78,0.0
786.73,9.78,0.0
786.8,9.78,0.0
786.87,9.78,0.0
786.94,9.78,0.0
787.01,9.78,0.0
787.07,9.78,0.0
787.14,9.78,0.0
787.21,9.78,0.0
787.28,9.78,0.0
787.35,9.78,0.0
787.42,9.78,0.0
787.48,9.78,0.0
787.55,9.78,0.0
787.62,9.78,0.0
787.68,9.78,0.0
787.75,9.78,0.0
787.82,9.78,0.0
787.88,9.78,0.0
787.95,9.78,0.0
788.02,9.78,0.0
788.08,9.78,0.0
788.15,9.78,0.0
788.22,9.78,0.0
788.28,9.78,0.0
788.35,9.78,0.0
788.42,9.78,0.0
788.48,9.78,0.0
788.55,9.78,0.0
788.61,9.78,0.0
788.68,9.78,0.0
788.75,9.78,0.0
788.82,9.78,0.0
788.89,9.78,0.0
788.95,9.78,0.0
789.02,9.78,0.0
789.09,9.78,0.0
789.16,9.78,0.0
789.23,9.78,0.0
789.29,9.78,0.0
789.36,9.78,0.0
789.42,9.78,0.0
789.49,9.78,0.0
789.56,9.78,0.0
789.63,9.78,0.0
789.69,9.78,0.0
789.76,9.78,0.0
789.83,9.78,0.0
789.89,9.78,0.0
789.96,9.78,0.0
790.03,9.78,0.0
790.1,9.78,0.0
790.17,9.78,0.0
790.24,9.78,0.0
790.3,9.78,0.0
790.37,9.78,0.0
790.43,9.78,0.0
790.5,9.78,0.0
790.57,9.78,0.0
790.64,9.78,0.0
790.71,9.78,0.0
790.78,9.78,0.0
790.86,9.78,0.0
790.92,9.78,0.0
790.99,9.78,0.0
791.06,9.78,0.0
791.13,9.78,0.0
791.2,9.78,0.0
791.27,9.78,0.0
791.34,9.78,0.0
791.41,9.78,0.0
791.48,9.78,0.0
791.54,9.78,0.0
791.61,9.78,0.0
791.68,9.78,0.0
791.75,9.78,0.0
791.82,9.78,0.0
791.89,9.78,0.0
791.96,9.78,0.0
792.03,9.78,0.0
792.1,9.78,0.0
792.17,9.78,0.0
792.24,9.78,0.0
792.31,9.78,0.0
792.38,9.78,0.0
792.45,9.78,0.0
792.52,9.78,0.0
792.59,9.78,0.0
792.65,9.78,0.0
792.72,9.78,0.0
792.78,9.78,0.0
792.85,9.78,0.0
792.92,9.78,0.0
792.99,9.78,0.0
793.05,9.78,0.0
793.12,9.78,0.0
793.19,9.78,0.0
793.26,9.78,0.0
793.34,9.78,0.0
793.41,9.78,0.0
793.48,9.78,0.0
793.55,9.78,0.0
793.62,9.78,0.0
793.68,9.78,0.0
793.75,9.78,0.0
793.82,9.78,0.0
793.89,9.78,0.0
793.95,9.78,0.0
794.02,9.78,0.0
794.09,9.78,0.0
794.17,9.78,0.0
794.23,9.78,0.0
794.31,9.78,0.0
794.38,9.78,0.0
794.45,9.78,0.0
794.51,9.78,0.0
794.58,9.78,0.0
794.65,9.78,0.0
794.72,9.78,0.0
794.78,9.78,0.0
794.85,9.78,0.0
794.91,9.78,0.0
794.98,9.78,0.0
795.05,9.78,0.0
795.12,9.78,0.0
795.19,9.78,0.0
795.26,9.78,0.0
795.33,9.78,0.0
795.39,9.78,0.0
795.46,9.78,0.0
795.53,9.78,0.0
795.6,9.78,0.0
795.67,9.78,0.0
795.73,9.78,0.0
795.8,9.78,0.0
795.87,9.78,0.0
795.93,9.78,0.0
796.0,9.78,0.0
796.07,9.78,0.0
796.14,9.78,0.0
796.21,9.78,0.0
796.28,9.78,0.0
796.35,9.78,0.0
796.42,9.78,0.0
796.49,9.78,0.0
796.55,9.78,0.0
796.62,9.78,0.0
796.69,9.78,0.0
796.76,9.78,0.0
796.83,9.78,0.0
796.89,9.78,0.0
796.96,9.78,0.0
797.03,9.78,0.0
797.1,9.78,0.0
797.17,9.78,0.0
797.24,9.78,0.0
797.31,9.78,0.0
797.38,9.78,0.0
797.45,9.78,0.0
797.52,9.78,0.0
797.58,9.78,0.0
797.65,9.78,0.0
797.72,9.78,0.0
797.78,9.78,0.0
797.85,9.78,0.0
797.92,9.78,0.0
797.98,9.78,0.0
798.05,9.78,0.0
798.12,9.78,0.0
798.19,9.78,0.0
798.25,9.78,0.0
798.32,9.78,0.0
798.39,9.78,0.0
798.45,9.78,0.0
798.52,9.78,0.0
798.59,9.78,0.0
798.66,9.78,0.0
798.73,9.78,0.0
798.79,9.78,0.0
798.86,9.78,0.0
798.93,9.78,0.0
799.0,9.78,0.0
799.07,9.78,0.0
799.14,9.78,0.0
799.2,9.78,0.0
799.27,9.78,0.0
799.34,9.78,0.0
799.4,9.78,0.0
799.47,9.78,0.0
799.54,9.78,0.0
799.6,9.78,0.0
799.67,9.78,0.0
799.74,9.78,0.0
799.81,9.78,0.0
799.88,9.78,0.0
799.95,9.78,0.0
800.02,9.78,0.0
800.1,9.78,0.0
800.17,9.78,0.0
800.24,9.78,0.0
800.3,9.78,0.0
800.37,9.78,0.0
800.44,9.78,0.0
800.51,9.78,0.0
800.58,9.78,0.0
800.64,9.78,0.0
800.71,9.78,0.0
800.77,9.78,0.0
800.84,9.78,0.0
800.91,9.78,0.0
800.97,9.78,0.0
801.04,9.78,0.0
801.11,9.78,0.0
801.18,9.78,0.0
801.25,9.78,0.0
801.31,9.78,0.0
801.38,9.78,0.0
801.45,9.78,0.0
801.51,9.78,0.0
801.58,9.78,0.0
801.65,9.78,0.0
801.71,9.78,0.0
801.78,9.78,0.0
801.85,9.78,0.0
801.92,9.78,0.0
801.99,9.78,0.0
802.05,9.78,0.0
802.12,9.78,0.0
802.19,9.78,0.0
802.25,9.78,0.0
802.32,9.78,0.0
802.39,9.78,0.0
802.45,9.78,0.0
802.52,9.78,0.0
802.59,9.78,0.0
802.66,9.78,0.0
802.73,9.78,0.0
802.8,9.78,0.0
802.87,9.78,0.0
802.93,9.78,0.0
803.0,9.78,0.0
803.07,9.78,0.0
803.14,9.78,0.0
803.21,9.78,0.0
803.28,9.78,0.0
803.35,9.78,0.0
803.41,9.78,0.0
803.48,9.78,0.0
803.55,9.78,0.0
803.61,9.78,0.0
803.68,9.78,0.0
803.75,9.78,0.0
803.81,9.78,0.0
803.88,9.78,0.0
803.95,9.78,0.0
804.02,9.78,0.0
804.09,9.78,0.0
804.16,9.78,0.0
804.22,9.78,0.0
804.29,9.78,0.0
804.36,9.78,0.0
804.43,9.78,0.0
804.5,9.78,0.0
804.56,9.78,0.0
804.63,9.78,0.0
804.69,9.78,0.0
804.76,9.78,0.0
804.83,9.78,0.0
804.9,9.78,0.0
804.97,9.78,0.0
805.04,9.78,0.0
805.1,9.78,0.0
805.17,9.78,0.0
805.24,9.78,0.0
805.31,9.78,0.0
805.38,9.78,0.0
805.45,9.78,0.0
805.52,9.78,0.0
805.59,9.78,0.0
805.66,9.78,0.0
805.73,9.78,0.0
805.8,9.78,0.0
805.87,9.78,0.0
805.93,9.78,0.0
806.0,9.78,0.0
806.07,9.78,0.0
806.13,9.78,0.0
806.2,9.78,0.0
806.27,9.78,0.0
806.34,9.78,0.0
806.41,9.78,0.0
806.47,9.78,0.0
806.54,9.78,0.0
806.61,9.78,0.0
806.68,9.78,0.0
806.75,9.78,0.0
806.82,9.78,0.0
806.89,9.78,0.0
806.96,9.78,0.0
807.03,9.78,0.0
807.1,9.78,0.0
807.17,9.78,0.0
807.23,9.78,0.0
807.3,9.78,0.0
807.36,9.78,0.0
807.43,9.78,0.0
807.5,9.78,0.0
807.56,9.78,0.0
807.63,9.78,0.0
807.7,9.78,0.0
807.76,9.78,0.0
807.83,9.78,0.0
807.9,9.78,0.0
807.97,9.78,0.0
808.04,9.78,0.0
808.1,9.78,0.0
808.18,9.78,0.0
808.25,9.78,0.0
808.32,9.78,0.0
808.38,9.78,0.0
808.46,9.78,0.0
808.52,9.78,0.0
808.59,9.78,0.0
808.66,9.78,0.0
808.73,9.78,0.0
808.8,9.78,0.0
808.87,9.78,0.0
808.94,9.78,0.0
809.01,9.78,0.0
809.07,9.78,0.0
809.14,9.78,0.0
809.21,9.78,0.0
809.27,9.78,0.0
809.34,9.78,0.0
809.41,9.78,0.0
809.47,9.78,0.0
809.54,9.78,0.0
809.61,9.78,0.0
809.68,9.78,0.0
809.74,9.78,0.0
809.81,9.78,0.0
809.88,9.78,0.0
809.95,9.78,0.0
810.02,9.78,0.0
810.09,9.78,0.0
810.15,9.78,0.0
810.22,9.78,0.0
810.29,9.78,0.0
810.35,9.78,0.0
810.42,9.78,0.0
810.49,9.78,0.0
810.56,9.78,0.0
810.63,9.78,0.0
810.69,9.78,0.0
810.76,9.78,0.0
810.83,9.78,0.0
810.9,9.78,0.0
810.96,9.78,0.0
811.03,9.78,0.0
811.09,9.78,0.0
811.16,9.78,0.0
811.23,9.78,0.0
811.29,9.78,0.0
811.36,9.78,0.0
811.44,9.78,0.0
811.5,9.78,0.0
811.57,9.78,0.0
811.64,9.78,0.0
811.71,9.78,0.0
811.78,9.78,0.0
811.85,9.78,0.0
811.92,9.78,0.0
811.99,9.78,0.0
812.06,9.78,0.0
812.12,9.78,0.0
812.19,9.78,0.0
812.26,9.78,0.0
812.33,9.78,0.0
812.4,9.78,0.0
812.47,9.78,0.0
812.54,9.78,0.0
812.61,9.78,0.0
812.68,9.78,0.0
812.75,9.78,0.0
812.81,9.78,0.0
812.88,9.78,0.0
812.95,9.78,0.0
813.02,9.78,0.0
813.09,9.78,0.0
813.16,9.78,0.0
813.22,9.78,0.0
813.29,9.78,0.0
813.36,9.78,0.0
813.42,9.78,0.0
813.49,9.78,0.0
813.56,9.78,0.0
813.63,9.78,0.0
813.7,9.78,0.0
813.76,9.78,0.0
813.83,9.78,0.0
813.9,9.78,0.0
813.97,9.78,0.0
814.04,9.78,0.0
814.11,9.78,0.0
814.18,9.78,0.0
814.24,9.78,0.0
814.31,9.78,0.0
814.38,9.78,0.0
814.44,9.78,0.0
814.51,9.78,0.0
814.58,9.78,0.0
814.64,9.78,0.0
814.71,9.78,0.0
814.78,9.78,0.0
814.85,9.78,0.0
814.91,9.78,0.0
814.99,9.78,0.0
815.05,9.78,0.0
815.12,9.78,0.0
815.19,9.78,0.0
815.26,9.78,0.0
815.33,9.78,0.0
815.4,9.78,0.0
815.46,9.78,0.0
815.53,9.78,0.0
815.6,9.78,0.0
815.66,9.78,0.0
815.73,9.78,0.0
815.8,9.78,0.0
815.86,9.78,0.0
815.93,9.78,0.0
816.0,9.78,0.0
816.07,9.78,0.0
816.14,9.78,0.0
816.2,9.78,0.0
816.27,9.78,0.0
816.34,9.78,0.0
816.41,9.78,0.0
816.48,9.78,0.0
816.54,9.78,0.0
816.61,9.78,0.0
816.67,9.78,0.0
816.74,9.78,0.0
816.81,9.78,0.0
816.87,9.78,0.0
816.94,9.78,0.0
817.01,9.78,0.0
817.08,9.78,0.0
817.15,9.78,0.0
817.21,9.78,0.0
817.28,9.78,0.0
817.35,9.78,0.0
817.42,9.78,0.0
817.48,9.78,0.0
817.55,9.78,0.0
817.62,9.78,0.0
817.68,9.78,0.0
817.75,9.78,0.0
817.82,9.78,0.0
817.88,9.78,0.0
817.95,9.78,0.0
818.02,9.78,0.0
818.09,9.78,0.0
818.16,9.78,0.0
818.22,9.78,0.0
818.29,9.78,0.0
818.36,9.78,0.0
818.43,9.78,0.0
818.5,9.78,0.0
818.56,9.78,0.0
818.63,9.78,0.0
818.7,9.78,0.0
818.77,9.78,0.0
818.83,9.78,0.0
818.9,9.78,0.0
818.97,9.78,0.0
819.04,9.78,0.0
819.1,9.78,0.0
819.17,9.78,0.0
819.24,9.78,0.0
819.31,9.78,0.0
819.38,9.78,0.0
819.45,9.78,0.0
819.51,9.78,0.0
819.58,9.78,0.0
819.65,9.78,0.0
819.71,9.78,0.0
819.78,9.78,0.0
819.85,9.78,0.0
819.92,9.78,0.0
819.99,9.78,0.0
820.06,9.78,0.0
820.12,9.78,0.0
820.2,9.78,0.0
820.27,9.78,0.0
820.34,9.78,0.0
820.4,9.78,0.0
820.47,9.78,0.0
820.54,9.78,0.0
820.6,9.78,0.0
820.67,9.78,0.0
820.74,9.78,0.0
820.8,9.78,0.0
820.87,9.78,0.0
820.94,9.78,0.0
821.01,9.78,0.0
821.08,9.78,0.0
821.15,9.78,0.0
821.22,9.78,0.0
821.28,9.78,0.0
821.35,9.78,0.0
821.43,9.78,0.0
821.49,9.78,0.0
821.57,9.78,0.0
821.64,9.78,0.0
821.71,9.78,0.0
821.78,9.78,0.0
821.85,9.78,0.0
821.91,9.78,0.0
821.98,9.78,0.0
822.05,9.78,0.0
822.11,9.78,0.0
822.18,9.78,0.0
822.24,9.78,0.0
822.31,9.78,0.0
822.38,9.78,0.0
822.45,9.78,0.0
822.52,9.78,0.0
822.59,9.78,0.0
822.66,9.78,0.0
822.73,9.78,0.0
822.8,9.78,0.0
822.86,9.78,0.0
822.93,9.78,0.0
822.99,9.78,0.0
823.06,9.78,0.0
823.13,9.78,0.0
823.19,9.78,0.0
823.26,9.78,0.0
823.32,9.78,0.0
823.39,9.78,0.0
823.46,9.78,0.0
823.53,9.78,0.0
823.6,9.78,0.0
823.66,9.78,0.0
823.73,9.78,0.0
823.8,9.78,0.0
823.87,9.78,0.0
823.94,9.78,0.0
824.0,9.78,0.0
824.07,9.78,0.0
824.13,9.78,0.0
824.2,9.78,0.0
824.27,9.78,0.0
824.33,9.78,0.0
824.4,9.78,0.0
824.46,9.78,0.0
824.53,9.78,0.0
824.6,9.78,0.0
824.66,9.78,0.0
824.73,9.78,0.0
824.8,9.78,0.0
824.87,9.78,0.0
824.94,9.78,0.0
825.01,9.78,0.0
825.07,9.78,0.0
825.14,9.78,0.0
825.21,9.78,0.0
825.27,9.78,0.0
825.34,9.78,0.0
825.41,9.78,0.0
825.47,9.78,0.0
825.54,9.78,0.0
825.61,9.78,0.0
825.68,9.78,0.0
825.74,9.78,0.0
825.81,9.78,0.0
825.88,9.78,0.0
825.95,9.78,0.0
826.02,9.78,0.0
826.09,9.78,0.0
826.16,9.78,0.0
826.22,9.78,0.0
826.29,9.78,0.0
826.36,9.78,0.0
826.42,9.78,0.0
826.49,9.78,0.0
826.56,9.78,0.0
826.62,9.78,0.0
826.7,9.78,0.0
826.76,9.78,0.0
826.84,9.78,0.0
826.9,9.78,0.0
826.97,9.78,0.0
827.04,9.78,0.0
827.11,9.78,0.0
827.18,9.78,0.0
827.25,9.78,0.0
827.31,9.78,0.0
827.38,9.78,0.0
827.44,9.78,0.0
827.51,9.78,0.0
827.58,9.78,0.0
827.65,9.78,0.0
827.72,9.78,0.0
827.78,9.78,0.0
827.85,9.78,0.0
827.92,9.78,0.0
827.99,9.78,0.0
828.05,9.78,0.0
828.13,9.78,0.0
828.2,9.78,0.0
828.27,9.78,0.0
828.34,9.78,0.0
828.4,9.78,0.0
828.47,9.78,0.0
828.54,9.78,0.0
828.6,9.78,0.0
828.67,9.78,0.0
828.74,9.78,0.0
828.81,9.78,0.0
828.87,9.78,0.0
828.94,9.78,0.0
829.0,9.78,0.0
829.07,9.78,0.0
829.14,9.78,0.0
829.2,9.78,0.0
829.28,9.78,0.0
829.34,9.78,0.0
829.41,9.78,0.0
829.48,9.78,0.0
829.55,9.78,0.0
829.62,9.78,0.0
829.69,9.78,0.0
829.75,9.78,0.0
829.83,9.78,0.0
829.89,9.78,0.0
829.96,9.78,0.0
830.03,9.78,0.0
830.1,9.78,0.0
830.17,9.78,0.0
830.23,9.78,0.0
830.3,9.78,0.0
830.37,9.78,0.0
830.44,9.78,0.0
830.51,9.78,0.0
830.58,9.78,0.0
830.65,9.78,0.0
830.72,9.78,0.0
830.79,9.78,0.0
830.86,9.78,0.0
830.92,9.78,0.0
830.99,9.78,0.0
831.06,9.78,0.0
831.13,9.78,0.0
831.2,9.78,0.0
831.27,9.78,0.0
831.33,9.78,0.0
831.4,9.78,0.0
831.47,9.78,0.0
831.54,9.78,0.0
831.61,9.78,0.0
831.67,9.78,0.0
831.74,9.78,0.0
831.81,9.78,0.0
831.87,9.78,0.0
831.94,9.78,0.0
832.01,9.78,0.0
832.08,9.78,0.0
832.14,9.78,0.0
832.21,9.78,0.0
832.28,9.78,0.0
832.35,9.78,0.0
832.41,9.78,0.0
832.48,9.78,0.0
832.55,9.78,0.0
832.63,9.78,0.0
832.69,9.78,0.0
832.76,9.78,0.0
832.83,9.78,0.0
832.9,9.78,0.0
832.96,9.78,0.0
833.03,9.78,0.0
833.1,9.78,0.0
833.17,9.78,0.0
833.23,9.78,0.0
833.3,9.78,0.0
833.36,9.78,0.0
833.43,9.78,0.0
833.5,9.78,0.0
833.58,9.78,0.0
833.64,9.78,0.0
833.71,9.78,0.0
833.78,9.78,0.0
833.85,9.78,0.0
833.92,9.78,0.0
833.98,9.78,0.0
834.06,9.78,0.0
834.13,9.78,0.0
834.19,9.78,0.0
834.26,9.78,0.0
834.33,9.78,0.0
834.4,9.78,0.0
834.47,9.78,0.0
834.54,9.78,0.0
834.61,9.78,0.0
834.67,9.78,0.0
834.74,9.78,0.0
834.81,9.78,0.0
834.88,9.78,0.0
834.95,9.78,0.0
835.02,9.78,0.0
835.08,9.78,0.0
835.15,9.78,0.0
835.21,9.78,0.0
835.28,9.78,0.0
835.35,9.78,0.0
835.42,9.78,0.0
835.49,9.78,0.0
835.56,9.78,0.0
835.63,9.78,0.0
835.7,9.78,0.0
835.77,9.78,0.0
835.84,9.78,0.0
835.91,9.78,0.0
835.97,9.78,0.0
836.04,9.78,0.0
836.11,9.78,0.0
836.18,9.78,0.0
836.24,9.78,0.0
836.31,9.78,0.0
836.38,9.78,0.0
836.44,9.78,0.0
836.51,9.78,0.0
836.58,9.78,0.0
836.64,9.78,0.0
836.71,9.78,0.0
836.78,9.78,0.0
836.84,9.78,0.0
836.91,9.78,0.0
836.98,9.78,0.0
837.05,9.78,0.0
837.12,9.78,0.0
837.19,9.78,0.0
837.26,9.78,0.0
837.32,9.78,0.0
837.39,9.78,0.0
837.46,9.78,0.0
837.53,9.78,0.0
837.6,9.78,0.0
837.67,9.78,0.0
837.74,9.78,0.0
837.81,9.78,0.0
837.88,9.78,0.0
837.95,9.78,0.0
838.02,9.78,0.0
838.08,9.78,0.0
838.15,9.78,0.0
838.22,9.78,0.0
838.29,9.78,0.0
838.36,9.78,0.0
838.43,9.78,0.0
838.49,9.78,0.0
838.56,9.78,0.0
838.63,9.78,0.0
838.7,9.78,0.0
838.77,9.78,0.0
838.83,9.78,0.0
838.9,9.78,0.0
838.96,9.78,0.0
839.03,9.78,0.0
839.1,9.78,0.0
839.17,9.78,0.0
839.23,9.78,0.0
839.3,9.78,0.0
839.38,9.78,0.0
839.44,9.78,0.0
839.51,9.78,0.0
839.58,9.78,0.0
839.65,9.78,0.0
839.72,9.78,0.0
839.79,9.78,0.0
839.86,9.78,0.0
839.92,9.78,0.0
839.99,9.78,0.0
840.06,9.78,0.0
840.13,9.78,0.0
840.2,9.78,0.0
840.27,9.78,0.0
840.34,9.78,0.0
840.41,9.78,0.0
840.47,9.78,0.0
840.54,9.78,0.0
840.61,9.78,0.0
840.68,9.78,0.0
840.74,9.78,0.0
840.82,9.78,0.0
840.89,9.78,0.0
840.95,9.78,0.0
841.02,9.78,0.0
841.09,9.78,0.0
841.16,9.78,0.0
841.23,9.78,0.0
841.3,9.78,0.0
841.36,9.78,0.0
841.43,9.78,0.0
841.5,9.78,0.0
841.56,9.78,0.0
841.63,9.78,0.0
841.71,9.78,0.0
841.78,9.78,0.0
841.84,9.78,0.0
841.91,9.78,0.0
841.98,9.78,0.0
842.05,9.78,0.0
842.12,9.78,0.0
842.18,9.78,0.0
842.25,9.78,0.0
842.32,9.78,0.0
842.38,9.78,0.0
842.45,9.78,0.0
842.52,9.78,0.0
842.58,9.78,0.0
842.65,9.78,0.0
842.72,9.78,0.0
842.79,9.78,0.0
842.86,9.78,0.0
842.93,9.78,0.0
842.99,9.78,0.0
843.06,9.78,0.0
843.13,9.78,0.0
843.2,9.78,0.0
843.27,9.78,0.0
843.34,9.78,0.0
843.41,9.78,0.0
843.48,9.78,0.0
843.54,9.78,0.0
843.61,9.78,0.0
843.68,9.78,0.0
843.75,9.78,0.0
843.81,9.78,0.0
843.88,9.78,0.0
843.94,9.78,0.0
844.01,9.78,0.0
844.08,9.78,0.0
844.14,9.78,0.0
844.21,9.78,0.0
844.28,9.78,0.0
844.35,9.78,0.0
844.42,9.78,0.0
844.49,9.78,0.0
844.56,9.78,0.0
844.62,9.78,0.0
844.69,9.78,0.0
844.76,9.78,0.0
844.82,9.78,0.0
844.89,9.78,0.0
844.96,9.78,0.0
845.02,9.78,0.0
845.09,9.78,0.0
845.16,9.78,0.0
845.23,9.78,0.0
845.3,9.78,0.0
845.37,9.78,0.0
845.44,9.78,0.0
845.51,9.78,0.0
845.58,9.78,0.0
845.65,9.78,0.0
845.71,9.78,0.0
845.78,9.78,0.0
845.85,9.78,0.0
845.92,9.78,0.0
845.99,9.78,0.0
846.05,9.78,0.0
846.12,9.78,0.0
846.19,9.78,0.0
846.25,9.78,0.0
846.32,9.78,0.0
846.39,9.78,0.0
846.45,9.78,0.0
846.52,9.78,0.0
846.6,9.78,0.0
846.67,9.78,0.0
846.74,9.78,0.0
846.8,9.78,0.0
846.87,9.78,0.0
846.94,9.78,0.0
847.01,9.78,0.0
847.07,9.78,0.0
847.14,9.78,0.0
847.21,9.78,0.0
847.28,9.78,0.0
847.34,9.78,0.0
847.41,9.78,0.0
847.48,9.78,0.0
847.55,9.78,0.0
847.62,9.78,0.0
847.66,9.78,0.0
847.68,9.78,0.0
847.75,9.78,0.0
847.82,9.78,0.0
847.89,9.78,0.0
