ElapsedSec,LAT,LNG,GpsSpeedMps,GPSFixQual,GPSSats,GPSHdop
0.0,0.0,0.0,0.0,0,0,0.0
0.0,0.0,0.0,0.0,0,0,0.0
0.0,0.0,0.0,0.0,0,0,0.0
0.0,0.0,0.0,0.0,0,0,0.0
0.0,0.0,0.0,0.0,0,0,0.0
0.0,0.0,0.0,0.0,0,0,0.0
0.0,0.0,0.0,0.0,0,0,0.0
0.0,0.0,0.0,0.0,0,0,0.0
0.0,0.0,0.0,0.0,0,0,0.0
0.0,30.374768,130.960088,0.0,2,19,0.65
0.0,30.374768,130.960088,0.0,2,19,0.65
0.0,30.374768,130.960088,0.0,2,19,0.65
0.0,30.374768,130.960088,0.0,2,19,0.65
0.0,30.374768,130.960088,0.0,2,19,0.65
0.0,30.374768,130.960088,0.0,2,19,0.65
0.0,30.374768,130.960088,0.0,2,19,0.65
0.0,30.374768,130.960088,0.0,2,19,0.65
0.0,30.374768,130.960088,0.0,2,19,0.65
0.0,30.374768,130.960088,0.0,2,19,0.65
0.05,30.374768,130.960088,0.0,2,19,0.65
0.12,30.374768,130.960088,0.0,2,19,0.65
0.19,30.374768,130.960088,0.0,2,19,0.65
0.25,30.374768,130.960088,0.0,2,19,0.65
0.32,30.374768,130.960088,0.0,2,19,0.65
0.38,30.374768,130.960088,0.0,2,19,0.65
0.45,30.374768,130.960088,0.0,2,18,0.7
0.51,30.374768,130.960088,0.0,2,18,0.7
0.58,30.374768,130.960088,0.0,2,18,0.7
0.64,30.374768,130.960088,0.0,2,18,0.7
0.71,30.374768,130.960088,0.0,2,18,0.7
0.78,30.374768,130.960088,0.0,2,18,0.7
0.84,30.374768,130.960088,0.0,2,18,0.7
0.91,30.374768,130.960088,0.0,2,18,0.7
0.97,30.374768,130.960088,0.0,2,18,0.7
1.04,30.374768,130.960088,0.0,2,18,0.7
1.1,30.374768,130.960088,0.0,2,18,0.7
1.17,30.374768,130.960088,0.0,2,18,0.7
1.23,30.374768,130.960088,0.0,2,18,0.7
1.3,30.374768,130.960088,0.0,2,18,0.7
1.37,30.374768,130.960088,0.0,2,18,0.7
1.43,30.374768,130.960088,0.0,2,19,0.69
1.5,30.374768,130.960088,0.0,2,19,0.69
1.56,30.374768,130.960088,0.0,2,19,0.69
1.63,30.374768,130.960088,0.0,2,19,0.69
1.69,30.374768,130.960088,0.0,2,19,0.69
1.76,30.374768,130.960088,0.0,2,19,0.69
1.83,30.374768,130.960088,0.0,2,19,0.69
1.89,30.374768,130.960088,0.0,2,19,0.69
1.96,30.374768,130.960088,0.0,2,19,0.69
2.02,30.374768,130.960088,0.0,2,19,0.69
2.09,30.374768,130.960088,0.0,2,19,0.69
2.16,30.374768,130.960088,0.0,2,19,0.69
2.22,30.374768,130.960088,0.0,2,19,0.69
2.29,30.374768,130.960088,0.0,2,19,0.69
2.35,30.374768,130.960088,0.0,2,19,0.69
2.42,30.374767,130.960088,0.19,2,18,0.7
2.48,30.374767,130.960088,0.19,2,18,0.7
2.55,30.374767,130.960088,0.19,2,18,0.7
2.62,30.374767,130.960088,0.19,2,18,0.7
2.68,30.374767,130.960088,0.19,2,18,0.7
2.75,30.374767,130.960088,0.19,2,18,0.7
2.81,30.374767,130.960088,0.19,2,18,0.7
2.88,30.374767,130.960088,0.19,2,18,0.7
2.94,30.374767,130.960088,0.19,2,18,0.7
3.01,30.374767,130.960088,0.19,2,18,0.7
3.08,30.374767,130.960088,0.19,2,18,0.7
3.14,30.374767,130.960088,0.19,2,18,0.7
3.21,30.374767,130.960088,0.19,2,18,0.7
3.27,30.374767,130.960088,0.19,2,18,0.7
3.34,30.374767,130.960088,0.19,2,18,0.7
3.41,30.374767,130.960088,0.19,2,18,0.7
3.47,30.374767,130.960088,0.0,2,18,0.7
3.54,30.374767,130.960088,0.0,2,18,0.7
3.61,30.374767,130.960088,0.0,2,18,0.7
3.67,30.374767,130.960088,0.0,2,18,0.7
3.74,30.374767,130.960088,0.0,2,18,0.7
3.81,30.374767,130.960088,0.0,2,18,0.7
3.87,30.374767,130.960088,0.0,2,18,0.7
3.94,30.374767,130.960088,0.0,2,18,0.7
4.01,30.374767,130.960088,0.0,2,18,0.7
4.07,30.374767,130.960088,0.0,2,18,0.7
4.16,30.374767,130.960088,0.0,2,18,0.7
4.22,30.374767,130.960088,0.0,2,18,0.7
4.29,30.374767,130.960088,0.0,2,18,0.7
4.36,30.374767,130.960088,0.0,2,18,0.7
4.43,30.374767,130.960088,0.0,2,18,0.7
4.5,30.374767,130.960088,0.0,2,18,0.7
4.56,30.374767,130.960088,0.0,2,18,0.7
4.63,30.374767,130.960088,0.0,2,18,0.7
4.69,30.374767,130.960088,0.0,2,18,0.7
4.76,30.374767,130.960088,0.0,2,18,0.7
4.83,30.374767,130.960088,0.0,2,18,0.7
4.9,30.374767,130.960088,0.0,2,18,0.7
4.97,30.374767,130.960088,0.0,2,18,0.7
5.03,30.374767,130.960088,0.0,2,18,0.7
5.1,30.374767,130.960088,0.0,2,18,0.7
5.16,30.374767,130.960088,0.0,2,18,0.7
5.23,30.374767,130.960088,0.0,2,18,0.7
5.3,30.374767,130.960088,0.0,2,18,0.7
5.36,30.374767,130.960088,0.0,2,18,0.7
5.43,30.374767,130.960088,0.0,2,18,0.67
5.5,30.374767,130.960088,0.0,2,18,0.67
5.56,30.374767,130.960088,0.0,2,18,0.67
5.63,30.374767,130.960088,0.0,2,18,0.67
5.69,30.374767,130.960088,0.0,2,18,0.67
5.76,30.374767,130.960088,0.0,2,18,0.67
5.82,30.374767,130.960088,0.0,2,18,0.67
5.89,30.374767,130.960088,0.0,2,18,0.67
5.96,30.374767,130.960088,0.0,2,18,0.67
6.02,30.374767,130.960088,0.0,2,18,0.67
6.09,30.374767,130.960088,0.0,2,18,0.67
6.15,30.374767,130.960088,0.0,2,18,0.67
6.22,30.374767,130.960088,0.0,2,18,0.67
6.29,30.374767,130.960088,0.0,2,18,0.67
6.36,30.374767,130.960088,0.0,2,18,0.67
6.42,30.374767,130.960088,0.0,2,18,0.7
6.49,30.374767,130.960088,0.0,2,18,0.7
6.56,30.374767,130.960088,0.0,2,18,0.7
6.62,30.374767,130.960088,0.0,2,18,0.7
6.69,30.374767,130.960088,0.0,2,18,0.7
6.75,30.374767,130.960088,0.0,2,18,0.7
6.82,30.374767,130.960088,0.0,2,18,0.7
6.89,30.374767,130.960088,0.0,2,18,0.7
6.95,30.374767,130.960088,0.0,2,18,0.7
7.02,30.374767,130.960088,0.0,2,18,0.7
7.08,30.374767,130.960088,0.0,2,18,0.7
7.15,30.374767,130.960088,0.0,2,18,0.7
7.22,30.374767,130.960088,0.0,2,18,0.7
7.28,30.374767,130.960088,0.0,2,18,0.7
7.35,30.374767,130.960088,0.0,2,18,0.7
7.42,30.374767,130.960088,0.0,2,18,0.7
7.48,30.374767,130.960088,0.0,2,18,0.7
7.55,30.374767,130.960088,0.0,2,18,0.7
7.62,30.374767,130.960088,0.0,2,18,0.7
7.68,30.374767,130.960088,0.0,2,18,0.7
7.75,30.374767,130.960088,0.0,2,18,0.7
7.81,30.374767,130.960088,0.0,2,18,0.7
7.88,30.374767,130.960088,0.0,2,18,0.7
7.95,30.374767,130.960088,0.0,2,18,0.7
8.01,30.374767,130.960088,0.0,2,18,0.7
8.08,30.374767,130.960088,0.0,2,18,0.7
8.15,30.374767,130.960088,0.0,2,18,0.7
8.21,30.374767,130.960088,0.0,2,18,0.7
8.28,30.374767,130.960088,0.0,2,18,0.7
8.34,30.374767,130.960088,0.0,2,18,0.7
8.41,30.374767,130.960088,0.0,2,18,0.7
8.48,30.374765,130.960088,0.19,2,18,0.7
8.55,30.374765,130.960088,0.19,2,18,0.7
8.61,30.374765,130.960088,0.19,2,18,0.7
8.68,30.374765,130.960088,0.19,2,18,0.7
8.75,30.374765,130.960088,0.19,2,18,0.7
8.81,30.374765,130.960088,0.19,2,18,0.7
8.88,30.374765,130.960088,0.19,2,18,0.7
8.95,30.374765,130.960088,0.19,2,18,0.7
9.01,30.374765,130.960088,0.19,2,18,0.7
9.08,30.374765,130.960088,0.19,2,18,0.7
9.15,30.374765,130.960088,0.19,2,18,0.7
9.21,30.374765,130.960088,0.19,2,18,0.7
9.28,30.374765,130.960088,0.19,2,18,0.7
9.35,30.374765,130.960088,0.19,2,18,0.7
9.42,30.374765,130.960088,0.0,2,18,0.7
9.48,30.374765,130.960088,0.0,2,18,0.7
9.55,30.374765,130.960088,0.0,2,18,0.7
9.62,30.374765,130.960088,0.0,2,18,0.7
9.68,30.374765,130.960088,0.0,2,18,0.7
9.75,30.374765,130.960088,0.0,2,18,0.7
9.82,30.374765,130.960088,0.0,2,18,0.7
9.88,30.374765,130.960088,0.0,2,18,0.7
9.95,30.374765,130.960088,0.0,2,18,0.7
10.02,30.374765,130.960088,0.0,2,18,0.7
10.08,30.374765,130.960088,0.0,2,18,0.7
10.15,30.374765,130.960088,0.0,2,18,0.7
10.22,30.374765,130.960088,0.0,2,18,0.7
10.28,30.374765,130.960088,0.0,2,18,0.7
10.35,30.374765,130.960088,0.0,2,18,0.7
10.42,30.374765,130.960088,0.0,2,18,0.7
10.48,30.374765,130.960088,0.0,2,18,0.7
10.55,30.374765,130.960088,0.0,2,18,0.7
10.62,30.374765,130.960088,0.0,2,18,0.7
10.68,30.374765,130.960088,0.0,2,18,0.7
10.75,30.374765,130.960088,0.0,2,18,0.7
10.82,30.374765,130.960088,0.0,2,18,0.7
10.89,30.374765,130.960088,0.0,2,18,0.7
10.96,30.374765,130.960088,0.0,2,18,0.7
11.02,30.374765,130.960088,0.0,2,18,0.7
11.09,30.374765,130.960088,0.0,2,18,0.7
11.16,30.374765,130.960088,0.0,2,18,0.7
11.22,30.374765,130.960088,0.0,2,18,0.7
11.29,30.374765,130.960088,0.0,2,18,0.7
11.35,30.374765,130.960088,0.0,2,18,0.7
11.42,30.374767,130.960088,0.19,2,18,0.7
11.49,30.374767,130.960088,0.19,2,18,0.7
11.55,30.374767,130.960088,0.19,2,18,0.7
11.62,30.374767,130.960088,0.19,2,18,0.7
11.68,30.374767,130.960088,0.19,2,18,0.7
11.75,30.374767,130.960088,0.19,2,18,0.7
11.82,30.374767,130.960088,0.19,2,18,0.7
11.88,30.374767,130.960088,0.19,2,18,0.7
11.95,30.374767,130.960088,0.19,2,18,0.7
12.02,30.374767,130.960088,0.19,2,18,0.7
12.08,30.374767,130.960088,0.19,2,18,0.7
12.15,30.374767,130.960088,0.19,2,18,0.7
12.21,30.374767,130.960088,0.19,2,18,0.7
12.28,30.374767,130.960088,0.19,2,18,0.7
12.35,30.374767,130.960088,0.19,2,18,0.7
12.41,30.374767,130.960088,0.0,2,18,0.7
12.48,30.374767,130.960088,0.0,2,18,0.7
12.54,30.374767,130.960088,0.0,2,18,0.7
12.61,30.374767,130.960088,0.0,2,18,0.7
12.67,30.374767,130.960088,0.0,2,18,0.7
12.74,30.374767,130.960088,0.0,2,18,0.7
12.81,30.374767,130.960088,0.0,2,18,0.7
12.87,30.374767,130.960088,0.0,2,18,0.7
12.94,30.374767,130.960088,0.0,2,18,0.7
13.01,30.374767,130.960088,0.0,2,18,0.7
13.1,30.374767,130.960088,0.0,2,18,0.7
13.16,30.374767,130.960088,0.0,2,18,0.7
13.23,30.374767,130.960088,0.0,2,18,0.7
13.3,30.374767,130.960088,0.0,2,18,0.7
13.36,30.374767,130.960088,0.0,2,18,0.7
13.43,30.374765,130.960088,0.19,2,19,0.65
13.5,30.374765,130.960088,0.19,2,19,0.65
13.56,30.374765,130.960088,0.19,2,19,0.65
13.63,30.374765,130.960088,0.19,2,19,0.65
13.69,30.374765,130.960088,0.19,2,19,0.65
13.76,30.374765,130.960088,0.19,2,19,0.65
13.83,30.374765,130.960088,0.19,2,19,0.65
13.89,30.374765,130.960088,0.19,2,19,0.65
13.96,30.374765,130.960088,0.19,2,19,0.65
14.04,30.374765,130.960088,0.19,2,19,0.65
14.1,30.374765,130.960088,0.19,2,19,0.65
14.17,30.374765,130.960088,0.19,2,19,0.65
14.24,30.374765,130.960088,0.19,2,19,0.65
14.3,30.374765,130.960088,0.19,2,19,0.65
14.37,30.374765,130.960088,0.19,2,19,0.65
14.44,30.374767,130.960088,0.18,2,19,0.68
14.5,30.374767,130.960088,0.18,2,19,0.68
14.57,30.374767,130.960088,0.18,2,19,0.68
14.63,30.374767,130.960088,0.18,2,19,0.68
14.7,30.374767,130.960088,0.18,2,19,0.68
14.77,30.374767,130.960088,0.18,2,19,0.68
14.83,30.374767,130.960088,0.18,2,19,0.68
14.9,30.374767,130.960088,0.18,2,19,0.68
14.97,30.374767,130.960088,0.18,2,19,0.68
15.03,30.374767,130.960088,0.18,2,19,0.68
15.1,30.374767,130.960088,0.18,2,19,0.68
15.17,30.374767,130.960088,0.18,2,19,0.68
15.23,30.374767,130.960088,0.18,2,19,0.68
15.3,30.374767,130.960088,0.18,2,19,0.68
15.37,30.374767,130.960088,0.18,2,19,0.68
15.43,30.374767,130.960088,0.0,2,19,0.68
15.5,30.374767,130.960088,0.0,2,19,0.68
15.57,30.374767,130.960088,0.0,2,19,0.68
15.63,30.374767,130.960088,0.0,2,19,0.68
15.7,30.374767,130.960088,0.0,2,19,0.68
15.77,30.374767,130.960088,0.0,2,19,0.68
15.83,30.374767,130.960088,0.0,2,19,0.68
15.9,30.374767,130.960088,0.0,2,19,0.68
15.97,30.374767,130.960088,0.0,2,19,0.68
16.03,30.374767,130.960088,0.0,2,19,0.68
16.1,30.374767,130.960088,0.0,2,19,0.68
16.16,30.374767,130.960088,0.0,2,19,0.68
16.23,30.374767,130.960088,0.0,2,19,0.68
16.3,30.374767,130.960088,0.0,2,19,0.68
16.37,30.374767,130.960088,0.0,2,19,0.68
16.43,30.374767,130.960088,0.0,2,19,0.68
16.5,30.374767,130.960088,0.0,2,19,0.68
16.56,30.374767,130.960088,0.0,2,19,0.68
16.63,30.374767,130.960088,0.0,2,19,0.68
16.7,30.374767,130.960088,0.0,2,19,0.68
16.76,30.374767,130.960088,0.0,2,19,0.68
16.83,30.374767,130.960088,0.0,2,19,0.68
16.9,30.374767,130.960088,0.0,2,19,0.68
16.96,30.374767,130.960088,0.0,2,19,0.68
17.03,30.374767,130.960088,0.0,2,19,0.68
17.1,30.374767,130.960088,0.0,2,19,0.68
17.17,30.374767,130.960088,0.0,2,19,0.68
17.24,30.374767,130.960088,0.0,2,19,0.68
17.31,30.374767,130.960088,0.0,2,19,0.68
17.37,30.374767,130.960088,0.0,2,19,0.68
17.44,30.374767,130.960088,0.0,2,19,0.68
17.5,30.374767,130.960088,0.0,2,19,0.68
17.57,30.374767,130.960088,0.0,2,19,0.68
17.64,30.374767,130.960088,0.0,2,19,0.68
17.7,30.374767,130.960088,0.0,2,19,0.68
17.77,30.374767,130.960088,0.0,2,19,0.68
17.83,30.374767,130.960088,0.0,2,19,0.68
17.9,30.374767,130.960088,0.0,2,19,0.68
17.97,30.374767,130.960088,0.0,2,19,0.68
18.03,30.374767,130.960088,0.0,2,19,0.68
18.1,30.374767,130.960088,0.0,2,19,0.68
18.16,30.374767,130.960088,0.0,2,19,0.68
18.23,30.374767,130.960088,0.0,2,19,0.68
18.3,30.374767,130.960088,0.0,2,19,0.68
18.36,30.374767,130.960088,0.0,2,19,0.68
18.43,30.374767,130.960088,0.0,2,19,0.68
18.5,30.374767,130.960088,0.0,2,19,0.68
18.56,30.374767,130.960088,0.0,2,19,0.68
18.63,30.374767,130.960088,0.0,2,19,0.68
18.69,30.374767,130.960088,0.0,2,19,0.68
18.76,30.374767,130.960088,0.0,2,19,0.68
18.83,30.374767,130.960088,0.0,2,19,0.68
18.89,30.374767,130.960088,0.0,2,19,0.68
18.96,30.374767,130.960088,0.0,2,19,0.68
19.02,30.374767,130.960088,0.0,2,19,0.68
19.09,30.374767,130.960088,0.0,2,19,0.68
19.16,30.374767,130.960088,0.0,2,19,0.68
19.22,30.374767,130.960088,0.0,2,19,0.68
19.29,30.374767,130.960088,0.0,2,19,0.68
19.35,30.374767,130.960088,0.0,2,19,0.68
19.42,30.374767,130.960088,0.0,2,19,0.68
19.49,30.374767,130.960088,0.0,2,19,0.68
19.55,30.374767,130.960088,0.0,2,19,0.68
19.62,30.374767,130.960088,0.0,2,19,0.68
19.69,30.374767,130.960088,0.0,2,19,0.68
19.75,30.374767,130.960088,0.0,2,19,0.68
19.82,30.374767,130.960088,0.0,2,19,0.68
19.88,30.374767,130.960088,0.0,2,19,0.68
19.95,30.374767,130.960088,0.0,2,19,0.68
20.02,30.374767,130.960088,0.0,2,19,0.68
20.08,30.374767,130.960088,0.0,2,19,0.68
20.15,30.374767,130.960088,0.0,2,19,0.68
20.22,30.374767,130.960088,0.0,2,19,0.68
20.28,30.374767,130.960088,0.0,2,19,0.68
20.35,30.374767,130.960088,0.0,2,19,0.68
20.42,30.374767,130.960088,0.0,2,19,0.68
20.48,30.374767,130.960088,0.0,2,19,0.68
20.55,30.374767,130.960088,0.0,2,19,0.68
20.61,30.374767,130.960088,0.0,2,19,0.68
20.68,30.374767,130.960088,0.0,2,19,0.68
20.75,30.374767,130.960088,0.0,2,19,0.68
20.81,30.374767,130.960088,0.0,2,19,0.68
20.88,30.374767,130.960088,0.0,2,19,0.68
20.95,30.374767,130.960088,0.0,2,19,0.68
21.01,30.374767,130.960088,0.0,2,19,0.68
21.08,30.374767,130.960088,0.0,2,19,0.68
21.15,30.374767,130.960088,0.0,2,19,0.68
21.21,30.374767,130.960088,0.0,2,19,0.68
21.28,30.374767,130.960088,0.0,2,19,0.68
21.34,30.374767,130.960088,0.0,2,19,0.68
21.41,30.374765,130.960088,0.19,2,19,0.68
21.48,30.374765,130.960088,0.19,2,19,0.68
21.54,30.374765,130.960088,0.19,2,19,0.68
21.61,30.374765,130.960088,0.19,2,19,0.68
21.68,30.374765,130.960088,0.19,2,19,0.68
21.74,30.374765,130.960088,0.19,2,19,0.68
21.81,30.374765,130.960088,0.19,2,19,0.68
21.88,30.374765,130.960088,0.19,2,19,0.68
21.94,30.374765,130.960088,0.19,2,19,0.68
22.01,30.374765,130.960088,0.19,2,19,0.68
22.08,30.374765,130.960088,0.19,2,19,0.68
22.14,30.374765,130.960088,0.19,2,19,0.68
22.21,30.374765,130.960088,0.19,2,19,0.68
22.28,30.374765,130.960088,0.19,2,19,0.68
22.34,30.374765,130.960088,0.19,2,19,0.68
22.41,30.374765,130.960088,0.19,2,19,0.68
22.48,30.374765,130.960088,0.0,2,19,0.68
22.54,30.374765,130.960088,0.0,2,19,0.68
22.61,30.374765,130.960088,0.0,2,19,0.68
22.68,30.374765,130.960088,0.0,2,19,0.68
22.74,30.374765,130.960088,0.0,2,19,0.68
22.81,30.374765,130.960088,0.0,2,19,0.68
22.88,30.374765,130.960088,0.0,2,19,0.68
22.94,30.374765,130.960088,0.0,2,19,0.68
23.01,30.374765,130.960088,0.0,2,19,0.68
23.08,30.374765,130.960088,0.0,2,19,0.68
23.14,30.374765,130.960088,0.0,2,19,0.68
23.21,30.374765,130.960088,0.0,2,19,0.68
23.28,30.374765,130.960088,0.0,2,19,0.68
23.34,30.374765,130.960088,0.0,2,19,0.68
23.41,30.374765,130.960088,0.0,2,19,0.68
23.48,30.374765,130.960088,0.0,2,19,0.68
23.54,30.374765,130.960088,0.0,2,19,0.68
23.61,30.374765,130.960088,0.0,2,19,0.68
23.68,30.374765,130.960088,0.0,2,19,0.68
23.74,30.374765,130.960088,0.0,2,19,0.68
23.81,30.374765,130.960088,0.0,2,19,0.68
23.88,30.374765,130.960088,0.0,2,19,0.68
23.95,30.374765,130.960088,0.0,2,19,0.68
24.02,30.374765,130.960088,0.0,2,19,0.68
24.08,30.374765,130.960088,0.0,2,19,0.68
24.15,30.374765,130.960088,0.0,2,19,0.68
24.21,30.374765,130.960088,0.0,2,19,0.68
24.28,30.374765,130.960088,0.0,2,19,0.68
24.35,30.374765,130.960088,0.0,2,19,0.68
24.41,30.374765,130.960088,0.0,2,19,0.68
24.48,30.374765,130.960088,0.0,2,19,0.68
24.54,30.374765,130.960088,0.0,2,19,0.68
24.61,30.374765,130.960088,0.0,2,19,0.68
24.67,30.374765,130.960088,0.0,2,19,0.68
24.74,30.374765,130.960088,0.0,2,19,0.68
24.81,30.374765,130.960088,0.0,2,19,0.68
24.87,30.374765,130.960088,0.0,2,19,0.68
24.94,30.374765,130.960088,0.0,2,19,0.68
25.01,30.374765,130.960088,0.0,2,19,0.68
25.07,30.374765,130.960088,0.0,2,19,0.68
25.15,30.374765,130.960088,0.0,2,19,0.68
25.21,30.374765,130.960088,0.0,2,19,0.68
25.28,30.374765,130.960088,0.0,2,19,0.68
25.35,30.374765,130.960088,0.0,2,19,0.68
25.41,30.374765,130.960088,0.0,2,19,0.68
25.48,30.374765,130.960088,0.0,2,19,0.68
25.54,30.374765,130.960088,0.0,2,19,0.68
25.61,30.374765,130.960088,0.0,2,19,0.68
25.67,30.374765,130.960088,0.0,2,19,0.68
25.74,30.374765,130.960088,0.0,2,19,0.68
25.81,30.374765,130.960088,0.0,2,19,0.68
25.87,30.374765,130.960088,0.0,2,19,0.68
25.94,30.374765,130.960088,0.0,2,19,0.68
26.01,30.374765,130.960088,0.0,2,19,0.68
26.07,30.374765,130.960088,0.0,2,19,0.68
26.14,30.374765,130.960088,0.0,2,19,0.68
26.2,30.374765,130.960088,0.0,2,19,0.68
26.27,30.374765,130.960088,0.0,2,19,0.68
26.34,30.374765,130.960088,0.0,2,19,0.68
26.4,30.374765,130.960088,0.0,2,19,0.68
26.47,30.374765,130.960088,0.0,2,19,0.68
26.53,30.374765,130.960088,0.0,2,19,0.68
26.6,30.374765,130.960088,0.0,2,19,0.68
26.67,30.374765,130.960088,0.0,2,19,0.68
26.73,30.374765,130.960088,0.0,2,19,0.68
26.8,30.374765,130.960088,0.0,2,19,0.68
26.86,30.374765,130.960088,0.0,2,19,0.68
26.93,30.374765,130.960088,0.0,2,19,0.68
26.99,30.374765,130.960088,0.0,2,19,0.68
27.06,30.374765,130.960088,0.0,2,19,0.68
27.13,30.374765,130.960088,0.0,2,19,0.68
27.19,30.374765,130.960088,0.0,2,19,0.68
27.26,30.374765,130.960088,0.0,2,19,0.68
27.33,30.374765,130.960088,0.0,2,19,0.68
27.39,30.374765,130.960088,0.0,2,19,0.68
27.46,30.374765,130.960088,0.0,2,19,0.68
27.52,30.374765,130.960088,0.0,2,19,0.68
27.59,30.374765,130.960088,0.0,2,19,0.68
27.66,30.374765,130.960088,0.0,2,19,0.68
27.72,30.374765,130.960088,0.0,2,19,0.68
27.79,30.374765,130.960088,0.0,2,19,0.68
27.86,30.374765,130.960088,0.0,2,19,0.68
27.92,30.374765,130.960088,0.0,2,19,0.68
27.99,30.374765,130.960088,0.0,2,19,0.68
28.05,30.374765,130.960088,0.0,2,19,0.68
28.12,30.374765,130.960088,0.0,2,19,0.68
28.19,30.374765,130.960088,0.0,2,19,0.68
28.25,30.374765,130.960088,0.0,2,19,0.68
28.32,30.374765,130.960088,0.0,2,19,0.68
28.39,30.374765,130.960088,0.0,2,19,0.68
28.45,30.374765,130.960088,0.0,2,19,0.68
28.52,30.374765,130.960088,0.0,2,19,0.68
28.59,30.374765,130.960088,0.0,2,19,0.68
28.65,30.374765,130.960088,0.0,2,19,0.68
28.72,30.374765,130.960088,0.0,2,19,0.68
28.79,30.374765,130.960088,0.0,2,19,0.68
28.85,30.374765,130.960088,0.0,2,19,0.68
28.92,30.374765,130.960088,0.0,2,19,0.68
28.99,30.374765,130.960088,0.0,2,19,0.68
29.05,30.374765,130.960088,0.0,2,19,0.68
29.12,30.374765,130.960088,0.0,2,19,0.68
29.19,30.374765,130.960088,0.0,2,19,0.68
29.25,30.374765,130.960088,0.0,2,19,0.68
29.32,30.374765,130.960088,0.0,2,19,0.68
29.39,30.374765,130.960088,0.0,2,19,0.68
29.45,30.374765,130.960088,0.0,2,19,0.68
29.52,30.374765,130.960088,0.0,2,19,0.68
29.58,30.374765,130.960088,0.0,2,19,0.68
29.65,30.374765,130.960088,0.0,2,19,0.68
29.72,30.374765,130.960088,0.0,2,19,0.68
29.78,30.374765,130.960088,0.0,2,19,0.68
29.85,30.374765,130.960088,0.0,2,19,0.68
29.92,30.374765,130.960088,0.0,2,19,0.68
29.98,30.374765,130.960088,0.0,2,19,0.68
30.05,30.374765,130.960088,0.0,2,19,0.68
30.12,30.374765,130.960088,0.0,2,19,0.68
30.18,30.374765,130.960088,0.0,2,19,0.68
30.25,30.374765,130.960088,0.0,2,19,0.68
30.32,30.374765,130.960088,0.0,2,19,0.68
30.38,30.374765,130.960088,0.0,2,19,0.68
30.45,30.374765,130.960088,0.0,2,19,0.68
30.52,30.374765,130.960088,0.0,2,19,0.68
30.58,30.374765,130.960088,0.0,2,19,0.68
30.65,30.374765,130.960088,0.0,2,19,0.68
30.71,30.374765,130.960088,0.0,2,19,0.68
30.78,30.374765,130.960088,0.0,2,19,0.68
30.85,30.374765,130.960088,0.0,2,19,0.68
30.91,30.374765,130.960088,0.0,2,19,0.68
30.98,30.374765,130.960088,0.0,2,19,0.68
31.05,30.374765,130.960088,0.0,2,19,0.68
31.11,30.374765,130.960088,0.0,2,19,0.68
31.18,30.374765,130.960088,0.0,2,19,0.68
31.25,30.374765,130.960088,0.0,2,19,0.68
31.31,30.374765,130.960088,0.0,2,19,0.68
31.38,30.374765,130.960088,0.0,2,19,0.68
31.45,30.374765,130.960088,0.0,2,19,0.68
31.52,30.374765,130.960088,0.0,2,19,0.68
31.58,30.374765,130.960088,0.0,2,19,0.68
31.65,30.374765,130.960088,0.0,2,19,0.68
31.72,30.374765,130.960088,0.0,2,19,0.68
31.79,30.374765,130.960088,0.0,2,19,0.68
31.85,30.374765,130.960088,0.0,2,19,0.68
31.92,30.374765,130.960088,0.0,2,19,0.68
31.99,30.374765,130.960088,0.0,2,19,0.68
32.05,30.374765,130.960088,0.0,2,19,0.68
32.12,30.374765,130.960088,0.0,2,19,0.68
32.18,30.374765,130.960088,0.0,2,19,0.68
32.25,30.374765,130.960088,0.0,2,19,0.68
32.32,30.374765,130.960088,0.0,2,19,0.68
32.38,30.374765,130.960088,0.0,2,19,0.68
32.45,30.374765,130.960088,0.0,2,19,0.68
32.51,30.374765,130.960088,0.0,2,19,0.68
32.58,30.374765,130.960088,0.0,2,19,0.68
32.65,30.374765,130.960088,0.0,2,19,0.68
32.71,30.374765,130.960088,0.0,2,19,0.68
32.78,30.374765,130.960088,0.0,2,19,0.68
32.84,30.374765,130.960088,0.0,2,19,0.68
32.91,30.374765,130.960088,0.0,2,19,0.68
32.98,30.374765,130.960088,0.0,2,19,0.68
33.04,30.374765,130.960088,0.0,2,19,0.68
33.11,30.374765,130.960088,0.0,2,19,0.68
33.17,30.374765,130.960088,0.0,2,19,0.68
33.24,30.374765,130.960088,0.0,2,19,0.68
33.31,30.374765,130.960088,0.0,2,19,0.68
33.37,30.374765,130.960088,0.0,2,19,0.68
33.44,30.374765,130.960088,0.0,2,19,0.68
33.51,30.374765,130.960088,0.0,2,19,0.68
33.57,30.374765,130.960088,0.0,2,19,0.68
33.64,30.374765,130.960088,0.0,2,19,0.68
33.71,30.374765,130.960088,0.0,2,19,0.68
33.77,30.374765,130.960088,0.0,2,19,0.68
33.84,30.374765,130.960088,0.0,2,19,0.68
33.9,30.374765,130.960088,0.0,2,19,0.68
33.97,30.374765,130.960088,0.0,2,19,0.68
34.04,30.374765,130.960088,0.0,2,19,0.68
34.11,30.374765,130.960088,0.0,2,19,0.68
34.18,30.374765,130.960088,0.0,2,19,0.68
34.24,30.374765,130.960088,0.0,2,19,0.68
34.31,30.374765,130.960088,0.0,2,19,0.68
34.37,30.374765,130.960088,0.0,2,19,0.68
34.44,30.374765,130.960088,0.0,2,19,0.68
34.51,30.374765,130.960088,0.0,2,19,0.68
34.57,30.374765,130.960088,0.0,2,19,0.68
34.64,30.374765,130.960088,0.0,2,19,0.68
34.71,30.374765,130.960088,0.0,2,19,0.68
34.77,30.374765,130.960088,0.0,2,19,0.68
34.84,30.374765,130.960088,0.0,2,19,0.68
34.9,30.374765,130.960088,0.0,2,19,0.68
34.97,30.374765,130.960088,0.0,2,19,0.68
35.04,30.374765,130.960088,0.0,2,19,0.68
35.1,30.374765,130.960088,0.0,2,19,0.68
35.17,30.374765,130.960088,0.0,2,19,0.68
35.24,30.374765,130.960088,0.0,2,19,0.68
35.3,30.374765,130.960088,0.0,2,19,0.68
35.37,30.374765,130.960088,0.0,2,19,0.68
35.44,30.374765,130.960088,0.0,2,19,0.68
35.5,30.374765,130.960088,0.0,2,19,0.68
35.57,30.374765,130.960088,0.0,2,19,0.68
35.63,30.374765,130.960088,0.0,2,19,0.68
35.7,30.374765,130.960088,0.0,2,19,0.68
35.77,30.374765,130.960088,0.0,2,19,0.68
35.83,30.374765,130.960088,0.0,2,19,0.68
35.9,30.374765,130.960088,0.0,2,19,0.68
35.97,30.374765,130.960088,0.0,2,19,0.68
36.03,30.374765,130.960088,0.0,2,19,0.68
36.1,30.374765,130.960088,0.0,2,19,0.68
36.17,30.374765,130.960088,0.0,2,19,0.68
36.23,30.374765,130.960088,0.0,2,19,0.68
36.3,30.374765,130.960088,0.0,2,19,0.68
36.37,30.374765,130.960088,0.0,2,19,0.68
36.43,30.374765,130.960088,0.0,2,19,0.68
36.5,30.374765,130.960088,0.0,2,19,0.68
36.56,30.374765,130.960088,0.0,2,19,0.68
36.63,30.374765,130.960088,0.0,2,19,0.68
36.7,30.374765,130.960088,0.0,2,19,0.68
36.76,30.374765,130.960088,0.0,2,19,0.68
36.83,30.374765,130.960088,0.0,2,19,0.68
36.9,30.374765,130.960088,0.0,2,19,0.68
36.96,30.374765,130.960088,0.0,2,19,0.68
37.03,30.374765,130.960088,0.0,2,19,0.68
37.1,30.374765,130.960088,0.0,2,19,0.68
37.16,30.374765,130.960088,0.0,2,19,0.68
37.23,30.374765,130.960088,0.0,2,19,0.68
37.3,30.374765,130.960088,0.0,2,19,0.68
37.36,30.374765,130.960088,0.0,2,19,0.68
37.43,30.374765,130.960088,0.0,2,19,0.68
37.5,30.374765,130.960088,0.0,2,19,0.68
37.56,30.374765,130.960088,0.0,2,19,0.68
37.63,30.374765,130.960088,0.0,2,19,0.68
37.7,30.374765,130.960088,0.0,2,19,0.68
37.76,30.374765,130.960088,0.0,2,19,0.68
37.83,30.374765,130.960088,0.0,2,19,0.68
37.9,30.374765,130.960088,0.0,2,19,0.68
37.96,30.374765,130.960088,0.0,2,19,0.68
38.03,30.374765,130.960088,0.0,2,19,0.68
38.1,30.374765,130.960088,0.0,2,19,0.68
38.16,30.374765,130.960088,0.0,2,19,0.68
38.23,30.374765,130.960088,0.0,2,19,0.68
38.3,30.374765,130.960088,0.0,2,19,0.68
38.36,30.374765,130.960088,0.0,2,19,0.68
38.43,30.374765,130.960088,0.0,2,19,0.68
38.5,30.374765,130.960088,0.0,2,19,0.68
38.57,30.374765,130.960088,0.0,2,19,0.68
38.63,30.374765,130.960088,0.0,2,19,0.68
38.7,30.374765,130.960088,0.0,2,19,0.68
38.77,30.374765,130.960088,0.0,2,19,0.68
38.83,30.374765,130.960088,0.0,2,19,0.68
38.9,30.374765,130.960088,0.0,2,19,0.68
38.96,30.374765,130.960088,0.0,2,19,0.68
39.03,30.374765,130.960088,0.0,2,19,0.68
39.1,30.374765,130.960088,0.0,2,19,0.68
39.16,30.374765,130.960088,0.0,2,19,0.68
39.23,30.374765,130.960088,0.0,2,19,0.68
39.29,30.374765,130.960088,0.0,2,19,0.68
39.36,30.374765,130.960088,0.0,2,19,0.68
39.43,30.374765,130.960087,0.17,2,19,0.68
39.49,30.374765,130.960087,0.17,2,19,0.68
39.56,30.374765,130.960087,0.17,2,19,0.68
39.62,30.374765,130.960087,0.17,2,19,0.68
39.69,30.374765,130.960087,0.17,2,19,0.68
39.76,30.374765,130.960087,0.17,2,19,0.68
39.82,30.374765,130.960087,0.17,2,19,0.68
39.89,30.374765,130.960087,0.17,2,19,0.68
39.96,30.374765,130.960087,0.17,2,19,0.68
40.02,30.374765,130.960087,0.17,2,19,0.68
40.09,30.374765,130.960087,0.17,2,19,0.68
40.15,30.374765,130.960087,0.17,2,19,0.68
40.22,30.374765,130.960087,0.17,2,19,0.68
40.29,30.374765,130.960087,0.17,2,19,0.68
40.35,30.374765,130.960087,0.17,2,19,0.68
40.42,30.374765,130.960087,0.0,2,19,0.68
40.48,30.374765,130.960087,0.0,2,19,0.68
40.55,30.374765,130.960087,0.0,2,19,0.68
40.62,30.374765,130.960087,0.0,2,19,0.68
40.68,30.374765,130.960087,0.0,2,19,0.68
40.75,30.374765,130.960087,0.0,2,19,0.68
40.81,30.374765,130.960087,0.0,2,19,0.68
40.88,30.374765,130.960087,0.0,2,19,0.68
40.95,30.374765,130.960087,0.0,2,19,0.68
41.01,30.374765,130.960087,0.0,2,19,0.68
41.08,30.374765,130.960087,0.0,2,19,0.68
41.15,30.374765,130.960087,0.0,2,19,0.68
41.21,30.374765,130.960087,0.0,2,19,0.68
41.28,30.374765,130.960087,0.0,2,19,0.68
41.35,30.374765,130.960087,0.0,2,19,0.68
41.41,30.374763,130.960087,0.19,2,19,0.68
41.48,30.374763,130.960087,0.19,2,19,0.68
41.54,30.374763,130.960087,0.19,2,19,0.68
41.61,30.374763,130.960087,0.19,2,19,0.68
41.68,30.374763,130.960087,0.19,2,19,0.68
41.74,30.374763,130.960087,0.19,2,19,0.68
41.81,30.374763,130.960087,0.19,2,19,0.68
41.88,30.374763,130.960087,0.19,2,19,0.68
41.94,30.374763,130.960087,0.19,2,19,0.68
42.01,30.374763,130.960087,0.19,2,19,0.68
42.07,30.374763,130.960087,0.19,2,19,0.68
42.14,30.374763,130.960087,0.19,2,19,0.68
42.21,30.374763,130.960087,0.19,2,19,0.68
42.28,30.374763,130.960087,0.19,2,19,0.68
42.34,30.374763,130.960087,0.19,2,19,0.68
42.41,30.374763,130.960087,0.0,2,19,0.68
42.47,30.374763,130.960087,0.0,2,19,0.68
42.54,30.374763,130.960087,0.0,2,19,0.68
42.61,30.374763,130.960087,0.0,2,19,0.68
42.67,30.374763,130.960087,0.0,2,19,0.68
42.74,30.374763,130.960087,0.0,2,19,0.68
42.81,30.374763,130.960087,0.0,2,19,0.68
42.87,30.374763,130.960087,0.0,2,19,0.68
42.94,30.374763,130.960087,0.0,2,19,0.68
43.01,30.374763,130.960087,0.0,2,19,0.68
43.07,30.374763,130.960087,0.0,2,19,0.68
43.14,30.374763,130.960087,0.0,2,19,0.68
43.2,30.374763,130.960087,0.0,2,19,0.68
43.27,30.374763,130.960087,0.0,2,19,0.68
43.34,30.374763,130.960087,0.0,2,19,0.68
43.4,30.374763,130.960087,0.0,2,19,0.68
43.47,30.374763,130.960087,0.0,2,19,0.68
43.54,30.374763,130.960087,0.0,2,19,0.68
43.6,30.374763,130.960087,0.0,2,19,0.68
43.67,30.374763,130.960087,0.0,2,19,0.68
43.74,30.374763,130.960087,0.0,2,19,0.68
43.8,30.374763,130.960087,0.0,2,19,0.68
43.87,30.374763,130.960087,0.0,2,19,0.68
43.94,30.374763,130.960087,0.0,2,19,0.68
44.0,30.374763,130.960087,0.0,2,19,0.68
44.07,30.374763,130.960087,0.0,2,19,0.68
44.14,30.374763,130.960087,0.0,2,19,0.68
44.2,30.374763,130.960087,0.0,2,19,0.68
44.27,30.374763,130.960087,0.0,2,19,0.68
44.33,30.374763,130.960087,0.0,2,19,0.68
44.4,30.374763,130.960087,0.0,2,19,0.68
44.47,30.374763,130.960087,0.0,2,19,0.68
44.54,30.374763,130.960087,0.0,2,19,0.68
44.6,30.374763,130.960087,0.0,2,19,0.68
44.67,30.374763,130.960087,0.0,2,19,0.68
44.73,30.374763,130.960087,0.0,2,19,0.68
44.8,30.374763,130.960087,0.0,2,19,0.68
44.87,30.374763,130.960087,0.0,2,19,0.68
44.93,30.374763,130.960087,0.0,2,19,0.68
45.0,30.374763,130.960087,0.0,2,19,0.68
45.08,30.374763,130.960087,0.0,2,19,0.68
45.14,30.374763,130.960087,0.0,2,19,0.68
45.21,30.374763,130.960087,0.0,2,19,0.68
45.27,30.374763,130.960087,0.0,2,19,0.68
45.34,30.374763,130.960087,0.0,2,19,0.68
45.4,30.374763,130.960087,0.0,2,19,0.68
45.47,30.374763,130.960087,0.0,2,19,0.68
45.54,30.374763,130.960087,0.0,2,19,0.68
45.6,30.374763,130.960087,0.0,2,19,0.68
45.67,30.374763,130.960087,0.0,2,19,0.68
45.74,30.374763,130.960087,0.0,2,19,0.68
45.8,30.374763,130.960087,0.0,2,19,0.68
45.87,30.374763,130.960087,0.0,2,19,0.68
45.93,30.374763,130.960087,0.0,2,19,0.68
46.0,30.374763,130.960087,0.0,2,19,0.68
46.06,30.374763,130.960087,0.0,2,19,0.68
46.13,30.374763,130.960087,0.0,2,19,0.68
46.2,30.374763,130.960087,0.0,2,19,0.68
46.26,30.374763,130.960087,0.0,2,19,0.68
46.33,30.374763,130.960087,0.0,2,19,0.68
46.4,30.374763,130.960087,0.0,2,19,0.68
46.46,30.374763,130.960087,0.0,2,19,0.68
46.53,30.374763,130.960087,0.0,2,19,0.68
46.6,30.374763,130.960087,0.0,2,19,0.68
46.66,30.374763,130.960087,0.0,2,19,0.68
46.73,30.374763,130.960087,0.0,2,19,0.68
46.79,30.374763,130.960087,0.0,2,19,0.68
46.86,30.374763,130.960087,0.0,2,19,0.68
46.93,30.374763,130.960087,0.0,2,19,0.68
46.99,30.374763,130.960087,0.0,2,19,0.68
47.06,30.374763,130.960087,0.0,2,19,0.68
47.12,30.374763,130.960087,0.0,2,19,0.68
47.19,30.374763,130.960087,0.0,2,19,0.68
47.26,30.374763,130.960087,0.0,2,19,0.68
47.32,30.374763,130.960087,0.0,2,19,0.68
47.39,30.374763,130.960087,0.0,2,19,0.68
47.46,30.374763,130.960087,0.0,2,19,0.68
47.52,30.374763,130.960087,0.0,2,19,0.68
47.59,30.374763,130.960087,0.0,2,19,0.68
47.66,30.374763,130.960087,0.0,2,19,0.68
47.73,30.374763,130.960087,0.0,2,19,0.68
47.8,30.374763,130.960087,0.0,2,19,0.68
47.86,30.374763,130.960087,0.0,2,19,0.68
47.93,30.374763,130.960087,0.0,2,19,0.68
48.0,30.374763,130.960087,0.0,2,19,0.68
48.06,30.374763,130.960087,0.0,2,19,0.68
48.13,30.374763,130.960087,0.0,2,19,0.68
48.19,30.374763,130.960087,0.0,2,19,0.68
48.26,30.374763,130.960087,0.0,2,19,0.68
48.33,30.374763,130.960087,0.0,2,19,0.68
48.39,30.374763,130.960087,0.0,2,19,0.68
48.46,30.374763,130.960087,0.0,2,19,0.68
48.53,30.374763,130.960087,0.0,2,19,0.68
48.59,30.374763,130.960087,0.0,2,19,0.68
48.66,30.374763,130.960087,0.0,2,19,0.68
48.72,30.374763,130.960087,0.0,2,19,0.68
48.79,30.374763,130.960087,0.0,2,19,0.68
48.87,30.374763,130.960087,0.0,2,19,0.68
48.95,30.374763,130.960087,0.0,2,19,0.68
49.03,30.374763,130.960087,0.0,2,19,0.68
49.1,30.374763,130.960087,0.0,2,19,0.68
49.17,30.374763,130.960087,0.0,2,19,0.68
49.26,30.374763,130.960087,0.0,2,19,0.68
49.33,30.374763,130.960087,0.0,2,19,0.68
49.4,30.374763,130.960087,0.0,2,19,0.68
49.46,30.374763,130.960087,0.0,2,19,0.68
49.53,30.374763,130.960087,0.0,2,19,0.68
49.6,30.374763,130.960087,0.0,2,19,0.68
49.66,30.374763,130.960087,0.0,2,19,0.68
49.73,30.374763,130.960087,0.0,2,19,0.68
49.8,30.374763,130.960087,0.0,2,19,0.68
49.86,30.374763,130.960087,0.0,2,19,0.68
49.93,30.374763,130.960087,0.0,2,19,0.68
50.0,30.374763,130.960087,0.0,2,19,0.68
50.06,30.374763,130.960087,0.0,2,19,0.68
50.13,30.374763,130.960087,0.0,2,19,0.68
50.2,30.374763,130.960087,0.0,2,19,0.68
50.26,30.374763,130.960087,0.0,2,19,0.68
50.33,30.374763,130.960087,0.0,2,19,0.68
50.4,30.374763,130.960087,0.0,2,19,0.68
50.46,30.374763,130.960087,0.0,2,19,0.68
50.53,30.374763,130.960087,0.0,2,19,0.68
50.6,30.374763,130.960087,0.0,2,19,0.68
50.66,30.374763,130.960087,0.0,2,19,0.68
50.73,30.374763,130.960087,0.0,2,19,0.68
50.8,30.374763,130.960087,0.0,2,19,0.68
50.87,30.374763,130.960087,0.0,2,19,0.68
50.93,30.374763,130.960087,0.0,2,19,0.68
51.0,30.374763,130.960087,0.0,2,19,0.68
51.07,30.374763,130.960087,0.0,2,19,0.68
51.13,30.374763,130.960087,0.0,2,19,0.68
51.2,30.374763,130.960087,0.0,2,19,0.68
51.27,30.374763,130.960087,0.0,2,19,0.68
51.33,30.374763,130.960087,0.0,2,19,0.68
51.4,30.374763,130.960087,0.0,2,19,0.68
51.47,30.374763,130.960087,0.0,2,19,0.68
51.53,30.374763,130.960087,0.0,2,19,0.68
51.6,30.374763,130.960087,0.0,2,19,0.68
51.67,30.374763,130.960087,0.0,2,19,0.68
51.73,30.374763,130.960087,0.0,2,19,0.68
51.8,30.374763,130.960087,0.0,2,19,0.68
51.87,30.374763,130.960087,0.0,2,19,0.68
51.94,30.374763,130.960087,0.0,2,19,0.68
52.0,30.374763,130.960087,0.0,2,19,0.68
52.07,30.374763,130.960087,0.0,2,19,0.68
52.14,30.374763,130.960087,0.0,2,19,0.68
52.2,30.374763,130.960087,0.0,2,19,0.68
52.27,30.374763,130.960087,0.0,2,19,0.68
52.33,30.374763,130.960087,0.0,2,19,0.68
52.4,30.374763,130.960087,0.0,2,19,0.68
52.47,30.374763,130.960087,0.0,2,19,0.68
52.53,30.374763,130.960087,0.0,2,19,0.68
52.6,30.374763,130.960087,0.0,2,19,0.68
52.66,30.374763,130.960087,0.0,2,19,0.68
52.73,30.374763,130.960087,0.0,2,19,0.68
52.79,30.374763,130.960087,0.0,2,19,0.68
52.86,30.374763,130.960087,0.0,2,19,0.68
52.93,30.374763,130.960087,0.0,2,19,0.68
52.99,30.374763,130.960087,0.0,2,19,0.68
53.06,30.374763,130.960087,0.0,2,19,0.68
53.12,30.374763,130.960087,0.0,2,19,0.68
53.19,30.374763,130.960087,0.0,2,19,0.68
53.26,30.374763,130.960087,0.0,2,19,0.68
53.32,30.374763,130.960087,0.0,2,19,0.68
53.39,30.374763,130.960087,0.0,2,19,0.68
53.46,30.374763,130.960087,0.0,2,19,0.68
53.52,30.374763,130.960087,0.0,2,19,0.68
53.59,30.374763,130.960087,0.0,2,19,0.68
53.66,30.374763,130.960087,0.0,2,19,0.68
53.72,30.374763,130.960087,0.0,2,19,0.68
53.79,30.374763,130.960087,0.0,2,19,0.68
53.85,30.374763,130.960087,0.0,2,19,0.68
53.92,30.374763,130.960087,0.0,2,19,0.68
53.99,30.374763,130.960087,0.0,2,19,0.68
54.05,30.374763,130.960087,0.0,2,19,0.68
54.12,30.374763,130.960087,0.0,2,19,0.68
54.18,30.374763,130.960087,0.0,2,19,0.68
54.25,30.374763,130.960087,0.0,2,19,0.68
54.32,30.374763,130.960087,0.0,2,19,0.68
54.38,30.374763,130.960087,0.0,2,19,0.68
54.45,30.374763,130.960087,0.0,2,19,0.68
54.52,30.374763,130.960087,0.0,2,19,0.68
54.58,30.374763,130.960087,0.0,2,19,0.68
54.65,30.374763,130.960087,0.0,2,19,0.68
54.72,30.374763,130.960087,0.0,2,19,0.68
54.78,30.374763,130.960087,0.0,2,19,0.68
54.85,30.374763,130.960087,0.0,2,19,0.68
54.91,30.374763,130.960087,0.0,2,19,0.68
54.98,30.374763,130.960087,0.0,2,19,0.68
55.05,30.374763,130.960087,0.0,2,19,0.68
55.11,30.374763,130.960087,0.0,2,19,0.68
55.18,30.374763,130.960087,0.0,2,19,0.68
55.25,30.374763,130.960087,0.0,2,19,0.68
55.31,30.374763,130.960087,0.0,2,19,0.68
55.38,30.374763,130.960087,0.0,2,19,0.68
55.45,30.374763,130.960087,0.0,2,19,0.68
55.51,30.374763,130.960087,0.0,2,19,0.68
55.58,30.374763,130.960087,0.0,2,19,0.68
55.65,30.374763,130.960087,0.0,2,19,0.68
55.71,30.374763,130.960087,0.0,2,19,0.68
55.78,30.374763,130.960087,0.0,2,19,0.68
55.85,30.374763,130.960087,0.0,2,19,0.68
55.91,30.374763,130.960087,0.0,2,19,0.68
55.98,30.374763,130.960087,0.0,2,19,0.68
56.04,30.374763,130.960087,0.0,2,19,0.68
56.11,30.374763,130.960087,0.0,2,19,0.68
56.18,30.374763,130.960087,0.0,2,19,0.68
56.24,30.374763,130.960087,0.0,2,19,0.68
56.31,30.374763,130.960087,0.0,2,19,0.68
56.38,30.374763,130.960087,0.0,2,19,0.68
56.44,30.374763,130.960087,0.0,2,19,0.68
56.51,30.374763,130.960087,0.0,2,19,0.68
56.58,30.374763,130.960087,0.0,2,19,0.68
56.64,30.374763,130.960087,0.0,2,19,0.68
56.71,30.374763,130.960087,0.0,2,19,0.68
56.78,30.374763,130.960087,0.0,2,19,0.68
56.84,30.374763,130.960087,0.0,2,19,0.68
56.91,30.374763,130.960087,0.0,2,19,0.68
56.98,30.374763,130.960087,0.0,2,19,0.68
57.04,30.374763,130.960087,0.0,2,19,0.68
57.11,30.374763,130.960087,0.0,2,19,0.68
57.18,30.374763,130.960087,0.0,2,19,0.68
57.24,30.374763,130.960087,0.0,2,19,0.68
57.31,30.374763,130.960087,0.0,2,19,0.68
57.37,30.374763,130.960087,0.0,2,19,0.68
57.44,30.374763,130.960087,0.0,2,19,0.68
57.51,30.374763,130.960087,0.0,2,19,0.68
57.58,30.374763,130.960087,0.0,2,19,0.68
57.64,30.374763,130.960087,0.0,2,19,0.68
57.71,30.374763,130.960087,0.0,2,19,0.68
57.78,30.374763,130.960087,0.0,2,19,0.68
57.84,30.374763,130.960087,0.0,2,19,0.68
57.91,30.374763,130.960087,0.0,2,19,0.68
57.98,30.374763,130.960087,0.0,2,19,0.68
58.04,30.374763,130.960087,0.0,2,19,0.68
58.11,30.374763,130.960087,0.0,2,19,0.68
58.18,30.374763,130.960087,0.0,2,19,0.68
58.24,30.374763,130.960087,0.0,2,19,0.68
58.31,30.374763,130.960087,0.0,2,19,0.68
58.38,30.374763,130.960087,0.0,2,19,0.68
58.45,30.374763,130.960085,0.19,2,19,0.68
58.52,30.374763,130.960085,0.19,2,19,0.68
58.58,30.374763,130.960085,0.19,2,19,0.68
58.65,30.374763,130.960085,0.19,2,19,0.68
58.71,30.374763,130.960085,0.19,2,19,0.68
58.78,30.374763,130.960085,0.19,2,19,0.68
58.85,30.374763,130.960085,0.19,2,19,0.68
58.91,30.374763,130.960085,0.19,2,19,0.68
58.98,30.374763,130.960085,0.19,2,19,0.68
59.05,30.374763,130.960085,0.19,2,19,0.68
59.11,30.374763,130.960085,0.19,2,19,0.68
59.18,30.374763,130.960085,0.19,2,19,0.68
59.24,30.374763,130.960085,0.19,2,19,0.68
59.31,30.374763,130.960085,0.19,2,19,0.68
59.38,30.374763,130.960085,0.19,2,19,0.68
59.44,30.374762,130.960085,0.18,2,19,0.68
59.51,30.374762,130.960085,0.18,2,19,0.68
59.57,30.374762,130.960085,0.18,2,19,0.68
59.64,30.374762,130.960085,0.18,2,19,0.68
59.71,30.374762,130.960085,0.18,2,19,0.68
59.77,30.374762,130.960085,0.18,2,19,0.68
59.84,30.374762,130.960085,0.18,2,19,0.68
59.91,30.374762,130.960085,0.18,2,19,0.68
59.97,30.374762,130.960085,0.18,2,19,0.68
60.04,30.374762,130.960085,0.18,2,19,0.68
60.1,30.374762,130.960085,0.18,2,19,0.68
60.17,30.374762,130.960085,0.18,2,19,0.68
60.24,30.374762,130.960085,0.18,2,19,0.68
60.3,30.374762,130.960085,0.18,2,19,0.68
60.37,30.374762,130.960085,0.18,2,19,0.68
60.43,30.374762,130.960085,0.0,2,19,0.68
60.5,30.374762,130.960085,0.0,2,19,0.68
60.57,30.374762,130.960085,0.0,2,19,0.68
60.63,30.374762,130.960085,0.0,2,19,0.68
60.7,30.374762,130.960085,0.0,2,19,0.68
60.77,30.374762,130.960085,0.0,2,19,0.68
60.83,30.374762,130.960085,0.0,2,19,0.68
60.9,30.374762,130.960085,0.0,2,19,0.68
60.96,30.374762,130.960085,0.0,2,19,0.68
61.03,30.374762,130.960085,0.0,2,19,0.68
61.1,30.374762,130.960085,0.0,2,19,0.68
61.16,30.374762,130.960085,0.0,2,19,0.68
61.23,30.374762,130.960085,0.0,2,19,0.68
61.3,30.374762,130.960085,0.0,2,19,0.68
61.36,30.374762,130.960085,0.0,2,19,0.68
61.43,30.374762,130.960085,0.0,2,19,0.65
61.5,30.374762,130.960085,0.0,2,19,0.65
61.56,30.374762,130.960085,0.0,2,19,0.65
61.63,30.374762,130.960085,0.0,2,19,0.65
61.7,30.374762,130.960085,0.0,2,19,0.65
61.76,30.374762,130.960085,0.0,2,19,0.65
61.83,30.374762,130.960085,0.0,2,19,0.65
61.9,30.374762,130.960085,0.0,2,19,0.65
61.96,30.374762,130.960085,0.0,2,19,0.65
62.03,30.374762,130.960085,0.0,2,19,0.65
62.1,30.374762,130.960085,0.0,2,19,0.65
62.16,30.374762,130.960085,0.0,2,19,0.65
62.23,30.374762,130.960085,0.0,2,19,0.65
62.29,30.374762,130.960085,0.0,2,19,0.65
62.36,30.374762,130.960085,0.0,2,19,0.65
62.43,30.374762,130.960085,0.0,2,19,0.7
62.49,30.374762,130.960085,0.0,2,19,0.7
62.56,30.374762,130.960085,0.0,2,19,0.7
62.63,30.374762,130.960085,0.0,2,19,0.7
62.69,30.374762,130.960085,0.0,2,19,0.7
62.77,30.374762,130.960085,0.0,2,19,0.7
62.83,30.374762,130.960085,0.0,2,19,0.7
62.9,30.374762,130.960085,0.0,2,19,0.7
62.97,30.374762,130.960085,0.0,2,19,0.7
63.03,30.374762,130.960085,0.0,2,19,0.7
63.1,30.374762,130.960085,0.0,2,19,0.7
63.17,30.374762,130.960085,0.0,2,19,0.7
63.23,30.374762,130.960085,0.0,2,19,0.7
63.3,30.374762,130.960085,0.0,2,19,0.7
63.36,30.374762,130.960085,0.0,2,19,0.7
63.43,30.374762,130.960085,0.0,2,18,0.66
63.49,30.374762,130.960085,0.0,2,18,0.66
63.56,30.374762,130.960085,0.0,2,18,0.66
63.63,30.374762,130.960085,0.0,2,18,0.66
63.69,30.374762,130.960085,0.0,2,18,0.66
63.76,30.374762,130.960085,0.0,2,18,0.66
63.82,30.374762,130.960085,0.0,2,18,0.66
63.89,30.374762,130.960085,0.0,2,18,0.66
63.96,30.374762,130.960085,0.0,2,18,0.66
64.02,30.374762,130.960085,0.0,2,18,0.66
64.09,30.374762,130.960085,0.0,2,18,0.66
64.16,30.374762,130.960085,0.0,2,18,0.66
64.22,30.374762,130.960085,0.0,2,18,0.66
64.29,30.374762,130.960085,0.0,2,18,0.66
64.35,30.374762,130.960085,0.0,2,18,0.66
64.42,30.374762,130.960085,0.0,2,18,0.7
64.49,30.374762,130.960085,0.0,2,18,0.7
64.55,30.374762,130.960085,0.0,2,18,0.7
64.62,30.374762,130.960085,0.0,2,18,0.7
64.68,30.374762,130.960085,0.0,2,18,0.7
64.75,30.374762,130.960085,0.0,2,18,0.7
64.82,30.374762,130.960085,0.0,2,18,0.7
64.88,30.374762,130.960085,0.0,2,18,0.7
64.95,30.374762,130.960085,0.0,2,18,0.7
65.01,30.374762,130.960085,0.0,2,18,0.7
65.09,30.374762,130.960085,0.0,2,18,0.7
65.15,30.374762,130.960085,0.0,2,18,0.7
65.22,30.374762,130.960085,0.0,2,18,0.7
65.28,30.374762,130.960085,0.0,2,18,0.7
65.35,30.374762,130.960085,0.0,2,18,0.7
65.41,30.37476,130.960085,0.19,2,19,0.68
65.48,30.37476,130.960085,0.19,2,19,0.68
65.54,30.37476,130.960085,0.19,2,19,0.68
65.61,30.37476,130.960085,0.19,2,19,0.68
65.68,30.37476,130.960085,0.19,2,19,0.68
65.74,30.37476,130.960085,0.19,2,19,0.68
65.81,30.37476,130.960085,0.19,2,19,0.68
65.87,30.37476,130.960085,0.19,2,19,0.68
65.94,30.37476,130.960085,0.19,2,19,0.68
66.0,30.37476,130.960085,0.19,2,19,0.68
66.07,30.37476,130.960085,0.19,2,19,0.68
66.13,30.37476,130.960085,0.19,2,19,0.68
66.2,30.37476,130.960085,0.19,2,19,0.68
66.26,30.37476,130.960085,0.19,2,19,0.68
66.33,30.37476,130.960085,0.19,2,19,0.68
66.4,30.37476,130.960085,0.0,2,18,0.7
66.47,30.37476,130.960085,0.0,2,18,0.7
66.53,30.37476,130.960085,0.0,2,18,0.7
66.6,30.37476,130.960085,0.0,2,18,0.7
66.66,30.37476,130.960085,0.0,2,18,0.7
66.73,30.37476,130.960085,0.0,2,18,0.7
66.8,30.37476,130.960085,0.0,2,18,0.7
66.86,30.37476,130.960085,0.0,2,18,0.7
66.93,30.37476,130.960085,0.0,2,18,0.7
66.99,30.37476,130.960085,0.0,2,18,0.7
67.06,30.37476,130.960085,0.0,2,18,0.7
67.12,30.37476,130.960085,0.0,2,18,0.7
67.19,30.37476,130.960085,0.0,2,18,0.7
67.26,30.37476,130.960085,0.0,2,18,0.7
67.32,30.37476,130.960085,0.0,2,18,0.7
67.39,30.37476,130.960085,0.0,2,18,0.7
67.45,30.37476,130.960085,0.0,2,18,0.7
67.52,30.37476,130.960085,0.0,2,18,0.7
67.58,30.37476,130.960085,0.0,2,18,0.7
67.65,30.37476,130.960085,0.0,2,18,0.7
67.71,30.37476,130.960085,0.0,2,18,0.7
67.78,30.37476,130.960085,0.0,2,18,0.7
67.85,30.37476,130.960085,0.0,2,18,0.7
67.91,30.37476,130.960085,0.0,2,18,0.7
67.98,30.37476,130.960085,0.0,2,18,0.7
68.04,30.37476,130.960085,0.0,2,18,0.7
68.11,30.37476,130.960085,0.0,2,18,0.7
68.18,30.37476,130.960085,0.0,2,18,0.7
68.24,30.37476,130.960085,0.0,2,18,0.7
68.31,30.37476,130.960085,0.0,2,18,0.7
68.38,30.37476,130.960085,0.0,2,18,0.7
68.44,30.374758,130.960085,0.19,2,18,0.7
68.51,30.374758,130.960085,0.19,2,18,0.7
68.57,30.374758,130.960085,0.19,2,18,0.7
68.64,30.374758,130.960085,0.19,2,18,0.7
68.71,30.374758,130.960085,0.19,2,18,0.7
68.77,30.374758,130.960085,0.19,2,18,0.7
68.84,30.374758,130.960085,0.19,2,18,0.7
68.9,30.374758,130.960085,0.19,2,18,0.7
68.97,30.374758,130.960085,0.19,2,18,0.7
69.04,30.374758,130.960085,0.19,2,18,0.7
69.1,30.374758,130.960085,0.19,2,18,0.7
69.17,30.374758,130.960085,0.19,2,18,0.7
69.23,30.374758,130.960085,0.19,2,18,0.7
69.3,30.374758,130.960085,0.19,2,18,0.7
69.37,30.374758,130.960085,0.19,2,18,0.7
69.43,30.374758,130.960085,0.09,2,18,0.7
69.5,30.374758,130.960085,0.09,2,18,0.7
69.57,30.374758,130.960085,0.09,2,18,0.7
69.63,30.374758,130.960085,0.09,2,18,0.7
69.7,30.374758,130.960085,0.09,2,18,0.7
69.76,30.374758,130.960085,0.09,2,18,0.7
69.83,30.374758,130.960085,0.09,2,18,0.7
69.9,30.374758,130.960085,0.09,2,18,0.7
69.97,30.374758,130.960085,0.09,2,18,0.7
70.03,30.374758,130.960085,0.09,2,18,0.7
70.1,30.374758,130.960085,0.09,2,18,0.7
70.16,30.374758,130.960085,0.09,2,18,0.7
70.23,30.374758,130.960085,0.09,2,18,0.7
70.3,30.374758,130.960085,0.09,2,18,0.7
70.36,30.374758,130.960085,0.09,2,18,0.7
70.43,30.374758,130.960083,0.19,2,18,0.7
70.5,30.374758,130.960083,0.19,2,18,0.7
70.56,30.374758,130.960083,0.19,2,18,0.7
70.63,30.374758,130.960083,0.19,2,18,0.7
70.7,30.374758,130.960083,0.19,2,18,0.7
70.76,30.374758,130.960083,0.19,2,18,0.7
70.83,30.374758,130.960083,0.19,2,18,0.7
70.9,30.374758,130.960083,0.19,2,18,0.7
70.96,30.374758,130.960083,0.19,2,18,0.7
71.03,30.374758,130.960083,0.19,2,18,0.7
71.09,30.374758,130.960083,0.19,2,18,0.7
71.16,30.374758,130.960083,0.19,2,18,0.7
71.23,30.374758,130.960083,0.19,2,18,0.7
71.29,30.374758,130.960083,0.19,2,18,0.7
71.36,30.374758,130.960083,0.19,2,18,0.7
71.43,30.374758,130.960083,0.1,2,19,0.68
71.49,30.374758,130.960083,0.1,2,19,0.68
71.56,30.374758,130.960083,0.1,2,19,0.68
71.63,30.374758,130.960083,0.1,2,19,0.68
71.69,30.374758,130.960083,0.1,2,19,0.68
71.76,30.374758,130.960083,0.1,2,19,0.68
71.83,30.374758,130.960083,0.1,2,19,0.68
71.9,30.374758,130.960083,0.1,2,19,0.68
71.96,30.374758,130.960083,0.1,2,19,0.68
72.03,30.374758,130.960083,0.1,2,19,0.68
72.1,30.374758,130.960083,0.1,2,19,0.68
72.16,30.374758,130.960083,0.1,2,19,0.68
72.23,30.374758,130.960083,0.1,2,19,0.68
72.3,30.374758,130.960083,0.1,2,19,0.68
72.36,30.374758,130.960083,0.1,2,19,0.68
72.43,30.374758,130.960083,0.1,2,19,0.68
72.49,30.374758,130.960083,0.1,2,19,0.68
72.56,30.374758,130.960083,0.1,2,19,0.68
72.63,30.374758,130.960083,0.1,2,19,0.68
72.7,30.374758,130.960083,0.1,2,19,0.68
72.76,30.374758,130.960083,0.1,2,19,0.68
72.83,30.374758,130.960083,0.1,2,19,0.68
72.9,30.374758,130.960083,0.1,2,19,0.68
72.97,30.374758,130.960083,0.1,2,19,0.68
73.03,30.374758,130.960083,0.1,2,19,0.68
73.1,30.374758,130.960083,0.1,2,19,0.68
73.16,30.374758,130.960083,0.1,2,19,0.68
73.23,30.374758,130.960083,0.1,2,19,0.68
73.3,30.374758,130.960083,0.1,2,19,0.68
73.36,30.374758,130.960083,0.1,2,19,0.68
73.43,30.374758,130.960083,0.1,2,19,0.68
73.49,30.374758,130.960083,0.1,2,19,0.68
73.56,30.374758,130.960083,0.1,2,19,0.68
73.63,30.374758,130.960083,0.1,2,19,0.68
73.69,30.374758,130.960083,0.1,2,19,0.68
73.76,30.374758,130.960083,0.1,2,19,0.68
73.82,30.374758,130.960083,0.1,2,19,0.68
73.89,30.374758,130.960083,0.1,2,19,0.68
73.96,30.374758,130.960083,0.1,2,19,0.68
74.02,30.374758,130.960083,0.1,2,19,0.68
74.09,30.374758,130.960083,0.1,2,19,0.68
74.15,30.374758,130.960083,0.1,2,19,0.68
74.22,30.374758,130.960083,0.1,2,19,0.68
74.29,30.374758,130.960083,0.1,2,19,0.68
74.35,30.374758,130.960083,0.1,2,19,0.68
74.42,30.374758,130.960083,0.1,2,19,0.68
74.48,30.374758,130.960083,0.1,2,19,0.68
74.55,30.374758,130.960083,0.1,2,19,0.68
74.62,30.374758,130.960083,0.1,2,19,0.68
74.68,30.374758,130.960083,0.1,2,19,0.68
74.75,30.374758,130.960083,0.1,2,19,0.68
74.82,30.374758,130.960083,0.1,2,19,0.68
74.88,30.374758,130.960083,0.1,2,19,0.68
74.95,30.374758,130.960083,0.1,2,19,0.68
75.02,30.374758,130.960083,0.1,2,19,0.68
75.08,30.374758,130.960083,0.1,2,19,0.68
75.15,30.374758,130.960083,0.1,2,19,0.68
75.21,30.374758,130.960083,0.1,2,19,0.68
75.28,30.374758,130.960083,0.1,2,19,0.68
75.35,30.374758,130.960083,0.1,2,19,0.68
75.41,30.374758,130.960083,0.1,2,19,0.68
75.48,30.374758,130.960083,0.1,2,19,0.68
75.55,30.374758,130.960083,0.1,2,19,0.68
75.61,30.374758,130.960083,0.1,2,19,0.68
75.68,30.374758,130.960083,0.1,2,19,0.68
75.74,30.374758,130.960083,0.1,2,19,0.68
75.81,30.374758,130.960083,0.1,2,19,0.68
75.88,30.374758,130.960083,0.1,2,19,0.68
75.94,30.374758,130.960083,0.1,2,19,0.68
76.01,30.374758,130.960083,0.1,2,19,0.68
76.08,30.374758,130.960083,0.1,2,19,0.68
76.14,30.374758,130.960083,0.1,2,19,0.68
76.21,30.374758,130.960083,0.1,2,19,0.68
76.28,30.374758,130.960083,0.1,2,19,0.68
76.34,30.374758,130.960083,0.1,2,19,0.68
76.41,30.374758,130.960083,0.1,2,19,0.68
76.48,30.374758,130.960082,0.18,2,19,0.68
76.54,30.374758,130.960082,0.18,2,19,0.68
76.61,30.374758,130.960082,0.18,2,19,0.68
76.67,30.374758,130.960082,0.18,2,19,0.68
76.74,30.374758,130.960082,0.18,2,19,0.68
76.81,30.374758,130.960082,0.18,2,19,0.68
76.87,30.374758,130.960082,0.18,2,19,0.68
76.94,30.374758,130.960082,0.18,2,19,0.68
77.01,30.374758,130.960082,0.18,2,19,0.68
77.07,30.374758,130.960082,0.18,2,19,0.68
77.14,30.374758,130.960082,0.18,2,19,0.68
77.21,30.374758,130.960082,0.18,2,19,0.68
77.27,30.374758,130.960082,0.18,2,19,0.68
77.34,30.374758,130.960082,0.18,2,19,0.68
77.4,30.374758,130.960082,0.18,2,19,0.68
77.47,30.374758,130.960082,0.1,2,19,0.65
77.54,30.374758,130.960082,0.1,2,19,0.65
77.6,30.374758,130.960082,0.1,2,19,0.65
77.67,30.374758,130.960082,0.1,2,19,0.65
77.74,30.374758,130.960082,0.1,2,19,0.65
77.8,30.374758,130.960082,0.1,2,19,0.65
77.87,30.374758,130.960082,0.1,2,19,0.65
77.94,30.374758,130.960082,0.1,2,19,0.65
78.01,30.374758,130.960082,0.1,2,19,0.65
78.07,30.374758,130.960082,0.1,2,19,0.65
78.14,30.374758,130.960082,0.1,2,19,0.65
78.21,30.374758,130.960082,0.1,2,19,0.65
78.27,30.374758,130.960082,0.1,2,19,0.65
78.34,30.374758,130.960082,0.1,2,19,0.65
78.41,30.374758,130.960082,0.1,2,19,0.65
78.47,30.374758,130.960082,0.09,2,19,0.68
78.54,30.374758,130.960082,0.09,2,19,0.68
78.6,30.374758,130.960082,0.09,2,19,0.68
78.67,30.374758,130.960082,0.09,2,19,0.68
78.74,30.374758,130.960082,0.09,2,19,0.68
78.81,30.374758,130.960082,0.09,2,19,0.68
78.88,30.374758,130.960082,0.09,2,19,0.68
78.94,30.374758,130.960082,0.09,2,19,0.68
79.01,30.374758,130.960082,0.09,2,19,0.68
79.08,30.374758,130.960082,0.09,2,19,0.68
79.14,30.374758,130.960082,0.09,2,19,0.68
79.21,30.374758,130.960082,0.09,2,19,0.68
79.28,30.374758,130.960082,0.09,2,19,0.68
79.34,30.374758,130.960082,0.09,2,19,0.68
79.42,30.374758,130.960082,0.1,2,18,0.7
79.48,30.374758,130.960082,0.1,2,18,0.7
79.55,30.374758,130.960082,0.1,2,18,0.7
79.62,30.374758,130.960082,0.1,2,18,0.7
79.68,30.374758,130.960082,0.1,2,18,0.7
79.75,30.374758,130.960082,0.1,2,18,0.7
79.81,30.374758,130.960082,0.1,2,18,0.7
79.88,30.374758,130.960082,0.1,2,18,0.7
79.95,30.374758,130.960082,0.1,2,18,0.7
80.01,30.374758,130.960082,0.1,2,18,0.7
80.08,30.374758,130.960082,0.1,2,18,0.7
80.14,30.374758,130.960082,0.1,2,18,0.7
80.21,30.374758,130.960082,0.1,2,18,0.7
80.28,30.374758,130.960082,0.1,2,18,0.7
80.34,30.374758,130.960082,0.1,2,18,0.7
80.41,30.374758,130.960082,0.1,2,19,0.68
80.48,30.374758,130.960082,0.1,2,19,0.68
80.54,30.374758,130.960082,0.1,2,19,0.68
80.61,30.374758,130.960082,0.1,2,19,0.68
80.68,30.374758,130.960082,0.1,2,19,0.68
80.74,30.374758,130.960082,0.1,2,19,0.68
80.81,30.374758,130.960082,0.1,2,19,0.68
80.87,30.374758,130.960082,0.1,2,19,0.68
80.94,30.374758,130.960082,0.1,2,19,0.68
81.01,30.374758,130.960082,0.1,2,19,0.68
81.07,30.374758,130.960082,0.1,2,19,0.68
81.14,30.374758,130.960082,0.1,2,19,0.68
81.21,30.374758,130.960082,0.1,2,19,0.68
81.27,30.374758,130.960082,0.1,2,19,0.68
81.34,30.374758,130.960082,0.1,2,19,0.68
81.41,30.374758,130.960082,0.1,2,19,0.68
81.47,30.374758,130.960082,0.1,2,19,0.68
81.54,30.374758,130.960082,0.1,2,19,0.68
81.61,30.374758,130.960082,0.1,2,19,0.68
81.67,30.374758,130.960082,0.1,2,19,0.68
81.74,30.374758,130.960082,0.1,2,19,0.68
81.8,30.374758,130.960082,0.1,2,19,0.68
81.87,30.374758,130.960082,0.1,2,19,0.68
81.93,30.374758,130.960082,0.1,2,19,0.68
82.0,30.374758,130.960082,0.1,2,19,0.68
82.06,30.374758,130.960082,0.1,2,19,0.68
82.13,30.374758,130.960082,0.1,2,19,0.68
82.2,30.374758,130.960082,0.1,2,19,0.68
82.26,30.374758,130.960082,0.1,2,19,0.68
82.33,30.374758,130.960082,0.1,2,19,0.68
82.39,30.374758,130.960082,0.1,2,19,0.68
82.46,30.374758,130.960082,0.1,2,19,0.68
82.52,30.374758,130.960082,0.1,2,19,0.68
82.59,30.374758,130.960082,0.1,2,19,0.68
82.66,30.374758,130.960082,0.1,2,19,0.68
82.72,30.374758,130.960082,0.1,2,19,0.68
82.79,30.374758,130.960082,0.1,2,19,0.68
82.85,30.374758,130.960082,0.1,2,19,0.68
82.92,30.374758,130.960082,0.1,2,19,0.68
82.99,30.374758,130.960082,0.1,2,19,0.68
83.05,30.374758,130.960082,0.1,2,19,0.68
83.12,30.374758,130.960082,0.1,2,19,0.68
83.18,30.374758,130.960082,0.1,2,19,0.68
83.25,30.374758,130.960082,0.1,2,19,0.68
83.31,30.374758,130.960082,0.1,2,19,0.68
83.38,30.374758,130.960082,0.1,2,19,0.65
83.45,30.374758,130.960082,0.1,2,19,0.65
83.51,30.374758,130.960082,0.1,2,19,0.65
83.58,30.374758,130.960082,0.1,2,19,0.65
83.64,30.374758,130.960082,0.1,2,19,0.65
83.71,30.374758,130.960082,0.1,2,19,0.65
83.78,30.374758,130.960082,0.1,2,19,0.65
83.84,30.374758,130.960082,0.1,2,19,0.65
83.91,30.374758,130.960082,0.1,2,19,0.65
83.97,30.374758,130.960082,0.1,2,19,0.65
84.04,30.374758,130.960082,0.1,2,19,0.65
84.11,30.374758,130.960082,0.1,2,19,0.65
84.17,30.374758,130.960082,0.1,2,19,0.65
84.24,30.374758,130.960082,0.1,2,19,0.65
84.3,30.374758,130.960082,0.1,2,19,0.65
84.38,30.374758,130.960082,0.1,2,19,0.65
84.45,30.374758,130.960082,0.1,2,19,0.68
84.51,30.374758,130.960082,0.1,2,19,0.68
84.58,30.374758,130.960082,0.1,2,19,0.68
84.65,30.374758,130.960082,0.1,2,19,0.68
84.71,30.374758,130.960082,0.1,2,19,0.68
84.78,30.374758,130.960082,0.1,2,19,0.68
84.84,30.374758,130.960082,0.1,2,19,0.68
84.91,30.374758,130.960082,0.1,2,19,0.68
84.98,30.374758,130.960082,0.1,2,19,0.68
85.04,30.374758,130.960082,0.1,2,19,0.68
85.11,30.374758,130.960082,0.1,2,19,0.68
85.17,30.374758,130.960082,0.1,2,19,0.68
85.24,30.374758,130.960082,0.1,2,19,0.68
85.31,30.374758,130.960082,0.1,2,19,0.68
85.37,30.374758,130.96008,0.19,2,19,0.68
85.44,30.374758,130.96008,0.19,2,19,0.68
85.5,30.374758,130.96008,0.19,2,19,0.68
85.57,30.374758,130.96008,0.19,2,19,0.68
85.64,30.374758,130.96008,0.19,2,19,0.68
85.7,30.374758,130.96008,0.19,2,19,0.68
85.77,30.374758,130.96008,0.19,2,19,0.68
85.84,30.374758,130.96008,0.19,2,19,0.68
85.9,30.374758,130.96008,0.19,2,19,0.68
85.97,30.374758,130.96008,0.19,2,19,0.68
86.04,30.374758,130.96008,0.19,2,19,0.68
86.11,30.374758,130.96008,0.19,2,19,0.68
86.17,30.374758,130.96008,0.19,2,19,0.68
86.24,30.374758,130.96008,0.19,2,19,0.68
86.3,30.374758,130.96008,0.19,2,19,0.68
86.37,30.374758,130.96008,0.1,2,19,0.68
86.43,30.374758,130.96008,0.1,2,19,0.68
86.5,30.374758,130.96008,0.1,2,19,0.68
86.56,30.374758,130.96008,0.1,2,19,0.68
86.63,30.374758,130.96008,0.1,2,19,0.68
86.7,30.374758,130.96008,0.1,2,19,0.68
86.76,30.374758,130.96008,0.1,2,19,0.68
86.83,30.374758,130.96008,0.1,2,19,0.68
86.9,30.374758,130.96008,0.1,2,19,0.68
86.96,30.374758,130.96008,0.1,2,19,0.68
87.03,30.374758,130.96008,0.1,2,19,0.68
87.09,30.374758,130.96008,0.1,2,19,0.68
87.16,30.374758,130.96008,0.1,2,19,0.68
87.23,30.374758,130.96008,0.1,2,19,0.68
87.29,30.374758,130.96008,0.1,2,19,0.68
87.36,30.374758,130.96008,0.1,2,19,0.68
87.42,30.374758,130.96008,0.1,2,19,0.68
87.49,30.374758,130.96008,0.1,2,19,0.68
87.56,30.374758,130.96008,0.1,2,19,0.68
87.62,30.374758,130.96008,0.1,2,19,0.68
87.69,30.374758,130.96008,0.1,2,19,0.68
87.75,30.374758,130.96008,0.1,2,19,0.68
87.82,30.374758,130.96008,0.1,2,19,0.68
87.89,30.374758,130.96008,0.1,2,19,0.68
87.95,30.374758,130.96008,0.1,2,19,0.68
88.02,30.374758,130.96008,0.1,2,19,0.68
88.09,30.374758,130.96008,0.1,2,19,0.68
88.15,30.374758,130.96008,0.1,2,19,0.68
88.22,30.374758,130.96008,0.1,2,19,0.68
88.28,30.374758,130.96008,0.1,2,19,0.68
88.35,30.374758,130.96008,0.1,2,19,0.68
88.42,30.374757,130.96008,0.19,2,19,0.68
88.48,30.374757,130.96008,0.19,2,19,0.68
88.55,30.374757,130.96008,0.19,2,19,0.68
88.62,30.374757,130.96008,0.19,2,19,0.68
88.68,30.374757,130.96008,0.19,2,19,0.68
88.75,30.374757,130.96008,0.19,2,19,0.68
88.81,30.374757,130.96008,0.19,2,19,0.68
88.88,30.374757,130.96008,0.19,2,19,0.68
88.95,30.374757,130.96008,0.19,2,19,0.68
89.01,30.374757,130.96008,0.19,2,19,0.68
89.08,30.374757,130.96008,0.19,2,19,0.68
89.15,30.374757,130.96008,0.19,2,19,0.68
89.21,30.374757,130.96008,0.19,2,19,0.68
89.28,30.374757,130.96008,0.19,2,19,0.68
89.35,30.374757,130.96008,0.19,2,19,0.68
89.41,30.374757,130.96008,0.1,2,19,0.68
89.48,30.374757,130.96008,0.1,2,19,0.68
89.55,30.374757,130.96008,0.1,2,19,0.68
89.61,30.374757,130.96008,0.1,2,19,0.68
89.68,30.374757,130.96008,0.1,2,19,0.68
89.75,30.374757,130.96008,0.1,2,19,0.68
89.81,30.374757,130.96008,0.1,2,19,0.68
89.88,30.374757,130.96008,0.1,2,19,0.68
89.94,30.374757,130.96008,0.1,2,19,0.68
90.01,30.374757,130.96008,0.1,2,19,0.68
90.08,30.374757,130.96008,0.1,2,19,0.68
90.15,30.374757,130.96008,0.1,2,19,0.68
90.21,30.374757,130.96008,0.1,2,19,0.68
90.28,30.374757,130.96008,0.1,2,19,0.68
90.34,30.374757,130.96008,0.1,2,19,0.68
90.41,30.374757,130.96008,0.1,2,19,0.68
90.48,30.374757,130.96008,0.1,2,19,0.68
90.54,30.374757,130.96008,0.1,2,19,0.68
90.61,30.374757,130.96008,0.1,2,19,0.68
90.68,30.374757,130.96008,0.1,2,19,0.68
90.74,30.374757,130.96008,0.1,2,19,0.68
90.81,30.374757,130.96008,0.1,2,19,0.68
90.88,30.374757,130.96008,0.1,2,19,0.68
90.94,30.374757,130.96008,0.1,2,19,0.68
91.01,30.374757,130.96008,0.1,2,19,0.68
91.08,30.374757,130.96008,0.1,2,19,0.68
91.14,30.374757,130.96008,0.1,2,19,0.68
91.21,30.374757,130.96008,0.1,2,19,0.68
91.27,30.374757,130.96008,0.1,2,19,0.68
91.34,30.374757,130.96008,0.1,2,19,0.68
91.41,30.374757,130.96008,0.1,2,19,0.68
91.48,30.374757,130.96008,0.09,2,19,0.68
91.54,30.374757,130.96008,0.09,2,19,0.68
91.61,30.374757,130.96008,0.09,2,19,0.68
91.67,30.374757,130.96008,0.09,2,19,0.68
91.74,30.374757,130.96008,0.09,2,19,0.68
91.81,30.374757,130.96008,0.09,2,19,0.68
91.87,30.374757,130.96008,0.09,2,19,0.68
91.94,30.374757,130.96008,0.09,2,19,0.68
92.01,30.374757,130.96008,0.09,2,19,0.68
92.07,30.374757,130.96008,0.09,2,19,0.68
92.14,30.374757,130.96008,0.09,2,19,0.68
92.21,30.374757,130.96008,0.09,2,19,0.68
92.28,30.374757,130.96008,0.09,2,19,0.68
92.34,30.374757,130.96008,0.09,2,19,0.68
92.41,30.374757,130.96008,0.09,2,19,0.68
92.48,30.374757,130.96008,0.09,2,19,0.68
92.54,30.374757,130.96008,0.09,2,19,0.68
92.61,30.374757,130.96008,0.09,2,19,0.68
92.68,30.374757,130.96008,0.09,2,19,0.68
92.75,30.374757,130.96008,0.09,2,19,0.68
92.81,30.374757,130.96008,0.09,2,19,0.68
92.88,30.374757,130.96008,0.09,2,19,0.68
92.95,30.374757,130.96008,0.09,2,19,0.68
93.01,30.374757,130.96008,0.09,2,19,0.68
93.08,30.374757,130.96008,0.09,2,19,0.68
93.14,30.374757,130.96008,0.09,2,19,0.68
93.21,30.374757,130.96008,0.09,2,19,0.68
93.28,30.374757,130.96008,0.09,2,19,0.68
93.34,30.374757,130.96008,0.09,2,19,0.68
93.41,30.374757,130.960078,0.19,2,19,0.65
93.48,30.374757,130.960078,0.19,2,19,0.65
93.54,30.374757,130.960078,0.19,2,19,0.65
93.61,30.374757,130.960078,0.19,2,19,0.65
93.68,30.374757,130.960078,0.19,2,19,0.65
93.74,30.374757,130.960078,0.19,2,19,0.65
93.81,30.374757,130.960078,0.19,2,19,0.65
93.87,30.374757,130.960078,0.19,2,19,0.65
93.94,30.374757,130.960078,0.19,2,19,0.65
94.01,30.374757,130.960078,0.19,2,19,0.65
94.07,30.374757,130.960078,0.19,2,19,0.65
94.14,30.374757,130.960078,0.19,2,19,0.65
94.2,30.374757,130.960078,0.19,2,19,0.65
94.27,30.374757,130.960078,0.19,2,19,0.65
94.34,30.374757,130.960078,0.19,2,19,0.65
94.4,30.374757,130.960078,0.1,2,19,0.68
94.47,30.374757,130.960078,0.1,2,19,0.68
94.54,30.374757,130.960078,0.1,2,19,0.68
94.6,30.374757,130.960078,0.1,2,19,0.68
94.67,30.374757,130.960078,0.1,2,19,0.68
94.73,30.374757,130.960078,0.1,2,19,0.68
94.8,30.374757,130.960078,0.1,2,19,0.68
94.87,30.374757,130.960078,0.1,2,19,0.68
94.93,30.374757,130.960078,0.1,2,19,0.68
95.0,30.374757,130.960078,0.1,2,19,0.68
95.06,30.374757,130.960078,0.1,2,19,0.68
95.13,30.374757,130.960078,0.1,2,19,0.68
95.2,30.374757,130.960078,0.1,2,19,0.68
95.26,30.374757,130.960078,0.1,2,19,0.68
95.33,30.374757,130.960078,0.1,2,19,0.68
95.4,30.374757,130.960078,0.1,2,19,0.68
95.46,30.374757,130.960078,0.1,2,19,0.68
95.53,30.374757,130.960078,0.1,2,19,0.68
95.59,30.374757,130.960078,0.1,2,19,0.68
95.66,30.374757,130.960078,0.1,2,19,0.68
95.73,30.374757,130.960078,0.1,2,19,0.68
95.79,30.374757,130.960078,0.1,2,19,0.68
95.86,30.374757,130.960078,0.1,2,19,0.68
95.93,30.374757,130.960078,0.1,2,19,0.68
95.99,30.374757,130.960078,0.1,2,19,0.68
96.06,30.374757,130.960078,0.1,2,19,0.68
96.13,30.374757,130.960078,0.1,2,19,0.68
96.19,30.374757,130.960078,0.1,2,19,0.68
96.26,30.374757,130.960078,0.1,2,19,0.68
96.33,30.374757,130.960078,0.1,2,19,0.68
96.39,30.374757,130.960078,0.1,2,18,0.7
96.46,30.374757,130.960078,0.1,2,18,0.7
96.53,30.374757,130.960078,0.1,2,18,0.7
96.59,30.374757,130.960078,0.1,2,18,0.7
96.66,30.374757,130.960078,0.1,2,18,0.7
96.73,30.374757,130.960078,0.1,2,18,0.7
96.79,30.374757,130.960078,0.1,2,18,0.7
96.86,30.374757,130.960078,0.1,2,18,0.7
96.93,30.374757,130.960078,0.1,2,18,0.7
96.99,30.374757,130.960078,0.1,2,18,0.7
97.06,30.374757,130.960078,0.1,2,18,0.7
97.13,30.374757,130.960078,0.1,2,18,0.7
97.19,30.374757,130.960078,0.1,2,18,0.7
97.26,30.374757,130.960078,0.1,2,18,0.7
97.32,30.374757,130.960078,0.1,2,18,0.7
97.39,30.374757,130.960078,0.1,2,18,0.7
97.46,30.374757,130.960078,0.1,2,19,0.68
97.52,30.374757,130.960078,0.1,2,19,0.68
97.59,30.374757,130.960078,0.1,2,19,0.68
97.66,30.374757,130.960078,0.1,2,19,0.68
97.72,30.374757,130.960078,0.1,2,19,0.68
97.79,30.374757,130.960078,0.1,2,19,0.68
97.86,30.374757,130.960078,0.1,2,19,0.68
97.92,30.374757,130.960078,0.1,2,19,0.68
97.99,30.374757,130.960078,0.1,2,19,0.68
98.06,30.374757,130.960078,0.1,2,19,0.68
98.13,30.374757,130.960078,0.1,2,19,0.68
98.19,30.374757,130.960078,0.1,2,19,0.68
98.26,30.374757,130.960078,0.1,2,19,0.68
98.33,30.374757,130.960078,0.1,2,19,0.68
98.39,30.374757,130.960078,0.1,2,19,0.68
98.46,30.374757,130.960078,0.09,2,19,0.68
98.53,30.374757,130.960078,0.09,2,19,0.68
98.59,30.374757,130.960078,0.09,2,19,0.68
98.66,30.374757,130.960078,0.09,2,19,0.68
98.73,30.374757,130.960078,0.09,2,19,0.68
98.79,30.374757,130.960078,0.09,2,19,0.68
98.86,30.374757,130.960078,0.09,2,19,0.68
98.93,30.374757,130.960078,0.09,2,19,0.68
98.99,30.374757,130.960078,0.09,2,19,0.68
99.06,30.374757,130.960078,0.09,2,19,0.68
99.13,30.374757,130.960078,0.09,2,19,0.68
99.19,30.374757,130.960078,0.09,2,19,0.68
99.26,30.374757,130.960078,0.09,2,19,0.68
99.33,30.374757,130.960078,0.09,2,19,0.68
99.4,30.374757,130.960078,0.09,2,19,0.68
99.47,30.374757,130.960078,0.1,2,19,0.68
99.53,30.374757,130.960078,0.1,2,19,0.68
99.6,30.374757,130.960078,0.1,2,19,0.68
99.66,30.374757,130.960078,0.1,2,19,0.68
99.73,30.374757,130.960078,0.1,2,19,0.68
99.8,30.374757,130.960078,0.1,2,19,0.68
99.86,30.374757,130.960078,0.1,2,19,0.68
99.93,30.374757,130.960078,0.1,2,19,0.68
99.99,30.374757,130.960078,0.1,2,19,0.68
100.06,30.374757,130.960078,0.1,2,19,0.68
100.13,30.374757,130.960078,0.1,2,19,0.68
100.19,30.374757,130.960078,0.1,2,19,0.68
100.26,30.374757,130.960078,0.1,2,19,0.68
100.32,30.374757,130.960078,0.1,2,19,0.68
100.39,30.374757,130.960078,0.1,2,19,0.68
100.46,30.374757,130.960078,0.09,2,19,0.68
100.52,30.374757,130.960078,0.09,2,19,0.68
100.59,30.374757,130.960078,0.09,2,19,0.68
100.66,30.374757,130.960078,0.09,2,19,0.68
100.72,30.374757,130.960078,0.09,2,19,0.68
100.79,30.374757,130.960078,0.09,2,19,0.68
100.86,30.374757,130.960078,0.09,2,19,0.68
100.92,30.374757,130.960078,0.09,2,19,0.68
100.99,30.374757,130.960078,0.09,2,19,0.68
101.06,30.374757,130.960078,0.09,2,19,0.68
101.12,30.374757,130.960078,0.09,2,19,0.68
101.19,30.374757,130.960078,0.09,2,19,0.68
101.25,30.374757,130.960078,0.09,2,19,0.68
101.32,30.374757,130.960078,0.09,2,19,0.68
101.39,30.374757,130.960078,0.09,2,19,0.68
101.45,30.374757,130.960078,0.1,2,19,0.68
101.52,30.374757,130.960078,0.1,2,19,0.68
101.59,30.374757,130.960078,0.1,2,19,0.68
101.65,30.374757,130.960078,0.1,2,19,0.68
101.72,30.374757,130.960078,0.1,2,19,0.68
101.79,30.374757,130.960078,0.1,2,19,0.68
101.85,30.374757,130.960078,0.1,2,19,0.68
101.92,30.374757,130.960078,0.1,2,19,0.68
101.99,30.374757,130.960078,0.1,2,19,0.68
102.05,30.374757,130.960078,0.1,2,19,0.68
102.12,30.374757,130.960078,0.1,2,19,0.68
102.19,30.374757,130.960078,0.1,2,19,0.68
102.25,30.374757,130.960078,0.1,2,19,0.68
102.32,30.374757,130.960078,0.1,2,19,0.68
102.38,30.374757,130.960078,0.1,2,19,0.68
102.45,30.374757,130.960078,0.1,2,19,0.68
102.52,30.374757,130.960078,0.1,2,19,0.68
102.58,30.374757,130.960078,0.1,2,19,0.68
102.65,30.374757,130.960078,0.1,2,19,0.68
102.72,30.374757,130.960078,0.1,2,19,0.68
102.78,30.374757,130.960078,0.1,2,19,0.68
102.85,30.374757,130.960078,0.1,2,19,0.68
102.92,30.374757,130.960078,0.1,2,19,0.68
102.98,30.374757,130.960078,0.1,2,19,0.68
103.05,30.374757,130.960078,0.1,2,19,0.68
103.12,30.374757,130.960078,0.1,2,19,0.68
103.18,30.374757,130.960078,0.1,2,19,0.68
103.25,30.374757,130.960078,0.1,2,19,0.68
103.32,30.374757,130.960078,0.1,2,19,0.68
103.38,30.374757,130.960078,0.1,2,19,0.68
103.45,30.374757,130.960078,0.1,2,19,0.68
103.51,30.374757,130.960078,0.1,2,19,0.68
103.58,30.374757,130.960078,0.1,2,19,0.68
103.65,30.374757,130.960078,0.1,2,19,0.68
103.72,30.374757,130.960078,0.1,2,19,0.68
103.78,30.374757,130.960078,0.1,2,19,0.68
103.85,30.374757,130.960078,0.1,2,19,0.68
103.92,30.374757,130.960078,0.1,2,19,0.68
103.98,30.374757,130.960078,0.1,2,19,0.68
104.05,30.374757,130.960078,0.1,2,19,0.68
104.11,30.374757,130.960078,0.1,2,19,0.68
104.18,30.374757,130.960078,0.1,2,19,0.68
104.25,30.374757,130.960078,0.1,2,19,0.68
104.31,30.374757,130.960078,0.1,2,19,0.68
104.38,30.374757,130.960078,0.1,2,19,0.68
104.44,30.374757,130.960078,0.1,2,19,0.68
104.51,30.374757,130.960078,0.1,2,19,0.68
104.58,30.374757,130.960078,0.1,2,19,0.68
104.64,30.374757,130.960078,0.1,2,19,0.68
104.71,30.374757,130.960078,0.1,2,19,0.68
104.77,30.374757,130.960078,0.1,2,19,0.68
104.84,30.374757,130.960078,0.1,2,19,0.68
104.91,30.374757,130.960078,0.1,2,19,0.68
104.97,30.374757,130.960078,0.1,2,19,0.68
105.04,30.374757,130.960078,0.1,2,19,0.68
105.11,30.374757,130.960078,0.1,2,19,0.68
105.17,30.374757,130.960078,0.1,2,19,0.68
105.24,30.374757,130.960078,0.1,2,19,0.68
105.3,30.374757,130.960078,0.1,2,19,0.68
105.37,30.374757,130.960078,0.1,2,19,0.68
105.44,30.374757,130.960078,0.09,2,19,0.68
105.5,30.374757,130.960078,0.09,2,19,0.68
105.57,30.374757,130.960078,0.09,2,19,0.68
105.63,30.374757,130.960078,0.09,2,19,0.68
105.7,30.374757,130.960078,0.09,2,19,0.68
105.77,30.374757,130.960078,0.09,2,19,0.68
105.83,30.374757,130.960078,0.09,2,19,0.68
105.9,30.374757,130.960078,0.09,2,19,0.68
105.96,30.374757,130.960078,0.09,2,19,0.68
106.03,30.374757,130.960078,0.09,2,19,0.68
106.09,30.374757,130.960078,0.09,2,19,0.68
106.16,30.374757,130.960078,0.09,2,19,0.68
106.23,30.374757,130.960078,0.09,2,19,0.68
106.29,30.374757,130.960078,0.09,2,19,0.68
106.36,30.374757,130.960078,0.09,2,19,0.68
106.42,30.374757,130.960078,0.1,2,19,0.68
106.49,30.374757,130.960078,0.1,2,19,0.68
106.55,30.374757,130.960078,0.1,2,19,0.68
106.62,30.374757,130.960078,0.1,2,19,0.68
106.68,30.374757,130.960078,0.1,2,19,0.68
106.75,30.374757,130.960078,0.1,2,19,0.68
106.82,30.374757,130.960078,0.1,2,19,0.68
106.88,30.374757,130.960078,0.1,2,19,0.68
106.95,30.374757,130.960078,0.1,2,19,0.68
107.01,30.374757,130.960078,0.1,2,19,0.68
107.08,30.374757,130.960078,0.1,2,19,0.68
107.15,30.374757,130.960078,0.1,2,19,0.68
107.22,30.374757,130.960078,0.1,2,19,0.68
107.29,30.374757,130.960078,0.1,2,19,0.68
107.35,30.374757,130.960078,0.1,2,19,0.68
107.42,30.374757,130.960078,0.1,2,19,0.68
107.48,30.374757,130.960078,0.1,2,19,0.68
107.55,30.374757,130.960078,0.1,2,19,0.68
107.61,30.374757,130.960078,0.1,2,19,0.68
107.68,30.374757,130.960078,0.1,2,19,0.68
107.74,30.374757,130.960078,0.1,2,19,0.68
107.81,30.374757,130.960078,0.1,2,19,0.68
107.87,30.374757,130.960078,0.1,2,19,0.68
107.94,30.374757,130.960078,0.1,2,19,0.68
108.0,30.374757,130.960078,0.1,2,19,0.68
108.07,30.374757,130.960078,0.1,2,19,0.68
108.13,30.374757,130.960078,0.1,2,19,0.68
108.2,30.374757,130.960078,0.1,2,19,0.68
108.26,30.374757,130.960078,0.1,2,19,0.68
108.33,30.374757,130.960078,0.1,2,19,0.68
108.4,30.374757,130.960078,0.1,2,19,0.68
108.46,30.374757,130.960078,0.1,2,19,0.68
108.53,30.374757,130.960078,0.1,2,19,0.68
108.59,30.374757,130.960078,0.1,2,19,0.68
108.66,30.374757,130.960078,0.1,2,19,0.68
108.72,30.374757,130.960078,0.1,2,19,0.68
108.79,30.374757,130.960078,0.1,2,19,0.68
108.86,30.374757,130.960078,0.1,2,19,0.68
108.92,30.374757,130.960078,0.1,2,19,0.68
108.99,30.374757,130.960078,0.1,2,19,0.68
109.05,30.374757,130.960078,0.1,2,19,0.68
109.12,30.374757,130.960078,0.1,2,19,0.68
109.19,30.374757,130.960078,0.1,2,19,0.68
109.25,30.374757,130.960078,0.1,2,19,0.68
109.32,30.374757,130.960078,0.1,2,19,0.68
109.39,30.374757,130.960078,0.1,2,19,0.68
109.45,30.374757,130.960078,0.1,2,19,0.68
109.52,30.374757,130.960078,0.1,2,19,0.68
109.58,30.374757,130.960078,0.1,2,19,0.68
109.65,30.374757,130.960078,0.1,2,19,0.68
109.72,30.374757,130.960078,0.1,2,19,0.68
109.78,30.374757,130.960078,0.1,2,19,0.68
109.85,30.374757,130.960078,0.1,2,19,0.68
109.92,30.374757,130.960078,0.1,2,19,0.68
109.98,30.374757,130.960078,0.1,2,19,0.68
110.05,30.374757,130.960078,0.1,2,19,0.68
110.11,30.374757,130.960078,0.1,2,19,0.68
110.18,30.374757,130.960078,0.1,2,19,0.68
110.25,30.374757,130.960078,0.1,2,19,0.68
110.31,30.374757,130.960078,0.1,2,19,0.68
110.38,30.374757,130.960078,0.1,2,19,0.68
110.45,30.374755,130.960078,0.19,2,19,0.68
110.51,30.374755,130.960078,0.19,2,19,0.68
110.58,30.374755,130.960078,0.19,2,19,0.68
110.65,30.374755,130.960078,0.19,2,19,0.68
110.71,30.374755,130.960078,0.19,2,19,0.68
110.78,30.374755,130.960078,0.19,2,19,0.68
110.85,30.374755,130.960078,0.19,2,19,0.68
110.91,30.374755,130.960078,0.19,2,19,0.68
110.98,30.374755,130.960078,0.19,2,19,0.68
111.05,30.374755,130.960078,0.19,2,19,0.68
111.11,30.374755,130.960078,0.19,2,19,0.68
111.18,30.374755,130.960078,0.19,2,19,0.68
111.24,30.374755,130.960078,0.19,2,19,0.68
111.31,30.374755,130.960078,0.19,2,19,0.68
111.38,30.374755,130.960078,0.19,2,19,0.68
111.44,30.374755,130.960078,0.0,2,19,0.68
111.51,30.374755,130.960078,0.0,2,19,0.68
111.58,30.374755,130.960078,0.0,2,19,0.68
111.64,30.374755,130.960078,0.0,2,19,0.68
111.71,30.374755,130.960078,0.0,2,19,0.68
111.78,30.374755,130.960078,0.0,2,19,0.68
111.84,30.374755,130.960078,0.0,2,19,0.68
111.91,30.374755,130.960078,0.0,2,19,0.68
111.97,30.374755,130.960078,0.0,2,19,0.68
112.04,30.374755,130.960078,0.0,2,19,0.68
112.11,30.374755,130.960078,0.0,2,19,0.68
112.17,30.374755,130.960078,0.0,2,19,0.68
112.24,30.374755,130.960078,0.0,2,19,0.68
112.31,30.374755,130.960078,0.0,2,19,0.68
112.37,30.374755,130.960078,0.0,2,19,0.68
112.44,30.374755,130.960078,0.0,2,19,0.68
112.51,30.374755,130.960078,0.0,2,19,0.68
112.57,30.374755,130.960078,0.0,2,19,0.68
112.64,30.374755,130.960078,0.0,2,19,0.68
112.71,30.374755,130.960078,0.0,2,19,0.68
112.77,30.374755,130.960078,0.0,2,19,0.68
112.84,30.374755,130.960078,0.0,2,19,0.68
112.91,30.374755,130.960078,0.0,2,19,0.68
112.97,30.374755,130.960078,0.0,2,19,0.68
113.04,30.374755,130.960078,0.0,2,19,0.68
113.11,30.374755,130.960078,0.0,2,19,0.68
113.17,30.374755,130.960078,0.0,2,19,0.68
113.24,30.374755,130.960078,0.0,2,19,0.68
113.31,30.374755,130.960078,0.0,2,19,0.68
113.37,30.374755,130.960078,0.0,2,19,0.68
113.44,30.374755,130.960078,0.0,2,19,0.68
113.5,30.374755,130.960078,0.0,2,19,0.68
113.57,30.374755,130.960078,0.0,2,19,0.68
113.64,30.374755,130.960078,0.0,2,19,0.68
113.71,30.374755,130.960078,0.0,2,19,0.68
113.77,30.374755,130.960078,0.0,2,19,0.68
113.85,30.374755,130.960078,0.0,2,19,0.68
113.91,30.374755,130.960078,0.0,2,19,0.68
113.98,30.374755,130.960078,0.0,2,19,0.68
114.04,30.374755,130.960078,0.0,2,19,0.68
114.11,30.374755,130.960078,0.0,2,19,0.68
114.17,30.374755,130.960078,0.0,2,19,0.68
114.24,30.374755,130.960078,0.0,2,19,0.68
114.31,30.374755,130.960078,0.0,2,19,0.68
114.37,30.374755,130.960078,0.0,2,19,0.68
114.44,30.374755,130.960078,0.0,2,19,0.68
114.5,30.374755,130.960078,0.0,2,19,0.68
114.57,30.374755,130.960078,0.0,2,19,0.68
114.64,30.374755,130.960078,0.0,2,19,0.68
114.7,30.374755,130.960078,0.0,2,19,0.68
114.77,30.374755,130.960078,0.0,2,19,0.68
114.84,30.374755,130.960078,0.0,2,19,0.68
114.9,30.374755,130.960078,0.0,2,19,0.68
114.97,30.374755,130.960078,0.0,2,19,0.68
115.03,30.374755,130.960078,0.0,2,19,0.68
115.1,30.374755,130.960078,0.0,2,19,0.68
115.16,30.374755,130.960078,0.0,2,19,0.68
115.23,30.374755,130.960078,0.0,2,19,0.68
115.3,30.374755,130.960078,0.0,2,19,0.68
115.36,30.374755,130.960078,0.0,2,19,0.68
115.43,30.374755,130.960078,0.0,2,19,0.68
115.5,30.374755,130.960078,0.0,2,19,0.68
115.56,30.374755,130.960078,0.0,2,19,0.68
115.63,30.374755,130.960078,0.0,2,19,0.68
115.69,30.374755,130.960078,0.0,2,19,0.68
115.76,30.374755,130.960078,0.0,2,19,0.68
115.83,30.374755,130.960078,0.0,2,19,0.68
115.89,30.374755,130.960078,0.0,2,19,0.68
115.96,30.374755,130.960078,0.0,2,19,0.68
116.02,30.374755,130.960078,0.0,2,19,0.68
116.09,30.374755,130.960078,0.0,2,19,0.68
116.16,30.374755,130.960078,0.0,2,19,0.68
116.22,30.374755,130.960078,0.0,2,19,0.68
116.29,30.374755,130.960078,0.0,2,19,0.68
116.36,30.374755,130.960078,0.0,2,19,0.68
116.42,30.374755,130.960078,0.0,2,18,0.7
116.49,30.374755,130.960078,0.0,2,18,0.7
116.56,30.374755,130.960078,0.0,2,18,0.7
116.62,30.374755,130.960078,0.0,2,18,0.7
116.69,30.374755,130.960078,0.0,2,18,0.7
116.75,30.374755,130.960078,0.0,2,18,0.7
116.82,30.374755,130.960078,0.0,2,18,0.7
116.89,30.374755,130.960078,0.0,2,18,0.7
116.95,30.374755,130.960078,0.0,2,18,0.7
117.02,30.374755,130.960078,0.0,2,18,0.7
117.09,30.374755,130.960078,0.0,2,18,0.7
117.15,30.374755,130.960078,0.0,2,18,0.7
117.22,30.374755,130.960078,0.0,2,18,0.7
117.28,30.374755,130.960078,0.0,2,18,0.7
117.35,30.374755,130.960078,0.0,2,18,0.7
117.42,30.374755,130.960078,0.0,2,19,0.68
117.48,30.374755,130.960078,0.0,2,19,0.68
117.55,30.374755,130.960078,0.0,2,19,0.68
117.62,30.374755,130.960078,0.0,2,19,0.68
117.68,30.374755,130.960078,0.0,2,19,0.68
117.75,30.374755,130.960078,0.0,2,19,0.68
117.81,30.374755,130.960078,0.0,2,19,0.68
117.88,30.374755,130.960078,0.0,2,19,0.68
117.95,30.374755,130.960078,0.0,2,19,0.68
118.01,30.374755,130.960078,0.0,2,19,0.68
118.08,30.374755,130.960078,0.0,2,19,0.68
118.15,30.374755,130.960078,0.0,2,19,0.68
118.21,30.374755,130.960078,0.0,2,19,0.68
118.28,30.374755,130.960078,0.0,2,19,0.68
118.35,30.374755,130.960078,0.0,2,19,0.68
118.41,30.374755,130.960078,0.0,2,18,0.7
118.48,30.374755,130.960078,0.0,2,18,0.7
118.55,30.374755,130.960078,0.0,2,18,0.7
118.61,30.374755,130.960078,0.0,2,18,0.7
118.68,30.374755,130.960078,0.0,2,18,0.7
118.75,30.374755,130.960078,0.0,2,18,0.7
118.81,30.374755,130.960078,0.0,2,18,0.7
118.88,30.374755,130.960078,0.0,2,18,0.7
118.94,30.374755,130.960078,0.0,2,18,0.7
119.01,30.374755,130.960078,0.0,2,18,0.7
119.08,30.374755,130.960078,0.0,2,18,0.7
119.14,30.374755,130.960078,0.0,2,18,0.7
119.21,30.374755,130.960078,0.0,2,18,0.7
119.28,30.374755,130.960078,0.0,2,18,0.7
119.34,30.374755,130.960078,0.0,2,18,0.7
119.41,30.374755,130.960078,0.0,2,18,0.7
119.48,30.374755,130.960078,0.0,2,18,0.7
119.54,30.374755,130.960078,0.0,2,18,0.7
119.61,30.374755,130.960078,0.0,2,18,0.7
119.68,30.374755,130.960078,0.0,2,18,0.7
119.74,30.374755,130.960078,0.0,2,18,0.7
119.81,30.374755,130.960078,0.0,2,18,0.7
119.88,30.374755,130.960078,0.0,2,18,0.7
119.94,30.374755,130.960078,0.0,2,18,0.7
120.01,30.374755,130.960078,0.0,2,18,0.7
120.08,30.374755,130.960078,0.0,2,18,0.7
120.14,30.374755,130.960078,0.0,2,18,0.7
120.21,30.374755,130.960078,0.0,2,18,0.7
120.28,30.374755,130.960078,0.0,2,18,0.7
120.34,30.374755,130.960078,0.0,2,18,0.7
120.42,30.374755,130.960078,0.0,2,18,0.7
120.48,30.374755,130.960078,0.0,2,18,0.7
120.55,30.374755,130.960078,0.0,2,18,0.7
120.62,30.374755,130.960078,0.0,2,18,0.7
120.68,30.374755,130.960078,0.0,2,18,0.7
120.75,30.374755,130.960078,0.0,2,18,0.7
120.81,30.374755,130.960078,0.0,2,18,0.7
120.88,30.374755,130.960078,0.0,2,18,0.7
120.94,30.374755,130.960078,0.0,2,18,0.7
121.01,30.374755,130.960078,0.0,2,18,0.7
121.08,30.374755,130.960078,0.0,2,18,0.7
121.15,30.374755,130.960078,0.0,2,18,0.7
121.21,30.374755,130.960078,0.0,2,18,0.7
121.28,30.374755,130.960078,0.0,2,18,0.7
121.34,30.374755,130.960078,0.0,2,18,0.7
121.41,30.374755,130.960078,0.0,2,18,0.7
121.48,30.374755,130.960078,0.0,2,18,0.7
121.54,30.374755,130.960078,0.0,2,18,0.7
121.61,30.374755,130.960078,0.0,2,18,0.7
121.67,30.374755,130.960078,0.0,2,18,0.7
121.74,30.374755,130.960078,0.0,2,18,0.7
121.81,30.374755,130.960078,0.0,2,18,0.7
121.87,30.374755,130.960078,0.0,2,18,0.7
121.94,30.374755,130.960078,0.0,2,18,0.7
122.0,30.374755,130.960078,0.0,2,18,0.7
122.07,30.374755,130.960078,0.0,2,18,0.7
122.14,30.374755,130.960078,0.0,2,18,0.7
122.2,30.374755,130.960078,0.0,2,18,0.7
122.27,30.374755,130.960078,0.0,2,18,0.7
122.34,30.374755,130.960078,0.0,2,18,0.7
122.4,30.374755,130.960078,0.0,2,18,0.7
122.47,30.374755,130.960078,0.0,2,18,0.7
122.53,30.374755,130.960078,0.0,2,18,0.7
122.6,30.374755,130.960078,0.0,2,18,0.7
122.67,30.374755,130.960078,0.0,2,18,0.7
122.73,30.374755,130.960078,0.0,2,18,0.7
122.8,30.374755,130.960078,0.0,2,18,0.7
122.87,30.374755,130.960078,0.0,2,18,0.7
122.93,30.374755,130.960078,0.0,2,18,0.7
123.0,30.374755,130.960078,0.0,2,18,0.7
123.06,30.374755,130.960078,0.0,2,18,0.7
123.13,30.374755,130.960078,0.0,2,18,0.7
123.2,30.374755,130.960078,0.0,2,18,0.7
123.26,30.374755,130.960078,0.0,2,18,0.7
123.33,30.374755,130.960078,0.0,2,18,0.7
123.39,30.374755,130.960078,0.0,2,18,0.7
123.46,30.374755,130.960078,0.0,2,18,0.7
123.53,30.374755,130.960078,0.0,2,18,0.7
123.59,30.374755,130.960078,0.0,2,18,0.7
123.66,30.374755,130.960078,0.0,2,18,0.7
123.72,30.374755,130.960078,0.0,2,18,0.7
123.79,30.374755,130.960078,0.0,2,18,0.7
123.85,30.374755,130.960078,0.0,2,18,0.7
123.92,30.374755,130.960078,0.0,2,18,0.7
123.99,30.374755,130.960078,0.0,2,18,0.7
124.05,30.374755,130.960078,0.0,2,18,0.7
124.12,30.374755,130.960078,0.0,2,18,0.7
124.18,30.374755,130.960078,0.0,2,18,0.7
124.25,30.374755,130.960078,0.0,2,18,0.7
124.32,30.374755,130.960078,0.0,2,18,0.7
124.38,30.374755,130.960078,0.0,2,18,0.7
124.45,30.374755,130.960078,0.0,2,18,0.7
124.51,30.374755,130.960078,0.0,2,18,0.7
124.58,30.374755,130.960078,0.0,2,18,0.7
124.65,30.374755,130.960078,0.0,2,18,0.7
124.71,30.374755,130.960078,0.0,2,18,0.7
124.78,30.374755,130.960078,0.0,2,18,0.7
124.84,30.374755,130.960078,0.0,2,18,0.7
124.91,30.374755,130.960078,0.0,2,18,0.7
124.97,30.374755,130.960078,0.0,2,18,0.7
125.04,30.374755,130.960078,0.0,2,18,0.7
125.11,30.374755,130.960078,0.0,2,18,0.7
125.17,30.374755,130.960078,0.0,2,18,0.7
125.24,30.374755,130.960078,0.0,2,18,0.7
125.3,30.374755,130.960078,0.0,2,18,0.7
125.37,30.374755,130.960078,0.0,2,18,0.7
125.43,30.374755,130.960078,0.0,2,18,0.7
125.5,30.374755,130.960078,0.0,2,18,0.7
125.57,30.374755,130.960078,0.0,2,18,0.7
125.63,30.374755,130.960078,0.0,2,18,0.7
125.7,30.374755,130.960078,0.0,2,18,0.7
125.76,30.374755,130.960078,0.0,2,18,0.7
125.83,30.374755,130.960078,0.0,2,18,0.7
125.9,30.374755,130.960078,0.0,2,18,0.7
125.96,30.374755,130.960078,0.0,2,18,0.7
126.03,30.374755,130.960078,0.0,2,18,0.7
126.09,30.374755,130.960078,0.0,2,18,0.7
126.16,30.374755,130.960078,0.0,2,18,0.7
126.23,30.374755,130.960078,0.0,2,18,0.7
126.29,30.374755,130.960078,0.0,2,18,0.7
126.36,30.374755,130.960078,0.0,2,18,0.7
126.42,30.374755,130.960078,0.0,2,18,0.7
126.49,30.374755,130.960078,0.0,2,18,0.7
126.56,30.374755,130.960078,0.0,2,18,0.7
126.62,30.374755,130.960078,0.0,2,18,0.7
126.69,30.374755,130.960078,0.0,2,18,0.7
126.75,30.374755,130.960078,0.0,2,18,0.7
126.82,30.374755,130.960078,0.0,2,18,0.7
126.89,30.374755,130.960078,0.0,2,18,0.7
126.95,30.374755,130.960078,0.0,2,18,0.7
127.02,30.374755,130.960078,0.0,2,18,0.7
127.09,30.374755,130.960078,0.0,2,18,0.7
127.16,30.374755,130.960078,0.0,2,18,0.7
127.22,30.374755,130.960078,0.0,2,18,0.7
127.29,30.374755,130.960078,0.0,2,18,0.7
127.35,30.374755,130.960078,0.0,2,18,0.7
127.42,30.374755,130.960078,0.0,2,18,0.7
127.48,30.374755,130.960078,0.0,2,18,0.7
127.55,30.374755,130.960078,0.0,2,18,0.7
127.61,30.374755,130.960078,0.0,2,18,0.7
127.68,30.374755,130.960078,0.0,2,18,0.7
127.74,30.374755,130.960078,0.0,2,18,0.7
127.81,30.374755,130.960078,0.0,2,18,0.7
127.88,30.374755,130.960078,0.0,2,18,0.7
127.94,30.374755,130.960078,0.0,2,18,0.7
128.01,30.374755,130.960078,0.0,2,18,0.7
128.07,30.374755,130.960078,0.0,2,18,0.7
128.14,30.374755,130.960078,0.0,2,18,0.7
128.21,30.374755,130.960078,0.0,2,18,0.7
128.27,30.374755,130.960078,0.0,2,18,0.7
128.34,30.374755,130.960078,0.0,2,18,0.7
128.4,30.374755,130.960078,0.0,2,18,0.7
128.47,30.374755,130.960078,0.0,2,18,0.7
128.54,30.374755,130.960078,0.0,2,18,0.7
128.6,30.374755,130.960078,0.0,2,18,0.7
128.67,30.374755,130.960078,0.0,2,18,0.7
128.74,30.374755,130.960078,0.0,2,18,0.7
128.8,30.374755,130.960078,0.0,2,18,0.7
128.87,30.374755,130.960078,0.0,2,18,0.7
128.93,30.374755,130.960078,0.0,2,18,0.7
129.0,30.374755,130.960078,0.0,2,18,0.7
129.07,30.374755,130.960078,0.0,2,18,0.7
129.13,30.374755,130.960078,0.0,2,18,0.7
129.2,30.374755,130.960078,0.0,2,18,0.7
129.26,30.374755,130.960078,0.0,2,18,0.7
129.33,30.374755,130.960078,0.0,2,18,0.7
129.4,30.374755,130.960078,0.0,2,18,0.7
129.46,30.374755,130.960078,0.0,2,18,0.7
129.53,30.374755,130.960078,0.0,2,18,0.7
129.6,30.374755,130.960078,0.0,2,18,0.7
129.66,30.374755,130.960078,0.0,2,18,0.7
129.73,30.374755,130.960078,0.0,2,18,0.7
129.8,30.374755,130.960078,0.0,2,18,0.7
129.86,30.374755,130.960078,0.0,2,18,0.7
129.93,30.374755,130.960078,0.0,2,18,0.7
130.0,30.374755,130.960078,0.0,2,18,0.7
130.06,30.374755,130.960078,0.0,2,18,0.7
130.13,30.374755,130.960078,0.0,2,18,0.7
130.19,30.374755,130.960078,0.0,2,18,0.7
130.26,30.374755,130.960078,0.0,2,18,0.7
130.33,30.374755,130.960078,0.0,2,18,0.7
130.39,30.374755,130.960078,0.0,2,18,0.7
130.46,30.374755,130.960078,0.0,2,18,0.66
130.52,30.374755,130.960078,0.0,2,18,0.66
130.59,30.374755,130.960078,0.0,2,18,0.66
130.66,30.374755,130.960078,0.0,2,18,0.66
130.72,30.374755,130.960078,0.0,2,18,0.66
130.79,30.374755,130.960078,0.0,2,18,0.66
130.86,30.374755,130.960078,0.0,2,18,0.66
130.92,30.374755,130.960078,0.0,2,18,0.66
130.99,30.374755,130.960078,0.0,2,18,0.66
131.06,30.374755,130.960078,0.0,2,18,0.66
131.12,30.374755,130.960078,0.0,2,18,0.66
131.19,30.374755,130.960078,0.0,2,18,0.66
131.26,30.374755,130.960078,0.0,2,18,0.66
131.32,30.374755,130.960078,0.0,2,18,0.66
131.39,30.374755,130.960078,0.0,2,18,0.66
131.46,30.374755,130.960078,0.0,2,18,0.7
131.52,30.374755,130.960078,0.0,2,18,0.7
131.59,30.374755,130.960078,0.0,2,18,0.7
131.65,30.374755,130.960078,0.0,2,18,0.7
131.72,30.374755,130.960078,0.0,2,18,0.7
131.79,30.374755,130.960078,0.0,2,18,0.7
131.86,30.374755,130.960078,0.0,2,18,0.7
131.92,30.374755,130.960078,0.0,2,18,0.7
131.99,30.374755,130.960078,0.0,2,18,0.7
132.05,30.374755,130.960078,0.0,2,18,0.7
132.12,30.374755,130.960078,0.0,2,18,0.7
132.19,30.374755,130.960078,0.0,2,18,0.7
132.25,30.374755,130.960078,0.0,2,18,0.7
132.32,30.374755,130.960078,0.0,2,18,0.7
132.39,30.374753,130.960078,0.19,2,18,0.7
132.45,30.374753,130.960078,0.19,2,18,0.7
132.52,30.374753,130.960078,0.19,2,18,0.7
132.59,30.374753,130.960078,0.19,2,18,0.7
132.65,30.374753,130.960078,0.19,2,18,0.7
132.72,30.374753,130.960078,0.19,2,18,0.7
132.79,30.374753,130.960078,0.19,2,18,0.7
132.86,30.374753,130.960078,0.19,2,18,0.7
132.92,30.374753,130.960078,0.19,2,18,0.7
132.99,30.374753,130.960078,0.19,2,18,0.7
133.06,30.374753,130.960078,0.19,2,18,0.7
133.12,30.374753,130.960078,0.19,2,18,0.7
133.19,30.374753,130.960078,0.19,2,18,0.7
133.25,30.374753,130.960078,0.19,2,18,0.7
133.32,30.374753,130.960078,0.19,2,18,0.7
133.39,30.374753,130.960078,0.19,2,18,0.7
133.45,30.374753,130.960078,0.0,2,19,0.65
133.52,30.374753,130.960078,0.0,2,19,0.65
133.59,30.374753,130.960078,0.0,2,19,0.65
133.65,30.374753,130.960078,0.0,2,19,0.65
133.72,30.374753,130.960078,0.0,2,19,0.65
133.79,30.374753,130.960078,0.0,2,19,0.65
133.86,30.374753,130.960078,0.0,2,19,0.65
133.92,30.374753,130.960078,0.0,2,19,0.65
133.99,30.374753,130.960078,0.0,2,19,0.65
134.06,30.374753,130.960078,0.0,2,19,0.65
134.12,30.374753,130.960078,0.0,2,19,0.65
134.19,30.374753,130.960078,0.0,2,19,0.65
134.26,30.374753,130.960078,0.0,2,19,0.65
134.32,30.374753,130.960078,0.0,2,19,0.65
134.39,30.374753,130.960078,0.0,2,19,0.65
134.45,30.374753,130.960078,0.0,2,19,0.68
134.52,30.374753,130.960078,0.0,2,19,0.68
134.59,30.374753,130.960078,0.0,2,19,0.68
134.65,30.374753,130.960078,0.0,2,19,0.68
134.72,30.374753,130.960078,0.0,2,19,0.68
134.78,30.374753,130.960078,0.0,2,19,0.68
134.85,30.374753,130.960078,0.0,2,19,0.68
134.92,30.374753,130.960078,0.0,2,19,0.68
134.98,30.374753,130.960078,0.0,2,19,0.68
135.05,30.374753,130.960078,0.0,2,19,0.68
135.11,30.374753,130.960078,0.0,2,19,0.68
135.18,30.374753,130.960078,0.0,2,19,0.68
135.25,30.374753,130.960078,0.0,2,19,0.68
135.31,30.374753,130.960078,0.0,2,19,0.68
135.38,30.374753,130.960078,0.0,2,19,0.68
135.45,30.374753,130.960078,0.0,2,19,0.68
135.51,30.374753,130.960078,0.0,2,19,0.68
135.58,30.374753,130.960078,0.0,2,19,0.68
135.64,30.374753,130.960078,0.0,2,19,0.68
135.71,30.374753,130.960078,0.0,2,19,0.68
135.77,30.374753,130.960078,0.0,2,19,0.68
135.84,30.374753,130.960078,0.0,2,19,0.68
135.91,30.374753,130.960078,0.0,2,19,0.68
135.97,30.374753,130.960078,0.0,2,19,0.68
136.04,30.374753,130.960078,0.0,2,19,0.68
136.11,30.374753,130.960078,0.0,2,19,0.68
136.17,30.374753,130.960078,0.0,2,19,0.68
136.24,30.374753,130.960078,0.0,2,19,0.68
136.31,30.374753,130.960078,0.0,2,19,0.68
136.37,30.374753,130.960078,0.0,2,19,0.68
136.44,30.374753,130.960078,0.0,2,19,0.68
136.5,30.374753,130.960078,0.0,2,19,0.68
136.57,30.374753,130.960078,0.0,2,19,0.68
136.64,30.374753,130.960078,0.0,2,19,0.68
136.7,30.374753,130.960078,0.0,2,19,0.68
136.77,30.374753,130.960078,0.0,2,19,0.68
136.84,30.374753,130.960078,0.0,2,19,0.68
136.9,30.374753,130.960078,0.0,2,19,0.68
136.97,30.374753,130.960078,0.0,2,19,0.68
137.03,30.374753,130.960078,0.0,2,19,0.68
137.1,30.374753,130.960078,0.0,2,19,0.68
137.17,30.374753,130.960078,0.0,2,19,0.68
137.24,30.374753,130.960078,0.0,2,19,0.68
137.3,30.374753,130.960078,0.0,2,19,0.68
137.37,30.374753,130.960078,0.0,2,19,0.68
137.43,30.374753,130.960077,0.13,2,19,0.68
137.5,30.374753,130.960077,0.13,2,19,0.68
137.57,30.374753,130.960077,0.13,2,19,0.68
137.63,30.374753,130.960077,0.13,2,19,0.68
137.7,30.374753,130.960077,0.13,2,19,0.68
137.77,30.374753,130.960077,0.13,2,19,0.68
137.83,30.374753,130.960077,0.13,2,19,0.68
137.9,30.374753,130.960077,0.13,2,19,0.68
137.96,30.374753,130.960077,0.13,2,19,0.68
138.03,30.374753,130.960077,0.13,2,19,0.68
138.1,30.374753,130.960077,0.13,2,19,0.68
138.16,30.374753,130.960077,0.13,2,19,0.68
138.23,30.374753,130.960077,0.13,2,19,0.68
138.3,30.374753,130.960077,0.13,2,19,0.68
138.36,30.374753,130.960077,0.13,2,19,0.68
138.43,30.374753,130.960077,0.0,2,19,0.65
138.5,30.374753,130.960077,0.0,2,19,0.65
138.56,30.374753,130.960077,0.0,2,19,0.65
138.63,30.374753,130.960077,0.0,2,19,0.65
138.7,30.374753,130.960077,0.0,2,19,0.65
138.76,30.374753,130.960077,0.0,2,19,0.65
138.83,30.374753,130.960077,0.0,2,19,0.65
138.9,30.374753,130.960077,0.0,2,19,0.65
138.96,30.374753,130.960077,0.0,2,19,0.65
139.03,30.374753,130.960077,0.0,2,19,0.65
139.1,30.374753,130.960077,0.0,2,19,0.65
139.16,30.374753,130.960077,0.0,2,19,0.65
139.23,30.374753,130.960077,0.0,2,19,0.65
139.3,30.374753,130.960077,0.0,2,19,0.65
139.36,30.374753,130.960077,0.0,2,19,0.65
139.43,30.374753,130.960077,0.0,2,19,0.68
139.5,30.374753,130.960077,0.0,2,19,0.68
139.56,30.374753,130.960077,0.0,2,19,0.68
139.63,30.374753,130.960077,0.0,2,19,0.68
139.7,30.374753,130.960077,0.0,2,19,0.68
139.76,30.374753,130.960077,0.0,2,19,0.68
139.83,30.374753,130.960077,0.0,2,19,0.68
139.9,30.374753,130.960077,0.0,2,19,0.68
139.96,30.374753,130.960077,0.0,2,19,0.68
140.03,30.374753,130.960077,0.0,2,19,0.68
140.1,30.374753,130.960077,0.0,2,19,0.68
140.16,30.374753,130.960077,0.0,2,19,0.68
140.23,30.374753,130.960077,0.0,2,19,0.68
140.3,30.374753,130.960077,0.0,2,19,0.68
140.37,30.374753,130.960077,0.0,2,19,0.68
140.44,30.374753,130.960077,0.0,2,19,0.68
140.5,30.374753,130.960077,0.0,2,19,0.68
140.57,30.374753,130.960077,0.0,2,19,0.68
140.63,30.374753,130.960077,0.0,2,19,0.68
140.7,30.374753,130.960077,0.0,2,19,0.68
140.77,30.374753,130.960077,0.0,2,19,0.68
140.83,30.374753,130.960077,0.0,2,19,0.68
140.9,30.374753,130.960077,0.0,2,19,0.68
140.96,30.374753,130.960077,0.0,2,19,0.68
141.03,30.374753,130.960077,0.0,2,19,0.68
141.1,30.374753,130.960077,0.0,2,19,0.68
141.16,30.374753,130.960077,0.0,2,19,0.68
141.23,30.374753,130.960077,0.0,2,19,0.68
141.29,30.374753,130.960077,0.0,2,19,0.68
141.36,30.374753,130.960077,0.0,2,19,0.68
141.43,30.374753,130.960077,0.0,2,19,0.65
141.49,30.374753,130.960077,0.0,2,19,0.65
141.56,30.374753,130.960077,0.0,2,19,0.65
141.62,30.374753,130.960077,0.0,2,19,0.65
141.69,30.374753,130.960077,0.0,2,19,0.65
141.76,30.374753,130.960077,0.0,2,19,0.65
141.82,30.374753,130.960077,0.0,2,19,0.65
141.89,30.374753,130.960077,0.0,2,19,0.65
141.96,30.374753,130.960077,0.0,2,19,0.65
142.02,30.374753,130.960077,0.0,2,19,0.65
142.09,30.374753,130.960077,0.0,2,19,0.65
142.15,30.374753,130.960077,0.0,2,19,0.65
142.22,30.374753,130.960077,0.0,2,19,0.65
142.29,30.374753,130.960077,0.0,2,19,0.65
142.35,30.374753,130.960077,0.0,2,19,0.65
142.42,30.374753,130.960078,0.14,2,19,0.68
142.49,30.374753,130.960078,0.14,2,19,0.68
142.55,30.374753,130.960078,0.14,2,19,0.68
142.62,30.374753,130.960078,0.14,2,19,0.68
142.69,30.374753,130.960078,0.14,2,19,0.68
142.75,30.374753,130.960078,0.14,2,19,0.68
142.82,30.374753,130.960078,0.14,2,19,0.68
142.88,30.374753,130.960078,0.14,2,19,0.68
142.95,30.374753,130.960078,0.14,2,19,0.68
143.02,30.374753,130.960078,0.14,2,19,0.68
143.08,30.374753,130.960078,0.14,2,19,0.68
143.15,30.374753,130.960078,0.14,2,19,0.68
143.22,30.374753,130.960078,0.14,2,19,0.68
143.28,30.374753,130.960078,0.14,2,19,0.68
143.35,30.374753,130.960078,0.14,2,19,0.68
143.41,30.374753,130.960078,0.14,2,19,0.68
143.48,30.374753,130.960077,0.14,2,19,0.68
143.55,30.374753,130.960077,0.14,2,19,0.68
143.61,30.374753,130.960077,0.14,2,19,0.68
143.68,30.374753,130.960077,0.14,2,19,0.68
143.75,30.374753,130.960077,0.14,2,19,0.68
143.81,30.374753,130.960077,0.14,2,19,0.68
143.88,30.374753,130.960077,0.14,2,19,0.68
143.95,30.374753,130.960077,0.14,2,19,0.68
144.01,30.374753,130.960077,0.14,2,19,0.68
144.08,30.374753,130.960077,0.14,2,19,0.68
144.14,30.374753,130.960077,0.14,2,19,0.68
144.21,30.374753,130.960077,0.14,2,19,0.68
144.28,30.374753,130.960077,0.14,2,19,0.68
144.34,30.374753,130.960077,0.14,2,19,0.68
144.41,30.374753,130.960077,0.14,2,19,0.68
144.48,30.374753,130.960077,0.0,2,19,0.68
144.54,30.374753,130.960077,0.0,2,19,0.68
144.61,30.374753,130.960077,0.0,2,19,0.68
144.68,30.374753,130.960077,0.0,2,19,0.68
144.74,30.374753,130.960077,0.0,2,19,0.68
144.81,30.374753,130.960077,0.0,2,19,0.68
144.88,30.374753,130.960077,0.0,2,19,0.68
144.94,30.374753,130.960077,0.0,2,19,0.68
145.01,30.374753,130.960077,0.0,2,19,0.68
145.08,30.374753,130.960077,0.0,2,19,0.68
145.14,30.374753,130.960077,0.0,2,19,0.68
145.21,30.374753,130.960077,0.0,2,19,0.68
145.27,30.374753,130.960077,0.0,2,19,0.68
145.34,30.374753,130.960077,0.0,2,19,0.68
145.41,30.374753,130.960077,0.0,2,19,0.68
145.47,30.374753,130.960077,0.0,2,19,0.68
145.54,30.374753,130.960077,0.0,2,19,0.68
145.61,30.374753,130.960077,0.0,2,19,0.68
145.67,30.374753,130.960077,0.0,2,19,0.68
145.74,30.374753,130.960077,0.0,2,19,0.68
145.81,30.374753,130.960077,0.0,2,19,0.68
145.88,30.374753,130.960077,0.0,2,19,0.68
145.94,30.374753,130.960077,0.0,2,19,0.68
146.01,30.374753,130.960077,0.0,2,19,0.68
146.08,30.374753,130.960077,0.0,2,19,0.68
146.14,30.374753,130.960077,0.0,2,19,0.68
146.21,30.374753,130.960077,0.0,2,19,0.68
146.28,30.374753,130.960077,0.0,2,19,0.68
146.34,30.374753,130.960077,0.0,2,19,0.68
146.41,30.374753,130.960077,0.0,2,19,0.68
146.47,30.374753,130.960077,0.0,2,19,0.68
146.54,30.374753,130.960077,0.0,2,19,0.68
146.61,30.374753,130.960077,0.0,2,19,0.68
146.67,30.374753,130.960077,0.0,2,19,0.68
146.74,30.374753,130.960077,0.0,2,19,0.68
146.81,30.374753,130.960077,0.0,2,19,0.68
146.88,30.374753,130.960077,0.0,2,19,0.68
146.95,30.374753,130.960077,0.0,2,19,0.68
147.01,30.374753,130.960077,0.0,2,19,0.68
147.08,30.374753,130.960077,0.0,2,19,0.68
147.15,30.374753,130.960077,0.0,2,19,0.68
147.21,30.374753,130.960077,0.0,2,19,0.68
147.28,30.374753,130.960077,0.0,2,19,0.68
147.34,30.374753,130.960077,0.0,2,19,0.68
147.41,30.374753,130.960077,0.0,2,19,0.68
147.48,30.374753,130.960077,0.0,2,19,0.68
147.54,30.374753,130.960077,0.0,2,19,0.68
147.61,30.374753,130.960077,0.0,2,19,0.68
147.67,30.374753,130.960077,0.0,2,19,0.68
147.74,30.374753,130.960077,0.0,2,19,0.68
147.81,30.374753,130.960077,0.0,2,19,0.68
147.87,30.374753,130.960077,0.0,2,19,0.68
147.94,30.374753,130.960077,0.0,2,19,0.68
148.0,30.374753,130.960077,0.0,2,19,0.68
148.07,30.374753,130.960077,0.0,2,19,0.68
148.14,30.374753,130.960077,0.0,2,19,0.68
148.21,30.374753,130.960077,0.0,2,19,0.68
148.28,30.374753,130.960077,0.0,2,19,0.68
148.34,30.374753,130.960077,0.0,2,19,0.68
148.41,30.374753,130.960077,0.0,2,19,0.68
148.48,30.374753,130.960077,0.0,2,19,0.68
148.54,30.374753,130.960077,0.0,2,19,0.68
148.61,30.374753,130.960077,0.0,2,19,0.68
148.67,30.374753,130.960077,0.0,2,19,0.68
148.74,30.374753,130.960077,0.0,2,19,0.68
148.81,30.374753,130.960077,0.0,2,19,0.68
148.87,30.374753,130.960077,0.0,2,19,0.68
148.94,30.374753,130.960077,0.0,2,19,0.68
149.0,30.374753,130.960077,0.0,2,19,0.68
149.07,30.374753,130.960077,0.0,2,19,0.68
149.14,30.374753,130.960077,0.0,2,19,0.68
149.2,30.374753,130.960077,0.0,2,19,0.68
149.27,30.374753,130.960077,0.0,2,19,0.68
149.33,30.374753,130.960077,0.0,2,19,0.68
149.4,30.374753,130.960077,0.0,2,19,0.68
149.47,30.374753,130.960077,0.0,2,19,0.68
149.53,30.374753,130.960077,0.0,2,19,0.68
149.6,30.374753,130.960077,0.0,2,19,0.68
149.67,30.374753,130.960077,0.0,2,19,0.68
149.73,30.374753,130.960077,0.0,2,19,0.68
149.8,30.374753,130.960077,0.0,2,19,0.68
149.86,30.374753,130.960077,0.0,2,19,0.68
149.93,30.374753,130.960077,0.0,2,19,0.68
150.0,30.374753,130.960077,0.0,2,19,0.68
150.06,30.374753,130.960077,0.0,2,19,0.68
150.13,30.374753,130.960077,0.0,2,19,0.68
150.2,30.374753,130.960077,0.0,2,19,0.68
150.26,30.374753,130.960077,0.0,2,19,0.68
150.33,30.374753,130.960077,0.0,2,19,0.68
150.39,30.374753,130.960077,0.0,2,19,0.68
150.46,30.374753,130.960077,0.0,2,19,0.68
150.53,30.374753,130.960077,0.0,2,19,0.68
150.59,30.374753,130.960077,0.0,2,19,0.68
150.66,30.374753,130.960077,0.0,2,19,0.68
150.72,30.374753,130.960077,0.0,2,19,0.68
150.79,30.374753,130.960077,0.0,2,19,0.68
150.86,30.374753,130.960077,0.0,2,19,0.68
150.92,30.374753,130.960077,0.0,2,19,0.68
150.99,30.374753,130.960077,0.0,2,19,0.68
151.05,30.374753,130.960077,0.0,2,19,0.68
151.12,30.374753,130.960077,0.0,2,19,0.68
151.19,30.374753,130.960077,0.0,2,19,0.68
151.25,30.374753,130.960077,0.0,2,19,0.68
151.32,30.374753,130.960077,0.0,2,19,0.68
151.39,30.374753,130.960077,0.0,2,19,0.68
151.45,30.374753,130.960077,0.0,2,19,0.68
151.52,30.374753,130.960077,0.0,2,19,0.68
151.58,30.374753,130.960077,0.0,2,19,0.68
151.65,30.374753,130.960077,0.0,2,19,0.68
151.72,30.374753,130.960077,0.0,2,19,0.68
151.78,30.374753,130.960077,0.0,2,19,0.68
151.85,30.374753,130.960077,0.0,2,19,0.68
151.92,30.374753,130.960077,0.0,2,19,0.68
151.98,30.374753,130.960077,0.0,2,19,0.68
152.05,30.374753,130.960077,0.0,2,19,0.68
152.11,30.374753,130.960077,0.0,2,19,0.68
152.18,30.374753,130.960077,0.0,2,19,0.68
152.25,30.374753,130.960077,0.0,2,19,0.68
152.32,30.374753,130.960077,0.0,2,19,0.68
152.38,30.374753,130.960077,0.0,2,19,0.68
152.45,30.374752,130.960077,0.19,2,19,0.68
152.51,30.374752,130.960077,0.19,2,19,0.68
152.58,30.374752,130.960077,0.19,2,19,0.68
152.65,30.374752,130.960077,0.19,2,19,0.68
152.71,30.374752,130.960077,0.19,2,19,0.68
152.78,30.374752,130.960077,0.19,2,19,0.68
152.85,30.374752,130.960077,0.19,2,19,0.68
152.91,30.374752,130.960077,0.19,2,19,0.68
152.98,30.374752,130.960077,0.19,2,19,0.68
153.05,30.374752,130.960077,0.19,2,19,0.68
153.11,30.374752,130.960077,0.19,2,19,0.68
153.18,30.374752,130.960077,0.19,2,19,0.68
153.25,30.374752,130.960077,0.19,2,19,0.68
153.31,30.374752,130.960077,0.19,2,19,0.68
153.38,30.374752,130.960077,0.09,2,19,0.68
153.45,30.374752,130.960077,0.09,2,19,0.68
153.51,30.374752,130.960077,0.09,2,19,0.68
153.58,30.374752,130.960077,0.09,2,19,0.68
153.65,30.374752,130.960077,0.09,2,19,0.68
153.71,30.374752,130.960077,0.09,2,19,0.68
153.78,30.374752,130.960077,0.09,2,19,0.68
153.85,30.374752,130.960077,0.09,2,19,0.68
153.91,30.374752,130.960077,0.09,2,19,0.68
153.98,30.374752,130.960077,0.09,2,19,0.68
154.05,30.374752,130.960077,0.09,2,19,0.68
154.11,30.374752,130.960077,0.09,2,19,0.68
154.18,30.374752,130.960077,0.09,2,19,0.68
154.25,30.374752,130.960077,0.09,2,19,0.68
154.31,30.374752,130.960077,0.09,2,19,0.68
154.38,30.374752,130.960077,0.1,2,19,0.68
154.45,30.374752,130.960077,0.1,2,19,0.68
154.51,30.374752,130.960077,0.1,2,19,0.68
154.58,30.374752,130.960077,0.1,2,19,0.68
154.65,30.374752,130.960077,0.1,2,19,0.68
154.71,30.374752,130.960077,0.1,2,19,0.68
154.78,30.374752,130.960077,0.1,2,19,0.68
154.85,30.374752,130.960077,0.1,2,19,0.68
154.92,30.374752,130.960077,0.1,2,19,0.68
154.99,30.374752,130.960077,0.1,2,19,0.68
155.05,30.374752,130.960077,0.1,2,19,0.68
155.12,30.374752,130.960077,0.1,2,19,0.68
155.18,30.374752,130.960077,0.1,2,19,0.68
155.25,30.374752,130.960077,0.1,2,19,0.68
155.32,30.374752,130.960077,0.1,2,19,0.68
155.38,30.374752,130.960077,0.1,2,19,0.68
155.45,30.374752,130.960077,0.1,2,19,0.68
155.52,30.374752,130.960077,0.1,2,19,0.68
155.58,30.374752,130.960077,0.1,2,19,0.68
155.65,30.374752,130.960077,0.1,2,19,0.68
155.71,30.374752,130.960077,0.1,2,19,0.68
155.78,30.374752,130.960077,0.1,2,19,0.68
155.85,30.374752,130.960077,0.1,2,19,0.68
155.91,30.374752,130.960077,0.1,2,19,0.68
155.98,30.374752,130.960077,0.1,2,19,0.68
156.05,30.374752,130.960077,0.1,2,19,0.68
156.11,30.374752,130.960077,0.1,2,19,0.68
156.18,30.374752,130.960077,0.1,2,19,0.68
156.24,30.374752,130.960077,0.1,2,19,0.68
156.31,30.374752,130.960077,0.1,2,19,0.68
156.38,30.374752,130.960077,0.1,2,19,0.68
156.44,30.374752,130.960077,0.09,2,19,0.68
156.51,30.374752,130.960077,0.09,2,19,0.68
156.57,30.374752,130.960077,0.09,2,19,0.68
156.64,30.374752,130.960077,0.09,2,19,0.68
156.7,30.374752,130.960077,0.09,2,19,0.68
156.77,30.374752,130.960077,0.09,2,19,0.68
156.84,30.374752,130.960077,0.09,2,19,0.68
156.91,30.374752,130.960077,0.09,2,19,0.68
156.97,30.374752,130.960077,0.09,2,19,0.68
157.04,30.374752,130.960077,0.09,2,19,0.68
157.1,30.374752,130.960077,0.09,2,19,0.68
157.17,30.374752,130.960077,0.09,2,19,0.68
157.23,30.374752,130.960077,0.09,2,19,0.68
157.3,30.374752,130.960077,0.09,2,19,0.68
157.37,30.374752,130.960077,0.09,2,19,0.68
157.43,30.374752,130.960077,0.1,2,19,0.68
157.5,30.374752,130.960077,0.1,2,19,0.68
157.56,30.374752,130.960077,0.1,2,19,0.68
157.63,30.374752,130.960077,0.1,2,19,0.68
157.7,30.374752,130.960077,0.1,2,19,0.68
157.76,30.374752,130.960077,0.1,2,19,0.68
157.83,30.374752,130.960077,0.1,2,19,0.68
157.89,30.374752,130.960077,0.1,2,19,0.68
157.96,30.374752,130.960077,0.1,2,19,0.68
158.02,30.374752,130.960077,0.1,2,19,0.68
158.09,30.374752,130.960077,0.1,2,19,0.68
158.16,30.374752,130.960077,0.1,2,19,0.68
158.22,30.374752,130.960077,0.1,2,19,0.68
158.29,30.374752,130.960077,0.1,2,19,0.68
158.35,30.374752,130.960077,0.1,2,19,0.68
158.42,30.374752,130.960077,0.09,2,19,0.68
158.49,30.374752,130.960077,0.09,2,19,0.68
158.55,30.374752,130.960077,0.09,2,19,0.68
158.62,30.374752,130.960077,0.09,2,19,0.68
158.68,30.374752,130.960077,0.09,2,19,0.68
158.75,30.374752,130.960077,0.09,2,19,0.68
158.82,30.374752,130.960077,0.09,2,19,0.68
158.88,30.374752,130.960077,0.09,2,19,0.68
158.95,30.374752,130.960077,0.09,2,19,0.68
159.01,30.374752,130.960077,0.09,2,19,0.68
159.08,30.374752,130.960077,0.09,2,19,0.68
159.14,30.374752,130.960077,0.09,2,19,0.68
159.21,30.374752,130.960077,0.09,2,19,0.68
159.28,30.374752,130.960077,0.09,2,19,0.68
159.34,30.374752,130.960077,0.09,2,19,0.68
159.41,30.374752,130.960077,0.1,2,19,0.68
159.47,30.374752,130.960077,0.1,2,19,0.68
159.54,30.374752,130.960077,0.1,2,19,0.68
159.61,30.374752,130.960077,0.1,2,19,0.68
159.67,30.374752,130.960077,0.1,2,19,0.68
159.74,30.374752,130.960077,0.1,2,19,0.68
159.8,30.374752,130.960077,0.1,2,19,0.68
159.87,30.374752,130.960077,0.1,2,19,0.68
159.94,30.374752,130.960077,0.1,2,19,0.68
160.0,30.374752,130.960077,0.1,2,19,0.68
160.07,30.374752,130.960077,0.1,2,19,0.68
160.13,30.374752,130.960077,0.1,2,19,0.68
160.2,30.374752,130.960077,0.1,2,19,0.68
160.27,30.374752,130.960077,0.1,2,19,0.68
160.33,30.374752,130.960077,0.1,2,19,0.68
160.4,30.374752,130.960077,0.1,2,19,0.68
160.46,30.374752,130.960077,0.1,2,19,0.68
160.53,30.374752,130.960077,0.1,2,19,0.68
160.6,30.374752,130.960077,0.1,2,19,0.68
160.66,30.374752,130.960077,0.1,2,19,0.68
160.73,30.374752,130.960077,0.1,2,19,0.68
160.79,30.374752,130.960077,0.1,2,19,0.68
160.86,30.374752,130.960077,0.1,2,19,0.68
160.93,30.374752,130.960077,0.1,2,19,0.68
160.99,30.374752,130.960077,0.1,2,19,0.68
161.06,30.374752,130.960077,0.1,2,19,0.68
161.13,30.374752,130.960077,0.1,2,19,0.68
161.19,30.374752,130.960077,0.1,2,19,0.68
161.26,30.374752,130.960077,0.1,2,19,0.68
161.33,30.374752,130.960077,0.1,2,19,0.68
161.39,30.374752,130.960077,0.09,2,19,0.68
161.47,30.374752,130.960077,0.09,2,19,0.68
161.53,30.374752,130.960077,0.09,2,19,0.68
161.6,30.374752,130.960077,0.09,2,19,0.68
161.66,30.374752,130.960077,0.09,2,19,0.68
161.73,30.374752,130.960077,0.09,2,19,0.68
161.8,30.374752,130.960077,0.09,2,19,0.68
161.86,30.374752,130.960077,0.09,2,19,0.68
161.93,30.374752,130.960077,0.09,2,19,0.68
161.99,30.374752,130.960077,0.09,2,19,0.68
162.06,30.374752,130.960077,0.09,2,19,0.68
162.13,30.374752,130.960077,0.09,2,19,0.68
162.19,30.374752,130.960077,0.09,2,19,0.68
162.26,30.374752,130.960077,0.09,2,19,0.68
162.32,30.374752,130.960077,0.09,2,19,0.68
162.39,30.374752,130.960077,0.1,2,19,0.68
162.46,30.374752,130.960077,0.1,2,19,0.68
162.52,30.374752,130.960077,0.1,2,19,0.68
162.59,30.374752,130.960077,0.1,2,19,0.68
162.65,30.374752,130.960077,0.1,2,19,0.68
162.72,30.374752,130.960077,0.1,2,19,0.68
162.79,30.374752,130.960077,0.1,2,19,0.68
162.85,30.374752,130.960077,0.1,2,19,0.68
162.92,30.374752,130.960077,0.1,2,19,0.68
162.99,30.374752,130.960077,0.1,2,19,0.68
163.05,30.374752,130.960077,0.1,2,19,0.68
163.12,30.374752,130.960077,0.1,2,19,0.68
163.18,30.374752,130.960077,0.1,2,19,0.68
163.25,30.374752,130.960077,0.1,2,19,0.68
163.32,30.374752,130.960077,0.1,2,19,0.68
163.38,30.374752,130.960077,0.1,2,19,0.68
163.45,30.374752,130.960077,0.1,2,19,0.68
163.51,30.374752,130.960077,0.1,2,19,0.68
163.58,30.374752,130.960077,0.1,2,19,0.68
163.65,30.374752,130.960077,0.1,2,19,0.68
163.71,30.374752,130.960077,0.1,2,19,0.68
163.78,30.374752,130.960077,0.1,2,19,0.68
163.84,30.374752,130.960077,0.1,2,19,0.68
163.91,30.374752,130.960077,0.1,2,19,0.68
163.98,30.374752,130.960077,0.1,2,19,0.68
164.04,30.374752,130.960077,0.1,2,19,0.68
164.11,30.374752,130.960077,0.1,2,19,0.68
164.18,30.374752,130.960077,0.1,2,19,0.68
164.24,30.374752,130.960077,0.1,2,19,0.68
164.31,30.374752,130.960077,0.1,2,19,0.68
164.37,30.374752,130.960077,0.1,2,19,0.68
164.44,30.374752,130.960077,0.09,2,19,0.68
164.51,30.374752,130.960077,0.09,2,19,0.68
164.57,30.374752,130.960077,0.09,2,19,0.68
164.64,30.374752,130.960077,0.09,2,19,0.68
164.71,30.374752,130.960077,0.09,2,19,0.68
164.77,30.374752,130.960077,0.09,2,19,0.68
164.84,30.374752,130.960077,0.09,2,19,0.68
164.9,30.374752,130.960077,0.09,2,19,0.68
164.97,30.374752,130.960077,0.09,2,19,0.68
165.04,30.374752,130.960077,0.09,2,19,0.68
165.11,30.374752,130.960077,0.09,2,19,0.68
165.17,30.374752,130.960077,0.09,2,19,0.68
165.24,30.374752,130.960077,0.09,2,19,0.68
165.3,30.374752,130.960077,0.09,2,19,0.68
165.37,30.374752,130.960077,0.1,2,19,0.65
165.44,30.374752,130.960077,0.1,2,19,0.65
165.5,30.374752,130.960077,0.1,2,19,0.65
165.57,30.374752,130.960077,0.1,2,19,0.65
165.64,30.374752,130.960077,0.1,2,19,0.65
165.7,30.374752,130.960077,0.1,2,19,0.65
165.77,30.374752,130.960077,0.1,2,19,0.65
165.84,30.374752,130.960077,0.1,2,19,0.65
165.9,30.374752,130.960077,0.1,2,19,0.65
165.97,30.374752,130.960077,0.1,2,19,0.65
166.04,30.374752,130.960077,0.1,2,19,0.65
166.1,30.374752,130.960077,0.1,2,19,0.65
166.17,30.374752,130.960077,0.1,2,19,0.65
166.24,30.374752,130.960077,0.1,2,19,0.65
166.3,30.374752,130.960077,0.1,2,19,0.65
166.37,30.374752,130.960077,0.1,2,19,0.65
166.43,30.374752,130.960077,0.1,2,19,0.68
166.5,30.374752,130.960077,0.1,2,19,0.68
166.57,30.374752,130.960077,0.1,2,19,0.68
166.63,30.374752,130.960077,0.1,2,19,0.68
166.7,30.374752,130.960077,0.1,2,19,0.68
166.77,30.374752,130.960077,0.1,2,19,0.68
166.83,30.374752,130.960077,0.1,2,19,0.68
166.9,30.374752,130.960077,0.1,2,19,0.68
166.97,30.374752,130.960077,0.1,2,19,0.68
167.03,30.374752,130.960077,0.1,2,19,0.68
167.1,30.374752,130.960077,0.1,2,19,0.68
167.17,30.374752,130.960077,0.1,2,19,0.68
167.24,30.374752,130.960077,0.1,2,19,0.68
167.3,30.374752,130.960077,0.1,2,19,0.68
167.37,30.374752,130.960077,0.1,2,19,0.68
167.43,30.374752,130.960077,0.09,2,19,0.68
167.5,30.374752,130.960077,0.09,2,19,0.68
167.57,30.374752,130.960077,0.09,2,19,0.68
167.63,30.374752,130.960077,0.09,2,19,0.68
167.7,30.374752,130.960077,0.09,2,19,0.68
167.78,30.374752,130.960077,0.09,2,19,0.68
167.84,30.374752,130.960077,0.09,2,19,0.68
167.91,30.374752,130.960077,0.09,2,19,0.68
167.97,30.374752,130.960077,0.09,2,19,0.68
168.04,30.374752,130.960077,0.09,2,19,0.68
168.11,30.374752,130.960077,0.09,2,19,0.68
168.17,30.374752,130.960077,0.09,2,19,0.68
168.24,30.374752,130.960077,0.09,2,19,0.68
168.31,30.374752,130.960077,0.09,2,19,0.68
168.37,30.374752,130.960077,0.09,2,19,0.68
168.44,30.374752,130.960077,0.1,2,19,0.68
168.5,30.374752,130.960077,0.1,2,19,0.68
168.57,30.374752,130.960077,0.1,2,19,0.68
168.64,30.374752,130.960077,0.1,2,19,0.68
168.7,30.374752,130.960077,0.1,2,19,0.68
168.77,30.374752,130.960077,0.1,2,19,0.68
168.83,30.374752,130.960077,0.1,2,19,0.68
168.9,30.374752,130.960077,0.1,2,19,0.68
168.96,30.374752,130.960077,0.1,2,19,0.68
169.03,30.374752,130.960077,0.1,2,19,0.68
169.1,30.374752,130.960077,0.1,2,19,0.68
169.16,30.374752,130.960077,0.1,2,19,0.68
169.23,30.374752,130.960077,0.1,2,19,0.68
169.3,30.374752,130.960077,0.1,2,19,0.68
169.36,30.374752,130.960077,0.1,2,19,0.68
169.43,30.374752,130.960077,0.1,2,19,0.68
169.49,30.374752,130.960077,0.1,2,19,0.68
169.56,30.374752,130.960077,0.1,2,19,0.68
169.63,30.374752,130.960077,0.1,2,19,0.68
169.69,30.374752,130.960077,0.1,2,19,0.68
169.76,30.374752,130.960077,0.1,2,19,0.68
169.82,30.374752,130.960077,0.1,2,19,0.68
169.89,30.374752,130.960077,0.1,2,19,0.68
169.96,30.374752,130.960077,0.1,2,19,0.68
170.02,30.374752,130.960077,0.1,2,19,0.68
170.09,30.374752,130.960077,0.1,2,19,0.68
170.15,30.374752,130.960077,0.1,2,19,0.68
170.22,30.374752,130.960077,0.1,2,19,0.68
170.29,30.374752,130.960077,0.1,2,19,0.68
170.35,30.374752,130.960077,0.1,2,19,0.68
170.42,30.374752,130.960077,0.1,2,19,0.68
170.49,30.374752,130.960077,0.1,2,19,0.68
170.55,30.374752,130.960077,0.1,2,19,0.68
170.62,30.374752,130.960077,0.1,2,19,0.68
170.69,30.374752,130.960077,0.1,2,19,0.68
170.75,30.374752,130.960077,0.1,2,19,0.68
170.82,30.374752,130.960077,0.1,2,19,0.68
170.88,30.374752,130.960077,0.1,2,19,0.68
170.95,30.374752,130.960077,0.1,2,19,0.68
171.02,30.374752,130.960077,0.1,2,19,0.68
171.08,30.374752,130.960077,0.1,2,19,0.68
171.15,30.374752,130.960077,0.1,2,19,0.68
171.22,30.374752,130.960077,0.1,2,19,0.68
171.28,30.374752,130.960077,0.1,2,19,0.68
171.35,30.374752,130.960077,0.1,2,19,0.68
171.42,30.37475,130.960077,0.18,2,19,0.68
171.48,30.37475,130.960077,0.18,2,19,0.68
171.55,30.37475,130.960077,0.18,2,19,0.68
171.62,30.37475,130.960077,0.18,2,19,0.68
171.68,30.37475,130.960077,0.18,2,19,0.68
171.75,30.37475,130.960077,0.18,2,19,0.68
171.81,30.37475,130.960077,0.18,2,19,0.68
171.88,30.37475,130.960077,0.18,2,19,0.68
171.95,30.37475,130.960077,0.18,2,19,0.68
172.01,30.37475,130.960077,0.18,2,19,0.68
172.08,30.37475,130.960077,0.18,2,19,0.68
172.15,30.37475,130.960077,0.18,2,19,0.68
172.21,30.37475,130.960077,0.18,2,19,0.68
172.28,30.37475,130.960077,0.18,2,19,0.68
172.35,30.37475,130.960077,0.18,2,19,0.68
172.41,30.37475,130.960077,0.0,2,18,0.7
172.48,30.37475,130.960077,0.0,2,18,0.7
172.55,30.37475,130.960077,0.0,2,18,0.7
172.61,30.37475,130.960077,0.0,2,18,0.7
172.68,30.37475,130.960077,0.0,2,18,0.7
172.75,30.37475,130.960077,0.0,2,18,0.7
172.81,30.37475,130.960077,0.0,2,18,0.7
172.88,30.37475,130.960077,0.0,2,18,0.7
172.95,30.37475,130.960077,0.0,2,18,0.7
173.01,30.37475,130.960077,0.0,2,18,0.7
173.08,30.37475,130.960077,0.0,2,18,0.7
173.15,30.37475,130.960077,0.0,2,18,0.7
173.21,30.37475,130.960077,0.0,2,18,0.7
173.28,30.37475,130.960077,0.0,2,18,0.7
173.34,30.37475,130.960077,0.0,2,18,0.7
173.41,30.37475,130.960077,0.0,2,18,0.7
173.48,30.37475,130.960077,0.0,2,18,0.7
173.55,30.37475,130.960077,0.0,2,18,0.7
173.61,30.37475,130.960077,0.0,2,18,0.7
173.68,30.37475,130.960077,0.0,2,18,0.7
173.75,30.37475,130.960077,0.0,2,18,0.7
173.81,30.37475,130.960077,0.0,2,18,0.7
173.88,30.37475,130.960077,0.0,2,18,0.7
173.95,30.37475,130.960077,0.0,2,18,0.7
174.01,30.37475,130.960077,0.0,2,18,0.7
174.09,30.37475,130.960077,0.0,2,18,0.7
174.15,30.37475,130.960077,0.0,2,18,0.7
174.22,30.37475,130.960077,0.0,2,18,0.7
174.28,30.37475,130.960077,0.0,2,18,0.7
174.35,30.37475,130.960077,0.0,2,18,0.7
174.41,30.37475,130.960077,0.0,2,18,0.7
174.48,30.37475,130.960077,0.0,2,18,0.7
174.55,30.37475,130.960077,0.0,2,18,0.7
174.61,30.37475,130.960077,0.0,2,18,0.7
174.68,30.37475,130.960077,0.0,2,18,0.7
174.75,30.37475,130.960077,0.0,2,18,0.7
174.81,30.37475,130.960077,0.0,2,18,0.7
174.88,30.37475,130.960077,0.0,2,18,0.7
174.94,30.37475,130.960077,0.0,2,18,0.7
175.01,30.37475,130.960077,0.0,2,18,0.7
175.08,30.37475,130.960077,0.0,2,18,0.7
175.14,30.37475,130.960077,0.0,2,18,0.7
175.21,30.37475,130.960077,0.0,2,18,0.7
175.27,30.37475,130.960077,0.0,2,18,0.7
175.34,30.37475,130.960077,0.0,2,18,0.7
175.41,30.37475,130.960077,0.0,2,18,0.7
175.47,30.37475,130.960077,0.0,2,18,0.7
175.54,30.37475,130.960077,0.0,2,18,0.7
175.61,30.37475,130.960077,0.0,2,18,0.7
175.67,30.37475,130.960077,0.0,2,18,0.7
175.74,30.37475,130.960077,0.0,2,18,0.7
175.81,30.37475,130.960077,0.0,2,18,0.7
175.87,30.37475,130.960077,0.0,2,18,0.7
175.94,30.37475,130.960077,0.0,2,18,0.7
176.0,30.37475,130.960077,0.0,2,18,0.7
176.07,30.37475,130.960077,0.0,2,18,0.7
176.14,30.37475,130.960077,0.0,2,18,0.7
176.2,30.37475,130.960077,0.0,2,18,0.7
176.27,30.37475,130.960077,0.0,2,18,0.7
176.33,30.37475,130.960077,0.0,2,18,0.7
176.4,30.37475,130.960075,0.17,2,18,0.7
176.47,30.37475,130.960075,0.17,2,18,0.7
176.53,30.37475,130.960075,0.17,2,18,0.7
176.6,30.37475,130.960075,0.17,2,18,0.7
176.66,30.37475,130.960075,0.17,2,18,0.7
176.73,30.37475,130.960075,0.17,2,18,0.7
176.8,30.37475,130.960075,0.17,2,18,0.7
176.86,30.37475,130.960075,0.17,2,18,0.7
176.93,30.37475,130.960075,0.17,2,18,0.7
177.0,30.37475,130.960075,0.17,2,18,0.7
177.06,30.37475,130.960075,0.17,2,18,0.7
177.13,30.37475,130.960075,0.17,2,18,0.7
177.2,30.37475,130.960075,0.17,2,18,0.7
177.26,30.37475,130.960075,0.17,2,18,0.7
177.33,30.37475,130.960075,0.17,2,18,0.7
177.39,30.37475,130.960075,0.17,2,18,0.7
177.46,30.37475,130.960077,0.17,2,18,0.7
177.53,30.37475,130.960077,0.17,2,18,0.7
177.59,30.37475,130.960077,0.17,2,18,0.7
177.66,30.37475,130.960077,0.17,2,18,0.7
177.73,30.37475,130.960077,0.17,2,18,0.7
177.79,30.37475,130.960077,0.17,2,18,0.7
177.86,30.37475,130.960077,0.17,2,18,0.7
177.93,30.37475,130.960077,0.17,2,18,0.7
177.99,30.37475,130.960077,0.17,2,18,0.7
178.06,30.37475,130.960077,0.17,2,18,0.7
178.12,30.37475,130.960077,0.17,2,18,0.7
178.19,30.37475,130.960077,0.17,2,18,0.7
178.26,30.37475,130.960077,0.17,2,18,0.7
178.32,30.37475,130.960077,0.17,2,18,0.7
178.39,30.37475,130.960077,0.17,2,18,0.7
178.46,30.37475,130.960075,0.15,2,19,0.68
178.52,30.37475,130.960075,0.15,2,19,0.68
178.59,30.37475,130.960075,0.15,2,19,0.68
178.66,30.37475,130.960075,0.15,2,19,0.68
178.72,30.37475,130.960075,0.15,2,19,0.68
178.79,30.37475,130.960075,0.15,2,19,0.68
178.86,30.37475,130.960075,0.15,2,19,0.68
178.92,30.37475,130.960075,0.15,2,19,0.68
178.99,30.37475,130.960075,0.15,2,19,0.68
179.06,30.37475,130.960075,0.15,2,19,0.68
179.12,30.37475,130.960075,0.15,2,19,0.68
179.19,30.37475,130.960075,0.15,2,19,0.68
179.26,30.37475,130.960075,0.15,2,19,0.68
179.32,30.37475,130.960075,0.15,2,19,0.68
179.39,30.37475,130.960075,0.15,2,19,0.68
179.46,30.37475,130.960075,0.0,2,19,0.68
179.52,30.37475,130.960075,0.0,2,19,0.68
179.59,30.37475,130.960075,0.0,2,19,0.68
179.66,30.37475,130.960075,0.0,2,19,0.68
179.72,30.37475,130.960075,0.0,2,19,0.68
179.79,30.37475,130.960075,0.0,2,19,0.68
179.86,30.37475,130.960075,0.0,2,19,0.68
179.92,30.37475,130.960075,0.0,2,19,0.68
179.99,30.37475,130.960075,0.0,2,19,0.68
180.06,30.37475,130.960075,0.0,2,19,0.68
180.13,30.37475,130.960075,0.0,2,19,0.68
180.19,30.37475,130.960075,0.0,2,19,0.68
180.26,30.37475,130.960075,0.0,2,19,0.68
180.33,30.37475,130.960075,0.0,2,19,0.68
180.4,30.37475,130.960075,0.0,2,18,0.66
180.46,30.37475,130.960075,0.0,2,18,0.66
180.53,30.37475,130.960075,0.0,2,18,0.66
180.6,30.37475,130.960075,0.0,2,18,0.66
180.66,30.37475,130.960075,0.0,2,18,0.66
180.73,30.37475,130.960075,0.0,2,18,0.66
180.79,30.37475,130.960075,0.0,2,18,0.66
180.86,30.37475,130.960075,0.0,2,18,0.66
180.93,30.37475,130.960075,0.0,2,18,0.66
180.99,30.37475,130.960075,0.0,2,18,0.66
181.06,30.37475,130.960075,0.0,2,18,0.66
181.13,30.37475,130.960075,0.0,2,18,0.66
181.19,30.37475,130.960075,0.0,2,18,0.66
181.26,30.37475,130.960075,0.0,2,18,0.66
181.32,30.37475,130.960075,0.0,2,18,0.66
181.39,30.37475,130.960075,0.0,2,19,0.68
181.46,30.37475,130.960075,0.0,2,19,0.68
181.52,30.37475,130.960075,0.0,2,19,0.68
181.59,30.37475,130.960075,0.0,2,19,0.68
181.65,30.37475,130.960075,0.0,2,19,0.68
181.72,30.37475,130.960075,0.0,2,19,0.68
181.79,30.37475,130.960075,0.0,2,19,0.68
181.85,30.37475,130.960075,0.0,2,19,0.68
181.92,30.37475,130.960075,0.0,2,19,0.68
181.98,30.37475,130.960075,0.0,2,19,0.68
182.05,30.37475,130.960075,0.0,2,19,0.68
182.12,30.37475,130.960075,0.0,2,19,0.68
182.18,30.37475,130.960075,0.0,2,19,0.68
182.25,30.37475,130.960075,0.0,2,19,0.68
182.32,30.37475,130.960075,0.0,2,19,0.68
182.38,30.37475,130.960075,0.0,2,19,0.68
182.45,30.37475,130.960075,0.0,2,19,0.68
182.52,30.37475,130.960075,0.0,2,19,0.68
182.58,30.37475,130.960075,0.0,2,19,0.68
182.65,30.37475,130.960075,0.0,2,19,0.68
182.71,30.37475,130.960075,0.0,2,19,0.68
182.78,30.37475,130.960075,0.0,2,19,0.68
182.85,30.37475,130.960075,0.0,2,19,0.68
182.91,30.37475,130.960075,0.0,2,19,0.68
182.98,30.37475,130.960075,0.0,2,19,0.68
183.05,30.37475,130.960075,0.0,2,19,0.68
183.11,30.37475,130.960075,0.0,2,19,0.68
183.18,30.37475,130.960075,0.0,2,19,0.68
183.24,30.37475,130.960075,0.0,2,19,0.68
183.31,30.37475,130.960075,0.0,2,19,0.68
183.38,30.37475,130.960075,0.0,2,19,0.68
183.44,30.37475,130.960075,0.0,2,19,0.68
183.51,30.37475,130.960075,0.0,2,19,0.68
183.58,30.37475,130.960075,0.0,2,19,0.68
183.64,30.37475,130.960075,0.0,2,19,0.68
183.71,30.37475,130.960075,0.0,2,19,0.68
183.78,30.37475,130.960075,0.0,2,19,0.68
183.84,30.37475,130.960075,0.0,2,19,0.68
183.91,30.37475,130.960075,0.0,2,19,0.68
183.98,30.37475,130.960075,0.0,2,19,0.68
184.04,30.37475,130.960075,0.0,2,19,0.68
184.11,30.37475,130.960075,0.0,2,19,0.68
184.18,30.37475,130.960075,0.0,2,19,0.68
184.24,30.37475,130.960075,0.0,2,19,0.68
184.31,30.37475,130.960075,0.0,2,19,0.68
184.37,30.37475,130.960072,0.32,2,19,0.68
184.44,30.37475,130.960072,0.32,2,19,0.68
184.51,30.37475,130.960072,0.32,2,19,0.68
184.57,30.37475,130.960072,0.32,2,19,0.68
184.64,30.37475,130.960072,0.32,2,19,0.68
184.71,30.37475,130.960072,0.32,2,19,0.68
184.77,30.37475,130.960072,0.32,2,19,0.68
184.84,30.37475,130.960072,0.32,2,19,0.68
184.91,30.37475,130.960072,0.32,2,19,0.68
184.97,30.37475,130.960072,0.32,2,19,0.68
185.04,30.37475,130.960072,0.32,2,19,0.68
185.11,30.37475,130.960072,0.32,2,19,0.68
185.17,30.37475,130.960072,0.32,2,19,0.68
185.24,30.37475,130.960072,0.32,2,19,0.68
185.3,30.37475,130.960072,0.32,2,19,0.68
185.37,30.37475,130.960072,0.32,2,19,0.68
185.44,30.37475,130.960068,0.32,2,19,0.68
185.5,30.37475,130.960068,0.32,2,19,0.68
185.57,30.37475,130.960068,0.32,2,19,0.68
185.64,30.37475,130.960068,0.32,2,19,0.68
185.7,30.37475,130.960068,0.32,2,19,0.68
185.77,30.37475,130.960068,0.32,2,19,0.68
185.84,30.37475,130.960068,0.32,2,19,0.68
185.9,30.37475,130.960068,0.32,2,19,0.68
185.97,30.37475,130.960068,0.32,2,19,0.68
186.04,30.37475,130.960068,0.32,2,19,0.68
186.1,30.37475,130.960068,0.32,2,19,0.68
186.17,30.37475,130.960068,0.32,2,19,0.68
186.24,30.37475,130.960068,0.32,2,19,0.68
186.3,30.37475,130.960068,0.32,2,19,0.68
186.37,30.37475,130.960068,0.32,2,19,0.68
186.44,30.37475,130.960067,0.16,2,19,0.65
186.5,30.37475,130.960067,0.16,2,19,0.65
186.57,30.37475,130.960067,0.16,2,19,0.65
186.64,30.37475,130.960067,0.16,2,19,0.65
186.7,30.37475,130.960067,0.16,2,19,0.65
186.78,30.37475,130.960067,0.16,2,19,0.65
186.84,30.37475,130.960067,0.16,2,19,0.65
186.91,30.37475,130.960067,0.16,2,19,0.65
186.98,30.37475,130.960067,0.16,2,19,0.65
187.04,30.37475,130.960067,0.16,2,19,0.65
187.11,30.37475,130.960067,0.16,2,19,0.65
187.17,30.37475,130.960067,0.16,2,19,0.65
187.24,30.37475,130.960067,0.16,2,19,0.65
187.31,30.37475,130.960067,0.16,2,19,0.65
187.37,30.37475,130.960067,0.16,2,19,0.65
187.44,30.374748,130.960063,0.38,2,19,0.65
187.5,30.374748,130.960063,0.38,2,19,0.65
187.57,30.374748,130.960063,0.38,2,19,0.65
187.64,30.374748,130.960063,0.38,2,19,0.65
187.7,30.374748,130.960063,0.38,2,19,0.65
187.77,30.374748,130.960063,0.38,2,19,0.65
187.84,30.374748,130.960063,0.38,2,19,0.65
187.9,30.374748,130.960063,0.38,2,19,0.65
187.97,30.374748,130.960063,0.38,2,19,0.65
188.03,30.374748,130.960063,0.38,2,19,0.65
188.1,30.374748,130.960063,0.38,2,19,0.65
188.17,30.374748,130.960063,0.38,2,19,0.65
188.23,30.374748,130.960063,0.38,2,19,0.65
188.3,30.374748,130.960063,0.38,2,19,0.65
188.37,30.374748,130.960063,0.38,2,19,0.65
188.43,30.374748,130.96006,0.32,2,19,0.65
188.5,30.374748,130.96006,0.32,2,19,0.65
188.56,30.374748,130.96006,0.32,2,19,0.65
188.63,30.374748,130.96006,0.32,2,19,0.65
188.7,30.374748,130.96006,0.32,2,19,0.65
188.76,30.374748,130.96006,0.32,2,19,0.65
188.83,30.374748,130.96006,0.32,2,19,0.65
188.9,30.374748,130.96006,0.32,2,19,0.65
188.96,30.374748,130.96006,0.32,2,19,0.65
189.03,30.374748,130.96006,0.32,2,19,0.65
189.09,30.374748,130.96006,0.32,2,19,0.65
189.16,30.374748,130.96006,0.32,2,19,0.65
189.23,30.374748,130.96006,0.32,2,19,0.65
189.3,30.374748,130.96006,0.32,2,19,0.65
189.37,30.374748,130.96006,0.32,2,19,0.65
189.43,30.374747,130.960057,0.38,2,19,0.68
189.5,30.374747,130.960057,0.38,2,19,0.68
189.57,30.374747,130.960057,0.38,2,19,0.68
189.63,30.374747,130.960057,0.38,2,19,0.68
189.7,30.374747,130.960057,0.38,2,19,0.68
189.76,30.374747,130.960057,0.38,2,19,0.68
189.83,30.374747,130.960057,0.38,2,19,0.68
189.9,30.374747,130.960057,0.38,2,19,0.68
189.96,30.374747,130.960057,0.38,2,19,0.68
190.03,30.374747,130.960057,0.38,2,19,0.68
190.09,30.374747,130.960057,0.38,2,19,0.68
190.16,30.374747,130.960057,0.38,2,19,0.68
190.23,30.374747,130.960057,0.38,2,19,0.68
190.29,30.374747,130.960057,0.38,2,19,0.68
190.36,30.374747,130.960057,0.38,2,19,0.68
190.42,30.374747,130.960057,0.38,2,19,0.68
190.49,30.374745,130.960053,0.37,2,19,0.68
190.56,30.374745,130.960053,0.37,2,19,0.68
190.62,30.374745,130.960053,0.37,2,19,0.68
190.69,30.374745,130.960053,0.37,2,19,0.68
190.76,30.374745,130.960053,0.37,2,19,0.68
190.82,30.374745,130.960053,0.37,2,19,0.68
190.89,30.374745,130.960053,0.37,2,19,0.68
190.96,30.374745,130.960053,0.37,2,19,0.68
191.02,30.374745,130.960053,0.37,2,19,0.68
191.09,30.374745,130.960053,0.37,2,19,0.68
191.15,30.374745,130.960053,0.37,2,19,0.68
191.22,30.374745,130.960053,0.37,2,19,0.68
191.29,30.374745,130.960053,0.37,2,19,0.68
191.35,30.374745,130.960053,0.37,2,19,0.68
191.42,30.374745,130.960052,0.18,2,19,0.68
191.49,30.374745,130.960052,0.18,2,19,0.68
191.55,30.374745,130.960052,0.18,2,19,0.68
191.62,30.374745,130.960052,0.18,2,19,0.68
191.69,30.374745,130.960052,0.18,2,19,0.68
191.75,30.374745,130.960052,0.18,2,19,0.68
191.82,30.374745,130.960052,0.18,2,19,0.68
191.88,30.374745,130.960052,0.18,2,19,0.68
191.95,30.374745,130.960052,0.18,2,19,0.68
192.02,30.374745,130.960052,0.18,2,19,0.68
192.08,30.374745,130.960052,0.18,2,19,0.68
192.15,30.374745,130.960052,0.18,2,19,0.68
192.22,30.374745,130.960052,0.18,2,19,0.68
192.28,30.374745,130.960052,0.18,2,19,0.68
192.35,30.374745,130.960052,0.18,2,19,0.68
192.41,30.374743,130.960048,0.38,2,19,0.68
192.48,30.374743,130.960048,0.38,2,19,0.68
192.55,30.374743,130.960048,0.38,2,19,0.68
192.61,30.374743,130.960048,0.38,2,19,0.68
192.68,30.374743,130.960048,0.38,2,19,0.68
192.75,30.374743,130.960048,0.38,2,19,0.68
192.81,30.374743,130.960048,0.38,2,19,0.68
192.88,30.374743,130.960048,0.38,2,19,0.68
192.95,30.374743,130.960048,0.38,2,19,0.68
193.01,30.374743,130.960048,0.38,2,19,0.68
193.08,30.374743,130.960048,0.38,2,19,0.68
193.15,30.374743,130.960048,0.38,2,19,0.68
193.21,30.374743,130.960048,0.38,2,19,0.68
193.28,30.374743,130.960048,0.38,2,19,0.68
193.35,30.374743,130.960048,0.38,2,19,0.68
193.41,30.374743,130.960047,0.14,2,19,0.68
193.48,30.374743,130.960047,0.14,2,19,0.68
193.55,30.374743,130.960047,0.14,2,19,0.68
193.61,30.374743,130.960047,0.14,2,19,0.68
193.68,30.374743,130.960047,0.14,2,19,0.68
193.75,30.374743,130.960047,0.14,2,19,0.68
193.81,30.374743,130.960047,0.14,2,19,0.68
193.88,30.374743,130.960047,0.14,2,19,0.68
193.95,30.374743,130.960047,0.14,2,19,0.68
194.01,30.374743,130.960047,0.14,2,19,0.68
194.08,30.374743,130.960047,0.14,2,19,0.68
194.15,30.374743,130.960047,0.14,2,19,0.68
194.21,30.374743,130.960047,0.14,2,19,0.68
194.28,30.374743,130.960047,0.14,2,19,0.68
194.35,30.374743,130.960047,0.14,2,19,0.68
194.41,30.374742,130.960043,0.37,2,19,0.68
194.48,30.374742,130.960043,0.37,2,19,0.68
194.55,30.374742,130.960043,0.37,2,19,0.68
194.61,30.374742,130.960043,0.37,2,19,0.68
194.68,30.374742,130.960043,0.37,2,19,0.68
194.75,30.374742,130.960043,0.37,2,19,0.68
194.81,30.374742,130.960043,0.37,2,19,0.68
194.88,30.374742,130.960043,0.37,2,19,0.68
194.95,30.374742,130.960043,0.37,2,19,0.68
195.01,30.374742,130.960043,0.37,2,19,0.68
195.08,30.374742,130.960043,0.37,2,19,0.68
195.15,30.374742,130.960043,0.37,2,19,0.68
195.21,30.374742,130.960043,0.37,2,19,0.68
195.28,30.374742,130.960043,0.37,2,19,0.68
195.35,30.374742,130.960043,0.37,2,19,0.68
195.41,30.374742,130.960042,0.19,2,19,0.68
195.48,30.374742,130.960042,0.19,2,19,0.68
195.55,30.374742,130.960042,0.19,2,19,0.68
195.62,30.374742,130.960042,0.19,2,19,0.68
195.68,30.374742,130.960042,0.19,2,19,0.68
195.75,30.374742,130.960042,0.19,2,19,0.68
195.82,30.374742,130.960042,0.19,2,19,0.68
195.89,30.374742,130.960042,0.19,2,19,0.68
195.95,30.374742,130.960042,0.19,2,19,0.68
196.02,30.374742,130.960042,0.19,2,19,0.68
196.09,30.374742,130.960042,0.19,2,19,0.68
196.15,30.374742,130.960042,0.19,2,19,0.68
196.22,30.374742,130.960042,0.19,2,19,0.68
196.28,30.374742,130.960042,0.19,2,19,0.68
196.35,30.374742,130.960042,0.19,2,19,0.68
196.42,30.374742,130.960042,0.19,2,19,0.68
196.48,30.374738,130.960038,0.49,2,19,0.68
196.55,30.374738,130.960038,0.49,2,19,0.68
196.61,30.374738,130.960038,0.49,2,19,0.68
196.68,30.374738,130.960038,0.49,2,19,0.68
196.75,30.374738,130.960038,0.49,2,19,0.68
196.81,30.374738,130.960038,0.49,2,19,0.68
196.88,30.374738,130.960038,0.49,2,19,0.68
196.95,30.374738,130.960038,0.49,2,19,0.68
197.01,30.374738,130.960038,0.49,2,19,0.68
197.08,30.374738,130.960038,0.49,2,19,0.68
197.14,30.374738,130.960038,0.49,2,19,0.68
197.21,30.374738,130.960038,0.49,2,19,0.68
197.28,30.374738,130.960038,0.49,2,19,0.68
197.34,30.374738,130.960038,0.49,2,19,0.68
197.41,30.374737,130.960035,0.34,2,19,0.68
197.48,30.374737,130.960035,0.34,2,19,0.68
197.54,30.374737,130.960035,0.34,2,19,0.68
197.61,30.374737,130.960035,0.34,2,19,0.68
197.67,30.374737,130.960035,0.34,2,19,0.68
197.74,30.374737,130.960035,0.34,2,19,0.68
197.81,30.374737,130.960035,0.34,2,19,0.68
197.87,30.374737,130.960035,0.34,2,19,0.68
197.94,30.374737,130.960035,0.34,2,19,0.68
198.01,30.374737,130.960035,0.34,2,19,0.68
198.07,30.374737,130.960035,0.34,2,19,0.68
198.14,30.374737,130.960035,0.34,2,19,0.68
198.2,30.374737,130.960035,0.34,2,19,0.68
198.27,30.374737,130.960035,0.34,2,19,0.68
198.34,30.374737,130.960035,0.34,2,19,0.68
198.4,30.374735,130.960032,0.36,2,19,0.68
198.47,30.374735,130.960032,0.36,2,19,0.68
198.54,30.374735,130.960032,0.36,2,19,0.68
198.6,30.374735,130.960032,0.36,2,19,0.68
198.67,30.374735,130.960032,0.36,2,19,0.68
198.74,30.374735,130.960032,0.36,2,19,0.68
198.8,30.374735,130.960032,0.36,2,19,0.68
198.87,30.374735,130.960032,0.36,2,19,0.68
198.94,30.374735,130.960032,0.36,2,19,0.68
199.0,30.374735,130.960032,0.36,2,19,0.68
199.07,30.374735,130.960032,0.36,2,19,0.68
199.14,30.374735,130.960032,0.36,2,19,0.68
199.2,30.374735,130.960032,0.36,2,19,0.68
199.27,30.374735,130.960032,0.36,2,19,0.68
199.34,30.374735,130.960032,0.36,2,19,0.68
199.4,30.374733,130.960032,0.19,2,19,0.68
199.47,30.374733,130.960032,0.19,2,19,0.68
199.53,30.374733,130.960032,0.19,2,19,0.68
199.6,30.374733,130.960032,0.19,2,19,0.68
199.67,30.374733,130.960032,0.19,2,19,0.68
199.73,30.374733,130.960032,0.19,2,19,0.68
199.8,30.374733,130.960032,0.19,2,19,0.68
199.87,30.374733,130.960032,0.19,2,19,0.68
199.93,30.374733,130.960032,0.19,2,19,0.68
200.0,30.374733,130.960032,0.19,2,19,0.68
200.07,30.374733,130.960032,0.19,2,19,0.68
200.13,30.374733,130.960032,0.19,2,19,0.68
200.2,30.374733,130.960032,0.19,2,19,0.68
200.27,30.374733,130.960032,0.19,2,19,0.68
200.33,30.374733,130.960032,0.19,2,19,0.68
200.4,30.374732,130.96003,0.27,2,19,0.68
200.47,30.374732,130.96003,0.27,2,19,0.68
200.53,30.374732,130.96003,0.27,2,19,0.68
200.6,30.374732,130.96003,0.27,2,19,0.68
200.67,30.374732,130.96003,0.27,2,19,0.68
200.73,30.374732,130.96003,0.27,2,19,0.68
200.8,30.374732,130.96003,0.27,2,19,0.68
200.87,30.374732,130.96003,0.27,2,19,0.68
200.93,30.374732,130.96003,0.27,2,19,0.68
201.0,30.374732,130.96003,0.27,2,19,0.68
201.07,30.374732,130.96003,0.27,2,19,0.68
201.13,30.374732,130.96003,0.27,2,19,0.68
201.2,30.374732,130.96003,0.27,2,19,0.68
201.27,30.374732,130.96003,0.27,2,19,0.68
201.34,30.374732,130.96003,0.27,2,19,0.68
201.4,30.374732,130.96003,0.27,2,19,0.68
201.47,30.37473,130.960027,0.37,2,19,0.68
201.54,30.37473,130.960027,0.37,2,19,0.68
201.6,30.37473,130.960027,0.37,2,19,0.68
201.67,30.37473,130.960027,0.37,2,19,0.68
201.74,30.37473,130.960027,0.37,2,19,0.68
201.8,30.37473,130.960027,0.37,2,19,0.68
201.87,30.37473,130.960027,0.37,2,19,0.68
201.94,30.37473,130.960027,0.37,2,19,0.68
202.0,30.37473,130.960027,0.37,2,19,0.68
202.07,30.37473,130.960027,0.37,2,19,0.68
202.14,30.37473,130.960027,0.37,2,19,0.68
202.2,30.37473,130.960027,0.37,2,19,0.68
202.27,30.37473,130.960027,0.37,2,19,0.68
202.35,30.37473,130.960027,0.37,2,19,0.68
202.41,30.374728,130.960025,0.24,2,19,0.68
202.48,30.374728,130.960025,0.24,2,19,0.68
202.55,30.374728,130.960025,0.24,2,19,0.68
202.61,30.374728,130.960025,0.24,2,19,0.68
202.68,30.374728,130.960025,0.24,2,19,0.68
202.74,30.374728,130.960025,0.24,2,19,0.68
202.81,30.374728,130.960025,0.24,2,19,0.68
202.88,30.374728,130.960025,0.24,2,19,0.68
202.94,30.374728,130.960025,0.24,2,19,0.68
203.01,30.374728,130.960025,0.24,2,19,0.68
203.07,30.374728,130.960025,0.24,2,19,0.68
203.14,30.374728,130.960025,0.24,2,19,0.68
203.21,30.374728,130.960025,0.24,2,19,0.68
203.27,30.374728,130.960025,0.24,2,19,0.68
203.34,30.374728,130.960025,0.24,2,19,0.68
203.41,30.374727,130.960025,0.19,2,19,0.68
203.47,30.374727,130.960025,0.19,2,19,0.68
203.54,30.374727,130.960025,0.19,2,19,0.68
203.6,30.374727,130.960025,0.19,2,19,0.68
203.67,30.374727,130.960025,0.19,2,19,0.68
203.74,30.374727,130.960025,0.19,2,19,0.68
203.8,30.374727,130.960025,0.19,2,19,0.68
203.87,30.374727,130.960025,0.19,2,19,0.68
203.93,30.374727,130.960025,0.19,2,19,0.68
204.0,30.374727,130.960025,0.19,2,19,0.68
204.07,30.374727,130.960025,0.19,2,19,0.68
204.13,30.374727,130.960025,0.19,2,19,0.68
204.2,30.374727,130.960025,0.19,2,19,0.68
204.27,30.374727,130.960025,0.19,2,19,0.68
204.33,30.374727,130.960025,0.19,2,19,0.68
204.4,30.374725,130.960023,0.27,2,19,0.68
204.46,30.374725,130.960023,0.27,2,19,0.68
204.53,30.374725,130.960023,0.27,2,19,0.68
204.6,30.374725,130.960023,0.27,2,19,0.68
204.66,30.374725,130.960023,0.27,2,19,0.68
204.73,30.374725,130.960023,0.27,2,19,0.68
204.8,30.374725,130.960023,0.27,2,19,0.68
204.86,30.374725,130.960023,0.27,2,19,0.68
204.93,30.374725,130.960023,0.27,2,19,0.68
204.99,30.374725,130.960023,0.27,2,19,0.68
205.06,30.374725,130.960023,0.27,2,19,0.68
205.13,30.374725,130.960023,0.27,2,19,0.68
205.19,30.374725,130.960023,0.27,2,19,0.68
205.26,30.374725,130.960023,0.27,2,19,0.68
205.33,30.374725,130.960023,0.27,2,19,0.68
205.39,30.374725,130.960023,0.27,2,19,0.68
205.46,30.374723,130.960022,0.24,2,19,0.68
205.53,30.374723,130.960022,0.24,2,19,0.68
205.59,30.374723,130.960022,0.24,2,19,0.68
205.66,30.374723,130.960022,0.24,2,19,0.68
205.73,30.374723,130.960022,0.24,2,19,0.68
205.79,30.374723,130.960022,0.24,2,19,0.68
205.86,30.374723,130.960022,0.24,2,19,0.68
205.92,30.374723,130.960022,0.24,2,19,0.68
205.99,30.374723,130.960022,0.24,2,19,0.68
206.06,30.374723,130.960022,0.24,2,19,0.68
206.13,30.374723,130.960022,0.24,2,19,0.68
206.19,30.374723,130.960022,0.24,2,19,0.68
206.26,30.374723,130.960022,0.24,2,19,0.68
206.32,30.374723,130.960022,0.24,2,19,0.68
206.39,30.374722,130.960018,0.36,2,19,0.68
206.46,30.374722,130.960018,0.36,2,19,0.68
206.52,30.374722,130.960018,0.36,2,19,0.68
206.59,30.374722,130.960018,0.36,2,19,0.68
206.66,30.374722,130.960018,0.36,2,19,0.68
206.72,30.374722,130.960018,0.36,2,19,0.68
206.79,30.374722,130.960018,0.36,2,19,0.68
206.86,30.374722,130.960018,0.36,2,19,0.68
206.92,30.374722,130.960018,0.36,2,19,0.68
206.99,30.374722,130.960018,0.36,2,19,0.68
207.06,30.374722,130.960018,0.36,2,19,0.68
207.12,30.374722,130.960018,0.36,2,19,0.68
207.19,30.374722,130.960018,0.36,2,19,0.68
207.26,30.374722,130.960018,0.36,2,19,0.68
207.32,30.374722,130.960018,0.36,2,19,0.68
207.39,30.374718,130.960017,0.41,2,19,0.68
207.46,30.374718,130.960017,0.41,2,19,0.68
207.52,30.374718,130.960017,0.41,2,19,0.68
207.59,30.374718,130.960017,0.41,2,19,0.68
207.66,30.374718,130.960017,0.41,2,19,0.68
207.72,30.374718,130.960017,0.41,2,19,0.68
207.79,30.374718,130.960017,0.41,2,19,0.68
207.86,30.374718,130.960017,0.41,2,19,0.68
207.92,30.374718,130.960017,0.41,2,19,0.68
207.99,30.374718,130.960017,0.41,2,19,0.68
208.06,30.374718,130.960017,0.41,2,19,0.68
208.13,30.374718,130.960017,0.41,2,19,0.68
208.19,30.374718,130.960017,0.41,2,19,0.68
208.26,30.374718,130.960017,0.41,2,19,0.68
208.33,30.374718,130.960017,0.41,2,19,0.68
208.39,30.374718,130.960017,0.41,2,19,0.68
208.46,30.374715,130.960015,0.41,2,19,0.68
208.53,30.374715,130.960015,0.41,2,19,0.68
208.59,30.374715,130.960015,0.41,2,19,0.68
208.66,30.374715,130.960015,0.41,2,19,0.68
208.73,30.374715,130.960015,0.41,2,19,0.68
208.79,30.374715,130.960015,0.41,2,19,0.68
208.86,30.374715,130.960015,0.41,2,19,0.68
208.93,30.374715,130.960015,0.41,2,19,0.68
209.0,30.374715,130.960015,0.41,2,19,0.68
209.07,30.374715,130.960015,0.41,2,19,0.68
209.13,30.374715,130.960015,0.41,2,19,0.68
209.2,30.374715,130.960015,0.41,2,19,0.68
209.27,30.374715,130.960015,0.41,2,19,0.68
209.33,30.374715,130.960015,0.41,2,19,0.68
209.4,30.374715,130.960015,0.41,2,19,0.68
209.46,30.374713,130.960013,0.24,2,19,0.68
209.53,30.374713,130.960013,0.24,2,19,0.68
209.6,30.374713,130.960013,0.24,2,19,0.68
209.66,30.374713,130.960013,0.24,2,19,0.68
209.73,30.374713,130.960013,0.24,2,19,0.68
209.79,30.374713,130.960013,0.24,2,19,0.68
209.86,30.374713,130.960013,0.24,2,19,0.68
209.93,30.374713,130.960013,0.24,2,19,0.68
209.99,30.374713,130.960013,0.24,2,19,0.68
210.06,30.374713,130.960013,0.24,2,19,0.68
210.13,30.374713,130.960013,0.24,2,19,0.68
210.19,30.374713,130.960013,0.24,2,19,0.68
210.26,30.374713,130.960013,0.24,2,19,0.68
210.32,30.374713,130.960013,0.24,2,19,0.68
210.39,30.37471,130.960013,0.39,2,19,0.68
210.46,30.37471,130.960013,0.39,2,19,0.68
210.52,30.37471,130.960013,0.39,2,19,0.68
210.59,30.37471,130.960013,0.39,2,19,0.68
210.66,30.37471,130.960013,0.39,2,19,0.68
210.72,30.37471,130.960013,0.39,2,19,0.68
210.79,30.37471,130.960013,0.39,2,19,0.68
210.85,30.37471,130.960013,0.39,2,19,0.68
210.92,30.37471,130.960013,0.39,2,19,0.68
210.99,30.37471,130.960013,0.39,2,19,0.68
211.05,30.37471,130.960013,0.39,2,19,0.68
211.12,30.37471,130.960013,0.39,2,19,0.68
211.19,30.37471,130.960013,0.39,2,19,0.68
211.25,30.37471,130.960013,0.39,2,19,0.68
211.32,30.37471,130.960013,0.39,2,19,0.68
211.38,30.37471,130.960013,0.39,2,19,0.68
211.45,30.374708,130.960012,0.24,2,19,0.68
211.52,30.374708,130.960012,0.24,2,19,0.68
211.58,30.374708,130.960012,0.24,2,19,0.68
211.65,30.374708,130.960012,0.24,2,19,0.68
211.72,30.374708,130.960012,0.24,2,19,0.68
211.78,30.374708,130.960012,0.24,2,19,0.68
211.85,30.374708,130.960012,0.24,2,19,0.68
211.92,30.374708,130.960012,0.24,2,19,0.68
211.98,30.374708,130.960012,0.24,2,19,0.68
212.05,30.374708,130.960012,0.24,2,19,0.68
212.12,30.374708,130.960012,0.24,2,19,0.68
212.18,30.374708,130.960012,0.24,2,19,0.68
212.25,30.374708,130.960012,0.24,2,19,0.68
212.32,30.374708,130.960012,0.24,2,19,0.68
212.38,30.374708,130.960012,0.24,2,19,0.68
212.45,30.374705,130.960012,0.36,2,19,0.68
212.52,30.374705,130.960012,0.36,2,19,0.68
212.58,30.374705,130.960012,0.36,2,19,0.68
212.65,30.374705,130.960012,0.36,2,19,0.68
212.72,30.374705,130.960012,0.36,2,19,0.68
212.78,30.374705,130.960012,0.36,2,19,0.68
212.85,30.374705,130.960012,0.36,2,19,0.68
212.92,30.374705,130.960012,0.36,2,19,0.68
212.98,30.374705,130.960012,0.36,2,19,0.68
213.05,30.374705,130.960012,0.36,2,19,0.68
213.11,30.374705,130.960012,0.36,2,19,0.68
213.18,30.374705,130.960012,0.36,2,19,0.68
213.25,30.374705,130.960012,0.36,2,19,0.68
213.31,30.374705,130.960012,0.36,2,19,0.68
213.38,30.374703,130.96001,0.26,2,19,0.68
213.44,30.374703,130.96001,0.26,2,19,0.68
213.51,30.374703,130.96001,0.26,2,19,0.68
213.58,30.374703,130.96001,0.26,2,19,0.68
213.64,30.374703,130.96001,0.26,2,19,0.68
213.71,30.374703,130.96001,0.26,2,19,0.68
213.78,30.374703,130.96001,0.26,2,19,0.68
213.84,30.374703,130.96001,0.26,2,19,0.68
213.91,30.374703,130.96001,0.26,2,19,0.68
213.97,30.374703,130.96001,0.26,2,19,0.68
214.04,30.374703,130.96001,0.26,2,19,0.68
214.11,30.374703,130.96001,0.26,2,19,0.68
214.17,30.374703,130.96001,0.26,2,19,0.68
214.24,30.374703,130.96001,0.26,2,19,0.68
214.31,30.374703,130.96001,0.26,2,19,0.68
214.37,30.374703,130.96001,0.26,2,19,0.68
214.44,30.3747,130.96001,0.38,2,19,0.68
214.5,30.3747,130.96001,0.38,2,19,0.68
214.57,30.3747,130.96001,0.38,2,19,0.68
214.64,30.3747,130.96001,0.38,2,19,0.68
214.7,30.3747,130.96001,0.38,2,19,0.68
214.77,30.3747,130.96001,0.38,2,19,0.68
214.83,30.3747,130.96001,0.38,2,19,0.68
214.9,30.3747,130.96001,0.38,2,19,0.68
214.97,30.3747,130.96001,0.38,2,19,0.68
215.03,30.3747,130.96001,0.38,2,19,0.68
215.1,30.3747,130.96001,0.38,2,19,0.68
215.16,30.3747,130.96001,0.38,2,19,0.68
215.23,30.3747,130.96001,0.38,2,19,0.68
215.29,30.3747,130.96001,0.38,2,19,0.68
215.36,30.3747,130.96001,0.38,2,19,0.68
215.43,30.374697,130.96001,0.35,2,19,0.68
215.49,30.374697,130.96001,0.35,2,19,0.68
215.56,30.374697,130.96001,0.35,2,19,0.68
215.63,30.374697,130.96001,0.35,2,19,0.68
215.7,30.374697,130.96001,0.35,2,19,0.68
215.76,30.374697,130.96001,0.35,2,19,0.68
215.83,30.374697,130.96001,0.35,2,19,0.68
215.89,30.374697,130.96001,0.35,2,19,0.68
215.96,30.374697,130.96001,0.35,2,19,0.68
216.02,30.374697,130.96001,0.35,2,19,0.68
216.09,30.374697,130.96001,0.35,2,19,0.68
216.16,30.374697,130.96001,0.35,2,19,0.68
216.22,30.374697,130.96001,0.35,2,19,0.68
216.29,30.374697,130.96001,0.35,2,19,0.68
216.35,30.374697,130.96001,0.35,2,19,0.68
216.42,30.374693,130.96001,0.39,2,19,0.68
216.48,30.374693,130.96001,0.39,2,19,0.68
216.55,30.374693,130.96001,0.39,2,19,0.68
216.61,30.374693,130.96001,0.39,2,19,0.68
216.68,30.374693,130.96001,0.39,2,19,0.68
216.75,30.374693,130.96001,0.39,2,19,0.68
216.81,30.374693,130.96001,0.39,2,19,0.68
216.88,30.374693,130.96001,0.39,2,19,0.68
216.94,30.374693,130.96001,0.39,2,19,0.68
217.01,30.374693,130.96001,0.39,2,19,0.68
217.08,30.374693,130.96001,0.39,2,19,0.68
217.14,30.374693,130.96001,0.39,2,19,0.68
217.21,30.374693,130.96001,0.39,2,19,0.68
217.27,30.374693,130.96001,0.39,2,19,0.68
217.34,30.374693,130.96001,0.39,2,19,0.68
217.4,30.374693,130.96001,0.39,2,19,0.68
217.47,30.37469,130.960008,0.42,2,19,0.68
217.54,30.37469,130.960008,0.42,2,19,0.68
217.6,30.37469,130.960008,0.42,2,19,0.68
217.67,30.37469,130.960008,0.42,2,19,0.68
217.74,30.37469,130.960008,0.42,2,19,0.68
217.8,30.37469,130.960008,0.42,2,19,0.68
217.87,30.37469,130.960008,0.42,2,19,0.68
217.94,30.37469,130.960008,0.42,2,19,0.68
218.0,30.37469,130.960008,0.42,2,19,0.68
218.07,30.37469,130.960008,0.42,2,19,0.68
218.14,30.37469,130.960008,0.42,2,19,0.68
218.2,30.37469,130.960008,0.42,2,19,0.68
218.27,30.37469,130.960008,0.42,2,19,0.68
218.34,30.37469,130.960008,0.42,2,19,0.68
218.4,30.374688,130.96001,0.23,2,19,0.68
218.47,30.374688,130.96001,0.23,2,19,0.68
218.54,30.374688,130.96001,0.23,2,19,0.68
218.6,30.374688,130.96001,0.23,2,19,0.68
218.67,30.374688,130.96001,0.23,2,19,0.68
218.74,30.374688,130.96001,0.23,2,19,0.68
218.8,30.374688,130.96001,0.23,2,19,0.68
218.87,30.374688,130.96001,0.23,2,19,0.68
218.94,30.374688,130.96001,0.23,2,19,0.68
219.0,30.374688,130.96001,0.23,2,19,0.68
219.07,30.374688,130.96001,0.23,2,19,0.68
219.14,30.374688,130.96001,0.23,2,19,0.68
219.2,30.374688,130.96001,0.23,2,19,0.68
219.27,30.374688,130.96001,0.23,2,19,0.68
219.34,30.374688,130.96001,0.23,2,19,0.68
219.4,30.374687,130.960012,0.24,2,19,0.68
219.47,30.374687,130.960012,0.24,2,19,0.68
219.54,30.374687,130.960012,0.24,2,19,0.68
219.6,30.374687,130.960012,0.24,2,19,0.68
219.67,30.374687,130.960012,0.24,2,19,0.68
219.74,30.374687,130.960012,0.24,2,19,0.68
219.8,30.374687,130.960012,0.24,2,19,0.68
219.87,30.374687,130.960012,0.24,2,19,0.68
219.94,30.374687,130.960012,0.24,2,19,0.68
220.0,30.374687,130.960012,0.24,2,19,0.68
220.07,30.374687,130.960012,0.24,2,19,0.68
220.14,30.374687,130.960012,0.24,2,19,0.68
220.2,30.374687,130.960012,0.24,2,19,0.68
220.27,30.374687,130.960012,0.24,2,19,0.68
220.34,30.374687,130.960012,0.24,2,19,0.68
220.4,30.374687,130.960012,0.24,2,19,0.68
220.47,30.374687,130.960013,0.14,2,19,0.68
220.54,30.374687,130.960013,0.14,2,19,0.68
220.6,30.374687,130.960013,0.14,2,19,0.68
220.67,30.374687,130.960013,0.14,2,19,0.68
220.74,30.374687,130.960013,0.14,2,19,0.68
220.8,30.374687,130.960013,0.14,2,19,0.68
220.87,30.374687,130.960013,0.14,2,19,0.68
220.94,30.374687,130.960013,0.14,2,19,0.68
221.0,30.374687,130.960013,0.14,2,19,0.68
221.07,30.374687,130.960013,0.14,2,19,0.68
221.14,30.374687,130.960013,0.14,2,19,0.68
221.2,30.374687,130.960013,0.14,2,19,0.68
221.27,30.374687,130.960013,0.14,2,19,0.68
221.34,30.374687,130.960013,0.14,2,19,0.68
221.4,30.374687,130.960013,0.14,2,19,0.68
221.47,30.374685,130.960013,0.18,2,19,0.68
221.54,30.374685,130.960013,0.18,2,19,0.68
221.6,30.374685,130.960013,0.18,2,19,0.68
221.67,30.374685,130.960013,0.18,2,19,0.68
221.74,30.374685,130.960013,0.18,2,19,0.68
221.8,30.374685,130.960013,0.18,2,19,0.68
221.87,30.374685,130.960013,0.18,2,19,0.68
221.94,30.374685,130.960013,0.18,2,19,0.68
222.01,30.374685,130.960013,0.18,2,19,0.68
222.07,30.374685,130.960013,0.18,2,19,0.68
222.15,30.374685,130.960013,0.18,2,19,0.68
222.21,30.374685,130.960013,0.18,2,19,0.68
222.28,30.374685,130.960013,0.18,2,19,0.68
222.34,30.374685,130.960013,0.18,2,19,0.68
222.41,30.374685,130.960013,0.18,2,19,0.68
222.48,30.374683,130.960015,0.24,2,19,0.68
222.54,30.374683,130.960015,0.24,2,19,0.68
222.61,30.374683,130.960015,0.24,2,19,0.68
222.68,30.374683,130.960015,0.24,2,19,0.68
222.74,30.374683,130.960015,0.24,2,19,0.68
222.81,30.374683,130.960015,0.24,2,19,0.68
222.87,30.374683,130.960015,0.24,2,19,0.68
222.94,30.374683,130.960015,0.24,2,19,0.68
223.01,30.374683,130.960015,0.24,2,19,0.68
223.07,30.374683,130.960015,0.24,2,19,0.68
223.15,30.374683,130.960015,0.24,2,19,0.68
223.21,30.374683,130.960015,0.24,2,19,0.68
223.28,30.374683,130.960015,0.24,2,19,0.68
223.35,30.374683,130.960015,0.24,2,19,0.68
223.41,30.374683,130.960015,0.24,2,19,0.68
223.48,30.37468,130.960017,0.4,2,19,0.68
223.55,30.37468,130.960017,0.4,2,19,0.68
223.61,30.37468,130.960017,0.4,2,19,0.68
223.68,30.37468,130.960017,0.4,2,19,0.68
223.74,30.37468,130.960017,0.4,2,19,0.68
223.81,30.37468,130.960017,0.4,2,19,0.68
223.88,30.37468,130.960017,0.4,2,19,0.68
223.94,30.37468,130.960017,0.4,2,19,0.68
224.01,30.37468,130.960017,0.4,2,19,0.68
224.08,30.37468,130.960017,0.4,2,19,0.68
224.14,30.37468,130.960017,0.4,2,19,0.68
224.21,30.37468,130.960017,0.4,2,19,0.68
224.28,30.37468,130.960017,0.4,2,19,0.68
224.34,30.37468,130.960017,0.4,2,19,0.68
224.41,30.37468,130.960017,0.4,2,19,0.68
224.48,30.37468,130.960015,0.13,2,19,0.68
224.54,30.37468,130.960015,0.13,2,19,0.68
224.61,30.37468,130.960015,0.13,2,19,0.68
224.67,30.37468,130.960015,0.13,2,19,0.68
224.74,30.37468,130.960015,0.13,2,19,0.68
224.81,30.37468,130.960015,0.13,2,19,0.68
224.87,30.37468,130.960015,0.13,2,19,0.68
224.94,30.37468,130.960015,0.13,2,19,0.68
225.01,30.37468,130.960015,0.13,2,19,0.68
225.07,30.37468,130.960015,0.13,2,19,0.68
225.14,30.37468,130.960015,0.13,2,19,0.68
225.21,30.37468,130.960015,0.13,2,19,0.68
225.27,30.37468,130.960015,0.13,2,19,0.68
225.34,30.37468,130.960015,0.13,2,19,0.68
225.4,30.374678,130.960017,0.24,2,19,0.68
225.47,30.374678,130.960017,0.24,2,19,0.68
225.54,30.374678,130.960017,0.24,2,19,0.68
225.6,30.374678,130.960017,0.24,2,19,0.68
225.67,30.374678,130.960017,0.24,2,19,0.68
225.74,30.374678,130.960017,0.24,2,19,0.68
225.8,30.374678,130.960017,0.24,2,19,0.68
225.87,30.374678,130.960017,0.24,2,19,0.68
225.93,30.374678,130.960017,0.24,2,19,0.68
226.0,30.374678,130.960017,0.24,2,19,0.68
226.07,30.374678,130.960017,0.24,2,19,0.68
226.14,30.374678,130.960017,0.24,2,19,0.68
226.2,30.374678,130.960017,0.24,2,19,0.68
226.27,30.374678,130.960017,0.24,2,19,0.68
226.33,30.374678,130.960017,0.24,2,19,0.68
226.4,30.374678,130.960017,0.24,2,19,0.68
226.47,30.374678,130.96002,0.34,2,19,0.68
226.53,30.374678,130.96002,0.34,2,19,0.68
226.6,30.374678,130.96002,0.34,2,19,0.68
226.67,30.374678,130.96002,0.34,2,19,0.68
226.74,30.374678,130.96002,0.34,2,19,0.68
226.8,30.374678,130.96002,0.34,2,19,0.68
226.87,30.374678,130.96002,0.34,2,19,0.68
226.94,30.374678,130.96002,0.34,2,19,0.68
227.0,30.374678,130.96002,0.34,2,19,0.68
227.07,30.374678,130.96002,0.34,2,19,0.68
227.14,30.374678,130.96002,0.34,2,19,0.68
227.2,30.374678,130.96002,0.34,2,19,0.68
227.27,30.374678,130.96002,0.34,2,19,0.68
227.34,30.374678,130.96002,0.34,2,19,0.68
227.4,30.374678,130.96002,0.34,2,19,0.68
227.47,30.374677,130.960022,0.26,2,19,0.68
227.54,30.374677,130.960022,0.26,2,19,0.68
227.6,30.374677,130.960022,0.26,2,19,0.68
227.67,30.374677,130.960022,0.26,2,19,0.68
227.74,30.374677,130.960022,0.26,2,19,0.68
227.8,30.374677,130.960022,0.26,2,19,0.68
227.87,30.374677,130.960022,0.26,2,19,0.68
227.94,30.374677,130.960022,0.26,2,19,0.68
228.0,30.374677,130.960022,0.26,2,19,0.68
228.07,30.374677,130.960022,0.26,2,19,0.68
228.14,30.374677,130.960022,0.26,2,19,0.68
228.2,30.374677,130.960022,0.26,2,19,0.68
228.27,30.374677,130.960022,0.26,2,19,0.68
228.34,30.374677,130.960022,0.26,2,19,0.68
228.4,30.374677,130.960022,0.26,2,19,0.68
228.47,30.374677,130.960022,0.0,2,19,0.68
228.54,30.374677,130.960022,0.0,2,19,0.68
228.6,30.374677,130.960022,0.0,2,19,0.68
228.67,30.374677,130.960022,0.0,2,19,0.68
228.74,30.374677,130.960022,0.0,2,19,0.68
228.81,30.374677,130.960022,0.0,2,19,0.68
228.88,30.374677,130.960022,0.0,2,19,0.68
228.94,30.374677,130.960022,0.0,2,19,0.68
229.01,30.374677,130.960022,0.0,2,19,0.68
229.08,30.374677,130.960022,0.0,2,19,0.68
229.14,30.374677,130.960022,0.0,2,19,0.68
229.21,30.374677,130.960022,0.0,2,19,0.68
229.27,30.374677,130.960022,0.0,2,19,0.68
229.34,30.374677,130.960022,0.0,2,19,0.68
229.41,30.374677,130.960022,0.0,2,19,0.68
229.47,30.374675,130.960023,0.26,2,19,0.68
229.54,30.374675,130.960023,0.26,2,19,0.68
229.6,30.374675,130.960023,0.26,2,19,0.68
229.67,30.374675,130.960023,0.26,2,19,0.68
229.74,30.374675,130.960023,0.26,2,19,0.68
229.8,30.374675,130.960023,0.26,2,19,0.68
229.87,30.374675,130.960023,0.26,2,19,0.68
229.93,30.374675,130.960023,0.26,2,19,0.68
230.0,30.374675,130.960023,0.26,2,19,0.68
230.08,30.374675,130.960023,0.26,2,19,0.68
230.14,30.374675,130.960023,0.26,2,19,0.68
230.21,30.374675,130.960023,0.26,2,19,0.68
230.28,30.374675,130.960023,0.26,2,19,0.68
230.34,30.374675,130.960023,0.26,2,19,0.68
230.41,30.374675,130.960023,0.0,2,19,0.68
230.48,30.374675,130.960023,0.0,2,19,0.68
230.54,30.374675,130.960023,0.0,2,19,0.68
230.61,30.374675,130.960023,0.0,2,19,0.68
230.67,30.374675,130.960023,0.0,2,19,0.68
230.74,30.374675,130.960023,0.0,2,19,0.68
230.81,30.374675,130.960023,0.0,2,19,0.68
230.87,30.374675,130.960023,0.0,2,19,0.68
230.94,30.374675,130.960023,0.0,2,19,0.68
231.0,30.374675,130.960023,0.0,2,19,0.68
231.07,30.374675,130.960023,0.0,2,19,0.68
231.14,30.374675,130.960023,0.0,2,19,0.68
231.2,30.374675,130.960023,0.0,2,19,0.68
231.27,30.374675,130.960023,0.0,2,19,0.68
231.33,30.374675,130.960023,0.0,2,19,0.68
231.4,30.374675,130.960027,0.32,2,19,0.68
231.47,30.374675,130.960027,0.32,2,19,0.68
231.53,30.374675,130.960027,0.32,2,19,0.68
231.6,30.374675,130.960027,0.32,2,19,0.68
231.66,30.374675,130.960027,0.32,2,19,0.68
231.73,30.374675,130.960027,0.32,2,19,0.68
231.8,30.374675,130.960027,0.32,2,19,0.68
231.86,30.374675,130.960027,0.32,2,19,0.68
231.93,30.374675,130.960027,0.32,2,19,0.68
231.99,30.374675,130.960027,0.32,2,19,0.68
232.06,30.374675,130.960027,0.32,2,19,0.68
232.13,30.374675,130.960027,0.32,2,19,0.68
232.19,30.374675,130.960027,0.32,2,19,0.68
232.26,30.374675,130.960027,0.32,2,19,0.68
232.33,30.374675,130.960027,0.32,2,19,0.68
232.39,30.374675,130.960027,0.32,2,19,0.68
232.46,30.374675,130.960027,0.0,2,19,0.68
232.52,30.374675,130.960027,0.0,2,19,0.68
232.59,30.374675,130.960027,0.0,2,19,0.68
232.66,30.374675,130.960027,0.0,2,19,0.68
232.72,30.374675,130.960027,0.0,2,19,0.68
232.79,30.374675,130.960027,0.0,2,19,0.68
232.86,30.374675,130.960027,0.0,2,19,0.68
232.92,30.374675,130.960027,0.0,2,19,0.68
232.99,30.374675,130.960027,0.0,2,19,0.68
233.05,30.374675,130.960027,0.0,2,19,0.68
233.12,30.374675,130.960027,0.0,2,19,0.68
233.19,30.374675,130.960027,0.0,2,19,0.68
233.25,30.374675,130.960027,0.0,2,19,0.68
233.32,30.374675,130.960027,0.0,2,19,0.68
233.39,30.374677,130.960027,0.19,2,19,0.68
233.45,30.374677,130.960027,0.19,2,19,0.68
233.52,30.374677,130.960027,0.19,2,19,0.68
233.59,30.374677,130.960027,0.19,2,19,0.68
233.65,30.374677,130.960027,0.19,2,19,0.68
233.72,30.374677,130.960027,0.19,2,19,0.68
233.78,30.374677,130.960027,0.19,2,19,0.68
233.85,30.374677,130.960027,0.19,2,19,0.68
233.92,30.374677,130.960027,0.19,2,19,0.68
233.98,30.374677,130.960027,0.19,2,19,0.68
234.12,30.374677,130.960027,0.19,2,19,0.68
234.19,30.374677,130.960027,0.19,2,19,0.68
234.25,30.374677,130.960027,0.19,2,19,0.68
234.32,30.374677,130.960027,0.19,2,19,0.68
234.39,30.374677,130.960028,0.19,2,19,0.68
234.45,30.374677,130.960028,0.19,2,19,0.68
234.52,30.374677,130.960028,0.19,2,19,0.68
234.59,30.374677,130.960028,0.19,2,19,0.68
234.65,30.374677,130.960028,0.19,2,19,0.68
234.72,30.374677,130.960028,0.19,2,19,0.68
234.79,30.374677,130.960028,0.19,2,19,0.68
234.85,30.374677,130.960028,0.19,2,19,0.68
234.92,30.374677,130.960028,0.19,2,19,0.68
234.98,30.374677,130.960028,0.19,2,19,0.68
235.05,30.374677,130.960028,0.19,2,19,0.68
235.12,30.374677,130.960028,0.19,2,19,0.68
235.19,30.374677,130.960028,0.19,2,19,0.68
235.25,30.374677,130.960028,0.19,2,19,0.68
235.32,30.374677,130.960028,0.19,2,19,0.68
235.38,30.374677,130.960028,0.19,2,19,0.68
235.45,30.374677,130.96003,0.19,2,19,0.68
235.52,30.374677,130.96003,0.19,2,19,0.68
235.58,30.374677,130.96003,0.19,2,19,0.68
235.65,30.374677,130.96003,0.19,2,19,0.68
235.72,30.374677,130.96003,0.19,2,19,0.68
235.78,30.374677,130.96003,0.19,2,19,0.68
235.85,30.374677,130.96003,0.19,2,19,0.68
235.92,30.374677,130.96003,0.19,2,19,0.68
235.98,30.374677,130.96003,0.19,2,19,0.68
236.05,30.374677,130.96003,0.19,2,19,0.68
236.12,30.374677,130.96003,0.19,2,19,0.68
236.18,30.374677,130.96003,0.19,2,19,0.68
236.25,30.374677,130.96003,0.19,2,19,0.68
236.32,30.374677,130.96003,0.19,2,19,0.68
236.38,30.374677,130.96003,0.19,2,19,0.68
236.45,30.374677,130.960033,0.32,2,19,0.68
236.52,30.374677,130.960033,0.32,2,19,0.68
236.58,30.374677,130.960033,0.32,2,19,0.68
236.65,30.374677,130.960033,0.32,2,19,0.68
236.72,30.374677,130.960033,0.32,2,19,0.68
236.79,30.374677,130.960033,0.32,2,19,0.68
236.85,30.374677,130.960033,0.32,2,19,0.68
236.92,30.374677,130.960033,0.32,2,19,0.68
236.99,30.374677,130.960033,0.32,2,19,0.68
237.05,30.374677,130.960033,0.32,2,19,0.68
237.12,30.374677,130.960033,0.32,2,19,0.68
237.19,30.374677,130.960033,0.32,2,19,0.68
237.26,30.374677,130.960033,0.32,2,19,0.68
237.32,30.374677,130.960033,0.32,2,19,0.68
237.39,30.374677,130.960033,0.32,2,19,0.68
237.45,30.374677,130.960033,0.0,2,19,0.68
237.52,30.374677,130.960033,0.0,2,19,0.68
237.59,30.374677,130.960033,0.0,2,19,0.68
237.65,30.374677,130.960033,0.0,2,19,0.68
237.72,30.374677,130.960033,0.0,2,19,0.68
237.78,30.374677,130.960033,0.0,2,19,0.68
237.85,30.374677,130.960033,0.0,2,19,0.68
237.92,30.374677,130.960033,0.0,2,19,0.68
237.98,30.374677,130.960033,0.0,2,19,0.68
238.05,30.374677,130.960033,0.0,2,19,0.68
238.11,30.374677,130.960033,0.0,2,19,0.68
238.18,30.374677,130.960033,0.0,2,19,0.68
238.25,30.374677,130.960033,0.0,2,19,0.68
238.31,30.374677,130.960033,0.0,2,19,0.68
238.38,30.374677,130.960033,0.0,2,19,0.68
238.45,30.374678,130.960037,0.39,2,19,0.68
238.51,30.374678,130.960037,0.39,2,19,0.68
238.58,30.374678,130.960037,0.39,2,19,0.68
238.64,30.374678,130.960037,0.39,2,19,0.68
238.71,30.374678,130.960037,0.39,2,19,0.68
238.78,30.374678,130.960037,0.39,2,19,0.68
238.84,30.374678,130.960037,0.39,2,19,0.68
238.91,30.374678,130.960037,0.39,2,19,0.68
238.97,30.374678,130.960037,0.39,2,19,0.68
239.04,30.374678,130.960037,0.39,2,19,0.68
239.11,30.374678,130.960037,0.39,2,19,0.68
239.18,30.374678,130.960037,0.39,2,19,0.68
239.24,30.374678,130.960037,0.39,2,19,0.68
239.31,30.374678,130.960037,0.39,2,19,0.68
239.37,30.374678,130.960037,0.39,2,19,0.68
239.44,30.374678,130.960037,0.39,2,19,0.68
239.51,30.374678,130.960038,0.19,2,19,0.68
239.57,30.374678,130.960038,0.19,2,19,0.68
239.64,30.374678,130.960038,0.19,2,19,0.68
239.71,30.374678,130.960038,0.19,2,19,0.68
239.77,30.374678,130.960038,0.19,2,19,0.68
239.84,30.374678,130.960038,0.19,2,19,0.68
239.9,30.374678,130.960038,0.19,2,19,0.68
239.97,30.374678,130.960038,0.19,2,19,0.68
240.04,30.374678,130.960038,0.19,2,19,0.68
240.1,30.374678,130.960038,0.19,2,19,0.68
240.17,30.374678,130.960038,0.19,2,19,0.68
240.24,30.374678,130.960038,0.19,2,19,0.68
240.3,30.374678,130.960038,0.19,2,19,0.68
240.37,30.374678,130.960038,0.19,2,19,0.68
240.44,30.374678,130.96004,0.18,2,19,0.68
240.5,30.374678,130.96004,0.18,2,19,0.68
240.57,30.374678,130.96004,0.18,2,19,0.68
240.64,30.374678,130.96004,0.18,2,19,0.68
240.7,30.374678,130.96004,0.18,2,19,0.68
240.77,30.374678,130.96004,0.18,2,19,0.68
240.83,30.374678,130.96004,0.18,2,19,0.68
240.9,30.374678,130.96004,0.18,2,19,0.68
240.97,30.374678,130.96004,0.18,2,19,0.68
241.03,30.374678,130.96004,0.18,2,19,0.68
241.1,30.374678,130.96004,0.18,2,19,0.68
241.17,30.374678,130.96004,0.18,2,19,0.68
241.23,30.374678,130.96004,0.18,2,19,0.68
241.3,30.374678,130.96004,0.18,2,19,0.68
241.37,30.374678,130.96004,0.18,2,19,0.68
241.43,30.374678,130.96004,0.1,2,19,0.68
241.5,30.374678,130.96004,0.1,2,19,0.68
241.56,30.374678,130.96004,0.1,2,19,0.68
241.63,30.374678,130.96004,0.1,2,19,0.68
241.7,30.374678,130.96004,0.1,2,19,0.68
241.76,30.374678,130.96004,0.1,2,19,0.68
241.83,30.374678,130.96004,0.1,2,19,0.68
241.9,30.374678,130.96004,0.1,2,19,0.68
241.96,30.374678,130.96004,0.1,2,19,0.68
242.03,30.374678,130.96004,0.1,2,19,0.68
242.1,30.374678,130.96004,0.1,2,19,0.68
242.16,30.374678,130.96004,0.1,2,19,0.68
242.23,30.374678,130.96004,0.1,2,19,0.68
242.3,30.374678,130.96004,0.1,2,19,0.68
242.36,30.374678,130.96004,0.1,2,19,0.68
242.43,30.374678,130.960043,0.33,2,19,0.68
242.5,30.374678,130.960043,0.33,2,19,0.68
242.56,30.374678,130.960043,0.33,2,19,0.68
242.63,30.374678,130.960043,0.33,2,19,0.68
242.7,30.374678,130.960043,0.33,2,19,0.68
242.76,30.374678,130.960043,0.33,2,19,0.68
242.83,30.374678,130.960043,0.33,2,19,0.68
242.9,30.374678,130.960043,0.33,2,19,0.68
242.96,30.374678,130.960043,0.33,2,19,0.68
243.03,30.374678,130.960043,0.33,2,19,0.68
243.1,30.374678,130.960043,0.33,2,19,0.68
243.16,30.374678,130.960043,0.33,2,19,0.68
243.23,30.374678,130.960043,0.33,2,19,0.68
243.3,30.374678,130.960043,0.33,2,19,0.68
243.37,30.374678,130.960043,0.33,2,19,0.68
243.44,30.374678,130.960043,0.33,2,19,0.68
243.5,30.374678,130.960043,0.1,2,19,0.68
243.57,30.374678,130.960043,0.1,2,19,0.68
243.64,30.374678,130.960043,0.1,2,19,0.68
243.7,30.374678,130.960043,0.1,2,19,0.68
243.77,30.374678,130.960043,0.1,2,19,0.68
243.83,30.374678,130.960043,0.1,2,19,0.68
243.9,30.374678,130.960043,0.1,2,19,0.68
243.97,30.374678,130.960043,0.1,2,19,0.68
244.03,30.374678,130.960043,0.1,2,19,0.68
244.1,30.374678,130.960043,0.1,2,19,0.68
244.16,30.374678,130.960043,0.1,2,19,0.68
244.23,30.374678,130.960043,0.1,2,19,0.68
244.3,30.374678,130.960043,0.1,2,19,0.68
244.36,30.374678,130.960043,0.1,2,19,0.68
244.43,30.374678,130.960045,0.18,2,19,0.68
244.49,30.374678,130.960045,0.18,2,19,0.68
244.56,30.374678,130.960045,0.18,2,19,0.68
244.63,30.374678,130.960045,0.18,2,19,0.68
244.69,30.374678,130.960045,0.18,2,19,0.68
244.76,30.374678,130.960045,0.18,2,19,0.68
244.82,30.374678,130.960045,0.18,2,19,0.68
244.89,30.374678,130.960045,0.18,2,19,0.68
244.96,30.374678,130.960045,0.18,2,19,0.68
245.02,30.374678,130.960045,0.18,2,19,0.68
245.09,30.374678,130.960045,0.18,2,19,0.68
245.15,30.374678,130.960045,0.18,2,19,0.68
245.22,30.374678,130.960045,0.18,2,19,0.68
245.29,30.374678,130.960045,0.18,2,19,0.68
245.35,30.374678,130.960045,0.18,2,19,0.68
245.42,30.374678,130.960048,0.34,2,19,0.68
245.49,30.374678,130.960048,0.34,2,19,0.68
245.55,30.374678,130.960048,0.34,2,19,0.68
245.62,30.374678,130.960048,0.34,2,19,0.68
245.68,30.374678,130.960048,0.34,2,19,0.68
245.75,30.374678,130.960048,0.34,2,19,0.68
245.82,30.374678,130.960048,0.34,2,19,0.68
245.88,30.374678,130.960048,0.34,2,19,0.68
245.95,30.374678,130.960048,0.34,2,19,0.68
246.02,30.374678,130.960048,0.34,2,19,0.68
246.08,30.374678,130.960048,0.34,2,19,0.68
246.15,30.374678,130.960048,0.34,2,19,0.68
246.22,30.374678,130.960048,0.34,2,19,0.68
246.28,30.374678,130.960048,0.34,2,19,0.68
246.35,30.374678,130.960048,0.34,2,19,0.68
246.41,30.374678,130.96005,0.19,2,19,0.68
246.48,30.374678,130.96005,0.19,2,19,0.68
246.55,30.374678,130.96005,0.19,2,19,0.68
246.61,30.374678,130.96005,0.19,2,19,0.68
246.68,30.374678,130.96005,0.19,2,19,0.68
246.75,30.374678,130.96005,0.19,2,19,0.68
246.81,30.374678,130.96005,0.19,2,19,0.68
246.88,30.374678,130.96005,0.19,2,19,0.68
246.94,30.374678,130.96005,0.19,2,19,0.68
247.01,30.374678,130.96005,0.19,2,19,0.68
247.08,30.374678,130.96005,0.19,2,19,0.68
247.14,30.374678,130.96005,0.19,2,19,0.68
247.21,30.374678,130.96005,0.19,2,19,0.68
247.28,30.374678,130.96005,0.19,2,19,0.68
247.34,30.374678,130.96005,0.19,2,19,0.68
247.41,30.374677,130.960052,0.27,2,19,0.68
247.48,30.374677,130.960052,0.27,2,19,0.68
247.54,30.374677,130.960052,0.27,2,19,0.68
247.61,30.374677,130.960052,0.27,2,19,0.68
247.68,30.374677,130.960052,0.27,2,19,0.68
247.74,30.374677,130.960052,0.27,2,19,0.68
247.81,30.374677,130.960052,0.27,2,19,0.68
247.88,30.374677,130.960052,0.27,2,19,0.68
247.94,30.374677,130.960052,0.27,2,19,0.68
248.01,30.374677,130.960052,0.27,2,19,0.68
248.07,30.374677,130.960052,0.27,2,19,0.68
248.14,30.374677,130.960052,0.27,2,19,0.68
248.21,30.374677,130.960052,0.27,2,19,0.68
248.28,30.374677,130.960052,0.27,2,19,0.68
248.34,30.374677,130.960052,0.27,2,19,0.68
248.41,30.374677,130.960052,0.27,2,19,0.68
248.48,30.374677,130.960055,0.33,2,19,0.68
248.54,30.374677,130.960055,0.33,2,19,0.68
248.61,30.374677,130.960055,0.33,2,19,0.68
248.67,30.374677,130.960055,0.33,2,19,0.68
248.74,30.374677,130.960055,0.33,2,19,0.68
248.81,30.374677,130.960055,0.33,2,19,0.68
248.87,30.374677,130.960055,0.33,2,19,0.68
248.94,30.374677,130.960055,0.33,2,19,0.68
249.01,30.374677,130.960055,0.33,2,19,0.68
249.07,30.374677,130.960055,0.33,2,19,0.68
249.14,30.374677,130.960055,0.33,2,19,0.68
249.21,30.374677,130.960055,0.33,2,19,0.68
249.28,30.374677,130.960055,0.33,2,19,0.68
249.34,30.374677,130.960055,0.33,2,19,0.68
249.41,30.374677,130.960055,0.33,2,19,0.68
249.48,30.374675,130.960057,0.25,2,19,0.68
249.54,30.374675,130.960057,0.25,2,19,0.68
249.61,30.374675,130.960057,0.25,2,19,0.68
249.68,30.374675,130.960057,0.25,2,19,0.68
249.75,30.374675,130.960057,0.25,2,19,0.68
249.81,30.374675,130.960057,0.25,2,19,0.68
249.88,30.374675,130.960057,0.25,2,19,0.68
249.95,30.374675,130.960057,0.25,2,19,0.68
250.01,30.374675,130.960057,0.25,2,19,0.68
250.08,30.374675,130.960057,0.25,2,19,0.68
250.14,30.374675,130.960057,0.25,2,19,0.68
250.21,30.374675,130.960057,0.25,2,19,0.68
250.28,30.374675,130.960057,0.25,2,19,0.68
250.34,30.374675,130.960057,0.25,2,19,0.68
250.41,30.374675,130.960057,0.25,2,19,0.68
250.47,30.374673,130.960058,0.24,2,19,0.68
250.54,30.374673,130.960058,0.24,2,19,0.68
250.61,30.374673,130.960058,0.24,2,19,0.68
250.67,30.374673,130.960058,0.24,2,19,0.68
250.74,30.374673,130.960058,0.24,2,19,0.68
250.8,30.374673,130.960058,0.24,2,19,0.68
250.87,30.374673,130.960058,0.24,2,19,0.68
250.94,30.374673,130.960058,0.24,2,19,0.68
251.0,30.374673,130.960058,0.24,2,19,0.68
251.07,30.374673,130.960058,0.24,2,19,0.68
251.13,30.374673,130.960058,0.24,2,19,0.68
251.2,30.374673,130.960058,0.24,2,19,0.68
251.27,30.374673,130.960058,0.24,2,19,0.68
251.33,30.374673,130.960058,0.24,2,19,0.68
251.4,30.374673,130.960058,0.24,2,19,0.68
251.47,30.374673,130.96006,0.13,2,19,0.68
251.53,30.374673,130.96006,0.13,2,19,0.68
251.6,30.374673,130.96006,0.13,2,19,0.68
251.67,30.374673,130.96006,0.13,2,19,0.68
251.73,30.374673,130.96006,0.13,2,19,0.68
251.8,30.374673,130.96006,0.13,2,19,0.68
251.87,30.374673,130.96006,0.13,2,19,0.68
251.93,30.374673,130.96006,0.13,2,19,0.68
252.0,30.374673,130.96006,0.13,2,19,0.68
252.06,30.374673,130.96006,0.13,2,19,0.68
252.13,30.374673,130.96006,0.13,2,19,0.68
252.2,30.374673,130.96006,0.13,2,19,0.68
252.26,30.374673,130.96006,0.13,2,19,0.68
252.33,30.374673,130.96006,0.13,2,19,0.68
252.4,30.374672,130.960062,0.26,2,19,0.68
252.46,30.374672,130.960062,0.26,2,19,0.68
252.53,30.374672,130.960062,0.26,2,19,0.68
252.6,30.374672,130.960062,0.26,2,19,0.68
252.66,30.374672,130.960062,0.26,2,19,0.68
252.73,30.374672,130.960062,0.26,2,19,0.68
252.79,30.374672,130.960062,0.26,2,19,0.68
252.86,30.374672,130.960062,0.26,2,19,0.68
252.93,30.374672,130.960062,0.26,2,19,0.68
252.99,30.374672,130.960062,0.26,2,19,0.68
253.06,30.374672,130.960062,0.26,2,19,0.68
253.13,30.374672,130.960062,0.26,2,19,0.68
253.19,30.374672,130.960062,0.26,2,19,0.68
253.26,30.374672,130.960062,0.26,2,19,0.68
253.33,30.374672,130.960062,0.26,2,19,0.68
253.39,30.374672,130.960062,0.26,2,19,0.68
253.46,30.374672,130.960063,0.17,2,19,0.68
253.52,30.374672,130.960063,0.17,2,19,0.68
253.59,30.374672,130.960063,0.17,2,19,0.68
253.66,30.374672,130.960063,0.17,2,19,0.68
253.72,30.374672,130.960063,0.17,2,19,0.68
253.79,30.374672,130.960063,0.17,2,19,0.68
253.86,30.374672,130.960063,0.17,2,19,0.68
253.92,30.374672,130.960063,0.17,2,19,0.68
253.99,30.374672,130.960063,0.17,2,19,0.68
254.06,30.374672,130.960063,0.17,2,19,0.68
254.12,30.374672,130.960063,0.17,2,19,0.68
254.19,30.374672,130.960063,0.17,2,19,0.68
254.26,30.374672,130.960063,0.17,2,19,0.68
254.32,30.374672,130.960063,0.17,2,19,0.68
254.39,30.374672,130.960063,0.17,2,19,0.68
254.46,30.37467,130.960065,0.24,2,19,0.68
254.52,30.37467,130.960065,0.24,2,19,0.68
254.59,30.37467,130.960065,0.24,2,19,0.68
254.66,30.37467,130.960065,0.24,2,19,0.68
254.72,30.37467,130.960065,0.24,2,19,0.68
254.79,30.37467,130.960065,0.24,2,19,0.68
254.86,30.37467,130.960065,0.24,2,19,0.68
254.92,30.37467,130.960065,0.24,2,19,0.68
254.99,30.37467,130.960065,0.24,2,19,0.68
255.06,30.37467,130.960065,0.24,2,19,0.68
255.12,30.37467,130.960065,0.24,2,19,0.68
255.19,30.37467,130.960065,0.24,2,19,0.68
255.26,30.37467,130.960065,0.24,2,19,0.68
255.33,30.37467,130.960065,0.24,2,19,0.68
255.39,30.37467,130.960065,0.24,2,19,0.68
255.46,30.374668,130.960067,0.27,2,19,0.68
255.53,30.374668,130.960067,0.27,2,19,0.68
255.59,30.374668,130.960067,0.27,2,19,0.68
255.66,30.374668,130.960067,0.27,2,19,0.68
255.73,30.374668,130.960067,0.27,2,19,0.68
255.79,30.374668,130.960067,0.27,2,19,0.68
255.87,30.374668,130.960067,0.27,2,19,0.68
255.93,30.374668,130.960067,0.27,2,19,0.68
256.0,30.374668,130.960067,0.27,2,19,0.68
256.06,30.374668,130.960067,0.27,2,19,0.68
256.13,30.374668,130.960067,0.27,2,19,0.68
256.2,30.374668,130.960067,0.27,2,19,0.68
256.26,30.374668,130.960067,0.27,2,19,0.68
256.33,30.374668,130.960067,0.27,2,19,0.68
256.4,30.374667,130.960068,0.24,2,19,0.68
256.46,30.374667,130.960068,0.24,2,19,0.68
256.53,30.374667,130.960068,0.24,2,19,0.68
256.59,30.374667,130.960068,0.24,2,19,0.68
256.66,30.374667,130.960068,0.24,2,19,0.68
256.73,30.374667,130.960068,0.24,2,19,0.68
256.79,30.374667,130.960068,0.24,2,19,0.68
256.86,30.374667,130.960068,0.24,2,19,0.68
256.92,30.374667,130.960068,0.24,2,19,0.68
256.99,30.374667,130.960068,0.24,2,19,0.68
257.06,30.374667,130.960068,0.24,2,19,0.68
257.12,30.374667,130.960068,0.24,2,19,0.68
257.19,30.374667,130.960068,0.24,2,19,0.68
257.26,30.374667,130.960068,0.24,2,19,0.68
257.32,30.374667,130.960068,0.24,2,19,0.68
257.39,30.374667,130.96007,0.14,2,19,0.68
257.45,30.374667,130.96007,0.14,2,19,0.68
257.52,30.374667,130.96007,0.14,2,19,0.68
257.59,30.374667,130.96007,0.14,2,19,0.68
257.65,30.374667,130.96007,0.14,2,19,0.68
257.72,30.374667,130.96007,0.14,2,19,0.68
257.78,30.374667,130.96007,0.14,2,19,0.68
257.85,30.374667,130.96007,0.14,2,19,0.68
257.92,30.374667,130.96007,0.14,2,19,0.68
257.98,30.374667,130.96007,0.14,2,19,0.68
258.05,30.374667,130.96007,0.14,2,19,0.68
258.12,30.374667,130.96007,0.14,2,19,0.68
258.18,30.374667,130.96007,0.14,2,19,0.68
258.25,30.374667,130.96007,0.14,2,19,0.68
258.32,30.374667,130.96007,0.14,2,19,0.68
258.38,30.374667,130.96007,0.14,2,19,0.68
258.45,30.374665,130.96007,0.19,2,19,0.68
258.52,30.374665,130.96007,0.19,2,19,0.68
258.58,30.374665,130.96007,0.19,2,19,0.68
258.65,30.374665,130.96007,0.19,2,19,0.68
258.71,30.374665,130.96007,0.19,2,19,0.68
258.78,30.374665,130.96007,0.19,2,19,0.68
258.85,30.374665,130.96007,0.19,2,19,0.68
258.91,30.374665,130.96007,0.19,2,19,0.68
258.98,30.374665,130.96007,0.19,2,19,0.68
259.05,30.374665,130.96007,0.19,2,19,0.68
259.11,30.374665,130.96007,0.19,2,19,0.68
259.18,30.374665,130.96007,0.19,2,19,0.68
259.25,30.374665,130.96007,0.19,2,19,0.68
259.31,30.374665,130.96007,0.19,2,19,0.68
259.38,30.374665,130.96007,0.19,2,19,0.68
259.44,30.374663,130.96007,0.16,2,19,0.68
259.51,30.374663,130.96007,0.16,2,19,0.68
259.58,30.374663,130.96007,0.16,2,19,0.68
259.64,30.374663,130.96007,0.16,2,19,0.68
259.71,30.374663,130.96007,0.16,2,19,0.68
259.78,30.374663,130.96007,0.16,2,19,0.68
259.84,30.374663,130.96007,0.16,2,19,0.68
259.91,30.374663,130.96007,0.16,2,19,0.68
259.97,30.374663,130.96007,0.16,2,19,0.68
260.04,30.374663,130.96007,0.16,2,19,0.68
260.11,30.374663,130.96007,0.16,2,19,0.68
260.17,30.374663,130.96007,0.16,2,19,0.68
260.24,30.374663,130.96007,0.16,2,19,0.68
260.31,30.374663,130.96007,0.16,2,19,0.68
260.37,30.374663,130.96007,0.16,2,19,0.68
260.44,30.374663,130.960072,0.14,2,19,0.68
260.51,30.374663,130.960072,0.14,2,19,0.68
260.57,30.374663,130.960072,0.14,2,19,0.68
260.64,30.374663,130.960072,0.14,2,19,0.68
260.71,30.374663,130.960072,0.14,2,19,0.68
260.77,30.374663,130.960072,0.14,2,19,0.68
260.84,30.374663,130.960072,0.14,2,19,0.68
260.91,30.374663,130.960072,0.14,2,19,0.68
260.97,30.374663,130.960072,0.14,2,19,0.68
261.04,30.374663,130.960072,0.14,2,19,0.68
261.11,30.374663,130.960072,0.14,2,19,0.68
261.17,30.374663,130.960072,0.14,2,19,0.68
261.24,30.374663,130.960072,0.14,2,19,0.68
261.31,30.374663,130.960072,0.14,2,19,0.68
261.38,30.374663,130.960072,0.14,2,19,0.68
261.44,30.374662,130.960073,0.23,2,19,0.68
261.51,30.374662,130.960073,0.23,2,19,0.68
261.58,30.374662,130.960073,0.23,2,19,0.68
261.64,30.374662,130.960073,0.23,2,19,0.68
261.71,30.374662,130.960073,0.23,2,19,0.68
261.78,30.374662,130.960073,0.23,2,19,0.68
261.84,30.374662,130.960073,0.23,2,19,0.68
261.91,30.374662,130.960073,0.23,2,19,0.68
261.98,30.374662,130.960073,0.23,2,19,0.68
262.04,30.374662,130.960073,0.23,2,19,0.68
262.11,30.374662,130.960073,0.23,2,19,0.68
262.19,30.374662,130.960073,0.23,2,19,0.68
262.25,30.374662,130.960073,0.23,2,19,0.68
262.32,30.374662,130.960073,0.23,2,19,0.68
262.39,30.374662,130.960073,0.23,2,19,0.68
262.45,30.37466,130.960075,0.22,2,19,0.68
262.52,30.37466,130.960075,0.22,2,19,0.68
262.58,30.37466,130.960075,0.22,2,19,0.68
262.65,30.37466,130.960075,0.22,2,19,0.68
262.72,30.37466,130.960075,0.22,2,19,0.68
262.78,30.37466,130.960075,0.22,2,19,0.68
262.85,30.37466,130.960075,0.22,2,19,0.68
262.92,30.37466,130.960075,0.22,2,19,0.68
262.98,30.37466,130.960075,0.22,2,19,0.68
263.05,30.37466,130.960075,0.22,2,19,0.68
263.11,30.37466,130.960075,0.22,2,19,0.68
263.18,30.37466,130.960075,0.22,2,19,0.68
263.25,30.37466,130.960075,0.22,2,19,0.68
263.31,30.37466,130.960075,0.22,2,19,0.68
263.38,30.37466,130.960075,0.22,2,19,0.68
263.44,30.374658,130.960077,0.24,2,19,0.68
263.51,30.374658,130.960077,0.24,2,19,0.68
263.58,30.374658,130.960077,0.24,2,19,0.68
263.64,30.374658,130.960077,0.24,2,19,0.68
263.71,30.374658,130.960077,0.24,2,19,0.68
263.78,30.374658,130.960077,0.24,2,19,0.68
263.84,30.374658,130.960077,0.24,2,19,0.68
263.91,30.374658,130.960077,0.24,2,19,0.68
263.97,30.374658,130.960077,0.24,2,19,0.68
264.04,30.374658,130.960077,0.24,2,19,0.68
264.11,30.374658,130.960077,0.24,2,19,0.68
264.17,30.374658,130.960077,0.24,2,19,0.68
264.24,30.374658,130.960077,0.24,2,19,0.68
264.31,30.374658,130.960077,0.24,2,19,0.68
264.37,30.374658,130.960077,0.24,2,19,0.68
264.44,30.374657,130.960078,0.24,2,18,0.7
264.5,30.374657,130.960078,0.24,2,18,0.7
264.57,30.374657,130.960078,0.24,2,18,0.7
264.64,30.374657,130.960078,0.24,2,18,0.7
264.7,30.374657,130.960078,0.24,2,18,0.7
264.77,30.374657,130.960078,0.24,2,18,0.7
264.84,30.374657,130.960078,0.24,2,18,0.7
264.9,30.374657,130.960078,0.24,2,18,0.7
264.97,30.374657,130.960078,0.24,2,18,0.7
265.04,30.374657,130.960078,0.24,2,18,0.7
265.1,30.374657,130.960078,0.24,2,18,0.7
265.17,30.374657,130.960078,0.24,2,18,0.7
265.24,30.374657,130.960078,0.24,2,18,0.7
265.3,30.374657,130.960078,0.24,2,18,0.7
265.37,30.374657,130.960078,0.24,2,18,0.7
265.44,30.374653,130.960078,0.38,2,19,0.68
265.5,30.374653,130.960078,0.38,2,19,0.68
265.57,30.374653,130.960078,0.38,2,19,0.68
265.64,30.374653,130.960078,0.38,2,19,0.68
265.7,30.374653,130.960078,0.38,2,19,0.68
265.77,30.374653,130.960078,0.38,2,19,0.68
265.84,30.374653,130.960078,0.38,2,19,0.68
265.9,30.374653,130.960078,0.38,2,19,0.68
265.97,30.374653,130.960078,0.38,2,19,0.68
266.04,30.374653,130.960078,0.38,2,19,0.68
266.1,30.374653,130.960078,0.38,2,19,0.68
266.17,30.374653,130.960078,0.38,2,19,0.68
266.24,30.374653,130.960078,0.38,2,19,0.68
266.3,30.374653,130.960078,0.38,2,19,0.68
266.37,30.374653,130.960078,0.38,2,19,0.68
266.44,30.374653,130.96008,0.13,2,19,0.68
266.5,30.374653,130.96008,0.13,2,19,0.68
266.57,30.374653,130.96008,0.13,2,19,0.68
266.64,30.374653,130.96008,0.13,2,19,0.68
266.7,30.374653,130.96008,0.13,2,19,0.68
266.77,30.374653,130.96008,0.13,2,19,0.68
266.84,30.374653,130.96008,0.13,2,19,0.68
266.9,30.374653,130.96008,0.13,2,19,0.68
266.97,30.374653,130.96008,0.13,2,19,0.68
267.03,30.374653,130.96008,0.13,2,19,0.68
267.1,30.374653,130.96008,0.13,2,19,0.68
267.17,30.374653,130.96008,0.13,2,19,0.68
267.24,30.374653,130.96008,0.13,2,19,0.68
267.3,30.374653,130.96008,0.13,2,19,0.68
267.37,30.374653,130.96008,0.13,2,19,0.68
267.44,30.374652,130.96008,0.18,2,19,0.68
267.5,30.374652,130.96008,0.18,2,19,0.68
267.57,30.374652,130.96008,0.18,2,19,0.68
267.64,30.374652,130.96008,0.18,2,19,0.68
267.7,30.374652,130.96008,0.18,2,19,0.68
267.77,30.374652,130.96008,0.18,2,19,0.68
267.84,30.374652,130.96008,0.18,2,19,0.68
267.9,30.374652,130.96008,0.18,2,19,0.68
267.97,30.374652,130.96008,0.18,2,19,0.68
268.04,30.374652,130.96008,0.18,2,19,0.68
268.1,30.374652,130.96008,0.18,2,19,0.68
268.17,30.374652,130.96008,0.18,2,19,0.68
268.24,30.374652,130.96008,0.18,2,19,0.68
268.3,30.374652,130.96008,0.18,2,19,0.68
268.37,30.374652,130.96008,0.18,2,19,0.68
268.44,30.374648,130.960083,0.51,2,19,0.68
268.5,30.374648,130.960083,0.51,2,19,0.68
268.57,30.374648,130.960083,0.51,2,19,0.68
268.64,30.374648,130.960083,0.51,2,19,0.68
268.71,30.374648,130.960083,0.51,2,19,0.68
268.77,30.374648,130.960083,0.51,2,19,0.68
268.85,30.374648,130.960083,0.51,2,19,0.68
268.91,30.374648,130.960083,0.51,2,19,0.68
268.98,30.374648,130.960083,0.51,2,19,0.68
269.04,30.374648,130.960083,0.51,2,19,0.68
269.11,30.374648,130.960083,0.51,2,19,0.68
269.18,30.374648,130.960083,0.51,2,19,0.68
269.24,30.374648,130.960083,0.51,2,19,0.68
269.31,30.374648,130.960083,0.51,2,19,0.68
269.38,30.374648,130.960083,0.51,2,19,0.68
269.44,30.374647,130.960085,0.27,2,19,0.68
269.51,30.374647,130.960085,0.27,2,19,0.68
269.57,30.374647,130.960085,0.27,2,19,0.68
269.64,30.374647,130.960085,0.27,2,19,0.68
269.71,30.374647,130.960085,0.27,2,19,0.68
269.77,30.374647,130.960085,0.27,2,19,0.68
269.84,30.374647,130.960085,0.27,2,19,0.68
269.9,30.374647,130.960085,0.27,2,19,0.68
269.97,30.374647,130.960085,0.27,2,19,0.68
270.04,30.374647,130.960085,0.27,2,19,0.68
270.1,30.374647,130.960085,0.27,2,19,0.68
270.17,30.374647,130.960085,0.27,2,19,0.68
270.24,30.374647,130.960085,0.27,2,19,0.68
270.3,30.374647,130.960085,0.27,2,19,0.68
270.37,30.374647,130.960085,0.27,2,19,0.68
270.44,30.374645,130.960085,0.18,2,19,0.68
270.5,30.374645,130.960085,0.18,2,19,0.68
270.57,30.374645,130.960085,0.18,2,19,0.68
270.63,30.374645,130.960085,0.18,2,19,0.68
270.7,30.374645,130.960085,0.18,2,19,0.68
270.77,30.374645,130.960085,0.18,2,19,0.68
270.83,30.374645,130.960085,0.18,2,19,0.68
270.9,30.374645,130.960085,0.18,2,19,0.68
270.97,30.374645,130.960085,0.18,2,19,0.68
271.03,30.374645,130.960085,0.18,2,19,0.68
271.1,30.374645,130.960085,0.18,2,19,0.68
271.17,30.374645,130.960085,0.18,2,19,0.68
271.24,30.374645,130.960085,0.18,2,19,0.68
271.31,30.374645,130.960085,0.18,2,19,0.68
271.37,30.374645,130.960085,0.18,2,19,0.68
271.44,30.374642,130.960088,0.5,2,19,0.68
271.51,30.374642,130.960088,0.5,2,19,0.68
271.57,30.374642,130.960088,0.5,2,19,0.68
271.64,30.374642,130.960088,0.5,2,19,0.68
271.7,30.374642,130.960088,0.5,2,19,0.68
271.77,30.374642,130.960088,0.5,2,19,0.68
271.83,30.374642,130.960088,0.5,2,19,0.68
271.9,30.374642,130.960088,0.5,2,19,0.68
271.97,30.374642,130.960088,0.5,2,19,0.68
272.03,30.374642,130.960088,0.5,2,19,0.68
272.1,30.374642,130.960088,0.5,2,19,0.68
272.16,30.374642,130.960088,0.5,2,19,0.68
272.23,30.374642,130.960088,0.5,2,19,0.68
272.3,30.374642,130.960088,0.5,2,19,0.68
272.36,30.374642,130.960088,0.5,2,19,0.68
272.43,30.37464,130.96009,0.27,2,19,0.68
272.5,30.37464,130.96009,0.27,2,19,0.68
272.56,30.37464,130.96009,0.27,2,19,0.68
272.63,30.37464,130.96009,0.27,2,19,0.68
272.7,30.37464,130.96009,0.27,2,19,0.68
272.76,30.37464,130.96009,0.27,2,19,0.68
272.83,30.37464,130.96009,0.27,2,19,0.68
272.89,30.37464,130.96009,0.27,2,19,0.68
272.96,30.37464,130.96009,0.27,2,19,0.68
273.03,30.37464,130.96009,0.27,2,19,0.68
273.09,30.37464,130.96009,0.27,2,19,0.68
273.16,30.37464,130.96009,0.27,2,19,0.68
273.23,30.37464,130.96009,0.27,2,19,0.68
273.3,30.37464,130.96009,0.27,2,19,0.68
273.36,30.37464,130.96009,0.27,2,19,0.68
273.43,30.374638,130.96009,0.19,2,19,0.68
273.49,30.374638,130.96009,0.19,2,19,0.68
273.56,30.374638,130.96009,0.19,2,19,0.68
273.63,30.374638,130.96009,0.19,2,19,0.68
273.69,30.374638,130.96009,0.19,2,19,0.68
273.76,30.374638,130.96009,0.19,2,19,0.68
273.83,30.374638,130.96009,0.19,2,19,0.68
273.89,30.374638,130.96009,0.19,2,19,0.68
273.96,30.374638,130.96009,0.19,2,19,0.68
274.03,30.374638,130.96009,0.19,2,19,0.68
274.09,30.374638,130.96009,0.19,2,19,0.68
274.16,30.374638,130.96009,0.19,2,19,0.68
274.23,30.374638,130.96009,0.19,2,19,0.68
274.29,30.374638,130.96009,0.19,2,19,0.68
274.36,30.374638,130.96009,0.19,2,19,0.68
274.43,30.374638,130.96009,0.19,2,19,0.68
274.49,30.374638,130.96009,0.0,2,19,0.68
274.56,30.374638,130.96009,0.0,2,19,0.68
274.63,30.374638,130.96009,0.0,2,19,0.68
274.69,30.374638,130.96009,0.0,2,19,0.68
274.76,30.374638,130.96009,0.0,2,19,0.68
274.83,30.374638,130.96009,0.0,2,19,0.68
274.89,30.374638,130.96009,0.0,2,19,0.68
274.96,30.374638,130.96009,0.0,2,19,0.68
275.02,30.374638,130.96009,0.0,2,19,0.68
275.09,30.374638,130.96009,0.0,2,19,0.68
275.16,30.374638,130.96009,0.0,2,19,0.68
275.22,30.374638,130.96009,0.0,2,19,0.68
275.29,30.374638,130.96009,0.0,2,19,0.68
275.36,30.374638,130.96009,0.0,2,19,0.68
275.42,30.374637,130.96009,0.13,2,19,0.68
275.49,30.374637,130.96009,0.13,2,19,0.68
275.56,30.374637,130.96009,0.13,2,19,0.68
275.62,30.374637,130.96009,0.13,2,19,0.68
275.69,30.374637,130.96009,0.13,2,19,0.68
275.76,30.374637,130.96009,0.13,2,19,0.68
275.82,30.374637,130.96009,0.13,2,19,0.68
275.89,30.374637,130.96009,0.13,2,19,0.68
275.96,30.374637,130.96009,0.13,2,19,0.68
276.02,30.374637,130.96009,0.13,2,19,0.68
276.09,30.374637,130.96009,0.13,2,19,0.68
276.16,30.374637,130.96009,0.13,2,19,0.68
276.22,30.374637,130.96009,0.13,2,19,0.68
276.29,30.374637,130.96009,0.13,2,19,0.68
276.36,30.374637,130.96009,0.13,2,19,0.68
276.42,30.374637,130.96009,0.0,2,19,0.68
276.49,30.374637,130.96009,0.0,2,19,0.68
276.56,30.374637,130.96009,0.0,2,19,0.68
276.62,30.374637,130.96009,0.0,2,19,0.68
276.69,30.374637,130.96009,0.0,2,19,0.68
276.76,30.374637,130.96009,0.0,2,19,0.68
276.82,30.374637,130.96009,0.0,2,19,0.68
276.89,30.374637,130.96009,0.0,2,19,0.68
276.96,30.374637,130.96009,0.0,2,19,0.68
277.02,30.374637,130.96009,0.0,2,19,0.68
277.09,30.374637,130.96009,0.0,2,19,0.68
277.16,30.374637,130.96009,0.0,2,19,0.68
277.23,30.374637,130.96009,0.0,2,19,0.68
277.29,30.374637,130.96009,0.0,2,19,0.68
277.36,30.374637,130.96009,0.0,2,19,0.68
277.43,30.374635,130.96009,0.19,2,19,0.68
277.49,30.374635,130.96009,0.19,2,19,0.68
277.56,30.374635,130.96009,0.19,2,19,0.68
277.63,30.374635,130.96009,0.19,2,19,0.68
277.69,30.374635,130.96009,0.19,2,19,0.68
277.76,30.374635,130.96009,0.19,2,19,0.68
277.84,30.374635,130.96009,0.19,2,19,0.68
277.9,30.374635,130.96009,0.19,2,19,0.68
277.97,30.374635,130.96009,0.19,2,19,0.68
278.03,30.374635,130.96009,0.19,2,19,0.68
278.1,30.374635,130.96009,0.19,2,19,0.68
278.17,30.374635,130.96009,0.19,2,19,0.68
278.23,30.374635,130.96009,0.19,2,19,0.68
278.3,30.374635,130.96009,0.19,2,19,0.68
278.37,30.374635,130.96009,0.19,2,19,0.68
278.43,30.374635,130.96009,0.19,2,19,0.68
278.5,30.374635,130.96009,0.09,2,19,0.68
278.57,30.374635,130.96009,0.09,2,19,0.68
278.63,30.374635,130.96009,0.09,2,19,0.68
278.7,30.374635,130.96009,0.09,2,19,0.68
278.76,30.374635,130.96009,0.09,2,19,0.68
278.83,30.374635,130.96009,0.09,2,19,0.68
278.9,30.374635,130.96009,0.09,2,19,0.68
278.96,30.374635,130.96009,0.09,2,19,0.68
279.03,30.374635,130.96009,0.09,2,19,0.68
279.1,30.374635,130.96009,0.09,2,19,0.68
279.16,30.374635,130.96009,0.09,2,19,0.68
279.23,30.374635,130.96009,0.09,2,19,0.68
279.3,30.374635,130.96009,0.09,2,19,0.68
279.36,30.374635,130.96009,0.09,2,19,0.68
279.43,30.374635,130.960092,0.18,2,19,0.68
279.5,30.374635,130.960092,0.18,2,19,0.68
279.56,30.374635,130.960092,0.18,2,19,0.68
279.63,30.374635,130.960092,0.18,2,19,0.68
279.69,30.374635,130.960092,0.18,2,19,0.68
279.76,30.374635,130.960092,0.18,2,19,0.68
279.83,30.374635,130.960092,0.18,2,19,0.68
279.89,30.374635,130.960092,0.18,2,19,0.68
279.96,30.374635,130.960092,0.18,2,19,0.68
280.03,30.374635,130.960092,0.18,2,19,0.68
280.09,30.374635,130.960092,0.18,2,19,0.68
280.16,30.374635,130.960092,0.18,2,19,0.68
280.22,30.374635,130.960092,0.18,2,19,0.68
280.29,30.374635,130.960092,0.18,2,19,0.68
280.36,30.374635,130.960092,0.18,2,19,0.68
280.43,30.374635,130.96009,0.19,2,19,0.68
280.49,30.374635,130.96009,0.19,2,19,0.68
280.56,30.374635,130.96009,0.19,2,19,0.68
280.62,30.374635,130.96009,0.19,2,19,0.68
280.69,30.374635,130.96009,0.19,2,19,0.68
280.76,30.374635,130.96009,0.19,2,19,0.68
280.82,30.374635,130.96009,0.19,2,19,0.68
280.89,30.374635,130.96009,0.19,2,19,0.68
280.96,30.374635,130.96009,0.19,2,19,0.68
281.02,30.374635,130.96009,0.19,2,19,0.68
281.09,30.374635,130.96009,0.19,2,19,0.68
281.16,30.374635,130.96009,0.19,2,19,0.68
281.22,30.374635,130.96009,0.19,2,19,0.68
281.29,30.374635,130.96009,0.19,2,19,0.68
281.36,30.374635,130.96009,0.19,2,19,0.68
281.42,30.374633,130.96009,0.19,2,19,0.68
281.49,30.374633,130.96009,0.19,2,19,0.68
281.56,30.374633,130.96009,0.19,2,19,0.68
281.62,30.374633,130.96009,0.19,2,19,0.68
281.69,30.374633,130.96009,0.19,2,19,0.68
281.76,30.374633,130.96009,0.19,2,19,0.68
281.82,30.374633,130.96009,0.19,2,19,0.68
281.89,30.374633,130.96009,0.19,2,19,0.68
281.96,30.374633,130.96009,0.19,2,19,0.68
282.02,30.374633,130.96009,0.19,2,19,0.68
282.09,30.374633,130.96009,0.19,2,19,0.68
282.16,30.374633,130.96009,0.19,2,19,0.68
282.22,30.374633,130.96009,0.19,2,19,0.68
282.29,30.374633,130.96009,0.19,2,19,0.68
282.36,30.374633,130.96009,0.19,2,19,0.68
282.43,30.374633,130.96009,0.0,2,19,0.68
282.49,30.374633,130.96009,0.0,2,19,0.68
282.56,30.374633,130.96009,0.0,2,19,0.68
282.63,30.374633,130.96009,0.0,2,19,0.68
282.69,30.374633,130.96009,0.0,2,19,0.68
282.76,30.374633,130.96009,0.0,2,19,0.68
282.83,30.374633,130.96009,0.0,2,19,0.68
282.9,30.374633,130.96009,0.0,2,19,0.68
282.96,30.374633,130.96009,0.0,2,19,0.68
283.03,30.374633,130.96009,0.0,2,19,0.68
283.1,30.374633,130.96009,0.0,2,19,0.68
283.16,30.374633,130.96009,0.0,2,19,0.68
283.23,30.374633,130.96009,0.0,2,19,0.68
283.3,30.374633,130.96009,0.0,2,19,0.68
283.36,30.374633,130.96009,0.0,2,19,0.68
283.43,30.374633,130.96009,0.0,2,19,0.68
283.5,30.374633,130.96009,0.0,2,19,0.68
283.57,30.374633,130.96009,0.0,2,19,0.68
283.63,30.374633,130.96009,0.0,2,19,0.68
283.7,30.374633,130.96009,0.0,2,19,0.68
283.77,30.374633,130.96009,0.0,2,19,0.68
283.83,30.374633,130.96009,0.0,2,19,0.68
283.9,30.374633,130.96009,0.0,2,19,0.68
283.97,30.374633,130.96009,0.0,2,19,0.68
284.03,30.374633,130.96009,0.0,2,19,0.68
284.1,30.374633,130.96009,0.0,2,19,0.68
284.17,30.374633,130.96009,0.0,2,19,0.68
284.23,30.374633,130.96009,0.0,2,19,0.68
284.3,30.374633,130.96009,0.0,2,19,0.68
284.37,30.374633,130.96009,0.0,2,19,0.68
284.44,30.374633,130.96009,0.0,2,19,0.68
284.51,30.374633,130.96009,0.0,2,19,0.68
284.58,30.374633,130.96009,0.0,2,19,0.68
284.64,30.374633,130.96009,0.0,2,19,0.68
284.71,30.374633,130.96009,0.0,2,19,0.68
284.77,30.374633,130.96009,0.0,2,19,0.68
284.84,30.374633,130.96009,0.0,2,19,0.68
284.91,30.374633,130.96009,0.0,2,19,0.68
284.97,30.374633,130.96009,0.0,2,19,0.68
285.04,30.374633,130.96009,0.0,2,19,0.68
285.11,30.374633,130.96009,0.0,2,19,0.68
285.17,30.374633,130.96009,0.0,2,19,0.68
285.24,30.374633,130.96009,0.0,2,19,0.68
285.31,30.374633,130.96009,0.0,2,19,0.68
285.37,30.374633,130.96009,0.0,2,19,0.68
285.44,30.374633,130.96009,0.0,2,19,0.68
285.5,30.374633,130.96009,0.0,2,19,0.68
285.57,30.374633,130.96009,0.0,2,19,0.68
285.64,30.374633,130.96009,0.0,2,19,0.68
285.7,30.374633,130.96009,0.0,2,19,0.68
285.77,30.374633,130.96009,0.0,2,19,0.68
285.84,30.374633,130.96009,0.0,2,19,0.68
285.9,30.374633,130.96009,0.0,2,19,0.68
285.97,30.374633,130.96009,0.0,2,19,0.68
286.03,30.374633,130.96009,0.0,2,19,0.68
286.1,30.374633,130.96009,0.0,2,19,0.68
286.17,30.374633,130.96009,0.0,2,19,0.68
286.23,30.374633,130.96009,0.0,2,19,0.68
286.3,30.374633,130.96009,0.0,2,19,0.68
286.37,30.374633,130.96009,0.0,2,19,0.68
286.44,30.374633,130.96009,0.0,2,19,0.68
286.5,30.374633,130.96009,0.0,2,19,0.68
286.57,30.374633,130.96009,0.0,2,19,0.68
286.64,30.374633,130.96009,0.0,2,19,0.68
286.7,30.374633,130.96009,0.0,2,19,0.68
286.77,30.374633,130.96009,0.0,2,19,0.68
286.84,30.374633,130.96009,0.0,2,19,0.68
286.9,30.374633,130.96009,0.0,2,19,0.68
286.97,30.374633,130.96009,0.0,2,19,0.68
287.04,30.374633,130.96009,0.0,2,19,0.68
287.1,30.374633,130.96009,0.0,2,19,0.68
287.17,30.374633,130.96009,0.0,2,19,0.68
287.24,30.374633,130.96009,0.0,2,19,0.68
287.3,30.374633,130.96009,0.0,2,19,0.68
287.37,30.374633,130.96009,0.0,2,19,0.68
287.44,30.374632,130.960088,0.24,2,19,0.68
287.5,30.374632,130.960088,0.24,2,19,0.68
287.57,30.374632,130.960088,0.24,2,19,0.68
287.64,30.374632,130.960088,0.24,2,19,0.68
287.7,30.374632,130.960088,0.24,2,19,0.68
287.77,30.374632,130.960088,0.24,2,19,0.68
287.84,30.374632,130.960088,0.24,2,19,0.68
287.9,30.374632,130.960088,0.24,2,19,0.68
287.97,30.374632,130.960088,0.24,2,19,0.68
288.03,30.374632,130.960088,0.24,2,19,0.68
288.1,30.374632,130.960088,0.24,2,19,0.68
288.17,30.374632,130.960088,0.24,2,19,0.68
288.23,30.374632,130.960088,0.24,2,19,0.68
288.3,30.374632,130.960088,0.24,2,19,0.68
288.37,30.374632,130.960088,0.24,2,19,0.68
288.44,30.374632,130.96009,0.19,2,19,0.68
288.5,30.374632,130.96009,0.19,2,19,0.68
288.57,30.374632,130.96009,0.19,2,19,0.68
288.64,30.374632,130.96009,0.19,2,19,0.68
288.7,30.374632,130.96009,0.19,2,19,0.68
288.77,30.374632,130.96009,0.19,2,19,0.68
288.84,30.374632,130.96009,0.19,2,19,0.68
288.9,30.374632,130.96009,0.19,2,19,0.68
288.97,30.374632,130.96009,0.19,2,19,0.68
289.04,30.374632,130.96009,0.19,2,19,0.68
289.1,30.374632,130.96009,0.19,2,19,0.68
289.17,30.374632,130.96009,0.19,2,19,0.68
289.24,30.374632,130.96009,0.19,2,19,0.68
289.3,30.374632,130.96009,0.19,2,19,0.68
289.37,30.374632,130.96009,0.19,2,19,0.68
289.44,30.374632,130.96009,0.0,2,19,0.68
289.5,30.374632,130.96009,0.0,2,19,0.68
289.57,30.374632,130.96009,0.0,2,19,0.68
289.64,30.374632,130.96009,0.0,2,19,0.68
289.7,30.374632,130.96009,0.0,2,19,0.68
289.77,30.374632,130.96009,0.0,2,19,0.68
289.84,30.374632,130.96009,0.0,2,19,0.68
289.9,30.374632,130.96009,0.0,2,19,0.68
289.97,30.374632,130.96009,0.0,2,19,0.68
290.04,30.374632,130.96009,0.0,2,19,0.68
290.1,30.374632,130.96009,0.0,2,19,0.68
290.17,30.374632,130.96009,0.0,2,19,0.68
290.24,30.374632,130.96009,0.0,2,19,0.68
290.31,30.374632,130.96009,0.0,2,19,0.68
290.37,30.374632,130.96009,0.0,2,19,0.68
290.44,30.374632,130.96009,0.0,2,19,0.68
290.51,30.374632,130.96009,0.0,2,19,0.68
290.57,30.374632,130.96009,0.0,2,19,0.68
290.64,30.374632,130.96009,0.0,2,19,0.68
290.71,30.374632,130.96009,0.0,2,19,0.68
290.78,30.374632,130.96009,0.0,2,19,0.68
290.85,30.374632,130.96009,0.0,2,19,0.68
290.92,30.374632,130.96009,0.0,2,19,0.68
290.99,30.374632,130.96009,0.0,2,19,0.68
291.05,30.374632,130.96009,0.0,2,19,0.68
291.12,30.374632,130.96009,0.0,2,19,0.68
291.18,30.374632,130.96009,0.0,2,19,0.68
291.25,30.374632,130.96009,0.0,2,19,0.68
291.32,30.374632,130.96009,0.0,2,19,0.68
291.38,30.374632,130.96009,0.0,2,19,0.68
291.45,30.374632,130.96009,0.0,2,19,0.68
291.52,30.374632,130.96009,0.0,2,19,0.68
291.58,30.374632,130.96009,0.0,2,19,0.68
291.65,30.374632,130.96009,0.0,2,19,0.68
291.71,30.374632,130.96009,0.0,2,19,0.68
291.78,30.374632,130.96009,0.0,2,19,0.68
291.85,30.374632,130.96009,0.0,2,19,0.68
291.91,30.374632,130.96009,0.0,2,19,0.68
291.98,30.374632,130.96009,0.0,2,19,0.68
292.05,30.374632,130.96009,0.0,2,19,0.68
292.11,30.374632,130.96009,0.0,2,19,0.68
292.18,30.374632,130.96009,0.0,2,19,0.68
292.25,30.374632,130.96009,0.0,2,19,0.68
292.31,30.374632,130.96009,0.0,2,19,0.68
292.38,30.374632,130.96009,0.0,2,19,0.68
292.45,30.374632,130.96009,0.0,2,19,0.68
292.51,30.374632,130.96009,0.0,2,19,0.68
292.58,30.374632,130.96009,0.0,2,19,0.68
292.65,30.374632,130.96009,0.0,2,19,0.68
292.71,30.374632,130.96009,0.0,2,19,0.68
292.78,30.374632,130.96009,0.0,2,19,0.68
292.84,30.374632,130.96009,0.0,2,19,0.68
292.91,30.374632,130.96009,0.0,2,19,0.68
292.98,30.374632,130.96009,0.0,2,19,0.68
293.04,30.374632,130.96009,0.0,2,19,0.68
293.11,30.374632,130.96009,0.0,2,19,0.68
293.18,30.374632,130.96009,0.0,2,19,0.68
293.24,30.374632,130.96009,0.0,2,19,0.68
293.31,30.374632,130.96009,0.0,2,19,0.68
293.38,30.374632,130.96009,0.0,2,19,0.68
293.45,30.374632,130.96009,0.0,2,19,0.68
293.51,30.374632,130.96009,0.0,2,19,0.68
293.58,30.374632,130.96009,0.0,2,19,0.68
293.65,30.374632,130.96009,0.0,2,19,0.68
293.71,30.374632,130.96009,0.0,2,19,0.68
293.78,30.374632,130.96009,0.0,2,19,0.68
293.85,30.374632,130.96009,0.0,2,19,0.68
293.91,30.374632,130.96009,0.0,2,19,0.68
293.98,30.374632,130.96009,0.0,2,19,0.68
294.04,30.374632,130.96009,0.0,2,19,0.68
294.11,30.374632,130.96009,0.0,2,19,0.68
294.18,30.374632,130.96009,0.0,2,19,0.68
294.25,30.374632,130.96009,0.0,2,19,0.68
294.31,30.374632,130.96009,0.0,2,19,0.68
294.38,30.374632,130.96009,0.0,2,19,0.68
294.45,30.374632,130.96009,0.0,2,19,0.68
294.51,30.374632,130.96009,0.0,2,19,0.68
294.58,30.374632,130.96009,0.0,2,19,0.68
294.65,30.374632,130.96009,0.0,2,19,0.68
294.71,30.374632,130.96009,0.0,2,19,0.68
294.78,30.374632,130.96009,0.0,2,19,0.68
294.85,30.374632,130.96009,0.0,2,19,0.68
294.91,30.374632,130.96009,0.0,2,19,0.68
294.98,30.374632,130.96009,0.0,2,19,0.68
295.05,30.374632,130.96009,0.0,2,19,0.68
295.11,30.374632,130.96009,0.0,2,19,0.68
295.18,30.374632,130.96009,0.0,2,19,0.68
295.25,30.374632,130.96009,0.0,2,19,0.68
295.32,30.374632,130.96009,0.0,2,19,0.68
295.38,30.374632,130.96009,0.0,2,19,0.68
295.45,30.374632,130.96009,0.0,2,19,0.68
295.52,30.374632,130.96009,0.0,2,19,0.68
295.58,30.374632,130.96009,0.0,2,19,0.68
295.65,30.374632,130.96009,0.0,2,19,0.68
295.72,30.374632,130.96009,0.0,2,19,0.68
295.78,30.374632,130.96009,0.0,2,19,0.68
295.85,30.374632,130.96009,0.0,2,19,0.68
295.92,30.374632,130.96009,0.0,2,19,0.68
295.98,30.374632,130.96009,0.0,2,19,0.68
296.05,30.374632,130.96009,0.0,2,19,0.68
296.12,30.374632,130.96009,0.0,2,19,0.68
296.19,30.374632,130.96009,0.0,2,19,0.68
296.25,30.374632,130.96009,0.0,2,19,0.68
296.32,30.374632,130.96009,0.0,2,19,0.68
296.39,30.374632,130.96009,0.0,2,19,0.68
296.45,30.374632,130.96009,0.0,2,19,0.65
296.52,30.374632,130.96009,0.0,2,19,0.65
296.59,30.374632,130.96009,0.0,2,19,0.65
296.65,30.374632,130.96009,0.0,2,19,0.65
296.72,30.374632,130.96009,0.0,2,19,0.65
296.79,30.374632,130.96009,0.0,2,19,0.65
296.85,30.374632,130.96009,0.0,2,19,0.65
296.92,30.374632,130.96009,0.0,2,19,0.65
296.99,30.374632,130.96009,0.0,2,19,0.65
297.06,30.374632,130.96009,0.0,2,19,0.65
297.12,30.374632,130.96009,0.0,2,19,0.65
297.19,30.374632,130.96009,0.0,2,19,0.65
297.26,30.374632,130.96009,0.0,2,19,0.65
297.32,30.374632,130.96009,0.0,2,19,0.65
297.39,30.374632,130.96009,0.0,2,19,0.65
297.46,30.374632,130.96009,0.0,2,19,0.68
297.53,30.374632,130.96009,0.0,2,19,0.68
297.6,30.374632,130.96009,0.0,2,19,0.68
297.66,30.374632,130.96009,0.0,2,19,0.68
297.73,30.374632,130.96009,0.0,2,19,0.68
297.8,30.374632,130.96009,0.0,2,19,0.68
297.86,30.374632,130.96009,0.0,2,19,0.68
297.93,30.374632,130.96009,0.0,2,19,0.68
297.99,30.374632,130.96009,0.0,2,19,0.68
298.06,30.374632,130.96009,0.0,2,19,0.68
298.13,30.374632,130.96009,0.0,2,19,0.68
298.2,30.374632,130.96009,0.0,2,19,0.68
298.26,30.374632,130.96009,0.0,2,19,0.68
298.33,30.374632,130.96009,0.0,2,19,0.68
298.39,30.374632,130.96009,0.0,2,19,0.68
298.46,30.374632,130.96009,0.0,2,19,0.65
298.53,30.374632,130.96009,0.0,2,19,0.65
298.59,30.374632,130.96009,0.0,2,19,0.65
298.66,30.374632,130.96009,0.0,2,19,0.65
298.73,30.374632,130.96009,0.0,2,19,0.65
298.79,30.374632,130.96009,0.0,2,19,0.65
298.86,30.374632,130.96009,0.0,2,19,0.65
298.93,30.374632,130.96009,0.0,2,19,0.65
298.99,30.374632,130.96009,0.0,2,19,0.65
299.06,30.374632,130.96009,0.0,2,19,0.65
299.13,30.374632,130.96009,0.0,2,19,0.65
299.19,30.374632,130.96009,0.0,2,19,0.65
299.26,30.374632,130.96009,0.0,2,19,0.65
299.33,30.374632,130.96009,0.0,2,19,0.65
299.39,30.374632,130.96009,0.0,2,19,0.65
299.46,30.374632,130.96009,0.0,2,19,0.68
299.53,30.374632,130.96009,0.0,2,19,0.68
299.59,30.374632,130.96009,0.0,2,19,0.68
299.66,30.374632,130.96009,0.0,2,19,0.68
299.73,30.374632,130.96009,0.0,2,19,0.68
299.79,30.374632,130.96009,0.0,2,19,0.68
299.86,30.374632,130.96009,0.0,2,19,0.68
299.92,30.374632,130.96009,0.0,2,19,0.68
299.99,30.374632,130.96009,0.0,2,19,0.68
300.06,30.374632,130.96009,0.0,2,19,0.68
300.12,30.374632,130.96009,0.0,2,19,0.68
300.19,30.374632,130.96009,0.0,2,19,0.68
300.26,30.374632,130.96009,0.0,2,19,0.68
300.32,30.374632,130.96009,0.0,2,19,0.68
300.39,30.374632,130.96009,0.0,2,19,0.68
300.46,30.374632,130.96009,0.0,2,19,0.65
300.52,30.374632,130.96009,0.0,2,19,0.65
300.59,30.374632,130.96009,0.0,2,19,0.65
300.66,30.374632,130.96009,0.0,2,19,0.65
300.72,30.374632,130.96009,0.0,2,19,0.65
300.79,30.374632,130.96009,0.0,2,19,0.65
300.86,30.374632,130.96009,0.0,2,19,0.65
300.92,30.374632,130.96009,0.0,2,19,0.65
300.99,30.374632,130.96009,0.0,2,19,0.65
301.06,30.374632,130.96009,0.0,2,19,0.65
301.12,30.374632,130.96009,0.0,2,19,0.65
301.19,30.374632,130.96009,0.0,2,19,0.65
301.26,30.374632,130.96009,0.0,2,19,0.65
301.32,30.374632,130.96009,0.0,2,19,0.65
301.39,30.374632,130.96009,0.0,2,19,0.65
301.46,30.374632,130.96009,0.0,2,19,0.68
301.52,30.374632,130.96009,0.0,2,19,0.68
301.59,30.374632,130.96009,0.0,2,19,0.68
301.66,30.374632,130.96009,0.0,2,19,0.68
301.73,30.374632,130.96009,0.0,2,19,0.68
301.79,30.374632,130.96009,0.0,2,19,0.68
301.86,30.374632,130.96009,0.0,2,19,0.68
301.93,30.374632,130.96009,0.0,2,19,0.68
301.99,30.374632,130.96009,0.0,2,19,0.68
302.06,30.374632,130.96009,0.0,2,19,0.68
302.13,30.374632,130.96009,0.0,2,19,0.68
302.19,30.374632,130.96009,0.0,2,19,0.68
302.26,30.374632,130.96009,0.0,2,19,0.68
302.33,30.374632,130.96009,0.0,2,19,0.68
302.39,30.374632,130.96009,0.0,2,19,0.68
302.46,30.374632,130.96009,0.0,2,19,0.65
302.53,30.374632,130.96009,0.0,2,19,0.65
302.6,30.374632,130.96009,0.0,2,19,0.65
302.66,30.374632,130.96009,0.0,2,19,0.65
302.73,30.374632,130.96009,0.0,2,19,0.65
302.8,30.374632,130.96009,0.0,2,19,0.65
302.86,30.374632,130.96009,0.0,2,19,0.65
302.93,30.374632,130.96009,0.0,2,19,0.65
303.0,30.374632,130.96009,0.0,2,19,0.65
303.07,30.374632,130.96009,0.0,2,19,0.65
303.13,30.374632,130.96009,0.0,2,19,0.65
303.2,30.374632,130.96009,0.0,2,19,0.65
303.27,30.374632,130.96009,0.0,2,19,0.65
303.33,30.374632,130.96009,0.0,2,19,0.65
303.4,30.374632,130.96009,0.0,2,19,0.65
303.47,30.374632,130.96009,0.0,2,19,0.68
303.53,30.374632,130.96009,0.0,2,19,0.68
303.6,30.374632,130.96009,0.0,2,19,0.68
303.67,30.374632,130.96009,0.0,2,19,0.68
303.74,30.374632,130.96009,0.0,2,19,0.68
303.8,30.374632,130.96009,0.0,2,19,0.68
303.87,30.374632,130.96009,0.0,2,19,0.68
303.94,30.374632,130.96009,0.0,2,19,0.68
304.01,30.374632,130.96009,0.0,2,19,0.68
304.08,30.374632,130.96009,0.0,2,19,0.68
304.15,30.374632,130.96009,0.0,2,19,0.68
304.21,30.374632,130.96009,0.0,2,19,0.68
304.28,30.374632,130.96009,0.0,2,19,0.68
304.35,30.374632,130.96009,0.0,2,19,0.68
304.41,30.374632,130.96009,0.0,2,19,0.68
304.48,30.374632,130.96009,0.0,2,19,0.68
304.54,30.374632,130.96009,0.0,2,19,0.68
304.61,30.374632,130.96009,0.0,2,19,0.68
304.68,30.374632,130.96009,0.0,2,19,0.68
304.74,30.374632,130.96009,0.0,2,19,0.68
304.81,30.374632,130.96009,0.0,2,19,0.68
304.88,30.374632,130.96009,0.0,2,19,0.68
304.94,30.374632,130.96009,0.0,2,19,0.68
305.01,30.374632,130.96009,0.0,2,19,0.68
305.08,30.374632,130.96009,0.0,2,19,0.68
305.14,30.374632,130.96009,0.0,2,19,0.68
305.21,30.374632,130.96009,0.0,2,19,0.68
305.28,30.374632,130.96009,0.0,2,19,0.68
305.34,30.374632,130.96009,0.0,2,19,0.68
305.41,30.374632,130.96009,0.0,2,19,0.68
305.48,30.374632,130.96009,0.0,2,19,0.68
305.54,30.374632,130.96009,0.0,2,19,0.68
305.61,30.374632,130.96009,0.0,2,19,0.68
305.68,30.374632,130.96009,0.0,2,19,0.68
305.74,30.374632,130.96009,0.0,2,19,0.68
305.81,30.374632,130.96009,0.0,2,19,0.68
305.88,30.374632,130.96009,0.0,2,19,0.68
305.94,30.374632,130.96009,0.0,2,19,0.68
306.01,30.374632,130.96009,0.0,2,19,0.68
306.08,30.374632,130.96009,0.0,2,19,0.68
306.14,30.374632,130.96009,0.0,2,19,0.68
306.21,30.374632,130.96009,0.0,2,19,0.68
306.28,30.374632,130.96009,0.0,2,19,0.68
306.34,30.374632,130.96009,0.0,2,19,0.68
306.41,30.374632,130.96009,0.0,2,19,0.68
306.48,30.374632,130.96009,0.0,2,19,0.68
306.54,30.374632,130.96009,0.0,2,19,0.68
306.61,30.374632,130.96009,0.0,2,19,0.68
306.68,30.374632,130.96009,0.0,2,19,0.68
306.74,30.374632,130.96009,0.0,2,19,0.68
306.81,30.374632,130.96009,0.0,2,19,0.68
306.88,30.374632,130.96009,0.0,2,19,0.68
306.94,30.374632,130.96009,0.0,2,19,0.68
307.01,30.374632,130.96009,0.0,2,19,0.68
307.08,30.374632,130.96009,0.0,2,19,0.68
307.14,30.374632,130.96009,0.0,2,19,0.68
307.21,30.374632,130.96009,0.0,2,19,0.68
307.28,30.374632,130.96009,0.0,2,19,0.68
307.34,30.374632,130.96009,0.0,2,19,0.68
307.41,30.374632,130.96009,0.0,2,19,0.68
307.48,30.374632,130.96009,0.0,2,19,0.65
307.54,30.374632,130.96009,0.0,2,19,0.65
307.61,30.374632,130.96009,0.0,2,19,0.65
307.68,30.374632,130.96009,0.0,2,19,0.65
307.75,30.374632,130.96009,0.0,2,19,0.65
307.82,30.374632,130.96009,0.0,2,19,0.65
307.88,30.374632,130.96009,0.0,2,19,0.65
307.95,30.374632,130.96009,0.0,2,19,0.65
308.01,30.374632,130.96009,0.0,2,19,0.65
308.08,30.374632,130.96009,0.0,2,19,0.65
308.15,30.374632,130.96009,0.0,2,19,0.65
308.21,30.374632,130.96009,0.0,2,19,0.65
308.28,30.374632,130.96009,0.0,2,19,0.65
308.34,30.374632,130.96009,0.0,2,19,0.65
308.41,30.374632,130.96009,0.0,2,19,0.65
308.48,30.374632,130.96009,0.0,2,19,0.65
308.54,30.374632,130.96009,0.0,2,19,0.65
308.61,30.374632,130.96009,0.0,2,19,0.65
308.68,30.374632,130.96009,0.0,2,19,0.65
308.74,30.374632,130.96009,0.0,2,19,0.65
308.81,30.374632,130.96009,0.0,2,19,0.65
308.87,30.374632,130.96009,0.0,2,19,0.65
308.94,30.374632,130.96009,0.0,2,19,0.65
309.01,30.374632,130.96009,0.0,2,19,0.65
309.07,30.374632,130.96009,0.0,2,19,0.65
309.14,30.374632,130.96009,0.0,2,19,0.65
309.21,30.374632,130.96009,0.0,2,19,0.65
309.27,30.374632,130.96009,0.0,2,19,0.65
309.34,30.374632,130.96009,0.0,2,19,0.65
309.4,30.374632,130.96009,0.0,2,19,0.65
309.47,30.374632,130.96009,0.0,2,19,0.68
309.54,30.374632,130.96009,0.0,2,19,0.68
309.6,30.374632,130.96009,0.0,2,19,0.68
309.67,30.374632,130.96009,0.0,2,19,0.68
309.74,30.374632,130.96009,0.0,2,19,0.68
309.8,30.374632,130.96009,0.0,2,19,0.68
309.87,30.374632,130.96009,0.0,2,19,0.68
309.94,30.374632,130.96009,0.0,2,19,0.68
310.0,30.374632,130.96009,0.0,2,19,0.68
310.07,30.374632,130.96009,0.0,2,19,0.68
310.14,30.374632,130.96009,0.0,2,19,0.68
310.2,30.374632,130.96009,0.0,2,19,0.68
310.27,30.374632,130.96009,0.0,2,19,0.68
310.34,30.374632,130.96009,0.0,2,19,0.68
310.4,30.374632,130.96009,0.0,2,19,0.68
310.47,30.374632,130.96009,0.0,2,19,0.65
310.54,30.374632,130.96009,0.0,2,19,0.65
310.6,30.374632,130.96009,0.0,2,19,0.65
310.67,30.374632,130.96009,0.0,2,19,0.65
310.74,30.374632,130.96009,0.0,2,19,0.65
310.81,30.374632,130.96009,0.0,2,19,0.65
310.87,30.374632,130.96009,0.0,2,19,0.65
310.94,30.374632,130.96009,0.0,2,19,0.65
311.01,30.374632,130.96009,0.0,2,19,0.65
311.07,30.374632,130.96009,0.0,2,19,0.65
311.14,30.374632,130.96009,0.0,2,19,0.65
311.2,30.374632,130.96009,0.0,2,19,0.65
311.27,30.374632,130.96009,0.0,2,19,0.65
311.33,30.374632,130.96009,0.0,2,19,0.65
311.4,30.374632,130.96009,0.0,2,19,0.68
311.47,30.374632,130.96009,0.0,2,19,0.68
311.53,30.374632,130.96009,0.0,2,19,0.68
311.6,30.374632,130.96009,0.0,2,19,0.68
311.66,30.374632,130.96009,0.0,2,19,0.68
311.73,30.374632,130.96009,0.0,2,19,0.68
311.8,30.374632,130.96009,0.0,2,19,0.68
311.86,30.374632,130.96009,0.0,2,19,0.68
311.93,30.374632,130.96009,0.0,2,19,0.68
311.99,30.374632,130.96009,0.0,2,19,0.68
312.06,30.374632,130.96009,0.0,2,19,0.68
312.12,30.374632,130.96009,0.0,2,19,0.68
312.19,30.374632,130.96009,0.0,2,19,0.68
312.26,30.374632,130.96009,0.0,2,19,0.68
312.33,30.374632,130.96009,0.0,2,19,0.68
312.4,30.374632,130.96009,0.0,2,19,0.65
312.46,30.374632,130.96009,0.0,2,19,0.65
312.53,30.374632,130.96009,0.0,2,19,0.65
312.59,30.374632,130.96009,0.0,2,19,0.65
312.66,30.374632,130.96009,0.0,2,19,0.65
312.73,30.374632,130.96009,0.0,2,19,0.65
312.79,30.374632,130.96009,0.0,2,19,0.65
312.86,30.374632,130.96009,0.0,2,19,0.65
312.93,30.374632,130.96009,0.0,2,19,0.65
312.99,30.374632,130.96009,0.0,2,19,0.65
313.06,30.374632,130.96009,0.0,2,19,0.65
313.12,30.374632,130.96009,0.0,2,19,0.65
313.19,30.374632,130.96009,0.0,2,19,0.65
313.26,30.374632,130.96009,0.0,2,19,0.65
313.32,30.374632,130.96009,0.0,2,19,0.65
313.39,30.374632,130.96009,0.0,2,19,0.65
313.46,30.374632,130.96009,0.0,2,19,0.68
313.53,30.374632,130.96009,0.0,2,19,0.68
313.59,30.374632,130.96009,0.0,2,19,0.68
313.66,30.374632,130.96009,0.0,2,19,0.68
313.72,30.374632,130.96009,0.0,2,19,0.68
313.79,30.374632,130.96009,0.0,2,19,0.68
313.86,30.374632,130.96009,0.0,2,19,0.68
313.92,30.374632,130.96009,0.0,2,19,0.68
313.99,30.374632,130.96009,0.0,2,19,0.68
314.06,30.374632,130.96009,0.0,2,19,0.68
314.12,30.374632,130.96009,0.0,2,19,0.68
314.19,30.374632,130.96009,0.0,2,19,0.68
314.26,30.374632,130.96009,0.0,2,19,0.68
314.32,30.374632,130.96009,0.0,2,19,0.68
314.39,30.374632,130.96009,0.0,2,19,0.65
314.46,30.374632,130.96009,0.0,2,19,0.65
314.52,30.374632,130.96009,0.0,2,19,0.65
314.59,30.374632,130.96009,0.0,2,19,0.65
314.66,30.374632,130.96009,0.0,2,19,0.65
314.72,30.374632,130.96009,0.0,2,19,0.65
314.79,30.374632,130.96009,0.0,2,19,0.65
314.86,30.374632,130.96009,0.0,2,19,0.65
314.92,30.374632,130.96009,0.0,2,19,0.65
314.99,30.374632,130.96009,0.0,2,19,0.65
315.05,30.374632,130.96009,0.0,2,19,0.65
315.12,30.374632,130.96009,0.0,2,19,0.65
315.19,30.374632,130.96009,0.0,2,19,0.65
315.25,30.374632,130.96009,0.0,2,19,0.65
315.32,30.374632,130.96009,0.0,2,19,0.65
315.39,30.374632,130.96009,0.0,2,19,0.65
315.45,30.374632,130.96009,0.0,2,19,0.65
315.52,30.374632,130.96009,0.0,2,19,0.65
315.59,30.374632,130.96009,0.0,2,19,0.65
315.65,30.374632,130.96009,0.0,2,19,0.65
315.72,30.374632,130.96009,0.0,2,19,0.65
315.79,30.374632,130.96009,0.0,2,19,0.65
315.85,30.374632,130.96009,0.0,2,19,0.65
315.92,30.374632,130.96009,0.0,2,19,0.65
315.99,30.374632,130.96009,0.0,2,19,0.65
316.05,30.374632,130.96009,0.0,2,19,0.65
316.12,30.374632,130.96009,0.0,2,19,0.65
316.19,30.374632,130.96009,0.0,2,19,0.65
316.25,30.374632,130.96009,0.0,2,19,0.65
316.32,30.374632,130.96009,0.0,2,19,0.65
316.39,30.374632,130.96009,0.0,2,19,0.65
316.45,30.374632,130.96009,0.0,2,19,0.68
316.52,30.374632,130.96009,0.0,2,19,0.68
316.59,30.374632,130.96009,0.0,2,19,0.68
316.65,30.374632,130.96009,0.0,2,19,0.68
316.72,30.374632,130.96009,0.0,2,19,0.68
316.79,30.374632,130.96009,0.0,2,19,0.68
316.85,30.374632,130.96009,0.0,2,19,0.68
316.92,30.374632,130.96009,0.0,2,19,0.68
316.99,30.374632,130.96009,0.0,2,19,0.68
317.05,30.374632,130.96009,0.0,2,19,0.68
317.12,30.374632,130.96009,0.0,2,19,0.68
317.19,30.374632,130.96009,0.0,2,19,0.68
317.25,30.374632,130.96009,0.0,2,19,0.68
317.32,30.374632,130.96009,0.0,2,19,0.68
317.39,30.374632,130.96009,0.0,2,19,0.68
317.46,30.374632,130.96009,0.0,2,19,0.68
317.52,30.374632,130.96009,0.0,2,19,0.68
317.59,30.374632,130.96009,0.0,2,19,0.68
317.66,30.374632,130.96009,0.0,2,19,0.68
317.72,30.374632,130.96009,0.0,2,19,0.68
317.79,30.374632,130.96009,0.0,2,19,0.68
317.86,30.374632,130.96009,0.0,2,19,0.68
317.93,30.374632,130.96009,0.0,2,19,0.68
317.99,30.374632,130.96009,0.0,2,19,0.68
318.06,30.374632,130.96009,0.0,2,19,0.68
318.13,30.374632,130.96009,0.0,2,19,0.68
318.19,30.374632,130.96009,0.0,2,19,0.68
318.26,30.374632,130.96009,0.0,2,19,0.68
318.33,30.374632,130.96009,0.0,2,19,0.68
318.4,30.374632,130.96009,0.0,2,19,0.68
318.46,30.374632,130.96009,0.0,2,19,0.68
318.53,30.374632,130.96009,0.0,2,19,0.68
318.6,30.374632,130.96009,0.0,2,19,0.68
318.66,30.374632,130.96009,0.0,2,19,0.68
318.73,30.374632,130.96009,0.0,2,19,0.68
318.81,30.374632,130.96009,0.0,2,19,0.68
318.87,30.374632,130.96009,0.0,2,19,0.68
318.94,30.374632,130.96009,0.0,2,19,0.68
319.01,30.374632,130.96009,0.0,2,19,0.68
319.07,30.374632,130.96009,0.0,2,19,0.68
319.14,30.374632,130.96009,0.0,2,19,0.68
319.21,30.374632,130.96009,0.0,2,19,0.68
319.27,30.374632,130.96009,0.0,2,19,0.68
319.34,30.374632,130.96009,0.0,2,19,0.68
319.41,30.374632,130.96009,0.0,2,19,0.68
319.47,30.374632,130.96009,0.0,2,19,0.68
319.54,30.374632,130.96009,0.0,2,19,0.68
319.6,30.374632,130.96009,0.0,2,19,0.68
319.67,30.374632,130.96009,0.0,2,19,0.68
319.74,30.374632,130.96009,0.0,2,19,0.68
319.8,30.374632,130.96009,0.0,2,19,0.68
319.87,30.374632,130.96009,0.0,2,19,0.68
319.94,30.374632,130.96009,0.0,2,19,0.68
320.0,30.374632,130.96009,0.0,2,19,0.68
320.07,30.374632,130.96009,0.0,2,19,0.68
320.13,30.374632,130.96009,0.0,2,19,0.68
320.2,30.374632,130.96009,0.0,2,19,0.68
320.27,30.374632,130.96009,0.0,2,19,0.68
320.33,30.374632,130.96009,0.0,2,19,0.68
320.4,30.374632,130.96009,0.0,2,19,0.68
320.47,30.374632,130.96009,0.0,2,19,0.68
320.53,30.374632,130.96009,0.0,2,19,0.68
320.6,30.374632,130.96009,0.0,2,19,0.68
320.67,30.374632,130.96009,0.0,2,19,0.68
320.73,30.374632,130.96009,0.0,2,19,0.68
320.8,30.374632,130.96009,0.0,2,19,0.68
320.87,30.374632,130.96009,0.0,2,19,0.68
320.93,30.374632,130.96009,0.0,2,19,0.68
321.0,30.374632,130.96009,0.0,2,19,0.68
321.06,30.374632,130.96009,0.0,2,19,0.68
321.13,30.374632,130.96009,0.0,2,19,0.68
321.2,30.374632,130.96009,0.0,2,19,0.68
321.27,30.374632,130.96009,0.0,2,19,0.68
321.33,30.374632,130.96009,0.0,2,19,0.68
321.4,30.374632,130.96009,0.0,2,19,0.68
321.47,30.374632,130.96009,0.0,2,19,0.65
321.53,30.374632,130.96009,0.0,2,19,0.65
321.6,30.374632,130.96009,0.0,2,19,0.65
321.67,30.374632,130.96009,0.0,2,19,0.65
321.73,30.374632,130.96009,0.0,2,19,0.65
321.8,30.374632,130.96009,0.0,2,19,0.65
321.87,30.374632,130.96009,0.0,2,19,0.65
321.93,30.374632,130.96009,0.0,2,19,0.65
322.0,30.374632,130.96009,0.0,2,19,0.65
322.07,30.374632,130.96009,0.0,2,19,0.65
322.13,30.374632,130.96009,0.0,2,19,0.65
322.2,30.374632,130.96009,0.0,2,19,0.65
322.27,30.374632,130.96009,0.0,2,19,0.65
322.33,30.374632,130.96009,0.0,2,19,0.65
322.4,30.374632,130.96009,0.0,2,19,0.65
322.47,30.374632,130.96009,0.0,2,19,0.65
322.53,30.374632,130.96009,0.0,2,19,0.65
322.6,30.374632,130.96009,0.0,2,19,0.65
322.67,30.374632,130.96009,0.0,2,19,0.65
322.73,30.374632,130.96009,0.0,2,19,0.65
322.8,30.374632,130.96009,0.0,2,19,0.65
322.87,30.374632,130.96009,0.0,2,19,0.65
322.94,30.374632,130.96009,0.0,2,19,0.65
323.0,30.374632,130.96009,0.0,2,19,0.65
323.07,30.374632,130.96009,0.0,2,19,0.65
323.14,30.374632,130.96009,0.0,2,19,0.65
323.2,30.374632,130.96009,0.0,2,19,0.65
323.27,30.374632,130.96009,0.0,2,19,0.65
323.34,30.374632,130.96009,0.0,2,19,0.65
323.41,30.374632,130.96009,0.0,2,19,0.65
323.47,30.374632,130.960092,0.19,2,19,0.68
323.54,30.374632,130.960092,0.19,2,19,0.68
323.61,30.374632,130.960092,0.19,2,19,0.68
323.67,30.374632,130.960092,0.19,2,19,0.68
323.74,30.374632,130.960092,0.19,2,19,0.68
323.81,30.374632,130.960092,0.19,2,19,0.68
323.88,30.374632,130.960092,0.19,2,19,0.68
323.94,30.374632,130.960092,0.19,2,19,0.68
324.01,30.374632,130.960092,0.19,2,19,0.68
324.08,30.374632,130.960092,0.19,2,19,0.68
324.14,30.374632,130.960092,0.19,2,19,0.68
324.21,30.374632,130.960092,0.19,2,19,0.68
324.28,30.374632,130.960092,0.19,2,19,0.68
324.35,30.374632,130.960092,0.19,2,19,0.68
324.41,30.374632,130.960092,0.19,2,19,0.68
324.48,30.374632,130.960092,0.0,2,19,0.68
324.55,30.374632,130.960092,0.0,2,19,0.68
324.61,30.374632,130.960092,0.0,2,19,0.68
324.68,30.374632,130.960092,0.0,2,19,0.68
324.75,30.374632,130.960092,0.0,2,19,0.68
324.81,30.374632,130.960092,0.0,2,19,0.68
324.88,30.374632,130.960092,0.0,2,19,0.68
324.96,30.374632,130.960092,0.0,2,19,0.68
325.03,30.374632,130.960092,0.0,2,19,0.68
325.09,30.374632,130.960092,0.0,2,19,0.68
325.16,30.374632,130.960092,0.0,2,19,0.68
325.22,30.374632,130.960092,0.0,2,19,0.68
325.29,30.374632,130.960092,0.0,2,19,0.68
325.36,30.374632,130.960092,0.0,2,19,0.68
325.42,30.374632,130.96009,0.19,2,19,0.68
325.49,30.374632,130.96009,0.19,2,19,0.68
325.56,30.374632,130.96009,0.19,2,19,0.68
325.62,30.374632,130.96009,0.19,2,19,0.68
325.69,30.374632,130.96009,0.19,2,19,0.68
325.76,30.374632,130.96009,0.19,2,19,0.68
325.82,30.374632,130.96009,0.19,2,19,0.68
325.89,30.374632,130.96009,0.19,2,19,0.68
325.96,30.374632,130.96009,0.19,2,19,0.68
326.02,30.374632,130.96009,0.19,2,19,0.68
326.09,30.374632,130.96009,0.19,2,19,0.68
326.16,30.374632,130.96009,0.19,2,19,0.68
326.22,30.374632,130.96009,0.19,2,19,0.68
326.29,30.374632,130.96009,0.19,2,19,0.68
326.35,30.374632,130.96009,0.19,2,19,0.68
326.42,30.374632,130.960092,0.19,2,19,0.65
326.49,30.374632,130.960092,0.19,2,19,0.65
326.55,30.374632,130.960092,0.19,2,19,0.65
326.62,30.374632,130.960092,0.19,2,19,0.65
326.69,30.374632,130.960092,0.19,2,19,0.65
326.75,30.374632,130.960092,0.19,2,19,0.65
326.82,30.374632,130.960092,0.19,2,19,0.65
326.88,30.374632,130.960092,0.19,2,19,0.65
326.95,30.374632,130.960092,0.19,2,19,0.65
327.02,30.374632,130.960092,0.19,2,19,0.65
327.08,30.374632,130.960092,0.19,2,19,0.65
327.15,30.374632,130.960092,0.19,2,19,0.65
327.22,30.374632,130.960092,0.19,2,19,0.65
327.28,30.374632,130.960092,0.19,2,19,0.65
327.35,30.374632,130.960092,0.19,2,19,0.65
327.42,30.374632,130.960092,0.19,2,19,0.65
327.48,30.37463,130.96009,0.26,2,19,0.68
327.55,30.37463,130.96009,0.26,2,19,0.68
327.62,30.37463,130.96009,0.26,2,19,0.68
327.68,30.37463,130.96009,0.26,2,19,0.68
327.75,30.37463,130.96009,0.26,2,19,0.68
327.82,30.37463,130.96009,0.26,2,19,0.68
327.88,30.37463,130.96009,0.26,2,19,0.68
327.95,30.37463,130.96009,0.26,2,19,0.68
328.02,30.37463,130.96009,0.26,2,19,0.68
328.08,30.37463,130.96009,0.26,2,19,0.68
328.15,30.37463,130.96009,0.26,2,19,0.68
328.22,30.37463,130.96009,0.26,2,19,0.68
328.28,30.37463,130.96009,0.26,2,19,0.68
328.35,30.37463,130.96009,0.26,2,19,0.68
328.42,30.37463,130.96009,0.26,2,19,0.68
328.48,30.37463,130.96009,0.0,2,18,0.7
328.55,30.37463,130.96009,0.0,2,18,0.7
328.62,30.37463,130.96009,0.0,2,18,0.7
328.68,30.37463,130.96009,0.0,2,18,0.7
328.75,30.37463,130.96009,0.0,2,18,0.7
328.82,30.37463,130.96009,0.0,2,18,0.7
328.88,30.37463,130.96009,0.0,2,18,0.7
328.95,30.37463,130.96009,0.0,2,18,0.7
329.02,30.37463,130.96009,0.0,2,18,0.7
329.08,30.37463,130.96009,0.0,2,18,0.7
329.15,30.37463,130.96009,0.0,2,18,0.7
329.22,30.37463,130.96009,0.0,2,18,0.7
329.28,30.37463,130.96009,0.0,2,18,0.7
329.35,30.37463,130.96009,0.0,2,18,0.7
329.42,30.37463,130.96009,0.0,2,18,0.66
329.48,30.37463,130.96009,0.0,2,18,0.66
329.55,30.37463,130.96009,0.0,2,18,0.66
329.62,30.37463,130.96009,0.0,2,18,0.66
329.69,30.37463,130.96009,0.0,2,18,0.66
329.75,30.37463,130.96009,0.0,2,18,0.66
329.82,30.37463,130.96009,0.0,2,18,0.66
329.89,30.37463,130.96009,0.0,2,18,0.66
329.95,30.37463,130.96009,0.0,2,18,0.66
330.02,30.37463,130.96009,0.0,2,18,0.66
330.09,30.37463,130.96009,0.0,2,18,0.66
330.15,30.37463,130.96009,0.0,2,18,0.66
330.22,30.37463,130.96009,0.0,2,18,0.66
330.29,30.37463,130.96009,0.0,2,18,0.66
330.36,30.37463,130.96009,0.0,2,18,0.66
330.42,30.37463,130.96009,0.0,2,19,0.65
330.49,30.37463,130.96009,0.0,2,19,0.65
330.56,30.37463,130.96009,0.0,2,19,0.65
330.62,30.37463,130.96009,0.0,2,19,0.65
330.69,30.37463,130.96009,0.0,2,19,0.65
330.76,30.37463,130.96009,0.0,2,19,0.65
330.82,30.37463,130.96009,0.0,2,19,0.65
330.89,30.37463,130.96009,0.0,2,19,0.65
330.96,30.37463,130.96009,0.0,2,19,0.65
331.02,30.37463,130.96009,0.0,2,19,0.65
331.09,30.37463,130.96009,0.0,2,19,0.65
331.17,30.37463,130.96009,0.0,2,19,0.65
331.23,30.37463,130.96009,0.0,2,19,0.65
331.3,30.37463,130.96009,0.0,2,19,0.65
331.36,30.37463,130.96009,0.0,2,19,0.65
331.43,30.37463,130.96009,0.0,2,19,0.65
331.5,30.37463,130.96009,0.0,2,19,0.65
331.56,30.37463,130.96009,0.0,2,19,0.65
331.63,30.37463,130.96009,0.0,2,19,0.65
331.7,30.37463,130.96009,0.0,2,19,0.65
331.76,30.37463,130.96009,0.0,2,19,0.65
331.83,30.37463,130.96009,0.0,2,19,0.65
331.9,30.37463,130.96009,0.0,2,19,0.65
331.96,30.37463,130.96009,0.0,2,19,0.65
332.03,30.37463,130.96009,0.0,2,19,0.65
332.09,30.37463,130.96009,0.0,2,19,0.65
332.16,30.37463,130.96009,0.0,2,19,0.65
332.23,30.37463,130.96009,0.0,2,19,0.65
332.29,30.37463,130.96009,0.0,2,19,0.65
332.36,30.37463,130.96009,0.0,2,19,0.65
332.43,30.37463,130.960092,0.18,2,19,0.65
332.49,30.37463,130.960092,0.18,2,19,0.65
332.56,30.37463,130.960092,0.18,2,19,0.65
332.62,30.37463,130.960092,0.18,2,19,0.65
332.69,30.37463,130.960092,0.18,2,19,0.65
332.76,30.37463,130.960092,0.18,2,19,0.65
332.83,30.37463,130.960092,0.18,2,19,0.65
332.89,30.37463,130.960092,0.18,2,19,0.65
332.96,30.37463,130.960092,0.18,2,19,0.65
333.03,30.37463,130.960092,0.18,2,19,0.65
333.09,30.37463,130.960092,0.18,2,19,0.65
333.16,30.37463,130.960092,0.18,2,19,0.65
333.22,30.37463,130.960092,0.18,2,19,0.65
333.29,30.37463,130.960092,0.18,2,19,0.65
333.36,30.37463,130.960092,0.18,2,19,0.65
333.42,30.37463,130.960092,0.0,2,18,0.66
333.49,30.37463,130.960092,0.0,2,18,0.66
333.56,30.37463,130.960092,0.0,2,18,0.66
333.62,30.37463,130.960092,0.0,2,18,0.66
333.69,30.37463,130.960092,0.0,2,18,0.66
333.76,30.37463,130.960092,0.0,2,18,0.66
333.83,30.37463,130.960092,0.0,2,18,0.66
333.89,30.37463,130.960092,0.0,2,18,0.66
333.96,30.37463,130.960092,0.0,2,18,0.66
334.03,30.37463,130.960092,0.0,2,18,0.66
334.09,30.37463,130.960092,0.0,2,18,0.66
334.16,30.37463,130.960092,0.0,2,18,0.66
334.23,30.37463,130.960092,0.0,2,18,0.66
334.29,30.37463,130.960092,0.0,2,18,0.66
334.36,30.37463,130.960092,0.0,2,18,0.66
334.43,30.37463,130.960092,0.0,2,18,0.66
334.49,30.37463,130.960092,0.0,2,19,0.68
334.56,30.37463,130.960092,0.0,2,19,0.68
334.63,30.37463,130.960092,0.0,2,19,0.68
334.69,30.37463,130.960092,0.0,2,19,0.68
334.76,30.37463,130.960092,0.0,2,19,0.68
334.83,30.37463,130.960092,0.0,2,19,0.68
334.89,30.37463,130.960092,0.0,2,19,0.68
334.96,30.37463,130.960092,0.0,2,19,0.68
335.03,30.37463,130.960092,0.0,2,19,0.68
335.09,30.37463,130.960092,0.0,2,19,0.68
335.16,30.37463,130.960092,0.0,2,19,0.68
335.23,30.37463,130.960092,0.0,2,19,0.68
335.29,30.37463,130.960092,0.0,2,19,0.68
335.36,30.37463,130.960092,0.0,2,19,0.68
335.43,30.37463,130.960092,0.0,2,19,0.68
335.5,30.37463,130.960092,0.0,2,19,0.68
335.56,30.37463,130.960092,0.0,2,19,0.68
335.63,30.37463,130.960092,0.0,2,19,0.68
335.7,30.37463,130.960092,0.0,2,19,0.68
335.76,30.37463,130.960092,0.0,2,19,0.68
335.83,30.37463,130.960092,0.0,2,19,0.68
335.9,30.37463,130.960092,0.0,2,19,0.68
335.96,30.37463,130.960092,0.0,2,19,0.68
336.03,30.37463,130.960092,0.0,2,19,0.68
336.1,30.37463,130.960092,0.0,2,19,0.68
336.16,30.37463,130.960092,0.0,2,19,0.68
336.23,30.37463,130.960092,0.0,2,19,0.68
336.3,30.37463,130.960092,0.0,2,19,0.68
336.37,30.37463,130.960092,0.0,2,19,0.68
336.43,30.37463,130.960092,0.0,2,19,0.68
336.5,30.37463,130.960092,0.0,2,19,0.68
336.57,30.37463,130.960092,0.0,2,19,0.68
336.63,30.37463,130.960092,0.0,2,19,0.68
336.7,30.37463,130.960092,0.0,2,19,0.68
336.77,30.37463,130.960092,0.0,2,19,0.68
336.83,30.37463,130.960092,0.0,2,19,0.68
336.9,30.37463,130.960092,0.0,2,19,0.68
336.97,30.37463,130.960092,0.0,2,19,0.68
337.04,30.37463,130.960092,0.0,2,19,0.68
337.1,30.37463,130.960092,0.0,2,19,0.68
337.17,30.37463,130.960092,0.0,2,19,0.68
337.24,30.37463,130.960092,0.0,2,19,0.68
337.31,30.37463,130.960092,0.0,2,19,0.68
337.37,30.37463,130.960092,0.0,2,19,0.68
337.44,30.37463,130.960092,0.0,2,19,0.65
337.51,30.37463,130.960092,0.0,2,19,0.65
337.57,30.37463,130.960092,0.0,2,19,0.65
337.64,30.37463,130.960092,0.0,2,19,0.65
337.71,30.37463,130.960092,0.0,2,19,0.65
337.78,30.37463,130.960092,0.0,2,19,0.65
337.85,30.37463,130.960092,0.0,2,19,0.65
337.91,30.37463,130.960092,0.0,2,19,0.65
337.98,30.37463,130.960092,0.0,2,19,0.65
338.05,30.37463,130.960092,0.0,2,19,0.65
338.11,30.37463,130.960092,0.0,2,19,0.65
338.18,30.37463,130.960092,0.0,2,19,0.65
338.25,30.37463,130.960092,0.0,2,19,0.65
338.31,30.37463,130.960092,0.0,2,19,0.65
338.38,30.37463,130.960092,0.0,2,19,0.65
338.44,30.37463,130.960092,0.0,2,19,0.68
338.51,30.37463,130.960092,0.0,2,19,0.68
338.58,30.37463,130.960092,0.0,2,19,0.68
338.64,30.37463,130.960092,0.0,2,19,0.68
338.71,30.37463,130.960092,0.0,2,19,0.68
338.77,30.37463,130.960092,0.0,2,19,0.68
338.84,30.37463,130.960092,0.0,2,19,0.68
338.91,30.37463,130.960092,0.0,2,19,0.68
338.98,30.37463,130.960092,0.0,2,19,0.68
339.04,30.37463,130.960092,0.0,2,19,0.68
339.11,30.37463,130.960092,0.0,2,19,0.68
339.18,30.37463,130.960092,0.0,2,19,0.68
339.24,30.37463,130.960092,0.0,2,19,0.68
339.31,30.37463,130.960092,0.0,2,19,0.68
339.37,30.37463,130.960092,0.0,2,19,0.68
339.44,30.37463,130.960092,0.0,2,19,0.68
339.51,30.37463,130.960092,0.0,2,19,0.68
339.57,30.37463,130.960092,0.0,2,19,0.68
339.64,30.37463,130.960092,0.0,2,19,0.68
339.71,30.37463,130.960092,0.0,2,19,0.68
339.77,30.37463,130.960092,0.0,2,19,0.68
339.84,30.37463,130.960092,0.0,2,19,0.68
339.91,30.37463,130.960092,0.0,2,19,0.68
339.97,30.37463,130.960092,0.0,2,19,0.68
340.04,30.37463,130.960092,0.0,2,19,0.68
340.11,30.37463,130.960092,0.0,2,19,0.68
340.17,30.37463,130.960092,0.0,2,19,0.68
340.24,30.37463,130.960092,0.0,2,19,0.68
340.31,30.37463,130.960092,0.0,2,19,0.68
340.37,30.37463,130.960092,0.0,2,19,0.68
340.44,30.37463,130.960092,0.0,2,19,0.68
340.51,30.37463,130.960092,0.0,2,19,0.68
340.57,30.37463,130.960092,0.0,2,19,0.68
340.64,30.37463,130.960092,0.0,2,19,0.68
340.71,30.37463,130.960092,0.0,2,19,0.68
340.77,30.37463,130.960092,0.0,2,19,0.68
340.84,30.37463,130.960092,0.0,2,19,0.68
340.91,30.37463,130.960092,0.0,2,19,0.68
340.97,30.37463,130.960092,0.0,2,19,0.68
341.04,30.37463,130.960092,0.0,2,19,0.68
341.11,30.37463,130.960092,0.0,2,19,0.68
341.17,30.37463,130.960092,0.0,2,19,0.68
341.24,30.37463,130.960092,0.0,2,19,0.68
341.31,30.37463,130.960092,0.0,2,19,0.68
341.38,30.37463,130.960092,0.0,2,19,0.68
341.44,30.37463,130.960092,0.0,2,19,0.68
341.51,30.37463,130.960092,0.0,2,19,0.68
341.58,30.37463,130.960092,0.0,2,19,0.68
341.64,30.37463,130.960092,0.0,2,19,0.68
341.71,30.37463,130.960092,0.0,2,19,0.68
341.78,30.37463,130.960092,0.0,2,19,0.68
341.84,30.37463,130.960092,0.0,2,19,0.68
341.91,30.37463,130.960092,0.0,2,19,0.68
341.98,30.37463,130.960092,0.0,2,19,0.68
342.04,30.37463,130.960092,0.0,2,19,0.68
342.11,30.37463,130.960092,0.0,2,19,0.68
342.18,30.37463,130.960092,0.0,2,19,0.68
342.24,30.37463,130.960092,0.0,2,19,0.68
342.31,30.37463,130.960092,0.0,2,19,0.68
342.38,30.37463,130.960092,0.0,2,19,0.68
342.44,30.37463,130.960092,0.0,2,19,0.65
342.51,30.37463,130.960092,0.0,2,19,0.65
342.58,30.37463,130.960092,0.0,2,19,0.65
342.65,30.37463,130.960092,0.0,2,19,0.65
342.71,30.37463,130.960092,0.0,2,19,0.65
342.78,30.37463,130.960092,0.0,2,19,0.65
342.85,30.37463,130.960092,0.0,2,19,0.65
342.91,30.37463,130.960092,0.0,2,19,0.65
342.98,30.37463,130.960092,0.0,2,19,0.65
343.05,30.37463,130.960092,0.0,2,19,0.65
343.12,30.37463,130.960092,0.0,2,19,0.65
343.18,30.37463,130.960092,0.0,2,19,0.65
343.25,30.37463,130.960092,0.0,2,19,0.65
343.32,30.37463,130.960092,0.0,2,19,0.65
343.38,30.37463,130.960092,0.0,2,19,0.65
343.45,30.37463,130.960092,0.0,2,19,0.68
343.52,30.37463,130.960092,0.0,2,19,0.68
343.58,30.37463,130.960092,0.0,2,19,0.68
343.65,30.37463,130.960092,0.0,2,19,0.68
343.72,30.37463,130.960092,0.0,2,19,0.68
343.79,30.37463,130.960092,0.0,2,19,0.68
343.85,30.37463,130.960092,0.0,2,19,0.68
343.92,30.37463,130.960092,0.0,2,19,0.68
343.99,30.37463,130.960092,0.0,2,19,0.68
344.05,30.37463,130.960092,0.0,2,19,0.68
344.12,30.37463,130.960092,0.0,2,19,0.68
344.19,30.37463,130.960092,0.0,2,19,0.68
344.25,30.37463,130.960092,0.0,2,19,0.68
344.33,30.37463,130.960092,0.0,2,19,0.68
344.39,30.37463,130.960092,0.0,2,19,0.68
344.46,30.37463,130.960092,0.0,2,19,0.65
344.53,30.37463,130.960092,0.0,2,19,0.65
344.59,30.37463,130.960092,0.0,2,19,0.65
344.66,30.37463,130.960092,0.0,2,19,0.65
344.73,30.37463,130.960092,0.0,2,19,0.65
344.79,30.37463,130.960092,0.0,2,19,0.65
344.86,30.37463,130.960092,0.0,2,19,0.65
344.93,30.37463,130.960092,0.0,2,19,0.65
344.99,30.37463,130.960092,0.0,2,19,0.65
345.06,30.37463,130.960092,0.0,2,19,0.65
345.13,30.37463,130.960092,0.0,2,19,0.65
345.19,30.37463,130.960092,0.0,2,19,0.65
345.26,30.37463,130.960092,0.0,2,19,0.65
345.32,30.37463,130.960092,0.0,2,19,0.65
345.39,30.37463,130.960092,0.0,2,19,0.65
345.46,30.37463,130.960092,0.0,2,19,0.68
345.52,30.37463,130.960092,0.0,2,19,0.68
345.59,30.37463,130.960092,0.0,2,19,0.68
345.66,30.37463,130.960092,0.0,2,19,0.68
345.72,30.37463,130.960092,0.0,2,19,0.68
345.79,30.37463,130.960092,0.0,2,19,0.68
345.86,30.37463,130.960092,0.0,2,19,0.68
345.92,30.37463,130.960092,0.0,2,19,0.68
345.99,30.37463,130.960092,0.0,2,19,0.68
346.06,30.37463,130.960092,0.0,2,19,0.68
346.12,30.37463,130.960092,0.0,2,19,0.68
346.19,30.37463,130.960092,0.0,2,19,0.68
346.26,30.37463,130.960092,0.0,2,19,0.68
346.32,30.37463,130.960092,0.0,2,19,0.68
346.39,30.37463,130.960092,0.0,2,19,0.68
346.45,30.37463,130.960092,0.0,2,18,0.66
346.52,30.37463,130.960092,0.0,2,18,0.66
346.59,30.37463,130.960092,0.0,2,18,0.66
346.66,30.37463,130.960092,0.0,2,18,0.66
346.72,30.37463,130.960092,0.0,2,18,0.66
346.79,30.37463,130.960092,0.0,2,18,0.66
346.85,30.37463,130.960092,0.0,2,18,0.66
346.92,30.37463,130.960092,0.0,2,18,0.66
346.99,30.37463,130.960092,0.0,2,18,0.66
347.05,30.37463,130.960092,0.0,2,18,0.66
347.12,30.37463,130.960092,0.0,2,18,0.66
347.19,30.37463,130.960092,0.0,2,18,0.66
347.25,30.37463,130.960092,0.0,2,18,0.66
347.32,30.37463,130.960092,0.0,2,18,0.66
347.39,30.37463,130.960092,0.0,2,18,0.66
347.45,30.37463,130.960092,0.0,2,19,0.65
347.52,30.37463,130.960092,0.0,2,19,0.65
347.59,30.37463,130.960092,0.0,2,19,0.65
347.66,30.37463,130.960092,0.0,2,19,0.65
347.72,30.37463,130.960092,0.0,2,19,0.65
347.79,30.37463,130.960092,0.0,2,19,0.65
347.86,30.37463,130.960092,0.0,2,19,0.65
347.92,30.37463,130.960092,0.0,2,19,0.65
347.99,30.37463,130.960092,0.0,2,19,0.65
348.05,30.37463,130.960092,0.0,2,19,0.65
348.12,30.37463,130.960092,0.0,2,19,0.65
348.19,30.37463,130.960092,0.0,2,19,0.65
348.25,30.37463,130.960092,0.0,2,19,0.65
348.32,30.37463,130.960092,0.0,2,19,0.65
348.39,30.37463,130.960092,0.0,2,19,0.65
348.45,30.37463,130.960092,0.0,2,19,0.68
348.52,30.37463,130.960092,0.0,2,19,0.68
348.59,30.37463,130.960092,0.0,2,19,0.68
348.66,30.37463,130.960092,0.0,2,19,0.68
348.72,30.37463,130.960092,0.0,2,19,0.68
348.79,30.37463,130.960092,0.0,2,19,0.68
348.86,30.37463,130.960092,0.0,2,19,0.68
348.92,30.37463,130.960092,0.0,2,19,0.68
348.99,30.37463,130.960092,0.0,2,19,0.68
349.06,30.37463,130.960092,0.0,2,19,0.68
349.13,30.37463,130.960092,0.0,2,19,0.68
349.19,30.37463,130.960092,0.0,2,19,0.68
349.26,30.37463,130.960092,0.0,2,19,0.68
349.33,30.37463,130.960092,0.0,2,19,0.68
349.39,30.37463,130.960092,0.0,2,19,0.68
349.46,30.37463,130.960092,0.0,2,19,0.68
349.53,30.37463,130.960092,0.0,2,19,0.68
349.59,30.37463,130.960092,0.0,2,19,0.68
349.66,30.37463,130.960092,0.0,2,19,0.68
349.73,30.37463,130.960092,0.0,2,19,0.68
349.79,30.37463,130.960092,0.0,2,19,0.68
349.86,30.37463,130.960092,0.0,2,19,0.68
349.93,30.37463,130.960092,0.0,2,19,0.68
350.0,30.37463,130.960092,0.0,2,19,0.68
350.06,30.37463,130.960092,0.0,2,19,0.68
350.13,30.37463,130.960092,0.0,2,19,0.68
350.2,30.37463,130.960092,0.0,2,19,0.68
350.26,30.37463,130.960092,0.0,2,19,0.68
350.33,30.37463,130.960092,0.0,2,19,0.68
350.4,30.37463,130.960092,0.0,2,19,0.68
350.47,30.37463,130.960092,0.0,2,19,0.68
350.53,30.37463,130.960092,0.0,2,19,0.68
350.6,30.37463,130.960092,0.0,2,19,0.68
350.67,30.37463,130.960092,0.0,2,19,0.68
350.73,30.37463,130.960092,0.0,2,19,0.68
350.8,30.37463,130.960092,0.0,2,19,0.68
350.87,30.37463,130.960092,0.0,2,19,0.68
350.93,30.37463,130.960092,0.0,2,19,0.68
351.01,30.37463,130.960092,0.0,2,19,0.68
351.07,30.37463,130.960092,0.0,2,19,0.68
351.14,30.37463,130.960092,0.0,2,19,0.68
351.21,30.37463,130.960092,0.0,2,19,0.68
351.27,30.37463,130.960092,0.0,2,19,0.68
351.34,30.37463,130.960092,0.0,2,19,0.68
351.4,30.37463,130.960092,0.0,2,19,0.68
351.47,30.37463,130.960092,0.0,2,19,0.68
351.54,30.37463,130.960092,0.0,2,19,0.68
351.6,30.37463,130.960092,0.0,2,19,0.68
351.67,30.37463,130.960092,0.0,2,19,0.68
351.74,30.37463,130.960092,0.0,2,19,0.68
351.8,30.37463,130.960092,0.0,2,19,0.68
351.87,30.37463,130.960092,0.0,2,19,0.68
351.94,30.37463,130.960092,0.0,2,19,0.68
352.0,30.37463,130.960092,0.0,2,19,0.68
352.07,30.37463,130.960092,0.0,2,19,0.68
352.13,30.37463,130.960092,0.0,2,19,0.68
352.2,30.37463,130.960092,0.0,2,19,0.68
352.27,30.37463,130.960092,0.0,2,19,0.68
352.33,30.37463,130.960092,0.0,2,19,0.68
352.4,30.37463,130.960092,0.0,2,19,0.68
352.47,30.37463,130.960092,0.0,2,19,0.68
352.54,30.37463,130.960092,0.0,2,19,0.68
352.6,30.37463,130.960092,0.0,2,19,0.68
352.67,30.37463,130.960092,0.0,2,19,0.68
352.74,30.37463,130.960092,0.0,2,19,0.68
352.8,30.37463,130.960092,0.0,2,19,0.68
352.87,30.37463,130.960092,0.0,2,19,0.68
352.93,30.37463,130.960092,0.0,2,19,0.68
353.0,30.37463,130.960092,0.0,2,19,0.68
353.07,30.37463,130.960092,0.0,2,19,0.68
353.13,30.37463,130.960092,0.0,2,19,0.68
353.2,30.37463,130.960092,0.0,2,19,0.68
353.27,30.37463,130.960092,0.0,2,19,0.68
353.35,30.37463,130.960092,0.0,2,19,0.68
353.41,30.37463,130.960092,0.0,2,19,0.68
353.48,30.37463,130.960092,0.0,2,19,0.65
353.55,30.37463,130.960092,0.0,2,19,0.65
353.61,30.37463,130.960092,0.0,2,19,0.65
353.68,30.37463,130.960092,0.0,2,19,0.65
353.74,30.37463,130.960092,0.0,2,19,0.65
353.81,30.37463,130.960092,0.0,2,19,0.65
353.88,30.37463,130.960092,0.0,2,19,0.65
353.94,30.37463,130.960092,0.0,2,19,0.65
354.01,30.37463,130.960092,0.0,2,19,0.65
354.08,30.37463,130.960092,0.0,2,19,0.65
354.14,30.37463,130.960092,0.0,2,19,0.65
354.21,30.37463,130.960092,0.0,2,19,0.65
354.28,30.37463,130.960092,0.0,2,19,0.65
354.34,30.37463,130.960092,0.0,2,19,0.65
354.41,30.37463,130.960092,0.0,2,19,0.65
354.47,30.37463,130.960092,0.0,2,19,0.65
354.54,30.37463,130.960092,0.0,2,19,0.65
354.61,30.37463,130.960092,0.0,2,19,0.65
354.67,30.37463,130.960092,0.0,2,19,0.65
354.74,30.37463,130.960092,0.0,2,19,0.65
354.81,30.37463,130.960092,0.0,2,19,0.65
354.87,30.37463,130.960092,0.0,2,19,0.65
354.94,30.37463,130.960092,0.0,2,19,0.65
355.01,30.37463,130.960092,0.0,2,19,0.65
355.07,30.37463,130.960092,0.0,2,19,0.65
355.14,30.37463,130.960092,0.0,2,19,0.65
355.2,30.37463,130.960092,0.0,2,19,0.65
355.27,30.37463,130.960092,0.0,2,19,0.65
355.34,30.37463,130.960092,0.0,2,19,0.65
355.41,30.37463,130.960092,0.0,2,19,0.65
355.47,30.374628,130.960092,0.19,2,19,0.65
355.54,30.374628,130.960092,0.19,2,19,0.65
355.6,30.374628,130.960092,0.19,2,19,0.65
355.67,30.374628,130.960092,0.19,2,19,0.65
355.74,30.374628,130.960092,0.19,2,19,0.65
355.8,30.374628,130.960092,0.19,2,19,0.65
355.87,30.374628,130.960092,0.19,2,19,0.65
355.94,30.374628,130.960092,0.19,2,19,0.65
356.0,30.374628,130.960092,0.19,2,19,0.65
356.07,30.374628,130.960092,0.19,2,19,0.65
356.14,30.374628,130.960092,0.19,2,19,0.65
356.2,30.374628,130.960092,0.19,2,19,0.65
356.27,30.374628,130.960092,0.19,2,19,0.65
356.34,30.374628,130.960092,0.19,2,19,0.65
356.4,30.37463,130.960092,0.19,2,19,0.65
356.47,30.37463,130.960092,0.19,2,19,0.65
356.54,30.37463,130.960092,0.19,2,19,0.65
356.6,30.37463,130.960092,0.19,2,19,0.65
356.67,30.37463,130.960092,0.19,2,19,0.65
356.74,30.37463,130.960092,0.19,2,19,0.65
356.8,30.37463,130.960092,0.19,2,19,0.65
356.87,30.37463,130.960092,0.19,2,19,0.65
356.94,30.37463,130.960092,0.19,2,19,0.65
357.0,30.37463,130.960092,0.19,2,19,0.65
357.07,30.37463,130.960092,0.19,2,19,0.65
357.14,30.37463,130.960092,0.19,2,19,0.65
357.2,30.37463,130.960092,0.19,2,19,0.65
357.27,30.37463,130.960092,0.19,2,19,0.65
357.34,30.37463,130.960092,0.19,2,19,0.65
357.4,30.37463,130.960092,0.0,2,19,0.68
357.47,30.37463,130.960092,0.0,2,19,0.68
357.54,30.37463,130.960092,0.0,2,19,0.68
357.6,30.37463,130.960092,0.0,2,19,0.68
357.67,30.37463,130.960092,0.0,2,19,0.68
357.74,30.37463,130.960092,0.0,2,19,0.68
357.8,30.37463,130.960092,0.0,2,19,0.68
357.87,30.37463,130.960092,0.0,2,19,0.68
357.94,30.37463,130.960092,0.0,2,19,0.68
358.0,30.37463,130.960092,0.0,2,19,0.68
358.07,30.37463,130.960092,0.0,2,19,0.68
358.14,30.37463,130.960092,0.0,2,19,0.68
358.2,30.37463,130.960092,0.0,2,19,0.68
358.27,30.37463,130.960092,0.0,2,19,0.68
358.34,30.37463,130.960092,0.0,2,19,0.68
358.41,30.37463,130.960092,0.0,2,19,0.68
358.47,30.37463,130.960093,0.19,2,19,0.68
358.54,30.37463,130.960093,0.19,2,19,0.68
358.61,30.37463,130.960093,0.19,2,19,0.68
358.67,30.37463,130.960093,0.19,2,19,0.68
358.74,30.37463,130.960093,0.19,2,19,0.68
358.81,30.37463,130.960093,0.19,2,19,0.68
358.87,30.37463,130.960093,0.19,2,19,0.68
358.94,30.37463,130.960093,0.19,2,19,0.68
359.01,30.37463,130.960093,0.19,2,19,0.68
359.07,30.37463,130.960093,0.19,2,19,0.68
359.14,30.37463,130.960093,0.19,2,19,0.68
359.21,30.37463,130.960093,0.19,2,19,0.68
359.28,30.37463,130.960093,0.19,2,19,0.68
359.34,30.37463,130.960093,0.19,2,19,0.68
359.41,30.37463,130.960093,0.19,2,19,0.68
359.48,30.37463,130.960093,0.0,2,19,0.68
359.54,30.37463,130.960093,0.0,2,19,0.68
359.61,30.37463,130.960093,0.0,2,19,0.68
359.68,30.37463,130.960093,0.0,2,19,0.68
359.75,30.37463,130.960093,0.0,2,19,0.68
359.81,30.37463,130.960093,0.0,2,19,0.68
359.88,30.37463,130.960093,0.0,2,19,0.68
359.95,30.37463,130.960093,0.0,2,19,0.68
360.02,30.37463,130.960093,0.0,2,19,0.68
360.09,30.37463,130.960093,0.0,2,19,0.68
360.15,30.37463,130.960093,0.0,2,19,0.68
360.22,30.37463,130.960093,0.0,2,19,0.68
360.29,30.37463,130.960093,0.0,2,19,0.68
360.35,30.37463,130.960093,0.0,2,19,0.68
360.42,30.374628,130.960093,0.19,2,19,0.68
360.49,30.374628,130.960093,0.19,2,19,0.68
360.55,30.374628,130.960093,0.19,2,19,0.68
360.62,30.374628,130.960093,0.19,2,19,0.68
360.69,30.374628,130.960093,0.19,2,19,0.68
360.75,30.374628,130.960093,0.19,2,19,0.68
360.82,30.374628,130.960093,0.19,2,19,0.68
360.89,30.374628,130.960093,0.19,2,19,0.68
360.95,30.374628,130.960093,0.19,2,19,0.68
361.02,30.374628,130.960093,0.19,2,19,0.68
361.08,30.374628,130.960093,0.19,2,19,0.68
361.15,30.374628,130.960093,0.19,2,19,0.68
361.22,30.374628,130.960093,0.19,2,19,0.68
361.28,30.374628,130.960093,0.19,2,19,0.68
361.35,30.374628,130.960093,0.19,2,19,0.68
361.42,30.37463,130.960093,0.19,2,19,0.68
361.48,30.37463,130.960093,0.19,2,19,0.68
361.55,30.37463,130.960093,0.19,2,19,0.68
361.62,30.37463,130.960093,0.19,2,19,0.68
361.68,30.37463,130.960093,0.19,2,19,0.68
361.75,30.37463,130.960093,0.19,2,19,0.68
361.82,30.37463,130.960093,0.19,2,19,0.68
361.88,30.37463,130.960093,0.19,2,19,0.68
361.95,30.37463,130.960093,0.19,2,19,0.68
362.01,30.37463,130.960093,0.19,2,19,0.68
362.08,30.37463,130.960093,0.19,2,19,0.68
362.15,30.37463,130.960093,0.19,2,19,0.68
362.21,30.37463,130.960093,0.19,2,19,0.68
362.28,30.37463,130.960093,0.19,2,19,0.68
362.35,30.37463,130.960093,0.19,2,19,0.68
362.41,30.37463,130.960093,0.19,2,19,0.68
362.48,30.37463,130.960093,0.0,2,19,0.68
362.55,30.37463,130.960093,0.0,2,19,0.68
362.61,30.37463,130.960093,0.0,2,19,0.68
362.68,30.37463,130.960093,0.0,2,19,0.68
362.75,30.37463,130.960093,0.0,2,19,0.68
362.81,30.37463,130.960093,0.0,2,19,0.68
362.88,30.37463,130.960093,0.0,2,19,0.68
362.95,30.37463,130.960093,0.0,2,19,0.68
363.01,30.37463,130.960093,0.0,2,19,0.68
363.08,30.37463,130.960093,0.0,2,19,0.68
363.15,30.37463,130.960093,0.0,2,19,0.68
363.21,30.37463,130.960093,0.0,2,19,0.68
363.28,30.37463,130.960093,0.0,2,19,0.68
363.35,30.37463,130.960093,0.0,2,19,0.68
363.41,30.37463,130.960093,0.0,2,19,0.68
363.48,30.374628,130.960093,0.18,2,19,0.68
363.55,30.374628,130.960093,0.18,2,19,0.68
363.61,30.374628,130.960093,0.18,2,19,0.68
363.68,30.374628,130.960093,0.18,2,19,0.68
363.75,30.374628,130.960093,0.18,2,19,0.68
363.81,30.374628,130.960093,0.18,2,19,0.68
363.88,30.374628,130.960093,0.18,2,19,0.68
363.94,30.374628,130.960093,0.18,2,19,0.68
364.01,30.374628,130.960093,0.18,2,19,0.68
364.08,30.374628,130.960093,0.18,2,19,0.68
364.15,30.374628,130.960093,0.18,2,19,0.68
364.21,30.374628,130.960093,0.18,2,19,0.68
364.28,30.374628,130.960093,0.18,2,19,0.68
364.35,30.374628,130.960093,0.18,2,19,0.68
364.41,30.374628,130.960093,0.18,2,19,0.68
364.48,30.37463,130.960093,0.19,2,19,0.68
364.55,30.37463,130.960093,0.19,2,19,0.68
364.61,30.37463,130.960093,0.19,2,19,0.68
364.68,30.37463,130.960093,0.19,2,19,0.68
364.75,30.37463,130.960093,0.19,2,19,0.68
364.81,30.37463,130.960093,0.19,2,19,0.68
364.88,30.37463,130.960093,0.19,2,19,0.68
364.95,30.37463,130.960093,0.19,2,19,0.68
365.01,30.37463,130.960093,0.19,2,19,0.68
365.08,30.37463,130.960093,0.19,2,19,0.68
365.15,30.37463,130.960093,0.19,2,19,0.68
365.22,30.37463,130.960093,0.19,2,19,0.68
365.28,30.37463,130.960093,0.19,2,19,0.68
365.35,30.37463,130.960093,0.19,2,19,0.68
365.42,30.37463,130.960093,0.19,2,19,0.68
365.48,30.37463,130.960093,0.0,2,19,0.68
365.55,30.37463,130.960093,0.0,2,19,0.68
365.62,30.37463,130.960093,0.0,2,19,0.68
365.68,30.37463,130.960093,0.0,2,19,0.68
365.75,30.37463,130.960093,0.0,2,19,0.68
365.82,30.37463,130.960093,0.0,2,19,0.68
365.89,30.37463,130.960093,0.0,2,19,0.68
365.95,30.37463,130.960093,0.0,2,19,0.68
366.02,30.37463,130.960093,0.0,2,19,0.68
366.09,30.37463,130.960093,0.0,2,19,0.68
366.15,30.37463,130.960093,0.0,2,19,0.68
366.22,30.37463,130.960093,0.0,2,19,0.68
366.29,30.37463,130.960093,0.0,2,19,0.68
366.35,30.37463,130.960093,0.0,2,19,0.68
366.42,30.374628,130.960093,0.19,2,19,0.68
366.49,30.374628,130.960093,0.19,2,19,0.68
366.55,30.374628,130.960093,0.19,2,19,0.68
366.62,30.374628,130.960093,0.19,2,19,0.68
366.69,30.374628,130.960093,0.19,2,19,0.68
366.76,30.374628,130.960093,0.19,2,19,0.68
366.83,30.374628,130.960093,0.19,2,19,0.68
366.89,30.374628,130.960093,0.19,2,19,0.68
366.96,30.374628,130.960093,0.19,2,19,0.68
367.03,30.374628,130.960093,0.19,2,19,0.68
367.09,30.374628,130.960093,0.19,2,19,0.68
367.16,30.374628,130.960093,0.19,2,19,0.68
367.23,30.374628,130.960093,0.19,2,19,0.68
367.29,30.374628,130.960093,0.19,2,19,0.68
367.36,30.374628,130.960093,0.19,2,19,0.68
367.42,30.374628,130.960093,0.0,2,19,0.68
367.49,30.374628,130.960093,0.0,2,19,0.68
367.56,30.374628,130.960093,0.0,2,19,0.68
367.62,30.374628,130.960093,0.0,2,19,0.68
367.69,30.374628,130.960093,0.0,2,19,0.68
367.76,30.374628,130.960093,0.0,2,19,0.68
367.82,30.374628,130.960093,0.0,2,19,0.68
367.89,30.374628,130.960093,0.0,2,19,0.68
367.95,30.374628,130.960093,0.0,2,19,0.68
368.02,30.374628,130.960093,0.0,2,19,0.68
368.09,30.374628,130.960093,0.0,2,19,0.68
368.15,30.374628,130.960093,0.0,2,19,0.68
368.22,30.374628,130.960093,0.0,2,19,0.68
368.29,30.374628,130.960093,0.0,2,19,0.68
368.35,30.374628,130.960093,0.0,2,19,0.68
368.42,30.374628,130.960093,0.0,2,19,0.68
368.49,30.374628,130.960093,0.0,2,19,0.68
368.55,30.374628,130.960093,0.0,2,19,0.68
368.62,30.374628,130.960093,0.0,2,19,0.68
368.69,30.374628,130.960093,0.0,2,19,0.68
368.75,30.374628,130.960093,0.0,2,19,0.68
368.82,30.374628,130.960093,0.0,2,19,0.68
368.89,30.374628,130.960093,0.0,2,19,0.68
368.95,30.374628,130.960093,0.0,2,19,0.68
369.02,30.374628,130.960093,0.0,2,19,0.68
369.09,30.374628,130.960093,0.0,2,19,0.68
369.15,30.374628,130.960093,0.0,2,19,0.68
369.22,30.374628,130.960093,0.0,2,19,0.68
369.29,30.374628,130.960093,0.0,2,19,0.68
369.35,30.374628,130.960093,0.0,2,19,0.68
369.42,30.374628,130.960093,0.0,2,19,0.68
369.49,30.374628,130.960093,0.0,2,19,0.68
369.55,30.374628,130.960093,0.0,2,19,0.68
369.62,30.374628,130.960093,0.0,2,19,0.68
369.69,30.374628,130.960093,0.0,2,19,0.68
369.75,30.374628,130.960093,0.0,2,19,0.68
369.82,30.374628,130.960093,0.0,2,19,0.68
369.89,30.374628,130.960093,0.0,2,19,0.68
369.95,30.374628,130.960093,0.0,2,19,0.68
370.02,30.374628,130.960093,0.0,2,19,0.68
370.09,30.374628,130.960093,0.0,2,19,0.68
370.15,30.374628,130.960093,0.0,2,19,0.68
370.22,30.374628,130.960093,0.0,2,19,0.68
370.29,30.374628,130.960093,0.0,2,19,0.68
370.35,30.374628,130.960093,0.0,2,19,0.68
370.42,30.37463,130.960092,0.26,2,19,0.68
370.49,30.37463,130.960092,0.26,2,19,0.68
370.55,30.37463,130.960092,0.26,2,19,0.68
370.62,30.37463,130.960092,0.26,2,19,0.68
370.68,30.37463,130.960092,0.26,2,19,0.68
370.75,30.37463,130.960092,0.26,2,19,0.68
370.82,30.37463,130.960092,0.26,2,19,0.68
370.88,30.37463,130.960092,0.26,2,19,0.68
370.95,30.37463,130.960092,0.26,2,19,0.68
371.02,30.37463,130.960092,0.26,2,19,0.68
371.09,30.37463,130.960092,0.26,2,19,0.68
371.15,30.37463,130.960092,0.26,2,19,0.68
371.22,30.37463,130.960092,0.26,2,19,0.68
371.29,30.37463,130.960092,0.26,2,19,0.68
371.35,30.37463,130.960092,0.26,2,19,0.68
371.42,30.37463,130.960092,0.26,2,19,0.68
371.49,30.37463,130.960092,0.0,2,19,0.68
371.55,30.37463,130.960092,0.0,2,19,0.68
371.62,30.37463,130.960092,0.0,2,19,0.68
371.69,30.37463,130.960092,0.0,2,19,0.68
371.75,30.37463,130.960092,0.0,2,19,0.68
371.82,30.37463,130.960092,0.0,2,19,0.68
371.89,30.37463,130.960092,0.0,2,19,0.68
371.95,30.37463,130.960092,0.0,2,19,0.68
372.02,30.37463,130.960092,0.0,2,19,0.68
372.09,30.37463,130.960092,0.0,2,19,0.68
372.16,30.37463,130.960092,0.0,2,19,0.68
372.22,30.37463,130.960092,0.0,2,19,0.68
372.29,30.37463,130.960092,0.0,2,19,0.68
372.36,30.37463,130.960092,0.0,2,19,0.68
372.42,30.37463,130.960092,0.0,2,19,0.68
372.49,30.37463,130.960092,0.0,2,19,0.68
372.56,30.37463,130.960092,0.0,2,19,0.68
372.62,30.37463,130.960092,0.0,2,19,0.68
372.69,30.37463,130.960092,0.0,2,19,0.68
372.76,30.37463,130.960092,0.0,2,19,0.68
372.82,30.37463,130.960092,0.0,2,19,0.68
372.89,30.37463,130.960092,0.0,2,19,0.68
372.96,30.37463,130.960092,0.0,2,19,0.68
373.03,30.37463,130.960092,0.0,2,19,0.68
373.09,30.37463,130.960092,0.0,2,19,0.68
373.16,30.37463,130.960092,0.0,2,19,0.68
373.23,30.37463,130.960092,0.0,2,19,0.68
373.29,30.37463,130.960092,0.0,2,19,0.68
373.36,30.37463,130.960092,0.0,2,19,0.68
373.44,30.374628,130.960092,0.19,2,19,0.68
373.5,30.374628,130.960092,0.19,2,19,0.68
373.57,30.374628,130.960092,0.19,2,19,0.68
373.63,30.374628,130.960092,0.19,2,19,0.68
373.7,30.374628,130.960092,0.19,2,19,0.68
373.77,30.374628,130.960092,0.19,2,19,0.68
373.83,30.374628,130.960092,0.19,2,19,0.68
373.9,30.374628,130.960092,0.19,2,19,0.68
373.96,30.374628,130.960092,0.19,2,19,0.68
374.03,30.374628,130.960092,0.19,2,19,0.68
374.1,30.374628,130.960092,0.19,2,19,0.68
374.16,30.374628,130.960092,0.19,2,19,0.68
374.23,30.374628,130.960092,0.19,2,19,0.68
374.3,30.374628,130.960092,0.19,2,19,0.68
374.36,30.374628,130.960092,0.19,2,19,0.68
374.43,30.374628,130.960092,0.0,2,19,0.68
374.5,30.374628,130.960092,0.0,2,19,0.68
374.56,30.374628,130.960092,0.0,2,19,0.68
374.63,30.374628,130.960092,0.0,2,19,0.68
374.7,30.374628,130.960092,0.0,2,19,0.68
374.76,30.374628,130.960092,0.0,2,19,0.68
374.83,30.374628,130.960092,0.0,2,19,0.68
374.89,30.374628,130.960092,0.0,2,19,0.68
374.96,30.374628,130.960092,0.0,2,19,0.68
375.03,30.374628,130.960092,0.0,2,19,0.68
375.09,30.374628,130.960092,0.0,2,19,0.68
375.16,30.374628,130.960092,0.0,2,19,0.68
375.23,30.374628,130.960092,0.0,2,19,0.68
375.29,30.374628,130.960092,0.0,2,19,0.68
375.36,30.374628,130.960092,0.0,2,19,0.68
375.43,30.374628,130.960093,0.19,2,19,0.68
375.49,30.374628,130.960093,0.19,2,19,0.68
375.56,30.374628,130.960093,0.19,2,19,0.68
375.63,30.374628,130.960093,0.19,2,19,0.68
375.69,30.374628,130.960093,0.19,2,19,0.68
375.76,30.374628,130.960093,0.19,2,19,0.68
375.82,30.374628,130.960093,0.19,2,19,0.68
375.89,30.374628,130.960093,0.19,2,19,0.68
375.96,30.374628,130.960093,0.19,2,19,0.68
376.02,30.374628,130.960093,0.19,2,19,0.68
376.09,30.374628,130.960093,0.19,2,19,0.68
376.16,30.374628,130.960093,0.19,2,19,0.68
376.22,30.374628,130.960093,0.19,2,19,0.68
376.29,30.374628,130.960093,0.19,2,19,0.68
376.36,30.374628,130.960093,0.19,2,19,0.68
376.42,30.374628,130.960093,0.0,2,19,0.68
376.49,30.374628,130.960093,0.0,2,19,0.68
376.56,30.374628,130.960093,0.0,2,19,0.68
376.62,30.374628,130.960093,0.0,2,19,0.68
376.69,30.374628,130.960093,0.0,2,19,0.68
376.76,30.374628,130.960093,0.0,2,19,0.68
376.82,30.374628,130.960093,0.0,2,19,0.68
376.89,30.374628,130.960093,0.0,2,19,0.68
376.96,30.374628,130.960093,0.0,2,19,0.68
377.02,30.374628,130.960093,0.0,2,19,0.68
377.09,30.374628,130.960093,0.0,2,19,0.68
377.16,30.374628,130.960093,0.0,2,19,0.68
377.22,30.374628,130.960093,0.0,2,19,0.68
377.29,30.374628,130.960093,0.0,2,19,0.68
377.36,30.374628,130.960093,0.0,2,19,0.68
377.42,30.374628,130.960093,0.0,2,19,0.68
377.49,30.374628,130.960093,0.0,2,19,0.68
377.56,30.374628,130.960093,0.0,2,19,0.68
377.62,30.374628,130.960093,0.0,2,19,0.68
377.69,30.374628,130.960093,0.0,2,19,0.68
377.76,30.374628,130.960093,0.0,2,19,0.68
377.82,30.374628,130.960093,0.0,2,19,0.68
377.89,30.374628,130.960093,0.0,2,19,0.68
377.96,30.374628,130.960093,0.0,2,19,0.68
378.02,30.374628,130.960093,0.0,2,19,0.68
378.09,30.374628,130.960093,0.0,2,19,0.68
378.16,30.374628,130.960093,0.0,2,19,0.68
378.22,30.374628,130.960093,0.0,2,19,0.68
378.29,30.374628,130.960093,0.0,2,19,0.68
378.36,30.374628,130.960093,0.0,2,19,0.68
378.42,30.374628,130.960093,0.0,2,19,0.68
378.49,30.374628,130.960093,0.0,2,19,0.68
378.56,30.374628,130.960093,0.0,2,19,0.68
378.63,30.374628,130.960093,0.0,2,19,0.68
378.69,30.374628,130.960093,0.0,2,19,0.68
378.76,30.374628,130.960093,0.0,2,19,0.68
378.83,30.374628,130.960093,0.0,2,19,0.68
378.89,30.374628,130.960093,0.0,2,19,0.68
378.96,30.374628,130.960093,0.0,2,19,0.68
379.03,30.374628,130.960093,0.0,2,19,0.68
379.1,30.374628,130.960093,0.0,2,19,0.68
379.16,30.374628,130.960093,0.0,2,19,0.68
379.23,30.374628,130.960093,0.0,2,19,0.68
379.3,30.374628,130.960093,0.0,2,19,0.68
379.36,30.374628,130.960093,0.0,2,19,0.68
379.43,30.374628,130.960093,0.0,2,19,0.65
379.5,30.374628,130.960093,0.0,2,19,0.65
379.56,30.374628,130.960093,0.0,2,19,0.65
379.63,30.374628,130.960093,0.0,2,19,0.65
379.7,30.374628,130.960093,0.0,2,19,0.65
379.76,30.374628,130.960093,0.0,2,19,0.65
379.83,30.374628,130.960093,0.0,2,19,0.65
379.9,30.374628,130.960093,0.0,2,19,0.65
379.96,30.374628,130.960093,0.0,2,19,0.65
380.03,30.374628,130.960093,0.0,2,19,0.65
380.1,30.374628,130.960093,0.0,2,19,0.65
380.17,30.374628,130.960093,0.0,2,19,0.65
380.24,30.374628,130.960093,0.0,2,19,0.65
380.31,30.374628,130.960093,0.0,2,19,0.65
380.37,30.374628,130.960093,0.0,2,19,0.65
380.44,30.374628,130.960093,0.0,2,19,0.68
380.51,30.374628,130.960093,0.0,2,19,0.68
380.57,30.374628,130.960093,0.0,2,19,0.68
380.64,30.374628,130.960093,0.0,2,19,0.68
380.71,30.374628,130.960093,0.0,2,19,0.68
380.77,30.374628,130.960093,0.0,2,19,0.68
380.84,30.374628,130.960093,0.0,2,19,0.68
380.9,30.374628,130.960093,0.0,2,19,0.68
380.97,30.374628,130.960093,0.0,2,19,0.68
381.04,30.374628,130.960093,0.0,2,19,0.68
381.1,30.374628,130.960093,0.0,2,19,0.68
381.17,30.374628,130.960093,0.0,2,19,0.68
381.24,30.374628,130.960093,0.0,2,19,0.68
381.3,30.374628,130.960093,0.0,2,19,0.68
381.37,30.374628,130.960093,0.0,2,19,0.68
381.44,30.374628,130.960093,0.0,2,19,0.68
381.5,30.374628,130.960093,0.0,2,19,0.68
381.57,30.374628,130.960093,0.0,2,19,0.68
381.63,30.374628,130.960093,0.0,2,19,0.68
381.7,30.374628,130.960093,0.0,2,19,0.68
381.77,30.374628,130.960093,0.0,2,19,0.68
381.83,30.374628,130.960093,0.0,2,19,0.68
381.9,30.374628,130.960093,0.0,2,19,0.68
381.97,30.374628,130.960093,0.0,2,19,0.68
382.03,30.374628,130.960093,0.0,2,19,0.68
382.1,30.374628,130.960093,0.0,2,19,0.68
382.17,30.374628,130.960093,0.0,2,19,0.68
382.23,30.374628,130.960093,0.0,2,19,0.68
382.3,30.374628,130.960093,0.0,2,19,0.68
382.37,30.374628,130.960093,0.0,2,19,0.68
382.43,30.374628,130.960093,0.0,2,19,0.68
382.5,30.374628,130.960093,0.0,2,19,0.68
382.57,30.374628,130.960093,0.0,2,19,0.68
382.63,30.374628,130.960093,0.0,2,19,0.68
382.7,30.374628,130.960093,0.0,2,19,0.68
382.76,30.374628,130.960093,0.0,2,19,0.68
382.83,30.374628,130.960093,0.0,2,19,0.68
382.9,30.374628,130.960093,0.0,2,19,0.68
382.96,30.374628,130.960093,0.0,2,19,0.68
383.03,30.374628,130.960093,0.0,2,19,0.68
383.1,30.374628,130.960093,0.0,2,19,0.68
383.16,30.374628,130.960093,0.0,2,19,0.68
383.23,30.374628,130.960093,0.0,2,19,0.68
383.3,30.374628,130.960093,0.0,2,19,0.68
383.36,30.374628,130.960093,0.0,2,19,0.68
383.43,30.374628,130.960093,0.0,2,19,0.68
383.49,30.374628,130.960093,0.0,2,19,0.68
383.56,30.374628,130.960093,0.0,2,19,0.68
383.63,30.374628,130.960093,0.0,2,19,0.68
383.69,30.374628,130.960093,0.0,2,19,0.68
383.76,30.374628,130.960093,0.0,2,19,0.68
383.83,30.374628,130.960093,0.0,2,19,0.68
383.89,30.374628,130.960093,0.0,2,19,0.68
383.96,30.374628,130.960093,0.0,2,19,0.68
384.03,30.374628,130.960093,0.0,2,19,0.68
384.09,30.374628,130.960093,0.0,2,19,0.68
384.16,30.374628,130.960093,0.0,2,19,0.68
384.23,30.374628,130.960093,0.0,2,19,0.68
384.29,30.374628,130.960093,0.0,2,19,0.68
384.36,30.374628,130.960093,0.0,2,19,0.68
384.43,30.374628,130.960093,0.0,2,19,0.68
384.49,30.374628,130.960093,0.0,2,19,0.68
384.56,30.374628,130.960093,0.0,2,19,0.68
384.63,30.374628,130.960093,0.0,2,19,0.68
384.69,30.374628,130.960093,0.0,2,19,0.68
384.76,30.374628,130.960093,0.0,2,19,0.68
384.83,30.374628,130.960093,0.0,2,19,0.68
384.9,30.374628,130.960093,0.0,2,19,0.68
384.96,30.374628,130.960093,0.0,2,19,0.68
385.03,30.374628,130.960093,0.0,2,19,0.68
385.1,30.374628,130.960093,0.0,2,19,0.68
385.16,30.374628,130.960093,0.0,2,19,0.68
385.23,30.374628,130.960093,0.0,2,19,0.68
385.3,30.374628,130.960093,0.0,2,19,0.68
385.36,30.374628,130.960093,0.0,2,19,0.68
385.43,30.374628,130.960093,0.0,2,19,0.68
385.5,30.374628,130.960093,0.0,2,19,0.68
385.56,30.374628,130.960093,0.0,2,19,0.68
385.63,30.374628,130.960093,0.0,2,19,0.68
385.7,30.374628,130.960093,0.0,2,19,0.68
385.76,30.374628,130.960093,0.0,2,19,0.68
385.83,30.374628,130.960093,0.0,2,19,0.68
385.9,30.374628,130.960093,0.0,2,19,0.68
385.96,30.374628,130.960093,0.0,2,19,0.68
386.03,30.374628,130.960093,0.0,2,19,0.68
386.1,30.374628,130.960093,0.0,2,19,0.68
386.16,30.374628,130.960093,0.0,2,19,0.68
386.23,30.374628,130.960093,0.0,2,19,0.68
386.3,30.374628,130.960093,0.0,2,19,0.68
386.36,30.374628,130.960093,0.0,2,19,0.68
386.43,30.374628,130.960093,0.0,2,20,0.6
386.5,30.374628,130.960093,0.0,2,20,0.6
386.56,30.374628,130.960093,0.0,2,20,0.6
386.63,30.374628,130.960093,0.0,2,20,0.6
386.7,30.374628,130.960093,0.0,2,20,0.6
386.77,30.374628,130.960093,0.0,2,20,0.6
386.84,30.374628,130.960093,0.0,2,20,0.6
386.91,30.374628,130.960093,0.0,2,20,0.6
386.98,30.374628,130.960093,0.0,2,20,0.6
387.04,30.374628,130.960093,0.0,2,20,0.6
387.11,30.374628,130.960093,0.0,2,20,0.6
387.17,30.374628,130.960093,0.0,2,20,0.6
387.24,30.374628,130.960093,0.0,2,20,0.6
387.31,30.374628,130.960093,0.0,2,20,0.6
387.37,30.374628,130.960093,0.0,2,20,0.6
387.44,30.374628,130.960093,0.0,2,20,0.6
387.51,30.374628,130.960093,0.0,2,20,0.6
387.57,30.374628,130.960093,0.0,2,20,0.6
387.64,30.374628,130.960093,0.0,2,20,0.6
387.71,30.374628,130.960093,0.0,2,20,0.6
387.77,30.374628,130.960093,0.0,2,20,0.6
387.84,30.374628,130.960093,0.0,2,20,0.6
387.9,30.374628,130.960093,0.0,2,20,0.6
387.97,30.374628,130.960093,0.0,2,20,0.6
388.04,30.374628,130.960093,0.0,2,20,0.6
388.1,30.374628,130.960093,0.0,2,20,0.6
388.17,30.374628,130.960093,0.0,2,20,0.6
388.24,30.374628,130.960093,0.0,2,20,0.6
388.3,30.374628,130.960093,0.0,2,20,0.6
388.37,30.374628,130.960093,0.0,2,20,0.6
388.44,30.374628,130.960093,0.0,2,20,0.59
388.5,30.374628,130.960093,0.0,2,20,0.59
388.57,30.374628,130.960093,0.0,2,20,0.59
388.64,30.374628,130.960093,0.0,2,20,0.59
388.7,30.374628,130.960093,0.0,2,20,0.59
388.77,30.374628,130.960093,0.0,2,20,0.59
388.84,30.374628,130.960093,0.0,2,20,0.59
388.9,30.374628,130.960093,0.0,2,20,0.59
388.97,30.374628,130.960093,0.0,2,20,0.59
389.04,30.374628,130.960093,0.0,2,20,0.59
389.1,30.374628,130.960093,0.0,2,20,0.59
389.17,30.374628,130.960093,0.0,2,20,0.59
389.24,30.374628,130.960093,0.0,2,20,0.59
389.3,30.374628,130.960093,0.0,2,20,0.59
389.37,30.374628,130.960093,0.0,2,20,0.59
389.44,30.374628,130.960093,0.0,2,20,0.6
389.5,30.374628,130.960093,0.0,2,20,0.6
389.57,30.374628,130.960093,0.0,2,20,0.6
389.64,30.374628,130.960093,0.0,2,20,0.6
389.7,30.374628,130.960093,0.0,2,20,0.6
389.77,30.374628,130.960093,0.0,2,20,0.6
389.84,30.374628,130.960093,0.0,2,20,0.6
389.9,30.374628,130.960093,0.0,2,20,0.6
389.97,30.374628,130.960093,0.0,2,20,0.6
390.04,30.374628,130.960093,0.0,2,20,0.6
390.1,30.374628,130.960093,0.0,2,20,0.6
390.17,30.374628,130.960093,0.0,2,20,0.6
390.24,30.374628,130.960093,0.0,2,20,0.6
390.3,30.374628,130.960093,0.0,2,20,0.6
390.37,30.374628,130.960093,0.0,2,20,0.6
390.44,30.374628,130.960093,0.0,2,20,0.6
390.5,30.374628,130.960093,0.0,2,20,0.6
390.57,30.374628,130.960093,0.0,2,20,0.6
390.64,30.374628,130.960093,0.0,2,20,0.6
390.7,30.374628,130.960093,0.0,2,20,0.6
390.77,30.374628,130.960093,0.0,2,20,0.6
390.84,30.374628,130.960093,0.0,2,20,0.6
390.91,30.374628,130.960093,0.0,2,20,0.6
390.97,30.374628,130.960093,0.0,2,20,0.6
391.04,30.374628,130.960093,0.0,2,20,0.6
391.11,30.374628,130.960093,0.0,2,20,0.6
391.17,30.374628,130.960093,0.0,2,20,0.6
391.24,30.374628,130.960093,0.0,2,20,0.6
391.31,30.374628,130.960093,0.0,2,20,0.6
391.37,30.374628,130.960093,0.0,2,20,0.6
391.44,30.374628,130.960093,0.0,2,20,0.6
391.51,30.374628,130.960093,0.0,2,20,0.6
391.57,30.374628,130.960093,0.0,2,20,0.6
391.64,30.374628,130.960093,0.0,2,20,0.6
391.71,30.374628,130.960093,0.0,2,20,0.6
391.77,30.374628,130.960093,0.0,2,20,0.6
391.84,30.374628,130.960093,0.0,2,20,0.6
391.91,30.374628,130.960093,0.0,2,20,0.6
391.98,30.374628,130.960093,0.0,2,20,0.6
392.04,30.374628,130.960093,0.0,2,20,0.6
392.11,30.374628,130.960093,0.0,2,20,0.6
392.18,30.374628,130.960093,0.0,2,20,0.6
392.24,30.374628,130.960093,0.0,2,20,0.6
392.31,30.374628,130.960093,0.0,2,20,0.6
392.38,30.374628,130.960093,0.0,2,20,0.6
392.45,30.374628,130.960093,0.0,2,20,0.6
392.51,30.374628,130.960093,0.0,2,20,0.6
392.58,30.374628,130.960093,0.0,2,20,0.6
392.65,30.374628,130.960093,0.0,2,20,0.6
392.71,30.374628,130.960093,0.0,2,20,0.6
392.78,30.374628,130.960093,0.0,2,20,0.6
392.85,30.374628,130.960093,0.0,2,20,0.6
392.92,30.374628,130.960093,0.0,2,20,0.6
392.98,30.374628,130.960093,0.0,2,20,0.6
393.05,30.374628,130.960093,0.0,2,20,0.6
393.12,30.374628,130.960093,0.0,2,20,0.6
393.18,30.374628,130.960093,0.0,2,20,0.6
393.25,30.374628,130.960093,0.0,2,20,0.6
393.32,30.374628,130.960093,0.0,2,20,0.6
393.39,30.374628,130.960093,0.0,2,20,0.6
393.46,30.374628,130.960093,0.0,2,20,0.6
393.53,30.374628,130.960093,0.0,2,20,0.6
393.59,30.374628,130.960093,0.0,2,20,0.6
393.66,30.374628,130.960093,0.0,2,20,0.6
393.72,30.374628,130.960093,0.0,2,20,0.6
393.79,30.374628,130.960093,0.0,2,20,0.6
393.86,30.374628,130.960093,0.0,2,20,0.6
393.92,30.374628,130.960093,0.0,2,20,0.6
393.99,30.374628,130.960093,0.0,2,20,0.6
394.06,30.374628,130.960093,0.0,2,20,0.6
394.12,30.374628,130.960093,0.0,2,20,0.6
394.19,30.374628,130.960093,0.0,2,20,0.6
394.26,30.374628,130.960093,0.0,2,20,0.6
394.32,30.374628,130.960093,0.0,2,20,0.6
394.39,30.374628,130.960093,0.0,2,20,0.6
394.45,30.374628,130.960093,0.0,2,20,0.6
394.52,30.374628,130.960093,0.0,2,20,0.6
394.59,30.374628,130.960093,0.0,2,20,0.6
394.66,30.374628,130.960093,0.0,2,20,0.6
394.73,30.374628,130.960093,0.0,2,20,0.6
394.8,30.374628,130.960093,0.0,2,20,0.6
394.86,30.374628,130.960093,0.0,2,20,0.6
394.93,30.374628,130.960093,0.0,2,20,0.6
394.99,30.374628,130.960093,0.0,2,20,0.6
395.06,30.374628,130.960093,0.0,2,20,0.6
395.12,30.374628,130.960093,0.0,2,20,0.6
395.19,30.374628,130.960093,0.0,2,20,0.6
395.26,30.374628,130.960093,0.0,2,20,0.6
395.32,30.374628,130.960093,0.0,2,20,0.6
395.39,30.374628,130.960093,0.0,2,20,0.6
395.46,30.374628,130.960095,0.18,2,20,0.6
395.52,30.374628,130.960095,0.18,2,20,0.6
395.59,30.374628,130.960095,0.18,2,20,0.6
395.66,30.374628,130.960095,0.18,2,20,0.6
395.72,30.374628,130.960095,0.18,2,20,0.6
395.79,30.374628,130.960095,0.18,2,20,0.6
395.85,30.374628,130.960095,0.18,2,20,0.6
395.92,30.374628,130.960095,0.18,2,20,0.6
395.99,30.374628,130.960095,0.18,2,20,0.6
396.05,30.374628,130.960095,0.18,2,20,0.6
396.12,30.374628,130.960095,0.18,2,20,0.6
396.19,30.374628,130.960095,0.18,2,20,0.6
396.25,30.374628,130.960095,0.18,2,20,0.6
396.32,30.374628,130.960095,0.18,2,20,0.6
396.39,30.374628,130.960095,0.0,2,20,0.6
396.45,30.374628,130.960095,0.0,2,20,0.6
396.52,30.374628,130.960095,0.0,2,20,0.6
396.59,30.374628,130.960095,0.0,2,20,0.6
396.65,30.374628,130.960095,0.0,2,20,0.6
396.72,30.374628,130.960095,0.0,2,20,0.6
396.79,30.374628,130.960095,0.0,2,20,0.6
396.85,30.374628,130.960095,0.0,2,20,0.6
396.92,30.374628,130.960095,0.0,2,20,0.6
396.99,30.374628,130.960095,0.0,2,20,0.6
397.05,30.374628,130.960095,0.0,2,20,0.6
397.12,30.374628,130.960095,0.0,2,20,0.6
397.19,30.374628,130.960095,0.0,2,20,0.6
397.25,30.374628,130.960095,0.0,2,20,0.6
397.32,30.374628,130.960095,0.0,2,20,0.6
397.38,30.374628,130.960095,0.0,2,20,0.6
397.45,30.374628,130.960095,0.0,2,20,0.6
397.52,30.374628,130.960095,0.0,2,20,0.6
397.59,30.374628,130.960095,0.0,2,20,0.6
397.65,30.374628,130.960095,0.0,2,20,0.6
397.72,30.374628,130.960095,0.0,2,20,0.6
397.79,30.374628,130.960095,0.0,2,20,0.6
397.85,30.374628,130.960095,0.0,2,20,0.6
397.92,30.374628,130.960095,0.0,2,20,0.6
397.99,30.374628,130.960095,0.0,2,20,0.6
398.05,30.374628,130.960095,0.0,2,20,0.6
398.12,30.374628,130.960095,0.0,2,20,0.6
398.18,30.374628,130.960095,0.0,2,20,0.6
398.25,30.374628,130.960095,0.0,2,20,0.6
398.32,30.374628,130.960095,0.0,2,20,0.6
398.38,30.374628,130.960095,0.0,2,20,0.6
398.45,30.374627,130.960095,0.2,2,20,0.6
398.52,30.374627,130.960095,0.2,2,20,0.6
398.58,30.374627,130.960095,0.2,2,20,0.6
398.65,30.374627,130.960095,0.2,2,20,0.6
398.72,30.374627,130.960095,0.2,2,20,0.6
398.78,30.374627,130.960095,0.2,2,20,0.6
398.85,30.374627,130.960095,0.2,2,20,0.6
398.92,30.374627,130.960095,0.2,2,20,0.6
398.98,30.374627,130.960095,0.2,2,20,0.6
399.05,30.374627,130.960095,0.2,2,20,0.6
399.12,30.374627,130.960095,0.2,2,20,0.6
399.18,30.374627,130.960095,0.2,2,20,0.6
399.25,30.374627,130.960095,0.2,2,20,0.6
399.32,30.374627,130.960095,0.2,2,20,0.6
399.38,30.374627,130.960095,0.2,2,20,0.6
399.45,30.374627,130.960097,0.2,2,20,0.6
399.52,30.374627,130.960097,0.2,2,20,0.6
399.58,30.374627,130.960097,0.2,2,20,0.6
399.65,30.374627,130.960097,0.2,2,20,0.6
399.72,30.374627,130.960097,0.2,2,20,0.6
399.78,30.374627,130.960097,0.2,2,20,0.6
399.85,30.374627,130.960097,0.2,2,20,0.6
399.92,30.374627,130.960097,0.2,2,20,0.6
399.98,30.374627,130.960097,0.2,2,20,0.6
400.05,30.374627,130.960097,0.2,2,20,0.6
400.12,30.374627,130.960097,0.2,2,20,0.6
400.19,30.374627,130.960097,0.2,2,20,0.6
400.25,30.374627,130.960097,0.2,2,20,0.6
400.32,30.374627,130.960097,0.2,2,20,0.6
400.39,30.374627,130.960097,0.2,2,20,0.6
400.45,30.374627,130.960097,0.13,2,20,0.59
400.52,30.374627,130.960097,0.13,2,20,0.59
400.59,30.374627,130.960097,0.13,2,20,0.59
400.66,30.374627,130.960097,0.13,2,20,0.59
400.72,30.374627,130.960097,0.13,2,20,0.59
400.79,30.374627,130.960097,0.13,2,20,0.59
400.86,30.374627,130.960097,0.13,2,20,0.59
400.92,30.374627,130.960097,0.13,2,20,0.59
400.99,30.374627,130.960097,0.13,2,20,0.59
401.06,30.374627,130.960097,0.13,2,20,0.59
401.12,30.374627,130.960097,0.13,2,20,0.59
401.19,30.374627,130.960097,0.13,2,20,0.59
401.26,30.374627,130.960097,0.13,2,20,0.59
401.33,30.374627,130.960097,0.13,2,20,0.59
401.4,30.374627,130.960097,0.13,2,20,0.59
401.46,30.374627,130.960097,0.14,2,20,0.6
401.53,30.374627,130.960097,0.14,2,20,0.6
401.6,30.374627,130.960097,0.14,2,20,0.6
401.66,30.374627,130.960097,0.14,2,20,0.6
401.73,30.374627,130.960097,0.14,2,20,0.6
401.79,30.374627,130.960097,0.14,2,20,0.6
401.86,30.374627,130.960097,0.14,2,20,0.6
401.93,30.374627,130.960097,0.14,2,20,0.6
401.99,30.374627,130.960097,0.14,2,20,0.6
402.06,30.374627,130.960097,0.14,2,20,0.6
402.13,30.374627,130.960097,0.14,2,20,0.6
402.19,30.374627,130.960097,0.14,2,20,0.6
402.26,30.374627,130.960097,0.14,2,20,0.6
402.32,30.374627,130.960097,0.14,2,20,0.6
402.39,30.374627,130.960097,0.13,2,20,0.6
402.46,30.374627,130.960097,0.13,2,20,0.6
402.52,30.374627,130.960097,0.13,2,20,0.6
402.59,30.374627,130.960097,0.13,2,20,0.6
402.66,30.374627,130.960097,0.13,2,20,0.6
402.72,30.374627,130.960097,0.13,2,20,0.6
402.79,30.374627,130.960097,0.13,2,20,0.6
402.86,30.374627,130.960097,0.13,2,20,0.6
402.92,30.374627,130.960097,0.13,2,20,0.6
402.99,30.374627,130.960097,0.13,2,20,0.6
403.05,30.374627,130.960097,0.13,2,20,0.6
403.12,30.374627,130.960097,0.13,2,20,0.6
403.19,30.374627,130.960097,0.13,2,20,0.6
403.25,30.374627,130.960097,0.13,2,20,0.6
403.32,30.374627,130.960097,0.13,2,20,0.6
403.38,30.374627,130.960097,0.13,2,20,0.6
403.45,30.374627,130.960095,0.2,2,20,0.6
403.52,30.374627,130.960095,0.2,2,20,0.6
403.59,30.374627,130.960095,0.2,2,20,0.6
403.65,30.374627,130.960095,0.2,2,20,0.6
403.72,30.374627,130.960095,0.2,2,20,0.6
403.78,30.374627,130.960095,0.2,2,20,0.6
403.85,30.374627,130.960095,0.2,2,20,0.6
403.92,30.374627,130.960095,0.2,2,20,0.6
403.98,30.374627,130.960095,0.2,2,20,0.6
404.05,30.374627,130.960095,0.2,2,20,0.6
404.12,30.374627,130.960095,0.2,2,20,0.6
404.18,30.374627,130.960095,0.2,2,20,0.6
404.25,30.374627,130.960095,0.2,2,20,0.6
404.32,30.374627,130.960095,0.2,2,20,0.6
404.38,30.374627,130.960095,0.13,2,20,0.6
404.45,30.374627,130.960095,0.13,2,20,0.6
404.52,30.374627,130.960095,0.13,2,20,0.6
404.58,30.374627,130.960095,0.13,2,20,0.6
404.65,30.374627,130.960095,0.13,2,20,0.6
404.72,30.374627,130.960095,0.13,2,20,0.6
404.78,30.374627,130.960095,0.13,2,20,0.6
404.85,30.374627,130.960095,0.13,2,20,0.6
404.92,30.374627,130.960095,0.13,2,20,0.6
404.98,30.374627,130.960095,0.13,2,20,0.6
405.05,30.374627,130.960095,0.13,2,20,0.6
405.12,30.374627,130.960095,0.13,2,20,0.6
405.18,30.374627,130.960095,0.13,2,20,0.6
405.25,30.374627,130.960095,0.13,2,20,0.6
405.32,30.374627,130.960095,0.13,2,20,0.6
405.38,30.374627,130.960095,0.14,2,20,0.6
405.45,30.374627,130.960095,0.14,2,20,0.6
405.52,30.374627,130.960095,0.14,2,20,0.6
405.58,30.374627,130.960095,0.14,2,20,0.6
405.65,30.374627,130.960095,0.14,2,20,0.6
405.72,30.374627,130.960095,0.14,2,20,0.6
405.78,30.374627,130.960095,0.14,2,20,0.6
405.85,30.374627,130.960095,0.14,2,20,0.6
405.92,30.374627,130.960095,0.14,2,20,0.6
405.98,30.374627,130.960095,0.14,2,20,0.6
406.05,30.374627,130.960095,0.14,2,20,0.6
406.12,30.374627,130.960095,0.14,2,20,0.6
406.18,30.374627,130.960095,0.14,2,20,0.6
406.25,30.374627,130.960095,0.14,2,20,0.6
406.32,30.374627,130.960095,0.14,2,20,0.6
406.38,30.374627,130.960095,0.13,2,20,0.59
406.46,30.374627,130.960095,0.13,2,20,0.59
406.52,30.374627,130.960095,0.13,2,20,0.59
406.59,30.374627,130.960095,0.13,2,20,0.59
406.66,30.374627,130.960095,0.13,2,20,0.59
406.72,30.374627,130.960095,0.13,2,20,0.59
406.79,30.374627,130.960095,0.13,2,20,0.59
406.86,30.374627,130.960095,0.13,2,20,0.59
406.93,30.374627,130.960095,0.13,2,20,0.59
406.99,30.374627,130.960095,0.13,2,20,0.59
407.06,30.374627,130.960095,0.13,2,20,0.59
407.13,30.374627,130.960095,0.13,2,20,0.59
407.19,30.374627,130.960095,0.13,2,20,0.59
407.26,30.374627,130.960095,0.13,2,20,0.59
407.33,30.374627,130.960095,0.13,2,20,0.59
407.39,30.374627,130.960095,0.14,2,20,0.6
407.46,30.374627,130.960095,0.14,2,20,0.6
407.53,30.374627,130.960095,0.14,2,20,0.6
407.6,30.374627,130.960095,0.14,2,20,0.6
407.66,30.374627,130.960095,0.14,2,20,0.6
407.73,30.374627,130.960095,0.14,2,20,0.6
407.8,30.374627,130.960095,0.14,2,20,0.6
407.87,30.374627,130.960095,0.14,2,20,0.6
407.94,30.374627,130.960095,0.14,2,20,0.6
408.01,30.374627,130.960095,0.14,2,20,0.6
408.07,30.374627,130.960095,0.14,2,20,0.6
408.14,30.374627,130.960095,0.14,2,20,0.6
408.21,30.374627,130.960095,0.14,2,20,0.6
408.27,30.374627,130.960095,0.14,2,20,0.6
408.34,30.374627,130.960095,0.14,2,20,0.6
408.4,30.374627,130.960095,0.13,2,20,0.6
408.47,30.374627,130.960095,0.13,2,20,0.6
408.54,30.374627,130.960095,0.13,2,20,0.6
408.6,30.374627,130.960095,0.13,2,20,0.6
408.67,30.374627,130.960095,0.13,2,20,0.6
408.74,30.374627,130.960095,0.13,2,20,0.6
408.8,30.374627,130.960095,0.13,2,20,0.6
408.87,30.374627,130.960095,0.13,2,20,0.6
408.93,30.374627,130.960095,0.13,2,20,0.6
409.0,30.374627,130.960095,0.13,2,20,0.6
409.07,30.374627,130.960095,0.13,2,20,0.6
409.13,30.374627,130.960095,0.13,2,20,0.6
409.2,30.374627,130.960095,0.13,2,20,0.6
409.26,30.374627,130.960095,0.13,2,20,0.6
409.33,30.374627,130.960095,0.13,2,20,0.6
409.4,30.374627,130.960095,0.13,2,20,0.6
409.46,30.374627,130.960095,0.14,2,20,0.6
409.53,30.374627,130.960095,0.14,2,20,0.6
409.6,30.374627,130.960095,0.14,2,20,0.6
409.66,30.374627,130.960095,0.14,2,20,0.6
409.73,30.374627,130.960095,0.14,2,20,0.6
409.8,30.374627,130.960095,0.14,2,20,0.6
409.86,30.374627,130.960095,0.14,2,20,0.6
409.93,30.374627,130.960095,0.14,2,20,0.6
410.0,30.374627,130.960095,0.14,2,20,0.6
410.06,30.374627,130.960095,0.14,2,20,0.6
410.13,30.374627,130.960095,0.14,2,20,0.6
410.2,30.374627,130.960095,0.14,2,20,0.6
410.26,30.374627,130.960095,0.14,2,20,0.6
410.33,30.374627,130.960095,0.14,2,20,0.6
410.39,30.374627,130.960095,0.13,2,20,0.6
410.46,30.374627,130.960095,0.13,2,20,0.6
410.53,30.374627,130.960095,0.13,2,20,0.6
410.6,30.374627,130.960095,0.13,2,20,0.6
410.66,30.374627,130.960095,0.13,2,20,0.6
410.73,30.374627,130.960095,0.13,2,20,0.6
410.79,30.374627,130.960095,0.13,2,20,0.6
410.86,30.374627,130.960095,0.13,2,20,0.6
410.93,30.374627,130.960095,0.13,2,20,0.6
410.99,30.374627,130.960095,0.13,2,20,0.6
411.06,30.374627,130.960095,0.13,2,20,0.6
411.13,30.374627,130.960095,0.13,2,20,0.6
411.19,30.374627,130.960095,0.13,2,20,0.6
411.26,30.374627,130.960095,0.13,2,20,0.6
411.33,30.374627,130.960095,0.13,2,20,0.6
411.39,30.374627,130.960095,0.13,2,20,0.6
411.46,30.374627,130.960095,0.14,2,20,0.59
411.53,30.374627,130.960095,0.14,2,20,0.59
411.6,30.374627,130.960095,0.14,2,20,0.59
411.66,30.374627,130.960095,0.14,2,20,0.59
411.73,30.374627,130.960095,0.14,2,20,0.59
411.8,30.374627,130.960095,0.14,2,20,0.59
411.86,30.374627,130.960095,0.14,2,20,0.59
411.93,30.374627,130.960095,0.14,2,20,0.59
412.0,30.374627,130.960095,0.14,2,20,0.59
412.06,30.374627,130.960095,0.14,2,20,0.59
412.13,30.374627,130.960095,0.14,2,20,0.59
412.2,30.374627,130.960095,0.14,2,20,0.59
412.26,30.374627,130.960095,0.14,2,20,0.59
412.33,30.374627,130.960095,0.14,2,20,0.59
412.4,30.374627,130.960097,0.19,2,20,0.6
412.47,30.374627,130.960097,0.19,2,20,0.6
412.53,30.374627,130.960097,0.19,2,20,0.6
412.6,30.374627,130.960097,0.19,2,20,0.6
412.67,30.374627,130.960097,0.19,2,20,0.6
412.73,30.374627,130.960097,0.19,2,20,0.6
412.8,30.374627,130.960097,0.19,2,20,0.6
412.87,30.374627,130.960097,0.19,2,20,0.6
412.93,30.374627,130.960097,0.19,2,20,0.6
413.0,30.374627,130.960097,0.19,2,20,0.6
413.06,30.374627,130.960097,0.19,2,20,0.6
413.13,30.374627,130.960097,0.19,2,20,0.6
413.2,30.374627,130.960097,0.19,2,20,0.6
413.26,30.374627,130.960097,0.19,2,20,0.6
413.33,30.374627,130.960097,0.19,2,20,0.6
413.4,30.374627,130.960097,0.14,2,20,0.6
413.47,30.374627,130.960097,0.14,2,20,0.6
413.53,30.374627,130.960097,0.14,2,20,0.6
413.6,30.374627,130.960097,0.14,2,20,0.6
413.67,30.374627,130.960097,0.14,2,20,0.6
413.74,30.374627,130.960097,0.14,2,20,0.6
413.8,30.374627,130.960097,0.14,2,20,0.6
413.87,30.374627,130.960097,0.14,2,20,0.6
413.94,30.374627,130.960097,0.14,2,20,0.6
414.0,30.374627,130.960097,0.14,2,20,0.6
414.07,30.374627,130.960097,0.14,2,20,0.6
414.14,30.374627,130.960097,0.14,2,20,0.6
414.2,30.374627,130.960097,0.14,2,20,0.6
414.27,30.374627,130.960097,0.14,2,20,0.6
414.34,30.374627,130.960097,0.14,2,20,0.6
414.41,30.374627,130.960095,0.19,2,20,0.59
414.48,30.374627,130.960095,0.19,2,20,0.59
414.55,30.374627,130.960095,0.19,2,20,0.59
414.61,30.374627,130.960095,0.19,2,20,0.59
414.68,30.374627,130.960095,0.19,2,20,0.59
414.75,30.374627,130.960095,0.19,2,20,0.59
414.81,30.374627,130.960095,0.19,2,20,0.59
414.88,30.374627,130.960095,0.19,2,20,0.59
414.94,30.374627,130.960095,0.19,2,20,0.59
415.01,30.374627,130.960095,0.19,2,20,0.59
415.08,30.374627,130.960095,0.19,2,20,0.59
415.14,30.374627,130.960095,0.19,2,20,0.59
415.21,30.374627,130.960095,0.19,2,20,0.59
415.27,30.374627,130.960095,0.19,2,20,0.59
415.34,30.374627,130.960095,0.19,2,20,0.59
415.41,30.374627,130.960095,0.14,2,20,0.59
415.47,30.374627,130.960095,0.14,2,20,0.59
415.54,30.374627,130.960095,0.14,2,20,0.59
415.61,30.374627,130.960095,0.14,2,20,0.59
415.67,30.374627,130.960095,0.14,2,20,0.59
415.74,30.374627,130.960095,0.14,2,20,0.59
415.81,30.374627,130.960095,0.14,2,20,0.59
415.87,30.374627,130.960095,0.14,2,20,0.59
415.94,30.374627,130.960095,0.14,2,20,0.59
416.0,30.374627,130.960095,0.14,2,20,0.59
416.07,30.374627,130.960095,0.14,2,20,0.59
416.14,30.374627,130.960095,0.14,2,20,0.59
416.2,30.374627,130.960095,0.14,2,20,0.59
416.27,30.374627,130.960095,0.14,2,20,0.59
416.34,30.374627,130.960095,0.14,2,20,0.59
416.4,30.374627,130.960095,0.13,2,20,0.59
416.47,30.374627,130.960095,0.13,2,20,0.59
416.54,30.374627,130.960095,0.13,2,20,0.59
416.6,30.374627,130.960095,0.13,2,20,0.59
416.67,30.374627,130.960095,0.13,2,20,0.59
416.74,30.374627,130.960095,0.13,2,20,0.59
416.8,30.374627,130.960095,0.13,2,20,0.59
416.87,30.374627,130.960095,0.13,2,20,0.59
416.93,30.374627,130.960095,0.13,2,20,0.59
417.0,30.374627,130.960095,0.13,2,20,0.59
417.07,30.374627,130.960095,0.13,2,20,0.59
417.13,30.374627,130.960095,0.13,2,20,0.59
417.2,30.374627,130.960095,0.13,2,20,0.59
417.27,30.374627,130.960095,0.13,2,20,0.59
417.34,30.374627,130.960095,0.13,2,20,0.59
417.4,30.374627,130.960095,0.14,2,20,0.59
417.47,30.374627,130.960095,0.14,2,20,0.59
417.54,30.374627,130.960095,0.14,2,20,0.59
417.6,30.374627,130.960095,0.14,2,20,0.59
417.67,30.374627,130.960095,0.14,2,20,0.59
417.73,30.374627,130.960095,0.14,2,20,0.59
417.8,30.374627,130.960095,0.14,2,20,0.59
417.87,30.374627,130.960095,0.14,2,20,0.59
417.93,30.374627,130.960095,0.14,2,20,0.59
418.0,30.374627,130.960095,0.14,2,20,0.59
418.07,30.374627,130.960095,0.14,2,20,0.59
418.13,30.374627,130.960095,0.14,2,20,0.59
418.2,30.374627,130.960095,0.14,2,20,0.59
418.27,30.374627,130.960095,0.14,2,20,0.59
418.34,30.374627,130.960095,0.14,2,20,0.59
418.4,30.374627,130.960095,0.13,2,20,0.6
418.47,30.374627,130.960095,0.13,2,20,0.6
418.54,30.374627,130.960095,0.13,2,20,0.6
418.6,30.374627,130.960095,0.13,2,20,0.6
418.67,30.374627,130.960095,0.13,2,20,0.6
418.74,30.374627,130.960095,0.13,2,20,0.6
418.8,30.374627,130.960095,0.13,2,20,0.6
418.87,30.374627,130.960095,0.13,2,20,0.6
418.94,30.374627,130.960095,0.13,2,20,0.6
419.0,30.374627,130.960095,0.13,2,20,0.6
419.07,30.374627,130.960095,0.13,2,20,0.6
419.14,30.374627,130.960095,0.13,2,20,0.6
419.2,30.374627,130.960095,0.13,2,20,0.6
419.27,30.374627,130.960095,0.13,2,20,0.6
419.34,30.374627,130.960095,0.13,2,20,0.6
419.4,30.374627,130.960095,0.14,2,20,0.6
419.47,30.374627,130.960095,0.14,2,20,0.6
419.54,30.374627,130.960095,0.14,2,20,0.6
419.6,30.374627,130.960095,0.14,2,20,0.6
419.67,30.374627,130.960095,0.14,2,20,0.6
419.74,30.374627,130.960095,0.14,2,20,0.6
419.81,30.374627,130.960095,0.14,2,20,0.6
419.87,30.374627,130.960095,0.14,2,20,0.6
419.94,30.374627,130.960095,0.14,2,20,0.6
420.01,30.374627,130.960095,0.14,2,20,0.6
420.07,30.374627,130.960095,0.14,2,20,0.6
420.14,30.374627,130.960095,0.14,2,20,0.6
420.21,30.374627,130.960095,0.14,2,20,0.6
420.28,30.374627,130.960095,0.14,2,20,0.6
420.34,30.374627,130.960095,0.14,2,20,0.6
420.41,30.374627,130.960095,0.13,2,20,0.59
420.48,30.374627,130.960095,0.13,2,20,0.59
420.54,30.374627,130.960095,0.13,2,20,0.59
420.61,30.374627,130.960095,0.13,2,20,0.59
420.68,30.374627,130.960095,0.13,2,20,0.59
420.74,30.374627,130.960095,0.13,2,20,0.59
420.81,30.374627,130.960095,0.13,2,20,0.59
420.88,30.374627,130.960095,0.13,2,20,0.59
420.94,30.374627,130.960095,0.13,2,20,0.59
421.01,30.374627,130.960095,0.13,2,20,0.59
421.09,30.374627,130.960095,0.13,2,20,0.59
421.15,30.374627,130.960095,0.13,2,20,0.59
421.22,30.374627,130.960095,0.13,2,20,0.59
421.28,30.374627,130.960095,0.13,2,20,0.59
421.35,30.374627,130.960095,0.13,2,20,0.59
421.42,30.374627,130.960095,0.14,2,20,0.59
421.48,30.374627,130.960095,0.14,2,20,0.59
421.55,30.374627,130.960095,0.14,2,20,0.59
421.61,30.374627,130.960095,0.14,2,20,0.59
421.68,30.374627,130.960095,0.14,2,20,0.59
421.75,30.374627,130.960095,0.14,2,20,0.59
421.81,30.374627,130.960095,0.14,2,20,0.59
421.88,30.374627,130.960095,0.14,2,20,0.59
421.95,30.374627,130.960095,0.14,2,20,0.59
422.01,30.374627,130.960095,0.14,2,20,0.59
422.08,30.374627,130.960095,0.14,2,20,0.59
422.15,30.374627,130.960095,0.14,2,20,0.59
422.21,30.374627,130.960095,0.14,2,20,0.59
422.28,30.374627,130.960095,0.14,2,20,0.59
422.35,30.374627,130.960095,0.14,2,20,0.59
422.41,30.374627,130.960095,0.13,2,20,0.59
422.48,30.374627,130.960095,0.13,2,20,0.59
422.54,30.374627,130.960095,0.13,2,20,0.59
422.61,30.374627,130.960095,0.13,2,20,0.59
422.68,30.374627,130.960095,0.13,2,20,0.59
422.74,30.374627,130.960095,0.13,2,20,0.59
422.81,30.374627,130.960095,0.13,2,20,0.59
422.88,30.374627,130.960095,0.13,2,20,0.59
422.94,30.374627,130.960095,0.13,2,20,0.59
423.01,30.374627,130.960095,0.13,2,20,0.59
423.08,30.374627,130.960095,0.13,2,20,0.59
423.14,30.374627,130.960095,0.13,2,20,0.59
423.21,30.374627,130.960095,0.13,2,20,0.59
423.28,30.374627,130.960095,0.13,2,20,0.59
423.34,30.374627,130.960095,0.13,2,20,0.59
423.41,30.374627,130.960095,0.14,2,20,0.59
423.47,30.374627,130.960095,0.14,2,20,0.59
423.54,30.374627,130.960095,0.14,2,20,0.59
423.61,30.374627,130.960095,0.14,2,20,0.59
423.67,30.374627,130.960095,0.14,2,20,0.59
423.74,30.374627,130.960095,0.14,2,20,0.59
423.81,30.374627,130.960095,0.14,2,20,0.59
423.87,30.374627,130.960095,0.14,2,20,0.59
423.94,30.374627,130.960095,0.14,2,20,0.59
424.01,30.374627,130.960095,0.14,2,20,0.59
424.07,30.374627,130.960095,0.14,2,20,0.59
424.14,30.374627,130.960095,0.14,2,20,0.59
424.21,30.374627,130.960095,0.14,2,20,0.59
424.28,30.374627,130.960095,0.14,2,20,0.59
424.34,30.374627,130.960095,0.14,2,20,0.59
424.41,30.374627,130.960095,0.13,2,20,0.59
424.48,30.374627,130.960095,0.13,2,20,0.59
424.54,30.374627,130.960095,0.13,2,20,0.59
424.61,30.374627,130.960095,0.13,2,20,0.59
424.68,30.374627,130.960095,0.13,2,20,0.59
424.74,30.374627,130.960095,0.13,2,20,0.59
424.81,30.374627,130.960095,0.13,2,20,0.59
424.87,30.374627,130.960095,0.13,2,20,0.59
424.94,30.374627,130.960095,0.13,2,20,0.59
425.01,30.374627,130.960095,0.13,2,20,0.59
425.08,30.374627,130.960095,0.13,2,20,0.59
425.14,30.374627,130.960095,0.13,2,20,0.59
425.21,30.374627,130.960095,0.13,2,20,0.59
425.28,30.374627,130.960095,0.13,2,20,0.59
425.34,30.374627,130.960095,0.13,2,20,0.59
425.41,30.374627,130.960097,0.19,2,20,0.59
425.48,30.374627,130.960097,0.19,2,20,0.59
425.54,30.374627,130.960097,0.19,2,20,0.59
425.61,30.374627,130.960097,0.19,2,20,0.59
425.68,30.374627,130.960097,0.19,2,20,0.59
425.74,30.374627,130.960097,0.19,2,20,0.59
425.81,30.374627,130.960097,0.19,2,20,0.59
425.88,30.374627,130.960097,0.19,2,20,0.59
425.95,30.374627,130.960097,0.19,2,20,0.59
426.01,30.374627,130.960097,0.19,2,20,0.59
426.08,30.374627,130.960097,0.19,2,20,0.59
426.15,30.374627,130.960097,0.19,2,20,0.59
426.21,30.374627,130.960097,0.19,2,20,0.59
426.28,30.374627,130.960097,0.19,2,20,0.59
426.35,30.374627,130.960095,0.19,2,20,0.6
426.41,30.374627,130.960095,0.19,2,20,0.6
426.48,30.374627,130.960095,0.19,2,20,0.6
426.55,30.374627,130.960095,0.19,2,20,0.6
426.62,30.374627,130.960095,0.19,2,20,0.6
426.68,30.374627,130.960095,0.19,2,20,0.6
426.75,30.374627,130.960095,0.19,2,20,0.6
426.82,30.374627,130.960095,0.19,2,20,0.6
426.88,30.374627,130.960095,0.19,2,20,0.6
426.95,30.374627,130.960095,0.19,2,20,0.6
427.02,30.374627,130.960095,0.19,2,20,0.6
427.09,30.374627,130.960095,0.19,2,20,0.6
427.15,30.374627,130.960095,0.19,2,20,0.6
427.22,30.374627,130.960095,0.19,2,20,0.6
427.29,30.374627,130.960095,0.19,2,20,0.6
427.35,30.374627,130.960097,0.19,2,20,0.6
427.42,30.374627,130.960097,0.19,2,20,0.6
427.49,30.374627,130.960097,0.19,2,20,0.6
427.56,30.374627,130.960097,0.19,2,20,0.6
427.62,30.374627,130.960097,0.19,2,20,0.6
427.7,30.374627,130.960097,0.19,2,20,0.6
427.76,30.374627,130.960097,0.19,2,20,0.6
427.83,30.374627,130.960097,0.19,2,20,0.6
427.9,30.374627,130.960097,0.19,2,20,0.6
427.96,30.374627,130.960097,0.19,2,20,0.6
428.03,30.374627,130.960097,0.19,2,20,0.6
428.09,30.374627,130.960097,0.19,2,20,0.6
428.16,30.374627,130.960097,0.19,2,20,0.6
428.23,30.374627,130.960097,0.19,2,20,0.6
428.29,30.374627,130.960097,0.19,2,20,0.6
428.36,30.374627,130.960097,0.13,2,20,0.6
428.42,30.374627,130.960097,0.13,2,20,0.6
428.49,30.374627,130.960097,0.13,2,20,0.6
428.56,30.374627,130.960097,0.13,2,20,0.6
428.62,30.374627,130.960097,0.13,2,20,0.6
428.69,30.374627,130.960097,0.13,2,20,0.6
428.76,30.374627,130.960097,0.13,2,20,0.6
428.82,30.374627,130.960097,0.13,2,20,0.6
428.89,30.374627,130.960097,0.13,2,20,0.6
428.96,30.374627,130.960097,0.13,2,20,0.6
429.02,30.374627,130.960097,0.13,2,20,0.6
429.09,30.374627,130.960097,0.13,2,20,0.6
429.15,30.374627,130.960097,0.13,2,20,0.6
429.22,30.374627,130.960097,0.13,2,20,0.6
429.29,30.374627,130.960097,0.13,2,20,0.6
429.35,30.374627,130.960097,0.14,2,20,0.6
429.42,30.374627,130.960097,0.14,2,20,0.6
429.49,30.374627,130.960097,0.14,2,20,0.6
429.55,30.374627,130.960097,0.14,2,20,0.6
429.62,30.374627,130.960097,0.14,2,20,0.6
429.69,30.374627,130.960097,0.14,2,20,0.6
429.75,30.374627,130.960097,0.14,2,20,0.6
429.82,30.374627,130.960097,0.14,2,20,0.6
429.89,30.374627,130.960097,0.14,2,20,0.6
429.95,30.374627,130.960097,0.14,2,20,0.6
430.02,30.374627,130.960097,0.14,2,20,0.6
430.09,30.374627,130.960097,0.14,2,20,0.6
430.15,30.374627,130.960097,0.14,2,20,0.6
430.22,30.374627,130.960097,0.14,2,20,0.6
430.29,30.374627,130.960097,0.14,2,20,0.6
430.35,30.374627,130.960095,0.19,2,20,0.6
430.42,30.374627,130.960095,0.19,2,20,0.6
430.49,30.374627,130.960095,0.19,2,20,0.6
430.55,30.374627,130.960095,0.19,2,20,0.6
430.62,30.374627,130.960095,0.19,2,20,0.6
430.69,30.374627,130.960095,0.19,2,20,0.6
430.76,30.374627,130.960095,0.19,2,20,0.6
430.83,30.374627,130.960095,0.19,2,20,0.6
430.9,30.374627,130.960095,0.19,2,20,0.6
430.96,30.374627,130.960095,0.19,2,20,0.6
431.03,30.374627,130.960095,0.19,2,20,0.6
431.1,30.374627,130.960095,0.19,2,20,0.6
431.16,30.374627,130.960095,0.19,2,20,0.6
431.23,30.374627,130.960095,0.19,2,20,0.6
431.3,30.374627,130.960095,0.19,2,20,0.6
431.36,30.374627,130.960095,0.14,2,20,0.6
431.43,30.374627,130.960095,0.14,2,20,0.6
431.5,30.374627,130.960095,0.14,2,20,0.6
431.56,30.374627,130.960095,0.14,2,20,0.6
431.63,30.374627,130.960095,0.14,2,20,0.6
431.7,30.374627,130.960095,0.14,2,20,0.6
431.76,30.374627,130.960095,0.14,2,20,0.6
431.83,30.374627,130.960095,0.14,2,20,0.6
431.9,30.374627,130.960095,0.14,2,20,0.6
431.96,30.374627,130.960095,0.14,2,20,0.6
432.03,30.374627,130.960095,0.14,2,20,0.6
432.1,30.374627,130.960095,0.14,2,20,0.6
432.16,30.374627,130.960095,0.14,2,20,0.6
432.23,30.374627,130.960095,0.14,2,20,0.6
432.3,30.374627,130.960095,0.14,2,20,0.6
432.36,30.374627,130.960095,0.13,2,20,0.6
432.43,30.374627,130.960095,0.13,2,20,0.6
432.5,30.374627,130.960095,0.13,2,20,0.6
432.56,30.374627,130.960095,0.13,2,20,0.6
432.63,30.374627,130.960095,0.13,2,20,0.6
432.7,30.374627,130.960095,0.13,2,20,0.6
432.77,30.374627,130.960095,0.13,2,20,0.6
432.83,30.374627,130.960095,0.13,2,20,0.6
432.9,30.374627,130.960095,0.13,2,20,0.6
432.97,30.374627,130.960095,0.13,2,20,0.6
433.03,30.374627,130.960095,0.13,2,20,0.6
433.1,30.374627,130.960095,0.13,2,20,0.6
433.17,30.374627,130.960095,0.13,2,20,0.6
433.23,30.374627,130.960095,0.13,2,20,0.6
433.3,30.374627,130.960095,0.13,2,20,0.6
433.37,30.374627,130.960097,0.19,2,20,0.6
433.44,30.374627,130.960097,0.19,2,20,0.6
433.5,30.374627,130.960097,0.19,2,20,0.6
433.57,30.374627,130.960097,0.19,2,20,0.6
433.64,30.374627,130.960097,0.19,2,20,0.6
433.7,30.374627,130.960097,0.19,2,20,0.6
433.77,30.374627,130.960097,0.19,2,20,0.6
433.84,30.374627,130.960097,0.19,2,20,0.6
433.9,30.374627,130.960097,0.19,2,20,0.6
433.97,30.374627,130.960097,0.19,2,20,0.6
434.04,30.374627,130.960097,0.19,2,20,0.6
434.11,30.374627,130.960097,0.19,2,20,0.6
434.17,30.374627,130.960097,0.19,2,20,0.6
434.24,30.374627,130.960097,0.19,2,20,0.6
434.31,30.374627,130.960097,0.19,2,20,0.6
434.38,30.374627,130.960097,0.13,2,20,0.6
434.45,30.374627,130.960097,0.13,2,20,0.6
434.51,30.374627,130.960097,0.13,2,20,0.6
434.58,30.374627,130.960097,0.13,2,20,0.6
434.65,30.374627,130.960097,0.13,2,20,0.6
434.71,30.374627,130.960097,0.13,2,20,0.6
434.78,30.374627,130.960097,0.13,2,20,0.6
434.84,30.374627,130.960097,0.13,2,20,0.6
434.91,30.374627,130.960097,0.13,2,20,0.6
434.98,30.374627,130.960097,0.13,2,20,0.6
435.04,30.374627,130.960097,0.13,2,20,0.6
435.11,30.374627,130.960097,0.13,2,20,0.6
435.17,30.374627,130.960097,0.13,2,20,0.6
435.24,30.374627,130.960097,0.13,2,20,0.6
435.31,30.374627,130.960097,0.13,2,20,0.6
435.38,30.374627,130.960097,0.14,2,20,0.6
435.44,30.374627,130.960097,0.14,2,20,0.6
435.51,30.374627,130.960097,0.14,2,20,0.6
435.58,30.374627,130.960097,0.14,2,20,0.6
435.64,30.374627,130.960097,0.14,2,20,0.6
435.72,30.374627,130.960097,0.14,2,20,0.6
435.78,30.374627,130.960097,0.14,2,20,0.6
435.85,30.374627,130.960097,0.14,2,20,0.6
435.92,30.374627,130.960097,0.14,2,20,0.6
435.98,30.374627,130.960097,0.14,2,20,0.6
436.05,30.374627,130.960097,0.14,2,20,0.6
436.11,30.374627,130.960097,0.14,2,20,0.6
436.18,30.374627,130.960097,0.14,2,20,0.6
436.25,30.374627,130.960097,0.14,2,20,0.6
436.31,30.374627,130.960097,0.14,2,20,0.6
436.38,30.374627,130.960097,0.13,2,20,0.6
436.45,30.374627,130.960097,0.13,2,20,0.6
436.51,30.374627,130.960097,0.13,2,20,0.6
436.58,30.374627,130.960097,0.13,2,20,0.6
436.65,30.374627,130.960097,0.13,2,20,0.6
436.71,30.374627,130.960097,0.13,2,20,0.6
436.78,30.374627,130.960097,0.13,2,20,0.6
436.85,30.374627,130.960097,0.13,2,20,0.6
436.91,30.374627,130.960097,0.13,2,20,0.6
436.98,30.374627,130.960097,0.13,2,20,0.6
437.04,30.374627,130.960097,0.13,2,20,0.6
437.11,30.374627,130.960097,0.13,2,20,0.6
437.18,30.374627,130.960097,0.13,2,20,0.6
437.24,30.374627,130.960097,0.13,2,20,0.6
437.31,30.374627,130.960097,0.13,2,20,0.6
437.38,30.374627,130.960097,0.14,2,20,0.6
437.44,30.374627,130.960097,0.14,2,20,0.6
437.51,30.374627,130.960097,0.14,2,20,0.6
437.58,30.374627,130.960097,0.14,2,20,0.6
437.64,30.374627,130.960097,0.14,2,20,0.6
437.71,30.374627,130.960097,0.14,2,20,0.6
437.78,30.374627,130.960097,0.14,2,20,0.6
437.84,30.374627,130.960097,0.14,2,20,0.6
437.91,30.374627,130.960097,0.14,2,20,0.6
437.97,30.374627,130.960097,0.14,2,20,0.6
438.04,30.374627,130.960097,0.14,2,20,0.6
438.11,30.374627,130.960097,0.14,2,20,0.6
438.17,30.374627,130.960097,0.14,2,20,0.6
438.24,30.374627,130.960097,0.14,2,20,0.6
438.31,30.374627,130.960097,0.14,2,20,0.6
438.37,30.374627,130.960097,0.14,2,20,0.6
438.44,30.374627,130.960097,0.14,2,20,0.6
438.51,30.374627,130.960097,0.14,2,20,0.6
438.57,30.374627,130.960097,0.14,2,20,0.6
438.64,30.374627,130.960097,0.14,2,20,0.6
438.71,30.374627,130.960097,0.14,2,20,0.6
438.77,30.374627,130.960097,0.14,2,20,0.6
438.84,30.374627,130.960097,0.14,2,20,0.6
438.91,30.374627,130.960097,0.14,2,20,0.6
438.97,30.374627,130.960097,0.14,2,20,0.6
439.04,30.374627,130.960097,0.14,2,20,0.6
439.11,30.374627,130.960097,0.14,2,20,0.6
439.17,30.374627,130.960097,0.14,2,20,0.6
439.24,30.374627,130.960097,0.14,2,20,0.6
439.31,30.374627,130.960097,0.14,2,20,0.6
439.38,30.374627,130.960097,0.14,2,20,0.6
439.44,30.374627,130.960097,0.14,2,20,0.6
439.51,30.374627,130.960097,0.14,2,20,0.6
439.58,30.374627,130.960097,0.14,2,20,0.6
439.64,30.374627,130.960097,0.14,2,20,0.6
439.71,30.374627,130.960097,0.14,2,20,0.6
439.78,30.374627,130.960097,0.14,2,20,0.6
439.84,30.374627,130.960097,0.14,2,20,0.6
439.91,30.374627,130.960097,0.14,2,20,0.6
439.98,30.374627,130.960097,0.14,2,20,0.6
440.04,30.374627,130.960097,0.14,2,20,0.6
440.11,30.374627,130.960097,0.14,2,20,0.6
440.18,30.374627,130.960097,0.14,2,20,0.6
440.24,30.374627,130.960097,0.14,2,20,0.6
440.31,30.374627,130.960097,0.14,2,20,0.6
440.38,30.374627,130.960097,0.13,2,20,0.6
440.44,30.374627,130.960097,0.13,2,20,0.6
440.51,30.374627,130.960097,0.13,2,20,0.6
440.58,30.374627,130.960097,0.13,2,20,0.6
440.64,30.374627,130.960097,0.13,2,20,0.6
440.71,30.374627,130.960097,0.13,2,20,0.6
440.78,30.374627,130.960097,0.13,2,20,0.6
440.84,30.374627,130.960097,0.13,2,20,0.6
440.91,30.374627,130.960097,0.13,2,20,0.6
440.98,30.374627,130.960097,0.13,2,20,0.6
441.04,30.374627,130.960097,0.13,2,20,0.6
441.11,30.374627,130.960097,0.13,2,20,0.6
441.18,30.374627,130.960097,0.13,2,20,0.6
441.25,30.374627,130.960097,0.13,2,20,0.6
441.31,30.374627,130.960097,0.13,2,20,0.6
441.38,30.374628,130.960095,0.28,2,20,0.6
441.45,30.374628,130.960095,0.28,2,20,0.6
441.51,30.374628,130.960095,0.28,2,20,0.6
441.58,30.374628,130.960095,0.28,2,20,0.6
441.65,30.374628,130.960095,0.28,2,20,0.6
441.71,30.374628,130.960095,0.28,2,20,0.6
441.78,30.374628,130.960095,0.28,2,20,0.6
441.85,30.374628,130.960095,0.28,2,20,0.6
441.91,30.374628,130.960095,0.28,2,20,0.6
441.98,30.374628,130.960095,0.28,2,20,0.6
442.05,30.374628,130.960095,0.28,2,20,0.6
442.12,30.374628,130.960095,0.28,2,20,0.6
442.18,30.374628,130.960095,0.28,2,20,0.6
442.25,30.374628,130.960095,0.28,2,20,0.6
442.32,30.374628,130.960095,0.28,2,20,0.6
442.39,30.374628,130.960095,0.0,2,20,0.6
442.46,30.374628,130.960095,0.0,2,20,0.6
442.52,30.374628,130.960095,0.0,2,20,0.6
442.59,30.374628,130.960095,0.0,2,20,0.6
442.66,30.374628,130.960095,0.0,2,20,0.6
442.72,30.374628,130.960095,0.0,2,20,0.6
442.79,30.374628,130.960095,0.0,2,20,0.6
442.86,30.374628,130.960095,0.0,2,20,0.6
442.92,30.374628,130.960095,0.0,2,20,0.6
442.99,30.374628,130.960095,0.0,2,20,0.6
443.05,30.374628,130.960095,0.0,2,20,0.6
443.12,30.374628,130.960095,0.0,2,20,0.6
443.19,30.374628,130.960095,0.0,2,20,0.6
443.25,30.374628,130.960095,0.0,2,20,0.6
443.32,30.374628,130.960095,0.0,2,20,0.6
443.39,30.374628,130.960095,0.0,2,20,0.6
443.45,30.374628,130.960095,0.0,2,20,0.6
443.52,30.374628,130.960095,0.0,2,20,0.6
443.59,30.374628,130.960095,0.0,2,20,0.6
443.65,30.374628,130.960095,0.0,2,20,0.6
443.72,30.374628,130.960095,0.0,2,20,0.6
443.79,30.374628,130.960095,0.0,2,20,0.6
443.85,30.374628,130.960095,0.0,2,20,0.6
443.92,30.374628,130.960095,0.0,2,20,0.6
443.98,30.374628,130.960095,0.0,2,20,0.6
444.05,30.374628,130.960095,0.0,2,20,0.6
444.12,30.374628,130.960095,0.0,2,20,0.6
444.18,30.374628,130.960095,0.0,2,20,0.6
444.25,30.374628,130.960095,0.0,2,20,0.6
444.32,30.374628,130.960095,0.0,2,20,0.6
444.38,30.374627,130.960095,0.21,2,20,0.6
444.45,30.374627,130.960095,0.21,2,20,0.6
444.52,30.374627,130.960095,0.21,2,20,0.6
444.58,30.374627,130.960095,0.21,2,20,0.6
444.65,30.374627,130.960095,0.21,2,20,0.6
444.72,30.374627,130.960095,0.21,2,20,0.6
444.78,30.374627,130.960095,0.21,2,20,0.6
444.85,30.374627,130.960095,0.21,2,20,0.6
444.92,30.374627,130.960095,0.21,2,20,0.6
444.98,30.374627,130.960095,0.21,2,20,0.6
445.05,30.374627,130.960095,0.21,2,20,0.6
445.12,30.374627,130.960095,0.21,2,20,0.6
445.18,30.374627,130.960095,0.21,2,20,0.6
445.25,30.374627,130.960095,0.21,2,20,0.6
445.32,30.374627,130.960095,0.21,2,20,0.6
445.38,30.374627,130.960095,0.14,2,20,0.6
445.45,30.374627,130.960095,0.14,2,20,0.6
445.52,30.374627,130.960095,0.14,2,20,0.6
445.58,30.374627,130.960095,0.14,2,20,0.6
445.65,30.374627,130.960095,0.14,2,20,0.6
445.71,30.374627,130.960095,0.14,2,20,0.6
445.78,30.374627,130.960095,0.14,2,20,0.6
445.85,30.374627,130.960095,0.14,2,20,0.6
445.91,30.374627,130.960095,0.14,2,20,0.6
445.98,30.374627,130.960095,0.14,2,20,0.6
446.05,30.374627,130.960095,0.14,2,20,0.6
446.11,30.374627,130.960095,0.14,2,20,0.6
446.18,30.374627,130.960095,0.14,2,20,0.6
446.25,30.374627,130.960095,0.14,2,20,0.6
446.31,30.374627,130.960095,0.14,2,20,0.6
446.38,30.374627,130.960095,0.13,2,20,0.6
446.45,30.374627,130.960095,0.13,2,20,0.6
446.52,30.374627,130.960095,0.13,2,20,0.6
446.58,30.374627,130.960095,0.13,2,20,0.6
446.65,30.374627,130.960095,0.13,2,20,0.6
446.72,30.374627,130.960095,0.13,2,20,0.6
446.78,30.374627,130.960095,0.13,2,20,0.6
446.85,30.374627,130.960095,0.13,2,20,0.6
446.92,30.374627,130.960095,0.13,2,20,0.6
446.98,30.374627,130.960095,0.13,2,20,0.6
447.05,30.374627,130.960095,0.13,2,20,0.6
447.12,30.374627,130.960095,0.13,2,20,0.6
447.18,30.374627,130.960095,0.13,2,20,0.6
447.25,30.374627,130.960095,0.13,2,20,0.6
447.32,30.374627,130.960095,0.13,2,20,0.6
447.39,30.374627,130.960095,0.14,2,20,0.6
447.45,30.374627,130.960095,0.14,2,20,0.6
447.52,30.374627,130.960095,0.14,2,20,0.6
447.59,30.374627,130.960095,0.14,2,20,0.6
447.65,30.374627,130.960095,0.14,2,20,0.6
447.72,30.374627,130.960095,0.14,2,20,0.6
447.79,30.374627,130.960095,0.14,2,20,0.6
447.85,30.374627,130.960095,0.14,2,20,0.6
447.92,30.374627,130.960095,0.14,2,20,0.6
447.99,30.374627,130.960095,0.14,2,20,0.6
448.05,30.374627,130.960095,0.14,2,20,0.6
448.12,30.374627,130.960095,0.14,2,20,0.6
448.19,30.374627,130.960095,0.14,2,20,0.6
448.25,30.374627,130.960095,0.14,2,20,0.6
448.32,30.374627,130.960095,0.14,2,20,0.6
448.39,30.374628,130.960095,0.21,2,20,0.6
448.45,30.374628,130.960095,0.21,2,20,0.6
448.52,30.374628,130.960095,0.21,2,20,0.6
448.59,30.374628,130.960095,0.21,2,20,0.6
448.65,30.374628,130.960095,0.21,2,20,0.6
448.72,30.374628,130.960095,0.21,2,20,0.6
448.79,30.374628,130.960095,0.21,2,20,0.6
448.87,30.374628,130.960095,0.21,2,20,0.6
448.93,30.374628,130.960095,0.21,2,20,0.6
449.0,30.374628,130.960095,0.21,2,20,0.6
449.06,30.374628,130.960095,0.21,2,20,0.6
449.13,30.374628,130.960095,0.21,2,20,0.6
449.2,30.374628,130.960095,0.21,2,20,0.6
449.26,30.374628,130.960095,0.21,2,20,0.6
449.33,30.374628,130.960095,0.21,2,20,0.6
449.4,30.374627,130.960095,0.22,2,20,0.6
449.46,30.374627,130.960095,0.22,2,20,0.6
449.53,30.374627,130.960095,0.22,2,20,0.6
449.59,30.374627,130.960095,0.22,2,20,0.6
449.66,30.374627,130.960095,0.22,2,20,0.6
449.73,30.374627,130.960095,0.22,2,20,0.6
449.79,30.374627,130.960095,0.22,2,20,0.6
449.86,30.374627,130.960095,0.22,2,20,0.6
449.92,30.374627,130.960095,0.22,2,20,0.6
449.99,30.374627,130.960095,0.22,2,20,0.6
450.06,30.374627,130.960095,0.22,2,20,0.6
450.12,30.374627,130.960095,0.22,2,20,0.6
450.19,30.374627,130.960095,0.22,2,20,0.6
450.26,30.374627,130.960095,0.22,2,20,0.6
450.32,30.374627,130.960095,0.13,2,20,0.6
450.39,30.374627,130.960095,0.13,2,20,0.6
450.46,30.374627,130.960095,0.13,2,20,0.6
450.52,30.374627,130.960095,0.13,2,20,0.6
450.59,30.374627,130.960095,0.13,2,20,0.6
450.66,30.374627,130.960095,0.13,2,20,0.6
450.72,30.374627,130.960095,0.13,2,20,0.6
450.79,30.374627,130.960095,0.13,2,20,0.6
450.86,30.374627,130.960095,0.13,2,20,0.6
450.92,30.374627,130.960095,0.13,2,20,0.6
450.99,30.374627,130.960095,0.13,2,20,0.6
451.06,30.374627,130.960095,0.13,2,20,0.6
451.12,30.374627,130.960095,0.13,2,20,0.6
451.19,30.374627,130.960095,0.13,2,20,0.6
451.25,30.374627,130.960095,0.13,2,20,0.6
451.32,30.374627,130.960095,0.14,2,20,0.6
451.39,30.374627,130.960095,0.14,2,20,0.6
451.45,30.374627,130.960095,0.14,2,20,0.6
451.52,30.374627,130.960095,0.14,2,20,0.6
451.59,30.374627,130.960095,0.14,2,20,0.6
451.65,30.374627,130.960095,0.14,2,20,0.6
451.72,30.374627,130.960095,0.14,2,20,0.6
451.79,30.374627,130.960095,0.14,2,20,0.6
451.85,30.374627,130.960095,0.14,2,20,0.6
451.92,30.374627,130.960095,0.14,2,20,0.6
451.99,30.374627,130.960095,0.14,2,20,0.6
452.05,30.374627,130.960095,0.14,2,20,0.6
452.12,30.374627,130.960095,0.14,2,20,0.6
452.19,30.374627,130.960095,0.14,2,20,0.6
452.25,30.374627,130.960095,0.14,2,20,0.6
452.32,30.374627,130.960095,0.14,2,20,0.6
452.39,30.374627,130.960095,0.14,2,20,0.6
452.45,30.374627,130.960095,0.14,2,20,0.6
452.52,30.374627,130.960095,0.14,2,20,0.6
452.59,30.374627,130.960095,0.14,2,20,0.6
452.65,30.374627,130.960095,0.14,2,20,0.6
452.72,30.374627,130.960095,0.14,2,20,0.6
452.79,30.374627,130.960095,0.14,2,20,0.6
452.85,30.374627,130.960095,0.14,2,20,0.6
452.92,30.374627,130.960095,0.14,2,20,0.6
452.99,30.374627,130.960095,0.14,2,20,0.6
453.05,30.374627,130.960095,0.14,2,20,0.6
453.12,30.374627,130.960095,0.14,2,20,0.6
453.19,30.374627,130.960095,0.14,2,20,0.6
453.25,30.374627,130.960095,0.14,2,20,0.6
453.32,30.374627,130.960095,0.13,2,20,0.6
453.39,30.374627,130.960095,0.13,2,20,0.6
453.45,30.374627,130.960095,0.13,2,20,0.6
453.52,30.374627,130.960095,0.13,2,20,0.6
453.59,30.374627,130.960095,0.13,2,20,0.6
453.65,30.374627,130.960095,0.13,2,20,0.6
453.72,30.374627,130.960095,0.13,2,20,0.6
453.79,30.374627,130.960095,0.13,2,20,0.6
453.85,30.374627,130.960095,0.13,2,20,0.6
453.92,30.374627,130.960095,0.13,2,20,0.6
453.99,30.374627,130.960095,0.13,2,20,0.6
454.06,30.374627,130.960095,0.13,2,20,0.6
454.12,30.374627,130.960095,0.13,2,20,0.6
454.19,30.374627,130.960095,0.13,2,20,0.6
454.26,30.374627,130.960095,0.13,2,20,0.6
454.32,30.374627,130.960095,0.14,2,20,0.6
454.39,30.374627,130.960095,0.14,2,20,0.6
454.46,30.374627,130.960095,0.14,2,20,0.6
454.53,30.374627,130.960095,0.14,2,20,0.6
454.59,30.374627,130.960095,0.14,2,20,0.6
454.66,30.374627,130.960095,0.14,2,20,0.6
454.73,30.374627,130.960095,0.14,2,20,0.6
454.79,30.374627,130.960095,0.14,2,20,0.6
454.86,30.374627,130.960095,0.14,2,20,0.6
454.93,30.374627,130.960095,0.14,2,20,0.6
454.99,30.374627,130.960095,0.14,2,20,0.6
455.06,30.374627,130.960095,0.14,2,20,0.6
455.13,30.374627,130.960095,0.14,2,20,0.6
455.2,30.374627,130.960095,0.14,2,20,0.6
455.26,30.374627,130.960095,0.14,2,20,0.6
455.33,30.374627,130.960095,0.13,2,20,0.6
455.4,30.374627,130.960095,0.13,2,20,0.6
455.47,30.374627,130.960095,0.13,2,20,0.6
455.54,30.374627,130.960095,0.13,2,20,0.6
455.61,30.374627,130.960095,0.13,2,20,0.6
455.67,30.374627,130.960095,0.13,2,20,0.6
455.74,30.374627,130.960095,0.13,2,20,0.6
455.8,30.374627,130.960095,0.13,2,20,0.6
455.87,30.374627,130.960095,0.13,2,20,0.6
455.94,30.374627,130.960095,0.13,2,20,0.6
456.0,30.374627,130.960095,0.13,2,20,0.6
456.07,30.374627,130.960095,0.13,2,20,0.6
456.14,30.374627,130.960095,0.13,2,20,0.6
456.2,30.374627,130.960095,0.13,2,20,0.6
456.27,30.374627,130.960095,0.14,2,20,0.6
456.33,30.374627,130.960095,0.14,2,20,0.6
456.4,30.374627,130.960095,0.14,2,20,0.6
456.47,30.374627,130.960095,0.14,2,20,0.6
456.54,30.374627,130.960095,0.14,2,20,0.6
456.6,30.374627,130.960095,0.14,2,20,0.6
456.67,30.374627,130.960095,0.14,2,20,0.6
456.73,30.374627,130.960095,0.14,2,20,0.6
456.8,30.374627,130.960095,0.14,2,20,0.6
456.87,30.374627,130.960095,0.14,2,20,0.6
456.93,30.374627,130.960095,0.14,2,20,0.6
457.0,30.374627,130.960095,0.14,2,20,0.6
457.07,30.374627,130.960095,0.14,2,20,0.6
457.13,30.374627,130.960095,0.14,2,20,0.6
457.2,30.374627,130.960095,0.14,2,20,0.6
457.26,30.374627,130.960095,0.14,2,20,0.6
457.33,30.374627,130.960095,0.14,2,20,0.6
457.4,30.374627,130.960095,0.14,2,20,0.6
457.46,30.374627,130.960095,0.14,2,20,0.6
457.53,30.374627,130.960095,0.14,2,20,0.6
457.6,30.374627,130.960095,0.14,2,20,0.6
457.66,30.374627,130.960095,0.14,2,20,0.6
457.73,30.374627,130.960095,0.14,2,20,0.6
457.8,30.374627,130.960095,0.14,2,20,0.6
457.86,30.374627,130.960095,0.14,2,20,0.6
457.93,30.374627,130.960095,0.14,2,20,0.6
458.0,30.374627,130.960095,0.14,2,20,0.6
458.06,30.374627,130.960095,0.14,2,20,0.6
458.13,30.374627,130.960095,0.14,2,20,0.6
458.19,30.374627,130.960095,0.14,2,20,0.6
458.26,30.374627,130.960095,0.14,2,20,0.6
458.33,30.374627,130.960095,0.12,2,20,0.6
458.4,30.374627,130.960095,0.12,2,20,0.6
458.46,30.374627,130.960095,0.12,2,20,0.6
458.53,30.374627,130.960095,0.12,2,20,0.6
458.6,30.374627,130.960095,0.12,2,20,0.6
458.66,30.374627,130.960095,0.12,2,20,0.6
458.73,30.374627,130.960095,0.12,2,20,0.6
458.79,30.374627,130.960095,0.12,2,20,0.6
458.86,30.374627,130.960095,0.12,2,20,0.6
458.93,30.374627,130.960095,0.12,2,20,0.6
459.0,30.374627,130.960095,0.12,2,20,0.6
459.06,30.374627,130.960095,0.12,2,20,0.6
459.13,30.374627,130.960095,0.12,2,20,0.6
459.2,30.374627,130.960095,0.12,2,20,0.6
459.26,30.374627,130.960095,0.12,2,20,0.6
459.33,30.374627,130.960095,0.12,2,20,0.6
459.4,30.374627,130.960095,0.14,2,20,0.6
459.47,30.374627,130.960095,0.14,2,20,0.6
459.53,30.374627,130.960095,0.14,2,20,0.6
459.6,30.374627,130.960095,0.14,2,20,0.6
459.67,30.374627,130.960095,0.14,2,20,0.6
459.73,30.374627,130.960095,0.14,2,20,0.6
459.8,30.374627,130.960095,0.14,2,20,0.6
459.87,30.374627,130.960095,0.14,2,20,0.6
459.93,30.374627,130.960095,0.14,2,20,0.6
460.0,30.374627,130.960095,0.14,2,20,0.6
460.07,30.374627,130.960095,0.14,2,20,0.6
460.13,30.374627,130.960095,0.14,2,20,0.6
460.2,30.374627,130.960095,0.14,2,20,0.6
460.27,30.374627,130.960095,0.14,2,20,0.6
460.33,30.374627,130.960095,0.13,2,20,0.6
460.4,30.374627,130.960095,0.13,2,20,0.6
460.47,30.374627,130.960095,0.13,2,20,0.6
460.54,30.374627,130.960095,0.13,2,20,0.6
460.6,30.374627,130.960095,0.13,2,20,0.6
460.67,30.374627,130.960095,0.13,2,20,0.6
460.74,30.374627,130.960095,0.13,2,20,0.6
460.81,30.374627,130.960095,0.13,2,20,0.6
460.87,30.374627,130.960095,0.13,2,20,0.6
460.94,30.374627,130.960095,0.13,2,20,0.6
461.01,30.374627,130.960095,0.13,2,20,0.6
461.07,30.374627,130.960095,0.13,2,20,0.6
461.14,30.374627,130.960095,0.13,2,20,0.6
461.21,30.374627,130.960095,0.13,2,20,0.6
461.27,30.374627,130.960095,0.13,2,20,0.6
461.34,30.374627,130.960095,0.13,2,20,0.6
461.41,30.374627,130.960095,0.14,2,20,0.6
461.48,30.374627,130.960095,0.14,2,20,0.6
461.55,30.374627,130.960095,0.14,2,20,0.6
461.61,30.374627,130.960095,0.14,2,20,0.6
461.68,30.374627,130.960095,0.14,2,20,0.6
461.75,30.374627,130.960095,0.14,2,20,0.6
461.81,30.374627,130.960095,0.14,2,20,0.6
461.88,30.374627,130.960095,0.14,2,20,0.6
461.95,30.374627,130.960095,0.14,2,20,0.6
462.01,30.374627,130.960095,0.14,2,20,0.6
462.09,30.374627,130.960095,0.14,2,20,0.6
462.16,30.374627,130.960095,0.14,2,20,0.6
462.22,30.374627,130.960095,0.14,2,20,0.6
462.29,30.374627,130.960095,0.14,2,20,0.6
462.35,30.374627,130.960095,0.13,2,20,0.59
462.42,30.374627,130.960095,0.13,2,20,0.59
462.49,30.374627,130.960095,0.13,2,20,0.59
462.55,30.374627,130.960095,0.13,2,20,0.59
462.62,30.374627,130.960095,0.13,2,20,0.59
462.69,30.374627,130.960095,0.13,2,20,0.59
462.75,30.374627,130.960095,0.13,2,20,0.59
462.82,30.374627,130.960095,0.13,2,20,0.59
462.89,30.374627,130.960095,0.13,2,20,0.59
462.95,30.374627,130.960095,0.13,2,20,0.59
463.02,30.374627,130.960095,0.13,2,20,0.59
463.08,30.374627,130.960095,0.13,2,20,0.59
463.15,30.374627,130.960095,0.13,2,20,0.59
463.22,30.374627,130.960095,0.13,2,20,0.59
463.28,30.374627,130.960095,0.13,2,20,0.59
463.35,30.374627,130.960095,0.14,2,20,0.59
463.42,30.374627,130.960095,0.14,2,20,0.59
463.48,30.374627,130.960095,0.14,2,20,0.59
463.55,30.374627,130.960095,0.14,2,20,0.59
463.62,30.374627,130.960095,0.14,2,20,0.59
463.68,30.374627,130.960095,0.14,2,20,0.59
463.75,30.374627,130.960095,0.14,2,20,0.59
463.81,30.374627,130.960095,0.14,2,20,0.59
463.88,30.374627,130.960095,0.14,2,20,0.59
463.95,30.374627,130.960095,0.14,2,20,0.59
464.01,30.374627,130.960095,0.14,2,20,0.59
464.08,30.374627,130.960095,0.14,2,20,0.59
464.15,30.374627,130.960095,0.14,2,20,0.59
464.21,30.374627,130.960095,0.14,2,20,0.59
464.28,30.374627,130.960095,0.14,2,20,0.59
464.35,30.374627,130.960095,0.13,2,20,0.6
464.41,30.374627,130.960095,0.13,2,20,0.6
464.48,30.374627,130.960095,0.13,2,20,0.6
464.55,30.374627,130.960095,0.13,2,20,0.6
464.61,30.374627,130.960095,0.13,2,20,0.6
464.68,30.374627,130.960095,0.13,2,20,0.6
464.75,30.374627,130.960095,0.13,2,20,0.6
464.81,30.374627,130.960095,0.13,2,20,0.6
464.88,30.374627,130.960095,0.13,2,20,0.6
464.94,30.374627,130.960095,0.13,2,20,0.6
465.01,30.374627,130.960095,0.13,2,20,0.6
465.08,30.374627,130.960095,0.13,2,20,0.6
465.14,30.374627,130.960095,0.13,2,20,0.6
465.21,30.374627,130.960095,0.13,2,20,0.6
465.28,30.374627,130.960095,0.13,2,20,0.6
465.34,30.374627,130.960095,0.14,2,20,0.6
465.41,30.374627,130.960095,0.14,2,20,0.6
465.48,30.374627,130.960095,0.14,2,20,0.6
465.54,30.374627,130.960095,0.14,2,20,0.6
465.61,30.374627,130.960095,0.14,2,20,0.6
465.68,30.374627,130.960095,0.14,2,20,0.6
465.74,30.374627,130.960095,0.14,2,20,0.6
465.81,30.374627,130.960095,0.14,2,20,0.6
465.88,30.374627,130.960095,0.14,2,20,0.6
465.95,30.374627,130.960095,0.14,2,20,0.6
466.01,30.374627,130.960095,0.14,2,20,0.6
466.08,30.374627,130.960095,0.14,2,20,0.6
466.15,30.374627,130.960095,0.14,2,20,0.6
466.21,30.374627,130.960095,0.14,2,20,0.6
466.28,30.374627,130.960095,0.14,2,20,0.6
466.35,30.374627,130.960097,0.19,2,20,0.6
466.41,30.374627,130.960097,0.19,2,20,0.6
466.48,30.374627,130.960097,0.19,2,20,0.6
466.55,30.374627,130.960097,0.19,2,20,0.6
466.62,30.374627,130.960097,0.19,2,20,0.6
466.68,30.374627,130.960097,0.19,2,20,0.6
466.75,30.374627,130.960097,0.19,2,20,0.6
466.82,30.374627,130.960097,0.19,2,20,0.6
466.88,30.374627,130.960097,0.19,2,20,0.6
466.95,30.374627,130.960097,0.19,2,20,0.6
467.02,30.374627,130.960097,0.19,2,20,0.6
467.09,30.374627,130.960097,0.19,2,20,0.6
467.15,30.374627,130.960097,0.19,2,20,0.6
467.22,30.374627,130.960097,0.19,2,20,0.6
467.29,30.374627,130.960097,0.19,2,20,0.6
467.36,30.374627,130.960095,0.2,2,20,0.6
467.42,30.374627,130.960095,0.2,2,20,0.6
467.49,30.374627,130.960095,0.2,2,20,0.6
467.56,30.374627,130.960095,0.2,2,20,0.6
467.62,30.374627,130.960095,0.2,2,20,0.6
467.69,30.374627,130.960095,0.2,2,20,0.6
467.76,30.374627,130.960095,0.2,2,20,0.6
467.82,30.374627,130.960095,0.2,2,20,0.6
467.89,30.374627,130.960095,0.2,2,20,0.6
467.96,30.374627,130.960095,0.2,2,20,0.6
468.02,30.374627,130.960095,0.2,2,20,0.6
468.09,30.374627,130.960095,0.2,2,20,0.6
468.16,30.374627,130.960095,0.2,2,20,0.6
468.23,30.374627,130.960095,0.2,2,20,0.6
468.29,30.374627,130.960095,0.13,2,19,0.61
468.36,30.374627,130.960095,0.13,2,19,0.61
468.43,30.374627,130.960095,0.13,2,19,0.61
468.49,30.374627,130.960095,0.13,2,19,0.61
468.56,30.374627,130.960095,0.13,2,19,0.61
468.63,30.374627,130.960095,0.13,2,19,0.61
468.7,30.374627,130.960095,0.13,2,19,0.61
468.77,30.374627,130.960095,0.13,2,19,0.61
468.84,30.374627,130.960095,0.13,2,19,0.61
468.9,30.374627,130.960095,0.13,2,19,0.61
468.97,30.374627,130.960095,0.13,2,19,0.61
469.04,30.374627,130.960095,0.13,2,19,0.61
469.1,30.374627,130.960095,0.13,2,19,0.61
469.17,30.374627,130.960095,0.13,2,19,0.61
469.24,30.374627,130.960095,0.13,2,19,0.61
469.3,30.374627,130.960095,0.14,2,20,0.6
469.37,30.374627,130.960095,0.14,2,20,0.6
469.43,30.374627,130.960095,0.14,2,20,0.6
469.5,30.374627,130.960095,0.14,2,20,0.6
469.57,30.374627,130.960095,0.14,2,20,0.6
469.63,30.374627,130.960095,0.14,2,20,0.6
469.7,30.374627,130.960095,0.14,2,20,0.6
469.77,30.374627,130.960095,0.14,2,20,0.6
469.83,30.374627,130.960095,0.14,2,20,0.6
469.9,30.374627,130.960095,0.14,2,20,0.6
469.97,30.374627,130.960095,0.14,2,20,0.6
470.03,30.374627,130.960095,0.14,2,20,0.6
470.1,30.374627,130.960095,0.14,2,20,0.6
470.17,30.374627,130.960095,0.14,2,20,0.6
470.23,30.374627,130.960095,0.14,2,20,0.6
470.3,30.374627,130.960095,0.14,2,20,0.6
470.37,30.374627,130.960095,0.13,2,20,0.6
470.43,30.374627,130.960095,0.13,2,20,0.6
470.5,30.374627,130.960095,0.13,2,20,0.6
470.57,30.374627,130.960095,0.13,2,20,0.6
470.63,30.374627,130.960095,0.13,2,20,0.6
470.7,30.374627,130.960095,0.13,2,20,0.6
470.77,30.374627,130.960095,0.13,2,20,0.6
470.83,30.374627,130.960095,0.13,2,20,0.6
470.9,30.374627,130.960095,0.13,2,20,0.6
470.97,30.374627,130.960095,0.13,2,20,0.6
471.03,30.374627,130.960095,0.13,2,20,0.6
471.1,30.374627,130.960095,0.13,2,20,0.6
471.17,30.374627,130.960095,0.13,2,20,0.6
471.23,30.374627,130.960095,0.13,2,20,0.6
471.3,30.374627,130.960095,0.13,2,20,0.6
471.37,30.374627,130.960095,0.13,2,20,0.6
471.43,30.374627,130.960095,0.13,2,20,0.6
471.5,30.374627,130.960095,0.13,2,20,0.6
471.56,30.374627,130.960095,0.13,2,20,0.6
471.63,30.374627,130.960095,0.13,2,20,0.6
471.7,30.374627,130.960095,0.13,2,20,0.6
471.76,30.374627,130.960095,0.13,2,20,0.6
471.83,30.374627,130.960095,0.13,2,20,0.6
471.9,30.374627,130.960095,0.13,2,20,0.6
471.96,30.374627,130.960095,0.13,2,20,0.6
472.03,30.374627,130.960095,0.13,2,20,0.6
472.1,30.374627,130.960095,0.13,2,20,0.6
472.16,30.374627,130.960095,0.13,2,20,0.6
472.23,30.374627,130.960095,0.13,2,20,0.6
472.3,30.374627,130.960095,0.13,2,20,0.6
472.36,30.374627,130.960095,0.14,2,20,0.6
472.43,30.374627,130.960095,0.14,2,20,0.6
472.5,30.374627,130.960095,0.14,2,20,0.6
472.56,30.374627,130.960095,0.14,2,20,0.6
472.63,30.374627,130.960095,0.14,2,20,0.6
472.7,30.374627,130.960095,0.14,2,20,0.6
472.76,30.374627,130.960095,0.14,2,20,0.6
472.83,30.374627,130.960095,0.14,2,20,0.6
472.9,30.374627,130.960095,0.14,2,20,0.6
472.96,30.374627,130.960095,0.14,2,20,0.6
473.03,30.374627,130.960095,0.14,2,20,0.6
473.1,30.374627,130.960095,0.14,2,20,0.6
473.17,30.374627,130.960095,0.14,2,20,0.6
473.23,30.374627,130.960095,0.14,2,20,0.6
473.3,30.374627,130.960095,0.13,2,20,0.6
473.37,30.374627,130.960095,0.13,2,20,0.6
473.43,30.374627,130.960095,0.13,2,20,0.6
473.5,30.374627,130.960095,0.13,2,20,0.6
473.57,30.374627,130.960095,0.13,2,20,0.6
473.63,30.374627,130.960095,0.13,2,20,0.6
473.7,30.374627,130.960095,0.13,2,20,0.6
473.77,30.374627,130.960095,0.13,2,20,0.6
473.84,30.374627,130.960095,0.13,2,20,0.6
473.9,30.374627,130.960095,0.13,2,20,0.6
473.97,30.374627,130.960095,0.13,2,20,0.6
474.04,30.374627,130.960095,0.13,2,20,0.6
474.1,30.374627,130.960095,0.13,2,20,0.6
474.17,30.374627,130.960095,0.13,2,20,0.6
474.24,30.374627,130.960095,0.13,2,20,0.6
474.3,30.374627,130.960095,0.14,2,20,0.6
474.37,30.374627,130.960095,0.14,2,20,0.6
474.44,30.374627,130.960095,0.14,2,20,0.6
474.5,30.374627,130.960095,0.14,2,20,0.6
474.57,30.374627,130.960095,0.14,2,20,0.6
474.64,30.374627,130.960095,0.14,2,20,0.6
474.71,30.374627,130.960095,0.14,2,20,0.6
474.77,30.374627,130.960095,0.14,2,20,0.6
474.84,30.374627,130.960095,0.14,2,20,0.6
474.91,30.374627,130.960095,0.14,2,20,0.6
474.98,30.374627,130.960095,0.14,2,20,0.6
475.04,30.374627,130.960095,0.14,2,20,0.6
475.11,30.374627,130.960095,0.14,2,20,0.6
475.18,30.374627,130.960095,0.14,2,20,0.6
475.25,30.374627,130.960095,0.14,2,20,0.6
475.32,30.374627,130.960095,0.14,2,20,0.6
475.39,30.374627,130.960095,0.14,2,20,0.6
475.45,30.374627,130.960095,0.14,2,20,0.6
475.52,30.374627,130.960095,0.14,2,20,0.6
475.58,30.374627,130.960095,0.14,2,20,0.6
475.65,30.374627,130.960095,0.14,2,20,0.6
475.72,30.374627,130.960095,0.14,2,20,0.6
475.78,30.374627,130.960095,0.14,2,20,0.6
475.85,30.374627,130.960095,0.14,2,20,0.6
475.92,30.374627,130.960095,0.14,2,20,0.6
475.98,30.374627,130.960095,0.14,2,20,0.6
476.05,30.374627,130.960095,0.14,2,20,0.6
476.12,30.374627,130.960095,0.14,2,20,0.6
476.18,30.374627,130.960095,0.14,2,20,0.6
476.25,30.374627,130.960095,0.14,2,20,0.6
476.31,30.374627,130.960095,0.12,2,20,0.6
476.38,30.374627,130.960095,0.12,2,20,0.6
476.45,30.374627,130.960095,0.12,2,20,0.6
476.51,30.374627,130.960095,0.12,2,20,0.6
476.58,30.374627,130.960095,0.12,2,20,0.6
476.66,30.374627,130.960095,0.12,2,20,0.6
476.72,30.374627,130.960095,0.12,2,20,0.6
476.79,30.374627,130.960095,0.12,2,20,0.6
476.86,30.374627,130.960095,0.12,2,20,0.6
476.92,30.374627,130.960095,0.12,2,20,0.6
476.99,30.374627,130.960095,0.12,2,20,0.6
477.05,30.374627,130.960095,0.12,2,20,0.6
477.12,30.374627,130.960095,0.12,2,20,0.6
477.19,30.374627,130.960095,0.12,2,20,0.6
477.25,30.374627,130.960095,0.12,2,20,0.6
477.32,30.374627,130.960095,0.14,2,20,0.6
477.39,30.374627,130.960095,0.14,2,20,0.6
477.45,30.374627,130.960095,0.14,2,20,0.6
477.52,30.374627,130.960095,0.14,2,20,0.6
477.59,30.374627,130.960095,0.14,2,20,0.6
477.65,30.374627,130.960095,0.14,2,20,0.6
477.72,30.374627,130.960095,0.14,2,20,0.6
477.79,30.374627,130.960095,0.14,2,20,0.6
477.85,30.374627,130.960095,0.14,2,20,0.6
477.92,30.374627,130.960095,0.14,2,20,0.6
477.99,30.374627,130.960095,0.14,2,20,0.6
478.05,30.374627,130.960095,0.14,2,20,0.6
478.12,30.374627,130.960095,0.14,2,20,0.6
478.19,30.374627,130.960095,0.14,2,20,0.6
478.25,30.374627,130.960095,0.14,2,20,0.6
478.32,30.374627,130.960095,0.13,2,20,0.6
478.38,30.374627,130.960095,0.13,2,20,0.6
478.45,30.374627,130.960095,0.13,2,20,0.6
478.52,30.374627,130.960095,0.13,2,20,0.6
478.58,30.374627,130.960095,0.13,2,20,0.6
478.65,30.374627,130.960095,0.13,2,20,0.6
478.72,30.374627,130.960095,0.13,2,20,0.6
478.78,30.374627,130.960095,0.13,2,20,0.6
478.85,30.374627,130.960095,0.13,2,20,0.6
478.92,30.374627,130.960095,0.13,2,20,0.6
478.98,30.374627,130.960095,0.13,2,20,0.6
479.05,30.374627,130.960095,0.13,2,20,0.6
479.12,30.374627,130.960095,0.13,2,20,0.6
479.18,30.374627,130.960095,0.13,2,20,0.6
479.25,30.374627,130.960095,0.13,2,20,0.6
479.32,30.374627,130.960095,0.14,2,20,0.6
479.38,30.374627,130.960095,0.14,2,20,0.6
479.45,30.374627,130.960095,0.14,2,20,0.6
479.52,30.374627,130.960095,0.14,2,20,0.6
479.58,30.374627,130.960095,0.14,2,20,0.6
479.65,30.374627,130.960095,0.14,2,20,0.6
479.72,30.374627,130.960095,0.14,2,20,0.6
479.78,30.374627,130.960095,0.14,2,20,0.6
479.85,30.374627,130.960095,0.14,2,20,0.6
479.92,30.374627,130.960095,0.14,2,20,0.6
479.98,30.374627,130.960095,0.14,2,20,0.6
480.05,30.374627,130.960095,0.14,2,20,0.6
480.12,30.374627,130.960095,0.14,2,20,0.6
480.18,30.374627,130.960095,0.14,2,20,0.6
480.25,30.374627,130.960095,0.14,2,20,0.6
480.32,30.374627,130.960095,0.14,2,20,0.6
480.38,30.374627,130.960095,0.13,2,20,0.6
480.45,30.374627,130.960095,0.13,2,20,0.6
480.52,30.374627,130.960095,0.13,2,20,0.6
480.59,30.374627,130.960095,0.13,2,20,0.6
480.65,30.374627,130.960095,0.13,2,20,0.6
480.72,30.374627,130.960095,0.13,2,20,0.6
480.79,30.374627,130.960095,0.13,2,20,0.6
480.85,30.374627,130.960095,0.13,2,20,0.6
480.92,30.374627,130.960095,0.13,2,20,0.6
480.99,30.374627,130.960095,0.13,2,20,0.6
481.05,30.374627,130.960095,0.13,2,20,0.6
481.12,30.374627,130.960095,0.13,2,20,0.6
481.19,30.374627,130.960095,0.13,2,20,0.6
481.25,30.374627,130.960095,0.13,2,20,0.6
481.32,30.374627,130.960095,0.13,2,20,0.6
481.39,30.374627,130.960095,0.13,2,20,0.6
481.45,30.374627,130.960095,0.13,2,20,0.6
481.52,30.374627,130.960095,0.13,2,20,0.6
481.59,30.374627,130.960095,0.13,2,20,0.6
481.65,30.374627,130.960095,0.13,2,20,0.6
481.72,30.374627,130.960095,0.13,2,20,0.6
481.79,30.374627,130.960095,0.13,2,20,0.6
481.86,30.374627,130.960095,0.13,2,20,0.6
481.92,30.374627,130.960095,0.13,2,20,0.6
481.99,30.374627,130.960095,0.13,2,20,0.6
482.06,30.374627,130.960095,0.13,2,20,0.6
482.12,30.374627,130.960095,0.13,2,20,0.6
482.19,30.374627,130.960095,0.13,2,20,0.6
482.26,30.374627,130.960095,0.13,2,20,0.6
482.32,30.374627,130.960097,0.2,2,20,0.6
482.39,30.374627,130.960097,0.2,2,20,0.6
482.46,30.374627,130.960097,0.2,2,20,0.6
482.52,30.374627,130.960097,0.2,2,20,0.6
482.59,30.374627,130.960097,0.2,2,20,0.6
482.66,30.374627,130.960097,0.2,2,20,0.6
482.73,30.374627,130.960097,0.2,2,20,0.6
482.79,30.374627,130.960097,0.2,2,20,0.6
482.86,30.374627,130.960097,0.2,2,20,0.6
482.93,30.374627,130.960097,0.2,2,20,0.6
482.99,30.374627,130.960097,0.2,2,20,0.6
483.06,30.374627,130.960097,0.2,2,20,0.6
483.13,30.374627,130.960097,0.2,2,20,0.6
483.2,30.374627,130.960097,0.2,2,20,0.6
483.27,30.374627,130.960095,0.19,2,20,0.6
483.33,30.374627,130.960095,0.19,2,20,0.6
483.4,30.374627,130.960095,0.19,2,20,0.6
483.47,30.374627,130.960095,0.19,2,20,0.6
483.53,30.374627,130.960095,0.19,2,20,0.6
483.6,30.374627,130.960095,0.19,2,20,0.6
483.67,30.374627,130.960095,0.19,2,20,0.6
483.73,30.374627,130.960095,0.19,2,20,0.6
483.8,30.374627,130.960095,0.19,2,20,0.6
483.87,30.374627,130.960095,0.19,2,20,0.6
483.93,30.374627,130.960095,0.19,2,20,0.6
484.0,30.374627,130.960095,0.19,2,20,0.6
484.06,30.374627,130.960095,0.19,2,20,0.6
484.13,30.374627,130.960095,0.19,2,20,0.6
484.2,30.374627,130.960095,0.19,2,20,0.6
484.26,30.374627,130.960095,0.19,2,20,0.6
484.33,30.374627,130.960097,0.2,2,20,0.6
484.39,30.374627,130.960097,0.2,2,20,0.6
484.46,30.374627,130.960097,0.2,2,20,0.6
484.53,30.374627,130.960097,0.2,2,20,0.6
484.59,30.374627,130.960097,0.2,2,20,0.6
484.66,30.374627,130.960097,0.2,2,20,0.6
484.73,30.374627,130.960097,0.2,2,20,0.6
484.79,30.374627,130.960097,0.2,2,20,0.6
484.86,30.374627,130.960097,0.2,2,20,0.6
484.93,30.374627,130.960097,0.2,2,20,0.6
484.99,30.374627,130.960097,0.2,2,20,0.6
485.06,30.374627,130.960097,0.2,2,20,0.6
485.13,30.374627,130.960097,0.2,2,20,0.6
485.19,30.374627,130.960097,0.2,2,20,0.6
485.26,30.374627,130.960097,0.13,2,20,0.6
485.32,30.374627,130.960097,0.13,2,20,0.6
485.39,30.374627,130.960097,0.13,2,20,0.6
485.46,30.374627,130.960097,0.13,2,20,0.6
485.52,30.374627,130.960097,0.13,2,20,0.6
485.59,30.374627,130.960097,0.13,2,20,0.6
485.66,30.374627,130.960097,0.13,2,20,0.6
485.72,30.374627,130.960097,0.13,2,20,0.6
485.79,30.374627,130.960097,0.13,2,20,0.6
485.86,30.374627,130.960097,0.13,2,20,0.6
485.92,30.374627,130.960097,0.13,2,20,0.6
485.99,30.374627,130.960097,0.13,2,20,0.6
486.06,30.374627,130.960097,0.13,2,20,0.6
486.12,30.374627,130.960097,0.13,2,20,0.6
486.19,30.374627,130.960097,0.13,2,20,0.6
486.26,30.374627,130.960097,0.14,2,20,0.6
486.32,30.374627,130.960097,0.14,2,20,0.6
486.39,30.374627,130.960097,0.14,2,20,0.6
486.46,30.374627,130.960097,0.14,2,20,0.6
486.52,30.374627,130.960097,0.14,2,20,0.6
486.59,30.374627,130.960097,0.14,2,20,0.6
486.66,30.374627,130.960097,0.14,2,20,0.6
486.72,30.374627,130.960097,0.14,2,20,0.6
486.79,30.374627,130.960097,0.14,2,20,0.6
486.86,30.374627,130.960097,0.14,2,20,0.6
486.92,30.374627,130.960097,0.14,2,20,0.6
486.99,30.374627,130.960097,0.14,2,20,0.6
487.06,30.374627,130.960097,0.14,2,20,0.6
487.12,30.374627,130.960097,0.14,2,20,0.6
487.19,30.374627,130.960097,0.14,2,20,0.6
487.26,30.374627,130.960097,0.14,2,20,0.6
487.33,30.374627,130.960095,0.2,2,20,0.6
487.39,30.374627,130.960095,0.2,2,20,0.6
487.46,30.374627,130.960095,0.2,2,20,0.6
487.53,30.374627,130.960095,0.2,2,20,0.6
487.59,30.374627,130.960095,0.2,2,20,0.6
487.66,30.374627,130.960095,0.2,2,20,0.6
487.73,30.374627,130.960095,0.2,2,20,0.6
487.79,30.374627,130.960095,0.2,2,20,0.6
487.86,30.374627,130.960095,0.2,2,20,0.6
487.93,30.374627,130.960095,0.2,2,20,0.6
487.99,30.374627,130.960095,0.2,2,20,0.6
488.06,30.374627,130.960095,0.2,2,20,0.6
488.13,30.374627,130.960095,0.2,2,20,0.6
488.19,30.374627,130.960095,0.2,2,20,0.6
488.26,30.374627,130.960097,0.18,2,20,0.6
488.33,30.374627,130.960097,0.18,2,20,0.6
488.4,30.374627,130.960097,0.18,2,20,0.6
488.46,30.374627,130.960097,0.18,2,20,0.6
488.53,30.374627,130.960097,0.18,2,20,0.6
488.6,30.374627,130.960097,0.18,2,20,0.6
488.66,30.374627,130.960097,0.18,2,20,0.6
488.73,30.374627,130.960097,0.18,2,20,0.6
488.8,30.374627,130.960097,0.18,2,20,0.6
488.86,30.374627,130.960097,0.18,2,20,0.6
488.93,30.374627,130.960097,0.18,2,20,0.6
489.0,30.374627,130.960097,0.18,2,20,0.6
489.07,30.374627,130.960097,0.18,2,20,0.6
489.13,30.374627,130.960097,0.18,2,20,0.6
489.2,30.374627,130.960097,0.18,2,20,0.6
489.27,30.374627,130.960097,0.18,2,20,0.6
489.33,30.374627,130.960097,0.14,2,20,0.6
489.4,30.374627,130.960097,0.14,2,20,0.6
489.47,30.374627,130.960097,0.14,2,20,0.6
489.54,30.374627,130.960097,0.14,2,20,0.6
489.6,30.374627,130.960097,0.14,2,20,0.6
489.67,30.374627,130.960097,0.14,2,20,0.6
489.74,30.374627,130.960097,0.14,2,20,0.6
489.8,30.374627,130.960097,0.14,2,20,0.6
489.87,30.374627,130.960097,0.14,2,20,0.6
489.94,30.374627,130.960097,0.14,2,20,0.6
490.01,30.374627,130.960097,0.14,2,20,0.6
490.08,30.374627,130.960097,0.14,2,20,0.6
490.14,30.374627,130.960097,0.14,2,20,0.6
490.21,30.374627,130.960097,0.14,2,20,0.6
490.28,30.374627,130.960097,0.13,2,20,0.6
490.34,30.374627,130.960097,0.13,2,20,0.6
490.41,30.374627,130.960097,0.13,2,20,0.6
490.48,30.374627,130.960097,0.13,2,20,0.6
490.54,30.374627,130.960097,0.13,2,20,0.6
490.61,30.374627,130.960097,0.13,2,20,0.6
490.67,30.374627,130.960097,0.13,2,20,0.6
490.74,30.374627,130.960097,0.13,2,20,0.6
490.81,30.374627,130.960097,0.13,2,20,0.6
490.87,30.374627,130.960097,0.13,2,20,0.6
490.94,30.374627,130.960097,0.13,2,20,0.6
491.01,30.374627,130.960097,0.13,2,20,0.6
491.07,30.374627,130.960097,0.13,2,20,0.6
491.14,30.374627,130.960097,0.13,2,20,0.6
491.21,30.374627,130.960097,0.13,2,20,0.6
491.27,30.374627,130.960097,0.13,2,20,0.6
491.34,30.374627,130.960097,0.14,2,20,0.6
491.41,30.374627,130.960097,0.14,2,20,0.6
491.47,30.374627,130.960097,0.14,2,20,0.6
491.54,30.374627,130.960097,0.14,2,20,0.6
491.6,30.374627,130.960097,0.14,2,20,0.6
491.67,30.374627,130.960097,0.14,2,20,0.6
491.74,30.374627,130.960097,0.14,2,20,0.6
491.8,30.374627,130.960097,0.14,2,20,0.6
491.87,30.374627,130.960097,0.14,2,20,0.6
491.94,30.374627,130.960097,0.14,2,20,0.6
492.0,30.374627,130.960097,0.14,2,20,0.6
492.07,30.374627,130.960097,0.14,2,20,0.6
492.14,30.374627,130.960097,0.14,2,20,0.6
492.2,30.374627,130.960097,0.14,2,20,0.6
492.27,30.374627,130.960097,0.14,2,20,0.6
492.34,30.374627,130.960097,0.13,2,20,0.6
492.4,30.374627,130.960097,0.13,2,20,0.6
492.47,30.374627,130.960097,0.13,2,20,0.6
492.54,30.374627,130.960097,0.13,2,20,0.6
492.6,30.374627,130.960097,0.13,2,20,0.6
492.67,30.374627,130.960097,0.13,2,20,0.6
492.74,30.374627,130.960097,0.13,2,20,0.6
492.8,30.374627,130.960097,0.13,2,20,0.6
492.87,30.374627,130.960097,0.13,2,20,0.6
492.94,30.374627,130.960097,0.13,2,20,0.6
493.0,30.374627,130.960097,0.13,2,20,0.6
493.07,30.374627,130.960097,0.13,2,20,0.6
493.14,30.374627,130.960097,0.13,2,20,0.6
493.2,30.374627,130.960097,0.13,2,20,0.6
493.27,30.374627,130.960097,0.13,2,20,0.6
493.34,30.374627,130.960097,0.14,2,20,0.6
493.41,30.374627,130.960097,0.14,2,20,0.6
493.47,30.374627,130.960097,0.14,2,20,0.6
493.54,30.374627,130.960097,0.14,2,20,0.6
493.61,30.374627,130.960097,0.14,2,20,0.6
493.67,30.374627,130.960097,0.14,2,20,0.6
493.74,30.374627,130.960097,0.14,2,20,0.6
493.81,30.374627,130.960097,0.14,2,20,0.6
493.87,30.374627,130.960097,0.14,2,20,0.6
493.94,30.374627,130.960097,0.14,2,20,0.6
494.01,30.374627,130.960097,0.14,2,20,0.6
494.07,30.374627,130.960097,0.14,2,20,0.6
494.14,30.374627,130.960097,0.14,2,20,0.6
494.21,30.374627,130.960097,0.14,2,20,0.6
494.27,30.374627,130.960097,0.13,2,20,0.6
494.34,30.374627,130.960097,0.13,2,20,0.6
494.41,30.374627,130.960097,0.13,2,20,0.6
494.47,30.374627,130.960097,0.13,2,20,0.6
494.54,30.374627,130.960097,0.13,2,20,0.6
494.61,30.374627,130.960097,0.13,2,20,0.6
494.67,30.374627,130.960097,0.13,2,20,0.6
494.74,30.374627,130.960097,0.13,2,20,0.6
494.81,30.374627,130.960097,0.13,2,20,0.6
494.88,30.374627,130.960097,0.13,2,20,0.6
494.94,30.374627,130.960097,0.13,2,20,0.6
495.01,30.374627,130.960097,0.13,2,20,0.6
495.08,30.374627,130.960097,0.13,2,20,0.6
495.14,30.374627,130.960097,0.13,2,20,0.6
495.21,30.374627,130.960097,0.13,2,20,0.6
495.28,30.374627,130.960097,0.13,2,20,0.6
495.34,30.374627,130.960097,0.14,2,20,0.6
495.41,30.374627,130.960097,0.14,2,20,0.6
495.48,30.374627,130.960097,0.14,2,20,0.6
495.55,30.374627,130.960097,0.14,2,20,0.6
495.61,30.374627,130.960097,0.14,2,20,0.6
495.68,30.374627,130.960097,0.14,2,20,0.6
495.75,30.374627,130.960097,0.14,2,20,0.6
495.81,30.374627,130.960097,0.14,2,20,0.6
495.88,30.374627,130.960097,0.14,2,20,0.6
495.95,30.374627,130.960097,0.14,2,20,0.6
496.01,30.374627,130.960097,0.14,2,20,0.6
496.08,30.374627,130.960097,0.14,2,20,0.6
496.15,30.374627,130.960097,0.14,2,20,0.6
496.21,30.374627,130.960097,0.14,2,20,0.6
496.28,30.374627,130.960097,0.14,2,20,0.6
496.35,30.374627,130.960097,0.13,2,20,0.6
496.41,30.374627,130.960097,0.13,2,20,0.6
496.48,30.374627,130.960097,0.13,2,20,0.6
496.55,30.374627,130.960097,0.13,2,20,0.6
496.62,30.374627,130.960097,0.13,2,20,0.6
496.69,30.374627,130.960097,0.13,2,20,0.6
496.75,30.374627,130.960097,0.13,2,20,0.6
496.82,30.374627,130.960097,0.13,2,20,0.6
496.89,30.374627,130.960097,0.13,2,20,0.6
496.95,30.374627,130.960097,0.13,2,20,0.6
497.02,30.374627,130.960097,0.13,2,20,0.6
497.09,30.374627,130.960097,0.13,2,20,0.6
497.15,30.374627,130.960097,0.13,2,20,0.6
497.22,30.374627,130.960097,0.13,2,20,0.6
497.29,30.374627,130.960097,0.13,2,20,0.6
497.35,30.374625,130.960097,0.2,2,20,0.59
497.42,30.374625,130.960097,0.2,2,20,0.59
497.49,30.374625,130.960097,0.2,2,20,0.59
497.55,30.374625,130.960097,0.2,2,20,0.59
497.62,30.374625,130.960097,0.2,2,20,0.59
497.68,30.374625,130.960097,0.2,2,20,0.59
497.75,30.374625,130.960097,0.2,2,20,0.59
497.82,30.374625,130.960097,0.2,2,20,0.59
497.88,30.374625,130.960097,0.2,2,20,0.59
497.95,30.374625,130.960097,0.2,2,20,0.59
498.02,30.374625,130.960097,0.2,2,20,0.59
498.08,30.374625,130.960097,0.2,2,20,0.59
498.15,30.374625,130.960097,0.2,2,20,0.59
498.22,30.374625,130.960097,0.2,2,20,0.59
498.28,30.374625,130.960097,0.2,2,20,0.59
498.35,30.374625,130.960097,0.0,2,20,0.6
498.42,30.374625,130.960097,0.0,2,20,0.6
498.48,30.374625,130.960097,0.0,2,20,0.6
498.55,30.374625,130.960097,0.0,2,20,0.6
498.62,30.374625,130.960097,0.0,2,20,0.6
498.68,30.374625,130.960097,0.0,2,20,0.6
498.75,30.374625,130.960097,0.0,2,20,0.6
498.81,30.374625,130.960097,0.0,2,20,0.6
498.88,30.374625,130.960097,0.0,2,20,0.6
498.95,30.374625,130.960097,0.0,2,20,0.6
499.02,30.374625,130.960097,0.0,2,20,0.6
499.08,30.374625,130.960097,0.0,2,20,0.6
499.15,30.374625,130.960097,0.0,2,20,0.6
499.22,30.374625,130.960097,0.0,2,20,0.6
499.28,30.374625,130.960097,0.0,2,20,0.6
499.35,30.374625,130.960097,0.0,2,20,0.6
499.42,30.374625,130.960097,0.0,2,20,0.6
499.48,30.374625,130.960097,0.0,2,20,0.6
499.55,30.374625,130.960097,0.0,2,20,0.6
499.62,30.374625,130.960097,0.0,2,20,0.6
499.68,30.374625,130.960097,0.0,2,20,0.6
499.75,30.374625,130.960097,0.0,2,20,0.6
499.82,30.374625,130.960097,0.0,2,20,0.6
499.88,30.374625,130.960097,0.0,2,20,0.6
499.95,30.374625,130.960097,0.0,2,20,0.6
500.02,30.374625,130.960097,0.0,2,20,0.6
500.08,30.374625,130.960097,0.0,2,20,0.6
500.15,30.374625,130.960097,0.0,2,20,0.6
500.22,30.374625,130.960097,0.0,2,20,0.6
500.28,30.374625,130.960097,0.0,2,20,0.6
500.35,30.374625,130.960097,0.0,2,20,0.6
500.42,30.374625,130.960097,0.0,2,20,0.6
500.49,30.374625,130.960097,0.0,2,20,0.6
500.55,30.374625,130.960097,0.0,2,20,0.6
500.62,30.374625,130.960097,0.0,2,20,0.6
500.69,30.374625,130.960097,0.0,2,20,0.6
500.75,30.374625,130.960097,0.0,2,20,0.6
500.82,30.374625,130.960097,0.0,2,20,0.6
500.89,30.374625,130.960097,0.0,2,20,0.6
500.95,30.374625,130.960097,0.0,2,20,0.6
501.02,30.374625,130.960097,0.0,2,20,0.6
501.09,30.374625,130.960097,0.0,2,20,0.6
501.15,30.374625,130.960097,0.0,2,20,0.6
501.22,30.374625,130.960097,0.0,2,20,0.6
501.29,30.374625,130.960097,0.0,2,20,0.6
501.35,30.374625,130.960097,0.0,2,20,0.6
501.42,30.374625,130.960097,0.0,2,20,0.6
501.49,30.374625,130.960097,0.0,2,20,0.6
501.55,30.374625,130.960097,0.0,2,20,0.6
501.62,30.374625,130.960097,0.0,2,20,0.6
501.69,30.374625,130.960097,0.0,2,20,0.6
501.76,30.374625,130.960097,0.0,2,20,0.6
501.82,30.374625,130.960097,0.0,2,20,0.6
501.89,30.374625,130.960097,0.0,2,20,0.6
501.96,30.374625,130.960097,0.0,2,20,0.6
502.03,30.374625,130.960097,0.0,2,20,0.6
502.09,30.374625,130.960097,0.0,2,20,0.6
502.16,30.374625,130.960097,0.0,2,20,0.6
502.23,30.374625,130.960097,0.0,2,20,0.6
502.29,30.374625,130.960097,0.0,2,20,0.6
502.36,30.374625,130.960097,0.0,2,20,0.6
502.43,30.374625,130.960097,0.0,2,20,0.6
502.49,30.374625,130.960097,0.0,2,20,0.6
502.56,30.374625,130.960097,0.0,2,20,0.6
502.63,30.374625,130.960097,0.0,2,20,0.6
502.69,30.374625,130.960097,0.0,2,20,0.6
502.76,30.374625,130.960097,0.0,2,20,0.6
502.83,30.374625,130.960097,0.0,2,20,0.6
502.9,30.374625,130.960097,0.0,2,20,0.6
502.96,30.374625,130.960097,0.0,2,20,0.6
503.03,30.374625,130.960097,0.0,2,20,0.6
503.1,30.374625,130.960097,0.0,2,20,0.6
503.17,30.374625,130.960097,0.0,2,20,0.6
503.24,30.374625,130.960097,0.0,2,20,0.6
503.31,30.374625,130.960097,0.0,2,20,0.59
503.37,30.374625,130.960097,0.0,2,20,0.59
503.44,30.374625,130.960097,0.0,2,20,0.59
503.5,30.374625,130.960097,0.0,2,20,0.59
503.57,30.374625,130.960097,0.0,2,20,0.59
503.64,30.374625,130.960097,0.0,2,20,0.59
503.7,30.374625,130.960097,0.0,2,20,0.59
503.77,30.374625,130.960097,0.0,2,20,0.59
503.84,30.374625,130.960097,0.0,2,20,0.59
503.9,30.374625,130.960097,0.0,2,20,0.59
503.97,30.374625,130.960097,0.0,2,20,0.59
504.03,30.374625,130.960097,0.0,2,20,0.59
504.1,30.374625,130.960097,0.0,2,20,0.59
504.17,30.374625,130.960097,0.0,2,20,0.59
504.23,30.374625,130.960097,0.0,2,20,0.59
504.3,30.374625,130.960097,0.0,2,20,0.59
504.37,30.374625,130.960097,0.0,2,20,0.59
504.43,30.374625,130.960097,0.0,2,20,0.59
504.5,30.374625,130.960097,0.0,2,20,0.59
504.57,30.374625,130.960097,0.0,2,20,0.59
504.63,30.374625,130.960097,0.0,2,20,0.59
504.7,30.374625,130.960097,0.0,2,20,0.59
504.77,30.374625,130.960097,0.0,2,20,0.59
504.83,30.374625,130.960097,0.0,2,20,0.59
504.9,30.374625,130.960097,0.0,2,20,0.59
504.97,30.374625,130.960097,0.0,2,20,0.59
505.03,30.374625,130.960097,0.0,2,20,0.59
505.1,30.374625,130.960097,0.0,2,20,0.59
505.17,30.374625,130.960097,0.0,2,20,0.59
505.23,30.374625,130.960097,0.0,2,20,0.59
505.3,30.374625,130.960097,0.0,2,20,0.59
505.37,30.374625,130.960097,0.0,2,20,0.59
505.43,30.374625,130.960097,0.0,2,20,0.59
505.5,30.374625,130.960097,0.0,2,20,0.59
505.57,30.374625,130.960097,0.0,2,20,0.59
505.63,30.374625,130.960097,0.0,2,20,0.59
505.7,30.374625,130.960097,0.0,2,20,0.59
505.77,30.374625,130.960097,0.0,2,20,0.59
505.83,30.374625,130.960097,0.0,2,20,0.59
505.9,30.374625,130.960097,0.0,2,20,0.59
505.97,30.374625,130.960097,0.0,2,20,0.59
506.03,30.374625,130.960097,0.0,2,20,0.59
506.1,30.374625,130.960097,0.0,2,20,0.59
506.17,30.374625,130.960097,0.0,2,20,0.59
506.23,30.374625,130.960097,0.0,2,20,0.59
506.3,30.374625,130.960097,0.0,2,20,0.59
506.37,30.374625,130.960097,0.0,2,20,0.6
506.43,30.374625,130.960097,0.0,2,20,0.6
506.5,30.374625,130.960097,0.0,2,20,0.6
506.57,30.374625,130.960097,0.0,2,20,0.6
506.63,30.374625,130.960097,0.0,2,20,0.6
506.7,30.374625,130.960097,0.0,2,20,0.6
506.77,30.374625,130.960097,0.0,2,20,0.6
506.83,30.374625,130.960097,0.0,2,20,0.6
506.9,30.374625,130.960097,0.0,2,20,0.6
506.97,30.374625,130.960097,0.0,2,20,0.6
507.03,30.374625,130.960097,0.0,2,20,0.6
507.1,30.374625,130.960097,0.0,2,20,0.6
507.17,30.374625,130.960097,0.0,2,20,0.6
507.23,30.374625,130.960097,0.0,2,20,0.6
507.3,30.374625,130.960097,0.0,2,20,0.6
507.37,30.374625,130.960097,0.0,2,20,0.59
507.43,30.374625,130.960097,0.0,2,20,0.59
507.5,30.374625,130.960097,0.0,2,20,0.59
507.57,30.374625,130.960097,0.0,2,20,0.59
507.64,30.374625,130.960097,0.0,2,20,0.59
507.7,30.374625,130.960097,0.0,2,20,0.59
507.77,30.374625,130.960097,0.0,2,20,0.59
507.84,30.374625,130.960097,0.0,2,20,0.59
507.9,30.374625,130.960097,0.0,2,20,0.59
507.97,30.374625,130.960097,0.0,2,20,0.59
508.04,30.374625,130.960097,0.0,2,20,0.59
508.1,30.374625,130.960097,0.0,2,20,0.59
508.17,30.374625,130.960097,0.0,2,20,0.59
508.24,30.374625,130.960097,0.0,2,20,0.59
508.3,30.374625,130.960097,0.0,2,20,0.59
508.37,30.374625,130.960097,0.0,2,20,0.6
508.44,30.374625,130.960097,0.0,2,20,0.6
508.5,30.374625,130.960097,0.0,2,20,0.6
508.57,30.374625,130.960097,0.0,2,20,0.6
508.64,30.374625,130.960097,0.0,2,20,0.6
508.71,30.374625,130.960097,0.0,2,20,0.6
508.77,30.374625,130.960097,0.0,2,20,0.6
508.84,30.374625,130.960097,0.0,2,20,0.6
508.91,30.374625,130.960097,0.0,2,20,0.6
508.97,30.374625,130.960097,0.0,2,20,0.6
509.04,30.374625,130.960097,0.0,2,20,0.6
509.11,30.374625,130.960097,0.0,2,20,0.6
509.17,30.374625,130.960097,0.0,2,20,0.6
509.24,30.374625,130.960097,0.0,2,20,0.6
509.31,30.374625,130.960097,0.0,2,20,0.6
509.38,30.374625,130.960097,0.0,2,20,0.6
509.44,30.374625,130.960097,0.0,2,20,0.6
509.51,30.374625,130.960097,0.0,2,20,0.6
509.59,30.374625,130.960097,0.0,2,20,0.6
509.66,30.374625,130.960097,0.0,2,20,0.6
509.72,30.374625,130.960097,0.0,2,20,0.6
509.79,30.374625,130.960097,0.0,2,20,0.6
509.85,30.374625,130.960097,0.0,2,20,0.6
509.92,30.374625,130.960097,0.0,2,20,0.6
509.99,30.374625,130.960097,0.0,2,20,0.6
510.05,30.374625,130.960097,0.0,2,20,0.6
510.12,30.374625,130.960097,0.0,2,20,0.6
510.19,30.374625,130.960097,0.0,2,20,0.6
510.25,30.374625,130.960097,0.0,2,20,0.6
510.32,30.374625,130.960097,0.0,2,20,0.6
510.38,30.374625,130.960097,0.0,2,20,0.59
510.45,30.374625,130.960097,0.0,2,20,0.59
510.52,30.374625,130.960097,0.0,2,20,0.59
510.58,30.374625,130.960097,0.0,2,20,0.59
510.65,30.374625,130.960097,0.0,2,20,0.59
510.72,30.374625,130.960097,0.0,2,20,0.59
510.78,30.374625,130.960097,0.0,2,20,0.59
510.85,30.374625,130.960097,0.0,2,20,0.59
510.92,30.374625,130.960097,0.0,2,20,0.59
510.98,30.374625,130.960097,0.0,2,20,0.59
511.05,30.374625,130.960097,0.0,2,20,0.59
511.11,30.374625,130.960097,0.0,2,20,0.59
511.18,30.374625,130.960097,0.0,2,20,0.59
511.25,30.374625,130.960097,0.0,2,20,0.59
511.31,30.374625,130.960097,0.0,2,20,0.59
511.38,30.374625,130.960097,0.0,2,20,0.59
511.45,30.374625,130.960097,0.0,2,20,0.59
511.51,30.374625,130.960097,0.0,2,20,0.59
511.58,30.374625,130.960097,0.0,2,20,0.59
511.65,30.374625,130.960097,0.0,2,20,0.59
511.71,30.374625,130.960097,0.0,2,20,0.59
511.78,30.374625,130.960097,0.0,2,20,0.59
511.84,30.374625,130.960097,0.0,2,20,0.59
511.91,30.374625,130.960097,0.0,2,20,0.59
511.98,30.374625,130.960097,0.0,2,20,0.59
512.04,30.374625,130.960097,0.0,2,20,0.59
512.11,30.374625,130.960097,0.0,2,20,0.59
512.18,30.374625,130.960097,0.0,2,20,0.59
512.24,30.374625,130.960097,0.0,2,20,0.59
512.31,30.374625,130.960097,0.0,2,20,0.59
512.38,30.374625,130.960097,0.0,2,20,0.59
512.45,30.374625,130.960097,0.0,2,20,0.59
512.51,30.374625,130.960097,0.0,2,20,0.59
512.58,30.374625,130.960097,0.0,2,20,0.59
512.65,30.374625,130.960097,0.0,2,20,0.59
512.71,30.374625,130.960097,0.0,2,20,0.59
512.78,30.374625,130.960097,0.0,2,20,0.59
512.85,30.374625,130.960097,0.0,2,20,0.59
512.91,30.374625,130.960097,0.0,2,20,0.59
512.98,30.374625,130.960097,0.0,2,20,0.59
513.05,30.374625,130.960097,0.0,2,20,0.59
513.11,30.374625,130.960097,0.0,2,20,0.59
513.18,30.374625,130.960097,0.0,2,20,0.59
513.25,30.374625,130.960097,0.0,2,20,0.59
513.31,30.374625,130.960097,0.0,2,20,0.59
513.38,30.374625,130.960097,0.0,2,20,0.6
513.45,30.374625,130.960097,0.0,2,20,0.6
513.51,30.374625,130.960097,0.0,2,20,0.6
513.58,30.374625,130.960097,0.0,2,20,0.6
513.65,30.374625,130.960097,0.0,2,20,0.6
513.71,30.374625,130.960097,0.0,2,20,0.6
513.78,30.374625,130.960097,0.0,2,20,0.6
513.85,30.374625,130.960097,0.0,2,20,0.6
513.91,30.374625,130.960097,0.0,2,20,0.6
513.98,30.374625,130.960097,0.0,2,20,0.6
514.05,30.374625,130.960097,0.0,2,20,0.6
514.12,30.374625,130.960097,0.0,2,20,0.6
514.18,30.374625,130.960097,0.0,2,20,0.6
514.25,30.374625,130.960097,0.0,2,20,0.6
514.32,30.374625,130.960097,0.0,2,20,0.59
514.38,30.374625,130.960097,0.0,2,20,0.59
514.45,30.374625,130.960097,0.0,2,20,0.59
514.52,30.374625,130.960097,0.0,2,20,0.59
514.58,30.374625,130.960097,0.0,2,20,0.59
514.65,30.374625,130.960097,0.0,2,20,0.59
514.72,30.374625,130.960097,0.0,2,20,0.59
514.79,30.374625,130.960097,0.0,2,20,0.59
514.85,30.374625,130.960097,0.0,2,20,0.59
514.92,30.374625,130.960097,0.0,2,20,0.59
514.99,30.374625,130.960097,0.0,2,20,0.59
515.05,30.374625,130.960097,0.0,2,20,0.59
515.12,30.374625,130.960097,0.0,2,20,0.59
515.19,30.374625,130.960097,0.0,2,20,0.59
515.25,30.374625,130.960097,0.0,2,20,0.59
515.32,30.374625,130.960097,0.0,2,20,0.59
515.39,30.374625,130.960097,0.0,2,20,0.59
515.46,30.374625,130.960097,0.0,2,20,0.59
515.52,30.374625,130.960097,0.0,2,20,0.59
515.59,30.374625,130.960097,0.0,2,20,0.59
515.66,30.374625,130.960097,0.0,2,20,0.59
515.72,30.374625,130.960097,0.0,2,20,0.59
515.79,30.374625,130.960097,0.0,2,20,0.59
515.86,30.374625,130.960097,0.0,2,20,0.59
515.93,30.374625,130.960097,0.0,2,20,0.59
515.99,30.374625,130.960097,0.0,2,20,0.59
516.06,30.374625,130.960097,0.0,2,20,0.59
516.13,30.374625,130.960097,0.0,2,20,0.59
516.19,30.374625,130.960097,0.0,2,20,0.59
516.27,30.374625,130.960097,0.0,2,20,0.59
516.33,30.374625,130.960097,0.0,2,20,0.59
516.4,30.374625,130.960097,0.0,2,20,0.59
516.47,30.374625,130.960097,0.0,2,20,0.59
516.53,30.374625,130.960097,0.0,2,20,0.59
516.6,30.374625,130.960097,0.0,2,20,0.59
516.67,30.374625,130.960097,0.0,2,20,0.59
516.73,30.374625,130.960097,0.0,2,20,0.59
516.8,30.374625,130.960097,0.0,2,20,0.59
516.87,30.374625,130.960097,0.0,2,20,0.59
516.93,30.374625,130.960097,0.0,2,20,0.59
517.0,30.374625,130.960097,0.0,2,20,0.59
517.06,30.374625,130.960097,0.0,2,20,0.59
517.13,30.374625,130.960097,0.0,2,20,0.59
517.2,30.374625,130.960097,0.0,2,20,0.59
517.27,30.374625,130.960097,0.0,2,20,0.59
517.33,30.374625,130.960097,0.0,2,20,0.59
517.4,30.374625,130.960097,0.0,2,20,0.59
517.46,30.374625,130.960097,0.0,2,20,0.59
517.53,30.374625,130.960097,0.0,2,20,0.59
517.6,30.374625,130.960097,0.0,2,20,0.59
517.67,30.374625,130.960097,0.0,2,20,0.59
517.74,30.374625,130.960097,0.0,2,20,0.59
517.81,30.374625,130.960097,0.0,2,20,0.59
517.87,30.374625,130.960097,0.0,2,20,0.59
517.94,30.374625,130.960097,0.0,2,20,0.59
518.0,30.374625,130.960097,0.0,2,20,0.59
518.07,30.374625,130.960097,0.0,2,20,0.59
518.14,30.374625,130.960097,0.0,2,20,0.59
518.2,30.374625,130.960097,0.0,2,20,0.59
518.27,30.374625,130.960097,0.0,2,20,0.59
518.34,30.374625,130.960097,0.0,2,20,0.59
518.4,30.374625,130.960097,0.0,2,20,0.59
518.47,30.374625,130.960097,0.0,2,20,0.59
518.53,30.374625,130.960097,0.0,2,20,0.59
518.6,30.374625,130.960097,0.0,2,20,0.59
518.67,30.374625,130.960097,0.0,2,20,0.59
518.73,30.374625,130.960097,0.0,2,20,0.59
518.8,30.374625,130.960097,0.0,2,20,0.59
518.87,30.374625,130.960097,0.0,2,20,0.59
518.93,30.374625,130.960097,0.0,2,20,0.59
519.0,30.374625,130.960097,0.0,2,20,0.59
519.06,30.374625,130.960097,0.0,2,20,0.59
519.13,30.374625,130.960097,0.0,2,20,0.59
519.2,30.374625,130.960097,0.0,2,20,0.59
519.26,30.374625,130.960097,0.0,2,20,0.59
519.33,30.374625,130.960097,0.0,2,20,0.59
519.4,30.374625,130.960097,0.0,2,20,0.59
519.46,30.374625,130.960097,0.0,2,20,0.59
519.53,30.374625,130.960097,0.0,2,20,0.59
519.6,30.374625,130.960097,0.0,2,20,0.59
519.66,30.374625,130.960097,0.0,2,20,0.59
519.73,30.374625,130.960097,0.0,2,20,0.59
519.79,30.374625,130.960097,0.0,2,20,0.59
519.86,30.374625,130.960097,0.0,2,20,0.59
519.93,30.374625,130.960097,0.0,2,20,0.59
519.99,30.374625,130.960097,0.0,2,20,0.59
520.06,30.374625,130.960097,0.0,2,20,0.59
520.13,30.374625,130.960097,0.0,2,20,0.59
520.19,30.374625,130.960097,0.0,2,20,0.59
520.26,30.374625,130.960097,0.0,2,20,0.59
520.33,30.374625,130.960097,0.0,2,20,0.59
520.39,30.374625,130.960097,0.0,2,20,0.59
520.46,30.374625,130.960097,0.0,2,20,0.59
520.53,30.374625,130.960097,0.0,2,20,0.59
520.59,30.374625,130.960097,0.0,2,20,0.59
520.66,30.374625,130.960097,0.0,2,20,0.59
520.73,30.374625,130.960097,0.0,2,20,0.59
520.79,30.374625,130.960097,0.0,2,20,0.59
520.86,30.374625,130.960097,0.0,2,20,0.59
520.93,30.374625,130.960097,0.0,2,20,0.59
520.99,30.374625,130.960097,0.0,2,20,0.59
521.06,30.374625,130.960097,0.0,2,20,0.59
521.13,30.374625,130.960097,0.0,2,20,0.59
521.19,30.374625,130.960097,0.0,2,20,0.59
521.26,30.374625,130.960097,0.0,2,20,0.59
521.33,30.374625,130.960097,0.0,2,20,0.59
521.39,30.374625,130.960097,0.0,2,20,0.59
521.46,30.374625,130.960097,0.0,2,20,0.59
521.53,30.374625,130.960097,0.0,2,20,0.59
521.59,30.374625,130.960097,0.0,2,20,0.59
521.66,30.374625,130.960097,0.0,2,20,0.59
521.73,30.374625,130.960097,0.0,2,20,0.59
521.79,30.374625,130.960097,0.0,2,20,0.59
521.86,30.374625,130.960097,0.0,2,20,0.59
521.93,30.374625,130.960097,0.0,2,20,0.59
521.99,30.374625,130.960097,0.0,2,20,0.59
522.06,30.374625,130.960097,0.0,2,20,0.59
522.13,30.374625,130.960097,0.0,2,20,0.59
522.19,30.374625,130.960097,0.0,2,20,0.59
522.26,30.374625,130.960097,0.0,2,20,0.59
522.33,30.374625,130.960097,0.0,2,20,0.59
522.39,30.374625,130.960097,0.0,2,20,0.59
522.46,30.374625,130.960097,0.0,2,20,0.59
522.53,30.374625,130.960097,0.0,2,20,0.59
522.59,30.374625,130.960097,0.0,2,20,0.59
522.66,30.374625,130.960097,0.0,2,20,0.59
522.73,30.374625,130.960097,0.0,2,20,0.59
522.8,30.374625,130.960097,0.0,2,20,0.59
522.86,30.374625,130.960097,0.0,2,20,0.59
522.93,30.374625,130.960097,0.0,2,20,0.59
523.0,30.374625,130.960097,0.0,2,20,0.59
523.06,30.374625,130.960097,0.0,2,20,0.59
523.13,30.374625,130.960097,0.0,2,20,0.59
523.2,30.374625,130.960097,0.0,2,20,0.59
523.26,30.374625,130.960097,0.0,2,20,0.59
523.33,30.374625,130.960097,0.0,2,20,0.59
523.4,30.374625,130.960097,0.0,2,20,0.59
523.47,30.374625,130.960097,0.0,2,20,0.59
523.53,30.374625,130.960097,0.0,2,20,0.59
523.6,30.374625,130.960097,0.0,2,20,0.59
523.67,30.374625,130.960097,0.0,2,20,0.59
523.73,30.374625,130.960097,0.0,2,20,0.59
523.8,30.374625,130.960097,0.0,2,20,0.59
523.87,30.374625,130.960097,0.0,2,20,0.59
523.94,30.374625,130.960097,0.0,2,20,0.59
524.0,30.374625,130.960097,0.0,2,20,0.59
524.07,30.374625,130.960097,0.0,2,20,0.59
524.14,30.374625,130.960097,0.0,2,20,0.59
524.21,30.374625,130.960097,0.0,2,20,0.59
524.27,30.374625,130.960097,0.0,2,20,0.59
524.35,30.374625,130.960097,0.0,2,20,0.59
524.41,30.374625,130.960097,0.0,2,20,0.59
524.48,30.374625,130.960097,0.0,2,20,0.59
524.54,30.374625,130.960097,0.0,2,20,0.59
524.61,30.374625,130.960097,0.0,2,20,0.59
524.68,30.374625,130.960097,0.0,2,20,0.59
524.74,30.374625,130.960097,0.0,2,20,0.59
524.81,30.374625,130.960097,0.0,2,20,0.59
524.88,30.374625,130.960097,0.0,2,20,0.59
524.94,30.374625,130.960097,0.0,2,20,0.59
525.01,30.374625,130.960097,0.0,2,20,0.59
525.08,30.374625,130.960097,0.0,2,20,0.59
525.14,30.374625,130.960097,0.0,2,20,0.59
525.21,30.374625,130.960097,0.0,2,20,0.59
525.27,30.374625,130.960097,0.0,2,20,0.59
525.34,30.374625,130.960097,0.0,2,20,0.59
525.41,30.374625,130.960097,0.0,2,20,0.59
525.47,30.374625,130.960097,0.0,2,20,0.59
525.54,30.374625,130.960097,0.0,2,20,0.59
525.61,30.374625,130.960097,0.0,2,20,0.59
525.67,30.374625,130.960097,0.0,2,20,0.59
525.74,30.374625,130.960097,0.0,2,20,0.59
525.8,30.374625,130.960097,0.0,2,20,0.59
525.87,30.374625,130.960097,0.0,2,20,0.59
525.94,30.374625,130.960097,0.0,2,20,0.59
526.0,30.374625,130.960097,0.0,2,20,0.59
526.07,30.374625,130.960097,0.0,2,20,0.59
526.14,30.374625,130.960097,0.0,2,20,0.59
526.2,30.374625,130.960097,0.0,2,20,0.59
526.27,30.374625,130.960097,0.0,2,20,0.59
526.34,30.374625,130.960097,0.0,2,20,0.59
526.4,30.374625,130.960097,0.0,2,20,0.59
526.47,30.374625,130.960097,0.0,2,20,0.59
526.54,30.374625,130.960097,0.0,2,20,0.59
526.6,30.374625,130.960097,0.0,2,20,0.59
526.67,30.374625,130.960097,0.0,2,20,0.59
526.73,30.374625,130.960097,0.0,2,20,0.59
526.8,30.374625,130.960097,0.0,2,20,0.59
526.87,30.374625,130.960097,0.0,2,20,0.59
526.93,30.374625,130.960097,0.0,2,20,0.59
527.0,30.374625,130.960097,0.0,2,20,0.59
527.07,30.374625,130.960097,0.0,2,20,0.59
527.13,30.374625,130.960097,0.0,2,20,0.59
527.2,30.374625,130.960097,0.0,2,20,0.59
527.27,30.374625,130.960097,0.0,2,20,0.59
527.33,30.374625,130.960097,0.0,2,20,0.59
527.4,30.374625,130.960097,0.0,2,20,0.59
527.47,30.374625,130.960097,0.0,2,20,0.59
527.53,30.374625,130.960097,0.0,2,20,0.59
527.6,30.374625,130.960097,0.0,2,20,0.59
527.67,30.374625,130.960097,0.0,2,20,0.59
527.73,30.374625,130.960097,0.0,2,20,0.59
527.8,30.374625,130.960097,0.0,2,20,0.59
527.87,30.374625,130.960097,0.0,2,20,0.59
527.93,30.374625,130.960097,0.0,2,20,0.59
528.0,30.374625,130.960097,0.0,2,20,0.59
528.07,30.374625,130.960097,0.0,2,20,0.59
528.13,30.374625,130.960097,0.0,2,20,0.59
528.2,30.374625,130.960097,0.0,2,20,0.59
528.27,30.374625,130.960097,0.0,2,20,0.59
528.33,30.374625,130.960097,0.0,2,20,0.59
528.4,30.374625,130.960097,0.0,2,20,0.59
528.47,30.374625,130.960097,0.0,2,20,0.59
528.53,30.374625,130.960097,0.0,2,20,0.59
528.6,30.374625,130.960097,0.0,2,20,0.59
528.67,30.374625,130.960097,0.0,2,20,0.59
528.74,30.374625,130.960097,0.0,2,20,0.59
528.8,30.374625,130.960097,0.0,2,20,0.59
528.87,30.374625,130.960097,0.0,2,20,0.59
528.94,30.374625,130.960097,0.0,2,20,0.59
529.0,30.374625,130.960097,0.0,2,20,0.59
529.07,30.374625,130.960097,0.0,2,20,0.59
529.14,30.374625,130.960097,0.0,2,20,0.59
529.2,30.374625,130.960097,0.0,2,20,0.59
529.27,30.374625,130.960097,0.0,2,20,0.59
529.34,30.374625,130.960097,0.0,2,20,0.59
529.4,30.374625,130.960097,0.0,2,20,0.59
529.47,30.374625,130.960097,0.0,2,20,0.59
529.54,30.374625,130.960097,0.0,2,20,0.59
529.6,30.374625,130.960097,0.0,2,20,0.59
529.67,30.374625,130.960097,0.0,2,20,0.59
529.74,30.374625,130.960097,0.0,2,20,0.59
529.81,30.374625,130.960097,0.0,2,20,0.59
529.87,30.374625,130.960097,0.0,2,20,0.59
529.94,30.374625,130.960097,0.0,2,20,0.59
530.01,30.374625,130.960097,0.0,2,20,0.59
530.07,30.374625,130.960097,0.0,2,20,0.59
530.14,30.374625,130.960097,0.0,2,20,0.59
530.21,30.374625,130.960097,0.0,2,20,0.59
530.27,30.374625,130.960097,0.0,2,20,0.59
530.34,30.374625,130.960097,0.0,2,20,0.59
530.41,30.374625,130.960097,0.0,2,20,0.59
530.47,30.374625,130.960097,0.0,2,20,0.59
530.54,30.374625,130.960097,0.0,2,20,0.59
530.61,30.374625,130.960097,0.0,2,20,0.59
530.68,30.374625,130.960097,0.0,2,20,0.59
530.74,30.374625,130.960097,0.0,2,20,0.59
530.81,30.374625,130.960097,0.0,2,20,0.59
530.88,30.374625,130.960097,0.0,2,20,0.59
530.94,30.374625,130.960097,0.0,2,20,0.59
531.01,30.374625,130.960097,0.0,2,20,0.59
531.09,30.374625,130.960097,0.0,2,20,0.59
531.15,30.374625,130.960097,0.0,2,20,0.59
531.22,30.374625,130.960097,0.0,2,20,0.59
531.29,30.374625,130.960097,0.0,2,20,0.59
531.35,30.374625,130.960095,0.16,2,20,0.59
531.42,30.374625,130.960095,0.16,2,20,0.59
531.48,30.374625,130.960095,0.16,2,20,0.59
531.55,30.374625,130.960095,0.16,2,20,0.59
531.62,30.374625,130.960095,0.16,2,20,0.59
531.68,30.374625,130.960095,0.16,2,20,0.59
531.75,30.374625,130.960095,0.16,2,20,0.59
531.82,30.374625,130.960095,0.16,2,20,0.59
531.88,30.374625,130.960095,0.16,2,20,0.59
531.95,30.374625,130.960095,0.16,2,20,0.59
532.01,30.374625,130.960095,0.16,2,20,0.59
532.08,30.374625,130.960095,0.16,2,20,0.59
532.15,30.374625,130.960095,0.16,2,20,0.59
532.21,30.374625,130.960095,0.16,2,20,0.59
532.28,30.374625,130.960095,0.16,2,20,0.59
532.35,30.374625,130.960097,0.17,2,20,0.59
532.41,30.374625,130.960097,0.17,2,20,0.59
532.48,30.374625,130.960097,0.17,2,20,0.59
532.54,30.374625,130.960097,0.17,2,20,0.59
532.61,30.374625,130.960097,0.17,2,20,0.59
532.68,30.374625,130.960097,0.17,2,20,0.59
532.75,30.374625,130.960097,0.17,2,20,0.59
532.81,30.374625,130.960097,0.17,2,20,0.59
532.88,30.374625,130.960097,0.17,2,20,0.59
532.94,30.374625,130.960097,0.17,2,20,0.59
533.01,30.374625,130.960097,0.17,2,20,0.59
533.08,30.374625,130.960097,0.17,2,20,0.59
533.14,30.374625,130.960097,0.17,2,20,0.59
533.21,30.374625,130.960097,0.17,2,20,0.59
533.28,30.374625,130.960097,0.17,2,20,0.59
533.34,30.374625,130.960097,0.17,2,20,0.59
533.41,30.374625,130.960095,0.16,2,20,0.59
533.48,30.374625,130.960095,0.16,2,20,0.59
533.54,30.374625,130.960095,0.16,2,20,0.59
533.61,30.374625,130.960095,0.16,2,20,0.59
533.68,30.374625,130.960095,0.16,2,20,0.59
533.74,30.374625,130.960095,0.16,2,20,0.59
533.81,30.374625,130.960095,0.16,2,20,0.59
533.88,30.374625,130.960095,0.16,2,20,0.59
533.94,30.374625,130.960095,0.16,2,20,0.59
534.01,30.374625,130.960095,0.16,2,20,0.59
534.08,30.374625,130.960095,0.16,2,20,0.59
534.14,30.374625,130.960095,0.16,2,20,0.59
534.21,30.374625,130.960095,0.16,2,20,0.59
534.28,30.374625,130.960095,0.16,2,20,0.59
534.34,30.374625,130.960095,0.16,2,20,0.59
534.41,30.374625,130.960097,0.15,2,20,0.59
534.48,30.374625,130.960097,0.15,2,20,0.59
534.54,30.374625,130.960097,0.15,2,20,0.59
534.61,30.374625,130.960097,0.15,2,20,0.59
534.68,30.374625,130.960097,0.15,2,20,0.59
534.74,30.374625,130.960097,0.15,2,20,0.59
534.81,30.374625,130.960097,0.15,2,20,0.59
534.88,30.374625,130.960097,0.15,2,20,0.59
534.94,30.374625,130.960097,0.15,2,20,0.59
535.01,30.374625,130.960097,0.15,2,20,0.59
535.08,30.374625,130.960097,0.15,2,20,0.59
535.14,30.374625,130.960097,0.15,2,20,0.59
535.21,30.374625,130.960097,0.15,2,20,0.59
535.27,30.374625,130.960097,0.15,2,20,0.59
535.34,30.374625,130.960097,0.15,2,20,0.59
535.41,30.374625,130.960095,0.17,2,20,0.59
535.47,30.374625,130.960095,0.17,2,20,0.59
535.54,30.374625,130.960095,0.17,2,20,0.59
535.61,30.374625,130.960095,0.17,2,20,0.59
535.68,30.374625,130.960095,0.17,2,20,0.59
535.74,30.374625,130.960095,0.17,2,20,0.59
535.81,30.374625,130.960095,0.17,2,20,0.59
535.88,30.374625,130.960095,0.17,2,20,0.59
535.94,30.374625,130.960095,0.17,2,20,0.59
536.01,30.374625,130.960095,0.17,2,20,0.59
536.08,30.374625,130.960095,0.17,2,20,0.59
536.14,30.374625,130.960095,0.17,2,20,0.59
536.21,30.374625,130.960095,0.17,2,20,0.59
536.28,30.374625,130.960095,0.17,2,20,0.59
536.35,30.374625,130.960097,0.16,2,20,0.59
536.41,30.374625,130.960097,0.16,2,20,0.59
536.48,30.374625,130.960097,0.16,2,20,0.59
536.55,30.374625,130.960097,0.16,2,20,0.59
536.61,30.374625,130.960097,0.16,2,20,0.59
536.68,30.374625,130.960097,0.16,2,20,0.59
536.75,30.374625,130.960097,0.16,2,20,0.59
536.82,30.374625,130.960097,0.16,2,20,0.59
536.88,30.374625,130.960097,0.16,2,20,0.59
536.95,30.374625,130.960097,0.16,2,20,0.59
537.02,30.374625,130.960097,0.16,2,20,0.59
537.08,30.374625,130.960097,0.16,2,20,0.59
537.15,30.374625,130.960097,0.16,2,20,0.59
537.22,30.374625,130.960097,0.16,2,20,0.59
537.28,30.374625,130.960097,0.16,2,20,0.59
537.35,30.374625,130.960097,0.16,2,20,0.59
537.42,30.374623,130.960097,0.2,2,20,0.59
537.49,30.374623,130.960097,0.2,2,20,0.59
537.56,30.374623,130.960097,0.2,2,20,0.59
537.63,30.374623,130.960097,0.2,2,20,0.59
537.69,30.374623,130.960097,0.2,2,20,0.59
537.76,30.374623,130.960097,0.2,2,20,0.59
537.82,30.374623,130.960097,0.2,2,20,0.59
537.89,30.374623,130.960097,0.2,2,20,0.59
537.96,30.374623,130.960097,0.2,2,20,0.59
538.02,30.374623,130.960097,0.2,2,20,0.59
538.09,30.374623,130.960097,0.2,2,20,0.59
538.15,30.374623,130.960097,0.2,2,20,0.59
538.22,30.374623,130.960097,0.2,2,20,0.59
538.29,30.374623,130.960097,0.2,2,20,0.59
538.35,30.374625,130.960097,0.19,2,20,0.59
538.42,30.374625,130.960097,0.19,2,20,0.59
538.49,30.374625,130.960097,0.19,2,20,0.59
538.55,30.374625,130.960097,0.19,2,20,0.59
538.62,30.374625,130.960097,0.19,2,20,0.59
538.69,30.374625,130.960097,0.19,2,20,0.59
538.75,30.374625,130.960097,0.19,2,20,0.59
538.82,30.374625,130.960097,0.19,2,20,0.59
538.88,30.374625,130.960097,0.19,2,20,0.59
538.95,30.374625,130.960097,0.19,2,20,0.59
539.02,30.374625,130.960097,0.19,2,20,0.59
539.08,30.374625,130.960097,0.19,2,20,0.59
539.15,30.374625,130.960097,0.19,2,20,0.59
539.22,30.374625,130.960097,0.19,2,20,0.59
539.28,30.374625,130.960097,0.19,2,20,0.59
539.35,30.374625,130.960097,0.19,2,20,0.59
539.41,30.374625,130.960097,0.0,2,20,0.59
539.48,30.374625,130.960097,0.0,2,20,0.59
539.55,30.374625,130.960097,0.0,2,20,0.59
539.62,30.374625,130.960097,0.0,2,20,0.59
539.68,30.374625,130.960097,0.0,2,20,0.59
539.75,30.374625,130.960097,0.0,2,20,0.59
539.81,30.374625,130.960097,0.0,2,20,0.59
539.88,30.374625,130.960097,0.0,2,20,0.59
539.95,30.374625,130.960097,0.0,2,20,0.59
540.01,30.374625,130.960097,0.0,2,20,0.59
540.08,30.374625,130.960097,0.0,2,20,0.59
540.15,30.374625,130.960097,0.0,2,20,0.59
540.21,30.374625,130.960097,0.0,2,20,0.59
540.28,30.374625,130.960097,0.0,2,20,0.59
540.35,30.374625,130.960097,0.0,2,20,0.59
540.41,30.374623,130.960097,0.18,2,20,0.59
540.48,30.374623,130.960097,0.18,2,20,0.59
540.55,30.374623,130.960097,0.18,2,20,0.59
540.61,30.374623,130.960097,0.18,2,20,0.59
540.68,30.374623,130.960097,0.18,2,20,0.59
540.75,30.374623,130.960097,0.18,2,20,0.59
540.81,30.374623,130.960097,0.18,2,20,0.59
540.88,30.374623,130.960097,0.18,2,20,0.59
540.95,30.374623,130.960097,0.18,2,20,0.59
541.01,30.374623,130.960097,0.18,2,20,0.59
541.08,30.374623,130.960097,0.18,2,20,0.59
541.15,30.374623,130.960097,0.18,2,20,0.59
541.21,30.374623,130.960097,0.18,2,20,0.59
541.28,30.374623,130.960097,0.18,2,20,0.59
541.34,30.374623,130.960097,0.18,2,20,0.59
541.41,30.374625,130.960097,0.19,2,20,0.59
541.48,30.374625,130.960097,0.19,2,20,0.59
541.55,30.374625,130.960097,0.19,2,20,0.59
541.61,30.374625,130.960097,0.19,2,20,0.59
541.68,30.374625,130.960097,0.19,2,20,0.59
541.75,30.374625,130.960097,0.19,2,20,0.59
541.81,30.374625,130.960097,0.19,2,20,0.59
541.88,30.374625,130.960097,0.19,2,20,0.59
541.95,30.374625,130.960097,0.19,2,20,0.59
542.01,30.374625,130.960097,0.19,2,20,0.59
542.08,30.374625,130.960097,0.19,2,20,0.59
542.15,30.374625,130.960097,0.19,2,20,0.59
542.21,30.374625,130.960097,0.19,2,20,0.59
542.28,30.374625,130.960097,0.19,2,20,0.59
542.35,30.374625,130.960097,0.19,2,20,0.59
542.41,30.374623,130.960097,0.2,2,20,0.59
542.48,30.374623,130.960097,0.2,2,20,0.59
542.55,30.374623,130.960097,0.2,2,20,0.59
542.62,30.374623,130.960097,0.2,2,20,0.59
542.68,30.374623,130.960097,0.2,2,20,0.59
542.75,30.374623,130.960097,0.2,2,20,0.59
542.82,30.374623,130.960097,0.2,2,20,0.59
542.88,30.374623,130.960097,0.2,2,20,0.59
542.95,30.374623,130.960097,0.2,2,20,0.59
543.02,30.374623,130.960097,0.2,2,20,0.59
543.08,30.374623,130.960097,0.2,2,20,0.59
543.15,30.374623,130.960097,0.2,2,20,0.59
543.22,30.374623,130.960097,0.2,2,20,0.59
543.28,30.374623,130.960097,0.2,2,20,0.59
543.35,30.374623,130.960097,0.0,2,20,0.59
543.42,30.374623,130.960097,0.0,2,20,0.59
543.49,30.374623,130.960097,0.0,2,20,0.59
543.55,30.374623,130.960097,0.0,2,20,0.59
543.62,30.374623,130.960097,0.0,2,20,0.59
543.69,30.374623,130.960097,0.0,2,20,0.59
543.75,30.374623,130.960097,0.0,2,20,0.59
543.82,30.374623,130.960097,0.0,2,20,0.59
543.89,30.374623,130.960097,0.0,2,20,0.59
543.96,30.374623,130.960097,0.0,2,20,0.59
544.03,30.374623,130.960097,0.0,2,20,0.59
544.1,30.374623,130.960097,0.0,2,20,0.59
544.16,30.374623,130.960097,0.0,2,20,0.59
544.23,30.374623,130.960097,0.0,2,20,0.59
544.3,30.374623,130.960097,0.0,2,20,0.59
544.37,30.374623,130.960097,0.0,2,20,0.59
544.43,30.374623,130.960097,0.0,2,20,0.59
544.5,30.374623,130.960097,0.0,2,20,0.59
544.57,30.374623,130.960097,0.0,2,20,0.59
544.63,30.374623,130.960097,0.0,2,20,0.59
544.7,30.374623,130.960097,0.0,2,20,0.59
544.77,30.374623,130.960097,0.0,2,20,0.59
544.83,30.374623,130.960097,0.0,2,20,0.59
544.9,30.374623,130.960097,0.0,2,20,0.59
544.96,30.374623,130.960097,0.0,2,20,0.59
545.03,30.374623,130.960097,0.0,2,20,0.59
545.1,30.374623,130.960097,0.0,2,20,0.59
545.16,30.374623,130.960097,0.0,2,20,0.59
545.23,30.374623,130.960097,0.0,2,20,0.59
545.3,30.374623,130.960097,0.0,2,20,0.59
545.36,30.374623,130.960097,0.0,2,20,0.59
545.43,30.374623,130.960097,0.0,2,20,0.59
545.5,30.374623,130.960097,0.0,2,20,0.59
545.56,30.374623,130.960097,0.0,2,20,0.59
545.63,30.374623,130.960097,0.0,2,20,0.59
545.69,30.374623,130.960097,0.0,2,20,0.59
545.76,30.374623,130.960097,0.0,2,20,0.59
545.83,30.374623,130.960097,0.0,2,20,0.59
545.89,30.374623,130.960097,0.0,2,20,0.59
545.96,30.374623,130.960097,0.0,2,20,0.59
546.03,30.374623,130.960097,0.0,2,20,0.59
546.09,30.374623,130.960097,0.0,2,20,0.59
546.16,30.374623,130.960097,0.0,2,20,0.59
546.23,30.374623,130.960097,0.0,2,20,0.59
546.29,30.374623,130.960097,0.0,2,20,0.59
546.36,30.374623,130.960097,0.0,2,20,0.59
546.43,30.374623,130.960097,0.0,2,20,0.59
546.49,30.374623,130.960097,0.0,2,20,0.59
546.56,30.374623,130.960097,0.0,2,20,0.59
546.63,30.374623,130.960097,0.0,2,20,0.59
546.69,30.374623,130.960097,0.0,2,20,0.59
546.76,30.374623,130.960097,0.0,2,20,0.59
546.83,30.374623,130.960097,0.0,2,20,0.59
546.89,30.374623,130.960097,0.0,2,20,0.59
546.96,30.374623,130.960097,0.0,2,20,0.59
547.03,30.374623,130.960097,0.0,2,20,0.59
547.09,30.374623,130.960097,0.0,2,20,0.59
547.16,30.374623,130.960097,0.0,2,20,0.59
547.23,30.374623,130.960097,0.0,2,20,0.59
547.29,30.374623,130.960097,0.0,2,20,0.59
547.36,30.374623,130.960097,0.0,2,20,0.59
547.43,30.374623,130.960097,0.0,2,20,0.59
547.49,30.374623,130.960097,0.0,2,20,0.59
547.56,30.374623,130.960097,0.0,2,20,0.59
547.63,30.374623,130.960097,0.0,2,20,0.59
547.69,30.374623,130.960097,0.0,2,20,0.59
547.76,30.374623,130.960097,0.0,2,20,0.59
547.83,30.374623,130.960097,0.0,2,20,0.59
547.89,30.374623,130.960097,0.0,2,20,0.59
547.96,30.374623,130.960097,0.0,2,20,0.59
548.03,30.374623,130.960097,0.0,2,20,0.59
548.09,30.374623,130.960097,0.0,2,20,0.59
548.16,30.374623,130.960097,0.0,2,20,0.59
548.23,30.374623,130.960097,0.0,2,20,0.59
548.29,30.374623,130.960097,0.0,2,20,0.59
548.36,30.374623,130.960097,0.0,2,20,0.59
548.43,30.374623,130.960097,0.0,2,20,0.59
548.5,30.374623,130.960097,0.0,2,20,0.59
548.56,30.374623,130.960097,0.0,2,20,0.59
548.63,30.374623,130.960097,0.0,2,20,0.59
548.7,30.374623,130.960097,0.0,2,20,0.59
548.77,30.374623,130.960097,0.0,2,20,0.59
548.83,30.374623,130.960097,0.0,2,20,0.59
548.9,30.374623,130.960097,0.0,2,20,0.59
548.97,30.374623,130.960097,0.0,2,20,0.59
549.03,30.374623,130.960097,0.0,2,20,0.59
549.1,30.374623,130.960097,0.0,2,20,0.59
549.17,30.374623,130.960097,0.0,2,20,0.59
549.24,30.374623,130.960097,0.0,2,20,0.59
549.3,30.374623,130.960097,0.0,2,20,0.59
549.37,30.374623,130.960097,0.0,2,20,0.59
549.44,30.374623,130.960097,0.0,2,20,0.59
549.5,30.374623,130.960097,0.0,2,20,0.59
549.57,30.374623,130.960097,0.0,2,20,0.59
549.64,30.374623,130.960097,0.0,2,20,0.59
549.71,30.374623,130.960097,0.0,2,20,0.59
549.77,30.374623,130.960097,0.0,2,20,0.59
549.84,30.374623,130.960097,0.0,2,20,0.59
549.91,30.374623,130.960097,0.0,2,20,0.59
549.97,30.374623,130.960097,0.0,2,20,0.59
550.04,30.374623,130.960097,0.0,2,20,0.59
550.11,30.374623,130.960097,0.0,2,20,0.59
550.18,30.374623,130.960097,0.0,2,20,0.59
550.24,30.374623,130.960097,0.0,2,20,0.59
550.31,30.374623,130.960097,0.0,2,20,0.59
550.38,30.374623,130.960097,0.0,2,20,0.59
550.45,30.374623,130.960097,0.0,2,20,0.59
550.51,30.374623,130.960097,0.0,2,20,0.59
550.58,30.374623,130.960097,0.0,2,20,0.59
550.65,30.374623,130.960097,0.0,2,20,0.59
550.72,30.374623,130.960097,0.0,2,20,0.59
550.79,30.374623,130.960097,0.0,2,20,0.59
550.85,30.374623,130.960097,0.0,2,20,0.59
550.92,30.374623,130.960097,0.0,2,20,0.59
550.98,30.374623,130.960097,0.0,2,20,0.59
551.05,30.374623,130.960097,0.0,2,20,0.59
551.12,30.374623,130.960097,0.0,2,20,0.59
551.18,30.374623,130.960097,0.0,2,20,0.59
551.25,30.374623,130.960097,0.0,2,20,0.59
551.32,30.374623,130.960097,0.0,2,20,0.59
551.39,30.374623,130.960095,0.17,2,20,0.59
551.45,30.374623,130.960095,0.17,2,20,0.59
551.52,30.374623,130.960095,0.17,2,20,0.59
551.58,30.374623,130.960095,0.17,2,20,0.59
551.65,30.374623,130.960095,0.17,2,20,0.59
551.72,30.374623,130.960095,0.17,2,20,0.59
551.78,30.374623,130.960095,0.17,2,20,0.59
551.85,30.374623,130.960095,0.17,2,20,0.59
551.92,30.374623,130.960095,0.17,2,20,0.59
551.98,30.374623,130.960095,0.17,2,20,0.59
552.05,30.374623,130.960095,0.17,2,20,0.59
552.11,30.374623,130.960095,0.17,2,20,0.59
552.18,30.374623,130.960095,0.17,2,20,0.59
552.25,30.374623,130.960095,0.17,2,20,0.59
552.32,30.374623,130.960095,0.17,2,20,0.59
552.38,30.374623,130.960095,0.0,2,20,0.59
552.45,30.374623,130.960095,0.0,2,20,0.59
552.51,30.374623,130.960095,0.0,2,20,0.59
552.58,30.374623,130.960095,0.0,2,20,0.59
552.65,30.374623,130.960095,0.0,2,20,0.59
552.71,30.374623,130.960095,0.0,2,20,0.59
552.78,30.374623,130.960095,0.0,2,20,0.59
552.85,30.374623,130.960095,0.0,2,20,0.59
552.91,30.374623,130.960095,0.0,2,20,0.59
552.98,30.374623,130.960095,0.0,2,20,0.59
553.05,30.374623,130.960095,0.0,2,20,0.59
553.11,30.374623,130.960095,0.0,2,20,0.59
553.18,30.374623,130.960095,0.0,2,20,0.59
553.25,30.374623,130.960095,0.0,2,20,0.59
553.31,30.374623,130.960095,0.0,2,20,0.59
553.38,30.374623,130.960095,0.0,2,20,0.59
553.45,30.374623,130.960095,0.0,2,20,0.59
553.51,30.374623,130.960095,0.0,2,20,0.59
553.58,30.374623,130.960095,0.0,2,20,0.59
553.64,30.374623,130.960095,0.0,2,20,0.59
553.71,30.374623,130.960095,0.0,2,20,0.59
553.78,30.374623,130.960095,0.0,2,20,0.59
553.84,30.374623,130.960095,0.0,2,20,0.59
553.91,30.374623,130.960095,0.0,2,20,0.59
553.98,30.374623,130.960095,0.0,2,20,0.59
554.04,30.374623,130.960095,0.0,2,20,0.59
554.11,30.374623,130.960095,0.0,2,20,0.59
554.18,30.374623,130.960095,0.0,2,20,0.59
554.24,30.374623,130.960095,0.0,2,20,0.59
554.31,30.374623,130.960095,0.0,2,20,0.59
554.38,30.374623,130.960095,0.0,2,20,0.59
554.44,30.374623,130.960095,0.0,2,20,0.59
554.51,30.374623,130.960095,0.0,2,20,0.59
554.58,30.374623,130.960095,0.0,2,20,0.59
554.64,30.374623,130.960095,0.0,2,20,0.59
554.71,30.374623,130.960095,0.0,2,20,0.59
554.78,30.374623,130.960095,0.0,2,20,0.59
554.84,30.374623,130.960095,0.0,2,20,0.59
554.91,30.374623,130.960095,0.0,2,20,0.59
554.97,30.374623,130.960095,0.0,2,20,0.59
555.04,30.374623,130.960095,0.0,2,20,0.59
555.11,30.374623,130.960095,0.0,2,20,0.59
555.18,30.374623,130.960095,0.0,2,20,0.59
555.24,30.374623,130.960095,0.0,2,20,0.59
555.31,30.374623,130.960095,0.0,2,20,0.59
555.38,30.374625,130.960095,0.2,2,20,0.59
555.44,30.374625,130.960095,0.2,2,20,0.59
555.51,30.374625,130.960095,0.2,2,20,0.59
555.58,30.374625,130.960095,0.2,2,20,0.59
555.64,30.374625,130.960095,0.2,2,20,0.59
555.71,30.374625,130.960095,0.2,2,20,0.59
555.78,30.374625,130.960095,0.2,2,20,0.59
555.84,30.374625,130.960095,0.2,2,20,0.59
555.91,30.374625,130.960095,0.2,2,20,0.59
555.98,30.374625,130.960095,0.2,2,20,0.59
556.04,30.374625,130.960095,0.2,2,20,0.59
556.11,30.374625,130.960095,0.2,2,20,0.59
556.18,30.374625,130.960095,0.2,2,20,0.59
556.24,30.374625,130.960095,0.2,2,20,0.59
556.31,30.374625,130.960095,0.2,2,20,0.59
556.38,30.374625,130.960095,0.0,2,20,0.59
556.44,30.374625,130.960095,0.0,2,20,0.59
556.51,30.374625,130.960095,0.0,2,20,0.59
556.58,30.374625,130.960095,0.0,2,20,0.59
556.64,30.374625,130.960095,0.0,2,20,0.59
556.71,30.374625,130.960095,0.0,2,20,0.59
556.78,30.374625,130.960095,0.0,2,20,0.59
556.84,30.374625,130.960095,0.0,2,20,0.59
556.91,30.374625,130.960095,0.0,2,20,0.59
556.98,30.374625,130.960095,0.0,2,20,0.59
557.05,30.374625,130.960095,0.0,2,20,0.59
557.11,30.374625,130.960095,0.0,2,20,0.59
557.18,30.374625,130.960095,0.0,2,20,0.59
557.25,30.374625,130.960095,0.0,2,20,0.59
557.31,30.374625,130.960095,0.0,2,20,0.59
557.38,30.374623,130.960097,0.24,2,20,0.59
557.45,30.374623,130.960097,0.24,2,20,0.59
557.52,30.374623,130.960097,0.24,2,20,0.59
557.59,30.374623,130.960097,0.24,2,20,0.59
557.65,30.374623,130.960097,0.24,2,20,0.59
557.72,30.374623,130.960097,0.24,2,20,0.59
557.78,30.374623,130.960097,0.24,2,20,0.59
557.85,30.374623,130.960097,0.24,2,20,0.59
557.92,30.374623,130.960097,0.24,2,20,0.59
557.98,30.374623,130.960097,0.24,2,20,0.59
558.05,30.374623,130.960097,0.24,2,20,0.59
558.12,30.374623,130.960097,0.24,2,20,0.59
558.18,30.374623,130.960097,0.24,2,20,0.59
558.25,30.374623,130.960097,0.24,2,20,0.59
558.31,30.374625,130.960097,0.19,2,20,0.59
558.38,30.374625,130.960097,0.19,2,20,0.59
558.45,30.374625,130.960097,0.19,2,20,0.59
558.51,30.374625,130.960097,0.19,2,20,0.59
558.58,30.374625,130.960097,0.19,2,20,0.59
558.65,30.374625,130.960097,0.19,2,20,0.59
558.71,30.374625,130.960097,0.19,2,20,0.59
558.78,30.374625,130.960097,0.19,2,20,0.59
558.85,30.374625,130.960097,0.19,2,20,0.59
558.92,30.374625,130.960097,0.19,2,20,0.59
558.99,30.374625,130.960097,0.19,2,20,0.59
559.05,30.374625,130.960097,0.19,2,20,0.59
559.12,30.374625,130.960097,0.19,2,20,0.59
559.18,30.374625,130.960097,0.19,2,20,0.59
559.25,30.374625,130.960097,0.19,2,20,0.59
559.32,30.374625,130.960097,0.0,2,20,0.59
559.38,30.374625,130.960097,0.0,2,20,0.59
559.45,30.374625,130.960097,0.0,2,20,0.59
559.52,30.374625,130.960097,0.0,2,20,0.59
559.58,30.374625,130.960097,0.0,2,20,0.59
559.65,30.374625,130.960097,0.0,2,20,0.59
559.72,30.374625,130.960097,0.0,2,20,0.59
559.78,30.374625,130.960097,0.0,2,20,0.59
559.85,30.374625,130.960097,0.0,2,20,0.59
559.91,30.374625,130.960097,0.0,2,20,0.59
559.98,30.374625,130.960097,0.0,2,20,0.59
560.05,30.374625,130.960097,0.0,2,20,0.59
560.11,30.374625,130.960097,0.0,2,20,0.59
560.18,30.374625,130.960097,0.0,2,20,0.59
560.25,30.374625,130.960097,0.0,2,20,0.59
560.31,30.374625,130.960097,0.0,2,20,0.59
560.38,30.374625,130.960097,0.0,2,20,0.59
560.45,30.374625,130.960097,0.0,2,20,0.59
560.51,30.374625,130.960097,0.0,2,20,0.59
560.58,30.374625,130.960097,0.0,2,20,0.59
560.65,30.374625,130.960097,0.0,2,20,0.59
560.71,30.374625,130.960097,0.0,2,20,0.59
560.78,30.374625,130.960097,0.0,2,20,0.59
560.84,30.374625,130.960097,0.0,2,20,0.59
560.91,30.374625,130.960097,0.0,2,20,0.59
560.98,30.374625,130.960097,0.0,2,20,0.59
561.04,30.374625,130.960097,0.0,2,20,0.59
561.11,30.374625,130.960097,0.0,2,20,0.59
561.18,30.374625,130.960097,0.0,2,20,0.59
561.24,30.374625,130.960097,0.0,2,20,0.59
561.31,30.374625,130.960097,0.0,2,20,0.59
561.38,30.374625,130.960097,0.0,2,20,0.59
561.44,30.374625,130.960097,0.0,2,20,0.59
561.51,30.374625,130.960097,0.0,2,20,0.59
561.58,30.374625,130.960097,0.0,2,20,0.59
561.64,30.374625,130.960097,0.0,2,20,0.59
561.71,30.374625,130.960097,0.0,2,20,0.59
561.77,30.374625,130.960097,0.0,2,20,0.59
561.84,30.374625,130.960097,0.0,2,20,0.59
561.91,30.374625,130.960097,0.0,2,20,0.59
561.97,30.374625,130.960097,0.0,2,20,0.59
562.04,30.374625,130.960097,0.0,2,20,0.59
562.11,30.374625,130.960097,0.0,2,20,0.59
562.17,30.374625,130.960097,0.0,2,20,0.59
562.24,30.374625,130.960097,0.0,2,20,0.59
562.31,30.374625,130.960097,0.0,2,20,0.59
562.37,30.374623,130.960097,0.2,2,20,0.59
562.44,30.374623,130.960097,0.2,2,20,0.59
562.51,30.374623,130.960097,0.2,2,20,0.59
562.57,30.374623,130.960097,0.2,2,20,0.59
562.64,30.374623,130.960097,0.2,2,20,0.59
562.71,30.374623,130.960097,0.2,2,20,0.59
562.77,30.374623,130.960097,0.2,2,20,0.59
562.84,30.374623,130.960097,0.2,2,20,0.59
562.91,30.374623,130.960097,0.2,2,20,0.59
562.97,30.374623,130.960097,0.2,2,20,0.59
563.04,30.374623,130.960097,0.2,2,20,0.59
563.11,30.374623,130.960097,0.2,2,20,0.59
563.17,30.374623,130.960097,0.2,2,20,0.59
563.24,30.374623,130.960097,0.2,2,20,0.59
563.31,30.374623,130.960097,0.2,2,20,0.59
563.38,30.374623,130.960097,0.0,2,20,0.59
563.44,30.374623,130.960097,0.0,2,20,0.59
563.51,30.374623,130.960097,0.0,2,20,0.59
563.58,30.374623,130.960097,0.0,2,20,0.59
563.64,30.374623,130.960097,0.0,2,20,0.59
563.71,30.374623,130.960097,0.0,2,20,0.59
563.78,30.374623,130.960097,0.0,2,20,0.59
563.84,30.374623,130.960097,0.0,2,20,0.59
563.91,30.374623,130.960097,0.0,2,20,0.59
563.98,30.374623,130.960097,0.0,2,20,0.59
564.04,30.374623,130.960097,0.0,2,20,0.59
564.11,30.374623,130.960097,0.0,2,20,0.59
564.18,30.374623,130.960097,0.0,2,20,0.59
564.25,30.374623,130.960097,0.0,2,20,0.59
564.31,30.374623,130.960097,0.0,2,20,0.59
564.38,30.374623,130.960097,0.0,2,20,0.59
564.45,30.374623,130.960097,0.0,2,20,0.59
564.51,30.374623,130.960097,0.0,2,20,0.59
564.58,30.374623,130.960097,0.0,2,20,0.59
564.65,30.374623,130.960097,0.0,2,20,0.59
564.71,30.374623,130.960097,0.0,2,20,0.59
564.78,30.374623,130.960097,0.0,2,20,0.59
564.85,30.374623,130.960097,0.0,2,20,0.59
564.92,30.374623,130.960097,0.0,2,20,0.59
564.98,30.374623,130.960097,0.0,2,20,0.59
565.05,30.374623,130.960097,0.0,2,20,0.59
565.12,30.374623,130.960097,0.0,2,20,0.59
565.18,30.374623,130.960097,0.0,2,20,0.59
565.25,30.374623,130.960097,0.0,2,20,0.59
565.32,30.374623,130.960097,0.0,2,20,0.59
565.38,30.374623,130.960097,0.0,2,20,0.59
565.46,30.374623,130.960097,0.0,2,20,0.59
565.52,30.374623,130.960097,0.0,2,20,0.59
565.59,30.374623,130.960097,0.0,2,20,0.59
565.66,30.374623,130.960097,0.0,2,20,0.59
565.72,30.374623,130.960097,0.0,2,20,0.59
565.79,30.374623,130.960097,0.0,2,20,0.59
565.85,30.374623,130.960097,0.0,2,20,0.59
565.92,30.374623,130.960097,0.0,2,20,0.59
565.99,30.374623,130.960097,0.0,2,20,0.59
566.05,30.374623,130.960097,0.0,2,20,0.59
566.12,30.374623,130.960097,0.0,2,20,0.59
566.19,30.374623,130.960097,0.0,2,20,0.59
566.25,30.374623,130.960097,0.0,2,20,0.59
566.32,30.374623,130.960097,0.0,2,20,0.59
566.38,30.374623,130.960097,0.0,2,20,0.59
566.45,30.374623,130.960097,0.0,2,20,0.59
566.52,30.374623,130.960097,0.0,2,20,0.59
566.58,30.374623,130.960097,0.0,2,20,0.59
566.65,30.374623,130.960097,0.0,2,20,0.59
566.72,30.374623,130.960097,0.0,2,20,0.59
566.78,30.374623,130.960097,0.0,2,20,0.59
566.85,30.374623,130.960097,0.0,2,20,0.59
566.91,30.374623,130.960097,0.0,2,20,0.59
566.98,30.374623,130.960097,0.0,2,20,0.59
567.05,30.374623,130.960097,0.0,2,20,0.59
567.11,30.374623,130.960097,0.0,2,20,0.59
567.18,30.374623,130.960097,0.0,2,20,0.59
567.25,30.374623,130.960097,0.0,2,20,0.59
567.31,30.374623,130.960097,0.0,2,20,0.59
567.38,30.374623,130.960097,0.0,2,20,0.61
567.45,30.374623,130.960097,0.0,2,20,0.61
567.51,30.374623,130.960097,0.0,2,20,0.61
567.58,30.374623,130.960097,0.0,2,20,0.61
567.64,30.374623,130.960097,0.0,2,20,0.61
567.71,30.374623,130.960097,0.0,2,20,0.61
567.78,30.374623,130.960097,0.0,2,20,0.61
567.84,30.374623,130.960097,0.0,2,20,0.61
567.91,30.374623,130.960097,0.0,2,20,0.61
567.98,30.374623,130.960097,0.0,2,20,0.61
568.04,30.374623,130.960097,0.0,2,20,0.61
568.11,30.374623,130.960097,0.0,2,20,0.61
568.18,30.374623,130.960097,0.0,2,20,0.61
568.24,30.374623,130.960097,0.0,2,20,0.61
568.31,30.374623,130.960097,0.0,2,20,0.61
568.38,30.374623,130.960097,0.0,2,20,0.61
568.44,30.374623,130.960097,0.0,2,20,0.61
568.51,30.374623,130.960097,0.0,2,20,0.61
568.58,30.374623,130.960097,0.0,2,20,0.61
568.64,30.374623,130.960097,0.0,2,20,0.61
568.71,30.374623,130.960097,0.0,2,20,0.61
568.78,30.374623,130.960097,0.0,2,20,0.61
568.84,30.374623,130.960097,0.0,2,20,0.61
568.91,30.374623,130.960097,0.0,2,20,0.61
568.98,30.374623,130.960097,0.0,2,20,0.61
569.04,30.374623,130.960097,0.0,2,20,0.61
569.11,30.374623,130.960097,0.0,2,20,0.61
569.18,30.374623,130.960097,0.0,2,20,0.61
569.24,30.374623,130.960097,0.0,2,20,0.61
569.31,30.374623,130.960097,0.0,2,20,0.61
569.38,30.374623,130.960097,0.0,2,20,0.61
569.44,30.374623,130.960097,0.0,2,20,0.61
569.51,30.374623,130.960097,0.0,2,20,0.61
569.58,30.374623,130.960097,0.0,2,20,0.61
569.65,30.374623,130.960097,0.0,2,20,0.61
569.71,30.374623,130.960097,0.0,2,20,0.61
569.78,30.374623,130.960097,0.0,2,20,0.61
569.85,30.374623,130.960097,0.0,2,20,0.61
569.91,30.374623,130.960097,0.0,2,20,0.61
569.98,30.374623,130.960097,0.0,2,20,0.61
570.05,30.374623,130.960097,0.0,2,20,0.61
570.11,30.374623,130.960097,0.0,2,20,0.61
570.18,30.374623,130.960097,0.0,2,20,0.61
570.25,30.374623,130.960097,0.0,2,20,0.61
570.31,30.374623,130.960097,0.0,2,20,0.61
570.38,30.374623,130.960097,0.0,2,19,0.61
570.45,30.374623,130.960097,0.0,2,19,0.61
570.51,30.374623,130.960097,0.0,2,19,0.61
570.58,30.374623,130.960097,0.0,2,19,0.61
570.65,30.374623,130.960097,0.0,2,19,0.61
570.71,30.374623,130.960097,0.0,2,19,0.61
570.78,30.374623,130.960097,0.0,2,19,0.61
570.85,30.374623,130.960097,0.0,2,19,0.61
570.92,30.374623,130.960097,0.0,2,19,0.61
570.98,30.374623,130.960097,0.0,2,19,0.61
571.05,30.374623,130.960097,0.0,2,19,0.61
571.12,30.374623,130.960097,0.0,2,19,0.61
571.18,30.374623,130.960097,0.0,2,19,0.61
571.25,30.374623,130.960097,0.0,2,19,0.61
571.32,30.374623,130.960097,0.0,2,19,0.61
571.39,30.374623,130.960097,0.0,2,19,0.61
571.45,30.374623,130.960097,0.0,2,19,0.61
571.52,30.374623,130.960097,0.0,2,19,0.61
571.59,30.374623,130.960097,0.0,2,19,0.61
571.65,30.374623,130.960097,0.0,2,19,0.61
571.72,30.374623,130.960097,0.0,2,19,0.61
571.79,30.374623,130.960097,0.0,2,19,0.61
571.86,30.374623,130.960097,0.0,2,19,0.61
571.92,30.374623,130.960097,0.0,2,19,0.61
572.0,30.374623,130.960097,0.0,2,19,0.61
572.07,30.374623,130.960097,0.0,2,19,0.61
572.13,30.374623,130.960097,0.0,2,19,0.61
572.2,30.374623,130.960097,0.0,2,19,0.61
572.26,30.374623,130.960097,0.0,2,19,0.61
572.33,30.374623,130.960097,0.0,2,20,0.59
572.4,30.374623,130.960097,0.0,2,20,0.59
572.46,30.374623,130.960097,0.0,2,20,0.59
572.53,30.374623,130.960097,0.0,2,20,0.59
572.59,30.374623,130.960097,0.0,2,20,0.59
572.66,30.374623,130.960097,0.0,2,20,0.59
572.73,30.374623,130.960097,0.0,2,20,0.59
572.79,30.374623,130.960097,0.0,2,20,0.59
572.86,30.374623,130.960097,0.0,2,20,0.59
572.93,30.374623,130.960097,0.0,2,20,0.59
572.99,30.374623,130.960097,0.0,2,20,0.59
573.06,30.374623,130.960097,0.0,2,20,0.59
573.13,30.374623,130.960097,0.0,2,20,0.59
573.19,30.374623,130.960097,0.0,2,20,0.59
573.26,30.374623,130.960097,0.0,2,20,0.59
573.32,30.374623,130.960097,0.0,2,20,0.59
573.39,30.374623,130.960097,0.0,2,20,0.59
573.46,30.374623,130.960097,0.0,2,20,0.59
573.52,30.374623,130.960097,0.0,2,20,0.59
573.59,30.374623,130.960097,0.0,2,20,0.59
573.66,30.374623,130.960097,0.0,2,20,0.59
573.72,30.374623,130.960097,0.0,2,20,0.59
573.79,30.374623,130.960097,0.0,2,20,0.59
573.85,30.374623,130.960097,0.0,2,20,0.59
573.92,30.374623,130.960097,0.0,2,20,0.59
573.99,30.374623,130.960097,0.0,2,20,0.59
574.06,30.374623,130.960097,0.0,2,20,0.59
574.12,30.374623,130.960097,0.0,2,20,0.59
574.19,30.374623,130.960097,0.0,2,20,0.59
574.26,30.374623,130.960097,0.0,2,20,0.59
574.32,30.374623,130.960097,0.0,2,20,0.59
574.39,30.374623,130.960097,0.0,2,20,0.59
574.46,30.374623,130.960097,0.0,2,20,0.59
574.52,30.374623,130.960097,0.0,2,20,0.59
574.59,30.374623,130.960097,0.0,2,20,0.59
574.66,30.374623,130.960097,0.0,2,20,0.59
574.72,30.374623,130.960097,0.0,2,20,0.59
574.79,30.374623,130.960097,0.0,2,20,0.59
574.86,30.374623,130.960097,0.0,2,20,0.59
574.92,30.374623,130.960097,0.0,2,20,0.59
574.99,30.374623,130.960097,0.0,2,20,0.59
575.06,30.374623,130.960097,0.0,2,20,0.59
575.12,30.374623,130.960097,0.0,2,20,0.59
575.19,30.374623,130.960097,0.0,2,20,0.59
575.26,30.374623,130.960097,0.0,2,20,0.59
575.32,30.374623,130.960097,0.0,2,20,0.59
575.39,30.374623,130.960097,0.0,2,20,0.59
575.46,30.374623,130.960097,0.0,2,20,0.59
575.52,30.374623,130.960097,0.0,2,20,0.59
575.59,30.374623,130.960097,0.0,2,20,0.59
575.66,30.374623,130.960097,0.0,2,20,0.59
575.72,30.374623,130.960097,0.0,2,20,0.59
575.79,30.374623,130.960097,0.0,2,20,0.59
575.86,30.374623,130.960097,0.0,2,20,0.59
575.92,30.374623,130.960097,0.0,2,20,0.59
575.99,30.374623,130.960097,0.0,2,20,0.59
576.06,30.374623,130.960097,0.0,2,20,0.59
576.12,30.374623,130.960097,0.0,2,20,0.59
576.19,30.374623,130.960097,0.0,2,20,0.59
576.26,30.374623,130.960097,0.0,2,20,0.59
576.32,30.374623,130.960097,0.0,2,20,0.59
576.39,30.374623,130.960097,0.0,2,20,0.59
576.46,30.374623,130.960097,0.0,2,20,0.59
576.52,30.374623,130.960097,0.0,2,20,0.59
576.59,30.374623,130.960097,0.0,2,20,0.59
576.66,30.374623,130.960097,0.0,2,20,0.59
576.72,30.374623,130.960097,0.0,2,20,0.59
576.79,30.374623,130.960097,0.0,2,20,0.59
576.86,30.374623,130.960097,0.0,2,20,0.59
576.92,30.374623,130.960097,0.0,2,20,0.59
576.99,30.374623,130.960097,0.0,2,20,0.59
577.06,30.374623,130.960097,0.0,2,20,0.59
577.12,30.374623,130.960097,0.0,2,20,0.59
577.19,30.374623,130.960097,0.0,2,20,0.59
577.26,30.374623,130.960097,0.0,2,20,0.59
577.33,30.374623,130.960097,0.0,2,20,0.59
577.39,30.374623,130.960097,0.0,2,20,0.59
577.46,30.374623,130.960097,0.0,2,20,0.59
577.53,30.374623,130.960097,0.0,2,20,0.59
577.6,30.374623,130.960097,0.0,2,20,0.59
577.66,30.374623,130.960097,0.0,2,20,0.59
577.73,30.374623,130.960097,0.0,2,20,0.59
577.8,30.374623,130.960097,0.0,2,20,0.59
577.86,30.374623,130.960097,0.0,2,20,0.59
577.93,30.374623,130.960097,0.0,2,20,0.59
578.0,30.374623,130.960097,0.0,2,20,0.59
578.06,30.374623,130.960097,0.0,2,20,0.59
578.13,30.374623,130.960097,0.0,2,20,0.59
578.19,30.374623,130.960097,0.0,2,20,0.59
578.26,30.374623,130.960097,0.0,2,20,0.59
578.33,30.374623,130.960097,0.0,2,20,0.59
578.39,30.374623,130.960097,0.0,2,20,0.59
578.46,30.374623,130.960097,0.0,2,20,0.59
578.53,30.374623,130.960097,0.0,2,20,0.59
578.59,30.374623,130.960097,0.0,2,20,0.59
578.66,30.374623,130.960097,0.0,2,20,0.59
578.73,30.374623,130.960097,0.0,2,20,0.59
578.8,30.374623,130.960097,0.0,2,20,0.59
578.86,30.374623,130.960097,0.0,2,20,0.59
578.93,30.374623,130.960097,0.0,2,20,0.59
578.99,30.374623,130.960097,0.0,2,20,0.59
579.06,30.374623,130.960097,0.0,2,20,0.59
579.13,30.374623,130.960097,0.0,2,20,0.59
579.19,30.374623,130.960097,0.0,2,20,0.59
579.26,30.374623,130.960097,0.0,2,20,0.59
579.32,30.374623,130.960098,0.17,2,19,0.6
579.39,30.374623,130.960098,0.17,2,19,0.6
579.46,30.374623,130.960098,0.17,2,19,0.6
579.52,30.374623,130.960098,0.17,2,19,0.6
579.59,30.374623,130.960098,0.17,2,19,0.6
579.65,30.374623,130.960098,0.17,2,19,0.6
579.72,30.374623,130.960098,0.17,2,19,0.6
579.79,30.374623,130.960098,0.17,2,19,0.6
579.85,30.374623,130.960098,0.17,2,19,0.6
579.92,30.374623,130.960098,0.17,2,19,0.6
579.98,30.374623,130.960098,0.17,2,19,0.6
580.05,30.374623,130.960098,0.17,2,19,0.6
580.11,30.374623,130.960098,0.17,2,19,0.6
580.18,30.374623,130.960098,0.17,2,19,0.6
580.24,30.374623,130.960098,0.17,2,19,0.6
580.31,30.374623,130.960098,0.17,2,19,0.6
580.38,30.374623,130.960098,0.0,2,20,0.59
580.44,30.374623,130.960098,0.0,2,20,0.59
580.51,30.374623,130.960098,0.0,2,20,0.59
580.57,30.374623,130.960098,0.0,2,20,0.59
580.64,30.374623,130.960098,0.0,2,20,0.59
580.71,30.374623,130.960098,0.0,2,20,0.59
580.77,30.374623,130.960098,0.0,2,20,0.59
580.84,30.374623,130.960098,0.0,2,20,0.59
580.9,30.374623,130.960098,0.0,2,20,0.59
580.97,30.374623,130.960098,0.0,2,20,0.59
581.03,30.374623,130.960098,0.0,2,20,0.59
581.1,30.374623,130.960098,0.0,2,20,0.59
581.17,30.374623,130.960098,0.0,2,20,0.59
581.23,30.374623,130.960098,0.0,2,20,0.59
581.3,30.374623,130.960098,0.0,2,20,0.59
581.36,30.374623,130.960098,0.0,2,19,0.67
581.43,30.374623,130.960098,0.0,2,19,0.67
581.5,30.374623,130.960098,0.0,2,19,0.67
581.56,30.374623,130.960098,0.0,2,19,0.67
581.63,30.374623,130.960098,0.0,2,19,0.67
581.7,30.374623,130.960098,0.0,2,19,0.67
581.76,30.374623,130.960098,0.0,2,19,0.67
581.83,30.374623,130.960098,0.0,2,19,0.67
581.89,30.374623,130.960098,0.0,2,19,0.67
581.96,30.374623,130.960098,0.0,2,19,0.67
582.03,30.374623,130.960098,0.0,2,19,0.67
582.09,30.374623,130.960098,0.0,2,19,0.67
582.16,30.374623,130.960098,0.0,2,19,0.67
582.22,30.374623,130.960098,0.0,2,19,0.67
582.29,30.374623,130.960098,0.0,2,19,0.67
582.35,30.374623,130.960098,0.0,2,19,0.67
582.42,30.374623,130.960098,0.0,2,19,0.67
582.49,30.374623,130.960098,0.0,2,19,0.67
582.56,30.374623,130.960098,0.0,2,19,0.67
582.62,30.374623,130.960098,0.0,2,19,0.67
582.69,30.374623,130.960098,0.0,2,19,0.67
582.76,30.374623,130.960098,0.0,2,19,0.67
582.82,30.374623,130.960098,0.0,2,19,0.67
582.89,30.374623,130.960098,0.0,2,19,0.67
582.96,30.374623,130.960098,0.0,2,19,0.67
583.02,30.374623,130.960098,0.0,2,19,0.67
583.09,30.374623,130.960098,0.0,2,19,0.67
583.16,30.374623,130.960098,0.0,2,19,0.67
583.22,30.374623,130.960098,0.0,2,19,0.67
583.29,30.374623,130.960098,0.0,2,19,0.67
583.36,30.374623,130.960098,0.0,2,19,0.67
583.42,30.374623,130.960098,0.0,2,19,0.67
583.49,30.374623,130.960098,0.0,2,19,0.67
583.56,30.374623,130.960098,0.0,2,19,0.67
583.62,30.374623,130.960098,0.0,2,19,0.67
583.69,30.374623,130.960098,0.0,2,19,0.67
583.76,30.374623,130.960098,0.0,2,19,0.67
583.83,30.374623,130.960098,0.0,2,19,0.67
583.89,30.374623,130.960098,0.0,2,19,0.67
583.96,30.374623,130.960098,0.0,2,19,0.67
584.03,30.374623,130.960098,0.0,2,19,0.67
584.09,30.374623,130.960098,0.0,2,19,0.67
584.16,30.374623,130.960098,0.0,2,19,0.67
584.23,30.374623,130.960098,0.0,2,19,0.67
584.29,30.374623,130.960098,0.0,2,19,0.67
584.36,30.374623,130.960098,0.0,2,19,0.67
584.43,30.374623,130.960098,0.0,2,19,0.67
584.49,30.374623,130.960098,0.0,2,19,0.67
584.56,30.374623,130.960098,0.0,2,19,0.67
584.63,30.374623,130.960098,0.0,2,19,0.67
584.69,30.374623,130.960098,0.0,2,19,0.67
584.76,30.374623,130.960098,0.0,2,19,0.67
584.83,30.374623,130.960098,0.0,2,19,0.67
584.9,30.374623,130.960098,0.0,2,19,0.67
584.96,30.374623,130.960098,0.0,2,19,0.67
585.03,30.374623,130.960098,0.0,2,19,0.67
585.1,30.374623,130.960098,0.0,2,19,0.67
585.16,30.374623,130.960098,0.0,2,19,0.67
585.23,30.374623,130.960098,0.0,2,19,0.67
585.3,30.374623,130.960098,0.0,2,19,0.67
585.37,30.374623,130.960098,0.0,2,19,0.67
585.44,30.374623,130.960098,0.0,2,19,0.67
585.51,30.374623,130.960098,0.0,2,19,0.67
585.57,30.374623,130.960098,0.0,2,19,0.67
585.64,30.374623,130.960098,0.0,2,19,0.67
585.7,30.374623,130.960098,0.0,2,19,0.67
585.77,30.374623,130.960098,0.0,2,19,0.67
585.84,30.374623,130.960098,0.0,2,19,0.67
585.9,30.374623,130.960098,0.0,2,19,0.67
585.97,30.374623,130.960098,0.0,2,19,0.67
586.04,30.374623,130.960098,0.0,2,19,0.67
586.1,30.374623,130.960098,0.0,2,19,0.67
586.17,30.374623,130.960098,0.0,2,19,0.67
586.24,30.374623,130.960098,0.0,2,19,0.67
586.3,30.374623,130.960098,0.0,2,19,0.67
586.37,30.374623,130.960098,0.0,2,19,0.67
586.44,30.374623,130.960098,0.0,2,19,0.67
586.5,30.374623,130.960098,0.0,2,19,0.67
586.57,30.374623,130.960098,0.0,2,19,0.67
586.63,30.374623,130.960098,0.0,2,19,0.67
586.7,30.374623,130.960098,0.0,2,19,0.67
586.77,30.374623,130.960098,0.0,2,19,0.67
586.83,30.374623,130.960098,0.0,2,19,0.67
586.9,30.374623,130.960098,0.0,2,19,0.67
586.97,30.374623,130.960098,0.0,2,19,0.67
587.03,30.374623,130.960098,0.0,2,19,0.67
587.1,30.374623,130.960098,0.0,2,19,0.67
587.17,30.374623,130.960098,0.0,2,19,0.67
587.23,30.374623,130.960098,0.0,2,19,0.67
587.3,30.374623,130.960098,0.0,2,19,0.67
587.37,30.374623,130.960098,0.0,2,19,0.67
587.43,30.374623,130.960098,0.0,2,19,0.67
587.5,30.374623,130.960098,0.0,2,19,0.67
587.57,30.374623,130.960098,0.0,2,19,0.67
587.63,30.374623,130.960098,0.0,2,19,0.67
587.7,30.374623,130.960098,0.0,2,19,0.67
587.77,30.374623,130.960098,0.0,2,19,0.67
587.83,30.374623,130.960098,0.0,2,19,0.67
587.9,30.374623,130.960098,0.0,2,19,0.67
587.97,30.374623,130.960098,0.0,2,19,0.67
588.03,30.374623,130.960098,0.0,2,19,0.67
588.1,30.374623,130.960098,0.0,2,19,0.67
588.16,30.374623,130.960098,0.0,2,19,0.67
588.23,30.374623,130.960098,0.0,2,19,0.67
588.3,30.374623,130.960098,0.0,2,19,0.64
588.37,30.374623,130.960098,0.0,2,19,0.64
588.43,30.374623,130.960098,0.0,2,19,0.64
588.5,30.374623,130.960098,0.0,2,19,0.64
588.57,30.374623,130.960098,0.0,2,19,0.64
588.63,30.374623,130.960098,0.0,2,19,0.64
588.7,30.374623,130.960098,0.0,2,19,0.64
588.76,30.374623,130.960098,0.0,2,19,0.64
588.83,30.374623,130.960098,0.0,2,19,0.64
588.9,30.374623,130.960098,0.0,2,19,0.64
588.96,30.374623,130.960098,0.0,2,19,0.64
589.03,30.374623,130.960098,0.0,2,19,0.64
589.1,30.374623,130.960098,0.0,2,19,0.64
589.16,30.374623,130.960098,0.0,2,19,0.64
589.23,30.374623,130.960098,0.0,2,19,0.64
589.3,30.374623,130.960098,0.0,2,19,0.67
589.36,30.374623,130.960098,0.0,2,19,0.67
589.43,30.374623,130.960098,0.0,2,19,0.67
589.5,30.374623,130.960098,0.0,2,19,0.67
589.57,30.374623,130.960098,0.0,2,19,0.67
589.63,30.374623,130.960098,0.0,2,19,0.67
589.7,30.374623,130.960098,0.0,2,19,0.67
589.77,30.374623,130.960098,0.0,2,19,0.67
589.83,30.374623,130.960098,0.0,2,19,0.67
589.9,30.374623,130.960098,0.0,2,19,0.67
589.97,30.374623,130.960098,0.0,2,19,0.67
590.03,30.374623,130.960098,0.0,2,19,0.67
590.1,30.374623,130.960098,0.0,2,19,0.67
590.17,30.374623,130.960098,0.0,2,19,0.67
590.23,30.374623,130.960098,0.0,2,19,0.67
590.3,30.374623,130.960098,0.0,2,19,0.67
590.37,30.374623,130.960098,0.0,2,19,0.67
590.43,30.374623,130.960098,0.0,2,19,0.67
590.5,30.374623,130.960098,0.0,2,19,0.67
590.57,30.374623,130.960098,0.0,2,19,0.67
590.63,30.374623,130.960098,0.0,2,19,0.67
590.7,30.374623,130.960098,0.0,2,19,0.67
590.77,30.374623,130.960098,0.0,2,19,0.67
590.84,30.374623,130.960098,0.0,2,19,0.67
590.9,30.374623,130.960098,0.0,2,19,0.67
590.97,30.374623,130.960098,0.0,2,19,0.67
591.04,30.374623,130.960098,0.0,2,19,0.67
591.1,30.374623,130.960098,0.0,2,19,0.67
591.17,30.374623,130.960098,0.0,2,19,0.67
591.24,30.374623,130.960098,0.0,2,19,0.67
591.31,30.374623,130.960098,0.0,2,19,0.67
591.37,30.374623,130.960098,0.0,2,19,0.67
591.44,30.374623,130.960098,0.0,2,19,0.67
591.51,30.374623,130.960098,0.0,2,19,0.67
591.57,30.374623,130.960098,0.0,2,19,0.67
591.64,30.374623,130.960098,0.0,2,19,0.67
591.71,30.374623,130.960098,0.0,2,19,0.67
591.77,30.374623,130.960098,0.0,2,19,0.67
591.84,30.374623,130.960098,0.0,2,19,0.67
591.91,30.374623,130.960098,0.0,2,19,0.67
591.98,30.374623,130.960098,0.0,2,19,0.67
592.05,30.374623,130.960098,0.0,2,19,0.67
592.12,30.374623,130.960098,0.0,2,19,0.67
592.18,30.374623,130.960098,0.0,2,19,0.67
592.25,30.374623,130.960098,0.0,2,19,0.67
592.32,30.374623,130.960098,0.0,2,19,0.67
592.38,30.374623,130.960098,0.0,2,19,0.67
592.45,30.374623,130.960098,0.0,2,19,0.67
592.52,30.374623,130.960098,0.0,2,19,0.67
592.58,30.374623,130.960098,0.0,2,19,0.67
592.65,30.374623,130.960098,0.0,2,19,0.67
592.71,30.374623,130.960098,0.0,2,19,0.67
592.78,30.374623,130.960098,0.0,2,19,0.67
592.85,30.374623,130.960098,0.0,2,19,0.67
592.91,30.374623,130.960098,0.0,2,19,0.67
592.98,30.374623,130.960098,0.0,2,19,0.67
593.05,30.374623,130.960098,0.0,2,19,0.67
593.11,30.374623,130.960098,0.0,2,19,0.67
593.18,30.374623,130.960098,0.0,2,19,0.67
593.25,30.374623,130.960098,0.0,2,19,0.67
593.31,30.374623,130.960098,0.0,2,19,0.67
593.38,30.374623,130.960098,0.0,2,19,0.67
593.44,30.374623,130.960098,0.0,2,19,0.67
593.51,30.374623,130.960098,0.0,2,19,0.67
593.58,30.374623,130.960098,0.0,2,19,0.67
593.64,30.374623,130.960098,0.0,2,19,0.67
593.71,30.374623,130.960098,0.0,2,19,0.67
593.78,30.374623,130.960098,0.0,2,19,0.67
593.84,30.374623,130.960098,0.0,2,19,0.67
593.91,30.374623,130.960098,0.0,2,19,0.67
593.98,30.374623,130.960098,0.0,2,19,0.67
594.04,30.374623,130.960098,0.0,2,19,0.67
594.11,30.374623,130.960098,0.0,2,19,0.67
594.18,30.374623,130.960098,0.0,2,19,0.67
594.24,30.374623,130.960098,0.0,2,19,0.67
594.31,30.374623,130.960098,0.0,2,19,0.67
594.38,30.374622,130.960098,0.16,2,19,0.67
594.44,30.374622,130.960098,0.16,2,19,0.67
594.51,30.374622,130.960098,0.16,2,19,0.67
594.58,30.374622,130.960098,0.16,2,19,0.67
594.64,30.374622,130.960098,0.16,2,19,0.67
594.71,30.374622,130.960098,0.16,2,19,0.67
594.77,30.374622,130.960098,0.16,2,19,0.67
594.84,30.374622,130.960098,0.16,2,19,0.67
594.91,30.374622,130.960098,0.16,2,19,0.67
594.97,30.374622,130.960098,0.16,2,19,0.67
595.04,30.374622,130.960098,0.16,2,19,0.67
595.11,30.374622,130.960098,0.16,2,19,0.67
595.17,30.374622,130.960098,0.16,2,19,0.67
595.24,30.374622,130.960098,0.16,2,19,0.67
595.31,30.374622,130.960098,0.16,2,19,0.67
595.37,30.374622,130.960098,0.0,2,21,0.56
595.44,30.374622,130.960098,0.0,2,21,0.56
595.51,30.374622,130.960098,0.0,2,21,0.56
595.57,30.374622,130.960098,0.0,2,21,0.56
595.64,30.374622,130.960098,0.0,2,21,0.56
595.71,30.374622,130.960098,0.0,2,21,0.56
595.77,30.374622,130.960098,0.0,2,21,0.56
595.84,30.374622,130.960098,0.0,2,21,0.56
595.91,30.374622,130.960098,0.0,2,21,0.56
595.97,30.374622,130.960098,0.0,2,21,0.56
596.04,30.374622,130.960098,0.0,2,21,0.56
596.11,30.374622,130.960098,0.0,2,21,0.56
596.17,30.374622,130.960098,0.0,2,21,0.56
596.24,30.374622,130.960098,0.0,2,21,0.56
596.31,30.374622,130.960098,0.0,2,21,0.56
596.37,30.374622,130.960098,0.0,2,21,0.56
596.44,30.374622,130.960098,0.0,2,21,0.56
596.51,30.374622,130.960098,0.0,2,21,0.56
596.57,30.374622,130.960098,0.0,2,21,0.56
596.64,30.374622,130.960098,0.0,2,21,0.56
596.71,30.374622,130.960098,0.0,2,21,0.56
596.77,30.374622,130.960098,0.0,2,21,0.56
596.84,30.374622,130.960098,0.0,2,21,0.56
596.91,30.374622,130.960098,0.0,2,21,0.56
596.97,30.374622,130.960098,0.0,2,21,0.56
597.04,30.374622,130.960098,0.0,2,21,0.56
597.11,30.374622,130.960098,0.0,2,21,0.56
597.17,30.374622,130.960098,0.0,2,21,0.56
597.24,30.374622,130.960098,0.0,2,21,0.56
597.31,30.374622,130.960098,0.0,2,21,0.56
597.37,30.374622,130.960098,0.0,2,21,0.56
597.44,30.374622,130.960098,0.0,2,21,0.56
597.51,30.374622,130.960098,0.0,2,21,0.56
597.57,30.374622,130.960098,0.0,2,21,0.56
597.64,30.374622,130.960098,0.0,2,21,0.56
597.71,30.374622,130.960098,0.0,2,21,0.56
597.78,30.374622,130.960098,0.0,2,21,0.56
597.84,30.374622,130.960098,0.0,2,21,0.56
597.91,30.374622,130.960098,0.0,2,21,0.56
597.98,30.374622,130.960098,0.0,2,21,0.56
598.04,30.374622,130.960098,0.0,2,21,0.56
598.11,30.374622,130.960098,0.0,2,21,0.56
598.18,30.374622,130.960098,0.0,2,21,0.56
598.24,30.374622,130.960098,0.0,2,21,0.56
598.31,30.374622,130.960098,0.0,2,21,0.56
598.38,30.374622,130.960098,0.0,2,21,0.56
598.46,30.374622,130.960098,0.0,2,21,0.56
598.52,30.374622,130.960098,0.0,2,21,0.56
598.59,30.374622,130.960098,0.0,2,21,0.56
598.65,30.374622,130.960098,0.0,2,21,0.56
598.72,30.374622,130.960098,0.0,2,21,0.56
598.79,30.374622,130.960098,0.0,2,21,0.56
598.85,30.374622,130.960098,0.0,2,21,0.56
598.92,30.374622,130.960098,0.0,2,21,0.56
598.99,30.374622,130.960098,0.0,2,21,0.56
599.05,30.374622,130.960098,0.0,2,21,0.56
599.12,30.374622,130.960098,0.0,2,21,0.56
599.19,30.374622,130.960098,0.0,2,21,0.56
599.25,30.374622,130.960098,0.0,2,21,0.56
599.32,30.374622,130.960098,0.0,2,21,0.56
599.38,30.374622,130.960098,0.0,2,21,0.56
599.45,30.374622,130.960098,0.0,2,21,0.56
599.52,30.374622,130.960098,0.0,2,21,0.56
599.58,30.374622,130.960098,0.0,2,21,0.56
599.65,30.374622,130.960098,0.0,2,21,0.56
599.71,30.374622,130.960098,0.0,2,21,0.56
599.78,30.374622,130.960098,0.0,2,21,0.56
599.85,30.374622,130.960098,0.0,2,21,0.56
599.92,30.374622,130.960098,0.0,2,21,0.56
599.99,30.374622,130.960098,0.0,2,21,0.56
600.06,30.374622,130.960098,0.0,2,21,0.56
600.12,30.374622,130.960098,0.0,2,21,0.56
600.19,30.374622,130.960098,0.0,2,21,0.56
600.25,30.374622,130.960098,0.0,2,21,0.56
600.32,30.374622,130.960098,0.0,2,21,0.56
600.39,30.374622,130.960098,0.0,2,21,0.56
600.45,30.374622,130.960098,0.0,2,21,0.56
600.52,30.374622,130.960098,0.0,2,21,0.56
600.58,30.374622,130.960098,0.0,2,21,0.56
600.65,30.374622,130.960098,0.0,2,21,0.56
600.72,30.374622,130.960098,0.0,2,21,0.56
600.78,30.374622,130.960098,0.0,2,21,0.56
600.85,30.374622,130.960098,0.0,2,21,0.56
600.92,30.374622,130.960098,0.0,2,21,0.56
600.98,30.374622,130.960098,0.0,2,21,0.56
601.05,30.374622,130.960098,0.0,2,21,0.56
601.12,30.374622,130.960098,0.0,2,21,0.56
601.18,30.374622,130.960098,0.0,2,21,0.56
601.25,30.374622,130.960098,0.0,2,21,0.56
601.32,30.374622,130.960098,0.0,2,21,0.56
601.38,30.374622,130.960098,0.0,2,21,0.56
601.45,30.374622,130.960098,0.0,2,21,0.56
601.51,30.374622,130.960098,0.0,2,21,0.56
601.58,30.374622,130.960098,0.0,2,21,0.56
601.65,30.374622,130.960098,0.0,2,21,0.56
601.71,30.374622,130.960098,0.0,2,21,0.56
601.78,30.374622,130.960098,0.0,2,21,0.56
601.85,30.374622,130.960098,0.0,2,21,0.56
601.91,30.374622,130.960098,0.0,2,21,0.56
601.98,30.374622,130.960098,0.0,2,21,0.56
602.05,30.374622,130.960098,0.0,2,21,0.56
602.11,30.374622,130.960098,0.0,2,21,0.56
602.18,30.374622,130.960098,0.0,2,21,0.56
602.25,30.374622,130.960098,0.0,2,21,0.56
602.31,30.374622,130.960098,0.0,2,21,0.56
602.38,30.374622,130.960098,0.0,2,21,0.56
602.45,30.374622,130.960098,0.0,2,21,0.56
602.51,30.374622,130.960098,0.0,2,21,0.56
602.58,30.374622,130.960098,0.0,2,21,0.56
602.65,30.374622,130.960098,0.0,2,21,0.56
602.71,30.374622,130.960098,0.0,2,21,0.56
602.78,30.374622,130.960098,0.0,2,21,0.56
602.85,30.374622,130.960098,0.0,2,21,0.56
602.91,30.374622,130.960098,0.0,2,21,0.56
602.98,30.374622,130.960098,0.0,2,21,0.56
603.05,30.374622,130.960098,0.0,2,21,0.56
603.11,30.374622,130.960098,0.0,2,21,0.56
603.18,30.374622,130.960098,0.0,2,21,0.56
603.25,30.374622,130.960098,0.0,2,21,0.56
603.31,30.374622,130.960098,0.0,2,21,0.56
603.38,30.374622,130.960098,0.0,2,21,0.56
603.45,30.374622,130.960098,0.0,2,21,0.56
603.51,30.374622,130.960098,0.0,2,21,0.56
603.58,30.374622,130.960098,0.0,2,21,0.56
603.65,30.374622,130.960098,0.0,2,21,0.56
603.71,30.374622,130.960098,0.0,2,21,0.56
603.78,30.374622,130.960098,0.0,2,21,0.56
603.85,30.374622,130.960098,0.0,2,21,0.56
603.91,30.374622,130.960098,0.0,2,21,0.56
603.98,30.374622,130.960098,0.0,2,21,0.56
604.05,30.374622,130.960098,0.0,2,21,0.56
604.11,30.374622,130.960098,0.0,2,21,0.56
604.18,30.374622,130.960098,0.0,2,21,0.56
604.25,30.374622,130.960098,0.0,2,21,0.56
604.31,30.374622,130.960098,0.0,2,21,0.56
604.38,30.374622,130.960098,0.0,2,21,0.56
604.45,30.374622,130.960098,0.0,2,21,0.56
604.51,30.374622,130.960098,0.0,2,21,0.56
604.58,30.374622,130.960098,0.0,2,21,0.56
604.65,30.374622,130.960098,0.0,2,21,0.56
604.72,30.374622,130.960098,0.0,2,21,0.56
604.78,30.374622,130.960098,0.0,2,21,0.56
604.85,30.374622,130.960098,0.0,2,21,0.56
604.92,30.374622,130.960098,0.0,2,21,0.56
604.98,30.374622,130.960098,0.0,2,21,0.56
605.05,30.374622,130.960098,0.0,2,21,0.56
605.12,30.374622,130.960098,0.0,2,21,0.56
605.18,30.374622,130.960098,0.0,2,21,0.56
605.25,30.374622,130.960098,0.0,2,21,0.56
605.32,30.374622,130.960098,0.0,2,21,0.56
605.38,30.374622,130.960098,0.0,2,21,0.56
605.45,30.374622,130.960098,0.0,2,21,0.56
605.52,30.374622,130.960098,0.0,2,21,0.56
605.58,30.374622,130.960098,0.0,2,21,0.56
605.65,30.374622,130.960098,0.0,2,21,0.56
605.72,30.374622,130.960098,0.0,2,21,0.56
605.79,30.374622,130.960098,0.0,2,21,0.56
605.85,30.374622,130.960098,0.0,2,21,0.56
605.92,30.374622,130.960098,0.0,2,21,0.56
605.99,30.374622,130.960098,0.0,2,21,0.56
606.05,30.374622,130.960098,0.0,2,21,0.56
606.12,30.374622,130.960098,0.0,2,21,0.56
606.19,30.374622,130.960098,0.0,2,21,0.56
606.26,30.374622,130.960098,0.0,2,21,0.56
606.32,30.374622,130.960098,0.0,2,21,0.56
606.39,30.374622,130.960098,0.0,2,21,0.56
606.46,30.374622,130.960098,0.0,2,21,0.56
606.53,30.374622,130.960098,0.0,2,21,0.56
606.6,30.374622,130.960098,0.0,2,21,0.56
606.66,30.374622,130.960098,0.0,2,21,0.56
606.73,30.374622,130.960098,0.0,2,21,0.56
606.8,30.374622,130.960098,0.0,2,21,0.56
606.86,30.374622,130.960098,0.0,2,21,0.56
606.93,30.374622,130.960098,0.0,2,21,0.56
607.0,30.374622,130.960098,0.0,2,21,0.56
607.06,30.374622,130.960098,0.0,2,21,0.56
607.13,30.374622,130.960098,0.0,2,21,0.56
607.19,30.374622,130.960098,0.0,2,21,0.56
607.26,30.374622,130.960098,0.0,2,21,0.56
607.33,30.374622,130.960098,0.0,2,21,0.56
607.39,30.374622,130.960098,0.0,2,21,0.56
607.46,30.374622,130.960098,0.0,2,21,0.56
607.53,30.374622,130.960098,0.0,2,21,0.56
607.59,30.374622,130.960098,0.0,2,21,0.56
607.66,30.374622,130.960098,0.0,2,21,0.56
607.73,30.374622,130.960098,0.0,2,21,0.56
607.79,30.374622,130.960098,0.0,2,21,0.56
607.86,30.374622,130.960098,0.0,2,21,0.56
607.93,30.374622,130.960098,0.0,2,21,0.56
607.99,30.374622,130.960098,0.0,2,21,0.56
608.06,30.374622,130.960098,0.0,2,21,0.56
608.13,30.374622,130.960098,0.0,2,21,0.56
608.19,30.374622,130.960098,0.0,2,21,0.56
608.26,30.374622,130.960098,0.0,2,21,0.56
608.32,30.374622,130.960098,0.0,2,21,0.56
608.39,30.374622,130.960098,0.0,2,21,0.56
608.46,30.374622,130.960098,0.0,2,21,0.56
608.52,30.374622,130.960098,0.0,2,21,0.56
608.59,30.374622,130.960098,0.0,2,21,0.56
608.66,30.374622,130.960098,0.0,2,21,0.56
608.72,30.374622,130.960098,0.0,2,21,0.56
608.79,30.374622,130.960098,0.0,2,21,0.56
608.86,30.374622,130.960098,0.0,2,21,0.56
608.92,30.374622,130.960098,0.0,2,21,0.56
608.99,30.374622,130.960098,0.0,2,21,0.56
609.06,30.374622,130.960098,0.0,2,21,0.56
609.12,30.374622,130.960098,0.0,2,21,0.56
609.19,30.374622,130.960098,0.0,2,21,0.56
609.25,30.374622,130.960098,0.0,2,21,0.56
609.32,30.374622,130.960098,0.0,2,21,0.56
609.39,30.374622,130.960098,0.0,2,21,0.56
609.45,30.374622,130.960098,0.0,2,21,0.56
609.52,30.374622,130.960098,0.0,2,21,0.56
609.59,30.374622,130.960098,0.0,2,21,0.56
609.66,30.374622,130.960098,0.0,2,21,0.56
609.72,30.374622,130.960098,0.0,2,21,0.56
609.79,30.374622,130.960098,0.0,2,21,0.56
609.86,30.374622,130.960098,0.0,2,21,0.56
609.92,30.374622,130.960098,0.0,2,21,0.56
609.99,30.374622,130.960098,0.0,2,21,0.56
610.06,30.374622,130.960098,0.0,2,21,0.56
610.12,30.374622,130.960098,0.0,2,21,0.56
610.19,30.374622,130.960098,0.0,2,21,0.56
610.26,30.374622,130.960098,0.0,2,21,0.56
610.32,30.374622,130.960098,0.0,2,21,0.56
610.39,30.374622,130.960098,0.0,2,21,0.56
610.46,30.374622,130.960098,0.0,2,21,0.56
610.52,30.374622,130.960098,0.0,2,21,0.56
610.59,30.374622,130.960098,0.0,2,21,0.56
610.66,30.374622,130.960098,0.0,2,21,0.56
610.72,30.374622,130.960098,0.0,2,21,0.56
610.79,30.374622,130.960098,0.0,2,21,0.56
610.86,30.374622,130.960098,0.0,2,21,0.56
610.92,30.374622,130.960098,0.0,2,21,0.56
610.99,30.374622,130.960098,0.0,2,21,0.56
611.06,30.374622,130.960098,0.0,2,21,0.56
611.12,30.374622,130.960098,0.0,2,21,0.56
611.19,30.374622,130.960098,0.0,2,21,0.56
611.26,30.374622,130.960098,0.0,2,21,0.56
611.32,30.374622,130.960098,0.0,2,21,0.56
611.39,30.374622,130.960098,0.0,2,21,0.56
611.46,30.374622,130.960098,0.0,2,21,0.56
611.53,30.374622,130.960098,0.0,2,21,0.56
611.59,30.374622,130.960098,0.0,2,21,0.56
611.66,30.374622,130.960098,0.0,2,21,0.56
611.73,30.374622,130.960098,0.0,2,21,0.56
611.79,30.374622,130.960098,0.0,2,21,0.56
611.86,30.374622,130.960098,0.0,2,21,0.56
611.93,30.374622,130.960098,0.0,2,21,0.56
611.99,30.374622,130.960098,0.0,2,21,0.56
612.06,30.374622,130.960098,0.0,2,21,0.56
612.13,30.374622,130.960098,0.0,2,21,0.56
612.19,30.374622,130.960098,0.0,2,21,0.56
612.26,30.374622,130.960098,0.0,2,21,0.56
612.33,30.374622,130.960098,0.0,2,21,0.56
612.4,30.374622,130.960098,0.0,2,21,0.56
612.46,30.374622,130.960098,0.0,2,21,0.56
612.53,30.374622,130.960098,0.0,2,21,0.56
612.6,30.374622,130.960098,0.0,2,21,0.56
612.66,30.374622,130.960098,0.0,2,21,0.56
612.73,30.374622,130.960098,0.0,2,21,0.56
612.8,30.374622,130.960098,0.0,2,21,0.56
612.87,30.374622,130.960098,0.0,2,21,0.56
612.93,30.374622,130.960098,0.0,2,21,0.56
613.0,30.374622,130.960098,0.0,2,21,0.56
613.07,30.374622,130.960098,0.0,2,21,0.56
613.13,30.374622,130.960098,0.0,2,21,0.56
613.2,30.374622,130.960098,0.0,2,21,0.56
613.27,30.374622,130.960098,0.0,2,21,0.56
613.34,30.374622,130.960098,0.0,2,21,0.56
613.41,30.374622,130.960098,0.0,2,21,0.56
613.47,30.374622,130.960098,0.0,2,21,0.56
613.54,30.374622,130.960098,0.0,2,21,0.56
613.61,30.374622,130.960098,0.0,2,21,0.56
613.67,30.374622,130.960098,0.0,2,21,0.56
613.74,30.374622,130.960098,0.0,2,21,0.56
613.81,30.374622,130.960098,0.0,2,21,0.56
613.87,30.374622,130.960098,0.0,2,21,0.56
613.94,30.374622,130.960098,0.0,2,21,0.56
614.01,30.374622,130.960098,0.0,2,21,0.56
614.07,30.374622,130.960098,0.0,2,21,0.56
614.14,30.374622,130.960098,0.0,2,21,0.56
614.21,30.374622,130.960098,0.0,2,21,0.56
614.27,30.374622,130.960098,0.0,2,21,0.56
614.34,30.374622,130.960098,0.0,2,21,0.56
614.41,30.374622,130.960098,0.0,2,21,0.56
614.47,30.374622,130.960098,0.0,2,21,0.56
614.54,30.374622,130.960098,0.0,2,21,0.56
614.6,30.374622,130.960098,0.0,2,21,0.56
614.67,30.374622,130.960098,0.0,2,21,0.56
614.74,30.374622,130.960098,0.0,2,21,0.56
614.8,30.374622,130.960098,0.0,2,21,0.56
614.87,30.374622,130.960098,0.0,2,21,0.56
614.94,30.374622,130.960098,0.0,2,21,0.56
615.0,30.374622,130.960098,0.0,2,21,0.56
615.07,30.374622,130.960098,0.0,2,21,0.56
615.14,30.374622,130.960098,0.0,2,21,0.56
615.2,30.374622,130.960098,0.0,2,21,0.56
615.27,30.374622,130.960098,0.0,2,21,0.56
615.34,30.374622,130.960098,0.0,2,21,0.56
615.4,30.374622,130.960098,0.0,2,21,0.56
615.47,30.374622,130.960098,0.0,2,21,0.56
615.54,30.374622,130.960098,0.0,2,21,0.56
615.6,30.374622,130.960098,0.0,2,21,0.56
615.67,30.374622,130.960098,0.0,2,21,0.56
615.73,30.374622,130.960098,0.0,2,21,0.56
615.8,30.374622,130.960098,0.0,2,21,0.56
615.87,30.374622,130.960098,0.0,2,21,0.56
615.93,30.374622,130.960098,0.0,2,21,0.56
616.0,30.374622,130.960098,0.0,2,21,0.56
616.07,30.374622,130.960098,0.0,2,21,0.56
616.13,30.374622,130.960098,0.0,2,21,0.56
616.2,30.374622,130.960098,0.0,2,21,0.56
616.27,30.374622,130.960098,0.0,2,21,0.56
616.34,30.374622,130.960098,0.0,2,21,0.56
616.4,30.374622,130.960098,0.0,2,21,0.56
616.47,30.374622,130.960098,0.0,2,21,0.56
616.53,30.374622,130.960098,0.0,2,21,0.56
616.6,30.374622,130.960098,0.0,2,21,0.56
616.67,30.374622,130.960098,0.0,2,21,0.56
616.73,30.374622,130.960098,0.0,2,21,0.56
616.8,30.374622,130.960098,0.0,2,21,0.56
616.87,30.374622,130.960098,0.0,2,21,0.56
616.93,30.374622,130.960098,0.0,2,21,0.56
617.0,30.374622,130.960098,0.0,2,21,0.56
617.07,30.374622,130.960098,0.0,2,21,0.56
617.13,30.374622,130.960098,0.0,2,21,0.56
617.2,30.374622,130.960098,0.0,2,21,0.56
617.27,30.374622,130.960098,0.0,2,21,0.56
617.34,30.374622,130.960098,0.0,2,21,0.56
617.4,30.374622,130.960098,0.0,2,21,0.56
617.47,30.374622,130.960098,0.0,2,21,0.56
617.54,30.374622,130.960098,0.0,2,21,0.56
617.6,30.374622,130.960098,0.0,2,21,0.56
617.67,30.374622,130.960098,0.0,2,21,0.56
617.74,30.374622,130.960098,0.0,2,21,0.56
617.8,30.374622,130.960098,0.0,2,21,0.56
617.87,30.374622,130.960098,0.0,2,21,0.56
617.94,30.374622,130.960098,0.0,2,21,0.56
618.0,30.374622,130.960098,0.0,2,21,0.56
618.07,30.374622,130.960098,0.0,2,21,0.56
618.14,30.374622,130.960098,0.0,2,21,0.56
618.21,30.374622,130.960098,0.0,2,21,0.56
618.27,30.374622,130.960098,0.0,2,21,0.56
618.34,30.374622,130.960098,0.0,2,21,0.56
618.41,30.374622,130.960098,0.0,2,21,0.56
618.47,30.374622,130.960098,0.0,2,21,0.56
618.54,30.374622,130.960098,0.0,2,21,0.56
618.61,30.374622,130.960098,0.0,2,21,0.56
618.68,30.374622,130.960098,0.0,2,21,0.56
618.74,30.374622,130.960098,0.0,2,21,0.56
618.81,30.374622,130.960098,0.0,2,21,0.56
618.88,30.374622,130.960098,0.0,2,21,0.56
618.94,30.374622,130.960098,0.0,2,21,0.56
619.01,30.374622,130.960098,0.0,2,21,0.56
619.08,30.374622,130.960098,0.0,2,21,0.56
619.15,30.374622,130.960098,0.0,2,21,0.56
619.21,30.374622,130.960098,0.0,2,21,0.56
619.28,30.374622,130.960098,0.0,2,21,0.56
619.35,30.374622,130.960098,0.0,2,21,0.56
619.42,30.374622,130.960098,0.0,2,21,0.56
619.48,30.374622,130.960098,0.0,2,21,0.56
619.55,30.374622,130.960098,0.0,2,21,0.56
619.62,30.374622,130.960098,0.0,2,21,0.56
619.68,30.374622,130.960098,0.0,2,21,0.56
619.75,30.374622,130.960098,0.0,2,21,0.56
619.82,30.374622,130.960098,0.0,2,21,0.56
619.88,30.374622,130.960098,0.0,2,21,0.56
619.95,30.374622,130.960098,0.0,2,21,0.56
620.02,30.374622,130.960098,0.0,2,21,0.56
620.09,30.374622,130.960098,0.0,2,21,0.56
620.16,30.374622,130.960098,0.0,2,21,0.56
620.22,30.374622,130.960098,0.0,2,21,0.56
620.29,30.374622,130.960098,0.0,2,21,0.56
620.36,30.374622,130.960098,0.0,2,21,0.56
620.42,30.374622,130.960098,0.0,2,21,0.56
620.49,30.374622,130.960098,0.0,2,21,0.56
620.56,30.374622,130.960098,0.0,2,21,0.56
620.62,30.374622,130.960098,0.0,2,21,0.56
620.69,30.374622,130.960098,0.0,2,21,0.56
620.76,30.374622,130.960098,0.0,2,21,0.56
620.82,30.374622,130.960098,0.0,2,21,0.56
620.89,30.374622,130.960098,0.0,2,21,0.56
620.95,30.374622,130.960098,0.0,2,21,0.56
621.02,30.374622,130.960098,0.0,2,21,0.56
621.09,30.374622,130.960098,0.0,2,21,0.56
621.15,30.374622,130.960098,0.0,2,21,0.56
621.22,30.374622,130.960098,0.0,2,21,0.56
621.29,30.374622,130.960098,0.0,2,21,0.56
621.35,30.374622,130.960098,0.0,2,21,0.56
621.42,30.374622,130.960098,0.0,2,21,0.56
621.49,30.374622,130.960098,0.0,2,21,0.56
621.55,30.374622,130.960098,0.0,2,21,0.56
621.62,30.374622,130.960098,0.0,2,21,0.56
621.68,30.374622,130.960098,0.0,2,21,0.56
621.75,30.374622,130.960098,0.0,2,21,0.56
621.82,30.374622,130.960098,0.0,2,21,0.56
621.88,30.374622,130.960098,0.0,2,21,0.56
621.95,30.374622,130.960098,0.0,2,21,0.56
622.02,30.374622,130.960098,0.0,2,21,0.56
622.09,30.374622,130.960098,0.0,2,21,0.56
622.15,30.374622,130.960098,0.0,2,21,0.56
622.22,30.374622,130.960098,0.0,2,21,0.56
622.29,30.374622,130.960098,0.0,2,21,0.56
622.35,30.374622,130.960098,0.0,2,21,0.56
622.42,30.374622,130.960098,0.0,2,21,0.56
622.48,30.374622,130.960098,0.0,2,21,0.56
622.55,30.374622,130.960098,0.0,2,21,0.56
622.62,30.374622,130.960098,0.0,2,21,0.56
622.68,30.374622,130.960098,0.0,2,21,0.56
622.75,30.374622,130.960098,0.0,2,21,0.56
622.82,30.374622,130.960098,0.0,2,21,0.56
622.88,30.374622,130.960098,0.0,2,21,0.56
622.95,30.374622,130.960098,0.0,2,21,0.56
623.02,30.374622,130.960098,0.0,2,21,0.56
623.08,30.374622,130.960098,0.0,2,21,0.56
623.15,30.374622,130.960098,0.0,2,21,0.56
623.22,30.374622,130.960098,0.0,2,21,0.56
623.28,30.374622,130.960098,0.0,2,21,0.56
623.35,30.374622,130.960098,0.0,2,21,0.56
623.42,30.374622,130.960098,0.0,2,21,0.56
623.48,30.374622,130.960098,0.0,2,21,0.56
623.55,30.374622,130.960098,0.0,2,21,0.56
623.62,30.374622,130.960098,0.0,2,21,0.56
623.68,30.374622,130.960098,0.0,2,21,0.56
623.75,30.374622,130.960098,0.0,2,21,0.56
623.82,30.374622,130.960098,0.0,2,21,0.56
623.89,30.374622,130.960098,0.0,2,21,0.56
623.95,30.374622,130.960098,0.0,2,21,0.56
624.02,30.374622,130.960098,0.0,2,21,0.56
624.09,30.374622,130.960098,0.0,2,21,0.56
624.15,30.374622,130.960098,0.0,2,21,0.56
624.22,30.374622,130.960098,0.0,2,21,0.56
624.29,30.374622,130.960098,0.0,2,21,0.56
624.35,30.374622,130.960098,0.0,2,21,0.56
624.42,30.374622,130.960098,0.0,2,21,0.56
624.49,30.374622,130.960098,0.0,2,21,0.56
624.56,30.374622,130.960098,0.0,2,21,0.56
624.62,30.374622,130.960098,0.0,2,21,0.56
624.69,30.374622,130.960098,0.0,2,21,0.56
624.76,30.374622,130.960098,0.0,2,21,0.56
624.82,30.374622,130.960098,0.0,2,21,0.56
624.89,30.374622,130.960098,0.0,2,21,0.56
624.96,30.374622,130.960098,0.0,2,21,0.56
625.02,30.374622,130.960098,0.0,2,21,0.56
625.09,30.374622,130.960098,0.0,2,21,0.56
625.16,30.374622,130.960098,0.0,2,21,0.56
625.23,30.374622,130.960098,0.0,2,21,0.56
625.29,30.374622,130.960098,0.0,2,21,0.56
625.36,30.374622,130.960098,0.0,2,21,0.56
625.43,30.374622,130.960098,0.0,2,21,0.56
625.49,30.374622,130.960098,0.0,2,21,0.56
625.56,30.374622,130.960098,0.0,2,21,0.56
625.63,30.374622,130.960098,0.0,2,21,0.56
625.7,30.374622,130.960098,0.0,2,21,0.56
625.76,30.374622,130.960098,0.0,2,21,0.56
625.83,30.374622,130.960098,0.0,2,21,0.56
625.9,30.374622,130.960098,0.0,2,21,0.56
625.96,30.374622,130.960098,0.0,2,21,0.56
626.03,30.374622,130.960098,0.0,2,21,0.56
626.1,30.374622,130.960098,0.0,2,21,0.56
626.17,30.374622,130.960098,0.0,2,21,0.56
626.23,30.374622,130.960098,0.0,2,21,0.56
626.3,30.374622,130.960098,0.0,2,21,0.56
626.37,30.374622,130.960098,0.0,2,21,0.56
626.43,30.374622,130.960098,0.0,2,21,0.56
626.5,30.374622,130.960098,0.0,2,21,0.56
626.57,30.374622,130.960098,0.0,2,21,0.56
626.64,30.374622,130.960098,0.0,2,21,0.56
626.71,30.374622,130.960098,0.0,2,21,0.56
626.77,30.374622,130.960098,0.0,2,21,0.56
626.84,30.374622,130.960098,0.0,2,21,0.56
626.91,30.374622,130.960098,0.0,2,21,0.56
626.97,30.374622,130.960098,0.0,2,21,0.56
627.04,30.374622,130.960098,0.0,2,21,0.56
627.11,30.374622,130.960098,0.0,2,21,0.56
627.17,30.374622,130.960098,0.0,2,21,0.56
627.24,30.374622,130.960098,0.0,2,21,0.56
627.31,30.374622,130.960098,0.0,2,21,0.56
627.37,30.374622,130.960098,0.0,2,21,0.56
627.44,30.374622,130.960098,0.0,2,21,0.56
627.51,30.374622,130.960098,0.0,2,21,0.56
627.57,30.374622,130.960098,0.0,2,21,0.56
627.64,30.374622,130.960098,0.0,2,21,0.56
627.7,30.374622,130.960098,0.0,2,21,0.56
627.77,30.374622,130.960098,0.0,2,21,0.56
627.84,30.374622,130.960098,0.0,2,21,0.56
627.9,30.374622,130.960098,0.0,2,21,0.56
627.97,30.374622,130.960098,0.0,2,21,0.56
628.04,30.374622,130.960098,0.0,2,21,0.56
628.1,30.374622,130.960098,0.0,2,21,0.56
628.17,30.374622,130.960098,0.0,2,21,0.56
628.24,30.374622,130.960098,0.0,2,21,0.56
628.3,30.374622,130.960098,0.0,2,21,0.56
628.37,30.374622,130.960098,0.0,2,21,0.56
628.44,30.374622,130.960098,0.0,2,21,0.56
628.5,30.374622,130.960098,0.0,2,21,0.56
628.57,30.374622,130.960098,0.0,2,21,0.56
628.63,30.374622,130.960098,0.0,2,21,0.56
628.7,30.374622,130.960098,0.0,2,21,0.56
628.77,30.374622,130.960098,0.0,2,21,0.56
628.84,30.374622,130.960098,0.0,2,21,0.56
628.9,30.374622,130.960098,0.0,2,21,0.56
628.97,30.374622,130.960098,0.0,2,21,0.56
629.04,30.374622,130.960098,0.0,2,21,0.56
629.1,30.374622,130.960098,0.0,2,21,0.56
629.17,30.374622,130.960098,0.0,2,21,0.56
629.24,30.374622,130.960098,0.0,2,21,0.56
629.3,30.374622,130.960098,0.0,2,21,0.56
629.37,30.374622,130.960098,0.0,2,21,0.56
629.44,30.374622,130.960098,0.0,2,21,0.56
629.5,30.374622,130.960098,0.0,2,21,0.56
629.57,30.374622,130.960098,0.0,2,21,0.56
629.64,30.374622,130.960098,0.0,2,21,0.56
629.7,30.374622,130.960098,0.0,2,21,0.56
629.77,30.374622,130.960098,0.0,2,21,0.56
629.84,30.374622,130.960098,0.0,2,21,0.56
629.9,30.374622,130.960098,0.0,2,21,0.56
629.97,30.374622,130.960098,0.0,2,21,0.56
630.04,30.374622,130.960098,0.0,2,21,0.56
630.1,30.374622,130.960098,0.0,2,21,0.56
630.17,30.374622,130.960098,0.0,2,21,0.56
630.24,30.374622,130.960098,0.0,2,21,0.56
630.3,30.374622,130.960098,0.0,2,21,0.56
630.37,30.374622,130.960098,0.0,2,21,0.56
630.44,30.374622,130.960098,0.0,2,21,0.56
630.5,30.374622,130.960098,0.0,2,21,0.56
630.57,30.374622,130.960098,0.0,2,21,0.56
630.64,30.374622,130.960098,0.0,2,21,0.56
630.71,30.374622,130.960098,0.0,2,21,0.56
630.77,30.374622,130.960098,0.0,2,21,0.56
630.84,30.374622,130.960098,0.0,2,21,0.56
630.91,30.374622,130.960098,0.0,2,21,0.56
630.97,30.374622,130.960098,0.0,2,21,0.56
631.04,30.374622,130.960098,0.0,2,21,0.56
631.11,30.374622,130.960098,0.0,2,21,0.56
631.17,30.374622,130.960098,0.0,2,21,0.56
631.24,30.374622,130.960098,0.0,2,21,0.56
631.31,30.374622,130.960098,0.0,2,21,0.56
631.37,30.374622,130.960098,0.0,2,21,0.56
631.44,30.374622,130.960098,0.0,2,21,0.56
631.51,30.374622,130.960098,0.0,2,21,0.56
631.58,30.374622,130.960098,0.0,2,21,0.56
631.64,30.374622,130.960098,0.0,2,21,0.56
631.71,30.374622,130.960098,0.0,2,21,0.56
631.78,30.374622,130.960098,0.0,2,21,0.56
631.84,30.374622,130.960098,0.0,2,21,0.56
631.91,30.374622,130.960098,0.0,2,21,0.56
631.98,30.374622,130.960098,0.0,2,21,0.56
632.05,30.374622,130.960098,0.0,2,21,0.56
632.11,30.374622,130.960098,0.0,2,21,0.56
632.18,30.374622,130.960098,0.0,2,21,0.56
632.25,30.374622,130.960098,0.0,2,21,0.56
632.31,30.374622,130.960098,0.0,2,21,0.56
632.38,30.374622,130.960098,0.0,2,21,0.56
632.45,30.374622,130.960098,0.0,2,21,0.56
632.51,30.374622,130.960098,0.0,2,21,0.56
632.58,30.374622,130.960098,0.0,2,21,0.56
632.65,30.374622,130.960098,0.0,2,21,0.56
632.72,30.374622,130.960098,0.0,2,21,0.56
632.78,30.374622,130.960098,0.0,2,21,0.56
632.85,30.374622,130.960098,0.0,2,21,0.56
632.92,30.374622,130.960098,0.0,2,21,0.56
632.99,30.374622,130.960098,0.0,2,21,0.56
633.05,30.374622,130.960098,0.0,2,21,0.56
633.13,30.374622,130.960098,0.0,2,21,0.56
633.19,30.374622,130.960098,0.0,2,21,0.56
633.26,30.374622,130.960098,0.0,2,21,0.56
633.33,30.374622,130.960098,0.0,2,21,0.56
633.39,30.374622,130.960098,0.0,2,21,0.56
633.46,30.374622,130.960098,0.0,2,21,0.56
633.53,30.374622,130.960098,0.0,2,21,0.56
633.59,30.374622,130.960098,0.0,2,21,0.56
633.66,30.374622,130.960098,0.0,2,21,0.56
633.73,30.374622,130.960098,0.0,2,21,0.56
633.79,30.374622,130.960098,0.0,2,21,0.56
633.86,30.374622,130.960098,0.0,2,21,0.56
633.93,30.374622,130.960098,0.0,2,21,0.56
633.99,30.374622,130.960098,0.0,2,21,0.56
634.06,30.374622,130.960098,0.0,2,21,0.56
634.13,30.374622,130.960098,0.0,2,21,0.56
634.19,30.374622,130.960098,0.0,2,21,0.56
634.26,30.374622,130.960098,0.0,2,21,0.56
634.32,30.374622,130.960098,0.0,2,21,0.56
634.39,30.374622,130.960098,0.0,2,21,0.56
634.46,30.374622,130.960098,0.0,2,21,0.56
634.52,30.374622,130.960098,0.0,2,21,0.56
634.59,30.374622,130.960098,0.0,2,21,0.56
634.66,30.374622,130.960098,0.0,2,21,0.56
634.72,30.374622,130.960098,0.0,2,21,0.56
634.79,30.374622,130.960098,0.0,2,21,0.56
634.86,30.374622,130.960098,0.0,2,21,0.56
634.92,30.374622,130.960098,0.0,2,21,0.56
634.99,30.374622,130.960098,0.0,2,21,0.56
635.05,30.374622,130.960098,0.0,2,21,0.56
635.12,30.374622,130.960098,0.0,2,21,0.56
635.19,30.374622,130.960098,0.0,2,21,0.56
635.25,30.374622,130.960098,0.0,2,21,0.56
635.32,30.374622,130.960098,0.0,2,21,0.56
635.39,30.374622,130.960098,0.0,2,21,0.56
635.45,30.374622,130.960098,0.0,2,21,0.56
635.52,30.374622,130.960098,0.0,2,21,0.56
635.59,30.374622,130.960098,0.0,2,21,0.56
635.65,30.374622,130.960098,0.0,2,21,0.56
635.72,30.374622,130.960098,0.0,2,21,0.56
635.79,30.374622,130.960098,0.0,2,21,0.56
635.85,30.374622,130.960098,0.0,2,21,0.56
635.92,30.374622,130.960098,0.0,2,21,0.56
635.99,30.374622,130.960098,0.0,2,21,0.56
636.05,30.374622,130.960098,0.0,2,21,0.56
636.12,30.374622,130.960098,0.0,2,21,0.56
636.19,30.374622,130.960098,0.0,2,21,0.56
636.25,30.374622,130.960098,0.0,2,21,0.56
636.32,30.374622,130.960098,0.0,2,21,0.56
636.39,30.374622,130.960098,0.0,2,21,0.56
636.45,30.374622,130.960098,0.0,2,21,0.56
636.52,30.374622,130.960098,0.0,2,21,0.56
636.59,30.374622,130.960098,0.0,2,21,0.56
636.65,30.374622,130.960098,0.0,2,21,0.56
636.72,30.374622,130.960098,0.0,2,21,0.56
636.79,30.374622,130.960098,0.0,2,21,0.56
636.85,30.374622,130.960098,0.0,2,21,0.56
636.92,30.374622,130.960098,0.0,2,21,0.56
636.99,30.374622,130.960098,0.0,2,21,0.56
637.05,30.374622,130.960098,0.0,2,21,0.56
637.12,30.374622,130.960098,0.0,2,21,0.56
637.19,30.374622,130.960098,0.0,2,21,0.56
637.25,30.374622,130.960098,0.0,2,21,0.56
637.32,30.374622,130.960098,0.0,2,21,0.56
637.39,30.374622,130.960098,0.0,2,21,0.56
637.46,30.374622,130.960098,0.0,2,21,0.56
637.52,30.374622,130.960098,0.0,2,21,0.56
637.59,30.374622,130.960098,0.0,2,21,0.56
637.66,30.374622,130.960098,0.0,2,21,0.56
637.72,30.374622,130.960098,0.0,2,21,0.56
637.79,30.374622,130.960098,0.0,2,21,0.56
637.86,30.374622,130.960098,0.0,2,21,0.56
637.92,30.374622,130.960098,0.0,2,21,0.56
637.99,30.374622,130.960098,0.0,2,21,0.56
638.06,30.374622,130.960098,0.0,2,21,0.56
638.12,30.374622,130.960098,0.0,2,21,0.56
638.19,30.374622,130.960098,0.0,2,21,0.56
638.26,30.374622,130.960098,0.0,2,21,0.56
638.32,30.374622,130.960098,0.0,2,21,0.56
638.39,30.374622,130.960098,0.0,2,21,0.56
638.46,30.374622,130.960098,0.0,2,21,0.56
638.53,30.374622,130.960098,0.0,2,21,0.56
638.59,30.374622,130.960098,0.0,2,21,0.56
638.66,30.374622,130.960098,0.0,2,21,0.56
638.73,30.374622,130.960098,0.0,2,21,0.56
638.79,30.374622,130.960098,0.0,2,21,0.56
638.86,30.374622,130.960098,0.0,2,21,0.56
638.93,30.374622,130.960098,0.0,2,21,0.56
638.99,30.374622,130.960098,0.0,2,21,0.56
639.06,30.374622,130.960098,0.0,2,21,0.56
639.13,30.374622,130.960098,0.0,2,21,0.56
639.2,30.374622,130.960098,0.0,2,21,0.56
639.26,30.374622,130.960098,0.0,2,21,0.56
639.33,30.374622,130.960098,0.0,2,21,0.56
639.4,30.374622,130.960098,0.0,2,21,0.56
639.47,30.374622,130.960098,0.0,2,21,0.56
639.53,30.374622,130.960098,0.0,2,21,0.56
639.6,30.374622,130.960098,0.0,2,21,0.56
639.67,30.374622,130.960098,0.0,2,21,0.56
639.74,30.374622,130.960098,0.0,2,21,0.56
639.81,30.374622,130.960098,0.0,2,21,0.56
639.87,30.374622,130.960098,0.0,2,21,0.56
639.94,30.374622,130.960098,0.0,2,21,0.56
640.01,30.374622,130.960098,0.0,2,21,0.56
640.07,30.374622,130.960098,0.0,2,21,0.56
640.14,30.374622,130.960098,0.0,2,21,0.56
640.21,30.374622,130.960098,0.0,2,21,0.56
640.27,30.374622,130.960098,0.0,2,21,0.56
640.34,30.374622,130.960098,0.0,2,21,0.56
640.41,30.374622,130.960098,0.0,2,21,0.56
640.47,30.374622,130.960098,0.0,2,21,0.56
640.54,30.374622,130.960098,0.0,2,21,0.56
640.61,30.374622,130.960098,0.0,2,21,0.56
640.67,30.374622,130.960098,0.0,2,21,0.56
640.74,30.374622,130.960098,0.0,2,21,0.56
640.8,30.374622,130.960098,0.0,2,21,0.56
640.87,30.374622,130.960098,0.0,2,21,0.56
640.94,30.374622,130.960098,0.0,2,21,0.56
641.0,30.374622,130.960098,0.0,2,21,0.56
641.07,30.374622,130.960098,0.0,2,21,0.56
641.15,30.374622,130.960098,0.0,2,21,0.56
641.21,30.374622,130.960098,0.0,2,21,0.56
641.28,30.374622,130.960098,0.0,2,21,0.56
641.35,30.374622,130.960098,0.0,2,21,0.56
641.41,30.374622,130.960098,0.0,2,21,0.56
641.48,30.374622,130.960098,0.0,2,21,0.56
641.54,30.374622,130.960098,0.0,2,21,0.56
641.61,30.374622,130.960098,0.0,2,21,0.56
641.68,30.374622,130.960098,0.0,2,21,0.56
641.74,30.374622,130.960098,0.0,2,21,0.56
641.81,30.374622,130.960098,0.0,2,21,0.56
641.88,30.374622,130.960098,0.0,2,21,0.56
641.94,30.374622,130.960098,0.0,2,21,0.56
642.01,30.374622,130.960098,0.0,2,21,0.56
642.07,30.374622,130.960098,0.0,2,21,0.56
642.14,30.374622,130.960098,0.0,2,21,0.56
642.21,30.374622,130.960098,0.0,2,21,0.56
642.27,30.374622,130.960098,0.0,2,21,0.56
642.34,30.374622,130.960098,0.0,2,21,0.56
642.41,30.374622,130.960098,0.0,2,21,0.56
642.47,30.374622,130.960098,0.0,2,21,0.56
642.54,30.374622,130.960098,0.0,2,21,0.56
642.61,30.374622,130.960098,0.0,2,21,0.56
642.67,30.374622,130.960098,0.0,2,21,0.56
642.74,30.374622,130.960098,0.0,2,21,0.56
642.8,30.374622,130.960098,0.0,2,21,0.56
642.87,30.374622,130.960098,0.0,2,21,0.56
642.94,30.374622,130.960098,0.0,2,21,0.56
643.0,30.374622,130.960098,0.0,2,21,0.56
643.07,30.374622,130.960098,0.0,2,21,0.56
643.14,30.374622,130.960098,0.0,2,21,0.56
643.2,30.374622,130.960098,0.0,2,21,0.56
643.27,30.374622,130.960098,0.0,2,21,0.56
643.34,30.374622,130.960098,0.0,2,21,0.56
643.4,30.374622,130.960098,0.0,2,21,0.56
643.47,30.374622,130.960098,0.0,2,21,0.56
643.54,30.374622,130.960098,0.0,2,21,0.56
643.6,30.374622,130.960098,0.0,2,21,0.56
643.67,30.374622,130.960098,0.0,2,21,0.56
643.74,30.374622,130.960098,0.0,2,21,0.56
643.8,30.374622,130.960098,0.0,2,21,0.56
643.87,30.374622,130.960098,0.0,2,21,0.56
643.94,30.374622,130.960098,0.0,2,21,0.56
644.0,30.374622,130.960098,0.0,2,21,0.56
644.07,30.374622,130.960098,0.0,2,21,0.56
644.14,30.374622,130.960098,0.0,2,21,0.56
644.21,30.374622,130.960098,0.0,2,21,0.56
644.27,30.374622,130.960098,0.0,2,21,0.56
644.34,30.374622,130.960098,0.0,2,21,0.56
644.41,30.374622,130.960098,0.0,2,21,0.56
644.47,30.374622,130.960098,0.0,2,21,0.56
644.54,30.374622,130.960098,0.0,2,21,0.56
644.61,30.374622,130.960098,0.0,2,21,0.56
644.67,30.374622,130.960098,0.0,2,21,0.56
644.74,30.374622,130.960098,0.0,2,21,0.56
644.81,30.374622,130.960098,0.0,2,21,0.56
644.87,30.374622,130.960098,0.0,2,21,0.56
644.94,30.374622,130.960098,0.0,2,21,0.56
645.01,30.374622,130.960098,0.0,2,21,0.56
645.08,30.374622,130.960098,0.0,2,21,0.56
645.14,30.374622,130.960098,0.0,2,21,0.56
645.21,30.374622,130.960098,0.0,2,21,0.56
645.28,30.374622,130.960098,0.0,2,21,0.56
645.34,30.374622,130.960098,0.0,2,21,0.56
645.41,30.374622,130.960098,0.0,2,21,0.56
645.48,30.374622,130.960098,0.0,2,21,0.56
645.54,30.374622,130.960098,0.0,2,21,0.56
645.61,30.374622,130.960098,0.0,2,21,0.56
645.68,30.374622,130.960098,0.0,2,21,0.56
645.74,30.374622,130.960098,0.0,2,21,0.56
645.81,30.374622,130.960098,0.0,2,21,0.56
645.88,30.374622,130.960098,0.0,2,21,0.56
645.94,30.374622,130.960098,0.0,2,21,0.56
646.01,30.374622,130.960098,0.0,2,21,0.56
646.08,30.374622,130.960098,0.0,2,21,0.56
646.15,30.374622,130.960098,0.0,2,21,0.56
646.21,30.374622,130.960098,0.0,2,21,0.56
646.28,30.374622,130.960098,0.0,2,21,0.56
646.35,30.374622,130.960098,0.0,2,21,0.56
646.41,30.374622,130.960098,0.0,2,21,0.56
646.48,30.374622,130.960098,0.0,2,21,0.56
646.55,30.374622,130.960098,0.0,2,21,0.56
646.61,30.374622,130.960098,0.0,2,21,0.56
646.68,30.374622,130.960098,0.0,2,21,0.56
646.75,30.374622,130.960098,0.0,2,21,0.56
646.82,30.374622,130.960098,0.0,2,21,0.56
646.88,30.374622,130.960098,0.0,2,21,0.56
646.95,30.374622,130.960098,0.0,2,21,0.56
647.02,30.374622,130.960098,0.0,2,21,0.56
647.09,30.374622,130.960098,0.0,2,21,0.56
647.15,30.374622,130.960098,0.0,2,21,0.56
647.22,30.374622,130.960098,0.0,2,21,0.56
647.29,30.374622,130.960098,0.0,2,21,0.56
647.35,30.374622,130.960098,0.0,2,21,0.56
647.42,30.374622,130.960098,0.0,2,21,0.56
647.49,30.374622,130.960098,0.0,2,21,0.56
647.55,30.374622,130.960098,0.0,2,21,0.56
647.62,30.374622,130.960098,0.0,2,21,0.56
647.69,30.374622,130.960098,0.0,2,21,0.56
647.76,30.374622,130.960098,0.0,2,21,0.56
647.83,30.374622,130.960098,0.0,2,21,0.56
647.89,30.374622,130.960098,0.0,2,21,0.56
647.96,30.374622,130.960098,0.0,2,21,0.56
648.03,30.374622,130.960098,0.0,2,21,0.56
648.09,30.374622,130.960098,0.0,2,21,0.56
648.16,30.374622,130.960098,0.0,2,21,0.56
648.23,30.374622,130.960098,0.0,2,21,0.56
648.29,30.374622,130.960098,0.0,2,21,0.56
648.36,30.374622,130.960098,0.0,2,21,0.56
648.42,30.374622,130.960098,0.0,2,21,0.56
648.49,30.374622,130.960098,0.0,2,21,0.56
648.56,30.374622,130.960098,0.0,2,21,0.56
648.62,30.374622,130.960098,0.0,2,21,0.56
648.69,30.374622,130.960098,0.0,2,21,0.56
648.75,30.374622,130.960098,0.0,2,21,0.56
648.82,30.374622,130.960098,0.0,2,21,0.56
648.89,30.374622,130.960098,0.0,2,21,0.56
648.95,30.374622,130.960098,0.0,2,21,0.56
649.02,30.374622,130.960098,0.0,2,21,0.56
649.09,30.374622,130.960098,0.0,2,21,0.56
649.15,30.374622,130.960098,0.0,2,21,0.56
649.22,30.374622,130.960098,0.0,2,21,0.56
649.29,30.374622,130.960098,0.0,2,21,0.56
649.35,30.374622,130.960098,0.0,2,21,0.56
649.42,30.374622,130.960098,0.0,2,21,0.56
649.49,30.374622,130.960098,0.0,2,21,0.56
649.55,30.374622,130.960098,0.0,2,21,0.56
649.62,30.374622,130.960098,0.0,2,21,0.56
649.68,30.374622,130.960098,0.0,2,21,0.56
649.75,30.374622,130.960098,0.0,2,21,0.56
649.82,30.374622,130.960098,0.0,2,21,0.56
649.88,30.374622,130.960098,0.0,2,21,0.56
649.95,30.374622,130.960098,0.0,2,21,0.56
650.02,30.374622,130.960098,0.0,2,21,0.56
650.08,30.374622,130.960098,0.0,2,21,0.56
650.15,30.374622,130.960098,0.0,2,21,0.56
650.22,30.374622,130.960098,0.0,2,21,0.56
650.28,30.374622,130.960098,0.0,2,21,0.56
650.35,30.374622,130.960098,0.0,2,21,0.56
650.42,30.374622,130.960098,0.0,2,21,0.56
650.48,30.374622,130.960098,0.0,2,21,0.56
650.55,30.374622,130.960098,0.0,2,21,0.56
650.62,30.374622,130.960098,0.0,2,21,0.56
650.68,30.374622,130.960098,0.0,2,21,0.56
650.75,30.374622,130.960098,0.0,2,21,0.56
650.82,30.374622,130.960098,0.0,2,21,0.56
650.88,30.374622,130.960098,0.0,2,21,0.56
650.95,30.374622,130.960098,0.0,2,21,0.56
651.02,30.374622,130.960098,0.0,2,21,0.56
651.08,30.374622,130.960098,0.0,2,21,0.56
651.15,30.374622,130.960098,0.0,2,21,0.56
651.22,30.374622,130.960098,0.0,2,21,0.56
651.28,30.374622,130.960098,0.0,2,21,0.56
651.35,30.374622,130.960098,0.0,2,21,0.56
651.42,30.374622,130.960098,0.0,2,21,0.56
651.48,30.374622,130.960098,0.0,2,21,0.56
651.84,30.374622,130.960098,0.0,2,21,0.56
651.91,30.374622,130.960098,0.0,2,21,0.56
652.0,30.374622,130.960098,0.0,2,21,0.56
652.06,30.374622,130.960098,0.0,2,21,0.56
652.13,30.374622,130.960098,0.0,2,21,0.56
652.2,30.374622,130.960098,0.0,2,21,0.56
652.27,30.374622,130.960098,0.0,2,21,0.56
652.33,30.374622,130.960098,0.0,2,21,0.56
652.4,30.374622,130.960098,0.0,2,21,0.56
652.47,30.374622,130.960098,0.0,2,21,0.56
652.53,30.374622,130.960098,0.0,2,21,0.56
652.6,30.374622,130.960098,0.0,2,21,0.56
652.67,30.374622,130.960098,0.0,2,21,0.56
652.73,30.374622,130.960098,0.0,2,21,0.56
652.8,30.374622,130.960098,0.0,2,21,0.56
652.87,30.374622,130.960098,0.0,2,21,0.56
652.94,30.374622,130.960098,0.0,2,21,0.56
653.01,30.374622,130.960098,0.0,2,21,0.56
653.08,30.374622,130.960098,0.0,2,21,0.56
653.14,30.374622,130.960098,0.0,2,21,0.56
653.21,30.374622,130.960098,0.0,2,21,0.56
653.28,30.374622,130.960098,0.0,2,21,0.56
653.34,30.374622,130.960098,0.0,2,20,0.56
653.41,30.374622,130.960098,0.0,2,20,0.56
653.48,30.374622,130.960098,0.0,2,20,0.56
653.54,30.374622,130.960098,0.0,2,20,0.56
653.61,30.374622,130.960098,0.0,2,20,0.56
653.68,30.374622,130.960098,0.0,2,20,0.56
653.74,30.374622,130.960098,0.0,2,20,0.56
653.81,30.374622,130.960098,0.0,2,20,0.56
653.88,30.374622,130.960098,0.0,2,20,0.56
653.95,30.374622,130.960098,0.0,2,20,0.56
654.02,30.374622,130.960098,0.0,2,20,0.56
654.1,30.374622,130.960098,0.0,2,20,0.56
654.17,30.374622,130.960098,0.0,2,20,0.56
654.25,30.374622,130.960098,0.0,2,21,0.56
654.32,30.374622,130.960098,0.0,2,21,0.56
654.4,30.374622,130.960098,0.0,2,21,0.56
654.47,30.374622,130.960098,0.0,2,21,0.56
654.54,30.374622,130.960098,0.0,2,21,0.56
654.6,30.374622,130.960098,0.0,2,21,0.56
654.67,30.374622,130.960098,0.0,2,21,0.56
654.74,30.374622,130.960098,0.0,2,21,0.56
654.81,30.374622,130.960098,0.0,2,21,0.56
654.88,30.374622,130.960098,0.0,2,21,0.56
654.95,30.374622,130.960098,0.0,2,21,0.56
655.01,30.374622,130.960098,0.0,2,21,0.56
655.08,30.374622,130.960098,0.0,2,21,0.56
655.15,30.374622,130.960098,0.0,2,21,0.56
655.22,30.374622,130.960098,0.0,2,21,0.56
655.29,30.374622,130.960098,0.0,2,21,0.56
655.35,30.374622,130.960098,0.0,2,21,0.56
655.42,30.374622,130.960098,0.0,2,21,0.56
655.49,30.374622,130.960098,0.0,2,21,0.56
655.56,30.374622,130.960098,0.0,2,21,0.56
655.63,30.374622,130.960098,0.0,2,21,0.56
655.69,30.374622,130.960098,0.0,2,21,0.56
655.76,30.374622,130.960098,0.0,2,21,0.56
655.82,30.374622,130.960098,0.0,2,21,0.56
655.89,30.374622,130.960098,0.0,2,21,0.56
655.96,30.374622,130.960098,0.0,2,21,0.56
656.02,30.374622,130.960098,0.0,2,21,0.56
656.09,30.374622,130.960098,0.0,2,21,0.56
656.16,30.374622,130.960098,0.0,2,21,0.56
656.23,30.374622,130.960098,0.0,2,21,0.56
656.29,30.374622,130.960098,0.0,2,21,0.56
656.36,30.374622,130.960098,0.0,2,20,0.57
656.43,30.374622,130.960098,0.0,2,20,0.57
656.5,30.374622,130.960098,0.0,2,20,0.57
656.57,30.374622,130.960098,0.0,2,20,0.57
656.64,30.374622,130.960098,0.0,2,20,0.57
656.71,30.374622,130.960098,0.0,2,20,0.57
656.78,30.374622,130.960098,0.0,2,20,0.57
656.84,30.374622,130.960098,0.0,2,20,0.57
656.91,30.374622,130.960098,0.0,2,20,0.57
656.98,30.374622,130.960098,0.0,2,20,0.57
657.05,30.374622,130.960098,0.0,2,20,0.57
657.12,30.374622,130.960098,0.0,2,20,0.57
657.19,30.374622,130.960098,0.0,2,20,0.57
657.26,30.374622,130.960098,0.0,2,20,0.57
657.32,30.374623,130.9601,0.24,2,19,0.62
657.39,30.374623,130.9601,0.24,2,19,0.62
657.45,30.374623,130.9601,0.24,2,19,0.62
657.52,30.374623,130.9601,0.24,2,19,0.62
657.59,30.374623,130.9601,0.24,2,19,0.62
657.65,30.374623,130.9601,0.24,2,19,0.62
657.72,30.374623,130.9601,0.24,2,19,0.62
657.79,30.374623,130.9601,0.24,2,19,0.62
657.86,30.374623,130.9601,0.24,2,19,0.62
657.92,30.374623,130.9601,0.24,2,19,0.62
657.99,30.374623,130.9601,0.24,2,19,0.62
658.07,30.374623,130.9601,0.24,2,19,0.62
658.13,30.374623,130.9601,0.24,2,19,0.62
658.2,30.374623,130.9601,0.24,2,19,0.62
658.27,30.374623,130.9601,0.24,2,19,0.62
658.33,30.374623,130.9601,0.0,2,18,0.66
658.4,30.374623,130.9601,0.0,2,18,0.66
658.47,30.374623,130.9601,0.0,2,18,0.66
658.53,30.374623,130.9601,0.0,2,18,0.66
658.6,30.374623,130.9601,0.0,2,18,0.66
658.67,30.374623,130.9601,0.0,2,18,0.66
658.73,30.374623,130.9601,0.0,2,18,0.66
658.81,30.374623,130.9601,0.0,2,18,0.66
658.88,30.374623,130.9601,0.0,2,18,0.66
658.94,30.374623,130.9601,0.0,2,18,0.66
659.02,30.374623,130.9601,0.0,2,18,0.66
659.09,30.374623,130.9601,0.0,2,18,0.66
659.16,30.374623,130.9601,0.0,2,18,0.66
659.22,30.374623,130.9601,0.0,2,18,0.66
659.29,30.374625,130.960102,0.23,2,18,0.65
659.35,30.374625,130.960102,0.23,2,18,0.65
659.42,30.374625,130.960102,0.23,2,18,0.65
659.49,30.374625,130.960102,0.23,2,18,0.65
659.56,30.374625,130.960102,0.23,2,18,0.65
659.62,30.374625,130.960102,0.23,2,18,0.65
659.69,30.374625,130.960102,0.23,2,18,0.65
659.76,30.374625,130.960102,0.23,2,18,0.65
659.83,30.374625,130.960102,0.23,2,18,0.65
659.89,30.374625,130.960102,0.23,2,18,0.65
659.96,30.374625,130.960102,0.23,2,18,0.65
660.03,30.374625,130.960102,0.23,2,18,0.65
660.1,30.374625,130.960102,0.23,2,18,0.65
660.17,30.374625,130.960102,0.23,2,18,0.65
660.24,30.374625,130.960102,0.23,2,18,0.65
660.3,30.374625,130.960102,0.23,2,18,0.65
660.37,30.374622,130.960102,0.37,2,19,0.64
660.44,30.374622,130.960102,0.37,2,19,0.64
660.51,30.374622,130.960102,0.37,2,19,0.64
660.57,30.374622,130.960102,0.37,2,19,0.64
660.64,30.374622,130.960102,0.37,2,19,0.64
660.71,30.374622,130.960102,0.37,2,19,0.64
660.78,30.374622,130.960102,0.37,2,19,0.64
660.85,30.374622,130.960102,0.37,2,19,0.64
660.92,30.374622,130.960102,0.37,2,19,0.64
660.99,30.374622,130.960102,0.37,2,19,0.64
661.06,30.374622,130.960102,0.37,2,19,0.64
661.12,30.374622,130.960102,0.37,2,19,0.64
661.19,30.374622,130.960102,0.37,2,19,0.64
661.26,30.374622,130.960102,0.37,2,19,0.64
661.33,30.374625,130.960103,0.37,2,19,0.64
661.4,30.374625,130.960103,0.37,2,19,0.64
661.46,30.374625,130.960103,0.37,2,19,0.64
661.53,30.374625,130.960103,0.37,2,19,0.64
661.6,30.374625,130.960103,0.37,2,19,0.64
661.66,30.374625,130.960103,0.37,2,19,0.64
661.73,30.374625,130.960103,0.37,2,19,0.64
661.8,30.374625,130.960103,0.37,2,19,0.64
661.86,30.374625,130.960103,0.37,2,19,0.64
661.93,30.374625,130.960103,0.37,2,19,0.64
662.0,30.374625,130.960103,0.37,2,19,0.64
662.07,30.374625,130.960103,0.37,2,19,0.64
662.14,30.374625,130.960103,0.37,2,19,0.64
662.2,30.374625,130.960103,0.37,2,19,0.64
662.27,30.374625,130.960103,0.37,2,19,0.64
662.34,30.374622,130.960103,0.37,2,19,0.61
662.4,30.374622,130.960103,0.37,2,19,0.61
662.47,30.374622,130.960103,0.37,2,19,0.61
662.54,30.374622,130.960103,0.37,2,19,0.61
662.6,30.374622,130.960103,0.37,2,19,0.61
662.67,30.374622,130.960103,0.37,2,19,0.61
662.74,30.374622,130.960103,0.37,2,19,0.61
662.8,30.374622,130.960103,0.37,2,19,0.61
662.87,30.374622,130.960103,0.37,2,19,0.61
662.94,30.374622,130.960103,0.37,2,19,0.61
663.01,30.374622,130.960103,0.37,2,19,0.61
663.08,30.374622,130.960103,0.37,2,19,0.61
663.15,30.374622,130.960103,0.37,2,19,0.61
663.22,30.374622,130.960103,0.37,2,19,0.61
663.28,30.374623,130.960103,0.16,2,19,0.61
663.35,30.374623,130.960103,0.16,2,19,0.61
663.42,30.374623,130.960103,0.16,2,19,0.61
663.48,30.374623,130.960103,0.16,2,19,0.61
663.55,30.374623,130.960103,0.16,2,19,0.61
663.61,30.374623,130.960103,0.16,2,19,0.61
663.68,30.374623,130.960103,0.16,2,19,0.61
663.75,30.374623,130.960103,0.16,2,19,0.61
663.82,30.374623,130.960103,0.16,2,19,0.61
663.88,30.374623,130.960103,0.16,2,19,0.61
663.95,30.374623,130.960103,0.16,2,19,0.61
664.02,30.374623,130.960103,0.16,2,19,0.61
664.09,30.374623,130.960103,0.16,2,19,0.61
664.16,30.374623,130.960103,0.16,2,19,0.61
664.23,30.374623,130.960103,0.16,2,19,0.61
664.3,30.374623,130.960102,0.17,2,17,0.65
664.36,30.374623,130.960102,0.17,2,17,0.65
664.43,30.374623,130.960102,0.17,2,17,0.65
664.5,30.374623,130.960102,0.17,2,17,0.65
664.56,30.374623,130.960102,0.17,2,17,0.65
664.63,30.374623,130.960102,0.17,2,17,0.65
664.7,30.374623,130.960102,0.17,2,17,0.65
664.76,30.374623,130.960102,0.17,2,17,0.65
664.83,30.374623,130.960102,0.17,2,17,0.65
664.9,30.374623,130.960102,0.17,2,17,0.65
664.97,30.374623,130.960102,0.17,2,17,0.65
665.04,30.374623,130.960102,0.17,2,17,0.65
665.11,30.374623,130.960102,0.17,2,17,0.65
665.18,30.374623,130.960102,0.17,2,17,0.65
665.25,30.374623,130.960102,0.17,2,17,0.65
665.32,30.374623,130.960102,0.17,2,17,0.65
665.39,30.374623,130.960102,0.0,2,18,0.65
665.46,30.374623,130.960102,0.0,2,18,0.65
665.52,30.374623,130.960102,0.0,2,18,0.65
665.59,30.374623,130.960102,0.0,2,18,0.65
665.66,30.374623,130.960102,0.0,2,18,0.65
665.73,30.374623,130.960102,0.0,2,18,0.65
665.8,30.374623,130.960102,0.0,2,18,0.65
665.86,30.374623,130.960102,0.0,2,18,0.65
665.94,30.374623,130.960102,0.0,2,18,0.65
666.01,30.374623,130.960102,0.0,2,18,0.65
666.07,30.374623,130.960102,0.0,2,18,0.65
666.14,30.374623,130.960102,0.0,2,18,0.65
666.21,30.374623,130.960102,0.0,2,18,0.65
666.27,30.374623,130.960102,0.0,2,18,0.65
666.34,30.374625,130.9601,0.22,2,19,0.63
666.41,30.374625,130.9601,0.22,2,19,0.63
666.48,30.374625,130.9601,0.22,2,19,0.63
666.54,30.374625,130.9601,0.22,2,19,0.63
666.61,30.374625,130.9601,0.22,2,19,0.63
666.68,30.374625,130.9601,0.22,2,19,0.63
666.75,30.374625,130.9601,0.22,2,19,0.63
666.82,30.374625,130.9601,0.22,2,19,0.63
666.89,30.374625,130.9601,0.22,2,19,0.63
666.96,30.374625,130.9601,0.22,2,19,0.63
667.02,30.374625,130.9601,0.22,2,19,0.63
667.09,30.374625,130.9601,0.22,2,19,0.63
667.16,30.374625,130.9601,0.22,2,19,0.63
667.22,30.374625,130.9601,0.22,2,19,0.63
667.29,30.374625,130.9601,0.22,2,19,0.63
667.36,30.374625,130.9601,0.0,2,18,0.63
667.42,30.374625,130.9601,0.0,2,18,0.63
667.49,30.374625,130.9601,0.0,2,18,0.63
667.56,30.374625,130.9601,0.0,2,18,0.63
667.63,30.374625,130.9601,0.0,2,18,0.63
667.7,30.374625,130.9601,0.0,2,18,0.63
667.77,30.374625,130.9601,0.0,2,18,0.63
667.84,30.374625,130.9601,0.0,2,18,0.63
667.9,30.374625,130.9601,0.0,2,18,0.63
667.98,30.374625,130.9601,0.0,2,18,0.63
668.05,30.374625,130.9601,0.0,2,18,0.63
668.12,30.374625,130.9601,0.0,2,18,0.63
668.18,30.374625,130.9601,0.0,2,18,0.63
668.25,30.374625,130.9601,0.0,2,18,0.63
668.33,30.374625,130.9601,0.0,2,17,0.65
668.39,30.374625,130.9601,0.0,2,17,0.65
668.46,30.374625,130.9601,0.0,2,17,0.65
668.53,30.374625,130.9601,0.0,2,17,0.65
668.6,30.374625,130.9601,0.0,2,17,0.65
668.66,30.374625,130.9601,0.0,2,17,0.65
668.73,30.374625,130.9601,0.0,2,17,0.65
668.8,30.374625,130.9601,0.0,2,17,0.65
668.87,30.374625,130.9601,0.0,2,17,0.65
668.93,30.374625,130.9601,0.0,2,17,0.65
669.0,30.374625,130.9601,0.0,2,17,0.65
669.07,30.374625,130.9601,0.0,2,17,0.65
669.14,30.374625,130.9601,0.0,2,17,0.65
669.21,30.374625,130.9601,0.0,2,17,0.65
669.27,30.374623,130.9601,0.2,2,17,0.65
669.34,30.374623,130.9601,0.2,2,17,0.65
669.41,30.374623,130.9601,0.2,2,17,0.65
669.47,30.374623,130.9601,0.2,2,17,0.65
669.54,30.374623,130.9601,0.2,2,17,0.65
669.61,30.374623,130.9601,0.2,2,17,0.65
669.67,30.374623,130.9601,0.2,2,17,0.65
669.74,30.374623,130.9601,0.2,2,17,0.65
669.81,30.374623,130.9601,0.2,2,17,0.65
669.88,30.374623,130.9601,0.2,2,17,0.65
669.95,30.374623,130.9601,0.2,2,17,0.65
670.02,30.374623,130.9601,0.2,2,17,0.65
670.09,30.374623,130.9601,0.2,2,17,0.65
670.16,30.374623,130.9601,0.2,2,17,0.65
670.22,30.374622,130.960102,0.24,2,16,0.67
670.29,30.374622,130.960102,0.24,2,16,0.67
670.36,30.374622,130.960102,0.24,2,16,0.67
670.42,30.374622,130.960102,0.24,2,16,0.67
670.49,30.374622,130.960102,0.24,2,16,0.67
670.56,30.374622,130.960102,0.24,2,16,0.67
670.62,30.374622,130.960102,0.24,2,16,0.67
670.69,30.374622,130.960102,0.24,2,16,0.67
670.77,30.374622,130.960102,0.24,2,16,0.67
670.84,30.374622,130.960102,0.24,2,16,0.67
670.9,30.374622,130.960102,0.24,2,16,0.67
670.97,30.374622,130.960102,0.24,2,16,0.67
671.04,30.374622,130.960102,0.24,2,16,0.67
671.11,30.374622,130.960102,0.24,2,16,0.67
671.17,30.374622,130.960102,0.24,2,16,0.67
671.24,30.374622,130.960102,0.24,2,16,0.67
671.31,30.374623,130.9601,0.23,2,20,0.6
671.37,30.374623,130.9601,0.23,2,20,0.6
671.44,30.374623,130.9601,0.23,2,20,0.6
671.51,30.374623,130.9601,0.23,2,20,0.6
671.57,30.374623,130.9601,0.23,2,20,0.6
671.64,30.374623,130.9601,0.23,2,20,0.6
671.71,30.374623,130.9601,0.23,2,20,0.6
671.78,30.374623,130.9601,0.23,2,20,0.6
671.85,30.374623,130.9601,0.23,2,20,0.6
671.92,30.374623,130.9601,0.23,2,20,0.6
671.99,30.374623,130.9601,0.23,2,20,0.6
672.06,30.374623,130.9601,0.23,2,20,0.6
672.12,30.374623,130.9601,0.23,2,20,0.6
672.19,30.374623,130.9601,0.23,2,20,0.6
672.26,30.374623,130.9601,0.23,2,20,0.6
672.32,30.374623,130.960102,0.15,2,19,0.62
672.39,30.374623,130.960102,0.15,2,19,0.62
672.46,30.374623,130.960102,0.15,2,19,0.62
672.52,30.374623,130.960102,0.15,2,19,0.62
672.59,30.374623,130.960102,0.15,2,19,0.62
672.66,30.374623,130.960102,0.15,2,19,0.62
672.73,30.374623,130.960102,0.15,2,19,0.62
672.8,30.374623,130.960102,0.15,2,19,0.62
672.86,30.374623,130.960102,0.15,2,19,0.62
672.93,30.374623,130.960102,0.15,2,19,0.62
673.0,30.374623,130.960102,0.15,2,19,0.62
673.07,30.374623,130.960102,0.15,2,19,0.62
673.14,30.374623,130.960102,0.15,2,19,0.62
673.21,30.374623,130.960102,0.15,2,19,0.62
673.27,30.374623,130.960102,0.15,2,19,0.62
673.34,30.374623,130.960102,0.0,2,18,0.64
673.41,30.374623,130.960102,0.0,2,18,0.64
673.47,30.374623,130.960102,0.0,2,18,0.64
673.54,30.374623,130.960102,0.0,2,18,0.64
673.61,30.374623,130.960102,0.0,2,18,0.64
673.67,30.374623,130.960102,0.0,2,18,0.64
673.74,30.374623,130.960102,0.0,2,18,0.64
673.81,30.374623,130.960102,0.0,2,18,0.64
673.88,30.374623,130.960102,0.0,2,18,0.64
673.94,30.374623,130.960102,0.0,2,18,0.64
674.01,30.374623,130.960102,0.0,2,18,0.64
674.08,30.374623,130.960102,0.0,2,18,0.64
674.15,30.374623,130.960102,0.0,2,18,0.64
674.22,30.374623,130.960102,0.0,2,18,0.64
674.29,30.374623,130.960103,0.17,2,18,0.63
674.36,30.374623,130.960103,0.17,2,18,0.63
674.43,30.374623,130.960103,0.17,2,18,0.63
674.5,30.374623,130.960103,0.17,2,18,0.63
674.57,30.374623,130.960103,0.17,2,18,0.63
674.64,30.374623,130.960103,0.17,2,18,0.63
674.71,30.374623,130.960103,0.17,2,18,0.63
674.78,30.374623,130.960103,0.17,2,18,0.63
674.84,30.374623,130.960103,0.17,2,18,0.63
674.91,30.374623,130.960103,0.17,2,18,0.63
674.97,30.374623,130.960103,0.17,2,18,0.63
675.04,30.374623,130.960103,0.17,2,18,0.63
675.11,30.374623,130.960103,0.17,2,18,0.63
675.18,30.374623,130.960103,0.17,2,18,0.63
675.24,30.374623,130.960103,0.17,2,18,0.63
675.31,30.374623,130.960103,0.0,2,18,0.63
675.38,30.374623,130.960103,0.0,2,18,0.63
675.45,30.374623,130.960103,0.0,2,18,0.63
675.52,30.374623,130.960103,0.0,2,18,0.63
675.59,30.374623,130.960103,0.0,2,18,0.63
675.66,30.374623,130.960103,0.0,2,18,0.63
675.72,30.374623,130.960103,0.0,2,18,0.63
675.79,30.374623,130.960103,0.0,2,18,0.63
675.85,30.374623,130.960103,0.0,2,18,0.63
675.92,30.374623,130.960103,0.0,2,18,0.63
675.99,30.374623,130.960103,0.0,2,18,0.63
676.05,30.374623,130.960103,0.0,2,18,0.63
676.12,30.374623,130.960103,0.0,2,18,0.63
676.19,30.374623,130.960103,0.0,2,18,0.63
676.25,30.374623,130.960103,0.0,2,18,0.63
676.32,30.374623,130.960103,0.0,2,18,0.63
676.39,30.374623,130.960103,0.0,2,18,0.63
676.46,30.374623,130.960103,0.0,2,18,0.63
676.53,30.374623,130.960103,0.0,2,18,0.63
676.6,30.374623,130.960103,0.0,2,18,0.63
676.67,30.374623,130.960103,0.0,2,18,0.63
676.74,30.374623,130.960103,0.0,2,18,0.63
676.8,30.374623,130.960103,0.0,2,18,0.63
676.87,30.374623,130.960103,0.0,2,18,0.63
676.94,30.374623,130.960103,0.0,2,18,0.63
677.01,30.374623,130.960103,0.0,2,18,0.63
677.08,30.374623,130.960103,0.0,2,18,0.63
677.14,30.374623,130.960103,0.0,2,18,0.63
677.22,30.374623,130.960103,0.0,2,18,0.63
677.28,30.374622,130.960102,0.22,2,19,0.62
677.35,30.374622,130.960102,0.22,2,19,0.62
677.42,30.374622,130.960102,0.22,2,19,0.62
677.48,30.374622,130.960102,0.22,2,19,0.62
677.55,30.374622,130.960102,0.22,2,19,0.62
677.62,30.374622,130.960102,0.22,2,19,0.62
677.69,30.374622,130.960102,0.22,2,19,0.62
677.75,30.374622,130.960102,0.22,2,19,0.62
677.82,30.374622,130.960102,0.22,2,19,0.62
677.89,30.374622,130.960102,0.22,2,19,0.62
677.96,30.374622,130.960102,0.22,2,19,0.62
678.03,30.374622,130.960102,0.22,2,19,0.62
678.1,30.374622,130.960102,0.22,2,19,0.62
678.17,30.374622,130.960102,0.22,2,19,0.62
678.23,30.374622,130.960102,0.22,2,19,0.62
678.3,30.374618,130.960102,0.39,2,18,0.6
678.37,30.374618,130.960102,0.39,2,18,0.6
678.44,30.374618,130.960102,0.39,2,18,0.6
678.51,30.374618,130.960102,0.39,2,18,0.6
678.58,30.374618,130.960102,0.39,2,18,0.6
678.65,30.374618,130.960102,0.39,2,18,0.6
678.71,30.374618,130.960102,0.39,2,18,0.6
678.78,30.374618,130.960102,0.39,2,18,0.6
678.85,30.374618,130.960102,0.39,2,18,0.6
678.91,30.374618,130.960102,0.39,2,18,0.6
678.98,30.374618,130.960102,0.39,2,18,0.6
679.05,30.374618,130.960102,0.39,2,18,0.6
679.11,30.374618,130.960102,0.39,2,18,0.6
679.18,30.374618,130.960102,0.39,2,18,0.6
679.25,30.374615,130.9601,0.42,2,20,0.57
679.32,30.374615,130.9601,0.42,2,20,0.57
679.39,30.374615,130.9601,0.42,2,20,0.57
679.46,30.374615,130.9601,0.42,2,20,0.57
679.52,30.374615,130.9601,0.42,2,20,0.57
679.59,30.374615,130.9601,0.42,2,20,0.57
679.67,30.374615,130.9601,0.42,2,20,0.57
679.73,30.374615,130.9601,0.42,2,20,0.57
679.8,30.374615,130.9601,0.42,2,20,0.57
679.87,30.374615,130.9601,0.42,2,20,0.57
679.94,30.374615,130.9601,0.42,2,20,0.57
680.01,30.374615,130.9601,0.42,2,20,0.57
680.07,30.374615,130.9601,0.42,2,20,0.57
680.15,30.374615,130.9601,0.42,2,20,0.57
680.21,30.374615,130.9601,0.42,2,20,0.57
680.28,30.374615,130.9601,0.0,2,19,0.59
680.35,30.374615,130.9601,0.0,2,19,0.59
680.42,30.374615,130.9601,0.0,2,19,0.59
680.49,30.374615,130.9601,0.0,2,19,0.59
680.56,30.374615,130.9601,0.0,2,19,0.59
680.63,30.374615,130.9601,0.0,2,19,0.59
680.7,30.374615,130.9601,0.0,2,19,0.59
680.76,30.374615,130.9601,0.0,2,19,0.59
680.83,30.374615,130.9601,0.0,2,19,0.59
680.9,30.374615,130.9601,0.0,2,19,0.59
680.97,30.374615,130.9601,0.0,2,19,0.59
681.04,30.374615,130.9601,0.0,2,19,0.59
681.11,30.374615,130.9601,0.0,2,19,0.59
681.18,30.374615,130.9601,0.0,2,19,0.59
681.24,30.374615,130.9601,0.0,2,19,0.59
681.32,30.374615,130.9601,0.0,2,19,0.59
681.38,30.374613,130.9601,0.18,2,21,0.56
681.45,30.374613,130.9601,0.18,2,21,0.56
681.52,30.374613,130.9601,0.18,2,21,0.56
681.58,30.374613,130.9601,0.18,2,21,0.56
681.65,30.374613,130.9601,0.18,2,21,0.56
681.72,30.374613,130.9601,0.18,2,21,0.56
681.79,30.374613,130.9601,0.18,2,21,0.56
681.86,30.374613,130.9601,0.18,2,21,0.56
681.93,30.374613,130.9601,0.18,2,21,0.56
682.0,30.374613,130.9601,0.18,2,21,0.56
682.06,30.374613,130.9601,0.18,2,21,0.56
682.13,30.374613,130.9601,0.18,2,21,0.56
682.2,30.374613,130.9601,0.18,2,21,0.56
682.26,30.374613,130.9601,0.18,2,21,0.56
682.33,30.374613,130.9601,0.0,2,19,0.59
682.4,30.374613,130.9601,0.0,2,19,0.59
682.46,30.374613,130.9601,0.0,2,19,0.59
682.53,30.374613,130.9601,0.0,2,19,0.59
682.6,30.374613,130.9601,0.0,2,19,0.59
682.67,30.374613,130.9601,0.0,2,19,0.59
682.74,30.374613,130.9601,0.0,2,19,0.59
682.81,30.374613,130.9601,0.0,2,19,0.59
682.88,30.374613,130.9601,0.0,2,19,0.59
682.96,30.374613,130.9601,0.0,2,19,0.59
683.03,30.374613,130.9601,0.0,2,19,0.59
683.09,30.374613,130.9601,0.0,2,19,0.59
683.16,30.374613,130.9601,0.0,2,19,0.59
683.22,30.374613,130.9601,0.0,2,19,0.59
683.29,30.374613,130.9601,0.0,2,19,0.59
683.36,30.374613,130.960102,0.17,2,19,0.59
683.42,30.374613,130.960102,0.17,2,19,0.59
683.49,30.374613,130.960102,0.17,2,19,0.59
683.56,30.374613,130.960102,0.17,2,19,0.59
683.62,30.374613,130.960102,0.17,2,19,0.59
683.7,30.374613,130.960102,0.17,2,19,0.59
683.77,30.374613,130.960102,0.17,2,19,0.59
683.83,30.374613,130.960102,0.17,2,19,0.59
683.9,30.374613,130.960102,0.17,2,19,0.59
683.97,30.374613,130.960102,0.17,2,19,0.59
684.04,30.374613,130.960102,0.17,2,19,0.59
684.11,30.374613,130.960102,0.17,2,19,0.59
684.18,30.374613,130.960102,0.17,2,19,0.59
684.25,30.374613,130.960102,0.17,2,19,0.59
684.31,30.374613,130.960102,0.0,2,18,0.61
684.38,30.374613,130.960102,0.0,2,18,0.61
684.45,30.374613,130.960102,0.0,2,18,0.61
684.52,30.374613,130.960102,0.0,2,18,0.61
684.59,30.374613,130.960102,0.0,2,18,0.61
684.65,30.374613,130.960102,0.0,2,18,0.61
684.72,30.374613,130.960102,0.0,2,18,0.61
684.79,30.374613,130.960102,0.0,2,18,0.61
684.85,30.374613,130.960102,0.0,2,18,0.61
684.92,30.374613,130.960102,0.0,2,18,0.61
684.98,30.374613,130.960102,0.0,2,18,0.61
685.05,30.374613,130.960102,0.0,2,18,0.61
685.12,30.374613,130.960102,0.0,2,18,0.61
685.19,30.374613,130.960102,0.0,2,18,0.61
685.26,30.374613,130.960102,0.0,2,18,0.61
685.32,30.374613,130.960102,0.0,2,19,0.59
685.39,30.374613,130.960102,0.0,2,19,0.59
685.46,30.374613,130.960102,0.0,2,19,0.59
685.53,30.374613,130.960102,0.0,2,19,0.59
685.6,30.374613,130.960102,0.0,2,19,0.59
685.66,30.374613,130.960102,0.0,2,19,0.59
685.73,30.374613,130.960102,0.0,2,19,0.59
685.79,30.374613,130.960102,0.0,2,19,0.59
685.86,30.374613,130.960102,0.0,2,19,0.59
685.93,30.374613,130.960102,0.0,2,19,0.59
686.0,30.374613,130.960102,0.0,2,19,0.59
686.06,30.374613,130.960102,0.0,2,19,0.59
686.13,30.374613,130.960102,0.0,2,19,0.59
686.2,30.374613,130.960102,0.0,2,19,0.59
686.26,30.374613,130.960102,0.0,2,19,0.59
686.33,30.374615,130.960102,0.18,2,18,0.63
686.4,30.374615,130.960102,0.18,2,18,0.63
686.47,30.374615,130.960102,0.18,2,18,0.63
686.54,30.374615,130.960102,0.18,2,18,0.63
686.6,30.374615,130.960102,0.18,2,18,0.63
686.67,30.374615,130.960102,0.18,2,18,0.63
686.74,30.374615,130.960102,0.18,2,18,0.63
686.81,30.374615,130.960102,0.18,2,18,0.63
686.87,30.374615,130.960102,0.18,2,18,0.63
686.94,30.374615,130.960102,0.18,2,18,0.63
687.0,30.374615,130.960102,0.18,2,18,0.63
687.07,30.374615,130.960102,0.18,2,18,0.63
687.14,30.374615,130.960102,0.18,2,18,0.63
687.21,30.374615,130.960102,0.18,2,18,0.63
687.28,30.374615,130.960102,0.0,2,19,0.6
687.35,30.374615,130.960102,0.0,2,19,0.6
687.42,30.374615,130.960102,0.0,2,19,0.6
687.48,30.374615,130.960102,0.0,2,19,0.6
687.55,30.374615,130.960102,0.0,2,19,0.6
687.62,30.374615,130.960102,0.0,2,19,0.6
687.69,30.374615,130.960102,0.0,2,19,0.6
687.75,30.374615,130.960102,0.0,2,19,0.6
687.82,30.374615,130.960102,0.0,2,19,0.6
687.89,30.374615,130.960102,0.0,2,19,0.6
687.95,30.374615,130.960102,0.0,2,19,0.6
688.02,30.374615,130.960102,0.0,2,19,0.6
688.09,30.374615,130.960102,0.0,2,19,0.6
688.15,30.374615,130.960102,0.0,2,19,0.6
688.22,30.374615,130.960102,0.0,2,19,0.6
688.29,30.374615,130.960102,0.0,2,19,0.6
688.35,30.374615,130.960102,0.0,2,18,0.61
688.42,30.374615,130.960102,0.0,2,18,0.61
688.49,30.374615,130.960102,0.0,2,18,0.61
688.56,30.374615,130.960102,0.0,2,18,0.61
688.63,30.374615,130.960102,0.0,2,18,0.61
688.7,30.374615,130.960102,0.0,2,18,0.61
688.76,30.374615,130.960102,0.0,2,18,0.61
688.83,30.374615,130.960102,0.0,2,18,0.61
688.9,30.374615,130.960102,0.0,2,18,0.61
688.97,30.374615,130.960102,0.0,2,18,0.61
689.04,30.374615,130.960102,0.0,2,18,0.61
689.11,30.374615,130.960102,0.0,2,18,0.61
689.18,30.374615,130.960102,0.0,2,18,0.61
689.24,30.374615,130.960102,0.0,2,18,0.61
689.31,30.374615,130.960102,0.0,2,19,0.6
689.38,30.374615,130.960102,0.0,2,19,0.6
689.45,30.374615,130.960102,0.0,2,19,0.6
689.52,30.374615,130.960102,0.0,2,19,0.6
689.59,30.374615,130.960102,0.0,2,19,0.6
689.66,30.374615,130.960102,0.0,2,19,0.6
689.73,30.374615,130.960102,0.0,2,19,0.6
689.8,30.374615,130.960102,0.0,2,19,0.6
689.86,30.374615,130.960102,0.0,2,19,0.6
689.93,30.374615,130.960102,0.0,2,19,0.6
689.99,30.374615,130.960102,0.0,2,19,0.6
690.06,30.374615,130.960102,0.0,2,19,0.6
690.13,30.374615,130.960102,0.0,2,19,0.6
690.19,30.374615,130.960102,0.0,2,19,0.6
690.26,30.374615,130.960103,0.14,2,18,0.64
690.33,30.374615,130.960103,0.14,2,18,0.64
690.39,30.374615,130.960103,0.14,2,18,0.64
690.46,30.374615,130.960103,0.14,2,18,0.64
690.52,30.374615,130.960103,0.14,2,18,0.64
690.59,30.374615,130.960103,0.14,2,18,0.64
690.66,30.374615,130.960103,0.14,2,18,0.64
690.72,30.374615,130.960103,0.14,2,18,0.64
690.79,30.374615,130.960103,0.14,2,18,0.64
690.86,30.374615,130.960103,0.14,2,18,0.64
690.93,30.374615,130.960103,0.14,2,18,0.64
691.0,30.374615,130.960103,0.14,2,18,0.64
691.07,30.374615,130.960103,0.14,2,18,0.64
691.13,30.374615,130.960103,0.14,2,18,0.64
691.2,30.374615,130.960103,0.14,2,18,0.64
691.26,30.374615,130.960103,0.14,2,18,0.64
691.33,30.374615,130.960102,0.14,2,19,0.6
691.4,30.374615,130.960102,0.14,2,19,0.6
691.46,30.374615,130.960102,0.14,2,19,0.6
691.53,30.374615,130.960102,0.14,2,19,0.6
691.6,30.374615,130.960102,0.14,2,19,0.6
691.67,30.374615,130.960102,0.14,2,19,0.6
691.73,30.374615,130.960102,0.14,2,19,0.6
691.8,30.374615,130.960102,0.14,2,19,0.6
691.87,30.374615,130.960102,0.14,2,19,0.6
691.94,30.374615,130.960102,0.14,2,19,0.6
692.01,30.374615,130.960102,0.14,2,19,0.6
692.07,30.374615,130.960102,0.14,2,19,0.6
692.14,30.374615,130.960102,0.14,2,19,0.6
692.21,30.374615,130.960102,0.14,2,19,0.6
692.27,30.374615,130.960102,0.14,2,19,0.6
692.34,30.374615,130.9601,0.13,2,19,0.6
692.41,30.374615,130.9601,0.13,2,19,0.6
692.47,30.374615,130.9601,0.13,2,19,0.6
692.54,30.374615,130.9601,0.13,2,19,0.6
692.61,30.374615,130.9601,0.13,2,19,0.6
692.68,30.374615,130.9601,0.13,2,19,0.6
692.75,30.374615,130.9601,0.13,2,19,0.6
692.82,30.374615,130.9601,0.13,2,19,0.6
692.89,30.374615,130.9601,0.13,2,19,0.6
692.95,30.374615,130.9601,0.13,2,19,0.6
693.02,30.374615,130.9601,0.13,2,19,0.6
693.09,30.374615,130.9601,0.13,2,19,0.6
693.15,30.374615,130.9601,0.13,2,19,0.6
693.22,30.374615,130.9601,0.13,2,19,0.6
693.29,30.374615,130.9601,0.13,2,19,0.6
693.36,30.374613,130.960098,0.22,2,18,0.65
693.42,30.374613,130.960098,0.22,2,18,0.65
693.49,30.374613,130.960098,0.22,2,18,0.65
693.56,30.374613,130.960098,0.22,2,18,0.65
693.62,30.374613,130.960098,0.22,2,18,0.65
693.69,30.374613,130.960098,0.22,2,18,0.65
693.76,30.374613,130.960098,0.22,2,18,0.65
693.83,30.374613,130.960098,0.22,2,18,0.65
693.9,30.374613,130.960098,0.22,2,18,0.65
693.96,30.374613,130.960098,0.22,2,18,0.65
694.03,30.374613,130.960098,0.22,2,18,0.65
694.1,30.374613,130.960098,0.22,2,18,0.65
694.17,30.374613,130.960098,0.22,2,18,0.65
694.24,30.374613,130.960098,0.22,2,18,0.65
694.31,30.374613,130.960098,0.22,2,18,0.65
694.38,30.37461,130.960097,0.42,2,19,0.6
694.45,30.37461,130.960097,0.42,2,19,0.6
694.51,30.37461,130.960097,0.42,2,19,0.6
694.58,30.37461,130.960097,0.42,2,19,0.6
694.65,30.37461,130.960097,0.42,2,19,0.6
694.72,30.37461,130.960097,0.42,2,19,0.6
694.79,30.37461,130.960097,0.42,2,19,0.6
694.86,30.37461,130.960097,0.42,2,19,0.6
694.93,30.37461,130.960097,0.42,2,19,0.6
695.0,30.37461,130.960097,0.42,2,19,0.6
695.07,30.37461,130.960097,0.42,2,19,0.6
695.13,30.37461,130.960097,0.42,2,19,0.6
695.2,30.37461,130.960097,0.42,2,19,0.6
695.27,30.37461,130.960097,0.42,2,19,0.6
695.33,30.374608,130.960093,0.35,2,20,0.57
695.4,30.374608,130.960093,0.35,2,20,0.57
695.48,30.374608,130.960093,0.35,2,20,0.57
695.55,30.374608,130.960093,0.35,2,20,0.57
695.61,30.374608,130.960093,0.35,2,20,0.57
695.68,30.374608,130.960093,0.35,2,20,0.57
695.75,30.374608,130.960093,0.35,2,20,0.57
695.82,30.374608,130.960093,0.35,2,20,0.57
695.89,30.374608,130.960093,0.35,2,20,0.57
695.95,30.374608,130.960093,0.35,2,20,0.57
696.02,30.374608,130.960093,0.35,2,20,0.57
696.09,30.374608,130.960093,0.35,2,20,0.57
696.15,30.374608,130.960093,0.35,2,20,0.57
696.22,30.374608,130.960093,0.35,2,20,0.57
696.29,30.374608,130.96009,0.33,2,20,0.57
696.36,30.374608,130.96009,0.33,2,20,0.57
696.42,30.374608,130.96009,0.33,2,20,0.57
696.5,30.374608,130.96009,0.33,2,20,0.57
696.57,30.374608,130.96009,0.33,2,20,0.57
696.64,30.374608,130.96009,0.33,2,20,0.57
696.71,30.374608,130.96009,0.33,2,20,0.57
696.78,30.374608,130.96009,0.33,2,20,0.57
696.85,30.374608,130.96009,0.33,2,20,0.57
696.91,30.374608,130.96009,0.33,2,20,0.57
696.98,30.374608,130.96009,0.33,2,20,0.57
697.05,30.374608,130.96009,0.33,2,20,0.57
697.12,30.374608,130.96009,0.33,2,20,0.57
697.19,30.374608,130.96009,0.33,2,20,0.57
697.26,30.374608,130.96009,0.33,2,20,0.57
697.32,30.374608,130.960085,0.49,2,19,0.59
697.39,30.374608,130.960085,0.49,2,19,0.59
697.46,30.374608,130.960085,0.49,2,19,0.59
697.52,30.374608,130.960085,0.49,2,19,0.59
697.59,30.374608,130.960085,0.49,2,19,0.59
697.66,30.374608,130.960085,0.49,2,19,0.59
697.72,30.374608,130.960085,0.49,2,19,0.59
697.79,30.374608,130.960085,0.49,2,19,0.59
697.85,30.374608,130.960085,0.49,2,19,0.59
697.92,30.374608,130.960085,0.49,2,19,0.59
697.99,30.374608,130.960085,0.49,2,19,0.59
698.05,30.374608,130.960085,0.49,2,19,0.59
698.12,30.374608,130.960085,0.49,2,19,0.59
698.19,30.374608,130.960085,0.49,2,19,0.59
698.25,30.374608,130.960085,0.49,2,19,0.59
698.32,30.374608,130.960085,0.49,2,19,0.59
698.38,30.374608,130.960083,0.16,2,20,0.57
698.45,30.374608,130.960083,0.16,2,20,0.57
698.52,30.374608,130.960083,0.16,2,20,0.57
698.59,30.374608,130.960083,0.16,2,20,0.57
698.66,30.374608,130.960083,0.16,2,20,0.57
698.72,30.374608,130.960083,0.16,2,20,0.57
698.79,30.374608,130.960083,0.16,2,20,0.57
698.86,30.374608,130.960083,0.16,2,20,0.57
698.93,30.374608,130.960083,0.16,2,20,0.57
699.0,30.374608,130.960083,0.16,2,20,0.57
699.07,30.374608,130.960083,0.16,2,20,0.57
699.14,30.374608,130.960083,0.16,2,20,0.57
699.22,30.374608,130.960083,0.16,2,20,0.57
699.28,30.374608,130.960083,0.16,2,20,0.57
699.35,30.374607,130.96008,0.34,2,19,0.59
699.42,30.374607,130.96008,0.34,2,19,0.59
699.49,30.374607,130.96008,0.34,2,19,0.59
699.56,30.374607,130.96008,0.34,2,19,0.59
699.62,30.374607,130.96008,0.34,2,19,0.59
699.69,30.374607,130.96008,0.34,2,19,0.59
699.76,30.374607,130.96008,0.34,2,19,0.59
699.83,30.374607,130.96008,0.34,2,19,0.59
699.9,30.374607,130.96008,0.34,2,19,0.59
699.97,30.374607,130.96008,0.34,2,19,0.59
700.03,30.374607,130.96008,0.34,2,19,0.59
700.1,30.374607,130.96008,0.34,2,19,0.59
700.17,30.374607,130.96008,0.34,2,19,0.59
700.23,30.374607,130.96008,0.34,2,19,0.59
700.3,30.374607,130.96008,0.34,2,19,0.59
700.37,30.374608,130.96008,0.2,2,20,0.58
700.43,30.374608,130.96008,0.2,2,20,0.58
700.5,30.374608,130.96008,0.2,2,20,0.58
700.57,30.374608,130.96008,0.2,2,20,0.58
700.64,30.374608,130.96008,0.2,2,20,0.58
700.71,30.374608,130.96008,0.2,2,20,0.58
700.78,30.374608,130.96008,0.2,2,20,0.58
700.85,30.374608,130.96008,0.2,2,20,0.58
700.91,30.374608,130.96008,0.2,2,20,0.58
700.98,30.374608,130.96008,0.2,2,20,0.58
701.05,30.374608,130.96008,0.2,2,20,0.58
701.12,30.374608,130.96008,0.2,2,20,0.58
701.18,30.374608,130.96008,0.2,2,20,0.58
701.25,30.374608,130.96008,0.2,2,20,0.58
701.32,30.374607,130.96008,0.19,2,18,0.61
701.38,30.374607,130.96008,0.19,2,18,0.61
701.45,30.374607,130.96008,0.19,2,18,0.61
701.52,30.374607,130.96008,0.19,2,18,0.61
701.59,30.374607,130.96008,0.19,2,18,0.61
701.66,30.374607,130.96008,0.19,2,18,0.61
701.73,30.374607,130.96008,0.19,2,18,0.61
701.8,30.374607,130.96008,0.19,2,18,0.61
701.86,30.374607,130.96008,0.19,2,18,0.61
701.93,30.374607,130.96008,0.19,2,18,0.61
702.0,30.374607,130.96008,0.19,2,18,0.61
702.07,30.374607,130.96008,0.19,2,18,0.61
702.14,30.374607,130.96008,0.19,2,18,0.61
702.2,30.374607,130.96008,0.19,2,18,0.61
702.27,30.374608,130.960082,0.24,2,18,0.62
702.34,30.374608,130.960082,0.24,2,18,0.62
702.4,30.374608,130.960082,0.24,2,18,0.62
702.47,30.374608,130.960082,0.24,2,18,0.62
702.54,30.374608,130.960082,0.24,2,18,0.62
702.61,30.374608,130.960082,0.24,2,18,0.62
702.68,30.374608,130.960082,0.24,2,18,0.62
702.75,30.374608,130.960082,0.24,2,18,0.62
702.81,30.374608,130.960082,0.24,2,18,0.62
702.88,30.374608,130.960082,0.24,2,18,0.62
702.95,30.374608,130.960082,0.24,2,18,0.62
703.02,30.374608,130.960082,0.24,2,18,0.62
703.09,30.374608,130.960082,0.24,2,18,0.62
703.16,30.374608,130.960082,0.24,2,18,0.62
703.22,30.374608,130.960082,0.24,2,18,0.62
703.29,30.374608,130.960082,0.24,2,18,0.62
703.36,30.374612,130.96008,0.42,2,17,0.63
703.42,30.374612,130.96008,0.42,2,17,0.63
703.49,30.374612,130.96008,0.42,2,17,0.63
703.56,30.374612,130.96008,0.42,2,17,0.63
703.63,30.374612,130.96008,0.42,2,17,0.63
703.7,30.374612,130.96008,0.42,2,17,0.63
703.77,30.374612,130.96008,0.42,2,17,0.63
703.84,30.374612,130.96008,0.42,2,17,0.63
703.9,30.374612,130.96008,0.42,2,17,0.63
703.97,30.374612,130.96008,0.42,2,17,0.63
704.04,30.374612,130.96008,0.42,2,17,0.63
704.11,30.374612,130.96008,0.42,2,17,0.63
704.18,30.374612,130.96008,0.42,2,17,0.63
704.25,30.374612,130.96008,0.42,2,17,0.63
704.31,30.374612,130.960082,0.13,2,17,0.64
704.38,30.374612,130.960082,0.13,2,17,0.64
704.44,30.374612,130.960082,0.13,2,17,0.64
704.51,30.374612,130.960082,0.13,2,17,0.64
704.58,30.374612,130.960082,0.13,2,17,0.64
704.64,30.374612,130.960082,0.13,2,17,0.64
704.71,30.374612,130.960082,0.13,2,17,0.64
704.77,30.374612,130.960082,0.13,2,17,0.64
704.84,30.374612,130.960082,0.13,2,17,0.64
704.91,30.374612,130.960082,0.13,2,17,0.64
704.98,30.374612,130.960082,0.13,2,17,0.64
705.05,30.374612,130.960082,0.13,2,17,0.64
705.12,30.374612,130.960082,0.13,2,17,0.64
705.19,30.374612,130.960082,0.13,2,17,0.64
705.25,30.374612,130.960082,0.13,2,17,0.64
705.32,30.37461,130.960087,0.52,2,18,0.62
705.39,30.37461,130.960087,0.52,2,18,0.62
705.45,30.37461,130.960087,0.52,2,18,0.62
705.52,30.37461,130.960087,0.52,2,18,0.62
705.59,30.37461,130.960087,0.52,2,18,0.62
705.65,30.37461,130.960087,0.52,2,18,0.62
705.72,30.37461,130.960087,0.52,2,18,0.62
705.78,30.37461,130.960087,0.52,2,18,0.62
705.85,30.37461,130.960087,0.52,2,18,0.62
705.92,30.37461,130.960087,0.52,2,18,0.62
705.99,30.37461,130.960087,0.52,2,18,0.62
706.06,30.37461,130.960087,0.52,2,18,0.62
706.13,30.37461,130.960087,0.52,2,18,0.62
706.19,30.37461,130.960087,0.52,2,18,0.62
706.26,30.37461,130.960087,0.52,2,18,0.62
706.33,30.37461,130.960087,0.52,2,18,0.62
706.4,30.37461,130.960088,0.19,2,18,0.62
706.46,30.37461,130.960088,0.19,2,18,0.62
706.53,30.37461,130.960088,0.19,2,18,0.62
706.6,30.37461,130.960088,0.19,2,18,0.62
706.66,30.37461,130.960088,0.19,2,18,0.62
706.73,30.37461,130.960088,0.19,2,18,0.62
706.8,30.37461,130.960088,0.19,2,18,0.62
706.86,30.37461,130.960088,0.19,2,18,0.62
706.93,30.37461,130.960088,0.19,2,18,0.62
707.0,30.37461,130.960088,0.19,2,18,0.62
707.07,30.37461,130.960088,0.19,2,18,0.62
707.14,30.37461,130.960088,0.19,2,18,0.62
707.21,30.37461,130.960088,0.19,2,18,0.62
707.28,30.37461,130.960088,0.19,2,18,0.62
707.35,30.374602,130.960083,0.99,2,18,0.62
707.41,30.374602,130.960083,0.99,2,18,0.62
707.48,30.374602,130.960083,0.99,2,18,0.62
707.55,30.374602,130.960083,0.99,2,18,0.62
707.62,30.374602,130.960083,0.99,2,18,0.62
707.68,30.374602,130.960083,0.99,2,18,0.62
707.75,30.374602,130.960083,0.99,2,18,0.62
707.82,30.374602,130.960083,0.99,2,18,0.62
707.88,30.374602,130.960083,0.99,2,18,0.62
707.95,30.374602,130.960083,0.99,2,18,0.62
708.02,30.374602,130.960083,0.99,2,18,0.62
708.09,30.374602,130.960083,0.99,2,18,0.62
708.16,30.374602,130.960083,0.99,2,18,0.62
708.23,30.374602,130.960083,0.99,2,18,0.62
708.3,30.3746,130.960085,0.24,2,18,0.62
708.36,30.3746,130.960085,0.24,2,18,0.62
708.43,30.3746,130.960085,0.24,2,18,0.62
708.5,30.3746,130.960085,0.24,2,18,0.62
708.57,30.3746,130.960085,0.24,2,18,0.62
708.63,30.3746,130.960085,0.24,2,18,0.62
708.7,30.3746,130.960085,0.24,2,18,0.62
708.77,30.3746,130.960085,0.24,2,18,0.62
708.84,30.3746,130.960085,0.24,2,18,0.62
708.9,30.3746,130.960085,0.24,2,18,0.62
708.97,30.3746,130.960085,0.24,2,18,0.62
709.04,30.3746,130.960085,0.24,2,18,0.62
709.11,30.3746,130.960085,0.24,2,18,0.62
709.18,30.3746,130.960085,0.24,2,18,0.62
709.25,30.3746,130.960085,0.24,2,18,0.62
709.32,30.374602,130.960087,0.24,2,18,0.62
709.39,30.374602,130.960087,0.24,2,18,0.62
709.46,30.374602,130.960087,0.24,2,18,0.62
709.52,30.374602,130.960087,0.24,2,18,0.62
709.59,30.374602,130.960087,0.24,2,18,0.62
709.66,30.374602,130.960087,0.24,2,18,0.62
709.73,30.374602,130.960087,0.24,2,18,0.62
709.8,30.374602,130.960087,0.24,2,18,0.62
709.87,30.374602,130.960087,0.24,2,18,0.62
709.93,30.374602,130.960087,0.24,2,18,0.62
710.01,30.374602,130.960087,0.24,2,18,0.62
710.08,30.374602,130.960087,0.24,2,18,0.62
710.15,30.374602,130.960087,0.24,2,18,0.62
710.21,30.374602,130.960087,0.24,2,18,0.62
710.28,30.374602,130.960087,0.24,2,18,0.62
710.35,30.374602,130.960088,0.13,2,18,0.68
710.42,30.374602,130.960088,0.13,2,18,0.68
710.48,30.374602,130.960088,0.13,2,18,0.68
710.55,30.374602,130.960088,0.13,2,18,0.68
710.62,30.374602,130.960088,0.13,2,18,0.68
710.68,30.374602,130.960088,0.13,2,18,0.68
710.75,30.374602,130.960088,0.13,2,18,0.68
710.82,30.374602,130.960088,0.13,2,18,0.68
710.88,30.374602,130.960088,0.13,2,18,0.68
710.95,30.374602,130.960088,0.13,2,18,0.68
711.02,30.374602,130.960088,0.13,2,18,0.68
711.09,30.374602,130.960088,0.13,2,18,0.68
711.16,30.374602,130.960088,0.13,2,18,0.68
711.23,30.374602,130.960088,0.13,2,18,0.68
711.3,30.374602,130.960087,0.13,2,18,0.67
711.37,30.374602,130.960087,0.13,2,18,0.67
711.43,30.374602,130.960087,0.13,2,18,0.67
711.5,30.374602,130.960087,0.13,2,18,0.67
711.57,30.374602,130.960087,0.13,2,18,0.67
711.63,30.374602,130.960087,0.13,2,18,0.67
711.7,30.374602,130.960087,0.13,2,18,0.67
711.76,30.374602,130.960087,0.13,2,18,0.67
711.83,30.374602,130.960087,0.13,2,18,0.67
711.9,30.374602,130.960087,0.13,2,18,0.67
711.97,30.374602,130.960087,0.13,2,18,0.67
712.04,30.374602,130.960087,0.13,2,18,0.67
712.1,30.374602,130.960087,0.13,2,18,0.67
712.17,30.374602,130.960087,0.13,2,18,0.67
712.24,30.374602,130.960087,0.13,2,18,0.67
712.31,30.374602,130.960087,0.13,2,18,0.67
712.38,30.374602,130.960085,0.14,2,17,0.72
712.44,30.374602,130.960085,0.14,2,17,0.72
712.51,30.374602,130.960085,0.14,2,17,0.72
712.58,30.374602,130.960085,0.14,2,17,0.72
712.64,30.374602,130.960085,0.14,2,17,0.72
712.71,30.374602,130.960085,0.14,2,17,0.72
712.78,30.374602,130.960085,0.14,2,17,0.72
712.85,30.374602,130.960085,0.14,2,17,0.72
712.92,30.374602,130.960085,0.14,2,17,0.72
712.98,30.374602,130.960085,0.14,2,17,0.72
713.05,30.374602,130.960085,0.14,2,17,0.72
713.12,30.374602,130.960085,0.14,2,17,0.72
713.19,30.374602,130.960085,0.14,2,17,0.72
713.25,30.374602,130.960085,0.14,2,17,0.72
713.32,30.374603,130.960083,0.23,2,20,0.59
713.39,30.374603,130.960083,0.23,2,20,0.59
713.46,30.374603,130.960083,0.23,2,20,0.59
713.52,30.374603,130.960083,0.23,2,20,0.59
713.59,30.374603,130.960083,0.23,2,20,0.59
713.66,30.374603,130.960083,0.23,2,20,0.59
713.72,30.374603,130.960083,0.23,2,20,0.59
713.79,30.374603,130.960083,0.23,2,20,0.59
713.86,30.374603,130.960083,0.23,2,20,0.59
713.93,30.374603,130.960083,0.23,2,20,0.59
714.0,30.374603,130.960083,0.23,2,20,0.59
714.07,30.374603,130.960083,0.23,2,20,0.59
714.14,30.374603,130.960083,0.23,2,20,0.59
714.21,30.374603,130.960083,0.23,2,20,0.59
714.28,30.374605,130.960082,0.24,2,19,0.6
714.35,30.374605,130.960082,0.24,2,19,0.6
714.42,30.374605,130.960082,0.24,2,19,0.6
714.48,30.374605,130.960082,0.24,2,19,0.6
714.55,30.374605,130.960082,0.24,2,19,0.6
714.62,30.374605,130.960082,0.24,2,19,0.6
714.69,30.374605,130.960082,0.24,2,19,0.6
714.76,30.374605,130.960082,0.24,2,19,0.6
714.83,30.374605,130.960082,0.24,2,19,0.6
714.89,30.374605,130.960082,0.24,2,19,0.6
714.96,30.374605,130.960082,0.24,2,19,0.6
715.03,30.374605,130.960082,0.24,2,19,0.6
715.09,30.374605,130.960082,0.24,2,19,0.6
715.16,30.374605,130.960082,0.24,2,19,0.6
715.23,30.374605,130.960082,0.24,2,19,0.6
715.3,30.374605,130.960082,0.24,2,19,0.6
715.36,30.374607,130.960082,0.2,2,19,0.6
715.43,30.374607,130.960082,0.2,2,19,0.6
715.5,30.374607,130.960082,0.2,2,19,0.6
715.57,30.374607,130.960082,0.2,2,19,0.6
715.64,30.374607,130.960082,0.2,2,19,0.6
715.71,30.374607,130.960082,0.2,2,19,0.6
715.78,30.374607,130.960082,0.2,2,19,0.6
715.84,30.374607,130.960082,0.2,2,19,0.6
715.91,30.374607,130.960082,0.2,2,19,0.6
715.98,30.374607,130.960082,0.2,2,19,0.6
716.05,30.374607,130.960082,0.2,2,19,0.6
716.12,30.374607,130.960082,0.2,2,19,0.6
716.18,30.374607,130.960082,0.2,2,19,0.6
716.25,30.374607,130.960082,0.2,2,19,0.6
716.32,30.374607,130.96008,0.16,2,19,0.6
716.39,30.374607,130.96008,0.16,2,19,0.6
716.46,30.374607,130.96008,0.16,2,19,0.6
716.53,30.374607,130.96008,0.16,2,19,0.6
716.61,30.374607,130.96008,0.16,2,19,0.6
716.68,30.374607,130.96008,0.16,2,19,0.6
716.74,30.374607,130.96008,0.16,2,19,0.6
716.81,30.374607,130.96008,0.16,2,19,0.6
716.88,30.374607,130.96008,0.16,2,19,0.6
716.94,30.374607,130.96008,0.16,2,19,0.6
717.01,30.374607,130.96008,0.16,2,19,0.6
717.07,30.374607,130.96008,0.16,2,19,0.6
717.14,30.374607,130.96008,0.16,2,19,0.6
717.21,30.374607,130.96008,0.16,2,19,0.6
717.27,30.374605,130.960077,0.37,2,16,0.66
717.34,30.374605,130.960077,0.37,2,16,0.66
717.41,30.374605,130.960077,0.37,2,16,0.66
717.48,30.374605,130.960077,0.37,2,16,0.66
717.54,30.374605,130.960077,0.37,2,16,0.66
717.61,30.374605,130.960077,0.37,2,16,0.66
717.68,30.374605,130.960077,0.37,2,16,0.66
717.75,30.374605,130.960077,0.37,2,16,0.66
717.81,30.374605,130.960077,0.37,2,16,0.66
717.88,30.374605,130.960077,0.37,2,16,0.66
717.95,30.374605,130.960077,0.37,2,16,0.66
718.02,30.374605,130.960077,0.37,2,16,0.66
718.09,30.374605,130.960077,0.37,2,16,0.66
718.16,30.374605,130.960077,0.37,2,16,0.66
718.23,30.374605,130.960077,0.37,2,16,0.66
718.3,30.374607,130.960075,0.24,2,18,0.67
718.36,30.374607,130.960075,0.24,2,18,0.67
718.43,30.374607,130.960075,0.24,2,18,0.67
718.5,30.374607,130.960075,0.24,2,18,0.67
718.57,30.374607,130.960075,0.24,2,18,0.67
718.64,30.374607,130.960075,0.24,2,18,0.67
718.7,30.374607,130.960075,0.24,2,18,0.67
718.77,30.374607,130.960075,0.24,2,18,0.67
718.84,30.374607,130.960075,0.24,2,18,0.67
718.9,30.374607,130.960075,0.24,2,18,0.67
718.97,30.374607,130.960075,0.24,2,18,0.67
719.04,30.374607,130.960075,0.24,2,18,0.67
719.11,30.374607,130.960075,0.24,2,18,0.67
719.18,30.374607,130.960075,0.24,2,18,0.67
719.24,30.374607,130.960075,0.24,2,18,0.67
719.31,30.374605,130.960073,0.23,2,18,0.65
719.38,30.374605,130.960073,0.23,2,18,0.65
719.44,30.374605,130.960073,0.23,2,18,0.65
719.51,30.374605,130.960073,0.23,2,18,0.65
719.58,30.374605,130.960073,0.23,2,18,0.65
719.65,30.374605,130.960073,0.23,2,18,0.65
719.71,30.374605,130.960073,0.23,2,18,0.65
719.78,30.374605,130.960073,0.23,2,18,0.65
719.85,30.374605,130.960073,0.23,2,18,0.65
719.92,30.374605,130.960073,0.23,2,18,0.65
719.98,30.374605,130.960073,0.23,2,18,0.65
720.05,30.374605,130.960073,0.23,2,18,0.65
720.12,30.374605,130.960073,0.23,2,18,0.65
720.18,30.374605,130.960073,0.23,2,18,0.65
720.25,30.374605,130.960073,0.23,2,18,0.65
720.32,30.374605,130.960073,0.23,2,18,0.65
720.39,30.374605,130.960077,0.29,2,18,0.65
720.46,30.374605,130.960077,0.29,2,18,0.65
720.53,30.374605,130.960077,0.29,2,18,0.65
720.59,30.374605,130.960077,0.29,2,18,0.65
720.66,30.374605,130.960077,0.29,2,18,0.65
720.73,30.374605,130.960077,0.29,2,18,0.65
720.8,30.374605,130.960077,0.29,2,18,0.65
720.86,30.374605,130.960077,0.29,2,18,0.65
720.93,30.374605,130.960077,0.29,2,18,0.65
720.99,30.374605,130.960077,0.29,2,18,0.65
721.06,30.374605,130.960077,0.29,2,18,0.65
721.13,30.374605,130.960077,0.29,2,18,0.65
721.2,30.374605,130.960077,0.29,2,18,0.65
721.26,30.374605,130.960077,0.29,2,18,0.65
721.33,30.374605,130.960078,0.13,2,18,0.65
721.4,30.374605,130.960078,0.13,2,18,0.65
721.47,30.374605,130.960078,0.13,2,18,0.65
721.54,30.374605,130.960078,0.13,2,18,0.65
721.61,30.374605,130.960078,0.13,2,18,0.65
721.67,30.374605,130.960078,0.13,2,18,0.65
721.74,30.374605,130.960078,0.13,2,18,0.65
721.81,30.374605,130.960078,0.13,2,18,0.65
721.87,30.374605,130.960078,0.13,2,18,0.65
721.94,30.374605,130.960078,0.13,2,18,0.65
722.01,30.374605,130.960078,0.13,2,18,0.65
722.07,30.374605,130.960078,0.13,2,18,0.65
722.14,30.374605,130.960078,0.13,2,18,0.65
722.21,30.374605,130.960078,0.13,2,18,0.65
722.28,30.374607,130.960078,0.2,2,18,0.65
722.34,30.374607,130.960078,0.2,2,18,0.65
722.41,30.374607,130.960078,0.2,2,18,0.65
722.48,30.374607,130.960078,0.2,2,18,0.65
722.55,30.374607,130.960078,0.2,2,18,0.65
722.62,30.374607,130.960078,0.2,2,18,0.65
722.69,30.374607,130.960078,0.2,2,18,0.65
722.76,30.374607,130.960078,0.2,2,18,0.65
722.82,30.374607,130.960078,0.2,2,18,0.65
722.89,30.374607,130.960078,0.2,2,18,0.65
722.95,30.374607,130.960078,0.2,2,18,0.65
723.02,30.374607,130.960078,0.2,2,18,0.65
723.09,30.374607,130.960078,0.2,2,18,0.65
723.16,30.374607,130.960078,0.2,2,18,0.65
723.23,30.374607,130.960078,0.2,2,18,0.65
723.3,30.374608,130.96008,0.24,2,18,0.65
723.37,30.374608,130.96008,0.24,2,18,0.65
723.44,30.374608,130.96008,0.24,2,18,0.65
723.5,30.374608,130.96008,0.24,2,18,0.65
723.57,30.374608,130.96008,0.24,2,18,0.65
723.64,30.374608,130.96008,0.24,2,18,0.65
723.71,30.374608,130.96008,0.24,2,18,0.65
723.78,30.374608,130.96008,0.24,2,18,0.65
723.84,30.374608,130.96008,0.24,2,18,0.65
723.91,30.374608,130.96008,0.24,2,18,0.65
723.97,30.374608,130.96008,0.24,2,18,0.65
724.04,30.374608,130.96008,0.24,2,18,0.65
724.11,30.374608,130.96008,0.24,2,18,0.65
724.17,30.374608,130.96008,0.24,2,18,0.65
724.24,30.374608,130.96008,0.24,2,18,0.65
724.31,30.37461,130.96008,0.18,2,17,0.66
724.38,30.37461,130.96008,0.18,2,17,0.66
724.45,30.37461,130.96008,0.18,2,17,0.66
724.51,30.37461,130.96008,0.18,2,17,0.66
724.58,30.37461,130.96008,0.18,2,17,0.66
724.66,30.37461,130.96008,0.18,2,17,0.66
724.72,30.37461,130.96008,0.18,2,17,0.66
724.79,30.37461,130.96008,0.18,2,17,0.66
724.86,30.37461,130.96008,0.18,2,17,0.66
724.92,30.37461,130.96008,0.18,2,17,0.66
724.99,30.37461,130.96008,0.18,2,17,0.66
725.06,30.37461,130.96008,0.18,2,17,0.66
725.12,30.37461,130.96008,0.18,2,17,0.66
725.19,30.37461,130.96008,0.18,2,17,0.66
725.26,30.37461,130.96008,0.0,2,18,0.63
725.32,30.37461,130.96008,0.0,2,18,0.63
725.39,30.37461,130.96008,0.0,2,18,0.63
725.46,30.37461,130.96008,0.0,2,18,0.63
725.53,30.37461,130.96008,0.0,2,18,0.63
725.6,30.37461,130.96008,0.0,2,18,0.63
725.67,30.37461,130.96008,0.0,2,18,0.63
725.73,30.37461,130.96008,0.0,2,18,0.63
725.8,30.37461,130.96008,0.0,2,18,0.63
725.87,30.37461,130.96008,0.0,2,18,0.63
725.93,30.37461,130.96008,0.0,2,18,0.63
726.0,30.37461,130.96008,0.0,2,18,0.63
726.06,30.37461,130.96008,0.0,2,18,0.63
726.13,30.37461,130.96008,0.0,2,18,0.63
726.2,30.37461,130.96008,0.0,2,18,0.63
726.27,30.37461,130.96008,0.0,2,18,0.63
726.34,30.37461,130.96008,0.0,2,18,0.63
726.41,30.37461,130.96008,0.0,2,18,0.63
726.47,30.37461,130.96008,0.0,2,18,0.63
726.54,30.37461,130.96008,0.0,2,18,0.63
726.61,30.37461,130.96008,0.0,2,18,0.63
726.68,30.37461,130.96008,0.0,2,18,0.63
726.75,30.37461,130.96008,0.0,2,18,0.63
726.81,30.37461,130.96008,0.0,2,18,0.63
726.88,30.37461,130.96008,0.0,2,18,0.63
726.95,30.37461,130.96008,0.0,2,18,0.63
727.01,30.37461,130.96008,0.0,2,18,0.63
727.08,30.37461,130.96008,0.0,2,18,0.63
727.14,30.37461,130.96008,0.0,2,18,0.63
727.21,30.37461,130.96008,0.0,2,18,0.63
727.28,30.37461,130.96008,0.0,2,18,0.63
727.35,30.37461,130.96008,0.0,2,18,0.63
727.42,30.37461,130.96008,0.0,2,18,0.63
727.49,30.37461,130.96008,0.0,2,18,0.63
727.56,30.37461,130.96008,0.0,2,18,0.63
727.62,30.37461,130.96008,0.0,2,18,0.63
727.7,30.37461,130.96008,0.0,2,18,0.63
727.77,30.37461,130.96008,0.0,2,18,0.63
727.83,30.37461,130.96008,0.0,2,18,0.63
727.9,30.37461,130.96008,0.0,2,18,0.63
727.97,30.37461,130.96008,0.0,2,18,0.63
728.04,30.37461,130.96008,0.0,2,18,0.63
728.11,30.37461,130.96008,0.0,2,18,0.63
728.17,30.37461,130.96008,0.0,2,18,0.63
728.24,30.374608,130.96008,0.2,2,18,0.63
728.31,30.374608,130.96008,0.2,2,18,0.63
728.37,30.374608,130.96008,0.2,2,18,0.63
728.44,30.374608,130.96008,0.2,2,18,0.63
728.51,30.374608,130.96008,0.2,2,18,0.63
728.58,30.374608,130.96008,0.2,2,18,0.63
728.64,30.374608,130.96008,0.2,2,18,0.63
728.72,30.374608,130.96008,0.2,2,18,0.63
728.79,30.374608,130.96008,0.2,2,18,0.63
728.86,30.374608,130.96008,0.2,2,18,0.63
728.92,30.374608,130.96008,0.2,2,18,0.63
728.99,30.374608,130.96008,0.2,2,18,0.63
729.06,30.374608,130.96008,0.2,2,18,0.63
729.13,30.374608,130.96008,0.2,2,18,0.63
729.2,30.374608,130.96008,0.2,2,18,0.63
729.27,30.374608,130.96008,0.2,2,18,0.63
729.33,30.374607,130.960078,0.24,2,19,0.62
729.4,30.374607,130.960078,0.24,2,19,0.62
729.47,30.374607,130.960078,0.24,2,19,0.62
729.53,30.374607,130.960078,0.24,2,19,0.62
729.6,30.374607,130.960078,0.24,2,19,0.62
729.67,30.374607,130.960078,0.24,2,19,0.62
729.74,30.374607,130.960078,0.24,2,19,0.62
729.81,30.374607,130.960078,0.24,2,19,0.62
729.88,30.374607,130.960078,0.24,2,19,0.62
729.95,30.374607,130.960078,0.24,2,19,0.62
730.02,30.374607,130.960078,0.24,2,19,0.62
730.09,30.374607,130.960078,0.24,2,19,0.62
730.16,30.374607,130.960078,0.24,2,19,0.62
730.23,30.374607,130.960078,0.24,2,19,0.62
730.29,30.374607,130.960078,0.24,2,19,0.62
730.36,30.374607,130.960078,0.0,2,17,0.66
730.43,30.374607,130.960078,0.0,2,17,0.66
730.5,30.374607,130.960078,0.0,2,17,0.66
730.56,30.374607,130.960078,0.0,2,17,0.66
730.63,30.374607,130.960078,0.0,2,17,0.66
730.7,30.374607,130.960078,0.0,2,17,0.66
730.76,30.374607,130.960078,0.0,2,17,0.66
730.83,30.374607,130.960078,0.0,2,17,0.66
730.9,30.374607,130.960078,0.0,2,17,0.66
730.97,30.374607,130.960078,0.0,2,17,0.66
731.04,30.374607,130.960078,0.0,2,17,0.66
731.1,30.374607,130.960078,0.0,2,17,0.66
731.17,30.374607,130.960078,0.0,2,17,0.66
731.25,30.374607,130.960078,0.0,2,17,0.66
731.31,30.374605,130.960078,0.19,2,17,0.66
731.38,30.374605,130.960078,0.19,2,17,0.66
731.45,30.374605,130.960078,0.19,2,17,0.66
731.51,30.374605,130.960078,0.19,2,17,0.66
731.58,30.374605,130.960078,0.19,2,17,0.66
731.64,30.374605,130.960078,0.19,2,17,0.66
731.71,30.374605,130.960078,0.19,2,17,0.66
731.78,30.374605,130.960078,0.19,2,17,0.66
731.85,30.374605,130.960078,0.19,2,17,0.66
731.91,30.374605,130.960078,0.19,2,17,0.66
731.98,30.374605,130.960078,0.19,2,17,0.66
732.05,30.374605,130.960078,0.19,2,17,0.66
732.12,30.374605,130.960078,0.19,2,17,0.66
732.19,30.374605,130.960078,0.19,2,17,0.66
732.26,30.374607,130.960077,0.24,2,18,0.65
732.33,30.374607,130.960077,0.24,2,18,0.65
732.39,30.374607,130.960077,0.24,2,18,0.65
732.46,30.374607,130.960077,0.24,2,18,0.65
732.53,30.374607,130.960077,0.24,2,18,0.65
732.6,30.374607,130.960077,0.24,2,18,0.65
732.67,30.374607,130.960077,0.24,2,18,0.65
732.74,30.374607,130.960077,0.24,2,18,0.65
732.8,30.374607,130.960077,0.24,2,18,0.65
732.87,30.374607,130.960077,0.24,2,18,0.65
732.93,30.374607,130.960077,0.24,2,18,0.65
733.0,30.374607,130.960077,0.24,2,18,0.65
733.07,30.374607,130.960077,0.24,2,18,0.65
733.13,30.374607,130.960077,0.24,2,18,0.65
733.2,30.374607,130.960077,0.24,2,18,0.65
733.27,30.374605,130.960077,0.2,2,18,0.65
733.34,30.374605,130.960077,0.2,2,18,0.65
733.4,30.374605,130.960077,0.2,2,18,0.65
733.47,30.374605,130.960077,0.2,2,18,0.65
733.54,30.374605,130.960077,0.2,2,18,0.65
733.61,30.374605,130.960077,0.2,2,18,0.65
733.68,30.374605,130.960077,0.2,2,18,0.65
733.74,30.374605,130.960077,0.2,2,18,0.65
733.81,30.374605,130.960077,0.2,2,18,0.65
733.87,30.374605,130.960077,0.2,2,18,0.65
733.94,30.374605,130.960077,0.2,2,18,0.65
734.01,30.374605,130.960077,0.2,2,18,0.65
734.07,30.374605,130.960077,0.2,2,18,0.65
734.14,30.374605,130.960077,0.2,2,18,0.65
734.21,30.374605,130.960077,0.2,2,18,0.65
734.28,30.374605,130.960075,0.13,2,17,0.66
734.35,30.374605,130.960075,0.13,2,17,0.66
734.42,30.374605,130.960075,0.13,2,17,0.66
734.48,30.374605,130.960075,0.13,2,17,0.66
734.55,30.374605,130.960075,0.13,2,17,0.66
734.62,30.374605,130.960075,0.13,2,17,0.66
734.69,30.374605,130.960075,0.13,2,17,0.66
734.75,30.374605,130.960075,0.13,2,17,0.66
734.82,30.374605,130.960075,0.13,2,17,0.66
734.88,30.374605,130.960075,0.13,2,17,0.66
734.95,30.374605,130.960075,0.13,2,17,0.66
735.02,30.374605,130.960075,0.13,2,17,0.66
735.08,30.374605,130.960075,0.13,2,17,0.66
735.15,30.374605,130.960075,0.13,2,17,0.66
735.22,30.374605,130.960075,0.13,2,17,0.66
735.29,30.374605,130.960075,0.13,2,17,0.66
735.35,30.374605,130.960073,0.13,2,18,0.65
735.42,30.374605,130.960073,0.13,2,18,0.65
735.49,30.374605,130.960073,0.13,2,18,0.65
735.56,30.374605,130.960073,0.13,2,18,0.65
735.63,30.374605,130.960073,0.13,2,18,0.65
735.69,30.374605,130.960073,0.13,2,18,0.65
735.76,30.374605,130.960073,0.13,2,18,0.65
735.83,30.374605,130.960073,0.13,2,18,0.65
735.89,30.374605,130.960073,0.13,2,18,0.65
735.96,30.374605,130.960073,0.13,2,18,0.65
736.03,30.374605,130.960073,0.13,2,18,0.65
736.09,30.374605,130.960073,0.13,2,18,0.65
736.16,30.374605,130.960073,0.13,2,18,0.65
736.23,30.374605,130.960073,0.13,2,18,0.65
736.3,30.374607,130.960075,0.22,2,18,0.65
736.37,30.374607,130.960075,0.22,2,18,0.65
736.43,30.374607,130.960075,0.22,2,18,0.65
736.5,30.374607,130.960075,0.22,2,18,0.65
736.57,30.374607,130.960075,0.22,2,18,0.65
736.64,30.374607,130.960075,0.22,2,18,0.65
736.71,30.374607,130.960075,0.22,2,18,0.65
736.78,30.374607,130.960075,0.22,2,18,0.65
736.85,30.374607,130.960075,0.22,2,18,0.65
736.92,30.374607,130.960075,0.22,2,18,0.65
736.99,30.374607,130.960075,0.22,2,18,0.65
737.06,30.374607,130.960075,0.22,2,18,0.65
737.13,30.374607,130.960075,0.22,2,18,0.65
737.19,30.374607,130.960075,0.22,2,18,0.65
737.26,30.374605,130.960075,0.2,2,18,0.65
737.33,30.374605,130.960075,0.2,2,18,0.65
737.4,30.374605,130.960075,0.2,2,18,0.65
737.47,30.374605,130.960075,0.2,2,18,0.65
737.53,30.374605,130.960075,0.2,2,18,0.65
737.6,30.374605,130.960075,0.2,2,18,0.65
737.67,30.374605,130.960075,0.2,2,18,0.65
737.73,30.374605,130.960075,0.2,2,18,0.65
737.8,30.374605,130.960075,0.2,2,18,0.65
737.87,30.374605,130.960075,0.2,2,18,0.65
737.94,30.374605,130.960075,0.2,2,18,0.65
738.01,30.374605,130.960075,0.2,2,18,0.65
738.08,30.374605,130.960075,0.2,2,18,0.65
738.15,30.374605,130.960075,0.2,2,18,0.65
738.21,30.374605,130.960075,0.2,2,18,0.65
738.28,30.374605,130.960075,0.0,2,18,0.65
738.35,30.374605,130.960075,0.0,2,18,0.65
738.41,30.374605,130.960075,0.0,2,18,0.65
738.48,30.374605,130.960075,0.0,2,18,0.65
738.55,30.374605,130.960075,0.0,2,18,0.65
738.61,30.374605,130.960075,0.0,2,18,0.65
738.68,30.374605,130.960075,0.0,2,18,0.65
738.75,30.374605,130.960075,0.0,2,18,0.65
738.81,30.374605,130.960075,0.0,2,18,0.65
738.88,30.374605,130.960075,0.0,2,18,0.65
738.94,30.374605,130.960075,0.0,2,18,0.65
739.01,30.374605,130.960075,0.0,2,18,0.65
739.08,30.374605,130.960075,0.0,2,18,0.65
739.15,30.374605,130.960075,0.0,2,18,0.65
739.22,30.374605,130.960075,0.0,2,18,0.65
739.29,30.374603,130.960077,0.24,2,18,0.64
739.36,30.374603,130.960077,0.24,2,18,0.64
739.43,30.374603,130.960077,0.24,2,18,0.64
739.49,30.374603,130.960077,0.24,2,18,0.64
739.56,30.374603,130.960077,0.24,2,18,0.64
739.63,30.374603,130.960077,0.24,2,18,0.64
739.69,30.374603,130.960077,0.24,2,18,0.64
739.76,30.374603,130.960077,0.24,2,18,0.64
739.83,30.374603,130.960077,0.24,2,18,0.64
739.89,30.374603,130.960077,0.24,2,18,0.64
739.96,30.374603,130.960077,0.24,2,18,0.64
740.03,30.374603,130.960077,0.24,2,18,0.64
740.1,30.374603,130.960077,0.24,2,18,0.64
740.17,30.374603,130.960077,0.24,2,18,0.64
740.23,30.374603,130.960077,0.24,2,18,0.64
740.31,30.374603,130.960077,0.24,2,18,0.64
740.38,30.374605,130.960077,0.18,2,17,0.66
740.45,30.374605,130.960077,0.18,2,17,0.66
740.51,30.374605,130.960077,0.18,2,17,0.66
740.58,30.374605,130.960077,0.18,2,17,0.66
740.65,30.374605,130.960077,0.18,2,17,0.66
740.71,30.374605,130.960077,0.18,2,17,0.66
740.78,30.374605,130.960077,0.18,2,17,0.66
740.84,30.374605,130.960077,0.18,2,17,0.66
740.91,30.374605,130.960077,0.18,2,17,0.66
740.98,30.374605,130.960077,0.18,2,17,0.66
741.04,30.374605,130.960077,0.18,2,17,0.66
741.11,30.374605,130.960077,0.18,2,17,0.66
741.18,30.374605,130.960077,0.18,2,17,0.66
741.24,30.374605,130.960077,0.18,2,17,0.66
741.31,30.374605,130.960077,0.18,2,17,0.66
741.37,30.374605,130.960077,0.0,2,19,0.63
741.44,30.374605,130.960077,0.0,2,19,0.63
741.51,30.374605,130.960077,0.0,2,19,0.63
741.58,30.374605,130.960077,0.0,2,19,0.63
741.65,30.374605,130.960077,0.0,2,19,0.63
741.71,30.374605,130.960077,0.0,2,19,0.63
741.78,30.374605,130.960077,0.0,2,19,0.63
741.85,30.374605,130.960077,0.0,2,19,0.63
741.92,30.374605,130.960077,0.0,2,19,0.63
741.99,30.374605,130.960077,0.0,2,19,0.63
742.06,30.374605,130.960077,0.0,2,19,0.63
742.12,30.374605,130.960077,0.0,2,19,0.63
742.19,30.374605,130.960077,0.0,2,19,0.63
742.25,30.374605,130.960077,0.0,2,19,0.63
742.32,30.374603,130.960077,0.19,2,19,0.63
742.39,30.374603,130.960077,0.19,2,19,0.63
742.46,30.374603,130.960077,0.19,2,19,0.63
742.53,30.374603,130.960077,0.19,2,19,0.63
742.6,30.374603,130.960077,0.19,2,19,0.63
742.67,30.374603,130.960077,0.19,2,19,0.63
742.73,30.374603,130.960077,0.19,2,19,0.63
742.8,30.374603,130.960077,0.19,2,19,0.63
742.87,30.374603,130.960077,0.19,2,19,0.63
742.94,30.374603,130.960077,0.19,2,19,0.63
743.0,30.374603,130.960077,0.19,2,19,0.63
743.07,30.374603,130.960077,0.19,2,19,0.63
743.13,30.374603,130.960077,0.19,2,19,0.63
743.2,30.374603,130.960077,0.19,2,19,0.63
743.27,30.374603,130.960077,0.0,2,18,0.64
743.34,30.374603,130.960077,0.0,2,18,0.64
743.4,30.374603,130.960077,0.0,2,18,0.64
743.48,30.374603,130.960077,0.0,2,18,0.64
743.55,30.374603,130.960077,0.0,2,18,0.64
743.61,30.374603,130.960077,0.0,2,18,0.64
743.68,30.374603,130.960077,0.0,2,18,0.64
743.75,30.374603,130.960077,0.0,2,18,0.64
743.82,30.374603,130.960077,0.0,2,18,0.64
743.89,30.374603,130.960077,0.0,2,18,0.64
743.96,30.374603,130.960077,0.0,2,18,0.64
744.02,30.374603,130.960077,0.0,2,18,0.64
744.09,30.374603,130.960077,0.0,2,18,0.64
744.16,30.374603,130.960077,0.0,2,18,0.64
744.22,30.374603,130.960077,0.0,2,18,0.64
744.29,30.374603,130.960077,0.0,2,18,0.65
744.36,30.374603,130.960077,0.0,2,18,0.65
744.43,30.374603,130.960077,0.0,2,18,0.65
744.5,30.374603,130.960077,0.0,2,18,0.65
744.57,30.374603,130.960077,0.0,2,18,0.65
744.64,30.374603,130.960077,0.0,2,18,0.65
744.71,30.374603,130.960077,0.0,2,18,0.65
744.78,30.374603,130.960077,0.0,2,18,0.65
744.85,30.374603,130.960077,0.0,2,18,0.65
744.92,30.374603,130.960077,0.0,2,18,0.65
744.99,30.374603,130.960077,0.0,2,18,0.65
745.05,30.374603,130.960077,0.0,2,18,0.65
745.12,30.374603,130.960077,0.0,2,18,0.65
745.19,30.374603,130.960077,0.0,2,18,0.65
745.26,30.374603,130.960077,0.0,2,18,0.65
745.32,30.374602,130.960077,0.17,2,19,0.63
745.39,30.374602,130.960077,0.17,2,19,0.63
745.45,30.374602,130.960077,0.17,2,19,0.63
745.52,30.374602,130.960077,0.17,2,19,0.63
745.59,30.374602,130.960077,0.17,2,19,0.63
745.65,30.374602,130.960077,0.17,2,19,0.63
745.72,30.374602,130.960077,0.17,2,19,0.63
745.79,30.374602,130.960077,0.17,2,19,0.63
745.85,30.374602,130.960077,0.17,2,19,0.63
745.92,30.374602,130.960077,0.17,2,19,0.63
745.99,30.374602,130.960077,0.17,2,19,0.63
746.06,30.374602,130.960077,0.17,2,19,0.63
746.12,30.374602,130.960077,0.17,2,19,0.63
746.19,30.374602,130.960077,0.17,2,19,0.63
746.26,30.374602,130.960077,0.17,2,19,0.63
746.33,30.3746,130.960077,0.18,2,17,0.66
746.4,30.3746,130.960077,0.18,2,17,0.66
746.46,30.3746,130.960077,0.18,2,17,0.66
746.53,30.3746,130.960077,0.18,2,17,0.66
746.6,30.3746,130.960077,0.18,2,17,0.66
746.66,30.3746,130.960077,0.18,2,17,0.66
746.73,30.3746,130.960077,0.18,2,17,0.66
746.79,30.3746,130.960077,0.18,2,17,0.66
746.86,30.3746,130.960077,0.18,2,17,0.66
746.93,30.3746,130.960077,0.18,2,17,0.66
746.99,30.3746,130.960077,0.18,2,17,0.66
747.06,30.3746,130.960077,0.18,2,17,0.66
747.13,30.3746,130.960077,0.18,2,17,0.66
747.2,30.3746,130.960077,0.18,2,17,0.66
747.27,30.3746,130.960077,0.18,2,17,0.66
747.34,30.3746,130.960077,0.0,2,18,0.64
747.41,30.3746,130.960077,0.0,2,18,0.64
747.47,30.3746,130.960077,0.0,2,18,0.64
747.54,30.3746,130.960077,0.0,2,18,0.64
747.61,30.3746,130.960077,0.0,2,18,0.64
747.67,30.3746,130.960077,0.0,2,18,0.64
747.74,30.3746,130.960077,0.0,2,18,0.64
747.8,30.3746,130.960077,0.0,2,18,0.64
747.87,30.3746,130.960077,0.0,2,18,0.64
747.94,30.3746,130.960077,0.0,2,18,0.64
748.0,30.3746,130.960077,0.0,2,18,0.64
748.07,30.3746,130.960077,0.0,2,18,0.64
748.14,30.3746,130.960077,0.0,2,18,0.64
748.21,30.3746,130.960077,0.0,2,18,0.64
748.27,30.3746,130.960078,0.17,2,18,0.64
748.34,30.3746,130.960078,0.17,2,18,0.64
748.41,30.3746,130.960078,0.17,2,18,0.64
748.48,30.3746,130.960078,0.17,2,18,0.64
748.55,30.3746,130.960078,0.17,2,18,0.64
748.62,30.3746,130.960078,0.17,2,18,0.64
748.68,30.3746,130.960078,0.17,2,18,0.64
748.75,30.3746,130.960078,0.17,2,18,0.64
748.82,30.3746,130.960078,0.17,2,18,0.64
748.89,30.3746,130.960078,0.17,2,18,0.64
748.96,30.3746,130.960078,0.17,2,18,0.64
749.03,30.3746,130.960078,0.17,2,18,0.64
749.1,30.3746,130.960078,0.17,2,18,0.64
749.17,30.3746,130.960078,0.17,2,18,0.64
749.24,30.3746,130.960078,0.17,2,18,0.64
749.31,30.3746,130.960078,0.0,2,17,0.66
749.38,30.3746,130.960078,0.0,2,17,0.66
749.44,30.3746,130.960078,0.0,2,17,0.66
749.51,30.3746,130.960078,0.0,2,17,0.66
749.58,30.3746,130.960078,0.0,2,17,0.66
749.64,30.3746,130.960078,0.0,2,17,0.66
749.71,30.3746,130.960078,0.0,2,17,0.66
749.78,30.3746,130.960078,0.0,2,17,0.66
749.85,30.3746,130.960078,0.0,2,17,0.66
749.91,30.3746,130.960078,0.0,2,17,0.66
749.98,30.3746,130.960078,0.0,2,17,0.66
750.05,30.3746,130.960078,0.0,2,17,0.66
750.12,30.3746,130.960078,0.0,2,17,0.66
750.19,30.3746,130.960078,0.0,2,17,0.66
750.25,30.3746,130.960078,0.0,2,17,0.66
750.32,30.3746,130.960078,0.0,2,18,0.64
750.39,30.3746,130.960078,0.0,2,18,0.64
750.46,30.3746,130.960078,0.0,2,18,0.64
750.53,30.3746,130.960078,0.0,2,18,0.64
750.59,30.3746,130.960078,0.0,2,18,0.64
750.66,30.3746,130.960078,0.0,2,18,0.64
750.73,30.3746,130.960078,0.0,2,18,0.64
750.8,30.3746,130.960078,0.0,2,18,0.64
750.87,30.3746,130.960078,0.0,2,18,0.64
750.94,30.3746,130.960078,0.0,2,18,0.64
751.0,30.3746,130.960078,0.0,2,18,0.64
751.07,30.3746,130.960078,0.0,2,18,0.64
751.14,30.3746,130.960078,0.0,2,18,0.64
751.2,30.3746,130.960078,0.0,2,18,0.64
751.27,30.3746,130.96008,0.17,2,18,0.64
751.34,30.3746,130.96008,0.17,2,18,0.64
751.41,30.3746,130.96008,0.17,2,18,0.64
751.48,30.3746,130.96008,0.17,2,18,0.64
751.55,30.3746,130.96008,0.17,2,18,0.64
751.63,30.3746,130.96008,0.17,2,18,0.64
751.7,30.3746,130.96008,0.17,2,18,0.64
751.76,30.3746,130.96008,0.17,2,18,0.64
751.83,30.3746,130.96008,0.17,2,18,0.64
751.9,30.3746,130.96008,0.17,2,18,0.64
751.96,30.3746,130.96008,0.17,2,18,0.64
752.03,30.3746,130.96008,0.17,2,18,0.64
752.1,30.3746,130.96008,0.17,2,18,0.64
752.16,30.3746,130.96008,0.17,2,18,0.64
752.23,30.3746,130.96008,0.17,2,18,0.64
752.29,30.3746,130.96008,0.17,2,18,0.64
752.36,30.3746,130.960078,0.16,2,18,0.64
752.43,30.3746,130.960078,0.16,2,18,0.64
752.5,30.3746,130.960078,0.16,2,18,0.64
752.57,30.3746,130.960078,0.16,2,18,0.64
752.64,30.3746,130.960078,0.16,2,18,0.64
752.71,30.3746,130.960078,0.16,2,18,0.64
752.78,30.3746,130.960078,0.16,2,18,0.64
752.84,30.3746,130.960078,0.16,2,18,0.64
752.91,30.3746,130.960078,0.16,2,18,0.64
752.98,30.3746,130.960078,0.16,2,18,0.64
753.05,30.3746,130.960078,0.16,2,18,0.64
753.12,30.3746,130.960078,0.16,2,18,0.64
753.18,30.3746,130.960078,0.16,2,18,0.64
753.25,30.3746,130.960078,0.16,2,18,0.64
753.31,30.3746,130.960078,0.0,2,18,0.64
753.38,30.3746,130.960078,0.0,2,18,0.64
753.45,30.3746,130.960078,0.0,2,18,0.64
753.51,30.3746,130.960078,0.0,2,18,0.64
753.58,30.3746,130.960078,0.0,2,18,0.64
753.65,30.3746,130.960078,0.0,2,18,0.64
753.71,30.3746,130.960078,0.0,2,18,0.64
753.79,30.3746,130.960078,0.0,2,18,0.64
753.85,30.3746,130.960078,0.0,2,18,0.64
753.92,30.3746,130.960078,0.0,2,18,0.64
753.99,30.3746,130.960078,0.0,2,18,0.64
754.06,30.3746,130.960078,0.0,2,18,0.64
754.13,30.3746,130.960078,0.0,2,18,0.64
754.2,30.3746,130.960078,0.0,2,18,0.64
754.27,30.3746,130.96008,0.17,2,18,0.64
754.34,30.3746,130.96008,0.17,2,18,0.64
754.41,30.3746,130.96008,0.17,2,18,0.64
754.47,30.3746,130.96008,0.17,2,18,0.64
754.54,30.3746,130.96008,0.17,2,18,0.64
754.61,30.3746,130.96008,0.17,2,18,0.64
754.68,30.3746,130.96008,0.17,2,18,0.64
754.75,30.3746,130.96008,0.17,2,18,0.64
754.82,30.3746,130.96008,0.17,2,18,0.64
754.88,30.3746,130.96008,0.17,2,18,0.64
754.95,30.3746,130.96008,0.17,2,18,0.64
755.02,30.3746,130.96008,0.17,2,18,0.64
755.09,30.3746,130.96008,0.17,2,18,0.64
755.15,30.3746,130.96008,0.17,2,18,0.64
755.22,30.3746,130.96008,0.17,2,18,0.64
755.29,30.3746,130.96008,0.17,2,18,0.64
755.35,30.374598,130.960083,0.37,2,18,0.64
755.42,30.374598,130.960083,0.37,2,18,0.64
755.49,30.374598,130.960083,0.37,2,18,0.64
755.55,30.374598,130.960083,0.37,2,18,0.64
755.62,30.374598,130.960083,0.37,2,18,0.64
755.69,30.374598,130.960083,0.37,2,18,0.64
755.76,30.374598,130.960083,0.37,2,18,0.64
755.82,30.374598,130.960083,0.37,2,18,0.64
755.89,30.374598,130.960083,0.37,2,18,0.64
755.97,30.374598,130.960083,0.37,2,18,0.64
756.04,30.374598,130.960083,0.37,2,18,0.64
756.11,30.374598,130.960083,0.37,2,18,0.64
756.18,30.374598,130.960083,0.37,2,18,0.64
756.25,30.374598,130.960083,0.37,2,18,0.64
756.32,30.374598,130.96008,0.31,2,17,0.68
756.38,30.374598,130.96008,0.31,2,17,0.68
756.45,30.374598,130.96008,0.31,2,17,0.68
756.52,30.374598,130.96008,0.31,2,17,0.68
756.59,30.374598,130.96008,0.31,2,17,0.68
756.65,30.374598,130.96008,0.31,2,17,0.68
756.72,30.374598,130.96008,0.31,2,17,0.68
756.78,30.374598,130.96008,0.31,2,17,0.68
756.85,30.374598,130.96008,0.31,2,17,0.68
756.92,30.374598,130.96008,0.31,2,17,0.68
756.99,30.374598,130.96008,0.31,2,17,0.68
757.05,30.374598,130.96008,0.31,2,17,0.68
757.12,30.374598,130.96008,0.31,2,17,0.68
757.19,30.374598,130.96008,0.31,2,17,0.68
757.26,30.374598,130.960083,0.34,2,19,0.63
757.33,30.374598,130.960083,0.34,2,19,0.63
757.4,30.374598,130.960083,0.34,2,19,0.63
757.47,30.374598,130.960083,0.34,2,19,0.63
757.54,30.374598,130.960083,0.34,2,19,0.63
757.61,30.374598,130.960083,0.34,2,19,0.63
757.68,30.374598,130.960083,0.34,2,19,0.63
757.74,30.374598,130.960083,0.34,2,19,0.63
757.81,30.374598,130.960083,0.34,2,19,0.63
757.88,30.374598,130.960083,0.34,2,19,0.63
757.95,30.374598,130.960083,0.34,2,19,0.63
758.02,30.374598,130.960083,0.34,2,19,0.63
758.08,30.374598,130.960083,0.34,2,19,0.63
758.15,30.374598,130.960083,0.34,2,19,0.63
758.22,30.374598,130.960083,0.34,2,19,0.63
758.29,30.374598,130.960083,0.34,2,19,0.63
758.36,30.374598,130.960082,0.19,2,19,0.63
758.43,30.374598,130.960082,0.19,2,19,0.63
758.49,30.374598,130.960082,0.19,2,19,0.63
758.56,30.374598,130.960082,0.19,2,19,0.63
758.63,30.374598,130.960082,0.19,2,19,0.63
758.7,30.374598,130.960082,0.19,2,19,0.63
758.76,30.374598,130.960082,0.19,2,19,0.63
758.83,30.374598,130.960082,0.19,2,19,0.63
758.9,30.374598,130.960082,0.19,2,19,0.63
758.97,30.374598,130.960082,0.19,2,19,0.63
759.03,30.374598,130.960082,0.19,2,19,0.63
759.1,30.374598,130.960082,0.19,2,19,0.63
759.17,30.374598,130.960082,0.19,2,19,0.63
759.23,30.374598,130.960082,0.19,2,19,0.63
759.3,30.374598,130.960082,0.19,2,19,0.63
759.36,30.374598,130.960082,0.0,2,18,0.63
759.43,30.374598,130.960082,0.0,2,18,0.63
759.5,30.374598,130.960082,0.0,2,18,0.63
759.56,30.374598,130.960082,0.0,2,18,0.63
759.63,30.374598,130.960082,0.0,2,18,0.63
759.7,30.374598,130.960082,0.0,2,18,0.63
759.76,30.374598,130.960082,0.0,2,18,0.63
759.83,30.374598,130.960082,0.0,2,18,0.63
759.9,30.374598,130.960082,0.0,2,18,0.63
759.97,30.374598,130.960082,0.0,2,18,0.63
760.04,30.374598,130.960082,0.0,2,18,0.63
760.11,30.374598,130.960082,0.0,2,18,0.63
760.18,30.374598,130.960082,0.0,2,18,0.63
760.25,30.374598,130.960082,0.0,2,18,0.63
760.31,30.374598,130.960082,0.0,2,20,0.59
760.38,30.374598,130.960082,0.0,2,20,0.59
760.45,30.374598,130.960082,0.0,2,20,0.59
760.51,30.374598,130.960082,0.0,2,20,0.59
760.58,30.374598,130.960082,0.0,2,20,0.59
760.65,30.374598,130.960082,0.0,2,20,0.59
760.71,30.374598,130.960082,0.0,2,20,0.59
760.78,30.374598,130.960082,0.0,2,20,0.59
760.85,30.374598,130.960082,0.0,2,20,0.59
760.91,30.374598,130.960082,0.0,2,20,0.59
760.98,30.374598,130.960082,0.0,2,20,0.59
761.05,30.374598,130.960082,0.0,2,20,0.59
761.12,30.374598,130.960082,0.0,2,20,0.59
761.19,30.374598,130.960082,0.0,2,20,0.59
761.25,30.374598,130.960082,0.0,2,20,0.59
761.32,30.374598,130.960083,0.2,2,19,0.61
761.39,30.374598,130.960083,0.2,2,19,0.61
761.46,30.374598,130.960083,0.2,2,19,0.61
761.52,30.374598,130.960083,0.2,2,19,0.61
761.59,30.374598,130.960083,0.2,2,19,0.61
761.66,30.374598,130.960083,0.2,2,19,0.61
761.72,30.374598,130.960083,0.2,2,19,0.61
761.79,30.374598,130.960083,0.2,2,19,0.61
761.86,30.374598,130.960083,0.2,2,19,0.61
761.93,30.374598,130.960083,0.2,2,19,0.61
762.0,30.374598,130.960083,0.2,2,19,0.61
762.06,30.374598,130.960083,0.2,2,19,0.61
762.13,30.374598,130.960083,0.2,2,19,0.61
762.2,30.374598,130.960083,0.2,2,19,0.61
762.27,30.374598,130.960083,0.2,2,19,0.61
762.34,30.374602,130.960085,0.4,2,18,0.62
762.4,30.374602,130.960085,0.4,2,18,0.62
762.47,30.374602,130.960085,0.4,2,18,0.62
762.54,30.374602,130.960085,0.4,2,18,0.62
762.6,30.374602,130.960085,0.4,2,18,0.62
762.67,30.374602,130.960085,0.4,2,18,0.62
762.73,30.374602,130.960085,0.4,2,18,0.62
762.8,30.374602,130.960085,0.4,2,18,0.62
762.87,30.374602,130.960085,0.4,2,18,0.62
762.94,30.374602,130.960085,0.4,2,18,0.62
763.01,30.374602,130.960085,0.4,2,18,0.62
763.07,30.374602,130.960085,0.4,2,18,0.62
763.14,30.374602,130.960085,0.4,2,18,0.62
763.21,30.374602,130.960085,0.4,2,18,0.62
763.28,30.374602,130.960085,0.4,2,18,0.62
763.35,30.374605,130.960087,0.42,2,19,0.61
763.41,30.374605,130.960087,0.42,2,19,0.61
763.48,30.374605,130.960087,0.42,2,19,0.61
763.55,30.374605,130.960087,0.42,2,19,0.61
763.61,30.374605,130.960087,0.42,2,19,0.61
763.68,30.374605,130.960087,0.42,2,19,0.61
763.75,30.374605,130.960087,0.42,2,19,0.61
763.82,30.374605,130.960087,0.42,2,19,0.61
763.88,30.374605,130.960087,0.42,2,19,0.61
763.95,30.374605,130.960087,0.42,2,19,0.61
764.02,30.374605,130.960087,0.42,2,19,0.61
764.09,30.374605,130.960087,0.42,2,19,0.61
764.16,30.374605,130.960087,0.42,2,19,0.61
764.23,30.374605,130.960087,0.42,2,19,0.61
764.3,30.374605,130.960087,0.42,2,19,0.61
764.36,30.374605,130.960088,0.13,2,19,0.6
764.43,30.374605,130.960088,0.13,2,19,0.6
764.5,30.374605,130.960088,0.13,2,19,0.6
764.56,30.374605,130.960088,0.13,2,19,0.6
764.63,30.374605,130.960088,0.13,2,19,0.6
764.7,30.374605,130.960088,0.13,2,19,0.6
764.77,30.374605,130.960088,0.13,2,19,0.6
764.83,30.374605,130.960088,0.13,2,19,0.6
764.91,30.374605,130.960088,0.13,2,19,0.6
764.98,30.374605,130.960088,0.13,2,19,0.6
765.04,30.374605,130.960088,0.13,2,19,0.6
765.11,30.374605,130.960088,0.13,2,19,0.6
765.18,30.374605,130.960088,0.13,2,19,0.6
765.25,30.374605,130.960088,0.13,2,19,0.6
765.32,30.374605,130.96009,0.13,2,20,0.59
765.39,30.374605,130.96009,0.13,2,20,0.59
765.46,30.374605,130.96009,0.13,2,20,0.59
765.52,30.374605,130.96009,0.13,2,20,0.59
765.59,30.374605,130.96009,0.13,2,20,0.59
765.66,30.374605,130.96009,0.13,2,20,0.59
765.72,30.374605,130.96009,0.13,2,20,0.59
765.79,30.374605,130.96009,0.13,2,20,0.59
765.85,30.374605,130.96009,0.13,2,20,0.59
765.92,30.374605,130.96009,0.13,2,20,0.59
765.99,30.374605,130.96009,0.13,2,20,0.59
766.06,30.374605,130.96009,0.13,2,20,0.59
766.13,30.374605,130.96009,0.13,2,20,0.59
766.19,30.374605,130.96009,0.13,2,20,0.59
766.26,30.374605,130.96009,0.13,2,20,0.59
766.33,30.374602,130.96009,0.38,2,20,0.59
766.4,30.374602,130.96009,0.38,2,20,0.59
766.47,30.374602,130.96009,0.38,2,20,0.59
766.54,30.374602,130.96009,0.38,2,20,0.59
766.6,30.374602,130.96009,0.38,2,20,0.59
766.67,30.374602,130.96009,0.38,2,20,0.59
766.73,30.374602,130.96009,0.38,2,20,0.59
766.8,30.374602,130.96009,0.38,2,20,0.59
766.87,30.374602,130.96009,0.38,2,20,0.59
766.94,30.374602,130.96009,0.38,2,20,0.59
767.0,30.374602,130.96009,0.38,2,20,0.59
767.07,30.374602,130.96009,0.38,2,20,0.59
767.14,30.374602,130.96009,0.38,2,20,0.59
767.21,30.374602,130.96009,0.38,2,20,0.59
767.28,30.374602,130.96009,0.38,2,20,0.59
767.35,30.374603,130.960092,0.23,2,20,0.59
767.41,30.374603,130.960092,0.23,2,20,0.59
767.48,30.374603,130.960092,0.23,2,20,0.59
767.55,30.374603,130.960092,0.23,2,20,0.59
767.61,30.374603,130.960092,0.23,2,20,0.59
767.68,30.374603,130.960092,0.23,2,20,0.59
767.75,30.374603,130.960092,0.23,2,20,0.59
767.82,30.374603,130.960092,0.23,2,20,0.59
767.88,30.374603,130.960092,0.23,2,20,0.59
767.95,30.374603,130.960092,0.23,2,20,0.59
768.01,30.374603,130.960092,0.23,2,20,0.59
768.08,30.374603,130.960092,0.23,2,20,0.59
768.15,30.374603,130.960092,0.23,2,20,0.59
768.21,30.374603,130.960092,0.23,2,20,0.59
768.28,30.374602,130.96009,0.24,2,20,0.59
768.35,30.374602,130.96009,0.24,2,20,0.59
768.42,30.374602,130.96009,0.24,2,20,0.59
768.49,30.374602,130.96009,0.24,2,20,0.59
768.56,30.374602,130.96009,0.24,2,20,0.59
768.63,30.374602,130.96009,0.24,2,20,0.59
768.69,30.374602,130.96009,0.24,2,20,0.59
768.76,30.374602,130.96009,0.24,2,20,0.59
768.83,30.374602,130.96009,0.24,2,20,0.59
768.9,30.374602,130.96009,0.24,2,20,0.59
768.96,30.374602,130.96009,0.24,2,20,0.59
769.03,30.374602,130.96009,0.24,2,20,0.59
769.1,30.374602,130.96009,0.24,2,20,0.59
769.16,30.374602,130.96009,0.24,2,20,0.59
769.23,30.374602,130.96009,0.24,2,20,0.59
769.3,30.374602,130.96009,0.24,2,20,0.59
769.36,30.374602,130.96009,0.0,2,20,0.59
769.44,30.374602,130.96009,0.0,2,20,0.59
769.5,30.374602,130.96009,0.0,2,20,0.59
769.57,30.374602,130.96009,0.0,2,20,0.59
769.64,30.374602,130.96009,0.0,2,20,0.59
769.71,30.374602,130.96009,0.0,2,20,0.59
769.78,30.374602,130.96009,0.0,2,20,0.59
769.85,30.374602,130.96009,0.0,2,20,0.59
769.92,30.374602,130.96009,0.0,2,20,0.59
769.98,30.374602,130.96009,0.0,2,20,0.59
770.05,30.374602,130.96009,0.0,2,20,0.59
770.12,30.374602,130.96009,0.0,2,20,0.59
770.18,30.374602,130.96009,0.0,2,20,0.59
770.25,30.374602,130.96009,0.0,2,20,0.59
770.32,30.374602,130.96009,0.0,2,20,0.59
770.38,30.374602,130.96009,0.0,2,20,0.59
770.46,30.374602,130.96009,0.0,2,20,0.59
770.53,30.374602,130.96009,0.0,2,20,0.59
770.59,30.374602,130.96009,0.0,2,20,0.59
770.66,30.374602,130.96009,0.0,2,20,0.59
770.74,30.374602,130.96009,0.0,2,20,0.59
770.8,30.374602,130.96009,0.0,2,20,0.59
770.87,30.374602,130.96009,0.0,2,20,0.59
770.94,30.374602,130.96009,0.0,2,20,0.59
771.01,30.374602,130.96009,0.0,2,20,0.59
771.08,30.374602,130.96009,0.0,2,20,0.59
771.15,30.374602,130.96009,0.0,2,20,0.59
771.21,30.374602,130.96009,0.0,2,20,0.59
771.28,30.374603,130.960092,0.24,2,20,0.59
771.35,30.374603,130.960092,0.24,2,20,0.59
771.41,30.374603,130.960092,0.24,2,20,0.59
771.48,30.374603,130.960092,0.24,2,20,0.59
771.55,30.374603,130.960092,0.24,2,20,0.59
771.61,30.374603,130.960092,0.24,2,20,0.59
771.68,30.374603,130.960092,0.24,2,20,0.59
771.75,30.374603,130.960092,0.24,2,20,0.59
771.82,30.374603,130.960092,0.24,2,20,0.59
771.89,30.374603,130.960092,0.24,2,20,0.59
771.96,30.374603,130.960092,0.24,2,20,0.59
772.02,30.374603,130.960092,0.24,2,20,0.59
772.09,30.374603,130.960092,0.24,2,20,0.59
772.16,30.374603,130.960092,0.24,2,20,0.59
772.23,30.374603,130.960092,0.24,2,20,0.59
772.3,30.374603,130.960092,0.24,2,20,0.59
772.37,30.374605,130.960088,0.36,2,20,0.59
772.43,30.374605,130.960088,0.36,2,20,0.59
772.5,30.374605,130.960088,0.36,2,20,0.59
772.57,30.374605,130.960088,0.36,2,20,0.59
772.64,30.374605,130.960088,0.36,2,20,0.59
772.71,30.374605,130.960088,0.36,2,20,0.59
772.78,30.374605,130.960088,0.36,2,20,0.59
772.85,30.374605,130.960088,0.36,2,20,0.59
772.91,30.374605,130.960088,0.36,2,20,0.59
772.98,30.374605,130.960088,0.36,2,20,0.59
773.05,30.374605,130.960088,0.36,2,20,0.59
773.11,30.374605,130.960088,0.36,2,20,0.59
773.19,30.374605,130.960088,0.36,2,20,0.59
773.25,30.374605,130.960088,0.36,2,20,0.59
773.32,30.374603,130.96009,0.22,2,20,0.59
773.39,30.374603,130.96009,0.22,2,20,0.59
773.46,30.374603,130.96009,0.22,2,20,0.59
773.52,30.374603,130.96009,0.22,2,20,0.59
773.59,30.374603,130.96009,0.22,2,20,0.59
773.66,30.374603,130.96009,0.22,2,20,0.59
773.73,30.374603,130.96009,0.22,2,20,0.59
773.8,30.374603,130.96009,0.22,2,20,0.59
773.87,30.374603,130.96009,0.22,2,20,0.59
773.94,30.374603,130.96009,0.22,2,20,0.59
774.0,30.374603,130.96009,0.22,2,20,0.59
774.07,30.374603,130.96009,0.22,2,20,0.59
774.14,30.374603,130.96009,0.22,2,20,0.59
774.2,30.374603,130.96009,0.22,2,20,0.59
774.27,30.374603,130.96009,0.22,2,20,0.59
774.34,30.374605,130.960092,0.24,2,19,0.61
774.4,30.374605,130.960092,0.24,2,19,0.61
774.47,30.374605,130.960092,0.24,2,19,0.61
774.54,30.374605,130.960092,0.24,2,19,0.61
774.6,30.374605,130.960092,0.24,2,19,0.61
774.67,30.374605,130.960092,0.24,2,19,0.61
774.74,30.374605,130.960092,0.24,2,19,0.61
774.81,30.374605,130.960092,0.24,2,19,0.61
774.88,30.374605,130.960092,0.24,2,19,0.61
774.95,30.374605,130.960092,0.24,2,19,0.61
775.01,30.374605,130.960092,0.24,2,19,0.61
775.08,30.374605,130.960092,0.24,2,19,0.61
775.15,30.374605,130.960092,0.24,2,19,0.61
775.21,30.374605,130.960092,0.24,2,19,0.61
775.28,30.374605,130.960092,0.24,2,19,0.61
775.35,30.374605,130.960088,0.31,2,19,0.61
775.42,30.374605,130.960088,0.31,2,19,0.61
775.49,30.374605,130.960088,0.31,2,19,0.61
775.55,30.374605,130.960088,0.31,2,19,0.61
775.62,30.374605,130.960088,0.31,2,19,0.61
775.69,30.374605,130.960088,0.31,2,19,0.61
775.75,30.374605,130.960088,0.31,2,19,0.61
775.82,30.374605,130.960088,0.31,2,19,0.61
775.89,30.374605,130.960088,0.31,2,19,0.61
775.95,30.374605,130.960088,0.31,2,19,0.61
776.02,30.374605,130.960088,0.31,2,19,0.61
776.09,30.374605,130.960088,0.31,2,19,0.61
776.16,30.374605,130.960088,0.31,2,19,0.61
776.23,30.374605,130.960088,0.31,2,19,0.61
776.3,30.374605,130.960088,0.0,2,19,0.61
776.36,30.374605,130.960088,0.0,2,19,0.61
776.43,30.374605,130.960088,0.0,2,19,0.61
776.5,30.374605,130.960088,0.0,2,19,0.61
776.57,30.374605,130.960088,0.0,2,19,0.61
776.63,30.374605,130.960088,0.0,2,19,0.61
776.7,30.374605,130.960088,0.0,2,19,0.61
776.77,30.374605,130.960088,0.0,2,19,0.61
776.83,30.374605,130.960088,0.0,2,19,0.61
776.9,30.374605,130.960088,0.0,2,19,0.61
776.97,30.374605,130.960088,0.0,2,19,0.61
777.03,30.374605,130.960088,0.0,2,19,0.61
777.1,30.374605,130.960088,0.0,2,19,0.61
777.17,30.374605,130.960088,0.0,2,19,0.61
777.23,30.374605,130.960088,0.0,2,19,0.61
777.3,30.374605,130.960088,0.0,2,18,0.65
777.37,30.374605,130.960088,0.0,2,18,0.65
777.44,30.374605,130.960088,0.0,2,18,0.65
777.5,30.374605,130.960088,0.0,2,18,0.65
777.58,30.374605,130.960088,0.0,2,18,0.65
777.65,30.374605,130.960088,0.0,2,18,0.65
777.71,30.374605,130.960088,0.0,2,18,0.65
777.78,30.374605,130.960088,0.0,2,18,0.65
777.85,30.374605,130.960088,0.0,2,18,0.65
777.92,30.374605,130.960088,0.0,2,18,0.65
777.98,30.374605,130.960088,0.0,2,18,0.65
778.05,30.374605,130.960088,0.0,2,18,0.65
778.12,30.374605,130.960088,0.0,2,18,0.65
778.19,30.374605,130.960088,0.0,2,18,0.65
778.26,30.374605,130.960088,0.0,2,18,0.65
778.33,30.374603,130.960088,0.19,2,19,0.61
778.39,30.374603,130.960088,0.19,2,19,0.61
778.46,30.374603,130.960088,0.19,2,19,0.61
778.53,30.374603,130.960088,0.19,2,19,0.61
778.59,30.374603,130.960088,0.19,2,19,0.61
778.66,30.374603,130.960088,0.19,2,19,0.61
778.73,30.374603,130.960088,0.19,2,19,0.61
778.79,30.374603,130.960088,0.19,2,19,0.61
778.86,30.374603,130.960088,0.19,2,19,0.61
778.93,30.374603,130.960088,0.19,2,19,0.61
779.0,30.374603,130.960088,0.19,2,19,0.61
779.07,30.374603,130.960088,0.19,2,19,0.61
779.14,30.374603,130.960088,0.19,2,19,0.61
779.21,30.374603,130.960088,0.19,2,19,0.61
779.28,30.374603,130.960088,0.19,2,19,0.61
779.35,30.374602,130.960088,0.15,2,18,0.65
779.42,30.374602,130.960088,0.15,2,18,0.65
779.49,30.374602,130.960088,0.15,2,18,0.65
779.56,30.374602,130.960088,0.15,2,18,0.65
779.63,30.374602,130.960088,0.15,2,18,0.65
779.69,30.374602,130.960088,0.15,2,18,0.65
779.76,30.374602,130.960088,0.15,2,18,0.65
779.83,30.374602,130.960088,0.15,2,18,0.65
779.91,30.374602,130.960088,0.15,2,18,0.65
779.97,30.374602,130.960088,0.15,2,18,0.65
780.04,30.374602,130.960088,0.15,2,18,0.65
780.11,30.374602,130.960088,0.15,2,18,0.65
780.18,30.374602,130.960088,0.15,2,18,0.65
780.24,30.374602,130.960088,0.15,2,18,0.65
780.31,30.374602,130.960088,0.15,2,18,0.65
780.38,30.3746,130.960088,0.2,2,18,0.65
780.44,30.3746,130.960088,0.2,2,18,0.65
780.51,30.3746,130.960088,0.2,2,18,0.65
780.58,30.3746,130.960088,0.2,2,18,0.65
780.65,30.3746,130.960088,0.2,2,18,0.65
780.71,30.3746,130.960088,0.2,2,18,0.65
780.78,30.3746,130.960088,0.2,2,18,0.65
780.84,30.3746,130.960088,0.2,2,18,0.65
780.91,30.3746,130.960088,0.2,2,18,0.65
780.98,30.3746,130.960088,0.2,2,18,0.65
781.04,30.3746,130.960088,0.2,2,18,0.65
781.11,30.3746,130.960088,0.2,2,18,0.65
781.18,30.3746,130.960088,0.2,2,18,0.65
781.25,30.3746,130.960088,0.2,2,18,0.65
781.31,30.3746,130.960088,0.0,2,18,0.64
781.38,30.3746,130.960088,0.0,2,18,0.64
781.45,30.3746,130.960088,0.0,2,18,0.64
781.52,30.3746,130.960088,0.0,2,18,0.64
781.59,30.3746,130.960088,0.0,2,18,0.64
781.66,30.3746,130.960088,0.0,2,18,0.64
781.73,30.3746,130.960088,0.0,2,18,0.64
781.79,30.3746,130.960088,0.0,2,18,0.64
781.86,30.3746,130.960088,0.0,2,18,0.64
781.93,30.3746,130.960088,0.0,2,18,0.64
782.0,30.3746,130.960088,0.0,2,18,0.64
782.06,30.3746,130.960088,0.0,2,18,0.64
782.13,30.3746,130.960088,0.0,2,18,0.64
782.2,30.3746,130.960088,0.0,2,18,0.64
782.26,30.3746,130.960087,0.17,2,19,0.63
782.33,30.3746,130.960087,0.17,2,19,0.63
782.4,30.3746,130.960087,0.17,2,19,0.63
782.46,30.3746,130.960087,0.17,2,19,0.63
782.53,30.3746,130.960087,0.17,2,19,0.63
782.6,30.3746,130.960087,0.17,2,19,0.63
782.67,30.3746,130.960087,0.17,2,19,0.63
782.73,30.3746,130.960087,0.17,2,19,0.63
782.8,30.3746,130.960087,0.17,2,19,0.63
782.87,30.3746,130.960087,0.17,2,19,0.63
782.93,30.3746,130.960087,0.17,2,19,0.63
783.0,30.3746,130.960087,0.17,2,19,0.63
783.07,30.3746,130.960087,0.17,2,19,0.63
783.14,30.3746,130.960087,0.17,2,19,0.63
783.21,30.3746,130.960087,0.17,2,19,0.63
783.28,30.3746,130.960087,0.17,2,19,0.63
783.35,30.3746,130.960083,0.32,2,18,0.64
783.42,30.3746,130.960083,0.32,2,18,0.64
783.5,30.3746,130.960083,0.32,2,18,0.64
783.57,30.3746,130.960083,0.32,2,18,0.64
783.63,30.3746,130.960083,0.32,2,18,0.64
783.7,30.3746,130.960083,0.32,2,18,0.64
783.77,30.3746,130.960083,0.32,2,18,0.64
783.84,30.3746,130.960083,0.32,2,18,0.64
783.91,30.3746,130.960083,0.32,2,18,0.64
783.98,30.3746,130.960083,0.32,2,18,0.64
784.05,30.3746,130.960083,0.32,2,18,0.64
784.12,30.3746,130.960083,0.32,2,18,0.64
784.19,30.3746,130.960083,0.32,2,18,0.64
784.26,30.3746,130.960083,0.32,2,18,0.64
784.33,30.3746,130.960083,0.0,2,18,0.66
784.4,30.3746,130.960083,0.0,2,18,0.66
784.46,30.3746,130.960083,0.0,2,18,0.66
784.53,30.3746,130.960083,0.0,2,18,0.66
784.6,30.3746,130.960083,0.0,2,18,0.66
784.67,30.3746,130.960083,0.0,2,18,0.66
784.74,30.3746,130.960083,0.0,2,18,0.66
784.81,30.3746,130.960083,0.0,2,18,0.66
784.88,30.3746,130.960083,0.0,2,18,0.66
784.95,30.3746,130.960083,0.0,2,18,0.66
785.01,30.3746,130.960083,0.0,2,18,0.66
785.08,30.3746,130.960083,0.0,2,18,0.66
785.16,30.3746,130.960083,0.0,2,18,0.66
785.22,30.3746,130.960083,0.0,2,18,0.66
785.29,30.3746,130.960087,0.31,2,16,0.7
785.36,30.3746,130.960087,0.31,2,16,0.7
785.44,30.3746,130.960087,0.31,2,16,0.7
785.51,30.3746,130.960087,0.31,2,16,0.7
785.57,30.3746,130.960087,0.31,2,16,0.7
785.64,30.3746,130.960087,0.31,2,16,0.7
785.71,30.3746,130.960087,0.31,2,16,0.7
785.77,30.3746,130.960087,0.31,2,16,0.7
785.84,30.3746,130.960087,0.31,2,16,0.7
785.91,30.3746,130.960087,0.31,2,16,0.7
785.98,30.3746,130.960087,0.31,2,16,0.7
786.04,30.3746,130.960087,0.31,2,16,0.7
786.11,30.3746,130.960087,0.31,2,16,0.7
786.18,30.3746,130.960087,0.31,2,16,0.7
786.25,30.3746,130.960087,0.31,2,16,0.7
786.32,30.3746,130.960087,0.31,2,16,0.7
786.39,30.3746,130.960083,0.33,2,17,0.66
786.46,30.3746,130.960083,0.33,2,17,0.66
786.52,30.3746,130.960083,0.33,2,17,0.66
786.59,30.3746,130.960083,0.33,2,17,0.66
786.66,30.3746,130.960083,0.33,2,17,0.66
786.73,30.3746,130.960083,0.33,2,17,0.66
786.8,30.3746,130.960083,0.33,2,17,0.66
786.87,30.3746,130.960083,0.33,2,17,0.66
786.94,30.3746,130.960083,0.33,2,17,0.66
787.01,30.3746,130.960083,0.33,2,17,0.66
787.07,30.3746,130.960083,0.33,2,17,0.66
787.14,30.3746,130.960083,0.33,2,17,0.66
787.21,30.3746,130.960083,0.33,2,17,0.66
787.28,30.3746,130.960083,0.0,2,17,0.66
787.35,30.3746,130.960083,0.0,2,17,0.66
787.42,30.3746,130.960083,0.0,2,17,0.66
787.48,30.3746,130.960083,0.0,2,17,0.66
787.55,30.3746,130.960083,0.0,2,17,0.66
787.62,30.3746,130.960083,0.0,2,17,0.66
787.68,30.3746,130.960083,0.0,2,17,0.66
787.75,30.3746,130.960083,0.0,2,17,0.66
787.82,30.3746,130.960083,0.0,2,17,0.66
787.88,30.3746,130.960083,0.0,2,17,0.66
787.95,30.3746,130.960083,0.0,2,17,0.66
788.02,30.3746,130.960083,0.0,2,17,0.66
788.08,30.3746,130.960083,0.0,2,17,0.66
788.15,30.3746,130.960083,0.0,2,17,0.66
788.22,30.3746,130.960083,0.0,2,17,0.66
788.28,30.3746,130.960083,0.0,2,17,0.66
788.35,30.3746,130.960083,0.0,2,17,0.66
788.42,30.3746,130.960083,0.0,2,17,0.66
788.48,30.3746,130.960083,0.0,2,17,0.66
788.55,30.3746,130.960083,0.0,2,17,0.66
788.61,30.3746,130.960083,0.0,2,17,0.66
788.68,30.3746,130.960083,0.0,2,17,0.66
788.75,30.3746,130.960083,0.0,2,17,0.66
788.82,30.3746,130.960083,0.0,2,17,0.66
788.89,30.3746,130.960083,0.0,2,17,0.66
788.95,30.3746,130.960083,0.0,2,17,0.66
789.02,30.3746,130.960083,0.0,2,17,0.66
789.09,30.3746,130.960083,0.0,2,17,0.66
789.16,30.3746,130.960083,0.0,2,17,0.66
789.23,30.3746,130.960083,0.0,2,17,0.66
789.29,30.3746,130.960085,0.17,2,19,0.62
789.36,30.3746,130.960085,0.17,2,19,0.62
789.42,30.3746,130.960085,0.17,2,19,0.62
789.49,30.3746,130.960085,0.17,2,19,0.62
789.56,30.3746,130.960085,0.17,2,19,0.62
789.63,30.3746,130.960085,0.17,2,19,0.62
789.69,30.3746,130.960085,0.17,2,19,0.62
789.76,30.3746,130.960085,0.17,2,19,0.62
789.83,30.3746,130.960085,0.17,2,19,0.62
789.89,30.3746,130.960085,0.17,2,19,0.62
789.96,30.3746,130.960085,0.17,2,19,0.62
790.03,30.3746,130.960085,0.17,2,19,0.62
790.1,30.3746,130.960085,0.17,2,19,0.62
790.17,30.3746,130.960085,0.17,2,19,0.62
790.24,30.3746,130.960085,0.17,2,19,0.62
790.3,30.3746,130.960085,0.17,2,19,0.62
790.37,30.3746,130.960083,0.16,2,17,0.66
790.43,30.3746,130.960083,0.16,2,17,0.66
790.5,30.3746,130.960083,0.16,2,17,0.66
790.57,30.3746,130.960083,0.16,2,17,0.66
790.64,30.3746,130.960083,0.16,2,17,0.66
790.71,30.3746,130.960083,0.16,2,17,0.66
790.78,30.3746,130.960083,0.16,2,17,0.66
790.86,30.3746,130.960083,0.16,2,17,0.66
790.92,30.3746,130.960083,0.16,2,17,0.66
790.99,30.3746,130.960083,0.16,2,17,0.66
791.06,30.3746,130.960083,0.16,2,17,0.66
791.13,30.3746,130.960083,0.16,2,17,0.66
791.2,30.3746,130.960083,0.16,2,17,0.66
791.27,30.3746,130.960083,0.16,2,17,0.66
791.34,30.3746,130.960085,0.16,2,19,0.62
791.41,30.3746,130.960085,0.16,2,19,0.62
791.48,30.3746,130.960085,0.16,2,19,0.62
791.54,30.3746,130.960085,0.16,2,19,0.62
791.61,30.3746,130.960085,0.16,2,19,0.62
791.68,30.3746,130.960085,0.16,2,19,0.62
791.75,30.3746,130.960085,0.16,2,19,0.62
791.82,30.3746,130.960085,0.16,2,19,0.62
791.89,30.3746,130.960085,0.16,2,19,0.62
791.96,30.3746,130.960085,0.16,2,19,0.62
792.03,30.3746,130.960085,0.16,2,19,0.62
792.1,30.3746,130.960085,0.16,2,19,0.62
792.17,30.3746,130.960085,0.16,2,19,0.62
792.24,30.3746,130.960087,0.17,2,19,0.62
792.31,30.3746,130.960087,0.17,2,19,0.62
792.38,30.3746,130.960087,0.17,2,19,0.62
792.45,30.3746,130.960087,0.17,2,19,0.62
792.52,30.3746,130.960087,0.17,2,19,0.62
792.59,30.3746,130.960087,0.17,2,19,0.62
792.65,30.3746,130.960087,0.17,2,19,0.62
792.72,30.3746,130.960087,0.17,2,19,0.62
792.78,30.3746,130.960087,0.17,2,19,0.62
792.85,30.3746,130.960087,0.17,2,19,0.62
792.92,30.3746,130.960087,0.17,2,19,0.62
792.99,30.3746,130.960087,0.17,2,19,0.62
793.05,30.3746,130.960087,0.17,2,19,0.62
793.12,30.3746,130.960087,0.17,2,19,0.62
793.19,30.3746,130.960087,0.17,2,19,0.62
793.26,30.3746,130.960088,0.17,2,19,0.62
793.34,30.3746,130.960088,0.17,2,19,0.62
793.41,30.3746,130.960088,0.17,2,19,0.62
793.48,30.3746,130.960088,0.17,2,19,0.62
793.55,30.3746,130.960088,0.17,2,19,0.62
793.62,30.3746,130.960088,0.17,2,19,0.62
793.68,30.3746,130.960088,0.17,2,19,0.62
793.75,30.3746,130.960088,0.17,2,19,0.62
793.82,30.3746,130.960088,0.17,2,19,0.62
793.89,30.3746,130.960088,0.17,2,19,0.62
793.95,30.3746,130.960088,0.17,2,19,0.62
794.02,30.3746,130.960088,0.17,2,19,0.62
794.09,30.3746,130.960088,0.17,2,19,0.62
794.17,30.3746,130.960088,0.17,2,19,0.62
794.23,30.3746,130.960088,0.17,2,19,0.62
794.31,30.374598,130.960088,0.19,2,19,0.62
794.38,30.374598,130.960088,0.19,2,19,0.62
794.45,30.374598,130.960088,0.19,2,19,0.62
794.51,30.374598,130.960088,0.19,2,19,0.62
794.58,30.374598,130.960088,0.19,2,19,0.62
794.65,30.374598,130.960088,0.19,2,19,0.62
794.72,30.374598,130.960088,0.19,2,19,0.62
794.78,30.374598,130.960088,0.19,2,19,0.62
794.85,30.374598,130.960088,0.19,2,19,0.62
794.91,30.374598,130.960088,0.19,2,19,0.62
794.98,30.374598,130.960088,0.19,2,19,0.62
795.05,30.374598,130.960088,0.19,2,19,0.62
795.12,30.374598,130.960088,0.19,2,19,0.62
795.19,30.374598,130.960088,0.19,2,19,0.62
795.26,30.374598,130.960088,0.19,2,19,0.62
795.33,30.374598,130.96009,0.18,2,20,0.58
795.39,30.374598,130.96009,0.18,2,20,0.58
795.46,30.374598,130.96009,0.18,2,20,0.58
795.53,30.374598,130.96009,0.18,2,20,0.58
795.6,30.374598,130.96009,0.18,2,20,0.58
795.67,30.374598,130.96009,0.18,2,20,0.58
795.73,30.374598,130.96009,0.18,2,20,0.58
795.8,30.374598,130.96009,0.18,2,20,0.58
795.87,30.374598,130.96009,0.18,2,20,0.58
795.93,30.374598,130.96009,0.18,2,20,0.58
796.0,30.374598,130.96009,0.18,2,20,0.58
796.07,30.374598,130.96009,0.18,2,20,0.58
796.14,30.374598,130.96009,0.18,2,20,0.58
796.21,30.374598,130.96009,0.18,2,20,0.58
796.28,30.374598,130.96009,0.0,2,19,0.6
796.35,30.374598,130.96009,0.0,2,19,0.6
796.42,30.374598,130.96009,0.0,2,19,0.6
796.49,30.374598,130.96009,0.0,2,19,0.6
796.55,30.374598,130.96009,0.0,2,19,0.6
796.62,30.374598,130.96009,0.0,2,19,0.6
796.69,30.374598,130.96009,0.0,2,19,0.6
796.76,30.374598,130.96009,0.0,2,19,0.6
796.83,30.374598,130.96009,0.0,2,19,0.6
796.89,30.374598,130.96009,0.0,2,19,0.6
796.96,30.374598,130.96009,0.0,2,19,0.6
797.03,30.374598,130.96009,0.0,2,19,0.6
797.1,30.374598,130.96009,0.0,2,19,0.6
797.17,30.374598,130.96009,0.0,2,19,0.6
797.24,30.374598,130.96009,0.0,2,19,0.6
797.31,30.374598,130.96009,0.0,2,19,0.6
797.38,30.3746,130.960092,0.25,2,19,0.62
797.45,30.3746,130.960092,0.25,2,19,0.62
797.52,30.3746,130.960092,0.25,2,19,0.62
797.58,30.3746,130.960092,0.25,2,19,0.62
797.65,30.3746,130.960092,0.25,2,19,0.62
797.72,30.3746,130.960092,0.25,2,19,0.62
797.78,30.3746,130.960092,0.25,2,19,0.62
797.85,30.3746,130.960092,0.25,2,19,0.62
797.92,30.3746,130.960092,0.25,2,19,0.62
797.98,30.3746,130.960092,0.25,2,19,0.62
798.05,30.3746,130.960092,0.25,2,19,0.62
798.12,30.3746,130.960092,0.25,2,19,0.62
798.19,30.3746,130.960092,0.25,2,19,0.62
798.25,30.3746,130.960092,0.25,2,19,0.62
798.32,30.3746,130.960092,0.0,2,19,0.62
798.39,30.3746,130.960092,0.0,2,19,0.62
798.45,30.3746,130.960092,0.0,2,19,0.62
798.52,30.3746,130.960092,0.0,2,19,0.62
798.59,30.3746,130.960092,0.0,2,19,0.62
798.66,30.3746,130.960092,0.0,2,19,0.62
798.73,30.3746,130.960092,0.0,2,19,0.62
798.79,30.3746,130.960092,0.0,2,19,0.62
798.86,30.3746,130.960092,0.0,2,19,0.62
798.93,30.3746,130.960092,0.0,2,19,0.62
799.0,30.3746,130.960092,0.0,2,19,0.62
799.07,30.3746,130.960092,0.0,2,19,0.62
799.14,30.3746,130.960092,0.0,2,19,0.62
799.2,30.3746,130.960092,0.0,2,19,0.62
799.27,30.374602,130.960092,0.2,2,18,0.64
799.34,30.374602,130.960092,0.2,2,18,0.64
799.4,30.374602,130.960092,0.2,2,18,0.64
799.47,30.374602,130.960092,0.2,2,18,0.64
799.54,30.374602,130.960092,0.2,2,18,0.64
799.6,30.374602,130.960092,0.2,2,18,0.64
799.67,30.374602,130.960092,0.2,2,18,0.64
799.74,30.374602,130.960092,0.2,2,18,0.64
799.81,30.374602,130.960092,0.2,2,18,0.64
799.88,30.374602,130.960092,0.2,2,18,0.64
799.95,30.374602,130.960092,0.2,2,18,0.64
800.02,30.374602,130.960092,0.2,2,18,0.64
800.1,30.374602,130.960092,0.2,2,18,0.64
800.17,30.374602,130.960092,0.2,2,18,0.64
800.24,30.374602,130.960092,0.2,2,18,0.64
800.3,30.374602,130.960092,0.2,2,18,0.64
800.37,30.374602,130.960092,0.0,2,18,0.64
800.44,30.374602,130.960092,0.0,2,18,0.64
800.51,30.374602,130.960092,0.0,2,18,0.64
800.58,30.374602,130.960092,0.0,2,18,0.64
800.64,30.374602,130.960092,0.0,2,18,0.64
800.71,30.374602,130.960092,0.0,2,18,0.64
800.77,30.374602,130.960092,0.0,2,18,0.64
800.84,30.374602,130.960092,0.0,2,18,0.64
800.91,30.374602,130.960092,0.0,2,18,0.64
800.97,30.374602,130.960092,0.0,2,18,0.64
801.04,30.374602,130.960092,0.0,2,18,0.64
801.11,30.374602,130.960092,0.0,2,18,0.64
801.18,30.374602,130.960092,0.0,2,18,0.64
801.25,30.374602,130.960092,0.0,2,18,0.64
801.31,30.374602,130.960092,0.0,2,18,0.64
801.38,30.374602,130.960092,0.0,2,19,0.62
801.45,30.374602,130.960092,0.0,2,19,0.62
801.51,30.374602,130.960092,0.0,2,19,0.62
801.58,30.374602,130.960092,0.0,2,19,0.62
801.65,30.374602,130.960092,0.0,2,19,0.62
801.71,30.374602,130.960092,0.0,2,19,0.62
801.78,30.374602,130.960092,0.0,2,19,0.62
801.85,30.374602,130.960092,0.0,2,19,0.62
801.92,30.374602,130.960092,0.0,2,19,0.62
801.99,30.374602,130.960092,0.0,2,19,0.62
802.05,30.374602,130.960092,0.0,2,19,0.62
802.12,30.374602,130.960092,0.0,2,19,0.62
802.19,30.374602,130.960092,0.0,2,19,0.62
802.25,30.374602,130.960092,0.0,2,19,0.62
802.32,30.3746,130.960093,0.22,2,18,0.64
802.39,30.3746,130.960093,0.22,2,18,0.64
802.45,30.3746,130.960093,0.22,2,18,0.64
802.52,30.3746,130.960093,0.22,2,18,0.64
802.59,30.3746,130.960093,0.22,2,18,0.64
802.66,30.3746,130.960093,0.22,2,18,0.64
802.73,30.3746,130.960093,0.22,2,18,0.64
802.8,30.3746,130.960093,0.22,2,18,0.64
802.87,30.3746,130.960093,0.22,2,18,0.64
802.93,30.3746,130.960093,0.22,2,18,0.64
803.0,30.3746,130.960093,0.22,2,18,0.64
803.07,30.3746,130.960093,0.22,2,18,0.64
803.14,30.3746,130.960093,0.22,2,18,0.64
803.21,30.3746,130.960093,0.22,2,18,0.64
803.28,30.3746,130.960093,0.22,2,18,0.64
803.35,30.374598,130.960093,0.2,2,18,0.64
803.41,30.374598,130.960093,0.2,2,18,0.64
803.48,30.374598,130.960093,0.2,2,18,0.64
803.55,30.374598,130.960093,0.2,2,18,0.64
803.61,30.374598,130.960093,0.2,2,18,0.64
803.68,30.374598,130.960093,0.2,2,18,0.64
803.75,30.374598,130.960093,0.2,2,18,0.64
803.81,30.374598,130.960093,0.2,2,18,0.64
803.88,30.374598,130.960093,0.2,2,18,0.64
803.95,30.374598,130.960093,0.2,2,18,0.64
804.02,30.374598,130.960093,0.2,2,18,0.64
804.09,30.374598,130.960093,0.2,2,18,0.64
804.16,30.374598,130.960093,0.2,2,18,0.64
804.22,30.374598,130.960093,0.2,2,18,0.64
804.29,30.374598,130.960095,0.19,2,18,0.64
804.36,30.374598,130.960095,0.19,2,18,0.64
804.43,30.374598,130.960095,0.19,2,18,0.64
804.5,30.374598,130.960095,0.19,2,18,0.64
804.56,30.374598,130.960095,0.19,2,18,0.64
804.63,30.374598,130.960095,0.19,2,18,0.64
804.69,30.374598,130.960095,0.19,2,18,0.64
804.76,30.374598,130.960095,0.19,2,18,0.64
804.83,30.374598,130.960095,0.19,2,18,0.64
804.9,30.374598,130.960095,0.19,2,18,0.64
804.97,30.374598,130.960095,0.19,2,18,0.64
805.04,30.374598,130.960095,0.19,2,18,0.64
805.1,30.374598,130.960095,0.19,2,18,0.64
805.17,30.374598,130.960095,0.19,2,18,0.64
805.24,30.374598,130.960095,0.19,2,18,0.64
805.31,30.374597,130.960095,0.2,2,19,0.6
805.38,30.374597,130.960095,0.2,2,19,0.6
805.45,30.374597,130.960095,0.2,2,19,0.6
805.52,30.374597,130.960095,0.2,2,19,0.6
805.59,30.374597,130.960095,0.2,2,19,0.6
805.66,30.374597,130.960095,0.2,2,19,0.6
805.73,30.374597,130.960095,0.2,2,19,0.6
805.8,30.374597,130.960095,0.2,2,19,0.6
805.87,30.374597,130.960095,0.2,2,19,0.6
805.93,30.374597,130.960095,0.2,2,19,0.6
806.0,30.374597,130.960095,0.2,2,19,0.6
806.07,30.374597,130.960095,0.2,2,19,0.6
806.13,30.374597,130.960095,0.2,2,19,0.6
806.2,30.374597,130.960095,0.2,2,19,0.6
806.27,30.374597,130.960095,0.0,2,20,0.58
806.34,30.374597,130.960095,0.0,2,20,0.58
806.41,30.374597,130.960095,0.0,2,20,0.58
806.47,30.374597,130.960095,0.0,2,20,0.58
806.54,30.374597,130.960095,0.0,2,20,0.58
806.61,30.374597,130.960095,0.0,2,20,0.58
806.68,30.374597,130.960095,0.0,2,20,0.58
806.75,30.374597,130.960095,0.0,2,20,0.58
806.82,30.374597,130.960095,0.0,2,20,0.58
806.89,30.374597,130.960095,0.0,2,20,0.58
806.96,30.374597,130.960095,0.0,2,20,0.58
807.03,30.374597,130.960095,0.0,2,20,0.58
807.1,30.374597,130.960095,0.0,2,20,0.58
807.17,30.374597,130.960095,0.0,2,20,0.58
807.23,30.374597,130.960095,0.0,2,20,0.58
807.3,30.374597,130.960095,0.0,2,19,0.6
807.36,30.374597,130.960095,0.0,2,19,0.6
807.43,30.374597,130.960095,0.0,2,19,0.6
807.5,30.374597,130.960095,0.0,2,19,0.6
807.56,30.374597,130.960095,0.0,2,19,0.6
807.63,30.374597,130.960095,0.0,2,19,0.6
807.7,30.374597,130.960095,0.0,2,19,0.6
807.76,30.374597,130.960095,0.0,2,19,0.6
807.83,30.374597,130.960095,0.0,2,19,0.6
807.9,30.374597,130.960095,0.0,2,19,0.6
807.97,30.374597,130.960095,0.0,2,19,0.6
808.04,30.374597,130.960095,0.0,2,19,0.6
808.1,30.374597,130.960095,0.0,2,19,0.6
808.18,30.374597,130.960095,0.0,2,19,0.6
808.25,30.374597,130.960095,0.0,2,19,0.6
808.32,30.374597,130.960095,0.0,2,19,0.6
808.38,30.374597,130.960095,0.0,2,20,0.58
808.46,30.374597,130.960095,0.0,2,20,0.58
808.52,30.374597,130.960095,0.0,2,20,0.58
808.59,30.374597,130.960095,0.0,2,20,0.58
808.66,30.374597,130.960095,0.0,2,20,0.58
808.73,30.374597,130.960095,0.0,2,20,0.58
808.8,30.374597,130.960095,0.0,2,20,0.58
808.87,30.374597,130.960095,0.0,2,20,0.58
808.94,30.374597,130.960095,0.0,2,20,0.58
809.01,30.374597,130.960095,0.0,2,20,0.58
809.07,30.374597,130.960095,0.0,2,20,0.58
809.14,30.374597,130.960095,0.0,2,20,0.58
809.21,30.374597,130.960095,0.0,2,20,0.58
809.27,30.374597,130.960095,0.0,2,20,0.58
809.34,30.374595,130.960093,0.22,2,20,0.58
809.41,30.374595,130.960093,0.22,2,20,0.58
809.47,30.374595,130.960093,0.22,2,20,0.58
809.54,30.374595,130.960093,0.22,2,20,0.58
809.61,30.374595,130.960093,0.22,2,20,0.58
809.68,30.374595,130.960093,0.22,2,20,0.58
809.74,30.374595,130.960093,0.22,2,20,0.58
809.81,30.374595,130.960093,0.22,2,20,0.58
809.88,30.374595,130.960093,0.22,2,20,0.58
809.95,30.374595,130.960093,0.22,2,20,0.58
810.02,30.374595,130.960093,0.22,2,20,0.58
810.09,30.374595,130.960093,0.22,2,20,0.58
810.15,30.374595,130.960093,0.22,2,20,0.58
810.22,30.374595,130.960093,0.22,2,20,0.58
810.29,30.374593,130.960093,0.2,2,19,0.6
810.35,30.374593,130.960093,0.2,2,19,0.6
810.42,30.374593,130.960093,0.2,2,19,0.6
810.49,30.374593,130.960093,0.2,2,19,0.6
810.56,30.374593,130.960093,0.2,2,19,0.6
810.63,30.374593,130.960093,0.2,2,19,0.6
810.69,30.374593,130.960093,0.2,2,19,0.6
810.76,30.374593,130.960093,0.2,2,19,0.6
810.83,30.374593,130.960093,0.2,2,19,0.6
810.9,30.374593,130.960093,0.2,2,19,0.6
810.96,30.374593,130.960093,0.2,2,19,0.6
811.03,30.374593,130.960093,0.2,2,19,0.6
811.09,30.374593,130.960093,0.2,2,19,0.6
811.16,30.374593,130.960093,0.2,2,19,0.6
811.23,30.374593,130.960093,0.2,2,19,0.6
811.29,30.37459,130.960092,0.42,2,19,0.6
811.36,30.37459,130.960092,0.42,2,19,0.6
811.44,30.37459,130.960092,0.42,2,19,0.6
811.5,30.37459,130.960092,0.42,2,19,0.6
811.57,30.37459,130.960092,0.42,2,19,0.6
811.64,30.37459,130.960092,0.42,2,19,0.6
811.71,30.37459,130.960092,0.42,2,19,0.6
811.78,30.37459,130.960092,0.42,2,19,0.6
811.85,30.37459,130.960092,0.42,2,19,0.6
811.92,30.37459,130.960092,0.42,2,19,0.6
811.99,30.37459,130.960092,0.42,2,19,0.6
812.06,30.37459,130.960092,0.42,2,19,0.6
812.12,30.37459,130.960092,0.42,2,19,0.6
812.19,30.37459,130.960092,0.42,2,19,0.6
812.26,30.37459,130.960092,0.42,2,19,0.6
812.33,30.37459,130.96009,0.16,2,19,0.6
812.4,30.37459,130.96009,0.16,2,19,0.6
812.47,30.37459,130.96009,0.16,2,19,0.6
812.54,30.37459,130.96009,0.16,2,19,0.6
812.61,30.37459,130.96009,0.16,2,19,0.6
812.68,30.37459,130.96009,0.16,2,19,0.6
812.75,30.37459,130.96009,0.16,2,19,0.6
812.81,30.37459,130.96009,0.16,2,19,0.6
812.88,30.37459,130.96009,0.16,2,19,0.6
812.95,30.37459,130.96009,0.16,2,19,0.6
813.02,30.37459,130.96009,0.16,2,19,0.6
813.09,30.37459,130.96009,0.16,2,19,0.6
813.16,30.37459,130.96009,0.16,2,19,0.6
813.22,30.37459,130.96009,0.16,2,19,0.6
813.29,30.374588,130.960088,0.22,2,19,0.6
813.36,30.374588,130.960088,0.22,2,19,0.6
813.42,30.374588,130.960088,0.22,2,19,0.6
813.49,30.374588,130.960088,0.22,2,19,0.6
813.56,30.374588,130.960088,0.22,2,19,0.6
813.63,30.374588,130.960088,0.22,2,19,0.6
813.7,30.374588,130.960088,0.22,2,19,0.6
813.76,30.374588,130.960088,0.22,2,19,0.6
813.83,30.374588,130.960088,0.22,2,19,0.6
813.9,30.374588,130.960088,0.22,2,19,0.6
813.97,30.374588,130.960088,0.22,2,19,0.6
814.04,30.374588,130.960088,0.22,2,19,0.6
814.11,30.374588,130.960088,0.22,2,19,0.6
814.18,30.374588,130.960088,0.22,2,19,0.6
814.24,30.374588,130.960088,0.22,2,19,0.6
814.31,30.37459,130.960087,0.24,2,19,0.63
814.38,30.37459,130.960087,0.24,2,19,0.63
814.44,30.37459,130.960087,0.24,2,19,0.63
814.51,30.37459,130.960087,0.24,2,19,0.63
814.58,30.37459,130.960087,0.24,2,19,0.63
814.64,30.37459,130.960087,0.24,2,19,0.63
814.71,30.37459,130.960087,0.24,2,19,0.63
814.78,30.37459,130.960087,0.24,2,19,0.63
814.85,30.37459,130.960087,0.24,2,19,0.63
814.91,30.37459,130.960087,0.24,2,19,0.63
814.99,30.37459,130.960087,0.24,2,19,0.63
815.05,30.37459,130.960087,0.24,2,19,0.63
815.12,30.37459,130.960087,0.24,2,19,0.63
815.19,30.37459,130.960087,0.24,2,19,0.63
815.26,30.37459,130.960087,0.24,2,19,0.63
815.33,30.37459,130.960088,0.17,2,19,0.63
815.4,30.37459,130.960088,0.17,2,19,0.63
815.46,30.37459,130.960088,0.17,2,19,0.63
815.53,30.37459,130.960088,0.17,2,19,0.63
815.6,30.37459,130.960088,0.17,2,19,0.63
815.66,30.37459,130.960088,0.17,2,19,0.63
815.73,30.37459,130.960088,0.17,2,19,0.63
815.8,30.37459,130.960088,0.17,2,19,0.63
815.86,30.37459,130.960088,0.17,2,19,0.63
815.93,30.37459,130.960088,0.17,2,19,0.63
816.0,30.37459,130.960088,0.17,2,19,0.63
816.07,30.37459,130.960088,0.17,2,19,0.63
816.14,30.37459,130.960088,0.17,2,19,0.63
816.2,30.37459,130.960088,0.17,2,19,0.63
816.27,30.37459,130.96009,0.16,2,19,0.63
816.34,30.37459,130.96009,0.16,2,19,0.63
816.41,30.37459,130.96009,0.16,2,19,0.63
816.48,30.37459,130.96009,0.16,2,19,0.63
816.54,30.37459,130.96009,0.16,2,19,0.63
816.61,30.37459,130.96009,0.16,2,19,0.63
816.67,30.37459,130.96009,0.16,2,19,0.63
816.74,30.37459,130.96009,0.16,2,19,0.63
816.81,30.37459,130.96009,0.16,2,19,0.63
816.87,30.37459,130.96009,0.16,2,19,0.63
816.94,30.37459,130.96009,0.16,2,19,0.63
817.01,30.37459,130.96009,0.16,2,19,0.63
817.08,30.37459,130.96009,0.16,2,19,0.63
817.15,30.37459,130.96009,0.16,2,19,0.63
817.21,30.37459,130.96009,0.16,2,19,0.63
817.28,30.374588,130.96009,0.2,2,18,0.64
817.35,30.374588,130.96009,0.2,2,18,0.64
817.42,30.374588,130.96009,0.2,2,18,0.64
817.48,30.374588,130.96009,0.2,2,18,0.64
817.55,30.374588,130.96009,0.2,2,18,0.64
817.62,30.374588,130.96009,0.2,2,18,0.64
817.68,30.374588,130.96009,0.2,2,18,0.64
817.75,30.374588,130.96009,0.2,2,18,0.64
817.82,30.374588,130.96009,0.2,2,18,0.64
817.88,30.374588,130.96009,0.2,2,18,0.64
817.95,30.374588,130.96009,0.2,2,18,0.64
818.02,30.374588,130.96009,0.2,2,18,0.64
818.09,30.374588,130.96009,0.2,2,18,0.64
818.16,30.374588,130.96009,0.2,2,18,0.64
818.22,30.374588,130.96009,0.2,2,18,0.64
818.29,30.374588,130.96009,0.2,2,18,0.64
818.36,30.374588,130.96009,0.0,2,19,0.63
818.43,30.374588,130.96009,0.0,2,19,0.63
818.5,30.374588,130.96009,0.0,2,19,0.63
818.56,30.374588,130.96009,0.0,2,19,0.63
818.63,30.374588,130.96009,0.0,2,19,0.63
818.7,30.374588,130.96009,0.0,2,19,0.63
818.77,30.374588,130.96009,0.0,2,19,0.63
818.83,30.374588,130.96009,0.0,2,19,0.63
818.9,30.374588,130.96009,0.0,2,19,0.63
818.97,30.374588,130.96009,0.0,2,19,0.63
819.04,30.374588,130.96009,0.0,2,19,0.63
819.1,30.374588,130.96009,0.0,2,19,0.63
819.17,30.374588,130.96009,0.0,2,19,0.63
819.24,30.374588,130.96009,0.0,2,19,0.63
819.31,30.374588,130.96009,0.0,2,19,0.63
819.38,30.374588,130.96009,0.0,2,19,0.63
819.45,30.374588,130.96009,0.0,2,19,0.63
819.51,30.374588,130.96009,0.0,2,19,0.63
819.58,30.374588,130.96009,0.0,2,19,0.63
819.65,30.374588,130.96009,0.0,2,19,0.63
819.71,30.374588,130.96009,0.0,2,19,0.63
819.78,30.374588,130.96009,0.0,2,19,0.63
819.85,30.374588,130.96009,0.0,2,19,0.63
819.92,30.374588,130.96009,0.0,2,19,0.63
819.99,30.374588,130.96009,0.0,2,19,0.63
820.06,30.374588,130.96009,0.0,2,19,0.63
820.12,30.374588,130.96009,0.0,2,19,0.63
820.2,30.374588,130.96009,0.0,2,19,0.63
820.27,30.374587,130.96009,0.2,2,20,0.6
820.34,30.374587,130.96009,0.2,2,20,0.6
820.4,30.374587,130.96009,0.2,2,20,0.6
820.47,30.374587,130.96009,0.2,2,20,0.6
820.54,30.374587,130.96009,0.2,2,20,0.6
820.6,30.374587,130.96009,0.2,2,20,0.6
820.67,30.374587,130.96009,0.2,2,20,0.6
820.74,30.374587,130.96009,0.2,2,20,0.6
820.8,30.374587,130.96009,0.2,2,20,0.6
820.87,30.374587,130.96009,0.2,2,20,0.6
820.94,30.374587,130.96009,0.2,2,20,0.6
821.01,30.374587,130.96009,0.2,2,20,0.6
821.08,30.374587,130.96009,0.2,2,20,0.6
821.15,30.374587,130.96009,0.2,2,20,0.6
821.22,30.374587,130.96009,0.2,2,20,0.6
821.28,30.374587,130.96009,0.2,2,20,0.6
821.35,30.374587,130.96009,0.0,2,19,0.63
821.43,30.374587,130.96009,0.0,2,19,0.63
821.49,30.374587,130.96009,0.0,2,19,0.63
821.57,30.374587,130.96009,0.0,2,19,0.63
821.64,30.374587,130.96009,0.0,2,19,0.63
821.71,30.374587,130.96009,0.0,2,19,0.63
821.78,30.374587,130.96009,0.0,2,19,0.63
821.85,30.374587,130.96009,0.0,2,19,0.63
821.91,30.374587,130.96009,0.0,2,19,0.63
821.98,30.374587,130.96009,0.0,2,19,0.63
822.05,30.374587,130.96009,0.0,2,19,0.63
822.11,30.374587,130.96009,0.0,2,19,0.63
822.18,30.374587,130.96009,0.0,2,19,0.63
822.24,30.374587,130.96009,0.0,2,19,0.63
822.31,30.374587,130.96009,0.0,2,19,0.63
822.38,30.374587,130.96009,0.0,2,18,0.63
822.45,30.374587,130.96009,0.0,2,18,0.63
822.52,30.374587,130.96009,0.0,2,18,0.63
822.59,30.374587,130.96009,0.0,2,18,0.63
822.66,30.374587,130.96009,0.0,2,18,0.63
822.73,30.374587,130.96009,0.0,2,18,0.63
822.8,30.374587,130.96009,0.0,2,18,0.63
822.86,30.374587,130.96009,0.0,2,18,0.63
822.93,30.374587,130.96009,0.0,2,18,0.63
822.99,30.374587,130.96009,0.0,2,18,0.63
823.06,30.374587,130.96009,0.0,2,18,0.63
823.13,30.374587,130.96009,0.0,2,18,0.63
823.19,30.374587,130.96009,0.0,2,18,0.63
823.26,30.374585,130.960088,0.24,2,17,0.65
823.32,30.374585,130.960088,0.24,2,17,0.65
823.39,30.374585,130.960088,0.24,2,17,0.65
823.46,30.374585,130.960088,0.24,2,17,0.65
823.53,30.374585,130.960088,0.24,2,17,0.65
823.6,30.374585,130.960088,0.24,2,17,0.65
823.66,30.374585,130.960088,0.24,2,17,0.65
823.73,30.374585,130.960088,0.24,2,17,0.65
823.8,30.374585,130.960088,0.24,2,17,0.65
823.87,30.374585,130.960088,0.24,2,17,0.65
823.94,30.374585,130.960088,0.24,2,17,0.65
824.0,30.374585,130.960088,0.24,2,17,0.65
824.07,30.374585,130.960088,0.24,2,17,0.65
824.13,30.374585,130.960088,0.24,2,17,0.65
824.2,30.374583,130.96009,0.29,2,16,0.69
824.27,30.374583,130.96009,0.29,2,16,0.69
824.33,30.374583,130.96009,0.29,2,16,0.69
824.4,30.374583,130.96009,0.29,2,16,0.69
824.46,30.374583,130.96009,0.29,2,16,0.69
824.53,30.374583,130.96009,0.29,2,16,0.69
824.6,30.374583,130.96009,0.29,2,16,0.69
824.66,30.374583,130.96009,0.29,2,16,0.69
824.73,30.374583,130.96009,0.29,2,16,0.69
824.8,30.374583,130.96009,0.29,2,16,0.69
824.87,30.374583,130.96009,0.29,2,16,0.69
824.94,30.374583,130.96009,0.29,2,16,0.69
825.01,30.374583,130.96009,0.29,2,16,0.69
825.07,30.374583,130.96009,0.29,2,16,0.69
825.14,30.374583,130.96009,0.29,2,16,0.69
825.21,30.374583,130.96009,0.29,2,16,0.69
825.27,30.374585,130.960093,0.4,2,18,0.64
825.34,30.374585,130.960093,0.4,2,18,0.64
825.41,30.374585,130.960093,0.4,2,18,0.64
825.47,30.374585,130.960093,0.4,2,18,0.64
825.54,30.374585,130.960093,0.4,2,18,0.64
825.61,30.374585,130.960093,0.4,2,18,0.64
825.68,30.374585,130.960093,0.4,2,18,0.64
825.74,30.374585,130.960093,0.4,2,18,0.64
825.81,30.374585,130.960093,0.4,2,18,0.64
825.88,30.374585,130.960093,0.4,2,18,0.64
825.95,30.374585,130.960093,0.4,2,18,0.64
826.02,30.374585,130.960093,0.4,2,18,0.64
826.09,30.374585,130.960093,0.4,2,18,0.64
826.16,30.374585,130.960093,0.4,2,18,0.64
826.22,30.374585,130.960093,0.4,2,18,0.64
826.29,30.374585,130.960093,0.4,2,18,0.64
826.36,30.374582,130.960092,0.38,2,18,0.64
826.42,30.374582,130.960092,0.38,2,18,0.64
826.49,30.374582,130.960092,0.38,2,18,0.64
826.56,30.374582,130.960092,0.38,2,18,0.64
826.62,30.374582,130.960092,0.38,2,18,0.64
826.7,30.374582,130.960092,0.38,2,18,0.64
826.76,30.374582,130.960092,0.38,2,18,0.64
826.84,30.374582,130.960092,0.38,2,18,0.64
826.9,30.374582,130.960092,0.38,2,18,0.64
826.97,30.374582,130.960092,0.38,2,18,0.64
827.04,30.374582,130.960092,0.38,2,18,0.64
827.11,30.374582,130.960092,0.38,2,18,0.64
827.18,30.374582,130.960092,0.38,2,18,0.64
827.25,30.374585,130.960093,0.38,2,19,0.61
827.31,30.374585,130.960093,0.38,2,19,0.61
827.38,30.374585,130.960093,0.38,2,19,0.61
827.44,30.374585,130.960093,0.38,2,19,0.61
827.51,30.374585,130.960093,0.38,2,19,0.61
827.58,30.374585,130.960093,0.38,2,19,0.61
827.65,30.374585,130.960093,0.38,2,19,0.61
827.72,30.374585,130.960093,0.38,2,19,0.61
827.78,30.374585,130.960093,0.38,2,19,0.61
827.85,30.374585,130.960093,0.38,2,19,0.61
827.92,30.374585,130.960093,0.38,2,19,0.61
827.99,30.374585,130.960093,0.38,2,19,0.61
828.05,30.374585,130.960093,0.38,2,19,0.61
828.13,30.374585,130.960093,0.38,2,19,0.61
828.2,30.374585,130.960093,0.38,2,19,0.61
828.27,30.374583,130.960092,0.29,2,19,0.61
828.34,30.374583,130.960092,0.29,2,19,0.61
828.4,30.374583,130.960092,0.29,2,19,0.61
828.47,30.374583,130.960092,0.29,2,19,0.61
828.54,30.374583,130.960092,0.29,2,19,0.61
828.6,30.374583,130.960092,0.29,2,19,0.61
828.67,30.374583,130.960092,0.29,2,19,0.61
828.74,30.374583,130.960092,0.29,2,19,0.61
828.81,30.374583,130.960092,0.29,2,19,0.61
828.87,30.374583,130.960092,0.29,2,19,0.61
828.94,30.374583,130.960092,0.29,2,19,0.61
829.0,30.374583,130.960092,0.29,2,19,0.61
829.07,30.374583,130.960092,0.29,2,19,0.61
829.14,30.374583,130.960092,0.29,2,19,0.61
829.2,30.374583,130.960092,0.29,2,19,0.61
829.28,30.374583,130.960092,0.0,2,18,0.62
829.34,30.374583,130.960092,0.0,2,18,0.62
829.41,30.374583,130.960092,0.0,2,18,0.62
829.48,30.374583,130.960092,0.0,2,18,0.62
829.55,30.374583,130.960092,0.0,2,18,0.62
829.62,30.374583,130.960092,0.0,2,18,0.62
829.69,30.374583,130.960092,0.0,2,18,0.62
829.75,30.374583,130.960092,0.0,2,18,0.62
829.83,30.374583,130.960092,0.0,2,18,0.62
829.89,30.374583,130.960092,0.0,2,18,0.62
829.96,30.374583,130.960092,0.0,2,18,0.62
830.03,30.374583,130.960092,0.0,2,18,0.62
830.1,30.374583,130.960092,0.0,2,18,0.62
830.17,30.374583,130.960092,0.0,2,18,0.62
830.23,30.374583,130.960092,0.0,2,18,0.62
830.3,30.374585,130.960092,0.18,2,18,0.62
830.37,30.374585,130.960092,0.18,2,18,0.62
830.44,30.374585,130.960092,0.18,2,18,0.62
830.51,30.374585,130.960092,0.18,2,18,0.62
830.58,30.374585,130.960092,0.18,2,18,0.62
830.65,30.374585,130.960092,0.18,2,18,0.62
830.72,30.374585,130.960092,0.18,2,18,0.62
830.79,30.374585,130.960092,0.18,2,18,0.62
830.86,30.374585,130.960092,0.18,2,18,0.62
830.92,30.374585,130.960092,0.18,2,18,0.62
830.99,30.374585,130.960092,0.18,2,18,0.62
831.06,30.374585,130.960092,0.18,2,18,0.62
831.13,30.374585,130.960092,0.18,2,18,0.62
831.2,30.374585,130.960092,0.18,2,18,0.62
831.27,30.374583,130.960093,0.26,2,18,0.62
831.33,30.374583,130.960093,0.26,2,18,0.62
831.4,30.374583,130.960093,0.26,2,18,0.62
831.47,30.374583,130.960093,0.26,2,18,0.62
831.54,30.374583,130.960093,0.26,2,18,0.62
831.61,30.374583,130.960093,0.26,2,18,0.62
831.67,30.374583,130.960093,0.26,2,18,0.62
831.74,30.374583,130.960093,0.26,2,18,0.62
831.81,30.374583,130.960093,0.26,2,18,0.62
831.87,30.374583,130.960093,0.26,2,18,0.62
831.94,30.374583,130.960093,0.26,2,18,0.62
832.01,30.374583,130.960093,0.26,2,18,0.62
832.08,30.374583,130.960093,0.26,2,18,0.62
832.14,30.374583,130.960093,0.26,2,18,0.62
832.21,30.374583,130.960093,0.26,2,18,0.62
832.28,30.374583,130.960093,0.0,2,17,0.63
832.35,30.374583,130.960093,0.0,2,17,0.63
832.41,30.374583,130.960093,0.0,2,17,0.63
832.48,30.374583,130.960093,0.0,2,17,0.63
832.55,30.374583,130.960093,0.0,2,17,0.63
832.63,30.374583,130.960093,0.0,2,17,0.63
832.69,30.374583,130.960093,0.0,2,17,0.63
832.76,30.374583,130.960093,0.0,2,17,0.63
832.83,30.374583,130.960093,0.0,2,17,0.63
832.9,30.374583,130.960093,0.0,2,17,0.63
832.96,30.374583,130.960093,0.0,2,17,0.63
833.03,30.374583,130.960093,0.0,2,17,0.63
833.1,30.374583,130.960093,0.0,2,17,0.63
833.17,30.374583,130.960093,0.0,2,17,0.63
833.23,30.374583,130.960093,0.0,2,17,0.63
833.3,30.374585,130.960093,0.19,2,17,0.63
833.36,30.374585,130.960093,0.19,2,17,0.63
833.43,30.374585,130.960093,0.19,2,17,0.63
833.5,30.374585,130.960093,0.19,2,17,0.63
833.58,30.374585,130.960093,0.19,2,17,0.63
833.64,30.374585,130.960093,0.19,2,17,0.63
833.71,30.374585,130.960093,0.19,2,17,0.63
833.78,30.374585,130.960093,0.19,2,17,0.63
833.85,30.374585,130.960093,0.19,2,17,0.63
833.92,30.374585,130.960093,0.19,2,17,0.63
833.98,30.374585,130.960093,0.19,2,17,0.63
834.06,30.374585,130.960093,0.19,2,17,0.63
834.13,30.374585,130.960093,0.19,2,17,0.63
834.19,30.374585,130.960093,0.19,2,17,0.63
834.26,30.374583,130.960093,0.19,2,17,0.63
834.33,30.374583,130.960093,0.19,2,17,0.63
834.4,30.374583,130.960093,0.19,2,17,0.63
834.47,30.374583,130.960093,0.19,2,17,0.63
834.54,30.374583,130.960093,0.19,2,17,0.63
834.61,30.374583,130.960093,0.19,2,17,0.63
834.67,30.374583,130.960093,0.19,2,17,0.63
834.74,30.374583,130.960093,0.19,2,17,0.63
834.81,30.374583,130.960093,0.19,2,17,0.63
834.88,30.374583,130.960093,0.19,2,17,0.63
834.95,30.374583,130.960093,0.19,2,17,0.63
835.02,30.374583,130.960093,0.19,2,17,0.63
835.08,30.374583,130.960093,0.19,2,17,0.63
835.15,30.374583,130.960093,0.19,2,17,0.63
835.21,30.374583,130.960093,0.19,2,17,0.63
835.28,30.374587,130.960093,0.38,2,18,0.61
835.35,30.374587,130.960093,0.38,2,18,0.61
835.42,30.374587,130.960093,0.38,2,18,0.61
835.49,30.374587,130.960093,0.38,2,18,0.61
835.56,30.374587,130.960093,0.38,2,18,0.61
835.63,30.374587,130.960093,0.38,2,18,0.61
835.7,30.374587,130.960093,0.38,2,18,0.61
835.77,30.374587,130.960093,0.38,2,18,0.61
835.84,30.374587,130.960093,0.38,2,18,0.61
835.91,30.374587,130.960093,0.38,2,18,0.61
835.97,30.374587,130.960093,0.38,2,18,0.61
836.04,30.374587,130.960093,0.38,2,18,0.61
836.11,30.374587,130.960093,0.38,2,18,0.61
836.18,30.374587,130.960093,0.38,2,18,0.61
836.24,30.374587,130.960093,0.38,2,18,0.61
836.31,30.374585,130.960093,0.16,2,18,0.61
836.38,30.374585,130.960093,0.16,2,18,0.61
836.44,30.374585,130.960093,0.16,2,18,0.61
836.51,30.374585,130.960093,0.16,2,18,0.61
836.58,30.374585,130.960093,0.16,2,18,0.61
836.64,30.374585,130.960093,0.16,2,18,0.61
836.71,30.374585,130.960093,0.16,2,18,0.61
836.78,30.374585,130.960093,0.16,2,18,0.61
836.84,30.374585,130.960093,0.16,2,18,0.61
836.91,30.374585,130.960093,0.16,2,18,0.61
836.98,30.374585,130.960093,0.16,2,18,0.61
837.05,30.374585,130.960093,0.16,2,18,0.61
837.12,30.374585,130.960093,0.16,2,18,0.61
837.19,30.374585,130.960093,0.16,2,18,0.61
837.26,30.374583,130.960092,0.25,2,20,0.57
837.32,30.374583,130.960092,0.25,2,20,0.57
837.39,30.374583,130.960092,0.25,2,20,0.57
837.46,30.374583,130.960092,0.25,2,20,0.57
837.53,30.374583,130.960092,0.25,2,20,0.57
837.6,30.374583,130.960092,0.25,2,20,0.57
837.67,30.374583,130.960092,0.25,2,20,0.57
837.74,30.374583,130.960092,0.25,2,20,0.57
837.81,30.374583,130.960092,0.25,2,20,0.57
837.88,30.374583,130.960092,0.25,2,20,0.57
837.95,30.374583,130.960092,0.25,2,20,0.57
838.02,30.374583,130.960092,0.25,2,20,0.57
838.08,30.374583,130.960092,0.25,2,20,0.57
838.15,30.374583,130.960092,0.25,2,20,0.57
838.22,30.374583,130.960092,0.25,2,20,0.57
838.29,30.374583,130.960092,0.0,2,20,0.57
838.36,30.374583,130.960092,0.0,2,20,0.57
838.43,30.374583,130.960092,0.0,2,20,0.57
838.49,30.374583,130.960092,0.0,2,20,0.57
838.56,30.374583,130.960092,0.0,2,20,0.57
838.63,30.374583,130.960092,0.0,2,20,0.57
838.7,30.374583,130.960092,0.0,2,20,0.57
838.77,30.374583,130.960092,0.0,2,20,0.57
838.83,30.374583,130.960092,0.0,2,20,0.57
838.9,30.374583,130.960092,0.0,2,20,0.57
838.96,30.374583,130.960092,0.0,2,20,0.57
839.03,30.374583,130.960092,0.0,2,20,0.57
839.1,30.374583,130.960092,0.0,2,20,0.57
839.17,30.374583,130.960092,0.0,2,20,0.57
839.23,30.374583,130.960092,0.0,2,20,0.57
839.3,30.374585,130.960092,0.19,2,20,0.57
839.38,30.374585,130.960092,0.19,2,20,0.57
839.44,30.374585,130.960092,0.19,2,20,0.57
839.51,30.374585,130.960092,0.19,2,20,0.57
839.58,30.374585,130.960092,0.19,2,20,0.57
839.65,30.374585,130.960092,0.19,2,20,0.57
839.72,30.374585,130.960092,0.19,2,20,0.57
839.79,30.374585,130.960092,0.19,2,20,0.57
839.86,30.374585,130.960092,0.19,2,20,0.57
839.92,30.374585,130.960092,0.19,2,20,0.57
839.99,30.374585,130.960092,0.19,2,20,0.57
840.06,30.374585,130.960092,0.19,2,20,0.57
840.13,30.374585,130.960092,0.19,2,20,0.57
840.2,30.374585,130.960092,0.19,2,20,0.57
840.27,30.374585,130.960092,0.0,2,19,0.59
840.34,30.374585,130.960092,0.0,2,19,0.59
840.41,30.374585,130.960092,0.0,2,19,0.59
840.47,30.374585,130.960092,0.0,2,19,0.59
840.54,30.374585,130.960092,0.0,2,19,0.59
840.61,30.374585,130.960092,0.0,2,19,0.59
840.68,30.374585,130.960092,0.0,2,19,0.59
840.74,30.374585,130.960092,0.0,2,19,0.59
840.82,30.374585,130.960092,0.0,2,19,0.59
840.89,30.374585,130.960092,0.0,2,19,0.59
840.95,30.374585,130.960092,0.0,2,19,0.59
841.02,30.374585,130.960092,0.0,2,19,0.59
841.09,30.374585,130.960092,0.0,2,19,0.59
841.16,30.374585,130.960092,0.0,2,19,0.59
841.23,30.374585,130.960092,0.0,2,19,0.59
841.3,30.374585,130.960093,0.18,2,20,0.56
841.36,30.374585,130.960093,0.18,2,20,0.56
841.43,30.374585,130.960093,0.18,2,20,0.56
841.5,30.374585,130.960093,0.18,2,20,0.56
841.56,30.374585,130.960093,0.18,2,20,0.56
841.63,30.374585,130.960093,0.18,2,20,0.56
841.71,30.374585,130.960093,0.18,2,20,0.56
841.78,30.374585,130.960093,0.18,2,20,0.56
841.84,30.374585,130.960093,0.18,2,20,0.56
841.91,30.374585,130.960093,0.18,2,20,0.56
841.98,30.374585,130.960093,0.18,2,20,0.56
842.05,30.374585,130.960093,0.18,2,20,0.56
842.12,30.374585,130.960093,0.18,2,20,0.56
842.18,30.374585,130.960093,0.18,2,20,0.56
842.25,30.374585,130.960093,0.18,2,20,0.56
842.32,30.374587,130.960093,0.16,2,20,0.57
842.38,30.374587,130.960093,0.16,2,20,0.57
842.45,30.374587,130.960093,0.16,2,20,0.57
842.52,30.374587,130.960093,0.16,2,20,0.57
842.58,30.374587,130.960093,0.16,2,20,0.57
842.65,30.374587,130.960093,0.16,2,20,0.57
842.72,30.374587,130.960093,0.16,2,20,0.57
842.79,30.374587,130.960093,0.16,2,20,0.57
842.86,30.374587,130.960093,0.16,2,20,0.57
842.93,30.374587,130.960093,0.16,2,20,0.57
842.99,30.374587,130.960093,0.16,2,20,0.57
843.06,30.374587,130.960093,0.16,2,20,0.57
843.13,30.374587,130.960093,0.16,2,20,0.57
843.2,30.374587,130.960093,0.16,2,20,0.57
843.27,30.37459,130.960093,0.33,2,21,0.56
843.34,30.37459,130.960093,0.33,2,21,0.56
843.41,30.37459,130.960093,0.33,2,21,0.56
843.48,30.37459,130.960093,0.33,2,21,0.56
843.54,30.37459,130.960093,0.33,2,21,0.56
843.61,30.37459,130.960093,0.33,2,21,0.56
843.68,30.37459,130.960093,0.33,2,21,0.56
843.75,30.37459,130.960093,0.33,2,21,0.56
843.81,30.37459,130.960093,0.33,2,21,0.56
843.88,30.37459,130.960093,0.33,2,21,0.56
843.94,30.37459,130.960093,0.33,2,21,0.56
844.01,30.37459,130.960093,0.33,2,21,0.56
844.08,30.37459,130.960093,0.33,2,21,0.56
844.14,30.37459,130.960093,0.33,2,21,0.56
844.21,30.37459,130.960093,0.33,2,21,0.56
844.28,30.37459,130.960093,0.33,2,21,0.56
844.35,30.374588,130.960095,0.25,2,21,0.56
844.42,30.374588,130.960095,0.25,2,21,0.56
844.49,30.374588,130.960095,0.25,2,21,0.56
844.56,30.374588,130.960095,0.25,2,21,0.56
844.62,30.374588,130.960095,0.25,2,21,0.56
844.69,30.374588,130.960095,0.25,2,21,0.56
844.76,30.374588,130.960095,0.25,2,21,0.56
844.82,30.374588,130.960095,0.25,2,21,0.56
844.89,30.374588,130.960095,0.25,2,21,0.56
844.96,30.374588,130.960095,0.25,2,21,0.56
845.02,30.374588,130.960095,0.25,2,21,0.56
845.09,30.374588,130.960095,0.25,2,21,0.56
845.16,30.374588,130.960095,0.25,2,21,0.56
845.23,30.374588,130.960095,0.25,2,21,0.56
845.3,30.37459,130.960093,0.22,2,21,0.56
845.37,30.37459,130.960093,0.22,2,21,0.56
845.44,30.37459,130.960093,0.22,2,21,0.56
845.51,30.37459,130.960093,0.22,2,21,0.56
845.58,30.37459,130.960093,0.22,2,21,0.56
845.65,30.37459,130.960093,0.22,2,21,0.56
845.71,30.37459,130.960093,0.22,2,21,0.56
845.78,30.37459,130.960093,0.22,2,21,0.56
845.85,30.37459,130.960093,0.22,2,21,0.56
845.92,30.37459,130.960093,0.22,2,21,0.56
845.99,30.37459,130.960093,0.22,2,21,0.56
846.05,30.37459,130.960093,0.22,2,21,0.56
846.12,30.37459,130.960093,0.22,2,21,0.56
846.19,30.37459,130.960093,0.22,2,21,0.56
846.25,30.374588,130.960093,0.2,2,21,0.56
846.32,30.374588,130.960093,0.2,2,21,0.56
846.39,30.374588,130.960093,0.2,2,21,0.56
846.45,30.374588,130.960093,0.2,2,21,0.56
846.52,30.374588,130.960093,0.2,2,21,0.56
846.6,30.374588,130.960093,0.2,2,21,0.56
846.67,30.374588,130.960093,0.2,2,21,0.56
846.74,30.374588,130.960093,0.2,2,21,0.56
846.8,30.374588,130.960093,0.2,2,21,0.56
846.87,30.374588,130.960093,0.2,2,21,0.56
846.94,30.374588,130.960093,0.2,2,21,0.56
847.01,30.374588,130.960093,0.2,2,21,0.56
847.07,30.374588,130.960093,0.2,2,21,0.56
847.14,30.374588,130.960093,0.2,2,21,0.56
847.21,30.374588,130.960093,0.2,2,21,0.56
847.28,30.374588,130.960093,0.2,2,21,0.56
847.34,30.374588,130.960093,0.0,2,21,0.56
847.41,30.374588,130.960093,0.0,2,21,0.56
847.48,30.374588,130.960093,0.0,2,21,0.56
847.55,30.374588,130.960093,0.0,2,21,0.56
847.62,30.374588,130.960093,0.0,2,21,0.56
847.66,30.374588,130.960093,0.0,2,21,0.56
847.68,30.374588,130.960093,0.0,2,21,0.56
847.75,30.374588,130.960093,0.0,2,21,0.56
847.82,30.374588,130.960093,0.0,2,21,0.56
847.89,30.374588,130.960093,0.0,2,21,0.56
