ElapsedSec,MagX,MagY,MagZ
0.0,0.0,0.0,0.0
0.0,520.88,-81.25,201.75
0.0,520.88,-81.25,201.75
0.0,520.88,-81.25,201.75
0.0,520.88,-81.25,201.75
0.0,520.88,-81.25,201.75
0.0,520.88,-81.25,201.75
0.0,520.88,-81.25,201.75
0.0,520.88,-81.25,201.75
0.0,520.88,-81.25,201.75
0.0,520.88,-81.25,201.75
0.0,520.88,-81.25,201.75
0.0,520.88,-81.25,201.75
0.0,520.88,-81.25,201.75
0.0,520.88,-81.25,201.75
0.0,520.88,-81.25,201.75
0.0,520.88,-81.25,201.75
0.0,520.88,-81.25,201.75
0.0,520.88,-81.25,201.75
0.05,520.88,-81.25,201.75
0.12,520.88,-81.25,201.75
0.19,520.88,-81.25,201.75
0.25,520.88,-81.25,201.75
0.32,520.88,-81.25,201.75
0.38,520.88,-81.25,201.75
0.45,520.88,-81.25,201.75
0.51,520.88,-81.25,201.75
0.58,520.88,-81.25,201.75
0.64,520.88,-81.25,201.75
0.71,520.88,-81.25,201.75
0.78,520.88,-81.25,201.75
0.84,520.88,-81.25,201.75
0.91,520.88,-81.25,201.75
0.97,520.88,-81.25,201.75
1.04,520.88,-81.25,201.75
1.1,520.88,-81.25,201.75
1.17,520.88,-81.25,201.75
1.23,520.88,-81.25,201.75
1.3,520.88,-81.25,201.75
1.37,520.88,-81.25,201.75
1.43,520.88,-81.25,201.75
1.5,520.88,-81.25,201.75
1.56,520.88,-81.25,201.75
1.63,520.88,-81.25,201.75
1.69,520.88,-81.25,201.75
1.76,520.88,-81.25,201.75
1.83,520.88,-81.25,201.75
1.89,520.88,-81.25,201.75
1.96,520.88,-81.25,201.75
2.02,520.88,-81.25,201.75
2.09,520.88,-81.25,201.75
2.16,520.88,-81.25,201.75
2.22,520.88,-81.25,201.75
2.29,520.88,-81.25,201.75
2.35,520.88,-81.25,201.75
2.42,520.88,-81.25,201.75
2.48,520.88,-81.25,201.75
2.55,520.88,-81.25,201.75
2.62,520.88,-81.25,201.75
2.68,520.88,-81.25,201.75
2.75,520.88,-81.25,201.75
2.81,520.88,-81.25,201.75
2.88,520.88,-81.25,201.75
2.94,520.88,-81.25,201.75
3.01,520.88,-81.25,201.75
3.08,520.88,-81.25,201.75
3.14,520.88,-81.25,201.75
3.21,520.88,-81.25,201.75
3.27,520.88,-81.25,201.75
3.34,520.88,-81.25,201.75
3.41,520.88,-81.25,201.75
3.47,520.88,-81.25,201.75
3.54,520.88,-81.25,201.75
3.61,520.88,-81.25,201.75
3.67,520.88,-81.25,201.75
3.74,520.88,-81.25,201.75
3.81,520.88,-81.25,201.75
3.87,520.88,-81.25,201.75
3.94,520.88,-81.25,201.75
4.01,520.88,-81.25,201.75
4.07,520.88,-81.25,201.75
4.16,520.88,-81.25,201.75
4.22,520.88,-81.25,201.75
4.29,520.88,-81.25,201.75
4.36,520.88,-81.25,201.75
4.43,520.88,-81.25,201.75
4.5,520.88,-81.25,201.75
4.56,520.88,-81.25,201.75
4.63,520.88,-81.25,201.75
4.69,520.88,-81.25,201.75
4.76,520.88,-81.25,201.75
4.83,520.88,-81.25,201.75
4.9,520.88,-81.25,201.75
4.97,520.88,-81.25,201.75
5.03,520.88,-81.25,201.75
5.1,520.88,-81.25,201.75
5.16,520.88,-81.25,201.75
5.23,520.88,-81.25,201.75
5.3,520.88,-81.25,201.75
5.36,520.88,-81.25,201.75
5.43,520.88,-81.25,201.75
5.5,520.88,-81.25,201.75
5.56,520.88,-81.25,201.75
5.63,520.88,-81.25,201.75
5.69,520.88,-81.25,201.75
5.76,520.88,-81.25,201.75
5.82,520.88,-81.25,201.75
5.89,520.88,-81.25,201.75
5.96,520.88,-81.25,201.75
6.02,520.88,-81.25,201.75
6.09,520.88,-81.25,201.75
6.15,520.88,-81.25,201.75
6.22,520.88,-81.25,201.75
6.29,520.88,-81.25,201.75
6.36,520.88,-81.25,201.75
6.42,520.88,-81.25,201.75
6.49,520.88,-81.25,201.75
6.56,520.88,-81.25,201.75
6.62,520.88,-81.25,201.75
6.69,520.88,-81.25,201.75
6.75,520.88,-81.25,201.75
6.82,520.88,-81.25,201.75
6.89,520.88,-81.25,201.75
6.95,520.88,-81.25,201.75
7.02,520.88,-81.25,201.75
7.08,520.88,-81.25,201.75
7.15,520.88,-81.25,201.75
7.22,520.88,-81.25,201.75
7.28,520.88,-81.25,201.75
7.35,520.88,-81.25,201.75
7.42,520.88,-81.25,201.75
7.48,520.88,-81.25,201.75
7.55,520.88,-81.25,201.75
7.62,520.88,-81.25,201.75
7.68,520.88,-81.25,201.75
7.75,520.88,-81.25,201.75
7.81,520.88,-81.25,201.75
7.88,520.88,-81.25,201.75
7.95,520.88,-81.25,201.75
8.01,520.88,-81.25,201.75
8.08,520.88,-81.25,201.75
8.15,520.88,-81.25,201.75
8.21,520.88,-81.25,201.75
8.28,520.88,-81.25,201.75
8.34,520.88,-81.25,201.75
8.41,520.88,-81.25,201.75
8.48,520.88,-81.25,201.75
8.55,520.88,-81.25,201.75
8.61,520.88,-81.25,201.75
8.68,520.88,-81.25,201.75
8.75,520.88,-81.25,201.75
8.81,520.88,-81.25,201.75
8.88,520.88,-81.25,201.75
8.95,520.88,-81.25,201.75
9.01,520.88,-81.25,201.75
9.08,520.88,-81.25,201.75
9.15,520.88,-81.25,201.75
9.21,520.88,-81.25,201.75
9.28,520.88,-81.25,201.75
9.35,520.88,-81.25,201.75
9.42,520.88,-81.25,201.75
9.48,520.88,-81.25,201.75
9.55,520.88,-81.25,201.75
9.62,520.88,-81.25,201.75
9.68,520.88,-81.25,201.75
9.75,520.88,-81.25,201.75
9.82,520.88,-81.25,201.75
9.88,520.88,-81.25,201.75
9.95,520.88,-81.25,201.75
10.02,520.88,-81.25,201.75
10.08,520.88,-81.25,201.75
10.15,520.88,-81.25,201.75
10.22,520.88,-81.25,201.75
10.28,520.88,-81.25,201.75
10.35,520.88,-81.25,201.75
10.42,520.88,-81.25,201.75
10.48,520.88,-81.25,201.75
10.55,520.88,-81.25,201.75
10.62,520.88,-81.25,201.75
10.68,520.88,-81.25,201.75
10.75,520.88,-81.25,201.75
10.82,520.88,-81.25,201.75
10.89,520.88,-81.25,201.75
10.96,520.88,-81.25,201.75
11.02,520.88,-81.25,201.75
11.09,520.88,-81.25,201.75
11.16,520.88,-81.25,201.75
11.22,520.88,-81.25,201.75
11.29,520.88,-81.25,201.75
11.35,520.88,-81.25,201.75
11.42,520.88,-81.25,201.75
11.49,520.88,-81.25,201.75
11.55,520.88,-81.25,201.75
11.62,520.88,-81.25,201.75
11.68,520.88,-81.25,201.75
11.75,520.88,-81.25,201.75
11.82,520.88,-81.25,201.75
11.88,520.88,-81.25,201.75
11.95,520.88,-81.25,201.75
12.02,520.88,-81.25,201.75
12.08,520.88,-81.25,201.75
12.15,520.88,-81.25,201.75
12.21,520.88,-81.25,201.75
12.28,520.88,-81.25,201.75
12.35,520.88,-81.25,201.75
12.41,520.88,-81.25,201.75
12.48,520.88,-81.25,201.75
12.54,520.88,-81.25,201.75
12.61,520.88,-81.25,201.75
12.67,520.88,-81.25,201.75
12.74,520.88,-81.25,201.75
12.81,520.88,-81.25,201.75
12.87,520.88,-81.25,201.75
12.94,520.88,-81.25,201.75
13.01,520.88,-81.25,201.75
13.1,520.88,-81.25,201.75
13.16,520.88,-81.25,201.75
13.23,520.88,-81.25,201.75
13.3,520.88,-81.25,201.75
13.36,520.88,-81.25,201.75
13.43,520.88,-81.25,201.75
13.5,520.88,-81.25,201.75
13.56,520.88,-81.25,201.75
13.63,520.88,-81.25,201.75
13.69,520.88,-81.25,201.75
13.76,520.88,-81.25,201.75
13.83,520.88,-81.25,201.75
13.89,520.88,-81.25,201.75
13.96,520.88,-81.25,201.75
14.04,520.88,-81.25,201.75
14.1,520.88,-81.25,201.75
14.17,520.88,-81.25,201.75
14.24,520.88,-81.25,201.75
14.3,520.88,-81.25,201.75
14.37,520.88,-81.25,201.75
14.44,520.88,-81.25,201.75
14.5,520.88,-81.25,201.75
14.57,520.88,-81.25,201.75
14.63,520.88,-81.25,201.75
14.7,520.88,-81.25,201.75
14.77,520.88,-81.25,201.75
14.83,520.88,-81.25,201.75
14.9,520.88,-81.25,201.75
14.97,520.88,-81.25,201.75
15.03,520.88,-81.25,201.75
15.1,520.88,-81.25,201.75
15.17,520.88,-81.25,201.75
15.23,520.88,-81.25,201.75
15.3,520.88,-81.25,201.75
15.37,520.88,-81.25,201.75
15.43,520.88,-81.25,201.75
15.5,520.88,-81.25,201.75
15.57,520.88,-81.25,201.75
15.63,520.88,-81.25,201.75
15.7,520.88,-81.25,201.75
15.77,520.88,-81.25,201.75
15.83,520.88,-81.25,201.75
15.9,520.88,-81.25,201.75
15.97,520.88,-81.25,201.75
16.03,520.88,-81.25,201.75
16.1,520.88,-81.25,201.75
16.16,520.88,-81.25,201.75
16.23,520.88,-81.25,201.75
16.3,520.88,-81.25,201.75
16.37,520.88,-81.25,201.75
16.43,520.88,-81.25,201.75
16.5,520.88,-81.25,201.75
16.56,520.88,-81.25,201.75
16.63,520.88,-81.25,201.75
16.7,520.88,-81.25,201.75
16.76,520.88,-81.25,201.75
16.83,520.88,-81.25,201.75
16.9,520.88,-81.25,201.75
16.96,520.88,-81.25,201.75
17.03,520.88,-81.25,201.75
17.1,520.88,-81.25,201.75
17.17,520.88,-81.25,201.75
17.24,520.88,-81.25,201.75
17.31,520.88,-81.25,201.75
17.37,520.88,-81.25,201.75
17.44,520.88,-81.25,201.75
17.5,520.88,-81.25,201.75
17.57,520.88,-81.25,201.75
17.64,520.88,-81.25,201.75
17.7,520.88,-81.25,201.75
17.77,520.88,-81.25,201.75
17.83,520.88,-81.25,201.75
17.9,520.88,-81.25,201.75
17.97,520.88,-81.25,201.75
18.03,520.88,-81.25,201.75
18.1,520.88,-81.25,201.75
18.16,520.88,-81.25,201.75
18.23,520.88,-81.25,201.75
18.3,520.88,-81.25,201.75
18.36,520.88,-81.25,201.75
18.43,520.88,-81.25,201.75
18.5,520.88,-81.25,201.75
18.56,520.88,-81.25,201.75
18.63,520.88,-81.25,201.75
18.69,520.88,-81.25,201.75
18.76,520.88,-81.25,201.75
18.83,520.88,-81.25,201.75
18.89,520.88,-81.25,201.75
18.96,520.88,-81.25,201.75
19.02,520.88,-81.25,201.75
19.09,520.88,-81.25,201.75
19.16,520.88,-81.25,201.75
19.22,520.88,-81.25,201.75
19.29,520.88,-81.25,201.75
19.35,520.88,-81.25,201.75
19.42,520.88,-81.25,201.75
19.49,520.88,-81.25,201.75
19.55,520.88,-81.25,201.75
19.62,520.88,-81.25,201.75
19.69,520.88,-81.25,201.75
19.75,520.88,-81.25,201.75
19.82,520.88,-81.25,201.75
19.88,520.88,-81.25,201.75
19.95,520.88,-81.25,201.75
20.02,520.88,-81.25,201.75
20.08,520.88,-81.25,201.75
20.15,520.88,-81.25,201.75
20.22,520.88,-81.25,201.75
20.28,520.88,-81.25,201.75
20.35,520.88,-81.25,201.75
20.42,520.88,-81.25,201.75
20.48,520.88,-81.25,201.75
20.55,520.88,-81.25,201.75
20.61,520.88,-81.25,201.75
20.68,520.88,-81.25,201.75
20.75,520.88,-81.25,201.75
20.81,520.88,-81.25,201.75
20.88,520.88,-81.25,201.75
20.95,520.88,-81.25,201.75
21.01,520.88,-81.25,201.75
21.08,520.88,-81.25,201.75
21.15,520.88,-81.25,201.75
21.21,520.88,-81.25,201.75
21.28,520.88,-81.25,201.75
21.34,520.88,-81.25,201.75
21.41,520.88,-81.25,201.75
21.48,520.88,-81.25,201.75
21.54,520.88,-81.25,201.75
21.61,520.88,-81.25,201.75
21.68,520.88,-81.25,201.75
21.74,520.88,-81.25,201.75
21.81,520.88,-81.25,201.75
21.88,520.88,-81.25,201.75
21.94,520.88,-81.25,201.75
22.01,520.88,-81.25,201.75
22.08,520.88,-81.25,201.75
22.14,520.88,-81.25,201.75
22.21,520.88,-81.25,201.75
22.28,520.88,-81.25,201.75
22.34,520.88,-81.25,201.75
22.41,520.88,-81.25,201.75
22.48,520.88,-81.25,201.75
22.54,520.88,-81.25,201.75
22.61,520.88,-81.25,201.75
22.68,520.88,-81.25,201.75
22.74,520.88,-81.25,201.75
22.81,520.88,-81.25,201.75
22.88,520.88,-81.25,201.75
22.94,520.88,-81.25,201.75
23.01,520.88,-81.25,201.75
23.08,520.88,-81.25,201.75
23.14,520.88,-81.25,201.75
23.21,520.88,-81.25,201.75
23.28,520.88,-81.25,201.75
23.34,520.88,-81.25,201.75
23.41,520.88,-81.25,201.75
23.48,520.88,-81.25,201.75
23.54,520.88,-81.25,201.75
23.61,520.88,-81.25,201.75
23.68,520.88,-81.25,201.75
23.74,520.88,-81.25,201.75
23.81,520.88,-81.25,201.75
23.88,520.88,-81.25,201.75
23.95,520.88,-81.25,201.75
24.02,520.88,-81.25,201.75
24.08,520.88,-81.25,201.75
24.15,520.88,-81.25,201.75
24.21,520.88,-81.25,201.75
24.28,520.88,-81.25,201.75
24.35,520.88,-81.25,201.75
24.41,520.88,-81.25,201.75
24.48,520.88,-81.25,201.75
24.54,520.88,-81.25,201.75
24.61,520.88,-81.25,201.75
24.67,520.88,-81.25,201.75
24.74,520.88,-81.25,201.75
24.81,520.88,-81.25,201.75
24.87,520.88,-81.25,201.75
24.94,520.88,-81.25,201.75
25.01,520.88,-81.25,201.75
25.07,520.88,-81.25,201.75
25.15,520.88,-81.25,201.75
25.21,520.88,-81.25,201.75
25.28,520.88,-81.25,201.75
25.35,520.88,-81.25,201.75
25.41,520.88,-81.25,201.75
25.48,520.88,-81.25,201.75
25.54,520.88,-81.25,201.75
25.61,520.88,-81.25,201.75
25.67,520.88,-81.25,201.75
25.74,520.88,-81.25,201.75
25.81,520.88,-81.25,201.75
25.87,520.88,-81.25,201.75
25.94,520.88,-81.25,201.75
26.01,520.88,-81.25,201.75
26.07,520.88,-81.25,201.75
26.14,520.88,-81.25,201.75
26.2,520.88,-81.25,201.75
26.27,520.88,-81.25,201.75
26.34,520.88,-81.25,201.75
26.4,520.88,-81.25,201.75
26.47,520.88,-81.25,201.75
26.53,520.88,-81.25,201.75
26.6,520.88,-81.25,201.75
26.67,520.88,-81.25,201.75
26.73,520.88,-81.25,201.75
26.8,520.88,-81.25,201.75
26.86,520.88,-81.25,201.75
26.93,520.88,-81.25,201.75
26.99,520.88,-81.25,201.75
27.06,520.88,-81.25,201.75
27.13,520.88,-81.25,201.75
27.19,520.88,-81.25,201.75
27.26,520.88,-81.25,201.75
27.33,520.88,-81.25,201.75
27.39,520.88,-81.25,201.75
27.46,520.88,-81.25,201.75
27.52,520.88,-81.25,201.75
27.59,520.88,-81.25,201.75
27.66,520.88,-81.25,201.75
27.72,520.88,-81.25,201.75
27.79,520.88,-81.25,201.75
27.86,520.88,-81.25,201.75
27.92,520.88,-81.25,201.75
27.99,520.88,-81.25,201.75
28.05,520.88,-81.25,201.75
28.12,520.88,-81.25,201.75
28.19,520.88,-81.25,201.75
28.25,520.88,-81.25,201.75
28.32,520.88,-81.25,201.75
28.39,520.88,-81.25,201.75
28.45,520.88,-81.25,201.75
28.52,520.88,-81.25,201.75
28.59,520.88,-81.25,201.75
28.65,520.88,-81.25,201.75
28.72,520.88,-81.25,201.75
28.79,520.88,-81.25,201.75
28.85,520.88,-81.25,201.75
28.92,520.88,-81.25,201.75
28.99,520.88,-81.25,201.75
29.05,520.88,-81.25,201.75
29.12,520.88,-81.25,201.75
29.19,520.88,-81.25,201.75
29.25,520.88,-81.25,201.75
29.32,520.88,-81.25,201.75
29.39,520.88,-81.25,201.75
29.45,520.88,-81.25,201.75
29.52,520.88,-81.25,201.75
29.58,520.88,-81.25,201.75
29.65,520.88,-81.25,201.75
29.72,520.88,-81.25,201.75
29.78,520.88,-81.25,201.75
29.85,520.88,-81.25,201.75
29.92,520.88,-81.25,201.75
29.98,520.88,-81.25,201.75
30.05,520.88,-81.25,201.75
30.12,520.88,-81.25,201.75
30.18,520.88,-81.25,201.75
30.25,520.88,-81.25,201.75
30.32,520.88,-81.25,201.75
30.38,520.88,-81.25,201.75
30.45,520.88,-81.25,201.75
30.52,520.88,-81.25,201.75
30.58,520.88,-81.25,201.75
30.65,520.88,-81.25,201.75
30.71,520.88,-81.25,201.75
30.78,520.88,-81.25,201.75
30.85,520.88,-81.25,201.75
30.91,520.88,-81.25,201.75
30.98,520.88,-81.25,201.75
31.05,520.88,-81.25,201.75
31.11,520.88,-81.25,201.75
31.18,520.88,-81.25,201.75
31.25,520.88,-81.25,201.75
31.31,520.88,-81.25,201.75
31.38,520.88,-81.25,201.75
31.45,520.88,-81.25,201.75
31.52,520.88,-81.25,201.75
31.58,520.88,-81.25,201.75
31.65,520.88,-81.25,201.75
31.72,520.88,-81.25,201.75
31.79,520.88,-81.25,201.75
31.85,520.88,-81.25,201.75
31.92,520.88,-81.25,201.75
31.99,520.88,-81.25,201.75
32.05,520.88,-81.25,201.75
32.12,520.88,-81.25,201.75
32.18,520.88,-81.25,201.75
32.25,520.88,-81.25,201.75
32.32,520.88,-81.25,201.75
32.38,520.88,-81.25,201.75
32.45,520.88,-81.25,201.75
32.51,520.88,-81.25,201.75
32.58,520.88,-81.25,201.75
32.65,520.88,-81.25,201.75
32.71,520.88,-81.25,201.75
32.78,520.88,-81.25,201.75
32.84,520.88,-81.25,201.75
32.91,520.88,-81.25,201.75
32.98,520.88,-81.25,201.75
33.04,520.88,-81.25,201.75
33.11,520.88,-81.25,201.75
33.17,520.88,-81.25,201.75
33.24,520.88,-81.25,201.75
33.31,520.88,-81.25,201.75
33.37,520.88,-81.25,201.75
33.44,520.88,-81.25,201.75
33.51,520.88,-81.25,201.75
33.57,520.88,-81.25,201.75
33.64,520.88,-81.25,201.75
33.71,520.88,-81.25,201.75
33.77,520.88,-81.25,201.75
33.84,520.88,-81.25,201.75
33.9,520.88,-81.25,201.75
33.97,520.88,-81.25,201.75
34.04,520.88,-81.25,201.75
34.11,520.88,-81.25,201.75
34.18,520.88,-81.25,201.75
34.24,520.88,-81.25,201.75
34.31,520.88,-81.25,201.75
34.37,520.88,-81.25,201.75
34.44,520.88,-81.25,201.75
34.51,520.88,-81.25,201.75
34.57,520.88,-81.25,201.75
34.64,520.88,-81.25,201.75
34.71,520.88,-81.25,201.75
34.77,520.88,-81.25,201.75
34.84,520.88,-81.25,201.75
34.9,520.88,-81.25,201.75
34.97,520.88,-81.25,201.75
35.04,520.88,-81.25,201.75
35.1,520.88,-81.25,201.75
35.17,520.88,-81.25,201.75
35.24,520.88,-81.25,201.75
35.3,520.88,-81.25,201.75
35.37,520.88,-81.25,201.75
35.44,520.88,-81.25,201.75
35.5,520.88,-81.25,201.75
35.57,520.88,-81.25,201.75
35.63,520.88,-81.25,201.75
35.7,520.88,-81.25,201.75
35.77,520.88,-81.25,201.75
35.83,520.88,-81.25,201.75
35.9,520.88,-81.25,201.75
35.97,520.88,-81.25,201.75
36.03,520.88,-81.25,201.75
36.1,520.88,-81.25,201.75
36.17,520.88,-81.25,201.75
36.23,520.88,-81.25,201.75
36.3,520.88,-81.25,201.75
36.37,520.88,-81.25,201.75
36.43,520.88,-81.25,201.75
36.5,520.88,-81.25,201.75
36.56,520.88,-81.25,201.75
36.63,520.88,-81.25,201.75
36.7,520.88,-81.25,201.75
36.76,520.88,-81.25,201.75
36.83,520.88,-81.25,201.75
36.9,520.88,-81.25,201.75
36.96,520.88,-81.25,201.75
37.03,520.88,-81.25,201.75
37.1,520.88,-81.25,201.75
37.16,520.88,-81.25,201.75
37.23,520.88,-81.25,201.75
37.3,520.88,-81.25,201.75
37.36,520.88,-81.25,201.75
37.43,520.88,-81.25,201.75
37.5,520.88,-81.25,201.75
37.56,520.88,-81.25,201.75
37.63,520.88,-81.25,201.75
37.7,520.88,-81.25,201.75
37.76,520.88,-81.25,201.75
37.83,520.88,-81.25,201.75
37.9,520.88,-81.25,201.75
37.96,520.88,-81.25,201.75
38.03,520.88,-81.25,201.75
38.1,520.88,-81.25,201.75
38.16,520.88,-81.25,201.75
38.23,520.88,-81.25,201.75
38.3,520.88,-81.25,201.75
38.36,520.88,-81.25,201.75
38.43,520.88,-81.25,201.75
38.5,520.88,-81.25,201.75
38.57,520.88,-81.25,201.75
38.63,520.88,-81.25,201.75
38.7,520.88,-81.25,201.75
38.77,520.88,-81.25,201.75
38.83,520.88,-81.25,201.75
38.9,520.88,-81.25,201.75
38.96,520.88,-81.25,201.75
39.03,520.88,-81.25,201.75
39.1,520.88,-81.25,201.75
39.16,520.88,-81.25,201.75
39.23,520.88,-81.25,201.75
39.29,520.88,-81.25,201.75
39.36,520.88,-81.25,201.75
39.43,520.88,-81.25,201.75
39.49,520.88,-81.25,201.75
39.56,520.88,-81.25,201.75
39.62,520.88,-81.25,201.75
39.69,520.88,-81.25,201.75
39.76,520.88,-81.25,201.75
39.82,520.88,-81.25,201.75
39.89,520.88,-81.25,201.75
39.96,520.88,-81.25,201.75
40.02,520.88,-81.25,201.75
40.09,520.88,-81.25,201.75
40.15,520.88,-81.25,201.75
40.22,520.88,-81.25,201.75
40.29,520.88,-81.25,201.75
40.35,520.88,-81.25,201.75
40.42,520.88,-81.25,201.75
40.48,520.88,-81.25,201.75
40.55,520.88,-81.25,201.75
40.62,520.88,-81.25,201.75
40.68,520.88,-81.25,201.75
40.75,520.88,-81.25,201.75
40.81,520.88,-81.25,201.75
40.88,520.88,-81.25,201.75
40.95,520.88,-81.25,201.75
41.01,520.88,-81.25,201.75
41.08,520.88,-81.25,201.75
41.15,520.88,-81.25,201.75
41.21,520.88,-81.25,201.75
41.28,520.88,-81.25,201.75
41.35,520.88,-81.25,201.75
41.41,520.88,-81.25,201.75
41.48,520.88,-81.25,201.75
41.54,520.88,-81.25,201.75
41.61,520.88,-81.25,201.75
41.68,520.88,-81.25,201.75
41.74,520.88,-81.25,201.75
41.81,520.88,-81.25,201.75
41.88,520.88,-81.25,201.75
41.94,520.88,-81.25,201.75
42.01,520.88,-81.25,201.75
42.07,520.88,-81.25,201.75
42.14,520.88,-81.25,201.75
42.21,520.88,-81.25,201.75
42.28,520.88,-81.25,201.75
42.34,520.88,-81.25,201.75
42.41,520.88,-81.25,201.75
42.47,520.88,-81.25,201.75
42.54,520.88,-81.25,201.75
42.61,520.88,-81.25,201.75
42.67,520.88,-81.25,201.75
42.74,520.88,-81.25,201.75
42.81,520.88,-81.25,201.75
42.87,520.88,-81.25,201.75
42.94,520.88,-81.25,201.75
43.01,520.88,-81.25,201.75
43.07,520.88,-81.25,201.75
43.14,520.88,-81.25,201.75
43.2,520.88,-81.25,201.75
43.27,520.88,-81.25,201.75
43.34,520.88,-81.25,201.75
43.4,520.88,-81.25,201.75
43.47,520.88,-81.25,201.75
43.54,520.88,-81.25,201.75
43.6,520.88,-81.25,201.75
43.67,520.88,-81.25,201.75
43.74,520.88,-81.25,201.75
43.8,520.88,-81.25,201.75
43.87,520.88,-81.25,201.75
43.94,520.88,-81.25,201.75
44.0,520.88,-81.25,201.75
44.07,520.88,-81.25,201.75
44.14,520.88,-81.25,201.75
44.2,520.88,-81.25,201.75
44.27,520.88,-81.25,201.75
44.33,520.88,-81.25,201.75
44.4,520.88,-81.25,201.75
44.47,520.88,-81.25,201.75
44.54,520.88,-81.25,201.75
44.6,520.88,-81.25,201.75
44.67,520.88,-81.25,201.75
44.73,520.88,-81.25,201.75
44.8,520.88,-81.25,201.75
44.87,520.88,-81.25,201.75
44.93,520.88,-81.25,201.75
45.0,520.88,-81.25,201.75
45.08,520.88,-81.25,201.75
45.14,520.88,-81.25,201.75
45.21,520.88,-81.25,201.75
45.27,520.88,-81.25,201.75
45.34,520.88,-81.25,201.75
45.4,520.88,-81.25,201.75
45.47,520.88,-81.25,201.75
45.54,520.88,-81.25,201.75
45.6,520.88,-81.25,201.75
45.67,520.88,-81.25,201.75
45.74,520.88,-81.25,201.75
45.8,520.88,-81.25,201.75
45.87,520.88,-81.25,201.75
45.93,520.88,-81.25,201.75
46.0,520.88,-81.25,201.75
46.06,520.88,-81.25,201.75
46.13,520.88,-81.25,201.75
46.2,520.88,-81.25,201.75
46.26,520.88,-81.25,201.75
46.33,520.88,-81.25,201.75
46.4,520.88,-81.25,201.75
46.46,520.88,-81.25,201.75
46.53,520.88,-81.25,201.75
46.6,520.88,-81.25,201.75
46.66,520.88,-81.25,201.75
46.73,520.88,-81.25,201.75
46.79,520.88,-81.25,201.75
46.86,520.88,-81.25,201.75
46.93,520.88,-81.25,201.75
46.99,520.88,-81.25,201.75
47.06,520.88,-81.25,201.75
47.12,520.88,-81.25,201.75
47.19,520.88,-81.25,201.75
47.26,520.88,-81.25,201.75
47.32,520.88,-81.25,201.75
47.39,520.88,-81.25,201.75
47.46,520.88,-81.25,201.75
47.52,520.88,-81.25,201.75
47.59,520.88,-81.25,201.75
47.66,520.88,-81.25,201.75
47.73,520.88,-81.25,201.75
47.8,520.88,-81.25,201.75
47.86,520.88,-81.25,201.75
47.93,520.88,-81.25,201.75
48.0,520.88,-81.25,201.75
48.06,520.88,-81.25,201.75
48.13,520.88,-81.25,201.75
48.19,520.88,-81.25,201.75
48.26,520.88,-81.25,201.75
48.33,520.88,-81.25,201.75
48.39,520.88,-81.25,201.75
48.46,520.88,-81.25,201.75
48.53,520.88,-81.25,201.75
48.59,520.88,-81.25,201.75
48.66,520.88,-81.25,201.75
48.72,520.88,-81.25,201.75
48.79,520.88,-81.25,201.75
48.87,520.88,-81.25,201.75
48.95,520.88,-81.25,201.75
49.03,520.88,-81.25,201.75
49.1,520.88,-81.25,201.75
49.17,520.88,-81.25,201.75
49.26,520.88,-81.25,201.75
49.33,520.88,-81.25,201.75
49.4,520.88,-81.25,201.75
49.46,520.88,-81.25,201.75
49.53,520.88,-81.25,201.75
49.6,520.88,-81.25,201.75
49.66,520.88,-81.25,201.75
49.73,520.88,-81.25,201.75
49.8,520.88,-81.25,201.75
49.86,520.88,-81.25,201.75
49.93,520.88,-81.25,201.75
50.0,520.88,-81.25,201.75
50.06,520.88,-81.25,201.75
50.13,520.88,-81.25,201.75
50.2,520.88,-81.25,201.75
50.26,520.88,-81.25,201.75
50.33,520.88,-81.25,201.75
50.4,520.88,-81.25,201.75
50.46,520.88,-81.25,201.75
50.53,520.88,-81.25,201.75
50.6,520.88,-81.25,201.75
50.66,520.88,-81.25,201.75
50.73,520.88,-81.25,201.75
50.8,520.88,-81.25,201.75
50.87,520.88,-81.25,201.75
50.93,520.88,-81.25,201.75
51.0,520.88,-81.25,201.75
51.07,520.88,-81.25,201.75
51.13,520.88,-81.25,201.75
51.2,520.88,-81.25,201.75
51.27,520.88,-81.25,201.75
51.33,520.88,-81.25,201.75
51.4,520.88,-81.25,201.75
51.47,520.88,-81.25,201.75
51.53,520.88,-81.25,201.75
51.6,520.88,-81.25,201.75
51.67,520.88,-81.25,201.75
51.73,520.88,-81.25,201.75
51.8,520.88,-81.25,201.75
51.87,520.88,-81.25,201.75
51.94,520.88,-81.25,201.75
52.0,520.88,-81.25,201.75
52.07,520.88,-81.25,201.75
52.14,520.88,-81.25,201.75
52.2,520.88,-81.25,201.75
52.27,520.88,-81.25,201.75
52.33,520.88,-81.25,201.75
52.4,520.88,-81.25,201.75
52.47,520.88,-81.25,201.75
52.53,520.88,-81.25,201.75
52.6,520.88,-81.25,201.75
52.66,520.88,-81.25,201.75
52.73,520.88,-81.25,201.75
52.79,520.88,-81.25,201.75
52.86,520.88,-81.25,201.75
52.93,520.88,-81.25,201.75
52.99,520.88,-81.25,201.75
53.06,520.88,-81.25,201.75
53.12,520.88,-81.25,201.75
53.19,520.88,-81.25,201.75
53.26,520.88,-81.25,201.75
53.32,520.88,-81.25,201.75
53.39,520.88,-81.25,201.75
53.46,520.88,-81.25,201.75
53.52,520.88,-81.25,201.75
53.59,520.88,-81.25,201.75
53.66,520.88,-81.25,201.75
53.72,520.88,-81.25,201.75
53.79,520.88,-81.25,201.75
53.85,520.88,-81.25,201.75
53.92,520.88,-81.25,201.75
53.99,520.88,-81.25,201.75
54.05,520.88,-81.25,201.75
54.12,520.88,-81.25,201.75
54.18,520.88,-81.25,201.75
54.25,520.88,-81.25,201.75
54.32,520.88,-81.25,201.75
54.38,520.88,-81.25,201.75
54.45,520.88,-81.25,201.75
54.52,520.88,-81.25,201.75
54.58,520.88,-81.25,201.75
54.65,520.88,-81.25,201.75
54.72,520.88,-81.25,201.75
54.78,520.88,-81.25,201.75
54.85,520.88,-81.25,201.75
54.91,520.88,-81.25,201.75
54.98,520.88,-81.25,201.75
55.05,520.88,-81.25,201.75
55.11,520.88,-81.25,201.75
55.18,520.88,-81.25,201.75
55.25,520.88,-81.25,201.75
55.31,520.88,-81.25,201.75
55.38,520.88,-81.25,201.75
55.45,520.88,-81.25,201.75
55.51,520.88,-81.25,201.75
55.58,520.88,-81.25,201.75
55.65,520.88,-81.25,201.75
55.71,520.88,-81.25,201.75
55.78,520.88,-81.25,201.75
55.85,520.88,-81.25,201.75
55.91,520.88,-81.25,201.75
55.98,520.88,-81.25,201.75
56.04,520.88,-81.25,201.75
56.11,520.88,-81.25,201.75
56.18,520.88,-81.25,201.75
56.24,520.88,-81.25,201.75
56.31,520.88,-81.25,201.75
56.38,520.88,-81.25,201.75
56.44,520.88,-81.25,201.75
56.51,520.88,-81.25,201.75
56.58,520.88,-81.25,201.75
56.64,520.88,-81.25,201.75
56.71,520.88,-81.25,201.75
56.78,520.88,-81.25,201.75
56.84,520.88,-81.25,201.75
56.91,520.88,-81.25,201.75
56.98,520.88,-81.25,201.75
57.04,520.88,-81.25,201.75
57.11,520.88,-81.25,201.75
57.18,520.88,-81.25,201.75
57.24,520.88,-81.25,201.75
57.31,520.88,-81.25,201.75
57.37,520.88,-81.25,201.75
57.44,520.88,-81.25,201.75
57.51,520.88,-81.25,201.75
57.58,520.88,-81.25,201.75
57.64,520.88,-81.25,201.75
57.71,520.88,-81.25,201.75
57.78,520.88,-81.25,201.75
57.84,520.88,-81.25,201.75
57.91,520.88,-81.25,201.75
57.98,520.88,-81.25,201.75
58.04,520.88,-81.25,201.75
58.11,520.88,-81.25,201.75
58.18,520.88,-81.25,201.75
58.24,520.88,-81.25,201.75
58.31,520.88,-81.25,201.75
58.38,520.88,-81.25,201.75
58.45,520.88,-81.25,201.75
58.52,520.88,-81.25,201.75
58.58,520.88,-81.25,201.75
58.65,520.88,-81.25,201.75
58.71,520.88,-81.25,201.75
58.78,520.88,-81.25,201.75
58.85,520.88,-81.25,201.75
58.91,520.88,-81.25,201.75
58.98,520.88,-81.25,201.75
59.05,520.88,-81.25,201.75
59.11,520.88,-81.25,201.75
59.18,520.88,-81.25,201.75
59.24,520.88,-81.25,201.75
59.31,520.88,-81.25,201.75
59.38,520.88,-81.25,201.75
59.44,520.88,-81.25,201.75
59.51,520.88,-81.25,201.75
59.57,520.88,-81.25,201.75
59.64,520.88,-81.25,201.75
59.71,520.88,-81.25,201.75
59.77,520.88,-81.25,201.75
59.84,520.88,-81.25,201.75
59.91,520.88,-81.25,201.75
59.97,520.88,-81.25,201.75
60.04,520.88,-81.25,201.75
60.1,520.88,-81.25,201.75
60.17,520.88,-81.25,201.75
60.24,520.88,-81.25,201.75
60.3,520.88,-81.25,201.75
60.37,520.88,-81.25,201.75
60.43,520.88,-81.25,201.75
60.5,520.88,-81.25,201.75
60.57,520.88,-81.25,201.75
60.63,520.88,-81.25,201.75
60.7,520.88,-81.25,201.75
60.77,520.88,-81.25,201.75
60.83,520.88,-81.25,201.75
60.9,520.88,-81.25,201.75
60.96,520.88,-81.25,201.75
61.03,520.88,-81.25,201.75
61.1,520.88,-81.25,201.75
61.16,520.88,-81.25,201.75
61.23,520.88,-81.25,201.75
61.3,520.88,-81.25,201.75
61.36,520.88,-81.25,201.75
61.43,520.88,-81.25,201.75
61.5,520.88,-81.25,201.75
61.56,520.88,-81.25,201.75
61.63,520.88,-81.25,201.75
61.7,520.88,-81.25,201.75
61.76,520.88,-81.25,201.75
61.83,520.88,-81.25,201.75
61.9,520.88,-81.25,201.75
61.96,520.88,-81.25,201.75
62.03,520.88,-81.25,201.75
62.1,520.88,-81.25,201.75
62.16,520.88,-81.25,201.75
62.23,520.88,-81.25,201.75
62.29,520.88,-81.25,201.75
62.36,520.88,-81.25,201.75
62.43,520.88,-81.25,201.75
62.49,520.88,-81.25,201.75
62.56,520.88,-81.25,201.75
62.63,520.88,-81.25,201.75
62.69,520.88,-81.25,201.75
62.77,520.88,-81.25,201.75
62.83,520.88,-81.25,201.75
62.9,520.88,-81.25,201.75
62.97,520.88,-81.25,201.75
63.03,520.88,-81.25,201.75
63.1,520.88,-81.25,201.75
63.17,520.88,-81.25,201.75
63.23,520.88,-81.25,201.75
63.3,520.88,-81.25,201.75
63.36,520.88,-81.25,201.75
63.43,520.88,-81.25,201.75
63.49,520.88,-81.25,201.75
63.56,520.88,-81.25,201.75
63.63,520.88,-81.25,201.75
63.69,520.88,-81.25,201.75
63.76,520.88,-81.25,201.75
63.82,520.88,-81.25,201.75
63.89,520.88,-81.25,201.75
63.96,520.88,-81.25,201.75
64.02,520.88,-81.25,201.75
64.09,520.88,-81.25,201.75
64.16,520.88,-81.25,201.75
64.22,520.88,-81.25,201.75
64.29,520.88,-81.25,201.75
64.35,520.88,-81.25,201.75
64.42,520.88,-81.25,201.75
64.49,520.88,-81.25,201.75
64.55,520.88,-81.25,201.75
64.62,520.88,-81.25,201.75
64.68,520.88,-81.25,201.75
64.75,520.88,-81.25,201.75
64.82,520.88,-81.25,201.75
64.88,520.88,-81.25,201.75
64.95,520.88,-81.25,201.75
65.01,520.88,-81.25,201.75
65.09,520.88,-81.25,201.75
65.15,520.88,-81.25,201.75
65.22,520.88,-81.25,201.75
65.28,520.88,-81.25,201.75
65.35,520.88,-81.25,201.75
65.41,520.88,-81.25,201.75
65.48,520.88,-81.25,201.75
65.54,520.88,-81.25,201.75
65.61,520.88,-81.25,201.75
65.68,520.88,-81.25,201.75
65.74,520.88,-81.25,201.75
65.81,520.88,-81.25,201.75
65.87,520.88,-81.25,201.75
65.94,520.88,-81.25,201.75
66.0,520.88,-81.25,201.75
66.07,520.88,-81.25,201.75
66.13,520.88,-81.25,201.75
66.2,520.88,-81.25,201.75
66.26,520.88,-81.25,201.75
66.33,520.88,-81.25,201.75
66.4,520.88,-81.25,201.75
66.47,520.88,-81.25,201.75
66.53,520.88,-81.25,201.75
66.6,520.88,-81.25,201.75
66.66,520.88,-81.25,201.75
66.73,520.88,-81.25,201.75
66.8,520.88,-81.25,201.75
66.86,520.88,-81.25,201.75
66.93,520.88,-81.25,201.75
66.99,520.88,-81.25,201.75
67.06,520.88,-81.25,201.75
67.12,520.88,-81.25,201.75
67.19,520.88,-81.25,201.75
67.26,520.88,-81.25,201.75
67.32,520.88,-81.25,201.75
67.39,520.88,-81.25,201.75
67.45,520.88,-81.25,201.75
67.52,520.88,-81.25,201.75
67.58,520.88,-81.25,201.75
67.65,520.88,-81.25,201.75
67.71,520.88,-81.25,201.75
67.78,520.88,-81.25,201.75
67.85,520.88,-81.25,201.75
67.91,520.88,-81.25,201.75
67.98,520.88,-81.25,201.75
68.04,520.88,-81.25,201.75
68.11,520.88,-81.25,201.75
68.18,520.88,-81.25,201.75
68.24,520.88,-81.25,201.75
68.31,520.88,-81.25,201.75
68.38,520.88,-81.25,201.75
68.44,520.88,-81.25,201.75
68.51,520.88,-81.25,201.75
68.57,520.88,-81.25,201.75
68.64,520.88,-81.25,201.75
68.71,520.88,-81.25,201.75
68.77,520.88,-81.25,201.75
68.84,520.88,-81.25,201.75
68.9,520.88,-81.25,201.75
68.97,520.88,-81.25,201.75
69.04,520.88,-81.25,201.75
69.1,520.88,-81.25,201.75
69.17,520.88,-81.25,201.75
69.23,520.88,-81.25,201.75
69.3,520.88,-81.25,201.75
69.37,520.88,-81.25,201.75
69.43,520.88,-81.25,201.75
69.5,520.88,-81.25,201.75
69.57,520.88,-81.25,201.75
69.63,520.88,-81.25,201.75
69.7,520.88,-81.25,201.75
69.76,520.88,-81.25,201.75
69.83,520.88,-81.25,201.75
69.9,520.88,-81.25,201.75
69.97,520.88,-81.25,201.75
70.03,520.88,-81.25,201.75
70.1,520.88,-81.25,201.75
70.16,520.88,-81.25,201.75
70.23,520.88,-81.25,201.75
70.3,520.88,-81.25,201.75
70.36,520.88,-81.25,201.75
70.43,520.88,-81.25,201.75
70.5,520.88,-81.25,201.75
70.56,520.88,-81.25,201.75
70.63,520.88,-81.25,201.75
70.7,520.88,-81.25,201.75
70.76,520.88,-81.25,201.75
70.83,520.88,-81.25,201.75
70.9,520.88,-81.25,201.75
70.96,520.88,-81.25,201.75
71.03,520.88,-81.25,201.75
71.09,520.88,-81.25,201.75
71.16,520.88,-81.25,201.75
71.23,520.88,-81.25,201.75
71.29,520.88,-81.25,201.75
71.36,520.88,-81.25,201.75
71.43,520.88,-81.25,201.75
71.49,520.88,-81.25,201.75
71.56,520.88,-81.25,201.75
71.63,520.88,-81.25,201.75
71.69,520.88,-81.25,201.75
71.76,520.88,-81.25,201.75
71.83,520.88,-81.25,201.75
71.9,520.88,-81.25,201.75
71.96,520.88,-81.25,201.75
72.03,520.88,-81.25,201.75
72.1,520.88,-81.25,201.75
72.16,520.88,-81.25,201.75
72.23,520.88,-81.25,201.75
72.3,520.88,-81.25,201.75
72.36,520.88,-81.25,201.75
72.43,520.88,-81.25,201.75
72.49,520.88,-81.25,201.75
72.56,520.88,-81.25,201.75
72.63,520.88,-81.25,201.75
72.7,520.88,-81.25,201.75
72.76,520.88,-81.25,201.75
72.83,520.88,-81.25,201.75
72.9,520.88,-81.25,201.75
72.97,520.88,-81.25,201.75
73.03,520.88,-81.25,201.75
73.1,520.88,-81.25,201.75
73.16,520.88,-81.25,201.75
73.23,520.88,-81.25,201.75
73.3,520.88,-81.25,201.75
73.36,520.88,-81.25,201.75
73.43,520.88,-81.25,201.75
73.49,520.88,-81.25,201.75
73.56,520.88,-81.25,201.75
73.63,520.88,-81.25,201.75
73.69,520.88,-81.25,201.75
73.76,520.88,-81.25,201.75
73.82,520.88,-81.25,201.75
73.89,520.88,-81.25,201.75
73.96,520.88,-81.25,201.75
74.02,520.88,-81.25,201.75
74.09,520.88,-81.25,201.75
74.15,520.88,-81.25,201.75
74.22,520.88,-81.25,201.75
74.29,520.88,-81.25,201.75
74.35,520.88,-81.25,201.75
74.42,520.88,-81.25,201.75
74.48,520.88,-81.25,201.75
74.55,520.88,-81.25,201.75
74.62,520.88,-81.25,201.75
74.68,520.88,-81.25,201.75
74.75,520.88,-81.25,201.75
74.82,520.88,-81.25,201.75
74.88,520.88,-81.25,201.75
74.95,520.88,-81.25,201.75
75.02,520.88,-81.25,201.75
75.08,520.88,-81.25,201.75
75.15,520.88,-81.25,201.75
75.21,520.88,-81.25,201.75
75.28,520.88,-81.25,201.75
75.35,520.88,-81.25,201.75
75.41,520.88,-81.25,201.75
75.48,520.88,-81.25,201.75
75.55,520.88,-81.25,201.75
75.61,520.88,-81.25,201.75
75.68,520.88,-81.25,201.75
75.74,520.88,-81.25,201.75
75.81,520.88,-81.25,201.75
75.88,520.88,-81.25,201.75
75.94,520.88,-81.25,201.75
76.01,520.88,-81.25,201.75
76.08,520.88,-81.25,201.75
76.14,520.88,-81.25,201.75
76.21,520.88,-81.25,201.75
76.28,520.88,-81.25,201.75
76.34,520.88,-81.25,201.75
76.41,520.88,-81.25,201.75
76.48,520.88,-81.25,201.75
76.54,520.88,-81.25,201.75
76.61,520.88,-81.25,201.75
76.67,520.88,-81.25,201.75
76.74,520.88,-81.25,201.75
76.81,520.88,-81.25,201.75
76.87,520.88,-81.25,201.75
76.94,520.88,-81.25,201.75
77.01,520.88,-81.25,201.75
77.07,520.88,-81.25,201.75
77.14,520.88,-81.25,201.75
77.21,520.88,-81.25,201.75
77.27,520.88,-81.25,201.75
77.34,520.88,-81.25,201.75
77.4,520.88,-81.25,201.75
77.47,520.88,-81.25,201.75
77.54,520.88,-81.25,201.75
77.6,520.88,-81.25,201.75
77.67,520.88,-81.25,201.75
77.74,520.88,-81.25,201.75
77.8,520.88,-81.25,201.75
77.87,520.88,-81.25,201.75
77.94,520.88,-81.25,201.75
78.01,520.88,-81.25,201.75
78.07,520.88,-81.25,201.75
78.14,520.88,-81.25,201.75
78.21,520.88,-81.25,201.75
78.27,520.88,-81.25,201.75
78.34,520.88,-81.25,201.75
78.41,520.88,-81.25,201.75
78.47,520.88,-81.25,201.75
78.54,520.88,-81.25,201.75
78.6,520.88,-81.25,201.75
78.67,520.88,-81.25,201.75
78.74,520.88,-81.25,201.75
78.81,520.88,-81.25,201.75
78.88,520.88,-81.25,201.75
78.94,520.88,-81.25,201.75
79.01,520.88,-81.25,201.75
79.08,520.88,-81.25,201.75
79.14,520.88,-81.25,201.75
79.21,520.88,-81.25,201.75
79.28,520.88,-81.25,201.75
79.34,520.88,-81.25,201.75
79.42,520.88,-81.25,201.75
79.48,520.88,-81.25,201.75
79.55,520.88,-81.25,201.75
79.62,520.88,-81.25,201.75
79.68,520.88,-81.25,201.75
79.75,520.88,-81.25,201.75
79.81,520.88,-81.25,201.75
79.88,520.88,-81.25,201.75
79.95,520.88,-81.25,201.75
80.01,520.88,-81.25,201.75
80.08,520.88,-81.25,201.75
80.14,520.88,-81.25,201.75
80.21,520.88,-81.25,201.75
80.28,520.88,-81.25,201.75
80.34,520.88,-81.25,201.75
80.41,520.88,-81.25,201.75
80.48,520.88,-81.25,201.75
80.54,520.88,-81.25,201.75
80.61,520.88,-81.25,201.75
80.68,520.88,-81.25,201.75
80.74,520.88,-81.25,201.75
80.81,520.88,-81.25,201.75
80.87,520.88,-81.25,201.75
80.94,520.88,-81.25,201.75
81.01,520.88,-81.25,201.75
81.07,520.88,-81.25,201.75
81.14,520.88,-81.25,201.75
81.21,520.88,-81.25,201.75
81.27,520.88,-81.25,201.75
81.34,520.88,-81.25,201.75
81.41,520.88,-81.25,201.75
81.47,520.88,-81.25,201.75
81.54,520.88,-81.25,201.75
81.61,520.88,-81.25,201.75
81.67,520.88,-81.25,201.75
81.74,520.88,-81.25,201.75
81.8,520.88,-81.25,201.75
81.87,520.88,-81.25,201.75
81.93,520.88,-81.25,201.75
82.0,520.88,-81.25,201.75
82.06,520.88,-81.25,201.75
82.13,520.88,-81.25,201.75
82.2,520.88,-81.25,201.75
82.26,520.88,-81.25,201.75
82.33,520.88,-81.25,201.75
82.39,520.88,-81.25,201.75
82.46,520.88,-81.25,201.75
82.52,520.88,-81.25,201.75
82.59,520.88,-81.25,201.75
82.66,520.88,-81.25,201.75
82.72,520.88,-81.25,201.75
82.79,520.88,-81.25,201.75
82.85,520.88,-81.25,201.75
82.92,520.88,-81.25,201.75
82.99,520.88,-81.25,201.75
83.05,520.88,-81.25,201.75
83.12,520.88,-81.25,201.75
83.18,520.88,-81.25,201.75
83.25,520.88,-81.25,201.75
83.31,520.88,-81.25,201.75
83.38,520.88,-81.25,201.75
83.45,520.88,-81.25,201.75
83.51,520.88,-81.25,201.75
83.58,520.88,-81.25,201.75
83.64,520.88,-81.25,201.75
83.71,520.88,-81.25,201.75
83.78,520.88,-81.25,201.75
83.84,520.88,-81.25,201.75
83.91,520.88,-81.25,201.75
83.97,520.88,-81.25,201.75
84.04,520.88,-81.25,201.75
84.11,520.88,-81.25,201.75
84.17,520.88,-81.25,201.75
84.24,520.88,-81.25,201.75
84.3,520.88,-81.25,201.75
84.38,520.88,-81.25,201.75
84.45,520.88,-81.25,201.75
84.51,520.88,-81.25,201.75
84.58,520.88,-81.25,201.75
84.65,520.88,-81.25,201.75
84.71,520.88,-81.25,201.75
84.78,520.88,-81.25,201.75
84.84,520.88,-81.25,201.75
84.91,520.88,-81.25,201.75
84.98,520.88,-81.25,201.75
85.04,520.88,-81.25,201.75
85.11,520.88,-81.25,201.75
85.17,520.88,-81.25,201.75
85.24,520.88,-81.25,201.75
85.31,520.88,-81.25,201.75
85.37,520.88,-81.25,201.75
85.44,520.88,-81.25,201.75
85.5,520.88,-81.25,201.75
85.57,520.88,-81.25,201.75
85.64,520.88,-81.25,201.75
85.7,520.88,-81.25,201.75
85.77,520.88,-81.25,201.75
85.84,520.88,-81.25,201.75
85.9,520.88,-81.25,201.75
85.97,520.88,-81.25,201.75
86.04,520.88,-81.25,201.75
86.11,520.88,-81.25,201.75
86.17,520.88,-81.25,201.75
86.24,520.88,-81.25,201.75
86.3,520.88,-81.25,201.75
86.37,520.88,-81.25,201.75
86.43,520.88,-81.25,201.75
86.5,520.88,-81.25,201.75
86.56,520.88,-81.25,201.75
86.63,520.88,-81.25,201.75
86.7,520.88,-81.25,201.75
86.76,520.88,-81.25,201.75
86.83,520.88,-81.25,201.75
86.9,520.88,-81.25,201.75
86.96,520.88,-81.25,201.75
87.03,520.88,-81.25,201.75
87.09,520.88,-81.25,201.75
87.16,520.88,-81.25,201.75
87.23,520.88,-81.25,201.75
87.29,520.88,-81.25,201.75
87.36,520.88,-81.25,201.75
87.42,520.88,-81.25,201.75
87.49,520.88,-81.25,201.75
87.56,520.88,-81.25,201.75
87.62,520.88,-81.25,201.75
87.69,520.88,-81.25,201.75
87.75,520.88,-81.25,201.75
87.82,520.88,-81.25,201.75
87.89,520.88,-81.25,201.75
87.95,520.88,-81.25,201.75
88.02,520.88,-81.25,201.75
88.09,520.88,-81.25,201.75
88.15,520.88,-81.25,201.75
88.22,520.88,-81.25,201.75
88.28,520.88,-81.25,201.75
88.35,520.88,-81.25,201.75
88.42,520.88,-81.25,201.75
88.48,520.88,-81.25,201.75
88.55,520.88,-81.25,201.75
88.62,520.88,-81.25,201.75
88.68,520.88,-81.25,201.75
88.75,520.88,-81.25,201.75
88.81,520.88,-81.25,201.75
88.88,520.88,-81.25,201.75
88.95,520.88,-81.25,201.75
89.01,520.88,-81.25,201.75
89.08,520.88,-81.25,201.75
89.15,520.88,-81.25,201.75
89.21,520.88,-81.25,201.75
89.28,520.88,-81.25,201.75
89.35,520.88,-81.25,201.75
89.41,520.88,-81.25,201.75
89.48,520.88,-81.25,201.75
89.55,520.88,-81.25,201.75
89.61,520.88,-81.25,201.75
89.68,520.88,-81.25,201.75
89.75,520.88,-81.25,201.75
89.81,520.88,-81.25,201.75
89.88,520.88,-81.25,201.75
89.94,520.88,-81.25,201.75
90.01,520.88,-81.25,201.75
90.08,520.88,-81.25,201.75
90.15,520.88,-81.25,201.75
90.21,520.88,-81.25,201.75
90.28,520.88,-81.25,201.75
90.34,520.88,-81.25,201.75
90.41,520.88,-81.25,201.75
90.48,520.88,-81.25,201.75
90.54,520.88,-81.25,201.75
90.61,520.88,-81.25,201.75
90.68,520.88,-81.25,201.75
90.74,520.88,-81.25,201.75
90.81,520.88,-81.25,201.75
90.88,520.88,-81.25,201.75
90.94,520.88,-81.25,201.75
91.01,520.88,-81.25,201.75
91.08,520.88,-81.25,201.75
91.14,520.88,-81.25,201.75
91.21,520.88,-81.25,201.75
91.27,520.88,-81.25,201.75
91.34,520.88,-81.25,201.75
91.41,520.88,-81.25,201.75
91.48,520.88,-81.25,201.75
91.54,520.88,-81.25,201.75
91.61,520.88,-81.25,201.75
91.67,520.88,-81.25,201.75
91.74,520.88,-81.25,201.75
91.81,520.88,-81.25,201.75
91.87,520.88,-81.25,201.75
91.94,520.88,-81.25,201.75
92.01,520.88,-81.25,201.75
92.07,520.88,-81.25,201.75
92.14,520.88,-81.25,201.75
92.21,520.88,-81.25,201.75
92.28,520.88,-81.25,201.75
92.34,520.88,-81.25,201.75
92.41,520.88,-81.25,201.75
92.48,520.88,-81.25,201.75
92.54,520.88,-81.25,201.75
92.61,520.88,-81.25,201.75
92.68,520.88,-81.25,201.75
92.75,520.88,-81.25,201.75
92.81,520.88,-81.25,201.75
92.88,520.88,-81.25,201.75
92.95,520.88,-81.25,201.75
93.01,520.88,-81.25,201.75
93.08,520.88,-81.25,201.75
93.14,520.88,-81.25,201.75
93.21,520.88,-81.25,201.75
93.28,520.88,-81.25,201.75
93.34,520.88,-81.25,201.75
93.41,520.88,-81.25,201.75
93.48,520.88,-81.25,201.75
93.54,520.88,-81.25,201.75
93.61,520.88,-81.25,201.75
93.68,520.88,-81.25,201.75
93.74,520.88,-81.25,201.75
93.81,520.88,-81.25,201.75
93.87,520.88,-81.25,201.75
93.94,520.88,-81.25,201.75
94.01,520.88,-81.25,201.75
94.07,520.88,-81.25,201.75
94.14,520.88,-81.25,201.75
94.2,520.88,-81.25,201.75
94.27,520.88,-81.25,201.75
94.34,520.88,-81.25,201.75
94.4,520.88,-81.25,201.75
94.47,520.88,-81.25,201.75
94.54,520.88,-81.25,201.75
94.6,520.88,-81.25,201.75
94.67,520.88,-81.25,201.75
94.73,520.88,-81.25,201.75
94.8,520.88,-81.25,201.75
94.87,520.88,-81.25,201.75
94.93,520.88,-81.25,201.75
95.0,520.88,-81.25,201.75
95.06,520.88,-81.25,201.75
95.13,520.88,-81.25,201.75
95.2,520.88,-81.25,201.75
95.26,520.88,-81.25,201.75
95.33,520.88,-81.25,201.75
95.4,520.88,-81.25,201.75
95.46,520.88,-81.25,201.75
95.53,520.88,-81.25,201.75
95.59,520.88,-81.25,201.75
95.66,520.88,-81.25,201.75
95.73,520.88,-81.25,201.75
95.79,520.88,-81.25,201.75
95.86,520.88,-81.25,201.75
95.93,520.88,-81.25,201.75
95.99,520.88,-81.25,201.75
96.06,520.88,-81.25,201.75
96.13,520.88,-81.25,201.75
96.19,520.88,-81.25,201.75
96.26,520.88,-81.25,201.75
96.33,520.88,-81.25,201.75
96.39,520.88,-81.25,201.75
96.46,520.88,-81.25,201.75
96.53,520.88,-81.25,201.75
96.59,520.88,-81.25,201.75
96.66,520.88,-81.25,201.75
96.73,520.88,-81.25,201.75
96.79,520.88,-81.25,201.75
96.86,520.88,-81.25,201.75
96.93,520.88,-81.25,201.75
96.99,520.88,-81.25,201.75
97.06,520.88,-81.25,201.75
97.13,520.88,-81.25,201.75
97.19,520.88,-81.25,201.75
97.26,520.88,-81.25,201.75
97.32,520.88,-81.25,201.75
97.39,520.88,-81.25,201.75
97.46,520.88,-81.25,201.75
97.52,520.88,-81.25,201.75
97.59,520.88,-81.25,201.75
97.66,520.88,-81.25,201.75
97.72,520.88,-81.25,201.75
97.79,520.88,-81.25,201.75
97.86,520.88,-81.25,201.75
97.92,520.88,-81.25,201.75
97.99,520.88,-81.25,201.75
98.06,520.88,-81.25,201.75
98.13,520.88,-81.25,201.75
98.19,520.88,-81.25,201.75
98.26,520.88,-81.25,201.75
98.33,520.88,-81.25,201.75
98.39,520.88,-81.25,201.75
98.46,520.88,-81.25,201.75
98.53,520.88,-81.25,201.75
98.59,520.88,-81.25,201.75
98.66,520.88,-81.25,201.75
98.73,520.88,-81.25,201.75
98.79,520.88,-81.25,201.75
98.86,520.88,-81.25,201.75
98.93,520.88,-81.25,201.75
98.99,520.88,-81.25,201.75
99.06,520.88,-81.25,201.75
99.13,520.88,-81.25,201.75
99.19,520.88,-81.25,201.75
99.26,520.88,-81.25,201.75
99.33,520.88,-81.25,201.75
99.4,520.88,-81.25,201.75
99.47,520.88,-81.25,201.75
99.53,520.88,-81.25,201.75
99.6,520.88,-81.25,201.75
99.66,520.88,-81.25,201.75
99.73,520.88,-81.25,201.75
99.8,520.88,-81.25,201.75
99.86,520.88,-81.25,201.75
99.93,520.88,-81.25,201.75
99.99,520.88,-81.25,201.75
100.06,520.88,-81.25,201.75
100.13,520.88,-81.25,201.75
100.19,520.88,-81.25,201.75
100.26,520.88,-81.25,201.75
100.32,520.88,-81.25,201.75
100.39,520.88,-81.25,201.75
100.46,520.88,-81.25,201.75
100.52,520.88,-81.25,201.75
100.59,520.88,-81.25,201.75
100.66,520.88,-81.25,201.75
100.72,520.88,-81.25,201.75
100.79,520.88,-81.25,201.75
100.86,520.88,-81.25,201.75
100.92,520.88,-81.25,201.75
100.99,520.88,-81.25,201.75
101.06,520.88,-81.25,201.75
101.12,520.88,-81.25,201.75
101.19,520.88,-81.25,201.75
101.25,520.88,-81.25,201.75
101.32,520.88,-81.25,201.75
101.39,520.88,-81.25,201.75
101.45,520.88,-81.25,201.75
101.52,520.88,-81.25,201.75
101.59,520.88,-81.25,201.75
101.65,520.88,-81.25,201.75
101.72,520.88,-81.25,201.75
101.79,520.88,-81.25,201.75
101.85,520.88,-81.25,201.75
101.92,520.88,-81.25,201.75
101.99,520.88,-81.25,201.75
102.05,520.88,-81.25,201.75
102.12,520.88,-81.25,201.75
102.19,520.88,-81.25,201.75
102.25,520.88,-81.25,201.75
102.32,520.88,-81.25,201.75
102.38,520.88,-81.25,201.75
102.45,520.88,-81.25,201.75
102.52,520.88,-81.25,201.75
102.58,520.88,-81.25,201.75
102.65,520.88,-81.25,201.75
102.72,520.88,-81.25,201.75
102.78,520.88,-81.25,201.75
102.85,520.88,-81.25,201.75
102.92,520.88,-81.25,201.75
102.98,520.88,-81.25,201.75
103.05,520.88,-81.25,201.75
103.12,520.88,-81.25,201.75
103.18,520.88,-81.25,201.75
103.25,520.88,-81.25,201.75
103.32,520.88,-81.25,201.75
103.38,520.88,-81.25,201.75
103.45,520.88,-81.25,201.75
103.51,520.88,-81.25,201.75
103.58,520.88,-81.25,201.75
103.65,520.88,-81.25,201.75
103.72,520.88,-81.25,201.75
103.78,520.88,-81.25,201.75
103.85,520.88,-81.25,201.75
103.92,520.88,-81.25,201.75
103.98,520.88,-81.25,201.75
104.05,520.88,-81.25,201.75
104.11,520.88,-81.25,201.75
104.18,520.88,-81.25,201.75
104.25,520.88,-81.25,201.75
104.31,520.88,-81.25,201.75
104.38,520.88,-81.25,201.75
104.44,520.88,-81.25,201.75
104.51,520.88,-81.25,201.75
104.58,520.88,-81.25,201.75
104.64,520.88,-81.25,201.75
104.71,520.88,-81.25,201.75
104.77,520.88,-81.25,201.75
104.84,520.88,-81.25,201.75
104.91,520.88,-81.25,201.75
104.97,520.88,-81.25,201.75
105.04,520.88,-81.25,201.75
105.11,520.88,-81.25,201.75
105.17,520.88,-81.25,201.75
105.24,520.88,-81.25,201.75
105.3,520.88,-81.25,201.75
105.37,520.88,-81.25,201.75
105.44,520.88,-81.25,201.75
105.5,520.88,-81.25,201.75
105.57,520.88,-81.25,201.75
105.63,520.88,-81.25,201.75
105.7,520.88,-81.25,201.75
105.77,520.88,-81.25,201.75
105.83,520.88,-81.25,201.75
105.9,520.88,-81.25,201.75
105.96,520.88,-81.25,201.75
106.03,520.88,-81.25,201.75
106.09,520.88,-81.25,201.75
106.16,520.88,-81.25,201.75
106.23,520.88,-81.25,201.75
106.29,520.88,-81.25,201.75
106.36,520.88,-81.25,201.75
106.42,520.88,-81.25,201.75
106.49,520.88,-81.25,201.75
106.55,520.88,-81.25,201.75
106.62,520.88,-81.25,201.75
106.68,520.88,-81.25,201.75
106.75,520.88,-81.25,201.75
106.82,520.88,-81.25,201.75
106.88,520.88,-81.25,201.75
106.95,520.88,-81.25,201.75
107.01,520.88,-81.25,201.75
107.08,520.88,-81.25,201.75
107.15,520.88,-81.25,201.75
107.22,520.88,-81.25,201.75
107.29,520.88,-81.25,201.75
107.35,520.88,-81.25,201.75
107.42,520.88,-81.25,201.75
107.48,520.88,-81.25,201.75
107.55,520.88,-81.25,201.75
107.61,520.88,-81.25,201.75
107.68,520.88,-81.25,201.75
107.74,520.88,-81.25,201.75
107.81,520.88,-81.25,201.75
107.87,520.88,-81.25,201.75
107.94,520.88,-81.25,201.75
108.0,520.88,-81.25,201.75
108.07,520.88,-81.25,201.75
108.13,520.88,-81.25,201.75
108.2,520.88,-81.25,201.75
108.26,520.88,-81.25,201.75
108.33,520.88,-81.25,201.75
108.4,520.88,-81.25,201.75
108.46,520.88,-81.25,201.75
108.53,520.88,-81.25,201.75
108.59,520.88,-81.25,201.75
108.66,520.88,-81.25,201.75
108.72,520.88,-81.25,201.75
108.79,520.88,-81.25,201.75
108.86,520.88,-81.25,201.75
108.92,520.88,-81.25,201.75
108.99,520.88,-81.25,201.75
109.05,520.88,-81.25,201.75
109.12,520.88,-81.25,201.75
109.19,520.88,-81.25,201.75
109.25,520.88,-81.25,201.75
109.32,520.88,-81.25,201.75
109.39,520.88,-81.25,201.75
109.45,520.88,-81.25,201.75
109.52,520.88,-81.25,201.75
109.58,520.88,-81.25,201.75
109.65,520.88,-81.25,201.75
109.72,520.88,-81.25,201.75
109.78,520.88,-81.25,201.75
109.85,520.88,-81.25,201.75
109.92,520.88,-81.25,201.75
109.98,520.88,-81.25,201.75
110.05,520.88,-81.25,201.75
110.11,520.88,-81.25,201.75
110.18,520.88,-81.25,201.75
110.25,520.88,-81.25,201.75
110.31,520.88,-81.25,201.75
110.38,520.88,-81.25,201.75
110.45,520.88,-81.25,201.75
110.51,520.88,-81.25,201.75
110.58,520.88,-81.25,201.75
110.65,520.88,-81.25,201.75
110.71,520.88,-81.25,201.75
110.78,520.88,-81.25,201.75
110.85,520.88,-81.25,201.75
110.91,520.88,-81.25,201.75
110.98,520.88,-81.25,201.75
111.05,520.88,-81.25,201.75
111.11,520.88,-81.25,201.75
111.18,520.88,-81.25,201.75
111.24,520.88,-81.25,201.75
111.31,520.88,-81.25,201.75
111.38,520.88,-81.25,201.75
111.44,520.88,-81.25,201.75
111.51,520.88,-81.25,201.75
111.58,520.88,-81.25,201.75
111.64,520.88,-81.25,201.75
111.71,520.88,-81.25,201.75
111.78,520.88,-81.25,201.75
111.84,520.88,-81.25,201.75
111.91,520.88,-81.25,201.75
111.97,520.88,-81.25,201.75
112.04,520.88,-81.25,201.75
112.11,520.88,-81.25,201.75
112.17,520.88,-81.25,201.75
112.24,520.88,-81.25,201.75
112.31,520.88,-81.25,201.75
112.37,520.88,-81.25,201.75
112.44,520.88,-81.25,201.75
112.51,520.88,-81.25,201.75
112.57,520.88,-81.25,201.75
112.64,520.88,-81.25,201.75
112.71,520.88,-81.25,201.75
112.77,520.88,-81.25,201.75
112.84,520.88,-81.25,201.75
112.91,520.88,-81.25,201.75
112.97,520.88,-81.25,201.75
113.04,520.88,-81.25,201.75
113.11,520.88,-81.25,201.75
113.17,520.88,-81.25,201.75
113.24,520.88,-81.25,201.75
113.31,520.88,-81.25,201.75
113.37,520.88,-81.25,201.75
113.44,520.88,-81.25,201.75
113.5,520.88,-81.25,201.75
113.57,520.88,-81.25,201.75
113.64,520.88,-81.25,201.75
113.71,520.88,-81.25,201.75
113.77,520.88,-81.25,201.75
113.85,520.88,-81.25,201.75
113.91,520.88,-81.25,201.75
113.98,520.88,-81.25,201.75
114.04,520.88,-81.25,201.75
114.11,520.88,-81.25,201.75
114.17,520.88,-81.25,201.75
114.24,520.88,-81.25,201.75
114.31,520.88,-81.25,201.75
114.37,520.88,-81.25,201.75
114.44,520.88,-81.25,201.75
114.5,520.88,-81.25,201.75
114.57,520.88,-81.25,201.75
114.64,520.88,-81.25,201.75
114.7,520.88,-81.25,201.75
114.77,520.88,-81.25,201.75
114.84,520.88,-81.25,201.75
114.9,520.88,-81.25,201.75
114.97,520.88,-81.25,201.75
115.03,520.88,-81.25,201.75
115.1,520.88,-81.25,201.75
115.16,520.88,-81.25,201.75
115.23,520.88,-81.25,201.75
115.3,520.88,-81.25,201.75
115.36,520.88,-81.25,201.75
115.43,520.88,-81.25,201.75
115.5,520.88,-81.25,201.75
115.56,520.88,-81.25,201.75
115.63,520.88,-81.25,201.75
115.69,520.88,-81.25,201.75
115.76,520.88,-81.25,201.75
115.83,520.88,-81.25,201.75
115.89,520.88,-81.25,201.75
115.96,520.88,-81.25,201.75
116.02,520.88,-81.25,201.75
116.09,520.88,-81.25,201.75
116.16,520.88,-81.25,201.75
116.22,520.88,-81.25,201.75
116.29,520.88,-81.25,201.75
116.36,520.88,-81.25,201.75
116.42,520.88,-81.25,201.75
116.49,520.88,-81.25,201.75
116.56,520.88,-81.25,201.75
116.62,520.88,-81.25,201.75
116.69,520.88,-81.25,201.75
116.75,520.88,-81.25,201.75
116.82,520.88,-81.25,201.75
116.89,520.88,-81.25,201.75
116.95,520.88,-81.25,201.75
117.02,520.88,-81.25,201.75
117.09,520.88,-81.25,201.75
117.15,520.88,-81.25,201.75
117.22,520.88,-81.25,201.75
117.28,520.88,-81.25,201.75
117.35,520.88,-81.25,201.75
117.42,520.88,-81.25,201.75
117.48,520.88,-81.25,201.75
117.55,520.88,-81.25,201.75
117.62,520.88,-81.25,201.75
117.68,520.88,-81.25,201.75
117.75,520.88,-81.25,201.75
117.81,520.88,-81.25,201.75
117.88,520.88,-81.25,201.75
117.95,520.88,-81.25,201.75
118.01,520.88,-81.25,201.75
118.08,520.88,-81.25,201.75
118.15,520.88,-81.25,201.75
118.21,520.88,-81.25,201.75
118.28,520.88,-81.25,201.75
118.35,520.88,-81.25,201.75
118.41,520.88,-81.25,201.75
118.48,520.88,-81.25,201.75
118.55,520.88,-81.25,201.75
118.61,520.88,-81.25,201.75
118.68,520.88,-81.25,201.75
118.75,520.88,-81.25,201.75
118.81,520.88,-81.25,201.75
118.88,520.88,-81.25,201.75
118.94,520.88,-81.25,201.75
119.01,520.88,-81.25,201.75
119.08,520.88,-81.25,201.75
119.14,520.88,-81.25,201.75
119.21,520.88,-81.25,201.75
119.28,520.88,-81.25,201.75
119.34,520.88,-81.25,201.75
119.41,520.88,-81.25,201.75
119.48,520.88,-81.25,201.75
119.54,520.88,-81.25,201.75
119.61,520.88,-81.25,201.75
119.68,520.88,-81.25,201.75
119.74,520.88,-81.25,201.75
119.81,520.88,-81.25,201.75
119.88,520.88,-81.25,201.75
119.94,520.88,-81.25,201.75
120.01,520.88,-81.25,201.75
120.08,520.88,-81.25,201.75
120.14,520.88,-81.25,201.75
120.21,520.88,-81.25,201.75
120.28,520.88,-81.25,201.75
120.34,520.88,-81.25,201.75
120.42,520.88,-81.25,201.75
120.48,520.88,-81.25,201.75
120.55,520.88,-81.25,201.75
120.62,520.88,-81.25,201.75
120.68,520.88,-81.25,201.75
120.75,520.88,-81.25,201.75
120.81,520.88,-81.25,201.75
120.88,520.88,-81.25,201.75
120.94,520.88,-81.25,201.75
121.01,520.88,-81.25,201.75
121.08,520.88,-81.25,201.75
121.15,520.88,-81.25,201.75
121.21,520.88,-81.25,201.75
121.28,520.88,-81.25,201.75
121.34,520.88,-81.25,201.75
121.41,520.88,-81.25,201.75
121.48,520.88,-81.25,201.75
121.54,520.88,-81.25,201.75
121.61,520.88,-81.25,201.75
121.67,520.88,-81.25,201.75
121.74,520.88,-81.25,201.75
121.81,520.88,-81.25,201.75
121.87,520.88,-81.25,201.75
121.94,520.88,-81.25,201.75
122.0,520.88,-81.25,201.75
122.07,520.88,-81.25,201.75
122.14,520.88,-81.25,201.75
122.2,520.88,-81.25,201.75
122.27,520.88,-81.25,201.75
122.34,520.88,-81.25,201.75
122.4,520.88,-81.25,201.75
122.47,520.88,-81.25,201.75
122.53,520.88,-81.25,201.75
122.6,520.88,-81.25,201.75
122.67,520.88,-81.25,201.75
122.73,520.88,-81.25,201.75
122.8,520.88,-81.25,201.75
122.87,520.88,-81.25,201.75
122.93,520.88,-81.25,201.75
123.0,520.88,-81.25,201.75
123.06,520.88,-81.25,201.75
123.13,520.88,-81.25,201.75
123.2,520.88,-81.25,201.75
123.26,520.88,-81.25,201.75
123.33,520.88,-81.25,201.75
123.39,520.88,-81.25,201.75
123.46,520.88,-81.25,201.75
123.53,520.88,-81.25,201.75
123.59,520.88,-81.25,201.75
123.66,520.88,-81.25,201.75
123.72,520.88,-81.25,201.75
123.79,520.88,-81.25,201.75
123.85,520.88,-81.25,201.75
123.92,520.88,-81.25,201.75
123.99,520.88,-81.25,201.75
124.05,520.88,-81.25,201.75
124.12,520.88,-81.25,201.75
124.18,520.88,-81.25,201.75
124.25,520.88,-81.25,201.75
124.32,520.88,-81.25,201.75
124.38,520.88,-81.25,201.75
124.45,520.88,-81.25,201.75
124.51,520.88,-81.25,201.75
124.58,520.88,-81.25,201.75
124.65,520.88,-81.25,201.75
124.71,520.88,-81.25,201.75
124.78,520.88,-81.25,201.75
124.84,520.88,-81.25,201.75
124.91,520.88,-81.25,201.75
124.97,520.88,-81.25,201.75
125.04,520.88,-81.25,201.75
125.11,520.88,-81.25,201.75
125.17,520.88,-81.25,201.75
125.24,520.88,-81.25,201.75
125.3,520.88,-81.25,201.75
125.37,520.88,-81.25,201.75
125.43,520.88,-81.25,201.75
125.5,520.88,-81.25,201.75
125.57,520.88,-81.25,201.75
125.63,520.88,-81.25,201.75
125.7,520.88,-81.25,201.75
125.76,520.88,-81.25,201.75
125.83,520.88,-81.25,201.75
125.9,520.88,-81.25,201.75
125.96,520.88,-81.25,201.75
126.03,520.88,-81.25,201.75
126.09,520.88,-81.25,201.75
126.16,520.88,-81.25,201.75
126.23,520.88,-81.25,201.75
126.29,520.88,-81.25,201.75
126.36,520.88,-81.25,201.75
126.42,520.88,-81.25,201.75
126.49,520.88,-81.25,201.75
126.56,520.88,-81.25,201.75
126.62,520.88,-81.25,201.75
126.69,520.88,-81.25,201.75
126.75,520.88,-81.25,201.75
126.82,520.88,-81.25,201.75
126.89,520.88,-81.25,201.75
126.95,520.88,-81.25,201.75
127.02,520.88,-81.25,201.75
127.09,520.88,-81.25,201.75
127.16,520.88,-81.25,201.75
127.22,520.88,-81.25,201.75
127.29,520.88,-81.25,201.75
127.35,520.88,-81.25,201.75
127.42,520.88,-81.25,201.75
127.48,520.88,-81.25,201.75
127.55,520.88,-81.25,201.75
127.61,520.88,-81.25,201.75
127.68,520.88,-81.25,201.75
127.74,520.88,-81.25,201.75
127.81,520.88,-81.25,201.75
127.88,520.88,-81.25,201.75
127.94,520.88,-81.25,201.75
128.01,520.88,-81.25,201.75
128.07,520.88,-81.25,201.75
128.14,520.88,-81.25,201.75
128.21,520.88,-81.25,201.75
128.27,520.88,-81.25,201.75
128.34,520.88,-81.25,201.75
128.4,520.88,-81.25,201.75
128.47,520.88,-81.25,201.75
128.54,520.88,-81.25,201.75
128.6,520.88,-81.25,201.75
128.67,520.88,-81.25,201.75
128.74,520.88,-81.25,201.75
128.8,520.88,-81.25,201.75
128.87,520.88,-81.25,201.75
128.93,520.88,-81.25,201.75
129.0,520.88,-81.25,201.75
129.07,520.88,-81.25,201.75
129.13,520.88,-81.25,201.75
129.2,520.88,-81.25,201.75
129.26,520.88,-81.25,201.75
129.33,520.88,-81.25,201.75
129.4,520.88,-81.25,201.75
129.46,520.88,-81.25,201.75
129.53,520.88,-81.25,201.75
129.6,520.88,-81.25,201.75
129.66,520.88,-81.25,201.75
129.73,520.88,-81.25,201.75
129.8,520.88,-81.25,201.75
129.86,520.88,-81.25,201.75
129.93,520.88,-81.25,201.75
130.0,520.88,-81.25,201.75
130.06,520.88,-81.25,201.75
130.13,520.88,-81.25,201.75
130.19,520.88,-81.25,201.75
130.26,520.88,-81.25,201.75
130.33,520.88,-81.25,201.75
130.39,520.88,-81.25,201.75
130.46,520.88,-81.25,201.75
130.52,520.88,-81.25,201.75
130.59,520.88,-81.25,201.75
130.66,520.88,-81.25,201.75
130.72,520.88,-81.25,201.75
130.79,520.88,-81.25,201.75
130.86,520.88,-81.25,201.75
130.92,520.88,-81.25,201.75
130.99,520.88,-81.25,201.75
131.06,520.88,-81.25,201.75
131.12,520.88,-81.25,201.75
131.19,520.88,-81.25,201.75
131.26,520.88,-81.25,201.75
131.32,520.88,-81.25,201.75
131.39,520.88,-81.25,201.75
131.46,520.88,-81.25,201.75
131.52,520.88,-81.25,201.75
131.59,520.88,-81.25,201.75
131.65,520.88,-81.25,201.75
131.72,520.88,-81.25,201.75
131.79,520.88,-81.25,201.75
131.86,520.88,-81.25,201.75
131.92,520.88,-81.25,201.75
131.99,520.88,-81.25,201.75
132.05,520.88,-81.25,201.75
132.12,520.88,-81.25,201.75
132.19,520.88,-81.25,201.75
132.25,520.88,-81.25,201.75
132.32,520.88,-81.25,201.75
132.39,520.88,-81.25,201.75
132.45,520.88,-81.25,201.75
132.52,520.88,-81.25,201.75
132.59,520.88,-81.25,201.75
132.65,520.88,-81.25,201.75
132.72,520.88,-81.25,201.75
132.79,520.88,-81.25,201.75
132.86,520.88,-81.25,201.75
132.92,520.88,-81.25,201.75
132.99,520.88,-81.25,201.75
133.06,520.88,-81.25,201.75
133.12,520.88,-81.25,201.75
133.19,520.88,-81.25,201.75
133.25,520.88,-81.25,201.75
133.32,520.88,-81.25,201.75
133.39,520.88,-81.25,201.75
133.45,520.88,-81.25,201.75
133.52,520.88,-81.25,201.75
133.59,520.88,-81.25,201.75
133.65,520.88,-81.25,201.75
133.72,520.88,-81.25,201.75
133.79,520.88,-81.25,201.75
133.86,520.88,-81.25,201.75
133.92,520.88,-81.25,201.75
133.99,520.88,-81.25,201.75
134.06,520.88,-81.25,201.75
134.12,520.88,-81.25,201.75
134.19,520.88,-81.25,201.75
134.26,520.88,-81.25,201.75
134.32,520.88,-81.25,201.75
134.39,520.88,-81.25,201.75
134.45,520.88,-81.25,201.75
134.52,520.88,-81.25,201.75
134.59,520.88,-81.25,201.75
134.65,520.88,-81.25,201.75
134.72,520.88,-81.25,201.75
134.78,520.88,-81.25,201.75
134.85,520.88,-81.25,201.75
134.92,520.88,-81.25,201.75
134.98,520.88,-81.25,201.75
135.05,520.88,-81.25,201.75
135.11,520.88,-81.25,201.75
135.18,520.88,-81.25,201.75
135.25,520.88,-81.25,201.75
135.31,520.88,-81.25,201.75
135.38,520.88,-81.25,201.75
135.45,520.88,-81.25,201.75
135.51,520.88,-81.25,201.75
135.58,520.88,-81.25,201.75
135.64,520.88,-81.25,201.75
135.71,520.88,-81.25,201.75
135.77,520.88,-81.25,201.75
135.84,520.88,-81.25,201.75
135.91,520.88,-81.25,201.75
135.97,520.88,-81.25,201.75
136.04,520.88,-81.25,201.75
136.11,520.88,-81.25,201.75
136.17,520.88,-81.25,201.75
136.24,520.88,-81.25,201.75
136.31,520.88,-81.25,201.75
136.37,520.88,-81.25,201.75
136.44,520.88,-81.25,201.75
136.5,520.88,-81.25,201.75
136.57,520.88,-81.25,201.75
136.64,520.88,-81.25,201.75
136.7,520.88,-81.25,201.75
136.77,520.88,-81.25,201.75
136.84,520.88,-81.25,201.75
136.9,520.88,-81.25,201.75
136.97,520.88,-81.25,201.75
137.03,520.88,-81.25,201.75
137.1,520.88,-81.25,201.75
137.17,520.88,-81.25,201.75
137.24,520.88,-81.25,201.75
137.3,520.88,-81.25,201.75
137.37,520.88,-81.25,201.75
137.43,520.88,-81.25,201.75
137.5,520.88,-81.25,201.75
137.57,520.88,-81.25,201.75
137.63,520.88,-81.25,201.75
137.7,520.88,-81.25,201.75
137.77,520.88,-81.25,201.75
137.83,520.88,-81.25,201.75
137.9,520.88,-81.25,201.75
137.96,520.88,-81.25,201.75
138.03,520.88,-81.25,201.75
138.1,520.88,-81.25,201.75
138.16,520.88,-81.25,201.75
138.23,520.88,-81.25,201.75
138.3,520.88,-81.25,201.75
138.36,520.88,-81.25,201.75
138.43,520.88,-81.25,201.75
138.5,520.88,-81.25,201.75
138.56,520.88,-81.25,201.75
138.63,520.88,-81.25,201.75
138.7,520.88,-81.25,201.75
138.76,520.88,-81.25,201.75
138.83,520.88,-81.25,201.75
138.9,520.88,-81.25,201.75
138.96,520.88,-81.25,201.75
139.03,520.88,-81.25,201.75
139.1,520.88,-81.25,201.75
139.16,520.88,-81.25,201.75
139.23,520.88,-81.25,201.75
139.3,520.88,-81.25,201.75
139.36,520.88,-81.25,201.75
139.43,520.88,-81.25,201.75
139.5,520.88,-81.25,201.75
139.56,520.88,-81.25,201.75
139.63,520.88,-81.25,201.75
139.7,520.88,-81.25,201.75
139.76,520.88,-81.25,201.75
139.83,520.88,-81.25,201.75
139.9,520.88,-81.25,201.75
139.96,520.88,-81.25,201.75
140.03,520.88,-81.25,201.75
140.1,520.88,-81.25,201.75
140.16,520.88,-81.25,201.75
140.23,520.88,-81.25,201.75
140.3,520.88,-81.25,201.75
140.37,520.88,-81.25,201.75
140.44,520.88,-81.25,201.75
140.5,520.88,-81.25,201.75
140.57,520.88,-81.25,201.75
140.63,520.88,-81.25,201.75
140.7,520.88,-81.25,201.75
140.77,520.88,-81.25,201.75
140.83,520.88,-81.25,201.75
140.9,520.88,-81.25,201.75
140.96,520.88,-81.25,201.75
141.03,520.88,-81.25,201.75
141.1,520.88,-81.25,201.75
141.16,520.88,-81.25,201.75
141.23,520.88,-81.25,201.75
141.29,520.88,-81.25,201.75
141.36,520.88,-81.25,201.75
141.43,520.88,-81.25,201.75
141.49,520.88,-81.25,201.75
141.56,520.88,-81.25,201.75
141.62,520.88,-81.25,201.75
141.69,520.88,-81.25,201.75
141.76,520.88,-81.25,201.75
141.82,520.88,-81.25,201.75
141.89,520.88,-81.25,201.75
141.96,520.88,-81.25,201.75
142.02,520.88,-81.25,201.75
142.09,520.88,-81.25,201.75
142.15,520.88,-81.25,201.75
142.22,520.88,-81.25,201.75
142.29,520.88,-81.25,201.75
142.35,520.88,-81.25,201.75
142.42,520.88,-81.25,201.75
142.49,520.88,-81.25,201.75
142.55,520.88,-81.25,201.75
142.62,520.88,-81.25,201.75
142.69,520.88,-81.25,201.75
142.75,520.88,-81.25,201.75
142.82,520.88,-81.25,201.75
142.88,520.88,-81.25,201.75
142.95,520.88,-81.25,201.75
143.02,520.88,-81.25,201.75
143.08,520.88,-81.25,201.75
143.15,520.88,-81.25,201.75
143.22,520.88,-81.25,201.75
143.28,520.88,-81.25,201.75
143.35,520.88,-81.25,201.75
143.41,520.88,-81.25,201.75
143.48,520.88,-81.25,201.75
143.55,520.88,-81.25,201.75
143.61,520.88,-81.25,201.75
143.68,520.88,-81.25,201.75
143.75,520.88,-81.25,201.75
143.81,520.88,-81.25,201.75
143.88,520.88,-81.25,201.75
143.95,520.88,-81.25,201.75
144.01,520.88,-81.25,201.75
144.08,520.88,-81.25,201.75
144.14,520.88,-81.25,201.75
144.21,520.88,-81.25,201.75
144.28,520.88,-81.25,201.75
144.34,520.88,-81.25,201.75
144.41,520.88,-81.25,201.75
144.48,520.88,-81.25,201.75
144.54,520.88,-81.25,201.75
144.61,520.88,-81.25,201.75
144.68,520.88,-81.25,201.75
144.74,520.88,-81.25,201.75
144.81,520.88,-81.25,201.75
144.88,520.88,-81.25,201.75
144.94,520.88,-81.25,201.75
145.01,520.88,-81.25,201.75
145.08,520.88,-81.25,201.75
145.14,520.88,-81.25,201.75
145.21,520.88,-81.25,201.75
145.27,520.88,-81.25,201.75
145.34,520.88,-81.25,201.75
145.41,520.88,-81.25,201.75
145.47,520.88,-81.25,201.75
145.54,520.88,-81.25,201.75
145.61,520.88,-81.25,201.75
145.67,520.88,-81.25,201.75
145.74,520.88,-81.25,201.75
145.81,520.88,-81.25,201.75
145.88,520.88,-81.25,201.75
145.94,520.88,-81.25,201.75
146.01,520.88,-81.25,201.75
146.08,520.88,-81.25,201.75
146.14,520.88,-81.25,201.75
146.21,520.88,-81.25,201.75
146.28,520.88,-81.25,201.75
146.34,520.88,-81.25,201.75
146.41,520.88,-81.25,201.75
146.47,520.88,-81.25,201.75
146.54,520.88,-81.25,201.75
146.61,520.88,-81.25,201.75
146.67,520.88,-81.25,201.75
146.74,520.88,-81.25,201.75
146.81,520.88,-81.25,201.75
146.88,520.88,-81.25,201.75
146.95,520.88,-81.25,201.75
147.01,520.88,-81.25,201.75
147.08,520.88,-81.25,201.75
147.15,520.88,-81.25,201.75
147.21,520.88,-81.25,201.75
147.28,520.88,-81.25,201.75
147.34,520.88,-81.25,201.75
147.41,520.88,-81.25,201.75
147.48,520.88,-81.25,201.75
147.54,520.88,-81.25,201.75
147.61,520.88,-81.25,201.75
147.67,520.88,-81.25,201.75
147.74,520.88,-81.25,201.75
147.81,520.88,-81.25,201.75
147.87,520.88,-81.25,201.75
147.94,520.88,-81.25,201.75
148.0,520.88,-81.25,201.75
148.07,520.88,-81.25,201.75
148.14,520.88,-81.25,201.75
148.21,520.88,-81.25,201.75
148.28,520.88,-81.25,201.75
148.34,520.88,-81.25,201.75
148.41,520.88,-81.25,201.75
148.48,520.88,-81.25,201.75
148.54,520.88,-81.25,201.75
148.61,520.88,-81.25,201.75
148.67,520.88,-81.25,201.75
148.74,520.88,-81.25,201.75
148.81,520.88,-81.25,201.75
148.87,520.88,-81.25,201.75
148.94,520.88,-81.25,201.75
149.0,520.88,-81.25,201.75
149.07,520.88,-81.25,201.75
149.14,520.88,-81.25,201.75
149.2,520.88,-81.25,201.75
149.27,520.88,-81.25,201.75
149.33,520.88,-81.25,201.75
149.4,520.88,-81.25,201.75
149.47,520.88,-81.25,201.75
149.53,520.88,-81.25,201.75
149.6,520.88,-81.25,201.75
149.67,520.88,-81.25,201.75
149.73,520.88,-81.25,201.75
149.8,520.88,-81.25,201.75
149.86,520.88,-81.25,201.75
149.93,520.88,-81.25,201.75
150.0,520.88,-81.25,201.75
150.06,520.88,-81.25,201.75
150.13,520.88,-81.25,201.75
150.2,520.88,-81.25,201.75
150.26,520.88,-81.25,201.75
150.33,520.88,-81.25,201.75
150.39,520.88,-81.25,201.75
150.46,520.88,-81.25,201.75
150.53,520.88,-81.25,201.75
150.59,520.88,-81.25,201.75
150.66,520.88,-81.25,201.75
150.72,520.88,-81.25,201.75
150.79,520.88,-81.25,201.75
150.86,520.88,-81.25,201.75
150.92,520.88,-81.25,201.75
150.99,520.88,-81.25,201.75
151.05,520.88,-81.25,201.75
151.12,520.88,-81.25,201.75
151.19,520.88,-81.25,201.75
151.25,520.88,-81.25,201.75
151.32,520.88,-81.25,201.75
151.39,520.88,-81.25,201.75
151.45,520.88,-81.25,201.75
151.52,520.88,-81.25,201.75
151.58,520.88,-81.25,201.75
151.65,520.88,-81.25,201.75
151.72,520.88,-81.25,201.75
151.78,520.88,-81.25,201.75
151.85,520.88,-81.25,201.75
151.92,520.88,-81.25,201.75
151.98,520.88,-81.25,201.75
152.05,520.88,-81.25,201.75
152.11,520.88,-81.25,201.75
152.18,520.88,-81.25,201.75
152.25,520.88,-81.25,201.75
152.32,520.88,-81.25,201.75
152.38,520.88,-81.25,201.75
152.45,520.88,-81.25,201.75
152.51,520.88,-81.25,201.75
152.58,520.88,-81.25,201.75
152.65,520.88,-81.25,201.75
152.71,520.88,-81.25,201.75
152.78,520.88,-81.25,201.75
152.85,520.88,-81.25,201.75
152.91,520.88,-81.25,201.75
152.98,520.88,-81.25,201.75
153.05,520.88,-81.25,201.75
153.11,520.88,-81.25,201.75
153.18,520.88,-81.25,201.75
153.25,520.88,-81.25,201.75
153.31,520.88,-81.25,201.75
153.38,520.88,-81.25,201.75
153.45,520.88,-81.25,201.75
153.51,520.88,-81.25,201.75
153.58,520.88,-81.25,201.75
153.65,520.88,-81.25,201.75
153.71,520.88,-81.25,201.75
153.78,520.88,-81.25,201.75
153.85,520.88,-81.25,201.75
153.91,520.88,-81.25,201.75
153.98,520.88,-81.25,201.75
154.05,520.88,-81.25,201.75
154.11,520.88,-81.25,201.75
154.18,520.88,-81.25,201.75
154.25,520.88,-81.25,201.75
154.31,520.88,-81.25,201.75
154.38,520.88,-81.25,201.75
154.45,520.88,-81.25,201.75
154.51,520.88,-81.25,201.75
154.58,520.88,-81.25,201.75
154.65,520.88,-81.25,201.75
154.71,520.88,-81.25,201.75
154.78,520.88,-81.25,201.75
154.85,520.88,-81.25,201.75
154.92,520.88,-81.25,201.75
154.99,520.88,-81.25,201.75
155.05,520.88,-81.25,201.75
155.12,520.88,-81.25,201.75
155.18,520.88,-81.25,201.75
155.25,520.88,-81.25,201.75
155.32,520.88,-81.25,201.75
155.38,520.88,-81.25,201.75
155.45,520.88,-81.25,201.75
155.52,520.88,-81.25,201.75
155.58,520.88,-81.25,201.75
155.65,520.88,-81.25,201.75
155.71,520.88,-81.25,201.75
155.78,520.88,-81.25,201.75
155.85,520.88,-81.25,201.75
155.91,520.88,-81.25,201.75
155.98,520.88,-81.25,201.75
156.05,520.88,-81.25,201.75
156.11,520.88,-81.25,201.75
156.18,520.88,-81.25,201.75
156.24,520.88,-81.25,201.75
156.31,520.88,-81.25,201.75
156.38,520.88,-81.25,201.75
156.44,520.88,-81.25,201.75
156.51,520.88,-81.25,201.75
156.57,520.88,-81.25,201.75
156.64,520.88,-81.25,201.75
156.7,520.88,-81.25,201.75
156.77,520.88,-81.25,201.75
156.84,520.88,-81.25,201.75
156.91,520.88,-81.25,201.75
156.97,520.88,-81.25,201.75
157.04,520.88,-81.25,201.75
157.1,520.88,-81.25,201.75
157.17,520.88,-81.25,201.75
157.23,520.88,-81.25,201.75
157.3,520.88,-81.25,201.75
157.37,520.88,-81.25,201.75
157.43,520.88,-81.25,201.75
157.5,520.88,-81.25,201.75
157.56,520.88,-81.25,201.75
157.63,520.88,-81.25,201.75
157.7,520.88,-81.25,201.75
157.76,520.88,-81.25,201.75
157.83,520.88,-81.25,201.75
157.89,520.88,-81.25,201.75
157.96,520.88,-81.25,201.75
158.02,520.88,-81.25,201.75
158.09,520.88,-81.25,201.75
158.16,520.88,-81.25,201.75
158.22,520.88,-81.25,201.75
158.29,520.88,-81.25,201.75
158.35,520.88,-81.25,201.75
158.42,520.88,-81.25,201.75
158.49,520.88,-81.25,201.75
158.55,520.88,-81.25,201.75
158.62,520.88,-81.25,201.75
158.68,520.88,-81.25,201.75
158.75,520.88,-81.25,201.75
158.82,520.88,-81.25,201.75
158.88,520.88,-81.25,201.75
158.95,520.88,-81.25,201.75
159.01,520.88,-81.25,201.75
159.08,520.88,-81.25,201.75
159.14,520.88,-81.25,201.75
159.21,520.88,-81.25,201.75
159.28,520.88,-81.25,201.75
159.34,520.88,-81.25,201.75
159.41,520.88,-81.25,201.75
159.47,520.88,-81.25,201.75
159.54,520.88,-81.25,201.75
159.61,520.88,-81.25,201.75
159.67,520.88,-81.25,201.75
159.74,520.88,-81.25,201.75
159.8,520.88,-81.25,201.75
159.87,520.88,-81.25,201.75
159.94,520.88,-81.25,201.75
160.0,520.88,-81.25,201.75
160.07,520.88,-81.25,201.75
160.13,520.88,-81.25,201.75
160.2,520.88,-81.25,201.75
160.27,520.88,-81.25,201.75
160.33,520.88,-81.25,201.75
160.4,520.88,-81.25,201.75
160.46,520.88,-81.25,201.75
160.53,520.88,-81.25,201.75
160.6,520.88,-81.25,201.75
160.66,520.88,-81.25,201.75
160.73,520.88,-81.25,201.75
160.79,520.88,-81.25,201.75
160.86,520.88,-81.25,201.75
160.93,520.88,-81.25,201.75
160.99,520.88,-81.25,201.75
161.06,520.88,-81.25,201.75
161.13,520.88,-81.25,201.75
161.19,520.88,-81.25,201.75
161.26,520.88,-81.25,201.75
161.33,520.88,-81.25,201.75
161.39,520.88,-81.25,201.75
161.47,520.88,-81.25,201.75
161.53,520.88,-81.25,201.75
161.6,520.88,-81.25,201.75
161.66,520.88,-81.25,201.75
161.73,520.88,-81.25,201.75
161.8,520.88,-81.25,201.75
161.86,520.88,-81.25,201.75
161.93,520.88,-81.25,201.75
161.99,520.88,-81.25,201.75
162.06,520.88,-81.25,201.75
162.13,520.88,-81.25,201.75
162.19,520.88,-81.25,201.75
162.26,520.88,-81.25,201.75
162.32,520.88,-81.25,201.75
162.39,520.88,-81.25,201.75
162.46,520.88,-81.25,201.75
162.52,520.88,-81.25,201.75
162.59,520.88,-81.25,201.75
162.65,520.88,-81.25,201.75
162.72,520.88,-81.25,201.75
162.79,520.88,-81.25,201.75
162.85,520.88,-81.25,201.75
162.92,520.88,-81.25,201.75
162.99,520.88,-81.25,201.75
163.05,520.88,-81.25,201.75
163.12,520.88,-81.25,201.75
163.18,520.88,-81.25,201.75
163.25,520.88,-81.25,201.75
163.32,520.88,-81.25,201.75
163.38,520.88,-81.25,201.75
163.45,520.88,-81.25,201.75
163.51,520.88,-81.25,201.75
163.58,520.88,-81.25,201.75
163.65,520.88,-81.25,201.75
163.71,520.88,-81.25,201.75
163.78,520.88,-81.25,201.75
163.84,520.88,-81.25,201.75
163.91,520.88,-81.25,201.75
163.98,520.88,-81.25,201.75
164.04,520.88,-81.25,201.75
164.11,520.88,-81.25,201.75
164.18,520.88,-81.25,201.75
164.24,520.88,-81.25,201.75
164.31,520.88,-81.25,201.75
164.37,520.88,-81.25,201.75
164.44,520.88,-81.25,201.75
164.51,520.88,-81.25,201.75
164.57,520.88,-81.25,201.75
164.64,520.88,-81.25,201.75
164.71,520.88,-81.25,201.75
164.77,520.88,-81.25,201.75
164.84,520.88,-81.25,201.75
164.9,520.88,-81.25,201.75
164.97,520.88,-81.25,201.75
165.04,520.88,-81.25,201.75
165.11,520.88,-81.25,201.75
165.17,520.88,-81.25,201.75
165.24,520.88,-81.25,201.75
165.3,520.88,-81.25,201.75
165.37,520.88,-81.25,201.75
165.44,520.88,-81.25,201.75
165.5,520.88,-81.25,201.75
165.57,520.88,-81.25,201.75
165.64,520.88,-81.25,201.75
165.7,520.88,-81.25,201.75
165.77,520.88,-81.25,201.75
165.84,520.88,-81.25,201.75
165.9,520.88,-81.25,201.75
165.97,520.88,-81.25,201.75
166.04,520.88,-81.25,201.75
166.1,520.88,-81.25,201.75
166.17,520.88,-81.25,201.75
166.24,520.88,-81.25,201.75
166.3,520.88,-81.25,201.75
166.37,520.88,-81.25,201.75
166.43,520.88,-81.25,201.75
166.5,520.88,-81.25,201.75
166.57,520.88,-81.25,201.75
166.63,520.88,-81.25,201.75
166.7,520.88,-81.25,201.75
166.77,520.88,-81.25,201.75
166.83,520.88,-81.25,201.75
166.9,520.88,-81.25,201.75
166.97,520.88,-81.25,201.75
167.03,520.88,-81.25,201.75
167.1,520.88,-81.25,201.75
167.17,520.88,-81.25,201.75
167.24,520.88,-81.25,201.75
167.3,520.88,-81.25,201.75
167.37,520.88,-81.25,201.75
167.43,520.88,-81.25,201.75
167.5,520.88,-81.25,201.75
167.57,520.88,-81.25,201.75
167.63,520.88,-81.25,201.75
167.7,520.88,-81.25,201.75
167.78,520.88,-81.25,201.75
167.84,520.88,-81.25,201.75
167.91,520.88,-81.25,201.75
167.97,520.88,-81.25,201.75
168.04,520.88,-81.25,201.75
168.11,520.88,-81.25,201.75
168.17,520.88,-81.25,201.75
168.24,520.88,-81.25,201.75
168.31,520.88,-81.25,201.75
168.37,520.88,-81.25,201.75
168.44,520.88,-81.25,201.75
168.5,520.88,-81.25,201.75
168.57,520.88,-81.25,201.75
168.64,520.88,-81.25,201.75
168.7,520.88,-81.25,201.75
168.77,520.88,-81.25,201.75
168.83,520.88,-81.25,201.75
168.9,520.88,-81.25,201.75
168.96,520.88,-81.25,201.75
169.03,520.88,-81.25,201.75
169.1,520.88,-81.25,201.75
169.16,520.88,-81.25,201.75
169.23,520.88,-81.25,201.75
169.3,520.88,-81.25,201.75
169.36,520.88,-81.25,201.75
169.43,520.88,-81.25,201.75
169.49,520.88,-81.25,201.75
169.56,520.88,-81.25,201.75
169.63,520.88,-81.25,201.75
169.69,520.88,-81.25,201.75
169.76,520.88,-81.25,201.75
169.82,520.88,-81.25,201.75
169.89,520.88,-81.25,201.75
169.96,520.88,-81.25,201.75
170.02,520.88,-81.25,201.75
170.09,520.88,-81.25,201.75
170.15,520.88,-81.25,201.75
170.22,520.88,-81.25,201.75
170.29,520.88,-81.25,201.75
170.35,520.88,-81.25,201.75
170.42,520.88,-81.25,201.75
170.49,520.88,-81.25,201.75
170.55,520.88,-81.25,201.75
170.62,520.88,-81.25,201.75
170.69,520.88,-81.25,201.75
170.75,520.88,-81.25,201.75
170.82,520.88,-81.25,201.75
170.88,520.88,-81.25,201.75
170.95,520.88,-81.25,201.75
171.02,520.88,-81.25,201.75
171.08,520.88,-81.25,201.75
171.15,520.88,-81.25,201.75
171.22,520.88,-81.25,201.75
171.28,520.88,-81.25,201.75
171.35,520.88,-81.25,201.75
171.42,520.88,-81.25,201.75
171.48,520.88,-81.25,201.75
171.55,520.88,-81.25,201.75
171.62,520.88,-81.25,201.75
171.68,520.88,-81.25,201.75
171.75,520.88,-81.25,201.75
171.81,520.88,-81.25,201.75
171.88,520.88,-81.25,201.75
171.95,520.88,-81.25,201.75
172.01,520.88,-81.25,201.75
172.08,520.88,-81.25,201.75
172.15,520.88,-81.25,201.75
172.21,520.88,-81.25,201.75
172.28,520.88,-81.25,201.75
172.35,520.88,-81.25,201.75
172.41,520.88,-81.25,201.75
172.48,520.88,-81.25,201.75
172.55,520.88,-81.25,201.75
172.61,520.88,-81.25,201.75
172.68,520.88,-81.25,201.75
172.75,520.88,-81.25,201.75
172.81,520.88,-81.25,201.75
172.88,520.88,-81.25,201.75
172.95,520.88,-81.25,201.75
173.01,520.88,-81.25,201.75
173.08,520.88,-81.25,201.75
173.15,520.88,-81.25,201.75
173.21,520.88,-81.25,201.75
173.28,520.88,-81.25,201.75
173.34,520.88,-81.25,201.75
173.41,520.88,-81.25,201.75
173.48,520.88,-81.25,201.75
173.55,520.88,-81.25,201.75
173.61,520.88,-81.25,201.75
173.68,520.88,-81.25,201.75
173.75,520.88,-81.25,201.75
173.81,520.88,-81.25,201.75
173.88,520.88,-81.25,201.75
173.95,520.88,-81.25,201.75
174.01,520.88,-81.25,201.75
174.09,520.88,-81.25,201.75
174.15,520.88,-81.25,201.75
174.22,520.88,-81.25,201.75
174.28,520.88,-81.25,201.75
174.35,520.88,-81.25,201.75
174.41,520.88,-81.25,201.75
174.48,520.88,-81.25,201.75
174.55,520.88,-81.25,201.75
174.61,520.88,-81.25,201.75
174.68,520.88,-81.25,201.75
174.75,520.88,-81.25,201.75
174.81,520.88,-81.25,201.75
174.88,520.88,-81.25,201.75
174.94,520.88,-81.25,201.75
175.01,520.88,-81.25,201.75
175.08,520.88,-81.25,201.75
175.14,520.88,-81.25,201.75
175.21,520.88,-81.25,201.75
175.27,520.88,-81.25,201.75
175.34,520.88,-81.25,201.75
175.41,520.88,-81.25,201.75
175.47,520.88,-81.25,201.75
175.54,520.88,-81.25,201.75
175.61,520.88,-81.25,201.75
175.67,520.88,-81.25,201.75
175.74,520.88,-81.25,201.75
175.81,520.88,-81.25,201.75
175.87,520.88,-81.25,201.75
175.94,520.88,-81.25,201.75
176.0,520.88,-81.25,201.75
176.07,520.88,-81.25,201.75
176.14,520.88,-81.25,201.75
176.2,520.88,-81.25,201.75
176.27,520.88,-81.25,201.75
176.33,520.88,-81.25,201.75
176.4,520.88,-81.25,201.75
176.47,520.88,-81.25,201.75
176.53,520.88,-81.25,201.75
176.6,520.88,-81.25,201.75
176.66,520.88,-81.25,201.75
176.73,520.88,-81.25,201.75
176.8,520.88,-81.25,201.75
176.86,520.88,-81.25,201.75
176.93,520.88,-81.25,201.75
177.0,520.88,-81.25,201.75
177.06,520.88,-81.25,201.75
177.13,520.88,-81.25,201.75
177.2,520.88,-81.25,201.75
177.26,520.88,-81.25,201.75
177.33,520.88,-81.25,201.75
177.39,520.88,-81.25,201.75
177.46,520.88,-81.25,201.75
177.53,520.88,-81.25,201.75
177.59,520.88,-81.25,201.75
177.66,520.88,-81.25,201.75
177.73,520.88,-81.25,201.75
177.79,520.88,-81.25,201.75
177.86,520.88,-81.25,201.75
177.93,520.88,-81.25,201.75
177.99,520.88,-81.25,201.75
178.06,520.88,-81.25,201.75
178.12,520.88,-81.25,201.75
178.19,520.88,-81.25,201.75
178.26,520.88,-81.25,201.75
178.32,520.88,-81.25,201.75
178.39,520.88,-81.25,201.75
178.46,520.88,-81.25,201.75
178.52,520.88,-81.25,201.75
178.59,520.88,-81.25,201.75
178.66,520.88,-81.25,201.75
178.72,520.88,-81.25,201.75
178.79,520.88,-81.25,201.75
178.86,520.88,-81.25,201.75
178.92,520.88,-81.25,201.75
178.99,520.88,-81.25,201.75
179.06,520.88,-81.25,201.75
179.12,520.88,-81.25,201.75
179.19,520.88,-81.25,201.75
179.26,520.88,-81.25,201.75
179.32,520.88,-81.25,201.75
179.39,520.88,-81.25,201.75
179.46,520.88,-81.25,201.75
179.52,520.88,-81.25,201.75
179.59,520.88,-81.25,201.75
179.66,520.88,-81.25,201.75
179.72,520.88,-81.25,201.75
179.79,520.88,-81.25,201.75
179.86,520.88,-81.25,201.75
179.92,520.88,-81.25,201.75
179.99,520.88,-81.25,201.75
180.06,520.88,-81.25,201.75
180.13,520.88,-81.25,201.75
180.19,520.88,-81.25,201.75
180.26,520.88,-81.25,201.75
180.33,520.88,-81.25,201.75
180.4,520.88,-81.25,201.75
180.46,520.88,-81.25,201.75
180.53,520.88,-81.25,201.75
180.6,520.88,-81.25,201.75
180.66,520.88,-81.25,201.75
180.73,520.88,-81.25,201.75
180.79,520.88,-81.25,201.75
180.86,520.88,-81.25,201.75
180.93,520.88,-81.25,201.75
180.99,520.88,-81.25,201.75
181.06,520.88,-81.25,201.75
181.13,520.88,-81.25,201.75
181.19,520.88,-81.25,201.75
181.26,520.88,-81.25,201.75
181.32,520.88,-81.25,201.75
181.39,520.88,-81.25,201.75
181.46,520.88,-81.25,201.75
181.52,520.88,-81.25,201.75
181.59,520.88,-81.25,201.75
181.65,520.88,-81.25,201.75
181.72,520.88,-81.25,201.75
181.79,520.88,-81.25,201.75
181.85,520.88,-81.25,201.75
181.92,520.88,-81.25,201.75
181.98,520.88,-81.25,201.75
182.05,520.88,-81.25,201.75
182.12,520.88,-81.25,201.75
182.18,520.88,-81.25,201.75
182.25,520.88,-81.25,201.75
182.32,520.88,-81.25,201.75
182.38,520.88,-81.25,201.75
182.45,520.88,-81.25,201.75
182.52,520.88,-81.25,201.75
182.58,520.88,-81.25,201.75
182.65,520.88,-81.25,201.75
182.71,520.88,-81.25,201.75
182.78,520.88,-81.25,201.75
182.85,520.88,-81.25,201.75
182.91,520.88,-81.25,201.75
182.98,520.88,-81.25,201.75
183.05,520.88,-81.25,201.75
183.11,520.88,-81.25,201.75
183.18,520.88,-81.25,201.75
183.24,520.88,-81.25,201.75
183.31,520.88,-81.25,201.75
183.38,520.88,-81.25,201.75
183.44,520.88,-81.25,201.75
183.51,520.88,-81.25,201.75
183.58,520.88,-81.25,201.75
183.64,520.88,-81.25,201.75
183.71,520.88,-81.25,201.75
183.78,520.88,-81.25,201.75
183.84,520.88,-81.25,201.75
183.91,520.88,-81.25,201.75
183.98,520.88,-81.25,201.75
184.04,520.88,-81.25,201.75
184.11,520.88,-81.25,201.75
184.18,520.88,-81.25,201.75
184.24,520.88,-81.25,201.75
184.31,520.88,-81.25,201.75
184.37,520.88,-81.25,201.75
184.44,520.88,-81.25,201.75
184.51,520.88,-81.25,201.75
184.57,520.88,-81.25,201.75
184.64,520.88,-81.25,201.75
184.71,520.88,-81.25,201.75
184.77,520.88,-81.25,201.75
184.84,520.88,-81.25,201.75
184.91,520.88,-81.25,201.75
184.97,520.88,-81.25,201.75
185.04,520.88,-81.25,201.75
185.11,520.88,-81.25,201.75
185.17,520.88,-81.25,201.75
185.24,520.88,-81.25,201.75
185.3,520.88,-81.25,201.75
185.37,520.88,-81.25,201.75
185.44,520.88,-81.25,201.75
185.5,520.88,-81.25,201.75
185.57,520.88,-81.25,201.75
185.64,520.88,-81.25,201.75
185.7,520.88,-81.25,201.75
185.77,520.88,-81.25,201.75
185.84,520.88,-81.25,201.75
185.9,520.88,-81.25,201.75
185.97,520.88,-81.25,201.75
186.04,520.88,-81.25,201.75
186.1,520.88,-81.25,201.75
186.17,520.88,-81.25,201.75
186.24,520.88,-81.25,201.75
186.3,520.88,-81.25,201.75
186.37,520.88,-81.25,201.75
186.44,520.88,-81.25,201.75
186.5,520.88,-81.25,201.75
186.57,520.88,-81.25,201.75
186.64,520.88,-81.25,201.75
186.7,520.88,-81.25,201.75
186.78,520.88,-81.25,201.75
186.84,520.88,-81.25,201.75
186.91,520.88,-81.25,201.75
186.98,520.88,-81.25,201.75
187.04,520.88,-81.25,201.75
187.11,520.88,-81.25,201.75
187.17,520.88,-81.25,201.75
187.24,520.88,-81.25,201.75
187.31,520.88,-81.25,201.75
187.37,520.88,-81.25,201.75
187.44,520.88,-81.25,201.75
187.5,520.88,-81.25,201.75
187.57,520.88,-81.25,201.75
187.64,520.88,-81.25,201.75
187.7,520.88,-81.25,201.75
187.77,520.88,-81.25,201.75
187.84,520.88,-81.25,201.75
187.9,520.88,-81.25,201.75
187.97,520.88,-81.25,201.75
188.03,520.88,-81.25,201.75
188.1,520.88,-81.25,201.75
188.17,520.88,-81.25,201.75
188.23,520.88,-81.25,201.75
188.3,520.88,-81.25,201.75
188.37,520.88,-81.25,201.75
188.43,520.88,-81.25,201.75
188.5,520.88,-81.25,201.75
188.56,520.88,-81.25,201.75
188.63,520.88,-81.25,201.75
188.7,520.88,-81.25,201.75
188.76,520.88,-81.25,201.75
188.83,520.88,-81.25,201.75
188.9,520.88,-81.25,201.75
188.96,520.88,-81.25,201.75
189.03,520.88,-81.25,201.75
189.09,520.88,-81.25,201.75
189.16,520.88,-81.25,201.75
189.23,520.88,-81.25,201.75
189.3,520.88,-81.25,201.75
189.37,520.88,-81.25,201.75
189.43,520.88,-81.25,201.75
189.5,520.88,-81.25,201.75
189.57,520.88,-81.25,201.75
189.63,520.88,-81.25,201.75
189.7,520.88,-81.25,201.75
189.76,520.88,-81.25,201.75
189.83,520.88,-81.25,201.75
189.9,520.88,-81.25,201.75
189.96,520.88,-81.25,201.75
190.03,520.88,-81.25,201.75
190.09,520.88,-81.25,201.75
190.16,520.88,-81.25,201.75
190.23,520.88,-81.25,201.75
190.29,520.88,-81.25,201.75
190.36,520.88,-81.25,201.75
190.42,520.88,-81.25,201.75
190.49,520.88,-81.25,201.75
190.56,520.88,-81.25,201.75
190.62,520.88,-81.25,201.75
190.69,520.88,-81.25,201.75
190.76,520.88,-81.25,201.75
190.82,520.88,-81.25,201.75
190.89,520.88,-81.25,201.75
190.96,520.88,-81.25,201.75
191.02,520.88,-81.25,201.75
191.09,520.88,-81.25,201.75
191.15,520.88,-81.25,201.75
191.22,520.88,-81.25,201.75
191.29,520.88,-81.25,201.75
191.35,520.88,-81.25,201.75
191.42,520.88,-81.25,201.75
191.49,520.88,-81.25,201.75
191.55,520.88,-81.25,201.75
191.62,520.88,-81.25,201.75
191.69,520.88,-81.25,201.75
191.75,520.88,-81.25,201.75
191.82,520.88,-81.25,201.75
191.88,520.88,-81.25,201.75
191.95,520.88,-81.25,201.75
192.02,520.88,-81.25,201.75
192.08,520.88,-81.25,201.75
192.15,520.88,-81.25,201.75
192.22,520.88,-81.25,201.75
192.28,520.88,-81.25,201.75
192.35,520.88,-81.25,201.75
192.41,520.88,-81.25,201.75
192.48,520.88,-81.25,201.75
192.55,520.88,-81.25,201.75
192.61,520.88,-81.25,201.75
192.68,520.88,-81.25,201.75
192.75,520.88,-81.25,201.75
192.81,520.88,-81.25,201.75
192.88,520.88,-81.25,201.75
192.95,520.88,-81.25,201.75
193.01,520.88,-81.25,201.75
193.08,520.88,-81.25,201.75
193.15,520.88,-81.25,201.75
193.21,520.88,-81.25,201.75
193.28,520.88,-81.25,201.75
193.35,520.88,-81.25,201.75
193.41,520.88,-81.25,201.75
193.48,520.88,-81.25,201.75
193.55,520.88,-81.25,201.75
193.61,520.88,-81.25,201.75
193.68,520.88,-81.25,201.75
193.75,520.88,-81.25,201.75
193.81,520.88,-81.25,201.75
193.88,520.88,-81.25,201.75
193.95,520.88,-81.25,201.75
194.01,520.88,-81.25,201.75
194.08,520.88,-81.25,201.75
194.15,520.88,-81.25,201.75
194.21,520.88,-81.25,201.75
194.28,520.88,-81.25,201.75
194.35,520.88,-81.25,201.75
194.41,520.88,-81.25,201.75
194.48,520.88,-81.25,201.75
194.55,520.88,-81.25,201.75
194.61,520.88,-81.25,201.75
194.68,520.88,-81.25,201.75
194.75,520.88,-81.25,201.75
194.81,520.88,-81.25,201.75
194.88,520.88,-81.25,201.75
194.95,520.88,-81.25,201.75
195.01,520.88,-81.25,201.75
195.08,520.88,-81.25,201.75
195.15,520.88,-81.25,201.75
195.21,520.88,-81.25,201.75
195.28,520.88,-81.25,201.75
195.35,520.88,-81.25,201.75
195.41,520.88,-81.25,201.75
195.48,520.88,-81.25,201.75
195.55,520.88,-81.25,201.75
195.62,520.88,-81.25,201.75
195.68,520.88,-81.25,201.75
195.75,520.88,-81.25,201.75
195.82,520.88,-81.25,201.75
195.89,520.88,-81.25,201.75
195.95,520.88,-81.25,201.75
196.02,520.88,-81.25,201.75
196.09,520.88,-81.25,201.75
196.15,520.88,-81.25,201.75
196.22,520.88,-81.25,201.75
196.28,520.88,-81.25,201.75
196.35,520.88,-81.25,201.75
196.42,520.88,-81.25,201.75
196.48,520.88,-81.25,201.75
196.55,520.88,-81.25,201.75
196.61,520.88,-81.25,201.75
196.68,520.88,-81.25,201.75
196.75,520.88,-81.25,201.75
196.81,520.88,-81.25,201.75
196.88,520.88,-81.25,201.75
196.95,520.88,-81.25,201.75
197.01,520.88,-81.25,201.75
197.08,520.88,-81.25,201.75
197.14,520.88,-81.25,201.75
197.21,520.88,-81.25,201.75
197.28,520.88,-81.25,201.75
197.34,520.88,-81.25,201.75
197.41,520.88,-81.25,201.75
197.48,520.88,-81.25,201.75
197.54,520.88,-81.25,201.75
197.61,520.88,-81.25,201.75
197.67,520.88,-81.25,201.75
197.74,520.88,-81.25,201.75
197.81,520.88,-81.25,201.75
197.87,520.88,-81.25,201.75
197.94,520.88,-81.25,201.75
198.01,520.88,-81.25,201.75
198.07,520.88,-81.25,201.75
198.14,520.88,-81.25,201.75
198.2,520.88,-81.25,201.75
198.27,520.88,-81.25,201.75
198.34,520.88,-81.25,201.75
198.4,520.88,-81.25,201.75
198.47,520.88,-81.25,201.75
198.54,520.88,-81.25,201.75
198.6,520.88,-81.25,201.75
198.67,520.88,-81.25,201.75
198.74,520.88,-81.25,201.75
198.8,520.88,-81.25,201.75
198.87,520.88,-81.25,201.75
198.94,520.88,-81.25,201.75
199.0,520.88,-81.25,201.75
199.07,520.88,-81.25,201.75
199.14,520.88,-81.25,201.75
199.2,520.88,-81.25,201.75
199.27,520.88,-81.25,201.75
199.34,520.88,-81.25,201.75
199.4,520.88,-81.25,201.75
199.47,520.88,-81.25,201.75
199.53,520.88,-81.25,201.75
199.6,520.88,-81.25,201.75
199.67,520.88,-81.25,201.75
199.73,520.88,-81.25,201.75
199.8,520.88,-81.25,201.75
199.87,520.88,-81.25,201.75
199.93,520.88,-81.25,201.75
200.0,520.88,-81.25,201.75
200.07,520.88,-81.25,201.75
200.13,520.88,-81.25,201.75
200.2,520.88,-81.25,201.75
200.27,520.88,-81.25,201.75
200.33,520.88,-81.25,201.75
200.4,520.88,-81.25,201.75
200.47,520.88,-81.25,201.75
200.53,520.88,-81.25,201.75
200.6,520.88,-81.25,201.75
200.67,520.88,-81.25,201.75
200.73,520.88,-81.25,201.75
200.8,520.88,-81.25,201.75
200.87,520.88,-81.25,201.75
200.93,520.88,-81.25,201.75
201.0,520.88,-81.25,201.75
201.07,520.88,-81.25,201.75
201.13,520.88,-81.25,201.75
201.2,520.88,-81.25,201.75
201.27,520.88,-81.25,201.75
201.34,520.88,-81.25,201.75
201.4,520.88,-81.25,201.75
201.47,520.88,-81.25,201.75
201.54,520.88,-81.25,201.75
201.6,520.88,-81.25,201.75
201.67,520.88,-81.25,201.75
201.74,520.88,-81.25,201.75
201.8,520.88,-81.25,201.75
201.87,520.88,-81.25,201.75
201.94,520.88,-81.25,201.75
202.0,520.88,-81.25,201.75
202.07,520.88,-81.25,201.75
202.14,520.88,-81.25,201.75
202.2,520.88,-81.25,201.75
202.27,520.88,-81.25,201.75
202.35,520.88,-81.25,201.75
202.41,520.88,-81.25,201.75
202.48,520.88,-81.25,201.75
202.55,520.88,-81.25,201.75
202.61,520.88,-81.25,201.75
202.68,520.88,-81.25,201.75
202.74,520.88,-81.25,201.75
202.81,520.88,-81.25,201.75
202.88,520.88,-81.25,201.75
202.94,520.88,-81.25,201.75
203.01,520.88,-81.25,201.75
203.07,520.88,-81.25,201.75
203.14,520.88,-81.25,201.75
203.21,520.88,-81.25,201.75
203.27,520.88,-81.25,201.75
203.34,520.88,-81.25,201.75
203.41,520.88,-81.25,201.75
203.47,520.88,-81.25,201.75
203.54,520.88,-81.25,201.75
203.6,520.88,-81.25,201.75
203.67,520.88,-81.25,201.75
203.74,520.88,-81.25,201.75
203.8,520.88,-81.25,201.75
203.87,520.88,-81.25,201.75
203.93,520.88,-81.25,201.75
204.0,520.88,-81.25,201.75
204.07,520.88,-81.25,201.75
204.13,520.88,-81.25,201.75
204.2,520.88,-81.25,201.75
204.27,520.88,-81.25,201.75
204.33,520.88,-81.25,201.75
204.4,520.88,-81.25,201.75
204.46,520.88,-81.25,201.75
204.53,520.88,-81.25,201.75
204.6,520.88,-81.25,201.75
204.66,520.88,-81.25,201.75
204.73,520.88,-81.25,201.75
204.8,520.88,-81.25,201.75
204.86,520.88,-81.25,201.75
204.93,520.88,-81.25,201.75
204.99,520.88,-81.25,201.75
205.06,520.88,-81.25,201.75
205.13,520.88,-81.25,201.75
205.19,520.88,-81.25,201.75
205.26,520.88,-81.25,201.75
205.33,520.88,-81.25,201.75
205.39,520.88,-81.25,201.75
205.46,520.88,-81.25,201.75
205.53,520.88,-81.25,201.75
205.59,520.88,-81.25,201.75
205.66,520.88,-81.25,201.75
205.73,520.88,-81.25,201.75
205.79,520.88,-81.25,201.75
205.86,520.88,-81.25,201.75
205.92,520.88,-81.25,201.75
205.99,520.88,-81.25,201.75
206.06,520.88,-81.25,201.75
206.13,520.88,-81.25,201.75
206.19,520.88,-81.25,201.75
206.26,520.88,-81.25,201.75
206.32,520.88,-81.25,201.75
206.39,520.88,-81.25,201.75
206.46,520.88,-81.25,201.75
206.52,520.88,-81.25,201.75
206.59,520.88,-81.25,201.75
206.66,520.88,-81.25,201.75
206.72,520.88,-81.25,201.75
206.79,520.88,-81.25,201.75
206.86,520.88,-81.25,201.75
206.92,520.88,-81.25,201.75
206.99,520.88,-81.25,201.75
207.06,520.88,-81.25,201.75
207.12,520.88,-81.25,201.75
207.19,520.88,-81.25,201.75
207.26,520.88,-81.25,201.75
207.32,520.88,-81.25,201.75
207.39,520.88,-81.25,201.75
207.46,520.88,-81.25,201.75
207.52,520.88,-81.25,201.75
207.59,520.88,-81.25,201.75
207.66,520.88,-81.25,201.75
207.72,520.88,-81.25,201.75
207.79,520.88,-81.25,201.75
207.86,520.88,-81.25,201.75
207.92,520.88,-81.25,201.75
207.99,520.88,-81.25,201.75
208.06,520.88,-81.25,201.75
208.13,520.88,-81.25,201.75
208.19,520.88,-81.25,201.75
208.26,520.88,-81.25,201.75
208.33,520.88,-81.25,201.75
208.39,520.88,-81.25,201.75
208.46,520.88,-81.25,201.75
208.53,520.88,-81.25,201.75
208.59,520.88,-81.25,201.75
208.66,520.88,-81.25,201.75
208.73,520.88,-81.25,201.75
208.79,520.88,-81.25,201.75
208.86,520.88,-81.25,201.75
208.93,520.88,-81.25,201.75
209.0,520.88,-81.25,201.75
209.07,520.88,-81.25,201.75
209.13,520.88,-81.25,201.75
209.2,520.88,-81.25,201.75
209.27,520.88,-81.25,201.75
209.33,520.88,-81.25,201.75
209.4,520.88,-81.25,201.75
209.46,520.88,-81.25,201.75
209.53,520.88,-81.25,201.75
209.6,520.88,-81.25,201.75
209.66,520.88,-81.25,201.75
209.73,520.88,-81.25,201.75
209.79,520.88,-81.25,201.75
209.86,520.88,-81.25,201.75
209.93,520.88,-81.25,201.75
209.99,520.88,-81.25,201.75
210.06,520.88,-81.25,201.75
210.13,520.88,-81.25,201.75
210.19,520.88,-81.25,201.75
210.26,520.88,-81.25,201.75
210.32,520.88,-81.25,201.75
210.39,520.88,-81.25,201.75
210.46,520.88,-81.25,201.75
210.52,520.88,-81.25,201.75
210.59,520.88,-81.25,201.75
210.66,520.88,-81.25,201.75
210.72,520.88,-81.25,201.75
210.79,520.88,-81.25,201.75
210.85,520.88,-81.25,201.75
210.92,520.88,-81.25,201.75
210.99,520.88,-81.25,201.75
211.05,520.88,-81.25,201.75
211.12,520.88,-81.25,201.75
211.19,520.88,-81.25,201.75
211.25,520.88,-81.25,201.75
211.32,520.88,-81.25,201.75
211.38,520.88,-81.25,201.75
211.45,520.88,-81.25,201.75
211.52,520.88,-81.25,201.75
211.58,520.88,-81.25,201.75
211.65,520.88,-81.25,201.75
211.72,520.88,-81.25,201.75
211.78,520.88,-81.25,201.75
211.85,520.88,-81.25,201.75
211.92,520.88,-81.25,201.75
211.98,520.88,-81.25,201.75
212.05,520.88,-81.25,201.75
212.12,520.88,-81.25,201.75
212.18,520.88,-81.25,201.75
212.25,520.88,-81.25,201.75
212.32,520.88,-81.25,201.75
212.38,520.88,-81.25,201.75
212.45,520.88,-81.25,201.75
212.52,520.88,-81.25,201.75
212.58,520.88,-81.25,201.75
212.65,520.88,-81.25,201.75
212.72,520.88,-81.25,201.75
212.78,520.88,-81.25,201.75
212.85,520.88,-81.25,201.75
212.92,520.88,-81.25,201.75
212.98,520.88,-81.25,201.75
213.05,520.88,-81.25,201.75
213.11,520.88,-81.25,201.75
213.18,520.88,-81.25,201.75
213.25,520.88,-81.25,201.75
213.31,520.88,-81.25,201.75
213.38,520.88,-81.25,201.75
213.44,520.88,-81.25,201.75
213.51,520.88,-81.25,201.75
213.58,520.88,-81.25,201.75
213.64,520.88,-81.25,201.75
213.71,520.88,-81.25,201.75
213.78,520.88,-81.25,201.75
213.84,520.88,-81.25,201.75
213.91,520.88,-81.25,201.75
213.97,520.88,-81.25,201.75
214.04,520.88,-81.25,201.75
214.11,520.88,-81.25,201.75
214.17,520.88,-81.25,201.75
214.24,520.88,-81.25,201.75
214.31,520.88,-81.25,201.75
214.37,520.88,-81.25,201.75
214.44,520.88,-81.25,201.75
214.5,520.88,-81.25,201.75
214.57,520.88,-81.25,201.75
214.64,520.88,-81.25,201.75
214.7,520.88,-81.25,201.75
214.77,520.88,-81.25,201.75
214.83,520.88,-81.25,201.75
214.9,520.88,-81.25,201.75
214.97,520.88,-81.25,201.75
215.03,520.88,-81.25,201.75
215.1,520.88,-81.25,201.75
215.16,520.88,-81.25,201.75
215.23,520.88,-81.25,201.75
215.29,520.88,-81.25,201.75
215.36,520.88,-81.25,201.75
215.43,520.88,-81.25,201.75
215.49,520.88,-81.25,201.75
215.56,520.88,-81.25,201.75
215.63,520.88,-81.25,201.75
215.7,520.88,-81.25,201.75
215.76,520.88,-81.25,201.75
215.83,520.88,-81.25,201.75
215.89,520.88,-81.25,201.75
215.96,520.88,-81.25,201.75
216.02,520.88,-81.25,201.75
216.09,520.88,-81.25,201.75
216.16,520.88,-81.25,201.75
216.22,520.88,-81.25,201.75
216.29,520.88,-81.25,201.75
216.35,520.88,-81.25,201.75
216.42,520.88,-81.25,201.75
216.48,520.88,-81.25,201.75
216.55,520.88,-81.25,201.75
216.61,520.88,-81.25,201.75
216.68,520.88,-81.25,201.75
216.75,520.88,-81.25,201.75
216.81,520.88,-81.25,201.75
216.88,520.88,-81.25,201.75
216.94,520.88,-81.25,201.75
217.01,520.88,-81.25,201.75
217.08,520.88,-81.25,201.75
217.14,520.88,-81.25,201.75
217.21,520.88,-81.25,201.75
217.27,520.88,-81.25,201.75
217.34,520.88,-81.25,201.75
217.4,520.88,-81.25,201.75
217.47,520.88,-81.25,201.75
217.54,520.88,-81.25,201.75
217.6,520.88,-81.25,201.75
217.67,520.88,-81.25,201.75
217.74,520.88,-81.25,201.75
217.8,520.88,-81.25,201.75
217.87,520.88,-81.25,201.75
217.94,520.88,-81.25,201.75
218.0,520.88,-81.25,201.75
218.07,520.88,-81.25,201.75
218.14,520.88,-81.25,201.75
218.2,520.88,-81.25,201.75
218.27,520.88,-81.25,201.75
218.34,520.88,-81.25,201.75
218.4,520.88,-81.25,201.75
218.47,520.88,-81.25,201.75
218.54,520.88,-81.25,201.75
218.6,520.88,-81.25,201.75
218.67,520.88,-81.25,201.75
218.74,520.88,-81.25,201.75
218.8,520.88,-81.25,201.75
218.87,520.88,-81.25,201.75
218.94,520.88,-81.25,201.75
219.0,520.88,-81.25,201.75
219.07,520.88,-81.25,201.75
219.14,520.88,-81.25,201.75
219.2,520.88,-81.25,201.75
219.27,520.88,-81.25,201.75
219.34,520.88,-81.25,201.75
219.4,520.88,-81.25,201.75
219.47,520.88,-81.25,201.75
219.54,520.88,-81.25,201.75
219.6,520.88,-81.25,201.75
219.67,520.88,-81.25,201.75
219.74,520.88,-81.25,201.75
219.8,520.88,-81.25,201.75
219.87,520.88,-81.25,201.75
219.94,520.88,-81.25,201.75
220.0,520.88,-81.25,201.75
220.07,520.88,-81.25,201.75
220.14,520.88,-81.25,201.75
220.2,520.88,-81.25,201.75
220.27,520.88,-81.25,201.75
220.34,520.88,-81.25,201.75
220.4,520.88,-81.25,201.75
220.47,520.88,-81.25,201.75
220.54,520.88,-81.25,201.75
220.6,520.88,-81.25,201.75
220.67,520.88,-81.25,201.75
220.74,520.88,-81.25,201.75
220.8,520.88,-81.25,201.75
220.87,520.88,-81.25,201.75
220.94,520.88,-81.25,201.75
221.0,520.88,-81.25,201.75
221.07,520.88,-81.25,201.75
221.14,520.88,-81.25,201.75
221.2,520.88,-81.25,201.75
221.27,520.88,-81.25,201.75
221.34,520.88,-81.25,201.75
221.4,520.88,-81.25,201.75
221.47,520.88,-81.25,201.75
221.54,520.88,-81.25,201.75
221.6,520.88,-81.25,201.75
221.67,520.88,-81.25,201.75
221.74,520.88,-81.25,201.75
221.8,520.88,-81.25,201.75
221.87,520.88,-81.25,201.75
221.94,520.88,-81.25,201.75
222.01,520.88,-81.25,201.75
222.07,520.88,-81.25,201.75
222.15,520.88,-81.25,201.75
222.21,520.88,-81.25,201.75
222.28,520.88,-81.25,201.75
222.34,520.88,-81.25,201.75
222.41,520.88,-81.25,201.75
222.48,520.88,-81.25,201.75
222.54,520.88,-81.25,201.75
222.61,520.88,-81.25,201.75
222.68,520.88,-81.25,201.75
222.74,520.88,-81.25,201.75
222.81,520.88,-81.25,201.75
222.87,520.88,-81.25,201.75
222.94,520.88,-81.25,201.75
223.01,520.88,-81.25,201.75
223.07,520.88,-81.25,201.75
223.15,520.88,-81.25,201.75
223.21,520.88,-81.25,201.75
223.28,520.88,-81.25,201.75
223.35,520.88,-81.25,201.75
223.41,520.88,-81.25,201.75
223.48,520.88,-81.25,201.75
223.55,520.88,-81.25,201.75
223.61,520.88,-81.25,201.75
223.68,520.88,-81.25,201.75
223.74,520.88,-81.25,201.75
223.81,520.88,-81.25,201.75
223.88,520.88,-81.25,201.75
223.94,520.88,-81.25,201.75
224.01,520.88,-81.25,201.75
224.08,520.88,-81.25,201.75
224.14,520.88,-81.25,201.75
224.21,520.88,-81.25,201.75
224.28,520.88,-81.25,201.75
224.34,520.88,-81.25,201.75
224.41,520.88,-81.25,201.75
224.48,520.88,-81.25,201.75
224.54,520.88,-81.25,201.75
224.61,520.88,-81.25,201.75
224.67,520.88,-81.25,201.75
224.74,520.88,-81.25,201.75
224.81,520.88,-81.25,201.75
224.87,520.88,-81.25,201.75
224.94,520.88,-81.25,201.75
225.01,520.88,-81.25,201.75
225.07,520.88,-81.25,201.75
225.14,520.88,-81.25,201.75
225.21,520.88,-81.25,201.75
225.27,520.88,-81.25,201.75
225.34,520.88,-81.25,201.75
225.4,520.88,-81.25,201.75
225.47,520.88,-81.25,201.75
225.54,520.88,-81.25,201.75
225.6,520.88,-81.25,201.75
225.67,520.88,-81.25,201.75
225.74,520.88,-81.25,201.75
225.8,520.88,-81.25,201.75
225.87,520.88,-81.25,201.75
225.93,520.88,-81.25,201.75
226.0,520.88,-81.25,201.75
226.07,520.88,-81.25,201.75
226.14,520.88,-81.25,201.75
226.2,520.88,-81.25,201.75
226.27,520.88,-81.25,201.75
226.33,520.88,-81.25,201.75
226.4,520.88,-81.25,201.75
226.47,520.88,-81.25,201.75
226.53,520.88,-81.25,201.75
226.6,520.88,-81.25,201.75
226.67,520.88,-81.25,201.75
226.74,520.88,-81.25,201.75
226.8,520.88,-81.25,201.75
226.87,520.88,-81.25,201.75
226.94,520.88,-81.25,201.75
227.0,520.88,-81.25,201.75
227.07,520.88,-81.25,201.75
227.14,520.88,-81.25,201.75
227.2,520.88,-81.25,201.75
227.27,520.88,-81.25,201.75
227.34,520.88,-81.25,201.75
227.4,520.88,-81.25,201.75
227.47,520.88,-81.25,201.75
227.54,520.88,-81.25,201.75
227.6,520.88,-81.25,201.75
227.67,520.88,-81.25,201.75
227.74,520.88,-81.25,201.75
227.8,520.88,-81.25,201.75
227.87,520.88,-81.25,201.75
227.94,520.88,-81.25,201.75
228.0,520.88,-81.25,201.75
228.07,520.88,-81.25,201.75
228.14,520.88,-81.25,201.75
228.2,520.88,-81.25,201.75
228.27,520.88,-81.25,201.75
228.34,520.88,-81.25,201.75
228.4,520.88,-81.25,201.75
228.47,520.88,-81.25,201.75
228.54,520.88,-81.25,201.75
228.6,520.88,-81.25,201.75
228.67,520.88,-81.25,201.75
228.74,520.88,-81.25,201.75
228.81,520.88,-81.25,201.75
228.88,520.88,-81.25,201.75
228.94,520.88,-81.25,201.75
229.01,520.88,-81.25,201.75
229.08,520.88,-81.25,201.75
229.14,520.88,-81.25,201.75
229.21,520.88,-81.25,201.75
229.27,520.88,-81.25,201.75
229.34,520.88,-81.25,201.75
229.41,520.88,-81.25,201.75
229.47,520.88,-81.25,201.75
229.54,520.88,-81.25,201.75
229.6,520.88,-81.25,201.75
229.67,520.88,-81.25,201.75
229.74,520.88,-81.25,201.75
229.8,520.88,-81.25,201.75
229.87,520.88,-81.25,201.75
229.93,520.88,-81.25,201.75
230.0,520.88,-81.25,201.75
230.08,520.88,-81.25,201.75
230.14,520.88,-81.25,201.75
230.21,520.88,-81.25,201.75
230.28,520.88,-81.25,201.75
230.34,520.88,-81.25,201.75
230.41,520.88,-81.25,201.75
230.48,520.88,-81.25,201.75
230.54,520.88,-81.25,201.75
230.61,520.88,-81.25,201.75
230.67,520.88,-81.25,201.75
230.74,520.88,-81.25,201.75
230.81,520.88,-81.25,201.75
230.87,520.88,-81.25,201.75
230.94,520.88,-81.25,201.75
231.0,520.88,-81.25,201.75
231.07,520.88,-81.25,201.75
231.14,520.88,-81.25,201.75
231.2,520.88,-81.25,201.75
231.27,520.88,-81.25,201.75
231.33,520.88,-81.25,201.75
231.4,520.88,-81.25,201.75
231.47,520.88,-81.25,201.75
231.53,520.88,-81.25,201.75
231.6,520.88,-81.25,201.75
231.66,520.88,-81.25,201.75
231.73,520.88,-81.25,201.75
231.8,520.88,-81.25,201.75
231.86,520.88,-81.25,201.75
231.93,520.88,-81.25,201.75
231.99,520.88,-81.25,201.75
232.06,520.88,-81.25,201.75
232.13,520.88,-81.25,201.75
232.19,520.88,-81.25,201.75
232.26,520.88,-81.25,201.75
232.33,520.88,-81.25,201.75
232.39,520.88,-81.25,201.75
232.46,520.88,-81.25,201.75
232.52,520.88,-81.25,201.75
232.59,520.88,-81.25,201.75
232.66,520.88,-81.25,201.75
232.72,520.88,-81.25,201.75
232.79,520.88,-81.25,201.75
232.86,520.88,-81.25,201.75
232.92,520.88,-81.25,201.75
232.99,520.88,-81.25,201.75
233.05,520.88,-81.25,201.75
233.12,520.88,-81.25,201.75
233.19,520.88,-81.25,201.75
233.25,520.88,-81.25,201.75
233.32,520.88,-81.25,201.75
233.39,520.88,-81.25,201.75
233.45,520.88,-81.25,201.75
233.52,520.88,-81.25,201.75
233.59,520.88,-81.25,201.75
233.65,520.88,-81.25,201.75
233.72,520.88,-81.25,201.75
233.78,520.88,-81.25,201.75
233.85,520.88,-81.25,201.75
233.92,520.88,-81.25,201.75
233.98,520.88,-81.25,201.75
234.12,520.88,-81.25,201.75
234.19,520.88,-81.25,201.75
234.25,520.88,-81.25,201.75
234.32,520.88,-81.25,201.75
234.39,520.88,-81.25,201.75
234.45,520.88,-81.25,201.75
234.52,520.88,-81.25,201.75
234.59,520.88,-81.25,201.75
234.65,520.88,-81.25,201.75
234.72,520.88,-81.25,201.75
234.79,520.88,-81.25,201.75
234.85,520.88,-81.25,201.75
234.92,520.88,-81.25,201.75
234.98,520.88,-81.25,201.75
235.05,520.88,-81.25,201.75
235.12,520.88,-81.25,201.75
235.19,520.88,-81.25,201.75
235.25,520.88,-81.25,201.75
235.32,520.88,-81.25,201.75
235.38,520.88,-81.25,201.75
235.45,520.88,-81.25,201.75
235.52,520.88,-81.25,201.75
235.58,520.88,-81.25,201.75
235.65,520.88,-81.25,201.75
235.72,520.88,-81.25,201.75
235.78,520.88,-81.25,201.75
235.85,520.88,-81.25,201.75
235.92,520.88,-81.25,201.75
235.98,520.88,-81.25,201.75
236.05,520.88,-81.25,201.75
236.12,520.88,-81.25,201.75
236.18,520.88,-81.25,201.75
236.25,520.88,-81.25,201.75
236.32,520.88,-81.25,201.75
236.38,520.88,-81.25,201.75
236.45,520.88,-81.25,201.75
236.52,520.88,-81.25,201.75
236.58,520.88,-81.25,201.75
236.65,520.88,-81.25,201.75
236.72,520.88,-81.25,201.75
236.79,520.88,-81.25,201.75
236.85,520.88,-81.25,201.75
236.92,520.88,-81.25,201.75
236.99,520.88,-81.25,201.75
237.05,520.88,-81.25,201.75
237.12,520.88,-81.25,201.75
237.19,520.88,-81.25,201.75
237.26,520.88,-81.25,201.75
237.32,520.88,-81.25,201.75
237.39,520.88,-81.25,201.75
237.45,520.88,-81.25,201.75
237.52,520.88,-81.25,201.75
237.59,520.88,-81.25,201.75
237.65,520.88,-81.25,201.75
237.72,520.88,-81.25,201.75
237.78,520.88,-81.25,201.75
237.85,520.88,-81.25,201.75
237.92,520.88,-81.25,201.75
237.98,520.88,-81.25,201.75
238.05,520.88,-81.25,201.75
238.11,520.88,-81.25,201.75
238.18,520.88,-81.25,201.75
238.25,520.88,-81.25,201.75
238.31,520.88,-81.25,201.75
238.38,520.88,-81.25,201.75
238.45,520.88,-81.25,201.75
238.51,520.88,-81.25,201.75
238.58,520.88,-81.25,201.75
238.64,520.88,-81.25,201.75
238.71,520.88,-81.25,201.75
238.78,520.88,-81.25,201.75
238.84,520.88,-81.25,201.75
238.91,520.88,-81.25,201.75
238.97,520.88,-81.25,201.75
239.04,520.88,-81.25,201.75
239.11,520.88,-81.25,201.75
239.18,520.88,-81.25,201.75
239.24,520.88,-81.25,201.75
239.31,520.88,-81.25,201.75
239.37,520.88,-81.25,201.75
239.44,520.88,-81.25,201.75
239.51,520.88,-81.25,201.75
239.57,520.88,-81.25,201.75
239.64,520.88,-81.25,201.75
239.71,520.88,-81.25,201.75
239.77,520.88,-81.25,201.75
239.84,520.88,-81.25,201.75
239.9,520.88,-81.25,201.75
239.97,520.88,-81.25,201.75
240.04,520.88,-81.25,201.75
240.1,520.88,-81.25,201.75
240.17,520.88,-81.25,201.75
240.24,520.88,-81.25,201.75
240.3,520.88,-81.25,201.75
240.37,520.88,-81.25,201.75
240.44,520.88,-81.25,201.75
240.5,520.88,-81.25,201.75
240.57,520.88,-81.25,201.75
240.64,520.88,-81.25,201.75
240.7,520.88,-81.25,201.75
240.77,520.88,-81.25,201.75
240.83,520.88,-81.25,201.75
240.9,520.88,-81.25,201.75
240.97,520.88,-81.25,201.75
241.03,520.88,-81.25,201.75
241.1,520.88,-81.25,201.75
241.17,520.88,-81.25,201.75
241.23,520.88,-81.25,201.75
241.3,520.88,-81.25,201.75
241.37,520.88,-81.25,201.75
241.43,520.88,-81.25,201.75
241.5,520.88,-81.25,201.75
241.56,520.88,-81.25,201.75
241.63,520.88,-81.25,201.75
241.7,520.88,-81.25,201.75
241.76,520.88,-81.25,201.75
241.83,520.88,-81.25,201.75
241.9,520.88,-81.25,201.75
241.96,520.88,-81.25,201.75
242.03,520.88,-81.25,201.75
242.1,520.88,-81.25,201.75
242.16,520.88,-81.25,201.75
242.23,520.88,-81.25,201.75
242.3,520.88,-81.25,201.75
242.36,520.88,-81.25,201.75
242.43,520.88,-81.25,201.75
242.5,520.88,-81.25,201.75
242.56,520.88,-81.25,201.75
242.63,520.88,-81.25,201.75
242.7,520.88,-81.25,201.75
242.76,520.88,-81.25,201.75
242.83,520.88,-81.25,201.75
242.9,520.88,-81.25,201.75
242.96,520.88,-81.25,201.75
243.03,520.88,-81.25,201.75
243.1,520.88,-81.25,201.75
243.16,520.88,-81.25,201.75
243.23,520.88,-81.25,201.75
243.3,520.88,-81.25,201.75
243.37,520.88,-81.25,201.75
243.44,520.88,-81.25,201.75
243.5,520.88,-81.25,201.75
243.57,520.88,-81.25,201.75
243.64,520.88,-81.25,201.75
243.7,520.88,-81.25,201.75
243.77,520.88,-81.25,201.75
243.83,520.88,-81.25,201.75
243.9,520.88,-81.25,201.75
243.97,520.88,-81.25,201.75
244.03,520.88,-81.25,201.75
244.1,520.88,-81.25,201.75
244.16,520.88,-81.25,201.75
244.23,520.88,-81.25,201.75
244.3,520.88,-81.25,201.75
244.36,520.88,-81.25,201.75
244.43,520.88,-81.25,201.75
244.49,520.88,-81.25,201.75
244.56,520.88,-81.25,201.75
244.63,520.88,-81.25,201.75
244.69,520.88,-81.25,201.75
244.76,520.88,-81.25,201.75
244.82,520.88,-81.25,201.75
244.89,520.88,-81.25,201.75
244.96,520.88,-81.25,201.75
245.02,520.88,-81.25,201.75
245.09,520.88,-81.25,201.75
245.15,520.88,-81.25,201.75
245.22,520.88,-81.25,201.75
245.29,520.88,-81.25,201.75
245.35,520.88,-81.25,201.75
245.42,520.88,-81.25,201.75
245.49,520.88,-81.25,201.75
245.55,520.88,-81.25,201.75
245.62,520.88,-81.25,201.75
245.68,520.88,-81.25,201.75
245.75,520.88,-81.25,201.75
245.82,520.88,-81.25,201.75
245.88,520.88,-81.25,201.75
245.95,520.88,-81.25,201.75
246.02,520.88,-81.25,201.75
246.08,520.88,-81.25,201.75
246.15,520.88,-81.25,201.75
246.22,520.88,-81.25,201.75
246.28,520.88,-81.25,201.75
246.35,520.88,-81.25,201.75
246.41,520.88,-81.25,201.75
246.48,520.88,-81.25,201.75
246.55,520.88,-81.25,201.75
246.61,520.88,-81.25,201.75
246.68,520.88,-81.25,201.75
246.75,520.88,-81.25,201.75
246.81,520.88,-81.25,201.75
246.88,520.88,-81.25,201.75
246.94,520.88,-81.25,201.75
247.01,520.88,-81.25,201.75
247.08,520.88,-81.25,201.75
247.14,520.88,-81.25,201.75
247.21,520.88,-81.25,201.75
247.28,520.88,-81.25,201.75
247.34,520.88,-81.25,201.75
247.41,520.88,-81.25,201.75
247.48,520.88,-81.25,201.75
247.54,520.88,-81.25,201.75
247.61,520.88,-81.25,201.75
247.68,520.88,-81.25,201.75
247.74,520.88,-81.25,201.75
247.81,520.88,-81.25,201.75
247.88,520.88,-81.25,201.75
247.94,520.88,-81.25,201.75
248.01,520.88,-81.25,201.75
248.07,520.88,-81.25,201.75
248.14,520.88,-81.25,201.75
248.21,520.88,-81.25,201.75
248.28,520.88,-81.25,201.75
248.34,520.88,-81.25,201.75
248.41,520.88,-81.25,201.75
248.48,520.88,-81.25,201.75
248.54,520.88,-81.25,201.75
248.61,520.88,-81.25,201.75
248.67,520.88,-81.25,201.75
248.74,520.88,-81.25,201.75
248.81,520.88,-81.25,201.75
248.87,520.88,-81.25,201.75
248.94,520.88,-81.25,201.75
249.01,520.88,-81.25,201.75
249.07,520.88,-81.25,201.75
249.14,520.88,-81.25,201.75
249.21,520.88,-81.25,201.75
249.28,520.88,-81.25,201.75
249.34,520.88,-81.25,201.75
249.41,520.88,-81.25,201.75
249.48,520.88,-81.25,201.75
249.54,520.88,-81.25,201.75
249.61,520.88,-81.25,201.75
249.68,520.88,-81.25,201.75
249.75,520.88,-81.25,201.75
249.81,520.88,-81.25,201.75
249.88,520.88,-81.25,201.75
249.95,520.88,-81.25,201.75
250.01,520.88,-81.25,201.75
250.08,520.88,-81.25,201.75
250.14,520.88,-81.25,201.75
250.21,520.88,-81.25,201.75
250.28,520.88,-81.25,201.75
250.34,520.88,-81.25,201.75
250.41,520.88,-81.25,201.75
250.47,520.88,-81.25,201.75
250.54,520.88,-81.25,201.75
250.61,520.88,-81.25,201.75
250.67,520.88,-81.25,201.75
250.74,520.88,-81.25,201.75
250.8,520.88,-81.25,201.75
250.87,520.88,-81.25,201.75
250.94,520.88,-81.25,201.75
251.0,520.88,-81.25,201.75
251.07,520.88,-81.25,201.75
251.13,520.88,-81.25,201.75
251.2,520.88,-81.25,201.75
251.27,520.88,-81.25,201.75
251.33,520.88,-81.25,201.75
251.4,520.88,-81.25,201.75
251.47,520.88,-81.25,201.75
251.53,520.88,-81.25,201.75
251.6,520.88,-81.25,201.75
251.67,520.88,-81.25,201.75
251.73,520.88,-81.25,201.75
251.8,520.88,-81.25,201.75
251.87,520.88,-81.25,201.75
251.93,520.88,-81.25,201.75
252.0,520.88,-81.25,201.75
252.06,520.88,-81.25,201.75
252.13,520.88,-81.25,201.75
252.2,520.88,-81.25,201.75
252.26,520.88,-81.25,201.75
252.33,520.88,-81.25,201.75
252.4,520.88,-81.25,201.75
252.46,520.88,-81.25,201.75
252.53,520.88,-81.25,201.75
252.6,520.88,-81.25,201.75
252.66,520.88,-81.25,201.75
252.73,520.88,-81.25,201.75
252.79,520.88,-81.25,201.75
252.86,520.88,-81.25,201.75
252.93,520.88,-81.25,201.75
252.99,520.88,-81.25,201.75
253.06,520.88,-81.25,201.75
253.13,520.88,-81.25,201.75
253.19,520.88,-81.25,201.75
253.26,520.88,-81.25,201.75
253.33,520.88,-81.25,201.75
253.39,520.88,-81.25,201.75
253.46,520.88,-81.25,201.75
253.52,520.88,-81.25,201.75
253.59,520.88,-81.25,201.75
253.66,520.88,-81.25,201.75
253.72,520.88,-81.25,201.75
253.79,520.88,-81.25,201.75
253.86,520.88,-81.25,201.75
253.92,520.88,-81.25,201.75
253.99,520.88,-81.25,201.75
254.06,520.88,-81.25,201.75
254.12,520.88,-81.25,201.75
254.19,520.88,-81.25,201.75
254.26,520.88,-81.25,201.75
254.32,520.88,-81.25,201.75
254.39,520.88,-81.25,201.75
254.46,520.88,-81.25,201.75
254.52,520.88,-81.25,201.75
254.59,520.88,-81.25,201.75
254.66,520.88,-81.25,201.75
254.72,520.88,-81.25,201.75
254.79,520.88,-81.25,201.75
254.86,520.88,-81.25,201.75
254.92,520.88,-81.25,201.75
254.99,520.88,-81.25,201.75
255.06,520.88,-81.25,201.75
255.12,520.88,-81.25,201.75
255.19,520.88,-81.25,201.75
255.26,520.88,-81.25,201.75
255.33,520.88,-81.25,201.75
255.39,520.88,-81.25,201.75
255.46,520.88,-81.25,201.75
255.53,520.88,-81.25,201.75
255.59,520.88,-81.25,201.75
255.66,520.88,-81.25,201.75
255.73,520.88,-81.25,201.75
255.79,520.88,-81.25,201.75
255.87,520.88,-81.25,201.75
255.93,520.88,-81.25,201.75
256.0,520.88,-81.25,201.75
256.06,520.88,-81.25,201.75
256.13,520.88,-81.25,201.75
256.2,520.88,-81.25,201.75
256.26,520.88,-81.25,201.75
256.33,520.88,-81.25,201.75
256.4,520.88,-81.25,201.75
256.46,520.88,-81.25,201.75
256.53,520.88,-81.25,201.75
256.59,520.88,-81.25,201.75
256.66,520.88,-81.25,201.75
256.73,520.88,-81.25,201.75
256.79,520.88,-81.25,201.75
256.86,520.88,-81.25,201.75
256.92,520.88,-81.25,201.75
256.99,520.88,-81.25,201.75
257.06,520.88,-81.25,201.75
257.12,520.88,-81.25,201.75
257.19,520.88,-81.25,201.75
257.26,520.88,-81.25,201.75
257.32,520.88,-81.25,201.75
257.39,520.88,-81.25,201.75
257.45,520.88,-81.25,201.75
257.52,520.88,-81.25,201.75
257.59,520.88,-81.25,201.75
257.65,520.88,-81.25,201.75
257.72,520.88,-81.25,201.75
257.78,520.88,-81.25,201.75
257.85,520.88,-81.25,201.75
257.92,520.88,-81.25,201.75
257.98,520.88,-81.25,201.75
258.05,520.88,-81.25,201.75
258.12,520.88,-81.25,201.75
258.18,520.88,-81.25,201.75
258.25,520.88,-81.25,201.75
258.32,520.88,-81.25,201.75
258.38,520.88,-81.25,201.75
258.45,520.88,-81.25,201.75
258.52,520.88,-81.25,201.75
258.58,520.88,-81.25,201.75
258.65,520.88,-81.25,201.75
258.71,520.88,-81.25,201.75
258.78,520.88,-81.25,201.75
258.85,520.88,-81.25,201.75
258.91,520.88,-81.25,201.75
258.98,520.88,-81.25,201.75
259.05,520.88,-81.25,201.75
259.11,520.88,-81.25,201.75
259.18,520.88,-81.25,201.75
259.25,520.88,-81.25,201.75
259.31,520.88,-81.25,201.75
259.38,520.88,-81.25,201.75
259.44,520.88,-81.25,201.75
259.51,520.88,-81.25,201.75
259.58,520.88,-81.25,201.75
259.64,520.88,-81.25,201.75
259.71,520.88,-81.25,201.75
259.78,520.88,-81.25,201.75
259.84,520.88,-81.25,201.75
259.91,520.88,-81.25,201.75
259.97,520.88,-81.25,201.75
260.04,520.88,-81.25,201.75
260.11,520.88,-81.25,201.75
260.17,520.88,-81.25,201.75
260.24,520.88,-81.25,201.75
260.31,520.88,-81.25,201.75
260.37,520.88,-81.25,201.75
260.44,520.88,-81.25,201.75
260.51,520.88,-81.25,201.75
260.57,520.88,-81.25,201.75
260.64,520.88,-81.25,201.75
260.71,520.88,-81.25,201.75
260.77,520.88,-81.25,201.75
260.84,520.88,-81.25,201.75
260.91,520.88,-81.25,201.75
260.97,520.88,-81.25,201.75
261.04,520.88,-81.25,201.75
261.11,520.88,-81.25,201.75
261.17,520.88,-81.25,201.75
261.24,520.88,-81.25,201.75
261.31,520.88,-81.25,201.75
261.38,520.88,-81.25,201.75
261.44,520.88,-81.25,201.75
261.51,520.88,-81.25,201.75
261.58,520.88,-81.25,201.75
261.64,520.88,-81.25,201.75
261.71,520.88,-81.25,201.75
261.78,520.88,-81.25,201.75
261.84,520.88,-81.25,201.75
261.91,520.88,-81.25,201.75
261.98,520.88,-81.25,201.75
262.04,520.88,-81.25,201.75
262.11,520.88,-81.25,201.75
262.19,520.88,-81.25,201.75
262.25,520.88,-81.25,201.75
262.32,520.88,-81.25,201.75
262.39,520.88,-81.25,201.75
262.45,520.88,-81.25,201.75
262.52,520.88,-81.25,201.75
262.58,520.88,-81.25,201.75
262.65,520.88,-81.25,201.75
262.72,520.88,-81.25,201.75
262.78,520.88,-81.25,201.75
262.85,520.88,-81.25,201.75
262.92,520.88,-81.25,201.75
262.98,520.88,-81.25,201.75
263.05,520.88,-81.25,201.75
263.11,520.88,-81.25,201.75
263.18,520.88,-81.25,201.75
263.25,520.88,-81.25,201.75
263.31,520.88,-81.25,201.75
263.38,520.88,-81.25,201.75
263.44,520.88,-81.25,201.75
263.51,520.88,-81.25,201.75
263.58,520.88,-81.25,201.75
263.64,520.88,-81.25,201.75
263.71,520.88,-81.25,201.75
263.78,520.88,-81.25,201.75
263.84,520.88,-81.25,201.75
263.91,520.88,-81.25,201.75
263.97,520.88,-81.25,201.75
264.04,520.88,-81.25,201.75
264.11,520.88,-81.25,201.75
264.17,520.88,-81.25,201.75
264.24,520.88,-81.25,201.75
264.31,520.88,-81.25,201.75
264.37,520.88,-81.25,201.75
264.44,520.88,-81.25,201.75
264.5,520.88,-81.25,201.75
264.57,520.88,-81.25,201.75
264.64,520.88,-81.25,201.75
264.7,520.88,-81.25,201.75
264.77,520.88,-81.25,201.75
264.84,520.88,-81.25,201.75
264.9,520.88,-81.25,201.75
264.97,520.88,-81.25,201.75
265.04,520.88,-81.25,201.75
265.1,520.88,-81.25,201.75
265.17,520.88,-81.25,201.75
265.24,520.88,-81.25,201.75
265.3,520.88,-81.25,201.75
265.37,520.88,-81.25,201.75
265.44,520.88,-81.25,201.75
265.5,520.88,-81.25,201.75
265.57,520.88,-81.25,201.75
265.64,520.88,-81.25,201.75
265.7,520.88,-81.25,201.75
265.77,520.88,-81.25,201.75
265.84,520.88,-81.25,201.75
265.9,520.88,-81.25,201.75
265.97,520.88,-81.25,201.75
266.04,520.88,-81.25,201.75
266.1,520.88,-81.25,201.75
266.17,520.88,-81.25,201.75
266.24,520.88,-81.25,201.75
266.3,520.88,-81.25,201.75
266.37,520.88,-81.25,201.75
266.44,520.88,-81.25,201.75
266.5,520.88,-81.25,201.75
266.57,520.88,-81.25,201.75
266.64,520.88,-81.25,201.75
266.7,520.88,-81.25,201.75
266.77,520.88,-81.25,201.75
266.84,520.88,-81.25,201.75
266.9,520.88,-81.25,201.75
266.97,520.88,-81.25,201.75
267.03,520.88,-81.25,201.75
267.1,520.88,-81.25,201.75
267.17,520.88,-81.25,201.75
267.24,520.88,-81.25,201.75
267.3,520.88,-81.25,201.75
267.37,520.88,-81.25,201.75
267.44,520.88,-81.25,201.75
267.5,520.88,-81.25,201.75
267.57,520.88,-81.25,201.75
267.64,520.88,-81.25,201.75
267.7,520.88,-81.25,201.75
267.77,520.88,-81.25,201.75
267.84,520.88,-81.25,201.75
267.9,520.88,-81.25,201.75
267.97,520.88,-81.25,201.75
268.04,520.88,-81.25,201.75
268.1,520.88,-81.25,201.75
268.17,520.88,-81.25,201.75
268.24,520.88,-81.25,201.75
268.3,520.88,-81.25,201.75
268.37,520.88,-81.25,201.75
268.44,520.88,-81.25,201.75
268.5,520.88,-81.25,201.75
268.57,520.88,-81.25,201.75
268.64,520.88,-81.25,201.75
268.71,520.88,-81.25,201.75
268.77,520.88,-81.25,201.75
268.85,520.88,-81.25,201.75
268.91,520.88,-81.25,201.75
268.98,520.88,-81.25,201.75
269.04,520.88,-81.25,201.75
269.11,520.88,-81.25,201.75
269.18,520.88,-81.25,201.75
269.24,520.88,-81.25,201.75
269.31,520.88,-81.25,201.75
269.38,520.88,-81.25,201.75
269.44,520.88,-81.25,201.75
269.51,520.88,-81.25,201.75
269.57,520.88,-81.25,201.75
269.64,520.88,-81.25,201.75
269.71,520.88,-81.25,201.75
269.77,520.88,-81.25,201.75
269.84,520.88,-81.25,201.75
269.9,520.88,-81.25,201.75
269.97,520.88,-81.25,201.75
270.04,520.88,-81.25,201.75
270.1,520.88,-81.25,201.75
270.17,520.88,-81.25,201.75
270.24,520.88,-81.25,201.75
270.3,520.88,-81.25,201.75
270.37,520.88,-81.25,201.75
270.44,520.88,-81.25,201.75
270.5,520.88,-81.25,201.75
270.57,520.88,-81.25,201.75
270.63,520.88,-81.25,201.75
270.7,520.88,-81.25,201.75
270.77,520.88,-81.25,201.75
270.83,520.88,-81.25,201.75
270.9,520.88,-81.25,201.75
270.97,520.88,-81.25,201.75
271.03,520.88,-81.25,201.75
271.1,520.88,-81.25,201.75
271.17,520.88,-81.25,201.75
271.24,520.88,-81.25,201.75
271.31,520.88,-81.25,201.75
271.37,520.88,-81.25,201.75
271.44,520.88,-81.25,201.75
271.51,520.88,-81.25,201.75
271.57,520.88,-81.25,201.75
271.64,520.88,-81.25,201.75
271.7,520.88,-81.25,201.75
271.77,520.88,-81.25,201.75
271.83,520.88,-81.25,201.75
271.9,520.88,-81.25,201.75
271.97,520.88,-81.25,201.75
272.03,520.88,-81.25,201.75
272.1,520.88,-81.25,201.75
272.16,520.88,-81.25,201.75
272.23,520.88,-81.25,201.75
272.3,520.88,-81.25,201.75
272.36,520.88,-81.25,201.75
272.43,520.88,-81.25,201.75
272.5,520.88,-81.25,201.75
272.56,520.88,-81.25,201.75
272.63,520.88,-81.25,201.75
272.7,520.88,-81.25,201.75
272.76,520.88,-81.25,201.75
272.83,520.88,-81.25,201.75
272.89,520.88,-81.25,201.75
272.96,520.88,-81.25,201.75
273.03,520.88,-81.25,201.75
273.09,520.88,-81.25,201.75
273.16,520.88,-81.25,201.75
273.23,520.88,-81.25,201.75
273.3,520.88,-81.25,201.75
273.36,520.88,-81.25,201.75
273.43,520.88,-81.25,201.75
273.49,520.88,-81.25,201.75
273.56,520.88,-81.25,201.75
273.63,520.88,-81.25,201.75
273.69,520.88,-81.25,201.75
273.76,520.88,-81.25,201.75
273.83,520.88,-81.25,201.75
273.89,520.88,-81.25,201.75
273.96,520.88,-81.25,201.75
274.03,520.88,-81.25,201.75
274.09,520.88,-81.25,201.75
274.16,520.88,-81.25,201.75
274.23,520.88,-81.25,201.75
274.29,520.88,-81.25,201.75
274.36,520.88,-81.25,201.75
274.43,520.88,-81.25,201.75
274.49,520.88,-81.25,201.75
274.56,520.88,-81.25,201.75
274.63,520.88,-81.25,201.75
274.69,520.88,-81.25,201.75
274.76,520.88,-81.25,201.75
274.83,520.88,-81.25,201.75
274.89,520.88,-81.25,201.75
274.96,520.88,-81.25,201.75
275.02,520.88,-81.25,201.75
275.09,520.88,-81.25,201.75
275.16,520.88,-81.25,201.75
275.22,520.88,-81.25,201.75
275.29,520.88,-81.25,201.75
275.36,520.88,-81.25,201.75
275.42,520.88,-81.25,201.75
275.49,520.88,-81.25,201.75
275.56,520.88,-81.25,201.75
275.62,520.88,-81.25,201.75
275.69,520.88,-81.25,201.75
275.76,520.88,-81.25,201.75
275.82,520.88,-81.25,201.75
275.89,520.88,-81.25,201.75
275.96,520.88,-81.25,201.75
276.02,520.88,-81.25,201.75
276.09,520.88,-81.25,201.75
276.16,520.88,-81.25,201.75
276.22,520.88,-81.25,201.75
276.29,520.88,-81.25,201.75
276.36,520.88,-81.25,201.75
276.42,520.88,-81.25,201.75
276.49,520.88,-81.25,201.75
276.56,520.88,-81.25,201.75
276.62,520.88,-81.25,201.75
276.69,520.88,-81.25,201.75
276.76,520.88,-81.25,201.75
276.82,520.88,-81.25,201.75
276.89,520.88,-81.25,201.75
276.96,520.88,-81.25,201.75
277.02,520.88,-81.25,201.75
277.09,520.88,-81.25,201.75
277.16,520.88,-81.25,201.75
277.23,520.88,-81.25,201.75
277.29,520.88,-81.25,201.75
277.36,520.88,-81.25,201.75
277.43,520.88,-81.25,201.75
277.49,520.88,-81.25,201.75
277.56,520.88,-81.25,201.75
277.63,520.88,-81.25,201.75
277.69,520.88,-81.25,201.75
277.76,520.88,-81.25,201.75
277.84,520.88,-81.25,201.75
277.9,520.88,-81.25,201.75
277.97,520.88,-81.25,201.75
278.03,520.88,-81.25,201.75
278.1,520.88,-81.25,201.75
278.17,520.88,-81.25,201.75
278.23,520.88,-81.25,201.75
278.3,520.88,-81.25,201.75
278.37,520.88,-81.25,201.75
278.43,520.88,-81.25,201.75
278.5,520.88,-81.25,201.75
278.57,520.88,-81.25,201.75
278.63,520.88,-81.25,201.75
278.7,520.88,-81.25,201.75
278.76,520.88,-81.25,201.75
278.83,520.88,-81.25,201.75
278.9,520.88,-81.25,201.75
278.96,520.88,-81.25,201.75
279.03,520.88,-81.25,201.75
279.1,520.88,-81.25,201.75
279.16,520.88,-81.25,201.75
279.23,520.88,-81.25,201.75
279.3,520.88,-81.25,201.75
279.36,520.88,-81.25,201.75
279.43,520.88,-81.25,201.75
279.5,520.88,-81.25,201.75
279.56,520.88,-81.25,201.75
279.63,520.88,-81.25,201.75
279.69,520.88,-81.25,201.75
279.76,520.88,-81.25,201.75
279.83,520.88,-81.25,201.75
279.89,520.88,-81.25,201.75
279.96,520.88,-81.25,201.75
280.03,520.88,-81.25,201.75
280.09,520.88,-81.25,201.75
280.16,520.88,-81.25,201.75
280.22,520.88,-81.25,201.75
280.29,520.88,-81.25,201.75
280.36,520.88,-81.25,201.75
280.43,520.88,-81.25,201.75
280.49,520.88,-81.25,201.75
280.56,520.88,-81.25,201.75
280.62,520.88,-81.25,201.75
280.69,520.88,-81.25,201.75
280.76,520.88,-81.25,201.75
280.82,520.88,-81.25,201.75
280.89,520.88,-81.25,201.75
280.96,520.88,-81.25,201.75
281.02,520.88,-81.25,201.75
281.09,520.88,-81.25,201.75
281.16,520.88,-81.25,201.75
281.22,520.88,-81.25,201.75
281.29,520.88,-81.25,201.75
281.36,520.88,-81.25,201.75
281.42,520.88,-81.25,201.75
281.49,520.88,-81.25,201.75
281.56,520.88,-81.25,201.75
281.62,520.88,-81.25,201.75
281.69,520.88,-81.25,201.75
281.76,520.88,-81.25,201.75
281.82,520.88,-81.25,201.75
281.89,520.88,-81.25,201.75
281.96,520.88,-81.25,201.75
282.02,520.88,-81.25,201.75
282.09,520.88,-81.25,201.75
282.16,520.88,-81.25,201.75
282.22,520.88,-81.25,201.75
282.29,520.88,-81.25,201.75
282.36,520.88,-81.25,201.75
282.43,520.88,-81.25,201.75
282.49,520.88,-81.25,201.75
282.56,520.88,-81.25,201.75
282.63,520.88,-81.25,201.75
282.69,520.88,-81.25,201.75
282.76,520.88,-81.25,201.75
282.83,520.88,-81.25,201.75
282.9,520.88,-81.25,201.75
282.96,520.88,-81.25,201.75
283.03,520.88,-81.25,201.75
283.1,520.88,-81.25,201.75
283.16,520.88,-81.25,201.75
283.23,520.88,-81.25,201.75
283.3,520.88,-81.25,201.75
283.36,520.88,-81.25,201.75
283.43,520.88,-81.25,201.75
283.5,520.88,-81.25,201.75
283.57,520.88,-81.25,201.75
283.63,520.88,-81.25,201.75
283.7,520.88,-81.25,201.75
283.77,520.88,-81.25,201.75
283.83,520.88,-81.25,201.75
283.9,520.88,-81.25,201.75
283.97,520.88,-81.25,201.75
284.03,520.88,-81.25,201.75
284.1,520.88,-81.25,201.75
284.17,520.88,-81.25,201.75
284.23,520.88,-81.25,201.75
284.3,520.88,-81.25,201.75
284.37,520.88,-81.25,201.75
284.44,520.88,-81.25,201.75
284.51,520.88,-81.25,201.75
284.58,520.88,-81.25,201.75
284.64,520.88,-81.25,201.75
284.71,520.88,-81.25,201.75
284.77,520.88,-81.25,201.75
284.84,520.88,-81.25,201.75
284.91,520.88,-81.25,201.75
284.97,520.88,-81.25,201.75
285.04,520.88,-81.25,201.75
285.11,520.88,-81.25,201.75
285.17,520.88,-81.25,201.75
285.24,520.88,-81.25,201.75
285.31,520.88,-81.25,201.75
285.37,520.88,-81.25,201.75
285.44,520.88,-81.25,201.75
285.5,520.88,-81.25,201.75
285.57,520.88,-81.25,201.75
285.64,520.88,-81.25,201.75
285.7,520.88,-81.25,201.75
285.77,520.88,-81.25,201.75
285.84,520.88,-81.25,201.75
285.9,520.88,-81.25,201.75
285.97,520.88,-81.25,201.75
286.03,520.88,-81.25,201.75
286.1,520.88,-81.25,201.75
286.17,520.88,-81.25,201.75
286.23,520.88,-81.25,201.75
286.3,520.88,-81.25,201.75
286.37,520.88,-81.25,201.75
286.44,520.88,-81.25,201.75
286.5,520.88,-81.25,201.75
286.57,520.88,-81.25,201.75
286.64,520.88,-81.25,201.75
286.7,520.88,-81.25,201.75
286.77,520.88,-81.25,201.75
286.84,520.88,-81.25,201.75
286.9,520.88,-81.25,201.75
286.97,520.88,-81.25,201.75
287.04,520.88,-81.25,201.75
287.1,520.88,-81.25,201.75
287.17,520.88,-81.25,201.75
287.24,520.88,-81.25,201.75
287.3,520.88,-81.25,201.75
287.37,520.88,-81.25,201.75
287.44,520.88,-81.25,201.75
287.5,520.88,-81.25,201.75
287.57,520.88,-81.25,201.75
287.64,520.88,-81.25,201.75
287.7,520.88,-81.25,201.75
287.77,520.88,-81.25,201.75
287.84,520.88,-81.25,201.75
287.9,520.88,-81.25,201.75
287.97,520.88,-81.25,201.75
288.03,520.88,-81.25,201.75
288.1,520.88,-81.25,201.75
288.17,520.88,-81.25,201.75
288.23,520.88,-81.25,201.75
288.3,520.88,-81.25,201.75
288.37,520.88,-81.25,201.75
288.44,520.88,-81.25,201.75
288.5,520.88,-81.25,201.75
288.57,520.88,-81.25,201.75
288.64,520.88,-81.25,201.75
288.7,520.88,-81.25,201.75
288.77,520.88,-81.25,201.75
288.84,520.88,-81.25,201.75
288.9,520.88,-81.25,201.75
288.97,520.88,-81.25,201.75
289.04,520.88,-81.25,201.75
289.1,520.88,-81.25,201.75
289.17,520.88,-81.25,201.75
289.24,520.88,-81.25,201.75
289.3,520.88,-81.25,201.75
289.37,520.88,-81.25,201.75
289.44,520.88,-81.25,201.75
289.5,520.88,-81.25,201.75
289.57,520.88,-81.25,201.75
289.64,520.88,-81.25,201.75
289.7,520.88,-81.25,201.75
289.77,520.88,-81.25,201.75
289.84,520.88,-81.25,201.75
289.9,520.88,-81.25,201.75
289.97,520.88,-81.25,201.75
290.04,520.88,-81.25,201.75
290.1,520.88,-81.25,201.75
290.17,520.88,-81.25,201.75
290.24,520.88,-81.25,201.75
290.31,520.88,-81.25,201.75
290.37,520.88,-81.25,201.75
290.44,520.88,-81.25,201.75
290.51,520.88,-81.25,201.75
290.57,520.88,-81.25,201.75
290.64,520.88,-81.25,201.75
290.71,520.88,-81.25,201.75
290.78,520.88,-81.25,201.75
290.85,520.88,-81.25,201.75
290.92,520.88,-81.25,201.75
290.99,520.88,-81.25,201.75
291.05,520.88,-81.25,201.75
291.12,520.88,-81.25,201.75
291.18,520.88,-81.25,201.75
291.25,520.88,-81.25,201.75
291.32,520.88,-81.25,201.75
291.38,520.88,-81.25,201.75
291.45,520.88,-81.25,201.75
291.52,520.88,-81.25,201.75
291.58,520.88,-81.25,201.75
291.65,520.88,-81.25,201.75
291.71,520.88,-81.25,201.75
291.78,520.88,-81.25,201.75
291.85,520.88,-81.25,201.75
291.91,520.88,-81.25,201.75
291.98,520.88,-81.25,201.75
292.05,520.88,-81.25,201.75
292.11,520.88,-81.25,201.75
292.18,520.88,-81.25,201.75
292.25,520.88,-81.25,201.75
292.31,520.88,-81.25,201.75
292.38,520.88,-81.25,201.75
292.45,520.88,-81.25,201.75
292.51,520.88,-81.25,201.75
292.58,520.88,-81.25,201.75
292.65,520.88,-81.25,201.75
292.71,520.88,-81.25,201.75
292.78,520.88,-81.25,201.75
292.84,520.88,-81.25,201.75
292.91,520.88,-81.25,201.75
292.98,520.88,-81.25,201.75
293.04,520.88,-81.25,201.75
293.11,520.88,-81.25,201.75
293.18,520.88,-81.25,201.75
293.24,520.88,-81.25,201.75
293.31,520.88,-81.25,201.75
293.38,520.88,-81.25,201.75
293.45,520.88,-81.25,201.75
293.51,520.88,-81.25,201.75
293.58,520.88,-81.25,201.75
293.65,520.88,-81.25,201.75
293.71,520.88,-81.25,201.75
293.78,520.88,-81.25,201.75
293.85,520.88,-81.25,201.75
293.91,520.88,-81.25,201.75
293.98,520.88,-81.25,201.75
294.04,520.88,-81.25,201.75
294.11,520.88,-81.25,201.75
294.18,520.88,-81.25,201.75
294.25,520.88,-81.25,201.75
294.31,520.88,-81.25,201.75
294.38,520.88,-81.25,201.75
294.45,520.88,-81.25,201.75
294.51,520.88,-81.25,201.75
294.58,520.88,-81.25,201.75
294.65,520.88,-81.25,201.75
294.71,520.88,-81.25,201.75
294.78,520.88,-81.25,201.75
294.85,520.88,-81.25,201.75
294.91,520.88,-81.25,201.75
294.98,520.88,-81.25,201.75
295.05,520.88,-81.25,201.75
295.11,520.88,-81.25,201.75
295.18,520.88,-81.25,201.75
295.25,520.88,-81.25,201.75
295.32,520.88,-81.25,201.75
295.38,520.88,-81.25,201.75
295.45,520.88,-81.25,201.75
295.52,520.88,-81.25,201.75
295.58,520.88,-81.25,201.75
295.65,520.88,-81.25,201.75
295.72,520.88,-81.25,201.75
295.78,520.88,-81.25,201.75
295.85,520.88,-81.25,201.75
295.92,520.88,-81.25,201.75
295.98,520.88,-81.25,201.75
296.05,520.88,-81.25,201.75
296.12,520.88,-81.25,201.75
296.19,520.88,-81.25,201.75
296.25,520.88,-81.25,201.75
296.32,520.88,-81.25,201.75
296.39,520.88,-81.25,201.75
296.45,520.88,-81.25,201.75
296.52,520.88,-81.25,201.75
296.59,520.88,-81.25,201.75
296.65,520.88,-81.25,201.75
296.72,520.88,-81.25,201.75
296.79,520.88,-81.25,201.75
296.85,520.88,-81.25,201.75
296.92,520.88,-81.25,201.75
296.99,520.88,-81.25,201.75
297.06,520.88,-81.25,201.75
297.12,520.88,-81.25,201.75
297.19,520.88,-81.25,201.75
297.26,520.88,-81.25,201.75
297.32,520.88,-81.25,201.75
297.39,520.88,-81.25,201.75
297.46,520.88,-81.25,201.75
297.53,520.88,-81.25,201.75
297.6,520.88,-81.25,201.75
297.66,520.88,-81.25,201.75
297.73,520.88,-81.25,201.75
297.8,520.88,-81.25,201.75
297.86,520.88,-81.25,201.75
297.93,520.88,-81.25,201.75
297.99,520.88,-81.25,201.75
298.06,520.88,-81.25,201.75
298.13,520.88,-81.25,201.75
298.2,520.88,-81.25,201.75
298.26,520.88,-81.25,201.75
298.33,520.88,-81.25,201.75
298.39,520.88,-81.25,201.75
298.46,520.88,-81.25,201.75
298.53,520.88,-81.25,201.75
298.59,520.88,-81.25,201.75
298.66,520.88,-81.25,201.75
298.73,520.88,-81.25,201.75
298.79,520.88,-81.25,201.75
298.86,520.88,-81.25,201.75
298.93,520.88,-81.25,201.75
298.99,520.88,-81.25,201.75
299.06,520.88,-81.25,201.75
299.13,520.88,-81.25,201.75
299.19,520.88,-81.25,201.75
299.26,520.88,-81.25,201.75
299.33,520.88,-81.25,201.75
299.39,520.88,-81.25,201.75
299.46,520.88,-81.25,201.75
299.53,520.88,-81.25,201.75
299.59,520.88,-81.25,201.75
299.66,520.88,-81.25,201.75
299.73,520.88,-81.25,201.75
299.79,520.88,-81.25,201.75
299.86,520.88,-81.25,201.75
299.92,520.88,-81.25,201.75
299.99,520.88,-81.25,201.75
300.06,520.88,-81.25,201.75
300.12,520.88,-81.25,201.75
300.19,520.88,-81.25,201.75
300.26,520.88,-81.25,201.75
300.32,520.88,-81.25,201.75
300.39,520.88,-81.25,201.75
300.46,520.88,-81.25,201.75
300.52,520.88,-81.25,201.75
300.59,520.88,-81.25,201.75
300.66,520.88,-81.25,201.75
300.72,520.88,-81.25,201.75
300.79,520.88,-81.25,201.75
300.86,520.88,-81.25,201.75
300.92,520.88,-81.25,201.75
300.99,520.88,-81.25,201.75
301.06,520.88,-81.25,201.75
301.12,520.88,-81.25,201.75
301.19,520.88,-81.25,201.75
301.26,520.88,-81.25,201.75
301.32,520.88,-81.25,201.75
301.39,520.88,-81.25,201.75
301.46,520.88,-81.25,201.75
301.52,520.88,-81.25,201.75
301.59,520.88,-81.25,201.75
301.66,520.88,-81.25,201.75
301.73,520.88,-81.25,201.75
301.79,520.88,-81.25,201.75
301.86,520.88,-81.25,201.75
301.93,520.88,-81.25,201.75
301.99,520.88,-81.25,201.75
302.06,520.88,-81.25,201.75
302.13,520.88,-81.25,201.75
302.19,520.88,-81.25,201.75
302.26,520.88,-81.25,201.75
302.33,520.88,-81.25,201.75
302.39,520.88,-81.25,201.75
302.46,520.88,-81.25,201.75
302.53,520.88,-81.25,201.75
302.6,520.88,-81.25,201.75
302.66,520.88,-81.25,201.75
302.73,520.88,-81.25,201.75
302.8,520.88,-81.25,201.75
302.86,520.88,-81.25,201.75
302.93,520.88,-81.25,201.75
303.0,520.88,-81.25,201.75
303.07,520.88,-81.25,201.75
303.13,520.88,-81.25,201.75
303.2,520.88,-81.25,201.75
303.27,520.88,-81.25,201.75
303.33,520.88,-81.25,201.75
303.4,520.88,-81.25,201.75
303.47,520.88,-81.25,201.75
303.53,520.88,-81.25,201.75
303.6,520.88,-81.25,201.75
303.67,520.88,-81.25,201.75
303.74,520.88,-81.25,201.75
303.8,520.88,-81.25,201.75
303.87,520.88,-81.25,201.75
303.94,520.88,-81.25,201.75
304.01,520.88,-81.25,201.75
304.08,520.88,-81.25,201.75
304.15,520.88,-81.25,201.75
304.21,520.88,-81.25,201.75
304.28,520.88,-81.25,201.75
304.35,520.88,-81.25,201.75
304.41,520.88,-81.25,201.75
304.48,520.88,-81.25,201.75
304.54,520.88,-81.25,201.75
304.61,520.88,-81.25,201.75
304.68,520.88,-81.25,201.75
304.74,520.88,-81.25,201.75
304.81,520.88,-81.25,201.75
304.88,520.88,-81.25,201.75
304.94,520.88,-81.25,201.75
305.01,520.88,-81.25,201.75
305.08,520.88,-81.25,201.75
305.14,520.88,-81.25,201.75
305.21,520.88,-81.25,201.75
305.28,520.88,-81.25,201.75
305.34,520.88,-81.25,201.75
305.41,520.88,-81.25,201.75
305.48,520.88,-81.25,201.75
305.54,520.88,-81.25,201.75
305.61,520.88,-81.25,201.75
305.68,520.88,-81.25,201.75
305.74,520.88,-81.25,201.75
305.81,520.88,-81.25,201.75
305.88,520.88,-81.25,201.75
305.94,520.88,-81.25,201.75
306.01,520.88,-81.25,201.75
306.08,520.88,-81.25,201.75
306.14,520.88,-81.25,201.75
306.21,520.88,-81.25,201.75
306.28,520.88,-81.25,201.75
306.34,520.88,-81.25,201.75
306.41,520.88,-81.25,201.75
306.48,520.88,-81.25,201.75
306.54,520.88,-81.25,201.75
306.61,520.88,-81.25,201.75
306.68,520.88,-81.25,201.75
306.74,520.88,-81.25,201.75
306.81,520.88,-81.25,201.75
306.88,520.88,-81.25,201.75
306.94,520.88,-81.25,201.75
307.01,520.88,-81.25,201.75
307.08,520.88,-81.25,201.75
307.14,520.88,-81.25,201.75
307.21,520.88,-81.25,201.75
307.28,520.88,-81.25,201.75
307.34,520.88,-81.25,201.75
307.41,520.88,-81.25,201.75
307.48,520.88,-81.25,201.75
307.54,520.88,-81.25,201.75
307.61,520.88,-81.25,201.75
307.68,520.88,-81.25,201.75
307.75,520.88,-81.25,201.75
307.82,520.88,-81.25,201.75
307.88,520.88,-81.25,201.75
307.95,520.88,-81.25,201.75
308.01,520.88,-81.25,201.75
308.08,520.88,-81.25,201.75
308.15,520.88,-81.25,201.75
308.21,520.88,-81.25,201.75
308.28,520.88,-81.25,201.75
308.34,520.88,-81.25,201.75
308.41,520.88,-81.25,201.75
308.48,520.88,-81.25,201.75
308.54,520.88,-81.25,201.75
308.61,520.88,-81.25,201.75
308.68,520.88,-81.25,201.75
308.74,520.88,-81.25,201.75
308.81,520.88,-81.25,201.75
308.87,520.88,-81.25,201.75
308.94,520.88,-81.25,201.75
309.01,520.88,-81.25,201.75
309.07,520.88,-81.25,201.75
309.14,520.88,-81.25,201.75
309.21,520.88,-81.25,201.75
309.27,520.88,-81.25,201.75
309.34,520.88,-81.25,201.75
309.4,520.88,-81.25,201.75
309.47,520.88,-81.25,201.75
309.54,520.88,-81.25,201.75
309.6,520.88,-81.25,201.75
309.67,520.88,-81.25,201.75
309.74,520.88,-81.25,201.75
309.8,520.88,-81.25,201.75
309.87,520.88,-81.25,201.75
309.94,520.88,-81.25,201.75
310.0,520.88,-81.25,201.75
310.07,520.88,-81.25,201.75
310.14,520.88,-81.25,201.75
310.2,520.88,-81.25,201.75
310.27,520.88,-81.25,201.75
310.34,520.88,-81.25,201.75
310.4,520.88,-81.25,201.75
310.47,520.88,-81.25,201.75
310.54,520.88,-81.25,201.75
310.6,520.88,-81.25,201.75
310.67,520.88,-81.25,201.75
310.74,520.88,-81.25,201.75
310.81,520.88,-81.25,201.75
310.87,520.88,-81.25,201.75
310.94,520.88,-81.25,201.75
311.01,520.88,-81.25,201.75
311.07,520.88,-81.25,201.75
311.14,520.88,-81.25,201.75
311.2,520.88,-81.25,201.75
311.27,520.88,-81.25,201.75
311.33,520.88,-81.25,201.75
311.4,520.88,-81.25,201.75
311.47,520.88,-81.25,201.75
311.53,520.88,-81.25,201.75
311.6,520.88,-81.25,201.75
311.66,520.88,-81.25,201.75
311.73,520.88,-81.25,201.75
311.8,520.88,-81.25,201.75
311.86,520.88,-81.25,201.75
311.93,520.88,-81.25,201.75
311.99,520.88,-81.25,201.75
312.06,520.88,-81.25,201.75
312.12,520.88,-81.25,201.75
312.19,520.88,-81.25,201.75
312.26,520.88,-81.25,201.75
312.33,520.88,-81.25,201.75
312.4,520.88,-81.25,201.75
312.46,520.88,-81.25,201.75
312.53,520.88,-81.25,201.75
312.59,520.88,-81.25,201.75
312.66,520.88,-81.25,201.75
312.73,520.88,-81.25,201.75
312.79,520.88,-81.25,201.75
312.86,520.88,-81.25,201.75
312.93,520.88,-81.25,201.75
312.99,520.88,-81.25,201.75
313.06,520.88,-81.25,201.75
313.12,520.88,-81.25,201.75
313.19,520.88,-81.25,201.75
313.26,520.88,-81.25,201.75
313.32,520.88,-81.25,201.75
313.39,520.88,-81.25,201.75
313.46,520.88,-81.25,201.75
313.53,520.88,-81.25,201.75
313.59,520.88,-81.25,201.75
313.66,520.88,-81.25,201.75
313.72,520.88,-81.25,201.75
313.79,520.88,-81.25,201.75
313.86,520.88,-81.25,201.75
313.92,520.88,-81.25,201.75
313.99,520.88,-81.25,201.75
314.06,520.88,-81.25,201.75
314.12,520.88,-81.25,201.75
314.19,520.88,-81.25,201.75
314.26,520.88,-81.25,201.75
314.32,520.88,-81.25,201.75
314.39,520.88,-81.25,201.75
314.46,520.88,-81.25,201.75
314.52,520.88,-81.25,201.75
314.59,520.88,-81.25,201.75
314.66,520.88,-81.25,201.75
314.72,520.88,-81.25,201.75
314.79,520.88,-81.25,201.75
314.86,520.88,-81.25,201.75
314.92,520.88,-81.25,201.75
314.99,520.88,-81.25,201.75
315.05,520.88,-81.25,201.75
315.12,520.88,-81.25,201.75
315.19,520.88,-81.25,201.75
315.25,520.88,-81.25,201.75
315.32,520.88,-81.25,201.75
315.39,520.88,-81.25,201.75
315.45,520.88,-81.25,201.75
315.52,520.88,-81.25,201.75
315.59,520.88,-81.25,201.75
315.65,520.88,-81.25,201.75
315.72,520.88,-81.25,201.75
315.79,520.88,-81.25,201.75
315.85,520.88,-81.25,201.75
315.92,520.88,-81.25,201.75
315.99,520.88,-81.25,201.75
316.05,520.88,-81.25,201.75
316.12,520.88,-81.25,201.75
316.19,520.88,-81.25,201.75
316.25,520.88,-81.25,201.75
316.32,520.88,-81.25,201.75
316.39,520.88,-81.25,201.75
316.45,520.88,-81.25,201.75
316.52,520.88,-81.25,201.75
316.59,520.88,-81.25,201.75
316.65,520.88,-81.25,201.75
316.72,520.88,-81.25,201.75
316.79,520.88,-81.25,201.75
316.85,520.88,-81.25,201.75
316.92,520.88,-81.25,201.75
316.99,520.88,-81.25,201.75
317.05,520.88,-81.25,201.75
317.12,520.88,-81.25,201.75
317.19,520.88,-81.25,201.75
317.25,520.88,-81.25,201.75
317.32,520.88,-81.25,201.75
317.39,520.88,-81.25,201.75
317.46,520.88,-81.25,201.75
317.52,520.88,-81.25,201.75
317.59,520.88,-81.25,201.75
317.66,520.88,-81.25,201.75
317.72,520.88,-81.25,201.75
317.79,520.88,-81.25,201.75
317.86,520.88,-81.25,201.75
317.93,520.88,-81.25,201.75
317.99,520.88,-81.25,201.75
318.06,520.88,-81.25,201.75
318.13,520.88,-81.25,201.75
318.19,520.88,-81.25,201.75
318.26,520.88,-81.25,201.75
318.33,520.88,-81.25,201.75
318.4,520.88,-81.25,201.75
318.46,520.88,-81.25,201.75
318.53,520.88,-81.25,201.75
318.6,520.88,-81.25,201.75
318.66,520.88,-81.25,201.75
318.73,520.88,-81.25,201.75
318.81,520.88,-81.25,201.75
318.87,520.88,-81.25,201.75
318.94,520.88,-81.25,201.75
319.01,520.88,-81.25,201.75
319.07,520.88,-81.25,201.75
319.14,520.88,-81.25,201.75
319.21,520.88,-81.25,201.75
319.27,520.88,-81.25,201.75
319.34,520.88,-81.25,201.75
319.41,520.88,-81.25,201.75
319.47,520.88,-81.25,201.75
319.54,520.88,-81.25,201.75
319.6,520.88,-81.25,201.75
319.67,520.88,-81.25,201.75
319.74,520.88,-81.25,201.75
319.8,520.88,-81.25,201.75
319.87,520.88,-81.25,201.75
319.94,520.88,-81.25,201.75
320.0,520.88,-81.25,201.75
320.07,520.88,-81.25,201.75
320.13,520.88,-81.25,201.75
320.2,520.88,-81.25,201.75
320.27,520.88,-81.25,201.75
320.33,520.88,-81.25,201.75
320.4,520.88,-81.25,201.75
320.47,520.88,-81.25,201.75
320.53,520.88,-81.25,201.75
320.6,520.88,-81.25,201.75
320.67,520.88,-81.25,201.75
320.73,520.88,-81.25,201.75
320.8,520.88,-81.25,201.75
320.87,520.88,-81.25,201.75
320.93,520.88,-81.25,201.75
321.0,520.88,-81.25,201.75
321.06,520.88,-81.25,201.75
321.13,520.88,-81.25,201.75
321.2,520.88,-81.25,201.75
321.27,520.88,-81.25,201.75
321.33,520.88,-81.25,201.75
321.4,520.88,-81.25,201.75
321.47,520.88,-81.25,201.75
321.53,520.88,-81.25,201.75
321.6,520.88,-81.25,201.75
321.67,520.88,-81.25,201.75
321.73,520.88,-81.25,201.75
321.8,520.88,-81.25,201.75
321.87,520.88,-81.25,201.75
321.93,520.88,-81.25,201.75
322.0,520.88,-81.25,201.75
322.07,520.88,-81.25,201.75
322.13,520.88,-81.25,201.75
322.2,520.88,-81.25,201.75
322.27,520.88,-81.25,201.75
322.33,520.88,-81.25,201.75
322.4,520.88,-81.25,201.75
322.47,520.88,-81.25,201.75
322.53,520.88,-81.25,201.75
322.6,520.88,-81.25,201.75
322.67,520.88,-81.25,201.75
322.73,520.88,-81.25,201.75
322.8,520.88,-81.25,201.75
322.87,520.88,-81.25,201.75
322.94,520.88,-81.25,201.75
323.0,520.88,-81.25,201.75
323.07,520.88,-81.25,201.75
323.14,520.88,-81.25,201.75
323.2,520.88,-81.25,201.75
323.27,520.88,-81.25,201.75
323.34,520.88,-81.25,201.75
323.41,520.88,-81.25,201.75
323.47,520.88,-81.25,201.75
323.54,520.88,-81.25,201.75
323.61,520.88,-81.25,201.75
323.67,520.88,-81.25,201.75
323.74,520.88,-81.25,201.75
323.81,520.88,-81.25,201.75
323.88,520.88,-81.25,201.75
323.94,520.88,-81.25,201.75
324.01,520.88,-81.25,201.75
324.08,520.88,-81.25,201.75
324.14,520.88,-81.25,201.75
324.21,520.88,-81.25,201.75
324.28,520.88,-81.25,201.75
324.35,520.88,-81.25,201.75
324.41,520.88,-81.25,201.75
324.48,520.88,-81.25,201.75
324.55,520.88,-81.25,201.75
324.61,520.88,-81.25,201.75
324.68,520.88,-81.25,201.75
324.75,520.88,-81.25,201.75
324.81,520.88,-81.25,201.75
324.88,520.88,-81.25,201.75
324.96,520.88,-81.25,201.75
325.03,520.88,-81.25,201.75
325.09,520.88,-81.25,201.75
325.16,520.88,-81.25,201.75
325.22,520.88,-81.25,201.75
325.29,520.88,-81.25,201.75
325.36,520.88,-81.25,201.75
325.42,520.88,-81.25,201.75
325.49,520.88,-81.25,201.75
325.56,520.88,-81.25,201.75
325.62,520.88,-81.25,201.75
325.69,520.88,-81.25,201.75
325.76,520.88,-81.25,201.75
325.82,520.88,-81.25,201.75
325.89,520.88,-81.25,201.75
325.96,520.88,-81.25,201.75
326.02,520.88,-81.25,201.75
326.09,520.88,-81.25,201.75
326.16,520.88,-81.25,201.75
326.22,520.88,-81.25,201.75
326.29,520.88,-81.25,201.75
326.35,520.88,-81.25,201.75
326.42,520.88,-81.25,201.75
326.49,520.88,-81.25,201.75
326.55,520.88,-81.25,201.75
326.62,520.88,-81.25,201.75
326.69,520.88,-81.25,201.75
326.75,520.88,-81.25,201.75
326.82,520.88,-81.25,201.75
326.88,520.88,-81.25,201.75
326.95,520.88,-81.25,201.75
327.02,520.88,-81.25,201.75
327.08,520.88,-81.25,201.75
327.15,520.88,-81.25,201.75
327.22,520.88,-81.25,201.75
327.28,520.88,-81.25,201.75
327.35,520.88,-81.25,201.75
327.42,520.88,-81.25,201.75
327.48,520.88,-81.25,201.75
327.55,520.88,-81.25,201.75
327.62,520.88,-81.25,201.75
327.68,520.88,-81.25,201.75
327.75,520.88,-81.25,201.75
327.82,520.88,-81.25,201.75
327.88,520.88,-81.25,201.75
327.95,520.88,-81.25,201.75
328.02,520.88,-81.25,201.75
328.08,520.88,-81.25,201.75
328.15,520.88,-81.25,201.75
328.22,520.88,-81.25,201.75
328.28,520.88,-81.25,201.75
328.35,520.88,-81.25,201.75
328.42,520.88,-81.25,201.75
328.48,520.88,-81.25,201.75
328.55,520.88,-81.25,201.75
328.62,520.88,-81.25,201.75
328.68,520.88,-81.25,201.75
328.75,520.88,-81.25,201.75
328.82,520.88,-81.25,201.75
328.88,520.88,-81.25,201.75
328.95,520.88,-81.25,201.75
329.02,520.88,-81.25,201.75
329.08,520.88,-81.25,201.75
329.15,520.88,-81.25,201.75
329.22,520.88,-81.25,201.75
329.28,520.88,-81.25,201.75
329.35,520.88,-81.25,201.75
329.42,520.88,-81.25,201.75
329.48,520.88,-81.25,201.75
329.55,520.88,-81.25,201.75
329.62,520.88,-81.25,201.75
329.69,520.88,-81.25,201.75
329.75,520.88,-81.25,201.75
329.82,520.88,-81.25,201.75
329.89,520.88,-81.25,201.75
329.95,520.88,-81.25,201.75
330.02,520.88,-81.25,201.75
330.09,520.88,-81.25,201.75
330.15,520.88,-81.25,201.75
330.22,520.88,-81.25,201.75
330.29,520.88,-81.25,201.75
330.36,520.88,-81.25,201.75
330.42,520.88,-81.25,201.75
330.49,520.88,-81.25,201.75
330.56,520.88,-81.25,201.75
330.62,520.88,-81.25,201.75
330.69,520.88,-81.25,201.75
330.76,520.88,-81.25,201.75
330.82,520.88,-81.25,201.75
330.89,520.88,-81.25,201.75
330.96,520.88,-81.25,201.75
331.02,520.88,-81.25,201.75
331.09,520.88,-81.25,201.75
331.17,520.88,-81.25,201.75
331.23,520.88,-81.25,201.75
331.3,520.88,-81.25,201.75
331.36,520.88,-81.25,201.75
331.43,520.88,-81.25,201.75
331.5,520.88,-81.25,201.75
331.56,520.88,-81.25,201.75
331.63,520.88,-81.25,201.75
331.7,520.88,-81.25,201.75
331.76,520.88,-81.25,201.75
331.83,520.88,-81.25,201.75
331.9,520.88,-81.25,201.75
331.96,520.88,-81.25,201.75
332.03,520.88,-81.25,201.75
332.09,520.88,-81.25,201.75
332.16,520.88,-81.25,201.75
332.23,520.88,-81.25,201.75
332.29,520.88,-81.25,201.75
332.36,520.88,-81.25,201.75
332.43,520.88,-81.25,201.75
332.49,520.88,-81.25,201.75
332.56,520.88,-81.25,201.75
332.62,520.88,-81.25,201.75
332.69,520.88,-81.25,201.75
332.76,520.88,-81.25,201.75
332.83,520.88,-81.25,201.75
332.89,520.88,-81.25,201.75
332.96,520.88,-81.25,201.75
333.03,520.88,-81.25,201.75
333.09,520.88,-81.25,201.75
333.16,520.88,-81.25,201.75
333.22,520.88,-81.25,201.75
333.29,520.88,-81.25,201.75
333.36,520.88,-81.25,201.75
333.42,520.88,-81.25,201.75
333.49,520.88,-81.25,201.75
333.56,520.88,-81.25,201.75
333.62,520.88,-81.25,201.75
333.69,520.88,-81.25,201.75
333.76,520.88,-81.25,201.75
333.83,520.88,-81.25,201.75
333.89,520.88,-81.25,201.75
333.96,520.88,-81.25,201.75
334.03,520.88,-81.25,201.75
334.09,520.88,-81.25,201.75
334.16,520.88,-81.25,201.75
334.23,520.88,-81.25,201.75
334.29,520.88,-81.25,201.75
334.36,520.88,-81.25,201.75
334.43,520.88,-81.25,201.75
334.49,520.88,-81.25,201.75
334.56,520.88,-81.25,201.75
334.63,520.88,-81.25,201.75
334.69,520.88,-81.25,201.75
334.76,520.88,-81.25,201.75
334.83,520.88,-81.25,201.75
334.89,520.88,-81.25,201.75
334.96,520.88,-81.25,201.75
335.03,520.88,-81.25,201.75
335.09,520.88,-81.25,201.75
335.16,520.88,-81.25,201.75
335.23,520.88,-81.25,201.75
335.29,520.88,-81.25,201.75
335.36,520.88,-81.25,201.75
335.43,520.88,-81.25,201.75
335.5,520.88,-81.25,201.75
335.56,520.88,-81.25,201.75
335.63,520.88,-81.25,201.75
335.7,520.88,-81.25,201.75
335.76,520.88,-81.25,201.75
335.83,520.88,-81.25,201.75
335.9,520.88,-81.25,201.75
335.96,520.88,-81.25,201.75
336.03,520.88,-81.25,201.75
336.1,520.88,-81.25,201.75
336.16,520.88,-81.25,201.75
336.23,520.88,-81.25,201.75
336.3,520.88,-81.25,201.75
336.37,520.88,-81.25,201.75
336.43,520.88,-81.25,201.75
336.5,520.88,-81.25,201.75
336.57,520.88,-81.25,201.75
336.63,520.88,-81.25,201.75
336.7,520.88,-81.25,201.75
336.77,520.88,-81.25,201.75
336.83,520.88,-81.25,201.75
336.9,520.88,-81.25,201.75
336.97,520.88,-81.25,201.75
337.04,520.88,-81.25,201.75
337.1,520.88,-81.25,201.75
337.17,520.88,-81.25,201.75
337.24,520.88,-81.25,201.75
337.31,520.88,-81.25,201.75
337.37,520.88,-81.25,201.75
337.44,520.88,-81.25,201.75
337.51,520.88,-81.25,201.75
337.57,520.88,-81.25,201.75
337.64,520.88,-81.25,201.75
337.71,520.88,-81.25,201.75
337.78,520.88,-81.25,201.75
337.85,520.88,-81.25,201.75
337.91,520.88,-81.25,201.75
337.98,520.88,-81.25,201.75
338.05,520.88,-81.25,201.75
338.11,520.88,-81.25,201.75
338.18,520.88,-81.25,201.75
338.25,520.88,-81.25,201.75
338.31,520.88,-81.25,201.75
338.38,520.88,-81.25,201.75
338.44,520.88,-81.25,201.75
338.51,520.88,-81.25,201.75
338.58,520.88,-81.25,201.75
338.64,520.88,-81.25,201.75
338.71,520.88,-81.25,201.75
338.77,520.88,-81.25,201.75
338.84,520.88,-81.25,201.75
338.91,520.88,-81.25,201.75
338.98,520.88,-81.25,201.75
339.04,520.88,-81.25,201.75
339.11,520.88,-81.25,201.75
339.18,520.88,-81.25,201.75
339.24,520.88,-81.25,201.75
339.31,520.88,-81.25,201.75
339.37,520.88,-81.25,201.75
339.44,520.88,-81.25,201.75
339.51,520.88,-81.25,201.75
339.57,520.88,-81.25,201.75
339.64,520.88,-81.25,201.75
339.71,520.88,-81.25,201.75
339.77,520.88,-81.25,201.75
339.84,520.88,-81.25,201.75
339.91,520.88,-81.25,201.75
339.97,520.88,-81.25,201.75
340.04,520.88,-81.25,201.75
340.11,520.88,-81.25,201.75
340.17,520.88,-81.25,201.75
340.24,520.88,-81.25,201.75
340.31,520.88,-81.25,201.75
340.37,520.88,-81.25,201.75
340.44,520.88,-81.25,201.75
340.51,520.88,-81.25,201.75
340.57,520.88,-81.25,201.75
340.64,520.88,-81.25,201.75
340.71,520.88,-81.25,201.75
340.77,520.88,-81.25,201.75
340.84,520.88,-81.25,201.75
340.91,520.88,-81.25,201.75
340.97,520.88,-81.25,201.75
341.04,520.88,-81.25,201.75
341.11,520.88,-81.25,201.75
341.17,520.88,-81.25,201.75
341.24,520.88,-81.25,201.75
341.31,520.88,-81.25,201.75
341.38,520.88,-81.25,201.75
341.44,520.88,-81.25,201.75
341.51,520.88,-81.25,201.75
341.58,520.88,-81.25,201.75
341.64,520.88,-81.25,201.75
341.71,520.88,-81.25,201.75
341.78,520.88,-81.25,201.75
341.84,520.88,-81.25,201.75
341.91,520.88,-81.25,201.75
341.98,520.88,-81.25,201.75
342.04,520.88,-81.25,201.75
342.11,520.88,-81.25,201.75
342.18,520.88,-81.25,201.75
342.24,520.88,-81.25,201.75
342.31,520.88,-81.25,201.75
342.38,520.88,-81.25,201.75
342.44,520.88,-81.25,201.75
342.51,520.88,-81.25,201.75
342.58,520.88,-81.25,201.75
342.65,520.88,-81.25,201.75
342.71,520.88,-81.25,201.75
342.78,520.88,-81.25,201.75
342.85,520.88,-81.25,201.75
342.91,520.88,-81.25,201.75
342.98,520.88,-81.25,201.75
343.05,520.88,-81.25,201.75
343.12,520.88,-81.25,201.75
343.18,520.88,-81.25,201.75
343.25,520.88,-81.25,201.75
343.32,520.88,-81.25,201.75
343.38,520.88,-81.25,201.75
343.45,520.88,-81.25,201.75
343.52,520.88,-81.25,201.75
343.58,520.88,-81.25,201.75
343.65,520.88,-81.25,201.75
343.72,520.88,-81.25,201.75
343.79,520.88,-81.25,201.75
343.85,520.88,-81.25,201.75
343.92,520.88,-81.25,201.75
343.99,520.88,-81.25,201.75
344.05,520.88,-81.25,201.75
344.12,520.88,-81.25,201.75
344.19,520.88,-81.25,201.75
344.25,520.88,-81.25,201.75
344.33,520.88,-81.25,201.75
344.39,520.88,-81.25,201.75
344.46,520.88,-81.25,201.75
344.53,520.88,-81.25,201.75
344.59,520.88,-81.25,201.75
344.66,520.88,-81.25,201.75
344.73,520.88,-81.25,201.75
344.79,520.88,-81.25,201.75
344.86,520.88,-81.25,201.75
344.93,520.88,-81.25,201.75
344.99,520.88,-81.25,201.75
345.06,520.88,-81.25,201.75
345.13,520.88,-81.25,201.75
345.19,520.88,-81.25,201.75
345.26,520.88,-81.25,201.75
345.32,520.88,-81.25,201.75
345.39,520.88,-81.25,201.75
345.46,520.88,-81.25,201.75
345.52,520.88,-81.25,201.75
345.59,520.88,-81.25,201.75
345.66,520.88,-81.25,201.75
345.72,520.88,-81.25,201.75
345.79,520.88,-81.25,201.75
345.86,520.88,-81.25,201.75
345.92,520.88,-81.25,201.75
345.99,520.88,-81.25,201.75
346.06,520.88,-81.25,201.75
346.12,520.88,-81.25,201.75
346.19,520.88,-81.25,201.75
346.26,520.88,-81.25,201.75
346.32,520.88,-81.25,201.75
346.39,520.88,-81.25,201.75
346.45,520.88,-81.25,201.75
346.52,520.88,-81.25,201.75
346.59,520.88,-81.25,201.75
346.66,520.88,-81.25,201.75
346.72,520.88,-81.25,201.75
346.79,520.88,-81.25,201.75
346.85,520.88,-81.25,201.75
346.92,520.88,-81.25,201.75
346.99,520.88,-81.25,201.75
347.05,520.88,-81.25,201.75
347.12,520.88,-81.25,201.75
347.19,520.88,-81.25,201.75
347.25,520.88,-81.25,201.75
347.32,520.88,-81.25,201.75
347.39,520.88,-81.25,201.75
347.45,520.88,-81.25,201.75
347.52,520.88,-81.25,201.75
347.59,520.88,-81.25,201.75
347.66,520.88,-81.25,201.75
347.72,520.88,-81.25,201.75
347.79,520.88,-81.25,201.75
347.86,520.88,-81.25,201.75
347.92,520.88,-81.25,201.75
347.99,520.88,-81.25,201.75
348.05,520.88,-81.25,201.75
348.12,520.88,-81.25,201.75
348.19,520.88,-81.25,201.75
348.25,520.88,-81.25,201.75
348.32,520.88,-81.25,201.75
348.39,520.88,-81.25,201.75
348.45,520.88,-81.25,201.75
348.52,520.88,-81.25,201.75
348.59,520.88,-81.25,201.75
348.66,520.88,-81.25,201.75
348.72,520.88,-81.25,201.75
348.79,520.88,-81.25,201.75
348.86,520.88,-81.25,201.75
348.92,520.88,-81.25,201.75
348.99,520.88,-81.25,201.75
349.06,520.88,-81.25,201.75
349.13,520.88,-81.25,201.75
349.19,520.88,-81.25,201.75
349.26,520.88,-81.25,201.75
349.33,520.88,-81.25,201.75
349.39,520.88,-81.25,201.75
349.46,520.88,-81.25,201.75
349.53,520.88,-81.25,201.75
349.59,520.88,-81.25,201.75
349.66,520.88,-81.25,201.75
349.73,520.88,-81.25,201.75
349.79,520.88,-81.25,201.75
349.86,520.88,-81.25,201.75
349.93,520.88,-81.25,201.75
350.0,520.88,-81.25,201.75
350.06,520.88,-81.25,201.75
350.13,520.88,-81.25,201.75
350.2,520.88,-81.25,201.75
350.26,520.88,-81.25,201.75
350.33,520.88,-81.25,201.75
350.4,520.88,-81.25,201.75
350.47,520.88,-81.25,201.75
350.53,520.88,-81.25,201.75
350.6,520.88,-81.25,201.75
350.67,520.88,-81.25,201.75
350.73,520.88,-81.25,201.75
350.8,520.88,-81.25,201.75
350.87,520.88,-81.25,201.75
350.93,520.88,-81.25,201.75
351.01,520.88,-81.25,201.75
351.07,520.88,-81.25,201.75
351.14,520.88,-81.25,201.75
351.21,520.88,-81.25,201.75
351.27,520.88,-81.25,201.75
351.34,520.88,-81.25,201.75
351.4,520.88,-81.25,201.75
351.47,520.88,-81.25,201.75
351.54,520.88,-81.25,201.75
351.6,520.88,-81.25,201.75
351.67,520.88,-81.25,201.75
351.74,520.88,-81.25,201.75
351.8,520.88,-81.25,201.75
351.87,520.88,-81.25,201.75
351.94,520.88,-81.25,201.75
352.0,520.88,-81.25,201.75
352.07,520.88,-81.25,201.75
352.13,520.88,-81.25,201.75
352.2,520.88,-81.25,201.75
352.27,520.88,-81.25,201.75
352.33,520.88,-81.25,201.75
352.4,520.88,-81.25,201.75
352.47,520.88,-81.25,201.75
352.54,520.88,-81.25,201.75
352.6,520.88,-81.25,201.75
352.67,520.88,-81.25,201.75
352.74,520.88,-81.25,201.75
352.8,520.88,-81.25,201.75
352.87,520.88,-81.25,201.75
352.93,520.88,-81.25,201.75
353.0,520.88,-81.25,201.75
353.07,520.88,-81.25,201.75
353.13,520.88,-81.25,201.75
353.2,520.88,-81.25,201.75
353.27,520.88,-81.25,201.75
353.35,520.88,-81.25,201.75
353.41,520.88,-81.25,201.75
353.48,520.88,-81.25,201.75
353.55,520.88,-81.25,201.75
353.61,520.88,-81.25,201.75
353.68,520.88,-81.25,201.75
353.74,520.88,-81.25,201.75
353.81,520.88,-81.25,201.75
353.88,520.88,-81.25,201.75
353.94,520.88,-81.25,201.75
354.01,520.88,-81.25,201.75
354.08,520.88,-81.25,201.75
354.14,520.88,-81.25,201.75
354.21,520.88,-81.25,201.75
354.28,520.88,-81.25,201.75
354.34,520.88,-81.25,201.75
354.41,520.88,-81.25,201.75
354.47,520.88,-81.25,201.75
354.54,520.88,-81.25,201.75
354.61,520.88,-81.25,201.75
354.67,520.88,-81.25,201.75
354.74,520.88,-81.25,201.75
354.81,520.88,-81.25,201.75
354.87,520.88,-81.25,201.75
354.94,520.88,-81.25,201.75
355.01,520.88,-81.25,201.75
355.07,520.88,-81.25,201.75
355.14,520.88,-81.25,201.75
355.2,520.88,-81.25,201.75
355.27,520.88,-81.25,201.75
355.34,520.88,-81.25,201.75
355.41,520.88,-81.25,201.75
355.47,520.88,-81.25,201.75
355.54,520.88,-81.25,201.75
355.6,520.88,-81.25,201.75
355.67,520.88,-81.25,201.75
355.74,520.88,-81.25,201.75
355.8,520.88,-81.25,201.75
355.87,520.88,-81.25,201.75
355.94,520.88,-81.25,201.75
356.0,520.88,-81.25,201.75
356.07,520.88,-81.25,201.75
356.14,520.88,-81.25,201.75
356.2,520.88,-81.25,201.75
356.27,520.88,-81.25,201.75
356.34,520.88,-81.25,201.75
356.4,520.88,-81.25,201.75
356.47,520.88,-81.25,201.75
356.54,520.88,-81.25,201.75
356.6,520.88,-81.25,201.75
356.67,520.88,-81.25,201.75
356.74,520.88,-81.25,201.75
356.8,520.88,-81.25,201.75
356.87,520.88,-81.25,201.75
356.94,520.88,-81.25,201.75
357.0,520.88,-81.25,201.75
357.07,520.88,-81.25,201.75
357.14,520.88,-81.25,201.75
357.2,520.88,-81.25,201.75
357.27,520.88,-81.25,201.75
357.34,520.88,-81.25,201.75
357.4,520.88,-81.25,201.75
357.47,520.88,-81.25,201.75
357.54,520.88,-81.25,201.75
357.6,520.88,-81.25,201.75
357.67,520.88,-81.25,201.75
357.74,520.88,-81.25,201.75
357.8,520.88,-81.25,201.75
357.87,520.88,-81.25,201.75
357.94,520.88,-81.25,201.75
358.0,520.88,-81.25,201.75
358.07,520.88,-81.25,201.75
358.14,520.88,-81.25,201.75
358.2,520.88,-81.25,201.75
358.27,520.88,-81.25,201.75
358.34,520.88,-81.25,201.75
358.41,520.88,-81.25,201.75
358.47,520.88,-81.25,201.75
358.54,520.88,-81.25,201.75
358.61,520.88,-81.25,201.75
358.67,520.88,-81.25,201.75
358.74,520.88,-81.25,201.75
358.81,520.88,-81.25,201.75
358.87,520.88,-81.25,201.75
358.94,520.88,-81.25,201.75
359.01,520.88,-81.25,201.75
359.07,520.88,-81.25,201.75
359.14,520.88,-81.25,201.75
359.21,520.88,-81.25,201.75
359.28,520.88,-81.25,201.75
359.34,520.88,-81.25,201.75
359.41,520.88,-81.25,201.75
359.48,520.88,-81.25,201.75
359.54,520.88,-81.25,201.75
359.61,520.88,-81.25,201.75
359.68,520.88,-81.25,201.75
359.75,520.88,-81.25,201.75
359.81,520.88,-81.25,201.75
359.88,520.88,-81.25,201.75
359.95,520.88,-81.25,201.75
360.02,520.88,-81.25,201.75
360.09,520.88,-81.25,201.75
360.15,520.88,-81.25,201.75
360.22,520.88,-81.25,201.75
360.29,520.88,-81.25,201.75
360.35,520.88,-81.25,201.75
360.42,520.88,-81.25,201.75
360.49,520.88,-81.25,201.75
360.55,520.88,-81.25,201.75
360.62,520.88,-81.25,201.75
360.69,520.88,-81.25,201.75
360.75,520.88,-81.25,201.75
360.82,520.88,-81.25,201.75
360.89,520.88,-81.25,201.75
360.95,520.88,-81.25,201.75
361.02,520.88,-81.25,201.75
361.08,520.88,-81.25,201.75
361.15,520.88,-81.25,201.75
361.22,520.88,-81.25,201.75
361.28,520.88,-81.25,201.75
361.35,520.88,-81.25,201.75
361.42,520.88,-81.25,201.75
361.48,520.88,-81.25,201.75
361.55,520.88,-81.25,201.75
361.62,520.88,-81.25,201.75
361.68,520.88,-81.25,201.75
361.75,520.88,-81.25,201.75
361.82,520.88,-81.25,201.75
361.88,520.88,-81.25,201.75
361.95,520.88,-81.25,201.75
362.01,520.88,-81.25,201.75
362.08,520.88,-81.25,201.75
362.15,520.88,-81.25,201.75
362.21,520.88,-81.25,201.75
362.28,520.88,-81.25,201.75
362.35,520.88,-81.25,201.75
362.41,520.88,-81.25,201.75
362.48,520.88,-81.25,201.75
362.55,520.88,-81.25,201.75
362.61,520.88,-81.25,201.75
362.68,520.88,-81.25,201.75
362.75,520.88,-81.25,201.75
362.81,520.88,-81.25,201.75
362.88,520.88,-81.25,201.75
362.95,520.88,-81.25,201.75
363.01,520.88,-81.25,201.75
363.08,520.88,-81.25,201.75
363.15,520.88,-81.25,201.75
363.21,520.88,-81.25,201.75
363.28,520.88,-81.25,201.75
363.35,520.88,-81.25,201.75
363.41,520.88,-81.25,201.75
363.48,520.88,-81.25,201.75
363.55,520.88,-81.25,201.75
363.61,520.88,-81.25,201.75
363.68,520.88,-81.25,201.75
363.75,520.88,-81.25,201.75
363.81,520.88,-81.25,201.75
363.88,520.88,-81.25,201.75
363.94,520.88,-81.25,201.75
364.01,520.88,-81.25,201.75
364.08,520.88,-81.25,201.75
364.15,520.88,-81.25,201.75
364.21,520.88,-81.25,201.75
364.28,520.88,-81.25,201.75
364.35,520.88,-81.25,201.75
364.41,520.88,-81.25,201.75
364.48,520.88,-81.25,201.75
364.55,520.88,-81.25,201.75
364.61,520.88,-81.25,201.75
364.68,520.88,-81.25,201.75
364.75,520.88,-81.25,201.75
364.81,520.88,-81.25,201.75
364.88,520.88,-81.25,201.75
364.95,520.88,-81.25,201.75
365.01,520.88,-81.25,201.75
365.08,520.88,-81.25,201.75
365.15,520.88,-81.25,201.75
365.22,520.88,-81.25,201.75
365.28,520.88,-81.25,201.75
365.35,520.88,-81.25,201.75
365.42,520.88,-81.25,201.75
365.48,520.88,-81.25,201.75
365.55,520.88,-81.25,201.75
365.62,520.88,-81.25,201.75
365.68,520.88,-81.25,201.75
365.75,520.88,-81.25,201.75
365.82,520.88,-81.25,201.75
365.89,520.88,-81.25,201.75
365.95,520.88,-81.25,201.75
366.02,520.88,-81.25,201.75
366.09,520.88,-81.25,201.75
366.15,520.88,-81.25,201.75
366.22,520.88,-81.25,201.75
366.29,520.88,-81.25,201.75
366.35,520.88,-81.25,201.75
366.42,520.88,-81.25,201.75
366.49,520.88,-81.25,201.75
366.55,520.88,-81.25,201.75
366.62,520.88,-81.25,201.75
366.69,520.88,-81.25,201.75
366.76,520.88,-81.25,201.75
366.83,520.88,-81.25,201.75
366.89,520.88,-81.25,201.75
366.96,520.88,-81.25,201.75
367.03,520.88,-81.25,201.75
367.09,520.88,-81.25,201.75
367.16,520.88,-81.25,201.75
367.23,520.88,-81.25,201.75
367.29,520.88,-81.25,201.75
367.36,520.88,-81.25,201.75
367.42,520.88,-81.25,201.75
367.49,520.88,-81.25,201.75
367.56,520.88,-81.25,201.75
367.62,520.88,-81.25,201.75
367.69,520.88,-81.25,201.75
367.76,520.88,-81.25,201.75
367.82,520.88,-81.25,201.75
367.89,520.88,-81.25,201.75
367.95,520.88,-81.25,201.75
368.02,520.88,-81.25,201.75
368.09,520.88,-81.25,201.75
368.15,520.88,-81.25,201.75
368.22,520.88,-81.25,201.75
368.29,520.88,-81.25,201.75
368.35,520.88,-81.25,201.75
368.42,520.88,-81.25,201.75
368.49,520.88,-81.25,201.75
368.55,520.88,-81.25,201.75
368.62,520.88,-81.25,201.75
368.69,520.88,-81.25,201.75
368.75,520.88,-81.25,201.75
368.82,520.88,-81.25,201.75
368.89,520.88,-81.25,201.75
368.95,520.88,-81.25,201.75
369.02,520.88,-81.25,201.75
369.09,520.88,-81.25,201.75
369.15,520.88,-81.25,201.75
369.22,520.88,-81.25,201.75
369.29,520.88,-81.25,201.75
369.35,520.88,-81.25,201.75
369.42,520.88,-81.25,201.75
369.49,520.88,-81.25,201.75
369.55,520.88,-81.25,201.75
369.62,520.88,-81.25,201.75
369.69,520.88,-81.25,201.75
369.75,520.88,-81.25,201.75
369.82,520.88,-81.25,201.75
369.89,520.88,-81.25,201.75
369.95,520.88,-81.25,201.75
370.02,520.88,-81.25,201.75
370.09,520.88,-81.25,201.75
370.15,520.88,-81.25,201.75
370.22,520.88,-81.25,201.75
370.29,520.88,-81.25,201.75
370.35,520.88,-81.25,201.75
370.42,520.88,-81.25,201.75
370.49,520.88,-81.25,201.75
370.55,520.88,-81.25,201.75
370.62,520.88,-81.25,201.75
370.68,520.88,-81.25,201.75
370.75,520.88,-81.25,201.75
370.82,520.88,-81.25,201.75
370.88,520.88,-81.25,201.75
370.95,520.88,-81.25,201.75
371.02,520.88,-81.25,201.75
371.09,520.88,-81.25,201.75
371.15,520.88,-81.25,201.75
371.22,520.88,-81.25,201.75
371.29,520.88,-81.25,201.75
371.35,520.88,-81.25,201.75
371.42,520.88,-81.25,201.75
371.49,520.88,-81.25,201.75
371.55,520.88,-81.25,201.75
371.62,520.88,-81.25,201.75
371.69,520.88,-81.25,201.75
371.75,520.88,-81.25,201.75
371.82,520.88,-81.25,201.75
371.89,520.88,-81.25,201.75
371.95,520.88,-81.25,201.75
372.02,520.88,-81.25,201.75
372.09,520.88,-81.25,201.75
372.16,520.88,-81.25,201.75
372.22,520.88,-81.25,201.75
372.29,520.88,-81.25,201.75
372.36,520.88,-81.25,201.75
372.42,520.88,-81.25,201.75
372.49,520.88,-81.25,201.75
372.56,520.88,-81.25,201.75
372.62,520.88,-81.25,201.75
372.69,520.88,-81.25,201.75
372.76,520.88,-81.25,201.75
372.82,520.88,-81.25,201.75
372.89,520.88,-81.25,201.75
372.96,520.88,-81.25,201.75
373.03,520.88,-81.25,201.75
373.09,520.88,-81.25,201.75
373.16,520.88,-81.25,201.75
373.23,520.88,-81.25,201.75
373.29,520.88,-81.25,201.75
373.36,520.88,-81.25,201.75
373.44,520.88,-81.25,201.75
373.5,520.88,-81.25,201.75
373.57,520.88,-81.25,201.75
373.63,520.88,-81.25,201.75
373.7,520.88,-81.25,201.75
373.77,520.88,-81.25,201.75
373.83,520.88,-81.25,201.75
373.9,520.88,-81.25,201.75
373.96,520.88,-81.25,201.75
374.03,520.88,-81.25,201.75
374.1,520.88,-81.25,201.75
374.16,520.88,-81.25,201.75
374.23,520.88,-81.25,201.75
374.3,520.88,-81.25,201.75
374.36,520.88,-81.25,201.75
374.43,520.88,-81.25,201.75
374.5,520.88,-81.25,201.75
374.56,520.88,-81.25,201.75
374.63,520.88,-81.25,201.75
374.7,520.88,-81.25,201.75
374.76,520.88,-81.25,201.75
374.83,520.88,-81.25,201.75
374.89,520.88,-81.25,201.75
374.96,520.88,-81.25,201.75
375.03,520.88,-81.25,201.75
375.09,520.88,-81.25,201.75
375.16,520.88,-81.25,201.75
375.23,520.88,-81.25,201.75
375.29,520.88,-81.25,201.75
375.36,520.88,-81.25,201.75
375.43,520.88,-81.25,201.75
375.49,520.88,-81.25,201.75
375.56,520.88,-81.25,201.75
375.63,520.88,-81.25,201.75
375.69,520.88,-81.25,201.75
375.76,520.88,-81.25,201.75
375.82,520.88,-81.25,201.75
375.89,520.88,-81.25,201.75
375.96,520.88,-81.25,201.75
376.02,520.88,-81.25,201.75
376.09,520.88,-81.25,201.75
376.16,520.88,-81.25,201.75
376.22,520.88,-81.25,201.75
376.29,520.88,-81.25,201.75
376.36,520.88,-81.25,201.75
376.42,520.88,-81.25,201.75
376.49,520.88,-81.25,201.75
376.56,520.88,-81.25,201.75
376.62,520.88,-81.25,201.75
376.69,520.88,-81.25,201.75
376.76,520.88,-81.25,201.75
376.82,520.88,-81.25,201.75
376.89,520.88,-81.25,201.75
376.96,520.88,-81.25,201.75
377.02,520.88,-81.25,201.75
377.09,520.88,-81.25,201.75
377.16,520.88,-81.25,201.75
377.22,520.88,-81.25,201.75
377.29,520.88,-81.25,201.75
377.36,520.88,-81.25,201.75
377.42,520.88,-81.25,201.75
377.49,520.88,-81.25,201.75
377.56,520.88,-81.25,201.75
377.62,520.88,-81.25,201.75
377.69,520.88,-81.25,201.75
377.76,520.88,-81.25,201.75
377.82,520.88,-81.25,201.75
377.89,520.88,-81.25,201.75
377.96,520.88,-81.25,201.75
378.02,520.88,-81.25,201.75
378.09,520.88,-81.25,201.75
378.16,520.88,-81.25,201.75
378.22,520.88,-81.25,201.75
378.29,520.88,-81.25,201.75
378.36,520.88,-81.25,201.75
378.42,520.88,-81.25,201.75
378.49,520.88,-81.25,201.75
378.56,520.88,-81.25,201.75
378.63,520.88,-81.25,201.75
378.69,520.88,-81.25,201.75
378.76,520.88,-81.25,201.75
378.83,520.88,-81.25,201.75
378.89,520.88,-81.25,201.75
378.96,520.88,-81.25,201.75
379.03,520.88,-81.25,201.75
379.1,520.88,-81.25,201.75
379.16,520.88,-81.25,201.75
379.23,520.88,-81.25,201.75
379.3,520.88,-81.25,201.75
379.36,520.88,-81.25,201.75
379.43,520.88,-81.25,201.75
379.5,520.88,-81.25,201.75
379.56,520.88,-81.25,201.75
379.63,520.88,-81.25,201.75
379.7,520.88,-81.25,201.75
379.76,520.88,-81.25,201.75
379.83,520.88,-81.25,201.75
379.9,520.88,-81.25,201.75
379.96,520.88,-81.25,201.75
380.03,520.88,-81.25,201.75
380.1,520.88,-81.25,201.75
380.17,520.88,-81.25,201.75
380.24,520.88,-81.25,201.75
380.31,520.88,-81.25,201.75
380.37,520.88,-81.25,201.75
380.44,520.88,-81.25,201.75
380.51,520.88,-81.25,201.75
380.57,520.88,-81.25,201.75
380.64,520.88,-81.25,201.75
380.71,520.88,-81.25,201.75
380.77,520.88,-81.25,201.75
380.84,520.88,-81.25,201.75
380.9,520.88,-81.25,201.75
380.97,520.88,-81.25,201.75
381.04,520.88,-81.25,201.75
381.1,520.88,-81.25,201.75
381.17,520.88,-81.25,201.75
381.24,520.88,-81.25,201.75
381.3,520.88,-81.25,201.75
381.37,520.88,-81.25,201.75
381.44,520.88,-81.25,201.75
381.5,520.88,-81.25,201.75
381.57,520.88,-81.25,201.75
381.63,520.88,-81.25,201.75
381.7,520.88,-81.25,201.75
381.77,520.88,-81.25,201.75
381.83,520.88,-81.25,201.75
381.9,520.88,-81.25,201.75
381.97,520.88,-81.25,201.75
382.03,520.88,-81.25,201.75
382.1,520.88,-81.25,201.75
382.17,520.88,-81.25,201.75
382.23,520.88,-81.25,201.75
382.3,520.88,-81.25,201.75
382.37,520.88,-81.25,201.75
382.43,520.88,-81.25,201.75
382.5,520.88,-81.25,201.75
382.57,520.88,-81.25,201.75
382.63,520.88,-81.25,201.75
382.7,520.88,-81.25,201.75
382.76,520.88,-81.25,201.75
382.83,520.88,-81.25,201.75
382.9,520.88,-81.25,201.75
382.96,520.88,-81.25,201.75
383.03,520.88,-81.25,201.75
383.1,520.88,-81.25,201.75
383.16,520.88,-81.25,201.75
383.23,520.88,-81.25,201.75
383.3,520.88,-81.25,201.75
383.36,520.88,-81.25,201.75
383.43,520.88,-81.25,201.75
383.49,520.88,-81.25,201.75
383.56,520.88,-81.25,201.75
383.63,520.88,-81.25,201.75
383.69,520.88,-81.25,201.75
383.76,520.88,-81.25,201.75
383.83,520.88,-81.25,201.75
383.89,520.88,-81.25,201.75
383.96,520.88,-81.25,201.75
384.03,520.88,-81.25,201.75
384.09,520.88,-81.25,201.75
384.16,520.88,-81.25,201.75
384.23,520.88,-81.25,201.75
384.29,520.88,-81.25,201.75
384.36,520.88,-81.25,201.75
384.43,520.88,-81.25,201.75
384.49,520.88,-81.25,201.75
384.56,520.88,-81.25,201.75
384.63,520.88,-81.25,201.75
384.69,520.88,-81.25,201.75
384.76,520.88,-81.25,201.75
384.83,520.88,-81.25,201.75
384.9,520.88,-81.25,201.75
384.96,520.88,-81.25,201.75
385.03,520.88,-81.25,201.75
385.1,520.88,-81.25,201.75
385.16,520.88,-81.25,201.75
385.23,520.88,-81.25,201.75
385.3,520.88,-81.25,201.75
385.36,520.88,-81.25,201.75
385.43,520.88,-81.25,201.75
385.5,520.88,-81.25,201.75
385.56,520.88,-81.25,201.75
385.63,520.88,-81.25,201.75
385.7,520.88,-81.25,201.75
385.76,520.88,-81.25,201.75
385.83,520.88,-81.25,201.75
385.9,520.88,-81.25,201.75
385.96,520.88,-81.25,201.75
386.03,520.88,-81.25,201.75
386.1,520.88,-81.25,201.75
386.16,520.88,-81.25,201.75
386.23,520.88,-81.25,201.75
386.3,520.88,-81.25,201.75
386.36,520.88,-81.25,201.75
386.43,520.88,-81.25,201.75
386.5,520.88,-81.25,201.75
386.56,520.88,-81.25,201.75
386.63,520.88,-81.25,201.75
386.7,520.88,-81.25,201.75
386.77,520.88,-81.25,201.75
386.84,520.88,-81.25,201.75
386.91,520.88,-81.25,201.75
386.98,520.88,-81.25,201.75
387.04,520.88,-81.25,201.75
387.11,520.88,-81.25,201.75
387.17,520.88,-81.25,201.75
387.24,520.88,-81.25,201.75
387.31,520.88,-81.25,201.75
387.37,520.88,-81.25,201.75
387.44,520.88,-81.25,201.75
387.51,520.88,-81.25,201.75
387.57,520.88,-81.25,201.75
387.64,520.88,-81.25,201.75
387.71,520.88,-81.25,201.75
387.77,520.88,-81.25,201.75
387.84,520.88,-81.25,201.75
387.9,520.88,-81.25,201.75
387.97,520.88,-81.25,201.75
388.04,520.88,-81.25,201.75
388.1,520.88,-81.25,201.75
388.17,520.88,-81.25,201.75
388.24,520.88,-81.25,201.75
388.3,520.88,-81.25,201.75
388.37,520.88,-81.25,201.75
388.44,520.88,-81.25,201.75
388.5,520.88,-81.25,201.75
388.57,520.88,-81.25,201.75
388.64,520.88,-81.25,201.75
388.7,520.88,-81.25,201.75
388.77,520.88,-81.25,201.75
388.84,520.88,-81.25,201.75
388.9,520.88,-81.25,201.75
388.97,520.88,-81.25,201.75
389.04,520.88,-81.25,201.75
389.1,520.88,-81.25,201.75
389.17,520.88,-81.25,201.75
389.24,520.88,-81.25,201.75
389.3,520.88,-81.25,201.75
389.37,520.88,-81.25,201.75
389.44,520.88,-81.25,201.75
389.5,520.88,-81.25,201.75
389.57,520.88,-81.25,201.75
389.64,520.88,-81.25,201.75
389.7,520.88,-81.25,201.75
389.77,520.88,-81.25,201.75
389.84,520.88,-81.25,201.75
389.9,520.88,-81.25,201.75
389.97,520.88,-81.25,201.75
390.04,520.88,-81.25,201.75
390.1,520.88,-81.25,201.75
390.17,520.88,-81.25,201.75
390.24,520.88,-81.25,201.75
390.3,520.88,-81.25,201.75
390.37,520.88,-81.25,201.75
390.44,520.88,-81.25,201.75
390.5,520.88,-81.25,201.75
390.57,520.88,-81.25,201.75
390.64,520.88,-81.25,201.75
390.7,520.88,-81.25,201.75
390.77,520.88,-81.25,201.75
390.84,520.88,-81.25,201.75
390.91,520.88,-81.25,201.75
390.97,520.88,-81.25,201.75
391.04,520.88,-81.25,201.75
391.11,520.88,-81.25,201.75
391.17,520.88,-81.25,201.75
391.24,520.88,-81.25,201.75
391.31,520.88,-81.25,201.75
391.37,520.88,-81.25,201.75
391.44,520.88,-81.25,201.75
391.51,520.88,-81.25,201.75
391.57,520.88,-81.25,201.75
391.64,520.88,-81.25,201.75
391.71,520.88,-81.25,201.75
391.77,520.88,-81.25,201.75
391.84,520.88,-81.25,201.75
391.91,520.88,-81.25,201.75
391.98,520.88,-81.25,201.75
392.04,520.88,-81.25,201.75
392.11,520.88,-81.25,201.75
392.18,520.88,-81.25,201.75
392.24,520.88,-81.25,201.75
392.31,520.88,-81.25,201.75
392.38,520.88,-81.25,201.75
392.45,520.88,-81.25,201.75
392.51,520.88,-81.25,201.75
392.58,520.88,-81.25,201.75
392.65,520.88,-81.25,201.75
392.71,520.88,-81.25,201.75
392.78,520.88,-81.25,201.75
392.85,520.88,-81.25,201.75
392.92,520.88,-81.25,201.75
392.98,520.88,-81.25,201.75
393.05,520.88,-81.25,201.75
393.12,520.88,-81.25,201.75
393.18,520.88,-81.25,201.75
393.25,520.88,-81.25,201.75
393.32,520.88,-81.25,201.75
393.39,520.88,-81.25,201.75
393.46,520.88,-81.25,201.75
393.53,520.88,-81.25,201.75
393.59,520.88,-81.25,201.75
393.66,520.88,-81.25,201.75
393.72,520.88,-81.25,201.75
393.79,520.88,-81.25,201.75
393.86,520.88,-81.25,201.75
393.92,520.88,-81.25,201.75
393.99,520.88,-81.25,201.75
394.06,520.88,-81.25,201.75
394.12,520.88,-81.25,201.75
394.19,520.88,-81.25,201.75
394.26,520.88,-81.25,201.75
394.32,520.88,-81.25,201.75
394.39,520.88,-81.25,201.75
394.45,520.88,-81.25,201.75
394.52,520.88,-81.25,201.75
394.59,520.88,-81.25,201.75
394.66,520.88,-81.25,201.75
394.73,520.88,-81.25,201.75
394.8,520.88,-81.25,201.75
394.86,520.88,-81.25,201.75
394.93,520.88,-81.25,201.75
394.99,520.88,-81.25,201.75
395.06,520.88,-81.25,201.75
395.12,520.88,-81.25,201.75
395.19,520.88,-81.25,201.75
395.26,520.88,-81.25,201.75
395.32,520.88,-81.25,201.75
395.39,520.88,-81.25,201.75
395.46,520.88,-81.25,201.75
395.52,520.88,-81.25,201.75
395.59,520.88,-81.25,201.75
395.66,520.88,-81.25,201.75
395.72,520.88,-81.25,201.75
395.79,520.88,-81.25,201.75
395.85,520.88,-81.25,201.75
395.92,520.88,-81.25,201.75
395.99,520.88,-81.25,201.75
396.05,520.88,-81.25,201.75
396.12,520.88,-81.25,201.75
396.19,520.88,-81.25,201.75
396.25,520.88,-81.25,201.75
396.32,520.88,-81.25,201.75
396.39,520.88,-81.25,201.75
396.45,520.88,-81.25,201.75
396.52,520.88,-81.25,201.75
396.59,520.88,-81.25,201.75
396.65,520.88,-81.25,201.75
396.72,520.88,-81.25,201.75
396.79,520.88,-81.25,201.75
396.85,520.88,-81.25,201.75
396.92,520.88,-81.25,201.75
396.99,520.88,-81.25,201.75
397.05,520.88,-81.25,201.75
397.12,520.88,-81.25,201.75
397.19,520.88,-81.25,201.75
397.25,520.88,-81.25,201.75
397.32,520.88,-81.25,201.75
397.38,520.88,-81.25,201.75
397.45,520.88,-81.25,201.75
397.52,520.88,-81.25,201.75
397.59,520.88,-81.25,201.75
397.65,520.88,-81.25,201.75
397.72,520.88,-81.25,201.75
397.79,520.88,-81.25,201.75
397.85,520.88,-81.25,201.75
397.92,520.88,-81.25,201.75
397.99,520.88,-81.25,201.75
398.05,520.88,-81.25,201.75
398.12,520.88,-81.25,201.75
398.18,520.88,-81.25,201.75
398.25,520.88,-81.25,201.75
398.32,520.88,-81.25,201.75
398.38,520.88,-81.25,201.75
398.45,520.88,-81.25,201.75
398.52,520.88,-81.25,201.75
398.58,520.88,-81.25,201.75
398.65,520.88,-81.25,201.75
398.72,520.88,-81.25,201.75
398.78,520.88,-81.25,201.75
398.85,520.88,-81.25,201.75
398.92,520.88,-81.25,201.75
398.98,520.88,-81.25,201.75
399.05,520.88,-81.25,201.75
399.12,520.88,-81.25,201.75
399.18,520.88,-81.25,201.75
399.25,520.88,-81.25,201.75
399.32,520.88,-81.25,201.75
399.38,520.88,-81.25,201.75
399.45,520.88,-81.25,201.75
399.52,520.88,-81.25,201.75
399.58,520.88,-81.25,201.75
399.65,520.88,-81.25,201.75
399.72,520.88,-81.25,201.75
399.78,520.88,-81.25,201.75
399.85,520.88,-81.25,201.75
399.92,520.88,-81.25,201.75
399.98,520.88,-81.25,201.75
400.05,520.88,-81.25,201.75
400.12,520.88,-81.25,201.75
400.19,520.88,-81.25,201.75
400.25,520.88,-81.25,201.75
400.32,520.88,-81.25,201.75
400.39,520.88,-81.25,201.75
400.45,520.88,-81.25,201.75
400.52,520.88,-81.25,201.75
400.59,520.88,-81.25,201.75
400.66,520.88,-81.25,201.75
400.72,520.88,-81.25,201.75
400.79,520.88,-81.25,201.75
400.86,520.88,-81.25,201.75
400.92,520.88,-81.25,201.75
400.99,520.88,-81.25,201.75
401.06,520.88,-81.25,201.75
401.12,520.88,-81.25,201.75
401.19,520.88,-81.25,201.75
401.26,520.88,-81.25,201.75
401.33,520.88,-81.25,201.75
401.4,520.88,-81.25,201.75
401.46,520.88,-81.25,201.75
401.53,520.88,-81.25,201.75
401.6,520.88,-81.25,201.75
401.66,520.88,-81.25,201.75
401.73,520.88,-81.25,201.75
401.79,520.88,-81.25,201.75
401.86,520.88,-81.25,201.75
401.93,520.88,-81.25,201.75
401.99,520.88,-81.25,201.75
402.06,520.88,-81.25,201.75
402.13,520.88,-81.25,201.75
402.19,520.88,-81.25,201.75
402.26,520.88,-81.25,201.75
402.32,520.88,-81.25,201.75
402.39,520.88,-81.25,201.75
402.46,520.88,-81.25,201.75
402.52,520.88,-81.25,201.75
402.59,520.88,-81.25,201.75
402.66,520.88,-81.25,201.75
402.72,520.88,-81.25,201.75
402.79,520.88,-81.25,201.75
402.86,520.88,-81.25,201.75
402.92,520.88,-81.25,201.75
402.99,520.88,-81.25,201.75
403.05,520.88,-81.25,201.75
403.12,520.88,-81.25,201.75
403.19,520.88,-81.25,201.75
403.25,520.88,-81.25,201.75
403.32,520.88,-81.25,201.75
403.38,520.88,-81.25,201.75
403.45,520.88,-81.25,201.75
403.52,520.88,-81.25,201.75
403.59,520.88,-81.25,201.75
403.65,520.88,-81.25,201.75
403.72,520.88,-81.25,201.75
403.78,520.88,-81.25,201.75
403.85,520.88,-81.25,201.75
403.92,520.88,-81.25,201.75
403.98,520.88,-81.25,201.75
404.05,520.88,-81.25,201.75
404.12,520.88,-81.25,201.75
404.18,520.88,-81.25,201.75
404.25,520.88,-81.25,201.75
404.32,520.88,-81.25,201.75
404.38,520.88,-81.25,201.75
404.45,520.88,-81.25,201.75
404.52,520.88,-81.25,201.75
404.58,520.88,-81.25,201.75
404.65,520.88,-81.25,201.75
404.72,520.88,-81.25,201.75
404.78,520.88,-81.25,201.75
404.85,520.88,-81.25,201.75
404.92,520.88,-81.25,201.75
404.98,520.88,-81.25,201.75
405.05,520.88,-81.25,201.75
405.12,520.88,-81.25,201.75
405.18,520.88,-81.25,201.75
405.25,520.88,-81.25,201.75
405.32,520.88,-81.25,201.75
405.38,520.88,-81.25,201.75
405.45,520.88,-81.25,201.75
405.52,520.88,-81.25,201.75
405.58,520.88,-81.25,201.75
405.65,520.88,-81.25,201.75
405.72,520.88,-81.25,201.75
405.78,520.88,-81.25,201.75
405.85,520.88,-81.25,201.75
405.92,520.88,-81.25,201.75
405.98,520.88,-81.25,201.75
406.05,520.88,-81.25,201.75
406.12,520.88,-81.25,201.75
406.18,520.88,-81.25,201.75
406.25,520.88,-81.25,201.75
406.32,520.88,-81.25,201.75
406.38,520.88,-81.25,201.75
406.46,520.88,-81.25,201.75
406.52,520.88,-81.25,201.75
406.59,520.88,-81.25,201.75
406.66,520.88,-81.25,201.75
406.72,520.88,-81.25,201.75
406.79,520.88,-81.25,201.75
406.86,520.88,-81.25,201.75
406.93,520.88,-81.25,201.75
406.99,520.88,-81.25,201.75
407.06,520.88,-81.25,201.75
407.13,520.88,-81.25,201.75
407.19,520.88,-81.25,201.75
407.26,520.88,-81.25,201.75
407.33,520.88,-81.25,201.75
407.39,520.88,-81.25,201.75
407.46,520.88,-81.25,201.75
407.53,520.88,-81.25,201.75
407.6,520.88,-81.25,201.75
407.66,520.88,-81.25,201.75
407.73,520.88,-81.25,201.75
407.8,520.88,-81.25,201.75
407.87,520.88,-81.25,201.75
407.94,520.88,-81.25,201.75
408.01,520.88,-81.25,201.75
408.07,520.88,-81.25,201.75
408.14,520.88,-81.25,201.75
408.21,520.88,-81.25,201.75
408.27,520.88,-81.25,201.75
408.34,520.88,-81.25,201.75
408.4,520.88,-81.25,201.75
408.47,520.88,-81.25,201.75
408.54,520.88,-81.25,201.75
408.6,520.88,-81.25,201.75
408.67,520.88,-81.25,201.75
408.74,520.88,-81.25,201.75
408.8,520.88,-81.25,201.75
408.87,520.88,-81.25,201.75
408.93,520.88,-81.25,201.75
409.0,520.88,-81.25,201.75
409.07,520.88,-81.25,201.75
409.13,520.88,-81.25,201.75
409.2,520.88,-81.25,201.75
409.26,520.88,-81.25,201.75
409.33,520.88,-81.25,201.75
409.4,520.88,-81.25,201.75
409.46,520.88,-81.25,201.75
409.53,520.88,-81.25,201.75
409.6,520.88,-81.25,201.75
409.66,520.88,-81.25,201.75
409.73,520.88,-81.25,201.75
409.8,520.88,-81.25,201.75
409.86,520.88,-81.25,201.75
409.93,520.88,-81.25,201.75
410.0,520.88,-81.25,201.75
410.06,520.88,-81.25,201.75
410.13,520.88,-81.25,201.75
410.2,520.88,-81.25,201.75
410.26,520.88,-81.25,201.75
410.33,520.88,-81.25,201.75
410.39,520.88,-81.25,201.75
410.46,520.88,-81.25,201.75
410.53,520.88,-81.25,201.75
410.6,520.88,-81.25,201.75
410.66,520.88,-81.25,201.75
410.73,520.88,-81.25,201.75
410.79,520.88,-81.25,201.75
410.86,520.88,-81.25,201.75
410.93,520.88,-81.25,201.75
410.99,520.88,-81.25,201.75
411.06,520.88,-81.25,201.75
411.13,520.88,-81.25,201.75
411.19,520.88,-81.25,201.75
411.26,520.88,-81.25,201.75
411.33,520.88,-81.25,201.75
411.39,520.88,-81.25,201.75
411.46,520.88,-81.25,201.75
411.53,520.88,-81.25,201.75
411.6,520.88,-81.25,201.75
411.66,520.88,-81.25,201.75
411.73,520.88,-81.25,201.75
411.8,520.88,-81.25,201.75
411.86,520.88,-81.25,201.75
411.93,520.88,-81.25,201.75
412.0,520.88,-81.25,201.75
412.06,520.88,-81.25,201.75
412.13,520.88,-81.25,201.75
412.2,520.88,-81.25,201.75
412.26,520.88,-81.25,201.75
412.33,520.88,-81.25,201.75
412.4,520.88,-81.25,201.75
412.47,520.88,-81.25,201.75
412.53,520.88,-81.25,201.75
412.6,520.88,-81.25,201.75
412.67,520.88,-81.25,201.75
412.73,520.88,-81.25,201.75
412.8,520.88,-81.25,201.75
412.87,520.88,-81.25,201.75
412.93,520.88,-81.25,201.75
413.0,520.88,-81.25,201.75
413.06,520.88,-81.25,201.75
413.13,520.88,-81.25,201.75
413.2,520.88,-81.25,201.75
413.26,520.88,-81.25,201.75
413.33,520.88,-81.25,201.75
413.4,520.88,-81.25,201.75
413.47,520.88,-81.25,201.75
413.53,520.88,-81.25,201.75
413.6,520.88,-81.25,201.75
413.67,520.88,-81.25,201.75
413.74,520.88,-81.25,201.75
413.8,520.88,-81.25,201.75
413.87,520.88,-81.25,201.75
413.94,520.88,-81.25,201.75
414.0,520.88,-81.25,201.75
414.07,520.88,-81.25,201.75
414.14,520.88,-81.25,201.75
414.2,520.88,-81.25,201.75
414.27,520.88,-81.25,201.75
414.34,520.88,-81.25,201.75
414.41,520.88,-81.25,201.75
414.48,520.88,-81.25,201.75
414.55,520.88,-81.25,201.75
414.61,520.88,-81.25,201.75
414.68,520.88,-81.25,201.75
414.75,520.88,-81.25,201.75
414.81,520.88,-81.25,201.75
414.88,520.88,-81.25,201.75
414.94,520.88,-81.25,201.75
415.01,520.88,-81.25,201.75
415.08,520.88,-81.25,201.75
415.14,520.88,-81.25,201.75
415.21,520.88,-81.25,201.75
415.27,520.88,-81.25,201.75
415.34,520.88,-81.25,201.75
415.41,520.88,-81.25,201.75
415.47,520.88,-81.25,201.75
415.54,520.88,-81.25,201.75
415.61,520.88,-81.25,201.75
415.67,520.88,-81.25,201.75
415.74,520.88,-81.25,201.75
415.81,520.88,-81.25,201.75
415.87,520.88,-81.25,201.75
415.94,520.88,-81.25,201.75
416.0,520.88,-81.25,201.75
416.07,520.88,-81.25,201.75
416.14,520.88,-81.25,201.75
416.2,520.88,-81.25,201.75
416.27,520.88,-81.25,201.75
416.34,520.88,-81.25,201.75
416.4,520.88,-81.25,201.75
416.47,520.88,-81.25,201.75
416.54,520.88,-81.25,201.75
416.6,520.88,-81.25,201.75
416.67,520.88,-81.25,201.75
416.74,520.88,-81.25,201.75
416.8,520.88,-81.25,201.75
416.87,520.88,-81.25,201.75
416.93,520.88,-81.25,201.75
417.0,520.88,-81.25,201.75
417.07,520.88,-81.25,201.75
417.13,520.88,-81.25,201.75
417.2,520.88,-81.25,201.75
417.27,520.88,-81.25,201.75
417.34,520.88,-81.25,201.75
417.4,520.88,-81.25,201.75
417.47,520.88,-81.25,201.75
417.54,520.88,-81.25,201.75
417.6,520.88,-81.25,201.75
417.67,520.88,-81.25,201.75
417.73,520.88,-81.25,201.75
417.8,520.88,-81.25,201.75
417.87,520.88,-81.25,201.75
417.93,520.88,-81.25,201.75
418.0,520.88,-81.25,201.75
418.07,520.88,-81.25,201.75
418.13,520.88,-81.25,201.75
418.2,520.88,-81.25,201.75
418.27,520.88,-81.25,201.75
418.34,520.88,-81.25,201.75
418.4,520.88,-81.25,201.75
418.47,520.88,-81.25,201.75
418.54,520.88,-81.25,201.75
418.6,520.88,-81.25,201.75
418.67,520.88,-81.25,201.75
418.74,520.88,-81.25,201.75
418.8,520.88,-81.25,201.75
418.87,520.88,-81.25,201.75
418.94,520.88,-81.25,201.75
419.0,520.88,-81.25,201.75
419.07,520.88,-81.25,201.75
419.14,520.88,-81.25,201.75
419.2,520.88,-81.25,201.75
419.27,520.88,-81.25,201.75
419.34,520.88,-81.25,201.75
419.4,520.88,-81.25,201.75
419.47,520.88,-81.25,201.75
419.54,520.88,-81.25,201.75
419.6,520.88,-81.25,201.75
419.67,520.88,-81.25,201.75
419.74,520.88,-81.25,201.75
419.81,520.88,-81.25,201.75
419.87,520.88,-81.25,201.75
419.94,520.88,-81.25,201.75
420.01,520.88,-81.25,201.75
420.07,520.88,-81.25,201.75
420.14,520.88,-81.25,201.75
420.21,520.88,-81.25,201.75
420.28,520.88,-81.25,201.75
420.34,520.88,-81.25,201.75
420.41,520.88,-81.25,201.75
420.48,520.88,-81.25,201.75
420.54,520.88,-81.25,201.75
420.61,520.88,-81.25,201.75
420.68,520.88,-81.25,201.75
420.74,520.88,-81.25,201.75
420.81,520.88,-81.25,201.75
420.88,520.88,-81.25,201.75
420.94,520.88,-81.25,201.75
421.01,520.88,-81.25,201.75
421.09,520.88,-81.25,201.75
421.15,520.88,-81.25,201.75
421.22,520.88,-81.25,201.75
421.28,520.88,-81.25,201.75
421.35,520.88,-81.25,201.75
421.42,520.88,-81.25,201.75
421.48,520.88,-81.25,201.75
421.55,520.88,-81.25,201.75
421.61,520.88,-81.25,201.75
421.68,520.88,-81.25,201.75
421.75,520.88,-81.25,201.75
421.81,520.88,-81.25,201.75
421.88,520.88,-81.25,201.75
421.95,520.88,-81.25,201.75
422.01,520.88,-81.25,201.75
422.08,520.88,-81.25,201.75
422.15,520.88,-81.25,201.75
422.21,520.88,-81.25,201.75
422.28,520.88,-81.25,201.75
422.35,520.88,-81.25,201.75
422.41,520.88,-81.25,201.75
422.48,520.88,-81.25,201.75
422.54,520.88,-81.25,201.75
422.61,520.88,-81.25,201.75
422.68,520.88,-81.25,201.75
422.74,520.88,-81.25,201.75
422.81,520.88,-81.25,201.75
422.88,520.88,-81.25,201.75
422.94,520.88,-81.25,201.75
423.01,520.88,-81.25,201.75
423.08,520.88,-81.25,201.75
423.14,520.88,-81.25,201.75
423.21,520.88,-81.25,201.75
423.28,520.88,-81.25,201.75
423.34,520.88,-81.25,201.75
423.41,520.88,-81.25,201.75
423.47,520.88,-81.25,201.75
423.54,520.88,-81.25,201.75
423.61,520.88,-81.25,201.75
423.67,520.88,-81.25,201.75
423.74,520.88,-81.25,201.75
423.81,520.88,-81.25,201.75
423.87,520.88,-81.25,201.75
423.94,520.88,-81.25,201.75
424.01,520.88,-81.25,201.75
424.07,520.88,-81.25,201.75
424.14,520.88,-81.25,201.75
424.21,520.88,-81.25,201.75
424.28,520.88,-81.25,201.75
424.34,520.88,-81.25,201.75
424.41,520.88,-81.25,201.75
424.48,520.88,-81.25,201.75
424.54,520.88,-81.25,201.75
424.61,520.88,-81.25,201.75
424.68,520.88,-81.25,201.75
424.74,520.88,-81.25,201.75
424.81,520.88,-81.25,201.75
424.87,520.88,-81.25,201.75
424.94,520.88,-81.25,201.75
425.01,520.88,-81.25,201.75
425.08,520.88,-81.25,201.75
425.14,520.88,-81.25,201.75
425.21,520.88,-81.25,201.75
425.28,520.88,-81.25,201.75
425.34,520.88,-81.25,201.75
425.41,520.88,-81.25,201.75
425.48,520.88,-81.25,201.75
425.54,520.88,-81.25,201.75
425.61,520.88,-81.25,201.75
425.68,520.88,-81.25,201.75
425.74,520.88,-81.25,201.75
425.81,520.88,-81.25,201.75
425.88,520.88,-81.25,201.75
425.95,520.88,-81.25,201.75
426.01,520.88,-81.25,201.75
426.08,520.88,-81.25,201.75
426.15,520.88,-81.25,201.75
426.21,520.88,-81.25,201.75
426.28,520.88,-81.25,201.75
426.35,520.88,-81.25,201.75
426.41,520.88,-81.25,201.75
426.48,520.88,-81.25,201.75
426.55,520.88,-81.25,201.75
426.62,520.88,-81.25,201.75
426.68,520.88,-81.25,201.75
426.75,520.88,-81.25,201.75
426.82,520.88,-81.25,201.75
426.88,520.88,-81.25,201.75
426.95,520.88,-81.25,201.75
427.02,520.88,-81.25,201.75
427.09,520.88,-81.25,201.75
427.15,520.88,-81.25,201.75
427.22,520.88,-81.25,201.75
427.29,520.88,-81.25,201.75
427.35,520.88,-81.25,201.75
427.42,520.88,-81.25,201.75
427.49,520.88,-81.25,201.75
427.56,520.88,-81.25,201.75
427.62,520.88,-81.25,201.75
427.7,520.88,-81.25,201.75
427.76,520.88,-81.25,201.75
427.83,520.88,-81.25,201.75
427.9,520.88,-81.25,201.75
427.96,520.88,-81.25,201.75
428.03,520.88,-81.25,201.75
428.09,520.88,-81.25,201.75
428.16,520.88,-81.25,201.75
428.23,520.88,-81.25,201.75
428.29,520.88,-81.25,201.75
428.36,520.88,-81.25,201.75
428.42,520.88,-81.25,201.75
428.49,520.88,-81.25,201.75
428.56,520.88,-81.25,201.75
428.62,520.88,-81.25,201.75
428.69,520.88,-81.25,201.75
428.76,520.88,-81.25,201.75
428.82,520.88,-81.25,201.75
428.89,520.88,-81.25,201.75
428.96,520.88,-81.25,201.75
429.02,520.88,-81.25,201.75
429.09,520.88,-81.25,201.75
429.15,520.88,-81.25,201.75
429.22,520.88,-81.25,201.75
429.29,520.88,-81.25,201.75
429.35,520.88,-81.25,201.75
429.42,520.88,-81.25,201.75
429.49,520.88,-81.25,201.75
429.55,520.88,-81.25,201.75
429.62,520.88,-81.25,201.75
429.69,520.88,-81.25,201.75
429.75,520.88,-81.25,201.75
429.82,520.88,-81.25,201.75
429.89,520.88,-81.25,201.75
429.95,520.88,-81.25,201.75
430.02,520.88,-81.25,201.75
430.09,520.88,-81.25,201.75
430.15,520.88,-81.25,201.75
430.22,520.88,-81.25,201.75
430.29,520.88,-81.25,201.75
430.35,520.88,-81.25,201.75
430.42,520.88,-81.25,201.75
430.49,520.88,-81.25,201.75
430.55,520.88,-81.25,201.75
430.62,520.88,-81.25,201.75
430.69,520.88,-81.25,201.75
430.76,520.88,-81.25,201.75
430.83,520.88,-81.25,201.75
430.9,520.88,-81.25,201.75
430.96,520.88,-81.25,201.75
431.03,520.88,-81.25,201.75
431.1,520.88,-81.25,201.75
431.16,520.88,-81.25,201.75
431.23,520.88,-81.25,201.75
431.3,520.88,-81.25,201.75
431.36,520.88,-81.25,201.75
431.43,520.88,-81.25,201.75
431.5,520.88,-81.25,201.75
431.56,520.88,-81.25,201.75
431.63,520.88,-81.25,201.75
431.7,520.88,-81.25,201.75
431.76,520.88,-81.25,201.75
431.83,520.88,-81.25,201.75
431.9,520.88,-81.25,201.75
431.96,520.88,-81.25,201.75
432.03,520.88,-81.25,201.75
432.1,520.88,-81.25,201.75
432.16,520.88,-81.25,201.75
432.23,520.88,-81.25,201.75
432.3,520.88,-81.25,201.75
432.36,520.88,-81.25,201.75
432.43,520.88,-81.25,201.75
432.5,520.88,-81.25,201.75
432.56,520.88,-81.25,201.75
432.63,520.88,-81.25,201.75
432.7,520.88,-81.25,201.75
432.77,520.88,-81.25,201.75
432.83,520.88,-81.25,201.75
432.9,520.88,-81.25,201.75
432.97,520.88,-81.25,201.75
433.03,520.88,-81.25,201.75
433.1,520.88,-81.25,201.75
433.17,520.88,-81.25,201.75
433.23,520.88,-81.25,201.75
433.3,520.88,-81.25,201.75
433.37,520.88,-81.25,201.75
433.44,520.88,-81.25,201.75
433.5,520.88,-81.25,201.75
433.57,520.88,-81.25,201.75
433.64,520.88,-81.25,201.75
433.7,520.88,-81.25,201.75
433.77,520.88,-81.25,201.75
433.84,520.88,-81.25,201.75
433.9,520.88,-81.25,201.75
433.97,520.88,-81.25,201.75
434.04,520.88,-81.25,201.75
434.11,520.88,-81.25,201.75
434.17,520.88,-81.25,201.75
434.24,520.88,-81.25,201.75
434.31,520.88,-81.25,201.75
434.38,520.88,-81.25,201.75
434.45,520.88,-81.25,201.75
434.51,520.88,-81.25,201.75
434.58,520.88,-81.25,201.75
434.65,520.88,-81.25,201.75
434.71,520.88,-81.25,201.75
434.78,520.88,-81.25,201.75
434.84,520.88,-81.25,201.75
434.91,520.88,-81.25,201.75
434.98,520.88,-81.25,201.75
435.04,520.88,-81.25,201.75
435.11,520.88,-81.25,201.75
435.17,520.88,-81.25,201.75
435.24,520.88,-81.25,201.75
435.31,520.88,-81.25,201.75
435.38,520.88,-81.25,201.75
435.44,520.88,-81.25,201.75
435.51,520.88,-81.25,201.75
435.58,520.88,-81.25,201.75
435.64,520.88,-81.25,201.75
435.72,520.88,-81.25,201.75
435.78,520.88,-81.25,201.75
435.85,520.88,-81.25,201.75
435.92,520.88,-81.25,201.75
435.98,520.88,-81.25,201.75
436.05,520.88,-81.25,201.75
436.11,520.88,-81.25,201.75
436.18,520.88,-81.25,201.75
436.25,520.88,-81.25,201.75
436.31,520.88,-81.25,201.75
436.38,520.88,-81.25,201.75
436.45,520.88,-81.25,201.75
436.51,520.88,-81.25,201.75
436.58,520.88,-81.25,201.75
436.65,520.88,-81.25,201.75
436.71,520.88,-81.25,201.75
436.78,520.88,-81.25,201.75
436.85,520.88,-81.25,201.75
436.91,520.88,-81.25,201.75
436.98,520.88,-81.25,201.75
437.04,520.88,-81.25,201.75
437.11,520.88,-81.25,201.75
437.18,520.88,-81.25,201.75
437.24,520.88,-81.25,201.75
437.31,520.88,-81.25,201.75
437.38,520.88,-81.25,201.75
437.44,520.88,-81.25,201.75
437.51,520.88,-81.25,201.75
437.58,520.88,-81.25,201.75
437.64,520.88,-81.25,201.75
437.71,520.88,-81.25,201.75
437.78,520.88,-81.25,201.75
437.84,520.88,-81.25,201.75
437.91,520.88,-81.25,201.75
437.97,520.88,-81.25,201.75
438.04,520.88,-81.25,201.75
438.11,520.88,-81.25,201.75
438.17,520.88,-81.25,201.75
438.24,520.88,-81.25,201.75
438.31,520.88,-81.25,201.75
438.37,520.88,-81.25,201.75
438.44,520.88,-81.25,201.75
438.51,520.88,-81.25,201.75
438.57,520.88,-81.25,201.75
438.64,520.88,-81.25,201.75
438.71,520.88,-81.25,201.75
438.77,520.88,-81.25,201.75
438.84,520.88,-81.25,201.75
438.91,520.88,-81.25,201.75
438.97,520.88,-81.25,201.75
439.04,520.88,-81.25,201.75
439.11,520.88,-81.25,201.75
439.17,520.88,-81.25,201.75
439.24,520.88,-81.25,201.75
439.31,520.88,-81.25,201.75
439.38,520.88,-81.25,201.75
439.44,520.88,-81.25,201.75
439.51,520.88,-81.25,201.75
439.58,520.88,-81.25,201.75
439.64,520.88,-81.25,201.75
439.71,520.88,-81.25,201.75
439.78,520.88,-81.25,201.75
439.84,520.88,-81.25,201.75
439.91,520.88,-81.25,201.75
439.98,520.88,-81.25,201.75
440.04,520.88,-81.25,201.75
440.11,520.88,-81.25,201.75
440.18,520.88,-81.25,201.75
440.24,520.88,-81.25,201.75
440.31,520.88,-81.25,201.75
440.38,520.88,-81.25,201.75
440.44,520.88,-81.25,201.75
440.51,520.88,-81.25,201.75
440.58,520.88,-81.25,201.75
440.64,520.88,-81.25,201.75
440.71,520.88,-81.25,201.75
440.78,520.88,-81.25,201.75
440.84,520.88,-81.25,201.75
440.91,520.88,-81.25,201.75
440.98,520.88,-81.25,201.75
441.04,520.88,-81.25,201.75
441.11,520.88,-81.25,201.75
441.18,520.88,-81.25,201.75
441.25,520.88,-81.25,201.75
441.31,520.88,-81.25,201.75
441.38,520.88,-81.25,201.75
441.45,520.88,-81.25,201.75
441.51,520.88,-81.25,201.75
441.58,520.88,-81.25,201.75
441.65,520.88,-81.25,201.75
441.71,520.88,-81.25,201.75
441.78,520.88,-81.25,201.75
441.85,520.88,-81.25,201.75
441.91,520.88,-81.25,201.75
441.98,520.88,-81.25,201.75
442.05,520.88,-81.25,201.75
442.12,520.88,-81.25,201.75
442.18,520.88,-81.25,201.75
442.25,520.88,-81.25,201.75
442.32,520.88,-81.25,201.75
442.39,520.88,-81.25,201.75
442.46,520.88,-81.25,201.75
442.52,520.88,-81.25,201.75
442.59,520.88,-81.25,201.75
442.66,520.88,-81.25,201.75
442.72,520.88,-81.25,201.75
442.79,520.88,-81.25,201.75
442.86,520.88,-81.25,201.75
442.92,520.88,-81.25,201.75
442.99,520.88,-81.25,201.75
443.05,520.88,-81.25,201.75
443.12,520.88,-81.25,201.75
443.19,520.88,-81.25,201.75
443.25,520.88,-81.25,201.75
443.32,520.88,-81.25,201.75
443.39,520.88,-81.25,201.75
443.45,520.88,-81.25,201.75
443.52,520.88,-81.25,201.75
443.59,520.88,-81.25,201.75
443.65,520.88,-81.25,201.75
443.72,520.88,-81.25,201.75
443.79,520.88,-81.25,201.75
443.85,520.88,-81.25,201.75
443.92,520.88,-81.25,201.75
443.98,520.88,-81.25,201.75
444.05,520.88,-81.25,201.75
444.12,520.88,-81.25,201.75
444.18,520.88,-81.25,201.75
444.25,520.88,-81.25,201.75
444.32,520.88,-81.25,201.75
444.38,520.88,-81.25,201.75
444.45,520.88,-81.25,201.75
444.52,520.88,-81.25,201.75
444.58,520.88,-81.25,201.75
444.65,520.88,-81.25,201.75
444.72,520.88,-81.25,201.75
444.78,520.88,-81.25,201.75
444.85,520.88,-81.25,201.75
444.92,520.88,-81.25,201.75
444.98,520.88,-81.25,201.75
445.05,520.88,-81.25,201.75
445.12,520.88,-81.25,201.75
445.18,520.88,-81.25,201.75
445.25,520.88,-81.25,201.75
445.32,520.88,-81.25,201.75
445.38,520.88,-81.25,201.75
445.45,520.88,-81.25,201.75
445.52,520.88,-81.25,201.75
445.58,520.88,-81.25,201.75
445.65,520.88,-81.25,201.75
445.71,520.88,-81.25,201.75
445.78,520.88,-81.25,201.75
445.85,520.88,-81.25,201.75
445.91,520.88,-81.25,201.75
445.98,520.88,-81.25,201.75
446.05,520.88,-81.25,201.75
446.11,520.88,-81.25,201.75
446.18,520.88,-81.25,201.75
446.25,520.88,-81.25,201.75
446.31,520.88,-81.25,201.75
446.38,520.88,-81.25,201.75
446.45,520.88,-81.25,201.75
446.52,520.88,-81.25,201.75
446.58,520.88,-81.25,201.75
446.65,520.88,-81.25,201.75
446.72,520.88,-81.25,201.75
446.78,520.88,-81.25,201.75
446.85,520.88,-81.25,201.75
446.92,520.88,-81.25,201.75
446.98,520.88,-81.25,201.75
447.05,520.88,-81.25,201.75
447.12,520.88,-81.25,201.75
447.18,520.88,-81.25,201.75
447.25,520.88,-81.25,201.75
447.32,520.88,-81.25,201.75
447.39,520.88,-81.25,201.75
447.45,520.88,-81.25,201.75
447.52,520.88,-81.25,201.75
447.59,520.88,-81.25,201.75
447.65,520.88,-81.25,201.75
447.72,520.88,-81.25,201.75
447.79,520.88,-81.25,201.75
447.85,520.88,-81.25,201.75
447.92,520.88,-81.25,201.75
447.99,520.88,-81.25,201.75
448.05,520.88,-81.25,201.75
448.12,520.88,-81.25,201.75
448.19,520.88,-81.25,201.75
448.25,520.88,-81.25,201.75
448.32,520.88,-81.25,201.75
448.39,520.88,-81.25,201.75
448.45,520.88,-81.25,201.75
448.52,520.88,-81.25,201.75
448.59,520.88,-81.25,201.75
448.65,520.88,-81.25,201.75
448.72,520.88,-81.25,201.75
448.79,520.88,-81.25,201.75
448.87,520.88,-81.25,201.75
448.93,520.88,-81.25,201.75
449.0,520.88,-81.25,201.75
449.06,520.88,-81.25,201.75
449.13,520.88,-81.25,201.75
449.2,520.88,-81.25,201.75
449.26,520.88,-81.25,201.75
449.33,520.88,-81.25,201.75
449.4,520.88,-81.25,201.75
449.46,520.88,-81.25,201.75
449.53,520.88,-81.25,201.75
449.59,520.88,-81.25,201.75
449.66,520.88,-81.25,201.75
449.73,520.88,-81.25,201.75
449.79,520.88,-81.25,201.75
449.86,520.88,-81.25,201.75
449.92,520.88,-81.25,201.75
449.99,520.88,-81.25,201.75
450.06,520.88,-81.25,201.75
450.12,520.88,-81.25,201.75
450.19,520.88,-81.25,201.75
450.26,520.88,-81.25,201.75
450.32,520.88,-81.25,201.75
450.39,520.88,-81.25,201.75
450.46,520.88,-81.25,201.75
450.52,520.88,-81.25,201.75
450.59,520.88,-81.25,201.75
450.66,520.88,-81.25,201.75
450.72,520.88,-81.25,201.75
450.79,520.88,-81.25,201.75
450.86,520.88,-81.25,201.75
450.92,520.88,-81.25,201.75
450.99,520.88,-81.25,201.75
451.06,520.88,-81.25,201.75
451.12,520.88,-81.25,201.75
451.19,520.88,-81.25,201.75
451.25,520.88,-81.25,201.75
451.32,520.88,-81.25,201.75
451.39,520.88,-81.25,201.75
451.45,520.88,-81.25,201.75
451.52,520.88,-81.25,201.75
451.59,520.88,-81.25,201.75
451.65,520.88,-81.25,201.75
451.72,520.88,-81.25,201.75
451.79,520.88,-81.25,201.75
451.85,520.88,-81.25,201.75
451.92,520.88,-81.25,201.75
451.99,520.88,-81.25,201.75
452.05,520.88,-81.25,201.75
452.12,520.88,-81.25,201.75
452.19,520.88,-81.25,201.75
452.25,520.88,-81.25,201.75
452.32,520.88,-81.25,201.75
452.39,520.88,-81.25,201.75
452.45,520.88,-81.25,201.75
452.52,520.88,-81.25,201.75
452.59,520.88,-81.25,201.75
452.65,520.88,-81.25,201.75
452.72,520.88,-81.25,201.75
452.79,520.88,-81.25,201.75
452.85,520.88,-81.25,201.75
452.92,520.88,-81.25,201.75
452.99,520.88,-81.25,201.75
453.05,520.88,-81.25,201.75
453.12,520.88,-81.25,201.75
453.19,520.88,-81.25,201.75
453.25,520.88,-81.25,201.75
453.32,520.88,-81.25,201.75
453.39,520.88,-81.25,201.75
453.45,520.88,-81.25,201.75
453.52,520.88,-81.25,201.75
453.59,520.88,-81.25,201.75
453.65,520.88,-81.25,201.75
453.72,520.88,-81.25,201.75
453.79,520.88,-81.25,201.75
453.85,520.88,-81.25,201.75
453.92,520.88,-81.25,201.75
453.99,520.88,-81.25,201.75
454.06,520.88,-81.25,201.75
454.12,520.88,-81.25,201.75
454.19,520.88,-81.25,201.75
454.26,520.88,-81.25,201.75
454.32,520.88,-81.25,201.75
454.39,520.88,-81.25,201.75
454.46,520.88,-81.25,201.75
454.53,520.88,-81.25,201.75
454.59,520.88,-81.25,201.75
454.66,520.88,-81.25,201.75
454.73,520.88,-81.25,201.75
454.79,520.88,-81.25,201.75
454.86,520.88,-81.25,201.75
454.93,520.88,-81.25,201.75
454.99,520.88,-81.25,201.75
455.06,520.88,-81.25,201.75
455.13,520.88,-81.25,201.75
455.2,520.88,-81.25,201.75
455.26,520.88,-81.25,201.75
455.33,520.88,-81.25,201.75
455.4,520.88,-81.25,201.75
455.47,520.88,-81.25,201.75
455.54,520.88,-81.25,201.75
455.61,520.88,-81.25,201.75
455.67,520.88,-81.25,201.75
455.74,520.88,-81.25,201.75
455.8,520.88,-81.25,201.75
455.87,520.88,-81.25,201.75
455.94,520.88,-81.25,201.75
456.0,520.88,-81.25,201.75
456.07,520.88,-81.25,201.75
456.14,520.88,-81.25,201.75
456.2,520.88,-81.25,201.75
456.27,520.88,-81.25,201.75
456.33,520.88,-81.25,201.75
456.4,520.88,-81.25,201.75
456.47,520.88,-81.25,201.75
456.54,520.88,-81.25,201.75
456.6,520.88,-81.25,201.75
456.67,520.88,-81.25,201.75
456.73,520.88,-81.25,201.75
456.8,520.88,-81.25,201.75
456.87,520.88,-81.25,201.75
456.93,520.88,-81.25,201.75
457.0,520.88,-81.25,201.75
457.07,520.88,-81.25,201.75
457.13,520.88,-81.25,201.75
457.2,520.88,-81.25,201.75
457.26,520.88,-81.25,201.75
457.33,520.88,-81.25,201.75
457.4,520.88,-81.25,201.75
457.46,520.88,-81.25,201.75
457.53,520.88,-81.25,201.75
457.6,520.88,-81.25,201.75
457.66,520.88,-81.25,201.75
457.73,520.88,-81.25,201.75
457.8,520.88,-81.25,201.75
457.86,520.88,-81.25,201.75
457.93,520.88,-81.25,201.75
458.0,520.88,-81.25,201.75
458.06,520.88,-81.25,201.75
458.13,520.88,-81.25,201.75
458.19,520.88,-81.25,201.75
458.26,520.88,-81.25,201.75
458.33,520.88,-81.25,201.75
458.4,520.88,-81.25,201.75
458.46,520.88,-81.25,201.75
458.53,520.88,-81.25,201.75
458.6,520.88,-81.25,201.75
458.66,520.88,-81.25,201.75
458.73,520.88,-81.25,201.75
458.79,520.88,-81.25,201.75
458.86,520.88,-81.25,201.75
458.93,520.88,-81.25,201.75
459.0,520.88,-81.25,201.75
459.06,520.88,-81.25,201.75
459.13,520.88,-81.25,201.75
459.2,520.88,-81.25,201.75
459.26,520.88,-81.25,201.75
459.33,520.88,-81.25,201.75
459.4,520.88,-81.25,201.75
459.47,520.88,-81.25,201.75
459.53,520.88,-81.25,201.75
459.6,520.88,-81.25,201.75
459.67,520.88,-81.25,201.75
459.73,520.88,-81.25,201.75
459.8,520.88,-81.25,201.75
459.87,520.88,-81.25,201.75
459.93,520.88,-81.25,201.75
460.0,520.88,-81.25,201.75
460.07,520.88,-81.25,201.75
460.13,520.88,-81.25,201.75
460.2,520.88,-81.25,201.75
460.27,520.88,-81.25,201.75
460.33,520.88,-81.25,201.75
460.4,520.88,-81.25,201.75
460.47,520.88,-81.25,201.75
460.54,520.88,-81.25,201.75
460.6,520.88,-81.25,201.75
460.67,520.88,-81.25,201.75
460.74,520.88,-81.25,201.75
460.81,520.88,-81.25,201.75
460.87,520.88,-81.25,201.75
460.94,520.88,-81.25,201.75
461.01,520.88,-81.25,201.75
461.07,520.88,-81.25,201.75
461.14,520.88,-81.25,201.75
461.21,520.88,-81.25,201.75
461.27,520.88,-81.25,201.75
461.34,520.88,-81.25,201.75
461.41,520.88,-81.25,201.75
461.48,520.88,-81.25,201.75
461.55,520.88,-81.25,201.75
461.61,520.88,-81.25,201.75
461.68,520.88,-81.25,201.75
461.75,520.88,-81.25,201.75
461.81,520.88,-81.25,201.75
461.88,520.88,-81.25,201.75
461.95,520.88,-81.25,201.75
462.01,520.88,-81.25,201.75
462.09,520.88,-81.25,201.75
462.16,520.88,-81.25,201.75
462.22,520.88,-81.25,201.75
462.29,520.88,-81.25,201.75
462.35,520.88,-81.25,201.75
462.42,520.88,-81.25,201.75
462.49,520.88,-81.25,201.75
462.55,520.88,-81.25,201.75
462.62,520.88,-81.25,201.75
462.69,520.88,-81.25,201.75
462.75,520.88,-81.25,201.75
462.82,520.88,-81.25,201.75
462.89,520.88,-81.25,201.75
462.95,520.88,-81.25,201.75
463.02,520.88,-81.25,201.75
463.08,520.88,-81.25,201.75
463.15,520.88,-81.25,201.75
463.22,520.88,-81.25,201.75
463.28,520.88,-81.25,201.75
463.35,520.88,-81.25,201.75
463.42,520.88,-81.25,201.75
463.48,520.88,-81.25,201.75
463.55,520.88,-81.25,201.75
463.62,520.88,-81.25,201.75
463.68,520.88,-81.25,201.75
463.75,520.88,-81.25,201.75
463.81,520.88,-81.25,201.75
463.88,520.88,-81.25,201.75
463.95,520.88,-81.25,201.75
464.01,520.88,-81.25,201.75
464.08,520.88,-81.25,201.75
464.15,520.88,-81.25,201.75
464.21,520.88,-81.25,201.75
464.28,520.88,-81.25,201.75
464.35,520.88,-81.25,201.75
464.41,520.88,-81.25,201.75
464.48,520.88,-81.25,201.75
464.55,520.88,-81.25,201.75
464.61,520.88,-81.25,201.75
464.68,520.88,-81.25,201.75
464.75,520.88,-81.25,201.75
464.81,520.88,-81.25,201.75
464.88,520.88,-81.25,201.75
464.94,520.88,-81.25,201.75
465.01,520.88,-81.25,201.75
465.08,520.88,-81.25,201.75
465.14,520.88,-81.25,201.75
465.21,520.88,-81.25,201.75
465.28,520.88,-81.25,201.75
465.34,520.88,-81.25,201.75
465.41,520.88,-81.25,201.75
465.48,520.88,-81.25,201.75
465.54,520.88,-81.25,201.75
465.61,520.88,-81.25,201.75
465.68,520.88,-81.25,201.75
465.74,520.88,-81.25,201.75
465.81,520.88,-81.25,201.75
465.88,520.88,-81.25,201.75
465.95,520.88,-81.25,201.75
466.01,520.88,-81.25,201.75
466.08,520.88,-81.25,201.75
466.15,520.88,-81.25,201.75
466.21,520.88,-81.25,201.75
466.28,520.88,-81.25,201.75
466.35,520.88,-81.25,201.75
466.41,520.88,-81.25,201.75
466.48,520.88,-81.25,201.75
466.55,520.88,-81.25,201.75
466.62,520.88,-81.25,201.75
466.68,520.88,-81.25,201.75
466.75,520.88,-81.25,201.75
466.82,520.88,-81.25,201.75
466.88,520.88,-81.25,201.75
466.95,520.88,-81.25,201.75
467.02,520.88,-81.25,201.75
467.09,520.88,-81.25,201.75
467.15,520.88,-81.25,201.75
467.22,520.88,-81.25,201.75
467.29,520.88,-81.25,201.75
467.36,520.88,-81.25,201.75
467.42,520.88,-81.25,201.75
467.49,520.88,-81.25,201.75
467.56,520.88,-81.25,201.75
467.62,520.88,-81.25,201.75
467.69,520.88,-81.25,201.75
467.76,520.88,-81.25,201.75
467.82,520.88,-81.25,201.75
467.89,520.88,-81.25,201.75
467.96,520.88,-81.25,201.75
468.02,520.88,-81.25,201.75
468.09,520.88,-81.25,201.75
468.16,520.88,-81.25,201.75
468.23,520.88,-81.25,201.75
468.29,520.88,-81.25,201.75
468.36,520.88,-81.25,201.75
468.43,520.88,-81.25,201.75
468.49,520.88,-81.25,201.75
468.56,520.88,-81.25,201.75
468.63,520.88,-81.25,201.75
468.7,520.88,-81.25,201.75
468.77,520.88,-81.25,201.75
468.84,520.88,-81.25,201.75
468.9,520.88,-81.25,201.75
468.97,520.88,-81.25,201.75
469.04,520.88,-81.25,201.75
469.1,520.88,-81.25,201.75
469.17,520.88,-81.25,201.75
469.24,520.88,-81.25,201.75
469.3,520.88,-81.25,201.75
469.37,520.88,-81.25,201.75
469.43,520.88,-81.25,201.75
469.5,520.88,-81.25,201.75
469.57,520.88,-81.25,201.75
469.63,520.88,-81.25,201.75
469.7,520.88,-81.25,201.75
469.77,520.88,-81.25,201.75
469.83,520.88,-81.25,201.75
469.9,520.88,-81.25,201.75
469.97,520.88,-81.25,201.75
470.03,520.88,-81.25,201.75
470.1,520.88,-81.25,201.75
470.17,520.88,-81.25,201.75
470.23,520.88,-81.25,201.75
470.3,520.88,-81.25,201.75
470.37,520.88,-81.25,201.75
470.43,520.88,-81.25,201.75
470.5,520.88,-81.25,201.75
470.57,520.88,-81.25,201.75
470.63,520.88,-81.25,201.75
470.7,520.88,-81.25,201.75
470.77,520.88,-81.25,201.75
470.83,520.88,-81.25,201.75
470.9,520.88,-81.25,201.75
470.97,520.88,-81.25,201.75
471.03,520.88,-81.25,201.75
471.1,520.88,-81.25,201.75
471.17,520.88,-81.25,201.75
471.23,520.88,-81.25,201.75
471.3,520.88,-81.25,201.75
471.37,520.88,-81.25,201.75
471.43,520.88,-81.25,201.75
471.5,520.88,-81.25,201.75
471.56,520.88,-81.25,201.75
471.63,520.88,-81.25,201.75
471.7,520.88,-81.25,201.75
471.76,520.88,-81.25,201.75
471.83,520.88,-81.25,201.75
471.9,520.88,-81.25,201.75
471.96,520.88,-81.25,201.75
472.03,520.88,-81.25,201.75
472.1,520.88,-81.25,201.75
472.16,520.88,-81.25,201.75
472.23,520.88,-81.25,201.75
472.3,520.88,-81.25,201.75
472.36,520.88,-81.25,201.75
472.43,520.88,-81.25,201.75
472.5,520.88,-81.25,201.75
472.56,520.88,-81.25,201.75
472.63,520.88,-81.25,201.75
472.7,520.88,-81.25,201.75
472.76,520.88,-81.25,201.75
472.83,520.88,-81.25,201.75
472.9,520.88,-81.25,201.75
472.96,520.88,-81.25,201.75
473.03,520.88,-81.25,201.75
473.1,520.88,-81.25,201.75
473.17,520.88,-81.25,201.75
473.23,520.88,-81.25,201.75
473.3,520.88,-81.25,201.75
473.37,520.88,-81.25,201.75
473.43,520.88,-81.25,201.75
473.5,520.88,-81.25,201.75
473.57,520.88,-81.25,201.75
473.63,520.88,-81.25,201.75
473.7,520.88,-81.25,201.75
473.77,520.88,-81.25,201.75
473.84,520.88,-81.25,201.75
473.9,520.88,-81.25,201.75
473.97,520.88,-81.25,201.75
474.04,520.88,-81.25,201.75
474.1,520.88,-81.25,201.75
474.17,520.88,-81.25,201.75
474.24,520.88,-81.25,201.75
474.3,520.88,-81.25,201.75
474.37,520.88,-81.25,201.75
474.44,520.88,-81.25,201.75
474.5,520.88,-81.25,201.75
474.57,520.88,-81.25,201.75
474.64,520.88,-81.25,201.75
474.71,520.88,-81.25,201.75
474.77,520.88,-81.25,201.75
474.84,520.88,-81.25,201.75
474.91,520.88,-81.25,201.75
474.98,520.88,-81.25,201.75
475.04,520.88,-81.25,201.75
475.11,520.88,-81.25,201.75
475.18,520.88,-81.25,201.75
475.25,520.88,-81.25,201.75
475.32,520.88,-81.25,201.75
475.39,520.88,-81.25,201.75
475.45,520.88,-81.25,201.75
475.52,520.88,-81.25,201.75
475.58,520.88,-81.25,201.75
475.65,520.88,-81.25,201.75
475.72,520.88,-81.25,201.75
475.78,520.88,-81.25,201.75
475.85,520.88,-81.25,201.75
475.92,520.88,-81.25,201.75
475.98,520.88,-81.25,201.75
476.05,520.88,-81.25,201.75
476.12,520.88,-81.25,201.75
476.18,520.88,-81.25,201.75
476.25,520.88,-81.25,201.75
476.31,520.88,-81.25,201.75
476.38,520.88,-81.25,201.75
476.45,520.88,-81.25,201.75
476.51,520.88,-81.25,201.75
476.58,520.88,-81.25,201.75
476.66,520.88,-81.25,201.75
476.72,520.88,-81.25,201.75
476.79,520.88,-81.25,201.75
476.86,520.88,-81.25,201.75
476.92,520.88,-81.25,201.75
476.99,520.88,-81.25,201.75
477.05,520.88,-81.25,201.75
477.12,520.88,-81.25,201.75
477.19,520.88,-81.25,201.75
477.25,520.88,-81.25,201.75
477.32,520.88,-81.25,201.75
477.39,520.88,-81.25,201.75
477.45,520.88,-81.25,201.75
477.52,520.88,-81.25,201.75
477.59,520.88,-81.25,201.75
477.65,520.88,-81.25,201.75
477.72,520.88,-81.25,201.75
477.79,520.88,-81.25,201.75
477.85,520.88,-81.25,201.75
477.92,520.88,-81.25,201.75
477.99,520.88,-81.25,201.75
478.05,520.88,-81.25,201.75
478.12,520.88,-81.25,201.75
478.19,520.88,-81.25,201.75
478.25,520.88,-81.25,201.75
478.32,520.88,-81.25,201.75
478.38,520.88,-81.25,201.75
478.45,520.88,-81.25,201.75
478.52,520.88,-81.25,201.75
478.58,520.88,-81.25,201.75
478.65,520.88,-81.25,201.75
478.72,520.88,-81.25,201.75
478.78,520.88,-81.25,201.75
478.85,520.88,-81.25,201.75
478.92,520.88,-81.25,201.75
478.98,520.88,-81.25,201.75
479.05,520.88,-81.25,201.75
479.12,520.88,-81.25,201.75
479.18,520.88,-81.25,201.75
479.25,520.88,-81.25,201.75
479.32,520.88,-81.25,201.75
479.38,520.88,-81.25,201.75
479.45,520.88,-81.25,201.75
479.52,520.88,-81.25,201.75
479.58,520.88,-81.25,201.75
479.65,520.88,-81.25,201.75
479.72,520.88,-81.25,201.75
479.78,520.88,-81.25,201.75
479.85,520.88,-81.25,201.75
479.92,520.88,-81.25,201.75
479.98,520.88,-81.25,201.75
480.05,520.88,-81.25,201.75
480.12,520.88,-81.25,201.75
480.18,520.88,-81.25,201.75
480.25,520.88,-81.25,201.75
480.32,520.88,-81.25,201.75
480.38,520.88,-81.25,201.75
480.45,520.88,-81.25,201.75
480.52,520.88,-81.25,201.75
480.59,520.88,-81.25,201.75
480.65,520.88,-81.25,201.75
480.72,520.88,-81.25,201.75
480.79,520.88,-81.25,201.75
480.85,520.88,-81.25,201.75
480.92,520.88,-81.25,201.75
480.99,520.88,-81.25,201.75
481.05,520.88,-81.25,201.75
481.12,520.88,-81.25,201.75
481.19,520.88,-81.25,201.75
481.25,520.88,-81.25,201.75
481.32,520.88,-81.25,201.75
481.39,520.88,-81.25,201.75
481.45,520.88,-81.25,201.75
481.52,520.88,-81.25,201.75
481.59,520.88,-81.25,201.75
481.65,520.88,-81.25,201.75
481.72,520.88,-81.25,201.75
481.79,520.88,-81.25,201.75
481.86,520.88,-81.25,201.75
481.92,520.88,-81.25,201.75
481.99,520.88,-81.25,201.75
482.06,520.88,-81.25,201.75
482.12,520.88,-81.25,201.75
482.19,520.88,-81.25,201.75
482.26,520.88,-81.25,201.75
482.32,520.88,-81.25,201.75
482.39,520.88,-81.25,201.75
482.46,520.88,-81.25,201.75
482.52,520.88,-81.25,201.75
482.59,520.88,-81.25,201.75
482.66,520.88,-81.25,201.75
482.73,520.88,-81.25,201.75
482.79,520.88,-81.25,201.75
482.86,520.88,-81.25,201.75
482.93,520.88,-81.25,201.75
482.99,520.88,-81.25,201.75
483.06,520.88,-81.25,201.75
483.13,520.88,-81.25,201.75
483.2,520.88,-81.25,201.75
483.27,520.88,-81.25,201.75
483.33,520.88,-81.25,201.75
483.4,520.88,-81.25,201.75
483.47,520.88,-81.25,201.75
483.53,520.88,-81.25,201.75
483.6,520.88,-81.25,201.75
483.67,520.88,-81.25,201.75
483.73,520.88,-81.25,201.75
483.8,520.88,-81.25,201.75
483.87,520.88,-81.25,201.75
483.93,520.88,-81.25,201.75
484.0,520.88,-81.25,201.75
484.06,520.88,-81.25,201.75
484.13,520.88,-81.25,201.75
484.2,520.88,-81.25,201.75
484.26,520.88,-81.25,201.75
484.33,520.88,-81.25,201.75
484.39,520.88,-81.25,201.75
484.46,520.88,-81.25,201.75
484.53,520.88,-81.25,201.75
484.59,520.88,-81.25,201.75
484.66,520.88,-81.25,201.75
484.73,520.88,-81.25,201.75
484.79,520.88,-81.25,201.75
484.86,520.88,-81.25,201.75
484.93,520.88,-81.25,201.75
484.99,520.88,-81.25,201.75
485.06,520.88,-81.25,201.75
485.13,520.88,-81.25,201.75
485.19,520.88,-81.25,201.75
485.26,520.88,-81.25,201.75
485.32,520.88,-81.25,201.75
485.39,520.88,-81.25,201.75
485.46,520.88,-81.25,201.75
485.52,520.88,-81.25,201.75
485.59,520.88,-81.25,201.75
485.66,520.88,-81.25,201.75
485.72,520.88,-81.25,201.75
485.79,520.88,-81.25,201.75
485.86,520.88,-81.25,201.75
485.92,520.88,-81.25,201.75
485.99,520.88,-81.25,201.75
486.06,520.88,-81.25,201.75
486.12,520.88,-81.25,201.75
486.19,520.88,-81.25,201.75
486.26,520.88,-81.25,201.75
486.32,520.88,-81.25,201.75
486.39,520.88,-81.25,201.75
486.46,520.88,-81.25,201.75
486.52,520.88,-81.25,201.75
486.59,520.88,-81.25,201.75
486.66,520.88,-81.25,201.75
486.72,520.88,-81.25,201.75
486.79,520.88,-81.25,201.75
486.86,520.88,-81.25,201.75
486.92,520.88,-81.25,201.75
486.99,520.88,-81.25,201.75
487.06,520.88,-81.25,201.75
487.12,520.88,-81.25,201.75
487.19,520.88,-81.25,201.75
487.26,520.88,-81.25,201.75
487.33,520.88,-81.25,201.75
487.39,520.88,-81.25,201.75
487.46,520.88,-81.25,201.75
487.53,520.88,-81.25,201.75
487.59,520.88,-81.25,201.75
487.66,520.88,-81.25,201.75
487.73,520.88,-81.25,201.75
487.79,520.88,-81.25,201.75
487.86,520.88,-81.25,201.75
487.93,520.88,-81.25,201.75
487.99,520.88,-81.25,201.75
488.06,520.88,-81.25,201.75
488.13,520.88,-81.25,201.75
488.19,520.88,-81.25,201.75
488.26,520.88,-81.25,201.75
488.33,520.88,-81.25,201.75
488.4,520.88,-81.25,201.75
488.46,520.88,-81.25,201.75
488.53,520.88,-81.25,201.75
488.6,520.88,-81.25,201.75
488.66,520.88,-81.25,201.75
488.73,520.88,-81.25,201.75
488.8,520.88,-81.25,201.75
488.86,520.88,-81.25,201.75
488.93,520.88,-81.25,201.75
489.0,520.88,-81.25,201.75
489.07,520.88,-81.25,201.75
489.13,520.88,-81.25,201.75
489.2,520.88,-81.25,201.75
489.27,520.88,-81.25,201.75
489.33,520.88,-81.25,201.75
489.4,520.88,-81.25,201.75
489.47,520.88,-81.25,201.75
489.54,520.88,-81.25,201.75
489.6,520.88,-81.25,201.75
489.67,520.88,-81.25,201.75
489.74,520.88,-81.25,201.75
489.8,520.88,-81.25,201.75
489.87,520.88,-81.25,201.75
489.94,520.88,-81.25,201.75
490.01,520.88,-81.25,201.75
490.08,520.88,-81.25,201.75
490.14,520.88,-81.25,201.75
490.21,520.88,-81.25,201.75
490.28,520.88,-81.25,201.75
490.34,520.88,-81.25,201.75
490.41,520.88,-81.25,201.75
490.48,520.88,-81.25,201.75
490.54,520.88,-81.25,201.75
490.61,520.88,-81.25,201.75
490.67,520.88,-81.25,201.75
490.74,520.88,-81.25,201.75
490.81,520.88,-81.25,201.75
490.87,520.88,-81.25,201.75
490.94,520.88,-81.25,201.75
491.01,520.88,-81.25,201.75
491.07,520.88,-81.25,201.75
491.14,520.88,-81.25,201.75
491.21,520.88,-81.25,201.75
491.27,520.88,-81.25,201.75
491.34,520.88,-81.25,201.75
491.41,520.88,-81.25,201.75
491.47,520.88,-81.25,201.75
491.54,520.88,-81.25,201.75
491.6,520.88,-81.25,201.75
491.67,520.88,-81.25,201.75
491.74,520.88,-81.25,201.75
491.8,520.88,-81.25,201.75
491.87,520.88,-81.25,201.75
491.94,520.88,-81.25,201.75
492.0,520.88,-81.25,201.75
492.07,520.88,-81.25,201.75
492.14,520.88,-81.25,201.75
492.2,520.88,-81.25,201.75
492.27,520.88,-81.25,201.75
492.34,520.88,-81.25,201.75
492.4,520.88,-81.25,201.75
492.47,520.88,-81.25,201.75
492.54,520.88,-81.25,201.75
492.6,520.88,-81.25,201.75
492.67,520.88,-81.25,201.75
492.74,520.88,-81.25,201.75
492.8,520.88,-81.25,201.75
492.87,520.88,-81.25,201.75
492.94,520.88,-81.25,201.75
493.0,520.88,-81.25,201.75
493.07,520.88,-81.25,201.75
493.14,520.88,-81.25,201.75
493.2,520.88,-81.25,201.75
493.27,520.88,-81.25,201.75
493.34,520.88,-81.25,201.75
493.41,520.88,-81.25,201.75
493.47,520.88,-81.25,201.75
493.54,520.88,-81.25,201.75
493.61,520.88,-81.25,201.75
493.67,520.88,-81.25,201.75
493.74,520.88,-81.25,201.75
493.81,520.88,-81.25,201.75
493.87,520.88,-81.25,201.75
493.94,520.88,-81.25,201.75
494.01,520.88,-81.25,201.75
494.07,520.88,-81.25,201.75
494.14,520.88,-81.25,201.75
494.21,520.88,-81.25,201.75
494.27,520.88,-81.25,201.75
494.34,520.88,-81.25,201.75
494.41,520.88,-81.25,201.75
494.47,520.88,-81.25,201.75
494.54,520.88,-81.25,201.75
494.61,520.88,-81.25,201.75
494.67,520.88,-81.25,201.75
494.74,520.88,-81.25,201.75
494.81,520.88,-81.25,201.75
494.88,520.88,-81.25,201.75
494.94,520.88,-81.25,201.75
495.01,520.88,-81.25,201.75
495.08,520.88,-81.25,201.75
495.14,520.88,-81.25,201.75
495.21,520.88,-81.25,201.75
495.28,520.88,-81.25,201.75
495.34,520.88,-81.25,201.75
495.41,520.88,-81.25,201.75
495.48,520.88,-81.25,201.75
495.55,520.88,-81.25,201.75
495.61,520.88,-81.25,201.75
495.68,520.88,-81.25,201.75
495.75,520.88,-81.25,201.75
495.81,520.88,-81.25,201.75
495.88,520.88,-81.25,201.75
495.95,520.88,-81.25,201.75
496.01,520.88,-81.25,201.75
496.08,520.88,-81.25,201.75
496.15,520.88,-81.25,201.75
496.21,520.88,-81.25,201.75
496.28,520.88,-81.25,201.75
496.35,520.88,-81.25,201.75
496.41,520.88,-81.25,201.75
496.48,520.88,-81.25,201.75
496.55,520.88,-81.25,201.75
496.62,520.88,-81.25,201.75
496.69,520.88,-81.25,201.75
496.75,520.88,-81.25,201.75
496.82,520.88,-81.25,201.75
496.89,520.88,-81.25,201.75
496.95,520.88,-81.25,201.75
497.02,520.88,-81.25,201.75
497.09,520.88,-81.25,201.75
497.15,520.88,-81.25,201.75
497.22,520.88,-81.25,201.75
497.29,520.88,-81.25,201.75
497.35,520.88,-81.25,201.75
497.42,520.88,-81.25,201.75
497.49,520.88,-81.25,201.75
497.55,520.88,-81.25,201.75
497.62,520.88,-81.25,201.75
497.68,520.88,-81.25,201.75
497.75,520.88,-81.25,201.75
497.82,520.88,-81.25,201.75
497.88,520.88,-81.25,201.75
497.95,520.88,-81.25,201.75
498.02,520.88,-81.25,201.75
498.08,520.88,-81.25,201.75
498.15,520.88,-81.25,201.75
498.22,520.88,-81.25,201.75
498.28,520.88,-81.25,201.75
498.35,520.88,-81.25,201.75
498.42,520.88,-81.25,201.75
498.48,520.88,-81.25,201.75
498.55,520.88,-81.25,201.75
498.62,520.88,-81.25,201.75
498.68,520.88,-81.25,201.75
498.75,520.88,-81.25,201.75
498.81,520.88,-81.25,201.75
498.88,520.88,-81.25,201.75
498.95,520.88,-81.25,201.75
499.02,520.88,-81.25,201.75
499.08,520.88,-81.25,201.75
499.15,520.88,-81.25,201.75
499.22,520.88,-81.25,201.75
499.28,520.88,-81.25,201.75
499.35,520.88,-81.25,201.75
499.42,520.88,-81.25,201.75
499.48,520.88,-81.25,201.75
499.55,520.88,-81.25,201.75
499.62,520.88,-81.25,201.75
499.68,520.88,-81.25,201.75
499.75,520.88,-81.25,201.75
499.82,520.88,-81.25,201.75
499.88,520.88,-81.25,201.75
499.95,520.88,-81.25,201.75
500.02,520.88,-81.25,201.75
500.08,520.88,-81.25,201.75
500.15,520.88,-81.25,201.75
500.22,520.88,-81.25,201.75
500.28,520.88,-81.25,201.75
500.35,520.88,-81.25,201.75
500.42,520.88,-81.25,201.75
500.49,520.88,-81.25,201.75
500.55,520.88,-81.25,201.75
500.62,520.88,-81.25,201.75
500.69,520.88,-81.25,201.75
500.75,520.88,-81.25,201.75
500.82,520.88,-81.25,201.75
500.89,520.88,-81.25,201.75
500.95,520.88,-81.25,201.75
501.02,520.88,-81.25,201.75
501.09,520.88,-81.25,201.75
501.15,520.88,-81.25,201.75
501.22,520.88,-81.25,201.75
501.29,520.88,-81.25,201.75
501.35,520.88,-81.25,201.75
501.42,520.88,-81.25,201.75
501.49,520.88,-81.25,201.75
501.55,520.88,-81.25,201.75
501.62,520.88,-81.25,201.75
501.69,520.88,-81.25,201.75
501.76,520.88,-81.25,201.75
501.82,520.88,-81.25,201.75
501.89,520.88,-81.25,201.75
501.96,520.88,-81.25,201.75
502.03,520.88,-81.25,201.75
502.09,520.88,-81.25,201.75
502.16,520.88,-81.25,201.75
502.23,520.88,-81.25,201.75
502.29,520.88,-81.25,201.75
502.36,520.88,-81.25,201.75
502.43,520.88,-81.25,201.75
502.49,520.88,-81.25,201.75
502.56,520.88,-81.25,201.75
502.63,520.88,-81.25,201.75
502.69,520.88,-81.25,201.75
502.76,520.88,-81.25,201.75
502.83,520.88,-81.25,201.75
502.9,520.88,-81.25,201.75
502.96,520.88,-81.25,201.75
503.03,520.88,-81.25,201.75
503.1,520.88,-81.25,201.75
503.17,520.88,-81.25,201.75
503.24,520.88,-81.25,201.75
503.31,520.88,-81.25,201.75
503.37,520.88,-81.25,201.75
503.44,520.88,-81.25,201.75
503.5,520.88,-81.25,201.75
503.57,520.88,-81.25,201.75
503.64,520.88,-81.25,201.75
503.7,520.88,-81.25,201.75
503.77,520.88,-81.25,201.75
503.84,520.88,-81.25,201.75
503.9,520.88,-81.25,201.75
503.97,520.88,-81.25,201.75
504.03,520.88,-81.25,201.75
504.1,520.88,-81.25,201.75
504.17,520.88,-81.25,201.75
504.23,520.88,-81.25,201.75
504.3,520.88,-81.25,201.75
504.37,520.88,-81.25,201.75
504.43,520.88,-81.25,201.75
504.5,520.88,-81.25,201.75
504.57,520.88,-81.25,201.75
504.63,520.88,-81.25,201.75
504.7,520.88,-81.25,201.75
504.77,520.88,-81.25,201.75
504.83,520.88,-81.25,201.75
504.9,520.88,-81.25,201.75
504.97,520.88,-81.25,201.75
505.03,520.88,-81.25,201.75
505.1,520.88,-81.25,201.75
505.17,520.88,-81.25,201.75
505.23,520.88,-81.25,201.75
505.3,520.88,-81.25,201.75
505.37,520.88,-81.25,201.75
505.43,520.88,-81.25,201.75
505.5,520.88,-81.25,201.75
505.57,520.88,-81.25,201.75
505.63,520.88,-81.25,201.75
505.7,520.88,-81.25,201.75
505.77,520.88,-81.25,201.75
505.83,520.88,-81.25,201.75
505.9,520.88,-81.25,201.75
505.97,520.88,-81.25,201.75
506.03,520.88,-81.25,201.75
506.1,520.88,-81.25,201.75
506.17,520.88,-81.25,201.75
506.23,520.88,-81.25,201.75
506.3,520.88,-81.25,201.75
506.37,520.88,-81.25,201.75
506.43,520.88,-81.25,201.75
506.5,520.88,-81.25,201.75
506.57,520.88,-81.25,201.75
506.63,520.88,-81.25,201.75
506.7,520.88,-81.25,201.75
506.77,520.88,-81.25,201.75
506.83,520.88,-81.25,201.75
506.9,520.88,-81.25,201.75
506.97,520.88,-81.25,201.75
507.03,520.88,-81.25,201.75
507.1,520.88,-81.25,201.75
507.17,520.88,-81.25,201.75
507.23,520.88,-81.25,201.75
507.3,520.88,-81.25,201.75
507.37,520.88,-81.25,201.75
507.43,520.88,-81.25,201.75
507.5,520.88,-81.25,201.75
507.57,520.88,-81.25,201.75
507.64,520.88,-81.25,201.75
507.7,520.88,-81.25,201.75
507.77,520.88,-81.25,201.75
507.84,520.88,-81.25,201.75
507.9,520.88,-81.25,201.75
507.97,520.88,-81.25,201.75
508.04,520.88,-81.25,201.75
508.1,520.88,-81.25,201.75
508.17,520.88,-81.25,201.75
508.24,520.88,-81.25,201.75
508.3,520.88,-81.25,201.75
508.37,520.88,-81.25,201.75
508.44,520.88,-81.25,201.75
508.5,520.88,-81.25,201.75
508.57,520.88,-81.25,201.75
508.64,520.88,-81.25,201.75
508.71,520.88,-81.25,201.75
508.77,520.88,-81.25,201.75
508.84,520.88,-81.25,201.75
508.91,520.88,-81.25,201.75
508.97,520.88,-81.25,201.75
509.04,520.88,-81.25,201.75
509.11,520.88,-81.25,201.75
509.17,520.88,-81.25,201.75
509.24,520.88,-81.25,201.75
509.31,520.88,-81.25,201.75
509.38,520.88,-81.25,201.75
509.44,520.88,-81.25,201.75
509.51,520.88,-81.25,201.75
509.59,520.88,-81.25,201.75
509.66,520.88,-81.25,201.75
509.72,520.88,-81.25,201.75
509.79,520.88,-81.25,201.75
509.85,520.88,-81.25,201.75
509.92,520.88,-81.25,201.75
509.99,520.88,-81.25,201.75
510.05,520.88,-81.25,201.75
510.12,520.88,-81.25,201.75
510.19,520.88,-81.25,201.75
510.25,520.88,-81.25,201.75
510.32,520.88,-81.25,201.75
510.38,520.88,-81.25,201.75
510.45,520.88,-81.25,201.75
510.52,520.88,-81.25,201.75
510.58,520.88,-81.25,201.75
510.65,520.88,-81.25,201.75
510.72,520.88,-81.25,201.75
510.78,520.88,-81.25,201.75
510.85,520.88,-81.25,201.75
510.92,520.88,-81.25,201.75
510.98,520.88,-81.25,201.75
511.05,520.88,-81.25,201.75
511.11,520.88,-81.25,201.75
511.18,520.88,-81.25,201.75
511.25,520.88,-81.25,201.75
511.31,520.88,-81.25,201.75
511.38,520.88,-81.25,201.75
511.45,520.88,-81.25,201.75
511.51,520.88,-81.25,201.75
511.58,520.88,-81.25,201.75
511.65,520.88,-81.25,201.75
511.71,520.88,-81.25,201.75
511.78,520.88,-81.25,201.75
511.84,520.88,-81.25,201.75
511.91,520.88,-81.25,201.75
511.98,520.88,-81.25,201.75
512.04,520.88,-81.25,201.75
512.11,520.88,-81.25,201.75
512.18,520.88,-81.25,201.75
512.24,520.88,-81.25,201.75
512.31,520.88,-81.25,201.75
512.38,520.88,-81.25,201.75
512.45,520.88,-81.25,201.75
512.51,520.88,-81.25,201.75
512.58,520.88,-81.25,201.75
512.65,520.88,-81.25,201.75
512.71,520.88,-81.25,201.75
512.78,520.88,-81.25,201.75
512.85,520.88,-81.25,201.75
512.91,520.88,-81.25,201.75
512.98,520.88,-81.25,201.75
513.05,520.88,-81.25,201.75
513.11,520.88,-81.25,201.75
513.18,520.88,-81.25,201.75
513.25,520.88,-81.25,201.75
513.31,520.88,-81.25,201.75
513.38,520.88,-81.25,201.75
513.45,520.88,-81.25,201.75
513.51,520.88,-81.25,201.75
513.58,520.88,-81.25,201.75
513.65,520.88,-81.25,201.75
513.71,520.88,-81.25,201.75
513.78,520.88,-81.25,201.75
513.85,520.88,-81.25,201.75
513.91,520.88,-81.25,201.75
513.98,520.88,-81.25,201.75
514.05,520.88,-81.25,201.75
514.12,520.88,-81.25,201.75
514.18,520.88,-81.25,201.75
514.25,520.88,-81.25,201.75
514.32,520.88,-81.25,201.75
514.38,520.88,-81.25,201.75
514.45,520.88,-81.25,201.75
514.52,520.88,-81.25,201.75
514.58,520.88,-81.25,201.75
514.65,520.88,-81.25,201.75
514.72,520.88,-81.25,201.75
514.79,520.88,-81.25,201.75
514.85,520.88,-81.25,201.75
514.92,520.88,-81.25,201.75
514.99,520.88,-81.25,201.75
515.05,520.88,-81.25,201.75
515.12,520.88,-81.25,201.75
515.19,520.88,-81.25,201.75
515.25,520.88,-81.25,201.75
515.32,520.88,-81.25,201.75
515.39,520.88,-81.25,201.75
515.46,520.88,-81.25,201.75
515.52,520.88,-81.25,201.75
515.59,520.88,-81.25,201.75
515.66,520.88,-81.25,201.75
515.72,520.88,-81.25,201.75
515.79,520.88,-81.25,201.75
515.86,520.88,-81.25,201.75
515.93,520.88,-81.25,201.75
515.99,520.88,-81.25,201.75
516.06,520.88,-81.25,201.75
516.13,520.88,-81.25,201.75
516.19,520.88,-81.25,201.75
516.27,520.88,-81.25,201.75
516.33,520.88,-81.25,201.75
516.4,520.88,-81.25,201.75
516.47,520.88,-81.25,201.75
516.53,520.88,-81.25,201.75
516.6,520.88,-81.25,201.75
516.67,520.88,-81.25,201.75
516.73,520.88,-81.25,201.75
516.8,520.88,-81.25,201.75
516.87,520.88,-81.25,201.75
516.93,520.88,-81.25,201.75
517.0,520.88,-81.25,201.75
517.06,520.88,-81.25,201.75
517.13,520.88,-81.25,201.75
517.2,520.88,-81.25,201.75
517.27,520.88,-81.25,201.75
517.33,520.88,-81.25,201.75
517.4,520.88,-81.25,201.75
517.46,520.88,-81.25,201.75
517.53,520.88,-81.25,201.75
517.6,520.88,-81.25,201.75
517.67,520.88,-81.25,201.75
517.74,520.88,-81.25,201.75
517.81,520.88,-81.25,201.75
517.87,520.88,-81.25,201.75
517.94,520.88,-81.25,201.75
518.0,520.88,-81.25,201.75
518.07,520.88,-81.25,201.75
518.14,520.88,-81.25,201.75
518.2,520.88,-81.25,201.75
518.27,520.88,-81.25,201.75
518.34,520.88,-81.25,201.75
518.4,520.88,-81.25,201.75
518.47,520.88,-81.25,201.75
518.53,520.88,-81.25,201.75
518.6,520.88,-81.25,201.75
518.67,520.88,-81.25,201.75
518.73,520.88,-81.25,201.75
518.8,520.88,-81.25,201.75
518.87,520.88,-81.25,201.75
518.93,520.88,-81.25,201.75
519.0,520.88,-81.25,201.75
519.06,520.88,-81.25,201.75
519.13,520.88,-81.25,201.75
519.2,520.88,-81.25,201.75
519.26,520.88,-81.25,201.75
519.33,520.88,-81.25,201.75
519.4,520.88,-81.25,201.75
519.46,520.88,-81.25,201.75
519.53,520.88,-81.25,201.75
519.6,520.88,-81.25,201.75
519.66,520.88,-81.25,201.75
519.73,520.88,-81.25,201.75
519.79,520.88,-81.25,201.75
519.86,520.88,-81.25,201.75
519.93,520.88,-81.25,201.75
519.99,520.88,-81.25,201.75
520.06,520.88,-81.25,201.75
520.13,520.88,-81.25,201.75
520.19,520.88,-81.25,201.75
520.26,520.88,-81.25,201.75
520.33,520.88,-81.25,201.75
520.39,520.88,-81.25,201.75
520.46,520.88,-81.25,201.75
520.53,520.88,-81.25,201.75
520.59,520.88,-81.25,201.75
520.66,520.88,-81.25,201.75
520.73,520.88,-81.25,201.75
520.79,520.88,-81.25,201.75
520.86,520.88,-81.25,201.75
520.93,520.88,-81.25,201.75
520.99,520.88,-81.25,201.75
521.06,520.88,-81.25,201.75
521.13,520.88,-81.25,201.75
521.19,520.88,-81.25,201.75
521.26,520.88,-81.25,201.75
521.33,520.88,-81.25,201.75
521.39,520.88,-81.25,201.75
521.46,520.88,-81.25,201.75
521.53,520.88,-81.25,201.75
521.59,520.88,-81.25,201.75
521.66,520.88,-81.25,201.75
521.73,520.88,-81.25,201.75
521.79,520.88,-81.25,201.75
521.86,520.88,-81.25,201.75
521.93,520.88,-81.25,201.75
521.99,520.88,-81.25,201.75
522.06,520.88,-81.25,201.75
522.13,520.88,-81.25,201.75
522.19,520.88,-81.25,201.75
522.26,520.88,-81.25,201.75
522.33,520.88,-81.25,201.75
522.39,520.88,-81.25,201.75
522.46,520.88,-81.25,201.75
522.53,520.88,-81.25,201.75
522.59,520.88,-81.25,201.75
522.66,520.88,-81.25,201.75
522.73,520.88,-81.25,201.75
522.8,520.88,-81.25,201.75
522.86,520.88,-81.25,201.75
522.93,520.88,-81.25,201.75
523.0,520.88,-81.25,201.75
523.06,520.88,-81.25,201.75
523.13,520.88,-81.25,201.75
523.2,520.88,-81.25,201.75
523.26,520.88,-81.25,201.75
523.33,520.88,-81.25,201.75
523.4,520.88,-81.25,201.75
523.47,520.88,-81.25,201.75
523.53,520.88,-81.25,201.75
523.6,520.88,-81.25,201.75
523.67,520.88,-81.25,201.75
523.73,520.88,-81.25,201.75
523.8,520.88,-81.25,201.75
523.87,520.88,-81.25,201.75
523.94,520.88,-81.25,201.75
524.0,520.88,-81.25,201.75
524.07,520.88,-81.25,201.75
524.14,520.88,-81.25,201.75
524.21,520.88,-81.25,201.75
524.27,520.88,-81.25,201.75
524.35,520.88,-81.25,201.75
524.41,520.88,-81.25,201.75
524.48,520.88,-81.25,201.75
524.54,520.88,-81.25,201.75
524.61,520.88,-81.25,201.75
524.68,520.88,-81.25,201.75
524.74,520.88,-81.25,201.75
524.81,520.88,-81.25,201.75
524.88,520.88,-81.25,201.75
524.94,520.88,-81.25,201.75
525.01,520.88,-81.25,201.75
525.08,520.88,-81.25,201.75
525.14,520.88,-81.25,201.75
525.21,520.88,-81.25,201.75
525.27,520.88,-81.25,201.75
525.34,520.88,-81.25,201.75
525.41,520.88,-81.25,201.75
525.47,520.88,-81.25,201.75
525.54,520.88,-81.25,201.75
525.61,520.88,-81.25,201.75
525.67,520.88,-81.25,201.75
525.74,520.88,-81.25,201.75
525.8,520.88,-81.25,201.75
525.87,520.88,-81.25,201.75
525.94,520.88,-81.25,201.75
526.0,520.88,-81.25,201.75
526.07,520.88,-81.25,201.75
526.14,520.88,-81.25,201.75
526.2,520.88,-81.25,201.75
526.27,520.88,-81.25,201.75
526.34,520.88,-81.25,201.75
526.4,520.88,-81.25,201.75
526.47,520.88,-81.25,201.75
526.54,520.88,-81.25,201.75
526.6,520.88,-81.25,201.75
526.67,520.88,-81.25,201.75
526.73,520.88,-81.25,201.75
526.8,520.88,-81.25,201.75
526.87,520.88,-81.25,201.75
526.93,520.88,-81.25,201.75
527.0,520.88,-81.25,201.75
527.07,520.88,-81.25,201.75
527.13,520.88,-81.25,201.75
527.2,520.88,-81.25,201.75
527.27,520.88,-81.25,201.75
527.33,520.88,-81.25,201.75
527.4,520.88,-81.25,201.75
527.47,520.88,-81.25,201.75
527.53,520.88,-81.25,201.75
527.6,520.88,-81.25,201.75
527.67,520.88,-81.25,201.75
527.73,520.88,-81.25,201.75
527.8,520.88,-81.25,201.75
527.87,520.88,-81.25,201.75
527.93,520.88,-81.25,201.75
528.0,520.88,-81.25,201.75
528.07,520.88,-81.25,201.75
528.13,520.88,-81.25,201.75
528.2,520.88,-81.25,201.75
528.27,520.88,-81.25,201.75
528.33,520.88,-81.25,201.75
528.4,520.88,-81.25,201.75
528.47,520.88,-81.25,201.75
528.53,520.88,-81.25,201.75
528.6,520.88,-81.25,201.75
528.67,520.88,-81.25,201.75
528.74,520.88,-81.25,201.75
528.8,520.88,-81.25,201.75
528.87,520.88,-81.25,201.75
528.94,520.88,-81.25,201.75
529.0,520.88,-81.25,201.75
529.07,520.88,-81.25,201.75
529.14,520.88,-81.25,201.75
529.2,520.88,-81.25,201.75
529.27,520.88,-81.25,201.75
529.34,520.88,-81.25,201.75
529.4,520.88,-81.25,201.75
529.47,520.88,-81.25,201.75
529.54,520.88,-81.25,201.75
529.6,520.88,-81.25,201.75
529.67,520.88,-81.25,201.75
529.74,520.88,-81.25,201.75
529.81,520.88,-81.25,201.75
529.87,520.88,-81.25,201.75
529.94,520.88,-81.25,201.75
530.01,520.88,-81.25,201.75
530.07,520.88,-81.25,201.75
530.14,520.88,-81.25,201.75
530.21,520.88,-81.25,201.75
530.27,520.88,-81.25,201.75
530.34,520.88,-81.25,201.75
530.41,520.88,-81.25,201.75
530.47,520.88,-81.25,201.75
530.54,520.88,-81.25,201.75
530.61,520.88,-81.25,201.75
530.68,520.88,-81.25,201.75
530.74,520.88,-81.25,201.75
530.81,520.88,-81.25,201.75
530.88,520.88,-81.25,201.75
530.94,520.88,-81.25,201.75
531.01,520.88,-81.25,201.75
531.09,520.88,-81.25,201.75
531.15,520.88,-81.25,201.75
531.22,520.88,-81.25,201.75
531.29,520.88,-81.25,201.75
531.35,520.88,-81.25,201.75
531.42,520.88,-81.25,201.75
531.48,520.88,-81.25,201.75
531.55,520.88,-81.25,201.75
531.62,520.88,-81.25,201.75
531.68,520.88,-81.25,201.75
531.75,520.88,-81.25,201.75
531.82,520.88,-81.25,201.75
531.88,520.88,-81.25,201.75
531.95,520.88,-81.25,201.75
532.01,520.88,-81.25,201.75
532.08,520.88,-81.25,201.75
532.15,520.88,-81.25,201.75
532.21,520.88,-81.25,201.75
532.28,520.88,-81.25,201.75
532.35,520.88,-81.25,201.75
532.41,520.88,-81.25,201.75
532.48,520.88,-81.25,201.75
532.54,520.88,-81.25,201.75
532.61,520.88,-81.25,201.75
532.68,520.88,-81.25,201.75
532.75,520.88,-81.25,201.75
532.81,520.88,-81.25,201.75
532.88,520.88,-81.25,201.75
532.94,520.88,-81.25,201.75
533.01,520.88,-81.25,201.75
533.08,520.88,-81.25,201.75
533.14,520.88,-81.25,201.75
533.21,520.88,-81.25,201.75
533.28,520.88,-81.25,201.75
533.34,520.88,-81.25,201.75
533.41,520.88,-81.25,201.75
533.48,520.88,-81.25,201.75
533.54,520.88,-81.25,201.75
533.61,520.88,-81.25,201.75
533.68,520.88,-81.25,201.75
533.74,520.88,-81.25,201.75
533.81,520.88,-81.25,201.75
533.88,520.88,-81.25,201.75
533.94,520.88,-81.25,201.75
534.01,520.88,-81.25,201.75
534.08,520.88,-81.25,201.75
534.14,520.88,-81.25,201.75
534.21,520.88,-81.25,201.75
534.28,520.88,-81.25,201.75
534.34,520.88,-81.25,201.75
534.41,520.88,-81.25,201.75
534.48,520.88,-81.25,201.75
534.54,520.88,-81.25,201.75
534.61,520.88,-81.25,201.75
534.68,520.88,-81.25,201.75
534.74,520.88,-81.25,201.75
534.81,520.88,-81.25,201.75
534.88,520.88,-81.25,201.75
534.94,520.88,-81.25,201.75
535.01,520.88,-81.25,201.75
535.08,520.88,-81.25,201.75
535.14,520.88,-81.25,201.75
535.21,520.88,-81.25,201.75
535.27,520.88,-81.25,201.75
535.34,520.88,-81.25,201.75
535.41,520.88,-81.25,201.75
535.47,520.88,-81.25,201.75
535.54,520.88,-81.25,201.75
535.61,520.88,-81.25,201.75
535.68,520.88,-81.25,201.75
535.74,520.88,-81.25,201.75
535.81,520.88,-81.25,201.75
535.88,520.88,-81.25,201.75
535.94,520.88,-81.25,201.75
536.01,520.88,-81.25,201.75
536.08,520.88,-81.25,201.75
536.14,520.88,-81.25,201.75
536.21,520.88,-81.25,201.75
536.28,520.88,-81.25,201.75
536.35,520.88,-81.25,201.75
536.41,520.88,-81.25,201.75
536.48,520.88,-81.25,201.75
536.55,520.88,-81.25,201.75
536.61,520.88,-81.25,201.75
536.68,520.88,-81.25,201.75
536.75,520.88,-81.25,201.75
536.82,520.88,-81.25,201.75
536.88,520.88,-81.25,201.75
536.95,520.88,-81.25,201.75
537.02,520.88,-81.25,201.75
537.08,520.88,-81.25,201.75
537.15,520.88,-81.25,201.75
537.22,520.88,-81.25,201.75
537.28,520.88,-81.25,201.75
537.35,520.88,-81.25,201.75
537.42,520.88,-81.25,201.75
537.49,520.88,-81.25,201.75
537.56,520.88,-81.25,201.75
537.63,520.88,-81.25,201.75
537.69,520.88,-81.25,201.75
537.76,520.88,-81.25,201.75
537.82,520.88,-81.25,201.75
537.89,520.88,-81.25,201.75
537.96,520.88,-81.25,201.75
538.02,520.88,-81.25,201.75
538.09,520.88,-81.25,201.75
538.15,520.88,-81.25,201.75
538.22,520.88,-81.25,201.75
538.29,520.88,-81.25,201.75
538.35,520.88,-81.25,201.75
538.42,520.88,-81.25,201.75
538.49,520.88,-81.25,201.75
538.55,520.88,-81.25,201.75
538.62,520.88,-81.25,201.75
538.69,520.88,-81.25,201.75
538.75,520.88,-81.25,201.75
538.82,520.88,-81.25,201.75
538.88,520.88,-81.25,201.75
538.95,520.88,-81.25,201.75
539.02,520.88,-81.25,201.75
539.08,520.88,-81.25,201.75
539.15,520.88,-81.25,201.75
539.22,520.88,-81.25,201.75
539.28,520.88,-81.25,201.75
539.35,520.88,-81.25,201.75
539.41,520.88,-81.25,201.75
539.48,520.88,-81.25,201.75
539.55,520.88,-81.25,201.75
539.62,520.88,-81.25,201.75
539.68,520.88,-81.25,201.75
539.75,520.88,-81.25,201.75
539.81,520.88,-81.25,201.75
539.88,520.88,-81.25,201.75
539.95,520.88,-81.25,201.75
540.01,520.88,-81.25,201.75
540.08,520.88,-81.25,201.75
540.15,520.88,-81.25,201.75
540.21,520.88,-81.25,201.75
540.28,520.88,-81.25,201.75
540.35,520.88,-81.25,201.75
540.41,520.88,-81.25,201.75
540.48,520.88,-81.25,201.75
540.55,520.88,-81.25,201.75
540.61,520.88,-81.25,201.75
540.68,520.88,-81.25,201.75
540.75,520.88,-81.25,201.75
540.81,520.88,-81.25,201.75
540.88,520.88,-81.25,201.75
540.95,520.88,-81.25,201.75
541.01,520.88,-81.25,201.75
541.08,520.88,-81.25,201.75
541.15,520.88,-81.25,201.75
541.21,520.88,-81.25,201.75
541.28,520.88,-81.25,201.75
541.34,520.88,-81.25,201.75
541.41,520.88,-81.25,201.75
541.48,520.88,-81.25,201.75
541.55,520.88,-81.25,201.75
541.61,520.88,-81.25,201.75
541.68,520.88,-81.25,201.75
541.75,520.88,-81.25,201.75
541.81,520.88,-81.25,201.75
541.88,520.88,-81.25,201.75
541.95,520.88,-81.25,201.75
542.01,520.88,-81.25,201.75
542.08,520.88,-81.25,201.75
542.15,520.88,-81.25,201.75
542.21,520.88,-81.25,201.75
542.28,520.88,-81.25,201.75
542.35,520.88,-81.25,201.75
542.41,520.88,-81.25,201.75
542.48,520.88,-81.25,201.75
542.55,520.88,-81.25,201.75
542.62,520.88,-81.25,201.75
542.68,520.88,-81.25,201.75
542.75,520.88,-81.25,201.75
542.82,520.88,-81.25,201.75
542.88,520.88,-81.25,201.75
542.95,520.88,-81.25,201.75
543.02,520.88,-81.25,201.75
543.08,520.88,-81.25,201.75
543.15,520.88,-81.25,201.75
543.22,520.88,-81.25,201.75
543.28,520.88,-81.25,201.75
543.35,520.88,-81.25,201.75
543.42,520.88,-81.25,201.75
543.49,520.88,-81.25,201.75
543.55,520.88,-81.25,201.75
543.62,520.88,-81.25,201.75
543.69,520.88,-81.25,201.75
543.75,520.88,-81.25,201.75
543.82,520.88,-81.25,201.75
543.89,520.88,-81.25,201.75
543.96,520.88,-81.25,201.75
544.03,520.88,-81.25,201.75
544.1,520.88,-81.25,201.75
544.16,520.88,-81.25,201.75
544.23,520.88,-81.25,201.75
544.3,520.88,-81.25,201.75
544.37,520.88,-81.25,201.75
544.43,520.88,-81.25,201.75
544.5,520.88,-81.25,201.75
544.57,520.88,-81.25,201.75
544.63,520.88,-81.25,201.75
544.7,520.88,-81.25,201.75
544.77,520.88,-81.25,201.75
544.83,520.88,-81.25,201.75
544.9,520.88,-81.25,201.75
544.96,520.88,-81.25,201.75
545.03,520.88,-81.25,201.75
545.1,520.88,-81.25,201.75
545.16,520.88,-81.25,201.75
545.23,520.88,-81.25,201.75
545.3,520.88,-81.25,201.75
545.36,520.88,-81.25,201.75
545.43,520.88,-81.25,201.75
545.5,520.88,-81.25,201.75
545.56,520.88,-81.25,201.75
545.63,520.88,-81.25,201.75
545.69,520.88,-81.25,201.75
545.76,520.88,-81.25,201.75
545.83,520.88,-81.25,201.75
545.89,520.88,-81.25,201.75
545.96,520.88,-81.25,201.75
546.03,520.88,-81.25,201.75
546.09,520.88,-81.25,201.75
546.16,520.88,-81.25,201.75
546.23,520.88,-81.25,201.75
546.29,520.88,-81.25,201.75
546.36,520.88,-81.25,201.75
546.43,520.88,-81.25,201.75
546.49,520.88,-81.25,201.75
546.56,520.88,-81.25,201.75
546.63,520.88,-81.25,201.75
546.69,520.88,-81.25,201.75
546.76,520.88,-81.25,201.75
546.83,520.88,-81.25,201.75
546.89,520.88,-81.25,201.75
546.96,520.88,-81.25,201.75
547.03,520.88,-81.25,201.75
547.09,520.88,-81.25,201.75
547.16,520.88,-81.25,201.75
547.23,520.88,-81.25,201.75
547.29,520.88,-81.25,201.75
547.36,520.88,-81.25,201.75
547.43,520.88,-81.25,201.75
547.49,520.88,-81.25,201.75
547.56,520.88,-81.25,201.75
547.63,520.88,-81.25,201.75
547.69,520.88,-81.25,201.75
547.76,520.88,-81.25,201.75
547.83,520.88,-81.25,201.75
547.89,520.88,-81.25,201.75
547.96,520.88,-81.25,201.75
548.03,520.88,-81.25,201.75
548.09,520.88,-81.25,201.75
548.16,520.88,-81.25,201.75
548.23,520.88,-81.25,201.75
548.29,520.88,-81.25,201.75
548.36,520.88,-81.25,201.75
548.43,520.88,-81.25,201.75
548.5,520.88,-81.25,201.75
548.56,520.88,-81.25,201.75
548.63,520.88,-81.25,201.75
548.7,520.88,-81.25,201.75
548.77,520.88,-81.25,201.75
548.83,520.88,-81.25,201.75
548.9,520.88,-81.25,201.75
548.97,520.88,-81.25,201.75
549.03,520.88,-81.25,201.75
549.1,520.88,-81.25,201.75
549.17,520.88,-81.25,201.75
549.24,520.88,-81.25,201.75
549.3,520.88,-81.25,201.75
549.37,520.88,-81.25,201.75
549.44,520.88,-81.25,201.75
549.5,520.88,-81.25,201.75
549.57,520.88,-81.25,201.75
549.64,520.88,-81.25,201.75
549.71,520.88,-81.25,201.75
549.77,520.88,-81.25,201.75
549.84,520.88,-81.25,201.75
549.91,520.88,-81.25,201.75
549.97,520.88,-81.25,201.75
550.04,520.88,-81.25,201.75
550.11,520.88,-81.25,201.75
550.18,520.88,-81.25,201.75
550.24,520.88,-81.25,201.75
550.31,520.88,-81.25,201.75
550.38,520.88,-81.25,201.75
550.45,520.88,-81.25,201.75
550.51,520.88,-81.25,201.75
550.58,520.88,-81.25,201.75
550.65,520.88,-81.25,201.75
550.72,520.88,-81.25,201.75
550.79,520.88,-81.25,201.75
550.85,520.88,-81.25,201.75
550.92,520.88,-81.25,201.75
550.98,520.88,-81.25,201.75
551.05,520.88,-81.25,201.75
551.12,520.88,-81.25,201.75
551.18,520.88,-81.25,201.75
551.25,520.88,-81.25,201.75
551.32,520.88,-81.25,201.75
551.39,520.88,-81.25,201.75
551.45,520.88,-81.25,201.75
551.52,520.88,-81.25,201.75
551.58,520.88,-81.25,201.75
551.65,520.88,-81.25,201.75
551.72,520.88,-81.25,201.75
551.78,520.88,-81.25,201.75
551.85,520.88,-81.25,201.75
551.92,520.88,-81.25,201.75
551.98,520.88,-81.25,201.75
552.05,520.88,-81.25,201.75
552.11,520.88,-81.25,201.75
552.18,520.88,-81.25,201.75
552.25,520.88,-81.25,201.75
552.32,520.88,-81.25,201.75
552.38,520.88,-81.25,201.75
552.45,520.88,-81.25,201.75
552.51,520.88,-81.25,201.75
552.58,520.88,-81.25,201.75
552.65,520.88,-81.25,201.75
552.71,520.88,-81.25,201.75
552.78,520.88,-81.25,201.75
552.85,520.88,-81.25,201.75
552.91,520.88,-81.25,201.75
552.98,520.88,-81.25,201.75
553.05,520.88,-81.25,201.75
553.11,520.88,-81.25,201.75
553.18,520.88,-81.25,201.75
553.25,520.88,-81.25,201.75
553.31,520.88,-81.25,201.75
553.38,520.88,-81.25,201.75
553.45,520.88,-81.25,201.75
553.51,520.88,-81.25,201.75
553.58,520.88,-81.25,201.75
553.64,520.88,-81.25,201.75
553.71,520.88,-81.25,201.75
553.78,520.88,-81.25,201.75
553.84,520.88,-81.25,201.75
553.91,520.88,-81.25,201.75
553.98,520.88,-81.25,201.75
554.04,520.88,-81.25,201.75
554.11,520.88,-81.25,201.75
554.18,520.88,-81.25,201.75
554.24,520.88,-81.25,201.75
554.31,520.88,-81.25,201.75
554.38,520.88,-81.25,201.75
554.44,520.88,-81.25,201.75
554.51,520.88,-81.25,201.75
554.58,520.88,-81.25,201.75
554.64,520.88,-81.25,201.75
554.71,520.88,-81.25,201.75
554.78,520.88,-81.25,201.75
554.84,520.88,-81.25,201.75
554.91,520.88,-81.25,201.75
554.97,520.88,-81.25,201.75
555.04,520.88,-81.25,201.75
555.11,520.88,-81.25,201.75
555.18,520.88,-81.25,201.75
555.24,520.88,-81.25,201.75
555.31,520.88,-81.25,201.75
555.38,520.88,-81.25,201.75
555.44,520.88,-81.25,201.75
555.51,520.88,-81.25,201.75
555.58,520.88,-81.25,201.75
555.64,520.88,-81.25,201.75
555.71,520.88,-81.25,201.75
555.78,520.88,-81.25,201.75
555.84,520.88,-81.25,201.75
555.91,520.88,-81.25,201.75
555.98,520.88,-81.25,201.75
556.04,520.88,-81.25,201.75
556.11,520.88,-81.25,201.75
556.18,520.88,-81.25,201.75
556.24,520.88,-81.25,201.75
556.31,520.88,-81.25,201.75
556.38,520.88,-81.25,201.75
556.44,520.88,-81.25,201.75
556.51,520.88,-81.25,201.75
556.58,520.88,-81.25,201.75
556.64,520.88,-81.25,201.75
556.71,520.88,-81.25,201.75
556.78,520.88,-81.25,201.75
556.84,520.88,-81.25,201.75
556.91,520.88,-81.25,201.75
556.98,520.88,-81.25,201.75
557.05,520.88,-81.25,201.75
557.11,520.88,-81.25,201.75
557.18,520.88,-81.25,201.75
557.25,520.88,-81.25,201.75
557.31,520.88,-81.25,201.75
557.38,520.88,-81.25,201.75
557.45,520.88,-81.25,201.75
557.52,520.88,-81.25,201.75
557.59,520.88,-81.25,201.75
557.65,520.88,-81.25,201.75
557.72,520.88,-81.25,201.75
557.78,520.88,-81.25,201.75
557.85,520.88,-81.25,201.75
557.92,520.88,-81.25,201.75
557.98,520.88,-81.25,201.75
558.05,520.88,-81.25,201.75
558.12,520.88,-81.25,201.75
558.18,520.88,-81.25,201.75
558.25,520.88,-81.25,201.75
558.31,520.88,-81.25,201.75
558.38,520.88,-81.25,201.75
558.45,520.88,-81.25,201.75
558.51,520.88,-81.25,201.75
558.58,520.88,-81.25,201.75
558.65,520.88,-81.25,201.75
558.71,520.88,-81.25,201.75
558.78,520.88,-81.25,201.75
558.85,520.88,-81.25,201.75
558.92,520.88,-81.25,201.75
558.99,520.88,-81.25,201.75
559.05,520.88,-81.25,201.75
559.12,520.88,-81.25,201.75
559.18,520.88,-81.25,201.75
559.25,520.88,-81.25,201.75
559.32,520.88,-81.25,201.75
559.38,520.88,-81.25,201.75
559.45,520.88,-81.25,201.75
559.52,520.88,-81.25,201.75
559.58,520.88,-81.25,201.75
559.65,520.88,-81.25,201.75
559.72,520.88,-81.25,201.75
559.78,520.88,-81.25,201.75
559.85,520.88,-81.25,201.75
559.91,520.88,-81.25,201.75
559.98,520.88,-81.25,201.75
560.05,520.88,-81.25,201.75
560.11,520.88,-81.25,201.75
560.18,520.88,-81.25,201.75
560.25,520.88,-81.25,201.75
560.31,520.88,-81.25,201.75
560.38,520.88,-81.25,201.75
560.45,520.88,-81.25,201.75
560.51,520.88,-81.25,201.75
560.58,520.88,-81.25,201.75
560.65,520.88,-81.25,201.75
560.71,520.88,-81.25,201.75
560.78,520.88,-81.25,201.75
560.84,520.88,-81.25,201.75
560.91,520.88,-81.25,201.75
560.98,520.88,-81.25,201.75
561.04,520.88,-81.25,201.75
561.11,520.88,-81.25,201.75
561.18,520.88,-81.25,201.75
561.24,520.88,-81.25,201.75
561.31,520.88,-81.25,201.75
561.38,520.88,-81.25,201.75
561.44,520.88,-81.25,201.75
561.51,520.88,-81.25,201.75
561.58,520.88,-81.25,201.75
561.64,520.88,-81.25,201.75
561.71,520.88,-81.25,201.75
561.77,520.88,-81.25,201.75
561.84,520.88,-81.25,201.75
561.91,520.88,-81.25,201.75
561.97,520.88,-81.25,201.75
562.04,520.88,-81.25,201.75
562.11,520.88,-81.25,201.75
562.17,520.88,-81.25,201.75
562.24,520.88,-81.25,201.75
562.31,520.88,-81.25,201.75
562.37,520.88,-81.25,201.75
562.44,520.88,-81.25,201.75
562.51,520.88,-81.25,201.75
562.57,520.88,-81.25,201.75
562.64,520.88,-81.25,201.75
562.71,520.88,-81.25,201.75
562.77,520.88,-81.25,201.75
562.84,520.88,-81.25,201.75
562.91,520.88,-81.25,201.75
562.97,520.88,-81.25,201.75
563.04,520.88,-81.25,201.75
563.11,520.88,-81.25,201.75
563.17,520.88,-81.25,201.75
563.24,520.88,-81.25,201.75
563.31,520.88,-81.25,201.75
563.38,520.88,-81.25,201.75
563.44,520.88,-81.25,201.75
563.51,520.88,-81.25,201.75
563.58,520.88,-81.25,201.75
563.64,520.88,-81.25,201.75
563.71,520.88,-81.25,201.75
563.78,520.88,-81.25,201.75
563.84,520.88,-81.25,201.75
563.91,520.88,-81.25,201.75
563.98,520.88,-81.25,201.75
564.04,520.88,-81.25,201.75
564.11,520.88,-81.25,201.75
564.18,520.88,-81.25,201.75
564.25,520.88,-81.25,201.75
564.31,520.88,-81.25,201.75
564.38,520.88,-81.25,201.75
564.45,520.88,-81.25,201.75
564.51,520.88,-81.25,201.75
564.58,520.88,-81.25,201.75
564.65,520.88,-81.25,201.75
564.71,520.88,-81.25,201.75
564.78,520.88,-81.25,201.75
564.85,520.88,-81.25,201.75
564.92,520.88,-81.25,201.75
564.98,520.88,-81.25,201.75
565.05,520.88,-81.25,201.75
565.12,520.88,-81.25,201.75
565.18,520.88,-81.25,201.75
565.25,520.88,-81.25,201.75
565.32,520.88,-81.25,201.75
565.38,520.88,-81.25,201.75
565.46,520.88,-81.25,201.75
565.52,520.88,-81.25,201.75
565.59,520.88,-81.25,201.75
565.66,520.88,-81.25,201.75
565.72,520.88,-81.25,201.75
565.79,520.88,-81.25,201.75
565.85,520.88,-81.25,201.75
565.92,520.88,-81.25,201.75
565.99,520.88,-81.25,201.75
566.05,520.88,-81.25,201.75
566.12,520.88,-81.25,201.75
566.19,520.88,-81.25,201.75
566.25,520.88,-81.25,201.75
566.32,520.88,-81.25,201.75
566.38,520.88,-81.25,201.75
566.45,520.88,-81.25,201.75
566.52,520.88,-81.25,201.75
566.58,520.88,-81.25,201.75
566.65,520.88,-81.25,201.75
566.72,520.88,-81.25,201.75
566.78,520.88,-81.25,201.75
566.85,520.88,-81.25,201.75
566.91,520.88,-81.25,201.75
566.98,520.88,-81.25,201.75
567.05,520.88,-81.25,201.75
567.11,520.88,-81.25,201.75
567.18,520.88,-81.25,201.75
567.25,520.88,-81.25,201.75
567.31,520.88,-81.25,201.75
567.38,520.88,-81.25,201.75
567.45,520.88,-81.25,201.75
567.51,520.88,-81.25,201.75
567.58,520.88,-81.25,201.75
567.64,520.88,-81.25,201.75
567.71,520.88,-81.25,201.75
567.78,520.88,-81.25,201.75
567.84,520.88,-81.25,201.75
567.91,520.88,-81.25,201.75
567.98,520.88,-81.25,201.75
568.04,520.88,-81.25,201.75
568.11,520.88,-81.25,201.75
568.18,520.88,-81.25,201.75
568.24,520.88,-81.25,201.75
568.31,520.88,-81.25,201.75
568.38,520.88,-81.25,201.75
568.44,520.88,-81.25,201.75
568.51,520.88,-81.25,201.75
568.58,520.88,-81.25,201.75
568.64,520.88,-81.25,201.75
568.71,520.88,-81.25,201.75
568.78,520.88,-81.25,201.75
568.84,520.88,-81.25,201.75
568.91,520.88,-81.25,201.75
568.98,520.88,-81.25,201.75
569.04,520.88,-81.25,201.75
569.11,520.88,-81.25,201.75
569.18,520.88,-81.25,201.75
569.24,520.88,-81.25,201.75
569.31,520.88,-81.25,201.75
569.38,520.88,-81.25,201.75
569.44,520.88,-81.25,201.75
569.51,520.88,-81.25,201.75
569.58,520.88,-81.25,201.75
569.65,520.88,-81.25,201.75
569.71,520.88,-81.25,201.75
569.78,520.88,-81.25,201.75
569.85,520.88,-81.25,201.75
569.91,520.88,-81.25,201.75
569.98,520.88,-81.25,201.75
570.05,520.88,-81.25,201.75
570.11,520.88,-81.25,201.75
570.18,520.88,-81.25,201.75
570.25,520.88,-81.25,201.75
570.31,520.88,-81.25,201.75
570.38,520.88,-81.25,201.75
570.45,520.88,-81.25,201.75
570.51,520.88,-81.25,201.75
570.58,520.88,-81.25,201.75
570.65,520.88,-81.25,201.75
570.71,520.88,-81.25,201.75
570.78,520.88,-81.25,201.75
570.85,520.88,-81.25,201.75
570.92,520.88,-81.25,201.75
570.98,520.88,-81.25,201.75
571.05,520.88,-81.25,201.75
571.12,520.88,-81.25,201.75
571.18,520.88,-81.25,201.75
571.25,520.88,-81.25,201.75
571.32,520.88,-81.25,201.75
571.39,520.88,-81.25,201.75
571.45,520.88,-81.25,201.75
571.52,520.88,-81.25,201.75
571.59,520.88,-81.25,201.75
571.65,520.88,-81.25,201.75
571.72,520.88,-81.25,201.75
571.79,520.88,-81.25,201.75
571.86,520.88,-81.25,201.75
571.92,520.88,-81.25,201.75
572.0,520.88,-81.25,201.75
572.07,520.88,-81.25,201.75
572.13,520.88,-81.25,201.75
572.2,520.88,-81.25,201.75
572.26,520.88,-81.25,201.75
572.33,520.88,-81.25,201.75
572.4,520.88,-81.25,201.75
572.46,520.88,-81.25,201.75
572.53,520.88,-81.25,201.75
572.59,520.88,-81.25,201.75
572.66,520.88,-81.25,201.75
572.73,520.88,-81.25,201.75
572.79,520.88,-81.25,201.75
572.86,520.88,-81.25,201.75
572.93,520.88,-81.25,201.75
572.99,520.88,-81.25,201.75
573.06,520.88,-81.25,201.75
573.13,520.88,-81.25,201.75
573.19,520.88,-81.25,201.75
573.26,520.88,-81.25,201.75
573.32,520.88,-81.25,201.75
573.39,520.88,-81.25,201.75
573.46,520.88,-81.25,201.75
573.52,520.88,-81.25,201.75
573.59,520.88,-81.25,201.75
573.66,520.88,-81.25,201.75
573.72,520.88,-81.25,201.75
573.79,520.88,-81.25,201.75
573.85,520.88,-81.25,201.75
573.92,520.88,-81.25,201.75
573.99,520.88,-81.25,201.75
574.06,520.88,-81.25,201.75
574.12,520.88,-81.25,201.75
574.19,520.88,-81.25,201.75
574.26,520.88,-81.25,201.75
574.32,520.88,-81.25,201.75
574.39,520.88,-81.25,201.75
574.46,520.88,-81.25,201.75
574.52,520.88,-81.25,201.75
574.59,520.88,-81.25,201.75
574.66,520.88,-81.25,201.75
574.72,520.88,-81.25,201.75
574.79,520.88,-81.25,201.75
574.86,520.88,-81.25,201.75
574.92,520.88,-81.25,201.75
574.99,520.88,-81.25,201.75
575.06,520.88,-81.25,201.75
575.12,520.88,-81.25,201.75
575.19,520.88,-81.25,201.75
575.26,520.88,-81.25,201.75
575.32,520.88,-81.25,201.75
575.39,520.88,-81.25,201.75
575.46,520.88,-81.25,201.75
575.52,520.88,-81.25,201.75
575.59,520.88,-81.25,201.75
575.66,520.88,-81.25,201.75
575.72,520.88,-81.25,201.75
575.79,520.88,-81.25,201.75
575.86,520.88,-81.25,201.75
575.92,520.88,-81.25,201.75
575.99,520.88,-81.25,201.75
576.06,520.88,-81.25,201.75
576.12,520.88,-81.25,201.75
576.19,520.88,-81.25,201.75
576.26,520.88,-81.25,201.75
576.32,520.88,-81.25,201.75
576.39,520.88,-81.25,201.75
576.46,520.88,-81.25,201.75
576.52,520.88,-81.25,201.75
576.59,520.88,-81.25,201.75
576.66,520.88,-81.25,201.75
576.72,520.88,-81.25,201.75
576.79,520.88,-81.25,201.75
576.86,520.88,-81.25,201.75
576.92,520.88,-81.25,201.75
576.99,520.88,-81.25,201.75
577.06,520.88,-81.25,201.75
577.12,520.88,-81.25,201.75
577.19,520.88,-81.25,201.75
577.26,520.88,-81.25,201.75
577.33,520.88,-81.25,201.75
577.39,520.88,-81.25,201.75
577.46,520.88,-81.25,201.75
577.53,520.88,-81.25,201.75
577.6,520.88,-81.25,201.75
577.66,520.88,-81.25,201.75
577.73,520.88,-81.25,201.75
577.8,520.88,-81.25,201.75
577.86,520.88,-81.25,201.75
577.93,520.88,-81.25,201.75
578.0,520.88,-81.25,201.75
578.06,520.88,-81.25,201.75
578.13,520.88,-81.25,201.75
578.19,520.88,-81.25,201.75
578.26,520.88,-81.25,201.75
578.33,520.88,-81.25,201.75
578.39,520.88,-81.25,201.75
578.46,520.88,-81.25,201.75
578.53,520.88,-81.25,201.75
578.59,520.88,-81.25,201.75
578.66,520.88,-81.25,201.75
578.73,520.88,-81.25,201.75
578.8,520.88,-81.25,201.75
578.86,520.88,-81.25,201.75
578.93,520.88,-81.25,201.75
578.99,520.88,-81.25,201.75
579.06,520.88,-81.25,201.75
579.13,520.88,-81.25,201.75
579.19,520.88,-81.25,201.75
579.26,520.88,-81.25,201.75
579.32,520.88,-81.25,201.75
579.39,520.88,-81.25,201.75
579.46,520.88,-81.25,201.75
579.52,520.88,-81.25,201.75
579.59,520.88,-81.25,201.75
579.65,520.88,-81.25,201.75
579.72,520.88,-81.25,201.75
579.79,520.88,-81.25,201.75
579.85,520.88,-81.25,201.75
579.92,520.88,-81.25,201.75
579.98,520.88,-81.25,201.75
580.05,520.88,-81.25,201.75
580.11,520.88,-81.25,201.75
580.18,520.88,-81.25,201.75
580.24,520.88,-81.25,201.75
580.31,520.88,-81.25,201.75
580.38,520.88,-81.25,201.75
580.44,520.88,-81.25,201.75
580.51,520.88,-81.25,201.75
580.57,520.88,-81.25,201.75
580.64,520.88,-81.25,201.75
580.71,520.88,-81.25,201.75
580.77,520.88,-81.25,201.75
580.84,520.88,-81.25,201.75
580.9,520.88,-81.25,201.75
580.97,520.88,-81.25,201.75
581.03,520.88,-81.25,201.75
581.1,520.88,-81.25,201.75
581.17,520.88,-81.25,201.75
581.23,520.88,-81.25,201.75
581.3,520.88,-81.25,201.75
581.36,520.88,-81.25,201.75
581.43,520.88,-81.25,201.75
581.5,520.88,-81.25,201.75
581.56,520.88,-81.25,201.75
581.63,520.88,-81.25,201.75
581.7,520.88,-81.25,201.75
581.76,520.88,-81.25,201.75
581.83,520.88,-81.25,201.75
581.89,520.88,-81.25,201.75
581.96,520.88,-81.25,201.75
582.03,520.88,-81.25,201.75
582.09,520.88,-81.25,201.75
582.16,520.88,-81.25,201.75
582.22,520.88,-81.25,201.75
582.29,520.88,-81.25,201.75
582.35,520.88,-81.25,201.75
582.42,520.88,-81.25,201.75
582.49,520.88,-81.25,201.75
582.56,520.88,-81.25,201.75
582.62,520.88,-81.25,201.75
582.69,520.88,-81.25,201.75
582.76,520.88,-81.25,201.75
582.82,520.88,-81.25,201.75
582.89,520.88,-81.25,201.75
582.96,520.88,-81.25,201.75
583.02,520.88,-81.25,201.75
583.09,520.88,-81.25,201.75
583.16,520.88,-81.25,201.75
583.22,520.88,-81.25,201.75
583.29,520.88,-81.25,201.75
583.36,520.88,-81.25,201.75
583.42,520.88,-81.25,201.75
583.49,520.88,-81.25,201.75
583.56,520.88,-81.25,201.75
583.62,520.88,-81.25,201.75
583.69,520.88,-81.25,201.75
583.76,520.88,-81.25,201.75
583.83,520.88,-81.25,201.75
583.89,520.88,-81.25,201.75
583.96,520.88,-81.25,201.75
584.03,520.88,-81.25,201.75
584.09,520.88,-81.25,201.75
584.16,520.88,-81.25,201.75
584.23,520.88,-81.25,201.75
584.29,520.88,-81.25,201.75
584.36,520.88,-81.25,201.75
584.43,520.88,-81.25,201.75
584.49,520.88,-81.25,201.75
584.56,520.88,-81.25,201.75
584.63,520.88,-81.25,201.75
584.69,520.88,-81.25,201.75
584.76,520.88,-81.25,201.75
584.83,520.88,-81.25,201.75
584.9,520.88,-81.25,201.75
584.96,520.88,-81.25,201.75
585.03,520.88,-81.25,201.75
585.1,520.88,-81.25,201.75
585.16,520.88,-81.25,201.75
585.23,520.88,-81.25,201.75
585.3,520.88,-81.25,201.75
585.37,520.88,-81.25,201.75
585.44,520.88,-81.25,201.75
585.51,520.88,-81.25,201.75
585.57,520.88,-81.25,201.75
585.64,520.88,-81.25,201.75
585.7,520.88,-81.25,201.75
585.77,520.88,-81.25,201.75
585.84,520.88,-81.25,201.75
585.9,520.88,-81.25,201.75
585.97,520.88,-81.25,201.75
586.04,520.88,-81.25,201.75
586.1,520.88,-81.25,201.75
586.17,520.88,-81.25,201.75
586.24,520.88,-81.25,201.75
586.3,520.88,-81.25,201.75
586.37,520.88,-81.25,201.75
586.44,520.88,-81.25,201.75
586.5,520.88,-81.25,201.75
586.57,520.88,-81.25,201.75
586.63,520.88,-81.25,201.75
586.7,520.88,-81.25,201.75
586.77,520.88,-81.25,201.75
586.83,520.88,-81.25,201.75
586.9,520.88,-81.25,201.75
586.97,520.88,-81.25,201.75
587.03,520.88,-81.25,201.75
587.1,520.88,-81.25,201.75
587.17,520.88,-81.25,201.75
587.23,520.88,-81.25,201.75
587.3,520.88,-81.25,201.75
587.37,520.88,-81.25,201.75
587.43,520.88,-81.25,201.75
587.5,520.88,-81.25,201.75
587.57,520.88,-81.25,201.75
587.63,520.88,-81.25,201.75
587.7,520.88,-81.25,201.75
587.77,520.88,-81.25,201.75
587.83,520.88,-81.25,201.75
587.9,520.88,-81.25,201.75
587.97,520.88,-81.25,201.75
588.03,520.88,-81.25,201.75
588.1,520.88,-81.25,201.75
588.16,520.88,-81.25,201.75
588.23,520.88,-81.25,201.75
588.3,520.88,-81.25,201.75
588.37,520.88,-81.25,201.75
588.43,520.88,-81.25,201.75
588.5,520.88,-81.25,201.75
588.57,520.88,-81.25,201.75
588.63,520.88,-81.25,201.75
588.7,520.88,-81.25,201.75
588.76,520.88,-81.25,201.75
588.83,520.88,-81.25,201.75
588.9,520.88,-81.25,201.75
588.96,520.88,-81.25,201.75
589.03,520.88,-81.25,201.75
589.1,520.88,-81.25,201.75
589.16,520.88,-81.25,201.75
589.23,520.88,-81.25,201.75
589.3,520.88,-81.25,201.75
589.36,520.88,-81.25,201.75
589.43,520.88,-81.25,201.75
589.5,520.88,-81.25,201.75
589.57,520.88,-81.25,201.75
589.63,520.88,-81.25,201.75
589.7,520.88,-81.25,201.75
589.77,520.88,-81.25,201.75
589.83,520.88,-81.25,201.75
589.9,520.88,-81.25,201.75
589.97,520.88,-81.25,201.75
590.03,520.88,-81.25,201.75
590.1,520.88,-81.25,201.75
590.17,520.88,-81.25,201.75
590.23,520.88,-81.25,201.75
590.3,520.88,-81.25,201.75
590.37,520.88,-81.25,201.75
590.43,520.88,-81.25,201.75
590.5,520.88,-81.25,201.75
590.57,520.88,-81.25,201.75
590.63,520.88,-81.25,201.75
590.7,520.88,-81.25,201.75
590.77,520.88,-81.25,201.75
590.84,520.88,-81.25,201.75
590.9,520.88,-81.25,201.75
590.97,520.88,-81.25,201.75
591.04,520.88,-81.25,201.75
591.1,520.88,-81.25,201.75
591.17,520.88,-81.25,201.75
591.24,520.88,-81.25,201.75
591.31,520.88,-81.25,201.75
591.37,520.88,-81.25,201.75
591.44,520.88,-81.25,201.75
591.51,520.88,-81.25,201.75
591.57,520.88,-81.25,201.75
591.64,520.88,-81.25,201.75
591.71,520.88,-81.25,201.75
591.77,520.88,-81.25,201.75
591.84,520.88,-81.25,201.75
591.91,520.88,-81.25,201.75
591.98,520.88,-81.25,201.75
592.05,520.88,-81.25,201.75
592.12,520.88,-81.25,201.75
592.18,520.88,-81.25,201.75
592.25,520.88,-81.25,201.75
592.32,520.88,-81.25,201.75
592.38,520.88,-81.25,201.75
592.45,520.88,-81.25,201.75
592.52,520.88,-81.25,201.75
592.58,520.88,-81.25,201.75
592.65,520.88,-81.25,201.75
592.71,520.88,-81.25,201.75
592.78,520.88,-81.25,201.75
592.85,520.88,-81.25,201.75
592.91,520.88,-81.25,201.75
592.98,520.88,-81.25,201.75
593.05,520.88,-81.25,201.75
593.11,520.88,-81.25,201.75
593.18,520.88,-81.25,201.75
593.25,520.88,-81.25,201.75
593.31,520.88,-81.25,201.75
593.38,520.88,-81.25,201.75
593.44,520.88,-81.25,201.75
593.51,520.88,-81.25,201.75
593.58,520.88,-81.25,201.75
593.64,520.88,-81.25,201.75
593.71,520.88,-81.25,201.75
593.78,520.88,-81.25,201.75
593.84,520.88,-81.25,201.75
593.91,520.88,-81.25,201.75
593.98,520.88,-81.25,201.75
594.04,520.88,-81.25,201.75
594.11,520.88,-81.25,201.75
594.18,520.88,-81.25,201.75
594.24,520.88,-81.25,201.75
594.31,520.88,-81.25,201.75
594.38,520.88,-81.25,201.75
594.44,520.88,-81.25,201.75
594.51,520.88,-81.25,201.75
594.58,520.88,-81.25,201.75
594.64,520.88,-81.25,201.75
594.71,520.88,-81.25,201.75
594.77,520.88,-81.25,201.75
594.84,520.88,-81.25,201.75
594.91,520.88,-81.25,201.75
594.97,520.88,-81.25,201.75
595.04,520.88,-81.25,201.75
595.11,520.88,-81.25,201.75
595.17,520.88,-81.25,201.75
595.24,520.88,-81.25,201.75
595.31,520.88,-81.25,201.75
595.37,520.88,-81.25,201.75
595.44,520.88,-81.25,201.75
595.51,520.88,-81.25,201.75
595.57,520.88,-81.25,201.75
595.64,520.88,-81.25,201.75
595.71,520.88,-81.25,201.75
595.77,520.88,-81.25,201.75
595.84,520.88,-81.25,201.75
595.91,520.88,-81.25,201.75
595.97,520.88,-81.25,201.75
596.04,520.88,-81.25,201.75
596.11,520.88,-81.25,201.75
596.17,520.88,-81.25,201.75
596.24,520.88,-81.25,201.75
596.31,520.88,-81.25,201.75
596.37,520.88,-81.25,201.75
596.44,520.88,-81.25,201.75
596.51,520.88,-81.25,201.75
596.57,520.88,-81.25,201.75
596.64,520.88,-81.25,201.75
596.71,520.88,-81.25,201.75
596.77,520.88,-81.25,201.75
596.84,520.88,-81.25,201.75
596.91,520.88,-81.25,201.75
596.97,520.88,-81.25,201.75
597.04,520.88,-81.25,201.75
597.11,520.88,-81.25,201.75
597.17,520.88,-81.25,201.75
597.24,520.88,-81.25,201.75
597.31,520.88,-81.25,201.75
597.37,520.88,-81.25,201.75
597.44,520.88,-81.25,201.75
597.51,520.88,-81.25,201.75
597.57,520.88,-81.25,201.75
597.64,520.88,-81.25,201.75
597.71,520.88,-81.25,201.75
597.78,520.88,-81.25,201.75
597.84,520.88,-81.25,201.75
597.91,520.88,-81.25,201.75
597.98,520.88,-81.25,201.75
598.04,520.88,-81.25,201.75
598.11,520.88,-81.25,201.75
598.18,520.88,-81.25,201.75
598.24,520.88,-81.25,201.75
598.31,520.88,-81.25,201.75
598.38,520.88,-81.25,201.75
598.46,520.88,-81.25,201.75
598.52,520.88,-81.25,201.75
598.59,520.88,-81.25,201.75
598.65,520.88,-81.25,201.75
598.72,520.88,-81.25,201.75
598.79,520.88,-81.25,201.75
598.85,520.88,-81.25,201.75
598.92,520.88,-81.25,201.75
598.99,520.88,-81.25,201.75
599.05,520.88,-81.25,201.75
599.12,520.88,-81.25,201.75
599.19,520.88,-81.25,201.75
599.25,520.88,-81.25,201.75
599.32,520.88,-81.25,201.75
599.38,520.88,-81.25,201.75
599.45,520.88,-81.25,201.75
599.52,520.88,-81.25,201.75
599.58,520.88,-81.25,201.75
599.65,520.88,-81.25,201.75
599.71,520.88,-81.25,201.75
599.78,520.88,-81.25,201.75
599.85,520.88,-81.25,201.75
599.92,520.88,-81.25,201.75
599.99,520.88,-81.25,201.75
600.06,520.88,-81.25,201.75
600.12,520.88,-81.25,201.75
600.19,520.88,-81.25,201.75
600.25,520.88,-81.25,201.75
600.32,520.88,-81.25,201.75
600.39,520.88,-81.25,201.75
600.45,520.88,-81.25,201.75
600.52,520.88,-81.25,201.75
600.58,520.88,-81.25,201.75
600.65,520.88,-81.25,201.75
600.72,520.88,-81.25,201.75
600.78,520.88,-81.25,201.75
600.85,520.88,-81.25,201.75
600.92,520.88,-81.25,201.75
600.98,520.88,-81.25,201.75
601.05,520.88,-81.25,201.75
601.12,520.88,-81.25,201.75
601.18,520.88,-81.25,201.75
601.25,520.88,-81.25,201.75
601.32,520.88,-81.25,201.75
601.38,520.88,-81.25,201.75
601.45,520.88,-81.25,201.75
601.51,520.88,-81.25,201.75
601.58,520.88,-81.25,201.75
601.65,520.88,-81.25,201.75
601.71,520.88,-81.25,201.75
601.78,520.88,-81.25,201.75
601.85,520.88,-81.25,201.75
601.91,520.88,-81.25,201.75
601.98,520.88,-81.25,201.75
602.05,520.88,-81.25,201.75
602.11,520.88,-81.25,201.75
602.18,520.88,-81.25,201.75
602.25,520.88,-81.25,201.75
602.31,520.88,-81.25,201.75
602.38,520.88,-81.25,201.75
602.45,520.88,-81.25,201.75
602.51,520.88,-81.25,201.75
602.58,520.88,-81.25,201.75
602.65,520.88,-81.25,201.75
602.71,520.88,-81.25,201.75
602.78,520.88,-81.25,201.75
602.85,520.88,-81.25,201.75
602.91,520.88,-81.25,201.75
602.98,520.88,-81.25,201.75
603.05,520.88,-81.25,201.75
603.11,520.88,-81.25,201.75
603.18,520.88,-81.25,201.75
603.25,520.88,-81.25,201.75
603.31,520.88,-81.25,201.75
603.38,520.88,-81.25,201.75
603.45,520.88,-81.25,201.75
603.51,520.88,-81.25,201.75
603.58,520.88,-81.25,201.75
603.65,520.88,-81.25,201.75
603.71,520.88,-81.25,201.75
603.78,520.88,-81.25,201.75
603.85,520.88,-81.25,201.75
603.91,520.88,-81.25,201.75
603.98,520.88,-81.25,201.75
604.05,520.88,-81.25,201.75
604.11,520.88,-81.25,201.75
604.18,520.88,-81.25,201.75
604.25,520.88,-81.25,201.75
604.31,520.88,-81.25,201.75
604.38,520.88,-81.25,201.75
604.45,520.88,-81.25,201.75
604.51,520.88,-81.25,201.75
604.58,520.88,-81.25,201.75
604.65,520.88,-81.25,201.75
604.72,520.88,-81.25,201.75
604.78,520.88,-81.25,201.75
604.85,520.88,-81.25,201.75
604.92,520.88,-81.25,201.75
604.98,520.88,-81.25,201.75
605.05,520.88,-81.25,201.75
605.12,520.88,-81.25,201.75
605.18,520.88,-81.25,201.75
605.25,520.88,-81.25,201.75
605.32,520.88,-81.25,201.75
605.38,520.88,-81.25,201.75
605.45,520.88,-81.25,201.75
605.52,520.88,-81.25,201.75
605.58,520.88,-81.25,201.75
605.65,520.88,-81.25,201.75
605.72,520.88,-81.25,201.75
605.79,520.88,-81.25,201.75
605.85,520.88,-81.25,201.75
605.92,520.88,-81.25,201.75
605.99,520.88,-81.25,201.75
606.05,520.88,-81.25,201.75
606.12,520.88,-81.25,201.75
606.19,520.88,-81.25,201.75
606.26,520.88,-81.25,201.75
606.32,520.88,-81.25,201.75
606.39,520.88,-81.25,201.75
606.46,520.88,-81.25,201.75
606.53,520.88,-81.25,201.75
606.6,520.88,-81.25,201.75
606.66,520.88,-81.25,201.75
606.73,520.88,-81.25,201.75
606.8,520.88,-81.25,201.75
606.86,520.88,-81.25,201.75
606.93,520.88,-81.25,201.75
607.0,520.88,-81.25,201.75
607.06,520.88,-81.25,201.75
607.13,520.88,-81.25,201.75
607.19,520.88,-81.25,201.75
607.26,520.88,-81.25,201.75
607.33,520.88,-81.25,201.75
607.39,520.88,-81.25,201.75
607.46,520.88,-81.25,201.75
607.53,520.88,-81.25,201.75
607.59,520.88,-81.25,201.75
607.66,520.88,-81.25,201.75
607.73,520.88,-81.25,201.75
607.79,520.88,-81.25,201.75
607.86,520.88,-81.25,201.75
607.93,520.88,-81.25,201.75
607.99,520.88,-81.25,201.75
608.06,520.88,-81.25,201.75
608.13,520.88,-81.25,201.75
608.19,520.88,-81.25,201.75
608.26,520.88,-81.25,201.75
608.32,520.88,-81.25,201.75
608.39,520.88,-81.25,201.75
608.46,520.88,-81.25,201.75
608.52,520.88,-81.25,201.75
608.59,520.88,-81.25,201.75
608.66,520.88,-81.25,201.75
608.72,520.88,-81.25,201.75
608.79,520.88,-81.25,201.75
608.86,520.88,-81.25,201.75
608.92,520.88,-81.25,201.75
608.99,520.88,-81.25,201.75
609.06,520.88,-81.25,201.75
609.12,520.88,-81.25,201.75
609.19,520.88,-81.25,201.75
609.25,520.88,-81.25,201.75
609.32,520.88,-81.25,201.75
609.39,520.88,-81.25,201.75
609.45,520.88,-81.25,201.75
609.52,520.88,-81.25,201.75
609.59,520.88,-81.25,201.75
609.66,520.88,-81.25,201.75
609.72,520.88,-81.25,201.75
609.79,520.88,-81.25,201.75
609.86,520.88,-81.25,201.75
609.92,520.88,-81.25,201.75
609.99,520.88,-81.25,201.75
610.06,520.88,-81.25,201.75
610.12,520.88,-81.25,201.75
610.19,520.88,-81.25,201.75
610.26,520.88,-81.25,201.75
610.32,520.88,-81.25,201.75
610.39,520.88,-81.25,201.75
610.46,520.88,-81.25,201.75
610.52,520.88,-81.25,201.75
610.59,520.88,-81.25,201.75
610.66,520.88,-81.25,201.75
610.72,520.88,-81.25,201.75
610.79,520.88,-81.25,201.75
610.86,520.88,-81.25,201.75
610.92,520.88,-81.25,201.75
610.99,520.88,-81.25,201.75
611.06,520.88,-81.25,201.75
611.12,520.88,-81.25,201.75
611.19,520.88,-81.25,201.75
611.26,520.88,-81.25,201.75
611.32,520.88,-81.25,201.75
611.39,520.88,-81.25,201.75
611.46,520.88,-81.25,201.75
611.53,520.88,-81.25,201.75
611.59,520.88,-81.25,201.75
611.66,520.88,-81.25,201.75
611.73,520.88,-81.25,201.75
611.79,520.88,-81.25,201.75
611.86,520.88,-81.25,201.75
611.93,520.88,-81.25,201.75
611.99,520.88,-81.25,201.75
612.06,520.88,-81.25,201.75
612.13,520.88,-81.25,201.75
612.19,520.88,-81.25,201.75
612.26,520.88,-81.25,201.75
612.33,520.88,-81.25,201.75
612.4,520.88,-81.25,201.75
612.46,520.88,-81.25,201.75
612.53,520.88,-81.25,201.75
612.6,520.88,-81.25,201.75
612.66,520.88,-81.25,201.75
612.73,520.88,-81.25,201.75
612.8,520.88,-81.25,201.75
612.87,520.88,-81.25,201.75
612.93,520.88,-81.25,201.75
613.0,520.88,-81.25,201.75
613.07,520.88,-81.25,201.75
613.13,520.88,-81.25,201.75
613.2,520.88,-81.25,201.75
613.27,520.88,-81.25,201.75
613.34,520.88,-81.25,201.75
613.41,520.88,-81.25,201.75
613.47,520.88,-81.25,201.75
613.54,520.88,-81.25,201.75
613.61,520.88,-81.25,201.75
613.67,520.88,-81.25,201.75
613.74,520.88,-81.25,201.75
613.81,520.88,-81.25,201.75
613.87,520.88,-81.25,201.75
613.94,520.88,-81.25,201.75
614.01,520.88,-81.25,201.75
614.07,520.88,-81.25,201.75
614.14,520.88,-81.25,201.75
614.21,520.88,-81.25,201.75
614.27,520.88,-81.25,201.75
614.34,520.88,-81.25,201.75
614.41,520.88,-81.25,201.75
614.47,520.88,-81.25,201.75
614.54,520.88,-81.25,201.75
614.6,520.88,-81.25,201.75
614.67,520.88,-81.25,201.75
614.74,520.88,-81.25,201.75
614.8,520.88,-81.25,201.75
614.87,520.88,-81.25,201.75
614.94,520.88,-81.25,201.75
615.0,520.88,-81.25,201.75
615.07,520.88,-81.25,201.75
615.14,520.88,-81.25,201.75
615.2,520.88,-81.25,201.75
615.27,520.88,-81.25,201.75
615.34,520.88,-81.25,201.75
615.4,520.88,-81.25,201.75
615.47,520.88,-81.25,201.75
615.54,520.88,-81.25,201.75
615.6,520.88,-81.25,201.75
615.67,520.88,-81.25,201.75
615.73,520.88,-81.25,201.75
615.8,520.88,-81.25,201.75
615.87,520.88,-81.25,201.75
615.93,520.88,-81.25,201.75
616.0,520.88,-81.25,201.75
616.07,520.88,-81.25,201.75
616.13,520.88,-81.25,201.75
616.2,520.88,-81.25,201.75
616.27,520.88,-81.25,201.75
616.34,520.88,-81.25,201.75
616.4,520.88,-81.25,201.75
616.47,520.88,-81.25,201.75
616.53,520.88,-81.25,201.75
616.6,520.88,-81.25,201.75
616.67,520.88,-81.25,201.75
616.73,520.88,-81.25,201.75
616.8,520.88,-81.25,201.75
616.87,520.88,-81.25,201.75
616.93,520.88,-81.25,201.75
617.0,520.88,-81.25,201.75
617.07,520.88,-81.25,201.75
617.13,520.88,-81.25,201.75
617.2,520.88,-81.25,201.75
617.27,520.88,-81.25,201.75
617.34,520.88,-81.25,201.75
617.4,520.88,-81.25,201.75
617.47,520.88,-81.25,201.75
617.54,520.88,-81.25,201.75
617.6,520.88,-81.25,201.75
617.67,520.88,-81.25,201.75
617.74,520.88,-81.25,201.75
617.8,520.88,-81.25,201.75
617.87,520.88,-81.25,201.75
617.94,520.88,-81.25,201.75
618.0,520.88,-81.25,201.75
618.07,520.88,-81.25,201.75
618.14,520.88,-81.25,201.75
618.21,520.88,-81.25,201.75
618.27,520.88,-81.25,201.75
618.34,520.88,-81.25,201.75
618.41,520.88,-81.25,201.75
618.47,520.88,-81.25,201.75
618.54,520.88,-81.25,201.75
618.61,520.88,-81.25,201.75
618.68,520.88,-81.25,201.75
618.74,520.88,-81.25,201.75
618.81,520.88,-81.25,201.75
618.88,520.88,-81.25,201.75
618.94,520.88,-81.25,201.75
619.01,520.88,-81.25,201.75
619.08,520.88,-81.25,201.75
619.15,520.88,-81.25,201.75
619.21,520.88,-81.25,201.75
619.28,520.88,-81.25,201.75
619.35,520.88,-81.25,201.75
619.42,520.88,-81.25,201.75
619.48,520.88,-81.25,201.75
619.55,520.88,-81.25,201.75
619.62,520.88,-81.25,201.75
619.68,520.88,-81.25,201.75
619.75,520.88,-81.25,201.75
619.82,520.88,-81.25,201.75
619.88,520.88,-81.25,201.75
619.95,520.88,-81.25,201.75
620.02,520.88,-81.25,201.75
620.09,520.88,-81.25,201.75
620.16,520.88,-81.25,201.75
620.22,520.88,-81.25,201.75
620.29,520.88,-81.25,201.75
620.36,520.88,-81.25,201.75
620.42,520.88,-81.25,201.75
620.49,520.88,-81.25,201.75
620.56,520.88,-81.25,201.75
620.62,520.88,-81.25,201.75
620.69,520.88,-81.25,201.75
620.76,520.88,-81.25,201.75
620.82,520.88,-81.25,201.75
620.89,520.88,-81.25,201.75
620.95,520.88,-81.25,201.75
621.02,520.88,-81.25,201.75
621.09,520.88,-81.25,201.75
621.15,520.88,-81.25,201.75
621.22,520.88,-81.25,201.75
621.29,520.88,-81.25,201.75
621.35,520.88,-81.25,201.75
621.42,520.88,-81.25,201.75
621.49,520.88,-81.25,201.75
621.55,520.88,-81.25,201.75
621.62,520.88,-81.25,201.75
621.68,520.88,-81.25,201.75
621.75,520.88,-81.25,201.75
621.82,520.88,-81.25,201.75
621.88,520.88,-81.25,201.75
621.95,520.88,-81.25,201.75
622.02,520.88,-81.25,201.75
622.09,520.88,-81.25,201.75
622.15,520.88,-81.25,201.75
622.22,520.88,-81.25,201.75
622.29,520.88,-81.25,201.75
622.35,520.88,-81.25,201.75
622.42,520.88,-81.25,201.75
622.48,520.88,-81.25,201.75
622.55,520.88,-81.25,201.75
622.62,520.88,-81.25,201.75
622.68,520.88,-81.25,201.75
622.75,520.88,-81.25,201.75
622.82,520.88,-81.25,201.75
622.88,520.88,-81.25,201.75
622.95,520.88,-81.25,201.75
623.02,520.88,-81.25,201.75
623.08,520.88,-81.25,201.75
623.15,520.88,-81.25,201.75
623.22,520.88,-81.25,201.75
623.28,520.88,-81.25,201.75
623.35,520.88,-81.25,201.75
623.42,520.88,-81.25,201.75
623.48,520.88,-81.25,201.75
623.55,520.88,-81.25,201.75
623.62,520.88,-81.25,201.75
623.68,520.88,-81.25,201.75
623.75,520.88,-81.25,201.75
623.82,520.88,-81.25,201.75
623.89,520.88,-81.25,201.75
623.95,520.88,-81.25,201.75
624.02,520.88,-81.25,201.75
624.09,520.88,-81.25,201.75
624.15,520.88,-81.25,201.75
624.22,520.88,-81.25,201.75
624.29,520.88,-81.25,201.75
624.35,520.88,-81.25,201.75
624.42,520.88,-81.25,201.75
624.49,520.88,-81.25,201.75
624.56,520.88,-81.25,201.75
624.62,520.88,-81.25,201.75
624.69,520.88,-81.25,201.75
624.76,520.88,-81.25,201.75
624.82,520.88,-81.25,201.75
624.89,520.88,-81.25,201.75
624.96,520.88,-81.25,201.75
625.02,520.88,-81.25,201.75
625.09,520.88,-81.25,201.75
625.16,520.88,-81.25,201.75
625.23,520.88,-81.25,201.75
625.29,520.88,-81.25,201.75
625.36,520.88,-81.25,201.75
625.43,520.88,-81.25,201.75
625.49,520.88,-81.25,201.75
625.56,520.88,-81.25,201.75
625.63,520.88,-81.25,201.75
625.7,520.88,-81.25,201.75
625.76,520.88,-81.25,201.75
625.83,520.88,-81.25,201.75
625.9,520.88,-81.25,201.75
625.96,520.88,-81.25,201.75
626.03,520.88,-81.25,201.75
626.1,520.88,-81.25,201.75
626.17,520.88,-81.25,201.75
626.23,520.88,-81.25,201.75
626.3,520.88,-81.25,201.75
626.37,520.88,-81.25,201.75
626.43,520.88,-81.25,201.75
626.5,520.88,-81.25,201.75
626.57,520.88,-81.25,201.75
626.64,520.88,-81.25,201.75
626.71,520.88,-81.25,201.75
626.77,520.88,-81.25,201.75
626.84,520.88,-81.25,201.75
626.91,520.88,-81.25,201.75
626.97,520.88,-81.25,201.75
627.04,520.88,-81.25,201.75
627.11,520.88,-81.25,201.75
627.17,520.88,-81.25,201.75
627.24,520.88,-81.25,201.75
627.31,520.88,-81.25,201.75
627.37,520.88,-81.25,201.75
627.44,520.88,-81.25,201.75
627.51,520.88,-81.25,201.75
627.57,520.88,-81.25,201.75
627.64,520.88,-81.25,201.75
627.7,520.88,-81.25,201.75
627.77,520.88,-81.25,201.75
627.84,520.88,-81.25,201.75
627.9,520.88,-81.25,201.75
627.97,520.88,-81.25,201.75
628.04,520.88,-81.25,201.75
628.1,520.88,-81.25,201.75
628.17,520.88,-81.25,201.75
628.24,520.88,-81.25,201.75
628.3,520.88,-81.25,201.75
628.37,520.88,-81.25,201.75
628.44,520.88,-81.25,201.75
628.5,520.88,-81.25,201.75
628.57,520.88,-81.25,201.75
628.63,520.88,-81.25,201.75
628.7,520.88,-81.25,201.75
628.77,520.88,-81.25,201.75
628.84,520.88,-81.25,201.75
628.9,520.88,-81.25,201.75
628.97,520.88,-81.25,201.75
629.04,520.88,-81.25,201.75
629.1,520.88,-81.25,201.75
629.17,520.88,-81.25,201.75
629.24,520.88,-81.25,201.75
629.3,520.88,-81.25,201.75
629.37,520.88,-81.25,201.75
629.44,520.88,-81.25,201.75
629.5,520.88,-81.25,201.75
629.57,520.88,-81.25,201.75
629.64,520.88,-81.25,201.75
629.7,520.88,-81.25,201.75
629.77,520.88,-81.25,201.75
629.84,520.88,-81.25,201.75
629.9,520.88,-81.25,201.75
629.97,520.88,-81.25,201.75
630.04,520.88,-81.25,201.75
630.1,520.88,-81.25,201.75
630.17,520.88,-81.25,201.75
630.24,520.88,-81.25,201.75
630.3,520.88,-81.25,201.75
630.37,520.88,-81.25,201.75
630.44,520.88,-81.25,201.75
630.5,520.88,-81.25,201.75
630.57,520.88,-81.25,201.75
630.64,520.88,-81.25,201.75
630.71,520.88,-81.25,201.75
630.77,520.88,-81.25,201.75
630.84,520.88,-81.25,201.75
630.91,520.88,-81.25,201.75
630.97,520.88,-81.25,201.75
631.04,520.88,-81.25,201.75
631.11,520.88,-81.25,201.75
631.17,520.88,-81.25,201.75
631.24,520.88,-81.25,201.75
631.31,520.88,-81.25,201.75
631.37,520.88,-81.25,201.75
631.44,520.88,-81.25,201.75
631.51,520.88,-81.25,201.75
631.58,520.88,-81.25,201.75
631.64,520.88,-81.25,201.75
631.71,520.88,-81.25,201.75
631.78,520.88,-81.25,201.75
631.84,520.88,-81.25,201.75
631.91,520.88,-81.25,201.75
631.98,520.88,-81.25,201.75
632.05,520.88,-81.25,201.75
632.11,520.88,-81.25,201.75
632.18,520.88,-81.25,201.75
632.25,520.88,-81.25,201.75
632.31,520.88,-81.25,201.75
632.38,520.88,-81.25,201.75
632.45,520.88,-81.25,201.75
632.51,520.88,-81.25,201.75
632.58,520.88,-81.25,201.75
632.65,520.88,-81.25,201.75
632.72,520.88,-81.25,201.75
632.78,520.88,-81.25,201.75
632.85,520.88,-81.25,201.75
632.92,520.88,-81.25,201.75
632.99,520.88,-81.25,201.75
633.05,520.88,-81.25,201.75
633.13,520.88,-81.25,201.75
633.19,520.88,-81.25,201.75
633.26,520.88,-81.25,201.75
633.33,520.88,-81.25,201.75
633.39,520.88,-81.25,201.75
633.46,520.88,-81.25,201.75
633.53,520.88,-81.25,201.75
633.59,520.88,-81.25,201.75
633.66,520.88,-81.25,201.75
633.73,520.88,-81.25,201.75
633.79,520.88,-81.25,201.75
633.86,520.88,-81.25,201.75
633.93,520.88,-81.25,201.75
633.99,520.88,-81.25,201.75
634.06,520.88,-81.25,201.75
634.13,520.88,-81.25,201.75
634.19,520.88,-81.25,201.75
634.26,520.88,-81.25,201.75
634.32,520.88,-81.25,201.75
634.39,520.88,-81.25,201.75
634.46,520.88,-81.25,201.75
634.52,520.88,-81.25,201.75
634.59,520.88,-81.25,201.75
634.66,520.88,-81.25,201.75
634.72,520.88,-81.25,201.75
634.79,520.88,-81.25,201.75
634.86,520.88,-81.25,201.75
634.92,520.88,-81.25,201.75
634.99,520.88,-81.25,201.75
635.05,520.88,-81.25,201.75
635.12,520.88,-81.25,201.75
635.19,520.88,-81.25,201.75
635.25,520.88,-81.25,201.75
635.32,520.88,-81.25,201.75
635.39,520.88,-81.25,201.75
635.45,520.88,-81.25,201.75
635.52,520.88,-81.25,201.75
635.59,520.88,-81.25,201.75
635.65,520.88,-81.25,201.75
635.72,520.88,-81.25,201.75
635.79,520.88,-81.25,201.75
635.85,520.88,-81.25,201.75
635.92,520.88,-81.25,201.75
635.99,520.88,-81.25,201.75
636.05,520.88,-81.25,201.75
636.12,520.88,-81.25,201.75
636.19,520.88,-81.25,201.75
636.25,520.88,-81.25,201.75
636.32,520.88,-81.25,201.75
636.39,520.88,-81.25,201.75
636.45,520.88,-81.25,201.75
636.52,520.88,-81.25,201.75
636.59,520.88,-81.25,201.75
636.65,520.88,-81.25,201.75
636.72,520.88,-81.25,201.75
636.79,520.88,-81.25,201.75
636.85,520.88,-81.25,201.75
636.92,520.88,-81.25,201.75
636.99,520.88,-81.25,201.75
637.05,520.88,-81.25,201.75
637.12,520.88,-81.25,201.75
637.19,520.88,-81.25,201.75
637.25,520.88,-81.25,201.75
637.32,520.88,-81.25,201.75
637.39,520.88,-81.25,201.75
637.46,520.88,-81.25,201.75
637.52,520.88,-81.25,201.75
637.59,520.88,-81.25,201.75
637.66,520.88,-81.25,201.75
637.72,520.88,-81.25,201.75
637.79,520.88,-81.25,201.75
637.86,520.88,-81.25,201.75
637.92,520.88,-81.25,201.75
637.99,520.88,-81.25,201.75
638.06,520.88,-81.25,201.75
638.12,520.88,-81.25,201.75
638.19,520.88,-81.25,201.75
638.26,520.88,-81.25,201.75
638.32,520.88,-81.25,201.75
638.39,520.88,-81.25,201.75
638.46,520.88,-81.25,201.75
638.53,520.88,-81.25,201.75
638.59,520.88,-81.25,201.75
638.66,520.88,-81.25,201.75
638.73,520.88,-81.25,201.75
638.79,520.88,-81.25,201.75
638.86,520.88,-81.25,201.75
638.93,520.88,-81.25,201.75
638.99,520.88,-81.25,201.75
639.06,520.88,-81.25,201.75
639.13,520.88,-81.25,201.75
639.2,520.88,-81.25,201.75
639.26,520.88,-81.25,201.75
639.33,520.88,-81.25,201.75
639.4,520.88,-81.25,201.75
639.47,520.88,-81.25,201.75
639.53,520.88,-81.25,201.75
639.6,520.88,-81.25,201.75
639.67,520.88,-81.25,201.75
639.74,520.88,-81.25,201.75
639.81,520.88,-81.25,201.75
639.87,520.88,-81.25,201.75
639.94,520.88,-81.25,201.75
640.01,520.88,-81.25,201.75
640.07,520.88,-81.25,201.75
640.14,520.88,-81.25,201.75
640.21,520.88,-81.25,201.75
640.27,520.88,-81.25,201.75
640.34,520.88,-81.25,201.75
640.41,520.88,-81.25,201.75
640.47,520.88,-81.25,201.75
640.54,520.88,-81.25,201.75
640.61,520.88,-81.25,201.75
640.67,520.88,-81.25,201.75
640.74,520.88,-81.25,201.75
640.8,520.88,-81.25,201.75
640.87,520.88,-81.25,201.75
640.94,520.88,-81.25,201.75
641.0,520.88,-81.25,201.75
641.07,520.88,-81.25,201.75
641.15,520.88,-81.25,201.75
641.21,520.88,-81.25,201.75
641.28,520.88,-81.25,201.75
641.35,520.88,-81.25,201.75
641.41,520.88,-81.25,201.75
641.48,520.88,-81.25,201.75
641.54,520.88,-81.25,201.75
641.61,520.88,-81.25,201.75
641.68,520.88,-81.25,201.75
641.74,520.88,-81.25,201.75
641.81,520.88,-81.25,201.75
641.88,520.88,-81.25,201.75
641.94,520.88,-81.25,201.75
642.01,520.88,-81.25,201.75
642.07,520.88,-81.25,201.75
642.14,520.88,-81.25,201.75
642.21,520.88,-81.25,201.75
642.27,520.88,-81.25,201.75
642.34,520.88,-81.25,201.75
642.41,520.88,-81.25,201.75
642.47,520.88,-81.25,201.75
642.54,520.88,-81.25,201.75
642.61,520.88,-81.25,201.75
642.67,520.88,-81.25,201.75
642.74,520.88,-81.25,201.75
642.8,520.88,-81.25,201.75
642.87,520.88,-81.25,201.75
642.94,520.88,-81.25,201.75
643.0,520.88,-81.25,201.75
643.07,520.88,-81.25,201.75
643.14,520.88,-81.25,201.75
643.2,520.88,-81.25,201.75
643.27,520.88,-81.25,201.75
643.34,520.88,-81.25,201.75
643.4,520.88,-81.25,201.75
643.47,520.88,-81.25,201.75
643.54,520.88,-81.25,201.75
643.6,520.88,-81.25,201.75
643.67,520.88,-81.25,201.75
643.74,520.88,-81.25,201.75
643.8,520.88,-81.25,201.75
643.87,520.88,-81.25,201.75
643.94,520.88,-81.25,201.75
644.0,520.88,-81.25,201.75
644.07,520.88,-81.25,201.75
644.14,520.88,-81.25,201.75
644.21,520.88,-81.25,201.75
644.27,520.88,-81.25,201.75
644.34,520.88,-81.25,201.75
644.41,520.88,-81.25,201.75
644.47,520.88,-81.25,201.75
644.54,520.88,-81.25,201.75
644.61,520.88,-81.25,201.75
644.67,520.88,-81.25,201.75
644.74,520.88,-81.25,201.75
644.81,520.88,-81.25,201.75
644.87,520.88,-81.25,201.75
644.94,520.88,-81.25,201.75
645.01,520.88,-81.25,201.75
645.08,520.88,-81.25,201.75
645.14,520.88,-81.25,201.75
645.21,520.88,-81.25,201.75
645.28,520.88,-81.25,201.75
645.34,520.88,-81.25,201.75
645.41,520.88,-81.25,201.75
645.48,520.88,-81.25,201.75
645.54,520.88,-81.25,201.75
645.61,520.88,-81.25,201.75
645.68,520.88,-81.25,201.75
645.74,520.88,-81.25,201.75
645.81,520.88,-81.25,201.75
645.88,520.88,-81.25,201.75
645.94,520.88,-81.25,201.75
646.01,520.88,-81.25,201.75
646.08,520.88,-81.25,201.75
646.15,520.88,-81.25,201.75
646.21,520.88,-81.25,201.75
646.28,520.88,-81.25,201.75
646.35,520.88,-81.25,201.75
646.41,520.88,-81.25,201.75
646.48,520.88,-81.25,201.75
646.55,520.88,-81.25,201.75
646.61,520.88,-81.25,201.75
646.68,520.88,-81.25,201.75
646.75,520.88,-81.25,201.75
646.82,520.88,-81.25,201.75
646.88,520.88,-81.25,201.75
646.95,520.88,-81.25,201.75
647.02,520.88,-81.25,201.75
647.09,520.88,-81.25,201.75
647.15,520.88,-81.25,201.75
647.22,520.88,-81.25,201.75
647.29,520.88,-81.25,201.75
647.35,520.88,-81.25,201.75
647.42,520.88,-81.25,201.75
647.49,520.88,-81.25,201.75
647.55,520.88,-81.25,201.75
647.62,520.88,-81.25,201.75
647.69,520.88,-81.25,201.75
647.76,520.88,-81.25,201.75
647.83,520.88,-81.25,201.75
647.89,520.88,-81.25,201.75
647.96,520.88,-81.25,201.75
648.03,520.88,-81.25,201.75
648.09,520.88,-81.25,201.75
648.16,520.88,-81.25,201.75
648.23,520.88,-81.25,201.75
648.29,520.88,-81.25,201.75
648.36,520.88,-81.25,201.75
648.42,520.88,-81.25,201.75
648.49,520.88,-81.25,201.75
648.56,520.88,-81.25,201.75
648.62,520.88,-81.25,201.75
648.69,520.88,-81.25,201.75
648.75,520.88,-81.25,201.75
648.82,520.88,-81.25,201.75
648.89,520.88,-81.25,201.75
648.95,520.88,-81.25,201.75
649.02,520.88,-81.25,201.75
649.09,520.88,-81.25,201.75
649.15,520.88,-81.25,201.75
649.22,520.88,-81.25,201.75
649.29,520.88,-81.25,201.75
649.35,520.88,-81.25,201.75
649.42,520.88,-81.25,201.75
649.49,520.88,-81.25,201.75
649.55,520.88,-81.25,201.75
649.62,520.88,-81.25,201.75
649.68,520.88,-81.25,201.75
649.75,520.88,-81.25,201.75
649.82,520.88,-81.25,201.75
649.88,520.88,-81.25,201.75
649.95,520.88,-81.25,201.75
650.02,520.88,-81.25,201.75
650.08,520.88,-81.25,201.75
650.15,520.88,-81.25,201.75
650.22,520.88,-81.25,201.75
650.28,520.88,-81.25,201.75
650.35,520.88,-81.25,201.75
650.42,520.88,-81.25,201.75
650.48,520.88,-81.25,201.75
650.55,520.88,-81.25,201.75
650.62,520.88,-81.25,201.75
650.68,520.88,-81.25,201.75
650.75,520.88,-81.25,201.75
650.82,520.88,-81.25,201.75
650.88,520.88,-81.25,201.75
650.95,520.88,-81.25,201.75
651.02,520.88,-81.25,201.75
651.08,520.88,-81.25,201.75
651.15,520.88,-81.25,201.75
651.22,520.88,-81.25,201.75
651.28,520.88,-81.25,201.75
651.35,520.88,-81.25,201.75
651.42,520.88,-81.25,201.75
651.48,520.88,-81.25,201.75
651.84,520.88,-81.25,201.75
651.91,520.88,-81.25,201.75
652.0,520.88,-81.25,201.75
652.06,520.88,-81.25,201.75
652.13,520.88,-81.25,201.75
652.2,520.88,-81.25,201.75
652.27,520.88,-81.25,201.75
652.33,520.88,-81.25,201.75
652.4,520.88,-81.25,201.75
652.47,520.88,-81.25,201.75
652.53,520.88,-81.25,201.75
652.6,520.88,-81.25,201.75
652.67,520.88,-81.25,201.75
652.73,520.88,-81.25,201.75
652.8,520.88,-81.25,201.75
652.87,520.88,-81.25,201.75
652.94,520.88,-81.25,201.75
653.01,520.88,-81.25,201.75
653.08,520.88,-81.25,201.75
653.14,520.88,-81.25,201.75
653.21,520.88,-81.25,201.75
653.28,520.88,-81.25,201.75
653.34,520.88,-81.25,201.75
653.41,520.88,-81.25,201.75
653.48,520.88,-81.25,201.75
653.54,520.88,-81.25,201.75
653.61,520.88,-81.25,201.75
653.68,520.88,-81.25,201.75
653.74,520.88,-81.25,201.75
653.81,520.88,-81.25,201.75
653.88,520.88,-81.25,201.75
653.95,520.88,-81.25,201.75
654.02,520.88,-81.25,201.75
654.1,520.88,-81.25,201.75
654.17,520.88,-81.25,201.75
654.25,520.88,-81.25,201.75
654.32,520.88,-81.25,201.75
654.4,520.88,-81.25,201.75
654.47,520.88,-81.25,201.75
654.54,520.88,-81.25,201.75
654.6,520.88,-81.25,201.75
654.67,520.88,-81.25,201.75
654.74,520.88,-81.25,201.75
654.81,520.88,-81.25,201.75
654.88,520.88,-81.25,201.75
654.95,520.88,-81.25,201.75
655.01,520.88,-81.25,201.75
655.08,520.88,-81.25,201.75
655.15,520.88,-81.25,201.75
655.22,520.88,-81.25,201.75
655.29,520.88,-81.25,201.75
655.35,520.88,-81.25,201.75
655.42,520.88,-81.25,201.75
655.49,520.88,-81.25,201.75
655.56,520.88,-81.25,201.75
655.63,520.88,-81.25,201.75
655.69,520.88,-81.25,201.75
655.76,520.88,-81.25,201.75
655.82,520.88,-81.25,201.75
655.89,520.88,-81.25,201.75
655.96,520.88,-81.25,201.75
656.02,520.88,-81.25,201.75
656.09,520.88,-81.25,201.75
656.16,520.88,-81.25,201.75
656.23,520.88,-81.25,201.75
656.29,520.88,-81.25,201.75
656.36,520.88,-81.25,201.75
656.43,520.88,-81.25,201.75
656.5,520.88,-81.25,201.75
656.57,520.88,-81.25,201.75
656.64,520.88,-81.25,201.75
656.71,520.88,-81.25,201.75
656.78,520.88,-81.25,201.75
656.84,520.88,-81.25,201.75
656.91,520.88,-81.25,201.75
656.98,520.88,-81.25,201.75
657.05,520.88,-81.25,201.75
657.12,520.88,-81.25,201.75
657.19,520.88,-81.25,201.75
657.26,520.88,-81.25,201.75
657.32,520.88,-81.25,201.75
657.39,520.88,-81.25,201.75
657.45,520.88,-81.25,201.75
657.52,520.88,-81.25,201.75
657.59,520.88,-81.25,201.75
657.65,520.88,-81.25,201.75
657.72,520.88,-81.25,201.75
657.79,520.88,-81.25,201.75
657.86,520.88,-81.25,201.75
657.92,520.88,-81.25,201.75
657.99,520.88,-81.25,201.75
658.07,520.88,-81.25,201.75
658.13,520.88,-81.25,201.75
658.2,520.88,-81.25,201.75
658.27,520.88,-81.25,201.75
658.33,520.88,-81.25,201.75
658.4,520.88,-81.25,201.75
658.47,520.88,-81.25,201.75
658.53,520.88,-81.25,201.75
658.6,520.88,-81.25,201.75
658.67,520.88,-81.25,201.75
658.73,520.88,-81.25,201.75
658.81,520.88,-81.25,201.75
658.88,520.88,-81.25,201.75
658.94,520.88,-81.25,201.75
659.02,520.88,-81.25,201.75
659.09,520.88,-81.25,201.75
659.16,520.88,-81.25,201.75
659.22,520.88,-81.25,201.75
659.29,520.88,-81.25,201.75
659.35,520.88,-81.25,201.75
659.42,520.88,-81.25,201.75
659.49,520.88,-81.25,201.75
659.56,520.88,-81.25,201.75
659.62,520.88,-81.25,201.75
659.69,520.88,-81.25,201.75
659.76,520.88,-81.25,201.75
659.83,520.88,-81.25,201.75
659.89,520.88,-81.25,201.75
659.96,520.88,-81.25,201.75
660.03,520.88,-81.25,201.75
660.1,520.88,-81.25,201.75
660.17,520.88,-81.25,201.75
660.24,520.88,-81.25,201.75
660.3,520.88,-81.25,201.75
660.37,520.88,-81.25,201.75
660.44,520.88,-81.25,201.75
660.51,520.88,-81.25,201.75
660.57,520.88,-81.25,201.75
660.64,520.88,-81.25,201.75
660.71,520.88,-81.25,201.75
660.78,520.88,-81.25,201.75
660.85,520.88,-81.25,201.75
660.92,520.88,-81.25,201.75
660.99,520.88,-81.25,201.75
661.06,520.88,-81.25,201.75
661.12,520.88,-81.25,201.75
661.19,520.88,-81.25,201.75
661.26,520.88,-81.25,201.75
661.33,520.88,-81.25,201.75
661.4,520.88,-81.25,201.75
661.46,520.88,-81.25,201.75
661.53,520.88,-81.25,201.75
661.6,520.88,-81.25,201.75
661.66,520.88,-81.25,201.75
661.73,520.88,-81.25,201.75
661.8,520.88,-81.25,201.75
661.86,520.88,-81.25,201.75
661.93,520.88,-81.25,201.75
662.0,520.88,-81.25,201.75
662.07,520.88,-81.25,201.75
662.14,520.88,-81.25,201.75
662.2,520.88,-81.25,201.75
662.27,520.88,-81.25,201.75
662.34,520.88,-81.25,201.75
662.4,520.88,-81.25,201.75
662.47,520.88,-81.25,201.75
662.54,520.88,-81.25,201.75
662.6,520.88,-81.25,201.75
662.67,520.88,-81.25,201.75
662.74,520.88,-81.25,201.75
662.8,520.88,-81.25,201.75
662.87,520.88,-81.25,201.75
662.94,520.88,-81.25,201.75
663.01,520.88,-81.25,201.75
663.08,520.88,-81.25,201.75
663.15,520.88,-81.25,201.75
663.22,520.88,-81.25,201.75
663.28,520.88,-81.25,201.75
663.35,520.88,-81.25,201.75
663.42,520.88,-81.25,201.75
663.48,520.88,-81.25,201.75
663.55,520.88,-81.25,201.75
663.61,520.88,-81.25,201.75
663.68,520.88,-81.25,201.75
663.75,520.88,-81.25,201.75
663.82,520.88,-81.25,201.75
663.88,520.88,-81.25,201.75
663.95,520.88,-81.25,201.75
664.02,520.88,-81.25,201.75
664.09,520.88,-81.25,201.75
664.16,520.88,-81.25,201.75
664.23,520.88,-81.25,201.75
664.3,520.88,-81.25,201.75
664.36,520.88,-81.25,201.75
664.43,520.88,-81.25,201.75
664.5,520.88,-81.25,201.75
664.56,520.88,-81.25,201.75
664.63,520.88,-81.25,201.75
664.7,520.88,-81.25,201.75
664.76,520.88,-81.25,201.75
664.83,520.88,-81.25,201.75
664.9,520.88,-81.25,201.75
664.97,520.88,-81.25,201.75
665.04,520.88,-81.25,201.75
665.11,520.88,-81.25,201.75
665.18,520.88,-81.25,201.75
665.25,520.88,-81.25,201.75
665.32,520.88,-81.25,201.75
665.39,520.88,-81.25,201.75
665.46,520.88,-81.25,201.75
665.52,520.88,-81.25,201.75
665.59,520.88,-81.25,201.75
665.66,520.88,-81.25,201.75
665.73,520.88,-81.25,201.75
665.8,520.88,-81.25,201.75
665.86,520.88,-81.25,201.75
665.94,520.88,-81.25,201.75
666.01,520.88,-81.25,201.75
666.07,520.88,-81.25,201.75
666.14,520.88,-81.25,201.75
666.21,520.88,-81.25,201.75
666.27,520.88,-81.25,201.75
666.34,520.88,-81.25,201.75
666.41,520.88,-81.25,201.75
666.48,520.88,-81.25,201.75
666.54,520.88,-81.25,201.75
666.61,520.88,-81.25,201.75
666.68,520.88,-81.25,201.75
666.75,520.88,-81.25,201.75
666.82,520.88,-81.25,201.75
666.89,520.88,-81.25,201.75
666.96,520.88,-81.25,201.75
667.02,520.88,-81.25,201.75
667.09,520.88,-81.25,201.75
667.16,520.88,-81.25,201.75
667.22,520.88,-81.25,201.75
667.29,520.88,-81.25,201.75
667.36,520.88,-81.25,201.75
667.42,520.88,-81.25,201.75
667.49,520.88,-81.25,201.75
667.56,520.88,-81.25,201.75
667.63,520.88,-81.25,201.75
667.7,520.88,-81.25,201.75
667.77,520.88,-81.25,201.75
667.84,520.88,-81.25,201.75
667.9,520.88,-81.25,201.75
667.98,520.88,-81.25,201.75
668.05,520.88,-81.25,201.75
668.12,520.88,-81.25,201.75
668.18,520.88,-81.25,201.75
668.25,520.88,-81.25,201.75
668.33,520.88,-81.25,201.75
668.39,520.88,-81.25,201.75
668.46,520.88,-81.25,201.75
668.53,520.88,-81.25,201.75
668.6,520.88,-81.25,201.75
668.66,520.88,-81.25,201.75
668.73,520.88,-81.25,201.75
668.8,520.88,-81.25,201.75
668.87,520.88,-81.25,201.75
668.93,520.88,-81.25,201.75
669.0,520.88,-81.25,201.75
669.07,520.88,-81.25,201.75
669.14,520.88,-81.25,201.75
669.21,520.88,-81.25,201.75
669.27,520.88,-81.25,201.75
669.34,520.88,-81.25,201.75
669.41,520.88,-81.25,201.75
669.47,520.88,-81.25,201.75
669.54,520.88,-81.25,201.75
669.61,520.88,-81.25,201.75
669.67,520.88,-81.25,201.75
669.74,520.88,-81.25,201.75
669.81,520.88,-81.25,201.75
669.88,520.88,-81.25,201.75
669.95,520.88,-81.25,201.75
670.02,520.88,-81.25,201.75
670.09,520.88,-81.25,201.75
670.16,520.88,-81.25,201.75
670.22,520.88,-81.25,201.75
670.29,520.88,-81.25,201.75
670.36,520.88,-81.25,201.75
670.42,520.88,-81.25,201.75
670.49,520.88,-81.25,201.75
670.56,520.88,-81.25,201.75
670.62,520.88,-81.25,201.75
670.69,520.88,-81.25,201.75
670.77,520.88,-81.25,201.75
670.84,520.88,-81.25,201.75
670.9,520.88,-81.25,201.75
670.97,520.88,-81.25,201.75
671.04,520.88,-81.25,201.75
671.11,520.88,-81.25,201.75
671.17,520.88,-81.25,201.75
671.24,520.88,-81.25,201.75
671.31,520.88,-81.25,201.75
671.37,520.88,-81.25,201.75
671.44,520.88,-81.25,201.75
671.51,520.88,-81.25,201.75
671.57,520.88,-81.25,201.75
671.64,520.88,-81.25,201.75
671.71,520.88,-81.25,201.75
671.78,520.88,-81.25,201.75
671.85,520.88,-81.25,201.75
671.92,520.88,-81.25,201.75
671.99,520.88,-81.25,201.75
672.06,520.88,-81.25,201.75
672.12,520.88,-81.25,201.75
672.19,520.88,-81.25,201.75
672.26,520.88,-81.25,201.75
672.32,520.88,-81.25,201.75
672.39,520.88,-81.25,201.75
672.46,520.88,-81.25,201.75
672.52,520.88,-81.25,201.75
672.59,520.88,-81.25,201.75
672.66,520.88,-81.25,201.75
672.73,520.88,-81.25,201.75
672.8,520.88,-81.25,201.75
672.86,520.88,-81.25,201.75
672.93,520.88,-81.25,201.75
673.0,520.88,-81.25,201.75
673.07,520.88,-81.25,201.75
673.14,520.88,-81.25,201.75
673.21,520.88,-81.25,201.75
673.27,520.88,-81.25,201.75
673.34,520.88,-81.25,201.75
673.41,520.88,-81.25,201.75
673.47,520.88,-81.25,201.75
673.54,520.88,-81.25,201.75
673.61,520.88,-81.25,201.75
673.67,520.88,-81.25,201.75
673.74,520.88,-81.25,201.75
673.81,520.88,-81.25,201.75
673.88,520.88,-81.25,201.75
673.94,520.88,-81.25,201.75
674.01,520.88,-81.25,201.75
674.08,520.88,-81.25,201.75
674.15,520.88,-81.25,201.75
674.22,520.88,-81.25,201.75
674.29,520.88,-81.25,201.75
674.36,520.88,-81.25,201.75
674.43,520.88,-81.25,201.75
674.5,520.88,-81.25,201.75
674.57,520.88,-81.25,201.75
674.64,520.88,-81.25,201.75
674.71,520.88,-81.25,201.75
674.78,520.88,-81.25,201.75
674.84,520.88,-81.25,201.75
674.91,520.88,-81.25,201.75
674.97,520.88,-81.25,201.75
675.04,520.88,-81.25,201.75
675.11,520.88,-81.25,201.75
675.18,520.88,-81.25,201.75
675.24,520.88,-81.25,201.75
675.31,520.88,-81.25,201.75
675.38,520.88,-81.25,201.75
675.45,520.88,-81.25,201.75
675.52,520.88,-81.25,201.75
675.59,520.88,-81.25,201.75
675.66,520.88,-81.25,201.75
675.72,520.88,-81.25,201.75
675.79,520.88,-81.25,201.75
675.85,520.88,-81.25,201.75
675.92,520.88,-81.25,201.75
675.99,520.88,-81.25,201.75
676.05,520.88,-81.25,201.75
676.12,520.88,-81.25,201.75
676.19,520.88,-81.25,201.75
676.25,520.88,-81.25,201.75
676.32,520.88,-81.25,201.75
676.39,520.88,-81.25,201.75
676.46,520.88,-81.25,201.75
676.53,520.88,-81.25,201.75
676.6,520.88,-81.25,201.75
676.67,520.88,-81.25,201.75
676.74,520.88,-81.25,201.75
676.8,520.88,-81.25,201.75
676.87,520.88,-81.25,201.75
676.94,520.88,-81.25,201.75
677.01,520.88,-81.25,201.75
677.08,520.88,-81.25,201.75
677.14,520.88,-81.25,201.75
677.22,520.88,-81.25,201.75
677.28,520.88,-81.25,201.75
677.35,520.88,-81.25,201.75
677.42,520.88,-81.25,201.75
677.48,520.88,-81.25,201.75
677.55,520.88,-81.25,201.75
677.62,520.88,-81.25,201.75
677.69,520.88,-81.25,201.75
677.75,520.88,-81.25,201.75
677.82,520.88,-81.25,201.75
677.89,520.88,-81.25,201.75
677.96,520.88,-81.25,201.75
678.03,520.88,-81.25,201.75
678.1,520.88,-81.25,201.75
678.17,520.88,-81.25,201.75
678.23,520.88,-81.25,201.75
678.3,520.88,-81.25,201.75
678.37,520.88,-81.25,201.75
678.44,520.88,-81.25,201.75
678.51,520.88,-81.25,201.75
678.58,520.88,-81.25,201.75
678.65,520.88,-81.25,201.75
678.71,520.88,-81.25,201.75
678.78,520.88,-81.25,201.75
678.85,520.88,-81.25,201.75
678.91,520.88,-81.25,201.75
678.98,520.88,-81.25,201.75
679.05,520.88,-81.25,201.75
679.11,520.88,-81.25,201.75
679.18,520.88,-81.25,201.75
679.25,520.88,-81.25,201.75
679.32,520.88,-81.25,201.75
679.39,520.88,-81.25,201.75
679.46,520.88,-81.25,201.75
679.52,520.88,-81.25,201.75
679.59,520.88,-81.25,201.75
679.67,520.88,-81.25,201.75
679.73,520.88,-81.25,201.75
679.8,520.88,-81.25,201.75
679.87,520.88,-81.25,201.75
679.94,520.88,-81.25,201.75
680.01,520.88,-81.25,201.75
680.07,520.88,-81.25,201.75
680.15,520.88,-81.25,201.75
680.21,520.88,-81.25,201.75
680.28,520.88,-81.25,201.75
680.35,520.88,-81.25,201.75
680.42,520.88,-81.25,201.75
680.49,520.88,-81.25,201.75
680.56,520.88,-81.25,201.75
680.63,520.88,-81.25,201.75
680.7,520.88,-81.25,201.75
680.76,520.88,-81.25,201.75
680.83,520.88,-81.25,201.75
680.9,520.88,-81.25,201.75
680.97,520.88,-81.25,201.75
681.04,520.88,-81.25,201.75
681.11,520.88,-81.25,201.75
681.18,520.88,-81.25,201.75
681.24,520.88,-81.25,201.75
681.32,520.88,-81.25,201.75
681.38,520.88,-81.25,201.75
681.45,520.88,-81.25,201.75
681.52,520.88,-81.25,201.75
681.58,520.88,-81.25,201.75
681.65,520.88,-81.25,201.75
681.72,520.88,-81.25,201.75
681.79,520.88,-81.25,201.75
681.86,520.88,-81.25,201.75
681.93,520.88,-81.25,201.75
682.0,520.88,-81.25,201.75
682.06,520.88,-81.25,201.75
682.13,520.88,-81.25,201.75
682.2,520.88,-81.25,201.75
682.26,520.88,-81.25,201.75
682.33,520.88,-81.25,201.75
682.4,520.88,-81.25,201.75
682.46,520.88,-81.25,201.75
682.53,520.88,-81.25,201.75
682.6,520.88,-81.25,201.75
682.67,520.88,-81.25,201.75
682.74,520.88,-81.25,201.75
682.81,520.88,-81.25,201.75
682.88,520.88,-81.25,201.75
682.96,520.88,-81.25,201.75
683.03,520.88,-81.25,201.75
683.09,520.88,-81.25,201.75
683.16,520.88,-81.25,201.75
683.22,520.88,-81.25,201.75
683.29,520.88,-81.25,201.75
683.36,520.88,-81.25,201.75
683.42,520.88,-81.25,201.75
683.49,520.88,-81.25,201.75
683.56,520.88,-81.25,201.75
683.62,520.88,-81.25,201.75
683.7,520.88,-81.25,201.75
683.77,520.88,-81.25,201.75
683.83,520.88,-81.25,201.75
683.9,520.88,-81.25,201.75
683.97,520.88,-81.25,201.75
684.04,520.88,-81.25,201.75
684.11,520.88,-81.25,201.75
684.18,520.88,-81.25,201.75
684.25,520.88,-81.25,201.75
684.31,520.88,-81.25,201.75
684.38,520.88,-81.25,201.75
684.45,520.88,-81.25,201.75
684.52,520.88,-81.25,201.75
684.59,520.88,-81.25,201.75
684.65,520.88,-81.25,201.75
684.72,520.88,-81.25,201.75
684.79,520.88,-81.25,201.75
684.85,520.88,-81.25,201.75
684.92,520.88,-81.25,201.75
684.98,520.88,-81.25,201.75
685.05,520.88,-81.25,201.75
685.12,520.88,-81.25,201.75
685.19,520.88,-81.25,201.75
685.26,520.88,-81.25,201.75
685.32,520.88,-81.25,201.75
685.39,520.88,-81.25,201.75
685.46,520.88,-81.25,201.75
685.53,520.88,-81.25,201.75
685.6,520.88,-81.25,201.75
685.66,520.88,-81.25,201.75
685.73,520.88,-81.25,201.75
685.79,520.88,-81.25,201.75
685.86,520.88,-81.25,201.75
685.93,520.88,-81.25,201.75
686.0,520.88,-81.25,201.75
686.06,520.88,-81.25,201.75
686.13,520.88,-81.25,201.75
686.2,520.88,-81.25,201.75
686.26,520.88,-81.25,201.75
686.33,520.88,-81.25,201.75
686.4,520.88,-81.25,201.75
686.47,520.88,-81.25,201.75
686.54,520.88,-81.25,201.75
686.6,520.88,-81.25,201.75
686.67,520.88,-81.25,201.75
686.74,520.88,-81.25,201.75
686.81,520.88,-81.25,201.75
686.87,520.88,-81.25,201.75
686.94,520.88,-81.25,201.75
687.0,520.88,-81.25,201.75
687.07,520.88,-81.25,201.75
687.14,520.88,-81.25,201.75
687.21,520.88,-81.25,201.75
687.28,520.88,-81.25,201.75
687.35,520.88,-81.25,201.75
687.42,520.88,-81.25,201.75
687.48,520.88,-81.25,201.75
687.55,520.88,-81.25,201.75
687.62,520.88,-81.25,201.75
687.69,520.88,-81.25,201.75
687.75,520.88,-81.25,201.75
687.82,520.88,-81.25,201.75
687.89,520.88,-81.25,201.75
687.95,520.88,-81.25,201.75
688.02,520.88,-81.25,201.75
688.09,520.88,-81.25,201.75
688.15,520.88,-81.25,201.75
688.22,520.88,-81.25,201.75
688.29,520.88,-81.25,201.75
688.35,520.88,-81.25,201.75
688.42,520.88,-81.25,201.75
688.49,520.88,-81.25,201.75
688.56,520.88,-81.25,201.75
688.63,520.88,-81.25,201.75
688.7,520.88,-81.25,201.75
688.76,520.88,-81.25,201.75
688.83,520.88,-81.25,201.75
688.9,520.88,-81.25,201.75
688.97,520.88,-81.25,201.75
689.04,520.88,-81.25,201.75
689.11,520.88,-81.25,201.75
689.18,520.88,-81.25,201.75
689.24,520.88,-81.25,201.75
689.31,520.88,-81.25,201.75
689.38,520.88,-81.25,201.75
689.45,520.88,-81.25,201.75
689.52,520.88,-81.25,201.75
689.59,520.88,-81.25,201.75
689.66,520.88,-81.25,201.75
689.73,520.88,-81.25,201.75
689.8,520.88,-81.25,201.75
689.86,520.88,-81.25,201.75
689.93,520.88,-81.25,201.75
689.99,520.88,-81.25,201.75
690.06,520.88,-81.25,201.75
690.13,520.88,-81.25,201.75
690.19,520.88,-81.25,201.75
690.26,520.88,-81.25,201.75
690.33,520.88,-81.25,201.75
690.39,520.88,-81.25,201.75
690.46,520.88,-81.25,201.75
690.52,520.88,-81.25,201.75
690.59,520.88,-81.25,201.75
690.66,520.88,-81.25,201.75
690.72,520.88,-81.25,201.75
690.79,520.88,-81.25,201.75
690.86,520.88,-81.25,201.75
690.93,520.88,-81.25,201.75
691.0,520.88,-81.25,201.75
691.07,520.88,-81.25,201.75
691.13,520.88,-81.25,201.75
691.2,520.88,-81.25,201.75
691.26,520.88,-81.25,201.75
691.33,520.88,-81.25,201.75
691.4,520.88,-81.25,201.75
691.46,520.88,-81.25,201.75
691.53,520.88,-81.25,201.75
691.6,520.88,-81.25,201.75
691.67,520.88,-81.25,201.75
691.73,520.88,-81.25,201.75
691.8,520.88,-81.25,201.75
691.87,520.88,-81.25,201.75
691.94,520.88,-81.25,201.75
692.01,520.88,-81.25,201.75
692.07,520.88,-81.25,201.75
692.14,520.88,-81.25,201.75
692.21,520.88,-81.25,201.75
692.27,520.88,-81.25,201.75
692.34,520.88,-81.25,201.75
692.41,520.88,-81.25,201.75
692.47,520.88,-81.25,201.75
692.54,520.88,-81.25,201.75
692.61,520.88,-81.25,201.75
692.68,520.88,-81.25,201.75
692.75,520.88,-81.25,201.75
692.82,520.88,-81.25,201.75
692.89,520.88,-81.25,201.75
692.95,520.88,-81.25,201.75
693.02,520.88,-81.25,201.75
693.09,520.88,-81.25,201.75
693.15,520.88,-81.25,201.75
693.22,520.88,-81.25,201.75
693.29,520.88,-81.25,201.75
693.36,520.88,-81.25,201.75
693.42,520.88,-81.25,201.75
693.49,520.88,-81.25,201.75
693.56,520.88,-81.25,201.75
693.62,520.88,-81.25,201.75
693.69,520.88,-81.25,201.75
693.76,520.88,-81.25,201.75
693.83,520.88,-81.25,201.75
693.9,520.88,-81.25,201.75
693.96,520.88,-81.25,201.75
694.03,520.88,-81.25,201.75
694.1,520.88,-81.25,201.75
694.17,520.88,-81.25,201.75
694.24,520.88,-81.25,201.75
694.31,520.88,-81.25,201.75
694.38,520.88,-81.25,201.75
694.45,520.88,-81.25,201.75
694.51,520.88,-81.25,201.75
694.58,520.88,-81.25,201.75
694.65,520.88,-81.25,201.75
694.72,520.88,-81.25,201.75
694.79,520.88,-81.25,201.75
694.86,520.88,-81.25,201.75
694.93,520.88,-81.25,201.75
695.0,520.88,-81.25,201.75
695.07,520.88,-81.25,201.75
695.13,520.88,-81.25,201.75
695.2,520.88,-81.25,201.75
695.27,520.88,-81.25,201.75
695.33,520.88,-81.25,201.75
695.4,520.88,-81.25,201.75
695.48,520.88,-81.25,201.75
695.55,520.88,-81.25,201.75
695.61,520.88,-81.25,201.75
695.68,520.88,-81.25,201.75
695.75,520.88,-81.25,201.75
695.82,520.88,-81.25,201.75
695.89,520.88,-81.25,201.75
695.95,520.88,-81.25,201.75
696.02,520.88,-81.25,201.75
696.09,520.88,-81.25,201.75
696.15,520.88,-81.25,201.75
696.22,520.88,-81.25,201.75
696.29,520.88,-81.25,201.75
696.36,520.88,-81.25,201.75
696.42,520.88,-81.25,201.75
696.5,520.88,-81.25,201.75
696.57,520.88,-81.25,201.75
696.64,520.88,-81.25,201.75
696.71,520.88,-81.25,201.75
696.78,520.88,-81.25,201.75
696.85,520.88,-81.25,201.75
696.91,520.88,-81.25,201.75
696.98,520.88,-81.25,201.75
697.05,520.88,-81.25,201.75
697.12,520.88,-81.25,201.75
697.19,520.88,-81.25,201.75
697.26,520.88,-81.25,201.75
697.32,520.88,-81.25,201.75
697.39,520.88,-81.25,201.75
697.46,520.88,-81.25,201.75
697.52,520.88,-81.25,201.75
697.59,520.88,-81.25,201.75
697.66,520.88,-81.25,201.75
697.72,520.88,-81.25,201.75
697.79,520.88,-81.25,201.75
697.85,520.88,-81.25,201.75
697.92,520.88,-81.25,201.75
697.99,520.88,-81.25,201.75
698.05,520.88,-81.25,201.75
698.12,520.88,-81.25,201.75
698.19,520.88,-81.25,201.75
698.25,520.88,-81.25,201.75
698.32,520.88,-81.25,201.75
698.38,520.88,-81.25,201.75
698.45,520.88,-81.25,201.75
698.52,520.88,-81.25,201.75
698.59,520.88,-81.25,201.75
698.66,520.88,-81.25,201.75
698.72,520.88,-81.25,201.75
698.79,520.88,-81.25,201.75
698.86,520.88,-81.25,201.75
698.93,520.88,-81.25,201.75
699.0,520.88,-81.25,201.75
699.07,520.88,-81.25,201.75
699.14,520.88,-81.25,201.75
699.22,520.88,-81.25,201.75
699.28,520.88,-81.25,201.75
699.35,520.88,-81.25,201.75
699.42,520.88,-81.25,201.75
699.49,520.88,-81.25,201.75
699.56,520.88,-81.25,201.75
699.62,520.88,-81.25,201.75
699.69,520.88,-81.25,201.75
699.76,520.88,-81.25,201.75
699.83,520.88,-81.25,201.75
699.9,520.88,-81.25,201.75
699.97,520.88,-81.25,201.75
700.03,520.88,-81.25,201.75
700.1,520.88,-81.25,201.75
700.17,520.88,-81.25,201.75
700.23,520.88,-81.25,201.75
700.3,520.88,-81.25,201.75
700.37,520.88,-81.25,201.75
700.43,520.88,-81.25,201.75
700.5,520.88,-81.25,201.75
700.57,520.88,-81.25,201.75
700.64,520.88,-81.25,201.75
700.71,520.88,-81.25,201.75
700.78,520.88,-81.25,201.75
700.85,520.88,-81.25,201.75
700.91,520.88,-81.25,201.75
700.98,520.88,-81.25,201.75
701.05,520.88,-81.25,201.75
701.12,520.88,-81.25,201.75
701.18,520.88,-81.25,201.75
701.25,520.88,-81.25,201.75
701.32,520.88,-81.25,201.75
701.38,520.88,-81.25,201.75
701.45,520.88,-81.25,201.75
701.52,520.88,-81.25,201.75
701.59,520.88,-81.25,201.75
701.66,520.88,-81.25,201.75
701.73,520.88,-81.25,201.75
701.8,520.88,-81.25,201.75
701.86,520.88,-81.25,201.75
701.93,520.88,-81.25,201.75
702.0,520.88,-81.25,201.75
702.07,520.88,-81.25,201.75
702.14,520.88,-81.25,201.75
702.2,520.88,-81.25,201.75
702.27,520.88,-81.25,201.75
702.34,520.88,-81.25,201.75
702.4,520.88,-81.25,201.75
702.47,520.88,-81.25,201.75
702.54,520.88,-81.25,201.75
702.61,520.88,-81.25,201.75
702.68,520.88,-81.25,201.75
702.75,520.88,-81.25,201.75
702.81,520.88,-81.25,201.75
702.88,520.88,-81.25,201.75
702.95,520.88,-81.25,201.75
703.02,520.88,-81.25,201.75
703.09,520.88,-81.25,201.75
703.16,520.88,-81.25,201.75
703.22,520.88,-81.25,201.75
703.29,520.88,-81.25,201.75
703.36,520.88,-81.25,201.75
703.42,520.88,-81.25,201.75
703.49,520.88,-81.25,201.75
703.56,520.88,-81.25,201.75
703.63,520.88,-81.25,201.75
703.7,520.88,-81.25,201.75
703.77,520.88,-81.25,201.75
703.84,520.88,-81.25,201.75
703.9,520.88,-81.25,201.75
703.97,520.88,-81.25,201.75
704.04,520.88,-81.25,201.75
704.11,520.88,-81.25,201.75
704.18,520.88,-81.25,201.75
704.25,520.88,-81.25,201.75
704.31,520.88,-81.25,201.75
704.38,520.88,-81.25,201.75
704.44,520.88,-81.25,201.75
704.51,520.88,-81.25,201.75
704.58,520.88,-81.25,201.75
704.64,520.88,-81.25,201.75
704.71,520.88,-81.25,201.75
704.77,520.88,-81.25,201.75
704.84,520.88,-81.25,201.75
704.91,520.88,-81.25,201.75
704.98,520.88,-81.25,201.75
705.05,520.88,-81.25,201.75
705.12,520.88,-81.25,201.75
705.19,520.88,-81.25,201.75
705.25,520.88,-81.25,201.75
705.32,520.88,-81.25,201.75
705.39,520.88,-81.25,201.75
705.45,520.88,-81.25,201.75
705.52,520.88,-81.25,201.75
705.59,520.88,-81.25,201.75
705.65,520.88,-81.25,201.75
705.72,520.88,-81.25,201.75
705.78,520.88,-81.25,201.75
705.85,520.88,-81.25,201.75
705.92,520.88,-81.25,201.75
705.99,520.88,-81.25,201.75
706.06,520.88,-81.25,201.75
706.13,520.88,-81.25,201.75
706.19,520.88,-81.25,201.75
706.26,520.88,-81.25,201.75
706.33,520.88,-81.25,201.75
706.4,520.88,-81.25,201.75
706.46,520.88,-81.25,201.75
706.53,520.88,-81.25,201.75
706.6,520.88,-81.25,201.75
706.66,520.88,-81.25,201.75
706.73,520.88,-81.25,201.75
706.8,520.88,-81.25,201.75
706.86,520.88,-81.25,201.75
706.93,520.88,-81.25,201.75
707.0,520.88,-81.25,201.75
707.07,520.88,-81.25,201.75
707.14,520.88,-81.25,201.75
707.21,520.88,-81.25,201.75
707.28,520.88,-81.25,201.75
707.35,520.88,-81.25,201.75
707.41,520.88,-81.25,201.75
707.48,520.88,-81.25,201.75
707.55,520.88,-81.25,201.75
707.62,520.88,-81.25,201.75
707.68,520.88,-81.25,201.75
707.75,520.88,-81.25,201.75
707.82,520.88,-81.25,201.75
707.88,520.88,-81.25,201.75
707.95,520.88,-81.25,201.75
708.02,520.88,-81.25,201.75
708.09,520.88,-81.25,201.75
708.16,520.88,-81.25,201.75
708.23,520.88,-81.25,201.75
708.3,520.88,-81.25,201.75
708.36,520.88,-81.25,201.75
708.43,520.88,-81.25,201.75
708.5,520.88,-81.25,201.75
708.57,520.88,-81.25,201.75
708.63,520.88,-81.25,201.75
708.7,520.88,-81.25,201.75
708.77,520.88,-81.25,201.75
708.84,520.88,-81.25,201.75
708.9,520.88,-81.25,201.75
708.97,520.88,-81.25,201.75
709.04,520.88,-81.25,201.75
709.11,520.88,-81.25,201.75
709.18,520.88,-81.25,201.75
709.25,520.88,-81.25,201.75
709.32,520.88,-81.25,201.75
709.39,520.88,-81.25,201.75
709.46,520.88,-81.25,201.75
709.52,520.88,-81.25,201.75
709.59,520.88,-81.25,201.75
709.66,520.88,-81.25,201.75
709.73,520.88,-81.25,201.75
709.8,520.88,-81.25,201.75
709.87,520.88,-81.25,201.75
709.93,520.88,-81.25,201.75
710.01,520.88,-81.25,201.75
710.08,520.88,-81.25,201.75
710.15,520.88,-81.25,201.75
710.21,520.88,-81.25,201.75
710.28,520.88,-81.25,201.75
710.35,520.88,-81.25,201.75
710.42,520.88,-81.25,201.75
710.48,520.88,-81.25,201.75
710.55,520.88,-81.25,201.75
710.62,520.88,-81.25,201.75
710.68,520.88,-81.25,201.75
710.75,520.88,-81.25,201.75
710.82,520.88,-81.25,201.75
710.88,520.88,-81.25,201.75
710.95,520.88,-81.25,201.75
711.02,520.88,-81.25,201.75
711.09,520.88,-81.25,201.75
711.16,520.88,-81.25,201.75
711.23,520.88,-81.25,201.75
711.3,520.88,-81.25,201.75
711.37,520.88,-81.25,201.75
711.43,520.88,-81.25,201.75
711.5,520.88,-81.25,201.75
711.57,520.88,-81.25,201.75
711.63,520.88,-81.25,201.75
711.7,520.88,-81.25,201.75
711.76,520.88,-81.25,201.75
711.83,520.88,-81.25,201.75
711.9,520.88,-81.25,201.75
711.97,520.88,-81.25,201.75
712.04,520.88,-81.25,201.75
712.1,520.88,-81.25,201.75
712.17,520.88,-81.25,201.75
712.24,520.88,-81.25,201.75
712.31,520.88,-81.25,201.75
712.38,520.88,-81.25,201.75
712.44,520.88,-81.25,201.75
712.51,520.88,-81.25,201.75
712.58,520.88,-81.25,201.75
712.64,520.88,-81.25,201.75
712.71,520.88,-81.25,201.75
712.78,520.88,-81.25,201.75
712.85,520.88,-81.25,201.75
712.92,520.88,-81.25,201.75
712.98,520.88,-81.25,201.75
713.05,520.88,-81.25,201.75
713.12,520.88,-81.25,201.75
713.19,520.88,-81.25,201.75
713.25,520.88,-81.25,201.75
713.32,520.88,-81.25,201.75
713.39,520.88,-81.25,201.75
713.46,520.88,-81.25,201.75
713.52,520.88,-81.25,201.75
713.59,520.88,-81.25,201.75
713.66,520.88,-81.25,201.75
713.72,520.88,-81.25,201.75
713.79,520.88,-81.25,201.75
713.86,520.88,-81.25,201.75
713.93,520.88,-81.25,201.75
714.0,520.88,-81.25,201.75
714.07,520.88,-81.25,201.75
714.14,520.88,-81.25,201.75
714.21,520.88,-81.25,201.75
714.28,520.88,-81.25,201.75
714.35,520.88,-81.25,201.75
714.42,520.88,-81.25,201.75
714.48,520.88,-81.25,201.75
714.55,520.88,-81.25,201.75
714.62,520.88,-81.25,201.75
714.69,520.88,-81.25,201.75
714.76,520.88,-81.25,201.75
714.83,520.88,-81.25,201.75
714.89,520.88,-81.25,201.75
714.96,520.88,-81.25,201.75
715.03,520.88,-81.25,201.75
715.09,520.88,-81.25,201.75
715.16,520.88,-81.25,201.75
715.23,520.88,-81.25,201.75
715.3,520.88,-81.25,201.75
715.36,520.88,-81.25,201.75
715.43,520.88,-81.25,201.75
715.5,520.88,-81.25,201.75
715.57,520.88,-81.25,201.75
715.64,520.88,-81.25,201.75
715.71,520.88,-81.25,201.75
715.78,520.88,-81.25,201.75
715.84,520.88,-81.25,201.75
715.91,520.88,-81.25,201.75
715.98,520.88,-81.25,201.75
716.05,520.88,-81.25,201.75
716.12,520.88,-81.25,201.75
716.18,520.88,-81.25,201.75
716.25,520.88,-81.25,201.75
716.32,520.88,-81.25,201.75
716.39,520.88,-81.25,201.75
716.46,520.88,-81.25,201.75
716.53,520.88,-81.25,201.75
716.61,520.88,-81.25,201.75
716.68,520.88,-81.25,201.75
716.74,520.88,-81.25,201.75
716.81,520.88,-81.25,201.75
716.88,520.88,-81.25,201.75
716.94,520.88,-81.25,201.75
717.01,520.88,-81.25,201.75
717.07,520.88,-81.25,201.75
717.14,520.88,-81.25,201.75
717.21,520.88,-81.25,201.75
717.27,520.88,-81.25,201.75
717.34,520.88,-81.25,201.75
717.41,520.88,-81.25,201.75
717.48,520.88,-81.25,201.75
717.54,520.88,-81.25,201.75
717.61,520.88,-81.25,201.75
717.68,520.88,-81.25,201.75
717.75,520.88,-81.25,201.75
717.81,520.88,-81.25,201.75
717.88,520.88,-81.25,201.75
717.95,520.88,-81.25,201.75
718.02,520.88,-81.25,201.75
718.09,520.88,-81.25,201.75
718.16,520.88,-81.25,201.75
718.23,520.88,-81.25,201.75
718.3,520.88,-81.25,201.75
718.36,520.88,-81.25,201.75
718.43,520.88,-81.25,201.75
718.5,520.88,-81.25,201.75
718.57,520.88,-81.25,201.75
718.64,520.88,-81.25,201.75
718.7,520.88,-81.25,201.75
718.77,520.88,-81.25,201.75
718.84,520.88,-81.25,201.75
718.9,520.88,-81.25,201.75
718.97,520.88,-81.25,201.75
719.04,520.88,-81.25,201.75
719.11,520.88,-81.25,201.75
719.18,520.88,-81.25,201.75
719.24,520.88,-81.25,201.75
719.31,520.88,-81.25,201.75
719.38,520.88,-81.25,201.75
719.44,520.88,-81.25,201.75
719.51,520.88,-81.25,201.75
719.58,520.88,-81.25,201.75
719.65,520.88,-81.25,201.75
719.71,520.88,-81.25,201.75
719.78,520.88,-81.25,201.75
719.85,520.88,-81.25,201.75
719.92,520.88,-81.25,201.75
719.98,520.88,-81.25,201.75
720.05,520.88,-81.25,201.75
720.12,520.88,-81.25,201.75
720.18,520.88,-81.25,201.75
720.25,520.88,-81.25,201.75
720.32,520.88,-81.25,201.75
720.39,520.88,-81.25,201.75
720.46,520.88,-81.25,201.75
720.53,520.88,-81.25,201.75
720.59,520.88,-81.25,201.75
720.66,520.88,-81.25,201.75
720.73,520.88,-81.25,201.75
720.8,520.88,-81.25,201.75
720.86,520.88,-81.25,201.75
720.93,520.88,-81.25,201.75
720.99,520.88,-81.25,201.75
721.06,520.88,-81.25,201.75
721.13,520.88,-81.25,201.75
721.2,520.88,-81.25,201.75
721.26,520.88,-81.25,201.75
721.33,520.88,-81.25,201.75
721.4,520.88,-81.25,201.75
721.47,520.88,-81.25,201.75
721.54,520.88,-81.25,201.75
721.61,520.88,-81.25,201.75
721.67,520.88,-81.25,201.75
721.74,520.88,-81.25,201.75
721.81,520.88,-81.25,201.75
721.87,520.88,-81.25,201.75
721.94,520.88,-81.25,201.75
722.01,520.88,-81.25,201.75
722.07,520.88,-81.25,201.75
722.14,520.88,-81.25,201.75
722.21,520.88,-81.25,201.75
722.28,520.88,-81.25,201.75
722.34,520.88,-81.25,201.75
722.41,520.88,-81.25,201.75
722.48,520.88,-81.25,201.75
722.55,520.88,-81.25,201.75
722.62,520.88,-81.25,201.75
722.69,520.88,-81.25,201.75
722.76,520.88,-81.25,201.75
722.82,520.88,-81.25,201.75
722.89,520.88,-81.25,201.75
722.95,520.88,-81.25,201.75
723.02,520.88,-81.25,201.75
723.09,520.88,-81.25,201.75
723.16,520.88,-81.25,201.75
723.23,520.88,-81.25,201.75
723.3,520.88,-81.25,201.75
723.37,520.88,-81.25,201.75
723.44,520.88,-81.25,201.75
723.5,520.88,-81.25,201.75
723.57,520.88,-81.25,201.75
723.64,520.88,-81.25,201.75
723.71,520.88,-81.25,201.75
723.78,520.88,-81.25,201.75
723.84,520.88,-81.25,201.75
723.91,520.88,-81.25,201.75
723.97,520.88,-81.25,201.75
724.04,520.88,-81.25,201.75
724.11,520.88,-81.25,201.75
724.17,520.88,-81.25,201.75
724.24,520.88,-81.25,201.75
724.31,520.88,-81.25,201.75
724.38,520.88,-81.25,201.75
724.45,520.88,-81.25,201.75
724.51,520.88,-81.25,201.75
724.58,520.88,-81.25,201.75
724.66,520.88,-81.25,201.75
724.72,520.88,-81.25,201.75
724.79,520.88,-81.25,201.75
724.86,520.88,-81.25,201.75
724.92,520.88,-81.25,201.75
724.99,520.88,-81.25,201.75
725.06,520.88,-81.25,201.75
725.12,520.88,-81.25,201.75
725.19,520.88,-81.25,201.75
725.26,520.88,-81.25,201.75
725.32,520.88,-81.25,201.75
725.39,520.88,-81.25,201.75
725.46,520.88,-81.25,201.75
725.53,520.88,-81.25,201.75
725.6,520.88,-81.25,201.75
725.67,520.88,-81.25,201.75
725.73,520.88,-81.25,201.75
725.8,520.88,-81.25,201.75
725.87,520.88,-81.25,201.75
725.93,520.88,-81.25,201.75
726.0,520.88,-81.25,201.75
726.06,520.88,-81.25,201.75
726.13,520.88,-81.25,201.75
726.2,520.88,-81.25,201.75
726.27,520.88,-81.25,201.75
726.34,520.88,-81.25,201.75
726.41,520.88,-81.25,201.75
726.47,520.88,-81.25,201.75
726.54,520.88,-81.25,201.75
726.61,520.88,-81.25,201.75
726.68,520.88,-81.25,201.75
726.75,520.88,-81.25,201.75
726.81,520.88,-81.25,201.75
726.88,520.88,-81.25,201.75
726.95,520.88,-81.25,201.75
727.01,520.88,-81.25,201.75
727.08,520.88,-81.25,201.75
727.14,520.88,-81.25,201.75
727.21,520.88,-81.25,201.75
727.28,520.88,-81.25,201.75
727.35,520.88,-81.25,201.75
727.42,520.88,-81.25,201.75
727.49,520.88,-81.25,201.75
727.56,520.88,-81.25,201.75
727.62,520.88,-81.25,201.75
727.7,520.88,-81.25,201.75
727.77,520.88,-81.25,201.75
727.83,520.88,-81.25,201.75
727.9,520.88,-81.25,201.75
727.97,520.88,-81.25,201.75
728.04,520.88,-81.25,201.75
728.11,520.88,-81.25,201.75
728.17,520.88,-81.25,201.75
728.24,520.88,-81.25,201.75
728.31,520.88,-81.25,201.75
728.37,520.88,-81.25,201.75
728.44,520.88,-81.25,201.75
728.51,520.88,-81.25,201.75
728.58,520.88,-81.25,201.75
728.64,520.88,-81.25,201.75
728.72,520.88,-81.25,201.75
728.79,520.88,-81.25,201.75
728.86,520.88,-81.25,201.75
728.92,520.88,-81.25,201.75
728.99,520.88,-81.25,201.75
729.06,520.88,-81.25,201.75
729.13,520.88,-81.25,201.75
729.2,520.88,-81.25,201.75
729.27,520.88,-81.25,201.75
729.33,520.88,-81.25,201.75
729.4,520.88,-81.25,201.75
729.47,520.88,-81.25,201.75
729.53,520.88,-81.25,201.75
729.6,520.88,-81.25,201.75
729.67,520.88,-81.25,201.75
729.74,520.88,-81.25,201.75
729.81,520.88,-81.25,201.75
729.88,520.88,-81.25,201.75
729.95,520.88,-81.25,201.75
730.02,520.88,-81.25,201.75
730.09,520.88,-81.25,201.75
730.16,520.88,-81.25,201.75
730.23,520.88,-81.25,201.75
730.29,520.88,-81.25,201.75
730.36,520.88,-81.25,201.75
730.43,520.88,-81.25,201.75
730.5,520.88,-81.25,201.75
730.56,520.88,-81.25,201.75
730.63,520.88,-81.25,201.75
730.7,520.88,-81.25,201.75
730.76,520.88,-81.25,201.75
730.83,520.88,-81.25,201.75
730.9,520.88,-81.25,201.75
730.97,520.88,-81.25,201.75
731.04,520.88,-81.25,201.75
731.1,520.88,-81.25,201.75
731.17,520.88,-81.25,201.75
731.25,520.88,-81.25,201.75
731.31,520.88,-81.25,201.75
731.38,520.88,-81.25,201.75
731.45,520.88,-81.25,201.75
731.51,520.88,-81.25,201.75
731.58,520.88,-81.25,201.75
731.64,520.88,-81.25,201.75
731.71,520.88,-81.25,201.75
731.78,520.88,-81.25,201.75
731.85,520.88,-81.25,201.75
731.91,520.88,-81.25,201.75
731.98,520.88,-81.25,201.75
732.05,520.88,-81.25,201.75
732.12,520.88,-81.25,201.75
732.19,520.88,-81.25,201.75
732.26,520.88,-81.25,201.75
732.33,520.88,-81.25,201.75
732.39,520.88,-81.25,201.75
732.46,520.88,-81.25,201.75
732.53,520.88,-81.25,201.75
732.6,520.88,-81.25,201.75
732.67,520.88,-81.25,201.75
732.74,520.88,-81.25,201.75
732.8,520.88,-81.25,201.75
732.87,520.88,-81.25,201.75
732.93,520.88,-81.25,201.75
733.0,520.88,-81.25,201.75
733.07,520.88,-81.25,201.75
733.13,520.88,-81.25,201.75
733.2,520.88,-81.25,201.75
733.27,520.88,-81.25,201.75
733.34,520.88,-81.25,201.75
733.4,520.88,-81.25,201.75
733.47,520.88,-81.25,201.75
733.54,520.88,-81.25,201.75
733.61,520.88,-81.25,201.75
733.68,520.88,-81.25,201.75
733.74,520.88,-81.25,201.75
733.81,520.88,-81.25,201.75
733.87,520.88,-81.25,201.75
733.94,520.88,-81.25,201.75
734.01,520.88,-81.25,201.75
734.07,520.88,-81.25,201.75
734.14,520.88,-81.25,201.75
734.21,520.88,-81.25,201.75
734.28,520.88,-81.25,201.75
734.35,520.88,-81.25,201.75
734.42,520.88,-81.25,201.75
734.48,520.88,-81.25,201.75
734.55,520.88,-81.25,201.75
734.62,520.88,-81.25,201.75
734.69,520.88,-81.25,201.75
734.75,520.88,-81.25,201.75
734.82,520.88,-81.25,201.75
734.88,520.88,-81.25,201.75
734.95,520.88,-81.25,201.75
735.02,520.88,-81.25,201.75
735.08,520.88,-81.25,201.75
735.15,520.88,-81.25,201.75
735.22,520.88,-81.25,201.75
735.29,520.88,-81.25,201.75
735.35,520.88,-81.25,201.75
735.42,520.88,-81.25,201.75
735.49,520.88,-81.25,201.75
735.56,520.88,-81.25,201.75
735.63,520.88,-81.25,201.75
735.69,520.88,-81.25,201.75
735.76,520.88,-81.25,201.75
735.83,520.88,-81.25,201.75
735.89,520.88,-81.25,201.75
735.96,520.88,-81.25,201.75
736.03,520.88,-81.25,201.75
736.09,520.88,-81.25,201.75
736.16,520.88,-81.25,201.75
736.23,520.88,-81.25,201.75
736.3,520.88,-81.25,201.75
736.37,520.88,-81.25,201.75
736.43,520.88,-81.25,201.75
736.5,520.88,-81.25,201.75
736.57,520.88,-81.25,201.75
736.64,520.88,-81.25,201.75
736.71,520.88,-81.25,201.75
736.78,520.88,-81.25,201.75
736.85,520.88,-81.25,201.75
736.92,520.88,-81.25,201.75
736.99,520.88,-81.25,201.75
737.06,520.88,-81.25,201.75
737.13,520.88,-81.25,201.75
737.19,520.88,-81.25,201.75
737.26,520.88,-81.25,201.75
737.33,520.88,-81.25,201.75
737.4,520.88,-81.25,201.75
737.47,520.88,-81.25,201.75
737.53,520.88,-81.25,201.75
737.6,520.88,-81.25,201.75
737.67,520.88,-81.25,201.75
737.73,520.88,-81.25,201.75
737.8,520.88,-81.25,201.75
737.87,520.88,-81.25,201.75
737.94,520.88,-81.25,201.75
738.01,520.88,-81.25,201.75
738.08,520.88,-81.25,201.75
738.15,520.88,-81.25,201.75
738.21,520.88,-81.25,201.75
738.28,520.88,-81.25,201.75
738.35,520.88,-81.25,201.75
738.41,520.88,-81.25,201.75
738.48,520.88,-81.25,201.75
738.55,520.88,-81.25,201.75
738.61,520.88,-81.25,201.75
738.68,520.88,-81.25,201.75
738.75,520.88,-81.25,201.75
738.81,520.88,-81.25,201.75
738.88,520.88,-81.25,201.75
738.94,520.88,-81.25,201.75
739.01,520.88,-81.25,201.75
739.08,520.88,-81.25,201.75
739.15,520.88,-81.25,201.75
739.22,520.88,-81.25,201.75
739.29,520.88,-81.25,201.75
739.36,520.88,-81.25,201.75
739.43,520.88,-81.25,201.75
739.49,520.88,-81.25,201.75
739.56,520.88,-81.25,201.75
739.63,520.88,-81.25,201.75
739.69,520.88,-81.25,201.75
739.76,520.88,-81.25,201.75
739.83,520.88,-81.25,201.75
739.89,520.88,-81.25,201.75
739.96,520.88,-81.25,201.75
740.03,520.88,-81.25,201.75
740.1,520.88,-81.25,201.75
740.17,520.88,-81.25,201.75
740.23,520.88,-81.25,201.75
740.31,520.88,-81.25,201.75
740.38,520.88,-81.25,201.75
740.45,520.88,-81.25,201.75
740.51,520.88,-81.25,201.75
740.58,520.88,-81.25,201.75
740.65,520.88,-81.25,201.75
740.71,520.88,-81.25,201.75
740.78,520.88,-81.25,201.75
740.84,520.88,-81.25,201.75
740.91,520.88,-81.25,201.75
740.98,520.88,-81.25,201.75
741.04,520.88,-81.25,201.75
741.11,520.88,-81.25,201.75
741.18,520.88,-81.25,201.75
741.24,520.88,-81.25,201.75
741.31,520.88,-81.25,201.75
741.37,520.88,-81.25,201.75
741.44,520.88,-81.25,201.75
741.51,520.88,-81.25,201.75
741.58,520.88,-81.25,201.75
741.65,520.88,-81.25,201.75
741.71,520.88,-81.25,201.75
741.78,520.88,-81.25,201.75
741.85,520.88,-81.25,201.75
741.92,520.88,-81.25,201.75
741.99,520.88,-81.25,201.75
742.06,520.88,-81.25,201.75
742.12,520.88,-81.25,201.75
742.19,520.88,-81.25,201.75
742.25,520.88,-81.25,201.75
742.32,520.88,-81.25,201.75
742.39,520.88,-81.25,201.75
742.46,520.88,-81.25,201.75
742.53,520.88,-81.25,201.75
742.6,520.88,-81.25,201.75
742.67,520.88,-81.25,201.75
742.73,520.88,-81.25,201.75
742.8,520.88,-81.25,201.75
742.87,520.88,-81.25,201.75
742.94,520.88,-81.25,201.75
743.0,520.88,-81.25,201.75
743.07,520.88,-81.25,201.75
743.13,520.88,-81.25,201.75
743.2,520.88,-81.25,201.75
743.27,520.88,-81.25,201.75
743.34,520.88,-81.25,201.75
743.4,520.88,-81.25,201.75
743.48,520.88,-81.25,201.75
743.55,520.88,-81.25,201.75
743.61,520.88,-81.25,201.75
743.68,520.88,-81.25,201.75
743.75,520.88,-81.25,201.75
743.82,520.88,-81.25,201.75
743.89,520.88,-81.25,201.75
743.96,520.88,-81.25,201.75
744.02,520.88,-81.25,201.75
744.09,520.88,-81.25,201.75
744.16,520.88,-81.25,201.75
744.22,520.88,-81.25,201.75
744.29,520.88,-81.25,201.75
744.36,520.88,-81.25,201.75
744.43,520.88,-81.25,201.75
744.5,520.88,-81.25,201.75
744.57,520.88,-81.25,201.75
744.64,520.88,-81.25,201.75
744.71,520.88,-81.25,201.75
744.78,520.88,-81.25,201.75
744.85,520.88,-81.25,201.75
744.92,520.88,-81.25,201.75
744.99,520.88,-81.25,201.75
745.05,520.88,-81.25,201.75
745.12,520.88,-81.25,201.75
745.19,520.88,-81.25,201.75
745.26,520.88,-81.25,201.75
745.32,520.88,-81.25,201.75
745.39,520.88,-81.25,201.75
745.45,520.88,-81.25,201.75
745.52,520.88,-81.25,201.75
745.59,520.88,-81.25,201.75
745.65,520.88,-81.25,201.75
745.72,520.88,-81.25,201.75
745.79,520.88,-81.25,201.75
745.85,520.88,-81.25,201.75
745.92,520.88,-81.25,201.75
745.99,520.88,-81.25,201.75
746.06,520.88,-81.25,201.75
746.12,520.88,-81.25,201.75
746.19,520.88,-81.25,201.75
746.26,520.88,-81.25,201.75
746.33,520.88,-81.25,201.75
746.4,520.88,-81.25,201.75
746.46,520.88,-81.25,201.75
746.53,520.88,-81.25,201.75
746.6,520.88,-81.25,201.75
746.66,520.88,-81.25,201.75
746.73,520.88,-81.25,201.75
746.79,520.88,-81.25,201.75
746.86,520.88,-81.25,201.75
746.93,520.88,-81.25,201.75
746.99,520.88,-81.25,201.75
747.06,520.88,-81.25,201.75
747.13,520.88,-81.25,201.75
747.2,520.88,-81.25,201.75
747.27,520.88,-81.25,201.75
747.34,520.88,-81.25,201.75
747.41,520.88,-81.25,201.75
747.47,520.88,-81.25,201.75
747.54,520.88,-81.25,201.75
747.61,520.88,-81.25,201.75
747.67,520.88,-81.25,201.75
747.74,520.88,-81.25,201.75
747.8,520.88,-81.25,201.75
747.87,520.88,-81.25,201.75
747.94,520.88,-81.25,201.75
748.0,520.88,-81.25,201.75
748.07,520.88,-81.25,201.75
748.14,520.88,-81.25,201.75
748.21,520.88,-81.25,201.75
748.27,520.88,-81.25,201.75
748.34,520.88,-81.25,201.75
748.41,520.88,-81.25,201.75
748.48,520.88,-81.25,201.75
748.55,520.88,-81.25,201.75
748.62,520.88,-81.25,201.75
748.68,520.88,-81.25,201.75
748.75,520.88,-81.25,201.75
748.82,520.88,-81.25,201.75
748.89,520.88,-81.25,201.75
748.96,520.88,-81.25,201.75
749.03,520.88,-81.25,201.75
749.1,520.88,-81.25,201.75
749.17,520.88,-81.25,201.75
749.24,520.88,-81.25,201.75
749.31,520.88,-81.25,201.75
749.38,520.88,-81.25,201.75
749.44,520.88,-81.25,201.75
749.51,520.88,-81.25,201.75
749.58,520.88,-81.25,201.75
749.64,520.88,-81.25,201.75
749.71,520.88,-81.25,201.75
749.78,520.88,-81.25,201.75
749.85,520.88,-81.25,201.75
749.91,520.88,-81.25,201.75
749.98,520.88,-81.25,201.75
750.05,520.88,-81.25,201.75
750.12,520.88,-81.25,201.75
750.19,520.88,-81.25,201.75
750.25,520.88,-81.25,201.75
750.32,520.88,-81.25,201.75
750.39,520.88,-81.25,201.75
750.46,520.88,-81.25,201.75
750.53,520.88,-81.25,201.75
750.59,520.88,-81.25,201.75
750.66,520.88,-81.25,201.75
750.73,520.88,-81.25,201.75
750.8,520.88,-81.25,201.75
750.87,520.88,-81.25,201.75
750.94,520.88,-81.25,201.75
751.0,520.88,-81.25,201.75
751.07,520.88,-81.25,201.75
751.14,520.88,-81.25,201.75
751.2,520.88,-81.25,201.75
751.27,520.88,-81.25,201.75
751.34,520.88,-81.25,201.75
751.41,520.88,-81.25,201.75
751.48,520.88,-81.25,201.75
751.55,520.88,-81.25,201.75
751.63,520.88,-81.25,201.75
751.7,520.88,-81.25,201.75
751.76,520.88,-81.25,201.75
751.83,520.88,-81.25,201.75
751.9,520.88,-81.25,201.75
751.96,520.88,-81.25,201.75
752.03,520.88,-81.25,201.75
752.1,520.88,-81.25,201.75
752.16,520.88,-81.25,201.75
752.23,520.88,-81.25,201.75
752.29,520.88,-81.25,201.75
752.36,520.88,-81.25,201.75
752.43,520.88,-81.25,201.75
752.5,520.88,-81.25,201.75
752.57,520.88,-81.25,201.75
752.64,520.88,-81.25,201.75
752.71,520.88,-81.25,201.75
752.78,520.88,-81.25,201.75
752.84,520.88,-81.25,201.75
752.91,520.88,-81.25,201.75
752.98,520.88,-81.25,201.75
753.05,520.88,-81.25,201.75
753.12,520.88,-81.25,201.75
753.18,520.88,-81.25,201.75
753.25,520.88,-81.25,201.75
753.31,520.88,-81.25,201.75
753.38,520.88,-81.25,201.75
753.45,520.88,-81.25,201.75
753.51,520.88,-81.25,201.75
753.58,520.88,-81.25,201.75
753.65,520.88,-81.25,201.75
753.71,520.88,-81.25,201.75
753.79,520.88,-81.25,201.75
753.85,520.88,-81.25,201.75
753.92,520.88,-81.25,201.75
753.99,520.88,-81.25,201.75
754.06,520.88,-81.25,201.75
754.13,520.88,-81.25,201.75
754.2,520.88,-81.25,201.75
754.27,520.88,-81.25,201.75
754.34,520.88,-81.25,201.75
754.41,520.88,-81.25,201.75
754.47,520.88,-81.25,201.75
754.54,520.88,-81.25,201.75
754.61,520.88,-81.25,201.75
754.68,520.88,-81.25,201.75
754.75,520.88,-81.25,201.75
754.82,520.88,-81.25,201.75
754.88,520.88,-81.25,201.75
754.95,520.88,-81.25,201.75
755.02,520.88,-81.25,201.75
755.09,520.88,-81.25,201.75
755.15,520.88,-81.25,201.75
755.22,520.88,-81.25,201.75
755.29,520.88,-81.25,201.75
755.35,520.88,-81.25,201.75
755.42,520.88,-81.25,201.75
755.49,520.88,-81.25,201.75
755.55,520.88,-81.25,201.75
755.62,520.88,-81.25,201.75
755.69,520.88,-81.25,201.75
755.76,520.88,-81.25,201.75
755.82,520.88,-81.25,201.75
755.89,520.88,-81.25,201.75
755.97,520.88,-81.25,201.75
756.04,520.88,-81.25,201.75
756.11,520.88,-81.25,201.75
756.18,520.88,-81.25,201.75
756.25,520.88,-81.25,201.75
756.32,520.88,-81.25,201.75
756.38,520.88,-81.25,201.75
756.45,520.88,-81.25,201.75
756.52,520.88,-81.25,201.75
756.59,520.88,-81.25,201.75
756.65,520.88,-81.25,201.75
756.72,520.88,-81.25,201.75
756.78,520.88,-81.25,201.75
756.85,520.88,-81.25,201.75
756.92,520.88,-81.25,201.75
756.99,520.88,-81.25,201.75
757.05,520.88,-81.25,201.75
757.12,520.88,-81.25,201.75
757.19,520.88,-81.25,201.75
757.26,520.88,-81.25,201.75
757.33,520.88,-81.25,201.75
757.4,520.88,-81.25,201.75
757.47,520.88,-81.25,201.75
757.54,520.88,-81.25,201.75
757.61,520.88,-81.25,201.75
757.68,520.88,-81.25,201.75
757.74,520.88,-81.25,201.75
757.81,520.88,-81.25,201.75
757.88,520.88,-81.25,201.75
757.95,520.88,-81.25,201.75
758.02,520.88,-81.25,201.75
758.08,520.88,-81.25,201.75
758.15,520.88,-81.25,201.75
758.22,520.88,-81.25,201.75
758.29,520.88,-81.25,201.75
758.36,520.88,-81.25,201.75
758.43,520.88,-81.25,201.75
758.49,520.88,-81.25,201.75
758.56,520.88,-81.25,201.75
758.63,520.88,-81.25,201.75
758.7,520.88,-81.25,201.75
758.76,520.88,-81.25,201.75
758.83,520.88,-81.25,201.75
758.9,520.88,-81.25,201.75
758.97,520.88,-81.25,201.75
759.03,520.88,-81.25,201.75
759.1,520.88,-81.25,201.75
759.17,520.88,-81.25,201.75
759.23,520.88,-81.25,201.75
759.3,520.88,-81.25,201.75
759.36,520.88,-81.25,201.75
759.43,520.88,-81.25,201.75
759.5,520.88,-81.25,201.75
759.56,520.88,-81.25,201.75
759.63,520.88,-81.25,201.75
759.7,520.88,-81.25,201.75
759.76,520.88,-81.25,201.75
759.83,520.88,-81.25,201.75
759.9,520.88,-81.25,201.75
759.97,520.88,-81.25,201.75
760.04,520.88,-81.25,201.75
760.11,520.88,-81.25,201.75
760.18,520.88,-81.25,201.75
760.25,520.88,-81.25,201.75
760.31,520.88,-81.25,201.75
760.38,520.88,-81.25,201.75
760.45,520.88,-81.25,201.75
760.51,520.88,-81.25,201.75
760.58,520.88,-81.25,201.75
760.65,520.88,-81.25,201.75
760.71,520.88,-81.25,201.75
760.78,520.88,-81.25,201.75
760.85,520.88,-81.25,201.75
760.91,520.88,-81.25,201.75
760.98,520.88,-81.25,201.75
761.05,520.88,-81.25,201.75
761.12,520.88,-81.25,201.75
761.19,520.88,-81.25,201.75
761.25,520.88,-81.25,201.75
761.32,520.88,-81.25,201.75
761.39,520.88,-81.25,201.75
761.46,520.88,-81.25,201.75
761.52,520.88,-81.25,201.75
761.59,520.88,-81.25,201.75
761.66,520.88,-81.25,201.75
761.72,520.88,-81.25,201.75
761.79,520.88,-81.25,201.75
761.86,520.88,-81.25,201.75
761.93,520.88,-81.25,201.75
762.0,520.88,-81.25,201.75
762.06,520.88,-81.25,201.75
762.13,520.88,-81.25,201.75
762.2,520.88,-81.25,201.75
762.27,520.88,-81.25,201.75
762.34,520.88,-81.25,201.75
762.4,520.88,-81.25,201.75
762.47,520.88,-81.25,201.75
762.54,520.88,-81.25,201.75
762.6,520.88,-81.25,201.75
762.67,520.88,-81.25,201.75
762.73,520.88,-81.25,201.75
762.8,520.88,-81.25,201.75
762.87,520.88,-81.25,201.75
762.94,520.88,-81.25,201.75
763.01,520.88,-81.25,201.75
763.07,520.88,-81.25,201.75
763.14,520.88,-81.25,201.75
763.21,520.88,-81.25,201.75
763.28,520.88,-81.25,201.75
763.35,520.88,-81.25,201.75
763.41,520.88,-81.25,201.75
763.48,520.88,-81.25,201.75
763.55,520.88,-81.25,201.75
763.61,520.88,-81.25,201.75
763.68,520.88,-81.25,201.75
763.75,520.88,-81.25,201.75
763.82,520.88,-81.25,201.75
763.88,520.88,-81.25,201.75
763.95,520.88,-81.25,201.75
764.02,520.88,-81.25,201.75
764.09,520.88,-81.25,201.75
764.16,520.88,-81.25,201.75
764.23,520.88,-81.25,201.75
764.3,520.88,-81.25,201.75
764.36,520.88,-81.25,201.75
764.43,520.88,-81.25,201.75
764.5,520.88,-81.25,201.75
764.56,520.88,-81.25,201.75
764.63,520.88,-81.25,201.75
764.7,520.88,-81.25,201.75
764.77,520.88,-81.25,201.75
764.83,520.88,-81.25,201.75
764.91,520.88,-81.25,201.75
764.98,520.88,-81.25,201.75
765.04,520.88,-81.25,201.75
765.11,520.88,-81.25,201.75
765.18,520.88,-81.25,201.75
765.25,520.88,-81.25,201.75
765.32,520.88,-81.25,201.75
765.39,520.88,-81.25,201.75
765.46,520.88,-81.25,201.75
765.52,520.88,-81.25,201.75
765.59,520.88,-81.25,201.75
765.66,520.88,-81.25,201.75
765.72,520.88,-81.25,201.75
765.79,520.88,-81.25,201.75
765.85,520.88,-81.25,201.75
765.92,520.88,-81.25,201.75
765.99,520.88,-81.25,201.75
766.06,520.88,-81.25,201.75
766.13,520.88,-81.25,201.75
766.19,520.88,-81.25,201.75
766.26,520.88,-81.25,201.75
766.33,520.88,-81.25,201.75
766.4,520.88,-81.25,201.75
766.47,520.88,-81.25,201.75
766.54,520.88,-81.25,201.75
766.6,520.88,-81.25,201.75
766.67,520.88,-81.25,201.75
766.73,520.88,-81.25,201.75
766.8,520.88,-81.25,201.75
766.87,520.88,-81.25,201.75
766.94,520.88,-81.25,201.75
767.0,520.88,-81.25,201.75
767.07,520.88,-81.25,201.75
767.14,520.88,-81.25,201.75
767.21,520.88,-81.25,201.75
767.28,520.88,-81.25,201.75
767.35,520.88,-81.25,201.75
767.41,520.88,-81.25,201.75
767.48,520.88,-81.25,201.75
767.55,520.88,-81.25,201.75
767.61,520.88,-81.25,201.75
767.68,520.88,-81.25,201.75
767.75,520.88,-81.25,201.75
767.82,520.88,-81.25,201.75
767.88,520.88,-81.25,201.75
767.95,520.88,-81.25,201.75
768.01,520.88,-81.25,201.75
768.08,520.88,-81.25,201.75
768.15,520.88,-81.25,201.75
768.21,520.88,-81.25,201.75
768.28,520.88,-81.25,201.75
768.35,520.88,-81.25,201.75
768.42,520.88,-81.25,201.75
768.49,520.88,-81.25,201.75
768.56,520.88,-81.25,201.75
768.63,520.88,-81.25,201.75
768.69,520.88,-81.25,201.75
768.76,520.88,-81.25,201.75
768.83,520.88,-81.25,201.75
768.9,520.88,-81.25,201.75
768.96,520.88,-81.25,201.75
769.03,520.88,-81.25,201.75
769.1,520.88,-81.25,201.75
769.16,520.88,-81.25,201.75
769.23,520.88,-81.25,201.75
769.3,520.88,-81.25,201.75
769.36,520.88,-81.25,201.75
769.44,520.88,-81.25,201.75
769.5,520.88,-81.25,201.75
769.57,520.88,-81.25,201.75
769.64,520.88,-81.25,201.75
769.71,520.88,-81.25,201.75
769.78,520.88,-81.25,201.75
769.85,520.88,-81.25,201.75
769.92,520.88,-81.25,201.75
769.98,520.88,-81.25,201.75
770.05,520.88,-81.25,201.75
770.12,520.88,-81.25,201.75
770.18,520.88,-81.25,201.75
770.25,520.88,-81.25,201.75
770.32,520.88,-81.25,201.75
770.38,520.88,-81.25,201.75
770.46,520.88,-81.25,201.75
770.53,520.88,-81.25,201.75
770.59,520.88,-81.25,201.75
770.66,520.88,-81.25,201.75
770.74,520.88,-81.25,201.75
770.8,520.88,-81.25,201.75
770.87,520.88,-81.25,201.75
770.94,520.88,-81.25,201.75
771.01,520.88,-81.25,201.75
771.08,520.88,-81.25,201.75
771.15,520.88,-81.25,201.75
771.21,520.88,-81.25,201.75
771.28,520.88,-81.25,201.75
771.35,520.88,-81.25,201.75
771.41,520.88,-81.25,201.75
771.48,520.88,-81.25,201.75
771.55,520.88,-81.25,201.75
771.61,520.88,-81.25,201.75
771.68,520.88,-81.25,201.75
771.75,520.88,-81.25,201.75
771.82,520.88,-81.25,201.75
771.89,520.88,-81.25,201.75
771.96,520.88,-81.25,201.75
772.02,520.88,-81.25,201.75
772.09,520.88,-81.25,201.75
772.16,520.88,-81.25,201.75
772.23,520.88,-81.25,201.75
772.3,520.88,-81.25,201.75
772.37,520.88,-81.25,201.75
772.43,520.88,-81.25,201.75
772.5,520.88,-81.25,201.75
772.57,520.88,-81.25,201.75
772.64,520.88,-81.25,201.75
772.71,520.88,-81.25,201.75
772.78,520.88,-81.25,201.75
772.85,520.88,-81.25,201.75
772.91,520.88,-81.25,201.75
772.98,520.88,-81.25,201.75
773.05,520.88,-81.25,201.75
773.11,520.88,-81.25,201.75
773.19,520.88,-81.25,201.75
773.25,520.88,-81.25,201.75
773.32,520.88,-81.25,201.75
773.39,520.88,-81.25,201.75
773.46,520.88,-81.25,201.75
773.52,520.88,-81.25,201.75
773.59,520.88,-81.25,201.75
773.66,520.88,-81.25,201.75
773.73,520.88,-81.25,201.75
773.8,520.88,-81.25,201.75
773.87,520.88,-81.25,201.75
773.94,520.88,-81.25,201.75
774.0,520.88,-81.25,201.75
774.07,520.88,-81.25,201.75
774.14,520.88,-81.25,201.75
774.2,520.88,-81.25,201.75
774.27,520.88,-81.25,201.75
774.34,520.88,-81.25,201.75
774.4,520.88,-81.25,201.75
774.47,520.88,-81.25,201.75
774.54,520.88,-81.25,201.75
774.6,520.88,-81.25,201.75
774.67,520.88,-81.25,201.75
774.74,520.88,-81.25,201.75
774.81,520.88,-81.25,201.75
774.88,520.88,-81.25,201.75
774.95,520.88,-81.25,201.75
775.01,520.88,-81.25,201.75
775.08,520.88,-81.25,201.75
775.15,520.88,-81.25,201.75
775.21,520.88,-81.25,201.75
775.28,520.88,-81.25,201.75
775.35,520.88,-81.25,201.75
775.42,520.88,-81.25,201.75
775.49,520.88,-81.25,201.75
775.55,520.88,-81.25,201.75
775.62,520.88,-81.25,201.75
775.69,520.88,-81.25,201.75
775.75,520.88,-81.25,201.75
775.82,520.88,-81.25,201.75
775.89,520.88,-81.25,201.75
775.95,520.88,-81.25,201.75
776.02,520.88,-81.25,201.75
776.09,520.88,-81.25,201.75
776.16,520.88,-81.25,201.75
776.23,520.88,-81.25,201.75
776.3,520.88,-81.25,201.75
776.36,520.88,-81.25,201.75
776.43,520.88,-81.25,201.75
776.5,520.88,-81.25,201.75
776.57,520.88,-81.25,201.75
776.63,520.88,-81.25,201.75
776.7,520.88,-81.25,201.75
776.77,520.88,-81.25,201.75
776.83,520.88,-81.25,201.75
776.9,520.88,-81.25,201.75
776.97,520.88,-81.25,201.75
777.03,520.88,-81.25,201.75
777.1,520.88,-81.25,201.75
777.17,520.88,-81.25,201.75
777.23,520.88,-81.25,201.75
777.3,520.88,-81.25,201.75
777.37,520.88,-81.25,201.75
777.44,520.88,-81.25,201.75
777.5,520.88,-81.25,201.75
777.58,520.88,-81.25,201.75
777.65,520.88,-81.25,201.75
777.71,520.88,-81.25,201.75
777.78,520.88,-81.25,201.75
777.85,520.88,-81.25,201.75
777.92,520.88,-81.25,201.75
777.98,520.88,-81.25,201.75
778.05,520.88,-81.25,201.75
778.12,520.88,-81.25,201.75
778.19,520.88,-81.25,201.75
778.26,520.88,-81.25,201.75
778.33,520.88,-81.25,201.75
778.39,520.88,-81.25,201.75
778.46,520.88,-81.25,201.75
778.53,520.88,-81.25,201.75
778.59,520.88,-81.25,201.75
778.66,520.88,-81.25,201.75
778.73,520.88,-81.25,201.75
778.79,520.88,-81.25,201.75
778.86,520.88,-81.25,201.75
778.93,520.88,-81.25,201.75
779.0,520.88,-81.25,201.75
779.07,520.88,-81.25,201.75
779.14,520.88,-81.25,201.75
779.21,520.88,-81.25,201.75
779.28,520.88,-81.25,201.75
779.35,520.88,-81.25,201.75
779.42,520.88,-81.25,201.75
779.49,520.88,-81.25,201.75
779.56,520.88,-81.25,201.75
779.63,520.88,-81.25,201.75
779.69,520.88,-81.25,201.75
779.76,520.88,-81.25,201.75
779.83,520.88,-81.25,201.75
779.91,520.88,-81.25,201.75
779.97,520.88,-81.25,201.75
780.04,520.88,-81.25,201.75
780.11,520.88,-81.25,201.75
780.18,520.88,-81.25,201.75
780.24,520.88,-81.25,201.75
780.31,520.88,-81.25,201.75
780.38,520.88,-81.25,201.75
780.44,520.88,-81.25,201.75
780.51,520.88,-81.25,201.75
780.58,520.88,-81.25,201.75
780.65,520.88,-81.25,201.75
780.71,520.88,-81.25,201.75
780.78,520.88,-81.25,201.75
780.84,520.88,-81.25,201.75
780.91,520.88,-81.25,201.75
780.98,520.88,-81.25,201.75
781.04,520.88,-81.25,201.75
781.11,520.88,-81.25,201.75
781.18,520.88,-81.25,201.75
781.25,520.88,-81.25,201.75
781.31,520.88,-81.25,201.75
781.38,520.88,-81.25,201.75
781.45,520.88,-81.25,201.75
781.52,520.88,-81.25,201.75
781.59,520.88,-81.25,201.75
781.66,520.88,-81.25,201.75
781.73,520.88,-81.25,201.75
781.79,520.88,-81.25,201.75
781.86,520.88,-81.25,201.75
781.93,520.88,-81.25,201.75
782.0,520.88,-81.25,201.75
782.06,520.88,-81.25,201.75
782.13,520.88,-81.25,201.75
782.2,520.88,-81.25,201.75
782.26,520.88,-81.25,201.75
782.33,520.88,-81.25,201.75
782.4,520.88,-81.25,201.75
782.46,520.88,-81.25,201.75
782.53,520.88,-81.25,201.75
782.6,520.88,-81.25,201.75
782.67,520.88,-81.25,201.75
782.73,520.88,-81.25,201.75
782.8,520.88,-81.25,201.75
782.87,520.88,-81.25,201.75
782.93,520.88,-81.25,201.75
783.0,520.88,-81.25,201.75
783.07,520.88,-81.25,201.75
783.14,520.88,-81.25,201.75
783.21,520.88,-81.25,201.75
783.28,520.88,-81.25,201.75
783.35,520.88,-81.25,201.75
783.42,520.88,-81.25,201.75
783.5,520.88,-81.25,201.75
783.57,520.88,-81.25,201.75
783.63,520.88,-81.25,201.75
783.7,520.88,-81.25,201.75
783.77,520.88,-81.25,201.75
783.84,520.88,-81.25,201.75
783.91,520.88,-81.25,201.75
783.98,520.88,-81.25,201.75
784.05,520.88,-81.25,201.75
784.12,520.88,-81.25,201.75
784.19,520.88,-81.25,201.75
784.26,520.88,-81.25,201.75
784.33,520.88,-81.25,201.75
784.4,520.88,-81.25,201.75
784.46,520.88,-81.25,201.75
784.53,520.88,-81.25,201.75
784.6,520.88,-81.25,201.75
784.67,520.88,-81.25,201.75
784.74,520.88,-81.25,201.75
784.81,520.88,-81.25,201.75
784.88,520.88,-81.25,201.75
784.95,520.88,-81.25,201.75
785.01,520.88,-81.25,201.75
785.08,520.88,-81.25,201.75
785.16,520.88,-81.25,201.75
785.22,520.88,-81.25,201.75
785.29,520.88,-81.25,201.75
785.36,520.88,-81.25,201.75
785.44,520.88,-81.25,201.75
785.51,520.88,-81.25,201.75
785.57,520.88,-81.25,201.75
785.64,520.88,-81.25,201.75
785.71,520.88,-81.25,201.75
785.77,520.88,-81.25,201.75
785.84,520.88,-81.25,201.75
785.91,520.88,-81.25,201.75
785.98,520.88,-81.25,201.75
786.04,520.88,-81.25,201.75
786.11,520.88,-81.25,201.75
786.18,520.88,-81.25,201.75
786.25,520.88,-81.25,201.75
786.32,520.88,-81.25,201.75
786.39,520.88,-81.25,201.75
786.46,520.88,-81.25,201.75
786.52,520.88,-81.25,201.75
786.59,520.88,-81.25,201.75
786.66,520.88,-81.25,201.75
786.73,520.88,-81.25,201.75
786.8,520.88,-81.25,201.75
786.87,520.88,-81.25,201.75
786.94,520.88,-81.25,201.75
787.01,520.88,-81.25,201.75
787.07,520.88,-81.25,201.75
787.14,520.88,-81.25,201.75
787.21,520.88,-81.25,201.75
787.28,520.88,-81.25,201.75
787.35,520.88,-81.25,201.75
787.42,520.88,-81.25,201.75
787.48,520.88,-81.25,201.75
787.55,520.88,-81.25,201.75
787.62,520.88,-81.25,201.75
787.68,520.88,-81.25,201.75
787.75,520.88,-81.25,201.75
787.82,520.88,-81.25,201.75
787.88,520.88,-81.25,201.75
787.95,520.88,-81.25,201.75
788.02,520.88,-81.25,201.75
788.08,520.88,-81.25,201.75
788.15,520.88,-81.25,201.75
788.22,520.88,-81.25,201.75
788.28,520.88,-81.25,201.75
788.35,520.88,-81.25,201.75
788.42,520.88,-81.25,201.75
788.48,520.88,-81.25,201.75
788.55,520.88,-81.25,201.75
788.61,520.88,-81.25,201.75
788.68,520.88,-81.25,201.75
788.75,520.88,-81.25,201.75
788.82,520.88,-81.25,201.75
788.89,520.88,-81.25,201.75
788.95,520.88,-81.25,201.75
789.02,520.88,-81.25,201.75
789.09,520.88,-81.25,201.75
789.16,520.88,-81.25,201.75
789.23,520.88,-81.25,201.75
789.29,520.88,-81.25,201.75
789.36,520.88,-81.25,201.75
789.42,520.88,-81.25,201.75
789.49,520.88,-81.25,201.75
789.56,520.88,-81.25,201.75
789.63,520.88,-81.25,201.75
789.69,520.88,-81.25,201.75
789.76,520.88,-81.25,201.75
789.83,520.88,-81.25,201.75
789.89,520.88,-81.25,201.75
789.96,520.88,-81.25,201.75
790.03,520.88,-81.25,201.75
790.1,520.88,-81.25,201.75
790.17,520.88,-81.25,201.75
790.24,520.88,-81.25,201.75
790.3,520.88,-81.25,201.75
790.37,520.88,-81.25,201.75
790.43,520.88,-81.25,201.75
790.5,520.88,-81.25,201.75
790.57,520.88,-81.25,201.75
790.64,520.88,-81.25,201.75
790.71,520.88,-81.25,201.75
790.78,520.88,-81.25,201.75
790.86,520.88,-81.25,201.75
790.92,520.88,-81.25,201.75
790.99,520.88,-81.25,201.75
791.06,520.88,-81.25,201.75
791.13,520.88,-81.25,201.75
791.2,520.88,-81.25,201.75
791.27,520.88,-81.25,201.75
791.34,520.88,-81.25,201.75
791.41,520.88,-81.25,201.75
791.48,520.88,-81.25,201.75
791.54,520.88,-81.25,201.75
791.61,520.88,-81.25,201.75
791.68,520.88,-81.25,201.75
791.75,520.88,-81.25,201.75
791.82,520.88,-81.25,201.75
791.89,520.88,-81.25,201.75
791.96,520.88,-81.25,201.75
792.03,520.88,-81.25,201.75
792.1,520.88,-81.25,201.75
792.17,520.88,-81.25,201.75
792.24,520.88,-81.25,201.75
792.31,520.88,-81.25,201.75
792.38,520.88,-81.25,201.75
792.45,520.88,-81.25,201.75
792.52,520.88,-81.25,201.75
792.59,520.88,-81.25,201.75
792.65,520.88,-81.25,201.75
792.72,520.88,-81.25,201.75
792.78,520.88,-81.25,201.75
792.85,520.88,-81.25,201.75
792.92,520.88,-81.25,201.75
792.99,520.88,-81.25,201.75
793.05,520.88,-81.25,201.75
793.12,520.88,-81.25,201.75
793.19,520.88,-81.25,201.75
793.26,520.88,-81.25,201.75
793.34,520.88,-81.25,201.75
793.41,520.88,-81.25,201.75
793.48,520.88,-81.25,201.75
793.55,520.88,-81.25,201.75
793.62,520.88,-81.25,201.75
793.68,520.88,-81.25,201.75
793.75,520.88,-81.25,201.75
793.82,520.88,-81.25,201.75
793.89,520.88,-81.25,201.75
793.95,520.88,-81.25,201.75
794.02,520.88,-81.25,201.75
794.09,520.88,-81.25,201.75
794.17,520.88,-81.25,201.75
794.23,520.88,-81.25,201.75
794.31,520.88,-81.25,201.75
794.38,520.88,-81.25,201.75
794.45,520.88,-81.25,201.75
794.51,520.88,-81.25,201.75
794.58,520.88,-81.25,201.75
794.65,520.88,-81.25,201.75
794.72,520.88,-81.25,201.75
794.78,520.88,-81.25,201.75
794.85,520.88,-81.25,201.75
794.91,520.88,-81.25,201.75
794.98,520.88,-81.25,201.75
795.05,520.88,-81.25,201.75
795.12,520.88,-81.25,201.75
795.19,520.88,-81.25,201.75
795.26,520.88,-81.25,201.75
795.33,520.88,-81.25,201.75
795.39,520.88,-81.25,201.75
795.46,520.88,-81.25,201.75
795.53,520.88,-81.25,201.75
795.6,520.88,-81.25,201.75
795.67,520.88,-81.25,201.75
795.73,520.88,-81.25,201.75
795.8,520.88,-81.25,201.75
795.87,520.88,-81.25,201.75
795.93,520.88,-81.25,201.75
796.0,520.88,-81.25,201.75
796.07,520.88,-81.25,201.75
796.14,520.88,-81.25,201.75
796.21,520.88,-81.25,201.75
796.28,520.88,-81.25,201.75
796.35,520.88,-81.25,201.75
796.42,520.88,-81.25,201.75
796.49,520.88,-81.25,201.75
796.55,520.88,-81.25,201.75
796.62,520.88,-81.25,201.75
796.69,520.88,-81.25,201.75
796.76,520.88,-81.25,201.75
796.83,520.88,-81.25,201.75
796.89,520.88,-81.25,201.75
796.96,520.88,-81.25,201.75
797.03,520.88,-81.25,201.75
797.1,520.88,-81.25,201.75
797.17,520.88,-81.25,201.75
797.24,520.88,-81.25,201.75
797.31,520.88,-81.25,201.75
797.38,520.88,-81.25,201.75
797.45,520.88,-81.25,201.75
797.52,520.88,-81.25,201.75
797.58,520.88,-81.25,201.75
797.65,520.88,-81.25,201.75
797.72,520.88,-81.25,201.75
797.78,520.88,-81.25,201.75
797.85,520.88,-81.25,201.75
797.92,520.88,-81.25,201.75
797.98,520.88,-81.25,201.75
798.05,520.88,-81.25,201.75
798.12,520.88,-81.25,201.75
798.19,520.88,-81.25,201.75
798.25,520.88,-81.25,201.75
798.32,520.88,-81.25,201.75
798.39,520.88,-81.25,201.75
798.45,520.88,-81.25,201.75
798.52,520.88,-81.25,201.75
798.59,520.88,-81.25,201.75
798.66,520.88,-81.25,201.75
798.73,520.88,-81.25,201.75
798.79,520.88,-81.25,201.75
798.86,520.88,-81.25,201.75
798.93,520.88,-81.25,201.75
799.0,520.88,-81.25,201.75
799.07,520.88,-81.25,201.75
799.14,520.88,-81.25,201.75
799.2,520.88,-81.25,201.75
799.27,520.88,-81.25,201.75
799.34,520.88,-81.25,201.75
799.4,520.88,-81.25,201.75
799.47,520.88,-81.25,201.75
799.54,520.88,-81.25,201.75
799.6,520.88,-81.25,201.75
799.67,520.88,-81.25,201.75
799.74,520.88,-81.25,201.75
799.81,520.88,-81.25,201.75
799.88,520.88,-81.25,201.75
799.95,520.88,-81.25,201.75
800.02,520.88,-81.25,201.75
800.1,520.88,-81.25,201.75
800.17,520.88,-81.25,201.75
800.24,520.88,-81.25,201.75
800.3,520.88,-81.25,201.75
800.37,520.88,-81.25,201.75
800.44,520.88,-81.25,201.75
800.51,520.88,-81.25,201.75
800.58,520.88,-81.25,201.75
800.64,520.88,-81.25,201.75
800.71,520.88,-81.25,201.75
800.77,520.88,-81.25,201.75
800.84,520.88,-81.25,201.75
800.91,520.88,-81.25,201.75
800.97,520.88,-81.25,201.75
801.04,520.88,-81.25,201.75
801.11,520.88,-81.25,201.75
801.18,520.88,-81.25,201.75
801.25,520.88,-81.25,201.75
801.31,520.88,-81.25,201.75
801.38,520.88,-81.25,201.75
801.45,520.88,-81.25,201.75
801.51,520.88,-81.25,201.75
801.58,520.88,-81.25,201.75
801.65,520.88,-81.25,201.75
801.71,520.88,-81.25,201.75
801.78,520.88,-81.25,201.75
801.85,520.88,-81.25,201.75
801.92,520.88,-81.25,201.75
801.99,520.88,-81.25,201.75
802.05,520.88,-81.25,201.75
802.12,520.88,-81.25,201.75
802.19,520.88,-81.25,201.75
802.25,520.88,-81.25,201.75
802.32,520.88,-81.25,201.75
802.39,520.88,-81.25,201.75
802.45,520.88,-81.25,201.75
802.52,520.88,-81.25,201.75
802.59,520.88,-81.25,201.75
802.66,520.88,-81.25,201.75
802.73,520.88,-81.25,201.75
802.8,520.88,-81.25,201.75
802.87,520.88,-81.25,201.75
802.93,520.88,-81.25,201.75
803.0,520.88,-81.25,201.75
803.07,520.88,-81.25,201.75
803.14,520.88,-81.25,201.75
803.21,520.88,-81.25,201.75
803.28,520.88,-81.25,201.75
803.35,520.88,-81.25,201.75
803.41,520.88,-81.25,201.75
803.48,520.88,-81.25,201.75
803.55,520.88,-81.25,201.75
803.61,520.88,-81.25,201.75
803.68,520.88,-81.25,201.75
803.75,520.88,-81.25,201.75
803.81,520.88,-81.25,201.75
803.88,520.88,-81.25,201.75
803.95,520.88,-81.25,201.75
804.02,520.88,-81.25,201.75
804.09,520.88,-81.25,201.75
804.16,520.88,-81.25,201.75
804.22,520.88,-81.25,201.75
804.29,520.88,-81.25,201.75
804.36,520.88,-81.25,201.75
804.43,520.88,-81.25,201.75
804.5,520.88,-81.25,201.75
804.56,520.88,-81.25,201.75
804.63,520.88,-81.25,201.75
804.69,520.88,-81.25,201.75
804.76,520.88,-81.25,201.75
804.83,520.88,-81.25,201.75
804.9,520.88,-81.25,201.75
804.97,520.88,-81.25,201.75
805.04,520.88,-81.25,201.75
805.1,520.88,-81.25,201.75
805.17,520.88,-81.25,201.75
805.24,520.88,-81.25,201.75
805.31,520.88,-81.25,201.75
805.38,520.88,-81.25,201.75
805.45,520.88,-81.25,201.75
805.52,520.88,-81.25,201.75
805.59,520.88,-81.25,201.75
805.66,520.88,-81.25,201.75
805.73,520.88,-81.25,201.75
805.8,520.88,-81.25,201.75
805.87,520.88,-81.25,201.75
805.93,520.88,-81.25,201.75
806.0,520.88,-81.25,201.75
806.07,520.88,-81.25,201.75
806.13,520.88,-81.25,201.75
806.2,520.88,-81.25,201.75
806.27,520.88,-81.25,201.75
806.34,520.88,-81.25,201.75
806.41,520.88,-81.25,201.75
806.47,520.88,-81.25,201.75
806.54,520.88,-81.25,201.75
806.61,520.88,-81.25,201.75
806.68,520.88,-81.25,201.75
806.75,520.88,-81.25,201.75
806.82,520.88,-81.25,201.75
806.89,520.88,-81.25,201.75
806.96,520.88,-81.25,201.75
807.03,520.88,-81.25,201.75
807.1,520.88,-81.25,201.75
807.17,520.88,-81.25,201.75
807.23,520.88,-81.25,201.75
807.3,520.88,-81.25,201.75
807.36,520.88,-81.25,201.75
807.43,520.88,-81.25,201.75
807.5,520.88,-81.25,201.75
807.56,520.88,-81.25,201.75
807.63,520.88,-81.25,201.75
807.7,520.88,-81.25,201.75
807.76,520.88,-81.25,201.75
807.83,520.88,-81.25,201.75
807.9,520.88,-81.25,201.75
807.97,520.88,-81.25,201.75
808.04,520.88,-81.25,201.75
808.1,520.88,-81.25,201.75
808.18,520.88,-81.25,201.75
808.25,520.88,-81.25,201.75
808.32,520.88,-81.25,201.75
808.38,520.88,-81.25,201.75
808.46,520.88,-81.25,201.75
808.52,520.88,-81.25,201.75
808.59,520.88,-81.25,201.75
808.66,520.88,-81.25,201.75
808.73,520.88,-81.25,201.75
808.8,520.88,-81.25,201.75
808.87,520.88,-81.25,201.75
808.94,520.88,-81.25,201.75
809.01,520.88,-81.25,201.75
809.07,520.88,-81.25,201.75
809.14,520.88,-81.25,201.75
809.21,520.88,-81.25,201.75
809.27,520.88,-81.25,201.75
809.34,520.88,-81.25,201.75
809.41,520.88,-81.25,201.75
809.47,520.88,-81.25,201.75
809.54,520.88,-81.25,201.75
809.61,520.88,-81.25,201.75
809.68,520.88,-81.25,201.75
809.74,520.88,-81.25,201.75
809.81,520.88,-81.25,201.75
809.88,520.88,-81.25,201.75
809.95,520.88,-81.25,201.75
810.02,520.88,-81.25,201.75
810.09,520.88,-81.25,201.75
810.15,520.88,-81.25,201.75
810.22,520.88,-81.25,201.75
810.29,520.88,-81.25,201.75
810.35,520.88,-81.25,201.75
810.42,520.88,-81.25,201.75
810.49,520.88,-81.25,201.75
810.56,520.88,-81.25,201.75
810.63,520.88,-81.25,201.75
810.69,520.88,-81.25,201.75
810.76,520.88,-81.25,201.75
810.83,520.88,-81.25,201.75
810.9,520.88,-81.25,201.75
810.96,520.88,-81.25,201.75
811.03,520.88,-81.25,201.75
811.09,520.88,-81.25,201.75
811.16,520.88,-81.25,201.75
811.23,520.88,-81.25,201.75
811.29,520.88,-81.25,201.75
811.36,520.88,-81.25,201.75
811.44,520.88,-81.25,201.75
811.5,520.88,-81.25,201.75
811.57,520.88,-81.25,201.75
811.64,520.88,-81.25,201.75
811.71,520.88,-81.25,201.75
811.78,520.88,-81.25,201.75
811.85,520.88,-81.25,201.75
811.92,520.88,-81.25,201.75
811.99,520.88,-81.25,201.75
812.06,520.88,-81.25,201.75
812.12,520.88,-81.25,201.75
812.19,520.88,-81.25,201.75
812.26,520.88,-81.25,201.75
812.33,520.88,-81.25,201.75
812.4,520.88,-81.25,201.75
812.47,520.88,-81.25,201.75
812.54,520.88,-81.25,201.75
812.61,520.88,-81.25,201.75
812.68,520.88,-81.25,201.75
812.75,520.88,-81.25,201.75
812.81,520.88,-81.25,201.75
812.88,520.88,-81.25,201.75
812.95,520.88,-81.25,201.75
813.02,520.88,-81.25,201.75
813.09,520.88,-81.25,201.75
813.16,520.88,-81.25,201.75
813.22,520.88,-81.25,201.75
813.29,520.88,-81.25,201.75
813.36,520.88,-81.25,201.75
813.42,520.88,-81.25,201.75
813.49,520.88,-81.25,201.75
813.56,520.88,-81.25,201.75
813.63,520.88,-81.25,201.75
813.7,520.88,-81.25,201.75
813.76,520.88,-81.25,201.75
813.83,520.88,-81.25,201.75
813.9,520.88,-81.25,201.75
813.97,520.88,-81.25,201.75
814.04,520.88,-81.25,201.75
814.11,520.88,-81.25,201.75
814.18,520.88,-81.25,201.75
814.24,520.88,-81.25,201.75
814.31,520.88,-81.25,201.75
814.38,520.88,-81.25,201.75
814.44,520.88,-81.25,201.75
814.51,520.88,-81.25,201.75
814.58,520.88,-81.25,201.75
814.64,520.88,-81.25,201.75
814.71,520.88,-81.25,201.75
814.78,520.88,-81.25,201.75
814.85,520.88,-81.25,201.75
814.91,520.88,-81.25,201.75
814.99,520.88,-81.25,201.75
815.05,520.88,-81.25,201.75
815.12,520.88,-81.25,201.75
815.19,520.88,-81.25,201.75
815.26,520.88,-81.25,201.75
815.33,520.88,-81.25,201.75
815.4,520.88,-81.25,201.75
815.46,520.88,-81.25,201.75
815.53,520.88,-81.25,201.75
815.6,520.88,-81.25,201.75
815.66,520.88,-81.25,201.75
815.73,520.88,-81.25,201.75
815.8,520.88,-81.25,201.75
815.86,520.88,-81.25,201.75
815.93,520.88,-81.25,201.75
816.0,520.88,-81.25,201.75
816.07,520.88,-81.25,201.75
816.14,520.88,-81.25,201.75
816.2,520.88,-81.25,201.75
816.27,520.88,-81.25,201.75
816.34,520.88,-81.25,201.75
816.41,520.88,-81.25,201.75
816.48,520.88,-81.25,201.75
816.54,520.88,-81.25,201.75
816.61,520.88,-81.25,201.75
816.67,520.88,-81.25,201.75
816.74,520.88,-81.25,201.75
816.81,520.88,-81.25,201.75
816.87,520.88,-81.25,201.75
816.94,520.88,-81.25,201.75
817.01,520.88,-81.25,201.75
817.08,520.88,-81.25,201.75
817.15,520.88,-81.25,201.75
817.21,520.88,-81.25,201.75
817.28,520.88,-81.25,201.75
817.35,520.88,-81.25,201.75
817.42,520.88,-81.25,201.75
817.48,520.88,-81.25,201.75
817.55,520.88,-81.25,201.75
817.62,520.88,-81.25,201.75
817.68,520.88,-81.25,201.75
817.75,520.88,-81.25,201.75
817.82,520.88,-81.25,201.75
817.88,520.88,-81.25,201.75
817.95,520.88,-81.25,201.75
818.02,520.88,-81.25,201.75
818.09,520.88,-81.25,201.75
818.16,520.88,-81.25,201.75
818.22,520.88,-81.25,201.75
818.29,520.88,-81.25,201.75
818.36,520.88,-81.25,201.75
818.43,520.88,-81.25,201.75
818.5,520.88,-81.25,201.75
818.56,520.88,-81.25,201.75
818.63,520.88,-81.25,201.75
818.7,520.88,-81.25,201.75
818.77,520.88,-81.25,201.75
818.83,520.88,-81.25,201.75
818.9,520.88,-81.25,201.75
818.97,520.88,-81.25,201.75
819.04,520.88,-81.25,201.75
819.1,520.88,-81.25,201.75
819.17,520.88,-81.25,201.75
819.24,520.88,-81.25,201.75
819.31,520.88,-81.25,201.75
819.38,520.88,-81.25,201.75
819.45,520.88,-81.25,201.75
819.51,520.88,-81.25,201.75
819.58,520.88,-81.25,201.75
819.65,520.88,-81.25,201.75
819.71,520.88,-81.25,201.75
819.78,520.88,-81.25,201.75
819.85,520.88,-81.25,201.75
819.92,520.88,-81.25,201.75
819.99,520.88,-81.25,201.75
820.06,520.88,-81.25,201.75
820.12,520.88,-81.25,201.75
820.2,520.88,-81.25,201.75
820.27,520.88,-81.25,201.75
820.34,520.88,-81.25,201.75
820.4,520.88,-81.25,201.75
820.47,520.88,-81.25,201.75
820.54,520.88,-81.25,201.75
820.6,520.88,-81.25,201.75
820.67,520.88,-81.25,201.75
820.74,520.88,-81.25,201.75
820.8,520.88,-81.25,201.75
820.87,520.88,-81.25,201.75
820.94,520.88,-81.25,201.75
821.01,520.88,-81.25,201.75
821.08,520.88,-81.25,201.75
821.15,520.88,-81.25,201.75
821.22,520.88,-81.25,201.75
821.28,520.88,-81.25,201.75
821.35,520.88,-81.25,201.75
821.43,520.88,-81.25,201.75
821.49,520.88,-81.25,201.75
821.57,520.88,-81.25,201.75
821.64,520.88,-81.25,201.75
821.71,520.88,-81.25,201.75
821.78,520.88,-81.25,201.75
821.85,520.88,-81.25,201.75
821.91,520.88,-81.25,201.75
821.98,520.88,-81.25,201.75
822.05,520.88,-81.25,201.75
822.11,520.88,-81.25,201.75
822.18,520.88,-81.25,201.75
822.24,520.88,-81.25,201.75
822.31,520.88,-81.25,201.75
822.38,520.88,-81.25,201.75
822.45,520.88,-81.25,201.75
822.52,520.88,-81.25,201.75
822.59,520.88,-81.25,201.75
822.66,520.88,-81.25,201.75
822.73,520.88,-81.25,201.75
822.8,520.88,-81.25,201.75
822.86,520.88,-81.25,201.75
822.93,520.88,-81.25,201.75
822.99,520.88,-81.25,201.75
823.06,520.88,-81.25,201.75
823.13,520.88,-81.25,201.75
823.19,520.88,-81.25,201.75
823.26,520.88,-81.25,201.75
823.32,520.88,-81.25,201.75
823.39,520.88,-81.25,201.75
823.46,520.88,-81.25,201.75
823.53,520.88,-81.25,201.75
823.6,520.88,-81.25,201.75
823.66,520.88,-81.25,201.75
823.73,520.88,-81.25,201.75
823.8,520.88,-81.25,201.75
823.87,520.88,-81.25,201.75
823.94,520.88,-81.25,201.75
824.0,520.88,-81.25,201.75
824.07,520.88,-81.25,201.75
824.13,520.88,-81.25,201.75
824.2,520.88,-81.25,201.75
824.27,520.88,-81.25,201.75
824.33,520.88,-81.25,201.75
824.4,520.88,-81.25,201.75
824.46,520.88,-81.25,201.75
824.53,520.88,-81.25,201.75
824.6,520.88,-81.25,201.75
824.66,520.88,-81.25,201.75
824.73,520.88,-81.25,201.75
824.8,520.88,-81.25,201.75
824.87,520.88,-81.25,201.75
824.94,520.88,-81.25,201.75
825.01,520.88,-81.25,201.75
825.07,520.88,-81.25,201.75
825.14,520.88,-81.25,201.75
825.21,520.88,-81.25,201.75
825.27,520.88,-81.25,201.75
825.34,520.88,-81.25,201.75
825.41,520.88,-81.25,201.75
825.47,520.88,-81.25,201.75
825.54,520.88,-81.25,201.75
825.61,520.88,-81.25,201.75
825.68,520.88,-81.25,201.75
825.74,520.88,-81.25,201.75
825.81,520.88,-81.25,201.75
825.88,520.88,-81.25,201.75
825.95,520.88,-81.25,201.75
826.02,520.88,-81.25,201.75
826.09,520.88,-81.25,201.75
826.16,520.88,-81.25,201.75
826.22,520.88,-81.25,201.75
826.29,520.88,-81.25,201.75
826.36,520.88,-81.25,201.75
826.42,520.88,-81.25,201.75
826.49,520.88,-81.25,201.75
826.56,520.88,-81.25,201.75
826.62,520.88,-81.25,201.75
826.7,520.88,-81.25,201.75
826.76,520.88,-81.25,201.75
826.84,520.88,-81.25,201.75
826.9,520.88,-81.25,201.75
826.97,520.88,-81.25,201.75
827.04,520.88,-81.25,201.75
827.11,520.88,-81.25,201.75
827.18,520.88,-81.25,201.75
827.25,520.88,-81.25,201.75
827.31,520.88,-81.25,201.75
827.38,520.88,-81.25,201.75
827.44,520.88,-81.25,201.75
827.51,520.88,-81.25,201.75
827.58,520.88,-81.25,201.75
827.65,520.88,-81.25,201.75
827.72,520.88,-81.25,201.75
827.78,520.88,-81.25,201.75
827.85,520.88,-81.25,201.75
827.92,520.88,-81.25,201.75
827.99,520.88,-81.25,201.75
828.05,520.88,-81.25,201.75
828.13,520.88,-81.25,201.75
828.2,520.88,-81.25,201.75
828.27,520.88,-81.25,201.75
828.34,520.88,-81.25,201.75
828.4,520.88,-81.25,201.75
828.47,520.88,-81.25,201.75
828.54,520.88,-81.25,201.75
828.6,520.88,-81.25,201.75
828.67,520.88,-81.25,201.75
828.74,520.88,-81.25,201.75
828.81,520.88,-81.25,201.75
828.87,520.88,-81.25,201.75
828.94,520.88,-81.25,201.75
829.0,520.88,-81.25,201.75
829.07,520.88,-81.25,201.75
829.14,520.88,-81.25,201.75
829.2,520.88,-81.25,201.75
829.28,520.88,-81.25,201.75
829.34,520.88,-81.25,201.75
829.41,520.88,-81.25,201.75
829.48,520.88,-81.25,201.75
829.55,520.88,-81.25,201.75
829.62,520.88,-81.25,201.75
829.69,520.88,-81.25,201.75
829.75,520.88,-81.25,201.75
829.83,520.88,-81.25,201.75
829.89,520.88,-81.25,201.75
829.96,520.88,-81.25,201.75
830.03,520.88,-81.25,201.75
830.1,520.88,-81.25,201.75
830.17,520.88,-81.25,201.75
830.23,520.88,-81.25,201.75
830.3,520.88,-81.25,201.75
830.37,520.88,-81.25,201.75
830.44,520.88,-81.25,201.75
830.51,520.88,-81.25,201.75
830.58,520.88,-81.25,201.75
830.65,520.88,-81.25,201.75
830.72,520.88,-81.25,201.75
830.79,520.88,-81.25,201.75
830.86,520.88,-81.25,201.75
830.92,520.88,-81.25,201.75
830.99,520.88,-81.25,201.75
831.06,520.88,-81.25,201.75
831.13,520.88,-81.25,201.75
831.2,520.88,-81.25,201.75
831.27,520.88,-81.25,201.75
831.33,520.88,-81.25,201.75
831.4,520.88,-81.25,201.75
831.47,520.88,-81.25,201.75
831.54,520.88,-81.25,201.75
831.61,520.88,-81.25,201.75
831.67,520.88,-81.25,201.75
831.74,520.88,-81.25,201.75
831.81,520.88,-81.25,201.75
831.87,520.88,-81.25,201.75
831.94,520.88,-81.25,201.75
832.01,520.88,-81.25,201.75
832.08,520.88,-81.25,201.75
832.14,520.88,-81.25,201.75
832.21,520.88,-81.25,201.75
832.28,520.88,-81.25,201.75
832.35,520.88,-81.25,201.75
832.41,520.88,-81.25,201.75
832.48,520.88,-81.25,201.75
832.55,520.88,-81.25,201.75
832.63,520.88,-81.25,201.75
832.69,520.88,-81.25,201.75
832.76,520.88,-81.25,201.75
832.83,520.88,-81.25,201.75
832.9,520.88,-81.25,201.75
832.96,520.88,-81.25,201.75
833.03,520.88,-81.25,201.75
833.1,520.88,-81.25,201.75
833.17,520.88,-81.25,201.75
833.23,520.88,-81.25,201.75
833.3,520.88,-81.25,201.75
833.36,520.88,-81.25,201.75
833.43,520.88,-81.25,201.75
833.5,520.88,-81.25,201.75
833.58,520.88,-81.25,201.75
833.64,520.88,-81.25,201.75
833.71,520.88,-81.25,201.75
833.78,520.88,-81.25,201.75
833.85,520.88,-81.25,201.75
833.92,520.88,-81.25,201.75
833.98,520.88,-81.25,201.75
834.06,520.88,-81.25,201.75
834.13,520.88,-81.25,201.75
834.19,520.88,-81.25,201.75
834.26,520.88,-81.25,201.75
834.33,520.88,-81.25,201.75
834.4,520.88,-81.25,201.75
834.47,520.88,-81.25,201.75
834.54,520.88,-81.25,201.75
834.61,520.88,-81.25,201.75
834.67,520.88,-81.25,201.75
834.74,520.88,-81.25,201.75
834.81,520.88,-81.25,201.75
834.88,520.88,-81.25,201.75
834.95,520.88,-81.25,201.75
835.02,520.88,-81.25,201.75
835.08,520.88,-81.25,201.75
835.15,520.88,-81.25,201.75
835.21,520.88,-81.25,201.75
835.28,520.88,-81.25,201.75
835.35,520.88,-81.25,201.75
835.42,520.88,-81.25,201.75
835.49,520.88,-81.25,201.75
835.56,520.88,-81.25,201.75
835.63,520.88,-81.25,201.75
835.7,520.88,-81.25,201.75
835.77,520.88,-81.25,201.75
835.84,520.88,-81.25,201.75
835.91,520.88,-81.25,201.75
835.97,520.88,-81.25,201.75
836.04,520.88,-81.25,201.75
836.11,520.88,-81.25,201.75
836.18,520.88,-81.25,201.75
836.24,520.88,-81.25,201.75
836.31,520.88,-81.25,201.75
836.38,520.88,-81.25,201.75
836.44,520.88,-81.25,201.75
836.51,520.88,-81.25,201.75
836.58,520.88,-81.25,201.75
836.64,520.88,-81.25,201.75
836.71,520.88,-81.25,201.75
836.78,520.88,-81.25,201.75
836.84,520.88,-81.25,201.75
836.91,520.88,-81.25,201.75
836.98,520.88,-81.25,201.75
837.05,520.88,-81.25,201.75
837.12,520.88,-81.25,201.75
837.19,520.88,-81.25,201.75
837.26,520.88,-81.25,201.75
837.32,520.88,-81.25,201.75
837.39,520.88,-81.25,201.75
837.46,520.88,-81.25,201.75
837.53,520.88,-81.25,201.75
837.6,520.88,-81.25,201.75
837.67,520.88,-81.25,201.75
837.74,520.88,-81.25,201.75
837.81,520.88,-81.25,201.75
837.88,520.88,-81.25,201.75
837.95,520.88,-81.25,201.75
838.02,520.88,-81.25,201.75
838.08,520.88,-81.25,201.75
838.15,520.88,-81.25,201.75
838.22,520.88,-81.25,201.75
838.29,520.88,-81.25,201.75
838.36,520.88,-81.25,201.75
838.43,520.88,-81.25,201.75
838.49,520.88,-81.25,201.75
838.56,520.88,-81.25,201.75
838.63,520.88,-81.25,201.75
838.7,520.88,-81.25,201.75
838.77,520.88,-81.25,201.75
838.83,520.88,-81.25,201.75
838.9,520.88,-81.25,201.75
838.96,520.88,-81.25,201.75
839.03,520.88,-81.25,201.75
839.1,520.88,-81.25,201.75
839.17,520.88,-81.25,201.75
839.23,520.88,-81.25,201.75
839.3,520.88,-81.25,201.75
839.38,520.88,-81.25,201.75
839.44,520.88,-81.25,201.75
839.51,520.88,-81.25,201.75
839.58,520.88,-81.25,201.75
839.65,520.88,-81.25,201.75
839.72,520.88,-81.25,201.75
839.79,520.88,-81.25,201.75
839.86,520.88,-81.25,201.75
839.92,520.88,-81.25,201.75
839.99,520.88,-81.25,201.75
840.06,520.88,-81.25,201.75
840.13,520.88,-81.25,201.75
840.2,520.88,-81.25,201.75
840.27,520.88,-81.25,201.75
840.34,520.88,-81.25,201.75
840.41,520.88,-81.25,201.75
840.47,520.88,-81.25,201.75
840.54,520.88,-81.25,201.75
840.61,520.88,-81.25,201.75
840.68,520.88,-81.25,201.75
840.74,520.88,-81.25,201.75
840.82,520.88,-81.25,201.75
840.89,520.88,-81.25,201.75
840.95,520.88,-81.25,201.75
841.02,520.88,-81.25,201.75
841.09,520.88,-81.25,201.75
841.16,520.88,-81.25,201.75
841.23,520.88,-81.25,201.75
841.3,520.88,-81.25,201.75
841.36,520.88,-81.25,201.75
841.43,520.88,-81.25,201.75
841.5,520.88,-81.25,201.75
841.56,520.88,-81.25,201.75
841.63,520.88,-81.25,201.75
841.71,520.88,-81.25,201.75
841.78,520.88,-81.25,201.75
841.84,520.88,-81.25,201.75
841.91,520.88,-81.25,201.75
841.98,520.88,-81.25,201.75
842.05,520.88,-81.25,201.75
842.12,520.88,-81.25,201.75
842.18,520.88,-81.25,201.75
842.25,520.88,-81.25,201.75
842.32,520.88,-81.25,201.75
842.38,520.88,-81.25,201.75
842.45,520.88,-81.25,201.75
842.52,520.88,-81.25,201.75
842.58,520.88,-81.25,201.75
842.65,520.88,-81.25,201.75
842.72,520.88,-81.25,201.75
842.79,520.88,-81.25,201.75
842.86,520.88,-81.25,201.75
842.93,520.88,-81.25,201.75
842.99,520.88,-81.25,201.75
843.06,520.88,-81.25,201.75
843.13,520.88,-81.25,201.75
843.2,520.88,-81.25,201.75
843.27,520.88,-81.25,201.75
843.34,520.88,-81.25,201.75
843.41,520.88,-81.25,201.75
843.48,520.88,-81.25,201.75
843.54,520.88,-81.25,201.75
843.61,520.88,-81.25,201.75
843.68,520.88,-81.25,201.75
843.75,520.88,-81.25,201.75
843.81,520.88,-81.25,201.75
843.88,520.88,-81.25,201.75
843.94,520.88,-81.25,201.75
844.01,520.88,-81.25,201.75
844.08,520.88,-81.25,201.75
844.14,520.88,-81.25,201.75
844.21,520.88,-81.25,201.75
844.28,520.88,-81.25,201.75
844.35,520.88,-81.25,201.75
844.42,520.88,-81.25,201.75
844.49,520.88,-81.25,201.75
844.56,520.88,-81.25,201.75
844.62,520.88,-81.25,201.75
844.69,520.88,-81.25,201.75
844.76,520.88,-81.25,201.75
844.82,520.88,-81.25,201.75
844.89,520.88,-81.25,201.75
844.96,520.88,-81.25,201.75
845.02,520.88,-81.25,201.75
845.09,520.88,-81.25,201.75
845.16,520.88,-81.25,201.75
845.23,520.88,-81.25,201.75
845.3,520.88,-81.25,201.75
845.37,520.88,-81.25,201.75
845.44,520.88,-81.25,201.75
845.51,520.88,-81.25,201.75
845.58,520.88,-81.25,201.75
845.65,520.88,-81.25,201.75
845.71,520.88,-81.25,201.75
845.78,520.88,-81.25,201.75
845.85,520.88,-81.25,201.75
845.92,520.88,-81.25,201.75
845.99,520.88,-81.25,201.75
846.05,520.88,-81.25,201.75
846.12,520.88,-81.25,201.75
846.19,520.88,-81.25,201.75
846.25,520.88,-81.25,201.75
846.32,520.88,-81.25,201.75
846.39,520.88,-81.25,201.75
846.45,520.88,-81.25,201.75
846.52,520.88,-81.25,201.75
846.6,520.88,-81.25,201.75
846.67,520.88,-81.25,201.75
846.74,520.88,-81.25,201.75
846.8,520.88,-81.25,201.75
846.87,520.88,-81.25,201.75
846.94,520.88,-81.25,201.75
847.01,520.88,-81.25,201.75
847.07,520.88,-81.25,201.75
847.14,520.88,-81.25,201.75
847.21,520.88,-81.25,201.75
847.28,520.88,-81.25,201.75
847.34,520.88,-81.25,201.75
847.41,520.88,-81.25,201.75
847.48,520.88,-81.25,201.75
847.55,520.88,-81.25,201.75
847.62,520.88,-81.25,201.75
847.66,520.88,-81.25,201.75
847.68,520.88,-81.25,201.75
847.75,520.88,-81.25,201.75
847.82,520.88,-81.25,201.75
847.89,520.88,-81.25,201.75
