ElapsedSec,Distance,Azimuth,TargetLat,TargetLng,Angle,Direction,AngleValid
0.0,0.0,0.0,30.374217,130.959968,0.0,0.0,0
0.0,0.0,0.0,30.374217,130.959968,269.94,0.0,1
0.0,0.0,0.0,30.374217,130.959968,269.94,0.0,1
0.0,0.0,0.0,30.374217,130.959968,269.94,0.0,1
0.0,0.0,0.0,30.374217,130.959968,269.94,0.0,1
0.0,0.0,0.0,30.374217,130.959968,269.94,0.0,1
0.0,0.0,0.0,30.374217,130.959968,269.94,0.0,1
0.0,0.0,0.0,30.374217,130.959968,269.94,0.0,1
0.0,0.0,0.0,30.374217,130.959968,269.94,0.0,1
0.0,0.0,0.0,30.374217,130.959968,269.94,0.0,1
0.0,0.0,0.0,30.374217,130.959968,269.94,0.0,1
0.0,0.0,0.0,30.374217,130.959968,269.94,0.0,1
0.0,0.0,0.0,30.374217,130.959968,269.94,0.0,1
0.0,0.0,0.0,30.374217,130.959968,269.94,0.0,1
0.0,0.0,0.0,30.374217,130.959968,269.94,0.0,1
0.0,0.0,0.0,30.374217,130.959968,269.94,0.0,1
0.0,0.0,0.0,30.374217,130.959968,269.94,0.0,1
0.0,0.0,0.0,30.374217,130.959968,269.94,0.0,1
0.0,0.0,0.0,30.374217,130.959968,269.94,0.0,1
0.05,0.0,0.0,30.374217,130.959968,269.94,0.0,1
0.12,0.0,0.0,30.374217,130.959968,269.94,0.0,1
0.19,0.0,0.0,30.374217,130.959968,269.94,0.0,1
0.25,0.0,0.0,30.374217,130.959968,269.94,0.0,1
0.32,0.0,0.0,30.374217,130.959968,269.94,0.0,1
0.38,0.0,0.0,30.374217,130.959968,269.94,0.0,1
0.45,0.0,0.0,30.374217,130.959968,269.94,0.0,1
0.51,0.0,0.0,30.374217,130.959968,269.94,0.0,1
0.58,0.0,0.0,30.374217,130.959968,269.94,0.0,1
0.64,0.0,0.0,30.374217,130.959968,269.94,0.0,1
0.71,0.0,0.0,30.374217,130.959968,269.94,0.0,1
0.78,0.0,0.0,30.374217,130.959968,269.94,0.0,1
0.84,0.0,0.0,30.374217,130.959968,269.94,0.0,1
0.91,0.0,0.0,30.374217,130.959968,269.94,0.0,1
0.97,0.0,0.0,30.374217,130.959968,269.94,0.0,1
1.04,0.0,0.0,30.374217,130.959968,269.94,0.0,1
1.1,0.0,0.0,30.374217,130.959968,269.94,0.0,1
1.17,0.0,0.0,30.374217,130.959968,269.94,0.0,1
1.23,0.0,0.0,30.374217,130.959968,269.94,0.0,1
1.3,0.0,0.0,30.374217,130.959968,269.94,0.0,1
1.37,0.0,0.0,30.374217,130.959968,269.94,0.0,1
1.43,0.0,0.0,30.374217,130.959968,269.94,0.0,1
1.5,0.0,0.0,30.374217,130.959968,269.94,0.0,1
1.56,0.0,0.0,30.374217,130.959968,269.94,0.0,1
1.63,0.0,0.0,30.374217,130.959968,269.94,0.0,1
1.69,0.0,0.0,30.374217,130.959968,269.94,0.0,1
1.76,0.0,0.0,30.374217,130.959968,269.94,0.0,1
1.83,0.0,0.0,30.374217,130.959968,269.94,0.0,1
1.89,0.0,0.0,30.374217,130.959968,269.94,0.0,1
1.96,0.0,0.0,30.374217,130.959968,269.94,0.0,1
2.02,0.0,0.0,30.374217,130.959968,269.94,0.0,1
2.09,0.0,0.0,30.374217,130.959968,269.94,0.0,1
2.16,0.0,0.0,30.374217,130.959968,269.94,0.0,1
2.22,0.0,0.0,30.374217,130.959968,269.94,0.0,1
2.29,0.0,0.0,30.374217,130.959968,269.94,0.0,1
2.35,0.0,0.0,30.374217,130.959968,269.94,0.0,1
2.42,0.0,0.0,30.374217,130.959968,269.94,0.0,1
2.48,0.0,0.0,30.374217,130.959968,269.94,0.0,1
2.55,0.0,0.0,30.374217,130.959968,269.94,0.0,1
2.62,0.0,0.0,30.374217,130.959968,269.94,0.0,1
2.68,0.0,0.0,30.374217,130.959968,269.94,0.0,1
2.75,0.0,0.0,30.374217,130.959968,269.94,0.0,1
2.81,0.0,0.0,30.374217,130.959968,269.94,0.0,1
2.88,0.0,0.0,30.374217,130.959968,269.94,0.0,1
2.94,0.0,0.0,30.374217,130.959968,269.94,0.0,1
3.01,0.0,0.0,30.374217,130.959968,269.94,0.0,1
3.08,0.0,0.0,30.374217,130.959968,269.94,0.0,1
3.14,0.0,0.0,30.374217,130.959968,269.94,0.0,1
3.21,0.0,0.0,30.374217,130.959968,269.94,0.0,1
3.27,0.0,0.0,30.374217,130.959968,269.94,0.0,1
3.34,0.0,0.0,30.374217,130.959968,269.94,0.0,1
3.41,0.0,0.0,30.374217,130.959968,269.94,0.0,1
3.47,0.0,0.0,30.374217,130.959968,269.94,0.0,1
3.54,0.0,0.0,30.374217,130.959968,269.94,0.0,1
3.61,0.0,0.0,30.374217,130.959968,269.94,0.0,1
3.67,0.0,0.0,30.374217,130.959968,269.94,0.0,1
3.74,0.0,0.0,30.374217,130.959968,269.94,0.0,1
3.81,0.0,0.0,30.374217,130.959968,269.94,0.0,1
3.87,0.0,0.0,30.374217,130.959968,269.94,0.0,1
3.94,0.0,0.0,30.374217,130.959968,269.94,0.0,1
4.01,0.0,0.0,30.374217,130.959968,269.94,0.0,1
4.07,0.0,0.0,30.374217,130.959968,269.94,0.0,1
4.16,0.0,0.0,30.374217,130.959968,269.94,0.0,1
4.22,0.0,0.0,30.374217,130.959968,269.94,0.0,1
4.29,0.0,0.0,30.374217,130.959968,269.94,0.0,1
4.36,0.0,0.0,30.374217,130.959968,269.94,0.0,1
4.43,0.0,0.0,30.374217,130.959968,269.94,0.0,1
4.5,0.0,0.0,30.374217,130.959968,269.94,0.0,1
4.56,0.0,0.0,30.374217,130.959968,269.94,0.0,1
4.63,0.0,0.0,30.374217,130.959968,269.94,0.0,1
4.69,0.0,0.0,30.374217,130.959968,269.94,0.0,1
4.76,0.0,0.0,30.374217,130.959968,269.94,0.0,1
4.83,0.0,0.0,30.374217,130.959968,269.94,0.0,1
4.9,0.0,0.0,30.374217,130.959968,269.94,0.0,1
4.97,0.0,0.0,30.374217,130.959968,269.94,0.0,1
5.03,0.0,0.0,30.374217,130.959968,269.94,0.0,1
5.1,0.0,0.0,30.374217,130.959968,269.94,0.0,1
5.16,0.0,0.0,30.374217,130.959968,269.94,0.0,1
5.23,0.0,0.0,30.374217,130.959968,269.94,0.0,1
5.3,0.0,0.0,30.374217,130.959968,269.94,0.0,1
5.36,0.0,0.0,30.374217,130.959968,269.94,0.0,1
5.43,0.0,0.0,30.374217,130.959968,269.94,0.0,1
5.5,0.0,0.0,30.374217,130.959968,269.94,0.0,1
5.56,0.0,0.0,30.374217,130.959968,269.94,0.0,1
5.63,0.0,0.0,30.374217,130.959968,269.94,0.0,1
5.69,0.0,0.0,30.374217,130.959968,269.94,0.0,1
5.76,0.0,0.0,30.374217,130.959968,269.94,0.0,1
5.82,0.0,0.0,30.374217,130.959968,269.94,0.0,1
5.89,0.0,0.0,30.374217,130.959968,269.94,0.0,1
5.96,0.0,0.0,30.374217,130.959968,269.94,0.0,1
6.02,0.0,0.0,30.374217,130.959968,269.94,0.0,1
6.09,0.0,0.0,30.374217,130.959968,269.94,0.0,1
6.15,0.0,0.0,30.374217,130.959968,269.94,0.0,1
6.22,0.0,0.0,30.374217,130.959968,269.94,0.0,1
6.29,0.0,0.0,30.374217,130.959968,269.94,0.0,1
6.36,0.0,0.0,30.374217,130.959968,269.94,0.0,1
6.42,0.0,0.0,30.374217,130.959968,269.94,0.0,1
6.49,0.0,0.0,30.374217,130.959968,269.94,0.0,1
6.56,0.0,0.0,30.374217,130.959968,269.94,0.0,1
6.62,0.0,0.0,30.374217,130.959968,269.94,0.0,1
6.69,0.0,0.0,30.374217,130.959968,269.94,0.0,1
6.75,0.0,0.0,30.374217,130.959968,269.94,0.0,1
6.82,0.0,0.0,30.374217,130.959968,269.94,0.0,1
6.89,0.0,0.0,30.374217,130.959968,269.94,0.0,1
6.95,0.0,0.0,30.374217,130.959968,269.94,0.0,1
7.02,0.0,0.0,30.374217,130.959968,269.94,0.0,1
7.08,0.0,0.0,30.374217,130.959968,269.94,0.0,1
7.15,0.0,0.0,30.374217,130.959968,269.94,0.0,1
7.22,0.0,0.0,30.374217,130.959968,269.94,0.0,1
7.28,0.0,0.0,30.374217,130.959968,269.94,0.0,1
7.35,0.0,0.0,30.374217,130.959968,269.94,0.0,1
7.42,0.0,0.0,30.374217,130.959968,269.94,0.0,1
7.48,0.0,0.0,30.374217,130.959968,269.94,0.0,1
7.55,0.0,0.0,30.374217,130.959968,269.94,0.0,1
7.62,0.0,0.0,30.374217,130.959968,269.94,0.0,1
7.68,0.0,0.0,30.374217,130.959968,269.94,0.0,1
7.75,0.0,0.0,30.374217,130.959968,269.94,0.0,1
7.81,0.0,0.0,30.374217,130.959968,269.94,0.0,1
7.88,0.0,0.0,30.374217,130.959968,269.94,0.0,1
7.95,0.0,0.0,30.374217,130.959968,269.94,0.0,1
8.01,0.0,0.0,30.374217,130.959968,269.94,0.0,1
8.08,0.0,0.0,30.374217,130.959968,269.94,0.0,1
8.15,0.0,0.0,30.374217,130.959968,269.94,0.0,1
8.21,0.0,0.0,30.374217,130.959968,269.94,0.0,1
8.28,0.0,0.0,30.374217,130.959968,269.94,0.0,1
8.34,0.0,0.0,30.374217,130.959968,269.94,0.0,1
8.41,0.0,0.0,30.374217,130.959968,269.94,0.0,1
8.48,0.0,0.0,30.374217,130.959968,269.94,0.0,1
8.55,0.0,0.0,30.374217,130.959968,269.94,0.0,1
8.61,0.0,0.0,30.374217,130.959968,269.94,0.0,1
8.68,0.0,0.0,30.374217,130.959968,269.94,0.0,1
8.75,0.0,0.0,30.374217,130.959968,269.94,0.0,1
8.81,0.0,0.0,30.374217,130.959968,269.94,0.0,1
8.88,0.0,0.0,30.374217,130.959968,269.94,0.0,1
8.95,0.0,0.0,30.374217,130.959968,269.94,0.0,1
9.01,0.0,0.0,30.374217,130.959968,269.94,0.0,1
9.08,0.0,0.0,30.374217,130.959968,269.94,0.0,1
9.15,0.0,0.0,30.374217,130.959968,269.94,0.0,1
9.21,0.0,0.0,30.374217,130.959968,269.94,0.0,1
9.28,0.0,0.0,30.374217,130.959968,269.94,0.0,1
9.35,0.0,0.0,30.374217,130.959968,269.94,0.0,1
9.42,0.0,0.0,30.374217,130.959968,269.94,0.0,1
9.48,0.0,0.0,30.374217,130.959968,269.94,0.0,1
9.55,0.0,0.0,30.374217,130.959968,269.94,0.0,1
9.62,0.0,0.0,30.374217,130.959968,269.94,0.0,1
9.68,0.0,0.0,30.374217,130.959968,269.94,0.0,1
9.75,0.0,0.0,30.374217,130.959968,269.94,0.0,1
9.82,0.0,0.0,30.374217,130.959968,269.94,0.0,1
9.88,0.0,0.0,30.374217,130.959968,269.94,0.0,1
9.95,0.0,0.0,30.374217,130.959968,269.94,0.0,1
10.02,0.0,0.0,30.374217,130.959968,269.94,0.0,1
10.08,0.0,0.0,30.374217,130.959968,269.94,0.0,1
10.15,0.0,0.0,30.374217,130.959968,269.94,0.0,1
10.22,0.0,0.0,30.374217,130.959968,269.94,0.0,1
10.28,0.0,0.0,30.374217,130.959968,269.94,0.0,1
10.35,0.0,0.0,30.374217,130.959968,269.94,0.0,1
10.42,0.0,0.0,30.374217,130.959968,269.94,0.0,1
10.48,0.0,0.0,30.374217,130.959968,269.94,0.0,1
10.55,0.0,0.0,30.374217,130.959968,269.94,0.0,1
10.62,0.0,0.0,30.374217,130.959968,269.94,0.0,1
10.68,0.0,0.0,30.374217,130.959968,269.94,0.0,1
10.75,0.0,0.0,30.374217,130.959968,269.94,0.0,1
10.82,0.0,0.0,30.374217,130.959968,269.94,0.0,1
10.89,0.0,0.0,30.374217,130.959968,269.94,0.0,1
10.96,0.0,0.0,30.374217,130.959968,269.94,0.0,1
11.02,0.0,0.0,30.374217,130.959968,269.94,0.0,1
11.09,0.0,0.0,30.374217,130.959968,269.94,0.0,1
11.16,0.0,0.0,30.374217,130.959968,269.94,0.0,1
11.22,0.0,0.0,30.374217,130.959968,269.94,0.0,1
11.29,0.0,0.0,30.374217,130.959968,269.94,0.0,1
11.35,0.0,0.0,30.374217,130.959968,269.94,0.0,1
11.42,0.0,0.0,30.374217,130.959968,269.94,0.0,1
11.49,0.0,0.0,30.374217,130.959968,269.94,0.0,1
11.55,0.0,0.0,30.374217,130.959968,269.94,0.0,1
11.62,0.0,0.0,30.374217,130.959968,269.94,0.0,1
11.68,0.0,0.0,30.374217,130.959968,269.94,0.0,1
11.75,0.0,0.0,30.374217,130.959968,269.94,0.0,1
11.82,0.0,0.0,30.374217,130.959968,269.94,0.0,1
11.88,0.0,0.0,30.374217,130.959968,269.94,0.0,1
11.95,0.0,0.0,30.374217,130.959968,269.94,0.0,1
12.02,0.0,0.0,30.374217,130.959968,269.94,0.0,1
12.08,0.0,0.0,30.374217,130.959968,269.94,0.0,1
12.15,0.0,0.0,30.374217,130.959968,269.94,0.0,1
12.21,0.0,0.0,30.374217,130.959968,269.94,0.0,1
12.28,0.0,0.0,30.374217,130.959968,269.94,0.0,1
12.35,0.0,0.0,30.374217,130.959968,269.94,0.0,1
12.41,0.0,0.0,30.374217,130.959968,269.94,0.0,1
12.48,0.0,0.0,30.374217,130.959968,269.94,0.0,1
12.54,0.0,0.0,30.374217,130.959968,269.94,0.0,1
12.61,0.0,0.0,30.374217,130.959968,269.94,0.0,1
12.67,0.0,0.0,30.374217,130.959968,269.94,0.0,1
12.74,0.0,0.0,30.374217,130.959968,269.94,0.0,1
12.81,0.0,0.0,30.374217,130.959968,269.94,0.0,1
12.87,0.0,0.0,30.374217,130.959968,269.94,0.0,1
12.94,0.0,0.0,30.374217,130.959968,269.94,0.0,1
13.01,0.0,0.0,30.374217,130.959968,269.94,0.0,1
13.1,0.0,0.0,30.374217,130.959968,269.94,0.0,1
13.16,0.0,0.0,30.374217,130.959968,269.94,0.0,1
13.23,0.0,0.0,30.374217,130.959968,269.94,0.0,1
13.3,0.0,0.0,30.374217,130.959968,269.94,0.0,1
13.36,0.0,0.0,30.374217,130.959968,269.94,0.0,1
13.43,0.0,0.0,30.374217,130.959968,269.94,0.0,1
13.5,0.0,0.0,30.374217,130.959968,269.94,0.0,1
13.56,0.0,0.0,30.374217,130.959968,269.94,0.0,1
13.63,0.0,0.0,30.374217,130.959968,269.94,0.0,1
13.69,0.0,0.0,30.374217,130.959968,269.94,0.0,1
13.76,0.0,0.0,30.374217,130.959968,269.94,0.0,1
13.83,0.0,0.0,30.374217,130.959968,269.94,0.0,1
13.89,0.0,0.0,30.374217,130.959968,269.94,0.0,1
13.96,0.0,0.0,30.374217,130.959968,269.94,0.0,1
14.04,0.0,0.0,30.374217,130.959968,269.94,0.0,1
14.1,0.0,0.0,30.374217,130.959968,269.94,0.0,1
14.17,0.0,0.0,30.374217,130.959968,269.94,0.0,1
14.24,0.0,0.0,30.374217,130.959968,269.94,0.0,1
14.3,0.0,0.0,30.374217,130.959968,269.94,0.0,1
14.37,0.0,0.0,30.374217,130.959968,269.94,0.0,1
14.44,0.0,0.0,30.374217,130.959968,269.94,0.0,1
14.5,0.0,0.0,30.374217,130.959968,269.94,0.0,1
14.57,0.0,0.0,30.374217,130.959968,269.94,0.0,1
14.63,0.0,0.0,30.374217,130.959968,269.94,0.0,1
14.7,0.0,0.0,30.374217,130.959968,269.94,0.0,1
14.77,0.0,0.0,30.374217,130.959968,269.94,0.0,1
14.83,0.0,0.0,30.374217,130.959968,269.94,0.0,1
14.9,0.0,0.0,30.374217,130.959968,269.94,0.0,1
14.97,0.0,0.0,30.374217,130.959968,269.94,0.0,1
15.03,0.0,0.0,30.374217,130.959968,269.94,0.0,1
15.1,0.0,0.0,30.374217,130.959968,269.94,0.0,1
15.17,0.0,0.0,30.374217,130.959968,269.94,0.0,1
15.23,0.0,0.0,30.374217,130.959968,269.94,0.0,1
15.3,0.0,0.0,30.374217,130.959968,269.94,0.0,1
15.37,0.0,0.0,30.374217,130.959968,269.94,0.0,1
15.43,0.0,0.0,30.374217,130.959968,269.94,0.0,1
15.5,0.0,0.0,30.374217,130.959968,269.94,0.0,1
15.57,0.0,0.0,30.374217,130.959968,269.94,0.0,1
15.63,0.0,0.0,30.374217,130.959968,269.94,0.0,1
15.7,0.0,0.0,30.374217,130.959968,269.94,0.0,1
15.77,0.0,0.0,30.374217,130.959968,269.94,0.0,1
15.83,0.0,0.0,30.374217,130.959968,269.94,0.0,1
15.9,0.0,0.0,30.374217,130.959968,269.94,0.0,1
15.97,0.0,0.0,30.374217,130.959968,269.94,0.0,1
16.03,0.0,0.0,30.374217,130.959968,269.94,0.0,1
16.1,0.0,0.0,30.374217,130.959968,269.94,0.0,1
16.16,0.0,0.0,30.374217,130.959968,269.94,0.0,1
16.23,0.0,0.0,30.374217,130.959968,269.94,0.0,1
16.3,0.0,0.0,30.374217,130.959968,269.94,0.0,1
16.37,0.0,0.0,30.374217,130.959968,269.94,0.0,1
16.43,0.0,0.0,30.374217,130.959968,269.94,0.0,1
16.5,0.0,0.0,30.374217,130.959968,269.94,0.0,1
16.56,0.0,0.0,30.374217,130.959968,269.94,0.0,1
16.63,0.0,0.0,30.374217,130.959968,269.94,0.0,1
16.7,0.0,0.0,30.374217,130.959968,269.94,0.0,1
16.76,0.0,0.0,30.374217,130.959968,269.94,0.0,1
16.83,0.0,0.0,30.374217,130.959968,269.94,0.0,1
16.9,0.0,0.0,30.374217,130.959968,269.94,0.0,1
16.96,0.0,0.0,30.374217,130.959968,269.94,0.0,1
17.03,0.0,0.0,30.374217,130.959968,269.94,0.0,1
17.1,0.0,0.0,30.374217,130.959968,269.94,0.0,1
17.17,0.0,0.0,30.374217,130.959968,269.94,0.0,1
17.24,0.0,0.0,30.374217,130.959968,269.94,0.0,1
17.31,0.0,0.0,30.374217,130.959968,269.94,0.0,1
17.37,0.0,0.0,30.374217,130.959968,269.94,0.0,1
17.44,0.0,0.0,30.374217,130.959968,269.94,0.0,1
17.5,0.0,0.0,30.374217,130.959968,269.94,0.0,1
17.57,0.0,0.0,30.374217,130.959968,269.94,0.0,1
17.64,0.0,0.0,30.374217,130.959968,269.94,0.0,1
17.7,0.0,0.0,30.374217,130.959968,269.94,0.0,1
17.77,0.0,0.0,30.374217,130.959968,269.94,0.0,1
17.83,0.0,0.0,30.374217,130.959968,269.94,0.0,1
17.9,0.0,0.0,30.374217,130.959968,269.94,0.0,1
17.97,0.0,0.0,30.374217,130.959968,269.94,0.0,1
18.03,0.0,0.0,30.374217,130.959968,269.94,0.0,1
18.1,0.0,0.0,30.374217,130.959968,269.94,0.0,1
18.16,0.0,0.0,30.374217,130.959968,269.94,0.0,1
18.23,0.0,0.0,30.374217,130.959968,269.94,0.0,1
18.3,0.0,0.0,30.374217,130.959968,269.94,0.0,1
18.36,0.0,0.0,30.374217,130.959968,269.94,0.0,1
18.43,0.0,0.0,30.374217,130.959968,269.94,0.0,1
18.5,0.0,0.0,30.374217,130.959968,269.94,0.0,1
18.56,0.0,0.0,30.374217,130.959968,269.94,0.0,1
18.63,0.0,0.0,30.374217,130.959968,269.94,0.0,1
18.69,0.0,0.0,30.374217,130.959968,269.94,0.0,1
18.76,0.0,0.0,30.374217,130.959968,269.94,0.0,1
18.83,0.0,0.0,30.374217,130.959968,269.94,0.0,1
18.89,0.0,0.0,30.374217,130.959968,269.94,0.0,1
18.96,0.0,0.0,30.374217,130.959968,269.94,0.0,1
19.02,0.0,0.0,30.374217,130.959968,269.94,0.0,1
19.09,0.0,0.0,30.374217,130.959968,269.94,0.0,1
19.16,0.0,0.0,30.374217,130.959968,269.94,0.0,1
19.22,0.0,0.0,30.374217,130.959968,269.94,0.0,1
19.29,0.0,0.0,30.374217,130.959968,269.94,0.0,1
19.35,0.0,0.0,30.374217,130.959968,269.94,0.0,1
19.42,0.0,0.0,30.374217,130.959968,269.94,0.0,1
19.49,0.0,0.0,30.374217,130.959968,269.94,0.0,1
19.55,0.0,0.0,30.374217,130.959968,269.94,0.0,1
19.62,0.0,0.0,30.374217,130.959968,269.94,0.0,1
19.69,0.0,0.0,30.374217,130.959968,269.94,0.0,1
19.75,0.0,0.0,30.374217,130.959968,269.94,0.0,1
19.82,0.0,0.0,30.374217,130.959968,269.94,0.0,1
19.88,0.0,0.0,30.374217,130.959968,269.94,0.0,1
19.95,0.0,0.0,30.374217,130.959968,269.94,0.0,1
20.02,0.0,0.0,30.374217,130.959968,269.94,0.0,1
20.08,0.0,0.0,30.374217,130.959968,269.94,0.0,1
20.15,0.0,0.0,30.374217,130.959968,269.94,0.0,1
20.22,0.0,0.0,30.374217,130.959968,269.94,0.0,1
20.28,0.0,0.0,30.374217,130.959968,269.94,0.0,1
20.35,0.0,0.0,30.374217,130.959968,269.94,0.0,1
20.42,0.0,0.0,30.374217,130.959968,269.94,0.0,1
20.48,0.0,0.0,30.374217,130.959968,269.94,0.0,1
20.55,0.0,0.0,30.374217,130.959968,269.94,0.0,1
20.61,0.0,0.0,30.374217,130.959968,269.94,0.0,1
20.68,0.0,0.0,30.374217,130.959968,269.94,0.0,1
20.75,0.0,0.0,30.374217,130.959968,269.94,0.0,1
20.81,0.0,0.0,30.374217,130.959968,269.94,0.0,1
20.88,0.0,0.0,30.374217,130.959968,269.94,0.0,1
20.95,0.0,0.0,30.374217,130.959968,269.94,0.0,1
21.01,0.0,0.0,30.374217,130.959968,269.94,0.0,1
21.08,0.0,0.0,30.374217,130.959968,269.94,0.0,1
21.15,0.0,0.0,30.374217,130.959968,269.94,0.0,1
21.21,0.0,0.0,30.374217,130.959968,269.94,0.0,1
21.28,0.0,0.0,30.374217,130.959968,269.94,0.0,1
21.34,0.0,0.0,30.374217,130.959968,269.94,0.0,1
21.41,0.0,0.0,30.374217,130.959968,269.94,0.0,1
21.48,0.0,0.0,30.374217,130.959968,269.94,0.0,1
21.54,0.0,0.0,30.374217,130.959968,269.94,0.0,1
21.61,0.0,0.0,30.374217,130.959968,269.94,0.0,1
21.68,0.0,0.0,30.374217,130.959968,269.94,0.0,1
21.74,0.0,0.0,30.374217,130.959968,269.94,0.0,1
21.81,0.0,0.0,30.374217,130.959968,269.94,0.0,1
21.88,0.0,0.0,30.374217,130.959968,269.94,0.0,1
21.94,0.0,0.0,30.374217,130.959968,269.94,0.0,1
22.01,0.0,0.0,30.374217,130.959968,269.94,0.0,1
22.08,0.0,0.0,30.374217,130.959968,269.94,0.0,1
22.14,0.0,0.0,30.374217,130.959968,269.94,0.0,1
22.21,0.0,0.0,30.374217,130.959968,269.94,0.0,1
22.28,0.0,0.0,30.374217,130.959968,269.94,0.0,1
22.34,0.0,0.0,30.374217,130.959968,269.94,0.0,1
22.41,0.0,0.0,30.374217,130.959968,269.94,0.0,1
22.48,0.0,0.0,30.374217,130.959968,269.94,0.0,1
22.54,0.0,0.0,30.374217,130.959968,269.94,0.0,1
22.61,0.0,0.0,30.374217,130.959968,269.94,0.0,1
22.68,0.0,0.0,30.374217,130.959968,269.94,0.0,1
22.74,0.0,0.0,30.374217,130.959968,269.94,0.0,1
22.81,0.0,0.0,30.374217,130.959968,269.94,0.0,1
22.88,0.0,0.0,30.374217,130.959968,269.94,0.0,1
22.94,0.0,0.0,30.374217,130.959968,269.94,0.0,1
23.01,0.0,0.0,30.374217,130.959968,269.94,0.0,1
23.08,0.0,0.0,30.374217,130.959968,269.94,0.0,1
23.14,0.0,0.0,30.374217,130.959968,269.94,0.0,1
23.21,0.0,0.0,30.374217,130.959968,269.94,0.0,1
23.28,0.0,0.0,30.374217,130.959968,269.94,0.0,1
23.34,0.0,0.0,30.374217,130.959968,269.94,0.0,1
23.41,0.0,0.0,30.374217,130.959968,269.94,0.0,1
23.48,0.0,0.0,30.374217,130.959968,269.94,0.0,1
23.54,0.0,0.0,30.374217,130.959968,269.94,0.0,1
23.61,0.0,0.0,30.374217,130.959968,269.94,0.0,1
23.68,0.0,0.0,30.374217,130.959968,269.94,0.0,1
23.74,0.0,0.0,30.374217,130.959968,269.94,0.0,1
23.81,0.0,0.0,30.374217,130.959968,269.94,0.0,1
23.88,0.0,0.0,30.374217,130.959968,269.94,0.0,1
23.95,0.0,0.0,30.374217,130.959968,269.94,0.0,1
24.02,0.0,0.0,30.374217,130.959968,269.94,0.0,1
24.08,0.0,0.0,30.374217,130.959968,269.94,0.0,1
24.15,0.0,0.0,30.374217,130.959968,269.94,0.0,1
24.21,0.0,0.0,30.374217,130.959968,269.94,0.0,1
24.28,0.0,0.0,30.374217,130.959968,269.94,0.0,1
24.35,0.0,0.0,30.374217,130.959968,269.94,0.0,1
24.41,0.0,0.0,30.374217,130.959968,269.94,0.0,1
24.48,0.0,0.0,30.374217,130.959968,269.94,0.0,1
24.54,0.0,0.0,30.374217,130.959968,269.94,0.0,1
24.61,0.0,0.0,30.374217,130.959968,269.94,0.0,1
24.67,0.0,0.0,30.374217,130.959968,269.94,0.0,1
24.74,0.0,0.0,30.374217,130.959968,269.94,0.0,1
24.81,0.0,0.0,30.374217,130.959968,269.94,0.0,1
24.87,0.0,0.0,30.374217,130.959968,269.94,0.0,1
24.94,0.0,0.0,30.374217,130.959968,269.94,0.0,1
25.01,0.0,0.0,30.374217,130.959968,269.94,0.0,1
25.07,0.0,0.0,30.374217,130.959968,269.94,0.0,1
25.15,0.0,0.0,30.374217,130.959968,269.94,0.0,1
25.21,0.0,0.0,30.374217,130.959968,269.94,0.0,1
25.28,0.0,0.0,30.374217,130.959968,269.94,0.0,1
25.35,0.0,0.0,30.374217,130.959968,269.94,0.0,1
25.41,0.0,0.0,30.374217,130.959968,269.94,0.0,1
25.48,0.0,0.0,30.374217,130.959968,269.94,0.0,1
25.54,0.0,0.0,30.374217,130.959968,269.94,0.0,1
25.61,0.0,0.0,30.374217,130.959968,269.94,0.0,1
25.67,0.0,0.0,30.374217,130.959968,269.94,0.0,1
25.74,0.0,0.0,30.374217,130.959968,269.94,0.0,1
25.81,0.0,0.0,30.374217,130.959968,269.94,0.0,1
25.87,0.0,0.0,30.374217,130.959968,269.94,0.0,1
25.94,0.0,0.0,30.374217,130.959968,269.94,0.0,1
26.01,0.0,0.0,30.374217,130.959968,269.94,0.0,1
26.07,0.0,0.0,30.374217,130.959968,269.94,0.0,1
26.14,0.0,0.0,30.374217,130.959968,269.94,0.0,1
26.2,0.0,0.0,30.374217,130.959968,269.94,0.0,1
26.27,0.0,0.0,30.374217,130.959968,269.94,0.0,1
26.34,0.0,0.0,30.374217,130.959968,269.94,0.0,1
26.4,0.0,0.0,30.374217,130.959968,269.94,0.0,1
26.47,0.0,0.0,30.374217,130.959968,269.94,0.0,1
26.53,0.0,0.0,30.374217,130.959968,269.94,0.0,1
26.6,0.0,0.0,30.374217,130.959968,269.94,0.0,1
26.67,0.0,0.0,30.374217,130.959968,269.94,0.0,1
26.73,0.0,0.0,30.374217,130.959968,269.94,0.0,1
26.8,0.0,0.0,30.374217,130.959968,269.94,0.0,1
26.86,0.0,0.0,30.374217,130.959968,269.94,0.0,1
26.93,0.0,0.0,30.374217,130.959968,269.94,0.0,1
26.99,0.0,0.0,30.374217,130.959968,269.94,0.0,1
27.06,0.0,0.0,30.374217,130.959968,269.94,0.0,1
27.13,0.0,0.0,30.374217,130.959968,269.94,0.0,1
27.19,0.0,0.0,30.374217,130.959968,269.94,0.0,1
27.26,0.0,0.0,30.374217,130.959968,269.94,0.0,1
27.33,0.0,0.0,30.374217,130.959968,269.94,0.0,1
27.39,0.0,0.0,30.374217,130.959968,269.94,0.0,1
27.46,0.0,0.0,30.374217,130.959968,269.94,0.0,1
27.52,0.0,0.0,30.374217,130.959968,269.94,0.0,1
27.59,0.0,0.0,30.374217,130.959968,269.94,0.0,1
27.66,0.0,0.0,30.374217,130.959968,269.94,0.0,1
27.72,0.0,0.0,30.374217,130.959968,269.94,0.0,1
27.79,0.0,0.0,30.374217,130.959968,269.94,0.0,1
27.86,0.0,0.0,30.374217,130.959968,269.94,0.0,1
27.92,0.0,0.0,30.374217,130.959968,269.94,0.0,1
27.99,0.0,0.0,30.374217,130.959968,269.94,0.0,1
28.05,0.0,0.0,30.374217,130.959968,269.94,0.0,1
28.12,0.0,0.0,30.374217,130.959968,269.94,0.0,1
28.19,0.0,0.0,30.374217,130.959968,269.94,0.0,1
28.25,0.0,0.0,30.374217,130.959968,269.94,0.0,1
28.32,0.0,0.0,30.374217,130.959968,269.94,0.0,1
28.39,0.0,0.0,30.374217,130.959968,269.94,0.0,1
28.45,0.0,0.0,30.374217,130.959968,269.94,0.0,1
28.52,0.0,0.0,30.374217,130.959968,269.94,0.0,1
28.59,0.0,0.0,30.374217,130.959968,269.94,0.0,1
28.65,0.0,0.0,30.374217,130.959968,269.94,0.0,1
28.72,0.0,0.0,30.374217,130.959968,269.94,0.0,1
28.79,0.0,0.0,30.374217,130.959968,269.94,0.0,1
28.85,0.0,0.0,30.374217,130.959968,269.94,0.0,1
28.92,0.0,0.0,30.374217,130.959968,269.94,0.0,1
28.99,0.0,0.0,30.374217,130.959968,269.94,0.0,1
29.05,0.0,0.0,30.374217,130.959968,269.94,0.0,1
29.12,0.0,0.0,30.374217,130.959968,269.94,0.0,1
29.19,0.0,0.0,30.374217,130.959968,269.94,0.0,1
29.25,0.0,0.0,30.374217,130.959968,269.94,0.0,1
29.32,0.0,0.0,30.374217,130.959968,269.94,0.0,1
29.39,0.0,0.0,30.374217,130.959968,269.94,0.0,1
29.45,0.0,0.0,30.374217,130.959968,269.94,0.0,1
29.52,0.0,0.0,30.374217,130.959968,269.94,0.0,1
29.58,0.0,0.0,30.374217,130.959968,269.94,0.0,1
29.65,0.0,0.0,30.374217,130.959968,269.94,0.0,1
29.72,0.0,0.0,30.374217,130.959968,269.94,0.0,1
29.78,0.0,0.0,30.374217,130.959968,269.94,0.0,1
29.85,0.0,0.0,30.374217,130.959968,269.94,0.0,1
29.92,0.0,0.0,30.374217,130.959968,269.94,0.0,1
29.98,0.0,0.0,30.374217,130.959968,269.94,0.0,1
30.05,0.0,0.0,30.374217,130.959968,269.94,0.0,1
30.12,0.0,0.0,30.374217,130.959968,269.94,0.0,1
30.18,0.0,0.0,30.374217,130.959968,269.94,0.0,1
30.25,0.0,0.0,30.374217,130.959968,269.94,0.0,1
30.32,0.0,0.0,30.374217,130.959968,269.94,0.0,1
30.38,0.0,0.0,30.374217,130.959968,269.94,0.0,1
30.45,0.0,0.0,30.374217,130.959968,269.94,0.0,1
30.52,0.0,0.0,30.374217,130.959968,269.94,0.0,1
30.58,0.0,0.0,30.374217,130.959968,269.94,0.0,1
30.65,0.0,0.0,30.374217,130.959968,269.94,0.0,1
30.71,0.0,0.0,30.374217,130.959968,269.94,0.0,1
30.78,0.0,0.0,30.374217,130.959968,269.94,0.0,1
30.85,0.0,0.0,30.374217,130.959968,269.94,0.0,1
30.91,0.0,0.0,30.374217,130.959968,269.94,0.0,1
30.98,0.0,0.0,30.374217,130.959968,269.94,0.0,1
31.05,0.0,0.0,30.374217,130.959968,269.94,0.0,1
31.11,0.0,0.0,30.374217,130.959968,269.94,0.0,1
31.18,0.0,0.0,30.374217,130.959968,269.94,0.0,1
31.25,0.0,0.0,30.374217,130.959968,269.94,0.0,1
31.31,0.0,0.0,30.374217,130.959968,269.94,0.0,1
31.38,0.0,0.0,30.374217,130.959968,269.94,0.0,1
31.45,0.0,0.0,30.374217,130.959968,269.94,0.0,1
31.52,0.0,0.0,30.374217,130.959968,269.94,0.0,1
31.58,0.0,0.0,30.374217,130.959968,269.94,0.0,1
31.65,0.0,0.0,30.374217,130.959968,269.94,0.0,1
31.72,0.0,0.0,30.374217,130.959968,269.94,0.0,1
31.79,0.0,0.0,30.374217,130.959968,269.94,0.0,1
31.85,0.0,0.0,30.374217,130.959968,269.94,0.0,1
31.92,0.0,0.0,30.374217,130.959968,269.94,0.0,1
31.99,0.0,0.0,30.374217,130.959968,269.94,0.0,1
32.05,0.0,0.0,30.374217,130.959968,269.94,0.0,1
32.12,0.0,0.0,30.374217,130.959968,269.94,0.0,1
32.18,0.0,0.0,30.374217,130.959968,269.94,0.0,1
32.25,0.0,0.0,30.374217,130.959968,269.94,0.0,1
32.32,0.0,0.0,30.374217,130.959968,269.94,0.0,1
32.38,0.0,0.0,30.374217,130.959968,269.94,0.0,1
32.45,0.0,0.0,30.374217,130.959968,269.94,0.0,1
32.51,0.0,0.0,30.374217,130.959968,269.94,0.0,1
32.58,0.0,0.0,30.374217,130.959968,269.94,0.0,1
32.65,0.0,0.0,30.374217,130.959968,269.94,0.0,1
32.71,0.0,0.0,30.374217,130.959968,269.94,0.0,1
32.78,0.0,0.0,30.374217,130.959968,269.94,0.0,1
32.84,0.0,0.0,30.374217,130.959968,269.94,0.0,1
32.91,0.0,0.0,30.374217,130.959968,269.94,0.0,1
32.98,0.0,0.0,30.374217,130.959968,269.94,0.0,1
33.04,0.0,0.0,30.374217,130.959968,269.94,0.0,1
33.11,0.0,0.0,30.374217,130.959968,269.94,0.0,1
33.17,0.0,0.0,30.374217,130.959968,269.94,0.0,1
33.24,0.0,0.0,30.374217,130.959968,269.94,0.0,1
33.31,0.0,0.0,30.374217,130.959968,269.94,0.0,1
33.37,0.0,0.0,30.374217,130.959968,269.94,0.0,1
33.44,0.0,0.0,30.374217,130.959968,269.94,0.0,1
33.51,0.0,0.0,30.374217,130.959968,269.94,0.0,1
33.57,0.0,0.0,30.374217,130.959968,269.94,0.0,1
33.64,0.0,0.0,30.374217,130.959968,269.94,0.0,1
33.71,0.0,0.0,30.374217,130.959968,269.94,0.0,1
33.77,0.0,0.0,30.374217,130.959968,269.94,0.0,1
33.84,0.0,0.0,30.374217,130.959968,269.94,0.0,1
33.9,0.0,0.0,30.374217,130.959968,269.94,0.0,1
33.97,0.0,0.0,30.374217,130.959968,269.94,0.0,1
34.04,0.0,0.0,30.374217,130.959968,269.94,0.0,1
34.11,0.0,0.0,30.374217,130.959968,269.94,0.0,1
34.18,0.0,0.0,30.374217,130.959968,269.94,0.0,1
34.24,0.0,0.0,30.374217,130.959968,269.94,0.0,1
34.31,0.0,0.0,30.374217,130.959968,269.94,0.0,1
34.37,0.0,0.0,30.374217,130.959968,269.94,0.0,1
34.44,0.0,0.0,30.374217,130.959968,269.94,0.0,1
34.51,0.0,0.0,30.374217,130.959968,269.94,0.0,1
34.57,0.0,0.0,30.374217,130.959968,269.94,0.0,1
34.64,0.0,0.0,30.374217,130.959968,269.94,0.0,1
34.71,0.0,0.0,30.374217,130.959968,269.94,0.0,1
34.77,0.0,0.0,30.374217,130.959968,269.94,0.0,1
34.84,0.0,0.0,30.374217,130.959968,269.94,0.0,1
34.9,0.0,0.0,30.374217,130.959968,269.94,0.0,1
34.97,0.0,0.0,30.374217,130.959968,269.94,0.0,1
35.04,0.0,0.0,30.374217,130.959968,269.94,0.0,1
35.1,0.0,0.0,30.374217,130.959968,269.94,0.0,1
35.17,0.0,0.0,30.374217,130.959968,269.94,0.0,1
35.24,0.0,0.0,30.374217,130.959968,269.94,0.0,1
35.3,0.0,0.0,30.374217,130.959968,269.94,0.0,1
35.37,0.0,0.0,30.374217,130.959968,269.94,0.0,1
35.44,0.0,0.0,30.374217,130.959968,269.94,0.0,1
35.5,0.0,0.0,30.374217,130.959968,269.94,0.0,1
35.57,0.0,0.0,30.374217,130.959968,269.94,0.0,1
35.63,0.0,0.0,30.374217,130.959968,269.94,0.0,1
35.7,0.0,0.0,30.374217,130.959968,269.94,0.0,1
35.77,0.0,0.0,30.374217,130.959968,269.94,0.0,1
35.83,0.0,0.0,30.374217,130.959968,269.94,0.0,1
35.9,0.0,0.0,30.374217,130.959968,269.94,0.0,1
35.97,0.0,0.0,30.374217,130.959968,269.94,0.0,1
36.03,0.0,0.0,30.374217,130.959968,269.94,0.0,1
36.1,0.0,0.0,30.374217,130.959968,269.94,0.0,1
36.17,0.0,0.0,30.374217,130.959968,269.94,0.0,1
36.23,0.0,0.0,30.374217,130.959968,269.94,0.0,1
36.3,0.0,0.0,30.374217,130.959968,269.94,0.0,1
36.37,0.0,0.0,30.374217,130.959968,269.94,0.0,1
36.43,0.0,0.0,30.374217,130.959968,269.94,0.0,1
36.5,0.0,0.0,30.374217,130.959968,269.94,0.0,1
36.56,0.0,0.0,30.374217,130.959968,269.94,0.0,1
36.63,0.0,0.0,30.374217,130.959968,269.94,0.0,1
36.7,0.0,0.0,30.374217,130.959968,269.94,0.0,1
36.76,0.0,0.0,30.374217,130.959968,269.94,0.0,1
36.83,0.0,0.0,30.374217,130.959968,269.94,0.0,1
36.9,0.0,0.0,30.374217,130.959968,269.94,0.0,1
36.96,0.0,0.0,30.374217,130.959968,269.94,0.0,1
37.03,0.0,0.0,30.374217,130.959968,269.94,0.0,1
37.1,0.0,0.0,30.374217,130.959968,269.94,0.0,1
37.16,0.0,0.0,30.374217,130.959968,269.94,0.0,1
37.23,0.0,0.0,30.374217,130.959968,269.94,0.0,1
37.3,0.0,0.0,30.374217,130.959968,269.94,0.0,1
37.36,0.0,0.0,30.374217,130.959968,269.94,0.0,1
37.43,0.0,0.0,30.374217,130.959968,269.94,0.0,1
37.5,0.0,0.0,30.374217,130.959968,269.94,0.0,1
37.56,0.0,0.0,30.374217,130.959968,269.94,0.0,1
37.63,0.0,0.0,30.374217,130.959968,269.94,0.0,1
37.7,0.0,0.0,30.374217,130.959968,269.94,0.0,1
37.76,0.0,0.0,30.374217,130.959968,269.94,0.0,1
37.83,0.0,0.0,30.374217,130.959968,269.94,0.0,1
37.9,0.0,0.0,30.374217,130.959968,269.94,0.0,1
37.96,0.0,0.0,30.374217,130.959968,269.94,0.0,1
38.03,0.0,0.0,30.374217,130.959968,269.94,0.0,1
38.1,0.0,0.0,30.374217,130.959968,269.94,0.0,1
38.16,0.0,0.0,30.374217,130.959968,269.94,0.0,1
38.23,0.0,0.0,30.374217,130.959968,269.94,0.0,1
38.3,0.0,0.0,30.374217,130.959968,269.94,0.0,1
38.36,0.0,0.0,30.374217,130.959968,269.94,0.0,1
38.43,0.0,0.0,30.374217,130.959968,269.94,0.0,1
38.5,0.0,0.0,30.374217,130.959968,269.94,0.0,1
38.57,0.0,0.0,30.374217,130.959968,269.94,0.0,1
38.63,0.0,0.0,30.374217,130.959968,269.94,0.0,1
38.7,0.0,0.0,30.374217,130.959968,269.94,0.0,1
38.77,0.0,0.0,30.374217,130.959968,269.94,0.0,1
38.83,0.0,0.0,30.374217,130.959968,269.94,0.0,1
38.9,0.0,0.0,30.374217,130.959968,269.94,0.0,1
38.96,0.0,0.0,30.374217,130.959968,269.94,0.0,1
39.03,0.0,0.0,30.374217,130.959968,269.94,0.0,1
39.1,0.0,0.0,30.374217,130.959968,269.94,0.0,1
39.16,0.0,0.0,30.374217,130.959968,269.94,0.0,1
39.23,0.0,0.0,30.374217,130.959968,269.94,0.0,1
39.29,0.0,0.0,30.374217,130.959968,269.94,0.0,1
39.36,0.0,0.0,30.374217,130.959968,269.94,0.0,1
39.43,0.0,0.0,30.374217,130.959968,269.94,0.0,1
39.49,0.0,0.0,30.374217,130.959968,269.94,0.0,1
39.56,0.0,0.0,30.374217,130.959968,269.94,0.0,1
39.62,0.0,0.0,30.374217,130.959968,269.94,0.0,1
39.69,0.0,0.0,30.374217,130.959968,269.94,0.0,1
39.76,0.0,0.0,30.374217,130.959968,269.94,0.0,1
39.82,0.0,0.0,30.374217,130.959968,269.94,0.0,1
39.89,0.0,0.0,30.374217,130.959968,269.94,0.0,1
39.96,0.0,0.0,30.374217,130.959968,269.94,0.0,1
40.02,0.0,0.0,30.374217,130.959968,269.94,0.0,1
40.09,0.0,0.0,30.374217,130.959968,269.94,0.0,1
40.15,0.0,0.0,30.374217,130.959968,269.94,0.0,1
40.22,0.0,0.0,30.374217,130.959968,269.94,0.0,1
40.29,0.0,0.0,30.374217,130.959968,269.94,0.0,1
40.35,0.0,0.0,30.374217,130.959968,269.94,0.0,1
40.42,0.0,0.0,30.374217,130.959968,269.94,0.0,1
40.48,0.0,0.0,30.374217,130.959968,269.94,0.0,1
40.55,0.0,0.0,30.374217,130.959968,269.94,0.0,1
40.62,0.0,0.0,30.374217,130.959968,269.94,0.0,1
40.68,0.0,0.0,30.374217,130.959968,269.94,0.0,1
40.75,0.0,0.0,30.374217,130.959968,269.94,0.0,1
40.81,0.0,0.0,30.374217,130.959968,269.94,0.0,1
40.88,0.0,0.0,30.374217,130.959968,269.94,0.0,1
40.95,0.0,0.0,30.374217,130.959968,269.94,0.0,1
41.01,0.0,0.0,30.374217,130.959968,269.94,0.0,1
41.08,0.0,0.0,30.374217,130.959968,269.94,0.0,1
41.15,0.0,0.0,30.374217,130.959968,269.94,0.0,1
41.21,0.0,0.0,30.374217,130.959968,269.94,0.0,1
41.28,0.0,0.0,30.374217,130.959968,269.94,0.0,1
41.35,0.0,0.0,30.374217,130.959968,269.94,0.0,1
41.41,0.0,0.0,30.374217,130.959968,269.94,0.0,1
41.48,0.0,0.0,30.374217,130.959968,269.94,0.0,1
41.54,0.0,0.0,30.374217,130.959968,269.94,0.0,1
41.61,0.0,0.0,30.374217,130.959968,269.94,0.0,1
41.68,0.0,0.0,30.374217,130.959968,269.94,0.0,1
41.74,0.0,0.0,30.374217,130.959968,269.94,0.0,1
41.81,0.0,0.0,30.374217,130.959968,269.94,0.0,1
41.88,0.0,0.0,30.374217,130.959968,269.94,0.0,1
41.94,0.0,0.0,30.374217,130.959968,269.94,0.0,1
42.01,0.0,0.0,30.374217,130.959968,269.94,0.0,1
42.07,0.0,0.0,30.374217,130.959968,269.94,0.0,1
42.14,0.0,0.0,30.374217,130.959968,269.94,0.0,1
42.21,0.0,0.0,30.374217,130.959968,269.94,0.0,1
42.28,0.0,0.0,30.374217,130.959968,269.94,0.0,1
42.34,0.0,0.0,30.374217,130.959968,269.94,0.0,1
42.41,0.0,0.0,30.374217,130.959968,269.94,0.0,1
42.47,0.0,0.0,30.374217,130.959968,269.94,0.0,1
42.54,0.0,0.0,30.374217,130.959968,269.94,0.0,1
42.61,0.0,0.0,30.374217,130.959968,269.94,0.0,1
42.67,0.0,0.0,30.374217,130.959968,269.94,0.0,1
42.74,0.0,0.0,30.374217,130.959968,269.94,0.0,1
42.81,0.0,0.0,30.374217,130.959968,269.94,0.0,1
42.87,0.0,0.0,30.374217,130.959968,269.94,0.0,1
42.94,0.0,0.0,30.374217,130.959968,269.94,0.0,1
43.01,0.0,0.0,30.374217,130.959968,269.94,0.0,1
43.07,0.0,0.0,30.374217,130.959968,269.94,0.0,1
43.14,0.0,0.0,30.374217,130.959968,269.94,0.0,1
43.2,0.0,0.0,30.374217,130.959968,269.94,0.0,1
43.27,0.0,0.0,30.374217,130.959968,269.94,0.0,1
43.34,0.0,0.0,30.374217,130.959968,269.94,0.0,1
43.4,0.0,0.0,30.374217,130.959968,269.94,0.0,1
43.47,0.0,0.0,30.374217,130.959968,269.94,0.0,1
43.54,0.0,0.0,30.374217,130.959968,269.94,0.0,1
43.6,0.0,0.0,30.374217,130.959968,269.94,0.0,1
43.67,0.0,0.0,30.374217,130.959968,269.94,0.0,1
43.74,0.0,0.0,30.374217,130.959968,269.94,0.0,1
43.8,0.0,0.0,30.374217,130.959968,269.94,0.0,1
43.87,0.0,0.0,30.374217,130.959968,269.94,0.0,1
43.94,0.0,0.0,30.374217,130.959968,269.94,0.0,1
44.0,0.0,0.0,30.374217,130.959968,269.94,0.0,1
44.07,0.0,0.0,30.374217,130.959968,269.94,0.0,1
44.14,0.0,0.0,30.374217,130.959968,269.94,0.0,1
44.2,0.0,0.0,30.374217,130.959968,269.94,0.0,1
44.27,0.0,0.0,30.374217,130.959968,269.94,0.0,1
44.33,0.0,0.0,30.374217,130.959968,269.94,0.0,1
44.4,0.0,0.0,30.374217,130.959968,269.94,0.0,1
44.47,0.0,0.0,30.374217,130.959968,269.94,0.0,1
44.54,0.0,0.0,30.374217,130.959968,269.94,0.0,1
44.6,0.0,0.0,30.374217,130.959968,269.94,0.0,1
44.67,0.0,0.0,30.374217,130.959968,269.94,0.0,1
44.73,0.0,0.0,30.374217,130.959968,269.94,0.0,1
44.8,0.0,0.0,30.374217,130.959968,269.94,0.0,1
44.87,0.0,0.0,30.374217,130.959968,269.94,0.0,1
44.93,0.0,0.0,30.374217,130.959968,269.94,0.0,1
45.0,0.0,0.0,30.374217,130.959968,269.94,0.0,1
45.08,0.0,0.0,30.374217,130.959968,269.94,0.0,1
45.14,0.0,0.0,30.374217,130.959968,269.94,0.0,1
45.21,0.0,0.0,30.374217,130.959968,269.94,0.0,1
45.27,0.0,0.0,30.374217,130.959968,269.94,0.0,1
45.34,0.0,0.0,30.374217,130.959968,269.94,0.0,1
45.4,0.0,0.0,30.374217,130.959968,269.94,0.0,1
45.47,0.0,0.0,30.374217,130.959968,269.94,0.0,1
45.54,0.0,0.0,30.374217,130.959968,269.94,0.0,1
45.6,0.0,0.0,30.374217,130.959968,269.94,0.0,1
45.67,0.0,0.0,30.374217,130.959968,269.94,0.0,1
45.74,0.0,0.0,30.374217,130.959968,269.94,0.0,1
45.8,0.0,0.0,30.374217,130.959968,269.94,0.0,1
45.87,0.0,0.0,30.374217,130.959968,269.94,0.0,1
45.93,0.0,0.0,30.374217,130.959968,269.94,0.0,1
46.0,0.0,0.0,30.374217,130.959968,269.94,0.0,1
46.06,0.0,0.0,30.374217,130.959968,269.94,0.0,1
46.13,0.0,0.0,30.374217,130.959968,269.94,0.0,1
46.2,0.0,0.0,30.374217,130.959968,269.94,0.0,1
46.26,0.0,0.0,30.374217,130.959968,269.94,0.0,1
46.33,0.0,0.0,30.374217,130.959968,269.94,0.0,1
46.4,0.0,0.0,30.374217,130.959968,269.94,0.0,1
46.46,0.0,0.0,30.374217,130.959968,269.94,0.0,1
46.53,0.0,0.0,30.374217,130.959968,269.94,0.0,1
46.6,0.0,0.0,30.374217,130.959968,269.94,0.0,1
46.66,0.0,0.0,30.374217,130.959968,269.94,0.0,1
46.73,0.0,0.0,30.374217,130.959968,269.94,0.0,1
46.79,0.0,0.0,30.374217,130.959968,269.94,0.0,1
46.86,0.0,0.0,30.374217,130.959968,269.94,0.0,1
46.93,0.0,0.0,30.374217,130.959968,269.94,0.0,1
46.99,0.0,0.0,30.374217,130.959968,269.94,0.0,1
47.06,0.0,0.0,30.374217,130.959968,269.94,0.0,1
47.12,0.0,0.0,30.374217,130.959968,269.94,0.0,1
47.19,0.0,0.0,30.374217,130.959968,269.94,0.0,1
47.26,0.0,0.0,30.374217,130.959968,269.94,0.0,1
47.32,0.0,0.0,30.374217,130.959968,269.94,0.0,1
47.39,0.0,0.0,30.374217,130.959968,269.94,0.0,1
47.46,0.0,0.0,30.374217,130.959968,269.94,0.0,1
47.52,0.0,0.0,30.374217,130.959968,269.94,0.0,1
47.59,0.0,0.0,30.374217,130.959968,269.94,0.0,1
47.66,0.0,0.0,30.374217,130.959968,269.94,0.0,1
47.73,0.0,0.0,30.374217,130.959968,269.94,0.0,1
47.8,0.0,0.0,30.374217,130.959968,269.94,0.0,1
47.86,0.0,0.0,30.374217,130.959968,269.94,0.0,1
47.93,0.0,0.0,30.374217,130.959968,269.94,0.0,1
48.0,0.0,0.0,30.374217,130.959968,269.94,0.0,1
48.06,0.0,0.0,30.374217,130.959968,269.94,0.0,1
48.13,0.0,0.0,30.374217,130.959968,269.94,0.0,1
48.19,0.0,0.0,30.374217,130.959968,269.94,0.0,1
48.26,0.0,0.0,30.374217,130.959968,269.94,0.0,1
48.33,0.0,0.0,30.374217,130.959968,269.94,0.0,1
48.39,0.0,0.0,30.374217,130.959968,269.94,0.0,1
48.46,0.0,0.0,30.374217,130.959968,269.94,0.0,1
48.53,0.0,0.0,30.374217,130.959968,269.94,0.0,1
48.59,0.0,0.0,30.374217,130.959968,269.94,0.0,1
48.66,0.0,0.0,30.374217,130.959968,269.94,0.0,1
48.72,0.0,0.0,30.374217,130.959968,269.94,0.0,1
48.79,0.0,0.0,30.374217,130.959968,269.94,0.0,1
48.87,0.0,0.0,30.374217,130.959968,269.94,0.0,1
48.95,0.0,0.0,30.374217,130.959968,269.94,0.0,1
49.03,0.0,0.0,30.374217,130.959968,269.94,0.0,1
49.1,0.0,0.0,30.374217,130.959968,269.94,0.0,1
49.17,0.0,0.0,30.374217,130.959968,269.94,0.0,1
49.26,0.0,0.0,30.374217,130.959968,269.94,0.0,1
49.33,0.0,0.0,30.374217,130.959968,269.94,0.0,1
49.4,0.0,0.0,30.374217,130.959968,269.94,0.0,1
49.46,0.0,0.0,30.374217,130.959968,269.94,0.0,1
49.53,0.0,0.0,30.374217,130.959968,269.94,0.0,1
49.6,0.0,0.0,30.374217,130.959968,269.94,0.0,1
49.66,0.0,0.0,30.374217,130.959968,269.94,0.0,1
49.73,0.0,0.0,30.374217,130.959968,269.94,0.0,1
49.8,0.0,0.0,30.374217,130.959968,269.94,0.0,1
49.86,0.0,0.0,30.374217,130.959968,269.94,0.0,1
49.93,0.0,0.0,30.374217,130.959968,269.94,0.0,1
50.0,0.0,0.0,30.374217,130.959968,269.94,0.0,1
50.06,0.0,0.0,30.374217,130.959968,269.94,0.0,1
50.13,0.0,0.0,30.374217,130.959968,269.94,0.0,1
50.2,0.0,0.0,30.374217,130.959968,269.94,0.0,1
50.26,0.0,0.0,30.374217,130.959968,269.94,0.0,1
50.33,0.0,0.0,30.374217,130.959968,269.94,0.0,1
50.4,0.0,0.0,30.374217,130.959968,269.94,0.0,1
50.46,0.0,0.0,30.374217,130.959968,269.94,0.0,1
50.53,0.0,0.0,30.374217,130.959968,269.94,0.0,1
50.6,0.0,0.0,30.374217,130.959968,269.94,0.0,1
50.66,0.0,0.0,30.374217,130.959968,269.94,0.0,1
50.73,0.0,0.0,30.374217,130.959968,269.94,0.0,1
50.8,0.0,0.0,30.374217,130.959968,269.94,0.0,1
50.87,0.0,0.0,30.374217,130.959968,269.94,0.0,1
50.93,0.0,0.0,30.374217,130.959968,269.94,0.0,1
51.0,0.0,0.0,30.374217,130.959968,269.94,0.0,1
51.07,0.0,0.0,30.374217,130.959968,269.94,0.0,1
51.13,0.0,0.0,30.374217,130.959968,269.94,0.0,1
51.2,0.0,0.0,30.374217,130.959968,269.94,0.0,1
51.27,0.0,0.0,30.374217,130.959968,269.94,0.0,1
51.33,0.0,0.0,30.374217,130.959968,269.94,0.0,1
51.4,0.0,0.0,30.374217,130.959968,269.94,0.0,1
51.47,0.0,0.0,30.374217,130.959968,269.94,0.0,1
51.53,0.0,0.0,30.374217,130.959968,269.94,0.0,1
51.6,0.0,0.0,30.374217,130.959968,269.94,0.0,1
51.67,0.0,0.0,30.374217,130.959968,269.94,0.0,1
51.73,0.0,0.0,30.374217,130.959968,269.94,0.0,1
51.8,0.0,0.0,30.374217,130.959968,269.94,0.0,1
51.87,0.0,0.0,30.374217,130.959968,269.94,0.0,1
51.94,0.0,0.0,30.374217,130.959968,269.94,0.0,1
52.0,0.0,0.0,30.374217,130.959968,269.94,0.0,1
52.07,0.0,0.0,30.374217,130.959968,269.94,0.0,1
52.14,0.0,0.0,30.374217,130.959968,269.94,0.0,1
52.2,0.0,0.0,30.374217,130.959968,269.94,0.0,1
52.27,0.0,0.0,30.374217,130.959968,269.94,0.0,1
52.33,0.0,0.0,30.374217,130.959968,269.94,0.0,1
52.4,0.0,0.0,30.374217,130.959968,269.94,0.0,1
52.47,0.0,0.0,30.374217,130.959968,269.94,0.0,1
52.53,0.0,0.0,30.374217,130.959968,269.94,0.0,1
52.6,0.0,0.0,30.374217,130.959968,269.94,0.0,1
52.66,0.0,0.0,30.374217,130.959968,269.94,0.0,1
52.73,0.0,0.0,30.374217,130.959968,269.94,0.0,1
52.79,0.0,0.0,30.374217,130.959968,269.94,0.0,1
52.86,0.0,0.0,30.374217,130.959968,269.94,0.0,1
52.93,0.0,0.0,30.374217,130.959968,269.94,0.0,1
52.99,0.0,0.0,30.374217,130.959968,269.94,0.0,1
53.06,0.0,0.0,30.374217,130.959968,269.94,0.0,1
53.12,0.0,0.0,30.374217,130.959968,269.94,0.0,1
53.19,0.0,0.0,30.374217,130.959968,269.94,0.0,1
53.26,0.0,0.0,30.374217,130.959968,269.94,0.0,1
53.32,0.0,0.0,30.374217,130.959968,269.94,0.0,1
53.39,0.0,0.0,30.374217,130.959968,269.94,0.0,1
53.46,0.0,0.0,30.374217,130.959968,269.94,0.0,1
53.52,0.0,0.0,30.374217,130.959968,269.94,0.0,1
53.59,0.0,0.0,30.374217,130.959968,269.94,0.0,1
53.66,0.0,0.0,30.374217,130.959968,269.94,0.0,1
53.72,0.0,0.0,30.374217,130.959968,269.94,0.0,1
53.79,0.0,0.0,30.374217,130.959968,269.94,0.0,1
53.85,0.0,0.0,30.374217,130.959968,269.94,0.0,1
53.92,0.0,0.0,30.374217,130.959968,269.94,0.0,1
53.99,0.0,0.0,30.374217,130.959968,269.94,0.0,1
54.05,0.0,0.0,30.374217,130.959968,269.94,0.0,1
54.12,0.0,0.0,30.374217,130.959968,269.94,0.0,1
54.18,0.0,0.0,30.374217,130.959968,269.94,0.0,1
54.25,0.0,0.0,30.374217,130.959968,269.94,0.0,1
54.32,0.0,0.0,30.374217,130.959968,269.94,0.0,1
54.38,0.0,0.0,30.374217,130.959968,269.94,0.0,1
54.45,0.0,0.0,30.374217,130.959968,269.94,0.0,1
54.52,0.0,0.0,30.374217,130.959968,269.94,0.0,1
54.58,0.0,0.0,30.374217,130.959968,269.94,0.0,1
54.65,0.0,0.0,30.374217,130.959968,269.94,0.0,1
54.72,0.0,0.0,30.374217,130.959968,269.94,0.0,1
54.78,0.0,0.0,30.374217,130.959968,269.94,0.0,1
54.85,0.0,0.0,30.374217,130.959968,269.94,0.0,1
54.91,0.0,0.0,30.374217,130.959968,269.94,0.0,1
54.98,0.0,0.0,30.374217,130.959968,269.94,0.0,1
55.05,0.0,0.0,30.374217,130.959968,269.94,0.0,1
55.11,0.0,0.0,30.374217,130.959968,269.94,0.0,1
55.18,0.0,0.0,30.374217,130.959968,269.94,0.0,1
55.25,0.0,0.0,30.374217,130.959968,269.94,0.0,1
55.31,0.0,0.0,30.374217,130.959968,269.94,0.0,1
55.38,0.0,0.0,30.374217,130.959968,269.94,0.0,1
55.45,0.0,0.0,30.374217,130.959968,269.94,0.0,1
55.51,0.0,0.0,30.374217,130.959968,269.94,0.0,1
55.58,0.0,0.0,30.374217,130.959968,269.94,0.0,1
55.65,0.0,0.0,30.374217,130.959968,269.94,0.0,1
55.71,0.0,0.0,30.374217,130.959968,269.94,0.0,1
55.78,0.0,0.0,30.374217,130.959968,269.94,0.0,1
55.85,0.0,0.0,30.374217,130.959968,269.94,0.0,1
55.91,0.0,0.0,30.374217,130.959968,269.94,0.0,1
55.98,0.0,0.0,30.374217,130.959968,269.94,0.0,1
56.04,0.0,0.0,30.374217,130.959968,269.94,0.0,1
56.11,0.0,0.0,30.374217,130.959968,269.94,0.0,1
56.18,0.0,0.0,30.374217,130.959968,269.94,0.0,1
56.24,0.0,0.0,30.374217,130.959968,269.94,0.0,1
56.31,0.0,0.0,30.374217,130.959968,269.94,0.0,1
56.38,0.0,0.0,30.374217,130.959968,269.94,0.0,1
56.44,0.0,0.0,30.374217,130.959968,269.94,0.0,1
56.51,0.0,0.0,30.374217,130.959968,269.94,0.0,1
56.58,0.0,0.0,30.374217,130.959968,269.94,0.0,1
56.64,0.0,0.0,30.374217,130.959968,269.94,0.0,1
56.71,0.0,0.0,30.374217,130.959968,269.94,0.0,1
56.78,0.0,0.0,30.374217,130.959968,269.94,0.0,1
56.84,0.0,0.0,30.374217,130.959968,269.94,0.0,1
56.91,0.0,0.0,30.374217,130.959968,269.94,0.0,1
56.98,0.0,0.0,30.374217,130.959968,269.94,0.0,1
57.04,0.0,0.0,30.374217,130.959968,269.94,0.0,1
57.11,0.0,0.0,30.374217,130.959968,269.94,0.0,1
57.18,0.0,0.0,30.374217,130.959968,269.94,0.0,1
57.24,0.0,0.0,30.374217,130.959968,269.94,0.0,1
57.31,0.0,0.0,30.374217,130.959968,269.94,0.0,1
57.37,0.0,0.0,30.374217,130.959968,269.94,0.0,1
57.44,0.0,0.0,30.374217,130.959968,269.94,0.0,1
57.51,0.0,0.0,30.374217,130.959968,269.94,0.0,1
57.58,0.0,0.0,30.374217,130.959968,269.94,0.0,1
57.64,0.0,0.0,30.374217,130.959968,269.94,0.0,1
57.71,0.0,0.0,30.374217,130.959968,269.94,0.0,1
57.78,0.0,0.0,30.374217,130.959968,269.94,0.0,1
57.84,0.0,0.0,30.374217,130.959968,269.94,0.0,1
57.91,0.0,0.0,30.374217,130.959968,269.94,0.0,1
57.98,0.0,0.0,30.374217,130.959968,269.94,0.0,1
58.04,0.0,0.0,30.374217,130.959968,269.94,0.0,1
58.11,0.0,0.0,30.374217,130.959968,269.94,0.0,1
58.18,0.0,0.0,30.374217,130.959968,269.94,0.0,1
58.24,0.0,0.0,30.374217,130.959968,269.94,0.0,1
58.31,0.0,0.0,30.374217,130.959968,269.94,0.0,1
58.38,0.0,0.0,30.374217,130.959968,269.94,0.0,1
58.45,0.0,0.0,30.374217,130.959968,269.94,0.0,1
58.52,0.0,0.0,30.374217,130.959968,269.94,0.0,1
58.58,0.0,0.0,30.374217,130.959968,269.94,0.0,1
58.65,0.0,0.0,30.374217,130.959968,269.94,0.0,1
58.71,0.0,0.0,30.374217,130.959968,269.94,0.0,1
58.78,0.0,0.0,30.374217,130.959968,269.94,0.0,1
58.85,0.0,0.0,30.374217,130.959968,269.94,0.0,1
58.91,0.0,0.0,30.374217,130.959968,269.94,0.0,1
58.98,0.0,0.0,30.374217,130.959968,269.94,0.0,1
59.05,0.0,0.0,30.374217,130.959968,269.94,0.0,1
59.11,0.0,0.0,30.374217,130.959968,269.94,0.0,1
59.18,0.0,0.0,30.374217,130.959968,269.94,0.0,1
59.24,0.0,0.0,30.374217,130.959968,269.94,0.0,1
59.31,0.0,0.0,30.374217,130.959968,269.94,0.0,1
59.38,0.0,0.0,30.374217,130.959968,269.94,0.0,1
59.44,0.0,0.0,30.374217,130.959968,269.94,0.0,1
59.51,0.0,0.0,30.374217,130.959968,269.94,0.0,1
59.57,0.0,0.0,30.374217,130.959968,269.94,0.0,1
59.64,0.0,0.0,30.374217,130.959968,269.94,0.0,1
59.71,0.0,0.0,30.374217,130.959968,269.94,0.0,1
59.77,0.0,0.0,30.374217,130.959968,269.94,0.0,1
59.84,0.0,0.0,30.374217,130.959968,269.94,0.0,1
59.91,0.0,0.0,30.374217,130.959968,269.94,0.0,1
59.97,0.0,0.0,30.374217,130.959968,269.94,0.0,1
60.04,0.0,0.0,30.374217,130.959968,269.94,0.0,1
60.1,0.0,0.0,30.374217,130.959968,269.94,0.0,1
60.17,0.0,0.0,30.374217,130.959968,269.94,0.0,1
60.24,0.0,0.0,30.374217,130.959968,269.94,0.0,1
60.3,0.0,0.0,30.374217,130.959968,269.94,0.0,1
60.37,0.0,0.0,30.374217,130.959968,269.94,0.0,1
60.43,0.0,0.0,30.374217,130.959968,269.94,0.0,1
60.5,0.0,0.0,30.374217,130.959968,269.94,0.0,1
60.57,0.0,0.0,30.374217,130.959968,269.94,0.0,1
60.63,0.0,0.0,30.374217,130.959968,269.94,0.0,1
60.7,0.0,0.0,30.374217,130.959968,269.94,0.0,1
60.77,0.0,0.0,30.374217,130.959968,269.94,0.0,1
60.83,0.0,0.0,30.374217,130.959968,269.94,0.0,1
60.9,0.0,0.0,30.374217,130.959968,269.94,0.0,1
60.96,0.0,0.0,30.374217,130.959968,269.94,0.0,1
61.03,0.0,0.0,30.374217,130.959968,269.94,0.0,1
61.1,0.0,0.0,30.374217,130.959968,269.94,0.0,1
61.16,0.0,0.0,30.374217,130.959968,269.94,0.0,1
61.23,0.0,0.0,30.374217,130.959968,269.94,0.0,1
61.3,0.0,0.0,30.374217,130.959968,269.94,0.0,1
61.36,0.0,0.0,30.374217,130.959968,269.94,0.0,1
61.43,0.0,0.0,30.374217,130.959968,269.94,0.0,1
61.5,0.0,0.0,30.374217,130.959968,269.94,0.0,1
61.56,0.0,0.0,30.374217,130.959968,269.94,0.0,1
61.63,0.0,0.0,30.374217,130.959968,269.94,0.0,1
61.7,0.0,0.0,30.374217,130.959968,269.94,0.0,1
61.76,0.0,0.0,30.374217,130.959968,269.94,0.0,1
61.83,0.0,0.0,30.374217,130.959968,269.94,0.0,1
61.9,0.0,0.0,30.374217,130.959968,269.94,0.0,1
61.96,0.0,0.0,30.374217,130.959968,269.94,0.0,1
62.03,0.0,0.0,30.374217,130.959968,269.94,0.0,1
62.1,0.0,0.0,30.374217,130.959968,269.94,0.0,1
62.16,0.0,0.0,30.374217,130.959968,269.94,0.0,1
62.23,0.0,0.0,30.374217,130.959968,269.94,0.0,1
62.29,0.0,0.0,30.374217,130.959968,269.94,0.0,1
62.36,0.0,0.0,30.374217,130.959968,269.94,0.0,1
62.43,0.0,0.0,30.374217,130.959968,269.94,0.0,1
62.49,0.0,0.0,30.374217,130.959968,269.94,0.0,1
62.56,0.0,0.0,30.374217,130.959968,269.94,0.0,1
62.63,0.0,0.0,30.374217,130.959968,269.94,0.0,1
62.69,0.0,0.0,30.374217,130.959968,269.94,0.0,1
62.77,0.0,0.0,30.374217,130.959968,269.94,0.0,1
62.83,0.0,0.0,30.374217,130.959968,269.94,0.0,1
62.9,0.0,0.0,30.374217,130.959968,269.94,0.0,1
62.97,0.0,0.0,30.374217,130.959968,269.94,0.0,1
63.03,0.0,0.0,30.374217,130.959968,269.94,0.0,1
63.1,0.0,0.0,30.374217,130.959968,269.94,0.0,1
63.17,0.0,0.0,30.374217,130.959968,269.94,0.0,1
63.23,0.0,0.0,30.374217,130.959968,269.94,0.0,1
63.3,0.0,0.0,30.374217,130.959968,269.94,0.0,1
63.36,0.0,0.0,30.374217,130.959968,269.94,0.0,1
63.43,0.0,0.0,30.374217,130.959968,269.94,0.0,1
63.49,0.0,0.0,30.374217,130.959968,269.94,0.0,1
63.56,0.0,0.0,30.374217,130.959968,269.94,0.0,1
63.63,0.0,0.0,30.374217,130.959968,269.94,0.0,1
63.69,0.0,0.0,30.374217,130.959968,269.94,0.0,1
63.76,0.0,0.0,30.374217,130.959968,269.94,0.0,1
63.82,0.0,0.0,30.374217,130.959968,269.94,0.0,1
63.89,0.0,0.0,30.374217,130.959968,269.94,0.0,1
63.96,0.0,0.0,30.374217,130.959968,269.94,0.0,1
64.02,0.0,0.0,30.374217,130.959968,269.94,0.0,1
64.09,0.0,0.0,30.374217,130.959968,269.94,0.0,1
64.16,0.0,0.0,30.374217,130.959968,269.94,0.0,1
64.22,0.0,0.0,30.374217,130.959968,269.94,0.0,1
64.29,0.0,0.0,30.374217,130.959968,269.94,0.0,1
64.35,0.0,0.0,30.374217,130.959968,269.94,0.0,1
64.42,0.0,0.0,30.374217,130.959968,269.94,0.0,1
64.49,0.0,0.0,30.374217,130.959968,269.94,0.0,1
64.55,0.0,0.0,30.374217,130.959968,269.94,0.0,1
64.62,0.0,0.0,30.374217,130.959968,269.94,0.0,1
64.68,0.0,0.0,30.374217,130.959968,269.94,0.0,1
64.75,0.0,0.0,30.374217,130.959968,269.94,0.0,1
64.82,0.0,0.0,30.374217,130.959968,269.94,0.0,1
64.88,0.0,0.0,30.374217,130.959968,269.94,0.0,1
64.95,0.0,0.0,30.374217,130.959968,269.94,0.0,1
65.01,0.0,0.0,30.374217,130.959968,269.94,0.0,1
65.09,0.0,0.0,30.374217,130.959968,269.94,0.0,1
65.15,0.0,0.0,30.374217,130.959968,269.94,0.0,1
65.22,0.0,0.0,30.374217,130.959968,269.94,0.0,1
65.28,0.0,0.0,30.374217,130.959968,269.94,0.0,1
65.35,0.0,0.0,30.374217,130.959968,269.94,0.0,1
65.41,0.0,0.0,30.374217,130.959968,269.94,0.0,1
65.48,0.0,0.0,30.374217,130.959968,269.94,0.0,1
65.54,0.0,0.0,30.374217,130.959968,269.94,0.0,1
65.61,0.0,0.0,30.374217,130.959968,269.94,0.0,1
65.68,0.0,0.0,30.374217,130.959968,269.94,0.0,1
65.74,0.0,0.0,30.374217,130.959968,269.94,0.0,1
65.81,0.0,0.0,30.374217,130.959968,269.94,0.0,1
65.87,0.0,0.0,30.374217,130.959968,269.94,0.0,1
65.94,0.0,0.0,30.374217,130.959968,269.94,0.0,1
66.0,0.0,0.0,30.374217,130.959968,269.94,0.0,1
66.07,0.0,0.0,30.374217,130.959968,269.94,0.0,1
66.13,0.0,0.0,30.374217,130.959968,269.94,0.0,1
66.2,0.0,0.0,30.374217,130.959968,269.94,0.0,1
66.26,0.0,0.0,30.374217,130.959968,269.94,0.0,1
66.33,0.0,0.0,30.374217,130.959968,269.94,0.0,1
66.4,0.0,0.0,30.374217,130.959968,269.94,0.0,1
66.47,0.0,0.0,30.374217,130.959968,269.94,0.0,1
66.53,0.0,0.0,30.374217,130.959968,269.94,0.0,1
66.6,0.0,0.0,30.374217,130.959968,269.94,0.0,1
66.66,0.0,0.0,30.374217,130.959968,269.94,0.0,1
66.73,0.0,0.0,30.374217,130.959968,269.94,0.0,1
66.8,0.0,0.0,30.374217,130.959968,269.94,0.0,1
66.86,0.0,0.0,30.374217,130.959968,269.94,0.0,1
66.93,0.0,0.0,30.374217,130.959968,269.94,0.0,1
66.99,0.0,0.0,30.374217,130.959968,269.94,0.0,1
67.06,0.0,0.0,30.374217,130.959968,269.94,0.0,1
67.12,0.0,0.0,30.374217,130.959968,269.94,0.0,1
67.19,0.0,0.0,30.374217,130.959968,269.94,0.0,1
67.26,0.0,0.0,30.374217,130.959968,269.94,0.0,1
67.32,0.0,0.0,30.374217,130.959968,269.94,0.0,1
67.39,0.0,0.0,30.374217,130.959968,269.94,0.0,1
67.45,0.0,0.0,30.374217,130.959968,269.94,0.0,1
67.52,0.0,0.0,30.374217,130.959968,269.94,0.0,1
67.58,0.0,0.0,30.374217,130.959968,269.94,0.0,1
67.65,0.0,0.0,30.374217,130.959968,269.94,0.0,1
67.71,0.0,0.0,30.374217,130.959968,269.94,0.0,1
67.78,0.0,0.0,30.374217,130.959968,269.94,0.0,1
67.85,0.0,0.0,30.374217,130.959968,269.94,0.0,1
67.91,0.0,0.0,30.374217,130.959968,269.94,0.0,1
67.98,0.0,0.0,30.374217,130.959968,269.94,0.0,1
68.04,0.0,0.0,30.374217,130.959968,269.94,0.0,1
68.11,0.0,0.0,30.374217,130.959968,269.94,0.0,1
68.18,0.0,0.0,30.374217,130.959968,269.94,0.0,1
68.24,0.0,0.0,30.374217,130.959968,269.94,0.0,1
68.31,0.0,0.0,30.374217,130.959968,269.94,0.0,1
68.38,0.0,0.0,30.374217,130.959968,269.94,0.0,1
68.44,0.0,0.0,30.374217,130.959968,269.94,0.0,1
68.51,0.0,0.0,30.374217,130.959968,269.94,0.0,1
68.57,0.0,0.0,30.374217,130.959968,269.94,0.0,1
68.64,0.0,0.0,30.374217,130.959968,269.94,0.0,1
68.71,0.0,0.0,30.374217,130.959968,269.94,0.0,1
68.77,0.0,0.0,30.374217,130.959968,269.94,0.0,1
68.84,0.0,0.0,30.374217,130.959968,269.94,0.0,1
68.9,0.0,0.0,30.374217,130.959968,269.94,0.0,1
68.97,0.0,0.0,30.374217,130.959968,269.94,0.0,1
69.04,0.0,0.0,30.374217,130.959968,269.94,0.0,1
69.1,0.0,0.0,30.374217,130.959968,269.94,0.0,1
69.17,0.0,0.0,30.374217,130.959968,269.94,0.0,1
69.23,0.0,0.0,30.374217,130.959968,269.94,0.0,1
69.3,0.0,0.0,30.374217,130.959968,269.94,0.0,1
69.37,0.0,0.0,30.374217,130.959968,269.94,0.0,1
69.43,0.0,0.0,30.374217,130.959968,269.94,0.0,1
69.5,0.0,0.0,30.374217,130.959968,269.94,0.0,1
69.57,0.0,0.0,30.374217,130.959968,269.94,0.0,1
69.63,0.0,0.0,30.374217,130.959968,269.94,0.0,1
69.7,0.0,0.0,30.374217,130.959968,269.94,0.0,1
69.76,0.0,0.0,30.374217,130.959968,269.94,0.0,1
69.83,0.0,0.0,30.374217,130.959968,269.94,0.0,1
69.9,0.0,0.0,30.374217,130.959968,269.94,0.0,1
69.97,0.0,0.0,30.374217,130.959968,269.94,0.0,1
70.03,0.0,0.0,30.374217,130.959968,269.94,0.0,1
70.1,0.0,0.0,30.374217,130.959968,269.94,0.0,1
70.16,0.0,0.0,30.374217,130.959968,269.94,0.0,1
70.23,0.0,0.0,30.374217,130.959968,269.94,0.0,1
70.3,0.0,0.0,30.374217,130.959968,269.94,0.0,1
70.36,0.0,0.0,30.374217,130.959968,269.94,0.0,1
70.43,0.0,0.0,30.374217,130.959968,269.94,0.0,1
70.5,0.0,0.0,30.374217,130.959968,269.94,0.0,1
70.56,0.0,0.0,30.374217,130.959968,269.94,0.0,1
70.63,0.0,0.0,30.374217,130.959968,269.94,0.0,1
70.7,0.0,0.0,30.374217,130.959968,269.94,0.0,1
70.76,0.0,0.0,30.374217,130.959968,269.94,0.0,1
70.83,0.0,0.0,30.374217,130.959968,269.94,0.0,1
70.9,0.0,0.0,30.374217,130.959968,269.94,0.0,1
70.96,0.0,0.0,30.374217,130.959968,269.94,0.0,1
71.03,0.0,0.0,30.374217,130.959968,269.94,0.0,1
71.09,0.0,0.0,30.374217,130.959968,269.94,0.0,1
71.16,0.0,0.0,30.374217,130.959968,269.94,0.0,1
71.23,0.0,0.0,30.374217,130.959968,269.94,0.0,1
71.29,0.0,0.0,30.374217,130.959968,269.94,0.0,1
71.36,0.0,0.0,30.374217,130.959968,269.94,0.0,1
71.43,0.0,0.0,30.374217,130.959968,269.94,0.0,1
71.49,0.0,0.0,30.374217,130.959968,269.94,0.0,1
71.56,0.0,0.0,30.374217,130.959968,269.94,0.0,1
71.63,0.0,0.0,30.374217,130.959968,269.94,0.0,1
71.69,0.0,0.0,30.374217,130.959968,269.94,0.0,1
71.76,0.0,0.0,30.374217,130.959968,269.94,0.0,1
71.83,0.0,0.0,30.374217,130.959968,269.94,0.0,1
71.9,0.0,0.0,30.374217,130.959968,269.94,0.0,1
71.96,0.0,0.0,30.374217,130.959968,269.94,0.0,1
72.03,0.0,0.0,30.374217,130.959968,269.94,0.0,1
72.1,0.0,0.0,30.374217,130.959968,269.94,0.0,1
72.16,0.0,0.0,30.374217,130.959968,269.94,0.0,1
72.23,0.0,0.0,30.374217,130.959968,269.94,0.0,1
72.3,0.0,0.0,30.374217,130.959968,269.94,0.0,1
72.36,0.0,0.0,30.374217,130.959968,269.94,0.0,1
72.43,0.0,0.0,30.374217,130.959968,269.94,0.0,1
72.49,0.0,0.0,30.374217,130.959968,269.94,0.0,1
72.56,0.0,0.0,30.374217,130.959968,269.94,0.0,1
72.63,0.0,0.0,30.374217,130.959968,269.94,0.0,1
72.7,0.0,0.0,30.374217,130.959968,269.94,0.0,1
72.76,0.0,0.0,30.374217,130.959968,269.94,0.0,1
72.83,0.0,0.0,30.374217,130.959968,269.94,0.0,1
72.9,0.0,0.0,30.374217,130.959968,269.94,0.0,1
72.97,0.0,0.0,30.374217,130.959968,269.94,0.0,1
73.03,0.0,0.0,30.374217,130.959968,269.94,0.0,1
73.1,0.0,0.0,30.374217,130.959968,269.94,0.0,1
73.16,0.0,0.0,30.374217,130.959968,269.94,0.0,1
73.23,0.0,0.0,30.374217,130.959968,269.94,0.0,1
73.3,0.0,0.0,30.374217,130.959968,269.94,0.0,1
73.36,0.0,0.0,30.374217,130.959968,269.94,0.0,1
73.43,0.0,0.0,30.374217,130.959968,269.94,0.0,1
73.49,0.0,0.0,30.374217,130.959968,269.94,0.0,1
73.56,0.0,0.0,30.374217,130.959968,269.94,0.0,1
73.63,0.0,0.0,30.374217,130.959968,269.94,0.0,1
73.69,0.0,0.0,30.374217,130.959968,269.94,0.0,1
73.76,0.0,0.0,30.374217,130.959968,269.94,0.0,1
73.82,0.0,0.0,30.374217,130.959968,269.94,0.0,1
73.89,0.0,0.0,30.374217,130.959968,269.94,0.0,1
73.96,0.0,0.0,30.374217,130.959968,269.94,0.0,1
74.02,0.0,0.0,30.374217,130.959968,269.94,0.0,1
74.09,0.0,0.0,30.374217,130.959968,269.94,0.0,1
74.15,0.0,0.0,30.374217,130.959968,269.94,0.0,1
74.22,0.0,0.0,30.374217,130.959968,269.94,0.0,1
74.29,0.0,0.0,30.374217,130.959968,269.94,0.0,1
74.35,0.0,0.0,30.374217,130.959968,269.94,0.0,1
74.42,0.0,0.0,30.374217,130.959968,269.94,0.0,1
74.48,0.0,0.0,30.374217,130.959968,269.94,0.0,1
74.55,0.0,0.0,30.374217,130.959968,269.94,0.0,1
74.62,0.0,0.0,30.374217,130.959968,269.94,0.0,1
74.68,0.0,0.0,30.374217,130.959968,269.94,0.0,1
74.75,0.0,0.0,30.374217,130.959968,269.94,0.0,1
74.82,0.0,0.0,30.374217,130.959968,269.94,0.0,1
74.88,0.0,0.0,30.374217,130.959968,269.94,0.0,1
74.95,0.0,0.0,30.374217,130.959968,269.94,0.0,1
75.02,0.0,0.0,30.374217,130.959968,269.94,0.0,1
75.08,0.0,0.0,30.374217,130.959968,269.94,0.0,1
75.15,0.0,0.0,30.374217,130.959968,269.94,0.0,1
75.21,0.0,0.0,30.374217,130.959968,269.94,0.0,1
75.28,0.0,0.0,30.374217,130.959968,269.94,0.0,1
75.35,0.0,0.0,30.374217,130.959968,269.94,0.0,1
75.41,0.0,0.0,30.374217,130.959968,269.94,0.0,1
75.48,0.0,0.0,30.374217,130.959968,269.94,0.0,1
75.55,0.0,0.0,30.374217,130.959968,269.94,0.0,1
75.61,0.0,0.0,30.374217,130.959968,269.94,0.0,1
75.68,0.0,0.0,30.374217,130.959968,269.94,0.0,1
75.74,0.0,0.0,30.374217,130.959968,269.94,0.0,1
75.81,0.0,0.0,30.374217,130.959968,269.94,0.0,1
75.88,0.0,0.0,30.374217,130.959968,269.94,0.0,1
75.94,0.0,0.0,30.374217,130.959968,269.94,0.0,1
76.01,0.0,0.0,30.374217,130.959968,269.94,0.0,1
76.08,0.0,0.0,30.374217,130.959968,269.94,0.0,1
76.14,0.0,0.0,30.374217,130.959968,269.94,0.0,1
76.21,0.0,0.0,30.374217,130.959968,269.94,0.0,1
76.28,0.0,0.0,30.374217,130.959968,269.94,0.0,1
76.34,0.0,0.0,30.374217,130.959968,269.94,0.0,1
76.41,0.0,0.0,30.374217,130.959968,269.94,0.0,1
76.48,0.0,0.0,30.374217,130.959968,269.94,0.0,1
76.54,0.0,0.0,30.374217,130.959968,269.94,0.0,1
76.61,0.0,0.0,30.374217,130.959968,269.94,0.0,1
76.67,0.0,0.0,30.374217,130.959968,269.94,0.0,1
76.74,0.0,0.0,30.374217,130.959968,269.94,0.0,1
76.81,0.0,0.0,30.374217,130.959968,269.94,0.0,1
76.87,0.0,0.0,30.374217,130.959968,269.94,0.0,1
76.94,0.0,0.0,30.374217,130.959968,269.94,0.0,1
77.01,0.0,0.0,30.374217,130.959968,269.94,0.0,1
77.07,0.0,0.0,30.374217,130.959968,269.94,0.0,1
77.14,0.0,0.0,30.374217,130.959968,269.94,0.0,1
77.21,0.0,0.0,30.374217,130.959968,269.94,0.0,1
77.27,0.0,0.0,30.374217,130.959968,269.94,0.0,1
77.34,0.0,0.0,30.374217,130.959968,269.94,0.0,1
77.4,0.0,0.0,30.374217,130.959968,269.94,0.0,1
77.47,0.0,0.0,30.374217,130.959968,269.94,0.0,1
77.54,0.0,0.0,30.374217,130.959968,269.94,0.0,1
77.6,0.0,0.0,30.374217,130.959968,269.94,0.0,1
77.67,0.0,0.0,30.374217,130.959968,269.94,0.0,1
77.74,0.0,0.0,30.374217,130.959968,269.94,0.0,1
77.8,0.0,0.0,30.374217,130.959968,269.94,0.0,1
77.87,0.0,0.0,30.374217,130.959968,269.94,0.0,1
77.94,0.0,0.0,30.374217,130.959968,269.94,0.0,1
78.01,0.0,0.0,30.374217,130.959968,269.94,0.0,1
78.07,0.0,0.0,30.374217,130.959968,269.94,0.0,1
78.14,0.0,0.0,30.374217,130.959968,269.94,0.0,1
78.21,0.0,0.0,30.374217,130.959968,269.94,0.0,1
78.27,0.0,0.0,30.374217,130.959968,269.94,0.0,1
78.34,0.0,0.0,30.374217,130.959968,269.94,0.0,1
78.41,0.0,0.0,30.374217,130.959968,269.94,0.0,1
78.47,0.0,0.0,30.374217,130.959968,269.94,0.0,1
78.54,0.0,0.0,30.374217,130.959968,269.94,0.0,1
78.6,0.0,0.0,30.374217,130.959968,269.94,0.0,1
78.67,0.0,0.0,30.374217,130.959968,269.94,0.0,1
78.74,0.0,0.0,30.374217,130.959968,269.94,0.0,1
78.81,0.0,0.0,30.374217,130.959968,269.94,0.0,1
78.88,0.0,0.0,30.374217,130.959968,269.94,0.0,1
78.94,0.0,0.0,30.374217,130.959968,269.94,0.0,1
79.01,0.0,0.0,30.374217,130.959968,269.94,0.0,1
79.08,0.0,0.0,30.374217,130.959968,269.94,0.0,1
79.14,0.0,0.0,30.374217,130.959968,269.94,0.0,1
79.21,0.0,0.0,30.374217,130.959968,269.94,0.0,1
79.28,0.0,0.0,30.374217,130.959968,269.94,0.0,1
79.34,0.0,0.0,30.374217,130.959968,269.94,0.0,1
79.42,0.0,0.0,30.374217,130.959968,269.94,0.0,1
79.48,0.0,0.0,30.374217,130.959968,269.94,0.0,1
79.55,0.0,0.0,30.374217,130.959968,269.94,0.0,1
79.62,0.0,0.0,30.374217,130.959968,269.94,0.0,1
79.68,0.0,0.0,30.374217,130.959968,269.94,0.0,1
79.75,0.0,0.0,30.374217,130.959968,269.94,0.0,1
79.81,0.0,0.0,30.374217,130.959968,269.94,0.0,1
79.88,0.0,0.0,30.374217,130.959968,269.94,0.0,1
79.95,0.0,0.0,30.374217,130.959968,269.94,0.0,1
80.01,0.0,0.0,30.374217,130.959968,269.94,0.0,1
80.08,0.0,0.0,30.374217,130.959968,269.94,0.0,1
80.14,0.0,0.0,30.374217,130.959968,269.94,0.0,1
80.21,0.0,0.0,30.374217,130.959968,269.94,0.0,1
80.28,0.0,0.0,30.374217,130.959968,269.94,0.0,1
80.34,0.0,0.0,30.374217,130.959968,269.94,0.0,1
80.41,0.0,0.0,30.374217,130.959968,269.94,0.0,1
80.48,0.0,0.0,30.374217,130.959968,269.94,0.0,1
80.54,0.0,0.0,30.374217,130.959968,269.94,0.0,1
80.61,0.0,0.0,30.374217,130.959968,269.94,0.0,1
80.68,0.0,0.0,30.374217,130.959968,269.94,0.0,1
80.74,0.0,0.0,30.374217,130.959968,269.94,0.0,1
80.81,0.0,0.0,30.374217,130.959968,269.94,0.0,1
80.87,0.0,0.0,30.374217,130.959968,269.94,0.0,1
80.94,0.0,0.0,30.374217,130.959968,269.94,0.0,1
81.01,0.0,0.0,30.374217,130.959968,269.94,0.0,1
81.07,0.0,0.0,30.374217,130.959968,269.94,0.0,1
81.14,0.0,0.0,30.374217,130.959968,269.94,0.0,1
81.21,0.0,0.0,30.374217,130.959968,269.94,0.0,1
81.27,0.0,0.0,30.374217,130.959968,269.94,0.0,1
81.34,0.0,0.0,30.374217,130.959968,269.94,0.0,1
81.41,0.0,0.0,30.374217,130.959968,269.94,0.0,1
81.47,0.0,0.0,30.374217,130.959968,269.94,0.0,1
81.54,0.0,0.0,30.374217,130.959968,269.94,0.0,1
81.61,0.0,0.0,30.374217,130.959968,269.94,0.0,1
81.67,0.0,0.0,30.374217,130.959968,269.94,0.0,1
81.74,0.0,0.0,30.374217,130.959968,269.94,0.0,1
81.8,0.0,0.0,30.374217,130.959968,269.94,0.0,1
81.87,0.0,0.0,30.374217,130.959968,269.94,0.0,1
81.93,0.0,0.0,30.374217,130.959968,269.94,0.0,1
82.0,0.0,0.0,30.374217,130.959968,269.94,0.0,1
82.06,0.0,0.0,30.374217,130.959968,269.94,0.0,1
82.13,0.0,0.0,30.374217,130.959968,269.94,0.0,1
82.2,0.0,0.0,30.374217,130.959968,269.94,0.0,1
82.26,0.0,0.0,30.374217,130.959968,269.94,0.0,1
82.33,0.0,0.0,30.374217,130.959968,269.94,0.0,1
82.39,0.0,0.0,30.374217,130.959968,269.94,0.0,1
82.46,0.0,0.0,30.374217,130.959968,269.94,0.0,1
82.52,0.0,0.0,30.374217,130.959968,269.94,0.0,1
82.59,0.0,0.0,30.374217,130.959968,269.94,0.0,1
82.66,0.0,0.0,30.374217,130.959968,269.94,0.0,1
82.72,0.0,0.0,30.374217,130.959968,269.94,0.0,1
82.79,0.0,0.0,30.374217,130.959968,269.94,0.0,1
82.85,0.0,0.0,30.374217,130.959968,269.94,0.0,1
82.92,0.0,0.0,30.374217,130.959968,269.94,0.0,1
82.99,0.0,0.0,30.374217,130.959968,269.94,0.0,1
83.05,0.0,0.0,30.374217,130.959968,269.94,0.0,1
83.12,0.0,0.0,30.374217,130.959968,269.94,0.0,1
83.18,0.0,0.0,30.374217,130.959968,269.94,0.0,1
83.25,0.0,0.0,30.374217,130.959968,269.94,0.0,1
83.31,0.0,0.0,30.374217,130.959968,269.94,0.0,1
83.38,0.0,0.0,30.374217,130.959968,269.94,0.0,1
83.45,0.0,0.0,30.374217,130.959968,269.94,0.0,1
83.51,0.0,0.0,30.374217,130.959968,269.94,0.0,1
83.58,0.0,0.0,30.374217,130.959968,269.94,0.0,1
83.64,0.0,0.0,30.374217,130.959968,269.94,0.0,1
83.71,0.0,0.0,30.374217,130.959968,269.94,0.0,1
83.78,0.0,0.0,30.374217,130.959968,269.94,0.0,1
83.84,0.0,0.0,30.374217,130.959968,269.94,0.0,1
83.91,0.0,0.0,30.374217,130.959968,269.94,0.0,1
83.97,0.0,0.0,30.374217,130.959968,269.94,0.0,1
84.04,0.0,0.0,30.374217,130.959968,269.94,0.0,1
84.11,0.0,0.0,30.374217,130.959968,269.94,0.0,1
84.17,0.0,0.0,30.374217,130.959968,269.94,0.0,1
84.24,0.0,0.0,30.374217,130.959968,269.94,0.0,1
84.3,0.0,0.0,30.374217,130.959968,269.94,0.0,1
84.38,0.0,0.0,30.374217,130.959968,269.94,0.0,1
84.45,0.0,0.0,30.374217,130.959968,269.94,0.0,1
84.51,0.0,0.0,30.374217,130.959968,269.94,0.0,1
84.58,0.0,0.0,30.374217,130.959968,269.94,0.0,1
84.65,0.0,0.0,30.374217,130.959968,269.94,0.0,1
84.71,0.0,0.0,30.374217,130.959968,269.94,0.0,1
84.78,0.0,0.0,30.374217,130.959968,269.94,0.0,1
84.84,0.0,0.0,30.374217,130.959968,269.94,0.0,1
84.91,0.0,0.0,30.374217,130.959968,269.94,0.0,1
84.98,0.0,0.0,30.374217,130.959968,269.94,0.0,1
85.04,0.0,0.0,30.374217,130.959968,269.94,0.0,1
85.11,0.0,0.0,30.374217,130.959968,269.94,0.0,1
85.17,0.0,0.0,30.374217,130.959968,269.94,0.0,1
85.24,0.0,0.0,30.374217,130.959968,269.94,0.0,1
85.31,0.0,0.0,30.374217,130.959968,269.94,0.0,1
85.37,0.0,0.0,30.374217,130.959968,269.94,0.0,1
85.44,0.0,0.0,30.374217,130.959968,269.94,0.0,1
85.5,0.0,0.0,30.374217,130.959968,269.94,0.0,1
85.57,0.0,0.0,30.374217,130.959968,269.94,0.0,1
85.64,0.0,0.0,30.374217,130.959968,269.94,0.0,1
85.7,0.0,0.0,30.374217,130.959968,269.94,0.0,1
85.77,0.0,0.0,30.374217,130.959968,269.94,0.0,1
85.84,0.0,0.0,30.374217,130.959968,269.94,0.0,1
85.9,0.0,0.0,30.374217,130.959968,269.94,0.0,1
85.97,0.0,0.0,30.374217,130.959968,269.94,0.0,1
86.04,0.0,0.0,30.374217,130.959968,269.94,0.0,1
86.11,0.0,0.0,30.374217,130.959968,269.94,0.0,1
86.17,0.0,0.0,30.374217,130.959968,269.94,0.0,1
86.24,0.0,0.0,30.374217,130.959968,269.94,0.0,1
86.3,0.0,0.0,30.374217,130.959968,269.94,0.0,1
86.37,0.0,0.0,30.374217,130.959968,269.94,0.0,1
86.43,0.0,0.0,30.374217,130.959968,269.94,0.0,1
86.5,0.0,0.0,30.374217,130.959968,269.94,0.0,1
86.56,0.0,0.0,30.374217,130.959968,269.94,0.0,1
86.63,0.0,0.0,30.374217,130.959968,269.94,0.0,1
86.7,0.0,0.0,30.374217,130.959968,269.94,0.0,1
86.76,0.0,0.0,30.374217,130.959968,269.94,0.0,1
86.83,0.0,0.0,30.374217,130.959968,269.94,0.0,1
86.9,0.0,0.0,30.374217,130.959968,269.94,0.0,1
86.96,0.0,0.0,30.374217,130.959968,269.94,0.0,1
87.03,0.0,0.0,30.374217,130.959968,269.94,0.0,1
87.09,0.0,0.0,30.374217,130.959968,269.94,0.0,1
87.16,0.0,0.0,30.374217,130.959968,269.94,0.0,1
87.23,0.0,0.0,30.374217,130.959968,269.94,0.0,1
87.29,0.0,0.0,30.374217,130.959968,269.94,0.0,1
87.36,0.0,0.0,30.374217,130.959968,269.94,0.0,1
87.42,0.0,0.0,30.374217,130.959968,269.94,0.0,1
87.49,0.0,0.0,30.374217,130.959968,269.94,0.0,1
87.56,0.0,0.0,30.374217,130.959968,269.94,0.0,1
87.62,0.0,0.0,30.374217,130.959968,269.94,0.0,1
87.69,0.0,0.0,30.374217,130.959968,269.94,0.0,1
87.75,0.0,0.0,30.374217,130.959968,269.94,0.0,1
87.82,0.0,0.0,30.374217,130.959968,269.94,0.0,1
87.89,0.0,0.0,30.374217,130.959968,269.94,0.0,1
87.95,0.0,0.0,30.374217,130.959968,269.94,0.0,1
88.02,0.0,0.0,30.374217,130.959968,269.94,0.0,1
88.09,0.0,0.0,30.374217,130.959968,269.94,0.0,1
88.15,0.0,0.0,30.374217,130.959968,269.94,0.0,1
88.22,0.0,0.0,30.374217,130.959968,269.94,0.0,1
88.28,0.0,0.0,30.374217,130.959968,269.94,0.0,1
88.35,0.0,0.0,30.374217,130.959968,269.94,0.0,1
88.42,0.0,0.0,30.374217,130.959968,269.94,0.0,1
88.48,0.0,0.0,30.374217,130.959968,269.94,0.0,1
88.55,0.0,0.0,30.374217,130.959968,269.94,0.0,1
88.62,0.0,0.0,30.374217,130.959968,269.94,0.0,1
88.68,0.0,0.0,30.374217,130.959968,269.94,0.0,1
88.75,0.0,0.0,30.374217,130.959968,269.94,0.0,1
88.81,0.0,0.0,30.374217,130.959968,269.94,0.0,1
88.88,0.0,0.0,30.374217,130.959968,269.94,0.0,1
88.95,0.0,0.0,30.374217,130.959968,269.94,0.0,1
89.01,0.0,0.0,30.374217,130.959968,269.94,0.0,1
89.08,0.0,0.0,30.374217,130.959968,269.94,0.0,1
89.15,0.0,0.0,30.374217,130.959968,269.94,0.0,1
89.21,0.0,0.0,30.374217,130.959968,269.94,0.0,1
89.28,0.0,0.0,30.374217,130.959968,269.94,0.0,1
89.35,0.0,0.0,30.374217,130.959968,269.94,0.0,1
89.41,0.0,0.0,30.374217,130.959968,269.94,0.0,1
89.48,0.0,0.0,30.374217,130.959968,269.94,0.0,1
89.55,0.0,0.0,30.374217,130.959968,269.94,0.0,1
89.61,0.0,0.0,30.374217,130.959968,269.94,0.0,1
89.68,0.0,0.0,30.374217,130.959968,269.94,0.0,1
89.75,0.0,0.0,30.374217,130.959968,269.94,0.0,1
89.81,0.0,0.0,30.374217,130.959968,269.94,0.0,1
89.88,0.0,0.0,30.374217,130.959968,269.94,0.0,1
89.94,0.0,0.0,30.374217,130.959968,269.94,0.0,1
90.01,0.0,0.0,30.374217,130.959968,269.94,0.0,1
90.08,0.0,0.0,30.374217,130.959968,269.94,0.0,1
90.15,0.0,0.0,30.374217,130.959968,269.94,0.0,1
90.21,0.0,0.0,30.374217,130.959968,269.94,0.0,1
90.28,0.0,0.0,30.374217,130.959968,269.94,0.0,1
90.34,0.0,0.0,30.374217,130.959968,269.94,0.0,1
90.41,0.0,0.0,30.374217,130.959968,269.94,0.0,1
90.48,0.0,0.0,30.374217,130.959968,269.94,0.0,1
90.54,0.0,0.0,30.374217,130.959968,269.94,0.0,1
90.61,0.0,0.0,30.374217,130.959968,269.94,0.0,1
90.68,0.0,0.0,30.374217,130.959968,269.94,0.0,1
90.74,0.0,0.0,30.374217,130.959968,269.94,0.0,1
90.81,0.0,0.0,30.374217,130.959968,269.94,0.0,1
90.88,0.0,0.0,30.374217,130.959968,269.94,0.0,1
90.94,0.0,0.0,30.374217,130.959968,269.94,0.0,1
91.01,0.0,0.0,30.374217,130.959968,269.94,0.0,1
91.08,0.0,0.0,30.374217,130.959968,269.94,0.0,1
91.14,0.0,0.0,30.374217,130.959968,269.94,0.0,1
91.21,0.0,0.0,30.374217,130.959968,269.94,0.0,1
91.27,0.0,0.0,30.374217,130.959968,269.94,0.0,1
91.34,0.0,0.0,30.374217,130.959968,269.94,0.0,1
91.41,0.0,0.0,30.374217,130.959968,269.94,0.0,1
91.48,0.0,0.0,30.374217,130.959968,269.94,0.0,1
91.54,0.0,0.0,30.374217,130.959968,269.94,0.0,1
91.61,0.0,0.0,30.374217,130.959968,269.94,0.0,1
91.67,0.0,0.0,30.374217,130.959968,269.94,0.0,1
91.74,0.0,0.0,30.374217,130.959968,269.94,0.0,1
91.81,0.0,0.0,30.374217,130.959968,269.94,0.0,1
91.87,0.0,0.0,30.374217,130.959968,269.94,0.0,1
91.94,0.0,0.0,30.374217,130.959968,269.94,0.0,1
92.01,0.0,0.0,30.374217,130.959968,269.94,0.0,1
92.07,0.0,0.0,30.374217,130.959968,269.94,0.0,1
92.14,0.0,0.0,30.374217,130.959968,269.94,0.0,1
92.21,0.0,0.0,30.374217,130.959968,269.94,0.0,1
92.28,0.0,0.0,30.374217,130.959968,269.94,0.0,1
92.34,0.0,0.0,30.374217,130.959968,269.94,0.0,1
92.41,0.0,0.0,30.374217,130.959968,269.94,0.0,1
92.48,0.0,0.0,30.374217,130.959968,269.94,0.0,1
92.54,0.0,0.0,30.374217,130.959968,269.94,0.0,1
92.61,0.0,0.0,30.374217,130.959968,269.94,0.0,1
92.68,0.0,0.0,30.374217,130.959968,269.94,0.0,1
92.75,0.0,0.0,30.374217,130.959968,269.94,0.0,1
92.81,0.0,0.0,30.374217,130.959968,269.94,0.0,1
92.88,0.0,0.0,30.374217,130.959968,269.94,0.0,1
92.95,0.0,0.0,30.374217,130.959968,269.94,0.0,1
93.01,0.0,0.0,30.374217,130.959968,269.94,0.0,1
93.08,0.0,0.0,30.374217,130.959968,269.94,0.0,1
93.14,0.0,0.0,30.374217,130.959968,269.94,0.0,1
93.21,0.0,0.0,30.374217,130.959968,269.94,0.0,1
93.28,0.0,0.0,30.374217,130.959968,269.94,0.0,1
93.34,0.0,0.0,30.374217,130.959968,269.94,0.0,1
93.41,0.0,0.0,30.374217,130.959968,269.94,0.0,1
93.48,0.0,0.0,30.374217,130.959968,269.94,0.0,1
93.54,0.0,0.0,30.374217,130.959968,269.94,0.0,1
93.61,0.0,0.0,30.374217,130.959968,269.94,0.0,1
93.68,0.0,0.0,30.374217,130.959968,269.94,0.0,1
93.74,0.0,0.0,30.374217,130.959968,269.94,0.0,1
93.81,0.0,0.0,30.374217,130.959968,269.94,0.0,1
93.87,0.0,0.0,30.374217,130.959968,269.94,0.0,1
93.94,0.0,0.0,30.374217,130.959968,269.94,0.0,1
94.01,0.0,0.0,30.374217,130.959968,269.94,0.0,1
94.07,0.0,0.0,30.374217,130.959968,269.94,0.0,1
94.14,0.0,0.0,30.374217,130.959968,269.94,0.0,1
94.2,0.0,0.0,30.374217,130.959968,269.94,0.0,1
94.27,0.0,0.0,30.374217,130.959968,269.94,0.0,1
94.34,0.0,0.0,30.374217,130.959968,269.94,0.0,1
94.4,0.0,0.0,30.374217,130.959968,269.94,0.0,1
94.47,0.0,0.0,30.374217,130.959968,269.94,0.0,1
94.54,0.0,0.0,30.374217,130.959968,269.94,0.0,1
94.6,0.0,0.0,30.374217,130.959968,269.94,0.0,1
94.67,0.0,0.0,30.374217,130.959968,269.94,0.0,1
94.73,0.0,0.0,30.374217,130.959968,269.94,0.0,1
94.8,0.0,0.0,30.374217,130.959968,269.94,0.0,1
94.87,0.0,0.0,30.374217,130.959968,269.94,0.0,1
94.93,0.0,0.0,30.374217,130.959968,269.94,0.0,1
95.0,0.0,0.0,30.374217,130.959968,269.94,0.0,1
95.06,0.0,0.0,30.374217,130.959968,269.94,0.0,1
95.13,0.0,0.0,30.374217,130.959968,269.94,0.0,1
95.2,0.0,0.0,30.374217,130.959968,269.94,0.0,1
95.26,0.0,0.0,30.374217,130.959968,269.94,0.0,1
95.33,0.0,0.0,30.374217,130.959968,269.94,0.0,1
95.4,0.0,0.0,30.374217,130.959968,269.94,0.0,1
95.46,0.0,0.0,30.374217,130.959968,269.94,0.0,1
95.53,0.0,0.0,30.374217,130.959968,269.94,0.0,1
95.59,0.0,0.0,30.374217,130.959968,269.94,0.0,1
95.66,0.0,0.0,30.374217,130.959968,269.94,0.0,1
95.73,0.0,0.0,30.374217,130.959968,269.94,0.0,1
95.79,0.0,0.0,30.374217,130.959968,269.94,0.0,1
95.86,0.0,0.0,30.374217,130.959968,269.94,0.0,1
95.93,0.0,0.0,30.374217,130.959968,269.94,0.0,1
95.99,0.0,0.0,30.374217,130.959968,269.94,0.0,1
96.06,0.0,0.0,30.374217,130.959968,269.94,0.0,1
96.13,0.0,0.0,30.374217,130.959968,269.94,0.0,1
96.19,0.0,0.0,30.374217,130.959968,269.94,0.0,1
96.26,0.0,0.0,30.374217,130.959968,269.94,0.0,1
96.33,0.0,0.0,30.374217,130.959968,269.94,0.0,1
96.39,0.0,0.0,30.374217,130.959968,269.94,0.0,1
96.46,0.0,0.0,30.374217,130.959968,269.94,0.0,1
96.53,0.0,0.0,30.374217,130.959968,269.94,0.0,1
96.59,0.0,0.0,30.374217,130.959968,269.94,0.0,1
96.66,0.0,0.0,30.374217,130.959968,269.94,0.0,1
96.73,0.0,0.0,30.374217,130.959968,269.94,0.0,1
96.79,0.0,0.0,30.374217,130.959968,269.94,0.0,1
96.86,0.0,0.0,30.374217,130.959968,269.94,0.0,1
96.93,0.0,0.0,30.374217,130.959968,269.94,0.0,1
96.99,0.0,0.0,30.374217,130.959968,269.94,0.0,1
97.06,0.0,0.0,30.374217,130.959968,269.94,0.0,1
97.13,0.0,0.0,30.374217,130.959968,269.94,0.0,1
97.19,0.0,0.0,30.374217,130.959968,269.94,0.0,1
97.26,0.0,0.0,30.374217,130.959968,269.94,0.0,1
97.32,0.0,0.0,30.374217,130.959968,269.94,0.0,1
97.39,0.0,0.0,30.374217,130.959968,269.94,0.0,1
97.46,0.0,0.0,30.374217,130.959968,269.94,0.0,1
97.52,0.0,0.0,30.374217,130.959968,269.94,0.0,1
97.59,0.0,0.0,30.374217,130.959968,269.94,0.0,1
97.66,0.0,0.0,30.374217,130.959968,269.94,0.0,1
97.72,0.0,0.0,30.374217,130.959968,269.94,0.0,1
97.79,0.0,0.0,30.374217,130.959968,269.94,0.0,1
97.86,0.0,0.0,30.374217,130.959968,269.94,0.0,1
97.92,0.0,0.0,30.374217,130.959968,269.94,0.0,1
97.99,0.0,0.0,30.374217,130.959968,269.94,0.0,1
98.06,0.0,0.0,30.374217,130.959968,269.94,0.0,1
98.13,0.0,0.0,30.374217,130.959968,269.94,0.0,1
98.19,0.0,0.0,30.374217,130.959968,269.94,0.0,1
98.26,0.0,0.0,30.374217,130.959968,269.94,0.0,1
98.33,0.0,0.0,30.374217,130.959968,269.94,0.0,1
98.39,0.0,0.0,30.374217,130.959968,269.94,0.0,1
98.46,0.0,0.0,30.374217,130.959968,269.94,0.0,1
98.53,0.0,0.0,30.374217,130.959968,269.94,0.0,1
98.59,0.0,0.0,30.374217,130.959968,269.94,0.0,1
98.66,0.0,0.0,30.374217,130.959968,269.94,0.0,1
98.73,0.0,0.0,30.374217,130.959968,269.94,0.0,1
98.79,0.0,0.0,30.374217,130.959968,269.94,0.0,1
98.86,0.0,0.0,30.374217,130.959968,269.94,0.0,1
98.93,0.0,0.0,30.374217,130.959968,269.94,0.0,1
98.99,0.0,0.0,30.374217,130.959968,269.94,0.0,1
99.06,0.0,0.0,30.374217,130.959968,269.94,0.0,1
99.13,0.0,0.0,30.374217,130.959968,269.94,0.0,1
99.19,0.0,0.0,30.374217,130.959968,269.94,0.0,1
99.26,0.0,0.0,30.374217,130.959968,269.94,0.0,1
99.33,0.0,0.0,30.374217,130.959968,269.94,0.0,1
99.4,0.0,0.0,30.374217,130.959968,269.94,0.0,1
99.47,0.0,0.0,30.374217,130.959968,269.94,0.0,1
99.53,0.0,0.0,30.374217,130.959968,269.94,0.0,1
99.6,0.0,0.0,30.374217,130.959968,269.94,0.0,1
99.66,0.0,0.0,30.374217,130.959968,269.94,0.0,1
99.73,0.0,0.0,30.374217,130.959968,269.94,0.0,1
99.8,0.0,0.0,30.374217,130.959968,269.94,0.0,1
99.86,0.0,0.0,30.374217,130.959968,269.94,0.0,1
99.93,0.0,0.0,30.374217,130.959968,269.94,0.0,1
99.99,0.0,0.0,30.374217,130.959968,269.94,0.0,1
100.06,0.0,0.0,30.374217,130.959968,269.94,0.0,1
100.13,0.0,0.0,30.374217,130.959968,269.94,0.0,1
100.19,0.0,0.0,30.374217,130.959968,269.94,0.0,1
100.26,0.0,0.0,30.374217,130.959968,269.94,0.0,1
100.32,0.0,0.0,30.374217,130.959968,269.94,0.0,1
100.39,0.0,0.0,30.374217,130.959968,269.94,0.0,1
100.46,0.0,0.0,30.374217,130.959968,269.94,0.0,1
100.52,0.0,0.0,30.374217,130.959968,269.94,0.0,1
100.59,0.0,0.0,30.374217,130.959968,269.94,0.0,1
100.66,0.0,0.0,30.374217,130.959968,269.94,0.0,1
100.72,0.0,0.0,30.374217,130.959968,269.94,0.0,1
100.79,0.0,0.0,30.374217,130.959968,269.94,0.0,1
100.86,0.0,0.0,30.374217,130.959968,269.94,0.0,1
100.92,0.0,0.0,30.374217,130.959968,269.94,0.0,1
100.99,0.0,0.0,30.374217,130.959968,269.94,0.0,1
101.06,0.0,0.0,30.374217,130.959968,269.94,0.0,1
101.12,0.0,0.0,30.374217,130.959968,269.94,0.0,1
101.19,0.0,0.0,30.374217,130.959968,269.94,0.0,1
101.25,0.0,0.0,30.374217,130.959968,269.94,0.0,1
101.32,0.0,0.0,30.374217,130.959968,269.94,0.0,1
101.39,0.0,0.0,30.374217,130.959968,269.94,0.0,1
101.45,0.0,0.0,30.374217,130.959968,269.94,0.0,1
101.52,0.0,0.0,30.374217,130.959968,269.94,0.0,1
101.59,0.0,0.0,30.374217,130.959968,269.94,0.0,1
101.65,0.0,0.0,30.374217,130.959968,269.94,0.0,1
101.72,0.0,0.0,30.374217,130.959968,269.94,0.0,1
101.79,0.0,0.0,30.374217,130.959968,269.94,0.0,1
101.85,0.0,0.0,30.374217,130.959968,269.94,0.0,1
101.92,0.0,0.0,30.374217,130.959968,269.94,0.0,1
101.99,0.0,0.0,30.374217,130.959968,269.94,0.0,1
102.05,0.0,0.0,30.374217,130.959968,269.94,0.0,1
102.12,0.0,0.0,30.374217,130.959968,269.94,0.0,1
102.19,0.0,0.0,30.374217,130.959968,269.94,0.0,1
102.25,0.0,0.0,30.374217,130.959968,269.94,0.0,1
102.32,0.0,0.0,30.374217,130.959968,269.94,0.0,1
102.38,0.0,0.0,30.374217,130.959968,269.94,0.0,1
102.45,0.0,0.0,30.374217,130.959968,269.94,0.0,1
102.52,0.0,0.0,30.374217,130.959968,269.94,0.0,1
102.58,0.0,0.0,30.374217,130.959968,269.94,0.0,1
102.65,0.0,0.0,30.374217,130.959968,269.94,0.0,1
102.72,0.0,0.0,30.374217,130.959968,269.94,0.0,1
102.78,0.0,0.0,30.374217,130.959968,269.94,0.0,1
102.85,0.0,0.0,30.374217,130.959968,269.94,0.0,1
102.92,0.0,0.0,30.374217,130.959968,269.94,0.0,1
102.98,0.0,0.0,30.374217,130.959968,269.94,0.0,1
103.05,0.0,0.0,30.374217,130.959968,269.94,0.0,1
103.12,0.0,0.0,30.374217,130.959968,269.94,0.0,1
103.18,0.0,0.0,30.374217,130.959968,269.94,0.0,1
103.25,0.0,0.0,30.374217,130.959968,269.94,0.0,1
103.32,0.0,0.0,30.374217,130.959968,269.94,0.0,1
103.38,0.0,0.0,30.374217,130.959968,269.94,0.0,1
103.45,0.0,0.0,30.374217,130.959968,269.94,0.0,1
103.51,0.0,0.0,30.374217,130.959968,269.94,0.0,1
103.58,0.0,0.0,30.374217,130.959968,269.94,0.0,1
103.65,0.0,0.0,30.374217,130.959968,269.94,0.0,1
103.72,0.0,0.0,30.374217,130.959968,269.94,0.0,1
103.78,0.0,0.0,30.374217,130.959968,269.94,0.0,1
103.85,0.0,0.0,30.374217,130.959968,269.94,0.0,1
103.92,0.0,0.0,30.374217,130.959968,269.94,0.0,1
103.98,0.0,0.0,30.374217,130.959968,269.94,0.0,1
104.05,0.0,0.0,30.374217,130.959968,269.94,0.0,1
104.11,0.0,0.0,30.374217,130.959968,269.94,0.0,1
104.18,0.0,0.0,30.374217,130.959968,269.94,0.0,1
104.25,0.0,0.0,30.374217,130.959968,269.94,0.0,1
104.31,0.0,0.0,30.374217,130.959968,269.94,0.0,1
104.38,0.0,0.0,30.374217,130.959968,269.94,0.0,1
104.44,0.0,0.0,30.374217,130.959968,269.94,0.0,1
104.51,0.0,0.0,30.374217,130.959968,269.94,0.0,1
104.58,0.0,0.0,30.374217,130.959968,269.94,0.0,1
104.64,0.0,0.0,30.374217,130.959968,269.94,0.0,1
104.71,0.0,0.0,30.374217,130.959968,269.94,0.0,1
104.77,0.0,0.0,30.374217,130.959968,269.94,0.0,1
104.84,0.0,0.0,30.374217,130.959968,269.94,0.0,1
104.91,0.0,0.0,30.374217,130.959968,269.94,0.0,1
104.97,0.0,0.0,30.374217,130.959968,269.94,0.0,1
105.04,0.0,0.0,30.374217,130.959968,269.94,0.0,1
105.11,0.0,0.0,30.374217,130.959968,269.94,0.0,1
105.17,0.0,0.0,30.374217,130.959968,269.94,0.0,1
105.24,0.0,0.0,30.374217,130.959968,269.94,0.0,1
105.3,0.0,0.0,30.374217,130.959968,269.94,0.0,1
105.37,0.0,0.0,30.374217,130.959968,269.94,0.0,1
105.44,0.0,0.0,30.374217,130.959968,269.94,0.0,1
105.5,0.0,0.0,30.374217,130.959968,269.94,0.0,1
105.57,0.0,0.0,30.374217,130.959968,269.94,0.0,1
105.63,0.0,0.0,30.374217,130.959968,269.94,0.0,1
105.7,0.0,0.0,30.374217,130.959968,269.94,0.0,1
105.77,0.0,0.0,30.374217,130.959968,269.94,0.0,1
105.83,0.0,0.0,30.374217,130.959968,269.94,0.0,1
105.9,0.0,0.0,30.374217,130.959968,269.94,0.0,1
105.96,0.0,0.0,30.374217,130.959968,269.94,0.0,1
106.03,0.0,0.0,30.374217,130.959968,269.94,0.0,1
106.09,0.0,0.0,30.374217,130.959968,269.94,0.0,1
106.16,0.0,0.0,30.374217,130.959968,269.94,0.0,1
106.23,0.0,0.0,30.374217,130.959968,269.94,0.0,1
106.29,0.0,0.0,30.374217,130.959968,269.94,0.0,1
106.36,0.0,0.0,30.374217,130.959968,269.94,0.0,1
106.42,0.0,0.0,30.374217,130.959968,269.94,0.0,1
106.49,0.0,0.0,30.374217,130.959968,269.94,0.0,1
106.55,0.0,0.0,30.374217,130.959968,269.94,0.0,1
106.62,0.0,0.0,30.374217,130.959968,269.94,0.0,1
106.68,0.0,0.0,30.374217,130.959968,269.94,0.0,1
106.75,0.0,0.0,30.374217,130.959968,269.94,0.0,1
106.82,0.0,0.0,30.374217,130.959968,269.94,0.0,1
106.88,0.0,0.0,30.374217,130.959968,269.94,0.0,1
106.95,0.0,0.0,30.374217,130.959968,269.94,0.0,1
107.01,0.0,0.0,30.374217,130.959968,269.94,0.0,1
107.08,0.0,0.0,30.374217,130.959968,269.94,0.0,1
107.15,0.0,0.0,30.374217,130.959968,269.94,0.0,1
107.22,0.0,0.0,30.374217,130.959968,269.94,0.0,1
107.29,0.0,0.0,30.374217,130.959968,269.94,0.0,1
107.35,0.0,0.0,30.374217,130.959968,269.94,0.0,1
107.42,0.0,0.0,30.374217,130.959968,269.94,0.0,1
107.48,0.0,0.0,30.374217,130.959968,269.94,0.0,1
107.55,0.0,0.0,30.374217,130.959968,269.94,0.0,1
107.61,0.0,0.0,30.374217,130.959968,269.94,0.0,1
107.68,0.0,0.0,30.374217,130.959968,269.94,0.0,1
107.74,0.0,0.0,30.374217,130.959968,269.94,0.0,1
107.81,0.0,0.0,30.374217,130.959968,269.94,0.0,1
107.87,0.0,0.0,30.374217,130.959968,269.94,0.0,1
107.94,0.0,0.0,30.374217,130.959968,269.94,0.0,1
108.0,0.0,0.0,30.374217,130.959968,269.94,0.0,1
108.07,0.0,0.0,30.374217,130.959968,269.94,0.0,1
108.13,0.0,0.0,30.374217,130.959968,269.94,0.0,1
108.2,0.0,0.0,30.374217,130.959968,269.94,0.0,1
108.26,0.0,0.0,30.374217,130.959968,269.94,0.0,1
108.33,0.0,0.0,30.374217,130.959968,269.94,0.0,1
108.4,0.0,0.0,30.374217,130.959968,269.94,0.0,1
108.46,0.0,0.0,30.374217,130.959968,269.94,0.0,1
108.53,0.0,0.0,30.374217,130.959968,269.94,0.0,1
108.59,0.0,0.0,30.374217,130.959968,269.94,0.0,1
108.66,0.0,0.0,30.374217,130.959968,269.94,0.0,1
108.72,0.0,0.0,30.374217,130.959968,269.94,0.0,1
108.79,0.0,0.0,30.374217,130.959968,269.94,0.0,1
108.86,0.0,0.0,30.374217,130.959968,269.94,0.0,1
108.92,0.0,0.0,30.374217,130.959968,269.94,0.0,1
108.99,0.0,0.0,30.374217,130.959968,269.94,0.0,1
109.05,0.0,0.0,30.374217,130.959968,269.94,0.0,1
109.12,0.0,0.0,30.374217,130.959968,269.94,0.0,1
109.19,0.0,0.0,30.374217,130.959968,269.94,0.0,1
109.25,0.0,0.0,30.374217,130.959968,269.94,0.0,1
109.32,0.0,0.0,30.374217,130.959968,269.94,0.0,1
109.39,0.0,0.0,30.374217,130.959968,269.94,0.0,1
109.45,0.0,0.0,30.374217,130.959968,269.94,0.0,1
109.52,0.0,0.0,30.374217,130.959968,269.94,0.0,1
109.58,0.0,0.0,30.374217,130.959968,269.94,0.0,1
109.65,0.0,0.0,30.374217,130.959968,269.94,0.0,1
109.72,0.0,0.0,30.374217,130.959968,269.94,0.0,1
109.78,0.0,0.0,30.374217,130.959968,269.94,0.0,1
109.85,0.0,0.0,30.374217,130.959968,269.94,0.0,1
109.92,0.0,0.0,30.374217,130.959968,269.94,0.0,1
109.98,0.0,0.0,30.374217,130.959968,269.94,0.0,1
110.05,0.0,0.0,30.374217,130.959968,269.94,0.0,1
110.11,0.0,0.0,30.374217,130.959968,269.94,0.0,1
110.18,0.0,0.0,30.374217,130.959968,269.94,0.0,1
110.25,0.0,0.0,30.374217,130.959968,269.94,0.0,1
110.31,0.0,0.0,30.374217,130.959968,269.94,0.0,1
110.38,0.0,0.0,30.374217,130.959968,269.94,0.0,1
110.45,0.0,0.0,30.374217,130.959968,269.94,0.0,1
110.51,0.0,0.0,30.374217,130.959968,269.94,0.0,1
110.58,0.0,0.0,30.374217,130.959968,269.94,0.0,1
110.65,0.0,0.0,30.374217,130.959968,269.94,0.0,1
110.71,0.0,0.0,30.374217,130.959968,269.94,0.0,1
110.78,0.0,0.0,30.374217,130.959968,269.94,0.0,1
110.85,0.0,0.0,30.374217,130.959968,269.94,0.0,1
110.91,0.0,0.0,30.374217,130.959968,269.94,0.0,1
110.98,0.0,0.0,30.374217,130.959968,269.94,0.0,1
111.05,0.0,0.0,30.374217,130.959968,269.94,0.0,1
111.11,0.0,0.0,30.374217,130.959968,269.94,0.0,1
111.18,0.0,0.0,30.374217,130.959968,269.94,0.0,1
111.24,0.0,0.0,30.374217,130.959968,269.94,0.0,1
111.31,0.0,0.0,30.374217,130.959968,269.94,0.0,1
111.38,0.0,0.0,30.374217,130.959968,269.94,0.0,1
111.44,0.0,0.0,30.374217,130.959968,269.94,0.0,1
111.51,0.0,0.0,30.374217,130.959968,269.94,0.0,1
111.58,0.0,0.0,30.374217,130.959968,269.94,0.0,1
111.64,0.0,0.0,30.374217,130.959968,269.94,0.0,1
111.71,0.0,0.0,30.374217,130.959968,269.94,0.0,1
111.78,0.0,0.0,30.374217,130.959968,269.94,0.0,1
111.84,0.0,0.0,30.374217,130.959968,269.94,0.0,1
111.91,0.0,0.0,30.374217,130.959968,269.94,0.0,1
111.97,0.0,0.0,30.374217,130.959968,269.94,0.0,1
112.04,0.0,0.0,30.374217,130.959968,269.94,0.0,1
112.11,0.0,0.0,30.374217,130.959968,269.94,0.0,1
112.17,0.0,0.0,30.374217,130.959968,269.94,0.0,1
112.24,0.0,0.0,30.374217,130.959968,269.94,0.0,1
112.31,0.0,0.0,30.374217,130.959968,269.94,0.0,1
112.37,0.0,0.0,30.374217,130.959968,269.94,0.0,1
112.44,0.0,0.0,30.374217,130.959968,269.94,0.0,1
112.51,0.0,0.0,30.374217,130.959968,269.94,0.0,1
112.57,0.0,0.0,30.374217,130.959968,269.94,0.0,1
112.64,0.0,0.0,30.374217,130.959968,269.94,0.0,1
112.71,0.0,0.0,30.374217,130.959968,269.94,0.0,1
112.77,0.0,0.0,30.374217,130.959968,269.94,0.0,1
112.84,0.0,0.0,30.374217,130.959968,269.94,0.0,1
112.91,0.0,0.0,30.374217,130.959968,269.94,0.0,1
112.97,0.0,0.0,30.374217,130.959968,269.94,0.0,1
113.04,0.0,0.0,30.374217,130.959968,269.94,0.0,1
113.11,0.0,0.0,30.374217,130.959968,269.94,0.0,1
113.17,0.0,0.0,30.374217,130.959968,269.94,0.0,1
113.24,0.0,0.0,30.374217,130.959968,269.94,0.0,1
113.31,0.0,0.0,30.374217,130.959968,269.94,0.0,1
113.37,0.0,0.0,30.374217,130.959968,269.94,0.0,1
113.44,0.0,0.0,30.374217,130.959968,269.94,0.0,1
113.5,0.0,0.0,30.374217,130.959968,269.94,0.0,1
113.57,0.0,0.0,30.374217,130.959968,269.94,0.0,1
113.64,0.0,0.0,30.374217,130.959968,269.94,0.0,1
113.71,0.0,0.0,30.374217,130.959968,269.94,0.0,1
113.77,0.0,0.0,30.374217,130.959968,269.94,0.0,1
113.85,0.0,0.0,30.374217,130.959968,269.94,0.0,1
113.91,0.0,0.0,30.374217,130.959968,269.94,0.0,1
113.98,0.0,0.0,30.374217,130.959968,269.94,0.0,1
114.04,0.0,0.0,30.374217,130.959968,269.94,0.0,1
114.11,0.0,0.0,30.374217,130.959968,269.94,0.0,1
114.17,0.0,0.0,30.374217,130.959968,269.94,0.0,1
114.24,0.0,0.0,30.374217,130.959968,269.94,0.0,1
114.31,0.0,0.0,30.374217,130.959968,269.94,0.0,1
114.37,0.0,0.0,30.374217,130.959968,269.94,0.0,1
114.44,0.0,0.0,30.374217,130.959968,269.94,0.0,1
114.5,0.0,0.0,30.374217,130.959968,269.94,0.0,1
114.57,0.0,0.0,30.374217,130.959968,269.94,0.0,1
114.64,0.0,0.0,30.374217,130.959968,269.94,0.0,1
114.7,0.0,0.0,30.374217,130.959968,269.94,0.0,1
114.77,0.0,0.0,30.374217,130.959968,269.94,0.0,1
114.84,0.0,0.0,30.374217,130.959968,269.94,0.0,1
114.9,0.0,0.0,30.374217,130.959968,269.94,0.0,1
114.97,0.0,0.0,30.374217,130.959968,269.94,0.0,1
115.03,0.0,0.0,30.374217,130.959968,269.94,0.0,1
115.1,0.0,0.0,30.374217,130.959968,269.94,0.0,1
115.16,0.0,0.0,30.374217,130.959968,269.94,0.0,1
115.23,0.0,0.0,30.374217,130.959968,269.94,0.0,1
115.3,0.0,0.0,30.374217,130.959968,269.94,0.0,1
115.36,0.0,0.0,30.374217,130.959968,269.94,0.0,1
115.43,0.0,0.0,30.374217,130.959968,269.94,0.0,1
115.5,0.0,0.0,30.374217,130.959968,269.94,0.0,1
115.56,0.0,0.0,30.374217,130.959968,269.94,0.0,1
115.63,0.0,0.0,30.374217,130.959968,269.94,0.0,1
115.69,0.0,0.0,30.374217,130.959968,269.94,0.0,1
115.76,0.0,0.0,30.374217,130.959968,269.94,0.0,1
115.83,0.0,0.0,30.374217,130.959968,269.94,0.0,1
115.89,0.0,0.0,30.374217,130.959968,269.94,0.0,1
115.96,0.0,0.0,30.374217,130.959968,269.94,0.0,1
116.02,0.0,0.0,30.374217,130.959968,269.94,0.0,1
116.09,0.0,0.0,30.374217,130.959968,269.94,0.0,1
116.16,0.0,0.0,30.374217,130.959968,269.94,0.0,1
116.22,0.0,0.0,30.374217,130.959968,269.94,0.0,1
116.29,0.0,0.0,30.374217,130.959968,269.94,0.0,1
116.36,0.0,0.0,30.374217,130.959968,269.94,0.0,1
116.42,0.0,0.0,30.374217,130.959968,269.94,0.0,1
116.49,0.0,0.0,30.374217,130.959968,269.94,0.0,1
116.56,0.0,0.0,30.374217,130.959968,269.94,0.0,1
116.62,0.0,0.0,30.374217,130.959968,269.94,0.0,1
116.69,0.0,0.0,30.374217,130.959968,269.94,0.0,1
116.75,0.0,0.0,30.374217,130.959968,269.94,0.0,1
116.82,0.0,0.0,30.374217,130.959968,269.94,0.0,1
116.89,0.0,0.0,30.374217,130.959968,269.94,0.0,1
116.95,0.0,0.0,30.374217,130.959968,269.94,0.0,1
117.02,0.0,0.0,30.374217,130.959968,269.94,0.0,1
117.09,0.0,0.0,30.374217,130.959968,269.94,0.0,1
117.15,0.0,0.0,30.374217,130.959968,269.94,0.0,1
117.22,0.0,0.0,30.374217,130.959968,269.94,0.0,1
117.28,0.0,0.0,30.374217,130.959968,269.94,0.0,1
117.35,0.0,0.0,30.374217,130.959968,269.94,0.0,1
117.42,0.0,0.0,30.374217,130.959968,269.94,0.0,1
117.48,0.0,0.0,30.374217,130.959968,269.94,0.0,1
117.55,0.0,0.0,30.374217,130.959968,269.94,0.0,1
117.62,0.0,0.0,30.374217,130.959968,269.94,0.0,1
117.68,0.0,0.0,30.374217,130.959968,269.94,0.0,1
117.75,0.0,0.0,30.374217,130.959968,269.94,0.0,1
117.81,0.0,0.0,30.374217,130.959968,269.94,0.0,1
117.88,0.0,0.0,30.374217,130.959968,269.94,0.0,1
117.95,0.0,0.0,30.374217,130.959968,269.94,0.0,1
118.01,0.0,0.0,30.374217,130.959968,269.94,0.0,1
118.08,0.0,0.0,30.374217,130.959968,269.94,0.0,1
118.15,0.0,0.0,30.374217,130.959968,269.94,0.0,1
118.21,0.0,0.0,30.374217,130.959968,269.94,0.0,1
118.28,0.0,0.0,30.374217,130.959968,269.94,0.0,1
118.35,0.0,0.0,30.374217,130.959968,269.94,0.0,1
118.41,0.0,0.0,30.374217,130.959968,269.94,0.0,1
118.48,0.0,0.0,30.374217,130.959968,269.94,0.0,1
118.55,0.0,0.0,30.374217,130.959968,269.94,0.0,1
118.61,0.0,0.0,30.374217,130.959968,269.94,0.0,1
118.68,0.0,0.0,30.374217,130.959968,269.94,0.0,1
118.75,0.0,0.0,30.374217,130.959968,269.94,0.0,1
118.81,0.0,0.0,30.374217,130.959968,269.94,0.0,1
118.88,0.0,0.0,30.374217,130.959968,269.94,0.0,1
118.94,0.0,0.0,30.374217,130.959968,269.94,0.0,1
119.01,0.0,0.0,30.374217,130.959968,269.94,0.0,1
119.08,0.0,0.0,30.374217,130.959968,269.94,0.0,1
119.14,0.0,0.0,30.374217,130.959968,269.94,0.0,1
119.21,0.0,0.0,30.374217,130.959968,269.94,0.0,1
119.28,0.0,0.0,30.374217,130.959968,269.94,0.0,1
119.34,0.0,0.0,30.374217,130.959968,269.94,0.0,1
119.41,0.0,0.0,30.374217,130.959968,269.94,0.0,1
119.48,0.0,0.0,30.374217,130.959968,269.94,0.0,1
119.54,0.0,0.0,30.374217,130.959968,269.94,0.0,1
119.61,0.0,0.0,30.374217,130.959968,269.94,0.0,1
119.68,0.0,0.0,30.374217,130.959968,269.94,0.0,1
119.74,0.0,0.0,30.374217,130.959968,269.94,0.0,1
119.81,0.0,0.0,30.374217,130.959968,269.94,0.0,1
119.88,0.0,0.0,30.374217,130.959968,269.94,0.0,1
119.94,0.0,0.0,30.374217,130.959968,269.94,0.0,1
120.01,0.0,0.0,30.374217,130.959968,269.94,0.0,1
120.08,0.0,0.0,30.374217,130.959968,269.94,0.0,1
120.14,0.0,0.0,30.374217,130.959968,269.94,0.0,1
120.21,0.0,0.0,30.374217,130.959968,269.94,0.0,1
120.28,0.0,0.0,30.374217,130.959968,269.94,0.0,1
120.34,0.0,0.0,30.374217,130.959968,269.94,0.0,1
120.42,0.0,0.0,30.374217,130.959968,269.94,0.0,1
120.48,0.0,0.0,30.374217,130.959968,269.94,0.0,1
120.55,0.0,0.0,30.374217,130.959968,269.94,0.0,1
120.62,0.0,0.0,30.374217,130.959968,269.94,0.0,1
120.68,0.0,0.0,30.374217,130.959968,269.94,0.0,1
120.75,0.0,0.0,30.374217,130.959968,269.94,0.0,1
120.81,0.0,0.0,30.374217,130.959968,269.94,0.0,1
120.88,0.0,0.0,30.374217,130.959968,269.94,0.0,1
120.94,0.0,0.0,30.374217,130.959968,269.94,0.0,1
121.01,0.0,0.0,30.374217,130.959968,269.94,0.0,1
121.08,0.0,0.0,30.374217,130.959968,269.94,0.0,1
121.15,0.0,0.0,30.374217,130.959968,269.94,0.0,1
121.21,0.0,0.0,30.374217,130.959968,269.94,0.0,1
121.28,0.0,0.0,30.374217,130.959968,269.94,0.0,1
121.34,0.0,0.0,30.374217,130.959968,269.94,0.0,1
121.41,0.0,0.0,30.374217,130.959968,269.94,0.0,1
121.48,0.0,0.0,30.374217,130.959968,269.94,0.0,1
121.54,0.0,0.0,30.374217,130.959968,269.94,0.0,1
121.61,0.0,0.0,30.374217,130.959968,269.94,0.0,1
121.67,0.0,0.0,30.374217,130.959968,269.94,0.0,1
121.74,0.0,0.0,30.374217,130.959968,269.94,0.0,1
121.81,0.0,0.0,30.374217,130.959968,269.94,0.0,1
121.87,0.0,0.0,30.374217,130.959968,269.94,0.0,1
121.94,0.0,0.0,30.374217,130.959968,269.94,0.0,1
122.0,0.0,0.0,30.374217,130.959968,269.94,0.0,1
122.07,0.0,0.0,30.374217,130.959968,269.94,0.0,1
122.14,0.0,0.0,30.374217,130.959968,269.94,0.0,1
122.2,0.0,0.0,30.374217,130.959968,269.94,0.0,1
122.27,0.0,0.0,30.374217,130.959968,269.94,0.0,1
122.34,0.0,0.0,30.374217,130.959968,269.94,0.0,1
122.4,0.0,0.0,30.374217,130.959968,269.94,0.0,1
122.47,0.0,0.0,30.374217,130.959968,269.94,0.0,1
122.53,0.0,0.0,30.374217,130.959968,269.94,0.0,1
122.6,0.0,0.0,30.374217,130.959968,269.94,0.0,1
122.67,0.0,0.0,30.374217,130.959968,269.94,0.0,1
122.73,0.0,0.0,30.374217,130.959968,269.94,0.0,1
122.8,0.0,0.0,30.374217,130.959968,269.94,0.0,1
122.87,0.0,0.0,30.374217,130.959968,269.94,0.0,1
122.93,0.0,0.0,30.374217,130.959968,269.94,0.0,1
123.0,0.0,0.0,30.374217,130.959968,269.94,0.0,1
123.06,0.0,0.0,30.374217,130.959968,269.94,0.0,1
123.13,0.0,0.0,30.374217,130.959968,269.94,0.0,1
123.2,0.0,0.0,30.374217,130.959968,269.94,0.0,1
123.26,0.0,0.0,30.374217,130.959968,269.94,0.0,1
123.33,0.0,0.0,30.374217,130.959968,269.94,0.0,1
123.39,0.0,0.0,30.374217,130.959968,269.94,0.0,1
123.46,0.0,0.0,30.374217,130.959968,269.94,0.0,1
123.53,0.0,0.0,30.374217,130.959968,269.94,0.0,1
123.59,0.0,0.0,30.374217,130.959968,269.94,0.0,1
123.66,0.0,0.0,30.374217,130.959968,269.94,0.0,1
123.72,0.0,0.0,30.374217,130.959968,269.94,0.0,1
123.79,0.0,0.0,30.374217,130.959968,269.94,0.0,1
123.85,0.0,0.0,30.374217,130.959968,269.94,0.0,1
123.92,0.0,0.0,30.374217,130.959968,269.94,0.0,1
123.99,0.0,0.0,30.374217,130.959968,269.94,0.0,1
124.05,0.0,0.0,30.374217,130.959968,269.94,0.0,1
124.12,0.0,0.0,30.374217,130.959968,269.94,0.0,1
124.18,0.0,0.0,30.374217,130.959968,269.94,0.0,1
124.25,0.0,0.0,30.374217,130.959968,269.94,0.0,1
124.32,0.0,0.0,30.374217,130.959968,269.94,0.0,1
124.38,0.0,0.0,30.374217,130.959968,269.94,0.0,1
124.45,0.0,0.0,30.374217,130.959968,269.94,0.0,1
124.51,0.0,0.0,30.374217,130.959968,269.94,0.0,1
124.58,0.0,0.0,30.374217,130.959968,269.94,0.0,1
124.65,0.0,0.0,30.374217,130.959968,269.94,0.0,1
124.71,0.0,0.0,30.374217,130.959968,269.94,0.0,1
124.78,0.0,0.0,30.374217,130.959968,269.94,0.0,1
124.84,0.0,0.0,30.374217,130.959968,269.94,0.0,1
124.91,0.0,0.0,30.374217,130.959968,269.94,0.0,1
124.97,0.0,0.0,30.374217,130.959968,269.94,0.0,1
125.04,0.0,0.0,30.374217,130.959968,269.94,0.0,1
125.11,0.0,0.0,30.374217,130.959968,269.94,0.0,1
125.17,0.0,0.0,30.374217,130.959968,269.94,0.0,1
125.24,0.0,0.0,30.374217,130.959968,269.94,0.0,1
125.3,0.0,0.0,30.374217,130.959968,269.94,0.0,1
125.37,0.0,0.0,30.374217,130.959968,269.94,0.0,1
125.43,0.0,0.0,30.374217,130.959968,269.94,0.0,1
125.5,0.0,0.0,30.374217,130.959968,269.94,0.0,1
125.57,0.0,0.0,30.374217,130.959968,269.94,0.0,1
125.63,0.0,0.0,30.374217,130.959968,269.94,0.0,1
125.7,0.0,0.0,30.374217,130.959968,269.94,0.0,1
125.76,0.0,0.0,30.374217,130.959968,269.94,0.0,1
125.83,0.0,0.0,30.374217,130.959968,269.94,0.0,1
125.9,0.0,0.0,30.374217,130.959968,269.94,0.0,1
125.96,0.0,0.0,30.374217,130.959968,269.94,0.0,1
126.03,0.0,0.0,30.374217,130.959968,269.94,0.0,1
126.09,0.0,0.0,30.374217,130.959968,269.94,0.0,1
126.16,0.0,0.0,30.374217,130.959968,269.94,0.0,1
126.23,0.0,0.0,30.374217,130.959968,269.94,0.0,1
126.29,0.0,0.0,30.374217,130.959968,269.94,0.0,1
126.36,0.0,0.0,30.374217,130.959968,269.94,0.0,1
126.42,0.0,0.0,30.374217,130.959968,269.94,0.0,1
126.49,0.0,0.0,30.374217,130.959968,269.94,0.0,1
126.56,0.0,0.0,30.374217,130.959968,269.94,0.0,1
126.62,0.0,0.0,30.374217,130.959968,269.94,0.0,1
126.69,0.0,0.0,30.374217,130.959968,269.94,0.0,1
126.75,0.0,0.0,30.374217,130.959968,269.94,0.0,1
126.82,0.0,0.0,30.374217,130.959968,269.94,0.0,1
126.89,0.0,0.0,30.374217,130.959968,269.94,0.0,1
126.95,0.0,0.0,30.374217,130.959968,269.94,0.0,1
127.02,0.0,0.0,30.374217,130.959968,269.94,0.0,1
127.09,0.0,0.0,30.374217,130.959968,269.94,0.0,1
127.16,0.0,0.0,30.374217,130.959968,269.94,0.0,1
127.22,0.0,0.0,30.374217,130.959968,269.94,0.0,1
127.29,0.0,0.0,30.374217,130.959968,269.94,0.0,1
127.35,0.0,0.0,30.374217,130.959968,269.94,0.0,1
127.42,0.0,0.0,30.374217,130.959968,269.94,0.0,1
127.48,0.0,0.0,30.374217,130.959968,269.94,0.0,1
127.55,0.0,0.0,30.374217,130.959968,269.94,0.0,1
127.61,0.0,0.0,30.374217,130.959968,269.94,0.0,1
127.68,0.0,0.0,30.374217,130.959968,269.94,0.0,1
127.74,0.0,0.0,30.374217,130.959968,269.94,0.0,1
127.81,0.0,0.0,30.374217,130.959968,269.94,0.0,1
127.88,0.0,0.0,30.374217,130.959968,269.94,0.0,1
127.94,0.0,0.0,30.374217,130.959968,269.94,0.0,1
128.01,0.0,0.0,30.374217,130.959968,269.94,0.0,1
128.07,0.0,0.0,30.374217,130.959968,269.94,0.0,1
128.14,0.0,0.0,30.374217,130.959968,269.94,0.0,1
128.21,0.0,0.0,30.374217,130.959968,269.94,0.0,1
128.27,0.0,0.0,30.374217,130.959968,269.94,0.0,1
128.34,0.0,0.0,30.374217,130.959968,269.94,0.0,1
128.4,0.0,0.0,30.374217,130.959968,269.94,0.0,1
128.47,0.0,0.0,30.374217,130.959968,269.94,0.0,1
128.54,0.0,0.0,30.374217,130.959968,269.94,0.0,1
128.6,0.0,0.0,30.374217,130.959968,269.94,0.0,1
128.67,0.0,0.0,30.374217,130.959968,269.94,0.0,1
128.74,0.0,0.0,30.374217,130.959968,269.94,0.0,1
128.8,0.0,0.0,30.374217,130.959968,269.94,0.0,1
128.87,0.0,0.0,30.374217,130.959968,269.94,0.0,1
128.93,0.0,0.0,30.374217,130.959968,269.94,0.0,1
129.0,0.0,0.0,30.374217,130.959968,269.94,0.0,1
129.07,0.0,0.0,30.374217,130.959968,269.94,0.0,1
129.13,0.0,0.0,30.374217,130.959968,269.94,0.0,1
129.2,0.0,0.0,30.374217,130.959968,269.94,0.0,1
129.26,0.0,0.0,30.374217,130.959968,269.94,0.0,1
129.33,0.0,0.0,30.374217,130.959968,269.94,0.0,1
129.4,0.0,0.0,30.374217,130.959968,269.94,0.0,1
129.46,0.0,0.0,30.374217,130.959968,269.94,0.0,1
129.53,0.0,0.0,30.374217,130.959968,269.94,0.0,1
129.6,0.0,0.0,30.374217,130.959968,269.94,0.0,1
129.66,0.0,0.0,30.374217,130.959968,269.94,0.0,1
129.73,0.0,0.0,30.374217,130.959968,269.94,0.0,1
129.8,0.0,0.0,30.374217,130.959968,269.94,0.0,1
129.86,0.0,0.0,30.374217,130.959968,269.94,0.0,1
129.93,0.0,0.0,30.374217,130.959968,269.94,0.0,1
130.0,0.0,0.0,30.374217,130.959968,269.94,0.0,1
130.06,0.0,0.0,30.374217,130.959968,269.94,0.0,1
130.13,0.0,0.0,30.374217,130.959968,269.94,0.0,1
130.19,0.0,0.0,30.374217,130.959968,269.94,0.0,1
130.26,0.0,0.0,30.374217,130.959968,269.94,0.0,1
130.33,0.0,0.0,30.374217,130.959968,269.94,0.0,1
130.39,0.0,0.0,30.374217,130.959968,269.94,0.0,1
130.46,0.0,0.0,30.374217,130.959968,269.94,0.0,1
130.52,0.0,0.0,30.374217,130.959968,269.94,0.0,1
130.59,0.0,0.0,30.374217,130.959968,269.94,0.0,1
130.66,0.0,0.0,30.374217,130.959968,269.94,0.0,1
130.72,0.0,0.0,30.374217,130.959968,269.94,0.0,1
130.79,0.0,0.0,30.374217,130.959968,269.94,0.0,1
130.86,0.0,0.0,30.374217,130.959968,269.94,0.0,1
130.92,0.0,0.0,30.374217,130.959968,269.94,0.0,1
130.99,0.0,0.0,30.374217,130.959968,269.94,0.0,1
131.06,0.0,0.0,30.374217,130.959968,269.94,0.0,1
131.12,0.0,0.0,30.374217,130.959968,269.94,0.0,1
131.19,0.0,0.0,30.374217,130.959968,269.94,0.0,1
131.26,0.0,0.0,30.374217,130.959968,269.94,0.0,1
131.32,0.0,0.0,30.374217,130.959968,269.94,0.0,1
131.39,0.0,0.0,30.374217,130.959968,269.94,0.0,1
131.46,0.0,0.0,30.374217,130.959968,269.94,0.0,1
131.52,0.0,0.0,30.374217,130.959968,269.94,0.0,1
131.59,0.0,0.0,30.374217,130.959968,269.94,0.0,1
131.65,0.0,0.0,30.374217,130.959968,269.94,0.0,1
131.72,0.0,0.0,30.374217,130.959968,269.94,0.0,1
131.79,0.0,0.0,30.374217,130.959968,269.94,0.0,1
131.86,0.0,0.0,30.374217,130.959968,269.94,0.0,1
131.92,0.0,0.0,30.374217,130.959968,269.94,0.0,1
131.99,0.0,0.0,30.374217,130.959968,269.94,0.0,1
132.05,0.0,0.0,30.374217,130.959968,269.94,0.0,1
132.12,0.0,0.0,30.374217,130.959968,269.94,0.0,1
132.19,0.0,0.0,30.374217,130.959968,269.94,0.0,1
132.25,0.0,0.0,30.374217,130.959968,269.94,0.0,1
132.32,0.0,0.0,30.374217,130.959968,269.94,0.0,1
132.39,0.0,0.0,30.374217,130.959968,269.94,0.0,1
132.45,0.0,0.0,30.374217,130.959968,269.94,0.0,1
132.52,0.0,0.0,30.374217,130.959968,269.94,0.0,1
132.59,0.0,0.0,30.374217,130.959968,269.94,0.0,1
132.65,0.0,0.0,30.374217,130.959968,269.94,0.0,1
132.72,0.0,0.0,30.374217,130.959968,269.94,0.0,1
132.79,0.0,0.0,30.374217,130.959968,269.94,0.0,1
132.86,0.0,0.0,30.374217,130.959968,269.94,0.0,1
132.92,0.0,0.0,30.374217,130.959968,269.94,0.0,1
132.99,0.0,0.0,30.374217,130.959968,269.94,0.0,1
133.06,0.0,0.0,30.374217,130.959968,269.94,0.0,1
133.12,0.0,0.0,30.374217,130.959968,269.94,0.0,1
133.19,0.0,0.0,30.374217,130.959968,269.94,0.0,1
133.25,0.0,0.0,30.374217,130.959968,269.94,0.0,1
133.32,0.0,0.0,30.374217,130.959968,269.94,0.0,1
133.39,0.0,0.0,30.374217,130.959968,269.94,0.0,1
133.45,0.0,0.0,30.374217,130.959968,269.94,0.0,1
133.52,0.0,0.0,30.374217,130.959968,269.94,0.0,1
133.59,0.0,0.0,30.374217,130.959968,269.94,0.0,1
133.65,0.0,0.0,30.374217,130.959968,269.94,0.0,1
133.72,0.0,0.0,30.374217,130.959968,269.94,0.0,1
133.79,0.0,0.0,30.374217,130.959968,269.94,0.0,1
133.86,0.0,0.0,30.374217,130.959968,269.94,0.0,1
133.92,0.0,0.0,30.374217,130.959968,269.94,0.0,1
133.99,0.0,0.0,30.374217,130.959968,269.94,0.0,1
134.06,0.0,0.0,30.374217,130.959968,269.94,0.0,1
134.12,0.0,0.0,30.374217,130.959968,269.94,0.0,1
134.19,0.0,0.0,30.374217,130.959968,269.94,0.0,1
134.26,0.0,0.0,30.374217,130.959968,269.94,0.0,1
134.32,0.0,0.0,30.374217,130.959968,269.94,0.0,1
134.39,0.0,0.0,30.374217,130.959968,269.94,0.0,1
134.45,0.0,0.0,30.374217,130.959968,269.94,0.0,1
134.52,0.0,0.0,30.374217,130.959968,269.94,0.0,1
134.59,0.0,0.0,30.374217,130.959968,269.94,0.0,1
134.65,0.0,0.0,30.374217,130.959968,269.94,0.0,1
134.72,0.0,0.0,30.374217,130.959968,269.94,0.0,1
134.78,0.0,0.0,30.374217,130.959968,269.94,0.0,1
134.85,0.0,0.0,30.374217,130.959968,269.94,0.0,1
134.92,0.0,0.0,30.374217,130.959968,269.94,0.0,1
134.98,0.0,0.0,30.374217,130.959968,269.94,0.0,1
135.05,0.0,0.0,30.374217,130.959968,269.94,0.0,1
135.11,0.0,0.0,30.374217,130.959968,269.94,0.0,1
135.18,0.0,0.0,30.374217,130.959968,269.94,0.0,1
135.25,0.0,0.0,30.374217,130.959968,269.94,0.0,1
135.31,0.0,0.0,30.374217,130.959968,269.94,0.0,1
135.38,0.0,0.0,30.374217,130.959968,269.94,0.0,1
135.45,0.0,0.0,30.374217,130.959968,269.94,0.0,1
135.51,0.0,0.0,30.374217,130.959968,269.94,0.0,1
135.58,0.0,0.0,30.374217,130.959968,269.94,0.0,1
135.64,0.0,0.0,30.374217,130.959968,269.94,0.0,1
135.71,0.0,0.0,30.374217,130.959968,269.94,0.0,1
135.77,0.0,0.0,30.374217,130.959968,269.94,0.0,1
135.84,0.0,0.0,30.374217,130.959968,269.94,0.0,1
135.91,0.0,0.0,30.374217,130.959968,269.94,0.0,1
135.97,0.0,0.0,30.374217,130.959968,269.94,0.0,1
136.04,0.0,0.0,30.374217,130.959968,269.94,0.0,1
136.11,0.0,0.0,30.374217,130.959968,269.94,0.0,1
136.17,0.0,0.0,30.374217,130.959968,269.94,0.0,1
136.24,0.0,0.0,30.374217,130.959968,269.94,0.0,1
136.31,0.0,0.0,30.374217,130.959968,269.94,0.0,1
136.37,0.0,0.0,30.374217,130.959968,269.94,0.0,1
136.44,0.0,0.0,30.374217,130.959968,269.94,0.0,1
136.5,0.0,0.0,30.374217,130.959968,269.94,0.0,1
136.57,0.0,0.0,30.374217,130.959968,269.94,0.0,1
136.64,0.0,0.0,30.374217,130.959968,269.94,0.0,1
136.7,0.0,0.0,30.374217,130.959968,269.94,0.0,1
136.77,0.0,0.0,30.374217,130.959968,269.94,0.0,1
136.84,0.0,0.0,30.374217,130.959968,269.94,0.0,1
136.9,0.0,0.0,30.374217,130.959968,269.94,0.0,1
136.97,0.0,0.0,30.374217,130.959968,269.94,0.0,1
137.03,0.0,0.0,30.374217,130.959968,269.94,0.0,1
137.1,0.0,0.0,30.374217,130.959968,269.94,0.0,1
137.17,0.0,0.0,30.374217,130.959968,269.94,0.0,1
137.24,0.0,0.0,30.374217,130.959968,269.94,0.0,1
137.3,0.0,0.0,30.374217,130.959968,269.94,0.0,1
137.37,0.0,0.0,30.374217,130.959968,269.94,0.0,1
137.43,0.0,0.0,30.374217,130.959968,269.94,0.0,1
137.5,0.0,0.0,30.374217,130.959968,269.94,0.0,1
137.57,0.0,0.0,30.374217,130.959968,269.94,0.0,1
137.63,0.0,0.0,30.374217,130.959968,269.94,0.0,1
137.7,0.0,0.0,30.374217,130.959968,269.94,0.0,1
137.77,0.0,0.0,30.374217,130.959968,269.94,0.0,1
137.83,0.0,0.0,30.374217,130.959968,269.94,0.0,1
137.9,0.0,0.0,30.374217,130.959968,269.94,0.0,1
137.96,0.0,0.0,30.374217,130.959968,269.94,0.0,1
138.03,0.0,0.0,30.374217,130.959968,269.94,0.0,1
138.1,0.0,0.0,30.374217,130.959968,269.94,0.0,1
138.16,0.0,0.0,30.374217,130.959968,269.94,0.0,1
138.23,0.0,0.0,30.374217,130.959968,269.94,0.0,1
138.3,0.0,0.0,30.374217,130.959968,269.94,0.0,1
138.36,0.0,0.0,30.374217,130.959968,269.94,0.0,1
138.43,0.0,0.0,30.374217,130.959968,269.94,0.0,1
138.5,0.0,0.0,30.374217,130.959968,269.94,0.0,1
138.56,0.0,0.0,30.374217,130.959968,269.94,0.0,1
138.63,0.0,0.0,30.374217,130.959968,269.94,0.0,1
138.7,0.0,0.0,30.374217,130.959968,269.94,0.0,1
138.76,0.0,0.0,30.374217,130.959968,269.94,0.0,1
138.83,0.0,0.0,30.374217,130.959968,269.94,0.0,1
138.9,0.0,0.0,30.374217,130.959968,269.94,0.0,1
138.96,0.0,0.0,30.374217,130.959968,269.94,0.0,1
139.03,0.0,0.0,30.374217,130.959968,269.94,0.0,1
139.1,0.0,0.0,30.374217,130.959968,269.94,0.0,1
139.16,0.0,0.0,30.374217,130.959968,269.94,0.0,1
139.23,0.0,0.0,30.374217,130.959968,269.94,0.0,1
139.3,0.0,0.0,30.374217,130.959968,269.94,0.0,1
139.36,0.0,0.0,30.374217,130.959968,269.94,0.0,1
139.43,0.0,0.0,30.374217,130.959968,269.94,0.0,1
139.5,0.0,0.0,30.374217,130.959968,269.94,0.0,1
139.56,0.0,0.0,30.374217,130.959968,269.94,0.0,1
139.63,0.0,0.0,30.374217,130.959968,269.94,0.0,1
139.7,0.0,0.0,30.374217,130.959968,269.94,0.0,1
139.76,0.0,0.0,30.374217,130.959968,269.94,0.0,1
139.83,0.0,0.0,30.374217,130.959968,269.94,0.0,1
139.9,0.0,0.0,30.374217,130.959968,269.94,0.0,1
139.96,0.0,0.0,30.374217,130.959968,269.94,0.0,1
140.03,0.0,0.0,30.374217,130.959968,269.94,0.0,1
140.1,0.0,0.0,30.374217,130.959968,269.94,0.0,1
140.16,0.0,0.0,30.374217,130.959968,269.94,0.0,1
140.23,0.0,0.0,30.374217,130.959968,269.94,0.0,1
140.3,0.0,0.0,30.374217,130.959968,269.94,0.0,1
140.37,0.0,0.0,30.374217,130.959968,269.94,0.0,1
140.44,0.0,0.0,30.374217,130.959968,269.94,0.0,1
140.5,0.0,0.0,30.374217,130.959968,269.94,0.0,1
140.57,0.0,0.0,30.374217,130.959968,269.94,0.0,1
140.63,0.0,0.0,30.374217,130.959968,269.94,0.0,1
140.7,0.0,0.0,30.374217,130.959968,269.94,0.0,1
140.77,0.0,0.0,30.374217,130.959968,269.94,0.0,1
140.83,0.0,0.0,30.374217,130.959968,269.94,0.0,1
140.9,0.0,0.0,30.374217,130.959968,269.94,0.0,1
140.96,0.0,0.0,30.374217,130.959968,269.94,0.0,1
141.03,0.0,0.0,30.374217,130.959968,269.94,0.0,1
141.1,0.0,0.0,30.374217,130.959968,269.94,0.0,1
141.16,0.0,0.0,30.374217,130.959968,269.94,0.0,1
141.23,0.0,0.0,30.374217,130.959968,269.94,0.0,1
141.29,0.0,0.0,30.374217,130.959968,269.94,0.0,1
141.36,0.0,0.0,30.374217,130.959968,269.94,0.0,1
141.43,0.0,0.0,30.374217,130.959968,269.94,0.0,1
141.49,0.0,0.0,30.374217,130.959968,269.94,0.0,1
141.56,0.0,0.0,30.374217,130.959968,269.94,0.0,1
141.62,0.0,0.0,30.374217,130.959968,269.94,0.0,1
141.69,0.0,0.0,30.374217,130.959968,269.94,0.0,1
141.76,0.0,0.0,30.374217,130.959968,269.94,0.0,1
141.82,0.0,0.0,30.374217,130.959968,269.94,0.0,1
141.89,0.0,0.0,30.374217,130.959968,269.94,0.0,1
141.96,0.0,0.0,30.374217,130.959968,269.94,0.0,1
142.02,0.0,0.0,30.374217,130.959968,269.94,0.0,1
142.09,0.0,0.0,30.374217,130.959968,269.94,0.0,1
142.15,0.0,0.0,30.374217,130.959968,269.94,0.0,1
142.22,0.0,0.0,30.374217,130.959968,269.94,0.0,1
142.29,0.0,0.0,30.374217,130.959968,269.94,0.0,1
142.35,0.0,0.0,30.374217,130.959968,269.94,0.0,1
142.42,0.0,0.0,30.374217,130.959968,269.94,0.0,1
142.49,0.0,0.0,30.374217,130.959968,269.94,0.0,1
142.55,0.0,0.0,30.374217,130.959968,269.94,0.0,1
142.62,0.0,0.0,30.374217,130.959968,269.94,0.0,1
142.69,0.0,0.0,30.374217,130.959968,269.94,0.0,1
142.75,0.0,0.0,30.374217,130.959968,269.94,0.0,1
142.82,0.0,0.0,30.374217,130.959968,269.94,0.0,1
142.88,0.0,0.0,30.374217,130.959968,269.94,0.0,1
142.95,0.0,0.0,30.374217,130.959968,269.94,0.0,1
143.02,0.0,0.0,30.374217,130.959968,269.94,0.0,1
143.08,0.0,0.0,30.374217,130.959968,269.94,0.0,1
143.15,0.0,0.0,30.374217,130.959968,269.94,0.0,1
143.22,0.0,0.0,30.374217,130.959968,269.94,0.0,1
143.28,0.0,0.0,30.374217,130.959968,269.94,0.0,1
143.35,0.0,0.0,30.374217,130.959968,269.94,0.0,1
143.41,0.0,0.0,30.374217,130.959968,269.94,0.0,1
143.48,0.0,0.0,30.374217,130.959968,269.94,0.0,1
143.55,0.0,0.0,30.374217,130.959968,269.94,0.0,1
143.61,0.0,0.0,30.374217,130.959968,269.94,0.0,1
143.68,0.0,0.0,30.374217,130.959968,269.94,0.0,1
143.75,0.0,0.0,30.374217,130.959968,269.94,0.0,1
143.81,0.0,0.0,30.374217,130.959968,269.94,0.0,1
143.88,0.0,0.0,30.374217,130.959968,269.94,0.0,1
143.95,0.0,0.0,30.374217,130.959968,269.94,0.0,1
144.01,0.0,0.0,30.374217,130.959968,269.94,0.0,1
144.08,0.0,0.0,30.374217,130.959968,269.94,0.0,1
144.14,0.0,0.0,30.374217,130.959968,269.94,0.0,1
144.21,0.0,0.0,30.374217,130.959968,269.94,0.0,1
144.28,0.0,0.0,30.374217,130.959968,269.94,0.0,1
144.34,0.0,0.0,30.374217,130.959968,269.94,0.0,1
144.41,0.0,0.0,30.374217,130.959968,269.94,0.0,1
144.48,0.0,0.0,30.374217,130.959968,269.94,0.0,1
144.54,0.0,0.0,30.374217,130.959968,269.94,0.0,1
144.61,0.0,0.0,30.374217,130.959968,269.94,0.0,1
144.68,0.0,0.0,30.374217,130.959968,269.94,0.0,1
144.74,0.0,0.0,30.374217,130.959968,269.94,0.0,1
144.81,0.0,0.0,30.374217,130.959968,269.94,0.0,1
144.88,0.0,0.0,30.374217,130.959968,269.94,0.0,1
144.94,0.0,0.0,30.374217,130.959968,269.94,0.0,1
145.01,0.0,0.0,30.374217,130.959968,269.94,0.0,1
145.08,0.0,0.0,30.374217,130.959968,269.94,0.0,1
145.14,0.0,0.0,30.374217,130.959968,269.94,0.0,1
145.21,0.0,0.0,30.374217,130.959968,269.94,0.0,1
145.27,0.0,0.0,30.374217,130.959968,269.94,0.0,1
145.34,0.0,0.0,30.374217,130.959968,269.94,0.0,1
145.41,0.0,0.0,30.374217,130.959968,269.94,0.0,1
145.47,0.0,0.0,30.374217,130.959968,269.94,0.0,1
145.54,0.0,0.0,30.374217,130.959968,269.94,0.0,1
145.61,0.0,0.0,30.374217,130.959968,269.94,0.0,1
145.67,0.0,0.0,30.374217,130.959968,269.94,0.0,1
145.74,0.0,0.0,30.374217,130.959968,269.94,0.0,1
145.81,0.0,0.0,30.374217,130.959968,269.94,0.0,1
145.88,0.0,0.0,30.374217,130.959968,269.94,0.0,1
145.94,0.0,0.0,30.374217,130.959968,269.94,0.0,1
146.01,0.0,0.0,30.374217,130.959968,269.94,0.0,1
146.08,0.0,0.0,30.374217,130.959968,269.94,0.0,1
146.14,0.0,0.0,30.374217,130.959968,269.94,0.0,1
146.21,0.0,0.0,30.374217,130.959968,269.94,0.0,1
146.28,0.0,0.0,30.374217,130.959968,269.94,0.0,1
146.34,0.0,0.0,30.374217,130.959968,269.94,0.0,1
146.41,0.0,0.0,30.374217,130.959968,269.94,0.0,1
146.47,0.0,0.0,30.374217,130.959968,269.94,0.0,1
146.54,0.0,0.0,30.374217,130.959968,269.94,0.0,1
146.61,0.0,0.0,30.374217,130.959968,269.94,0.0,1
146.67,0.0,0.0,30.374217,130.959968,269.94,0.0,1
146.74,0.0,0.0,30.374217,130.959968,269.94,0.0,1
146.81,0.0,0.0,30.374217,130.959968,269.94,0.0,1
146.88,0.0,0.0,30.374217,130.959968,269.94,0.0,1
146.95,0.0,0.0,30.374217,130.959968,269.94,0.0,1
147.01,0.0,0.0,30.374217,130.959968,269.94,0.0,1
147.08,0.0,0.0,30.374217,130.959968,269.94,0.0,1
147.15,0.0,0.0,30.374217,130.959968,269.94,0.0,1
147.21,0.0,0.0,30.374217,130.959968,269.94,0.0,1
147.28,0.0,0.0,30.374217,130.959968,269.94,0.0,1
147.34,0.0,0.0,30.374217,130.959968,269.94,0.0,1
147.41,0.0,0.0,30.374217,130.959968,269.94,0.0,1
147.48,0.0,0.0,30.374217,130.959968,269.94,0.0,1
147.54,0.0,0.0,30.374217,130.959968,269.94,0.0,1
147.61,0.0,0.0,30.374217,130.959968,269.94,0.0,1
147.67,0.0,0.0,30.374217,130.959968,269.94,0.0,1
147.74,0.0,0.0,30.374217,130.959968,269.94,0.0,1
147.81,0.0,0.0,30.374217,130.959968,269.94,0.0,1
147.87,0.0,0.0,30.374217,130.959968,269.94,0.0,1
147.94,0.0,0.0,30.374217,130.959968,269.94,0.0,1
148.0,0.0,0.0,30.374217,130.959968,269.94,0.0,1
148.07,0.0,0.0,30.374217,130.959968,269.94,0.0,1
148.14,0.0,0.0,30.374217,130.959968,269.94,0.0,1
148.21,0.0,0.0,30.374217,130.959968,269.94,0.0,1
148.28,0.0,0.0,30.374217,130.959968,269.94,0.0,1
148.34,0.0,0.0,30.374217,130.959968,269.94,0.0,1
148.41,0.0,0.0,30.374217,130.959968,269.94,0.0,1
148.48,0.0,0.0,30.374217,130.959968,269.94,0.0,1
148.54,0.0,0.0,30.374217,130.959968,269.94,0.0,1
148.61,0.0,0.0,30.374217,130.959968,269.94,0.0,1
148.67,0.0,0.0,30.374217,130.959968,269.94,0.0,1
148.74,0.0,0.0,30.374217,130.959968,269.94,0.0,1
148.81,0.0,0.0,30.374217,130.959968,269.94,0.0,1
148.87,0.0,0.0,30.374217,130.959968,269.94,0.0,1
148.94,0.0,0.0,30.374217,130.959968,269.94,0.0,1
149.0,0.0,0.0,30.374217,130.959968,269.94,0.0,1
149.07,0.0,0.0,30.374217,130.959968,269.94,0.0,1
149.14,0.0,0.0,30.374217,130.959968,269.94,0.0,1
149.2,0.0,0.0,30.374217,130.959968,269.94,0.0,1
149.27,0.0,0.0,30.374217,130.959968,269.94,0.0,1
149.33,0.0,0.0,30.374217,130.959968,269.94,0.0,1
149.4,0.0,0.0,30.374217,130.959968,269.94,0.0,1
149.47,0.0,0.0,30.374217,130.959968,269.94,0.0,1
149.53,0.0,0.0,30.374217,130.959968,269.94,0.0,1
149.6,0.0,0.0,30.374217,130.959968,269.94,0.0,1
149.67,0.0,0.0,30.374217,130.959968,269.94,0.0,1
149.73,0.0,0.0,30.374217,130.959968,269.94,0.0,1
149.8,0.0,0.0,30.374217,130.959968,269.94,0.0,1
149.86,0.0,0.0,30.374217,130.959968,269.94,0.0,1
149.93,0.0,0.0,30.374217,130.959968,269.94,0.0,1
150.0,0.0,0.0,30.374217,130.959968,269.94,0.0,1
150.06,0.0,0.0,30.374217,130.959968,269.94,0.0,1
150.13,0.0,0.0,30.374217,130.959968,269.94,0.0,1
150.2,0.0,0.0,30.374217,130.959968,269.94,0.0,1
150.26,0.0,0.0,30.374217,130.959968,269.94,0.0,1
150.33,0.0,0.0,30.374217,130.959968,269.94,0.0,1
150.39,0.0,0.0,30.374217,130.959968,269.94,0.0,1
150.46,0.0,0.0,30.374217,130.959968,269.94,0.0,1
150.53,0.0,0.0,30.374217,130.959968,269.94,0.0,1
150.59,0.0,0.0,30.374217,130.959968,269.94,0.0,1
150.66,0.0,0.0,30.374217,130.959968,269.94,0.0,1
150.72,0.0,0.0,30.374217,130.959968,269.94,0.0,1
150.79,0.0,0.0,30.374217,130.959968,269.94,0.0,1
150.86,0.0,0.0,30.374217,130.959968,269.94,0.0,1
150.92,0.0,0.0,30.374217,130.959968,269.94,0.0,1
150.99,0.0,0.0,30.374217,130.959968,269.94,0.0,1
151.05,0.0,0.0,30.374217,130.959968,269.94,0.0,1
151.12,0.0,0.0,30.374217,130.959968,269.94,0.0,1
151.19,0.0,0.0,30.374217,130.959968,269.94,0.0,1
151.25,0.0,0.0,30.374217,130.959968,269.94,0.0,1
151.32,0.0,0.0,30.374217,130.959968,269.94,0.0,1
151.39,0.0,0.0,30.374217,130.959968,269.94,0.0,1
151.45,0.0,0.0,30.374217,130.959968,269.94,0.0,1
151.52,0.0,0.0,30.374217,130.959968,269.94,0.0,1
151.58,0.0,0.0,30.374217,130.959968,269.94,0.0,1
151.65,0.0,0.0,30.374217,130.959968,269.94,0.0,1
151.72,0.0,0.0,30.374217,130.959968,269.94,0.0,1
151.78,0.0,0.0,30.374217,130.959968,269.94,0.0,1
151.85,0.0,0.0,30.374217,130.959968,269.94,0.0,1
151.92,0.0,0.0,30.374217,130.959968,269.94,0.0,1
151.98,0.0,0.0,30.374217,130.959968,269.94,0.0,1
152.05,0.0,0.0,30.374217,130.959968,269.94,0.0,1
152.11,0.0,0.0,30.374217,130.959968,269.94,0.0,1
152.18,0.0,0.0,30.374217,130.959968,269.94,0.0,1
152.25,0.0,0.0,30.374217,130.959968,269.94,0.0,1
152.32,0.0,0.0,30.374217,130.959968,269.94,0.0,1
152.38,0.0,0.0,30.374217,130.959968,269.94,0.0,1
152.45,0.0,0.0,30.374217,130.959968,269.94,0.0,1
152.51,0.0,0.0,30.374217,130.959968,269.94,0.0,1
152.58,0.0,0.0,30.374217,130.959968,269.94,0.0,1
152.65,0.0,0.0,30.374217,130.959968,269.94,0.0,1
152.71,0.0,0.0,30.374217,130.959968,269.94,0.0,1
152.78,0.0,0.0,30.374217,130.959968,269.94,0.0,1
152.85,0.0,0.0,30.374217,130.959968,269.94,0.0,1
152.91,0.0,0.0,30.374217,130.959968,269.94,0.0,1
152.98,0.0,0.0,30.374217,130.959968,269.94,0.0,1
153.05,0.0,0.0,30.374217,130.959968,269.94,0.0,1
153.11,0.0,0.0,30.374217,130.959968,269.94,0.0,1
153.18,0.0,0.0,30.374217,130.959968,269.94,0.0,1
153.25,0.0,0.0,30.374217,130.959968,269.94,0.0,1
153.31,0.0,0.0,30.374217,130.959968,269.94,0.0,1
153.38,0.0,0.0,30.374217,130.959968,269.94,0.0,1
153.45,0.0,0.0,30.374217,130.959968,269.94,0.0,1
153.51,0.0,0.0,30.374217,130.959968,269.94,0.0,1
153.58,0.0,0.0,30.374217,130.959968,269.94,0.0,1
153.65,0.0,0.0,30.374217,130.959968,269.94,0.0,1
153.71,0.0,0.0,30.374217,130.959968,269.94,0.0,1
153.78,0.0,0.0,30.374217,130.959968,269.94,0.0,1
153.85,0.0,0.0,30.374217,130.959968,269.94,0.0,1
153.91,0.0,0.0,30.374217,130.959968,269.94,0.0,1
153.98,0.0,0.0,30.374217,130.959968,269.94,0.0,1
154.05,0.0,0.0,30.374217,130.959968,269.94,0.0,1
154.11,0.0,0.0,30.374217,130.959968,269.94,0.0,1
154.18,0.0,0.0,30.374217,130.959968,269.94,0.0,1
154.25,0.0,0.0,30.374217,130.959968,269.94,0.0,1
154.31,0.0,0.0,30.374217,130.959968,269.94,0.0,1
154.38,0.0,0.0,30.374217,130.959968,269.94,0.0,1
154.45,0.0,0.0,30.374217,130.959968,269.94,0.0,1
154.51,0.0,0.0,30.374217,130.959968,269.94,0.0,1
154.58,0.0,0.0,30.374217,130.959968,269.94,0.0,1
154.65,0.0,0.0,30.374217,130.959968,269.94,0.0,1
154.71,0.0,0.0,30.374217,130.959968,269.94,0.0,1
154.78,0.0,0.0,30.374217,130.959968,269.94,0.0,1
154.85,0.0,0.0,30.374217,130.959968,269.94,0.0,1
154.92,0.0,0.0,30.374217,130.959968,269.94,0.0,1
154.99,0.0,0.0,30.374217,130.959968,269.94,0.0,1
155.05,0.0,0.0,30.374217,130.959968,269.94,0.0,1
155.12,0.0,0.0,30.374217,130.959968,269.94,0.0,1
155.18,0.0,0.0,30.374217,130.959968,269.94,0.0,1
155.25,0.0,0.0,30.374217,130.959968,269.94,0.0,1
155.32,0.0,0.0,30.374217,130.959968,269.94,0.0,1
155.38,0.0,0.0,30.374217,130.959968,269.94,0.0,1
155.45,0.0,0.0,30.374217,130.959968,269.94,0.0,1
155.52,0.0,0.0,30.374217,130.959968,269.94,0.0,1
155.58,0.0,0.0,30.374217,130.959968,269.94,0.0,1
155.65,0.0,0.0,30.374217,130.959968,269.94,0.0,1
155.71,0.0,0.0,30.374217,130.959968,269.94,0.0,1
155.78,0.0,0.0,30.374217,130.959968,269.94,0.0,1
155.85,0.0,0.0,30.374217,130.959968,269.94,0.0,1
155.91,0.0,0.0,30.374217,130.959968,269.94,0.0,1
155.98,0.0,0.0,30.374217,130.959968,269.94,0.0,1
156.05,0.0,0.0,30.374217,130.959968,269.94,0.0,1
156.11,0.0,0.0,30.374217,130.959968,269.94,0.0,1
156.18,0.0,0.0,30.374217,130.959968,269.94,0.0,1
156.24,0.0,0.0,30.374217,130.959968,269.94,0.0,1
156.31,0.0,0.0,30.374217,130.959968,269.94,0.0,1
156.38,0.0,0.0,30.374217,130.959968,269.94,0.0,1
156.44,0.0,0.0,30.374217,130.959968,269.94,0.0,1
156.51,0.0,0.0,30.374217,130.959968,269.94,0.0,1
156.57,0.0,0.0,30.374217,130.959968,269.94,0.0,1
156.64,0.0,0.0,30.374217,130.959968,269.94,0.0,1
156.7,0.0,0.0,30.374217,130.959968,269.94,0.0,1
156.77,0.0,0.0,30.374217,130.959968,269.94,0.0,1
156.84,0.0,0.0,30.374217,130.959968,269.94,0.0,1
156.91,0.0,0.0,30.374217,130.959968,269.94,0.0,1
156.97,0.0,0.0,30.374217,130.959968,269.94,0.0,1
157.04,0.0,0.0,30.374217,130.959968,269.94,0.0,1
157.1,0.0,0.0,30.374217,130.959968,269.94,0.0,1
157.17,0.0,0.0,30.374217,130.959968,269.94,0.0,1
157.23,0.0,0.0,30.374217,130.959968,269.94,0.0,1
157.3,0.0,0.0,30.374217,130.959968,269.94,0.0,1
157.37,0.0,0.0,30.374217,130.959968,269.94,0.0,1
157.43,0.0,0.0,30.374217,130.959968,269.94,0.0,1
157.5,0.0,0.0,30.374217,130.959968,269.94,0.0,1
157.56,0.0,0.0,30.374217,130.959968,269.94,0.0,1
157.63,0.0,0.0,30.374217,130.959968,269.94,0.0,1
157.7,0.0,0.0,30.374217,130.959968,269.94,0.0,1
157.76,0.0,0.0,30.374217,130.959968,269.94,0.0,1
157.83,0.0,0.0,30.374217,130.959968,269.94,0.0,1
157.89,0.0,0.0,30.374217,130.959968,269.94,0.0,1
157.96,0.0,0.0,30.374217,130.959968,269.94,0.0,1
158.02,0.0,0.0,30.374217,130.959968,269.94,0.0,1
158.09,0.0,0.0,30.374217,130.959968,269.94,0.0,1
158.16,0.0,0.0,30.374217,130.959968,269.94,0.0,1
158.22,0.0,0.0,30.374217,130.959968,269.94,0.0,1
158.29,0.0,0.0,30.374217,130.959968,269.94,0.0,1
158.35,0.0,0.0,30.374217,130.959968,269.94,0.0,1
158.42,0.0,0.0,30.374217,130.959968,269.94,0.0,1
158.49,0.0,0.0,30.374217,130.959968,269.94,0.0,1
158.55,0.0,0.0,30.374217,130.959968,269.94,0.0,1
158.62,0.0,0.0,30.374217,130.959968,269.94,0.0,1
158.68,0.0,0.0,30.374217,130.959968,269.94,0.0,1
158.75,0.0,0.0,30.374217,130.959968,269.94,0.0,1
158.82,0.0,0.0,30.374217,130.959968,269.94,0.0,1
158.88,0.0,0.0,30.374217,130.959968,269.94,0.0,1
158.95,0.0,0.0,30.374217,130.959968,269.94,0.0,1
159.01,0.0,0.0,30.374217,130.959968,269.94,0.0,1
159.08,0.0,0.0,30.374217,130.959968,269.94,0.0,1
159.14,0.0,0.0,30.374217,130.959968,269.94,0.0,1
159.21,0.0,0.0,30.374217,130.959968,269.94,0.0,1
159.28,0.0,0.0,30.374217,130.959968,269.94,0.0,1
159.34,0.0,0.0,30.374217,130.959968,269.94,0.0,1
159.41,0.0,0.0,30.374217,130.959968,269.94,0.0,1
159.47,0.0,0.0,30.374217,130.959968,269.94,0.0,1
159.54,0.0,0.0,30.374217,130.959968,269.94,0.0,1
159.61,0.0,0.0,30.374217,130.959968,269.94,0.0,1
159.67,0.0,0.0,30.374217,130.959968,269.94,0.0,1
159.74,0.0,0.0,30.374217,130.959968,269.94,0.0,1
159.8,0.0,0.0,30.374217,130.959968,269.94,0.0,1
159.87,0.0,0.0,30.374217,130.959968,269.94,0.0,1
159.94,0.0,0.0,30.374217,130.959968,269.94,0.0,1
160.0,0.0,0.0,30.374217,130.959968,269.94,0.0,1
160.07,0.0,0.0,30.374217,130.959968,269.94,0.0,1
160.13,0.0,0.0,30.374217,130.959968,269.94,0.0,1
160.2,0.0,0.0,30.374217,130.959968,269.94,0.0,1
160.27,0.0,0.0,30.374217,130.959968,269.94,0.0,1
160.33,0.0,0.0,30.374217,130.959968,269.94,0.0,1
160.4,0.0,0.0,30.374217,130.959968,269.94,0.0,1
160.46,0.0,0.0,30.374217,130.959968,269.94,0.0,1
160.53,0.0,0.0,30.374217,130.959968,269.94,0.0,1
160.6,0.0,0.0,30.374217,130.959968,269.94,0.0,1
160.66,0.0,0.0,30.374217,130.959968,269.94,0.0,1
160.73,0.0,0.0,30.374217,130.959968,269.94,0.0,1
160.79,0.0,0.0,30.374217,130.959968,269.94,0.0,1
160.86,0.0,0.0,30.374217,130.959968,269.94,0.0,1
160.93,0.0,0.0,30.374217,130.959968,269.94,0.0,1
160.99,0.0,0.0,30.374217,130.959968,269.94,0.0,1
161.06,0.0,0.0,30.374217,130.959968,269.94,0.0,1
161.13,0.0,0.0,30.374217,130.959968,269.94,0.0,1
161.19,0.0,0.0,30.374217,130.959968,269.94,0.0,1
161.26,0.0,0.0,30.374217,130.959968,269.94,0.0,1
161.33,0.0,0.0,30.374217,130.959968,269.94,0.0,1
161.39,0.0,0.0,30.374217,130.959968,269.94,0.0,1
161.47,0.0,0.0,30.374217,130.959968,269.94,0.0,1
161.53,0.0,0.0,30.374217,130.959968,269.94,0.0,1
161.6,0.0,0.0,30.374217,130.959968,269.94,0.0,1
161.66,0.0,0.0,30.374217,130.959968,269.94,0.0,1
161.73,0.0,0.0,30.374217,130.959968,269.94,0.0,1
161.8,0.0,0.0,30.374217,130.959968,269.94,0.0,1
161.86,0.0,0.0,30.374217,130.959968,269.94,0.0,1
161.93,0.0,0.0,30.374217,130.959968,269.94,0.0,1
161.99,0.0,0.0,30.374217,130.959968,269.94,0.0,1
162.06,0.0,0.0,30.374217,130.959968,269.94,0.0,1
162.13,0.0,0.0,30.374217,130.959968,269.94,0.0,1
162.19,0.0,0.0,30.374217,130.959968,269.94,0.0,1
162.26,0.0,0.0,30.374217,130.959968,269.94,0.0,1
162.32,0.0,0.0,30.374217,130.959968,269.94,0.0,1
162.39,0.0,0.0,30.374217,130.959968,269.94,0.0,1
162.46,0.0,0.0,30.374217,130.959968,269.94,0.0,1
162.52,0.0,0.0,30.374217,130.959968,269.94,0.0,1
162.59,0.0,0.0,30.374217,130.959968,269.94,0.0,1
162.65,0.0,0.0,30.374217,130.959968,269.94,0.0,1
162.72,0.0,0.0,30.374217,130.959968,269.94,0.0,1
162.79,0.0,0.0,30.374217,130.959968,269.94,0.0,1
162.85,0.0,0.0,30.374217,130.959968,269.94,0.0,1
162.92,0.0,0.0,30.374217,130.959968,269.94,0.0,1
162.99,0.0,0.0,30.374217,130.959968,269.94,0.0,1
163.05,0.0,0.0,30.374217,130.959968,269.94,0.0,1
163.12,0.0,0.0,30.374217,130.959968,269.94,0.0,1
163.18,0.0,0.0,30.374217,130.959968,269.94,0.0,1
163.25,0.0,0.0,30.374217,130.959968,269.94,0.0,1
163.32,0.0,0.0,30.374217,130.959968,269.94,0.0,1
163.38,0.0,0.0,30.374217,130.959968,269.94,0.0,1
163.45,0.0,0.0,30.374217,130.959968,269.94,0.0,1
163.51,0.0,0.0,30.374217,130.959968,269.94,0.0,1
163.58,0.0,0.0,30.374217,130.959968,269.94,0.0,1
163.65,0.0,0.0,30.374217,130.959968,269.94,0.0,1
163.71,0.0,0.0,30.374217,130.959968,269.94,0.0,1
163.78,0.0,0.0,30.374217,130.959968,269.94,0.0,1
163.84,0.0,0.0,30.374217,130.959968,269.94,0.0,1
163.91,0.0,0.0,30.374217,130.959968,269.94,0.0,1
163.98,0.0,0.0,30.374217,130.959968,269.94,0.0,1
164.04,0.0,0.0,30.374217,130.959968,269.94,0.0,1
164.11,0.0,0.0,30.374217,130.959968,269.94,0.0,1
164.18,0.0,0.0,30.374217,130.959968,269.94,0.0,1
164.24,0.0,0.0,30.374217,130.959968,269.94,0.0,1
164.31,0.0,0.0,30.374217,130.959968,269.94,0.0,1
164.37,0.0,0.0,30.374217,130.959968,269.94,0.0,1
164.44,0.0,0.0,30.374217,130.959968,269.94,0.0,1
164.51,0.0,0.0,30.374217,130.959968,269.94,0.0,1
164.57,0.0,0.0,30.374217,130.959968,269.94,0.0,1
164.64,0.0,0.0,30.374217,130.959968,269.94,0.0,1
164.71,0.0,0.0,30.374217,130.959968,269.94,0.0,1
164.77,0.0,0.0,30.374217,130.959968,269.94,0.0,1
164.84,0.0,0.0,30.374217,130.959968,269.94,0.0,1
164.9,0.0,0.0,30.374217,130.959968,269.94,0.0,1
164.97,0.0,0.0,30.374217,130.959968,269.94,0.0,1
165.04,0.0,0.0,30.374217,130.959968,269.94,0.0,1
165.11,0.0,0.0,30.374217,130.959968,269.94,0.0,1
165.17,0.0,0.0,30.374217,130.959968,269.94,0.0,1
165.24,0.0,0.0,30.374217,130.959968,269.94,0.0,1
165.3,0.0,0.0,30.374217,130.959968,269.94,0.0,1
165.37,0.0,0.0,30.374217,130.959968,269.94,0.0,1
165.44,0.0,0.0,30.374217,130.959968,269.94,0.0,1
165.5,0.0,0.0,30.374217,130.959968,269.94,0.0,1
165.57,0.0,0.0,30.374217,130.959968,269.94,0.0,1
165.64,0.0,0.0,30.374217,130.959968,269.94,0.0,1
165.7,0.0,0.0,30.374217,130.959968,269.94,0.0,1
165.77,0.0,0.0,30.374217,130.959968,269.94,0.0,1
165.84,0.0,0.0,30.374217,130.959968,269.94,0.0,1
165.9,0.0,0.0,30.374217,130.959968,269.94,0.0,1
165.97,0.0,0.0,30.374217,130.959968,269.94,0.0,1
166.04,0.0,0.0,30.374217,130.959968,269.94,0.0,1
166.1,0.0,0.0,30.374217,130.959968,269.94,0.0,1
166.17,0.0,0.0,30.374217,130.959968,269.94,0.0,1
166.24,0.0,0.0,30.374217,130.959968,269.94,0.0,1
166.3,0.0,0.0,30.374217,130.959968,269.94,0.0,1
166.37,0.0,0.0,30.374217,130.959968,269.94,0.0,1
166.43,0.0,0.0,30.374217,130.959968,269.94,0.0,1
166.5,0.0,0.0,30.374217,130.959968,269.94,0.0,1
166.57,0.0,0.0,30.374217,130.959968,269.94,0.0,1
166.63,0.0,0.0,30.374217,130.959968,269.94,0.0,1
166.7,0.0,0.0,30.374217,130.959968,269.94,0.0,1
166.77,0.0,0.0,30.374217,130.959968,269.94,0.0,1
166.83,0.0,0.0,30.374217,130.959968,269.94,0.0,1
166.9,0.0,0.0,30.374217,130.959968,269.94,0.0,1
166.97,0.0,0.0,30.374217,130.959968,269.94,0.0,1
167.03,0.0,0.0,30.374217,130.959968,269.94,0.0,1
167.1,0.0,0.0,30.374217,130.959968,269.94,0.0,1
167.17,0.0,0.0,30.374217,130.959968,269.94,0.0,1
167.24,0.0,0.0,30.374217,130.959968,269.94,0.0,1
167.3,0.0,0.0,30.374217,130.959968,269.94,0.0,1
167.37,0.0,0.0,30.374217,130.959968,269.94,0.0,1
167.43,0.0,0.0,30.374217,130.959968,269.94,0.0,1
167.5,0.0,0.0,30.374217,130.959968,269.94,0.0,1
167.57,0.0,0.0,30.374217,130.959968,269.94,0.0,1
167.63,0.0,0.0,30.374217,130.959968,269.94,0.0,1
167.7,0.0,0.0,30.374217,130.959968,269.94,0.0,1
167.78,0.0,0.0,30.374217,130.959968,269.94,0.0,1
167.84,0.0,0.0,30.374217,130.959968,269.94,0.0,1
167.91,0.0,0.0,30.374217,130.959968,269.94,0.0,1
167.97,0.0,0.0,30.374217,130.959968,269.94,0.0,1
168.04,0.0,0.0,30.374217,130.959968,269.94,0.0,1
168.11,0.0,0.0,30.374217,130.959968,269.94,0.0,1
168.17,0.0,0.0,30.374217,130.959968,269.94,0.0,1
168.24,0.0,0.0,30.374217,130.959968,269.94,0.0,1
168.31,0.0,0.0,30.374217,130.959968,269.94,0.0,1
168.37,0.0,0.0,30.374217,130.959968,269.94,0.0,1
168.44,0.0,0.0,30.374217,130.959968,269.94,0.0,1
168.5,0.0,0.0,30.374217,130.959968,269.94,0.0,1
168.57,0.0,0.0,30.374217,130.959968,269.94,0.0,1
168.64,0.0,0.0,30.374217,130.959968,269.94,0.0,1
168.7,0.0,0.0,30.374217,130.959968,269.94,0.0,1
168.77,0.0,0.0,30.374217,130.959968,269.94,0.0,1
168.83,0.0,0.0,30.374217,130.959968,269.94,0.0,1
168.9,0.0,0.0,30.374217,130.959968,269.94,0.0,1
168.96,0.0,0.0,30.374217,130.959968,269.94,0.0,1
169.03,0.0,0.0,30.374217,130.959968,269.94,0.0,1
169.1,0.0,0.0,30.374217,130.959968,269.94,0.0,1
169.16,0.0,0.0,30.374217,130.959968,269.94,0.0,1
169.23,0.0,0.0,30.374217,130.959968,269.94,0.0,1
169.3,0.0,0.0,30.374217,130.959968,269.94,0.0,1
169.36,0.0,0.0,30.374217,130.959968,269.94,0.0,1
169.43,0.0,0.0,30.374217,130.959968,269.94,0.0,1
169.49,0.0,0.0,30.374217,130.959968,269.94,0.0,1
169.56,0.0,0.0,30.374217,130.959968,269.94,0.0,1
169.63,0.0,0.0,30.374217,130.959968,269.94,0.0,1
169.69,0.0,0.0,30.374217,130.959968,269.94,0.0,1
169.76,0.0,0.0,30.374217,130.959968,269.94,0.0,1
169.82,0.0,0.0,30.374217,130.959968,269.94,0.0,1
169.89,0.0,0.0,30.374217,130.959968,269.94,0.0,1
169.96,0.0,0.0,30.374217,130.959968,269.94,0.0,1
170.02,0.0,0.0,30.374217,130.959968,269.94,0.0,1
170.09,0.0,0.0,30.374217,130.959968,269.94,0.0,1
170.15,0.0,0.0,30.374217,130.959968,269.94,0.0,1
170.22,0.0,0.0,30.374217,130.959968,269.94,0.0,1
170.29,0.0,0.0,30.374217,130.959968,269.94,0.0,1
170.35,0.0,0.0,30.374217,130.959968,269.94,0.0,1
170.42,0.0,0.0,30.374217,130.959968,269.94,0.0,1
170.49,0.0,0.0,30.374217,130.959968,269.94,0.0,1
170.55,0.0,0.0,30.374217,130.959968,269.94,0.0,1
170.62,0.0,0.0,30.374217,130.959968,269.94,0.0,1
170.69,0.0,0.0,30.374217,130.959968,269.94,0.0,1
170.75,0.0,0.0,30.374217,130.959968,269.94,0.0,1
170.82,0.0,0.0,30.374217,130.959968,269.94,0.0,1
170.88,0.0,0.0,30.374217,130.959968,269.94,0.0,1
170.95,0.0,0.0,30.374217,130.959968,269.94,0.0,1
171.02,0.0,0.0,30.374217,130.959968,269.94,0.0,1
171.08,0.0,0.0,30.374217,130.959968,269.94,0.0,1
171.15,0.0,0.0,30.374217,130.959968,269.94,0.0,1
171.22,0.0,0.0,30.374217,130.959968,269.94,0.0,1
171.28,0.0,0.0,30.374217,130.959968,269.94,0.0,1
171.35,0.0,0.0,30.374217,130.959968,269.94,0.0,1
171.42,0.0,0.0,30.374217,130.959968,269.94,0.0,1
171.48,0.0,0.0,30.374217,130.959968,269.94,0.0,1
171.55,0.0,0.0,30.374217,130.959968,269.94,0.0,1
171.62,0.0,0.0,30.374217,130.959968,269.94,0.0,1
171.68,0.0,0.0,30.374217,130.959968,269.94,0.0,1
171.75,0.0,0.0,30.374217,130.959968,269.94,0.0,1
171.81,0.0,0.0,30.374217,130.959968,269.94,0.0,1
171.88,0.0,0.0,30.374217,130.959968,269.94,0.0,1
171.95,0.0,0.0,30.374217,130.959968,269.94,0.0,1
172.01,0.0,0.0,30.374217,130.959968,269.94,0.0,1
172.08,0.0,0.0,30.374217,130.959968,269.94,0.0,1
172.15,0.0,0.0,30.374217,130.959968,269.94,0.0,1
172.21,0.0,0.0,30.374217,130.959968,269.94,0.0,1
172.28,0.0,0.0,30.374217,130.959968,269.94,0.0,1
172.35,0.0,0.0,30.374217,130.959968,269.94,0.0,1
172.41,0.0,0.0,30.374217,130.959968,269.94,0.0,1
172.48,0.0,0.0,30.374217,130.959968,269.94,0.0,1
172.55,0.0,0.0,30.374217,130.959968,269.94,0.0,1
172.61,0.0,0.0,30.374217,130.959968,269.94,0.0,1
172.68,0.0,0.0,30.374217,130.959968,269.94,0.0,1
172.75,0.0,0.0,30.374217,130.959968,269.94,0.0,1
172.81,0.0,0.0,30.374217,130.959968,269.94,0.0,1
172.88,0.0,0.0,30.374217,130.959968,269.94,0.0,1
172.95,0.0,0.0,30.374217,130.959968,269.94,0.0,1
173.01,0.0,0.0,30.374217,130.959968,269.94,0.0,1
173.08,0.0,0.0,30.374217,130.959968,269.94,0.0,1
173.15,0.0,0.0,30.374217,130.959968,269.94,0.0,1
173.21,0.0,0.0,30.374217,130.959968,269.94,0.0,1
173.28,0.0,0.0,30.374217,130.959968,269.94,0.0,1
173.34,0.0,0.0,30.374217,130.959968,269.94,0.0,1
173.41,0.0,0.0,30.374217,130.959968,269.94,0.0,1
173.48,0.0,0.0,30.374217,130.959968,269.94,0.0,1
173.55,0.0,0.0,30.374217,130.959968,269.94,0.0,1
173.61,0.0,0.0,30.374217,130.959968,269.94,0.0,1
173.68,0.0,0.0,30.374217,130.959968,269.94,0.0,1
173.75,0.0,0.0,30.374217,130.959968,269.94,0.0,1
173.81,0.0,0.0,30.374217,130.959968,269.94,0.0,1
173.88,0.0,0.0,30.374217,130.959968,269.94,0.0,1
173.95,0.0,0.0,30.374217,130.959968,269.94,0.0,1
174.01,0.0,0.0,30.374217,130.959968,269.94,0.0,1
174.09,0.0,0.0,30.374217,130.959968,269.94,0.0,1
174.15,0.0,0.0,30.374217,130.959968,269.94,0.0,1
174.22,0.0,0.0,30.374217,130.959968,269.94,0.0,1
174.28,0.0,0.0,30.374217,130.959968,269.94,0.0,1
174.35,0.0,0.0,30.374217,130.959968,269.94,0.0,1
174.41,0.0,0.0,30.374217,130.959968,269.94,0.0,1
174.48,0.0,0.0,30.374217,130.959968,269.94,0.0,1
174.55,0.0,0.0,30.374217,130.959968,269.94,0.0,1
174.61,0.0,0.0,30.374217,130.959968,269.94,0.0,1
174.68,0.0,0.0,30.374217,130.959968,269.94,0.0,1
174.75,0.0,0.0,30.374217,130.959968,269.94,0.0,1
174.81,0.0,0.0,30.374217,130.959968,269.94,0.0,1
174.88,0.0,0.0,30.374217,130.959968,269.94,0.0,1
174.94,0.0,0.0,30.374217,130.959968,269.94,0.0,1
175.01,0.0,0.0,30.374217,130.959968,269.94,0.0,1
175.08,0.0,0.0,30.374217,130.959968,269.94,0.0,1
175.14,0.0,0.0,30.374217,130.959968,269.94,0.0,1
175.21,0.0,0.0,30.374217,130.959968,269.94,0.0,1
175.27,0.0,0.0,30.374217,130.959968,269.94,0.0,1
175.34,0.0,0.0,30.374217,130.959968,269.94,0.0,1
175.41,0.0,0.0,30.374217,130.959968,269.94,0.0,1
175.47,0.0,0.0,30.374217,130.959968,269.94,0.0,1
175.54,0.0,0.0,30.374217,130.959968,269.94,0.0,1
175.61,0.0,0.0,30.374217,130.959968,269.94,0.0,1
175.67,0.0,0.0,30.374217,130.959968,269.94,0.0,1
175.74,0.0,0.0,30.374217,130.959968,269.94,0.0,1
175.81,0.0,0.0,30.374217,130.959968,269.94,0.0,1
175.87,0.0,0.0,30.374217,130.959968,269.94,0.0,1
175.94,0.0,0.0,30.374217,130.959968,269.94,0.0,1
176.0,0.0,0.0,30.374217,130.959968,269.94,0.0,1
176.07,0.0,0.0,30.374217,130.959968,269.94,0.0,1
176.14,0.0,0.0,30.374217,130.959968,269.94,0.0,1
176.2,0.0,0.0,30.374217,130.959968,269.94,0.0,1
176.27,0.0,0.0,30.374217,130.959968,269.94,0.0,1
176.33,0.0,0.0,30.374217,130.959968,269.94,0.0,1
176.4,0.0,0.0,30.374217,130.959968,269.94,0.0,1
176.47,0.0,0.0,30.374217,130.959968,269.94,0.0,1
176.53,0.0,0.0,30.374217,130.959968,269.94,0.0,1
176.6,0.0,0.0,30.374217,130.959968,269.94,0.0,1
176.66,0.0,0.0,30.374217,130.959968,269.94,0.0,1
176.73,0.0,0.0,30.374217,130.959968,269.94,0.0,1
176.8,0.0,0.0,30.374217,130.959968,269.94,0.0,1
176.86,0.0,0.0,30.374217,130.959968,269.94,0.0,1
176.93,0.0,0.0,30.374217,130.959968,269.94,0.0,1
177.0,0.0,0.0,30.374217,130.959968,269.94,0.0,1
177.06,0.0,0.0,30.374217,130.959968,269.94,0.0,1
177.13,0.0,0.0,30.374217,130.959968,269.94,0.0,1
177.2,0.0,0.0,30.374217,130.959968,269.94,0.0,1
177.26,0.0,0.0,30.374217,130.959968,269.94,0.0,1
177.33,0.0,0.0,30.374217,130.959968,269.94,0.0,1
177.39,0.0,0.0,30.374217,130.959968,269.94,0.0,1
177.46,0.0,0.0,30.374217,130.959968,269.94,0.0,1
177.53,0.0,0.0,30.374217,130.959968,269.94,0.0,1
177.59,0.0,0.0,30.374217,130.959968,269.94,0.0,1
177.66,0.0,0.0,30.374217,130.959968,269.94,0.0,1
177.73,0.0,0.0,30.374217,130.959968,269.94,0.0,1
177.79,0.0,0.0,30.374217,130.959968,269.94,0.0,1
177.86,0.0,0.0,30.374217,130.959968,269.94,0.0,1
177.93,0.0,0.0,30.374217,130.959968,269.94,0.0,1
177.99,0.0,0.0,30.374217,130.959968,269.94,0.0,1
178.06,0.0,0.0,30.374217,130.959968,269.94,0.0,1
178.12,0.0,0.0,30.374217,130.959968,269.94,0.0,1
178.19,0.0,0.0,30.374217,130.959968,269.94,0.0,1
178.26,0.0,0.0,30.374217,130.959968,269.94,0.0,1
178.32,0.0,0.0,30.374217,130.959968,269.94,0.0,1
178.39,0.0,0.0,30.374217,130.959968,269.94,0.0,1
178.46,0.0,0.0,30.374217,130.959968,269.94,0.0,1
178.52,0.0,0.0,30.374217,130.959968,269.94,0.0,1
178.59,0.0,0.0,30.374217,130.959968,269.94,0.0,1
178.66,0.0,0.0,30.374217,130.959968,269.94,0.0,1
178.72,0.0,0.0,30.374217,130.959968,269.94,0.0,1
178.79,0.0,0.0,30.374217,130.959968,269.94,0.0,1
178.86,0.0,0.0,30.374217,130.959968,269.94,0.0,1
178.92,0.0,0.0,30.374217,130.959968,269.94,0.0,1
178.99,0.0,0.0,30.374217,130.959968,269.94,0.0,1
179.06,0.0,0.0,30.374217,130.959968,269.94,0.0,1
179.12,0.0,0.0,30.374217,130.959968,269.94,0.0,1
179.19,0.0,0.0,30.374217,130.959968,269.94,0.0,1
179.26,0.0,0.0,30.374217,130.959968,269.94,0.0,1
179.32,0.0,0.0,30.374217,130.959968,269.94,0.0,1
179.39,0.0,0.0,30.374217,130.959968,269.94,0.0,1
179.46,0.0,0.0,30.374217,130.959968,269.94,0.0,1
179.52,0.0,0.0,30.374217,130.959968,269.94,0.0,1
179.59,0.0,0.0,30.374217,130.959968,269.94,0.0,1
179.66,0.0,0.0,30.374217,130.959968,269.94,0.0,1
179.72,0.0,0.0,30.374217,130.959968,269.94,0.0,1
179.79,0.0,0.0,30.374217,130.959968,269.94,0.0,1
179.86,0.0,0.0,30.374217,130.959968,269.94,0.0,1
179.92,0.0,0.0,30.374217,130.959968,269.94,0.0,1
179.99,0.0,0.0,30.374217,130.959968,269.94,0.0,1
180.06,0.0,0.0,30.374217,130.959968,269.94,0.0,1
180.13,0.0,0.0,30.374217,130.959968,269.94,0.0,1
180.19,0.0,0.0,30.374217,130.959968,269.94,-400.0,1
180.26,0.0,0.0,30.374217,130.959968,269.94,-400.0,1
180.33,0.0,0.0,30.374217,130.959968,269.94,-400.0,1
180.4,0.0,0.0,30.374217,130.959968,269.94,-400.0,1
180.46,0.0,0.0,30.374217,130.959968,269.94,-400.0,1
180.53,0.0,0.0,30.374217,130.959968,269.94,-400.0,1
180.6,0.0,0.0,30.374217,130.959968,269.94,-400.0,1
180.66,0.0,0.0,30.374217,130.959968,269.94,-400.0,1
180.73,0.0,0.0,30.374217,130.959968,269.94,-400.0,1
180.79,0.0,0.0,30.374217,130.959968,269.94,-400.0,1
180.86,0.0,0.0,30.374217,130.959968,269.94,-400.0,1
180.93,0.0,0.0,30.374217,130.959968,269.94,-400.0,1
180.99,0.0,0.0,30.374217,130.959968,269.94,-400.0,1
181.06,0.0,0.0,30.374217,130.959968,269.94,-400.0,1
181.13,0.0,0.0,30.374217,130.959968,269.94,-400.0,1
181.19,0.0,0.0,30.374217,130.959968,269.94,-400.0,1
181.26,0.0,0.0,30.374217,130.959968,269.94,-400.0,1
181.32,0.0,0.0,30.374217,130.959968,269.94,-400.0,1
181.39,0.0,0.0,30.374217,130.959968,269.94,-400.0,1
181.46,0.0,0.0,30.374217,130.959968,269.94,-400.0,1
181.52,0.0,0.0,30.374217,130.959968,269.94,-400.0,1
181.59,0.0,0.0,30.374217,130.959968,269.94,-400.0,1
181.65,0.0,0.0,30.374217,130.959968,269.94,-400.0,1
181.72,0.0,0.0,30.374217,130.959968,269.94,-400.0,1
181.79,0.0,0.0,30.374217,130.959968,269.94,-400.0,1
181.85,0.0,0.0,30.374217,130.959968,269.94,-400.0,1
181.92,0.0,0.0,30.374217,130.959968,269.94,-400.0,1
181.98,0.0,0.0,30.374217,130.959968,269.94,-400.0,1
182.05,0.0,0.0,30.374217,130.959968,269.94,-400.0,1
182.12,0.0,0.0,30.374217,130.959968,269.94,-400.0,1
182.18,0.0,0.0,30.374217,130.959968,269.94,-400.0,1
182.25,0.0,0.0,30.374217,130.959968,269.94,-400.0,1
182.32,0.0,0.0,30.374217,130.959968,269.94,-400.0,1
182.38,0.0,0.0,30.374217,130.959968,269.94,-400.0,1
182.45,0.0,0.0,30.374217,130.959968,269.94,-400.0,1
182.52,0.0,0.0,30.374217,130.959968,269.94,-400.0,1
182.58,0.0,0.0,30.374217,130.959968,269.94,-400.0,1
182.65,0.0,0.0,30.374217,130.959968,269.94,-400.0,1
182.71,0.0,0.0,30.374217,130.959968,269.94,-400.0,1
182.78,0.0,0.0,30.374217,130.959968,269.94,-400.0,1
182.85,0.0,0.0,30.374217,130.959968,269.94,-400.0,1
182.91,0.0,0.0,30.374217,130.959968,269.94,-400.0,1
182.98,0.0,0.0,30.374217,130.959968,269.94,-400.0,1
183.05,0.0,0.0,30.374217,130.959968,269.94,-400.0,1
183.11,0.0,0.0,30.374217,130.959968,269.94,-400.0,1
183.18,0.0,0.0,30.374217,130.959968,269.94,-400.0,1
183.24,0.0,0.0,30.374217,130.959968,269.94,-400.0,1
183.31,0.0,0.0,30.374217,130.959968,269.94,-400.0,1
183.38,0.0,0.0,30.374217,130.959968,269.94,-400.0,1
183.44,0.0,0.0,30.374217,130.959968,269.94,-400.0,1
183.51,0.0,0.0,30.374217,130.959968,269.94,-400.0,1
183.58,0.0,0.0,30.374217,130.959968,269.94,-400.0,1
183.64,0.0,0.0,30.374217,130.959968,269.94,-400.0,1
183.71,0.0,0.0,30.374217,130.959968,269.94,-400.0,1
183.78,0.0,0.0,30.374217,130.959968,269.94,-400.0,1
183.84,0.0,0.0,30.374217,130.959968,269.94,-400.0,1
183.91,0.0,0.0,30.374217,130.959968,269.94,-400.0,1
183.98,0.0,0.0,30.374217,130.959968,269.94,-400.0,1
184.04,0.0,0.0,30.374217,130.959968,269.94,-400.0,1
184.11,0.0,0.0,30.374217,130.959968,269.94,-400.0,1
184.18,0.0,0.0,30.374217,130.959968,269.94,-400.0,1
184.24,0.0,0.0,30.374217,130.959968,269.94,-400.0,1
184.31,0.0,0.0,30.374217,130.959968,269.94,-400.0,1
184.37,0.0,0.0,30.374217,130.959968,269.94,-400.0,1
184.44,0.0,0.0,30.374217,130.959968,269.94,-400.0,1
184.51,0.0,0.0,30.374217,130.959968,269.94,-400.0,1
184.57,0.0,0.0,30.374217,130.959968,269.94,-400.0,1
184.64,0.0,0.0,30.374217,130.959968,269.94,-400.0,1
184.71,0.0,0.0,30.374217,130.959968,269.94,-400.0,1
184.77,0.0,0.0,30.374217,130.959968,269.94,-400.0,1
184.84,0.0,0.0,30.374217,130.959968,269.94,-400.0,1
184.91,0.0,0.0,30.374217,130.959968,269.94,-400.0,1
184.97,0.0,0.0,30.374217,130.959968,269.94,-400.0,1
185.04,0.0,0.0,30.374217,130.959968,269.94,-400.0,1
185.11,0.0,0.0,30.374217,130.959968,269.94,-400.0,1
185.17,0.0,0.0,30.374217,130.959968,269.94,-400.0,1
185.24,0.0,0.0,30.374217,130.959968,269.94,-400.0,1
185.3,0.0,0.0,30.374217,130.959968,269.94,-400.0,1
185.37,0.0,0.0,30.374217,130.959968,269.94,-400.0,1
185.44,0.0,0.0,30.374217,130.959968,269.94,-400.0,1
185.5,0.0,0.0,30.374217,130.959968,269.94,-400.0,1
185.57,0.0,0.0,30.374217,130.959968,269.94,-400.0,1
185.64,0.0,0.0,30.374217,130.959968,269.94,-400.0,1
185.7,0.0,0.0,30.374217,130.959968,269.94,-400.0,1
185.77,0.0,0.0,30.374217,130.959968,269.94,-400.0,1
185.84,0.0,0.0,30.374217,130.959968,269.94,-400.0,1
185.9,0.0,0.0,30.374217,130.959968,269.94,-400.0,1
185.97,0.0,0.0,30.374217,130.959968,269.94,-400.0,1
186.04,0.0,0.0,30.374217,130.959968,269.94,-400.0,1
186.1,0.0,0.0,30.374217,130.959968,269.94,-400.0,1
186.17,0.0,0.0,30.374217,130.959968,269.94,-400.0,1
186.24,0.0,0.0,30.374217,130.959968,269.94,-400.0,1
186.3,0.0,0.0,30.374217,130.959968,269.94,-400.0,1
186.37,0.0,0.0,30.374217,130.959968,269.94,-400.0,1
186.44,0.0,0.0,30.374217,130.959968,269.94,-400.0,1
186.5,0.0,0.0,30.374217,130.959968,269.94,-400.0,1
186.57,0.0,0.0,30.374217,130.959968,269.94,-400.0,1
186.64,0.0,0.0,30.374217,130.959968,269.94,-400.0,1
186.7,0.0,0.0,30.374217,130.959968,269.94,-400.0,1
186.78,0.0,0.0,30.374217,130.959968,269.94,-400.0,1
186.84,0.0,0.0,30.374217,130.959968,269.94,-400.0,1
186.91,0.0,0.0,30.374217,130.959968,269.94,-400.0,1
186.98,0.0,0.0,30.374217,130.959968,269.94,-400.0,1
187.04,0.0,0.0,30.374217,130.959968,269.94,-400.0,1
187.11,0.0,0.0,30.374217,130.959968,269.94,-400.0,1
187.17,0.0,0.0,30.374217,130.959968,269.94,-400.0,1
187.24,0.0,0.0,30.374217,130.959968,269.94,-400.0,1
187.31,0.0,0.0,30.374217,130.959968,269.94,-400.0,1
187.37,0.0,0.0,30.374217,130.959968,269.94,-400.0,1
187.44,0.0,0.0,30.374217,130.959968,269.94,-400.0,1
187.5,0.0,0.0,30.374217,130.959968,269.94,-400.0,1
187.57,0.0,0.0,30.374217,130.959968,269.94,-400.0,1
187.64,0.0,0.0,30.374217,130.959968,269.94,-400.0,1
187.7,0.0,0.0,30.374217,130.959968,269.94,-400.0,1
187.77,0.0,0.0,30.374217,130.959968,269.94,-400.0,1
187.84,0.0,0.0,30.374217,130.959968,269.94,-400.0,1
187.9,0.0,0.0,30.374217,130.959968,269.94,-400.0,1
187.97,0.0,0.0,30.374217,130.959968,269.94,-400.0,1
188.03,0.0,0.0,30.374217,130.959968,269.94,-400.0,1
188.1,0.0,0.0,30.374217,130.959968,269.94,-400.0,1
188.17,0.0,0.0,30.374217,130.959968,269.94,-400.0,1
188.23,0.0,0.0,30.374217,130.959968,269.94,-400.0,1
188.3,0.0,0.0,30.374217,130.959968,269.94,-400.0,1
188.37,0.0,0.0,30.374217,130.959968,269.94,-400.0,1
188.43,0.0,0.0,30.374217,130.959968,269.94,-400.0,1
188.5,0.0,0.0,30.374217,130.959968,269.94,-400.0,1
188.56,0.0,0.0,30.374217,130.959968,269.94,-400.0,1
188.63,0.0,0.0,30.374217,130.959968,269.94,-400.0,1
188.7,0.0,0.0,30.374217,130.959968,269.94,-400.0,1
188.76,0.0,0.0,30.374217,130.959968,269.94,-400.0,1
188.83,0.0,0.0,30.374217,130.959968,269.94,-400.0,1
188.9,0.0,0.0,30.374217,130.959968,269.94,-400.0,1
188.96,0.0,0.0,30.374217,130.959968,269.94,-400.0,1
189.03,0.0,0.0,30.374217,130.959968,269.94,-400.0,1
189.09,0.0,0.0,30.374217,130.959968,269.94,-400.0,1
189.16,0.0,0.0,30.374217,130.959968,269.94,-400.0,1
189.23,0.0,0.0,30.374217,130.959968,269.94,-400.0,1
189.3,0.0,0.0,30.374217,130.959968,269.94,-400.0,1
189.37,0.0,0.0,30.374217,130.959968,269.94,-400.0,1
189.43,0.0,0.0,30.374217,130.959968,269.94,-400.0,1
189.5,0.0,0.0,30.374217,130.959968,269.94,-400.0,1
189.57,0.0,0.0,30.374217,130.959968,269.94,-400.0,1
189.63,0.0,0.0,30.374217,130.959968,269.94,-400.0,1
189.7,0.0,0.0,30.374217,130.959968,269.94,-400.0,1
189.76,0.0,0.0,30.374217,130.959968,269.94,-400.0,1
189.83,0.0,0.0,30.374217,130.959968,269.94,-400.0,1
189.9,0.0,0.0,30.374217,130.959968,269.94,-400.0,1
189.96,0.0,0.0,30.374217,130.959968,269.94,-400.0,1
190.03,0.0,0.0,30.374217,130.959968,269.94,-400.0,1
190.09,0.0,0.0,30.374217,130.959968,269.94,-400.0,1
190.16,0.0,0.0,30.374217,130.959968,269.94,-400.0,1
190.23,0.0,0.0,30.374217,130.959968,269.94,-400.0,1
190.29,0.0,0.0,30.374217,130.959968,269.94,-400.0,1
190.36,0.0,0.0,30.374217,130.959968,269.94,-400.0,1
190.42,0.0,0.0,30.374217,130.959968,269.94,-400.0,1
190.49,0.0,0.0,30.374217,130.959968,269.94,-400.0,1
190.56,0.0,0.0,30.374217,130.959968,269.94,-400.0,1
190.62,0.0,0.0,30.374217,130.959968,269.94,-400.0,1
190.69,0.0,0.0,30.374217,130.959968,269.94,-400.0,1
190.76,0.0,0.0,30.374217,130.959968,269.94,-400.0,1
190.82,0.0,0.0,30.374217,130.959968,269.94,-400.0,1
190.89,0.0,0.0,30.374217,130.959968,269.94,-400.0,1
190.96,0.0,0.0,30.374217,130.959968,269.94,-400.0,1
191.02,0.0,0.0,30.374217,130.959968,269.94,-400.0,1
191.09,0.0,0.0,30.374217,130.959968,269.94,-400.0,1
191.15,0.0,0.0,30.374217,130.959968,269.94,-400.0,1
191.22,0.0,0.0,30.374217,130.959968,269.94,-400.0,1
191.29,0.0,0.0,30.374217,130.959968,269.94,-400.0,1
191.35,0.0,0.0,30.374217,130.959968,269.94,-400.0,1
191.42,0.0,0.0,30.374217,130.959968,269.94,-400.0,1
191.49,0.0,0.0,30.374217,130.959968,269.94,-400.0,1
191.55,0.0,0.0,30.374217,130.959968,269.94,-400.0,1
191.62,0.0,0.0,30.374217,130.959968,269.94,-400.0,1
191.69,0.0,0.0,30.374217,130.959968,269.94,-400.0,1
191.75,0.0,0.0,30.374217,130.959968,269.94,-400.0,1
191.82,0.0,0.0,30.374217,130.959968,269.94,-400.0,1
191.88,0.0,0.0,30.374217,130.959968,269.94,-400.0,1
191.95,0.0,0.0,30.374217,130.959968,269.94,-400.0,1
192.02,0.0,0.0,30.374217,130.959968,269.94,-400.0,1
192.08,0.0,0.0,30.374217,130.959968,269.94,-400.0,1
192.15,0.0,0.0,30.374217,130.959968,269.94,-400.0,1
192.22,0.0,0.0,30.374217,130.959968,269.94,-400.0,1
192.28,0.0,0.0,30.374217,130.959968,269.94,-400.0,1
192.35,0.0,0.0,30.374217,130.959968,269.94,-400.0,1
192.41,0.0,0.0,30.374217,130.959968,269.94,-400.0,1
192.48,0.0,0.0,30.374217,130.959968,269.94,-400.0,1
192.55,0.0,0.0,30.374217,130.959968,269.94,-400.0,1
192.61,0.0,0.0,30.374217,130.959968,269.94,-400.0,1
192.68,0.0,0.0,30.374217,130.959968,269.94,-400.0,1
192.75,0.0,0.0,30.374217,130.959968,269.94,-400.0,1
192.81,0.0,0.0,30.374217,130.959968,269.94,-400.0,1
192.88,0.0,0.0,30.374217,130.959968,269.94,-400.0,1
192.95,0.0,0.0,30.374217,130.959968,269.94,-400.0,1
193.01,0.0,0.0,30.374217,130.959968,269.94,-400.0,1
193.08,0.0,0.0,30.374217,130.959968,269.94,-400.0,1
193.15,0.0,0.0,30.374217,130.959968,269.94,-400.0,1
193.21,0.0,0.0,30.374217,130.959968,269.94,-400.0,1
193.28,0.0,0.0,30.374217,130.959968,269.94,-400.0,1
193.35,0.0,0.0,30.374217,130.959968,269.94,-400.0,1
193.41,0.0,0.0,30.374217,130.959968,269.94,-400.0,1
193.48,0.0,0.0,30.374217,130.959968,269.94,-400.0,1
193.55,0.0,0.0,30.374217,130.959968,269.94,-400.0,1
193.61,0.0,0.0,30.374217,130.959968,269.94,-400.0,1
193.68,0.0,0.0,30.374217,130.959968,269.94,-400.0,1
193.75,0.0,0.0,30.374217,130.959968,269.94,-400.0,1
193.81,0.0,0.0,30.374217,130.959968,269.94,-400.0,1
193.88,0.0,0.0,30.374217,130.959968,269.94,-400.0,1
193.95,0.0,0.0,30.374217,130.959968,269.94,-400.0,1
194.01,0.0,0.0,30.374217,130.959968,269.94,-400.0,1
194.08,0.0,0.0,30.374217,130.959968,269.94,-400.0,1
194.15,0.0,0.0,30.374217,130.959968,269.94,-400.0,1
194.21,0.0,0.0,30.374217,130.959968,269.94,-400.0,1
194.28,0.0,0.0,30.374217,130.959968,269.94,-400.0,1
194.35,0.0,0.0,30.374217,130.959968,269.94,-400.0,1
194.41,0.0,0.0,30.374217,130.959968,269.94,-400.0,1
194.48,0.0,0.0,30.374217,130.959968,269.94,-400.0,1
194.55,0.0,0.0,30.374217,130.959968,269.94,-400.0,1
194.61,0.0,0.0,30.374217,130.959968,269.94,-400.0,1
194.68,0.0,0.0,30.374217,130.959968,269.94,-400.0,1
194.75,0.0,0.0,30.374217,130.959968,269.94,-400.0,1
194.81,0.0,0.0,30.374217,130.959968,269.94,-400.0,1
194.88,0.0,0.0,30.374217,130.959968,269.94,-400.0,1
194.95,0.0,0.0,30.374217,130.959968,269.94,-400.0,1
195.01,0.0,0.0,30.374217,130.959968,269.94,-400.0,1
195.08,0.0,0.0,30.374217,130.959968,269.94,-400.0,1
195.15,0.0,0.0,30.374217,130.959968,269.94,-400.0,1
195.21,0.0,0.0,30.374217,130.959968,269.94,-400.0,1
195.28,0.0,0.0,30.374217,130.959968,269.94,-400.0,1
195.35,0.0,0.0,30.374217,130.959968,269.94,-400.0,1
195.41,0.0,0.0,30.374217,130.959968,269.94,-400.0,1
195.48,0.0,0.0,30.374217,130.959968,269.94,-400.0,1
195.55,0.0,0.0,30.374217,130.959968,269.94,-400.0,1
195.62,0.0,0.0,30.374217,130.959968,269.94,-400.0,1
195.68,0.0,0.0,30.374217,130.959968,269.94,-400.0,1
195.75,0.0,0.0,30.374217,130.959968,269.94,-400.0,1
195.82,0.0,0.0,30.374217,130.959968,269.94,-400.0,1
195.89,0.0,0.0,30.374217,130.959968,269.94,-400.0,1
195.95,0.0,0.0,30.374217,130.959968,269.94,-400.0,1
196.02,0.0,0.0,30.374217,130.959968,269.94,-400.0,1
196.09,0.0,0.0,30.374217,130.959968,269.94,-400.0,1
196.15,0.0,0.0,30.374217,130.959968,269.94,-400.0,1
196.22,0.0,0.0,30.374217,130.959968,269.94,-400.0,1
196.28,0.0,0.0,30.374217,130.959968,269.94,-400.0,1
196.35,0.0,0.0,30.374217,130.959968,269.94,-400.0,1
196.42,0.0,0.0,30.374217,130.959968,269.94,-400.0,1
196.48,0.0,0.0,30.374217,130.959968,269.94,-400.0,1
196.55,0.0,0.0,30.374217,130.959968,269.94,-400.0,1
196.61,0.0,0.0,30.374217,130.959968,269.94,-400.0,1
196.68,0.0,0.0,30.374217,130.959968,269.94,-400.0,1
196.75,0.0,0.0,30.374217,130.959968,269.94,-400.0,1
196.81,0.0,0.0,30.374217,130.959968,269.94,-400.0,1
196.88,0.0,0.0,30.374217,130.959968,269.94,-400.0,1
196.95,0.0,0.0,30.374217,130.959968,269.94,-400.0,1
197.01,0.0,0.0,30.374217,130.959968,269.94,-400.0,1
197.08,0.0,0.0,30.374217,130.959968,269.94,-400.0,1
197.14,0.0,0.0,30.374217,130.959968,269.94,-400.0,1
197.21,0.0,0.0,30.374217,130.959968,269.94,-400.0,1
197.28,0.0,0.0,30.374217,130.959968,269.94,-400.0,1
197.34,0.0,0.0,30.374217,130.959968,269.94,-400.0,1
197.41,0.0,0.0,30.374217,130.959968,269.94,-400.0,1
197.48,0.0,0.0,30.374217,130.959968,269.94,-400.0,1
197.54,0.0,0.0,30.374217,130.959968,269.94,-400.0,1
197.61,0.0,0.0,30.374217,130.959968,269.94,-400.0,1
197.67,0.0,0.0,30.374217,130.959968,269.94,-400.0,1
197.74,0.0,0.0,30.374217,130.959968,269.94,-400.0,1
197.81,0.0,0.0,30.374217,130.959968,269.94,-400.0,1
197.87,0.0,0.0,30.374217,130.959968,269.94,-400.0,1
197.94,0.0,0.0,30.374217,130.959968,269.94,-400.0,1
198.01,0.0,0.0,30.374217,130.959968,269.94,-400.0,1
198.07,0.0,0.0,30.374217,130.959968,269.94,-400.0,1
198.14,0.0,0.0,30.374217,130.959968,269.94,-400.0,1
198.2,0.0,0.0,30.374217,130.959968,269.94,-400.0,1
198.27,0.0,0.0,30.374217,130.959968,269.94,-400.0,1
198.34,0.0,0.0,30.374217,130.959968,269.94,-400.0,1
198.4,0.0,0.0,30.374217,130.959968,269.94,-400.0,1
198.47,0.0,0.0,30.374217,130.959968,269.94,-400.0,1
198.54,0.0,0.0,30.374217,130.959968,269.94,-400.0,1
198.6,0.0,0.0,30.374217,130.959968,269.94,-400.0,1
198.67,0.0,0.0,30.374217,130.959968,269.94,-400.0,1
198.74,0.0,0.0,30.374217,130.959968,269.94,-400.0,1
198.8,0.0,0.0,30.374217,130.959968,269.94,-400.0,1
198.87,0.0,0.0,30.374217,130.959968,269.94,-400.0,1
198.94,0.0,0.0,30.374217,130.959968,269.94,-400.0,1
199.0,0.0,0.0,30.374217,130.959968,269.94,-400.0,1
199.07,0.0,0.0,30.374217,130.959968,269.94,-400.0,1
199.14,0.0,0.0,30.374217,130.959968,269.94,-400.0,1
199.2,0.0,0.0,30.374217,130.959968,269.94,-400.0,1
199.27,0.0,0.0,30.374217,130.959968,269.94,-400.0,1
199.34,0.0,0.0,30.374217,130.959968,269.94,-400.0,1
199.4,0.0,0.0,30.374217,130.959968,269.94,-400.0,1
199.47,0.0,0.0,30.374217,130.959968,269.94,-400.0,1
199.53,0.0,0.0,30.374217,130.959968,269.94,-400.0,1
199.6,0.0,0.0,30.374217,130.959968,269.94,-400.0,1
199.67,0.0,0.0,30.374217,130.959968,269.94,-400.0,1
199.73,0.0,0.0,30.374217,130.959968,269.94,-400.0,1
199.8,0.0,0.0,30.374217,130.959968,269.94,-400.0,1
199.87,0.0,0.0,30.374217,130.959968,269.94,-400.0,1
199.93,0.0,0.0,30.374217,130.959968,269.94,-400.0,1
200.0,0.0,0.0,30.374217,130.959968,269.94,-400.0,1
200.07,0.0,0.0,30.374217,130.959968,269.94,-400.0,1
200.13,0.0,0.0,30.374217,130.959968,269.94,-400.0,1
200.2,0.0,0.0,30.374217,130.959968,269.94,-400.0,1
200.27,0.0,0.0,30.374217,130.959968,269.94,-400.0,1
200.33,0.0,0.0,30.374217,130.959968,269.94,-400.0,1
200.4,0.0,0.0,30.374217,130.959968,269.94,-400.0,1
200.47,0.0,0.0,30.374217,130.959968,269.94,-400.0,1
200.53,0.0,0.0,30.374217,130.959968,269.94,-400.0,1
200.6,0.0,0.0,30.374217,130.959968,269.94,-400.0,1
200.67,0.0,0.0,30.374217,130.959968,269.94,-400.0,1
200.73,0.0,0.0,30.374217,130.959968,269.94,-400.0,1
200.8,0.0,0.0,30.374217,130.959968,269.94,-400.0,1
200.87,0.0,0.0,30.374217,130.959968,269.94,-400.0,1
200.93,0.0,0.0,30.374217,130.959968,269.94,-400.0,1
201.0,0.0,0.0,30.374217,130.959968,269.94,-400.0,1
201.07,0.0,0.0,30.374217,130.959968,269.94,-400.0,1
201.13,0.0,0.0,30.374217,130.959968,269.94,-400.0,1
201.2,0.0,0.0,30.374217,130.959968,269.94,-400.0,1
201.27,0.0,0.0,30.374217,130.959968,269.94,-400.0,1
201.34,0.0,0.0,30.374217,130.959968,269.94,-400.0,1
201.4,0.0,0.0,30.374217,130.959968,269.94,-400.0,1
201.47,0.0,0.0,30.374217,130.959968,269.94,-400.0,1
201.54,0.0,0.0,30.374217,130.959968,269.94,-400.0,1
201.6,0.0,0.0,30.374217,130.959968,269.94,-400.0,1
201.67,0.0,0.0,30.374217,130.959968,269.94,-400.0,1
201.74,0.0,0.0,30.374217,130.959968,269.94,-400.0,1
201.8,0.0,0.0,30.374217,130.959968,269.94,-400.0,1
201.87,0.0,0.0,30.374217,130.959968,269.94,-400.0,1
201.94,0.0,0.0,30.374217,130.959968,269.94,-400.0,1
202.0,0.0,0.0,30.374217,130.959968,269.94,-400.0,1
202.07,0.0,0.0,30.374217,130.959968,269.94,-400.0,1
202.14,0.0,0.0,30.374217,130.959968,269.94,-400.0,1
202.2,0.0,0.0,30.374217,130.959968,269.94,-400.0,1
202.27,0.0,0.0,30.374217,130.959968,269.94,-400.0,1
202.35,0.0,0.0,30.374217,130.959968,269.94,-400.0,1
202.41,0.0,0.0,30.374217,130.959968,269.94,-400.0,1
202.48,0.0,0.0,30.374217,130.959968,269.94,-400.0,1
202.55,0.0,0.0,30.374217,130.959968,269.94,-400.0,1
202.61,0.0,0.0,30.374217,130.959968,269.94,-400.0,1
202.68,0.0,0.0,30.374217,130.959968,269.94,-400.0,1
202.74,0.0,0.0,30.374217,130.959968,269.94,-400.0,1
202.81,0.0,0.0,30.374217,130.959968,269.94,-400.0,1
202.88,0.0,0.0,30.374217,130.959968,269.94,-400.0,1
202.94,0.0,0.0,30.374217,130.959968,269.94,-400.0,1
203.01,0.0,0.0,30.374217,130.959968,269.94,-400.0,1
203.07,0.0,0.0,30.374217,130.959968,269.94,-400.0,1
203.14,0.0,0.0,30.374217,130.959968,269.94,-400.0,1
203.21,0.0,0.0,30.374217,130.959968,269.94,-400.0,1
203.27,0.0,0.0,30.374217,130.959968,269.94,-400.0,1
203.34,0.0,0.0,30.374217,130.959968,269.94,-400.0,1
203.41,0.0,0.0,30.374217,130.959968,269.94,-400.0,1
203.47,0.0,0.0,30.374217,130.959968,269.94,-400.0,1
203.54,0.0,0.0,30.374217,130.959968,269.94,-400.0,1
203.6,0.0,0.0,30.374217,130.959968,269.94,-400.0,1
203.67,0.0,0.0,30.374217,130.959968,269.94,-400.0,1
203.74,0.0,0.0,30.374217,130.959968,269.94,-400.0,1
203.8,0.0,0.0,30.374217,130.959968,269.94,-400.0,1
203.87,0.0,0.0,30.374217,130.959968,269.94,-400.0,1
203.93,0.0,0.0,30.374217,130.959968,269.94,-400.0,1
204.0,0.0,0.0,30.374217,130.959968,269.94,-400.0,1
204.07,0.0,0.0,30.374217,130.959968,269.94,-400.0,1
204.13,0.0,0.0,30.374217,130.959968,269.94,-400.0,1
204.2,0.0,0.0,30.374217,130.959968,269.94,-400.0,1
204.27,0.0,0.0,30.374217,130.959968,269.94,-400.0,1
204.33,0.0,0.0,30.374217,130.959968,269.94,-400.0,1
204.4,0.0,0.0,30.374217,130.959968,269.94,-400.0,1
204.46,0.0,0.0,30.374217,130.959968,269.94,-400.0,1
204.53,0.0,0.0,30.374217,130.959968,269.94,-400.0,1
204.6,0.0,0.0,30.374217,130.959968,269.94,-400.0,1
204.66,0.0,0.0,30.374217,130.959968,269.94,-400.0,1
204.73,0.0,0.0,30.374217,130.959968,269.94,-400.0,1
204.8,0.0,0.0,30.374217,130.959968,269.94,-400.0,1
204.86,0.0,0.0,30.374217,130.959968,269.94,-400.0,1
204.93,0.0,0.0,30.374217,130.959968,269.94,-400.0,1
204.99,0.0,0.0,30.374217,130.959968,269.94,-400.0,1
205.06,0.0,0.0,30.374217,130.959968,269.94,-400.0,1
205.13,0.0,0.0,30.374217,130.959968,269.94,-400.0,1
205.19,0.0,0.0,30.374217,130.959968,269.94,-400.0,1
205.26,0.0,0.0,30.374217,130.959968,269.94,-400.0,1
205.33,0.0,0.0,30.374217,130.959968,269.94,-400.0,1
205.39,0.0,0.0,30.374217,130.959968,269.94,-400.0,1
205.46,0.0,0.0,30.374217,130.959968,269.94,-400.0,1
205.53,0.0,0.0,30.374217,130.959968,269.94,-400.0,1
205.59,0.0,0.0,30.374217,130.959968,269.94,-400.0,1
205.66,0.0,0.0,30.374217,130.959968,269.94,-400.0,1
205.73,0.0,0.0,30.374217,130.959968,269.94,-400.0,1
205.79,0.0,0.0,30.374217,130.959968,269.94,-400.0,1
205.86,0.0,0.0,30.374217,130.959968,269.94,-400.0,1
205.92,0.0,0.0,30.374217,130.959968,269.94,-400.0,1
205.99,0.0,0.0,30.374217,130.959968,269.94,-400.0,1
206.06,0.0,0.0,30.374217,130.959968,269.94,-400.0,1
206.13,0.0,0.0,30.374217,130.959968,269.94,-400.0,1
206.19,0.0,0.0,30.374217,130.959968,269.94,-400.0,1
206.26,0.0,0.0,30.374217,130.959968,269.94,-400.0,1
206.32,0.0,0.0,30.374217,130.959968,269.94,-400.0,1
206.39,0.0,0.0,30.374217,130.959968,269.94,-400.0,1
206.46,0.0,0.0,30.374217,130.959968,269.94,-400.0,1
206.52,0.0,0.0,30.374217,130.959968,269.94,-400.0,1
206.59,0.0,0.0,30.374217,130.959968,269.94,-400.0,1
206.66,0.0,0.0,30.374217,130.959968,269.94,-400.0,1
206.72,0.0,0.0,30.374217,130.959968,269.94,-400.0,1
206.79,0.0,0.0,30.374217,130.959968,269.94,-400.0,1
206.86,0.0,0.0,30.374217,130.959968,269.94,-400.0,1
206.92,0.0,0.0,30.374217,130.959968,269.94,-400.0,1
206.99,0.0,0.0,30.374217,130.959968,269.94,-400.0,1
207.06,0.0,0.0,30.374217,130.959968,269.94,-400.0,1
207.12,0.0,0.0,30.374217,130.959968,269.94,-400.0,1
207.19,0.0,0.0,30.374217,130.959968,269.94,-400.0,1
207.26,0.0,0.0,30.374217,130.959968,269.94,-400.0,1
207.32,0.0,0.0,30.374217,130.959968,269.94,-400.0,1
207.39,0.0,0.0,30.374217,130.959968,269.94,-400.0,1
207.46,0.0,0.0,30.374217,130.959968,269.94,-400.0,1
207.52,0.0,0.0,30.374217,130.959968,269.94,-400.0,1
207.59,0.0,0.0,30.374217,130.959968,269.94,-400.0,1
207.66,0.0,0.0,30.374217,130.959968,269.94,-400.0,1
207.72,0.0,0.0,30.374217,130.959968,269.94,-400.0,1
207.79,0.0,0.0,30.374217,130.959968,269.94,-400.0,1
207.86,0.0,0.0,30.374217,130.959968,269.94,-400.0,1
207.92,0.0,0.0,30.374217,130.959968,269.94,-400.0,1
207.99,0.0,0.0,30.374217,130.959968,269.94,-400.0,1
208.06,0.0,0.0,30.374217,130.959968,269.94,-400.0,1
208.13,0.0,0.0,30.374217,130.959968,269.94,-400.0,1
208.19,0.0,0.0,30.374217,130.959968,269.94,-400.0,1
208.26,0.0,0.0,30.374217,130.959968,269.94,-400.0,1
208.33,0.0,0.0,30.374217,130.959968,269.94,-400.0,1
208.39,0.0,0.0,30.374217,130.959968,269.94,-400.0,1
208.46,0.0,0.0,30.374217,130.959968,269.94,-400.0,1
208.53,0.0,0.0,30.374217,130.959968,269.94,-400.0,1
208.59,0.0,0.0,30.374217,130.959968,269.94,-400.0,1
208.66,0.0,0.0,30.374217,130.959968,269.94,-400.0,1
208.73,0.0,0.0,30.374217,130.959968,269.94,-400.0,1
208.79,0.0,0.0,30.374217,130.959968,269.94,-400.0,1
208.86,0.0,0.0,30.374217,130.959968,269.94,-400.0,1
208.93,0.0,0.0,30.374217,130.959968,269.94,-400.0,1
209.0,0.0,0.0,30.374217,130.959968,269.94,-400.0,1
209.07,0.0,0.0,30.374217,130.959968,269.94,-400.0,1
209.13,0.0,0.0,30.374217,130.959968,269.94,-400.0,1
209.2,0.0,0.0,30.374217,130.959968,269.94,-400.0,1
209.27,0.0,0.0,30.374217,130.959968,269.94,-400.0,1
209.33,0.0,0.0,30.374217,130.959968,269.94,-400.0,1
209.4,0.0,0.0,30.374217,130.959968,269.94,-400.0,1
209.46,0.0,0.0,30.374217,130.959968,269.94,-400.0,1
209.53,0.0,0.0,30.374217,130.959968,269.94,-400.0,1
209.6,0.0,0.0,30.374217,130.959968,269.94,-400.0,1
209.66,0.0,0.0,30.374217,130.959968,269.94,-400.0,1
209.73,0.0,0.0,30.374217,130.959968,269.94,-400.0,1
209.79,0.0,0.0,30.374217,130.959968,269.94,-400.0,1
209.86,0.0,0.0,30.374217,130.959968,269.94,-400.0,1
209.93,0.0,0.0,30.374217,130.959968,269.94,-400.0,1
209.99,0.0,0.0,30.374217,130.959968,269.94,-400.0,1
210.06,0.0,0.0,30.374217,130.959968,269.94,-400.0,1
210.13,0.0,0.0,30.374217,130.959968,269.94,-400.0,1
210.19,0.0,0.0,30.374217,130.959968,269.94,-400.0,1
210.26,0.0,0.0,30.374217,130.959968,269.94,-400.0,1
210.32,0.0,0.0,30.374217,130.959968,269.94,-400.0,1
210.39,0.0,0.0,30.374217,130.959968,269.94,-400.0,1
210.46,0.0,0.0,30.374217,130.959968,269.94,-400.0,1
210.52,0.0,0.0,30.374217,130.959968,269.94,-400.0,1
210.59,0.0,0.0,30.374217,130.959968,269.94,-400.0,1
210.66,0.0,0.0,30.374217,130.959968,269.94,-400.0,1
210.72,0.0,0.0,30.374217,130.959968,269.94,-400.0,1
210.79,0.0,0.0,30.374217,130.959968,269.94,-400.0,1
210.85,0.0,0.0,30.374217,130.959968,269.94,-400.0,1
210.92,0.0,0.0,30.374217,130.959968,269.94,-400.0,1
210.99,0.0,0.0,30.374217,130.959968,269.94,-400.0,1
211.05,0.0,0.0,30.374217,130.959968,269.94,-400.0,1
211.12,0.0,0.0,30.374217,130.959968,269.94,-400.0,1
211.19,0.0,0.0,30.374217,130.959968,269.94,-400.0,1
211.25,0.0,0.0,30.374217,130.959968,269.94,-400.0,1
211.32,0.0,0.0,30.374217,130.959968,269.94,-400.0,1
211.38,0.0,0.0,30.374217,130.959968,269.94,-400.0,1
211.45,0.0,0.0,30.374217,130.959968,269.94,-400.0,1
211.52,0.0,0.0,30.374217,130.959968,269.94,-400.0,1
211.58,0.0,0.0,30.374217,130.959968,269.94,-400.0,1
211.65,0.0,0.0,30.374217,130.959968,269.94,-400.0,1
211.72,0.0,0.0,30.374217,130.959968,269.94,-400.0,1
211.78,0.0,0.0,30.374217,130.959968,269.94,-400.0,1
211.85,0.0,0.0,30.374217,130.959968,269.94,-400.0,1
211.92,0.0,0.0,30.374217,130.959968,269.94,-400.0,1
211.98,0.0,0.0,30.374217,130.959968,269.94,-400.0,1
212.05,0.0,0.0,30.374217,130.959968,269.94,-400.0,1
212.12,0.0,0.0,30.374217,130.959968,269.94,-400.0,1
212.18,0.0,0.0,30.374217,130.959968,269.94,-400.0,1
212.25,0.0,0.0,30.374217,130.959968,269.94,-400.0,1
212.32,0.0,0.0,30.374217,130.959968,269.94,-400.0,1
212.38,0.0,0.0,30.374217,130.959968,269.94,-400.0,1
212.45,0.0,0.0,30.374217,130.959968,269.94,-400.0,1
212.52,0.0,0.0,30.374217,130.959968,269.94,-400.0,1
212.58,0.0,0.0,30.374217,130.959968,269.94,-400.0,1
212.65,0.0,0.0,30.374217,130.959968,269.94,-400.0,1
212.72,0.0,0.0,30.374217,130.959968,269.94,-400.0,1
212.78,0.0,0.0,30.374217,130.959968,269.94,-400.0,1
212.85,0.0,0.0,30.374217,130.959968,269.94,-400.0,1
212.92,0.0,0.0,30.374217,130.959968,269.94,-400.0,1
212.98,0.0,0.0,30.374217,130.959968,269.94,-400.0,1
213.05,0.0,0.0,30.374217,130.959968,269.94,-400.0,1
213.11,0.0,0.0,30.374217,130.959968,269.94,-400.0,1
213.18,0.0,0.0,30.374217,130.959968,269.94,-400.0,1
213.25,0.0,0.0,30.374217,130.959968,269.94,-400.0,1
213.31,0.0,0.0,30.374217,130.959968,269.94,-400.0,1
213.38,0.0,0.0,30.374217,130.959968,269.94,-400.0,1
213.44,0.0,0.0,30.374217,130.959968,269.94,-400.0,1
213.51,0.0,0.0,30.374217,130.959968,269.94,-400.0,1
213.58,0.0,0.0,30.374217,130.959968,269.94,-400.0,1
213.64,0.0,0.0,30.374217,130.959968,269.94,-400.0,1
213.71,0.0,0.0,30.374217,130.959968,269.94,-400.0,1
213.78,0.0,0.0,30.374217,130.959968,269.94,-400.0,1
213.84,0.0,0.0,30.374217,130.959968,269.94,-400.0,1
213.91,0.0,0.0,30.374217,130.959968,269.94,-400.0,1
213.97,0.0,0.0,30.374217,130.959968,269.94,-400.0,1
214.04,0.0,0.0,30.374217,130.959968,269.94,-400.0,1
214.11,0.0,0.0,30.374217,130.959968,269.94,-400.0,1
214.17,0.0,0.0,30.374217,130.959968,269.94,-400.0,1
214.24,0.0,0.0,30.374217,130.959968,269.94,-400.0,1
214.31,0.0,0.0,30.374217,130.959968,269.94,-400.0,1
214.37,0.0,0.0,30.374217,130.959968,269.94,-400.0,1
214.44,0.0,0.0,30.374217,130.959968,269.94,-400.0,1
214.5,0.0,0.0,30.374217,130.959968,269.94,-400.0,1
214.57,0.0,0.0,30.374217,130.959968,269.94,-400.0,1
214.64,0.0,0.0,30.374217,130.959968,269.94,-400.0,1
214.7,0.0,0.0,30.374217,130.959968,269.94,-400.0,1
214.77,0.0,0.0,30.374217,130.959968,269.94,-400.0,1
214.83,0.0,0.0,30.374217,130.959968,269.94,-400.0,1
214.9,0.0,0.0,30.374217,130.959968,269.94,-400.0,1
214.97,0.0,0.0,30.374217,130.959968,269.94,-400.0,1
215.03,0.0,0.0,30.374217,130.959968,269.94,-400.0,1
215.1,0.0,0.0,30.374217,130.959968,269.94,-400.0,1
215.16,0.0,0.0,30.374217,130.959968,269.94,-400.0,1
215.23,0.0,0.0,30.374217,130.959968,269.94,-400.0,1
215.29,0.0,0.0,30.374217,130.959968,269.94,-400.0,1
215.36,0.0,0.0,30.374217,130.959968,269.94,-400.0,1
215.43,0.0,0.0,30.374217,130.959968,269.94,-400.0,1
215.49,0.0,0.0,30.374217,130.959968,269.94,-400.0,1
215.56,0.0,0.0,30.374217,130.959968,269.94,-400.0,1
215.63,0.0,0.0,30.374217,130.959968,269.94,-400.0,1
215.7,0.0,0.0,30.374217,130.959968,269.94,-400.0,1
215.76,0.0,0.0,30.374217,130.959968,269.94,-400.0,1
215.83,0.0,0.0,30.374217,130.959968,269.94,-400.0,1
215.89,0.0,0.0,30.374217,130.959968,269.94,-400.0,1
215.96,0.0,0.0,30.374217,130.959968,269.94,-400.0,1
216.02,0.0,0.0,30.374217,130.959968,269.94,-400.0,1
216.09,0.0,0.0,30.374217,130.959968,269.94,-400.0,1
216.16,0.0,0.0,30.374217,130.959968,269.94,-400.0,1
216.22,0.0,0.0,30.374217,130.959968,269.94,-400.0,1
216.29,0.0,0.0,30.374217,130.959968,269.94,-400.0,1
216.35,0.0,0.0,30.374217,130.959968,269.94,-400.0,1
216.42,0.0,0.0,30.374217,130.959968,269.94,-400.0,1
216.48,0.0,0.0,30.374217,130.959968,269.94,-400.0,1
216.55,0.0,0.0,30.374217,130.959968,269.94,-400.0,1
216.61,0.0,0.0,30.374217,130.959968,269.94,-400.0,1
216.68,0.0,0.0,30.374217,130.959968,269.94,-400.0,1
216.75,0.0,0.0,30.374217,130.959968,269.94,-400.0,1
216.81,0.0,0.0,30.374217,130.959968,269.94,-400.0,1
216.88,0.0,0.0,30.374217,130.959968,269.94,-400.0,1
216.94,0.0,0.0,30.374217,130.959968,269.94,-400.0,1
217.01,0.0,0.0,30.374217,130.959968,269.94,-400.0,1
217.08,0.0,0.0,30.374217,130.959968,269.94,-400.0,1
217.14,0.0,0.0,30.374217,130.959968,269.94,-400.0,1
217.21,0.0,0.0,30.374217,130.959968,269.94,-400.0,1
217.27,0.0,0.0,30.374217,130.959968,269.94,-400.0,1
217.34,0.0,0.0,30.374217,130.959968,269.94,-400.0,1
217.4,0.0,0.0,30.374217,130.959968,269.94,-400.0,1
217.47,0.0,0.0,30.374217,130.959968,269.94,-400.0,1
217.54,0.0,0.0,30.374217,130.959968,269.94,-400.0,1
217.6,0.0,0.0,30.374217,130.959968,269.94,-400.0,1
217.67,0.0,0.0,30.374217,130.959968,269.94,-400.0,1
217.74,0.0,0.0,30.374217,130.959968,269.94,-400.0,1
217.8,0.0,0.0,30.374217,130.959968,269.94,-400.0,1
217.87,0.0,0.0,30.374217,130.959968,269.94,-400.0,1
217.94,0.0,0.0,30.374217,130.959968,269.94,-400.0,1
218.0,0.0,0.0,30.374217,130.959968,269.94,-400.0,1
218.07,0.0,0.0,30.374217,130.959968,269.94,-400.0,1
218.14,0.0,0.0,30.374217,130.959968,269.94,-400.0,1
218.2,0.0,0.0,30.374217,130.959968,269.94,-400.0,1
218.27,0.0,0.0,30.374217,130.959968,269.94,-400.0,1
218.34,0.0,0.0,30.374217,130.959968,269.94,-400.0,1
218.4,0.0,0.0,30.374217,130.959968,269.94,-400.0,1
218.47,0.0,0.0,30.374217,130.959968,269.94,-400.0,1
218.54,0.0,0.0,30.374217,130.959968,269.94,-400.0,1
218.6,0.0,0.0,30.374217,130.959968,269.94,-400.0,1
218.67,0.0,0.0,30.374217,130.959968,269.94,-400.0,1
218.74,0.0,0.0,30.374217,130.959968,269.94,-400.0,1
218.8,0.0,0.0,30.374217,130.959968,269.94,-400.0,1
218.87,0.0,0.0,30.374217,130.959968,269.94,-400.0,1
218.94,0.0,0.0,30.374217,130.959968,269.94,-400.0,1
219.0,0.0,0.0,30.374217,130.959968,269.94,-400.0,1
219.07,0.0,0.0,30.374217,130.959968,269.94,-400.0,1
219.14,0.0,0.0,30.374217,130.959968,269.94,-400.0,1
219.2,0.0,0.0,30.374217,130.959968,269.94,-400.0,1
219.27,0.0,0.0,30.374217,130.959968,269.94,-400.0,1
219.34,0.0,0.0,30.374217,130.959968,269.94,-400.0,1
219.4,0.0,0.0,30.374217,130.959968,269.94,-400.0,1
219.47,0.0,0.0,30.374217,130.959968,269.94,-400.0,1
219.54,0.0,0.0,30.374217,130.959968,269.94,-400.0,1
219.6,0.0,0.0,30.374217,130.959968,269.94,-400.0,1
219.67,0.0,0.0,30.374217,130.959968,269.94,-400.0,1
219.74,0.0,0.0,30.374217,130.959968,269.94,-400.0,1
219.8,0.0,0.0,30.374217,130.959968,269.94,-400.0,1
219.87,0.0,0.0,30.374217,130.959968,269.94,-400.0,1
219.94,0.0,0.0,30.374217,130.959968,269.94,-400.0,1
220.0,0.0,0.0,30.374217,130.959968,269.94,-400.0,1
220.07,0.0,0.0,30.374217,130.959968,269.94,-400.0,1
220.14,0.0,0.0,30.374217,130.959968,269.94,-400.0,1
220.2,0.0,0.0,30.374217,130.959968,269.94,-400.0,1
220.27,0.0,0.0,30.374217,130.959968,269.94,-400.0,1
220.34,0.0,0.0,30.374217,130.959968,269.94,-400.0,1
220.4,0.0,0.0,30.374217,130.959968,269.94,-400.0,1
220.47,0.0,0.0,30.374217,130.959968,269.94,-400.0,1
220.54,0.0,0.0,30.374217,130.959968,269.94,-400.0,1
220.6,0.0,0.0,30.374217,130.959968,269.94,-400.0,1
220.67,0.0,0.0,30.374217,130.959968,269.94,-400.0,1
220.74,0.0,0.0,30.374217,130.959968,269.94,-400.0,1
220.8,0.0,0.0,30.374217,130.959968,269.94,-400.0,1
220.87,0.0,0.0,30.374217,130.959968,269.94,-400.0,1
220.94,0.0,0.0,30.374217,130.959968,269.94,-400.0,1
221.0,0.0,0.0,30.374217,130.959968,269.94,-400.0,1
221.07,0.0,0.0,30.374217,130.959968,269.94,-400.0,1
221.14,0.0,0.0,30.374217,130.959968,269.94,-400.0,1
221.2,0.0,0.0,30.374217,130.959968,269.94,-400.0,1
221.27,0.0,0.0,30.374217,130.959968,269.94,-400.0,1
221.34,0.0,0.0,30.374217,130.959968,269.94,-400.0,1
221.4,0.0,0.0,30.374217,130.959968,269.94,-400.0,1
221.47,0.0,0.0,30.374217,130.959968,269.94,-400.0,1
221.54,0.0,0.0,30.374217,130.959968,269.94,-400.0,1
221.6,0.0,0.0,30.374217,130.959968,269.94,-400.0,1
221.67,0.0,0.0,30.374217,130.959968,269.94,-400.0,1
221.74,0.0,0.0,30.374217,130.959968,269.94,-400.0,1
221.8,0.0,0.0,30.374217,130.959968,269.94,-400.0,1
221.87,0.0,0.0,30.374217,130.959968,269.94,-400.0,1
221.94,0.0,0.0,30.374217,130.959968,269.94,-400.0,1
222.01,0.0,0.0,30.374217,130.959968,269.94,-400.0,1
222.07,0.0,0.0,30.374217,130.959968,269.94,-400.0,1
222.15,0.0,0.0,30.374217,130.959968,269.94,-400.0,1
222.21,0.0,0.0,30.374217,130.959968,269.94,-400.0,1
222.28,0.0,0.0,30.374217,130.959968,269.94,-400.0,1
222.34,0.0,0.0,30.374217,130.959968,269.94,-400.0,1
222.41,0.0,0.0,30.374217,130.959968,269.94,-400.0,1
222.48,0.0,0.0,30.374217,130.959968,269.94,-400.0,1
222.54,0.0,0.0,30.374217,130.959968,269.94,-400.0,1
222.61,0.0,0.0,30.374217,130.959968,269.94,-400.0,1
222.68,0.0,0.0,30.374217,130.959968,269.94,-400.0,1
222.74,0.0,0.0,30.374217,130.959968,269.94,-400.0,1
222.81,0.0,0.0,30.374217,130.959968,269.94,-400.0,1
222.87,0.0,0.0,30.374217,130.959968,269.94,-400.0,1
222.94,0.0,0.0,30.374217,130.959968,269.94,-400.0,1
223.01,0.0,0.0,30.374217,130.959968,269.94,-400.0,1
223.07,0.0,0.0,30.374217,130.959968,269.94,-400.0,1
223.15,0.0,0.0,30.374217,130.959968,269.94,-400.0,1
223.21,0.0,0.0,30.374217,130.959968,269.94,-400.0,1
223.28,0.0,0.0,30.374217,130.959968,269.94,-400.0,1
223.35,0.0,0.0,30.374217,130.959968,269.94,-400.0,1
223.41,0.0,0.0,30.374217,130.959968,269.94,-400.0,1
223.48,0.0,0.0,30.374217,130.959968,269.94,-400.0,1
223.55,0.0,0.0,30.374217,130.959968,269.94,-400.0,1
223.61,0.0,0.0,30.374217,130.959968,269.94,-400.0,1
223.68,0.0,0.0,30.374217,130.959968,269.94,-400.0,1
223.74,0.0,0.0,30.374217,130.959968,269.94,-400.0,1
223.81,0.0,0.0,30.374217,130.959968,269.94,-400.0,1
223.88,0.0,0.0,30.374217,130.959968,269.94,-400.0,1
223.94,0.0,0.0,30.374217,130.959968,269.94,-400.0,1
224.01,0.0,0.0,30.374217,130.959968,269.94,-400.0,1
224.08,0.0,0.0,30.374217,130.959968,269.94,-400.0,1
224.14,0.0,0.0,30.374217,130.959968,269.94,-400.0,1
224.21,0.0,0.0,30.374217,130.959968,269.94,-400.0,1
224.28,0.0,0.0,30.374217,130.959968,269.94,-400.0,1
224.34,0.0,0.0,30.374217,130.959968,269.94,-400.0,1
224.41,0.0,0.0,30.374217,130.959968,269.94,-400.0,1
224.48,0.0,0.0,30.374217,130.959968,269.94,-400.0,1
224.54,0.0,0.0,30.374217,130.959968,269.94,-400.0,1
224.61,0.0,0.0,30.374217,130.959968,269.94,-400.0,1
224.67,0.0,0.0,30.374217,130.959968,269.94,-400.0,1
224.74,0.0,0.0,30.374217,130.959968,269.94,-400.0,1
224.81,0.0,0.0,30.374217,130.959968,269.94,-400.0,1
224.87,0.0,0.0,30.374217,130.959968,269.94,-400.0,1
224.94,0.0,0.0,30.374217,130.959968,269.94,-400.0,1
225.01,0.0,0.0,30.374217,130.959968,269.94,-400.0,1
225.07,0.0,0.0,30.374217,130.959968,269.94,-400.0,1
225.14,0.0,0.0,30.374217,130.959968,269.94,-400.0,1
225.21,0.0,0.0,30.374217,130.959968,269.94,-400.0,1
225.27,0.0,0.0,30.374217,130.959968,269.94,-400.0,1
225.34,0.0,0.0,30.374217,130.959968,269.94,-400.0,1
225.4,0.0,0.0,30.374217,130.959968,269.94,-400.0,1
225.47,0.0,0.0,30.374217,130.959968,269.94,-400.0,1
225.54,0.0,0.0,30.374217,130.959968,269.94,-400.0,1
225.6,0.0,0.0,30.374217,130.959968,269.94,-400.0,1
225.67,0.0,0.0,30.374217,130.959968,269.94,-400.0,1
225.74,0.0,0.0,30.374217,130.959968,269.94,-400.0,1
225.8,0.0,0.0,30.374217,130.959968,269.94,-400.0,1
225.87,0.0,0.0,30.374217,130.959968,269.94,-400.0,1
225.93,0.0,0.0,30.374217,130.959968,269.94,-400.0,1
226.0,0.0,0.0,30.374217,130.959968,269.94,-400.0,1
226.07,0.0,0.0,30.374217,130.959968,269.94,-400.0,1
226.14,0.0,0.0,30.374217,130.959968,269.94,-400.0,1
226.2,0.0,0.0,30.374217,130.959968,269.94,-400.0,1
226.27,0.0,0.0,30.374217,130.959968,269.94,-400.0,1
226.33,0.0,0.0,30.374217,130.959968,269.94,-400.0,1
226.4,0.0,0.0,30.374217,130.959968,269.94,-400.0,1
226.47,0.0,0.0,30.374217,130.959968,269.94,-400.0,1
226.53,0.0,0.0,30.374217,130.959968,269.94,-400.0,1
226.6,0.0,0.0,30.374217,130.959968,269.94,-400.0,1
226.67,0.0,0.0,30.374217,130.959968,269.94,-400.0,1
226.74,0.0,0.0,30.374217,130.959968,269.94,-400.0,1
226.8,0.0,0.0,30.374217,130.959968,269.94,-400.0,1
226.87,0.0,0.0,30.374217,130.959968,269.94,-400.0,1
226.94,0.0,0.0,30.374217,130.959968,269.94,-400.0,1
227.0,0.0,0.0,30.374217,130.959968,269.94,-400.0,1
227.07,0.0,0.0,30.374217,130.959968,269.94,-400.0,1
227.14,0.0,0.0,30.374217,130.959968,269.94,-400.0,1
227.2,0.0,0.0,30.374217,130.959968,269.94,-400.0,1
227.27,0.0,0.0,30.374217,130.959968,269.94,-400.0,1
227.34,0.0,0.0,30.374217,130.959968,269.94,-400.0,1
227.4,0.0,0.0,30.374217,130.959968,269.94,-400.0,1
227.47,0.0,0.0,30.374217,130.959968,269.94,-400.0,1
227.54,0.0,0.0,30.374217,130.959968,269.94,-400.0,1
227.6,0.0,0.0,30.374217,130.959968,269.94,-400.0,1
227.67,0.0,0.0,30.374217,130.959968,269.94,-400.0,1
227.74,0.0,0.0,30.374217,130.959968,269.94,-400.0,1
227.8,0.0,0.0,30.374217,130.959968,269.94,-400.0,1
227.87,0.0,0.0,30.374217,130.959968,269.94,-400.0,1
227.94,0.0,0.0,30.374217,130.959968,269.94,-400.0,1
228.0,0.0,0.0,30.374217,130.959968,269.94,-400.0,1
228.07,0.0,0.0,30.374217,130.959968,269.94,-400.0,1
228.14,0.0,0.0,30.374217,130.959968,269.94,-400.0,1
228.2,0.0,0.0,30.374217,130.959968,269.94,-400.0,1
228.27,0.0,0.0,30.374217,130.959968,269.94,-400.0,1
228.34,0.0,0.0,30.374217,130.959968,269.94,-400.0,1
228.4,0.0,0.0,30.374217,130.959968,269.94,-400.0,1
228.47,0.0,0.0,30.374217,130.959968,269.94,-400.0,1
228.54,0.0,0.0,30.374217,130.959968,269.94,-400.0,1
228.6,0.0,0.0,30.374217,130.959968,269.94,-400.0,1
228.67,0.0,0.0,30.374217,130.959968,269.94,-400.0,1
228.74,0.0,0.0,30.374217,130.959968,269.94,-400.0,1
228.81,0.0,0.0,30.374217,130.959968,269.94,-400.0,1
228.88,0.0,0.0,30.374217,130.959968,269.94,-400.0,1
228.94,0.0,0.0,30.374217,130.959968,269.94,-400.0,1
229.01,0.0,0.0,30.374217,130.959968,269.94,-400.0,1
229.08,0.0,0.0,30.374217,130.959968,269.94,-400.0,1
229.14,0.0,0.0,30.374217,130.959968,269.94,-400.0,1
229.21,0.0,0.0,30.374217,130.959968,269.94,-400.0,1
229.27,0.0,0.0,30.374217,130.959968,269.94,-400.0,1
229.34,0.0,0.0,30.374217,130.959968,269.94,-400.0,1
229.41,0.0,0.0,30.374217,130.959968,269.94,-400.0,1
229.47,0.0,0.0,30.374217,130.959968,269.94,-400.0,1
229.54,0.0,0.0,30.374217,130.959968,269.94,-400.0,1
229.6,0.0,0.0,30.374217,130.959968,269.94,-400.0,1
229.67,0.0,0.0,30.374217,130.959968,269.94,-400.0,1
229.74,0.0,0.0,30.374217,130.959968,269.94,-400.0,1
229.8,0.0,0.0,30.374217,130.959968,269.94,-400.0,1
229.87,0.0,0.0,30.374217,130.959968,269.94,-400.0,1
229.93,0.0,0.0,30.374217,130.959968,269.94,-400.0,1
230.0,0.0,0.0,30.374217,130.959968,269.94,-400.0,1
230.08,0.0,0.0,30.374217,130.959968,269.94,-400.0,1
230.14,0.0,0.0,30.374217,130.959968,269.94,-400.0,1
230.21,0.0,0.0,30.374217,130.959968,269.94,-400.0,1
230.28,0.0,0.0,30.374217,130.959968,269.94,-400.0,1
230.34,0.0,0.0,30.374217,130.959968,269.94,-400.0,1
230.41,0.0,0.0,30.374217,130.959968,269.94,-400.0,1
230.48,0.0,0.0,30.374217,130.959968,269.94,-400.0,1
230.54,0.0,0.0,30.374217,130.959968,269.94,-400.0,1
230.61,0.0,0.0,30.374217,130.959968,269.94,-400.0,1
230.67,0.0,0.0,30.374217,130.959968,269.94,-400.0,1
230.74,0.0,0.0,30.374217,130.959968,269.94,-400.0,1
230.81,0.0,0.0,30.374217,130.959968,269.94,-400.0,1
230.87,0.0,0.0,30.374217,130.959968,269.94,-400.0,1
230.94,0.0,0.0,30.374217,130.959968,269.94,-400.0,1
231.0,0.0,0.0,30.374217,130.959968,269.94,-400.0,1
231.07,0.0,0.0,30.374217,130.959968,269.94,-400.0,1
231.14,0.0,0.0,30.374217,130.959968,269.94,-400.0,1
231.2,0.0,0.0,30.374217,130.959968,269.94,-400.0,1
231.27,51.26,185.95,30.374217,130.959968,269.94,185.95,1
231.33,51.26,185.95,30.374217,130.959968,269.94,185.95,1
231.4,51.26,185.95,30.374217,130.959968,269.94,185.95,1
231.47,51.29,186.31,30.374217,130.959968,269.94,186.31,1
231.53,51.29,186.31,30.374217,130.959968,269.94,186.31,1
231.6,51.29,186.31,30.374217,130.959968,269.94,186.31,1
231.66,51.29,186.31,30.374217,130.959968,269.94,186.31,1
231.73,51.29,186.31,30.374217,130.959968,269.94,186.31,1
231.8,51.29,186.31,30.374217,130.959968,269.94,186.31,1
231.86,51.29,186.31,30.374217,130.959968,269.94,186.31,1
231.93,51.29,186.31,30.374217,130.959968,269.94,186.31,1
231.99,51.29,186.31,30.374217,130.959968,269.94,186.31,1
232.06,51.29,186.31,30.374217,130.959968,269.94,186.31,1
232.13,51.29,186.31,30.374217,130.959968,269.94,186.31,1
232.19,51.29,186.31,30.374217,130.959968,269.94,186.31,1
232.26,51.29,186.31,30.374217,130.959968,269.94,186.31,1
232.33,51.29,186.31,30.374217,130.959968,269.94,186.31,1
232.39,51.29,186.31,30.374217,130.959968,269.94,186.31,1
232.46,51.29,186.31,30.374217,130.959968,269.94,186.31,1
232.52,51.29,186.31,30.374217,130.959968,269.94,186.31,1
232.59,51.29,186.31,30.374217,130.959968,269.94,186.31,1
232.66,51.29,186.31,30.374217,130.959968,269.94,186.31,1
232.72,51.29,186.31,30.374217,130.959968,269.94,186.31,1
232.79,51.29,186.31,30.374217,130.959968,269.94,186.31,1
232.86,51.29,186.31,30.374217,130.959968,269.94,186.31,1
232.92,51.29,186.31,30.374217,130.959968,269.94,186.31,1
232.99,51.29,186.31,30.374217,130.959968,269.94,186.31,1
233.05,51.29,186.31,30.374217,130.959968,269.94,186.31,1
233.12,51.29,186.31,30.374217,130.959968,269.94,186.31,1
233.19,51.29,186.31,30.374217,130.959968,269.94,186.31,1
233.25,51.29,186.31,30.374217,130.959968,269.94,186.31,1
233.32,51.29,186.31,30.374217,130.959968,269.94,186.31,1
233.39,51.29,186.31,30.374217,130.959968,269.94,186.31,1
233.45,51.29,186.31,30.374217,130.959968,269.94,186.31,1
233.52,51.48,186.28,30.374217,130.959968,269.94,186.28,1
233.59,51.48,186.28,30.374217,130.959968,269.94,186.28,1
233.65,51.48,186.28,30.374217,130.959968,269.94,186.28,1
233.72,51.48,186.28,30.374217,130.959968,269.94,186.28,1
233.78,51.48,186.28,30.374217,130.959968,269.94,186.28,1
233.85,51.48,186.28,30.374217,130.959968,269.94,186.28,1
233.92,51.48,186.28,30.374217,130.959968,269.94,186.28,1
233.98,51.48,186.28,30.374217,130.959968,269.94,186.28,1
234.12,51.48,186.28,30.374217,130.959968,269.94,186.28,1
234.19,51.48,186.28,30.374217,130.959968,269.94,186.28,1
234.25,51.48,186.28,30.374217,130.959968,269.94,186.28,1
234.32,51.48,186.28,30.374217,130.959968,269.94,186.28,1
234.39,51.5,186.46,30.374217,130.959968,269.94,186.46,1
234.45,51.5,186.46,30.374217,130.959968,269.94,186.46,1
234.52,51.5,186.46,30.374217,130.959968,269.94,186.46,1
234.59,51.5,186.46,30.374217,130.959968,269.94,186.46,1
234.65,51.5,186.46,30.374217,130.959968,269.94,186.46,1
234.72,51.5,186.46,30.374217,130.959968,269.94,186.46,1
234.79,51.5,186.46,30.374217,130.959968,269.94,186.46,1
234.85,51.5,186.46,30.374217,130.959968,269.94,186.46,1
234.92,51.5,186.46,30.374217,130.959968,269.94,186.46,1
234.98,51.5,186.46,30.374217,130.959968,269.94,186.46,1
235.05,51.5,186.46,30.374217,130.959968,269.94,186.46,1
235.12,51.5,186.46,30.374217,130.959968,269.94,186.46,1
235.19,51.5,186.46,30.374217,130.959968,269.94,186.46,1
235.25,51.5,186.46,30.374217,130.959968,269.94,186.46,1
235.32,51.5,186.46,30.374217,130.959968,269.94,186.46,1
235.38,51.5,186.46,30.374217,130.959968,269.94,186.46,1
235.45,51.5,186.46,30.374217,130.959968,269.94,186.46,1
235.52,51.52,186.64,30.374217,130.959968,269.94,186.64,1
235.58,51.52,186.64,30.374217,130.959968,269.94,186.64,1
235.65,51.52,186.64,30.374217,130.959968,269.94,186.64,1
235.72,51.52,186.64,30.374217,130.959968,269.94,186.64,1
235.78,51.52,186.64,30.374217,130.959968,269.94,186.64,1
235.85,51.52,186.64,30.374217,130.959968,269.94,186.64,1
235.92,51.52,186.64,30.374217,130.959968,269.94,186.64,1
235.98,51.52,186.64,30.374217,130.959968,269.94,186.64,1
236.05,51.52,186.64,30.374217,130.959968,269.94,186.64,1
236.12,51.52,186.64,30.374217,130.959968,269.94,186.64,1
236.18,51.52,186.64,30.374217,130.959968,269.94,186.64,1
236.25,51.52,186.64,30.374217,130.959968,269.94,186.64,1
236.32,51.52,186.64,30.374217,130.959968,269.94,186.64,1
236.38,51.52,186.64,30.374217,130.959968,269.94,186.64,1
236.45,51.52,186.64,30.374217,130.959968,269.94,186.64,1
236.52,51.55,186.99,30.374217,130.959968,269.94,186.99,1
236.58,51.55,186.99,30.374217,130.959968,269.94,186.99,1
236.65,51.55,186.99,30.374217,130.959968,269.94,186.99,1
236.72,51.55,186.99,30.374217,130.959968,269.94,186.99,1
236.79,51.55,186.99,30.374217,130.959968,269.94,186.99,1
236.85,51.55,186.99,30.374217,130.959968,269.94,186.99,1
236.92,51.55,186.99,30.374217,130.959968,269.94,186.99,1
236.99,51.55,186.99,30.374217,130.959968,269.94,186.99,1
237.05,51.55,186.99,30.374217,130.959968,269.94,186.99,1
237.12,51.55,186.99,30.374217,130.959968,269.94,186.99,1
237.19,51.55,186.99,30.374217,130.959968,269.94,186.99,1
237.26,51.55,186.99,30.374217,130.959968,269.94,186.99,1
237.32,51.55,186.99,30.374217,130.959968,269.94,186.99,1
237.39,51.55,186.99,30.374217,130.959968,269.94,186.99,1
237.45,51.55,186.99,30.374217,130.959968,269.94,186.99,1
237.52,51.55,186.99,30.374217,130.959968,269.94,186.99,1
237.59,51.55,186.99,30.374217,130.959968,269.94,186.99,1
237.65,51.55,186.99,30.374217,130.959968,269.94,186.99,1
237.72,51.55,186.99,30.374217,130.959968,269.94,186.99,1
237.78,51.55,186.99,30.374217,130.959968,269.94,186.99,1
237.85,51.55,186.99,30.374217,130.959968,269.94,186.99,1
237.92,51.55,186.99,30.374217,130.959968,269.94,186.99,1
237.98,51.55,186.99,30.374217,130.959968,269.94,186.99,1
238.05,51.55,186.99,30.374217,130.959968,269.94,186.99,1
238.11,51.55,186.99,30.374217,130.959968,269.94,186.99,1
238.18,51.55,186.99,30.374217,130.959968,269.94,186.99,1
238.25,51.55,186.99,30.374217,130.959968,269.94,186.99,1
238.31,51.55,186.99,30.374217,130.959968,269.94,186.99,1
238.38,51.55,186.99,30.374217,130.959968,269.94,186.99,1
238.45,51.55,186.99,30.374217,130.959968,269.94,186.99,1
238.51,51.78,187.32,30.374217,130.959968,269.94,187.32,1
238.58,51.78,187.32,30.374217,130.959968,269.94,187.32,1
238.64,51.78,187.32,30.374217,130.959968,269.94,187.32,1
238.71,51.78,187.32,30.374217,130.959968,269.94,187.32,1
238.78,51.78,187.32,30.374217,130.959968,269.94,187.32,1
238.84,51.78,187.32,30.374217,130.959968,269.94,187.32,1
238.91,51.78,187.32,30.374217,130.959968,269.94,187.32,1
238.97,51.78,187.32,30.374217,130.959968,269.94,187.32,1
239.04,51.78,187.32,30.374217,130.959968,269.94,187.32,1
239.11,51.78,187.32,30.374217,130.959968,269.94,187.32,1
239.18,51.78,187.32,30.374217,130.959968,269.94,187.32,1
239.24,51.78,187.32,30.374217,130.959968,269.94,187.32,1
239.31,51.78,187.32,30.374217,130.959968,269.94,187.32,1
239.37,51.78,187.32,30.374217,130.959968,269.94,187.32,1
239.44,51.78,187.32,30.374217,130.959968,269.94,187.32,1
239.51,51.8,187.49,30.374217,130.959968,269.94,187.49,1
239.57,51.8,187.49,30.374217,130.959968,269.94,187.49,1
239.64,51.8,187.49,30.374217,130.959968,269.94,187.49,1
239.71,51.8,187.49,30.374217,130.959968,269.94,187.49,1
239.77,51.8,187.49,30.374217,130.959968,269.94,187.49,1
239.84,51.8,187.49,30.374217,130.959968,269.94,187.49,1
239.9,51.8,187.49,30.374217,130.959968,269.94,187.49,1
239.97,51.8,187.49,30.374217,130.959968,269.94,187.49,1
240.04,51.8,187.49,30.374217,130.959968,269.94,187.49,1
240.1,51.8,187.49,30.374217,130.959968,269.94,187.49,1
240.17,51.8,187.49,30.374217,130.959968,269.94,187.49,1
240.24,51.8,187.49,30.374217,130.959968,269.94,187.49,1
240.3,51.8,187.49,30.374217,130.959968,269.94,187.49,1
240.37,51.8,187.49,30.374217,130.959968,269.94,187.49,1
240.44,51.8,187.49,30.374217,130.959968,269.94,187.49,1
240.5,51.8,187.49,30.374217,130.959968,269.94,187.49,1
240.57,51.82,187.67,30.374217,130.959968,269.94,187.67,1
240.64,51.82,187.67,30.374217,130.959968,269.94,187.67,1
240.7,51.82,187.67,30.374217,130.959968,269.94,187.67,1
240.77,51.82,187.67,30.374217,130.959968,269.94,187.67,1
240.83,51.82,187.67,30.374217,130.959968,269.94,187.67,1
240.9,51.82,187.67,30.374217,130.959968,269.94,187.67,1
240.97,51.82,187.67,30.374217,130.959968,269.94,187.67,1
241.03,51.82,187.67,30.374217,130.959968,269.94,187.67,1
241.1,51.82,187.67,30.374217,130.959968,269.94,187.67,1
241.17,51.82,187.67,30.374217,130.959968,269.94,187.67,1
241.23,51.82,187.67,30.374217,130.959968,269.94,187.67,1
241.3,51.82,187.67,30.374217,130.959968,269.94,187.67,1
241.37,51.82,187.67,30.374217,130.959968,269.94,187.67,1
241.43,51.82,187.67,30.374217,130.959968,269.94,187.67,1
241.5,51.82,187.67,30.374217,130.959968,269.94,187.67,1
241.56,51.82,187.67,30.374217,130.959968,269.94,187.67,1
241.63,51.82,187.67,30.374217,130.959968,269.94,187.67,1
241.7,51.82,187.67,30.374217,130.959968,269.94,187.67,1
241.76,51.82,187.67,30.374217,130.959968,269.94,187.67,1
241.83,51.82,187.67,30.374217,130.959968,269.94,187.67,1
241.9,51.82,187.67,30.374217,130.959968,269.94,187.67,1
241.96,51.82,187.67,30.374217,130.959968,269.94,187.67,1
242.03,51.82,187.67,30.374217,130.959968,269.94,187.67,1
242.1,51.82,187.67,30.374217,130.959968,269.94,187.67,1
242.16,51.82,187.67,30.374217,130.959968,269.94,187.67,1
242.23,51.82,187.67,30.374217,130.959968,269.94,187.67,1
242.3,51.82,187.67,30.374217,130.959968,269.94,187.67,1
242.36,51.82,187.67,30.374217,130.959968,269.94,187.67,1
242.43,51.86,188.02,30.374217,130.959968,269.94,188.02,1
242.5,51.86,188.02,30.374217,130.959968,269.94,188.02,1
242.56,51.86,188.02,30.374217,130.959968,269.94,188.02,1
242.63,51.86,188.02,30.374217,130.959968,269.94,188.02,1
242.7,51.86,188.02,30.374217,130.959968,269.94,188.02,1
242.76,51.86,188.02,30.374217,130.959968,269.94,188.02,1
242.83,51.86,188.02,30.374217,130.959968,269.94,188.02,1
242.9,51.86,188.02,30.374217,130.959968,269.94,188.02,1
242.96,51.86,188.02,30.374217,130.959968,269.94,188.02,1
243.03,51.86,188.02,30.374217,130.959968,269.94,188.02,1
243.1,51.86,188.02,30.374217,130.959968,269.94,188.02,1
243.16,51.86,188.02,30.374217,130.959968,269.94,188.02,1
243.23,51.86,188.02,30.374217,130.959968,269.94,188.02,1
243.3,51.86,188.02,30.374217,130.959968,269.94,188.02,1
243.37,51.86,188.02,30.374217,130.959968,269.94,188.02,1
243.44,51.86,188.02,30.374217,130.959968,269.94,188.02,1
243.5,51.86,188.02,30.374217,130.959968,269.94,188.02,1
243.57,51.86,188.02,30.374217,130.959968,269.94,188.02,1
243.64,51.86,188.02,30.374217,130.959968,269.94,188.02,1
243.7,51.86,188.02,30.374217,130.959968,269.94,188.02,1
243.77,51.86,188.02,30.374217,130.959968,269.94,188.02,1
243.83,51.86,188.02,30.374217,130.959968,269.94,188.02,1
243.9,51.86,188.02,30.374217,130.959968,269.94,188.02,1
243.97,51.86,188.02,30.374217,130.959968,269.94,188.02,1
244.03,51.86,188.02,30.374217,130.959968,269.94,188.02,1
244.1,51.86,188.02,30.374217,130.959968,269.94,188.02,1
244.16,51.86,188.02,30.374217,130.959968,269.94,188.02,1
244.23,51.86,188.02,30.374217,130.959968,269.94,188.02,1
244.3,51.86,188.02,30.374217,130.959968,269.94,188.02,1
244.36,51.86,188.02,30.374217,130.959968,269.94,188.02,1
244.43,51.86,188.02,30.374217,130.959968,269.94,188.02,1
244.49,51.89,188.19,30.374217,130.959968,269.94,188.19,1
244.56,51.89,188.19,30.374217,130.959968,269.94,188.19,1
244.63,51.89,188.19,30.374217,130.959968,269.94,188.19,1
244.69,51.89,188.19,30.374217,130.959968,269.94,188.19,1
244.76,51.89,188.19,30.374217,130.959968,269.94,188.19,1
244.82,51.89,188.19,30.374217,130.959968,269.94,188.19,1
244.89,51.89,188.19,30.374217,130.959968,269.94,188.19,1
244.96,51.89,188.19,30.374217,130.959968,269.94,188.19,1
245.02,51.89,188.19,30.374217,130.959968,269.94,188.19,1
245.09,51.89,188.19,30.374217,130.959968,269.94,188.19,1
245.15,51.89,188.19,30.374217,130.959968,269.94,188.19,1
245.22,51.89,188.19,30.374217,130.959968,269.94,188.19,1
245.29,51.89,188.19,30.374217,130.959968,269.94,188.19,1
245.35,51.89,188.19,30.374217,130.959968,269.94,188.19,1
245.42,51.89,188.19,30.374217,130.959968,269.94,188.19,1
245.49,51.93,188.54,30.374217,130.959968,269.94,188.54,1
245.55,51.93,188.54,30.374217,130.959968,269.94,188.54,1
245.62,51.93,188.54,30.374217,130.959968,269.94,188.54,1
245.68,51.93,188.54,30.374217,130.959968,269.94,188.54,1
245.75,51.93,188.54,30.374217,130.959968,269.94,188.54,1
245.82,51.93,188.54,30.374217,130.959968,269.94,188.54,1
245.88,51.93,188.54,30.374217,130.959968,269.94,188.54,1
245.95,51.93,188.54,30.374217,130.959968,269.94,188.54,1
246.02,51.93,188.54,30.374217,130.959968,269.94,188.54,1
246.08,51.93,188.54,30.374217,130.959968,269.94,188.54,1
246.15,51.93,188.54,30.374217,130.959968,269.94,188.54,1
246.22,51.93,188.54,30.374217,130.959968,269.94,188.54,1
246.28,51.93,188.54,30.374217,130.959968,269.94,188.54,1
246.35,51.93,188.54,30.374217,130.959968,269.94,188.54,1
246.41,51.93,188.54,30.374217,130.959968,269.94,188.54,1
246.48,51.96,188.72,30.374217,130.959968,269.94,188.72,1
246.55,51.96,188.72,30.374217,130.959968,269.94,188.72,1
246.61,51.96,188.72,30.374217,130.959968,269.94,188.72,1
246.68,51.96,188.72,30.374217,130.959968,269.94,188.72,1
246.75,51.96,188.72,30.374217,130.959968,269.94,188.72,1
246.81,51.96,188.72,30.374217,130.959968,269.94,188.72,1
246.88,51.96,188.72,30.374217,130.959968,269.94,188.72,1
246.94,51.96,188.72,30.374217,130.959968,269.94,188.72,1
247.01,51.96,188.72,30.374217,130.959968,269.94,188.72,1
247.08,51.96,188.72,30.374217,130.959968,269.94,188.72,1
247.14,51.96,188.72,30.374217,130.959968,269.94,188.72,1
247.21,51.96,188.72,30.374217,130.959968,269.94,188.72,1
247.28,51.96,188.72,30.374217,130.959968,269.94,188.72,1
247.34,51.96,188.72,30.374217,130.959968,269.94,188.72,1
247.41,51.96,188.72,30.374217,130.959968,269.94,188.72,1
247.48,51.8,188.92,30.374217,130.959968,269.94,188.92,1
247.54,51.8,188.92,30.374217,130.959968,269.94,188.92,1
247.61,51.8,188.92,30.374217,130.959968,269.94,188.92,1
247.68,51.8,188.92,30.374217,130.959968,269.94,188.92,1
247.74,51.8,188.92,30.374217,130.959968,269.94,188.92,1
247.81,51.8,188.92,30.374217,130.959968,269.94,188.92,1
247.88,51.8,188.92,30.374217,130.959968,269.94,188.92,1
247.94,51.8,188.92,30.374217,130.959968,269.94,188.92,1
248.01,51.8,188.92,30.374217,130.959968,269.94,188.92,1
248.07,51.8,188.92,30.374217,130.959968,269.94,188.92,1
248.14,51.8,188.92,30.374217,130.959968,269.94,188.92,1
248.21,51.8,188.92,30.374217,130.959968,269.94,188.92,1
248.28,51.8,188.92,30.374217,130.959968,269.94,188.92,1
248.34,51.8,188.92,30.374217,130.959968,269.94,188.92,1
248.41,51.8,188.92,30.374217,130.959968,269.94,188.92,1
248.48,51.85,189.27,30.374217,130.959968,269.94,189.27,1
248.54,51.85,189.27,30.374217,130.959968,269.94,189.27,1
248.61,51.85,189.27,30.374217,130.959968,269.94,189.27,1
248.67,51.85,189.27,30.374217,130.959968,269.94,189.27,1
248.74,51.85,189.27,30.374217,130.959968,269.94,189.27,1
248.81,51.85,189.27,30.374217,130.959968,269.94,189.27,1
248.87,51.85,189.27,30.374217,130.959968,269.94,189.27,1
248.94,51.85,189.27,30.374217,130.959968,269.94,189.27,1
249.01,51.85,189.27,30.374217,130.959968,269.94,189.27,1
249.07,51.85,189.27,30.374217,130.959968,269.94,189.27,1
249.14,51.85,189.27,30.374217,130.959968,269.94,189.27,1
249.21,51.85,189.27,30.374217,130.959968,269.94,189.27,1
249.28,51.85,189.27,30.374217,130.959968,269.94,189.27,1
249.34,51.85,189.27,30.374217,130.959968,269.94,189.27,1
249.41,51.85,189.27,30.374217,130.959968,269.94,189.27,1
249.48,51.85,189.27,30.374217,130.959968,269.94,189.27,1
249.54,51.69,189.48,30.374217,130.959968,269.94,189.48,1
249.61,51.69,189.48,30.374217,130.959968,269.94,189.48,1
249.68,51.69,189.48,30.374217,130.959968,269.94,189.48,1
249.75,51.69,189.48,30.374217,130.959968,269.94,189.48,1
249.81,51.69,189.48,30.374217,130.959968,269.94,189.48,1
249.88,51.69,189.48,30.374217,130.959968,269.94,189.48,1
249.95,51.69,189.48,30.374217,130.959968,269.94,189.48,1
250.01,51.69,189.48,30.374217,130.959968,269.94,189.48,1
250.08,51.69,189.48,30.374217,130.959968,269.94,189.48,1
250.14,51.69,189.48,30.374217,130.959968,269.94,189.48,1
250.21,51.69,189.48,30.374217,130.959968,269.94,189.48,1
250.28,51.69,189.48,30.374217,130.959968,269.94,189.48,1
250.34,51.69,189.48,30.374217,130.959968,269.94,189.48,1
250.41,51.69,189.48,30.374217,130.959968,269.94,189.48,1
250.47,51.69,189.48,30.374217,130.959968,269.94,189.48,1
250.54,51.53,189.69,30.374217,130.959968,269.94,189.69,1
250.61,51.53,189.69,30.374217,130.959968,269.94,189.69,1
250.67,51.53,189.69,30.374217,130.959968,269.94,189.69,1
250.74,51.53,189.69,30.374217,130.959968,269.94,189.69,1
250.8,51.53,189.69,30.374217,130.959968,269.94,189.69,1
250.87,51.53,189.69,30.374217,130.959968,269.94,189.69,1
250.94,51.53,189.69,30.374217,130.959968,269.94,189.69,1
251.0,51.53,189.69,30.374217,130.959968,269.94,189.69,1
251.07,51.53,189.69,30.374217,130.959968,269.94,189.69,1
251.13,51.53,189.69,30.374217,130.959968,269.94,189.69,1
251.2,51.53,189.69,30.374217,130.959968,269.94,189.69,1
251.27,51.53,189.69,30.374217,130.959968,269.94,189.69,1
251.33,51.53,189.69,30.374217,130.959968,269.94,189.69,1
251.4,51.53,189.69,30.374217,130.959968,269.94,189.69,1
251.47,51.53,189.69,30.374217,130.959968,269.94,189.69,1
251.53,51.56,189.87,30.374217,130.959968,269.94,189.87,1
251.6,51.56,189.87,30.374217,130.959968,269.94,189.87,1
251.67,51.56,189.87,30.374217,130.959968,269.94,189.87,1
251.73,51.56,189.87,30.374217,130.959968,269.94,189.87,1
251.8,51.56,189.87,30.374217,130.959968,269.94,189.87,1
251.87,51.56,189.87,30.374217,130.959968,269.94,189.87,1
251.93,51.56,189.87,30.374217,130.959968,269.94,189.87,1
252.0,51.56,189.87,30.374217,130.959968,269.94,189.87,1
252.06,51.56,189.87,30.374217,130.959968,269.94,189.87,1
252.13,51.56,189.87,30.374217,130.959968,269.94,189.87,1
252.2,51.56,189.87,30.374217,130.959968,269.94,189.87,1
252.26,51.56,189.87,30.374217,130.959968,269.94,189.87,1
252.33,51.56,189.87,30.374217,130.959968,269.94,189.87,1
252.4,51.56,189.87,30.374217,130.959968,269.94,189.87,1
252.46,51.41,190.08,30.374217,130.959968,269.94,190.08,1
252.53,51.41,190.08,30.374217,130.959968,269.94,190.08,1
252.6,51.41,190.08,30.374217,130.959968,269.94,190.08,1
252.66,51.41,190.08,30.374217,130.959968,269.94,190.08,1
252.73,51.41,190.08,30.374217,130.959968,269.94,190.08,1
252.79,51.41,190.08,30.374217,130.959968,269.94,190.08,1
252.86,51.41,190.08,30.374217,130.959968,269.94,190.08,1
252.93,51.41,190.08,30.374217,130.959968,269.94,190.08,1
252.99,51.41,190.08,30.374217,130.959968,269.94,190.08,1
253.06,51.41,190.08,30.374217,130.959968,269.94,190.08,1
253.13,51.41,190.08,30.374217,130.959968,269.94,190.08,1
253.19,51.41,190.08,30.374217,130.959968,269.94,190.08,1
253.26,51.41,190.08,30.374217,130.959968,269.94,190.08,1
253.33,51.41,190.08,30.374217,130.959968,269.94,190.08,1
253.39,51.41,190.08,30.374217,130.959968,269.94,190.08,1
253.46,51.41,190.08,30.374217,130.959968,269.94,190.08,1
253.52,51.43,190.25,30.374217,130.959968,269.94,190.25,1
253.59,51.43,190.25,30.374217,130.959968,269.94,190.25,1
253.66,51.43,190.25,30.374217,130.959968,269.94,190.25,1
253.72,51.43,190.25,30.374217,130.959968,269.94,190.25,1
253.79,51.43,190.25,30.374217,130.959968,269.94,190.25,1
253.86,51.43,190.25,30.374217,130.959968,269.94,190.25,1
253.92,51.43,190.25,30.374217,130.959968,269.94,190.25,1
253.99,51.43,190.25,30.374217,130.959968,269.94,190.25,1
254.06,51.43,190.25,30.374217,130.959968,269.94,190.25,1
254.12,51.43,190.25,30.374217,130.959968,269.94,190.25,1
254.19,51.43,190.25,30.374217,130.959968,269.94,190.25,1
254.26,51.43,190.25,30.374217,130.959968,269.94,190.25,1
254.32,51.43,190.25,30.374217,130.959968,269.94,190.25,1
254.39,51.43,190.25,30.374217,130.959968,269.94,190.25,1
254.46,51.43,190.25,30.374217,130.959968,269.94,190.25,1
254.52,51.28,190.47,30.374217,130.959968,269.94,190.47,1
254.59,51.28,190.47,30.374217,130.959968,269.94,190.47,1
254.66,51.28,190.47,30.374217,130.959968,269.94,190.47,1
254.72,51.28,190.47,30.374217,130.959968,269.94,190.47,1
254.79,51.28,190.47,30.374217,130.959968,269.94,190.47,1
254.86,51.28,190.47,30.374217,130.959968,269.94,190.47,1
254.92,51.28,190.47,30.374217,130.959968,269.94,190.47,1
254.99,51.28,190.47,30.374217,130.959968,269.94,190.47,1
255.06,51.28,190.47,30.374217,130.959968,269.94,190.47,1
255.12,51.28,190.47,30.374217,130.959968,269.94,190.47,1
255.19,51.28,190.47,30.374217,130.959968,269.94,190.47,1
255.26,51.28,190.47,30.374217,130.959968,269.94,190.47,1
255.33,51.28,190.47,30.374217,130.959968,269.94,190.47,1
255.39,51.28,190.47,30.374217,130.959968,269.94,190.47,1
255.46,51.13,190.68,30.374217,130.959968,269.94,190.68,1
255.53,51.13,190.68,30.374217,130.959968,269.94,190.68,1
255.59,51.13,190.68,30.374217,130.959968,269.94,190.68,1
255.66,51.13,190.68,30.374217,130.959968,269.94,190.68,1
255.73,51.13,190.68,30.374217,130.959968,269.94,190.68,1
255.79,51.13,190.68,30.374217,130.959968,269.94,190.68,1
255.87,51.13,190.68,30.374217,130.959968,269.94,190.68,1
255.93,51.13,190.68,30.374217,130.959968,269.94,190.68,1
256.0,51.13,190.68,30.374217,130.959968,269.94,190.68,1
256.06,51.13,190.68,30.374217,130.959968,269.94,190.68,1
256.13,51.13,190.68,30.374217,130.959968,269.94,190.68,1
256.2,51.13,190.68,30.374217,130.959968,269.94,190.68,1
256.26,51.13,190.68,30.374217,130.959968,269.94,190.68,1
256.33,51.13,190.68,30.374217,130.959968,269.94,190.68,1
256.4,51.13,190.68,30.374217,130.959968,269.94,190.68,1
256.46,50.98,190.9,30.374217,130.959968,269.94,190.9,1
256.53,50.98,190.9,30.374217,130.959968,269.94,190.9,1
256.59,50.98,190.9,30.374217,130.959968,269.94,190.9,1
256.66,50.98,190.9,30.374217,130.959968,269.94,190.9,1
256.73,50.98,190.9,30.374217,130.959968,269.94,190.9,1
256.79,50.98,190.9,30.374217,130.959968,269.94,190.9,1
256.86,50.98,190.9,30.374217,130.959968,269.94,190.9,1
256.92,50.98,190.9,30.374217,130.959968,269.94,190.9,1
256.99,50.98,190.9,30.374217,130.959968,269.94,190.9,1
257.06,50.98,190.9,30.374217,130.959968,269.94,190.9,1
257.12,50.98,190.9,30.374217,130.959968,269.94,190.9,1
257.19,50.98,190.9,30.374217,130.959968,269.94,190.9,1
257.26,50.98,190.9,30.374217,130.959968,269.94,190.9,1
257.32,50.98,190.9,30.374217,130.959968,269.94,190.9,1
257.39,50.98,190.9,30.374217,130.959968,269.94,190.9,1
257.45,51.01,191.07,30.374217,130.959968,269.94,191.07,1
257.52,51.01,191.07,30.374217,130.959968,269.94,191.07,1
257.59,51.01,191.07,30.374217,130.959968,269.94,191.07,1
257.65,51.01,191.07,30.374217,130.959968,269.94,191.07,1
257.72,51.01,191.07,30.374217,130.959968,269.94,191.07,1
257.78,51.01,191.07,30.374217,130.959968,269.94,191.07,1
257.85,51.01,191.07,30.374217,130.959968,269.94,191.07,1
257.92,51.01,191.07,30.374217,130.959968,269.94,191.07,1
257.98,51.01,191.07,30.374217,130.959968,269.94,191.07,1
258.05,51.01,191.07,30.374217,130.959968,269.94,191.07,1
258.12,51.01,191.07,30.374217,130.959968,269.94,191.07,1
258.18,51.01,191.07,30.374217,130.959968,269.94,191.07,1
258.25,51.01,191.07,30.374217,130.959968,269.94,191.07,1
258.32,51.01,191.07,30.374217,130.959968,269.94,191.07,1
258.38,51.01,191.07,30.374217,130.959968,269.94,191.07,1
258.45,51.01,191.07,30.374217,130.959968,269.94,191.07,1
258.52,50.82,191.11,30.374217,130.959968,269.94,191.11,1
258.58,50.82,191.11,30.374217,130.959968,269.94,191.11,1
258.65,50.82,191.11,30.374217,130.959968,269.94,191.11,1
258.71,50.82,191.11,30.374217,130.959968,269.94,191.11,1
258.78,50.82,191.11,30.374217,130.959968,269.94,191.11,1
258.85,50.82,191.11,30.374217,130.959968,269.94,191.11,1
258.91,50.82,191.11,30.374217,130.959968,269.94,191.11,1
258.98,50.82,191.11,30.374217,130.959968,269.94,191.11,1
259.05,50.82,191.11,30.374217,130.959968,269.94,191.11,1
259.11,50.82,191.11,30.374217,130.959968,269.94,191.11,1
259.18,50.82,191.11,30.374217,130.959968,269.94,191.11,1
259.25,50.82,191.11,30.374217,130.959968,269.94,191.11,1
259.31,50.82,191.11,30.374217,130.959968,269.94,191.11,1
259.38,50.82,191.11,30.374217,130.959968,269.94,191.11,1
259.44,50.82,191.11,30.374217,130.959968,269.94,191.11,1
259.51,50.64,191.15,30.374217,130.959968,269.94,191.15,1
259.58,50.64,191.15,30.374217,130.959968,269.94,191.15,1
259.64,50.64,191.15,30.374217,130.959968,269.94,191.15,1
259.71,50.64,191.15,30.374217,130.959968,269.94,191.15,1
259.78,50.64,191.15,30.374217,130.959968,269.94,191.15,1
259.84,50.64,191.15,30.374217,130.959968,269.94,191.15,1
259.91,50.64,191.15,30.374217,130.959968,269.94,191.15,1
259.97,50.64,191.15,30.374217,130.959968,269.94,191.15,1
260.04,50.64,191.15,30.374217,130.959968,269.94,191.15,1
260.11,50.64,191.15,30.374217,130.959968,269.94,191.15,1
260.17,50.64,191.15,30.374217,130.959968,269.94,191.15,1
260.24,50.64,191.15,30.374217,130.959968,269.94,191.15,1
260.31,50.64,191.15,30.374217,130.959968,269.94,191.15,1
260.37,50.64,191.15,30.374217,130.959968,269.94,191.15,1
260.44,50.64,191.15,30.374217,130.959968,269.94,191.15,1
260.51,50.67,191.33,30.374217,130.959968,269.94,191.33,1
260.57,50.67,191.33,30.374217,130.959968,269.94,191.33,1
260.64,50.67,191.33,30.374217,130.959968,269.94,191.33,1
260.71,50.67,191.33,30.374217,130.959968,269.94,191.33,1
260.77,50.67,191.33,30.374217,130.959968,269.94,191.33,1
260.84,50.67,191.33,30.374217,130.959968,269.94,191.33,1
260.91,50.67,191.33,30.374217,130.959968,269.94,191.33,1
260.97,50.67,191.33,30.374217,130.959968,269.94,191.33,1
261.04,50.67,191.33,30.374217,130.959968,269.94,191.33,1
261.11,50.67,191.33,30.374217,130.959968,269.94,191.33,1
261.17,50.67,191.33,30.374217,130.959968,269.94,191.33,1
261.24,50.67,191.33,30.374217,130.959968,269.94,191.33,1
261.31,50.67,191.33,30.374217,130.959968,269.94,191.33,1
261.38,50.67,191.33,30.374217,130.959968,269.94,191.33,1
261.44,50.67,191.33,30.374217,130.959968,269.94,191.33,1
261.51,50.52,191.55,30.374217,130.959968,269.94,191.55,1
261.58,50.52,191.55,30.374217,130.959968,269.94,191.55,1
261.64,50.52,191.55,30.374217,130.959968,269.94,191.55,1
261.71,50.52,191.55,30.374217,130.959968,269.94,191.55,1
261.78,50.52,191.55,30.374217,130.959968,269.94,191.55,1
261.84,50.52,191.55,30.374217,130.959968,269.94,191.55,1
261.91,50.52,191.55,30.374217,130.959968,269.94,191.55,1
261.98,50.52,191.55,30.374217,130.959968,269.94,191.55,1
262.04,50.52,191.55,30.374217,130.959968,269.94,191.55,1
262.11,50.52,191.55,30.374217,130.959968,269.94,191.55,1
262.19,50.52,191.55,30.374217,130.959968,269.94,191.55,1
262.25,50.52,191.55,30.374217,130.959968,269.94,191.55,1
262.32,50.52,191.55,30.374217,130.959968,269.94,191.55,1
262.39,50.52,191.55,30.374217,130.959968,269.94,191.55,1
262.45,50.52,191.55,30.374217,130.959968,269.94,191.55,1
262.52,50.37,191.77,30.374217,130.959968,269.94,191.77,1
262.58,50.37,191.77,30.374217,130.959968,269.94,191.77,1
262.65,50.37,191.77,30.374217,130.959968,269.94,191.77,1
262.72,50.37,191.77,30.374217,130.959968,269.94,191.77,1
262.78,50.37,191.77,30.374217,130.959968,269.94,191.77,1
262.85,50.37,191.77,30.374217,130.959968,269.94,191.77,1
262.92,50.37,191.77,30.374217,130.959968,269.94,191.77,1
262.98,50.37,191.77,30.374217,130.959968,269.94,191.77,1
263.05,50.37,191.77,30.374217,130.959968,269.94,191.77,1
263.11,50.37,191.77,30.374217,130.959968,269.94,191.77,1
263.18,50.37,191.77,30.374217,130.959968,269.94,191.77,1
263.25,50.37,191.77,30.374217,130.959968,269.94,191.77,1
263.31,50.37,191.77,30.374217,130.959968,269.94,191.77,1
263.38,50.37,191.77,30.374217,130.959968,269.94,191.77,1
263.44,50.37,191.77,30.374217,130.959968,269.94,191.77,1
263.51,50.23,191.99,30.374217,130.959968,269.94,191.99,1
263.58,50.23,191.99,30.374217,130.959968,269.94,191.99,1
263.64,50.23,191.99,30.374217,130.959968,269.94,191.99,1
263.71,50.23,191.99,30.374217,130.959968,269.94,191.99,1
263.78,50.23,191.99,30.374217,130.959968,269.94,191.99,1
263.84,50.23,191.99,30.374217,130.959968,269.94,191.99,1
263.91,50.23,191.99,30.374217,130.959968,269.94,191.99,1
263.97,50.23,191.99,30.374217,130.959968,269.94,191.99,1
264.04,50.23,191.99,30.374217,130.959968,269.94,191.99,1
264.11,50.23,191.99,30.374217,130.959968,269.94,191.99,1
264.17,50.23,191.99,30.374217,130.959968,269.94,191.99,1
264.24,50.23,191.99,30.374217,130.959968,269.94,191.99,1
264.31,50.23,191.99,30.374217,130.959968,269.94,191.99,1
264.37,50.23,191.99,30.374217,130.959968,269.94,191.99,1
264.44,50.08,192.22,30.374217,130.959968,269.94,192.22,1
264.5,50.08,192.22,30.374217,130.959968,269.94,192.22,1
264.57,50.08,192.22,30.374217,130.959968,269.94,192.22,1
264.64,50.08,192.22,30.374217,130.959968,269.94,192.22,1
264.7,50.08,192.22,30.374217,130.959968,269.94,192.22,1
264.77,50.08,192.22,30.374217,130.959968,269.94,192.22,1
264.84,50.08,192.22,30.374217,130.959968,269.94,192.22,1
264.9,50.08,192.22,30.374217,130.959968,269.94,192.22,1
264.97,50.08,192.22,30.374217,130.959968,269.94,192.22,1
265.04,50.08,192.22,30.374217,130.959968,269.94,192.22,1
265.1,50.08,192.22,30.374217,130.959968,269.94,192.22,1
265.17,50.08,192.22,30.374217,130.959968,269.94,192.22,1
265.24,50.08,192.22,30.374217,130.959968,269.94,192.22,1
265.3,50.08,192.22,30.374217,130.959968,269.94,192.22,1
265.37,50.08,192.22,30.374217,130.959968,269.94,192.22,1
265.44,49.71,192.31,30.374217,130.959968,269.94,192.31,1
265.5,49.71,192.31,30.374217,130.959968,269.94,192.31,1
265.57,49.71,192.31,30.374217,130.959968,269.94,192.31,1
265.64,49.71,192.31,30.374217,130.959968,269.94,192.31,1
265.7,49.71,192.31,30.374217,130.959968,269.94,192.31,1
265.77,49.71,192.31,30.374217,130.959968,269.94,192.31,1
265.84,49.71,192.31,30.374217,130.959968,269.94,192.31,1
265.9,49.71,192.31,30.374217,130.959968,269.94,192.31,1
265.97,49.71,192.31,30.374217,130.959968,269.94,192.31,1
266.04,49.71,192.31,30.374217,130.959968,269.94,192.31,1
266.1,49.71,192.31,30.374217,130.959968,269.94,192.31,1
266.17,49.71,192.31,30.374217,130.959968,269.94,192.31,1
266.24,49.71,192.31,30.374217,130.959968,269.94,192.31,1
266.3,49.71,192.31,30.374217,130.959968,269.94,192.31,1
266.37,49.71,192.31,30.374217,130.959968,269.94,192.31,1
266.44,49.71,192.31,30.374217,130.959968,269.94,192.31,1
266.5,49.71,192.31,30.374217,130.959968,269.94,192.31,1
266.57,49.75,192.49,30.374217,130.959968,269.94,192.49,1
266.64,49.75,192.49,30.374217,130.959968,269.94,192.49,1
266.7,49.75,192.49,30.374217,130.959968,269.94,192.49,1
266.77,49.75,192.49,30.374217,130.959968,269.94,192.49,1
266.84,49.75,192.49,30.374217,130.959968,269.94,192.49,1
266.9,49.75,192.49,30.374217,130.959968,269.94,192.49,1
266.97,49.75,192.49,30.374217,130.959968,269.94,192.49,1
267.03,49.75,192.49,30.374217,130.959968,269.94,192.49,1
267.1,49.75,192.49,30.374217,130.959968,269.94,192.49,1
267.17,49.75,192.49,30.374217,130.959968,269.94,192.49,1
267.24,49.75,192.49,30.374217,130.959968,269.94,192.49,1
267.3,49.75,192.49,30.374217,130.959968,269.94,192.49,1
267.37,49.75,192.49,30.374217,130.959968,269.94,192.49,1
267.44,49.57,192.53,30.374217,130.959968,269.94,192.53,1
267.5,49.57,192.53,30.374217,130.959968,269.94,192.53,1
267.57,49.57,192.53,30.374217,130.959968,269.94,192.53,1
267.64,49.57,192.53,30.374217,130.959968,269.94,192.53,1
267.7,49.57,192.53,30.374217,130.959968,269.94,192.53,1
267.77,49.57,192.53,30.374217,130.959968,269.94,192.53,1
267.84,49.57,192.53,30.374217,130.959968,269.94,192.53,1
267.9,49.57,192.53,30.374217,130.959968,269.94,192.53,1
267.97,49.57,192.53,30.374217,130.959968,269.94,192.53,1
268.04,49.57,192.53,30.374217,130.959968,269.94,192.53,1
268.1,49.57,192.53,30.374217,130.959968,269.94,192.53,1
268.17,49.57,192.53,30.374217,130.959968,269.94,192.53,1
268.24,49.57,192.53,30.374217,130.959968,269.94,192.53,1
268.3,49.57,192.53,30.374217,130.959968,269.94,192.53,1
268.37,49.57,192.53,30.374217,130.959968,269.94,192.53,1
268.44,49.28,192.99,30.374217,130.959968,269.94,192.99,1
268.5,49.28,192.99,30.374217,130.959968,269.94,192.99,1
268.57,49.28,192.99,30.374217,130.959968,269.94,192.99,1
268.64,49.28,192.99,30.374217,130.959968,269.94,192.99,1
268.71,49.28,192.99,30.374217,130.959968,269.94,192.99,1
268.77,49.28,192.99,30.374217,130.959968,269.94,192.99,1
268.85,49.28,192.99,30.374217,130.959968,269.94,192.99,1
268.91,49.28,192.99,30.374217,130.959968,269.94,192.99,1
268.98,49.28,192.99,30.374217,130.959968,269.94,192.99,1
269.04,49.28,192.99,30.374217,130.959968,269.94,192.99,1
269.11,49.28,192.99,30.374217,130.959968,269.94,192.99,1
269.18,49.28,192.99,30.374217,130.959968,269.94,192.99,1
269.24,49.28,192.99,30.374217,130.959968,269.94,192.99,1
269.31,49.28,192.99,30.374217,130.959968,269.94,192.99,1
269.38,49.28,192.99,30.374217,130.959968,269.94,192.99,1
269.44,49.28,192.99,30.374217,130.959968,269.94,192.99,1
269.51,49.28,192.99,30.374217,130.959968,269.94,192.99,1
269.57,49.13,193.22,30.374217,130.959968,269.94,193.22,1
269.64,49.13,193.22,30.374217,130.959968,269.94,193.22,1
269.71,49.13,193.22,30.374217,130.959968,269.94,193.22,1
269.77,49.13,193.22,30.374217,130.959968,269.94,193.22,1
269.84,49.13,193.22,30.374217,130.959968,269.94,193.22,1
269.9,49.13,193.22,30.374217,130.959968,269.94,193.22,1
269.97,49.13,193.22,30.374217,130.959968,269.94,193.22,1
270.04,49.13,193.22,30.374217,130.959968,269.94,193.22,1
270.1,49.13,193.22,30.374217,130.959968,269.94,193.22,1
270.17,49.13,193.22,30.374217,130.959968,269.94,193.22,1
270.24,49.13,193.22,30.374217,130.959968,269.94,193.22,1
270.3,49.13,193.22,30.374217,130.959968,269.94,193.22,1
270.37,49.13,193.22,30.374217,130.959968,269.94,193.22,1
270.44,49.13,193.22,30.374217,130.959968,269.94,193.22,1
270.5,48.95,193.27,30.374217,130.959968,269.94,193.27,1
270.57,48.95,193.27,30.374217,130.959968,269.94,193.27,1
270.63,48.95,193.27,30.374217,130.959968,269.94,193.27,1
270.7,48.95,193.27,30.374217,130.959968,269.94,193.27,1
270.77,48.95,193.27,30.374217,130.959968,269.94,193.27,1
270.83,48.95,193.27,30.374217,130.959968,269.94,193.27,1
270.9,48.95,193.27,30.374217,130.959968,269.94,193.27,1
270.97,48.95,193.27,30.374217,130.959968,269.94,193.27,1
271.03,48.95,193.27,30.374217,130.959968,269.94,193.27,1
271.1,48.95,193.27,30.374217,130.959968,269.94,193.27,1
271.17,48.95,193.27,30.374217,130.959968,269.94,193.27,1
271.24,48.95,193.27,30.374217,130.959968,269.94,193.27,1
271.31,48.95,193.27,30.374217,130.959968,269.94,193.27,1
271.37,48.95,193.27,30.374217,130.959968,269.94,193.27,1
271.44,48.95,193.27,30.374217,130.959968,269.94,193.27,1
271.51,48.67,193.74,30.374217,130.959968,269.94,193.74,1
271.57,48.67,193.74,30.374217,130.959968,269.94,193.74,1
271.64,48.67,193.74,30.374217,130.959968,269.94,193.74,1
271.7,48.67,193.74,30.374217,130.959968,269.94,193.74,1
271.77,48.67,193.74,30.374217,130.959968,269.94,193.74,1
271.83,48.67,193.74,30.374217,130.959968,269.94,193.74,1
271.9,48.67,193.74,30.374217,130.959968,269.94,193.74,1
271.97,48.67,193.74,30.374217,130.959968,269.94,193.74,1
272.03,48.67,193.74,30.374217,130.959968,269.94,193.74,1
272.1,48.67,193.74,30.374217,130.959968,269.94,193.74,1
272.16,48.67,193.74,30.374217,130.959968,269.94,193.74,1
272.23,48.67,193.74,30.374217,130.959968,269.94,193.74,1
272.3,48.67,193.74,30.374217,130.959968,269.94,193.74,1
272.36,48.67,193.74,30.374217,130.959968,269.94,193.74,1
272.43,48.67,193.74,30.374217,130.959968,269.94,193.74,1
272.5,48.52,193.97,30.374217,130.959968,269.94,193.97,1
272.56,48.52,193.97,30.374217,130.959968,269.94,193.97,1
272.63,48.52,193.97,30.374217,130.959968,269.94,193.97,1
272.7,48.52,193.97,30.374217,130.959968,269.94,193.97,1
272.76,48.52,193.97,30.374217,130.959968,269.94,193.97,1
272.83,48.52,193.97,30.374217,130.959968,269.94,193.97,1
272.89,48.52,193.97,30.374217,130.959968,269.94,193.97,1
272.96,48.52,193.97,30.374217,130.959968,269.94,193.97,1
273.03,48.52,193.97,30.374217,130.959968,269.94,193.97,1
273.09,48.52,193.97,30.374217,130.959968,269.94,193.97,1
273.16,48.52,193.97,30.374217,130.959968,269.94,193.97,1
273.23,48.52,193.97,30.374217,130.959968,269.94,193.97,1
273.3,48.52,193.97,30.374217,130.959968,269.94,193.97,1
273.36,48.52,193.97,30.374217,130.959968,269.94,193.97,1
273.43,48.52,193.97,30.374217,130.959968,269.94,193.97,1
273.49,48.34,194.03,30.374217,130.959968,269.94,194.03,1
273.56,48.34,194.03,30.374217,130.959968,269.94,194.03,1
273.63,48.34,194.03,30.374217,130.959968,269.94,194.03,1
273.69,48.34,194.03,30.374217,130.959968,269.94,194.03,1
273.76,48.34,194.03,30.374217,130.959968,269.94,194.03,1
273.83,48.34,194.03,30.374217,130.959968,269.94,194.03,1
273.89,48.34,194.03,30.374217,130.959968,269.94,194.03,1
273.96,48.34,194.03,30.374217,130.959968,269.94,194.03,1
274.03,48.34,194.03,30.374217,130.959968,269.94,194.03,1
274.09,48.34,194.03,30.374217,130.959968,269.94,194.03,1
274.16,48.34,194.03,30.374217,130.959968,269.94,194.03,1
274.23,48.34,194.03,30.374217,130.959968,269.94,194.03,1
274.29,48.34,194.03,30.374217,130.959968,269.94,194.03,1
274.36,48.34,194.03,30.374217,130.959968,269.94,194.03,1
274.43,48.34,194.03,30.374217,130.959968,269.94,194.03,1
274.49,48.34,194.03,30.374217,130.959968,269.94,194.03,1
274.56,48.34,194.03,30.374217,130.959968,269.94,194.03,1
274.63,48.34,194.03,30.374217,130.959968,269.94,194.03,1
274.69,48.34,194.03,30.374217,130.959968,269.94,194.03,1
274.76,48.34,194.03,30.374217,130.959968,269.94,194.03,1
274.83,48.34,194.03,30.374217,130.959968,269.94,194.03,1
274.89,48.34,194.03,30.374217,130.959968,269.94,194.03,1
274.96,48.34,194.03,30.374217,130.959968,269.94,194.03,1
275.02,48.34,194.03,30.374217,130.959968,269.94,194.03,1
275.09,48.34,194.03,30.374217,130.959968,269.94,194.03,1
275.16,48.34,194.03,30.374217,130.959968,269.94,194.03,1
275.22,48.34,194.03,30.374217,130.959968,269.94,194.03,1
275.29,48.34,194.03,30.374217,130.959968,269.94,194.03,1
275.36,48.34,194.03,30.374217,130.959968,269.94,194.03,1
275.42,48.34,194.03,30.374217,130.959968,269.94,194.03,1
275.49,48.16,194.08,30.374217,130.959968,269.94,194.08,1
275.56,48.16,194.08,30.374217,130.959968,269.94,194.08,1
275.62,48.16,194.08,30.374217,130.959968,269.94,194.08,1
275.69,48.16,194.08,30.374217,130.959968,269.94,194.08,1
275.76,48.16,194.08,30.374217,130.959968,269.94,194.08,1
275.82,48.16,194.08,30.374217,130.959968,269.94,194.08,1
275.89,48.16,194.08,30.374217,130.959968,269.94,194.08,1
275.96,48.16,194.08,30.374217,130.959968,269.94,194.08,1
276.02,48.16,194.08,30.374217,130.959968,269.94,194.08,1
276.09,48.16,194.08,30.374217,130.959968,269.94,194.08,1
276.16,48.16,194.08,30.374217,130.959968,269.94,194.08,1
276.22,48.16,194.08,30.374217,130.959968,269.94,194.08,1
276.29,48.16,194.08,30.374217,130.959968,269.94,194.08,1
276.36,48.16,194.08,30.374217,130.959968,269.94,194.08,1
276.42,48.16,194.08,30.374217,130.959968,269.94,194.08,1
276.49,48.16,194.08,30.374217,130.959968,269.94,194.08,1
276.56,48.16,194.08,30.374217,130.959968,269.94,194.08,1
276.62,48.16,194.08,30.374217,130.959968,269.94,194.08,1
276.69,48.16,194.08,30.374217,130.959968,269.94,194.08,1
276.76,48.16,194.08,30.374217,130.959968,269.94,194.08,1
276.82,48.16,194.08,30.374217,130.959968,269.94,194.08,1
276.89,48.16,194.08,30.374217,130.959968,269.94,194.08,1
276.96,48.16,194.08,30.374217,130.959968,269.94,194.08,1
277.02,48.16,194.08,30.374217,130.959968,269.94,194.08,1
277.09,48.16,194.08,30.374217,130.959968,269.94,194.08,1
277.16,48.16,194.08,30.374217,130.959968,269.94,194.08,1
277.23,48.16,194.08,30.374217,130.959968,269.94,194.08,1
277.29,48.16,194.08,30.374217,130.959968,269.94,194.08,1
277.36,48.16,194.08,30.374217,130.959968,269.94,194.08,1
277.43,47.98,194.13,30.374217,130.959968,269.94,194.13,1
277.49,47.98,194.13,30.374217,130.959968,269.94,194.13,1
277.56,47.98,194.13,30.374217,130.959968,269.94,194.13,1
277.63,47.98,194.13,30.374217,130.959968,269.94,194.13,1
277.69,47.98,194.13,30.374217,130.959968,269.94,194.13,1
277.76,47.98,194.13,30.374217,130.959968,269.94,194.13,1
277.84,47.98,194.13,30.374217,130.959968,269.94,194.13,1
277.9,47.98,194.13,30.374217,130.959968,269.94,194.13,1
277.97,47.98,194.13,30.374217,130.959968,269.94,194.13,1
278.03,47.98,194.13,30.374217,130.959968,269.94,194.13,1
278.1,47.98,194.13,30.374217,130.959968,269.94,194.13,1
278.17,47.98,194.13,30.374217,130.959968,269.94,194.13,1
278.23,47.98,194.13,30.374217,130.959968,269.94,194.13,1
278.3,47.98,194.13,30.374217,130.959968,269.94,194.13,1
278.37,47.98,194.13,30.374217,130.959968,269.94,194.13,1
278.43,47.98,194.13,30.374217,130.959968,269.94,194.13,1
278.5,47.98,194.13,30.374217,130.959968,269.94,194.13,1
278.57,47.98,194.13,30.374217,130.959968,269.94,194.13,1
278.63,47.98,194.13,30.374217,130.959968,269.94,194.13,1
278.7,47.98,194.13,30.374217,130.959968,269.94,194.13,1
278.76,47.98,194.13,30.374217,130.959968,269.94,194.13,1
278.83,47.98,194.13,30.374217,130.959968,269.94,194.13,1
278.9,47.98,194.13,30.374217,130.959968,269.94,194.13,1
278.96,47.98,194.13,30.374217,130.959968,269.94,194.13,1
279.03,47.98,194.13,30.374217,130.959968,269.94,194.13,1
279.1,47.98,194.13,30.374217,130.959968,269.94,194.13,1
279.16,47.98,194.13,30.374217,130.959968,269.94,194.13,1
279.23,47.98,194.13,30.374217,130.959968,269.94,194.13,1
279.3,47.98,194.13,30.374217,130.959968,269.94,194.13,1
279.36,47.98,194.13,30.374217,130.959968,269.94,194.13,1
279.43,47.98,194.13,30.374217,130.959968,269.94,194.13,1
279.5,47.98,194.13,30.374217,130.959968,269.94,194.13,1
279.56,48.02,194.32,30.374217,130.959968,269.94,194.32,1
279.63,48.02,194.32,30.374217,130.959968,269.94,194.32,1
279.69,48.02,194.32,30.374217,130.959968,269.94,194.32,1
279.76,48.02,194.32,30.374217,130.959968,269.94,194.32,1
279.83,48.02,194.32,30.374217,130.959968,269.94,194.32,1
279.89,48.02,194.32,30.374217,130.959968,269.94,194.32,1
279.96,48.02,194.32,30.374217,130.959968,269.94,194.32,1
280.03,48.02,194.32,30.374217,130.959968,269.94,194.32,1
280.09,48.02,194.32,30.374217,130.959968,269.94,194.32,1
280.16,48.02,194.32,30.374217,130.959968,269.94,194.32,1
280.22,48.02,194.32,30.374217,130.959968,269.94,194.32,1
280.29,48.02,194.32,30.374217,130.959968,269.94,194.32,1
280.36,48.02,194.32,30.374217,130.959968,269.94,194.32,1
280.43,47.98,194.13,30.374217,130.959968,269.94,194.13,1
280.49,47.98,194.13,30.374217,130.959968,269.94,194.13,1
280.56,47.98,194.13,30.374217,130.959968,269.94,194.13,1
280.62,47.98,194.13,30.374217,130.959968,269.94,194.13,1
280.69,47.98,194.13,30.374217,130.959968,269.94,194.13,1
280.76,47.98,194.13,30.374217,130.959968,269.94,194.13,1
280.82,47.98,194.13,30.374217,130.959968,269.94,194.13,1
280.89,47.98,194.13,30.374217,130.959968,269.94,194.13,1
280.96,47.98,194.13,30.374217,130.959968,269.94,194.13,1
281.02,47.98,194.13,30.374217,130.959968,269.94,194.13,1
281.09,47.98,194.13,30.374217,130.959968,269.94,194.13,1
281.16,47.98,194.13,30.374217,130.959968,269.94,194.13,1
281.22,47.98,194.13,30.374217,130.959968,269.94,194.13,1
281.29,47.98,194.13,30.374217,130.959968,269.94,194.13,1
281.36,47.98,194.13,30.374217,130.959968,269.94,194.13,1
281.42,47.98,194.13,30.374217,130.959968,269.94,194.13,1
281.49,47.8,194.19,30.374217,130.959968,269.94,194.19,1
281.56,47.8,194.19,30.374217,130.959968,269.94,194.19,1
281.62,47.8,194.19,30.374217,130.959968,269.94,194.19,1
281.69,47.8,194.19,30.374217,130.959968,269.94,194.19,1
281.76,47.8,194.19,30.374217,130.959968,269.94,194.19,1
281.82,47.8,194.19,30.374217,130.959968,269.94,194.19,1
281.89,47.8,194.19,30.374217,130.959968,269.94,194.19,1
281.96,47.8,194.19,30.374217,130.959968,269.94,194.19,1
282.02,47.8,194.19,30.374217,130.959968,269.94,194.19,1
282.09,47.8,194.19,30.374217,130.959968,269.94,194.19,1
282.16,47.8,194.19,30.374217,130.959968,269.94,194.19,1
282.22,47.8,194.19,30.374217,130.959968,269.94,194.19,1
282.29,47.8,194.19,30.374217,130.959968,269.94,194.19,1
282.36,47.8,194.19,30.374217,130.959968,269.94,194.19,1
282.43,47.8,194.19,30.374217,130.959968,269.94,194.19,1
282.49,47.8,194.19,30.374217,130.959968,269.94,194.19,1
282.56,47.8,194.19,30.374217,130.959968,269.94,194.19,1
282.63,47.8,194.19,30.374217,130.959968,269.94,194.19,1
282.69,47.8,194.19,30.374217,130.959968,269.94,194.19,1
282.76,47.8,194.19,30.374217,130.959968,269.94,194.19,1
282.83,47.8,194.19,30.374217,130.959968,269.94,194.19,1
282.9,47.8,194.19,30.374217,130.959968,269.94,194.19,1
282.96,47.8,194.19,30.374217,130.959968,269.94,194.19,1
283.03,47.8,194.19,30.374217,130.959968,269.94,194.19,1
283.1,47.8,194.19,30.374217,130.959968,269.94,194.19,1
283.16,47.8,194.19,30.374217,130.959968,269.94,194.19,1
283.23,47.8,194.19,30.374217,130.959968,269.94,194.19,1
283.3,47.8,194.19,30.374217,130.959968,269.94,194.19,1
283.36,47.8,194.19,30.374217,130.959968,269.94,194.19,1
283.43,47.8,194.19,30.374217,130.959968,269.94,194.19,1
283.5,47.8,194.19,30.374217,130.959968,269.94,194.19,1
283.57,47.8,194.19,30.374217,130.959968,269.94,194.19,1
283.63,47.8,194.19,30.374217,130.959968,269.94,194.19,1
283.7,47.8,194.19,30.374217,130.959968,269.94,194.19,1
283.77,47.8,194.19,30.374217,130.959968,269.94,194.19,1
283.83,47.8,194.19,30.374217,130.959968,269.94,194.19,1
283.9,47.8,194.19,30.374217,130.959968,269.94,194.19,1
283.97,47.8,194.19,30.374217,130.959968,269.94,194.19,1
284.03,47.8,194.19,30.374217,130.959968,269.94,194.19,1
284.1,47.8,194.19,30.374217,130.959968,269.94,194.19,1
284.17,47.8,194.19,30.374217,130.959968,269.94,194.19,1
284.23,47.8,194.19,30.374217,130.959968,269.94,194.19,1
284.3,47.8,194.19,30.374217,130.959968,269.94,194.19,1
284.37,47.8,194.19,30.374217,130.959968,269.94,194.19,1
284.44,47.8,194.19,30.374217,130.959968,269.94,194.19,1
284.51,47.8,194.19,30.374217,130.959968,269.94,194.19,1
284.58,47.8,194.19,30.374217,130.959968,269.94,194.19,1
284.64,47.8,194.19,30.374217,130.959968,269.94,194.19,1
284.71,47.8,194.19,30.374217,130.959968,269.94,194.19,1
284.77,47.8,194.19,30.374217,130.959968,269.94,194.19,1
284.84,47.8,194.19,30.374217,130.959968,269.94,194.19,1
284.91,47.8,194.19,30.374217,130.959968,269.94,194.19,1
284.97,47.8,194.19,30.374217,130.959968,269.94,194.19,1
285.04,47.8,194.19,30.374217,130.959968,269.94,194.19,1
285.11,47.8,194.19,30.374217,130.959968,269.94,194.19,1
285.17,47.8,194.19,30.374217,130.959968,269.94,194.19,1
285.24,47.8,194.19,30.374217,130.959968,269.94,194.19,1
285.31,47.8,194.19,30.374217,130.959968,269.94,194.19,1
285.37,47.8,194.19,30.374217,130.959968,269.94,194.19,1
285.44,47.8,194.19,30.374217,130.959968,269.94,194.19,1
285.5,47.8,194.19,30.374217,130.959968,269.94,194.19,1
285.57,47.8,194.19,30.374217,130.959968,269.94,194.19,1
285.64,47.8,194.19,30.374217,130.959968,269.94,194.19,1
285.7,47.8,194.19,30.374217,130.959968,269.94,194.19,1
285.77,47.8,194.19,30.374217,130.959968,269.94,194.19,1
285.84,47.8,194.19,30.374217,130.959968,269.94,194.19,1
285.9,47.8,194.19,30.374217,130.959968,269.94,194.19,1
285.97,47.8,194.19,30.374217,130.959968,269.94,194.19,1
286.03,47.8,194.19,30.374217,130.959968,269.94,194.19,1
286.1,47.8,194.19,30.374217,130.959968,269.94,194.19,1
286.17,47.8,194.19,30.374217,130.959968,269.94,194.19,1
286.23,47.8,194.19,30.374217,130.959968,269.94,194.19,1
286.3,47.8,194.19,30.374217,130.959968,269.94,194.19,1
286.37,47.8,194.19,30.374217,130.959968,269.94,194.19,1
286.44,47.8,194.19,30.374217,130.959968,269.94,194.19,1
286.5,47.8,194.19,30.374217,130.959968,269.94,194.19,1
286.57,47.8,194.19,30.374217,130.959968,269.94,194.19,1
286.64,47.8,194.19,30.374217,130.959968,269.94,194.19,1
286.7,47.8,194.19,30.374217,130.959968,269.94,194.19,1
286.77,47.8,194.19,30.374217,130.959968,269.94,194.19,1
286.84,47.8,194.19,30.374217,130.959968,269.94,194.19,1
286.9,47.8,194.19,30.374217,130.959968,269.94,194.19,1
286.97,47.8,194.19,30.374217,130.959968,269.94,194.19,1
287.04,47.8,194.19,30.374217,130.959968,269.94,194.19,1
287.1,47.8,194.19,30.374217,130.959968,269.94,194.19,1
287.17,47.8,194.19,30.374217,130.959968,269.94,194.19,1
287.24,47.8,194.19,30.374217,130.959968,269.94,194.19,1
287.3,47.8,194.19,30.374217,130.959968,269.94,194.19,1
287.37,47.8,194.19,30.374217,130.959968,269.94,194.19,1
287.44,47.8,194.19,30.374217,130.959968,269.94,194.19,1
287.5,47.59,194.06,30.374217,130.959968,269.94,194.06,1
287.57,47.59,194.06,30.374217,130.959968,269.94,194.06,1
287.64,47.59,194.06,30.374217,130.959968,269.94,194.06,1
287.7,47.59,194.06,30.374217,130.959968,269.94,194.06,1
287.77,47.59,194.06,30.374217,130.959968,269.94,194.06,1
287.84,47.59,194.06,30.374217,130.959968,269.94,194.06,1
287.9,47.59,194.06,30.374217,130.959968,269.94,194.06,1
287.97,47.59,194.06,30.374217,130.959968,269.94,194.06,1
288.03,47.59,194.06,30.374217,130.959968,269.94,194.06,1
288.1,47.59,194.06,30.374217,130.959968,269.94,194.06,1
288.17,47.59,194.06,30.374217,130.959968,269.94,194.06,1
288.23,47.59,194.06,30.374217,130.959968,269.94,194.06,1
288.3,47.59,194.06,30.374217,130.959968,269.94,194.06,1
288.37,47.59,194.06,30.374217,130.959968,269.94,194.06,1
288.44,47.59,194.06,30.374217,130.959968,269.94,194.06,1
288.5,47.62,194.24,30.374217,130.959968,269.94,194.24,1
288.57,47.62,194.24,30.374217,130.959968,269.94,194.24,1
288.64,47.62,194.24,30.374217,130.959968,269.94,194.24,1
288.7,47.62,194.24,30.374217,130.959968,269.94,194.24,1
288.77,47.62,194.24,30.374217,130.959968,269.94,194.24,1
288.84,47.62,194.24,30.374217,130.959968,269.94,194.24,1
288.9,47.62,194.24,30.374217,130.959968,269.94,194.24,1
288.97,47.62,194.24,30.374217,130.959968,269.94,194.24,1
289.04,47.62,194.24,30.374217,130.959968,269.94,194.24,1
289.1,47.62,194.24,30.374217,130.959968,269.94,194.24,1
289.17,47.62,194.24,30.374217,130.959968,269.94,194.24,1
289.24,47.62,194.24,30.374217,130.959968,269.94,194.24,1
289.3,47.62,194.24,30.374217,130.959968,269.94,194.24,1
289.37,47.62,194.24,30.374217,130.959968,269.94,194.24,1
289.44,47.62,194.24,30.374217,130.959968,269.94,194.24,1
289.5,47.62,194.24,30.374217,130.959968,269.94,194.24,1
289.57,47.62,194.24,30.374217,130.959968,269.94,194.24,1
289.64,47.62,194.24,30.374217,130.959968,269.94,194.24,1
289.7,47.62,194.24,30.374217,130.959968,269.94,194.24,1
289.77,47.62,194.24,30.374217,130.959968,269.94,194.24,1
289.84,47.62,194.24,30.374217,130.959968,269.94,194.24,1
289.9,47.62,194.24,30.374217,130.959968,269.94,194.24,1
289.97,47.62,194.24,30.374217,130.959968,269.94,194.24,1
290.04,47.62,194.24,30.374217,130.959968,269.94,194.24,1
290.1,47.62,194.24,30.374217,130.959968,269.94,194.24,1
290.17,47.62,194.24,30.374217,130.959968,269.94,194.24,1
290.24,47.62,194.24,30.374217,130.959968,269.94,194.24,1
290.31,47.62,194.24,30.374217,130.959968,269.94,194.24,1
290.37,47.62,194.24,30.374217,130.959968,269.94,194.24,1
290.44,47.62,194.24,30.374217,130.959968,269.94,194.24,1
290.51,47.62,194.24,30.374217,130.959968,269.94,194.24,1
290.57,47.62,194.24,30.374217,130.959968,269.94,194.24,1
290.64,47.62,194.24,30.374217,130.959968,269.94,194.24,1
290.71,47.62,194.24,30.374217,130.959968,269.94,194.24,1
290.78,47.62,194.24,30.374217,130.959968,269.94,194.24,1
290.85,47.62,194.24,30.374217,130.959968,269.94,194.24,1
290.92,47.62,194.24,30.374217,130.959968,269.94,194.24,1
290.99,47.62,194.24,30.374217,130.959968,269.94,194.24,1
291.05,47.62,194.24,30.374217,130.959968,269.94,194.24,1
291.12,47.62,194.24,30.374217,130.959968,269.94,194.24,1
291.18,47.62,194.24,30.374217,130.959968,269.94,194.24,1
291.25,47.62,194.24,30.374217,130.959968,269.94,194.24,1
291.32,47.62,194.24,30.374217,130.959968,269.94,194.24,1
291.38,47.62,194.24,30.374217,130.959968,269.94,194.24,1
291.45,47.62,194.24,30.374217,130.959968,269.94,194.24,1
291.52,47.62,194.24,30.374217,130.959968,269.94,194.24,1
291.58,47.62,194.24,30.374217,130.959968,269.94,194.24,1
291.65,47.62,194.24,30.374217,130.959968,269.94,194.24,1
291.71,47.62,194.24,30.374217,130.959968,269.94,194.24,1
291.78,47.62,194.24,30.374217,130.959968,269.94,194.24,1
291.85,47.62,194.24,30.374217,130.959968,269.94,194.24,1
291.91,47.62,194.24,30.374217,130.959968,269.94,194.24,1
291.98,47.62,194.24,30.374217,130.959968,269.94,194.24,1
292.05,47.62,194.24,30.374217,130.959968,269.94,194.24,1
292.11,47.62,194.24,30.374217,130.959968,269.94,194.24,1
292.18,47.62,194.24,30.374217,130.959968,269.94,194.24,1
292.25,47.62,194.24,30.374217,130.959968,269.94,194.24,1
292.31,47.62,194.24,30.374217,130.959968,269.94,194.24,1
292.38,47.62,194.24,30.374217,130.959968,269.94,194.24,1
292.45,47.62,194.24,30.374217,130.959968,269.94,194.24,1
292.51,47.62,194.24,30.374217,130.959968,269.94,194.24,1
292.58,47.62,194.24,30.374217,130.959968,269.94,194.24,1
292.65,47.62,194.24,30.374217,130.959968,269.94,194.24,1
292.71,47.62,194.24,30.374217,130.959968,269.94,194.24,1
292.78,47.62,194.24,30.374217,130.959968,269.94,194.24,1
292.84,47.62,194.24,30.374217,130.959968,269.94,194.24,1
292.91,47.62,194.24,30.374217,130.959968,269.94,194.24,1
292.98,47.62,194.24,30.374217,130.959968,269.94,194.24,1
293.04,47.62,194.24,30.374217,130.959968,269.94,194.24,1
293.11,47.62,194.24,30.374217,130.959968,269.94,194.24,1
293.18,47.62,194.24,30.374217,130.959968,269.94,194.24,1
293.24,47.62,194.24,30.374217,130.959968,269.94,194.24,1
293.31,47.62,194.24,30.374217,130.959968,269.94,194.24,1
293.38,47.62,194.24,30.374217,130.959968,269.94,194.24,1
293.45,47.62,194.24,30.374217,130.959968,269.94,194.24,1
293.51,47.62,194.24,30.374217,130.959968,269.94,194.24,1
293.58,47.62,194.24,30.374217,130.959968,269.94,194.24,1
293.65,47.62,194.24,30.374217,130.959968,269.94,194.24,1
293.71,47.62,194.24,30.374217,130.959968,269.94,194.24,1
293.78,47.62,194.24,30.374217,130.959968,269.94,194.24,1
293.85,47.62,194.24,30.374217,130.959968,269.94,194.24,1
293.91,47.62,194.24,30.374217,130.959968,269.94,194.24,1
293.98,47.62,194.24,30.374217,130.959968,269.94,194.24,1
294.04,47.62,194.24,30.374217,130.959968,269.94,194.24,1
294.11,47.62,194.24,30.374217,130.959968,269.94,194.24,1
294.18,47.62,194.24,30.374217,130.959968,269.94,194.24,1
294.25,47.62,194.24,30.374217,130.959968,269.94,194.24,1
294.31,47.62,194.24,30.374217,130.959968,269.94,194.24,1
294.38,47.62,194.24,30.374217,130.959968,269.94,194.24,1
294.45,47.62,194.24,30.374217,130.959968,269.94,194.24,1
294.51,47.62,194.24,30.374217,130.959968,269.94,194.24,1
294.58,47.62,194.24,30.374217,130.959968,269.94,194.24,1
294.65,47.62,194.24,30.374217,130.959968,269.94,194.24,1
294.71,47.62,194.24,30.374217,130.959968,269.94,194.24,1
294.78,47.62,194.24,30.374217,130.959968,269.94,194.24,1
294.85,47.62,194.24,30.374217,130.959968,269.94,194.24,1
294.91,47.62,194.24,30.374217,130.959968,269.94,194.24,1
294.98,47.62,194.24,30.374217,130.959968,269.94,194.24,1
295.05,47.62,194.24,30.374217,130.959968,269.94,194.24,1
295.11,47.62,194.24,30.374217,130.959968,269.94,194.24,1
295.18,47.62,194.24,30.374217,130.959968,269.94,194.24,1
295.25,47.62,194.24,30.374217,130.959968,269.94,194.24,1
295.32,47.62,194.24,30.374217,130.959968,269.94,194.24,1
295.38,47.62,194.24,30.374217,130.959968,269.94,194.24,1
295.45,47.62,194.24,30.374217,130.959968,269.94,194.24,1
295.52,47.62,194.24,30.374217,130.959968,269.94,194.24,1
295.58,47.62,194.24,30.374217,130.959968,269.94,194.24,1
295.65,47.62,194.24,30.374217,130.959968,269.94,194.24,1
295.72,47.62,194.24,30.374217,130.959968,269.94,194.24,1
295.78,47.62,194.24,30.374217,130.959968,269.94,194.24,1
295.85,47.62,194.24,30.374217,130.959968,269.94,194.24,1
295.92,47.62,194.24,30.374217,130.959968,269.94,194.24,1
295.98,47.62,194.24,30.374217,130.959968,269.94,194.24,1
296.05,47.62,194.24,30.374217,130.959968,269.94,194.24,1
296.12,47.62,194.24,30.374217,130.959968,269.94,194.24,1
296.19,47.62,194.24,30.374217,130.959968,269.94,194.24,1
296.25,47.62,194.24,30.374217,130.959968,269.94,194.24,1
296.32,47.62,194.24,30.374217,130.959968,269.94,194.24,1
296.39,47.62,194.24,30.374217,130.959968,269.94,194.24,1
296.45,47.62,194.24,30.374217,130.959968,269.94,194.24,1
296.52,47.62,194.24,30.374217,130.959968,269.94,194.24,1
296.59,47.62,194.24,30.374217,130.959968,269.94,194.24,1
296.65,47.62,194.24,30.374217,130.959968,269.94,194.24,1
296.72,47.62,194.24,30.374217,130.959968,269.94,194.24,1
296.79,47.62,194.24,30.374217,130.959968,269.94,194.24,1
296.85,47.62,194.24,30.374217,130.959968,269.94,194.24,1
296.92,47.62,194.24,30.374217,130.959968,269.94,194.24,1
296.99,47.62,194.24,30.374217,130.959968,269.94,194.24,1
297.06,47.62,194.24,30.374217,130.959968,269.94,194.24,1
297.12,47.62,194.24,30.374217,130.959968,269.94,194.24,1
297.19,47.62,194.24,30.374217,130.959968,269.94,194.24,1
297.26,47.62,194.24,30.374217,130.959968,269.94,194.24,1
297.32,47.62,194.24,30.374217,130.959968,269.94,194.24,1
297.39,47.62,194.24,30.374217,130.959968,269.94,194.24,1
297.46,47.62,194.24,30.374217,130.959968,269.94,194.24,1
297.53,47.62,194.24,30.374217,130.959968,269.94,194.24,1
297.6,47.62,194.24,30.374217,130.959968,269.94,194.24,1
297.66,47.62,194.24,30.374217,130.959968,269.94,194.24,1
297.73,47.62,194.24,30.374217,130.959968,269.94,194.24,1
297.8,47.62,194.24,30.374217,130.959968,269.94,194.24,1
297.86,47.62,194.24,30.374217,130.959968,269.94,194.24,1
297.93,47.62,194.24,30.374217,130.959968,269.94,194.24,1
297.99,47.62,194.24,30.374217,130.959968,269.94,194.24,1
298.06,47.62,194.24,30.374217,130.959968,269.94,194.24,1
298.13,47.62,194.24,30.374217,130.959968,269.94,194.24,1
298.2,47.62,194.24,30.374217,130.959968,269.94,194.24,1
298.26,47.62,194.24,30.374217,130.959968,269.94,194.24,1
298.33,47.62,194.24,30.374217,130.959968,269.94,194.24,1
298.39,47.62,194.24,30.374217,130.959968,269.94,194.24,1
298.46,47.62,194.24,30.374217,130.959968,269.94,194.24,1
298.53,47.62,194.24,30.374217,130.959968,269.94,194.24,1
298.59,47.62,194.24,30.374217,130.959968,269.94,194.24,1
298.66,47.62,194.24,30.374217,130.959968,269.94,194.24,1
298.73,47.62,194.24,30.374217,130.959968,269.94,194.24,1
298.79,47.62,194.24,30.374217,130.959968,269.94,194.24,1
298.86,47.62,194.24,30.374217,130.959968,269.94,194.24,1
298.93,47.62,194.24,30.374217,130.959968,269.94,194.24,1
298.99,47.62,194.24,30.374217,130.959968,269.94,194.24,1
299.06,47.62,194.24,30.374217,130.959968,269.94,194.24,1
299.13,47.62,194.24,30.374217,130.959968,269.94,194.24,1
299.19,47.62,194.24,30.374217,130.959968,269.94,194.24,1
299.26,47.62,194.24,30.374217,130.959968,269.94,194.24,1
299.33,47.62,194.24,30.374217,130.959968,269.94,194.24,1
299.39,47.62,194.24,30.374217,130.959968,269.94,194.24,1
299.46,47.62,194.24,30.374217,130.959968,269.94,194.24,1
299.53,47.62,194.24,30.374217,130.959968,269.94,194.24,1
299.59,47.62,194.24,30.374217,130.959968,269.94,194.24,1
299.66,47.62,194.24,30.374217,130.959968,269.94,194.24,1
299.73,47.62,194.24,30.374217,130.959968,269.94,194.24,1
299.79,47.62,194.24,30.374217,130.959968,269.94,194.24,1
299.86,47.62,194.24,30.374217,130.959968,269.94,194.24,1
299.92,47.62,194.24,30.374217,130.959968,269.94,194.24,1
299.99,47.62,194.24,30.374217,130.959968,269.94,194.24,1
300.06,47.62,194.24,30.374217,130.959968,269.94,194.24,1
300.12,47.62,194.24,30.374217,130.959968,269.94,194.24,1
300.19,47.62,194.24,30.374217,130.959968,269.94,194.24,1
300.26,47.62,194.24,30.374217,130.959968,269.94,194.24,1
300.32,47.62,194.24,30.374217,130.959968,269.94,194.24,1
300.39,47.62,194.24,30.374217,130.959968,269.94,194.24,1
300.46,47.62,194.24,30.374217,130.959968,269.94,194.24,1
300.52,47.62,194.24,30.374217,130.959968,269.94,194.24,1
300.59,47.62,194.24,30.374217,130.959968,269.94,194.24,1
300.66,47.62,194.24,30.374217,130.959968,269.94,194.24,1
300.72,47.62,194.24,30.374217,130.959968,269.94,194.24,1
300.79,47.62,194.24,30.374217,130.959968,269.94,194.24,1
300.86,47.62,194.24,30.374217,130.959968,269.94,194.24,1
300.92,47.62,194.24,30.374217,130.959968,269.94,194.24,1
300.99,47.62,194.24,30.374217,130.959968,269.94,194.24,1
301.06,47.62,194.24,30.374217,130.959968,269.94,194.24,1
301.12,47.62,194.24,30.374217,130.959968,269.94,194.24,1
301.19,47.62,194.24,30.374217,130.959968,269.94,194.24,1
301.26,47.62,194.24,30.374217,130.959968,269.94,194.24,1
301.32,47.62,194.24,30.374217,130.959968,269.94,194.24,1
301.39,47.62,194.24,30.374217,130.959968,269.94,194.24,1
301.46,47.62,194.24,30.374217,130.959968,269.94,194.24,1
301.52,47.62,194.24,30.374217,130.959968,269.94,194.24,1
301.59,47.62,194.24,30.374217,130.959968,269.94,194.24,1
301.66,47.62,194.24,30.374217,130.959968,269.94,194.24,1
301.73,47.62,194.24,30.374217,130.959968,269.94,194.24,1
301.79,47.62,194.24,30.374217,130.959968,269.94,194.24,1
301.86,47.62,194.24,30.374217,130.959968,269.94,194.24,1
301.93,47.62,194.24,30.374217,130.959968,269.94,194.24,1
301.99,47.62,194.24,30.374217,130.959968,269.94,194.24,1
302.06,47.62,194.24,30.374217,130.959968,269.94,194.24,1
302.13,47.62,194.24,30.374217,130.959968,269.94,194.24,1
302.19,47.62,194.24,30.374217,130.959968,269.94,194.24,1
302.26,47.62,194.24,30.374217,130.959968,269.94,194.24,1
302.33,47.62,194.24,30.374217,130.959968,269.94,194.24,1
302.39,47.62,194.24,30.374217,130.959968,269.94,194.24,1
302.46,47.62,194.24,30.374217,130.959968,269.94,194.24,1
302.53,47.62,194.24,30.374217,130.959968,269.94,194.24,1
302.6,47.62,194.24,30.374217,130.959968,269.94,194.24,1
302.66,47.62,194.24,30.374217,130.959968,269.94,194.24,1
302.73,47.62,194.24,30.374217,130.959968,269.94,194.24,1
302.8,47.62,194.24,30.374217,130.959968,269.94,194.24,1
302.86,47.62,194.24,30.374217,130.959968,269.94,194.24,1
302.93,47.62,194.24,30.374217,130.959968,269.94,194.24,1
303.0,47.62,194.24,30.374217,130.959968,269.94,194.24,1
303.07,47.62,194.24,30.374217,130.959968,269.94,194.24,1
303.13,47.62,194.24,30.374217,130.959968,269.94,194.24,1
303.2,47.62,194.24,30.374217,130.959968,269.94,194.24,1
303.27,47.62,194.24,30.374217,130.959968,269.94,194.24,1
303.33,47.62,194.24,30.374217,130.959968,269.94,194.24,1
303.4,47.62,194.24,30.374217,130.959968,269.94,194.24,1
303.47,47.62,194.24,30.374217,130.959968,269.94,194.24,1
303.53,47.62,194.24,30.374217,130.959968,269.94,194.24,1
303.6,47.62,194.24,30.374217,130.959968,269.94,194.24,1
303.67,47.62,194.24,30.374217,130.959968,269.94,194.24,1
303.74,47.62,194.24,30.374217,130.959968,269.94,194.24,1
303.8,47.62,194.24,30.374217,130.959968,269.94,194.24,1
303.87,47.62,194.24,30.374217,130.959968,269.94,194.24,1
303.94,47.62,194.24,30.374217,130.959968,269.94,194.24,1
304.01,47.62,194.24,30.374217,130.959968,269.94,194.24,1
304.08,47.62,194.24,30.374217,130.959968,269.94,194.24,1
304.15,47.62,194.24,30.374217,130.959968,269.94,194.24,1
304.21,47.62,194.24,30.374217,130.959968,269.94,194.24,1
304.28,47.62,194.24,30.374217,130.959968,269.94,194.24,1
304.35,47.62,194.24,30.374217,130.959968,269.94,194.24,1
304.41,47.62,194.24,30.374217,130.959968,269.94,194.24,1
304.48,47.62,194.24,30.374217,130.959968,269.94,194.24,1
304.54,47.62,194.24,30.374217,130.959968,269.94,194.24,1
304.61,47.62,194.24,30.374217,130.959968,269.94,194.24,1
304.68,47.62,194.24,30.374217,130.959968,269.94,194.24,1
304.74,47.62,194.24,30.374217,130.959968,269.94,194.24,1
304.81,47.62,194.24,30.374217,130.959968,269.94,194.24,1
304.88,47.62,194.24,30.374217,130.959968,269.94,194.24,1
304.94,47.62,194.24,30.374217,130.959968,269.94,194.24,1
305.01,47.62,194.24,30.374217,130.959968,269.94,194.24,1
305.08,47.62,194.24,30.374217,130.959968,269.94,194.24,1
305.14,47.62,194.24,30.374217,130.959968,269.94,194.24,1
305.21,47.62,194.24,30.374217,130.959968,269.94,194.24,1
305.28,47.62,194.24,30.374217,130.959968,269.94,194.24,1
305.34,47.62,194.24,30.374217,130.959968,269.94,194.24,1
305.41,47.62,194.24,30.374217,130.959968,269.94,194.24,1
305.48,47.62,194.24,30.374217,130.959968,269.94,194.24,1
305.54,47.62,194.24,30.374217,130.959968,269.94,194.24,1
305.61,47.62,194.24,30.374217,130.959968,269.94,194.24,1
305.68,47.62,194.24,30.374217,130.959968,269.94,194.24,1
305.74,47.62,194.24,30.374217,130.959968,269.94,194.24,1
305.81,47.62,194.24,30.374217,130.959968,269.94,194.24,1
305.88,47.62,194.24,30.374217,130.959968,269.94,194.24,1
305.94,47.62,194.24,30.374217,130.959968,269.94,194.24,1
306.01,47.62,194.24,30.374217,130.959968,269.94,194.24,1
306.08,47.62,194.24,30.374217,130.959968,269.94,194.24,1
306.14,47.62,194.24,30.374217,130.959968,269.94,194.24,1
306.21,47.62,194.24,30.374217,130.959968,269.94,194.24,1
306.28,47.62,194.24,30.374217,130.959968,269.94,194.24,1
306.34,47.62,194.24,30.374217,130.959968,269.94,194.24,1
306.41,47.62,194.24,30.374217,130.959968,269.94,194.24,1
306.48,47.62,194.24,30.374217,130.959968,269.94,194.24,1
306.54,47.62,194.24,30.374217,130.959968,269.94,194.24,1
306.61,47.62,194.24,30.374217,130.959968,269.94,194.24,1
306.68,47.62,194.24,30.374217,130.959968,269.94,194.24,1
306.74,47.62,194.24,30.374217,130.959968,269.94,194.24,1
306.81,47.62,194.24,30.374217,130.959968,269.94,194.24,1
306.88,47.62,194.24,30.374217,130.959968,269.94,194.24,1
306.94,47.62,194.24,30.374217,130.959968,269.94,194.24,1
307.01,47.62,194.24,30.374217,130.959968,269.94,194.24,1
307.08,47.62,194.24,30.374217,130.959968,269.94,194.24,1
307.14,47.62,194.24,30.374217,130.959968,269.94,194.24,1
307.21,47.62,194.24,30.374217,130.959968,269.94,194.24,1
307.28,47.62,194.24,30.374217,130.959968,269.94,194.24,1
307.34,47.62,194.24,30.374217,130.959968,269.94,194.24,1
307.41,47.62,194.24,30.374217,130.959968,269.94,194.24,1
307.48,47.62,194.24,30.374217,130.959968,269.94,194.24,1
307.54,47.62,194.24,30.374217,130.959968,269.94,194.24,1
307.61,47.62,194.24,30.374217,130.959968,269.94,194.24,1
307.68,47.62,194.24,30.374217,130.959968,269.94,194.24,1
307.75,47.62,194.24,30.374217,130.959968,269.94,194.24,1
307.82,47.62,194.24,30.374217,130.959968,269.94,194.24,1
307.88,47.62,194.24,30.374217,130.959968,269.94,194.24,1
307.95,47.62,194.24,30.374217,130.959968,269.94,194.24,1
308.01,47.62,194.24,30.374217,130.959968,269.94,194.24,1
308.08,47.62,194.24,30.374217,130.959968,269.94,194.24,1
308.15,47.62,194.24,30.374217,130.959968,269.94,194.24,1
308.21,47.62,194.24,30.374217,130.959968,269.94,194.24,1
308.28,47.62,194.24,30.374217,130.959968,269.94,194.24,1
308.34,47.62,194.24,30.374217,130.959968,269.94,194.24,1
308.41,47.62,194.24,30.374217,130.959968,269.94,194.24,1
308.48,47.62,194.24,30.374217,130.959968,269.94,194.24,1
308.54,47.62,194.24,30.374217,130.959968,269.94,194.24,1
308.61,47.62,194.24,30.374217,130.959968,269.94,194.24,1
308.68,47.62,194.24,30.374217,130.959968,269.94,194.24,1
308.74,47.62,194.24,30.374217,130.959968,269.94,194.24,1
308.81,47.62,194.24,30.374217,130.959968,269.94,194.24,1
308.87,47.62,194.24,30.374217,130.959968,269.94,194.24,1
308.94,47.62,194.24,30.374217,130.959968,269.94,194.24,1
309.01,47.62,194.24,30.374217,130.959968,269.94,194.24,1
309.07,47.62,194.24,30.374217,130.959968,269.94,194.24,1
309.14,47.62,194.24,30.374217,130.959968,269.94,194.24,1
309.21,47.62,194.24,30.374217,130.959968,269.94,194.24,1
309.27,47.62,194.24,30.374217,130.959968,269.94,194.24,1
309.34,47.62,194.24,30.374217,130.959968,269.94,194.24,1
309.4,47.62,194.24,30.374217,130.959968,269.94,194.24,1
309.47,47.62,194.24,30.374217,130.959968,269.94,194.24,1
309.54,47.62,194.24,30.374217,130.959968,269.94,194.24,1
309.6,47.62,194.24,30.374217,130.959968,269.94,194.24,1
309.67,47.62,194.24,30.374217,130.959968,269.94,194.24,1
309.74,47.62,194.24,30.374217,130.959968,269.94,194.24,1
309.8,47.62,194.24,30.374217,130.959968,269.94,194.24,1
309.87,47.62,194.24,30.374217,130.959968,269.94,194.24,1
309.94,47.62,194.24,30.374217,130.959968,269.94,194.24,1
310.0,47.62,194.24,30.374217,130.959968,269.94,194.24,1
310.07,47.62,194.24,30.374217,130.959968,269.94,194.24,1
310.14,47.62,194.24,30.374217,130.959968,269.94,194.24,1
310.2,47.62,194.24,30.374217,130.959968,269.94,194.24,1
310.27,47.62,194.24,30.374217,130.959968,269.94,194.24,1
310.34,47.62,194.24,30.374217,130.959968,269.94,194.24,1
310.4,47.62,194.24,30.374217,130.959968,269.94,194.24,1
310.47,47.62,194.24,30.374217,130.959968,269.94,194.24,1
310.54,47.62,194.24,30.374217,130.959968,269.94,194.24,1
310.6,47.62,194.24,30.374217,130.959968,269.94,194.24,1
310.67,47.62,194.24,30.374217,130.959968,269.94,194.24,1
310.74,47.62,194.24,30.374217,130.959968,269.94,194.24,1
310.81,47.62,194.24,30.374217,130.959968,269.94,194.24,1
310.87,47.62,194.24,30.374217,130.959968,269.94,194.24,1
310.94,47.62,194.24,30.374217,130.959968,269.94,194.24,1
311.01,47.62,194.24,30.374217,130.959968,269.94,194.24,1
311.07,47.62,194.24,30.374217,130.959968,269.94,194.24,1
311.14,47.62,194.24,30.374217,130.959968,269.94,194.24,1
311.2,47.62,194.24,30.374217,130.959968,269.94,194.24,1
311.27,47.62,194.24,30.374217,130.959968,269.94,194.24,1
311.33,47.62,194.24,30.374217,130.959968,269.94,194.24,1
311.4,47.62,194.24,30.374217,130.959968,269.94,194.24,1
311.47,47.62,194.24,30.374217,130.959968,269.94,194.24,1
311.53,47.62,194.24,30.374217,130.959968,269.94,194.24,1
311.6,47.62,194.24,30.374217,130.959968,269.94,194.24,1
311.66,47.62,194.24,30.374217,130.959968,269.94,194.24,1
311.73,47.62,194.24,30.374217,130.959968,269.94,194.24,1
311.8,47.62,194.24,30.374217,130.959968,269.94,194.24,1
311.86,47.62,194.24,30.374217,130.959968,269.94,194.24,1
311.93,47.62,194.24,30.374217,130.959968,269.94,194.24,1
311.99,47.62,194.24,30.374217,130.959968,269.94,194.24,1
312.06,47.62,194.24,30.374217,130.959968,269.94,194.24,1
312.12,47.62,194.24,30.374217,130.959968,269.94,194.24,1
312.19,47.62,194.24,30.374217,130.959968,269.94,194.24,1
312.26,47.62,194.24,30.374217,130.959968,269.94,194.24,1
312.33,47.62,194.24,30.374217,130.959968,269.94,194.24,1
312.4,47.62,194.24,30.374217,130.959968,269.94,194.24,1
312.46,47.62,194.24,30.374217,130.959968,269.94,194.24,1
312.53,47.62,194.24,30.374217,130.959968,269.94,194.24,1
312.59,47.62,194.24,30.374217,130.959968,269.94,194.24,1
312.66,47.62,194.24,30.374217,130.959968,269.94,194.24,1
312.73,47.62,194.24,30.374217,130.959968,269.94,194.24,1
312.79,47.62,194.24,30.374217,130.959968,269.94,194.24,1
312.86,47.62,194.24,30.374217,130.959968,269.94,194.24,1
312.93,47.62,194.24,30.374217,130.959968,269.94,194.24,1
312.99,47.62,194.24,30.374217,130.959968,269.94,194.24,1
313.06,47.62,194.24,30.374217,130.959968,269.94,194.24,1
313.12,47.62,194.24,30.374217,130.959968,269.94,194.24,1
313.19,47.62,194.24,30.374217,130.959968,269.94,194.24,1
313.26,47.62,194.24,30.374217,130.959968,269.94,194.24,1
313.32,47.62,194.24,30.374217,130.959968,269.94,194.24,1
313.39,47.62,194.24,30.374217,130.959968,269.94,194.24,1
313.46,47.62,194.24,30.374217,130.959968,269.94,194.24,1
313.53,47.62,194.24,30.374217,130.959968,269.94,194.24,1
313.59,47.62,194.24,30.374217,130.959968,269.94,194.24,1
313.66,47.62,194.24,30.374217,130.959968,269.94,194.24,1
313.72,47.62,194.24,30.374217,130.959968,269.94,194.24,1
313.79,47.62,194.24,30.374217,130.959968,269.94,194.24,1
313.86,47.62,194.24,30.374217,130.959968,269.94,194.24,1
313.92,47.62,194.24,30.374217,130.959968,269.94,194.24,1
313.99,47.62,194.24,30.374217,130.959968,269.94,194.24,1
314.06,47.62,194.24,30.374217,130.959968,269.94,194.24,1
314.12,47.62,194.24,30.374217,130.959968,269.94,194.24,1
314.19,47.62,194.24,30.374217,130.959968,269.94,194.24,1
314.26,47.62,194.24,30.374217,130.959968,269.94,194.24,1
314.32,47.62,194.24,30.374217,130.959968,269.94,194.24,1
314.39,47.62,194.24,30.374217,130.959968,269.94,194.24,1
314.46,47.62,194.24,30.374217,130.959968,269.94,194.24,1
314.52,47.62,194.24,30.374217,130.959968,269.94,194.24,1
314.59,47.62,194.24,30.374217,130.959968,269.94,194.24,1
314.66,47.62,194.24,30.374217,130.959968,269.94,194.24,1
314.72,47.62,194.24,30.374217,130.959968,269.94,194.24,1
314.79,47.62,194.24,30.374217,130.959968,269.94,194.24,1
314.86,47.62,194.24,30.374217,130.959968,269.94,194.24,1
314.92,47.62,194.24,30.374217,130.959968,269.94,194.24,1
314.99,47.62,194.24,30.374217,130.959968,269.94,194.24,1
315.05,47.62,194.24,30.374217,130.959968,269.94,194.24,1
315.12,47.62,194.24,30.374217,130.959968,269.94,194.24,1
315.19,47.62,194.24,30.374217,130.959968,269.94,194.24,1
315.25,47.62,194.24,30.374217,130.959968,269.94,194.24,1
315.32,47.62,194.24,30.374217,130.959968,269.94,194.24,1
315.39,47.62,194.24,30.374217,130.959968,269.94,194.24,1
315.45,47.62,194.24,30.374217,130.959968,269.94,194.24,1
315.52,47.62,194.24,30.374217,130.959968,269.94,194.24,1
315.59,47.62,194.24,30.374217,130.959968,269.94,194.24,1
315.65,47.62,194.24,30.374217,130.959968,269.94,194.24,1
315.72,47.62,194.24,30.374217,130.959968,269.94,194.24,1
315.79,47.62,194.24,30.374217,130.959968,269.94,194.24,1
315.85,47.62,194.24,30.374217,130.959968,269.94,194.24,1
315.92,47.62,194.24,30.374217,130.959968,269.94,194.24,1
315.99,47.62,194.24,30.374217,130.959968,269.94,194.24,1
316.05,47.62,194.24,30.374217,130.959968,269.94,194.24,1
316.12,47.62,194.24,30.374217,130.959968,269.94,194.24,1
316.19,47.62,194.24,30.374217,130.959968,269.94,194.24,1
316.25,47.62,194.24,30.374217,130.959968,269.94,194.24,1
316.32,47.62,194.24,30.374217,130.959968,269.94,194.24,1
316.39,47.62,194.24,30.374217,130.959968,269.94,194.24,1
316.45,47.62,194.24,30.374217,130.959968,269.94,194.24,1
316.52,47.62,194.24,30.374217,130.959968,269.94,194.24,1
316.59,47.62,194.24,30.374217,130.959968,269.94,194.24,1
316.65,47.62,194.24,30.374217,130.959968,269.94,194.24,1
316.72,47.62,194.24,30.374217,130.959968,269.94,194.24,1
316.79,47.62,194.24,30.374217,130.959968,269.94,194.24,1
316.85,47.62,194.24,30.374217,130.959968,269.94,194.24,1
316.92,47.62,194.24,30.374217,130.959968,269.94,194.24,1
316.99,47.62,194.24,30.374217,130.959968,269.94,194.24,1
317.05,47.62,194.24,30.374217,130.959968,269.94,194.24,1
317.12,47.62,194.24,30.374217,130.959968,269.94,194.24,1
317.19,47.62,194.24,30.374217,130.959968,269.94,194.24,1
317.25,47.62,194.24,30.374217,130.959968,269.94,194.24,1
317.32,47.62,194.24,30.374217,130.959968,269.94,194.24,1
317.39,47.62,194.24,30.374217,130.959968,269.94,194.24,1
317.46,47.62,194.24,30.374217,130.959968,269.94,194.24,1
317.52,47.62,194.24,30.374217,130.959968,269.94,194.24,1
317.59,47.62,194.24,30.374217,130.959968,269.94,194.24,1
317.66,47.62,194.24,30.374217,130.959968,269.94,194.24,1
317.72,47.62,194.24,30.374217,130.959968,269.94,194.24,1
317.79,47.62,194.24,30.374217,130.959968,269.94,194.24,1
317.86,47.62,194.24,30.374217,130.959968,269.94,194.24,1
317.93,47.62,194.24,30.374217,130.959968,269.94,194.24,1
317.99,47.62,194.24,30.374217,130.959968,269.94,194.24,1
318.06,47.62,194.24,30.374217,130.959968,269.94,194.24,1
318.13,47.62,194.24,30.374217,130.959968,269.94,194.24,1
318.19,47.62,194.24,30.374217,130.959968,269.94,194.24,1
318.26,47.62,194.24,30.374217,130.959968,269.94,194.24,1
318.33,47.62,194.24,30.374217,130.959968,269.94,194.24,1
318.4,47.62,194.24,30.374217,130.959968,269.94,194.24,1
318.46,47.62,194.24,30.374217,130.959968,269.94,194.24,1
318.53,47.62,194.24,30.374217,130.959968,269.94,194.24,1
318.6,47.62,194.24,30.374217,130.959968,269.94,194.24,1
318.66,47.62,194.24,30.374217,130.959968,269.94,194.24,1
318.73,47.62,194.24,30.374217,130.959968,269.94,194.24,1
318.81,47.62,194.24,30.374217,130.959968,269.94,194.24,1
318.87,47.62,194.24,30.374217,130.959968,269.94,194.24,1
318.94,47.62,194.24,30.374217,130.959968,269.94,194.24,1
319.01,47.62,194.24,30.374217,130.959968,269.94,194.24,1
319.07,47.62,194.24,30.374217,130.959968,269.94,194.24,1
319.14,47.62,194.24,30.374217,130.959968,269.94,194.24,1
319.21,47.62,194.24,30.374217,130.959968,269.94,194.24,1
319.27,47.62,194.24,30.374217,130.959968,269.94,194.24,1
319.34,47.62,194.24,30.374217,130.959968,269.94,194.24,1
319.41,47.62,194.24,30.374217,130.959968,269.94,194.24,1
319.47,47.62,194.24,30.374217,130.959968,269.94,194.24,1
319.54,47.62,194.24,30.374217,130.959968,269.94,194.24,1
319.6,47.62,194.24,30.374217,130.959968,269.94,194.24,1
319.67,47.62,194.24,30.374217,130.959968,269.94,194.24,1
319.74,47.62,194.24,30.374217,130.959968,269.94,194.24,1
319.8,47.62,194.24,30.374217,130.959968,269.94,194.24,1
319.87,47.62,194.24,30.374217,130.959968,269.94,194.24,1
319.94,47.62,194.24,30.374217,130.959968,269.94,194.24,1
320.0,47.62,194.24,30.374217,130.959968,269.94,194.24,1
320.07,47.62,194.24,30.374217,130.959968,269.94,194.24,1
320.13,47.62,194.24,30.374217,130.959968,269.94,194.24,1
320.2,47.62,194.24,30.374217,130.959968,269.94,194.24,1
320.27,47.62,194.24,30.374217,130.959968,269.94,194.24,1
320.33,47.62,194.24,30.374217,130.959968,269.94,194.24,1
320.4,47.62,194.24,30.374217,130.959968,269.94,194.24,1
320.47,47.62,194.24,30.374217,130.959968,269.94,194.24,1
320.53,47.62,194.24,30.374217,130.959968,269.94,194.24,1
320.6,47.62,194.24,30.374217,130.959968,269.94,194.24,1
320.67,47.62,194.24,30.374217,130.959968,269.94,194.24,1
320.73,47.62,194.24,30.374217,130.959968,269.94,194.24,1
320.8,47.62,194.24,30.374217,130.959968,269.94,194.24,1
320.87,47.62,194.24,30.374217,130.959968,269.94,194.24,1
320.93,47.62,194.24,30.374217,130.959968,269.94,194.24,1
321.0,47.62,194.24,30.374217,130.959968,269.94,194.24,1
321.06,47.62,194.24,30.374217,130.959968,269.94,194.24,1
321.13,47.62,194.24,30.374217,130.959968,269.94,194.24,1
321.2,47.62,194.24,30.374217,130.959968,269.94,194.24,1
321.27,47.62,194.24,30.374217,130.959968,269.94,194.24,1
321.33,47.62,194.24,30.374217,130.959968,269.94,194.24,1
321.4,47.62,194.24,30.374217,130.959968,269.94,194.24,1
321.47,47.62,194.24,30.374217,130.959968,269.94,194.24,1
321.53,47.62,194.24,30.374217,130.959968,269.94,194.24,1
321.6,47.62,194.24,30.374217,130.959968,269.94,194.24,1
321.67,47.62,194.24,30.374217,130.959968,269.94,194.24,1
321.73,47.62,194.24,30.374217,130.959968,269.94,194.24,1
321.8,47.62,194.24,30.374217,130.959968,269.94,194.24,1
321.87,47.62,194.24,30.374217,130.959968,269.94,194.24,1
321.93,47.62,194.24,30.374217,130.959968,269.94,194.24,1
322.0,47.62,194.24,30.374217,130.959968,269.94,194.24,1
322.07,47.62,194.24,30.374217,130.959968,269.94,194.24,1
322.13,47.62,194.24,30.374217,130.959968,269.94,194.24,1
322.2,47.62,194.24,30.374217,130.959968,269.94,194.24,1
322.27,47.62,194.24,30.374217,130.959968,269.94,194.24,1
322.33,47.62,194.24,30.374217,130.959968,269.94,194.24,1
322.4,47.62,194.24,30.374217,130.959968,269.94,194.24,1
322.47,47.62,194.24,30.374217,130.959968,269.94,194.24,1
322.53,47.62,194.24,30.374217,130.959968,269.94,194.24,1
322.6,47.62,194.24,30.374217,130.959968,269.94,194.24,1
322.67,47.62,194.24,30.374217,130.959968,269.94,194.24,1
322.73,47.62,194.24,30.374217,130.959968,269.94,194.24,1
322.8,47.62,194.24,30.374217,130.959968,269.94,194.24,1
322.87,47.62,194.24,30.374217,130.959968,269.94,194.24,1
322.94,47.62,194.24,30.374217,130.959968,269.94,194.24,1
323.0,47.62,194.24,30.374217,130.959968,269.94,194.24,1
323.07,47.62,194.24,30.374217,130.959968,269.94,194.24,1
323.14,47.62,194.24,30.374217,130.959968,269.94,194.24,1
323.2,47.62,194.24,30.374217,130.959968,269.94,194.24,1
323.27,47.62,194.24,30.374217,130.959968,269.94,194.24,1
323.34,47.62,194.24,30.374217,130.959968,269.94,194.24,1
323.41,47.62,194.24,30.374217,130.959968,269.94,194.24,1
323.47,47.66,194.43,30.374217,130.959968,269.94,194.43,1
323.54,47.66,194.43,30.374217,130.959968,269.94,194.43,1
323.61,47.66,194.43,30.374217,130.959968,269.94,194.43,1
323.67,47.66,194.43,30.374217,130.959968,269.94,194.43,1
323.74,47.66,194.43,30.374217,130.959968,269.94,194.43,1
323.81,47.66,194.43,30.374217,130.959968,269.94,194.43,1
323.88,47.66,194.43,30.374217,130.959968,269.94,194.43,1
323.94,47.66,194.43,30.374217,130.959968,269.94,194.43,1
324.01,47.66,194.43,30.374217,130.959968,269.94,194.43,1
324.08,47.66,194.43,30.374217,130.959968,269.94,194.43,1
324.14,47.66,194.43,30.374217,130.959968,269.94,194.43,1
324.21,47.66,194.43,30.374217,130.959968,269.94,194.43,1
324.28,47.66,194.43,30.374217,130.959968,269.94,194.43,1
324.35,47.66,194.43,30.374217,130.959968,269.94,194.43,1
324.41,47.66,194.43,30.374217,130.959968,269.94,194.43,1
324.48,47.66,194.43,30.374217,130.959968,269.94,194.43,1
324.55,47.66,194.43,30.374217,130.959968,269.94,194.43,1
324.61,47.66,194.43,30.374217,130.959968,269.94,194.43,1
324.68,47.66,194.43,30.374217,130.959968,269.94,194.43,1
324.75,47.66,194.43,30.374217,130.959968,269.94,194.43,1
324.81,47.66,194.43,30.374217,130.959968,269.94,194.43,1
324.88,47.66,194.43,30.374217,130.959968,269.94,194.43,1
324.96,47.66,194.43,30.374217,130.959968,269.94,194.43,1
325.03,47.66,194.43,30.374217,130.959968,269.94,194.43,1
325.09,47.66,194.43,30.374217,130.959968,269.94,194.43,1
325.16,47.66,194.43,30.374217,130.959968,269.94,194.43,1
325.22,47.66,194.43,30.374217,130.959968,269.94,194.43,1
325.29,47.66,194.43,30.374217,130.959968,269.94,194.43,1
325.36,47.66,194.43,30.374217,130.959968,269.94,194.43,1
325.42,47.66,194.43,30.374217,130.959968,269.94,194.43,1
325.49,47.62,194.24,30.374217,130.959968,269.94,194.24,1
325.56,47.62,194.24,30.374217,130.959968,269.94,194.24,1
325.62,47.62,194.24,30.374217,130.959968,269.94,194.24,1
325.69,47.62,194.24,30.374217,130.959968,269.94,194.24,1
325.76,47.62,194.24,30.374217,130.959968,269.94,194.24,1
325.82,47.62,194.24,30.374217,130.959968,269.94,194.24,1
325.89,47.62,194.24,30.374217,130.959968,269.94,194.24,1
325.96,47.62,194.24,30.374217,130.959968,269.94,194.24,1
326.02,47.62,194.24,30.374217,130.959968,269.94,194.24,1
326.09,47.62,194.24,30.374217,130.959968,269.94,194.24,1
326.16,47.62,194.24,30.374217,130.959968,269.94,194.24,1
326.22,47.62,194.24,30.374217,130.959968,269.94,194.24,1
326.29,47.62,194.24,30.374217,130.959968,269.94,194.24,1
326.35,47.62,194.24,30.374217,130.959968,269.94,194.24,1
326.42,47.62,194.24,30.374217,130.959968,269.94,194.24,1
326.49,47.66,194.43,30.374217,130.959968,269.94,194.43,1
326.55,47.66,194.43,30.374217,130.959968,269.94,194.43,1
326.62,47.66,194.43,30.374217,130.959968,269.94,194.43,1
326.69,47.66,194.43,30.374217,130.959968,269.94,194.43,1
326.75,47.66,194.43,30.374217,130.959968,269.94,194.43,1
326.82,47.66,194.43,30.374217,130.959968,269.94,194.43,1
326.88,47.66,194.43,30.374217,130.959968,269.94,194.43,1
326.95,47.66,194.43,30.374217,130.959968,269.94,194.43,1
327.02,47.66,194.43,30.374217,130.959968,269.94,194.43,1
327.08,47.66,194.43,30.374217,130.959968,269.94,194.43,1
327.15,47.66,194.43,30.374217,130.959968,269.94,194.43,1
327.22,47.66,194.43,30.374217,130.959968,269.94,194.43,1
327.28,47.66,194.43,30.374217,130.959968,269.94,194.43,1
327.35,47.66,194.43,30.374217,130.959968,269.94,194.43,1
327.42,47.66,194.43,30.374217,130.959968,269.94,194.43,1
327.48,47.44,194.3,30.374217,130.959968,269.94,194.3,1
327.55,47.44,194.3,30.374217,130.959968,269.94,194.3,1
327.62,47.44,194.3,30.374217,130.959968,269.94,194.3,1
327.68,47.44,194.3,30.374217,130.959968,269.94,194.3,1
327.75,47.44,194.3,30.374217,130.959968,269.94,194.3,1
327.82,47.44,194.3,30.374217,130.959968,269.94,194.3,1
327.88,47.44,194.3,30.374217,130.959968,269.94,194.3,1
327.95,47.44,194.3,30.374217,130.959968,269.94,194.3,1
328.02,47.44,194.3,30.374217,130.959968,269.94,194.3,1
328.08,47.44,194.3,30.374217,130.959968,269.94,194.3,1
328.15,47.44,194.3,30.374217,130.959968,269.94,194.3,1
328.22,47.44,194.3,30.374217,130.959968,269.94,194.3,1
328.28,47.44,194.3,30.374217,130.959968,269.94,194.3,1
328.35,47.44,194.3,30.374217,130.959968,269.94,194.3,1
328.42,47.44,194.3,30.374217,130.959968,269.94,194.3,1
328.48,47.44,194.3,30.374217,130.959968,269.94,194.3,1
328.55,47.44,194.3,30.374217,130.959968,269.94,194.3,1
328.62,47.44,194.3,30.374217,130.959968,269.94,194.3,1
328.68,47.44,194.3,30.374217,130.959968,269.94,194.3,1
328.75,47.44,194.3,30.374217,130.959968,269.94,194.3,1
328.82,47.44,194.3,30.374217,130.959968,269.94,194.3,1
328.88,47.44,194.3,30.374217,130.959968,269.94,194.3,1
328.95,47.44,194.3,30.374217,130.959968,269.94,194.3,1
329.02,47.44,194.3,30.374217,130.959968,269.94,194.3,1
329.08,47.44,194.3,30.374217,130.959968,269.94,194.3,1
329.15,47.44,194.3,30.374217,130.959968,269.94,194.3,1
329.22,47.44,194.3,30.374217,130.959968,269.94,194.3,1
329.28,47.44,194.3,30.374217,130.959968,269.94,194.3,1
329.35,47.44,194.3,30.374217,130.959968,269.94,194.3,1
329.42,47.44,194.3,30.374217,130.959968,269.94,194.3,1
329.48,47.44,194.3,30.374217,130.959968,269.94,194.3,1
329.55,47.44,194.3,30.374217,130.959968,269.94,194.3,1
329.62,47.44,194.3,30.374217,130.959968,269.94,194.3,1
329.69,47.44,194.3,30.374217,130.959968,269.94,194.3,1
329.75,47.44,194.3,30.374217,130.959968,269.94,194.3,1
329.82,47.44,194.3,30.374217,130.959968,269.94,194.3,1
329.89,47.44,194.3,30.374217,130.959968,269.94,194.3,1
329.95,47.44,194.3,30.374217,130.959968,269.94,194.3,1
330.02,47.44,194.3,30.374217,130.959968,269.94,194.3,1
330.09,47.44,194.3,30.374217,130.959968,269.94,194.3,1
330.15,47.44,194.3,30.374217,130.959968,269.94,194.3,1
330.22,47.44,194.3,30.374217,130.959968,269.94,194.3,1
330.29,47.44,194.3,30.374217,130.959968,269.94,194.3,1
330.36,47.44,194.3,30.374217,130.959968,269.94,194.3,1
330.42,47.44,194.3,30.374217,130.959968,269.94,194.3,1
330.49,47.44,194.3,30.374217,130.959968,269.94,194.3,1
330.56,47.44,194.3,30.374217,130.959968,269.94,194.3,1
330.62,47.44,194.3,30.374217,130.959968,269.94,194.3,1
330.69,47.44,194.3,30.374217,130.959968,269.94,194.3,1
330.76,47.44,194.3,30.374217,130.959968,269.94,194.3,1
330.82,47.44,194.3,30.374217,130.959968,269.94,194.3,1
330.89,47.44,194.3,30.374217,130.959968,269.94,194.3,1
330.96,47.44,194.3,30.374217,130.959968,269.94,194.3,1
331.02,47.44,194.3,30.374217,130.959968,269.94,194.3,1
331.09,47.44,194.3,30.374217,130.959968,269.94,194.3,1
331.17,47.44,194.3,30.374217,130.959968,269.94,194.3,1
331.23,47.44,194.3,30.374217,130.959968,269.94,194.3,1
331.3,47.44,194.3,30.374217,130.959968,269.94,194.3,1
331.36,47.44,194.3,30.374217,130.959968,269.94,194.3,1
331.43,47.44,194.3,30.374217,130.959968,269.94,194.3,1
331.5,47.44,194.3,30.374217,130.959968,269.94,194.3,1
331.56,47.44,194.3,30.374217,130.959968,269.94,194.3,1
331.63,47.44,194.3,30.374217,130.959968,269.94,194.3,1
331.7,47.44,194.3,30.374217,130.959968,269.94,194.3,1
331.76,47.44,194.3,30.374217,130.959968,269.94,194.3,1
331.83,47.44,194.3,30.374217,130.959968,269.94,194.3,1
331.9,47.44,194.3,30.374217,130.959968,269.94,194.3,1
331.96,47.44,194.3,30.374217,130.959968,269.94,194.3,1
332.03,47.44,194.3,30.374217,130.959968,269.94,194.3,1
332.09,47.44,194.3,30.374217,130.959968,269.94,194.3,1
332.16,47.44,194.3,30.374217,130.959968,269.94,194.3,1
332.23,47.44,194.3,30.374217,130.959968,269.94,194.3,1
332.29,47.44,194.3,30.374217,130.959968,269.94,194.3,1
332.36,47.44,194.3,30.374217,130.959968,269.94,194.3,1
332.43,47.48,194.48,30.374217,130.959968,269.94,194.48,1
332.49,47.48,194.48,30.374217,130.959968,269.94,194.48,1
332.56,47.48,194.48,30.374217,130.959968,269.94,194.48,1
332.62,47.48,194.48,30.374217,130.959968,269.94,194.48,1
332.69,47.48,194.48,30.374217,130.959968,269.94,194.48,1
332.76,47.48,194.48,30.374217,130.959968,269.94,194.48,1
332.83,47.48,194.48,30.374217,130.959968,269.94,194.48,1
332.89,47.48,194.48,30.374217,130.959968,269.94,194.48,1
332.96,47.48,194.48,30.374217,130.959968,269.94,194.48,1
333.03,47.48,194.48,30.374217,130.959968,269.94,194.48,1
333.09,47.48,194.48,30.374217,130.959968,269.94,194.48,1
333.16,47.48,194.48,30.374217,130.959968,269.94,194.48,1
333.22,47.48,194.48,30.374217,130.959968,269.94,194.48,1
333.29,47.48,194.48,30.374217,130.959968,269.94,194.48,1
333.36,47.48,194.48,30.374217,130.959968,269.94,194.48,1
333.42,47.48,194.48,30.374217,130.959968,269.94,194.48,1
333.49,47.48,194.48,30.374217,130.959968,269.94,194.48,1
333.56,47.48,194.48,30.374217,130.959968,269.94,194.48,1
333.62,47.48,194.48,30.374217,130.959968,269.94,194.48,1
333.69,47.48,194.48,30.374217,130.959968,269.94,194.48,1
333.76,47.48,194.48,30.374217,130.959968,269.94,194.48,1
333.83,47.48,194.48,30.374217,130.959968,269.94,194.48,1
333.89,47.48,194.48,30.374217,130.959968,269.94,194.48,1
333.96,47.48,194.48,30.374217,130.959968,269.94,194.48,1
334.03,47.48,194.48,30.374217,130.959968,269.94,194.48,1
334.09,47.48,194.48,30.374217,130.959968,269.94,194.48,1
334.16,47.48,194.48,30.374217,130.959968,269.94,194.48,1
334.23,47.48,194.48,30.374217,130.959968,269.94,194.48,1
334.29,47.48,194.48,30.374217,130.959968,269.94,194.48,1
334.36,47.48,194.48,30.374217,130.959968,269.94,194.48,1
334.43,47.48,194.48,30.374217,130.959968,269.94,194.48,1
334.49,47.48,194.48,30.374217,130.959968,269.94,194.48,1
334.56,47.48,194.48,30.374217,130.959968,269.94,194.48,1
334.63,47.48,194.48,30.374217,130.959968,269.94,194.48,1
334.69,47.48,194.48,30.374217,130.959968,269.94,194.48,1
334.76,47.48,194.48,30.374217,130.959968,269.94,194.48,1
334.83,47.48,194.48,30.374217,130.959968,269.94,194.48,1
334.89,47.48,194.48,30.374217,130.959968,269.94,194.48,1
334.96,47.48,194.48,30.374217,130.959968,269.94,194.48,1
335.03,47.48,194.48,30.374217,130.959968,269.94,194.48,1
335.09,47.48,194.48,30.374217,130.959968,269.94,194.48,1
335.16,47.48,194.48,30.374217,130.959968,269.94,194.48,1
335.23,47.48,194.48,30.374217,130.959968,269.94,194.48,1
335.29,47.48,194.48,30.374217,130.959968,269.94,194.48,1
335.36,47.48,194.48,30.374217,130.959968,269.94,194.48,1
335.43,47.48,194.48,30.374217,130.959968,269.94,194.48,1
335.5,47.48,194.48,30.374217,130.959968,269.94,194.48,1
335.56,47.48,194.48,30.374217,130.959968,269.94,194.48,1
335.63,47.48,194.48,30.374217,130.959968,269.94,194.48,1
335.7,47.48,194.48,30.374217,130.959968,269.94,194.48,1
335.76,47.48,194.48,30.374217,130.959968,269.94,194.48,1
335.83,47.48,194.48,30.374217,130.959968,269.94,194.48,1
335.9,47.48,194.48,30.374217,130.959968,269.94,194.48,1
335.96,47.48,194.48,30.374217,130.959968,269.94,194.48,1
336.03,47.48,194.48,30.374217,130.959968,269.94,194.48,1
336.1,47.48,194.48,30.374217,130.959968,269.94,194.48,1
336.16,47.48,194.48,30.374217,130.959968,269.94,194.48,1
336.23,47.48,194.48,30.374217,130.959968,269.94,194.48,1
336.3,47.48,194.48,30.374217,130.959968,269.94,194.48,1
336.37,47.48,194.48,30.374217,130.959968,269.94,194.48,1
336.43,47.48,194.48,30.374217,130.959968,269.94,194.48,1
336.5,47.48,194.48,30.374217,130.959968,269.94,194.48,1
336.57,47.48,194.48,30.374217,130.959968,269.94,194.48,1
336.63,47.48,194.48,30.374217,130.959968,269.94,194.48,1
336.7,47.48,194.48,30.374217,130.959968,269.94,194.48,1
336.77,47.48,194.48,30.374217,130.959968,269.94,194.48,1
336.83,47.48,194.48,30.374217,130.959968,269.94,194.48,1
336.9,47.48,194.48,30.374217,130.959968,269.94,194.48,1
336.97,47.48,194.48,30.374217,130.959968,269.94,194.48,1
337.04,47.48,194.48,30.374217,130.959968,269.94,194.48,1
337.1,47.48,194.48,30.374217,130.959968,269.94,194.48,1
337.17,47.48,194.48,30.374217,130.959968,269.94,194.48,1
337.24,47.48,194.48,30.374217,130.959968,269.94,194.48,1
337.31,47.48,194.48,30.374217,130.959968,269.94,194.48,1
337.37,47.48,194.48,30.374217,130.959968,269.94,194.48,1
337.44,47.48,194.48,30.374217,130.959968,269.94,194.48,1
337.51,47.48,194.48,30.374217,130.959968,269.94,194.48,1
337.57,47.48,194.48,30.374217,130.959968,269.94,194.48,1
337.64,47.48,194.48,30.374217,130.959968,269.94,194.48,1
337.71,47.48,194.48,30.374217,130.959968,269.94,194.48,1
337.78,47.48,194.48,30.374217,130.959968,269.94,194.48,1
337.85,47.48,194.48,30.374217,130.959968,269.94,194.48,1
337.91,47.48,194.48,30.374217,130.959968,269.94,194.48,1
337.98,47.48,194.48,30.374217,130.959968,269.94,194.48,1
338.05,47.48,194.48,30.374217,130.959968,269.94,194.48,1
338.11,47.48,194.48,30.374217,130.959968,269.94,194.48,1
338.18,47.48,194.48,30.374217,130.959968,269.94,194.48,1
338.25,47.48,194.48,30.374217,130.959968,269.94,194.48,1
338.31,47.48,194.48,30.374217,130.959968,269.94,194.48,1
338.38,47.48,194.48,30.374217,130.959968,269.94,194.48,1
338.44,47.48,194.48,30.374217,130.959968,269.94,194.48,1
338.51,47.48,194.48,30.374217,130.959968,269.94,194.48,1
338.58,47.48,194.48,30.374217,130.959968,269.94,194.48,1
338.64,47.48,194.48,30.374217,130.959968,269.94,194.48,1
338.71,47.48,194.48,30.374217,130.959968,269.94,194.48,1
338.77,47.48,194.48,30.374217,130.959968,269.94,194.48,1
338.84,47.48,194.48,30.374217,130.959968,269.94,194.48,1
338.91,47.48,194.48,30.374217,130.959968,269.94,194.48,1
338.98,47.48,194.48,30.374217,130.959968,269.94,194.48,1
339.04,47.48,194.48,30.374217,130.959968,269.94,194.48,1
339.11,47.48,194.48,30.374217,130.959968,269.94,194.48,1
339.18,47.48,194.48,30.374217,130.959968,269.94,194.48,1
339.24,47.48,194.48,30.374217,130.959968,269.94,194.48,1
339.31,47.48,194.48,30.374217,130.959968,269.94,194.48,1
339.37,47.48,194.48,30.374217,130.959968,269.94,194.48,1
339.44,47.48,194.48,30.374217,130.959968,269.94,194.48,1
339.51,47.48,194.48,30.374217,130.959968,269.94,194.48,1
339.57,47.48,194.48,30.374217,130.959968,269.94,194.48,1
339.64,47.48,194.48,30.374217,130.959968,269.94,194.48,1
339.71,47.48,194.48,30.374217,130.959968,269.94,194.48,1
339.77,47.48,194.48,30.374217,130.959968,269.94,194.48,1
339.84,47.48,194.48,30.374217,130.959968,269.94,194.48,1
339.91,47.48,194.48,30.374217,130.959968,269.94,194.48,1
339.97,47.48,194.48,30.374217,130.959968,269.94,194.48,1
340.04,47.48,194.48,30.374217,130.959968,269.94,194.48,1
340.11,47.48,194.48,30.374217,130.959968,269.94,194.48,1
340.17,47.48,194.48,30.374217,130.959968,269.94,194.48,1
340.24,47.48,194.48,30.374217,130.959968,269.94,194.48,1
340.31,47.48,194.48,30.374217,130.959968,269.94,194.48,1
340.37,47.48,194.48,30.374217,130.959968,269.94,194.48,1
340.44,47.48,194.48,30.374217,130.959968,269.94,194.48,1
340.51,47.48,194.48,30.374217,130.959968,269.94,194.48,1
340.57,47.48,194.48,30.374217,130.959968,269.94,194.48,1
340.64,47.48,194.48,30.374217,130.959968,269.94,194.48,1
340.71,47.48,194.48,30.374217,130.959968,269.94,194.48,1
340.77,47.48,194.48,30.374217,130.959968,269.94,194.48,1
340.84,47.48,194.48,30.374217,130.959968,269.94,194.48,1
340.91,47.48,194.48,30.374217,130.959968,269.94,194.48,1
340.97,47.48,194.48,30.374217,130.959968,269.94,194.48,1
341.04,47.48,194.48,30.374217,130.959968,269.94,194.48,1
341.11,47.48,194.48,30.374217,130.959968,269.94,194.48,1
341.17,47.48,194.48,30.374217,130.959968,269.94,194.48,1
341.24,47.48,194.48,30.374217,130.959968,269.94,194.48,1
341.31,47.48,194.48,30.374217,130.959968,269.94,194.48,1
341.38,47.48,194.48,30.374217,130.959968,269.94,194.48,1
341.44,47.48,194.48,30.374217,130.959968,269.94,194.48,1
341.51,47.48,194.48,30.374217,130.959968,269.94,194.48,1
341.58,47.48,194.48,30.374217,130.959968,269.94,194.48,1
341.64,47.48,194.48,30.374217,130.959968,269.94,194.48,1
341.71,47.48,194.48,30.374217,130.959968,269.94,194.48,1
341.78,47.48,194.48,30.374217,130.959968,269.94,194.48,1
341.84,47.48,194.48,30.374217,130.959968,269.94,194.48,1
341.91,47.48,194.48,30.374217,130.959968,269.94,194.48,1
341.98,47.48,194.48,30.374217,130.959968,269.94,194.48,1
342.04,47.48,194.48,30.374217,130.959968,269.94,194.48,1
342.11,47.48,194.48,30.374217,130.959968,269.94,194.48,1
342.18,47.48,194.48,30.374217,130.959968,269.94,194.48,1
342.24,47.48,194.48,30.374217,130.959968,269.94,194.48,1
342.31,47.48,194.48,30.374217,130.959968,269.94,194.48,1
342.38,47.48,194.48,30.374217,130.959968,269.94,194.48,1
342.44,47.48,194.48,30.374217,130.959968,269.94,194.48,1
342.51,47.48,194.48,30.374217,130.959968,269.94,194.48,1
342.58,47.48,194.48,30.374217,130.959968,269.94,194.48,1
342.65,47.48,194.48,30.374217,130.959968,269.94,194.48,1
342.71,47.48,194.48,30.374217,130.959968,269.94,194.48,1
342.78,47.48,194.48,30.374217,130.959968,269.94,194.48,1
342.85,47.48,194.48,30.374217,130.959968,269.94,194.48,1
342.91,47.48,194.48,30.374217,130.959968,269.94,194.48,1
342.98,47.48,194.48,30.374217,130.959968,269.94,194.48,1
343.05,47.48,194.48,30.374217,130.959968,269.94,194.48,1
343.12,47.48,194.48,30.374217,130.959968,269.94,194.48,1
343.18,47.48,194.48,30.374217,130.959968,269.94,194.48,1
343.25,47.48,194.48,30.374217,130.959968,269.94,194.48,1
343.32,47.48,194.48,30.374217,130.959968,269.94,194.48,1
343.38,47.48,194.48,30.374217,130.959968,269.94,194.48,1
343.45,47.48,194.48,30.374217,130.959968,269.94,194.48,1
343.52,47.48,194.48,30.374217,130.959968,269.94,194.48,1
343.58,47.48,194.48,30.374217,130.959968,269.94,194.48,1
343.65,47.48,194.48,30.374217,130.959968,269.94,194.48,1
343.72,47.48,194.48,30.374217,130.959968,269.94,194.48,1
343.79,47.48,194.48,30.374217,130.959968,269.94,194.48,1
343.85,47.48,194.48,30.374217,130.959968,269.94,194.48,1
343.92,47.48,194.48,30.374217,130.959968,269.94,194.48,1
343.99,47.48,194.48,30.374217,130.959968,269.94,194.48,1
344.05,47.48,194.48,30.374217,130.959968,269.94,194.48,1
344.12,47.48,194.48,30.374217,130.959968,269.94,194.48,1
344.19,47.48,194.48,30.374217,130.959968,269.94,194.48,1
344.25,47.48,194.48,30.374217,130.959968,269.94,194.48,1
344.33,47.48,194.48,30.374217,130.959968,269.94,194.48,1
344.39,47.48,194.48,30.374217,130.959968,269.94,194.48,1
344.46,47.48,194.48,30.374217,130.959968,269.94,194.48,1
344.53,47.48,194.48,30.374217,130.959968,269.94,194.48,1
344.59,47.48,194.48,30.374217,130.959968,269.94,194.48,1
344.66,47.48,194.48,30.374217,130.959968,269.94,194.48,1
344.73,47.48,194.48,30.374217,130.959968,269.94,194.48,1
344.79,47.48,194.48,30.374217,130.959968,269.94,194.48,1
344.86,47.48,194.48,30.374217,130.959968,269.94,194.48,1
344.93,47.48,194.48,30.374217,130.959968,269.94,194.48,1
344.99,47.48,194.48,30.374217,130.959968,269.94,194.48,1
345.06,47.48,194.48,30.374217,130.959968,269.94,194.48,1
345.13,47.48,194.48,30.374217,130.959968,269.94,194.48,1
345.19,47.48,194.48,30.374217,130.959968,269.94,194.48,1
345.26,47.48,194.48,30.374217,130.959968,269.94,194.48,1
345.32,47.48,194.48,30.374217,130.959968,269.94,194.48,1
345.39,47.48,194.48,30.374217,130.959968,269.94,194.48,1
345.46,47.48,194.48,30.374217,130.959968,269.94,194.48,1
345.52,47.48,194.48,30.374217,130.959968,269.94,194.48,1
345.59,47.48,194.48,30.374217,130.959968,269.94,194.48,1
345.66,47.48,194.48,30.374217,130.959968,269.94,194.48,1
345.72,47.48,194.48,30.374217,130.959968,269.94,194.48,1
345.79,47.48,194.48,30.374217,130.959968,269.94,194.48,1
345.86,47.48,194.48,30.374217,130.959968,269.94,194.48,1
345.92,47.48,194.48,30.374217,130.959968,269.94,194.48,1
345.99,47.48,194.48,30.374217,130.959968,269.94,194.48,1
346.06,47.48,194.48,30.374217,130.959968,269.94,194.48,1
346.12,47.48,194.48,30.374217,130.959968,269.94,194.48,1
346.19,47.48,194.48,30.374217,130.959968,269.94,194.48,1
346.26,47.48,194.48,30.374217,130.959968,269.94,194.48,1
346.32,47.48,194.48,30.374217,130.959968,269.94,194.48,1
346.39,47.48,194.48,30.374217,130.959968,269.94,194.48,1
346.45,47.48,194.48,30.374217,130.959968,269.94,194.48,1
346.52,47.48,194.48,30.374217,130.959968,269.94,194.48,1
346.59,47.48,194.48,30.374217,130.959968,269.94,194.48,1
346.66,47.48,194.48,30.374217,130.959968,269.94,194.48,1
346.72,47.48,194.48,30.374217,130.959968,269.94,194.48,1
346.79,47.48,194.48,30.374217,130.959968,269.94,194.48,1
346.85,47.48,194.48,30.374217,130.959968,269.94,194.48,1
346.92,47.48,194.48,30.374217,130.959968,269.94,194.48,1
346.99,47.48,194.48,30.374217,130.959968,269.94,194.48,1
347.05,47.48,194.48,30.374217,130.959968,269.94,194.48,1
347.12,47.48,194.48,30.374217,130.959968,269.94,194.48,1
347.19,47.48,194.48,30.374217,130.959968,269.94,194.48,1
347.25,47.48,194.48,30.374217,130.959968,269.94,194.48,1
347.32,47.48,194.48,30.374217,130.959968,269.94,194.48,1
347.39,47.48,194.48,30.374217,130.959968,269.94,194.48,1
347.45,47.48,194.48,30.374217,130.959968,269.94,194.48,1
347.52,47.48,194.48,30.374217,130.959968,269.94,194.48,1
347.59,47.48,194.48,30.374217,130.959968,269.94,194.48,1
347.66,47.48,194.48,30.374217,130.959968,269.94,194.48,1
347.72,47.48,194.48,30.374217,130.959968,269.94,194.48,1
347.79,47.48,194.48,30.374217,130.959968,269.94,194.48,1
347.86,47.48,194.48,30.374217,130.959968,269.94,194.48,1
347.92,47.48,194.48,30.374217,130.959968,269.94,194.48,1
347.99,47.48,194.48,30.374217,130.959968,269.94,194.48,1
348.05,47.48,194.48,30.374217,130.959968,269.94,194.48,1
348.12,47.48,194.48,30.374217,130.959968,269.94,194.48,1
348.19,47.48,194.48,30.374217,130.959968,269.94,194.48,1
348.25,47.48,194.48,30.374217,130.959968,269.94,194.48,1
348.32,47.48,194.48,30.374217,130.959968,269.94,194.48,1
348.39,47.48,194.48,30.374217,130.959968,269.94,194.48,1
348.45,47.48,194.48,30.374217,130.959968,269.94,194.48,1
348.52,47.48,194.48,30.374217,130.959968,269.94,194.48,1
348.59,47.48,194.48,30.374217,130.959968,269.94,194.48,1
348.66,47.48,194.48,30.374217,130.959968,269.94,194.48,1
348.72,47.48,194.48,30.374217,130.959968,269.94,194.48,1
348.79,47.48,194.48,30.374217,130.959968,269.94,194.48,1
348.86,47.48,194.48,30.374217,130.959968,269.94,194.48,1
348.92,47.48,194.48,30.374217,130.959968,269.94,194.48,1
348.99,47.48,194.48,30.374217,130.959968,269.94,194.48,1
349.06,47.48,194.48,30.374217,130.959968,269.94,194.48,1
349.13,47.48,194.48,30.374217,130.959968,269.94,194.48,1
349.19,47.48,194.48,30.374217,130.959968,269.94,194.48,1
349.26,47.48,194.48,30.374217,130.959968,269.94,194.48,1
349.33,47.48,194.48,30.374217,130.959968,269.94,194.48,1
349.39,47.48,194.48,30.374217,130.959968,269.94,194.48,1
349.46,47.48,194.48,30.374217,130.959968,269.94,194.48,1
349.53,47.48,194.48,30.374217,130.959968,269.94,194.48,1
349.59,47.48,194.48,30.374217,130.959968,269.94,194.48,1
349.66,47.48,194.48,30.374217,130.959968,269.94,194.48,1
349.73,47.48,194.48,30.374217,130.959968,269.94,194.48,1
349.79,47.48,194.48,30.374217,130.959968,269.94,194.48,1
349.86,47.48,194.48,30.374217,130.959968,269.94,194.48,1
349.93,47.48,194.48,30.374217,130.959968,269.94,194.48,1
350.0,47.48,194.48,30.374217,130.959968,269.94,194.48,1
350.06,47.48,194.48,30.374217,130.959968,269.94,194.48,1
350.13,47.48,194.48,30.374217,130.959968,269.94,194.48,1
350.2,47.48,194.48,30.374217,130.959968,269.94,194.48,1
350.26,47.48,194.48,30.374217,130.959968,269.94,194.48,1
350.33,47.48,194.48,30.374217,130.959968,269.94,194.48,1
350.4,47.48,194.48,30.374217,130.959968,269.94,194.48,1
350.47,47.48,194.48,30.374217,130.959968,269.94,194.48,1
350.53,47.48,194.48,30.374217,130.959968,269.94,194.48,1
350.6,47.48,194.48,30.374217,130.959968,269.94,194.48,1
350.67,47.48,194.48,30.374217,130.959968,269.94,194.48,1
350.73,47.48,194.48,30.374217,130.959968,269.94,194.48,1
350.8,47.48,194.48,30.374217,130.959968,269.94,194.48,1
350.87,47.48,194.48,30.374217,130.959968,269.94,194.48,1
350.93,47.48,194.48,30.374217,130.959968,269.94,194.48,1
351.01,47.48,194.48,30.374217,130.959968,269.94,194.48,1
351.07,47.48,194.48,30.374217,130.959968,269.94,194.48,1
351.14,47.48,194.48,30.374217,130.959968,269.94,194.48,1
351.21,47.48,194.48,30.374217,130.959968,269.94,194.48,1
351.27,47.48,194.48,30.374217,130.959968,269.94,194.48,1
351.34,47.48,194.48,30.374217,130.959968,269.94,194.48,1
351.4,47.48,194.48,30.374217,130.959968,269.94,194.48,1
351.47,47.48,194.48,30.374217,130.959968,269.94,194.48,1
351.54,47.48,194.48,30.374217,130.959968,269.94,194.48,1
351.6,47.48,194.48,30.374217,130.959968,269.94,194.48,1
351.67,47.48,194.48,30.374217,130.959968,269.94,194.48,1
351.74,47.48,194.48,30.374217,130.959968,269.94,194.48,1
351.8,47.48,194.48,30.374217,130.959968,269.94,194.48,1
351.87,47.48,194.48,30.374217,130.959968,269.94,194.48,1
351.94,47.48,194.48,30.374217,130.959968,269.94,194.48,1
352.0,47.48,194.48,30.374217,130.959968,269.94,194.48,1
352.07,47.48,194.48,30.374217,130.959968,269.94,194.48,1
352.13,47.48,194.48,30.374217,130.959968,269.94,194.48,1
352.2,47.48,194.48,30.374217,130.959968,269.94,194.48,1
352.27,47.48,194.48,30.374217,130.959968,269.94,194.48,1
352.33,47.48,194.48,30.374217,130.959968,269.94,194.48,1
352.4,47.48,194.48,30.374217,130.959968,269.94,194.48,1
352.47,47.48,194.48,30.374217,130.959968,269.94,194.48,1
352.54,47.48,194.48,30.374217,130.959968,269.94,194.48,1
352.6,47.48,194.48,30.374217,130.959968,269.94,194.48,1
352.67,47.48,194.48,30.374217,130.959968,269.94,194.48,1
352.74,47.48,194.48,30.374217,130.959968,269.94,194.48,1
352.8,47.48,194.48,30.374217,130.959968,269.94,194.48,1
352.87,47.48,194.48,30.374217,130.959968,269.94,194.48,1
352.93,47.48,194.48,30.374217,130.959968,269.94,194.48,1
353.0,47.48,194.48,30.374217,130.959968,269.94,194.48,1
353.07,47.48,194.48,30.374217,130.959968,269.94,194.48,1
353.13,47.48,194.48,30.374217,130.959968,269.94,194.48,1
353.2,47.48,194.48,30.374217,130.959968,269.94,194.48,1
353.27,47.48,194.48,30.374217,130.959968,269.94,194.48,1
353.35,47.48,194.48,30.374217,130.959968,269.94,194.48,1
353.41,47.48,194.48,30.374217,130.959968,269.94,194.48,1
353.48,47.48,194.48,30.374217,130.959968,269.94,194.48,1
353.55,47.48,194.48,30.374217,130.959968,269.94,194.48,1
353.61,47.48,194.48,30.374217,130.959968,269.94,194.48,1
353.68,47.48,194.48,30.374217,130.959968,269.94,194.48,1
353.74,47.48,194.48,30.374217,130.959968,269.94,194.48,1
353.81,47.48,194.48,30.374217,130.959968,269.94,194.48,1
353.88,47.48,194.48,30.374217,130.959968,269.94,194.48,1
353.94,47.48,194.48,30.374217,130.959968,269.94,194.48,1
354.01,47.48,194.48,30.374217,130.959968,269.94,194.48,1
354.08,47.48,194.48,30.374217,130.959968,269.94,194.48,1
354.14,47.48,194.48,30.374217,130.959968,269.94,194.48,1
354.21,47.48,194.48,30.374217,130.959968,269.94,194.48,1
354.28,47.48,194.48,30.374217,130.959968,269.94,194.48,1
354.34,47.48,194.48,30.374217,130.959968,269.94,194.48,1
354.41,47.48,194.48,30.374217,130.959968,269.94,194.48,1
354.47,47.48,194.48,30.374217,130.959968,269.94,194.48,1
354.54,47.48,194.48,30.374217,130.959968,269.94,194.48,1
354.61,47.48,194.48,30.374217,130.959968,269.94,194.48,1
354.67,47.48,194.48,30.374217,130.959968,269.94,194.48,1
354.74,47.48,194.48,30.374217,130.959968,269.94,194.48,1
354.81,47.48,194.48,30.374217,130.959968,269.94,194.48,1
354.87,47.48,194.48,30.374217,130.959968,269.94,194.48,1
354.94,47.48,194.48,30.374217,130.959968,269.94,194.48,1
355.01,47.48,194.48,30.374217,130.959968,269.94,194.48,1
355.07,47.48,194.48,30.374217,130.959968,269.94,194.48,1
355.14,47.48,194.48,30.374217,130.959968,269.94,194.48,1
355.2,47.48,194.48,30.374217,130.959968,269.94,194.48,1
355.27,47.48,194.48,30.374217,130.959968,269.94,194.48,1
355.34,47.48,194.48,30.374217,130.959968,269.94,194.48,1
355.41,47.48,194.48,30.374217,130.959968,269.94,194.48,1
355.47,47.48,194.48,30.374217,130.959968,269.94,194.48,1
355.54,47.3,194.54,30.374217,130.959968,269.94,194.54,1
355.6,47.3,194.54,30.374217,130.959968,269.94,194.54,1
355.67,47.3,194.54,30.374217,130.959968,269.94,194.54,1
355.74,47.3,194.54,30.374217,130.959968,269.94,194.54,1
355.8,47.3,194.54,30.374217,130.959968,269.94,194.54,1
355.87,47.3,194.54,30.374217,130.959968,269.94,194.54,1
355.94,47.3,194.54,30.374217,130.959968,269.94,194.54,1
356.0,47.3,194.54,30.374217,130.959968,269.94,194.54,1
356.07,47.3,194.54,30.374217,130.959968,269.94,194.54,1
356.14,47.3,194.54,30.374217,130.959968,269.94,194.54,1
356.2,47.3,194.54,30.374217,130.959968,269.94,194.54,1
356.27,47.3,194.54,30.374217,130.959968,269.94,194.54,1
356.34,47.3,194.54,30.374217,130.959968,269.94,194.54,1
356.4,47.3,194.54,30.374217,130.959968,269.94,194.54,1
356.47,47.3,194.54,30.374217,130.959968,269.94,194.54,1
356.54,47.48,194.48,30.374217,130.959968,269.94,194.48,1
356.6,47.48,194.48,30.374217,130.959968,269.94,194.48,1
356.67,47.48,194.48,30.374217,130.959968,269.94,194.48,1
356.74,47.48,194.48,30.374217,130.959968,269.94,194.48,1
356.8,47.48,194.48,30.374217,130.959968,269.94,194.48,1
356.87,47.48,194.48,30.374217,130.959968,269.94,194.48,1
356.94,47.48,194.48,30.374217,130.959968,269.94,194.48,1
357.0,47.48,194.48,30.374217,130.959968,269.94,194.48,1
357.07,47.48,194.48,30.374217,130.959968,269.94,194.48,1
357.14,47.48,194.48,30.374217,130.959968,269.94,194.48,1
357.2,47.48,194.48,30.374217,130.959968,269.94,194.48,1
357.27,47.48,194.48,30.374217,130.959968,269.94,194.48,1
357.34,47.48,194.48,30.374217,130.959968,269.94,194.48,1
357.4,47.48,194.48,30.374217,130.959968,269.94,194.48,1
357.47,47.48,194.48,30.374217,130.959968,269.94,194.48,1
357.54,47.48,194.48,30.374217,130.959968,269.94,194.48,1
357.6,47.48,194.48,30.374217,130.959968,269.94,194.48,1
357.67,47.48,194.48,30.374217,130.959968,269.94,194.48,1
357.74,47.48,194.48,30.374217,130.959968,269.94,194.48,1
357.8,47.48,194.48,30.374217,130.959968,269.94,194.48,1
357.87,47.48,194.48,30.374217,130.959968,269.94,194.48,1
357.94,47.48,194.48,30.374217,130.959968,269.94,194.48,1
358.0,47.48,194.48,30.374217,130.959968,269.94,194.48,1
358.07,47.48,194.48,30.374217,130.959968,269.94,194.48,1
358.14,47.48,194.48,30.374217,130.959968,269.94,194.48,1
358.2,47.48,194.48,30.374217,130.959968,269.94,194.48,1
358.27,47.48,194.48,30.374217,130.959968,269.94,194.48,1
358.34,47.48,194.48,30.374217,130.959968,269.94,194.48,1
358.41,47.48,194.48,30.374217,130.959968,269.94,194.48,1
358.47,47.48,194.48,30.374217,130.959968,269.94,194.48,1
358.54,47.52,194.67,30.374217,130.959968,269.94,194.67,1
358.61,47.52,194.67,30.374217,130.959968,269.94,194.67,1
358.67,47.52,194.67,30.374217,130.959968,269.94,194.67,1
358.74,47.52,194.67,30.374217,130.959968,269.94,194.67,1
358.81,47.52,194.67,30.374217,130.959968,269.94,194.67,1
358.87,47.52,194.67,30.374217,130.959968,269.94,194.67,1
358.94,47.52,194.67,30.374217,130.959968,269.94,194.67,1
359.01,47.52,194.67,30.374217,130.959968,269.94,194.67,1
359.07,47.52,194.67,30.374217,130.959968,269.94,194.67,1
359.14,47.52,194.67,30.374217,130.959968,269.94,194.67,1
359.21,47.52,194.67,30.374217,130.959968,269.94,194.67,1
359.28,47.52,194.67,30.374217,130.959968,269.94,194.67,1
359.34,47.52,194.67,30.374217,130.959968,269.94,194.67,1
359.41,47.52,194.67,30.374217,130.959968,269.94,194.67,1
359.48,47.52,194.67,30.374217,130.959968,269.94,194.67,1
359.54,47.52,194.67,30.374217,130.959968,269.94,194.67,1
359.61,47.52,194.67,30.374217,130.959968,269.94,194.67,1
359.68,47.52,194.67,30.374217,130.959968,269.94,194.67,1
359.75,47.52,194.67,30.374217,130.959968,269.94,194.67,1
359.81,47.52,194.67,30.374217,130.959968,269.94,194.67,1
359.88,47.52,194.67,30.374217,130.959968,269.94,194.67,1
359.95,47.52,194.67,30.374217,130.959968,269.94,194.67,1
360.02,47.52,194.67,30.374217,130.959968,269.94,194.67,1
360.09,47.52,194.67,30.374217,130.959968,269.94,194.67,1
360.15,47.52,194.67,30.374217,130.959968,269.94,194.67,1
360.22,47.52,194.67,30.374217,130.959968,269.94,194.67,1
360.29,47.52,194.67,30.374217,130.959968,269.94,194.67,1
360.35,47.52,194.67,30.374217,130.959968,269.94,194.67,1
360.42,47.52,194.67,30.374217,130.959968,269.94,194.67,1
360.49,47.35,194.73,30.374217,130.959968,269.94,194.73,1
360.55,47.35,194.73,30.374217,130.959968,269.94,194.73,1
360.62,47.35,194.73,30.374217,130.959968,269.94,194.73,1
360.69,47.35,194.73,30.374217,130.959968,269.94,194.73,1
360.75,47.35,194.73,30.374217,130.959968,269.94,194.73,1
360.82,47.35,194.73,30.374217,130.959968,269.94,194.73,1
360.89,47.35,194.73,30.374217,130.959968,269.94,194.73,1
360.95,47.35,194.73,30.374217,130.959968,269.94,194.73,1
361.02,47.35,194.73,30.374217,130.959968,269.94,194.73,1
361.08,47.35,194.73,30.374217,130.959968,269.94,194.73,1
361.15,47.35,194.73,30.374217,130.959968,269.94,194.73,1
361.22,47.35,194.73,30.374217,130.959968,269.94,194.73,1
361.28,47.35,194.73,30.374217,130.959968,269.94,194.73,1
361.35,47.35,194.73,30.374217,130.959968,269.94,194.73,1
361.42,47.35,194.73,30.374217,130.959968,269.94,194.73,1
361.48,47.52,194.67,30.374217,130.959968,269.94,194.67,1
361.55,47.52,194.67,30.374217,130.959968,269.94,194.67,1
361.62,47.52,194.67,30.374217,130.959968,269.94,194.67,1
361.68,47.52,194.67,30.374217,130.959968,269.94,194.67,1
361.75,47.52,194.67,30.374217,130.959968,269.94,194.67,1
361.82,47.52,194.67,30.374217,130.959968,269.94,194.67,1
361.88,47.52,194.67,30.374217,130.959968,269.94,194.67,1
361.95,47.52,194.67,30.374217,130.959968,269.94,194.67,1
362.01,47.52,194.67,30.374217,130.959968,269.94,194.67,1
362.08,47.52,194.67,30.374217,130.959968,269.94,194.67,1
362.15,47.52,194.67,30.374217,130.959968,269.94,194.67,1
362.21,47.52,194.67,30.374217,130.959968,269.94,194.67,1
362.28,47.52,194.67,30.374217,130.959968,269.94,194.67,1
362.35,47.52,194.67,30.374217,130.959968,269.94,194.67,1
362.41,47.52,194.67,30.374217,130.959968,269.94,194.67,1
362.48,47.52,194.67,30.374217,130.959968,269.94,194.67,1
362.55,47.52,194.67,30.374217,130.959968,269.94,194.67,1
362.61,47.52,194.67,30.374217,130.959968,269.94,194.67,1
362.68,47.52,194.67,30.374217,130.959968,269.94,194.67,1
362.75,47.52,194.67,30.374217,130.959968,269.94,194.67,1
362.81,47.52,194.67,30.374217,130.959968,269.94,194.67,1
362.88,47.52,194.67,30.374217,130.959968,269.94,194.67,1
362.95,47.52,194.67,30.374217,130.959968,269.94,194.67,1
363.01,47.52,194.67,30.374217,130.959968,269.94,194.67,1
363.08,47.52,194.67,30.374217,130.959968,269.94,194.67,1
363.15,47.52,194.67,30.374217,130.959968,269.94,194.67,1
363.21,47.52,194.67,30.374217,130.959968,269.94,194.67,1
363.28,47.52,194.67,30.374217,130.959968,269.94,194.67,1
363.35,47.52,194.67,30.374217,130.959968,269.94,194.67,1
363.41,47.52,194.67,30.374217,130.959968,269.94,194.67,1
363.48,47.35,194.73,30.374217,130.959968,269.94,194.73,1
363.55,47.35,194.73,30.374217,130.959968,269.94,194.73,1
363.61,47.35,194.73,30.374217,130.959968,269.94,194.73,1
363.68,47.35,194.73,30.374217,130.959968,269.94,194.73,1
363.75,47.35,194.73,30.374217,130.959968,269.94,194.73,1
363.81,47.35,194.73,30.374217,130.959968,269.94,194.73,1
363.88,47.35,194.73,30.374217,130.959968,269.94,194.73,1
363.94,47.35,194.73,30.374217,130.959968,269.94,194.73,1
364.01,47.35,194.73,30.374217,130.959968,269.94,194.73,1
364.08,47.35,194.73,30.374217,130.959968,269.94,194.73,1
364.15,47.35,194.73,30.374217,130.959968,269.94,194.73,1
364.21,47.35,194.73,30.374217,130.959968,269.94,194.73,1
364.28,47.35,194.73,30.374217,130.959968,269.94,194.73,1
364.35,47.35,194.73,30.374217,130.959968,269.94,194.73,1
364.41,47.35,194.73,30.374217,130.959968,269.94,194.73,1
364.48,47.52,194.67,30.374217,130.959968,269.94,194.67,1
364.55,47.52,194.67,30.374217,130.959968,269.94,194.67,1
364.61,47.52,194.67,30.374217,130.959968,269.94,194.67,1
364.68,47.52,194.67,30.374217,130.959968,269.94,194.67,1
364.75,47.52,194.67,30.374217,130.959968,269.94,194.67,1
364.81,47.52,194.67,30.374217,130.959968,269.94,194.67,1
364.88,47.52,194.67,30.374217,130.959968,269.94,194.67,1
364.95,47.52,194.67,30.374217,130.959968,269.94,194.67,1
365.01,47.52,194.67,30.374217,130.959968,269.94,194.67,1
365.08,47.52,194.67,30.374217,130.959968,269.94,194.67,1
365.15,47.52,194.67,30.374217,130.959968,269.94,194.67,1
365.22,47.52,194.67,30.374217,130.959968,269.94,194.67,1
365.28,47.52,194.67,30.374217,130.959968,269.94,194.67,1
365.35,47.52,194.67,30.374217,130.959968,269.94,194.67,1
365.42,47.52,194.67,30.374217,130.959968,269.94,194.67,1
365.48,47.52,194.67,30.374217,130.959968,269.94,194.67,1
365.55,47.52,194.67,30.374217,130.959968,269.94,194.67,1
365.62,47.52,194.67,30.374217,130.959968,269.94,194.67,1
365.68,47.52,194.67,30.374217,130.959968,269.94,194.67,1
365.75,47.52,194.67,30.374217,130.959968,269.94,194.67,1
365.82,47.52,194.67,30.374217,130.959968,269.94,194.67,1
365.89,47.52,194.67,30.374217,130.959968,269.94,194.67,1
365.95,47.52,194.67,30.374217,130.959968,269.94,194.67,1
366.02,47.52,194.67,30.374217,130.959968,269.94,194.67,1
366.09,47.52,194.67,30.374217,130.959968,269.94,194.67,1
366.15,47.52,194.67,30.374217,130.959968,269.94,194.67,1
366.22,47.52,194.67,30.374217,130.959968,269.94,194.67,1
366.29,47.52,194.67,30.374217,130.959968,269.94,194.67,1
366.35,47.52,194.67,30.374217,130.959968,269.94,194.67,1
366.42,47.52,194.67,30.374217,130.959968,269.94,194.67,1
366.49,47.35,194.73,30.374217,130.959968,269.94,194.73,1
366.55,47.35,194.73,30.374217,130.959968,269.94,194.73,1
366.62,47.35,194.73,30.374217,130.959968,269.94,194.73,1
366.69,47.35,194.73,30.374217,130.959968,269.94,194.73,1
366.76,47.35,194.73,30.374217,130.959968,269.94,194.73,1
366.83,47.35,194.73,30.374217,130.959968,269.94,194.73,1
366.89,47.35,194.73,30.374217,130.959968,269.94,194.73,1
366.96,47.35,194.73,30.374217,130.959968,269.94,194.73,1
367.03,47.35,194.73,30.374217,130.959968,269.94,194.73,1
367.09,47.35,194.73,30.374217,130.959968,269.94,194.73,1
367.16,47.35,194.73,30.374217,130.959968,269.94,194.73,1
367.23,47.35,194.73,30.374217,130.959968,269.94,194.73,1
367.29,47.35,194.73,30.374217,130.959968,269.94,194.73,1
367.36,47.35,194.73,30.374217,130.959968,269.94,194.73,1
367.42,47.35,194.73,30.374217,130.959968,269.94,194.73,1
367.49,47.35,194.73,30.374217,130.959968,269.94,194.73,1
367.56,47.35,194.73,30.374217,130.959968,269.94,194.73,1
367.62,47.35,194.73,30.374217,130.959968,269.94,194.73,1
367.69,47.35,194.73,30.374217,130.959968,269.94,194.73,1
367.76,47.35,194.73,30.374217,130.959968,269.94,194.73,1
367.82,47.35,194.73,30.374217,130.959968,269.94,194.73,1
367.89,47.35,194.73,30.374217,130.959968,269.94,194.73,1
367.95,47.35,194.73,30.374217,130.959968,269.94,194.73,1
368.02,47.35,194.73,30.374217,130.959968,269.94,194.73,1
368.09,47.35,194.73,30.374217,130.959968,269.94,194.73,1
368.15,47.35,194.73,30.374217,130.959968,269.94,194.73,1
368.22,47.35,194.73,30.374217,130.959968,269.94,194.73,1
368.29,47.35,194.73,30.374217,130.959968,269.94,194.73,1
368.35,47.35,194.73,30.374217,130.959968,269.94,194.73,1
368.42,47.35,194.73,30.374217,130.959968,269.94,194.73,1
368.49,47.35,194.73,30.374217,130.959968,269.94,194.73,1
368.55,47.35,194.73,30.374217,130.959968,269.94,194.73,1
368.62,47.35,194.73,30.374217,130.959968,269.94,194.73,1
368.69,47.35,194.73,30.374217,130.959968,269.94,194.73,1
368.75,47.35,194.73,30.374217,130.959968,269.94,194.73,1
368.82,47.35,194.73,30.374217,130.959968,269.94,194.73,1
368.89,47.35,194.73,30.374217,130.959968,269.94,194.73,1
368.95,47.35,194.73,30.374217,130.959968,269.94,194.73,1
369.02,47.35,194.73,30.374217,130.959968,269.94,194.73,1
369.09,47.35,194.73,30.374217,130.959968,269.94,194.73,1
369.15,47.35,194.73,30.374217,130.959968,269.94,194.73,1
369.22,47.35,194.73,30.374217,130.959968,269.94,194.73,1
369.29,47.35,194.73,30.374217,130.959968,269.94,194.73,1
369.35,47.35,194.73,30.374217,130.959968,269.94,194.73,1
369.42,47.35,194.73,30.374217,130.959968,269.94,194.73,1
369.49,47.35,194.73,30.374217,130.959968,269.94,194.73,1
369.55,47.35,194.73,30.374217,130.959968,269.94,194.73,1
369.62,47.35,194.73,30.374217,130.959968,269.94,194.73,1
369.69,47.35,194.73,30.374217,130.959968,269.94,194.73,1
369.75,47.35,194.73,30.374217,130.959968,269.94,194.73,1
369.82,47.35,194.73,30.374217,130.959968,269.94,194.73,1
369.89,47.35,194.73,30.374217,130.959968,269.94,194.73,1
369.95,47.35,194.73,30.374217,130.959968,269.94,194.73,1
370.02,47.35,194.73,30.374217,130.959968,269.94,194.73,1
370.09,47.35,194.73,30.374217,130.959968,269.94,194.73,1
370.15,47.35,194.73,30.374217,130.959968,269.94,194.73,1
370.22,47.35,194.73,30.374217,130.959968,269.94,194.73,1
370.29,47.35,194.73,30.374217,130.959968,269.94,194.73,1
370.35,47.35,194.73,30.374217,130.959968,269.94,194.73,1
370.42,47.35,194.73,30.374217,130.959968,269.94,194.73,1
370.49,47.35,194.73,30.374217,130.959968,269.94,194.73,1
370.55,47.48,194.48,30.374217,130.959968,269.94,194.48,1
370.62,47.48,194.48,30.374217,130.959968,269.94,194.48,1
370.68,47.48,194.48,30.374217,130.959968,269.94,194.48,1
370.75,47.48,194.48,30.374217,130.959968,269.94,194.48,1
370.82,47.48,194.48,30.374217,130.959968,269.94,194.48,1
370.88,47.48,194.48,30.374217,130.959968,269.94,194.48,1
370.95,47.48,194.48,30.374217,130.959968,269.94,194.48,1
371.02,47.48,194.48,30.374217,130.959968,269.94,194.48,1
371.09,47.48,194.48,30.374217,130.959968,269.94,194.48,1
371.15,47.48,194.48,30.374217,130.959968,269.94,194.48,1
371.22,47.48,194.48,30.374217,130.959968,269.94,194.48,1
371.29,47.48,194.48,30.374217,130.959968,269.94,194.48,1
371.35,47.48,194.48,30.374217,130.959968,269.94,194.48,1
371.42,47.48,194.48,30.374217,130.959968,269.94,194.48,1
371.49,47.48,194.48,30.374217,130.959968,269.94,194.48,1
371.55,47.48,194.48,30.374217,130.959968,269.94,194.48,1
371.62,47.48,194.48,30.374217,130.959968,269.94,194.48,1
371.69,47.48,194.48,30.374217,130.959968,269.94,194.48,1
371.75,47.48,194.48,30.374217,130.959968,269.94,194.48,1
371.82,47.48,194.48,30.374217,130.959968,269.94,194.48,1
371.89,47.48,194.48,30.374217,130.959968,269.94,194.48,1
371.95,47.48,194.48,30.374217,130.959968,269.94,194.48,1
372.02,47.48,194.48,30.374217,130.959968,269.94,194.48,1
372.09,47.48,194.48,30.374217,130.959968,269.94,194.48,1
372.16,47.48,194.48,30.374217,130.959968,269.94,194.48,1
372.22,47.48,194.48,30.374217,130.959968,269.94,194.48,1
372.29,47.48,194.48,30.374217,130.959968,269.94,194.48,1
372.36,47.48,194.48,30.374217,130.959968,269.94,194.48,1
372.42,47.48,194.48,30.374217,130.959968,269.94,194.48,1
372.49,47.48,194.48,30.374217,130.959968,269.94,194.48,1
372.56,47.48,194.48,30.374217,130.959968,269.94,194.48,1
372.62,47.48,194.48,30.374217,130.959968,269.94,194.48,1
372.69,47.48,194.48,30.374217,130.959968,269.94,194.48,1
372.76,47.48,194.48,30.374217,130.959968,269.94,194.48,1
372.82,47.48,194.48,30.374217,130.959968,269.94,194.48,1
372.89,47.48,194.48,30.374217,130.959968,269.94,194.48,1
372.96,47.48,194.48,30.374217,130.959968,269.94,194.48,1
373.03,47.48,194.48,30.374217,130.959968,269.94,194.48,1
373.09,47.48,194.48,30.374217,130.959968,269.94,194.48,1
373.16,47.48,194.48,30.374217,130.959968,269.94,194.48,1
373.23,47.48,194.48,30.374217,130.959968,269.94,194.48,1
373.29,47.48,194.48,30.374217,130.959968,269.94,194.48,1
373.36,47.48,194.48,30.374217,130.959968,269.94,194.48,1
373.44,47.48,194.48,30.374217,130.959968,269.94,194.48,1
373.5,47.48,194.48,30.374217,130.959968,269.94,194.48,1
373.57,47.3,194.54,30.374217,130.959968,269.94,194.54,1
373.63,47.3,194.54,30.374217,130.959968,269.94,194.54,1
373.7,47.3,194.54,30.374217,130.959968,269.94,194.54,1
373.77,47.3,194.54,30.374217,130.959968,269.94,194.54,1
373.83,47.3,194.54,30.374217,130.959968,269.94,194.54,1
373.9,47.3,194.54,30.374217,130.959968,269.94,194.54,1
373.96,47.3,194.54,30.374217,130.959968,269.94,194.54,1
374.03,47.3,194.54,30.374217,130.959968,269.94,194.54,1
374.1,47.3,194.54,30.374217,130.959968,269.94,194.54,1
374.16,47.3,194.54,30.374217,130.959968,269.94,194.54,1
374.23,47.3,194.54,30.374217,130.959968,269.94,194.54,1
374.3,47.3,194.54,30.374217,130.959968,269.94,194.54,1
374.36,47.3,194.54,30.374217,130.959968,269.94,194.54,1
374.43,47.3,194.54,30.374217,130.959968,269.94,194.54,1
374.5,47.3,194.54,30.374217,130.959968,269.94,194.54,1
374.56,47.3,194.54,30.374217,130.959968,269.94,194.54,1
374.63,47.3,194.54,30.374217,130.959968,269.94,194.54,1
374.7,47.3,194.54,30.374217,130.959968,269.94,194.54,1
374.76,47.3,194.54,30.374217,130.959968,269.94,194.54,1
374.83,47.3,194.54,30.374217,130.959968,269.94,194.54,1
374.89,47.3,194.54,30.374217,130.959968,269.94,194.54,1
374.96,47.3,194.54,30.374217,130.959968,269.94,194.54,1
375.03,47.3,194.54,30.374217,130.959968,269.94,194.54,1
375.09,47.3,194.54,30.374217,130.959968,269.94,194.54,1
375.16,47.3,194.54,30.374217,130.959968,269.94,194.54,1
375.23,47.3,194.54,30.374217,130.959968,269.94,194.54,1
375.29,47.3,194.54,30.374217,130.959968,269.94,194.54,1
375.36,47.3,194.54,30.374217,130.959968,269.94,194.54,1
375.43,47.3,194.54,30.374217,130.959968,269.94,194.54,1
375.49,47.35,194.73,30.374217,130.959968,269.94,194.73,1
375.56,47.35,194.73,30.374217,130.959968,269.94,194.73,1
375.63,47.35,194.73,30.374217,130.959968,269.94,194.73,1
375.69,47.35,194.73,30.374217,130.959968,269.94,194.73,1
375.76,47.35,194.73,30.374217,130.959968,269.94,194.73,1
375.82,47.35,194.73,30.374217,130.959968,269.94,194.73,1
375.89,47.35,194.73,30.374217,130.959968,269.94,194.73,1
375.96,47.35,194.73,30.374217,130.959968,269.94,194.73,1
376.02,47.35,194.73,30.374217,130.959968,269.94,194.73,1
376.09,47.35,194.73,30.374217,130.959968,269.94,194.73,1
376.16,47.35,194.73,30.374217,130.959968,269.94,194.73,1
376.22,47.35,194.73,30.374217,130.959968,269.94,194.73,1
376.29,47.35,194.73,30.374217,130.959968,269.94,194.73,1
376.36,47.35,194.73,30.374217,130.959968,269.94,194.73,1
376.42,47.35,194.73,30.374217,130.959968,269.94,194.73,1
376.49,47.35,194.73,30.374217,130.959968,269.94,194.73,1
376.56,47.35,194.73,30.374217,130.959968,269.94,194.73,1
376.62,47.35,194.73,30.374217,130.959968,269.94,194.73,1
376.69,47.35,194.73,30.374217,130.959968,269.94,194.73,1
376.76,47.35,194.73,30.374217,130.959968,269.94,194.73,1
376.82,47.35,194.73,30.374217,130.959968,269.94,194.73,1
376.89,47.35,194.73,30.374217,130.959968,269.94,194.73,1
376.96,47.35,194.73,30.374217,130.959968,269.94,194.73,1
377.02,47.35,194.73,30.374217,130.959968,269.94,194.73,1
377.09,47.35,194.73,30.374217,130.959968,269.94,194.73,1
377.16,47.35,194.73,30.374217,130.959968,269.94,194.73,1
377.22,47.35,194.73,30.374217,130.959968,269.94,194.73,1
377.29,47.35,194.73,30.374217,130.959968,269.94,194.73,1
377.36,47.35,194.73,30.374217,130.959968,269.94,194.73,1
377.42,47.35,194.73,30.374217,130.959968,269.94,194.73,1
377.49,47.35,194.73,30.374217,130.959968,269.94,194.73,1
377.56,47.35,194.73,30.374217,130.959968,269.94,194.73,1
377.62,47.35,194.73,30.374217,130.959968,269.94,194.73,1
377.69,47.35,194.73,30.374217,130.959968,269.94,194.73,1
377.76,47.35,194.73,30.374217,130.959968,269.94,194.73,1
377.82,47.35,194.73,30.374217,130.959968,269.94,194.73,1
377.89,47.35,194.73,30.374217,130.959968,269.94,194.73,1
377.96,47.35,194.73,30.374217,130.959968,269.94,194.73,1
378.02,47.35,194.73,30.374217,130.959968,269.94,194.73,1
378.09,47.35,194.73,30.374217,130.959968,269.94,194.73,1
378.16,47.35,194.73,30.374217,130.959968,269.94,194.73,1
378.22,47.35,194.73,30.374217,130.959968,269.94,194.73,1
378.29,47.35,194.73,30.374217,130.959968,269.94,194.73,1
378.36,47.35,194.73,30.374217,130.959968,269.94,194.73,1
378.42,47.35,194.73,30.374217,130.959968,269.94,194.73,1
378.49,47.35,194.73,30.374217,130.959968,269.94,194.73,1
378.56,47.35,194.73,30.374217,130.959968,269.94,194.73,1
378.63,47.35,194.73,30.374217,130.959968,269.94,194.73,1
378.69,47.35,194.73,30.374217,130.959968,269.94,194.73,1
378.76,47.35,194.73,30.374217,130.959968,269.94,194.73,1
378.83,47.35,194.73,30.374217,130.959968,269.94,194.73,1
378.89,47.35,194.73,30.374217,130.959968,269.94,194.73,1
378.96,47.35,194.73,30.374217,130.959968,269.94,194.73,1
379.03,47.35,194.73,30.374217,130.959968,269.94,194.73,1
379.1,47.35,194.73,30.374217,130.959968,269.94,194.73,1
379.16,47.35,194.73,30.374217,130.959968,269.94,194.73,1
379.23,47.35,194.73,30.374217,130.959968,269.94,194.73,1
379.3,47.35,194.73,30.374217,130.959968,269.94,194.73,1
379.36,47.35,194.73,30.374217,130.959968,269.94,194.73,1
379.43,47.35,194.73,30.374217,130.959968,269.94,194.73,1
379.5,47.35,194.73,30.374217,130.959968,269.94,194.73,1
379.56,47.35,194.73,30.374217,130.959968,269.94,194.73,1
379.63,47.35,194.73,30.374217,130.959968,269.94,194.73,1
379.7,47.35,194.73,30.374217,130.959968,269.94,194.73,1
379.76,47.35,194.73,30.374217,130.959968,269.94,194.73,1
379.83,47.35,194.73,30.374217,130.959968,269.94,194.73,1
379.9,47.35,194.73,30.374217,130.959968,269.94,194.73,1
379.96,47.35,194.73,30.374217,130.959968,269.94,194.73,1
380.03,47.35,194.73,30.374217,130.959968,269.94,194.73,1
380.1,47.35,194.73,30.374217,130.959968,269.94,194.73,1
380.17,47.35,194.73,30.374217,130.959968,269.94,194.73,1
380.24,47.35,194.73,30.374217,130.959968,269.94,194.73,1
380.31,47.35,194.73,30.374217,130.959968,269.94,194.73,1
380.37,47.35,194.73,30.374217,130.959968,269.94,194.73,1
380.44,47.35,194.73,30.374217,130.959968,269.94,194.73,1
380.51,47.35,194.73,30.374217,130.959968,269.94,194.73,1
380.57,47.35,194.73,30.374217,130.959968,269.94,194.73,1
380.64,47.35,194.73,30.374217,130.959968,269.94,194.73,1
380.71,47.35,194.73,30.374217,130.959968,269.94,194.73,1
380.77,47.35,194.73,30.374217,130.959968,269.94,194.73,1
380.84,47.35,194.73,30.374217,130.959968,269.94,194.73,1
380.9,47.35,194.73,30.374217,130.959968,269.94,194.73,1
380.97,47.35,194.73,30.374217,130.959968,269.94,194.73,1
381.04,47.35,194.73,30.374217,130.959968,269.94,194.73,1
381.1,47.35,194.73,30.374217,130.959968,269.94,194.73,1
381.17,47.35,194.73,30.374217,130.959968,269.94,194.73,1
381.24,47.35,194.73,30.374217,130.959968,269.94,194.73,1
381.3,47.35,194.73,30.374217,130.959968,269.94,194.73,1
381.37,47.35,194.73,30.374217,130.959968,269.94,194.73,1
381.44,47.35,194.73,30.374217,130.959968,269.94,194.73,1
381.5,47.35,194.73,30.374217,130.959968,269.94,194.73,1
381.57,47.35,194.73,30.374217,130.959968,269.94,194.73,1
381.63,47.35,194.73,30.374217,130.959968,269.94,194.73,1
381.7,47.35,194.73,30.374217,130.959968,269.94,194.73,1
381.77,47.35,194.73,30.374217,130.959968,269.94,194.73,1
381.83,47.35,194.73,30.374217,130.959968,269.94,194.73,1
381.9,47.35,194.73,30.374217,130.959968,269.94,194.73,1
381.97,47.35,194.73,30.374217,130.959968,269.94,194.73,1
382.03,47.35,194.73,30.374217,130.959968,269.94,194.73,1
382.1,47.35,194.73,30.374217,130.959968,269.94,194.73,1
382.17,47.35,194.73,30.374217,130.959968,269.94,194.73,1
382.23,47.35,194.73,30.374217,130.959968,269.94,194.73,1
382.3,47.35,194.73,30.374217,130.959968,269.94,194.73,1
382.37,47.35,194.73,30.374217,130.959968,269.94,194.73,1
382.43,47.35,194.73,30.374217,130.959968,269.94,194.73,1
382.5,47.35,194.73,30.374217,130.959968,269.94,194.73,1
382.57,47.35,194.73,30.374217,130.959968,269.94,194.73,1
382.63,47.35,194.73,30.374217,130.959968,269.94,194.73,1
382.7,47.35,194.73,30.374217,130.959968,269.94,194.73,1
382.76,47.35,194.73,30.374217,130.959968,269.94,194.73,1
382.83,47.35,194.73,30.374217,130.959968,269.94,194.73,1
382.9,47.35,194.73,30.374217,130.959968,269.94,194.73,1
382.96,47.35,194.73,30.374217,130.959968,269.94,194.73,1
383.03,47.35,194.73,30.374217,130.959968,269.94,194.73,1
383.1,47.35,194.73,30.374217,130.959968,269.94,194.73,1
383.16,47.35,194.73,30.374217,130.959968,269.94,194.73,1
383.23,47.35,194.73,30.374217,130.959968,269.94,194.73,1
383.3,47.35,194.73,30.374217,130.959968,269.94,194.73,1
383.36,47.35,194.73,30.374217,130.959968,269.94,194.73,1
383.43,47.35,194.73,30.374217,130.959968,269.94,194.73,1
383.49,47.35,194.73,30.374217,130.959968,269.94,194.73,1
383.56,47.35,194.73,30.374217,130.959968,269.94,194.73,1
383.63,47.35,194.73,30.374217,130.959968,269.94,194.73,1
383.69,47.35,194.73,30.374217,130.959968,269.94,194.73,1
383.76,47.35,194.73,30.374217,130.959968,269.94,194.73,1
383.83,47.35,194.73,30.374217,130.959968,269.94,194.73,1
383.89,47.35,194.73,30.374217,130.959968,269.94,194.73,1
383.96,47.35,194.73,30.374217,130.959968,269.94,194.73,1
384.03,47.35,194.73,30.374217,130.959968,269.94,194.73,1
384.09,47.35,194.73,30.374217,130.959968,269.94,194.73,1
384.16,47.35,194.73,30.374217,130.959968,269.94,194.73,1
384.23,47.35,194.73,30.374217,130.959968,269.94,194.73,1
384.29,47.35,194.73,30.374217,130.959968,269.94,194.73,1
384.36,47.35,194.73,30.374217,130.959968,269.94,194.73,1
384.43,47.35,194.73,30.374217,130.959968,269.94,194.73,1
384.49,47.35,194.73,30.374217,130.959968,269.94,194.73,1
384.56,47.35,194.73,30.374217,130.959968,269.94,194.73,1
384.63,47.35,194.73,30.374217,130.959968,269.94,194.73,1
384.69,47.35,194.73,30.374217,130.959968,269.94,194.73,1
384.76,47.35,194.73,30.374217,130.959968,269.94,194.73,1
384.83,47.35,194.73,30.374217,130.959968,269.94,194.73,1
384.9,47.35,194.73,30.374217,130.959968,269.94,194.73,1
384.96,47.35,194.73,30.374217,130.959968,269.94,194.73,1
385.03,47.35,194.73,30.374217,130.959968,269.94,194.73,1
385.1,47.35,194.73,30.374217,130.959968,269.94,194.73,1
385.16,47.35,194.73,30.374217,130.959968,269.94,194.73,1
385.23,47.35,194.73,30.374217,130.959968,269.94,194.73,1
385.3,47.35,194.73,30.374217,130.959968,269.94,194.73,1
385.36,47.35,194.73,30.374217,130.959968,269.94,194.73,1
385.43,47.35,194.73,30.374217,130.959968,269.94,194.73,1
385.5,47.35,194.73,30.374217,130.959968,269.94,194.73,1
385.56,47.35,194.73,30.374217,130.959968,269.94,194.73,1
385.63,47.35,194.73,30.374217,130.959968,269.94,194.73,1
385.7,47.35,194.73,30.374217,130.959968,269.94,194.73,1
385.76,47.35,194.73,30.374217,130.959968,269.94,194.73,1
385.83,47.35,194.73,30.374217,130.959968,269.94,194.73,1
385.9,47.35,194.73,30.374217,130.959968,269.94,194.73,1
385.96,47.35,194.73,30.374217,130.959968,269.94,194.73,1
386.03,47.35,194.73,30.374217,130.959968,269.94,194.73,1
386.1,47.35,194.73,30.374217,130.959968,269.94,194.73,1
386.16,47.35,194.73,30.374217,130.959968,269.94,194.73,1
386.23,47.35,194.73,30.374217,130.959968,269.94,194.73,1
386.3,47.35,194.73,30.374217,130.959968,269.94,194.73,1
386.36,47.35,194.73,30.374217,130.959968,269.94,194.73,1
386.43,47.35,194.73,30.374217,130.959968,269.94,194.73,1
386.5,47.35,194.73,30.374217,130.959968,269.94,194.73,1
386.56,47.35,194.73,30.374217,130.959968,269.94,194.73,1
386.63,47.35,194.73,30.374217,130.959968,269.94,194.73,1
386.7,47.35,194.73,30.374217,130.959968,269.94,194.73,1
386.77,47.35,194.73,30.374217,130.959968,269.94,194.73,1
386.84,47.35,194.73,30.374217,130.959968,269.94,194.73,1
386.91,47.35,194.73,30.374217,130.959968,269.94,194.73,1
386.98,47.35,194.73,30.374217,130.959968,269.94,194.73,1
387.04,47.35,194.73,30.374217,130.959968,269.94,194.73,1
387.11,47.35,194.73,30.374217,130.959968,269.94,194.73,1
387.17,47.35,194.73,30.374217,130.959968,269.94,194.73,1
387.24,47.35,194.73,30.374217,130.959968,269.94,194.73,1
387.31,47.35,194.73,30.374217,130.959968,269.94,194.73,1
387.37,47.35,194.73,30.374217,130.959968,269.94,194.73,1
387.44,47.35,194.73,30.374217,130.959968,269.94,194.73,1
387.51,47.35,194.73,30.374217,130.959968,269.94,194.73,1
387.57,47.35,194.73,30.374217,130.959968,269.94,194.73,1
387.64,47.35,194.73,30.374217,130.959968,269.94,194.73,1
387.71,47.35,194.73,30.374217,130.959968,269.94,194.73,1
387.77,47.35,194.73,30.374217,130.959968,269.94,194.73,1
387.84,47.35,194.73,30.374217,130.959968,269.94,194.73,1
387.9,47.35,194.73,30.374217,130.959968,269.94,194.73,1
387.97,47.35,194.73,30.374217,130.959968,269.94,194.73,1
388.04,47.35,194.73,30.374217,130.959968,269.94,194.73,1
388.1,47.35,194.73,30.374217,130.959968,269.94,194.73,1
388.17,47.35,194.73,30.374217,130.959968,269.94,194.73,1
388.24,47.35,194.73,30.374217,130.959968,269.94,194.73,1
388.3,47.35,194.73,30.374217,130.959968,269.94,194.73,1
388.37,47.35,194.73,30.374217,130.959968,269.94,194.73,1
388.44,47.35,194.73,30.374217,130.959968,269.94,194.73,1
388.5,47.35,194.73,30.374217,130.959968,269.94,194.73,1
388.57,47.35,194.73,30.374217,130.959968,269.94,194.73,1
388.64,47.35,194.73,30.374217,130.959968,269.94,194.73,1
388.7,47.35,194.73,30.374217,130.959968,269.94,194.73,1
388.77,47.35,194.73,30.374217,130.959968,269.94,194.73,1
388.84,47.35,194.73,30.374217,130.959968,269.94,194.73,1
388.9,47.35,194.73,30.374217,130.959968,269.94,194.73,1
388.97,47.35,194.73,30.374217,130.959968,269.94,194.73,1
389.04,47.35,194.73,30.374217,130.959968,269.94,194.73,1
389.1,47.35,194.73,30.374217,130.959968,269.94,194.73,1
389.17,47.35,194.73,30.374217,130.959968,269.94,194.73,1
389.24,47.35,194.73,30.374217,130.959968,269.94,194.73,1
389.3,47.35,194.73,30.374217,130.959968,269.94,194.73,1
389.37,47.35,194.73,30.374217,130.959968,269.94,194.73,1
389.44,47.35,194.73,30.374217,130.959968,269.94,194.73,1
389.5,47.35,194.73,30.374217,130.959968,269.94,194.73,1
389.57,47.35,194.73,30.374217,130.959968,269.94,194.73,1
389.64,47.35,194.73,30.374217,130.959968,269.94,194.73,1
389.7,47.35,194.73,30.374217,130.959968,269.94,194.73,1
389.77,47.35,194.73,30.374217,130.959968,269.94,194.73,1
389.84,47.35,194.73,30.374217,130.959968,269.94,194.73,1
389.9,47.35,194.73,30.374217,130.959968,269.94,194.73,1
389.97,47.35,194.73,30.374217,130.959968,269.94,194.73,1
390.04,47.35,194.73,30.374217,130.959968,269.94,194.73,1
390.1,47.35,194.73,30.374217,130.959968,269.94,194.73,1
390.17,47.35,194.73,30.374217,130.959968,269.94,194.73,1
390.24,47.35,194.73,30.374217,130.959968,269.94,194.73,1
390.3,47.35,194.73,30.374217,130.959968,269.94,194.73,1
390.37,47.35,194.73,30.374217,130.959968,269.94,194.73,1
390.44,47.35,194.73,30.374217,130.959968,269.94,194.73,1
390.5,47.35,194.73,30.374217,130.959968,269.94,194.73,1
390.57,47.35,194.73,30.374217,130.959968,269.94,194.73,1
390.64,47.35,194.73,30.374217,130.959968,269.94,194.73,1
390.7,47.35,194.73,30.374217,130.959968,269.94,194.73,1
390.77,47.35,194.73,30.374217,130.959968,269.94,194.73,1
390.84,47.35,194.73,30.374217,130.959968,269.94,194.73,1
390.91,47.35,194.73,30.374217,130.959968,269.94,194.73,1
390.97,47.35,194.73,30.374217,130.959968,269.94,194.73,1
391.04,47.35,194.73,30.374217,130.959968,269.94,194.73,1
391.11,47.35,194.73,30.374217,130.959968,269.94,194.73,1
391.17,47.35,194.73,30.374217,130.959968,269.94,194.73,1
391.24,47.35,194.73,30.374217,130.959968,269.94,194.73,1
391.31,47.35,194.73,30.374217,130.959968,269.94,194.73,1
391.37,47.35,194.73,30.374217,130.959968,269.94,194.73,1
391.44,47.35,194.73,30.374217,130.959968,269.94,194.73,1
391.51,47.35,194.73,30.374217,130.959968,269.94,194.73,1
391.57,47.35,194.73,30.374217,130.959968,269.94,194.73,1
391.64,47.35,194.73,30.374217,130.959968,269.94,194.73,1
391.71,47.35,194.73,30.374217,130.959968,269.94,194.73,1
391.77,47.35,194.73,30.374217,130.959968,269.94,194.73,1
391.84,47.35,194.73,30.374217,130.959968,269.94,194.73,1
391.91,47.35,194.73,30.374217,130.959968,269.94,194.73,1
391.98,47.35,194.73,30.374217,130.959968,269.94,194.73,1
392.04,47.35,194.73,30.374217,130.959968,269.94,194.73,1
392.11,47.35,194.73,30.374217,130.959968,269.94,194.73,1
392.18,47.35,194.73,30.374217,130.959968,269.94,194.73,1
392.24,47.35,194.73,30.374217,130.959968,269.94,194.73,1
392.31,47.35,194.73,30.374217,130.959968,269.94,194.73,1
392.38,47.35,194.73,30.374217,130.959968,269.94,194.73,1
392.45,47.35,194.73,30.374217,130.959968,269.94,194.73,1
392.51,47.35,194.73,30.374217,130.959968,269.94,194.73,1
392.58,47.35,194.73,30.374217,130.959968,269.94,194.73,1
392.65,47.35,194.73,30.374217,130.959968,269.94,194.73,1
392.71,47.35,194.73,30.374217,130.959968,269.94,194.73,1
392.78,47.35,194.73,30.374217,130.959968,269.94,194.73,1
392.85,47.35,194.73,30.374217,130.959968,269.94,194.73,1
392.92,47.35,194.73,30.374217,130.959968,269.94,194.73,1
392.98,47.35,194.73,30.374217,130.959968,269.94,194.73,1
393.05,47.35,194.73,30.374217,130.959968,269.94,194.73,1
393.12,47.35,194.73,30.374217,130.959968,269.94,194.73,1
393.18,47.35,194.73,30.374217,130.959968,269.94,194.73,1
393.25,47.35,194.73,30.374217,130.959968,269.94,194.73,1
393.32,47.35,194.73,30.374217,130.959968,269.94,194.73,1
393.39,47.35,194.73,30.374217,130.959968,269.94,194.73,1
393.46,47.35,194.73,30.374217,130.959968,269.94,194.73,1
393.53,47.35,194.73,30.374217,130.959968,269.94,194.73,1
393.59,47.35,194.73,30.374217,130.959968,269.94,194.73,1
393.66,47.35,194.73,30.374217,130.959968,269.94,194.73,1
393.72,47.35,194.73,30.374217,130.959968,269.94,194.73,1
393.79,47.35,194.73,30.374217,130.959968,269.94,194.73,1
393.86,47.35,194.73,30.374217,130.959968,269.94,194.73,1
393.92,47.35,194.73,30.374217,130.959968,269.94,194.73,1
393.99,47.35,194.73,30.374217,130.959968,269.94,194.73,1
394.06,47.35,194.73,30.374217,130.959968,269.94,194.73,1
394.12,47.35,194.73,30.374217,130.959968,269.94,194.73,1
394.19,47.35,194.73,30.374217,130.959968,269.94,194.73,1
394.26,47.35,194.73,30.374217,130.959968,269.94,194.73,1
394.32,47.35,194.73,30.374217,130.959968,269.94,194.73,1
394.39,47.35,194.73,30.374217,130.959968,269.94,194.73,1
394.45,47.35,194.73,30.374217,130.959968,269.94,194.73,1
394.52,47.35,194.73,30.374217,130.959968,269.94,194.73,1
394.59,47.35,194.73,30.374217,130.959968,269.94,194.73,1
394.66,47.35,194.73,30.374217,130.959968,269.94,194.73,1
394.73,47.35,194.73,30.374217,130.959968,269.94,194.73,1
394.8,47.35,194.73,30.374217,130.959968,269.94,194.73,1
394.86,47.35,194.73,30.374217,130.959968,269.94,194.73,1
394.93,47.35,194.73,30.374217,130.959968,269.94,194.73,1
394.99,47.35,194.73,30.374217,130.959968,269.94,194.73,1
395.06,47.35,194.73,30.374217,130.959968,269.94,194.73,1
395.12,47.35,194.73,30.374217,130.959968,269.94,194.73,1
395.19,47.35,194.73,30.374217,130.959968,269.94,194.73,1
395.26,47.35,194.73,30.374217,130.959968,269.94,194.73,1
395.32,47.35,194.73,30.374217,130.959968,269.94,194.73,1
395.39,47.35,194.73,30.374217,130.959968,269.94,194.73,1
395.46,47.35,194.73,30.374217,130.959968,269.94,194.73,1
395.52,47.39,194.92,30.374217,130.959968,269.94,194.92,1
395.59,47.39,194.92,30.374217,130.959968,269.94,194.92,1
395.66,47.39,194.92,30.374217,130.959968,269.94,194.92,1
395.72,47.39,194.92,30.374217,130.959968,269.94,194.92,1
395.79,47.39,194.92,30.374217,130.959968,269.94,194.92,1
395.85,47.39,194.92,30.374217,130.959968,269.94,194.92,1
395.92,47.39,194.92,30.374217,130.959968,269.94,194.92,1
395.99,47.39,194.92,30.374217,130.959968,269.94,194.92,1
396.05,47.39,194.92,30.374217,130.959968,269.94,194.92,1
396.12,47.39,194.92,30.374217,130.959968,269.94,194.92,1
396.19,47.39,194.92,30.374217,130.959968,269.94,194.92,1
396.25,47.39,194.92,30.374217,130.959968,269.94,194.92,1
396.32,47.39,194.92,30.374217,130.959968,269.94,194.92,1
396.39,47.39,194.92,30.374217,130.959968,269.94,194.92,1
396.45,47.39,194.92,30.374217,130.959968,269.94,194.92,1
396.52,47.39,194.92,30.374217,130.959968,269.94,194.92,1
396.59,47.39,194.92,30.374217,130.959968,269.94,194.92,1
396.65,47.39,194.92,30.374217,130.959968,269.94,194.92,1
396.72,47.39,194.92,30.374217,130.959968,269.94,194.92,1
396.79,47.39,194.92,30.374217,130.959968,269.94,194.92,1
396.85,47.39,194.92,30.374217,130.959968,269.94,194.92,1
396.92,47.39,194.92,30.374217,130.959968,269.94,194.92,1
396.99,47.39,194.92,30.374217,130.959968,269.94,194.92,1
397.05,47.39,194.92,30.374217,130.959968,269.94,194.92,1
397.12,47.39,194.92,30.374217,130.959968,269.94,194.92,1
397.19,47.39,194.92,30.374217,130.959968,269.94,194.92,1
397.25,47.39,194.92,30.374217,130.959968,269.94,194.92,1
397.32,47.39,194.92,30.374217,130.959968,269.94,194.92,1
397.38,47.39,194.92,30.374217,130.959968,269.94,194.92,1
397.45,47.39,194.92,30.374217,130.959968,269.94,194.92,1
397.52,47.39,194.92,30.374217,130.959968,269.94,194.92,1
397.59,47.39,194.92,30.374217,130.959968,269.94,194.92,1
397.65,47.39,194.92,30.374217,130.959968,269.94,194.92,1
397.72,47.39,194.92,30.374217,130.959968,269.94,194.92,1
397.79,47.39,194.92,30.374217,130.959968,269.94,194.92,1
397.85,47.39,194.92,30.374217,130.959968,269.94,194.92,1
397.92,47.39,194.92,30.374217,130.959968,269.94,194.92,1
397.99,47.39,194.92,30.374217,130.959968,269.94,194.92,1
398.05,47.39,194.92,30.374217,130.959968,269.94,194.92,1
398.12,47.39,194.92,30.374217,130.959968,269.94,194.92,1
398.18,47.39,194.92,30.374217,130.959968,269.94,194.92,1
398.25,47.39,194.92,30.374217,130.959968,269.94,194.92,1
398.32,47.39,194.92,30.374217,130.959968,269.94,194.92,1
398.38,47.39,194.92,30.374217,130.959968,269.94,194.92,1
398.45,47.39,194.92,30.374217,130.959968,269.94,194.92,1
398.52,47.21,194.97,30.374217,130.959968,269.94,194.97,1
398.58,47.21,194.97,30.374217,130.959968,269.94,194.97,1
398.65,47.21,194.97,30.374217,130.959968,269.94,194.97,1
398.72,47.21,194.97,30.374217,130.959968,269.94,194.97,1
398.78,47.21,194.97,30.374217,130.959968,269.94,194.97,1
398.85,47.21,194.97,30.374217,130.959968,269.94,194.97,1
398.92,47.21,194.97,30.374217,130.959968,269.94,194.97,1
398.98,47.21,194.97,30.374217,130.959968,269.94,194.97,1
399.05,47.21,194.97,30.374217,130.959968,269.94,194.97,1
399.12,47.21,194.97,30.374217,130.959968,269.94,194.97,1
399.18,47.21,194.97,30.374217,130.959968,269.94,194.97,1
399.25,47.21,194.97,30.374217,130.959968,269.94,194.97,1
399.32,47.21,194.97,30.374217,130.959968,269.94,194.97,1
399.38,47.21,194.97,30.374217,130.959968,269.94,194.97,1
399.45,47.21,194.97,30.374217,130.959968,269.94,194.97,1
399.52,47.25,195.16,30.374217,130.959968,269.94,195.16,1
399.58,47.25,195.16,30.374217,130.959968,269.94,195.16,1
399.65,47.25,195.16,30.374217,130.959968,269.94,195.16,1
399.72,47.25,195.16,30.374217,130.959968,269.94,195.16,1
399.78,47.25,195.16,30.374217,130.959968,269.94,195.16,1
399.85,47.25,195.16,30.374217,130.959968,269.94,195.16,1
399.92,47.25,195.16,30.374217,130.959968,269.94,195.16,1
399.98,47.25,195.16,30.374217,130.959968,269.94,195.16,1
400.05,47.25,195.16,30.374217,130.959968,269.94,195.16,1
400.12,47.25,195.16,30.374217,130.959968,269.94,195.16,1
400.19,47.25,195.16,30.374217,130.959968,269.94,195.16,1
400.25,47.25,195.16,30.374217,130.959968,269.94,195.16,1
400.32,47.25,195.16,30.374217,130.959968,269.94,195.16,1
400.39,47.25,195.16,30.374217,130.959968,269.94,195.16,1
400.45,47.25,195.16,30.374217,130.959968,269.94,195.16,1
400.52,47.25,195.16,30.374217,130.959968,269.94,195.16,1
400.59,47.25,195.16,30.374217,130.959968,269.94,195.16,1
400.66,47.25,195.16,30.374217,130.959968,269.94,195.16,1
400.72,47.25,195.16,30.374217,130.959968,269.94,195.16,1
400.79,47.25,195.16,30.374217,130.959968,269.94,195.16,1
400.86,47.25,195.16,30.374217,130.959968,269.94,195.16,1
400.92,47.25,195.16,30.374217,130.959968,269.94,195.16,1
400.99,47.25,195.16,30.374217,130.959968,269.94,195.16,1
401.06,47.25,195.16,30.374217,130.959968,269.94,195.16,1
401.12,47.25,195.16,30.374217,130.959968,269.94,195.16,1
401.19,47.25,195.16,30.374217,130.959968,269.94,195.16,1
401.26,47.25,195.16,30.374217,130.959968,269.94,195.16,1
401.33,47.25,195.16,30.374217,130.959968,269.94,195.16,1
401.4,47.25,195.16,30.374217,130.959968,269.94,195.16,1
401.46,47.25,195.16,30.374217,130.959968,269.94,195.16,1
401.53,47.25,195.16,30.374217,130.959968,269.94,195.16,1
401.6,47.25,195.16,30.374217,130.959968,269.94,195.16,1
401.66,47.25,195.16,30.374217,130.959968,269.94,195.16,1
401.73,47.25,195.16,30.374217,130.959968,269.94,195.16,1
401.79,47.25,195.16,30.374217,130.959968,269.94,195.16,1
401.86,47.25,195.16,30.374217,130.959968,269.94,195.16,1
401.93,47.25,195.16,30.374217,130.959968,269.94,195.16,1
401.99,47.25,195.16,30.374217,130.959968,269.94,195.16,1
402.06,47.25,195.16,30.374217,130.959968,269.94,195.16,1
402.13,47.25,195.16,30.374217,130.959968,269.94,195.16,1
402.19,47.25,195.16,30.374217,130.959968,269.94,195.16,1
402.26,47.25,195.16,30.374217,130.959968,269.94,195.16,1
402.32,47.25,195.16,30.374217,130.959968,269.94,195.16,1
402.39,47.25,195.16,30.374217,130.959968,269.94,195.16,1
402.46,47.25,195.16,30.374217,130.959968,269.94,195.16,1
402.52,47.25,195.16,30.374217,130.959968,269.94,195.16,1
402.59,47.25,195.16,30.374217,130.959968,269.94,195.16,1
402.66,47.25,195.16,30.374217,130.959968,269.94,195.16,1
402.72,47.25,195.16,30.374217,130.959968,269.94,195.16,1
402.79,47.25,195.16,30.374217,130.959968,269.94,195.16,1
402.86,47.25,195.16,30.374217,130.959968,269.94,195.16,1
402.92,47.25,195.16,30.374217,130.959968,269.94,195.16,1
402.99,47.25,195.16,30.374217,130.959968,269.94,195.16,1
403.05,47.25,195.16,30.374217,130.959968,269.94,195.16,1
403.12,47.25,195.16,30.374217,130.959968,269.94,195.16,1
403.19,47.25,195.16,30.374217,130.959968,269.94,195.16,1
403.25,47.25,195.16,30.374217,130.959968,269.94,195.16,1
403.32,47.25,195.16,30.374217,130.959968,269.94,195.16,1
403.38,47.25,195.16,30.374217,130.959968,269.94,195.16,1
403.45,47.21,194.97,30.374217,130.959968,269.94,194.97,1
403.52,47.21,194.97,30.374217,130.959968,269.94,194.97,1
403.59,47.21,194.97,30.374217,130.959968,269.94,194.97,1
403.65,47.21,194.97,30.374217,130.959968,269.94,194.97,1
403.72,47.21,194.97,30.374217,130.959968,269.94,194.97,1
403.78,47.21,194.97,30.374217,130.959968,269.94,194.97,1
403.85,47.21,194.97,30.374217,130.959968,269.94,194.97,1
403.92,47.21,194.97,30.374217,130.959968,269.94,194.97,1
403.98,47.21,194.97,30.374217,130.959968,269.94,194.97,1
404.05,47.21,194.97,30.374217,130.959968,269.94,194.97,1
404.12,47.21,194.97,30.374217,130.959968,269.94,194.97,1
404.18,47.21,194.97,30.374217,130.959968,269.94,194.97,1
404.25,47.21,194.97,30.374217,130.959968,269.94,194.97,1
404.32,47.21,194.97,30.374217,130.959968,269.94,194.97,1
404.38,47.21,194.97,30.374217,130.959968,269.94,194.97,1
404.45,47.21,194.97,30.374217,130.959968,269.94,194.97,1
404.52,47.21,194.97,30.374217,130.959968,269.94,194.97,1
404.58,47.21,194.97,30.374217,130.959968,269.94,194.97,1
404.65,47.21,194.97,30.374217,130.959968,269.94,194.97,1
404.72,47.21,194.97,30.374217,130.959968,269.94,194.97,1
404.78,47.21,194.97,30.374217,130.959968,269.94,194.97,1
404.85,47.21,194.97,30.374217,130.959968,269.94,194.97,1
404.92,47.21,194.97,30.374217,130.959968,269.94,194.97,1
404.98,47.21,194.97,30.374217,130.959968,269.94,194.97,1
405.05,47.21,194.97,30.374217,130.959968,269.94,194.97,1
405.12,47.21,194.97,30.374217,130.959968,269.94,194.97,1
405.18,47.21,194.97,30.374217,130.959968,269.94,194.97,1
405.25,47.21,194.97,30.374217,130.959968,269.94,194.97,1
405.32,47.21,194.97,30.374217,130.959968,269.94,194.97,1
405.38,47.21,194.97,30.374217,130.959968,269.94,194.97,1
405.45,47.21,194.97,30.374217,130.959968,269.94,194.97,1
405.52,47.21,194.97,30.374217,130.959968,269.94,194.97,1
405.58,47.21,194.97,30.374217,130.959968,269.94,194.97,1
405.65,47.21,194.97,30.374217,130.959968,269.94,194.97,1
405.72,47.21,194.97,30.374217,130.959968,269.94,194.97,1
405.78,47.21,194.97,30.374217,130.959968,269.94,194.97,1
405.85,47.21,194.97,30.374217,130.959968,269.94,194.97,1
405.92,47.21,194.97,30.374217,130.959968,269.94,194.97,1
405.98,47.21,194.97,30.374217,130.959968,269.94,194.97,1
406.05,47.21,194.97,30.374217,130.959968,269.94,194.97,1
406.12,47.21,194.97,30.374217,130.959968,269.94,194.97,1
406.18,47.21,194.97,30.374217,130.959968,269.94,194.97,1
406.25,47.21,194.97,30.374217,130.959968,269.94,194.97,1
406.32,47.21,194.97,30.374217,130.959968,269.94,194.97,1
406.38,47.21,194.97,30.374217,130.959968,269.94,194.97,1
406.46,47.21,194.97,30.374217,130.959968,269.94,194.97,1
406.52,47.21,194.97,30.374217,130.959968,269.94,194.97,1
406.59,47.21,194.97,30.374217,130.959968,269.94,194.97,1
406.66,47.21,194.97,30.374217,130.959968,269.94,194.97,1
406.72,47.21,194.97,30.374217,130.959968,269.94,194.97,1
406.79,47.21,194.97,30.374217,130.959968,269.94,194.97,1
406.86,47.21,194.97,30.374217,130.959968,269.94,194.97,1
406.93,47.21,194.97,30.374217,130.959968,269.94,194.97,1
406.99,47.21,194.97,30.374217,130.959968,269.94,194.97,1
407.06,47.21,194.97,30.374217,130.959968,269.94,194.97,1
407.13,47.21,194.97,30.374217,130.959968,269.94,194.97,1
407.19,47.21,194.97,30.374217,130.959968,269.94,194.97,1
407.26,47.21,194.97,30.374217,130.959968,269.94,194.97,1
407.33,47.21,194.97,30.374217,130.959968,269.94,194.97,1
407.39,47.21,194.97,30.374217,130.959968,269.94,194.97,1
407.46,47.21,194.97,30.374217,130.959968,269.94,194.97,1
407.53,47.21,194.97,30.374217,130.959968,269.94,194.97,1
407.6,47.21,194.97,30.374217,130.959968,269.94,194.97,1
407.66,47.21,194.97,30.374217,130.959968,269.94,194.97,1
407.73,47.21,194.97,30.374217,130.959968,269.94,194.97,1
407.8,47.21,194.97,30.374217,130.959968,269.94,194.97,1
407.87,47.21,194.97,30.374217,130.959968,269.94,194.97,1
407.94,47.21,194.97,30.374217,130.959968,269.94,194.97,1
408.01,47.21,194.97,30.374217,130.959968,269.94,194.97,1
408.07,47.21,194.97,30.374217,130.959968,269.94,194.97,1
408.14,47.21,194.97,30.374217,130.959968,269.94,194.97,1
408.21,47.21,194.97,30.374217,130.959968,269.94,194.97,1
408.27,47.21,194.97,30.374217,130.959968,269.94,194.97,1
408.34,47.21,194.97,30.374217,130.959968,269.94,194.97,1
408.4,47.21,194.97,30.374217,130.959968,269.94,194.97,1
408.47,47.21,194.97,30.374217,130.959968,269.94,194.97,1
408.54,47.21,194.97,30.374217,130.959968,269.94,194.97,1
408.6,47.21,194.97,30.374217,130.959968,269.94,194.97,1
408.67,47.21,194.97,30.374217,130.959968,269.94,194.97,1
408.74,47.21,194.97,30.374217,130.959968,269.94,194.97,1
408.8,47.21,194.97,30.374217,130.959968,269.94,194.97,1
408.87,47.21,194.97,30.374217,130.959968,269.94,194.97,1
408.93,47.21,194.97,30.374217,130.959968,269.94,194.97,1
409.0,47.21,194.97,30.374217,130.959968,269.94,194.97,1
409.07,47.21,194.97,30.374217,130.959968,269.94,194.97,1
409.13,47.21,194.97,30.374217,130.959968,269.94,194.97,1
409.2,47.21,194.97,30.374217,130.959968,269.94,194.97,1
409.26,47.21,194.97,30.374217,130.959968,269.94,194.97,1
409.33,47.21,194.97,30.374217,130.959968,269.94,194.97,1
409.4,47.21,194.97,30.374217,130.959968,269.94,194.97,1
409.46,47.21,194.97,30.374217,130.959968,269.94,194.97,1
409.53,47.21,194.97,30.374217,130.959968,269.94,194.97,1
409.6,47.21,194.97,30.374217,130.959968,269.94,194.97,1
409.66,47.21,194.97,30.374217,130.959968,269.94,194.97,1
409.73,47.21,194.97,30.374217,130.959968,269.94,194.97,1
409.8,47.21,194.97,30.374217,130.959968,269.94,194.97,1
409.86,47.21,194.97,30.374217,130.959968,269.94,194.97,1
409.93,47.21,194.97,30.374217,130.959968,269.94,194.97,1
410.0,47.21,194.97,30.374217,130.959968,269.94,194.97,1
410.06,47.21,194.97,30.374217,130.959968,269.94,194.97,1
410.13,47.21,194.97,30.374217,130.959968,269.94,194.97,1
410.2,47.21,194.97,30.374217,130.959968,269.94,194.97,1
410.26,47.21,194.97,30.374217,130.959968,269.94,194.97,1
410.33,47.21,194.97,30.374217,130.959968,269.94,194.97,1
410.39,47.21,194.97,30.374217,130.959968,269.94,194.97,1
410.46,47.21,194.97,30.374217,130.959968,269.94,194.97,1
410.53,47.21,194.97,30.374217,130.959968,269.94,194.97,1
410.6,47.21,194.97,30.374217,130.959968,269.94,194.97,1
410.66,47.21,194.97,30.374217,130.959968,269.94,194.97,1
410.73,47.21,194.97,30.374217,130.959968,269.94,194.97,1
410.79,47.21,194.97,30.374217,130.959968,269.94,194.97,1
410.86,47.21,194.97,30.374217,130.959968,269.94,194.97,1
410.93,47.21,194.97,30.374217,130.959968,269.94,194.97,1
410.99,47.21,194.97,30.374217,130.959968,269.94,194.97,1
411.06,47.21,194.97,30.374217,130.959968,269.94,194.97,1
411.13,47.21,194.97,30.374217,130.959968,269.94,194.97,1
411.19,47.21,194.97,30.374217,130.959968,269.94,194.97,1
411.26,47.21,194.97,30.374217,130.959968,269.94,194.97,1
411.33,47.21,194.97,30.374217,130.959968,269.94,194.97,1
411.39,47.21,194.97,30.374217,130.959968,269.94,194.97,1
411.46,47.21,194.97,30.374217,130.959968,269.94,194.97,1
411.53,47.21,194.97,30.374217,130.959968,269.94,194.97,1
411.6,47.21,194.97,30.374217,130.959968,269.94,194.97,1
411.66,47.21,194.97,30.374217,130.959968,269.94,194.97,1
411.73,47.21,194.97,30.374217,130.959968,269.94,194.97,1
411.8,47.21,194.97,30.374217,130.959968,269.94,194.97,1
411.86,47.21,194.97,30.374217,130.959968,269.94,194.97,1
411.93,47.21,194.97,30.374217,130.959968,269.94,194.97,1
412.0,47.21,194.97,30.374217,130.959968,269.94,194.97,1
412.06,47.21,194.97,30.374217,130.959968,269.94,194.97,1
412.13,47.21,194.97,30.374217,130.959968,269.94,194.97,1
412.2,47.21,194.97,30.374217,130.959968,269.94,194.97,1
412.26,47.21,194.97,30.374217,130.959968,269.94,194.97,1
412.33,47.21,194.97,30.374217,130.959968,269.94,194.97,1
412.4,47.21,194.97,30.374217,130.959968,269.94,194.97,1
412.47,47.25,195.16,30.374217,130.959968,269.94,195.16,1
412.53,47.25,195.16,30.374217,130.959968,269.94,195.16,1
412.6,47.25,195.16,30.374217,130.959968,269.94,195.16,1
412.67,47.25,195.16,30.374217,130.959968,269.94,195.16,1
412.73,47.25,195.16,30.374217,130.959968,269.94,195.16,1
412.8,47.25,195.16,30.374217,130.959968,269.94,195.16,1
412.87,47.25,195.16,30.374217,130.959968,269.94,195.16,1
412.93,47.25,195.16,30.374217,130.959968,269.94,195.16,1
413.0,47.25,195.16,30.374217,130.959968,269.94,195.16,1
413.06,47.25,195.16,30.374217,130.959968,269.94,195.16,1
413.13,47.25,195.16,30.374217,130.959968,269.94,195.16,1
413.2,47.25,195.16,30.374217,130.959968,269.94,195.16,1
413.26,47.25,195.16,30.374217,130.959968,269.94,195.16,1
413.33,47.25,195.16,30.374217,130.959968,269.94,195.16,1
413.4,47.25,195.16,30.374217,130.959968,269.94,195.16,1
413.47,47.25,195.16,30.374217,130.959968,269.94,195.16,1
413.53,47.25,195.16,30.374217,130.959968,269.94,195.16,1
413.6,47.25,195.16,30.374217,130.959968,269.94,195.16,1
413.67,47.25,195.16,30.374217,130.959968,269.94,195.16,1
413.74,47.25,195.16,30.374217,130.959968,269.94,195.16,1
413.8,47.25,195.16,30.374217,130.959968,269.94,195.16,1
413.87,47.25,195.16,30.374217,130.959968,269.94,195.16,1
413.94,47.25,195.16,30.374217,130.959968,269.94,195.16,1
414.0,47.25,195.16,30.374217,130.959968,269.94,195.16,1
414.07,47.25,195.16,30.374217,130.959968,269.94,195.16,1
414.14,47.25,195.16,30.374217,130.959968,269.94,195.16,1
414.2,47.25,195.16,30.374217,130.959968,269.94,195.16,1
414.27,47.25,195.16,30.374217,130.959968,269.94,195.16,1
414.34,47.25,195.16,30.374217,130.959968,269.94,195.16,1
414.41,47.25,195.16,30.374217,130.959968,269.94,195.16,1
414.48,47.21,194.97,30.374217,130.959968,269.94,194.97,1
414.55,47.21,194.97,30.374217,130.959968,269.94,194.97,1
414.61,47.21,194.97,30.374217,130.959968,269.94,194.97,1
414.68,47.21,194.97,30.374217,130.959968,269.94,194.97,1
414.75,47.21,194.97,30.374217,130.959968,269.94,194.97,1
414.81,47.21,194.97,30.374217,130.959968,269.94,194.97,1
414.88,47.21,194.97,30.374217,130.959968,269.94,194.97,1
414.94,47.21,194.97,30.374217,130.959968,269.94,194.97,1
415.01,47.21,194.97,30.374217,130.959968,269.94,194.97,1
415.08,47.21,194.97,30.374217,130.959968,269.94,194.97,1
415.14,47.21,194.97,30.374217,130.959968,269.94,194.97,1
415.21,47.21,194.97,30.374217,130.959968,269.94,194.97,1
415.27,47.21,194.97,30.374217,130.959968,269.94,194.97,1
415.34,47.21,194.97,30.374217,130.959968,269.94,194.97,1
415.41,47.21,194.97,30.374217,130.959968,269.94,194.97,1
415.47,47.21,194.97,30.374217,130.959968,269.94,194.97,1
415.54,47.21,194.97,30.374217,130.959968,269.94,194.97,1
415.61,47.21,194.97,30.374217,130.959968,269.94,194.97,1
415.67,47.21,194.97,30.374217,130.959968,269.94,194.97,1
415.74,47.21,194.97,30.374217,130.959968,269.94,194.97,1
415.81,47.21,194.97,30.374217,130.959968,269.94,194.97,1
415.87,47.21,194.97,30.374217,130.959968,269.94,194.97,1
415.94,47.21,194.97,30.374217,130.959968,269.94,194.97,1
416.0,47.21,194.97,30.374217,130.959968,269.94,194.97,1
416.07,47.21,194.97,30.374217,130.959968,269.94,194.97,1
416.14,47.21,194.97,30.374217,130.959968,269.94,194.97,1
416.2,47.21,194.97,30.374217,130.959968,269.94,194.97,1
416.27,47.21,194.97,30.374217,130.959968,269.94,194.97,1
416.34,47.21,194.97,30.374217,130.959968,269.94,194.97,1
416.4,47.21,194.97,30.374217,130.959968,269.94,194.97,1
416.47,47.21,194.97,30.374217,130.959968,269.94,194.97,1
416.54,47.21,194.97,30.374217,130.959968,269.94,194.97,1
416.6,47.21,194.97,30.374217,130.959968,269.94,194.97,1
416.67,47.21,194.97,30.374217,130.959968,269.94,194.97,1
416.74,47.21,194.97,30.374217,130.959968,269.94,194.97,1
416.8,47.21,194.97,30.374217,130.959968,269.94,194.97,1
416.87,47.21,194.97,30.374217,130.959968,269.94,194.97,1
416.93,47.21,194.97,30.374217,130.959968,269.94,194.97,1
417.0,47.21,194.97,30.374217,130.959968,269.94,194.97,1
417.07,47.21,194.97,30.374217,130.959968,269.94,194.97,1
417.13,47.21,194.97,30.374217,130.959968,269.94,194.97,1
417.2,47.21,194.97,30.374217,130.959968,269.94,194.97,1
417.27,47.21,194.97,30.374217,130.959968,269.94,194.97,1
417.34,47.21,194.97,30.374217,130.959968,269.94,194.97,1
417.4,47.21,194.97,30.374217,130.959968,269.94,194.97,1
417.47,47.21,194.97,30.374217,130.959968,269.94,194.97,1
417.54,47.21,194.97,30.374217,130.959968,269.94,194.97,1
417.6,47.21,194.97,30.374217,130.959968,269.94,194.97,1
417.67,47.21,194.97,30.374217,130.959968,269.94,194.97,1
417.73,47.21,194.97,30.374217,130.959968,269.94,194.97,1
417.8,47.21,194.97,30.374217,130.959968,269.94,194.97,1
417.87,47.21,194.97,30.374217,130.959968,269.94,194.97,1
417.93,47.21,194.97,30.374217,130.959968,269.94,194.97,1
418.0,47.21,194.97,30.374217,130.959968,269.94,194.97,1
418.07,47.21,194.97,30.374217,130.959968,269.94,194.97,1
418.13,47.21,194.97,30.374217,130.959968,269.94,194.97,1
418.2,47.21,194.97,30.374217,130.959968,269.94,194.97,1
418.27,47.21,194.97,30.374217,130.959968,269.94,194.97,1
418.34,47.21,194.97,30.374217,130.959968,269.94,194.97,1
418.4,47.21,194.97,30.374217,130.959968,269.94,194.97,1
418.47,47.21,194.97,30.374217,130.959968,269.94,194.97,1
418.54,47.21,194.97,30.374217,130.959968,269.94,194.97,1
418.6,47.21,194.97,30.374217,130.959968,269.94,194.97,1
418.67,47.21,194.97,30.374217,130.959968,269.94,194.97,1
418.74,47.21,194.97,30.374217,130.959968,269.94,194.97,1
418.8,47.21,194.97,30.374217,130.959968,269.94,194.97,1
418.87,47.21,194.97,30.374217,130.959968,269.94,194.97,1
418.94,47.21,194.97,30.374217,130.959968,269.94,194.97,1
419.0,47.21,194.97,30.374217,130.959968,269.94,194.97,1
419.07,47.21,194.97,30.374217,130.959968,269.94,194.97,1
419.14,47.21,194.97,30.374217,130.959968,269.94,194.97,1
419.2,47.21,194.97,30.374217,130.959968,269.94,194.97,1
419.27,47.21,194.97,30.374217,130.959968,269.94,194.97,1
419.34,47.21,194.97,30.374217,130.959968,269.94,194.97,1
419.4,47.21,194.97,30.374217,130.959968,269.94,194.97,1
419.47,47.21,194.97,30.374217,130.959968,269.94,194.97,1
419.54,47.21,194.97,30.374217,130.959968,269.94,194.97,1
419.6,47.21,194.97,30.374217,130.959968,269.94,194.97,1
419.67,47.21,194.97,30.374217,130.959968,269.94,194.97,1
419.74,47.21,194.97,30.374217,130.959968,269.94,194.97,1
419.81,47.21,194.97,30.374217,130.959968,269.94,194.97,1
419.87,47.21,194.97,30.374217,130.959968,269.94,194.97,1
419.94,47.21,194.97,30.374217,130.959968,269.94,194.97,1
420.01,47.21,194.97,30.374217,130.959968,269.94,194.97,1
420.07,47.21,194.97,30.374217,130.959968,269.94,194.97,1
420.14,47.21,194.97,30.374217,130.959968,269.94,194.97,1
420.21,47.21,194.97,30.374217,130.959968,269.94,194.97,1
420.28,47.21,194.97,30.374217,130.959968,269.94,194.97,1
420.34,47.21,194.97,30.374217,130.959968,269.94,194.97,1
420.41,47.21,194.97,30.374217,130.959968,269.94,194.97,1
420.48,47.21,194.97,30.374217,130.959968,269.94,194.97,1
420.54,47.21,194.97,30.374217,130.959968,269.94,194.97,1
420.61,47.21,194.97,30.374217,130.959968,269.94,194.97,1
420.68,47.21,194.97,30.374217,130.959968,269.94,194.97,1
420.74,47.21,194.97,30.374217,130.959968,269.94,194.97,1
420.81,47.21,194.97,30.374217,130.959968,269.94,194.97,1
420.88,47.21,194.97,30.374217,130.959968,269.94,194.97,1
420.94,47.21,194.97,30.374217,130.959968,269.94,194.97,1
421.01,47.21,194.97,30.374217,130.959968,269.94,194.97,1
421.09,47.21,194.97,30.374217,130.959968,269.94,194.97,1
421.15,47.21,194.97,30.374217,130.959968,269.94,194.97,1
421.22,47.21,194.97,30.374217,130.959968,269.94,194.97,1
421.28,47.21,194.97,30.374217,130.959968,269.94,194.97,1
421.35,47.21,194.97,30.374217,130.959968,269.94,194.97,1
421.42,47.21,194.97,30.374217,130.959968,269.94,194.97,1
421.48,47.21,194.97,30.374217,130.959968,269.94,194.97,1
421.55,47.21,194.97,30.374217,130.959968,269.94,194.97,1
421.61,47.21,194.97,30.374217,130.959968,269.94,194.97,1
421.68,47.21,194.97,30.374217,130.959968,269.94,194.97,1
421.75,47.21,194.97,30.374217,130.959968,269.94,194.97,1
421.81,47.21,194.97,30.374217,130.959968,269.94,194.97,1
421.88,47.21,194.97,30.374217,130.959968,269.94,194.97,1
421.95,47.21,194.97,30.374217,130.959968,269.94,194.97,1
422.01,47.21,194.97,30.374217,130.959968,269.94,194.97,1
422.08,47.21,194.97,30.374217,130.959968,269.94,194.97,1
422.15,47.21,194.97,30.374217,130.959968,269.94,194.97,1
422.21,47.21,194.97,30.374217,130.959968,269.94,194.97,1
422.28,47.21,194.97,30.374217,130.959968,269.94,194.97,1
422.35,47.21,194.97,30.374217,130.959968,269.94,194.97,1
422.41,47.21,194.97,30.374217,130.959968,269.94,194.97,1
422.48,47.21,194.97,30.374217,130.959968,269.94,194.97,1
422.54,47.21,194.97,30.374217,130.959968,269.94,194.97,1
422.61,47.21,194.97,30.374217,130.959968,269.94,194.97,1
422.68,47.21,194.97,30.374217,130.959968,269.94,194.97,1
422.74,47.21,194.97,30.374217,130.959968,269.94,194.97,1
422.81,47.21,194.97,30.374217,130.959968,269.94,194.97,1
422.88,47.21,194.97,30.374217,130.959968,269.94,194.97,1
422.94,47.21,194.97,30.374217,130.959968,269.94,194.97,1
423.01,47.21,194.97,30.374217,130.959968,269.94,194.97,1
423.08,47.21,194.97,30.374217,130.959968,269.94,194.97,1
423.14,47.21,194.97,30.374217,130.959968,269.94,194.97,1
423.21,47.21,194.97,30.374217,130.959968,269.94,194.97,1
423.28,47.21,194.97,30.374217,130.959968,269.94,194.97,1
423.34,47.21,194.97,30.374217,130.959968,269.94,194.97,1
423.41,47.21,194.97,30.374217,130.959968,269.94,194.97,1
423.47,47.21,194.97,30.374217,130.959968,269.94,194.97,1
423.54,47.21,194.97,30.374217,130.959968,269.94,194.97,1
423.61,47.21,194.97,30.374217,130.959968,269.94,194.97,1
423.67,47.21,194.97,30.374217,130.959968,269.94,194.97,1
423.74,47.21,194.97,30.374217,130.959968,269.94,194.97,1
423.81,47.21,194.97,30.374217,130.959968,269.94,194.97,1
423.87,47.21,194.97,30.374217,130.959968,269.94,194.97,1
423.94,47.21,194.97,30.374217,130.959968,269.94,194.97,1
424.01,47.21,194.97,30.374217,130.959968,269.94,194.97,1
424.07,47.21,194.97,30.374217,130.959968,269.94,194.97,1
424.14,47.21,194.97,30.374217,130.959968,269.94,194.97,1
424.21,47.21,194.97,30.374217,130.959968,269.94,194.97,1
424.28,47.21,194.97,30.374217,130.959968,269.94,194.97,1
424.34,47.21,194.97,30.374217,130.959968,269.94,194.97,1
424.41,47.21,194.97,30.374217,130.959968,269.94,194.97,1
424.48,47.21,194.97,30.374217,130.959968,269.94,194.97,1
424.54,47.21,194.97,30.374217,130.959968,269.94,194.97,1
424.61,47.21,194.97,30.374217,130.959968,269.94,194.97,1
424.68,47.21,194.97,30.374217,130.959968,269.94,194.97,1
424.74,47.21,194.97,30.374217,130.959968,269.94,194.97,1
424.81,47.21,194.97,30.374217,130.959968,269.94,194.97,1
424.87,47.21,194.97,30.374217,130.959968,269.94,194.97,1
424.94,47.21,194.97,30.374217,130.959968,269.94,194.97,1
425.01,47.21,194.97,30.374217,130.959968,269.94,194.97,1
425.08,47.21,194.97,30.374217,130.959968,269.94,194.97,1
425.14,47.21,194.97,30.374217,130.959968,269.94,194.97,1
425.21,47.21,194.97,30.374217,130.959968,269.94,194.97,1
425.28,47.21,194.97,30.374217,130.959968,269.94,194.97,1
425.34,47.21,194.97,30.374217,130.959968,269.94,194.97,1
425.41,47.25,195.16,30.374217,130.959968,269.94,195.16,1
425.48,47.25,195.16,30.374217,130.959968,269.94,195.16,1
425.54,47.25,195.16,30.374217,130.959968,269.94,195.16,1
425.61,47.25,195.16,30.374217,130.959968,269.94,195.16,1
425.68,47.25,195.16,30.374217,130.959968,269.94,195.16,1
425.74,47.25,195.16,30.374217,130.959968,269.94,195.16,1
425.81,47.25,195.16,30.374217,130.959968,269.94,195.16,1
425.88,47.25,195.16,30.374217,130.959968,269.94,195.16,1
425.95,47.25,195.16,30.374217,130.959968,269.94,195.16,1
426.01,47.25,195.16,30.374217,130.959968,269.94,195.16,1
426.08,47.25,195.16,30.374217,130.959968,269.94,195.16,1
426.15,47.25,195.16,30.374217,130.959968,269.94,195.16,1
426.21,47.25,195.16,30.374217,130.959968,269.94,195.16,1
426.28,47.25,195.16,30.374217,130.959968,269.94,195.16,1
426.35,47.25,195.16,30.374217,130.959968,269.94,195.16,1
426.41,47.21,194.97,30.374217,130.959968,269.94,194.97,1
426.48,47.21,194.97,30.374217,130.959968,269.94,194.97,1
426.55,47.21,194.97,30.374217,130.959968,269.94,194.97,1
426.62,47.21,194.97,30.374217,130.959968,269.94,194.97,1
426.68,47.21,194.97,30.374217,130.959968,269.94,194.97,1
426.75,47.21,194.97,30.374217,130.959968,269.94,194.97,1
426.82,47.21,194.97,30.374217,130.959968,269.94,194.97,1
426.88,47.21,194.97,30.374217,130.959968,269.94,194.97,1
426.95,47.21,194.97,30.374217,130.959968,269.94,194.97,1
427.02,47.21,194.97,30.374217,130.959968,269.94,194.97,1
427.09,47.21,194.97,30.374217,130.959968,269.94,194.97,1
427.15,47.21,194.97,30.374217,130.959968,269.94,194.97,1
427.22,47.21,194.97,30.374217,130.959968,269.94,194.97,1
427.29,47.21,194.97,30.374217,130.959968,269.94,194.97,1
427.35,47.21,194.97,30.374217,130.959968,269.94,194.97,1
427.42,47.25,195.16,30.374217,130.959968,269.94,195.16,1
427.49,47.25,195.16,30.374217,130.959968,269.94,195.16,1
427.56,47.25,195.16,30.374217,130.959968,269.94,195.16,1
427.62,47.25,195.16,30.374217,130.959968,269.94,195.16,1
427.7,47.25,195.16,30.374217,130.959968,269.94,195.16,1
427.76,47.25,195.16,30.374217,130.959968,269.94,195.16,1
427.83,47.25,195.16,30.374217,130.959968,269.94,195.16,1
427.9,47.25,195.16,30.374217,130.959968,269.94,195.16,1
427.96,47.25,195.16,30.374217,130.959968,269.94,195.16,1
428.03,47.25,195.16,30.374217,130.959968,269.94,195.16,1
428.09,47.25,195.16,30.374217,130.959968,269.94,195.16,1
428.16,47.25,195.16,30.374217,130.959968,269.94,195.16,1
428.23,47.25,195.16,30.374217,130.959968,269.94,195.16,1
428.29,47.25,195.16,30.374217,130.959968,269.94,195.16,1
428.36,47.25,195.16,30.374217,130.959968,269.94,195.16,1
428.42,47.25,195.16,30.374217,130.959968,269.94,195.16,1
428.49,47.25,195.16,30.374217,130.959968,269.94,195.16,1
428.56,47.25,195.16,30.374217,130.959968,269.94,195.16,1
428.62,47.25,195.16,30.374217,130.959968,269.94,195.16,1
428.69,47.25,195.16,30.374217,130.959968,269.94,195.16,1
428.76,47.25,195.16,30.374217,130.959968,269.94,195.16,1
428.82,47.25,195.16,30.374217,130.959968,269.94,195.16,1
428.89,47.25,195.16,30.374217,130.959968,269.94,195.16,1
428.96,47.25,195.16,30.374217,130.959968,269.94,195.16,1
429.02,47.25,195.16,30.374217,130.959968,269.94,195.16,1
429.09,47.25,195.16,30.374217,130.959968,269.94,195.16,1
429.15,47.25,195.16,30.374217,130.959968,269.94,195.16,1
429.22,47.25,195.16,30.374217,130.959968,269.94,195.16,1
429.29,47.25,195.16,30.374217,130.959968,269.94,195.16,1
429.35,47.25,195.16,30.374217,130.959968,269.94,195.16,1
429.42,47.25,195.16,30.374217,130.959968,269.94,195.16,1
429.49,47.25,195.16,30.374217,130.959968,269.94,195.16,1
429.55,47.25,195.16,30.374217,130.959968,269.94,195.16,1
429.62,47.25,195.16,30.374217,130.959968,269.94,195.16,1
429.69,47.25,195.16,30.374217,130.959968,269.94,195.16,1
429.75,47.25,195.16,30.374217,130.959968,269.94,195.16,1
429.82,47.25,195.16,30.374217,130.959968,269.94,195.16,1
429.89,47.25,195.16,30.374217,130.959968,269.94,195.16,1
429.95,47.25,195.16,30.374217,130.959968,269.94,195.16,1
430.02,47.25,195.16,30.374217,130.959968,269.94,195.16,1
430.09,47.25,195.16,30.374217,130.959968,269.94,195.16,1
430.15,47.25,195.16,30.374217,130.959968,269.94,195.16,1
430.22,47.25,195.16,30.374217,130.959968,269.94,195.16,1
430.29,47.25,195.16,30.374217,130.959968,269.94,195.16,1
430.35,47.21,194.97,30.374217,130.959968,269.94,194.97,1
430.42,47.21,194.97,30.374217,130.959968,269.94,194.97,1
430.49,47.21,194.97,30.374217,130.959968,269.94,194.97,1
430.55,47.21,194.97,30.374217,130.959968,269.94,194.97,1
430.62,47.21,194.97,30.374217,130.959968,269.94,194.97,1
430.69,47.21,194.97,30.374217,130.959968,269.94,194.97,1
430.76,47.21,194.97,30.374217,130.959968,269.94,194.97,1
430.83,47.21,194.97,30.374217,130.959968,269.94,194.97,1
430.9,47.21,194.97,30.374217,130.959968,269.94,194.97,1
430.96,47.21,194.97,30.374217,130.959968,269.94,194.97,1
431.03,47.21,194.97,30.374217,130.959968,269.94,194.97,1
431.1,47.21,194.97,30.374217,130.959968,269.94,194.97,1
431.16,47.21,194.97,30.374217,130.959968,269.94,194.97,1
431.23,47.21,194.97,30.374217,130.959968,269.94,194.97,1
431.3,47.21,194.97,30.374217,130.959968,269.94,194.97,1
431.36,47.21,194.97,30.374217,130.959968,269.94,194.97,1
431.43,47.21,194.97,30.374217,130.959968,269.94,194.97,1
431.5,47.21,194.97,30.374217,130.959968,269.94,194.97,1
431.56,47.21,194.97,30.374217,130.959968,269.94,194.97,1
431.63,47.21,194.97,30.374217,130.959968,269.94,194.97,1
431.7,47.21,194.97,30.374217,130.959968,269.94,194.97,1
431.76,47.21,194.97,30.374217,130.959968,269.94,194.97,1
431.83,47.21,194.97,30.374217,130.959968,269.94,194.97,1
431.9,47.21,194.97,30.374217,130.959968,269.94,194.97,1
431.96,47.21,194.97,30.374217,130.959968,269.94,194.97,1
432.03,47.21,194.97,30.374217,130.959968,269.94,194.97,1
432.1,47.21,194.97,30.374217,130.959968,269.94,194.97,1
432.16,47.21,194.97,30.374217,130.959968,269.94,194.97,1
432.23,47.21,194.97,30.374217,130.959968,269.94,194.97,1
432.3,47.21,194.97,30.374217,130.959968,269.94,194.97,1
432.36,47.21,194.97,30.374217,130.959968,269.94,194.97,1
432.43,47.21,194.97,30.374217,130.959968,269.94,194.97,1
432.5,47.21,194.97,30.374217,130.959968,269.94,194.97,1
432.56,47.21,194.97,30.374217,130.959968,269.94,194.97,1
432.63,47.21,194.97,30.374217,130.959968,269.94,194.97,1
432.7,47.21,194.97,30.374217,130.959968,269.94,194.97,1
432.77,47.21,194.97,30.374217,130.959968,269.94,194.97,1
432.83,47.21,194.97,30.374217,130.959968,269.94,194.97,1
432.9,47.21,194.97,30.374217,130.959968,269.94,194.97,1
432.97,47.21,194.97,30.374217,130.959968,269.94,194.97,1
433.03,47.21,194.97,30.374217,130.959968,269.94,194.97,1
433.1,47.21,194.97,30.374217,130.959968,269.94,194.97,1
433.17,47.21,194.97,30.374217,130.959968,269.94,194.97,1
433.23,47.21,194.97,30.374217,130.959968,269.94,194.97,1
433.3,47.21,194.97,30.374217,130.959968,269.94,194.97,1
433.37,47.21,194.97,30.374217,130.959968,269.94,194.97,1
433.44,47.21,194.97,30.374217,130.959968,269.94,194.97,1
433.5,47.25,195.16,30.374217,130.959968,269.94,195.16,1
433.57,47.25,195.16,30.374217,130.959968,269.94,195.16,1
433.64,47.25,195.16,30.374217,130.959968,269.94,195.16,1
433.7,47.25,195.16,30.374217,130.959968,269.94,195.16,1
433.77,47.25,195.16,30.374217,130.959968,269.94,195.16,1
433.84,47.25,195.16,30.374217,130.959968,269.94,195.16,1
433.9,47.25,195.16,30.374217,130.959968,269.94,195.16,1
433.97,47.25,195.16,30.374217,130.959968,269.94,195.16,1
434.04,47.25,195.16,30.374217,130.959968,269.94,195.16,1
434.11,47.25,195.16,30.374217,130.959968,269.94,195.16,1
434.17,47.25,195.16,30.374217,130.959968,269.94,195.16,1
434.24,47.25,195.16,30.374217,130.959968,269.94,195.16,1
434.31,47.25,195.16,30.374217,130.959968,269.94,195.16,1
434.38,47.25,195.16,30.374217,130.959968,269.94,195.16,1
434.45,47.25,195.16,30.374217,130.959968,269.94,195.16,1
434.51,47.25,195.16,30.374217,130.959968,269.94,195.16,1
434.58,47.25,195.16,30.374217,130.959968,269.94,195.16,1
434.65,47.25,195.16,30.374217,130.959968,269.94,195.16,1
434.71,47.25,195.16,30.374217,130.959968,269.94,195.16,1
434.78,47.25,195.16,30.374217,130.959968,269.94,195.16,1
434.84,47.25,195.16,30.374217,130.959968,269.94,195.16,1
434.91,47.25,195.16,30.374217,130.959968,269.94,195.16,1
434.98,47.25,195.16,30.374217,130.959968,269.94,195.16,1
435.04,47.25,195.16,30.374217,130.959968,269.94,195.16,1
435.11,47.25,195.16,30.374217,130.959968,269.94,195.16,1
435.17,47.25,195.16,30.374217,130.959968,269.94,195.16,1
435.24,47.25,195.16,30.374217,130.959968,269.94,195.16,1
435.31,47.25,195.16,30.374217,130.959968,269.94,195.16,1
435.38,47.25,195.16,30.374217,130.959968,269.94,195.16,1
435.44,47.25,195.16,30.374217,130.959968,269.94,195.16,1
435.51,47.25,195.16,30.374217,130.959968,269.94,195.16,1
435.58,47.25,195.16,30.374217,130.959968,269.94,195.16,1
435.64,47.25,195.16,30.374217,130.959968,269.94,195.16,1
435.72,47.25,195.16,30.374217,130.959968,269.94,195.16,1
435.78,47.25,195.16,30.374217,130.959968,269.94,195.16,1
435.85,47.25,195.16,30.374217,130.959968,269.94,195.16,1
435.92,47.25,195.16,30.374217,130.959968,269.94,195.16,1
435.98,47.25,195.16,30.374217,130.959968,269.94,195.16,1
436.05,47.25,195.16,30.374217,130.959968,269.94,195.16,1
436.11,47.25,195.16,30.374217,130.959968,269.94,195.16,1
436.18,47.25,195.16,30.374217,130.959968,269.94,195.16,1
436.25,47.25,195.16,30.374217,130.959968,269.94,195.16,1
436.31,47.25,195.16,30.374217,130.959968,269.94,195.16,1
436.38,47.25,195.16,30.374217,130.959968,269.94,195.16,1
436.45,47.25,195.16,30.374217,130.959968,269.94,195.16,1
436.51,47.25,195.16,30.374217,130.959968,269.94,195.16,1
436.58,47.25,195.16,30.374217,130.959968,269.94,195.16,1
436.65,47.25,195.16,30.374217,130.959968,269.94,195.16,1
436.71,47.25,195.16,30.374217,130.959968,269.94,195.16,1
436.78,47.25,195.16,30.374217,130.959968,269.94,195.16,1
436.85,47.25,195.16,30.374217,130.959968,269.94,195.16,1
436.91,47.25,195.16,30.374217,130.959968,269.94,195.16,1
436.98,47.25,195.16,30.374217,130.959968,269.94,195.16,1
437.04,47.25,195.16,30.374217,130.959968,269.94,195.16,1
437.11,47.25,195.16,30.374217,130.959968,269.94,195.16,1
437.18,47.25,195.16,30.374217,130.959968,269.94,195.16,1
437.24,47.25,195.16,30.374217,130.959968,269.94,195.16,1
437.31,47.25,195.16,30.374217,130.959968,269.94,195.16,1
437.38,47.25,195.16,30.374217,130.959968,269.94,195.16,1
437.44,47.25,195.16,30.374217,130.959968,269.94,195.16,1
437.51,47.25,195.16,30.374217,130.959968,269.94,195.16,1
437.58,47.25,195.16,30.374217,130.959968,269.94,195.16,1
437.64,47.25,195.16,30.374217,130.959968,269.94,195.16,1
437.71,47.25,195.16,30.374217,130.959968,269.94,195.16,1
437.78,47.25,195.16,30.374217,130.959968,269.94,195.16,1
437.84,47.25,195.16,30.374217,130.959968,269.94,195.16,1
437.91,47.25,195.16,30.374217,130.959968,269.94,195.16,1
437.97,47.25,195.16,30.374217,130.959968,269.94,195.16,1
438.04,47.25,195.16,30.374217,130.959968,269.94,195.16,1
438.11,47.25,195.16,30.374217,130.959968,269.94,195.16,1
438.17,47.25,195.16,30.374217,130.959968,269.94,195.16,1
438.24,47.25,195.16,30.374217,130.959968,269.94,195.16,1
438.31,47.25,195.16,30.374217,130.959968,269.94,195.16,1
438.37,47.25,195.16,30.374217,130.959968,269.94,195.16,1
438.44,47.25,195.16,30.374217,130.959968,269.94,195.16,1
438.51,47.25,195.16,30.374217,130.959968,269.94,195.16,1
438.57,47.25,195.16,30.374217,130.959968,269.94,195.16,1
438.64,47.25,195.16,30.374217,130.959968,269.94,195.16,1
438.71,47.25,195.16,30.374217,130.959968,269.94,195.16,1
438.77,47.25,195.16,30.374217,130.959968,269.94,195.16,1
438.84,47.25,195.16,30.374217,130.959968,269.94,195.16,1
438.91,47.25,195.16,30.374217,130.959968,269.94,195.16,1
438.97,47.25,195.16,30.374217,130.959968,269.94,195.16,1
439.04,47.25,195.16,30.374217,130.959968,269.94,195.16,1
439.11,47.25,195.16,30.374217,130.959968,269.94,195.16,1
439.17,47.25,195.16,30.374217,130.959968,269.94,195.16,1
439.24,47.25,195.16,30.374217,130.959968,269.94,195.16,1
439.31,47.25,195.16,30.374217,130.959968,269.94,195.16,1
439.38,47.25,195.16,30.374217,130.959968,269.94,195.16,1
439.44,47.25,195.16,30.374217,130.959968,269.94,195.16,1
439.51,47.25,195.16,30.374217,130.959968,269.94,195.16,1
439.58,47.25,195.16,30.374217,130.959968,269.94,195.16,1
439.64,47.25,195.16,30.374217,130.959968,269.94,195.16,1
439.71,47.25,195.16,30.374217,130.959968,269.94,195.16,1
439.78,47.25,195.16,30.374217,130.959968,269.94,195.16,1
439.84,47.25,195.16,30.374217,130.959968,269.94,195.16,1
439.91,47.25,195.16,30.374217,130.959968,269.94,195.16,1
439.98,47.25,195.16,30.374217,130.959968,269.94,195.16,1
440.04,47.25,195.16,30.374217,130.959968,269.94,195.16,1
440.11,47.25,195.16,30.374217,130.959968,269.94,195.16,1
440.18,47.25,195.16,30.374217,130.959968,269.94,195.16,1
440.24,47.25,195.16,30.374217,130.959968,269.94,195.16,1
440.31,47.25,195.16,30.374217,130.959968,269.94,195.16,1
440.38,47.25,195.16,30.374217,130.959968,269.94,195.16,1
440.44,47.25,195.16,30.374217,130.959968,269.94,195.16,1
440.51,47.25,195.16,30.374217,130.959968,269.94,195.16,1
440.58,47.25,195.16,30.374217,130.959968,269.94,195.16,1
440.64,47.25,195.16,30.374217,130.959968,269.94,195.16,1
440.71,47.25,195.16,30.374217,130.959968,269.94,195.16,1
440.78,47.25,195.16,30.374217,130.959968,269.94,195.16,1
440.84,47.25,195.16,30.374217,130.959968,269.94,195.16,1
440.91,47.25,195.16,30.374217,130.959968,269.94,195.16,1
440.98,47.25,195.16,30.374217,130.959968,269.94,195.16,1
441.04,47.25,195.16,30.374217,130.959968,269.94,195.16,1
441.11,47.25,195.16,30.374217,130.959968,269.94,195.16,1
441.18,47.25,195.16,30.374217,130.959968,269.94,195.16,1
441.25,47.25,195.16,30.374217,130.959968,269.94,195.16,1
441.31,47.25,195.16,30.374217,130.959968,269.94,195.16,1
441.38,47.25,195.16,30.374217,130.959968,269.94,195.16,1
441.45,47.39,194.92,30.374217,130.959968,269.94,194.92,1
441.51,47.39,194.92,30.374217,130.959968,269.94,194.92,1
441.58,47.39,194.92,30.374217,130.959968,269.94,194.92,1
441.65,47.39,194.92,30.374217,130.959968,269.94,194.92,1
441.71,47.39,194.92,30.374217,130.959968,269.94,194.92,1
441.78,47.39,194.92,30.374217,130.959968,269.94,194.92,1
441.85,47.39,194.92,30.374217,130.959968,269.94,194.92,1
441.91,47.39,194.92,30.374217,130.959968,269.94,194.92,1
441.98,47.39,194.92,30.374217,130.959968,269.94,194.92,1
442.05,47.39,194.92,30.374217,130.959968,269.94,194.92,1
442.12,47.39,194.92,30.374217,130.959968,269.94,194.92,1
442.18,47.39,194.92,30.374217,130.959968,269.94,194.92,1
442.25,47.39,194.92,30.374217,130.959968,269.94,194.92,1
442.32,47.39,194.92,30.374217,130.959968,269.94,194.92,1
442.39,47.39,194.92,30.374217,130.959968,269.94,194.92,1
442.46,47.39,194.92,30.374217,130.959968,269.94,194.92,1
442.52,47.39,194.92,30.374217,130.959968,269.94,194.92,1
442.59,47.39,194.92,30.374217,130.959968,269.94,194.92,1
442.66,47.39,194.92,30.374217,130.959968,269.94,194.92,1
442.72,47.39,194.92,30.374217,130.959968,269.94,194.92,1
442.79,47.39,194.92,30.374217,130.959968,269.94,194.92,1
442.86,47.39,194.92,30.374217,130.959968,269.94,194.92,1
442.92,47.39,194.92,30.374217,130.959968,269.94,194.92,1
442.99,47.39,194.92,30.374217,130.959968,269.94,194.92,1
443.05,47.39,194.92,30.374217,130.959968,269.94,194.92,1
443.12,47.39,194.92,30.374217,130.959968,269.94,194.92,1
443.19,47.39,194.92,30.374217,130.959968,269.94,194.92,1
443.25,47.39,194.92,30.374217,130.959968,269.94,194.92,1
443.32,47.39,194.92,30.374217,130.959968,269.94,194.92,1
443.39,47.39,194.92,30.374217,130.959968,269.94,194.92,1
443.45,47.39,194.92,30.374217,130.959968,269.94,194.92,1
443.52,47.39,194.92,30.374217,130.959968,269.94,194.92,1
443.59,47.39,194.92,30.374217,130.959968,269.94,194.92,1
443.65,47.39,194.92,30.374217,130.959968,269.94,194.92,1
443.72,47.39,194.92,30.374217,130.959968,269.94,194.92,1
443.79,47.39,194.92,30.374217,130.959968,269.94,194.92,1
443.85,47.39,194.92,30.374217,130.959968,269.94,194.92,1
443.92,47.39,194.92,30.374217,130.959968,269.94,194.92,1
443.98,47.39,194.92,30.374217,130.959968,269.94,194.92,1
444.05,47.39,194.92,30.374217,130.959968,269.94,194.92,1
444.12,47.39,194.92,30.374217,130.959968,269.94,194.92,1
444.18,47.39,194.92,30.374217,130.959968,269.94,194.92,1
444.25,47.39,194.92,30.374217,130.959968,269.94,194.92,1
444.32,47.39,194.92,30.374217,130.959968,269.94,194.92,1
444.38,47.21,194.97,30.374217,130.959968,269.94,194.97,1
444.45,47.21,194.97,30.374217,130.959968,269.94,194.97,1
444.52,47.21,194.97,30.374217,130.959968,269.94,194.97,1
444.58,47.21,194.97,30.374217,130.959968,269.94,194.97,1
444.65,47.21,194.97,30.374217,130.959968,269.94,194.97,1
444.72,47.21,194.97,30.374217,130.959968,269.94,194.97,1
444.78,47.21,194.97,30.374217,130.959968,269.94,194.97,1
444.85,47.21,194.97,30.374217,130.959968,269.94,194.97,1
444.92,47.21,194.97,30.374217,130.959968,269.94,194.97,1
444.98,47.21,194.97,30.374217,130.959968,269.94,194.97,1
445.05,47.21,194.97,30.374217,130.959968,269.94,194.97,1
445.12,47.21,194.97,30.374217,130.959968,269.94,194.97,1
445.18,47.21,194.97,30.374217,130.959968,269.94,194.97,1
445.25,47.21,194.97,30.374217,130.959968,269.94,194.97,1
445.32,47.21,194.97,30.374217,130.959968,269.94,194.97,1
445.38,47.21,194.97,30.374217,130.959968,269.94,194.97,1
445.45,47.21,194.97,30.374217,130.959968,269.94,194.97,1
445.52,47.21,194.97,30.374217,130.959968,269.94,194.97,1
445.58,47.21,194.97,30.374217,130.959968,269.94,194.97,1
445.65,47.21,194.97,30.374217,130.959968,269.94,194.97,1
445.71,47.21,194.97,30.374217,130.959968,269.94,194.97,1
445.78,47.21,194.97,30.374217,130.959968,269.94,194.97,1
445.85,47.21,194.97,30.374217,130.959968,269.94,194.97,1
445.91,47.21,194.97,30.374217,130.959968,269.94,194.97,1
445.98,47.21,194.97,30.374217,130.959968,269.94,194.97,1
446.05,47.21,194.97,30.374217,130.959968,269.94,194.97,1
446.11,47.21,194.97,30.374217,130.959968,269.94,194.97,1
446.18,47.21,194.97,30.374217,130.959968,269.94,194.97,1
446.25,47.21,194.97,30.374217,130.959968,269.94,194.97,1
446.31,47.21,194.97,30.374217,130.959968,269.94,194.97,1
446.38,47.21,194.97,30.374217,130.959968,269.94,194.97,1
446.45,47.21,194.97,30.374217,130.959968,269.94,194.97,1
446.52,47.21,194.97,30.374217,130.959968,269.94,194.97,1
446.58,47.21,194.97,30.374217,130.959968,269.94,194.97,1
446.65,47.21,194.97,30.374217,130.959968,269.94,194.97,1
446.72,47.21,194.97,30.374217,130.959968,269.94,194.97,1
446.78,47.21,194.97,30.374217,130.959968,269.94,194.97,1
446.85,47.21,194.97,30.374217,130.959968,269.94,194.97,1
446.92,47.21,194.97,30.374217,130.959968,269.94,194.97,1
446.98,47.21,194.97,30.374217,130.959968,269.94,194.97,1
447.05,47.21,194.97,30.374217,130.959968,269.94,194.97,1
447.12,47.21,194.97,30.374217,130.959968,269.94,194.97,1
447.18,47.21,194.97,30.374217,130.959968,269.94,194.97,1
447.25,47.21,194.97,30.374217,130.959968,269.94,194.97,1
447.32,47.21,194.97,30.374217,130.959968,269.94,194.97,1
447.39,47.21,194.97,30.374217,130.959968,269.94,194.97,1
447.45,47.21,194.97,30.374217,130.959968,269.94,194.97,1
447.52,47.21,194.97,30.374217,130.959968,269.94,194.97,1
447.59,47.21,194.97,30.374217,130.959968,269.94,194.97,1
447.65,47.21,194.97,30.374217,130.959968,269.94,194.97,1
447.72,47.21,194.97,30.374217,130.959968,269.94,194.97,1
447.79,47.21,194.97,30.374217,130.959968,269.94,194.97,1
447.85,47.21,194.97,30.374217,130.959968,269.94,194.97,1
447.92,47.21,194.97,30.374217,130.959968,269.94,194.97,1
447.99,47.21,194.97,30.374217,130.959968,269.94,194.97,1
448.05,47.21,194.97,30.374217,130.959968,269.94,194.97,1
448.12,47.21,194.97,30.374217,130.959968,269.94,194.97,1
448.19,47.21,194.97,30.374217,130.959968,269.94,194.97,1
448.25,47.21,194.97,30.374217,130.959968,269.94,194.97,1
448.32,47.21,194.97,30.374217,130.959968,269.94,194.97,1
448.39,47.39,194.92,30.374217,130.959968,269.94,194.92,1
448.45,47.39,194.92,30.374217,130.959968,269.94,194.92,1
448.52,47.39,194.92,30.374217,130.959968,269.94,194.92,1
448.59,47.39,194.92,30.374217,130.959968,269.94,194.92,1
448.65,47.39,194.92,30.374217,130.959968,269.94,194.92,1
448.72,47.39,194.92,30.374217,130.959968,269.94,194.92,1
448.79,47.39,194.92,30.374217,130.959968,269.94,194.92,1
448.87,47.39,194.92,30.374217,130.959968,269.94,194.92,1
448.93,47.39,194.92,30.374217,130.959968,269.94,194.92,1
449.0,47.39,194.92,30.374217,130.959968,269.94,194.92,1
449.06,47.39,194.92,30.374217,130.959968,269.94,194.92,1
449.13,47.39,194.92,30.374217,130.959968,269.94,194.92,1
449.2,47.39,194.92,30.374217,130.959968,269.94,194.92,1
449.26,47.39,194.92,30.374217,130.959968,269.94,194.92,1
449.33,47.39,194.92,30.374217,130.959968,269.94,194.92,1
449.4,47.21,194.97,30.374217,130.959968,269.94,194.97,1
449.46,47.21,194.97,30.374217,130.959968,269.94,194.97,1
449.53,47.21,194.97,30.374217,130.959968,269.94,194.97,1
449.59,47.21,194.97,30.374217,130.959968,269.94,194.97,1
449.66,47.21,194.97,30.374217,130.959968,269.94,194.97,1
449.73,47.21,194.97,30.374217,130.959968,269.94,194.97,1
449.79,47.21,194.97,30.374217,130.959968,269.94,194.97,1
449.86,47.21,194.97,30.374217,130.959968,269.94,194.97,1
449.92,47.21,194.97,30.374217,130.959968,269.94,194.97,1
449.99,47.21,194.97,30.374217,130.959968,269.94,194.97,1
450.06,47.21,194.97,30.374217,130.959968,269.94,194.97,1
450.12,47.21,194.97,30.374217,130.959968,269.94,194.97,1
450.19,47.21,194.97,30.374217,130.959968,269.94,194.97,1
450.26,47.21,194.97,30.374217,130.959968,269.94,194.97,1
450.32,47.21,194.97,30.374217,130.959968,269.94,194.97,1
450.39,47.21,194.97,30.374217,130.959968,269.94,194.97,1
450.46,47.21,194.97,30.374217,130.959968,269.94,194.97,1
450.52,47.21,194.97,30.374217,130.959968,269.94,194.97,1
450.59,47.21,194.97,30.374217,130.959968,269.94,194.97,1
450.66,47.21,194.97,30.374217,130.959968,269.94,194.97,1
450.72,47.21,194.97,30.374217,130.959968,269.94,194.97,1
450.79,47.21,194.97,30.374217,130.959968,269.94,194.97,1
450.86,47.21,194.97,30.374217,130.959968,269.94,194.97,1
450.92,47.21,194.97,30.374217,130.959968,269.94,194.97,1
450.99,47.21,194.97,30.374217,130.959968,269.94,194.97,1
451.06,47.21,194.97,30.374217,130.959968,269.94,194.97,1
451.12,47.21,194.97,30.374217,130.959968,269.94,194.97,1
451.19,47.21,194.97,30.374217,130.959968,269.94,194.97,1
451.25,47.21,194.97,30.374217,130.959968,269.94,194.97,1
451.32,47.21,194.97,30.374217,130.959968,269.94,194.97,1
451.39,47.21,194.97,30.374217,130.959968,269.94,194.97,1
451.45,47.21,194.97,30.374217,130.959968,269.94,194.97,1
451.52,47.21,194.97,30.374217,130.959968,269.94,194.97,1
451.59,47.21,194.97,30.374217,130.959968,269.94,194.97,1
451.65,47.21,194.97,30.374217,130.959968,269.94,194.97,1
451.72,47.21,194.97,30.374217,130.959968,269.94,194.97,1
451.79,47.21,194.97,30.374217,130.959968,269.94,194.97,1
451.85,47.21,194.97,30.374217,130.959968,269.94,194.97,1
451.92,47.21,194.97,30.374217,130.959968,269.94,194.97,1
451.99,47.21,194.97,30.374217,130.959968,269.94,194.97,1
452.05,47.21,194.97,30.374217,130.959968,269.94,194.97,1
452.12,47.21,194.97,30.374217,130.959968,269.94,194.97,1
452.19,47.21,194.97,30.374217,130.959968,269.94,194.97,1
452.25,47.21,194.97,30.374217,130.959968,269.94,194.97,1
452.32,47.21,194.97,30.374217,130.959968,269.94,194.97,1
452.39,47.21,194.97,30.374217,130.959968,269.94,194.97,1
452.45,47.21,194.97,30.374217,130.959968,269.94,194.97,1
452.52,47.21,194.97,30.374217,130.959968,269.94,194.97,1
452.59,47.21,194.97,30.374217,130.959968,269.94,194.97,1
452.65,47.21,194.97,30.374217,130.959968,269.94,194.97,1
452.72,47.21,194.97,30.374217,130.959968,269.94,194.97,1
452.79,47.21,194.97,30.374217,130.959968,269.94,194.97,1
452.85,47.21,194.97,30.374217,130.959968,269.94,194.97,1
452.92,47.21,194.97,30.374217,130.959968,269.94,194.97,1
452.99,47.21,194.97,30.374217,130.959968,269.94,194.97,1
453.05,47.21,194.97,30.374217,130.959968,269.94,194.97,1
453.12,47.21,194.97,30.374217,130.959968,269.94,194.97,1
453.19,47.21,194.97,30.374217,130.959968,269.94,194.97,1
453.25,47.21,194.97,30.374217,130.959968,269.94,194.97,1
453.32,47.21,194.97,30.374217,130.959968,269.94,194.97,1
453.39,47.21,194.97,30.374217,130.959968,269.94,194.97,1
453.45,47.21,194.97,30.374217,130.959968,269.94,194.97,1
453.52,47.21,194.97,30.374217,130.959968,269.94,194.97,1
453.59,47.21,194.97,30.374217,130.959968,269.94,194.97,1
453.65,47.21,194.97,30.374217,130.959968,269.94,194.97,1
453.72,47.21,194.97,30.374217,130.959968,269.94,194.97,1
453.79,47.21,194.97,30.374217,130.959968,269.94,194.97,1
453.85,47.21,194.97,30.374217,130.959968,269.94,194.97,1
453.92,47.21,194.97,30.374217,130.959968,269.94,194.97,1
453.99,47.21,194.97,30.374217,130.959968,269.94,194.97,1
454.06,47.21,194.97,30.374217,130.959968,269.94,194.97,1
454.12,47.21,194.97,30.374217,130.959968,269.94,194.97,1
454.19,47.21,194.97,30.374217,130.959968,269.94,194.97,1
454.26,47.21,194.97,30.374217,130.959968,269.94,194.97,1
454.32,47.21,194.97,30.374217,130.959968,269.94,194.97,1
454.39,47.21,194.97,30.374217,130.959968,269.94,194.97,1
454.46,47.21,194.97,30.374217,130.959968,269.94,194.97,1
454.53,47.21,194.97,30.374217,130.959968,269.94,194.97,1
454.59,47.21,194.97,30.374217,130.959968,269.94,194.97,1
454.66,47.21,194.97,30.374217,130.959968,269.94,194.97,1
454.73,47.21,194.97,30.374217,130.959968,269.94,194.97,1
454.79,47.21,194.97,30.374217,130.959968,269.94,194.97,1
454.86,47.21,194.97,30.374217,130.959968,269.94,194.97,1
454.93,47.21,194.97,30.374217,130.959968,269.94,194.97,1
454.99,47.21,194.97,30.374217,130.959968,269.94,194.97,1
455.06,47.21,194.97,30.374217,130.959968,269.94,194.97,1
455.13,47.21,194.97,30.374217,130.959968,269.94,194.97,1
455.2,47.21,194.97,30.374217,130.959968,269.94,194.97,1
455.26,47.21,194.97,30.374217,130.959968,269.94,194.97,1
455.33,47.21,194.97,30.374217,130.959968,269.94,194.97,1
455.4,47.21,194.97,30.374217,130.959968,269.94,194.97,1
455.47,47.21,194.97,30.374217,130.959968,269.94,194.97,1
455.54,47.21,194.97,30.374217,130.959968,269.94,194.97,1
455.61,47.21,194.97,30.374217,130.959968,269.94,194.97,1
455.67,47.21,194.97,30.374217,130.959968,269.94,194.97,1
455.74,47.21,194.97,30.374217,130.959968,269.94,194.97,1
455.8,47.21,194.97,30.374217,130.959968,269.94,194.97,1
455.87,47.21,194.97,30.374217,130.959968,269.94,194.97,1
455.94,47.21,194.97,30.374217,130.959968,269.94,194.97,1
456.0,47.21,194.97,30.374217,130.959968,269.94,194.97,1
456.07,47.21,194.97,30.374217,130.959968,269.94,194.97,1
456.14,47.21,194.97,30.374217,130.959968,269.94,194.97,1
456.2,47.21,194.97,30.374217,130.959968,269.94,194.97,1
456.27,47.21,194.97,30.374217,130.959968,269.94,194.97,1
456.33,47.21,194.97,30.374217,130.959968,269.94,194.97,1
456.4,47.21,194.97,30.374217,130.959968,269.94,194.97,1
456.47,47.21,194.97,30.374217,130.959968,269.94,194.97,1
456.54,47.21,194.97,30.374217,130.959968,269.94,194.97,1
456.6,47.21,194.97,30.374217,130.959968,269.94,194.97,1
456.67,47.21,194.97,30.374217,130.959968,269.94,194.97,1
456.73,47.21,194.97,30.374217,130.959968,269.94,194.97,1
456.8,47.21,194.97,30.374217,130.959968,269.94,194.97,1
456.87,47.21,194.97,30.374217,130.959968,269.94,194.97,1
456.93,47.21,194.97,30.374217,130.959968,269.94,194.97,1
457.0,47.21,194.97,30.374217,130.959968,269.94,194.97,1
457.07,47.21,194.97,30.374217,130.959968,269.94,194.97,1
457.13,47.21,194.97,30.374217,130.959968,269.94,194.97,1
457.2,47.21,194.97,30.374217,130.959968,269.94,194.97,1
457.26,47.21,194.97,30.374217,130.959968,269.94,194.97,1
457.33,47.21,194.97,30.374217,130.959968,269.94,194.97,1
457.4,47.21,194.97,30.374217,130.959968,269.94,194.97,1
457.46,47.21,194.97,30.374217,130.959968,269.94,194.97,1
457.53,47.21,194.97,30.374217,130.959968,269.94,194.97,1
457.6,47.21,194.97,30.374217,130.959968,269.94,194.97,1
457.66,47.21,194.97,30.374217,130.959968,269.94,194.97,1
457.73,47.21,194.97,30.374217,130.959968,269.94,194.97,1
457.8,47.21,194.97,30.374217,130.959968,269.94,194.97,1
457.86,47.21,194.97,30.374217,130.959968,269.94,194.97,1
457.93,47.21,194.97,30.374217,130.959968,269.94,194.97,1
458.0,47.21,194.97,30.374217,130.959968,269.94,194.97,1
458.06,47.21,194.97,30.374217,130.959968,269.94,194.97,1
458.13,47.21,194.97,30.374217,130.959968,269.94,194.97,1
458.19,47.21,194.97,30.374217,130.959968,269.94,194.97,1
458.26,47.21,194.97,30.374217,130.959968,269.94,194.97,1
458.33,47.21,194.97,30.374217,130.959968,269.94,194.97,1
458.4,47.21,194.97,30.374217,130.959968,269.94,194.97,1
458.46,47.21,194.97,30.374217,130.959968,269.94,194.97,1
458.53,47.21,194.97,30.374217,130.959968,269.94,194.97,1
458.6,47.21,194.97,30.374217,130.959968,269.94,194.97,1
458.66,47.21,194.97,30.374217,130.959968,269.94,194.97,1
458.73,47.21,194.97,30.374217,130.959968,269.94,194.97,1
458.79,47.21,194.97,30.374217,130.959968,269.94,194.97,1
458.86,47.21,194.97,30.374217,130.959968,269.94,194.97,1
458.93,47.21,194.97,30.374217,130.959968,269.94,194.97,1
459.0,47.21,194.97,30.374217,130.959968,269.94,194.97,1
459.06,47.21,194.97,30.374217,130.959968,269.94,194.97,1
459.13,47.21,194.97,30.374217,130.959968,269.94,194.97,1
459.2,47.21,194.97,30.374217,130.959968,269.94,194.97,1
459.26,47.21,194.97,30.374217,130.959968,269.94,194.97,1
459.33,47.21,194.97,30.374217,130.959968,269.94,194.97,1
459.4,47.21,194.97,30.374217,130.959968,269.94,194.97,1
459.47,47.21,194.97,30.374217,130.959968,269.94,194.97,1
459.53,47.21,194.97,30.374217,130.959968,269.94,194.97,1
459.6,47.21,194.97,30.374217,130.959968,269.94,194.97,1
459.67,47.21,194.97,30.374217,130.959968,269.94,194.97,1
459.73,47.21,194.97,30.374217,130.959968,269.94,194.97,1
459.8,47.21,194.97,30.374217,130.959968,269.94,194.97,1
459.87,47.21,194.97,30.374217,130.959968,269.94,194.97,1
459.93,47.21,194.97,30.374217,130.959968,269.94,194.97,1
460.0,47.21,194.97,30.374217,130.959968,269.94,194.97,1
460.07,47.21,194.97,30.374217,130.959968,269.94,194.97,1
460.13,47.21,194.97,30.374217,130.959968,269.94,194.97,1
460.2,47.21,194.97,30.374217,130.959968,269.94,194.97,1
460.27,47.21,194.97,30.374217,130.959968,269.94,194.97,1
460.33,47.21,194.97,30.374217,130.959968,269.94,194.97,1
460.4,47.21,194.97,30.374217,130.959968,269.94,194.97,1
460.47,47.21,194.97,30.374217,130.959968,269.94,194.97,1
460.54,47.21,194.97,30.374217,130.959968,269.94,194.97,1
460.6,47.21,194.97,30.374217,130.959968,269.94,194.97,1
460.67,47.21,194.97,30.374217,130.959968,269.94,194.97,1
460.74,47.21,194.97,30.374217,130.959968,269.94,194.97,1
460.81,47.21,194.97,30.374217,130.959968,269.94,194.97,1
460.87,47.21,194.97,30.374217,130.959968,269.94,194.97,1
460.94,47.21,194.97,30.374217,130.959968,269.94,194.97,1
461.01,47.21,194.97,30.374217,130.959968,269.94,194.97,1
461.07,47.21,194.97,30.374217,130.959968,269.94,194.97,1
461.14,47.21,194.97,30.374217,130.959968,269.94,194.97,1
461.21,47.21,194.97,30.374217,130.959968,269.94,194.97,1
461.27,47.21,194.97,30.374217,130.959968,269.94,194.97,1
461.34,47.21,194.97,30.374217,130.959968,269.94,194.97,1
461.41,47.21,194.97,30.374217,130.959968,269.94,194.97,1
461.48,47.21,194.97,30.374217,130.959968,269.94,194.97,1
461.55,47.21,194.97,30.374217,130.959968,269.94,194.97,1
461.61,47.21,194.97,30.374217,130.959968,269.94,194.97,1
461.68,47.21,194.97,30.374217,130.959968,269.94,194.97,1
461.75,47.21,194.97,30.374217,130.959968,269.94,194.97,1
461.81,47.21,194.97,30.374217,130.959968,269.94,194.97,1
461.88,47.21,194.97,30.374217,130.959968,269.94,194.97,1
461.95,47.21,194.97,30.374217,130.959968,269.94,194.97,1
462.01,47.21,194.97,30.374217,130.959968,269.94,194.97,1
462.09,47.21,194.97,30.374217,130.959968,269.94,194.97,1
462.16,47.21,194.97,30.374217,130.959968,269.94,194.97,1
462.22,47.21,194.97,30.374217,130.959968,269.94,194.97,1
462.29,47.21,194.97,30.374217,130.959968,269.94,194.97,1
462.35,47.21,194.97,30.374217,130.959968,269.94,194.97,1
462.42,47.21,194.97,30.374217,130.959968,269.94,194.97,1
462.49,47.21,194.97,30.374217,130.959968,269.94,194.97,1
462.55,47.21,194.97,30.374217,130.959968,269.94,194.97,1
462.62,47.21,194.97,30.374217,130.959968,269.94,194.97,1
462.69,47.21,194.97,30.374217,130.959968,269.94,194.97,1
462.75,47.21,194.97,30.374217,130.959968,269.94,194.97,1
462.82,47.21,194.97,30.374217,130.959968,269.94,194.97,1
462.89,47.21,194.97,30.374217,130.959968,269.94,194.97,1
462.95,47.21,194.97,30.374217,130.959968,269.94,194.97,1
463.02,47.21,194.97,30.374217,130.959968,269.94,194.97,1
463.08,47.21,194.97,30.374217,130.959968,269.94,194.97,1
463.15,47.21,194.97,30.374217,130.959968,269.94,194.97,1
463.22,47.21,194.97,30.374217,130.959968,269.94,194.97,1
463.28,47.21,194.97,30.374217,130.959968,269.94,194.97,1
463.35,47.21,194.97,30.374217,130.959968,269.94,194.97,1
463.42,47.21,194.97,30.374217,130.959968,269.94,194.97,1
463.48,47.21,194.97,30.374217,130.959968,269.94,194.97,1
463.55,47.21,194.97,30.374217,130.959968,269.94,194.97,1
463.62,47.21,194.97,30.374217,130.959968,269.94,194.97,1
463.68,47.21,194.97,30.374217,130.959968,269.94,194.97,1
463.75,47.21,194.97,30.374217,130.959968,269.94,194.97,1
463.81,47.21,194.97,30.374217,130.959968,269.94,194.97,1
463.88,47.21,194.97,30.374217,130.959968,269.94,194.97,1
463.95,47.21,194.97,30.374217,130.959968,269.94,194.97,1
464.01,47.21,194.97,30.374217,130.959968,269.94,194.97,1
464.08,47.21,194.97,30.374217,130.959968,269.94,194.97,1
464.15,47.21,194.97,30.374217,130.959968,269.94,194.97,1
464.21,47.21,194.97,30.374217,130.959968,269.94,194.97,1
464.28,47.21,194.97,30.374217,130.959968,269.94,194.97,1
464.35,47.21,194.97,30.374217,130.959968,269.94,194.97,1
464.41,47.21,194.97,30.374217,130.959968,269.94,194.97,1
464.48,47.21,194.97,30.374217,130.959968,269.94,194.97,1
464.55,47.21,194.97,30.374217,130.959968,269.94,194.97,1
464.61,47.21,194.97,30.374217,130.959968,269.94,194.97,1
464.68,47.21,194.97,30.374217,130.959968,269.94,194.97,1
464.75,47.21,194.97,30.374217,130.959968,269.94,194.97,1
464.81,47.21,194.97,30.374217,130.959968,269.94,194.97,1
464.88,47.21,194.97,30.374217,130.959968,269.94,194.97,1
464.94,47.21,194.97,30.374217,130.959968,269.94,194.97,1
465.01,47.21,194.97,30.374217,130.959968,269.94,194.97,1
465.08,47.21,194.97,30.374217,130.959968,269.94,194.97,1
465.14,47.21,194.97,30.374217,130.959968,269.94,194.97,1
465.21,47.21,194.97,30.374217,130.959968,269.94,194.97,1
465.28,47.21,194.97,30.374217,130.959968,269.94,194.97,1
465.34,47.21,194.97,30.374217,130.959968,269.94,194.97,1
465.41,47.21,194.97,30.374217,130.959968,269.94,194.97,1
465.48,47.21,194.97,30.374217,130.959968,269.94,194.97,1
465.54,47.21,194.97,30.374217,130.959968,269.94,194.97,1
465.61,47.21,194.97,30.374217,130.959968,269.94,194.97,1
465.68,47.21,194.97,30.374217,130.959968,269.94,194.97,1
465.74,47.21,194.97,30.374217,130.959968,269.94,194.97,1
465.81,47.21,194.97,30.374217,130.959968,269.94,194.97,1
465.88,47.21,194.97,30.374217,130.959968,269.94,194.97,1
465.95,47.21,194.97,30.374217,130.959968,269.94,194.97,1
466.01,47.21,194.97,30.374217,130.959968,269.94,194.97,1
466.08,47.21,194.97,30.374217,130.959968,269.94,194.97,1
466.15,47.21,194.97,30.374217,130.959968,269.94,194.97,1
466.21,47.21,194.97,30.374217,130.959968,269.94,194.97,1
466.28,47.21,194.97,30.374217,130.959968,269.94,194.97,1
466.35,47.25,195.16,30.374217,130.959968,269.94,195.16,1
466.41,47.25,195.16,30.374217,130.959968,269.94,195.16,1
466.48,47.25,195.16,30.374217,130.959968,269.94,195.16,1
466.55,47.25,195.16,30.374217,130.959968,269.94,195.16,1
466.62,47.25,195.16,30.374217,130.959968,269.94,195.16,1
466.68,47.25,195.16,30.374217,130.959968,269.94,195.16,1
466.75,47.25,195.16,30.374217,130.959968,269.94,195.16,1
466.82,47.25,195.16,30.374217,130.959968,269.94,195.16,1
466.88,47.25,195.16,30.374217,130.959968,269.94,195.16,1
466.95,47.25,195.16,30.374217,130.959968,269.94,195.16,1
467.02,47.25,195.16,30.374217,130.959968,269.94,195.16,1
467.09,47.25,195.16,30.374217,130.959968,269.94,195.16,1
467.15,47.25,195.16,30.374217,130.959968,269.94,195.16,1
467.22,47.25,195.16,30.374217,130.959968,269.94,195.16,1
467.29,47.25,195.16,30.374217,130.959968,269.94,195.16,1
467.36,47.21,194.97,30.374217,130.959968,269.94,194.97,1
467.42,47.21,194.97,30.374217,130.959968,269.94,194.97,1
467.49,47.21,194.97,30.374217,130.959968,269.94,194.97,1
467.56,47.21,194.97,30.374217,130.959968,269.94,194.97,1
467.62,47.21,194.97,30.374217,130.959968,269.94,194.97,1
467.69,47.21,194.97,30.374217,130.959968,269.94,194.97,1
467.76,47.21,194.97,30.374217,130.959968,269.94,194.97,1
467.82,47.21,194.97,30.374217,130.959968,269.94,194.97,1
467.89,47.21,194.97,30.374217,130.959968,269.94,194.97,1
467.96,47.21,194.97,30.374217,130.959968,269.94,194.97,1
468.02,47.21,194.97,30.374217,130.959968,269.94,194.97,1
468.09,47.21,194.97,30.374217,130.959968,269.94,194.97,1
468.16,47.21,194.97,30.374217,130.959968,269.94,194.97,1
468.23,47.21,194.97,30.374217,130.959968,269.94,194.97,1
468.29,47.21,194.97,30.374217,130.959968,269.94,194.97,1
468.36,47.21,194.97,30.374217,130.959968,269.94,194.97,1
468.43,47.21,194.97,30.374217,130.959968,269.94,194.97,1
468.49,47.21,194.97,30.374217,130.959968,269.94,194.97,1
468.56,47.21,194.97,30.374217,130.959968,269.94,194.97,1
468.63,47.21,194.97,30.374217,130.959968,269.94,194.97,1
468.7,47.21,194.97,30.374217,130.959968,269.94,194.97,1
468.77,47.21,194.97,30.374217,130.959968,269.94,194.97,1
468.84,47.21,194.97,30.374217,130.959968,269.94,194.97,1
468.9,47.21,194.97,30.374217,130.959968,269.94,194.97,1
468.97,47.21,194.97,30.374217,130.959968,269.94,194.97,1
469.04,47.21,194.97,30.374217,130.959968,269.94,194.97,1
469.1,47.21,194.97,30.374217,130.959968,269.94,194.97,1
469.17,47.21,194.97,30.374217,130.959968,269.94,194.97,1
469.24,47.21,194.97,30.374217,130.959968,269.94,194.97,1
469.3,47.21,194.97,30.374217,130.959968,269.94,194.97,1
469.37,47.21,194.97,30.374217,130.959968,269.94,194.97,1
469.43,47.21,194.97,30.374217,130.959968,269.94,194.97,1
469.5,47.21,194.97,30.374217,130.959968,269.94,194.97,1
469.57,47.21,194.97,30.374217,130.959968,269.94,194.97,1
469.63,47.21,194.97,30.374217,130.959968,269.94,194.97,1
469.7,47.21,194.97,30.374217,130.959968,269.94,194.97,1
469.77,47.21,194.97,30.374217,130.959968,269.94,194.97,1
469.83,47.21,194.97,30.374217,130.959968,269.94,194.97,1
469.9,47.21,194.97,30.374217,130.959968,269.94,194.97,1
469.97,47.21,194.97,30.374217,130.959968,269.94,194.97,1
470.03,47.21,194.97,30.374217,130.959968,269.94,194.97,1
470.1,47.21,194.97,30.374217,130.959968,269.94,194.97,1
470.17,47.21,194.97,30.374217,130.959968,269.94,194.97,1
470.23,47.21,194.97,30.374217,130.959968,269.94,194.97,1
470.3,47.21,194.97,30.374217,130.959968,269.94,194.97,1
470.37,47.21,194.97,30.374217,130.959968,269.94,194.97,1
470.43,47.21,194.97,30.374217,130.959968,269.94,194.97,1
470.5,47.21,194.97,30.374217,130.959968,269.94,194.97,1
470.57,47.21,194.97,30.374217,130.959968,269.94,194.97,1
470.63,47.21,194.97,30.374217,130.959968,269.94,194.97,1
470.7,47.21,194.97,30.374217,130.959968,269.94,194.97,1
470.77,47.21,194.97,30.374217,130.959968,269.94,194.97,1
470.83,47.21,194.97,30.374217,130.959968,269.94,194.97,1
470.9,47.21,194.97,30.374217,130.959968,269.94,194.97,1
470.97,47.21,194.97,30.374217,130.959968,269.94,194.97,1
471.03,47.21,194.97,30.374217,130.959968,269.94,194.97,1
471.1,47.21,194.97,30.374217,130.959968,269.94,194.97,1
471.17,47.21,194.97,30.374217,130.959968,269.94,194.97,1
471.23,47.21,194.97,30.374217,130.959968,269.94,194.97,1
471.3,47.21,194.97,30.374217,130.959968,269.94,194.97,1
471.37,47.21,194.97,30.374217,130.959968,269.94,194.97,1
471.43,47.21,194.97,30.374217,130.959968,269.94,194.97,1
471.5,47.21,194.97,30.374217,130.959968,269.94,194.97,1
471.56,47.21,194.97,30.374217,130.959968,269.94,194.97,1
471.63,47.21,194.97,30.374217,130.959968,269.94,194.97,1
471.7,47.21,194.97,30.374217,130.959968,269.94,194.97,1
471.76,47.21,194.97,30.374217,130.959968,269.94,194.97,1
471.83,47.21,194.97,30.374217,130.959968,269.94,194.97,1
471.9,47.21,194.97,30.374217,130.959968,269.94,194.97,1
471.96,47.21,194.97,30.374217,130.959968,269.94,194.97,1
472.03,47.21,194.97,30.374217,130.959968,269.94,194.97,1
472.1,47.21,194.97,30.374217,130.959968,269.94,194.97,1
472.16,47.21,194.97,30.374217,130.959968,269.94,194.97,1
472.23,47.21,194.97,30.374217,130.959968,269.94,194.97,1
472.3,47.21,194.97,30.374217,130.959968,269.94,194.97,1
472.36,47.21,194.97,30.374217,130.959968,269.94,194.97,1
472.43,47.21,194.97,30.374217,130.959968,269.94,194.97,1
472.5,47.21,194.97,30.374217,130.959968,269.94,194.97,1
472.56,47.21,194.97,30.374217,130.959968,269.94,194.97,1
472.63,47.21,194.97,30.374217,130.959968,269.94,194.97,1
472.7,47.21,194.97,30.374217,130.959968,269.94,194.97,1
472.76,47.21,194.97,30.374217,130.959968,269.94,194.97,1
472.83,47.21,194.97,30.374217,130.959968,269.94,194.97,1
472.9,47.21,194.97,30.374217,130.959968,269.94,194.97,1
472.96,47.21,194.97,30.374217,130.959968,269.94,194.97,1
473.03,47.21,194.97,30.374217,130.959968,269.94,194.97,1
473.1,47.21,194.97,30.374217,130.959968,269.94,194.97,1
473.17,47.21,194.97,30.374217,130.959968,269.94,194.97,1
473.23,47.21,194.97,30.374217,130.959968,269.94,194.97,1
473.3,47.21,194.97,30.374217,130.959968,269.94,194.97,1
473.37,47.21,194.97,30.374217,130.959968,269.94,194.97,1
473.43,47.21,194.97,30.374217,130.959968,269.94,194.97,1
473.5,47.21,194.97,30.374217,130.959968,269.94,194.97,1
473.57,47.21,194.97,30.374217,130.959968,269.94,194.97,1
473.63,47.21,194.97,30.374217,130.959968,269.94,194.97,1
473.7,47.21,194.97,30.374217,130.959968,269.94,194.97,1
473.77,47.21,194.97,30.374217,130.959968,269.94,194.97,1
473.84,47.21,194.97,30.374217,130.959968,269.94,194.97,1
473.9,47.21,194.97,30.374217,130.959968,269.94,194.97,1
473.97,47.21,194.97,30.374217,130.959968,269.94,194.97,1
474.04,47.21,194.97,30.374217,130.959968,269.94,194.97,1
474.1,47.21,194.97,30.374217,130.959968,269.94,194.97,1
474.17,47.21,194.97,30.374217,130.959968,269.94,194.97,1
474.24,47.21,194.97,30.374217,130.959968,269.94,194.97,1
474.3,47.21,194.97,30.374217,130.959968,269.94,194.97,1
474.37,47.21,194.97,30.374217,130.959968,269.94,194.97,1
474.44,47.21,194.97,30.374217,130.959968,269.94,194.97,1
474.5,47.21,194.97,30.374217,130.959968,269.94,194.97,1
474.57,47.21,194.97,30.374217,130.959968,269.94,194.97,1
474.64,47.21,194.97,30.374217,130.959968,269.94,194.97,1
474.71,47.21,194.97,30.374217,130.959968,269.94,194.97,1
474.77,47.21,194.97,30.374217,130.959968,269.94,194.97,1
474.84,47.21,194.97,30.374217,130.959968,269.94,194.97,1
474.91,47.21,194.97,30.374217,130.959968,269.94,194.97,1
474.98,47.21,194.97,30.374217,130.959968,269.94,194.97,1
475.04,47.21,194.97,30.374217,130.959968,269.94,194.97,1
475.11,47.21,194.97,30.374217,130.959968,269.94,194.97,1
475.18,47.21,194.97,30.374217,130.959968,269.94,194.97,1
475.25,47.21,194.97,30.374217,130.959968,269.94,194.97,1
475.32,47.21,194.97,30.374217,130.959968,269.94,194.97,1
475.39,47.21,194.97,30.374217,130.959968,269.94,194.97,1
475.45,47.21,194.97,30.374217,130.959968,269.94,194.97,1
475.52,47.21,194.97,30.374217,130.959968,269.94,194.97,1
475.58,47.21,194.97,30.374217,130.959968,269.94,194.97,1
475.65,47.21,194.97,30.374217,130.959968,269.94,194.97,1
475.72,47.21,194.97,30.374217,130.959968,269.94,194.97,1
475.78,47.21,194.97,30.374217,130.959968,269.94,194.97,1
475.85,47.21,194.97,30.374217,130.959968,269.94,194.97,1
475.92,47.21,194.97,30.374217,130.959968,269.94,194.97,1
475.98,47.21,194.97,30.374217,130.959968,269.94,194.97,1
476.05,47.21,194.97,30.374217,130.959968,269.94,194.97,1
476.12,47.21,194.97,30.374217,130.959968,269.94,194.97,1
476.18,47.21,194.97,30.374217,130.959968,269.94,194.97,1
476.25,47.21,194.97,30.374217,130.959968,269.94,194.97,1
476.31,47.21,194.97,30.374217,130.959968,269.94,194.97,1
476.38,47.21,194.97,30.374217,130.959968,269.94,194.97,1
476.45,47.21,194.97,30.374217,130.959968,269.94,194.97,1
476.51,47.21,194.97,30.374217,130.959968,269.94,194.97,1
476.58,47.21,194.97,30.374217,130.959968,269.94,194.97,1
476.66,47.21,194.97,30.374217,130.959968,269.94,194.97,1
476.72,47.21,194.97,30.374217,130.959968,269.94,194.97,1
476.79,47.21,194.97,30.374217,130.959968,269.94,194.97,1
476.86,47.21,194.97,30.374217,130.959968,269.94,194.97,1
476.92,47.21,194.97,30.374217,130.959968,269.94,194.97,1
476.99,47.21,194.97,30.374217,130.959968,269.94,194.97,1
477.05,47.21,194.97,30.374217,130.959968,269.94,194.97,1
477.12,47.21,194.97,30.374217,130.959968,269.94,194.97,1
477.19,47.21,194.97,30.374217,130.959968,269.94,194.97,1
477.25,47.21,194.97,30.374217,130.959968,269.94,194.97,1
477.32,47.21,194.97,30.374217,130.959968,269.94,194.97,1
477.39,47.21,194.97,30.374217,130.959968,269.94,194.97,1
477.45,47.21,194.97,30.374217,130.959968,269.94,194.97,1
477.52,47.21,194.97,30.374217,130.959968,269.94,194.97,1
477.59,47.21,194.97,30.374217,130.959968,269.94,194.97,1
477.65,47.21,194.97,30.374217,130.959968,269.94,194.97,1
477.72,47.21,194.97,30.374217,130.959968,269.94,194.97,1
477.79,47.21,194.97,30.374217,130.959968,269.94,194.97,1
477.85,47.21,194.97,30.374217,130.959968,269.94,194.97,1
477.92,47.21,194.97,30.374217,130.959968,269.94,194.97,1
477.99,47.21,194.97,30.374217,130.959968,269.94,194.97,1
478.05,47.21,194.97,30.374217,130.959968,269.94,194.97,1
478.12,47.21,194.97,30.374217,130.959968,269.94,194.97,1
478.19,47.21,194.97,30.374217,130.959968,269.94,194.97,1
478.25,47.21,194.97,30.374217,130.959968,269.94,194.97,1
478.32,47.21,194.97,30.374217,130.959968,269.94,194.97,1
478.38,47.21,194.97,30.374217,130.959968,269.94,194.97,1
478.45,47.21,194.97,30.374217,130.959968,269.94,194.97,1
478.52,47.21,194.97,30.374217,130.959968,269.94,194.97,1
478.58,47.21,194.97,30.374217,130.959968,269.94,194.97,1
478.65,47.21,194.97,30.374217,130.959968,269.94,194.97,1
478.72,47.21,194.97,30.374217,130.959968,269.94,194.97,1
478.78,47.21,194.97,30.374217,130.959968,269.94,194.97,1
478.85,47.21,194.97,30.374217,130.959968,269.94,194.97,1
478.92,47.21,194.97,30.374217,130.959968,269.94,194.97,1
478.98,47.21,194.97,30.374217,130.959968,269.94,194.97,1
479.05,47.21,194.97,30.374217,130.959968,269.94,194.97,1
479.12,47.21,194.97,30.374217,130.959968,269.94,194.97,1
479.18,47.21,194.97,30.374217,130.959968,269.94,194.97,1
479.25,47.21,194.97,30.374217,130.959968,269.94,194.97,1
479.32,47.21,194.97,30.374217,130.959968,269.94,194.97,1
479.38,47.21,194.97,30.374217,130.959968,269.94,194.97,1
479.45,47.21,194.97,30.374217,130.959968,269.94,194.97,1
479.52,47.21,194.97,30.374217,130.959968,269.94,194.97,1
479.58,47.21,194.97,30.374217,130.959968,269.94,194.97,1
479.65,47.21,194.97,30.374217,130.959968,269.94,194.97,1
479.72,47.21,194.97,30.374217,130.959968,269.94,194.97,1
479.78,47.21,194.97,30.374217,130.959968,269.94,194.97,1
479.85,47.21,194.97,30.374217,130.959968,269.94,194.97,1
479.92,47.21,194.97,30.374217,130.959968,269.94,194.97,1
479.98,47.21,194.97,30.374217,130.959968,269.94,194.97,1
480.05,47.21,194.97,30.374217,130.959968,269.94,194.97,1
480.12,47.21,194.97,30.374217,130.959968,269.94,194.97,1
480.18,47.21,194.97,30.374217,130.959968,269.94,194.97,1
480.25,47.21,194.97,30.374217,130.959968,269.94,194.97,1
480.32,47.21,194.97,30.374217,130.959968,269.94,194.97,1
480.38,47.21,194.97,30.374217,130.959968,269.94,194.97,1
480.45,47.21,194.97,30.374217,130.959968,269.94,194.97,1
480.52,47.21,194.97,30.374217,130.959968,269.94,194.97,1
480.59,47.21,194.97,30.374217,130.959968,269.94,194.97,1
480.65,47.21,194.97,30.374217,130.959968,269.94,194.97,1
480.72,47.21,194.97,30.374217,130.959968,269.94,194.97,1
480.79,47.21,194.97,30.374217,130.959968,269.94,194.97,1
480.85,47.21,194.97,30.374217,130.959968,269.94,194.97,1
480.92,47.21,194.97,30.374217,130.959968,269.94,194.97,1
480.99,47.21,194.97,30.374217,130.959968,269.94,194.97,1
481.05,47.21,194.97,30.374217,130.959968,269.94,194.97,1
481.12,47.21,194.97,30.374217,130.959968,269.94,194.97,1
481.19,47.21,194.97,30.374217,130.959968,269.94,194.97,1
481.25,47.21,194.97,30.374217,130.959968,269.94,194.97,1
481.32,47.21,194.97,30.374217,130.959968,269.94,194.97,1
481.39,47.21,194.97,30.374217,130.959968,269.94,194.97,1
481.45,47.21,194.97,30.374217,130.959968,269.94,194.97,1
481.52,47.21,194.97,30.374217,130.959968,269.94,194.97,1
481.59,47.21,194.97,30.374217,130.959968,269.94,194.97,1
481.65,47.21,194.97,30.374217,130.959968,269.94,194.97,1
481.72,47.21,194.97,30.374217,130.959968,269.94,194.97,1
481.79,47.21,194.97,30.374217,130.959968,269.94,194.97,1
481.86,47.21,194.97,30.374217,130.959968,269.94,194.97,1
481.92,47.21,194.97,30.374217,130.959968,269.94,194.97,1
481.99,47.21,194.97,30.374217,130.959968,269.94,194.97,1
482.06,47.21,194.97,30.374217,130.959968,269.94,194.97,1
482.12,47.21,194.97,30.374217,130.959968,269.94,194.97,1
482.19,47.21,194.97,30.374217,130.959968,269.94,194.97,1
482.26,47.21,194.97,30.374217,130.959968,269.94,194.97,1
482.32,47.21,194.97,30.374217,130.959968,269.94,194.97,1
482.39,47.25,195.16,30.374217,130.959968,269.94,195.16,1
482.46,47.25,195.16,30.374217,130.959968,269.94,195.16,1
482.52,47.25,195.16,30.374217,130.959968,269.94,195.16,1
482.59,47.25,195.16,30.374217,130.959968,269.94,195.16,1
482.66,47.25,195.16,30.374217,130.959968,269.94,195.16,1
482.73,47.25,195.16,30.374217,130.959968,269.94,195.16,1
482.79,47.25,195.16,30.374217,130.959968,269.94,195.16,1
482.86,47.25,195.16,30.374217,130.959968,269.94,195.16,1
482.93,47.25,195.16,30.374217,130.959968,269.94,195.16,1
482.99,47.25,195.16,30.374217,130.959968,269.94,195.16,1
483.06,47.25,195.16,30.374217,130.959968,269.94,195.16,1
483.13,47.25,195.16,30.374217,130.959968,269.94,195.16,1
483.2,47.25,195.16,30.374217,130.959968,269.94,195.16,1
483.27,47.25,195.16,30.374217,130.959968,269.94,195.16,1
483.33,47.25,195.16,30.374217,130.959968,269.94,195.16,1
483.4,47.21,194.97,30.374217,130.959968,269.94,194.97,1
483.47,47.21,194.97,30.374217,130.959968,269.94,194.97,1
483.53,47.21,194.97,30.374217,130.959968,269.94,194.97,1
483.6,47.21,194.97,30.374217,130.959968,269.94,194.97,1
483.67,47.21,194.97,30.374217,130.959968,269.94,194.97,1
483.73,47.21,194.97,30.374217,130.959968,269.94,194.97,1
483.8,47.21,194.97,30.374217,130.959968,269.94,194.97,1
483.87,47.21,194.97,30.374217,130.959968,269.94,194.97,1
483.93,47.21,194.97,30.374217,130.959968,269.94,194.97,1
484.0,47.21,194.97,30.374217,130.959968,269.94,194.97,1
484.06,47.21,194.97,30.374217,130.959968,269.94,194.97,1
484.13,47.21,194.97,30.374217,130.959968,269.94,194.97,1
484.2,47.21,194.97,30.374217,130.959968,269.94,194.97,1
484.26,47.21,194.97,30.374217,130.959968,269.94,194.97,1
484.33,47.21,194.97,30.374217,130.959968,269.94,194.97,1
484.39,47.25,195.16,30.374217,130.959968,269.94,195.16,1
484.46,47.25,195.16,30.374217,130.959968,269.94,195.16,1
484.53,47.25,195.16,30.374217,130.959968,269.94,195.16,1
484.59,47.25,195.16,30.374217,130.959968,269.94,195.16,1
484.66,47.25,195.16,30.374217,130.959968,269.94,195.16,1
484.73,47.25,195.16,30.374217,130.959968,269.94,195.16,1
484.79,47.25,195.16,30.374217,130.959968,269.94,195.16,1
484.86,47.25,195.16,30.374217,130.959968,269.94,195.16,1
484.93,47.25,195.16,30.374217,130.959968,269.94,195.16,1
484.99,47.25,195.16,30.374217,130.959968,269.94,195.16,1
485.06,47.25,195.16,30.374217,130.959968,269.94,195.16,1
485.13,47.25,195.16,30.374217,130.959968,269.94,195.16,1
485.19,47.25,195.16,30.374217,130.959968,269.94,195.16,1
485.26,47.25,195.16,30.374217,130.959968,269.94,195.16,1
485.32,47.25,195.16,30.374217,130.959968,269.94,195.16,1
485.39,47.25,195.16,30.374217,130.959968,269.94,195.16,1
485.46,47.25,195.16,30.374217,130.959968,269.94,195.16,1
485.52,47.25,195.16,30.374217,130.959968,269.94,195.16,1
485.59,47.25,195.16,30.374217,130.959968,269.94,195.16,1
485.66,47.25,195.16,30.374217,130.959968,269.94,195.16,1
485.72,47.25,195.16,30.374217,130.959968,269.94,195.16,1
485.79,47.25,195.16,30.374217,130.959968,269.94,195.16,1
485.86,47.25,195.16,30.374217,130.959968,269.94,195.16,1
485.92,47.25,195.16,30.374217,130.959968,269.94,195.16,1
485.99,47.25,195.16,30.374217,130.959968,269.94,195.16,1
486.06,47.25,195.16,30.374217,130.959968,269.94,195.16,1
486.12,47.25,195.16,30.374217,130.959968,269.94,195.16,1
486.19,47.25,195.16,30.374217,130.959968,269.94,195.16,1
486.26,47.25,195.16,30.374217,130.959968,269.94,195.16,1
486.32,47.25,195.16,30.374217,130.959968,269.94,195.16,1
486.39,47.25,195.16,30.374217,130.959968,269.94,195.16,1
486.46,47.25,195.16,30.374217,130.959968,269.94,195.16,1
486.52,47.25,195.16,30.374217,130.959968,269.94,195.16,1
486.59,47.25,195.16,30.374217,130.959968,269.94,195.16,1
486.66,47.25,195.16,30.374217,130.959968,269.94,195.16,1
486.72,47.25,195.16,30.374217,130.959968,269.94,195.16,1
486.79,47.25,195.16,30.374217,130.959968,269.94,195.16,1
486.86,47.25,195.16,30.374217,130.959968,269.94,195.16,1
486.92,47.25,195.16,30.374217,130.959968,269.94,195.16,1
486.99,47.25,195.16,30.374217,130.959968,269.94,195.16,1
487.06,47.25,195.16,30.374217,130.959968,269.94,195.16,1
487.12,47.25,195.16,30.374217,130.959968,269.94,195.16,1
487.19,47.25,195.16,30.374217,130.959968,269.94,195.16,1
487.26,47.25,195.16,30.374217,130.959968,269.94,195.16,1
487.33,47.25,195.16,30.374217,130.959968,269.94,195.16,1
487.39,47.21,194.97,30.374217,130.959968,269.94,194.97,1
487.46,47.21,194.97,30.374217,130.959968,269.94,194.97,1
487.53,47.21,194.97,30.374217,130.959968,269.94,194.97,1
487.59,47.21,194.97,30.374217,130.959968,269.94,194.97,1
487.66,47.21,194.97,30.374217,130.959968,269.94,194.97,1
487.73,47.21,194.97,30.374217,130.959968,269.94,194.97,1
487.79,47.21,194.97,30.374217,130.959968,269.94,194.97,1
487.86,47.21,194.97,30.374217,130.959968,269.94,194.97,1
487.93,47.21,194.97,30.374217,130.959968,269.94,194.97,1
487.99,47.21,194.97,30.374217,130.959968,269.94,194.97,1
488.06,47.21,194.97,30.374217,130.959968,269.94,194.97,1
488.13,47.21,194.97,30.374217,130.959968,269.94,194.97,1
488.19,47.21,194.97,30.374217,130.959968,269.94,194.97,1
488.26,47.21,194.97,30.374217,130.959968,269.94,194.97,1
488.33,47.25,195.16,30.374217,130.959968,269.94,195.16,1
488.4,47.25,195.16,30.374217,130.959968,269.94,195.16,1
488.46,47.25,195.16,30.374217,130.959968,269.94,195.16,1
488.53,47.25,195.16,30.374217,130.959968,269.94,195.16,1
488.6,47.25,195.16,30.374217,130.959968,269.94,195.16,1
488.66,47.25,195.16,30.374217,130.959968,269.94,195.16,1
488.73,47.25,195.16,30.374217,130.959968,269.94,195.16,1
488.8,47.25,195.16,30.374217,130.959968,269.94,195.16,1
488.86,47.25,195.16,30.374217,130.959968,269.94,195.16,1
488.93,47.25,195.16,30.374217,130.959968,269.94,195.16,1
489.0,47.25,195.16,30.374217,130.959968,269.94,195.16,1
489.07,47.25,195.16,30.374217,130.959968,269.94,195.16,1
489.13,47.25,195.16,30.374217,130.959968,269.94,195.16,1
489.2,47.25,195.16,30.374217,130.959968,269.94,195.16,1
489.27,47.25,195.16,30.374217,130.959968,269.94,195.16,1
489.33,47.25,195.16,30.374217,130.959968,269.94,195.16,1
489.4,47.25,195.16,30.374217,130.959968,269.94,195.16,1
489.47,47.25,195.16,30.374217,130.959968,269.94,195.16,1
489.54,47.25,195.16,30.374217,130.959968,269.94,195.16,1
489.6,47.25,195.16,30.374217,130.959968,269.94,195.16,1
489.67,47.25,195.16,30.374217,130.959968,269.94,195.16,1
489.74,47.25,195.16,30.374217,130.959968,269.94,195.16,1
489.8,47.25,195.16,30.374217,130.959968,269.94,195.16,1
489.87,47.25,195.16,30.374217,130.959968,269.94,195.16,1
489.94,47.25,195.16,30.374217,130.959968,269.94,195.16,1
490.01,47.25,195.16,30.374217,130.959968,269.94,195.16,1
490.08,47.25,195.16,30.374217,130.959968,269.94,195.16,1
490.14,47.25,195.16,30.374217,130.959968,269.94,195.16,1
490.21,47.25,195.16,30.374217,130.959968,269.94,195.16,1
490.28,47.25,195.16,30.374217,130.959968,269.94,195.16,1
490.34,47.25,195.16,30.374217,130.959968,269.94,195.16,1
490.41,47.25,195.16,30.374217,130.959968,269.94,195.16,1
490.48,47.25,195.16,30.374217,130.959968,269.94,195.16,1
490.54,47.25,195.16,30.374217,130.959968,269.94,195.16,1
490.61,47.25,195.16,30.374217,130.959968,269.94,195.16,1
490.67,47.25,195.16,30.374217,130.959968,269.94,195.16,1
490.74,47.25,195.16,30.374217,130.959968,269.94,195.16,1
490.81,47.25,195.16,30.374217,130.959968,269.94,195.16,1
490.87,47.25,195.16,30.374217,130.959968,269.94,195.16,1
490.94,47.25,195.16,30.374217,130.959968,269.94,195.16,1
491.01,47.25,195.16,30.374217,130.959968,269.94,195.16,1
491.07,47.25,195.16,30.374217,130.959968,269.94,195.16,1
491.14,47.25,195.16,30.374217,130.959968,269.94,195.16,1
491.21,47.25,195.16,30.374217,130.959968,269.94,195.16,1
491.27,47.25,195.16,30.374217,130.959968,269.94,195.16,1
491.34,47.25,195.16,30.374217,130.959968,269.94,195.16,1
491.41,47.25,195.16,30.374217,130.959968,269.94,195.16,1
491.47,47.25,195.16,30.374217,130.959968,269.94,195.16,1
491.54,47.25,195.16,30.374217,130.959968,269.94,195.16,1
491.6,47.25,195.16,30.374217,130.959968,269.94,195.16,1
491.67,47.25,195.16,30.374217,130.959968,269.94,195.16,1
491.74,47.25,195.16,30.374217,130.959968,269.94,195.16,1
491.8,47.25,195.16,30.374217,130.959968,269.94,195.16,1
491.87,47.25,195.16,30.374217,130.959968,269.94,195.16,1
491.94,47.25,195.16,30.374217,130.959968,269.94,195.16,1
492.0,47.25,195.16,30.374217,130.959968,269.94,195.16,1
492.07,47.25,195.16,30.374217,130.959968,269.94,195.16,1
492.14,47.25,195.16,30.374217,130.959968,269.94,195.16,1
492.2,47.25,195.16,30.374217,130.959968,269.94,195.16,1
492.27,47.25,195.16,30.374217,130.959968,269.94,195.16,1
492.34,47.25,195.16,30.374217,130.959968,269.94,195.16,1
492.4,47.25,195.16,30.374217,130.959968,269.94,195.16,1
492.47,47.25,195.16,30.374217,130.959968,269.94,195.16,1
492.54,47.25,195.16,30.374217,130.959968,269.94,195.16,1
492.6,47.25,195.16,30.374217,130.959968,269.94,195.16,1
492.67,47.25,195.16,30.374217,130.959968,269.94,195.16,1
492.74,47.25,195.16,30.374217,130.959968,269.94,195.16,1
492.8,47.25,195.16,30.374217,130.959968,269.94,195.16,1
492.87,47.25,195.16,30.374217,130.959968,269.94,195.16,1
492.94,47.25,195.16,30.374217,130.959968,269.94,195.16,1
493.0,47.25,195.16,30.374217,130.959968,269.94,195.16,1
493.07,47.25,195.16,30.374217,130.959968,269.94,195.16,1
493.14,47.25,195.16,30.374217,130.959968,269.94,195.16,1
493.2,47.25,195.16,30.374217,130.959968,269.94,195.16,1
493.27,47.25,195.16,30.374217,130.959968,269.94,195.16,1
493.34,47.25,195.16,30.374217,130.959968,269.94,195.16,1
493.41,47.25,195.16,30.374217,130.959968,269.94,195.16,1
493.47,47.25,195.16,30.374217,130.959968,269.94,195.16,1
493.54,47.25,195.16,30.374217,130.959968,269.94,195.16,1
493.61,47.25,195.16,30.374217,130.959968,269.94,195.16,1
493.67,47.25,195.16,30.374217,130.959968,269.94,195.16,1
493.74,47.25,195.16,30.374217,130.959968,269.94,195.16,1
493.81,47.25,195.16,30.374217,130.959968,269.94,195.16,1
493.87,47.25,195.16,30.374217,130.959968,269.94,195.16,1
493.94,47.25,195.16,30.374217,130.959968,269.94,195.16,1
494.01,47.25,195.16,30.374217,130.959968,269.94,195.16,1
494.07,47.25,195.16,30.374217,130.959968,269.94,195.16,1
494.14,47.25,195.16,30.374217,130.959968,269.94,195.16,1
494.21,47.25,195.16,30.374217,130.959968,269.94,195.16,1
494.27,47.25,195.16,30.374217,130.959968,269.94,195.16,1
494.34,47.25,195.16,30.374217,130.959968,269.94,195.16,1
494.41,47.25,195.16,30.374217,130.959968,269.94,195.16,1
494.47,47.25,195.16,30.374217,130.959968,269.94,195.16,1
494.54,47.25,195.16,30.374217,130.959968,269.94,195.16,1
494.61,47.25,195.16,30.374217,130.959968,269.94,195.16,1
494.67,47.25,195.16,30.374217,130.959968,269.94,195.16,1
494.74,47.25,195.16,30.374217,130.959968,269.94,195.16,1
494.81,47.25,195.16,30.374217,130.959968,269.94,195.16,1
494.88,47.25,195.16,30.374217,130.959968,269.94,195.16,1
494.94,47.25,195.16,30.374217,130.959968,269.94,195.16,1
495.01,47.25,195.16,30.374217,130.959968,269.94,195.16,1
495.08,47.25,195.16,30.374217,130.959968,269.94,195.16,1
495.14,47.25,195.16,30.374217,130.959968,269.94,195.16,1
495.21,47.25,195.16,30.374217,130.959968,269.94,195.16,1
495.28,47.25,195.16,30.374217,130.959968,269.94,195.16,1
495.34,47.25,195.16,30.374217,130.959968,269.94,195.16,1
495.41,47.25,195.16,30.374217,130.959968,269.94,195.16,1
495.48,47.25,195.16,30.374217,130.959968,269.94,195.16,1
495.55,47.25,195.16,30.374217,130.959968,269.94,195.16,1
495.61,47.25,195.16,30.374217,130.959968,269.94,195.16,1
495.68,47.25,195.16,30.374217,130.959968,269.94,195.16,1
495.75,47.25,195.16,30.374217,130.959968,269.94,195.16,1
495.81,47.25,195.16,30.374217,130.959968,269.94,195.16,1
495.88,47.25,195.16,30.374217,130.959968,269.94,195.16,1
495.95,47.25,195.16,30.374217,130.959968,269.94,195.16,1
496.01,47.25,195.16,30.374217,130.959968,269.94,195.16,1
496.08,47.25,195.16,30.374217,130.959968,269.94,195.16,1
496.15,47.25,195.16,30.374217,130.959968,269.94,195.16,1
496.21,47.25,195.16,30.374217,130.959968,269.94,195.16,1
496.28,47.25,195.16,30.374217,130.959968,269.94,195.16,1
496.35,47.25,195.16,30.374217,130.959968,269.94,195.16,1
496.41,47.25,195.16,30.374217,130.959968,269.94,195.16,1
496.48,47.25,195.16,30.374217,130.959968,269.94,195.16,1
496.55,47.25,195.16,30.374217,130.959968,269.94,195.16,1
496.62,47.25,195.16,30.374217,130.959968,269.94,195.16,1
496.69,47.25,195.16,30.374217,130.959968,269.94,195.16,1
496.75,47.25,195.16,30.374217,130.959968,269.94,195.16,1
496.82,47.25,195.16,30.374217,130.959968,269.94,195.16,1
496.89,47.25,195.16,30.374217,130.959968,269.94,195.16,1
496.95,47.25,195.16,30.374217,130.959968,269.94,195.16,1
497.02,47.25,195.16,30.374217,130.959968,269.94,195.16,1
497.09,47.25,195.16,30.374217,130.959968,269.94,195.16,1
497.15,47.25,195.16,30.374217,130.959968,269.94,195.16,1
497.22,47.25,195.16,30.374217,130.959968,269.94,195.16,1
497.29,47.25,195.16,30.374217,130.959968,269.94,195.16,1
497.35,47.07,195.22,30.374217,130.959968,269.94,195.22,1
497.42,47.07,195.22,30.374217,130.959968,269.94,195.22,1
497.49,47.07,195.22,30.374217,130.959968,269.94,195.22,1
497.55,47.07,195.22,30.374217,130.959968,269.94,195.22,1
497.62,47.07,195.22,30.374217,130.959968,269.94,195.22,1
497.68,47.07,195.22,30.374217,130.959968,269.94,195.22,1
497.75,47.07,195.22,30.374217,130.959968,269.94,195.22,1
497.82,47.07,195.22,30.374217,130.959968,269.94,195.22,1
497.88,47.07,195.22,30.374217,130.959968,269.94,195.22,1
497.95,47.07,195.22,30.374217,130.959968,269.94,195.22,1
498.02,47.07,195.22,30.374217,130.959968,269.94,195.22,1
498.08,47.07,195.22,30.374217,130.959968,269.94,195.22,1
498.15,47.07,195.22,30.374217,130.959968,269.94,195.22,1
498.22,47.07,195.22,30.374217,130.959968,269.94,195.22,1
498.28,47.07,195.22,30.374217,130.959968,269.94,195.22,1
498.35,47.07,195.22,30.374217,130.959968,269.94,195.22,1
498.42,47.07,195.22,30.374217,130.959968,269.94,195.22,1
498.48,47.07,195.22,30.374217,130.959968,269.94,195.22,1
498.55,47.07,195.22,30.374217,130.959968,269.94,195.22,1
498.62,47.07,195.22,30.374217,130.959968,269.94,195.22,1
498.68,47.07,195.22,30.374217,130.959968,269.94,195.22,1
498.75,47.07,195.22,30.374217,130.959968,269.94,195.22,1
498.81,47.07,195.22,30.374217,130.959968,269.94,195.22,1
498.88,47.07,195.22,30.374217,130.959968,269.94,195.22,1
498.95,47.07,195.22,30.374217,130.959968,269.94,195.22,1
499.02,47.07,195.22,30.374217,130.959968,269.94,195.22,1
499.08,47.07,195.22,30.374217,130.959968,269.94,195.22,1
499.15,47.07,195.22,30.374217,130.959968,269.94,195.22,1
499.22,47.07,195.22,30.374217,130.959968,269.94,195.22,1
499.28,47.07,195.22,30.374217,130.959968,269.94,195.22,1
499.35,47.07,195.22,30.374217,130.959968,269.94,195.22,1
499.42,47.07,195.22,30.374217,130.959968,269.94,195.22,1
499.48,47.07,195.22,30.374217,130.959968,269.94,195.22,1
499.55,47.07,195.22,30.374217,130.959968,269.94,195.22,1
499.62,47.07,195.22,30.374217,130.959968,269.94,195.22,1
499.68,47.07,195.22,30.374217,130.959968,269.94,195.22,1
499.75,47.07,195.22,30.374217,130.959968,269.94,195.22,1
499.82,47.07,195.22,30.374217,130.959968,269.94,195.22,1
499.88,47.07,195.22,30.374217,130.959968,269.94,195.22,1
499.95,47.07,195.22,30.374217,130.959968,269.94,195.22,1
500.02,47.07,195.22,30.374217,130.959968,269.94,195.22,1
500.08,47.07,195.22,30.374217,130.959968,269.94,195.22,1
500.15,47.07,195.22,30.374217,130.959968,269.94,195.22,1
500.22,47.07,195.22,30.374217,130.959968,269.94,195.22,1
500.28,47.07,195.22,30.374217,130.959968,269.94,195.22,1
500.35,47.07,195.22,30.374217,130.959968,269.94,195.22,1
500.42,47.07,195.22,30.374217,130.959968,269.94,195.22,1
500.49,47.07,195.22,30.374217,130.959968,269.94,195.22,1
500.55,47.07,195.22,30.374217,130.959968,269.94,195.22,1
500.62,47.07,195.22,30.374217,130.959968,269.94,195.22,1
500.69,47.07,195.22,30.374217,130.959968,269.94,195.22,1
500.75,47.07,195.22,30.374217,130.959968,269.94,195.22,1
500.82,47.07,195.22,30.374217,130.959968,269.94,195.22,1
500.89,47.07,195.22,30.374217,130.959968,269.94,195.22,1
500.95,47.07,195.22,30.374217,130.959968,269.94,195.22,1
501.02,47.07,195.22,30.374217,130.959968,269.94,195.22,1
501.09,47.07,195.22,30.374217,130.959968,269.94,195.22,1
501.15,47.07,195.22,30.374217,130.959968,269.94,195.22,1
501.22,47.07,195.22,30.374217,130.959968,269.94,195.22,1
501.29,47.07,195.22,30.374217,130.959968,269.94,195.22,1
501.35,47.07,195.22,30.374217,130.959968,269.94,195.22,1
501.42,47.07,195.22,30.374217,130.959968,269.94,195.22,1
501.49,47.07,195.22,30.374217,130.959968,269.94,195.22,1
501.55,47.07,195.22,30.374217,130.959968,269.94,195.22,1
501.62,47.07,195.22,30.374217,130.959968,269.94,195.22,1
501.69,47.07,195.22,30.374217,130.959968,269.94,195.22,1
501.76,47.07,195.22,30.374217,130.959968,269.94,195.22,1
501.82,47.07,195.22,30.374217,130.959968,269.94,195.22,1
501.89,47.07,195.22,30.374217,130.959968,269.94,195.22,1
501.96,47.07,195.22,30.374217,130.959968,269.94,195.22,1
502.03,47.07,195.22,30.374217,130.959968,269.94,195.22,1
502.09,47.07,195.22,30.374217,130.959968,269.94,195.22,1
502.16,47.07,195.22,30.374217,130.959968,269.94,195.22,1
502.23,47.07,195.22,30.374217,130.959968,269.94,195.22,1
502.29,47.07,195.22,30.374217,130.959968,269.94,195.22,1
502.36,47.07,195.22,30.374217,130.959968,269.94,195.22,1
502.43,47.07,195.22,30.374217,130.959968,269.94,195.22,1
502.49,47.07,195.22,30.374217,130.959968,269.94,195.22,1
502.56,47.07,195.22,30.374217,130.959968,269.94,195.22,1
502.63,47.07,195.22,30.374217,130.959968,269.94,195.22,1
502.69,47.07,195.22,30.374217,130.959968,269.94,195.22,1
502.76,47.07,195.22,30.374217,130.959968,269.94,195.22,1
502.83,47.07,195.22,30.374217,130.959968,269.94,195.22,1
502.9,47.07,195.22,30.374217,130.959968,269.94,195.22,1
502.96,47.07,195.22,30.374217,130.959968,269.94,195.22,1
503.03,47.07,195.22,30.374217,130.959968,269.94,195.22,1
503.1,47.07,195.22,30.374217,130.959968,269.94,195.22,1
503.17,47.07,195.22,30.374217,130.959968,269.94,195.22,1
503.24,47.07,195.22,30.374217,130.959968,269.94,195.22,1
503.31,47.07,195.22,30.374217,130.959968,269.94,195.22,1
503.37,47.07,195.22,30.374217,130.959968,269.94,195.22,1
503.44,47.07,195.22,30.374217,130.959968,269.94,195.22,1
503.5,47.07,195.22,30.374217,130.959968,269.94,195.22,1
503.57,47.07,195.22,30.374217,130.959968,269.94,195.22,1
503.64,47.07,195.22,30.374217,130.959968,269.94,195.22,1
503.7,47.07,195.22,30.374217,130.959968,269.94,195.22,1
503.77,47.07,195.22,30.374217,130.959968,269.94,195.22,1
503.84,47.07,195.22,30.374217,130.959968,269.94,195.22,1
503.9,47.07,195.22,30.374217,130.959968,269.94,195.22,1
503.97,47.07,195.22,30.374217,130.959968,269.94,195.22,1
504.03,47.07,195.22,30.374217,130.959968,269.94,195.22,1
504.1,47.07,195.22,30.374217,130.959968,269.94,195.22,1
504.17,47.07,195.22,30.374217,130.959968,269.94,195.22,1
504.23,47.07,195.22,30.374217,130.959968,269.94,195.22,1
504.3,47.07,195.22,30.374217,130.959968,269.94,195.22,1
504.37,47.07,195.22,30.374217,130.959968,269.94,195.22,1
504.43,47.07,195.22,30.374217,130.959968,269.94,195.22,1
504.5,47.07,195.22,30.374217,130.959968,269.94,195.22,1
504.57,47.07,195.22,30.374217,130.959968,269.94,195.22,1
504.63,47.07,195.22,30.374217,130.959968,269.94,195.22,1
504.7,47.07,195.22,30.374217,130.959968,269.94,195.22,1
504.77,47.07,195.22,30.374217,130.959968,269.94,195.22,1
504.83,47.07,195.22,30.374217,130.959968,269.94,195.22,1
504.9,47.07,195.22,30.374217,130.959968,269.94,195.22,1
504.97,47.07,195.22,30.374217,130.959968,269.94,195.22,1
505.03,47.07,195.22,30.374217,130.959968,269.94,195.22,1
505.1,47.07,195.22,30.374217,130.959968,269.94,195.22,1
505.17,47.07,195.22,30.374217,130.959968,269.94,195.22,1
505.23,47.07,195.22,30.374217,130.959968,269.94,195.22,1
505.3,47.07,195.22,30.374217,130.959968,269.94,195.22,1
505.37,47.07,195.22,30.374217,130.959968,269.94,195.22,1
505.43,47.07,195.22,30.374217,130.959968,269.94,195.22,1
505.5,47.07,195.22,30.374217,130.959968,269.94,195.22,1
505.57,47.07,195.22,30.374217,130.959968,269.94,195.22,1
505.63,47.07,195.22,30.374217,130.959968,269.94,195.22,1
505.7,47.07,195.22,30.374217,130.959968,269.94,195.22,1
505.77,47.07,195.22,30.374217,130.959968,269.94,195.22,1
505.83,47.07,195.22,30.374217,130.959968,269.94,195.22,1
505.9,47.07,195.22,30.374217,130.959968,269.94,195.22,1
505.97,47.07,195.22,30.374217,130.959968,269.94,195.22,1
506.03,47.07,195.22,30.374217,130.959968,269.94,195.22,1
506.1,47.07,195.22,30.374217,130.959968,269.94,195.22,1
506.17,47.07,195.22,30.374217,130.959968,269.94,195.22,1
506.23,47.07,195.22,30.374217,130.959968,269.94,195.22,1
506.3,47.07,195.22,30.374217,130.959968,269.94,195.22,1
506.37,47.07,195.22,30.374217,130.959968,269.94,195.22,1
506.43,47.07,195.22,30.374217,130.959968,269.94,195.22,1
506.5,47.07,195.22,30.374217,130.959968,269.94,195.22,1
506.57,47.07,195.22,30.374217,130.959968,269.94,195.22,1
506.63,47.07,195.22,30.374217,130.959968,269.94,195.22,1
506.7,47.07,195.22,30.374217,130.959968,269.94,195.22,1
506.77,47.07,195.22,30.374217,130.959968,269.94,195.22,1
506.83,47.07,195.22,30.374217,130.959968,269.94,195.22,1
506.9,47.07,195.22,30.374217,130.959968,269.94,195.22,1
506.97,47.07,195.22,30.374217,130.959968,269.94,195.22,1
507.03,47.07,195.22,30.374217,130.959968,269.94,195.22,1
507.1,47.07,195.22,30.374217,130.959968,269.94,195.22,1
507.17,47.07,195.22,30.374217,130.959968,269.94,195.22,1
507.23,47.07,195.22,30.374217,130.959968,269.94,195.22,1
507.3,47.07,195.22,30.374217,130.959968,269.94,195.22,1
507.37,47.07,195.22,30.374217,130.959968,269.94,195.22,1
507.43,47.07,195.22,30.374217,130.959968,269.94,195.22,1
507.5,47.07,195.22,30.374217,130.959968,269.94,195.22,1
507.57,47.07,195.22,30.374217,130.959968,269.94,195.22,1
507.64,47.07,195.22,30.374217,130.959968,269.94,195.22,1
507.7,47.07,195.22,30.374217,130.959968,269.94,195.22,1
507.77,47.07,195.22,30.374217,130.959968,269.94,195.22,1
507.84,47.07,195.22,30.374217,130.959968,269.94,195.22,1
507.9,47.07,195.22,30.374217,130.959968,269.94,195.22,1
507.97,47.07,195.22,30.374217,130.959968,269.94,195.22,1
508.04,47.07,195.22,30.374217,130.959968,269.94,195.22,1
508.1,47.07,195.22,30.374217,130.959968,269.94,195.22,1
508.17,47.07,195.22,30.374217,130.959968,269.94,195.22,1
508.24,47.07,195.22,30.374217,130.959968,269.94,195.22,1
508.3,47.07,195.22,30.374217,130.959968,269.94,195.22,1
508.37,47.07,195.22,30.374217,130.959968,269.94,195.22,1
508.44,47.07,195.22,30.374217,130.959968,269.94,195.22,1
508.5,47.07,195.22,30.374217,130.959968,269.94,195.22,1
508.57,47.07,195.22,30.374217,130.959968,269.94,195.22,1
508.64,47.07,195.22,30.374217,130.959968,269.94,195.22,1
508.71,47.07,195.22,30.374217,130.959968,269.94,195.22,1
508.77,47.07,195.22,30.374217,130.959968,269.94,195.22,1
508.84,47.07,195.22,30.374217,130.959968,269.94,195.22,1
508.91,47.07,195.22,30.374217,130.959968,269.94,195.22,1
508.97,47.07,195.22,30.374217,130.959968,269.94,195.22,1
509.04,47.07,195.22,30.374217,130.959968,269.94,195.22,1
509.11,47.07,195.22,30.374217,130.959968,269.94,195.22,1
509.17,47.07,195.22,30.374217,130.959968,269.94,195.22,1
509.24,47.07,195.22,30.374217,130.959968,269.94,195.22,1
509.31,47.07,195.22,30.374217,130.959968,269.94,195.22,1
509.38,47.07,195.22,30.374217,130.959968,269.94,195.22,1
509.44,47.07,195.22,30.374217,130.959968,269.94,195.22,1
509.51,47.07,195.22,30.374217,130.959968,269.94,195.22,1
509.59,47.07,195.22,30.374217,130.959968,269.94,195.22,1
509.66,47.07,195.22,30.374217,130.959968,269.94,195.22,1
509.72,47.07,195.22,30.374217,130.959968,269.94,195.22,1
509.79,47.07,195.22,30.374217,130.959968,269.94,195.22,1
509.85,47.07,195.22,30.374217,130.959968,269.94,195.22,1
509.92,47.07,195.22,30.374217,130.959968,269.94,195.22,1
509.99,47.07,195.22,30.374217,130.959968,269.94,195.22,1
510.05,47.07,195.22,30.374217,130.959968,269.94,195.22,1
510.12,47.07,195.22,30.374217,130.959968,269.94,195.22,1
510.19,47.07,195.22,30.374217,130.959968,269.94,195.22,1
510.25,47.07,195.22,30.374217,130.959968,269.94,195.22,1
510.32,47.07,195.22,30.374217,130.959968,269.94,195.22,1
510.38,47.07,195.22,30.374217,130.959968,269.94,195.22,1
510.45,47.07,195.22,30.374217,130.959968,269.94,195.22,1
510.52,47.07,195.22,30.374217,130.959968,269.94,195.22,1
510.58,47.07,195.22,30.374217,130.959968,269.94,195.22,1
510.65,47.07,195.22,30.374217,130.959968,269.94,195.22,1
510.72,47.07,195.22,30.374217,130.959968,269.94,195.22,1
510.78,47.07,195.22,30.374217,130.959968,269.94,195.22,1
510.85,47.07,195.22,30.374217,130.959968,269.94,195.22,1
510.92,47.07,195.22,30.374217,130.959968,269.94,195.22,1
510.98,47.07,195.22,30.374217,130.959968,269.94,195.22,1
511.05,47.07,195.22,30.374217,130.959968,269.94,195.22,1
511.11,47.07,195.22,30.374217,130.959968,269.94,195.22,1
511.18,47.07,195.22,30.374217,130.959968,269.94,195.22,1
511.25,47.07,195.22,30.374217,130.959968,269.94,195.22,1
511.31,47.07,195.22,30.374217,130.959968,269.94,195.22,1
511.38,47.07,195.22,30.374217,130.959968,269.94,195.22,1
511.45,47.07,195.22,30.374217,130.959968,269.94,195.22,1
511.51,47.07,195.22,30.374217,130.959968,269.94,195.22,1
511.58,47.07,195.22,30.374217,130.959968,269.94,195.22,1
511.65,47.07,195.22,30.374217,130.959968,269.94,195.22,1
511.71,47.07,195.22,30.374217,130.959968,269.94,195.22,1
511.78,47.07,195.22,30.374217,130.959968,269.94,195.22,1
511.84,47.07,195.22,30.374217,130.959968,269.94,195.22,1
511.91,47.07,195.22,30.374217,130.959968,269.94,195.22,1
511.98,47.07,195.22,30.374217,130.959968,269.94,195.22,1
512.04,47.07,195.22,30.374217,130.959968,269.94,195.22,1
512.11,47.07,195.22,30.374217,130.959968,269.94,195.22,1
512.18,47.07,195.22,30.374217,130.959968,269.94,195.22,1
512.24,47.07,195.22,30.374217,130.959968,269.94,195.22,1
512.31,47.07,195.22,30.374217,130.959968,269.94,195.22,1
512.38,47.07,195.22,30.374217,130.959968,269.94,195.22,1
512.45,47.07,195.22,30.374217,130.959968,269.94,195.22,1
512.51,47.07,195.22,30.374217,130.959968,269.94,195.22,1
512.58,47.07,195.22,30.374217,130.959968,269.94,195.22,1
512.65,47.07,195.22,30.374217,130.959968,269.94,195.22,1
512.71,47.07,195.22,30.374217,130.959968,269.94,195.22,1
512.78,47.07,195.22,30.374217,130.959968,269.94,195.22,1
512.85,47.07,195.22,30.374217,130.959968,269.94,195.22,1
512.91,47.07,195.22,30.374217,130.959968,269.94,195.22,1
512.98,47.07,195.22,30.374217,130.959968,269.94,195.22,1
513.05,47.07,195.22,30.374217,130.959968,269.94,195.22,1
513.11,47.07,195.22,30.374217,130.959968,269.94,195.22,1
513.18,47.07,195.22,30.374217,130.959968,269.94,195.22,1
513.25,47.07,195.22,30.374217,130.959968,269.94,195.22,1
513.31,47.07,195.22,30.374217,130.959968,269.94,195.22,1
513.38,47.07,195.22,30.374217,130.959968,269.94,195.22,1
513.45,47.07,195.22,30.374217,130.959968,269.94,195.22,1
513.51,47.07,195.22,30.374217,130.959968,269.94,195.22,1
513.58,47.07,195.22,30.374217,130.959968,269.94,195.22,1
513.65,47.07,195.22,30.374217,130.959968,269.94,195.22,1
513.71,47.07,195.22,30.374217,130.959968,269.94,195.22,1
513.78,47.07,195.22,30.374217,130.959968,269.94,195.22,1
513.85,47.07,195.22,30.374217,130.959968,269.94,195.22,1
513.91,47.07,195.22,30.374217,130.959968,269.94,195.22,1
513.98,47.07,195.22,30.374217,130.959968,269.94,195.22,1
514.05,47.07,195.22,30.374217,130.959968,269.94,195.22,1
514.12,47.07,195.22,30.374217,130.959968,269.94,195.22,1
514.18,47.07,195.22,30.374217,130.959968,269.94,195.22,1
514.25,47.07,195.22,30.374217,130.959968,269.94,195.22,1
514.32,47.07,195.22,30.374217,130.959968,269.94,195.22,1
514.38,47.07,195.22,30.374217,130.959968,269.94,195.22,1
514.45,47.07,195.22,30.374217,130.959968,269.94,195.22,1
514.52,47.07,195.22,30.374217,130.959968,269.94,195.22,1
514.58,47.07,195.22,30.374217,130.959968,269.94,195.22,1
514.65,47.07,195.22,30.374217,130.959968,269.94,195.22,1
514.72,47.07,195.22,30.374217,130.959968,269.94,195.22,1
514.79,47.07,195.22,30.374217,130.959968,269.94,195.22,1
514.85,47.07,195.22,30.374217,130.959968,269.94,195.22,1
514.92,47.07,195.22,30.374217,130.959968,269.94,195.22,1
514.99,47.07,195.22,30.374217,130.959968,269.94,195.22,1
515.05,47.07,195.22,30.374217,130.959968,269.94,195.22,1
515.12,47.07,195.22,30.374217,130.959968,269.94,195.22,1
515.19,47.07,195.22,30.374217,130.959968,269.94,195.22,1
515.25,47.07,195.22,30.374217,130.959968,269.94,195.22,1
515.32,47.07,195.22,30.374217,130.959968,269.94,195.22,1
515.39,47.07,195.22,30.374217,130.959968,269.94,195.22,1
515.46,47.07,195.22,30.374217,130.959968,269.94,195.22,1
515.52,47.07,195.22,30.374217,130.959968,269.94,195.22,1
515.59,47.07,195.22,30.374217,130.959968,269.94,195.22,1
515.66,47.07,195.22,30.374217,130.959968,269.94,195.22,1
515.72,47.07,195.22,30.374217,130.959968,269.94,195.22,1
515.79,47.07,195.22,30.374217,130.959968,269.94,195.22,1
515.86,47.07,195.22,30.374217,130.959968,269.94,195.22,1
515.93,47.07,195.22,30.374217,130.959968,269.94,195.22,1
515.99,47.07,195.22,30.374217,130.959968,269.94,195.22,1
516.06,47.07,195.22,30.374217,130.959968,269.94,195.22,1
516.13,47.07,195.22,30.374217,130.959968,269.94,195.22,1
516.19,47.07,195.22,30.374217,130.959968,269.94,195.22,1
516.27,47.07,195.22,30.374217,130.959968,269.94,195.22,1
516.33,47.07,195.22,30.374217,130.959968,269.94,195.22,1
516.4,47.07,195.22,30.374217,130.959968,269.94,195.22,1
516.47,47.07,195.22,30.374217,130.959968,269.94,195.22,1
516.53,47.07,195.22,30.374217,130.959968,269.94,195.22,1
516.6,47.07,195.22,30.374217,130.959968,269.94,195.22,1
516.67,47.07,195.22,30.374217,130.959968,269.94,195.22,1
516.73,47.07,195.22,30.374217,130.959968,269.94,195.22,1
516.8,47.07,195.22,30.374217,130.959968,269.94,195.22,1
516.87,47.07,195.22,30.374217,130.959968,269.94,195.22,1
516.93,47.07,195.22,30.374217,130.959968,269.94,195.22,1
517.0,47.07,195.22,30.374217,130.959968,269.94,195.22,1
517.06,47.07,195.22,30.374217,130.959968,269.94,195.22,1
517.13,47.07,195.22,30.374217,130.959968,269.94,195.22,1
517.2,47.07,195.22,30.374217,130.959968,269.94,195.22,1
517.27,47.07,195.22,30.374217,130.959968,269.94,195.22,1
517.33,47.07,195.22,30.374217,130.959968,269.94,195.22,1
517.4,47.07,195.22,30.374217,130.959968,269.94,195.22,1
517.46,47.07,195.22,30.374217,130.959968,269.94,195.22,1
517.53,47.07,195.22,30.374217,130.959968,269.94,195.22,1
517.6,47.07,195.22,30.374217,130.959968,269.94,195.22,1
517.67,47.07,195.22,30.374217,130.959968,269.94,195.22,1
517.74,47.07,195.22,30.374217,130.959968,269.94,195.22,1
517.81,47.07,195.22,30.374217,130.959968,269.94,195.22,1
517.87,47.07,195.22,30.374217,130.959968,269.94,195.22,1
517.94,47.07,195.22,30.374217,130.959968,269.94,195.22,1
518.0,47.07,195.22,30.374217,130.959968,269.94,195.22,1
518.07,47.07,195.22,30.374217,130.959968,269.94,195.22,1
518.14,47.07,195.22,30.374217,130.959968,269.94,195.22,1
518.2,47.07,195.22,30.374217,130.959968,269.94,195.22,1
518.27,47.07,195.22,30.374217,130.959968,269.94,195.22,1
518.34,47.07,195.22,30.374217,130.959968,269.94,195.22,1
518.4,47.07,195.22,30.374217,130.959968,269.94,195.22,1
518.47,47.07,195.22,30.374217,130.959968,269.94,195.22,1
518.53,47.07,195.22,30.374217,130.959968,269.94,195.22,1
518.6,47.07,195.22,30.374217,130.959968,269.94,195.22,1
518.67,47.07,195.22,30.374217,130.959968,269.94,195.22,1
518.73,47.07,195.22,30.374217,130.959968,269.94,195.22,1
518.8,47.07,195.22,30.374217,130.959968,269.94,195.22,1
518.87,47.07,195.22,30.374217,130.959968,269.94,195.22,1
518.93,47.07,195.22,30.374217,130.959968,269.94,195.22,1
519.0,47.07,195.22,30.374217,130.959968,269.94,195.22,1
519.06,47.07,195.22,30.374217,130.959968,269.94,195.22,1
519.13,47.07,195.22,30.374217,130.959968,269.94,195.22,1
519.2,47.07,195.22,30.374217,130.959968,269.94,195.22,1
519.26,47.07,195.22,30.374217,130.959968,269.94,195.22,1
519.33,47.07,195.22,30.374217,130.959968,269.94,195.22,1
519.4,47.07,195.22,30.374217,130.959968,269.94,195.22,1
519.46,47.07,195.22,30.374217,130.959968,269.94,195.22,1
519.53,47.07,195.22,30.374217,130.959968,269.94,195.22,1
519.6,47.07,195.22,30.374217,130.959968,269.94,195.22,1
519.66,47.07,195.22,30.374217,130.959968,269.94,195.22,1
519.73,47.07,195.22,30.374217,130.959968,269.94,195.22,1
519.79,47.07,195.22,30.374217,130.959968,269.94,195.22,1
519.86,47.07,195.22,30.374217,130.959968,269.94,195.22,1
519.93,47.07,195.22,30.374217,130.959968,269.94,195.22,1
519.99,47.07,195.22,30.374217,130.959968,269.94,195.22,1
520.06,47.07,195.22,30.374217,130.959968,269.94,195.22,1
520.13,47.07,195.22,30.374217,130.959968,269.94,195.22,1
520.19,47.07,195.22,30.374217,130.959968,269.94,195.22,1
520.26,47.07,195.22,30.374217,130.959968,269.94,195.22,1
520.33,47.07,195.22,30.374217,130.959968,269.94,195.22,1
520.39,47.07,195.22,30.374217,130.959968,269.94,195.22,1
520.46,47.07,195.22,30.374217,130.959968,269.94,195.22,1
520.53,47.07,195.22,30.374217,130.959968,269.94,195.22,1
520.59,47.07,195.22,30.374217,130.959968,269.94,195.22,1
520.66,47.07,195.22,30.374217,130.959968,269.94,195.22,1
520.73,47.07,195.22,30.374217,130.959968,269.94,195.22,1
520.79,47.07,195.22,30.374217,130.959968,269.94,195.22,1
520.86,47.07,195.22,30.374217,130.959968,269.94,195.22,1
520.93,47.07,195.22,30.374217,130.959968,269.94,195.22,1
520.99,47.07,195.22,30.374217,130.959968,269.94,195.22,1
521.06,47.07,195.22,30.374217,130.959968,269.94,195.22,1
521.13,47.07,195.22,30.374217,130.959968,269.94,195.22,1
521.19,47.07,195.22,30.374217,130.959968,269.94,195.22,1
521.26,47.07,195.22,30.374217,130.959968,269.94,195.22,1
521.33,47.07,195.22,30.374217,130.959968,269.94,195.22,1
521.39,47.07,195.22,30.374217,130.959968,269.94,195.22,1
521.46,47.07,195.22,30.374217,130.959968,269.94,195.22,1
521.53,47.07,195.22,30.374217,130.959968,269.94,195.22,1
521.59,47.07,195.22,30.374217,130.959968,269.94,195.22,1
521.66,47.07,195.22,30.374217,130.959968,269.94,195.22,1
521.73,47.07,195.22,30.374217,130.959968,269.94,195.22,1
521.79,47.07,195.22,30.374217,130.959968,269.94,195.22,1
521.86,47.07,195.22,30.374217,130.959968,269.94,195.22,1
521.93,47.07,195.22,30.374217,130.959968,269.94,195.22,1
521.99,47.07,195.22,30.374217,130.959968,269.94,195.22,1
522.06,47.07,195.22,30.374217,130.959968,269.94,195.22,1
522.13,47.07,195.22,30.374217,130.959968,269.94,195.22,1
522.19,47.07,195.22,30.374217,130.959968,269.94,195.22,1
522.26,47.07,195.22,30.374217,130.959968,269.94,195.22,1
522.33,47.07,195.22,30.374217,130.959968,269.94,195.22,1
522.39,47.07,195.22,30.374217,130.959968,269.94,195.22,1
522.46,47.07,195.22,30.374217,130.959968,269.94,195.22,1
522.53,47.07,195.22,30.374217,130.959968,269.94,195.22,1
522.59,47.07,195.22,30.374217,130.959968,269.94,195.22,1
522.66,47.07,195.22,30.374217,130.959968,269.94,195.22,1
522.73,47.07,195.22,30.374217,130.959968,269.94,195.22,1
522.8,47.07,195.22,30.374217,130.959968,269.94,195.22,1
522.86,47.07,195.22,30.374217,130.959968,269.94,195.22,1
522.93,47.07,195.22,30.374217,130.959968,269.94,195.22,1
523.0,47.07,195.22,30.374217,130.959968,269.94,195.22,1
523.06,47.07,195.22,30.374217,130.959968,269.94,195.22,1
523.13,47.07,195.22,30.374217,130.959968,269.94,195.22,1
523.2,47.07,195.22,30.374217,130.959968,269.94,195.22,1
523.26,47.07,195.22,30.374217,130.959968,269.94,195.22,1
523.33,47.07,195.22,30.374217,130.959968,269.94,195.22,1
523.4,47.07,195.22,30.374217,130.959968,269.94,195.22,1
523.47,47.07,195.22,30.374217,130.959968,269.94,195.22,1
523.53,47.07,195.22,30.374217,130.959968,269.94,195.22,1
523.6,47.07,195.22,30.374217,130.959968,269.94,195.22,1
523.67,47.07,195.22,30.374217,130.959968,269.94,195.22,1
523.73,47.07,195.22,30.374217,130.959968,269.94,195.22,1
523.8,47.07,195.22,30.374217,130.959968,269.94,195.22,1
523.87,47.07,195.22,30.374217,130.959968,269.94,195.22,1
523.94,47.07,195.22,30.374217,130.959968,269.94,195.22,1
524.0,47.07,195.22,30.374217,130.959968,269.94,195.22,1
524.07,47.07,195.22,30.374217,130.959968,269.94,195.22,1
524.14,47.07,195.22,30.374217,130.959968,269.94,195.22,1
524.21,47.07,195.22,30.374217,130.959968,269.94,195.22,1
524.27,47.07,195.22,30.374217,130.959968,269.94,195.22,1
524.35,47.07,195.22,30.374217,130.959968,269.94,195.22,1
524.41,47.07,195.22,30.374217,130.959968,269.94,195.22,1
524.48,47.07,195.22,30.374217,130.959968,269.94,195.22,1
524.54,47.07,195.22,30.374217,130.959968,269.94,195.22,1
524.61,47.07,195.22,30.374217,130.959968,269.94,195.22,1
524.68,47.07,195.22,30.374217,130.959968,269.94,195.22,1
524.74,47.07,195.22,30.374217,130.959968,269.94,195.22,1
524.81,47.07,195.22,30.374217,130.959968,269.94,195.22,1
524.88,47.07,195.22,30.374217,130.959968,269.94,195.22,1
524.94,47.07,195.22,30.374217,130.959968,269.94,195.22,1
525.01,47.07,195.22,30.374217,130.959968,269.94,195.22,1
525.08,47.07,195.22,30.374217,130.959968,269.94,195.22,1
525.14,47.07,195.22,30.374217,130.959968,269.94,195.22,1
525.21,47.07,195.22,30.374217,130.959968,269.94,195.22,1
525.27,47.07,195.22,30.374217,130.959968,269.94,195.22,1
525.34,47.07,195.22,30.374217,130.959968,269.94,195.22,1
525.41,47.07,195.22,30.374217,130.959968,269.94,195.22,1
525.47,47.07,195.22,30.374217,130.959968,269.94,195.22,1
525.54,47.07,195.22,30.374217,130.959968,269.94,195.22,1
525.61,47.07,195.22,30.374217,130.959968,269.94,195.22,1
525.67,47.07,195.22,30.374217,130.959968,269.94,195.22,1
525.74,47.07,195.22,30.374217,130.959968,269.94,195.22,1
525.8,47.07,195.22,30.374217,130.959968,269.94,195.22,1
525.87,47.07,195.22,30.374217,130.959968,269.94,195.22,1
525.94,47.07,195.22,30.374217,130.959968,269.94,195.22,1
526.0,47.07,195.22,30.374217,130.959968,269.94,195.22,1
526.07,47.07,195.22,30.374217,130.959968,269.94,195.22,1
526.14,47.07,195.22,30.374217,130.959968,269.94,195.22,1
526.2,47.07,195.22,30.374217,130.959968,269.94,195.22,1
526.27,47.07,195.22,30.374217,130.959968,269.94,195.22,1
526.34,47.07,195.22,30.374217,130.959968,269.94,195.22,1
526.4,47.07,195.22,30.374217,130.959968,269.94,195.22,1
526.47,47.07,195.22,30.374217,130.959968,269.94,195.22,1
526.54,47.07,195.22,30.374217,130.959968,269.94,195.22,1
526.6,47.07,195.22,30.374217,130.959968,269.94,195.22,1
526.67,47.07,195.22,30.374217,130.959968,269.94,195.22,1
526.73,47.07,195.22,30.374217,130.959968,269.94,195.22,1
526.8,47.07,195.22,30.374217,130.959968,269.94,195.22,1
526.87,47.07,195.22,30.374217,130.959968,269.94,195.22,1
526.93,47.07,195.22,30.374217,130.959968,269.94,195.22,1
527.0,47.07,195.22,30.374217,130.959968,269.94,195.22,1
527.07,47.07,195.22,30.374217,130.959968,269.94,195.22,1
527.13,47.07,195.22,30.374217,130.959968,269.94,195.22,1
527.2,47.07,195.22,30.374217,130.959968,269.94,195.22,1
527.27,47.07,195.22,30.374217,130.959968,269.94,195.22,1
527.33,47.07,195.22,30.374217,130.959968,269.94,195.22,1
527.4,47.07,195.22,30.374217,130.959968,269.94,195.22,1
527.47,47.07,195.22,30.374217,130.959968,269.94,195.22,1
527.53,47.07,195.22,30.374217,130.959968,269.94,195.22,1
527.6,47.07,195.22,30.374217,130.959968,269.94,195.22,1
527.67,47.07,195.22,30.374217,130.959968,269.94,195.22,1
527.73,47.07,195.22,30.374217,130.959968,269.94,195.22,1
527.8,47.07,195.22,30.374217,130.959968,269.94,195.22,1
527.87,47.07,195.22,30.374217,130.959968,269.94,195.22,1
527.93,47.07,195.22,30.374217,130.959968,269.94,195.22,1
528.0,47.07,195.22,30.374217,130.959968,269.94,195.22,1
528.07,47.07,195.22,30.374217,130.959968,269.94,195.22,1
528.13,47.07,195.22,30.374217,130.959968,269.94,195.22,1
528.2,47.07,195.22,30.374217,130.959968,269.94,195.22,1
528.27,47.07,195.22,30.374217,130.959968,269.94,195.22,1
528.33,47.07,195.22,30.374217,130.959968,269.94,195.22,1
528.4,47.07,195.22,30.374217,130.959968,269.94,195.22,1
528.47,47.07,195.22,30.374217,130.959968,269.94,195.22,1
528.53,47.07,195.22,30.374217,130.959968,269.94,195.22,1
528.6,47.07,195.22,30.374217,130.959968,269.94,195.22,1
528.67,47.07,195.22,30.374217,130.959968,269.94,195.22,1
528.74,47.07,195.22,30.374217,130.959968,269.94,195.22,1
528.8,47.07,195.22,30.374217,130.959968,269.94,195.22,1
528.87,47.07,195.22,30.374217,130.959968,269.94,195.22,1
528.94,47.07,195.22,30.374217,130.959968,269.94,195.22,1
529.0,47.07,195.22,30.374217,130.959968,269.94,195.22,1
529.07,47.07,195.22,30.374217,130.959968,269.94,195.22,1
529.14,47.07,195.22,30.374217,130.959968,269.94,195.22,1
529.2,47.07,195.22,30.374217,130.959968,269.94,195.22,1
529.27,47.07,195.22,30.374217,130.959968,269.94,195.22,1
529.34,47.07,195.22,30.374217,130.959968,269.94,195.22,1
529.4,47.07,195.22,30.374217,130.959968,269.94,195.22,1
529.47,47.07,195.22,30.374217,130.959968,269.94,195.22,1
529.54,47.07,195.22,30.374217,130.959968,269.94,195.22,1
529.6,47.07,195.22,30.374217,130.959968,269.94,195.22,1
529.67,47.07,195.22,30.374217,130.959968,269.94,195.22,1
529.74,47.07,195.22,30.374217,130.959968,269.94,195.22,1
529.81,47.07,195.22,30.374217,130.959968,269.94,195.22,1
529.87,47.07,195.22,30.374217,130.959968,269.94,195.22,1
529.94,47.07,195.22,30.374217,130.959968,269.94,195.22,1
530.01,47.07,195.22,30.374217,130.959968,269.94,195.22,1
530.07,47.07,195.22,30.374217,130.959968,269.94,195.22,1
530.14,47.07,195.22,30.374217,130.959968,269.94,195.22,1
530.21,47.07,195.22,30.374217,130.959968,269.94,195.22,1
530.27,47.07,195.22,30.374217,130.959968,269.94,195.22,1
530.34,47.07,195.22,30.374217,130.959968,269.94,195.22,1
530.41,47.07,195.22,30.374217,130.959968,269.94,195.22,1
530.47,47.07,195.22,30.374217,130.959968,269.94,195.22,1
530.54,47.07,195.22,30.374217,130.959968,269.94,195.22,1
530.61,47.07,195.22,30.374217,130.959968,269.94,195.22,1
530.68,47.07,195.22,30.374217,130.959968,269.94,195.22,1
530.74,47.07,195.22,30.374217,130.959968,269.94,195.22,1
530.81,47.07,195.22,30.374217,130.959968,269.94,195.22,1
530.88,47.07,195.22,30.374217,130.959968,269.94,195.22,1
530.94,47.07,195.22,30.374217,130.959968,269.94,195.22,1
531.01,47.07,195.22,30.374217,130.959968,269.94,195.22,1
531.09,47.07,195.22,30.374217,130.959968,269.94,195.22,1
531.15,47.07,195.22,30.374217,130.959968,269.94,195.22,1
531.22,47.07,195.22,30.374217,130.959968,269.94,195.22,1
531.29,47.07,195.22,30.374217,130.959968,269.94,195.22,1
531.35,47.07,195.22,30.374217,130.959968,269.94,269.94,1
531.42,47.03,195.03,30.374217,130.959968,269.94,195.03,1
531.48,47.03,195.03,30.374217,130.959968,269.94,195.03,1
531.55,47.03,195.03,30.374217,130.959968,269.94,195.03,1
531.62,47.03,195.03,30.374217,130.959968,269.94,195.03,1
531.68,47.03,195.03,30.374217,130.959968,269.94,195.03,1
531.75,47.03,195.03,30.374217,130.959968,269.94,195.03,1
531.82,47.03,195.03,30.374217,130.959968,269.94,195.03,1
531.88,47.03,195.03,30.374217,130.959968,269.94,195.03,1
531.95,47.03,195.03,30.374217,130.959968,269.94,195.03,1
532.01,47.03,195.03,30.374217,130.959968,269.94,195.03,1
532.08,47.03,195.03,30.374217,130.959968,269.94,195.03,1
532.15,47.03,195.03,30.374217,130.959968,269.94,195.03,1
532.21,47.03,195.03,30.374217,130.959968,269.94,195.03,1
532.28,47.03,195.03,30.374217,130.959968,269.94,195.03,1
532.35,47.03,195.03,30.374217,130.959968,269.94,195.03,1
532.41,47.07,195.22,30.374217,130.959968,269.94,195.22,1
532.48,47.07,195.22,30.374217,130.959968,269.94,195.22,1
532.54,47.07,195.22,30.374217,130.959968,269.94,195.22,1
532.61,47.07,195.22,30.374217,130.959968,269.94,195.22,1
532.68,47.07,195.22,30.374217,130.959968,269.94,195.22,1
532.75,47.07,195.22,30.374217,130.959968,269.94,195.22,1
532.81,47.07,195.22,30.374217,130.959968,269.94,195.22,1
532.88,47.07,195.22,30.374217,130.959968,269.94,195.22,1
532.94,47.07,195.22,30.374217,130.959968,269.94,195.22,1
533.01,47.07,195.22,30.374217,130.959968,269.94,195.22,1
533.08,47.07,195.22,30.374217,130.959968,269.94,195.22,1
533.14,47.07,195.22,30.374217,130.959968,269.94,195.22,1
533.21,47.07,195.22,30.374217,130.959968,269.94,195.22,1
533.28,47.07,195.22,30.374217,130.959968,269.94,195.22,1
533.34,47.07,195.22,30.374217,130.959968,269.94,195.22,1
533.41,47.07,195.22,30.374217,130.959968,269.94,195.22,1
533.48,47.03,195.03,30.374217,130.959968,269.94,195.03,1
533.54,47.03,195.03,30.374217,130.959968,269.94,195.03,1
533.61,47.03,195.03,30.374217,130.959968,269.94,195.03,1
533.68,47.03,195.03,30.374217,130.959968,269.94,195.03,1
533.74,47.03,195.03,30.374217,130.959968,269.94,195.03,1
533.81,47.03,195.03,30.374217,130.959968,269.94,195.03,1
533.88,47.03,195.03,30.374217,130.959968,269.94,195.03,1
533.94,47.03,195.03,30.374217,130.959968,269.94,195.03,1
534.01,47.03,195.03,30.374217,130.959968,269.94,195.03,1
534.08,47.03,195.03,30.374217,130.959968,269.94,195.03,1
534.14,47.03,195.03,30.374217,130.959968,269.94,195.03,1
534.21,47.03,195.03,30.374217,130.959968,269.94,195.03,1
534.28,47.03,195.03,30.374217,130.959968,269.94,195.03,1
534.34,47.03,195.03,30.374217,130.959968,269.94,195.03,1
534.41,47.03,195.03,30.374217,130.959968,269.94,195.03,1
534.48,47.07,195.22,30.374217,130.959968,269.94,195.22,1
534.54,47.07,195.22,30.374217,130.959968,269.94,195.22,1
534.61,47.07,195.22,30.374217,130.959968,269.94,195.22,1
534.68,47.07,195.22,30.374217,130.959968,269.94,195.22,1
534.74,47.07,195.22,30.374217,130.959968,269.94,195.22,1
534.81,47.07,195.22,30.374217,130.959968,269.94,195.22,1
534.88,47.07,195.22,30.374217,130.959968,269.94,195.22,1
534.94,47.07,195.22,30.374217,130.959968,269.94,195.22,1
535.01,47.07,195.22,30.374217,130.959968,269.94,195.22,1
535.08,47.07,195.22,30.374217,130.959968,269.94,195.22,1
535.14,47.07,195.22,30.374217,130.959968,269.94,195.22,1
535.21,47.07,195.22,30.374217,130.959968,269.94,195.22,1
535.27,47.07,195.22,30.374217,130.959968,269.94,195.22,1
535.34,47.07,195.22,30.374217,130.959968,269.94,195.22,1
535.41,47.07,195.22,30.374217,130.959968,269.94,195.22,1
535.47,47.03,195.03,30.374217,130.959968,269.94,195.03,1
535.54,47.03,195.03,30.374217,130.959968,269.94,195.03,1
535.61,47.03,195.03,30.374217,130.959968,269.94,195.03,1
535.68,47.03,195.03,30.374217,130.959968,269.94,195.03,1
535.74,47.03,195.03,30.374217,130.959968,269.94,195.03,1
535.81,47.03,195.03,30.374217,130.959968,269.94,195.03,1
535.88,47.03,195.03,30.374217,130.959968,269.94,195.03,1
535.94,47.03,195.03,30.374217,130.959968,269.94,195.03,1
536.01,47.03,195.03,30.374217,130.959968,269.94,195.03,1
536.08,47.03,195.03,30.374217,130.959968,269.94,195.03,1
536.14,47.03,195.03,30.374217,130.959968,269.94,195.03,1
536.21,47.03,195.03,30.374217,130.959968,269.94,195.03,1
536.28,47.03,195.03,30.374217,130.959968,269.94,195.03,1
536.35,47.03,195.03,30.374217,130.959968,269.94,195.03,1
536.41,47.03,195.03,30.374217,130.959968,269.94,195.03,1
536.48,47.07,195.22,30.374217,130.959968,269.94,195.22,1
536.55,47.07,195.22,30.374217,130.959968,269.94,195.22,1
536.61,47.07,195.22,30.374217,130.959968,269.94,195.22,1
536.68,47.07,195.22,30.374217,130.959968,269.94,195.22,1
536.75,47.07,195.22,30.374217,130.959968,269.94,195.22,1
536.82,47.07,195.22,30.374217,130.959968,269.94,195.22,1
536.88,47.07,195.22,30.374217,130.959968,269.94,195.22,1
536.95,47.07,195.22,30.374217,130.959968,269.94,195.22,1
537.02,47.07,195.22,30.374217,130.959968,269.94,195.22,1
537.08,47.07,195.22,30.374217,130.959968,269.94,195.22,1
537.15,47.07,195.22,30.374217,130.959968,269.94,195.22,1
537.22,47.07,195.22,30.374217,130.959968,269.94,195.22,1
537.28,47.07,195.22,30.374217,130.959968,269.94,195.22,1
537.35,47.07,195.22,30.374217,130.959968,269.94,195.22,1
537.42,47.07,195.22,30.374217,130.959968,269.94,195.22,1
537.49,46.89,195.28,30.374217,130.959968,269.94,195.28,1
537.56,46.89,195.28,30.374217,130.959968,269.94,195.28,1
537.63,46.89,195.28,30.374217,130.959968,269.94,195.28,1
537.69,46.89,195.28,30.374217,130.959968,269.94,195.28,1
537.76,46.89,195.28,30.374217,130.959968,269.94,195.28,1
537.82,46.89,195.28,30.374217,130.959968,269.94,195.28,1
537.89,46.89,195.28,30.374217,130.959968,269.94,195.28,1
537.96,46.89,195.28,30.374217,130.959968,269.94,195.28,1
538.02,46.89,195.28,30.374217,130.959968,269.94,195.28,1
538.09,46.89,195.28,30.374217,130.959968,269.94,195.28,1
538.15,46.89,195.28,30.374217,130.959968,269.94,195.28,1
538.22,46.89,195.28,30.374217,130.959968,269.94,195.28,1
538.29,46.89,195.28,30.374217,130.959968,269.94,195.28,1
538.35,47.07,195.22,30.374217,130.959968,269.94,195.22,1
538.42,47.07,195.22,30.374217,130.959968,269.94,195.22,1
538.49,47.07,195.22,30.374217,130.959968,269.94,195.22,1
538.55,47.07,195.22,30.374217,130.959968,269.94,195.22,1
538.62,47.07,195.22,30.374217,130.959968,269.94,195.22,1
538.69,47.07,195.22,30.374217,130.959968,269.94,195.22,1
538.75,47.07,195.22,30.374217,130.959968,269.94,195.22,1
538.82,47.07,195.22,30.374217,130.959968,269.94,195.22,1
538.88,47.07,195.22,30.374217,130.959968,269.94,195.22,1
538.95,47.07,195.22,30.374217,130.959968,269.94,195.22,1
539.02,47.07,195.22,30.374217,130.959968,269.94,195.22,1
539.08,47.07,195.22,30.374217,130.959968,269.94,195.22,1
539.15,47.07,195.22,30.374217,130.959968,269.94,195.22,1
539.22,47.07,195.22,30.374217,130.959968,269.94,195.22,1
539.28,47.07,195.22,30.374217,130.959968,269.94,195.22,1
539.35,47.07,195.22,30.374217,130.959968,269.94,195.22,1
539.41,47.07,195.22,30.374217,130.959968,269.94,195.22,1
539.48,47.07,195.22,30.374217,130.959968,269.94,195.22,1
539.55,47.07,195.22,30.374217,130.959968,269.94,195.22,1
539.62,47.07,195.22,30.374217,130.959968,269.94,195.22,1
539.68,47.07,195.22,30.374217,130.959968,269.94,195.22,1
539.75,47.07,195.22,30.374217,130.959968,269.94,195.22,1
539.81,47.07,195.22,30.374217,130.959968,269.94,195.22,1
539.88,47.07,195.22,30.374217,130.959968,269.94,195.22,1
539.95,47.07,195.22,30.374217,130.959968,269.94,195.22,1
540.01,47.07,195.22,30.374217,130.959968,269.94,195.22,1
540.08,47.07,195.22,30.374217,130.959968,269.94,195.22,1
540.15,47.07,195.22,30.374217,130.959968,269.94,195.22,1
540.21,47.07,195.22,30.374217,130.959968,269.94,195.22,1
540.28,47.07,195.22,30.374217,130.959968,269.94,195.22,1
540.35,47.07,195.22,30.374217,130.959968,269.94,195.22,1
540.41,47.07,195.22,30.374217,130.959968,269.94,195.22,1
540.48,46.89,195.28,30.374217,130.959968,269.94,195.28,1
540.55,46.89,195.28,30.374217,130.959968,269.94,195.28,1
540.61,46.89,195.28,30.374217,130.959968,269.94,195.28,1
540.68,46.89,195.28,30.374217,130.959968,269.94,195.28,1
540.75,46.89,195.28,30.374217,130.959968,269.94,195.28,1
540.81,46.89,195.28,30.374217,130.959968,269.94,195.28,1
540.88,46.89,195.28,30.374217,130.959968,269.94,195.28,1
540.95,46.89,195.28,30.374217,130.959968,269.94,195.28,1
541.01,46.89,195.28,30.374217,130.959968,269.94,195.28,1
541.08,46.89,195.28,30.374217,130.959968,269.94,195.28,1
541.15,46.89,195.28,30.374217,130.959968,269.94,195.28,1
541.21,46.89,195.28,30.374217,130.959968,269.94,195.28,1
541.28,46.89,195.28,30.374217,130.959968,269.94,195.28,1
541.34,46.89,195.28,30.374217,130.959968,269.94,195.28,1
541.41,47.07,195.22,30.374217,130.959968,269.94,195.22,1
541.48,47.07,195.22,30.374217,130.959968,269.94,195.22,1
541.55,47.07,195.22,30.374217,130.959968,269.94,195.22,1
541.61,47.07,195.22,30.374217,130.959968,269.94,195.22,1
541.68,47.07,195.22,30.374217,130.959968,269.94,195.22,1
541.75,47.07,195.22,30.374217,130.959968,269.94,195.22,1
541.81,47.07,195.22,30.374217,130.959968,269.94,195.22,1
541.88,47.07,195.22,30.374217,130.959968,269.94,195.22,1
541.95,47.07,195.22,30.374217,130.959968,269.94,195.22,1
542.01,47.07,195.22,30.374217,130.959968,269.94,195.22,1
542.08,47.07,195.22,30.374217,130.959968,269.94,195.22,1
542.15,47.07,195.22,30.374217,130.959968,269.94,195.22,1
542.21,47.07,195.22,30.374217,130.959968,269.94,195.22,1
542.28,47.07,195.22,30.374217,130.959968,269.94,195.22,1
542.35,47.07,195.22,30.374217,130.959968,269.94,195.22,1
542.41,46.89,195.28,30.374217,130.959968,269.94,195.28,1
542.48,46.89,195.28,30.374217,130.959968,269.94,195.28,1
542.55,46.89,195.28,30.374217,130.959968,269.94,195.28,1
542.62,46.89,195.28,30.374217,130.959968,269.94,195.28,1
542.68,46.89,195.28,30.374217,130.959968,269.94,195.28,1
542.75,46.89,195.28,30.374217,130.959968,269.94,195.28,1
542.82,46.89,195.28,30.374217,130.959968,269.94,195.28,1
542.88,46.89,195.28,30.374217,130.959968,269.94,195.28,1
542.95,46.89,195.28,30.374217,130.959968,269.94,195.28,1
543.02,46.89,195.28,30.374217,130.959968,269.94,195.28,1
543.08,46.89,195.28,30.374217,130.959968,269.94,195.28,1
543.15,46.89,195.28,30.374217,130.959968,269.94,195.28,1
543.22,46.89,195.28,30.374217,130.959968,269.94,195.28,1
543.28,46.89,195.28,30.374217,130.959968,269.94,195.28,1
543.35,46.89,195.28,30.374217,130.959968,269.94,195.28,1
543.42,46.89,195.28,30.374217,130.959968,269.94,195.28,1
543.49,46.89,195.28,30.374217,130.959968,269.94,195.28,1
543.55,46.89,195.28,30.374217,130.959968,269.94,195.28,1
543.62,46.89,195.28,30.374217,130.959968,269.94,195.28,1
543.69,46.89,195.28,30.374217,130.959968,269.94,195.28,1
543.75,46.89,195.28,30.374217,130.959968,269.94,195.28,1
543.82,46.89,195.28,30.374217,130.959968,269.94,195.28,1
543.89,46.89,195.28,30.374217,130.959968,269.94,195.28,1
543.96,46.89,195.28,30.374217,130.959968,269.94,195.28,1
544.03,46.89,195.28,30.374217,130.959968,269.94,195.28,1
544.1,46.89,195.28,30.374217,130.959968,269.94,195.28,1
544.16,46.89,195.28,30.374217,130.959968,269.94,195.28,1
544.23,46.89,195.28,30.374217,130.959968,269.94,195.28,1
544.3,46.89,195.28,30.374217,130.959968,269.94,195.28,1
544.37,46.89,195.28,30.374217,130.959968,269.94,195.28,1
544.43,46.89,195.28,30.374217,130.959968,269.94,195.28,1
544.5,46.89,195.28,30.374217,130.959968,269.94,195.28,1
544.57,46.89,195.28,30.374217,130.959968,269.94,195.28,1
544.63,46.89,195.28,30.374217,130.959968,269.94,195.28,1
544.7,46.89,195.28,30.374217,130.959968,269.94,195.28,1
544.77,46.89,195.28,30.374217,130.959968,269.94,195.28,1
544.83,46.89,195.28,30.374217,130.959968,269.94,195.28,1
544.9,46.89,195.28,30.374217,130.959968,269.94,195.28,1
544.96,46.89,195.28,30.374217,130.959968,269.94,195.28,1
545.03,46.89,195.28,30.374217,130.959968,269.94,195.28,1
545.1,46.89,195.28,30.374217,130.959968,269.94,195.28,1
545.16,46.89,195.28,30.374217,130.959968,269.94,195.28,1
545.23,46.89,195.28,30.374217,130.959968,269.94,195.28,1
545.3,46.89,195.28,30.374217,130.959968,269.94,195.28,1
545.36,46.89,195.28,30.374217,130.959968,269.94,195.28,1
545.43,46.89,195.28,30.374217,130.959968,269.94,195.28,1
545.5,46.89,195.28,30.374217,130.959968,269.94,195.28,1
545.56,46.89,195.28,30.374217,130.959968,269.94,195.28,1
545.63,46.89,195.28,30.374217,130.959968,269.94,195.28,1
545.69,46.89,195.28,30.374217,130.959968,269.94,195.28,1
545.76,46.89,195.28,30.374217,130.959968,269.94,195.28,1
545.83,46.89,195.28,30.374217,130.959968,269.94,195.28,1
545.89,46.89,195.28,30.374217,130.959968,269.94,195.28,1
545.96,46.89,195.28,30.374217,130.959968,269.94,195.28,1
546.03,46.89,195.28,30.374217,130.959968,269.94,195.28,1
546.09,46.89,195.28,30.374217,130.959968,269.94,195.28,1
546.16,46.89,195.28,30.374217,130.959968,269.94,195.28,1
546.23,46.89,195.28,30.374217,130.959968,269.94,195.28,1
546.29,46.89,195.28,30.374217,130.959968,269.94,195.28,1
546.36,46.89,195.28,30.374217,130.959968,269.94,195.28,1
546.43,46.89,195.28,30.374217,130.959968,269.94,195.28,1
546.49,46.89,195.28,30.374217,130.959968,269.94,195.28,1
546.56,46.89,195.28,30.374217,130.959968,269.94,195.28,1
546.63,46.89,195.28,30.374217,130.959968,269.94,195.28,1
546.69,46.89,195.28,30.374217,130.959968,269.94,195.28,1
546.76,46.89,195.28,30.374217,130.959968,269.94,195.28,1
546.83,46.89,195.28,30.374217,130.959968,269.94,195.28,1
546.89,46.89,195.28,30.374217,130.959968,269.94,195.28,1
546.96,46.89,195.28,30.374217,130.959968,269.94,195.28,1
547.03,46.89,195.28,30.374217,130.959968,269.94,195.28,1
547.09,46.89,195.28,30.374217,130.959968,269.94,195.28,1
547.16,46.89,195.28,30.374217,130.959968,269.94,195.28,1
547.23,46.89,195.28,30.374217,130.959968,269.94,195.28,1
547.29,46.89,195.28,30.374217,130.959968,269.94,195.28,1
547.36,46.89,195.28,30.374217,130.959968,269.94,195.28,1
547.43,46.89,195.28,30.374217,130.959968,269.94,195.28,1
547.49,46.89,195.28,30.374217,130.959968,269.94,195.28,1
547.56,46.89,195.28,30.374217,130.959968,269.94,195.28,1
547.63,46.89,195.28,30.374217,130.959968,269.94,195.28,1
547.69,46.89,195.28,30.374217,130.959968,269.94,195.28,1
547.76,46.89,195.28,30.374217,130.959968,269.94,195.28,1
547.83,46.89,195.28,30.374217,130.959968,269.94,195.28,1
547.89,46.89,195.28,30.374217,130.959968,269.94,195.28,1
547.96,46.89,195.28,30.374217,130.959968,269.94,195.28,1
548.03,46.89,195.28,30.374217,130.959968,269.94,195.28,1
548.09,46.89,195.28,30.374217,130.959968,269.94,195.28,1
548.16,46.89,195.28,30.374217,130.959968,269.94,195.28,1
548.23,46.89,195.28,30.374217,130.959968,269.94,195.28,1
548.29,46.89,195.28,30.374217,130.959968,269.94,195.28,1
548.36,46.89,195.28,30.374217,130.959968,269.94,195.28,1
548.43,46.89,195.28,30.374217,130.959968,269.94,195.28,1
548.5,46.89,195.28,30.374217,130.959968,269.94,195.28,1
548.56,46.89,195.28,30.374217,130.959968,269.94,195.28,1
548.63,46.89,195.28,30.374217,130.959968,269.94,195.28,1
548.7,46.89,195.28,30.374217,130.959968,269.94,195.28,1
548.77,46.89,195.28,30.374217,130.959968,269.94,195.28,1
548.83,46.89,195.28,30.374217,130.959968,269.94,195.28,1
548.9,46.89,195.28,30.374217,130.959968,269.94,195.28,1
548.97,46.89,195.28,30.374217,130.959968,269.94,195.28,1
549.03,46.89,195.28,30.374217,130.959968,269.94,195.28,1
549.1,46.89,195.28,30.374217,130.959968,269.94,195.28,1
549.17,46.89,195.28,30.374217,130.959968,269.94,195.28,1
549.24,46.89,195.28,30.374217,130.959968,269.94,195.28,1
549.3,46.89,195.28,30.374217,130.959968,269.94,195.28,1
549.37,46.89,195.28,30.374217,130.959968,269.94,195.28,1
549.44,46.89,195.28,30.374217,130.959968,269.94,195.28,1
549.5,46.89,195.28,30.374217,130.959968,269.94,195.28,1
549.57,46.89,195.28,30.374217,130.959968,269.94,195.28,1
549.64,46.89,195.28,30.374217,130.959968,269.94,195.28,1
549.71,46.89,195.28,30.374217,130.959968,269.94,195.28,1
549.77,46.89,195.28,30.374217,130.959968,269.94,195.28,1
549.84,46.89,195.28,30.374217,130.959968,269.94,195.28,1
549.91,46.89,195.28,30.374217,130.959968,269.94,195.28,1
549.97,46.89,195.28,30.374217,130.959968,269.94,195.28,1
550.04,46.89,195.28,30.374217,130.959968,269.94,195.28,1
550.11,46.89,195.28,30.374217,130.959968,269.94,195.28,1
550.18,46.89,195.28,30.374217,130.959968,269.94,195.28,1
550.24,46.89,195.28,30.374217,130.959968,269.94,195.28,1
550.31,46.89,195.28,30.374217,130.959968,269.94,195.28,1
550.38,46.89,195.28,30.374217,130.959968,269.94,195.28,1
550.45,46.89,195.28,30.374217,130.959968,269.94,195.28,1
550.51,46.89,195.28,30.374217,130.959968,269.94,195.28,1
550.58,46.89,195.28,30.374217,130.959968,269.94,195.28,1
550.65,46.89,195.28,30.374217,130.959968,269.94,195.28,1
550.72,46.89,195.28,30.374217,130.959968,269.94,195.28,1
550.79,46.89,195.28,30.374217,130.959968,269.94,195.28,1
550.85,46.89,195.28,30.374217,130.959968,269.94,195.28,1
550.92,46.89,195.28,30.374217,130.959968,269.94,195.28,1
550.98,46.89,195.28,30.374217,130.959968,269.94,195.28,1
551.05,46.89,195.28,30.374217,130.959968,269.94,195.28,1
551.12,46.89,195.28,30.374217,130.959968,269.94,195.28,1
551.18,46.89,195.28,30.374217,130.959968,269.94,195.28,1
551.25,46.89,195.28,30.374217,130.959968,269.94,195.28,1
551.32,46.89,195.28,30.374217,130.959968,269.94,195.28,1
551.39,46.89,195.28,30.374217,130.959968,269.94,195.28,1
551.45,46.89,195.28,30.374217,130.959968,269.94,195.28,1
551.52,46.85,195.09,30.374217,130.959968,269.94,195.09,1
551.58,46.85,195.09,30.374217,130.959968,269.94,195.09,1
551.65,46.85,195.09,30.374217,130.959968,269.94,195.09,1
551.72,46.85,195.09,30.374217,130.959968,269.94,195.09,1
551.78,46.85,195.09,30.374217,130.959968,269.94,195.09,1
551.85,46.85,195.09,30.374217,130.959968,269.94,195.09,1
551.92,46.85,195.09,30.374217,130.959968,269.94,195.09,1
551.98,46.85,195.09,30.374217,130.959968,269.94,195.09,1
552.05,46.85,195.09,30.374217,130.959968,269.94,195.09,1
552.11,46.85,195.09,30.374217,130.959968,269.94,195.09,1
552.18,46.85,195.09,30.374217,130.959968,269.94,195.09,1
552.25,46.85,195.09,30.374217,130.959968,269.94,195.09,1
552.32,46.85,195.09,30.374217,130.959968,269.94,195.09,1
552.38,46.85,195.09,30.374217,130.959968,269.94,195.09,1
552.45,46.85,195.09,30.374217,130.959968,269.94,195.09,1
552.51,46.85,195.09,30.374217,130.959968,269.94,195.09,1
552.58,46.85,195.09,30.374217,130.959968,269.94,195.09,1
552.65,46.85,195.09,30.374217,130.959968,269.94,195.09,1
552.71,46.85,195.09,30.374217,130.959968,269.94,195.09,1
552.78,46.85,195.09,30.374217,130.959968,269.94,195.09,1
552.85,46.85,195.09,30.374217,130.959968,269.94,195.09,1
552.91,46.85,195.09,30.374217,130.959968,269.94,195.09,1
552.98,46.85,195.09,30.374217,130.959968,269.94,195.09,1
553.05,46.85,195.09,30.374217,130.959968,269.94,195.09,1
553.11,46.85,195.09,30.374217,130.959968,269.94,195.09,1
553.18,46.85,195.09,30.374217,130.959968,269.94,195.09,1
553.25,46.85,195.09,30.374217,130.959968,269.94,195.09,1
553.31,46.85,195.09,30.374217,130.959968,269.94,195.09,1
553.38,46.85,195.09,30.374217,130.959968,269.94,195.09,1
553.45,46.85,195.09,30.374217,130.959968,269.94,195.09,1
553.51,46.85,195.09,30.374217,130.959968,269.94,195.09,1
553.58,46.85,195.09,30.374217,130.959968,269.94,195.09,1
553.64,46.85,195.09,30.374217,130.959968,269.94,195.09,1
553.71,46.85,195.09,30.374217,130.959968,269.94,195.09,1
553.78,46.85,195.09,30.374217,130.959968,269.94,195.09,1
553.84,46.85,195.09,30.374217,130.959968,269.94,195.09,1
553.91,46.85,195.09,30.374217,130.959968,269.94,195.09,1
553.98,46.85,195.09,30.374217,130.959968,269.94,195.09,1
554.04,46.85,195.09,30.374217,130.959968,269.94,195.09,1
554.11,46.85,195.09,30.374217,130.959968,269.94,195.09,1
554.18,46.85,195.09,30.374217,130.959968,269.94,195.09,1
554.24,46.85,195.09,30.374217,130.959968,269.94,195.09,1
554.31,46.85,195.09,30.374217,130.959968,269.94,195.09,1
554.38,46.85,195.09,30.374217,130.959968,269.94,195.09,1
554.44,46.85,195.09,30.374217,130.959968,269.94,195.09,1
554.51,46.85,195.09,30.374217,130.959968,269.94,195.09,1
554.58,46.85,195.09,30.374217,130.959968,269.94,195.09,1
554.64,46.85,195.09,30.374217,130.959968,269.94,195.09,1
554.71,46.85,195.09,30.374217,130.959968,269.94,195.09,1
554.78,46.85,195.09,30.374217,130.959968,269.94,195.09,1
554.84,46.85,195.09,30.374217,130.959968,269.94,195.09,1
554.91,46.85,195.09,30.374217,130.959968,269.94,195.09,1
554.97,46.85,195.09,30.374217,130.959968,269.94,195.09,1
555.04,46.85,195.09,30.374217,130.959968,269.94,195.09,1
555.11,46.85,195.09,30.374217,130.959968,269.94,195.09,1
555.18,46.85,195.09,30.374217,130.959968,269.94,195.09,1
555.24,46.85,195.09,30.374217,130.959968,269.94,195.09,1
555.31,46.85,195.09,30.374217,130.959968,269.94,195.09,1
555.38,46.85,195.09,30.374217,130.959968,269.94,195.09,1
555.44,47.03,195.03,30.374217,130.959968,269.94,195.03,1
555.51,47.03,195.03,30.374217,130.959968,269.94,195.03,1
555.58,47.03,195.03,30.374217,130.959968,269.94,195.03,1
555.64,47.03,195.03,30.374217,130.959968,269.94,195.03,1
555.71,47.03,195.03,30.374217,130.959968,269.94,195.03,1
555.78,47.03,195.03,30.374217,130.959968,269.94,195.03,1
555.84,47.03,195.03,30.374217,130.959968,269.94,195.03,1
555.91,47.03,195.03,30.374217,130.959968,269.94,195.03,1
555.98,47.03,195.03,30.374217,130.959968,269.94,195.03,1
556.04,47.03,195.03,30.374217,130.959968,269.94,195.03,1
556.11,47.03,195.03,30.374217,130.959968,269.94,195.03,1
556.18,47.03,195.03,30.374217,130.959968,269.94,195.03,1
556.24,47.03,195.03,30.374217,130.959968,269.94,195.03,1
556.31,47.03,195.03,30.374217,130.959968,269.94,195.03,1
556.38,47.03,195.03,30.374217,130.959968,269.94,195.03,1
556.44,47.03,195.03,30.374217,130.959968,269.94,195.03,1
556.51,47.03,195.03,30.374217,130.959968,269.94,195.03,1
556.58,47.03,195.03,30.374217,130.959968,269.94,195.03,1
556.64,47.03,195.03,30.374217,130.959968,269.94,195.03,1
556.71,47.03,195.03,30.374217,130.959968,269.94,195.03,1
556.78,47.03,195.03,30.374217,130.959968,269.94,195.03,1
556.84,47.03,195.03,30.374217,130.959968,269.94,195.03,1
556.91,47.03,195.03,30.374217,130.959968,269.94,195.03,1
556.98,47.03,195.03,30.374217,130.959968,269.94,195.03,1
557.05,47.03,195.03,30.374217,130.959968,269.94,195.03,1
557.11,47.03,195.03,30.374217,130.959968,269.94,195.03,1
557.18,47.03,195.03,30.374217,130.959968,269.94,195.03,1
557.25,47.03,195.03,30.374217,130.959968,269.94,195.03,1
557.31,47.03,195.03,30.374217,130.959968,269.94,195.03,1
557.38,47.03,195.03,30.374217,130.959968,269.94,195.03,1
557.45,46.89,195.28,30.374217,130.959968,269.94,195.28,1
557.52,46.89,195.28,30.374217,130.959968,269.94,195.28,1
557.59,46.89,195.28,30.374217,130.959968,269.94,195.28,1
557.65,46.89,195.28,30.374217,130.959968,269.94,195.28,1
557.72,46.89,195.28,30.374217,130.959968,269.94,195.28,1
557.78,46.89,195.28,30.374217,130.959968,269.94,195.28,1
557.85,46.89,195.28,30.374217,130.959968,269.94,195.28,1
557.92,46.89,195.28,30.374217,130.959968,269.94,195.28,1
557.98,46.89,195.28,30.374217,130.959968,269.94,195.28,1
558.05,46.89,195.28,30.374217,130.959968,269.94,195.28,1
558.12,46.89,195.28,30.374217,130.959968,269.94,195.28,1
558.18,46.89,195.28,30.374217,130.959968,269.94,195.28,1
558.25,46.89,195.28,30.374217,130.959968,269.94,195.28,1
558.31,47.07,195.22,30.374217,130.959968,269.94,195.22,1
558.38,47.07,195.22,30.374217,130.959968,269.94,195.22,1
558.45,47.07,195.22,30.374217,130.959968,269.94,195.22,1
558.51,47.07,195.22,30.374217,130.959968,269.94,195.22,1
558.58,47.07,195.22,30.374217,130.959968,269.94,195.22,1
558.65,47.07,195.22,30.374217,130.959968,269.94,195.22,1
558.71,47.07,195.22,30.374217,130.959968,269.94,195.22,1
558.78,47.07,195.22,30.374217,130.959968,269.94,195.22,1
558.85,47.07,195.22,30.374217,130.959968,269.94,195.22,1
558.92,47.07,195.22,30.374217,130.959968,269.94,195.22,1
558.99,47.07,195.22,30.374217,130.959968,269.94,195.22,1
559.05,47.07,195.22,30.374217,130.959968,269.94,195.22,1
559.12,47.07,195.22,30.374217,130.959968,269.94,195.22,1
559.18,47.07,195.22,30.374217,130.959968,269.94,195.22,1
559.25,47.07,195.22,30.374217,130.959968,269.94,195.22,1
559.32,47.07,195.22,30.374217,130.959968,269.94,195.22,1
559.38,47.07,195.22,30.374217,130.959968,269.94,195.22,1
559.45,47.07,195.22,30.374217,130.959968,269.94,195.22,1
559.52,47.07,195.22,30.374217,130.959968,269.94,195.22,1
559.58,47.07,195.22,30.374217,130.959968,269.94,195.22,1
559.65,47.07,195.22,30.374217,130.959968,269.94,195.22,1
559.72,47.07,195.22,30.374217,130.959968,269.94,195.22,1
559.78,47.07,195.22,30.374217,130.959968,269.94,195.22,1
559.85,47.07,195.22,30.374217,130.959968,269.94,195.22,1
559.91,47.07,195.22,30.374217,130.959968,269.94,195.22,1
559.98,47.07,195.22,30.374217,130.959968,269.94,195.22,1
560.05,47.07,195.22,30.374217,130.959968,269.94,195.22,1
560.11,47.07,195.22,30.374217,130.959968,269.94,195.22,1
560.18,47.07,195.22,30.374217,130.959968,269.94,195.22,1
560.25,47.07,195.22,30.374217,130.959968,269.94,195.22,1
560.31,47.07,195.22,30.374217,130.959968,269.94,195.22,1
560.38,47.07,195.22,30.374217,130.959968,269.94,195.22,1
560.45,47.07,195.22,30.374217,130.959968,269.94,195.22,1
560.51,47.07,195.22,30.374217,130.959968,269.94,195.22,1
560.58,47.07,195.22,30.374217,130.959968,269.94,195.22,1
560.65,47.07,195.22,30.374217,130.959968,269.94,195.22,1
560.71,47.07,195.22,30.374217,130.959968,269.94,195.22,1
560.78,47.07,195.22,30.374217,130.959968,269.94,195.22,1
560.84,47.07,195.22,30.374217,130.959968,269.94,195.22,1
560.91,47.07,195.22,30.374217,130.959968,269.94,195.22,1
560.98,47.07,195.22,30.374217,130.959968,269.94,195.22,1
561.04,47.07,195.22,30.374217,130.959968,269.94,195.22,1
561.11,47.07,195.22,30.374217,130.959968,269.94,195.22,1
561.18,47.07,195.22,30.374217,130.959968,269.94,195.22,1
561.24,47.07,195.22,30.374217,130.959968,269.94,195.22,1
561.31,47.07,195.22,30.374217,130.959968,269.94,195.22,1
561.38,47.07,195.22,30.374217,130.959968,269.94,195.22,1
561.44,47.07,195.22,30.374217,130.959968,269.94,195.22,1
561.51,47.07,195.22,30.374217,130.959968,269.94,195.22,1
561.58,47.07,195.22,30.374217,130.959968,269.94,195.22,1
561.64,47.07,195.22,30.374217,130.959968,269.94,195.22,1
561.71,47.07,195.22,30.374217,130.959968,269.94,195.22,1
561.77,47.07,195.22,30.374217,130.959968,269.94,195.22,1
561.84,47.07,195.22,30.374217,130.959968,269.94,195.22,1
561.91,47.07,195.22,30.374217,130.959968,269.94,195.22,1
561.97,47.07,195.22,30.374217,130.959968,269.94,195.22,1
562.04,47.07,195.22,30.374217,130.959968,269.94,195.22,1
562.11,47.07,195.22,30.374217,130.959968,269.94,195.22,1
562.17,47.07,195.22,30.374217,130.959968,269.94,195.22,1
562.24,47.07,195.22,30.374217,130.959968,269.94,195.22,1
562.31,47.07,195.22,30.374217,130.959968,269.94,195.22,1
562.37,47.07,195.22,30.374217,130.959968,269.94,195.22,1
562.44,46.89,195.28,30.374217,130.959968,269.94,195.28,1
562.51,46.89,195.28,30.374217,130.959968,269.94,195.28,1
562.57,46.89,195.28,30.374217,130.959968,269.94,195.28,1
562.64,46.89,195.28,30.374217,130.959968,269.94,195.28,1
562.71,46.89,195.28,30.374217,130.959968,269.94,195.28,1
562.77,46.89,195.28,30.374217,130.959968,269.94,195.28,1
562.84,46.89,195.28,30.374217,130.959968,269.94,195.28,1
562.91,46.89,195.28,30.374217,130.959968,269.94,195.28,1
562.97,46.89,195.28,30.374217,130.959968,269.94,195.28,1
563.04,46.89,195.28,30.374217,130.959968,269.94,195.28,1
563.11,46.89,195.28,30.374217,130.959968,269.94,195.28,1
563.17,46.89,195.28,30.374217,130.959968,269.94,195.28,1
563.24,46.89,195.28,30.374217,130.959968,269.94,195.28,1
563.31,46.89,195.28,30.374217,130.959968,269.94,195.28,1
563.38,46.89,195.28,30.374217,130.959968,269.94,195.28,1
563.44,46.89,195.28,30.374217,130.959968,269.94,195.28,1
563.51,46.89,195.28,30.374217,130.959968,269.94,195.28,1
563.58,46.89,195.28,30.374217,130.959968,269.94,195.28,1
563.64,46.89,195.28,30.374217,130.959968,269.94,195.28,1
563.71,46.89,195.28,30.374217,130.959968,269.94,195.28,1
563.78,46.89,195.28,30.374217,130.959968,269.94,195.28,1
563.84,46.89,195.28,30.374217,130.959968,269.94,195.28,1
563.91,46.89,195.28,30.374217,130.959968,269.94,195.28,1
563.98,46.89,195.28,30.374217,130.959968,269.94,195.28,1
564.04,46.89,195.28,30.374217,130.959968,269.94,195.28,1
564.11,46.89,195.28,30.374217,130.959968,269.94,195.28,1
564.18,46.89,195.28,30.374217,130.959968,269.94,195.28,1
564.25,46.89,195.28,30.374217,130.959968,269.94,195.28,1
564.31,46.89,195.28,30.374217,130.959968,269.94,195.28,1
564.38,46.89,195.28,30.374217,130.959968,269.94,195.28,1
564.45,46.89,195.28,30.374217,130.959968,269.94,195.28,1
564.51,46.89,195.28,30.374217,130.959968,269.94,195.28,1
564.58,46.89,195.28,30.374217,130.959968,269.94,195.28,1
564.65,46.89,195.28,30.374217,130.959968,269.94,195.28,1
564.71,46.89,195.28,30.374217,130.959968,269.94,195.28,1
564.78,46.89,195.28,30.374217,130.959968,269.94,195.28,1
564.85,46.89,195.28,30.374217,130.959968,269.94,195.28,1
564.92,46.89,195.28,30.374217,130.959968,269.94,195.28,1
564.98,46.89,195.28,30.374217,130.959968,269.94,195.28,1
565.05,46.89,195.28,30.374217,130.959968,269.94,195.28,1
565.12,46.89,195.28,30.374217,130.959968,269.94,195.28,1
565.18,46.89,195.28,30.374217,130.959968,269.94,195.28,1
565.25,46.89,195.28,30.374217,130.959968,269.94,195.28,1
565.32,46.89,195.28,30.374217,130.959968,269.94,195.28,1
565.38,46.89,195.28,30.374217,130.959968,269.94,195.28,1
565.46,46.89,195.28,30.374217,130.959968,269.94,195.28,1
565.52,46.89,195.28,30.374217,130.959968,269.94,195.28,1
565.59,46.89,195.28,30.374217,130.959968,269.94,195.28,1
565.66,46.89,195.28,30.374217,130.959968,269.94,195.28,1
565.72,46.89,195.28,30.374217,130.959968,269.94,195.28,1
565.79,46.89,195.28,30.374217,130.959968,269.94,195.28,1
565.85,46.89,195.28,30.374217,130.959968,269.94,195.28,1
565.92,46.89,195.28,30.374217,130.959968,269.94,195.28,1
565.99,46.89,195.28,30.374217,130.959968,269.94,195.28,1
566.05,46.89,195.28,30.374217,130.959968,269.94,195.28,1
566.12,46.89,195.28,30.374217,130.959968,269.94,195.28,1
566.19,46.89,195.28,30.374217,130.959968,269.94,195.28,1
566.25,46.89,195.28,30.374217,130.959968,269.94,195.28,1
566.32,46.89,195.28,30.374217,130.959968,269.94,195.28,1
566.38,46.89,195.28,30.374217,130.959968,269.94,195.28,1
566.45,46.89,195.28,30.374217,130.959968,269.94,195.28,1
566.52,46.89,195.28,30.374217,130.959968,269.94,195.28,1
566.58,46.89,195.28,30.374217,130.959968,269.94,195.28,1
566.65,46.89,195.28,30.374217,130.959968,269.94,195.28,1
566.72,46.89,195.28,30.374217,130.959968,269.94,195.28,1
566.78,46.89,195.28,30.374217,130.959968,269.94,195.28,1
566.85,46.89,195.28,30.374217,130.959968,269.94,195.28,1
566.91,46.89,195.28,30.374217,130.959968,269.94,195.28,1
566.98,46.89,195.28,30.374217,130.959968,269.94,195.28,1
567.05,46.89,195.28,30.374217,130.959968,269.94,195.28,1
567.11,46.89,195.28,30.374217,130.959968,269.94,195.28,1
567.18,46.89,195.28,30.374217,130.959968,269.94,195.28,1
567.25,46.89,195.28,30.374217,130.959968,269.94,195.28,1
567.31,46.89,195.28,30.374217,130.959968,269.94,195.28,1
567.38,46.89,195.28,30.374217,130.959968,269.94,195.28,1
567.45,46.89,195.28,30.374217,130.959968,269.94,195.28,1
567.51,46.89,195.28,30.374217,130.959968,269.94,195.28,1
567.58,46.89,195.28,30.374217,130.959968,269.94,195.28,1
567.64,46.89,195.28,30.374217,130.959968,269.94,195.28,1
567.71,46.89,195.28,30.374217,130.959968,269.94,195.28,1
567.78,46.89,195.28,30.374217,130.959968,269.94,195.28,1
567.84,46.89,195.28,30.374217,130.959968,269.94,195.28,1
567.91,46.89,195.28,30.374217,130.959968,269.94,195.28,1
567.98,46.89,195.28,30.374217,130.959968,269.94,195.28,1
568.04,46.89,195.28,30.374217,130.959968,269.94,195.28,1
568.11,46.89,195.28,30.374217,130.959968,269.94,195.28,1
568.18,46.89,195.28,30.374217,130.959968,269.94,195.28,1
568.24,46.89,195.28,30.374217,130.959968,269.94,195.28,1
568.31,46.89,195.28,30.374217,130.959968,269.94,195.28,1
568.38,46.89,195.28,30.374217,130.959968,269.94,195.28,1
568.44,46.89,195.28,30.374217,130.959968,269.94,195.28,1
568.51,46.89,195.28,30.374217,130.959968,269.94,195.28,1
568.58,46.89,195.28,30.374217,130.959968,269.94,195.28,1
568.64,46.89,195.28,30.374217,130.959968,269.94,195.28,1
568.71,46.89,195.28,30.374217,130.959968,269.94,195.28,1
568.78,46.89,195.28,30.374217,130.959968,269.94,195.28,1
568.84,46.89,195.28,30.374217,130.959968,269.94,195.28,1
568.91,46.89,195.28,30.374217,130.959968,269.94,195.28,1
568.98,46.89,195.28,30.374217,130.959968,269.94,195.28,1
569.04,46.89,195.28,30.374217,130.959968,269.94,195.28,1
569.11,46.89,195.28,30.374217,130.959968,269.94,195.28,1
569.18,46.89,195.28,30.374217,130.959968,269.94,195.28,1
569.24,46.89,195.28,30.374217,130.959968,269.94,195.28,1
569.31,46.89,195.28,30.374217,130.959968,269.94,195.28,1
569.38,46.89,195.28,30.374217,130.959968,269.94,195.28,1
569.44,46.89,195.28,30.374217,130.959968,269.94,195.28,1
569.51,46.89,195.28,30.374217,130.959968,269.94,195.28,1
569.58,46.89,195.28,30.374217,130.959968,269.94,195.28,1
569.65,46.89,195.28,30.374217,130.959968,269.94,195.28,1
569.71,46.89,195.28,30.374217,130.959968,269.94,195.28,1
569.78,46.89,195.28,30.374217,130.959968,269.94,195.28,1
569.85,46.89,195.28,30.374217,130.959968,269.94,195.28,1
569.91,46.89,195.28,30.374217,130.959968,269.94,195.28,1
569.98,46.89,195.28,30.374217,130.959968,269.94,195.28,1
570.05,46.89,195.28,30.374217,130.959968,269.94,195.28,1
570.11,46.89,195.28,30.374217,130.959968,269.94,195.28,1
570.18,46.89,195.28,30.374217,130.959968,269.94,195.28,1
570.25,46.89,195.28,30.374217,130.959968,269.94,195.28,1
570.31,46.89,195.28,30.374217,130.959968,269.94,195.28,1
570.38,46.89,195.28,30.374217,130.959968,269.94,195.28,1
570.45,46.89,195.28,30.374217,130.959968,269.94,195.28,1
570.51,46.89,195.28,30.374217,130.959968,269.94,195.28,1
570.58,46.89,195.28,30.374217,130.959968,269.94,195.28,1
570.65,46.89,195.28,30.374217,130.959968,269.94,195.28,1
570.71,46.89,195.28,30.374217,130.959968,269.94,195.28,1
570.78,46.89,195.28,30.374217,130.959968,269.94,195.28,1
570.85,46.89,195.28,30.374217,130.959968,269.94,195.28,1
570.92,46.89,195.28,30.374217,130.959968,269.94,195.28,1
570.98,46.89,195.28,30.374217,130.959968,269.94,195.28,1
571.05,46.89,195.28,30.374217,130.959968,269.94,195.28,1
571.12,46.89,195.28,30.374217,130.959968,269.94,195.28,1
571.18,46.89,195.28,30.374217,130.959968,269.94,195.28,1
571.25,46.89,195.28,30.374217,130.959968,269.94,195.28,1
571.32,46.89,195.28,30.374217,130.959968,269.94,195.28,1
571.39,46.89,195.28,30.374217,130.959968,269.94,195.28,1
571.45,46.89,195.28,30.374217,130.959968,269.94,195.28,1
571.52,46.89,195.28,30.374217,130.959968,269.94,195.28,1
571.59,46.89,195.28,30.374217,130.959968,269.94,195.28,1
571.65,46.89,195.28,30.374217,130.959968,269.94,195.28,1
571.72,46.89,195.28,30.374217,130.959968,269.94,195.28,1
571.79,46.89,195.28,30.374217,130.959968,269.94,195.28,1
571.86,46.89,195.28,30.374217,130.959968,269.94,195.28,1
571.92,46.89,195.28,30.374217,130.959968,269.94,195.28,1
572.0,46.89,195.28,30.374217,130.959968,269.94,195.28,1
572.07,46.89,195.28,30.374217,130.959968,269.94,195.28,1
572.13,46.89,195.28,30.374217,130.959968,269.94,195.28,1
572.2,46.89,195.28,30.374217,130.959968,269.94,195.28,1
572.26,46.89,195.28,30.374217,130.959968,269.94,195.28,1
572.33,46.89,195.28,30.374217,130.959968,269.94,195.28,1
572.4,46.89,195.28,30.374217,130.959968,269.94,195.28,1
572.46,46.89,195.28,30.374217,130.959968,269.94,195.28,1
572.53,46.89,195.28,30.374217,130.959968,269.94,195.28,1
572.59,46.89,195.28,30.374217,130.959968,269.94,195.28,1
572.66,46.89,195.28,30.374217,130.959968,269.94,195.28,1
572.73,46.89,195.28,30.374217,130.959968,269.94,195.28,1
572.79,46.89,195.28,30.374217,130.959968,269.94,195.28,1
572.86,46.89,195.28,30.374217,130.959968,269.94,195.28,1
572.93,46.89,195.28,30.374217,130.959968,269.94,195.28,1
572.99,46.89,195.28,30.374217,130.959968,269.94,195.28,1
573.06,46.89,195.28,30.374217,130.959968,269.94,195.28,1
573.13,46.89,195.28,30.374217,130.959968,269.94,195.28,1
573.19,46.89,195.28,30.374217,130.959968,269.94,195.28,1
573.26,46.89,195.28,30.374217,130.959968,269.94,195.28,1
573.32,46.89,195.28,30.374217,130.959968,269.94,195.28,1
573.39,46.89,195.28,30.374217,130.959968,269.94,195.28,1
573.46,46.89,195.28,30.374217,130.959968,269.94,195.28,1
573.52,46.89,195.28,30.374217,130.959968,269.94,195.28,1
573.59,46.89,195.28,30.374217,130.959968,269.94,195.28,1
573.66,46.89,195.28,30.374217,130.959968,269.94,195.28,1
573.72,46.89,195.28,30.374217,130.959968,269.94,195.28,1
573.79,46.89,195.28,30.374217,130.959968,269.94,195.28,1
573.85,46.89,195.28,30.374217,130.959968,269.94,195.28,1
573.92,46.89,195.28,30.374217,130.959968,269.94,195.28,1
573.99,46.89,195.28,30.374217,130.959968,269.94,195.28,1
574.06,46.89,195.28,30.374217,130.959968,269.94,195.28,1
574.12,46.89,195.28,30.374217,130.959968,269.94,195.28,1
574.19,46.89,195.28,30.374217,130.959968,269.94,195.28,1
574.26,46.89,195.28,30.374217,130.959968,269.94,195.28,1
574.32,46.89,195.28,30.374217,130.959968,269.94,195.28,1
574.39,46.89,195.28,30.374217,130.959968,269.94,195.28,1
574.46,46.89,195.28,30.374217,130.959968,269.94,195.28,1
574.52,46.89,195.28,30.374217,130.959968,269.94,195.28,1
574.59,46.89,195.28,30.374217,130.959968,269.94,195.28,1
574.66,46.89,195.28,30.374217,130.959968,269.94,195.28,1
574.72,46.89,195.28,30.374217,130.959968,269.94,195.28,1
574.79,46.89,195.28,30.374217,130.959968,269.94,195.28,1
574.86,46.89,195.28,30.374217,130.959968,269.94,195.28,1
574.92,46.89,195.28,30.374217,130.959968,269.94,195.28,1
574.99,46.89,195.28,30.374217,130.959968,269.94,195.28,1
575.06,46.89,195.28,30.374217,130.959968,269.94,195.28,1
575.12,46.89,195.28,30.374217,130.959968,269.94,195.28,1
575.19,46.89,195.28,30.374217,130.959968,269.94,195.28,1
575.26,46.89,195.28,30.374217,130.959968,269.94,195.28,1
575.32,46.89,195.28,30.374217,130.959968,269.94,195.28,1
575.39,46.89,195.28,30.374217,130.959968,269.94,195.28,1
575.46,46.89,195.28,30.374217,130.959968,269.94,195.28,1
575.52,46.89,195.28,30.374217,130.959968,269.94,195.28,1
575.59,46.89,195.28,30.374217,130.959968,269.94,195.28,1
575.66,46.89,195.28,30.374217,130.959968,269.94,195.28,1
575.72,46.89,195.28,30.374217,130.959968,269.94,195.28,1
575.79,46.89,195.28,30.374217,130.959968,269.94,195.28,1
575.86,46.89,195.28,30.374217,130.959968,269.94,195.28,1
575.92,46.89,195.28,30.374217,130.959968,269.94,195.28,1
575.99,46.89,195.28,30.374217,130.959968,269.94,195.28,1
576.06,46.89,195.28,30.374217,130.959968,269.94,195.28,1
576.12,46.89,195.28,30.374217,130.959968,269.94,195.28,1
576.19,46.89,195.28,30.374217,130.959968,269.94,195.28,1
576.26,46.89,195.28,30.374217,130.959968,269.94,195.28,1
576.32,46.89,195.28,30.374217,130.959968,269.94,195.28,1
576.39,46.89,195.28,30.374217,130.959968,269.94,195.28,1
576.46,46.89,195.28,30.374217,130.959968,269.94,195.28,1
576.52,46.89,195.28,30.374217,130.959968,269.94,195.28,1
576.59,46.89,195.28,30.374217,130.959968,269.94,195.28,1
576.66,46.89,195.28,30.374217,130.959968,269.94,195.28,1
576.72,46.89,195.28,30.374217,130.959968,269.94,195.28,1
576.79,46.89,195.28,30.374217,130.959968,269.94,195.28,1
576.86,46.89,195.28,30.374217,130.959968,269.94,195.28,1
576.92,46.89,195.28,30.374217,130.959968,269.94,195.28,1
576.99,46.89,195.28,30.374217,130.959968,269.94,195.28,1
577.06,46.89,195.28,30.374217,130.959968,269.94,195.28,1
577.12,46.89,195.28,30.374217,130.959968,269.94,195.28,1
577.19,46.89,195.28,30.374217,130.959968,269.94,195.28,1
577.26,46.89,195.28,30.374217,130.959968,269.94,195.28,1
577.33,46.89,195.28,30.374217,130.959968,269.94,195.28,1
577.39,46.89,195.28,30.374217,130.959968,269.94,195.28,1
577.46,46.89,195.28,30.374217,130.959968,269.94,195.28,1
577.53,46.89,195.28,30.374217,130.959968,269.94,195.28,1
577.6,46.89,195.28,30.374217,130.959968,269.94,195.28,1
577.66,46.89,195.28,30.374217,130.959968,269.94,195.28,1
577.73,46.89,195.28,30.374217,130.959968,269.94,195.28,1
577.8,46.89,195.28,30.374217,130.959968,269.94,195.28,1
577.86,46.89,195.28,30.374217,130.959968,269.94,195.28,1
577.93,46.89,195.28,30.374217,130.959968,269.94,195.28,1
578.0,46.89,195.28,30.374217,130.959968,269.94,195.28,1
578.06,46.89,195.28,30.374217,130.959968,269.94,195.28,1
578.13,46.89,195.28,30.374217,130.959968,269.94,195.28,1
578.19,46.89,195.28,30.374217,130.959968,269.94,195.28,1
578.26,46.89,195.28,30.374217,130.959968,269.94,195.28,1
578.33,46.89,195.28,30.374217,130.959968,269.94,195.28,1
578.39,46.89,195.28,30.374217,130.959968,269.94,195.28,1
578.46,46.89,195.28,30.374217,130.959968,269.94,195.28,1
578.53,46.89,195.28,30.374217,130.959968,269.94,195.28,1
578.59,46.89,195.28,30.374217,130.959968,269.94,195.28,1
578.66,46.89,195.28,30.374217,130.959968,269.94,195.28,1
578.73,46.89,195.28,30.374217,130.959968,269.94,195.28,1
578.8,46.89,195.28,30.374217,130.959968,269.94,195.28,1
578.86,46.89,195.28,30.374217,130.959968,269.94,195.28,1
578.93,46.89,195.28,30.374217,130.959968,269.94,195.28,1
578.99,46.89,195.28,30.374217,130.959968,269.94,195.28,1
579.06,46.89,195.28,30.374217,130.959968,269.94,195.28,1
579.13,46.89,195.28,30.374217,130.959968,269.94,195.28,1
579.19,46.89,195.28,30.374217,130.959968,269.94,195.28,1
579.26,46.89,195.28,30.374217,130.959968,269.94,195.28,1
579.32,46.89,195.28,30.374217,130.959968,269.94,195.28,1
579.39,46.93,195.47,30.374217,130.959968,269.94,195.47,1
579.46,46.93,195.47,30.374217,130.959968,269.94,195.47,1
579.52,46.93,195.47,30.374217,130.959968,269.94,195.47,1
579.59,46.93,195.47,30.374217,130.959968,269.94,195.47,1
579.65,46.93,195.47,30.374217,130.959968,269.94,195.47,1
579.72,46.93,195.47,30.374217,130.959968,269.94,195.47,1
579.79,46.93,195.47,30.374217,130.959968,269.94,195.47,1
579.85,46.93,195.47,30.374217,130.959968,269.94,195.47,1
579.92,46.93,195.47,30.374217,130.959968,269.94,195.47,1
579.98,46.93,195.47,30.374217,130.959968,269.94,195.47,1
580.05,46.93,195.47,30.374217,130.959968,269.94,195.47,1
580.11,46.93,195.47,30.374217,130.959968,269.94,195.47,1
580.18,46.93,195.47,30.374217,130.959968,269.94,195.47,1
580.24,46.93,195.47,30.374217,130.959968,269.94,195.47,1
580.31,46.93,195.47,30.374217,130.959968,269.94,195.47,1
580.38,46.93,195.47,30.374217,130.959968,269.94,195.47,1
580.44,46.93,195.47,30.374217,130.959968,269.94,195.47,1
580.51,46.93,195.47,30.374217,130.959968,269.94,195.47,1
580.57,46.93,195.47,30.374217,130.959968,269.94,195.47,1
580.64,46.93,195.47,30.374217,130.959968,269.94,195.47,1
580.71,46.93,195.47,30.374217,130.959968,269.94,195.47,1
580.77,46.93,195.47,30.374217,130.959968,269.94,195.47,1
580.84,46.93,195.47,30.374217,130.959968,269.94,195.47,1
580.9,46.93,195.47,30.374217,130.959968,269.94,195.47,1
580.97,46.93,195.47,30.374217,130.959968,269.94,195.47,1
581.03,46.93,195.47,30.374217,130.959968,269.94,195.47,1
581.1,46.93,195.47,30.374217,130.959968,269.94,195.47,1
581.17,46.93,195.47,30.374217,130.959968,269.94,195.47,1
581.23,46.93,195.47,30.374217,130.959968,269.94,195.47,1
581.3,46.93,195.47,30.374217,130.959968,269.94,195.47,1
581.36,46.93,195.47,30.374217,130.959968,269.94,195.47,1
581.43,46.93,195.47,30.374217,130.959968,269.94,195.47,1
581.5,46.93,195.47,30.374217,130.959968,269.94,195.47,1
581.56,46.93,195.47,30.374217,130.959968,269.94,195.47,1
581.63,46.93,195.47,30.374217,130.959968,269.94,195.47,1
581.7,46.93,195.47,30.374217,130.959968,269.94,195.47,1
581.76,46.93,195.47,30.374217,130.959968,269.94,195.47,1
581.83,46.93,195.47,30.374217,130.959968,269.94,195.47,1
581.89,46.93,195.47,30.374217,130.959968,269.94,195.47,1
581.96,46.93,195.47,30.374217,130.959968,269.94,195.47,1
582.03,46.93,195.47,30.374217,130.959968,269.94,195.47,1
582.09,46.93,195.47,30.374217,130.959968,269.94,195.47,1
582.16,46.93,195.47,30.374217,130.959968,269.94,195.47,1
582.22,46.93,195.47,30.374217,130.959968,269.94,195.47,1
582.29,46.93,195.47,30.374217,130.959968,269.94,195.47,1
582.35,46.93,195.47,30.374217,130.959968,269.94,195.47,1
582.42,46.93,195.47,30.374217,130.959968,269.94,195.47,1
582.49,46.93,195.47,30.374217,130.959968,269.94,195.47,1
582.56,46.93,195.47,30.374217,130.959968,269.94,195.47,1
582.62,46.93,195.47,30.374217,130.959968,269.94,195.47,1
582.69,46.93,195.47,30.374217,130.959968,269.94,195.47,1
582.76,46.93,195.47,30.374217,130.959968,269.94,195.47,1
582.82,46.93,195.47,30.374217,130.959968,269.94,195.47,1
582.89,46.93,195.47,30.374217,130.959968,269.94,195.47,1
582.96,46.93,195.47,30.374217,130.959968,269.94,195.47,1
583.02,46.93,195.47,30.374217,130.959968,269.94,195.47,1
583.09,46.93,195.47,30.374217,130.959968,269.94,195.47,1
583.16,46.93,195.47,30.374217,130.959968,269.94,195.47,1
583.22,46.93,195.47,30.374217,130.959968,269.94,195.47,1
583.29,46.93,195.47,30.374217,130.959968,269.94,195.47,1
583.36,46.93,195.47,30.374217,130.959968,269.94,195.47,1
583.42,46.93,195.47,30.374217,130.959968,269.94,195.47,1
583.49,46.93,195.47,30.374217,130.959968,269.94,195.47,1
583.56,46.93,195.47,30.374217,130.959968,269.94,195.47,1
583.62,46.93,195.47,30.374217,130.959968,269.94,195.47,1
583.69,46.93,195.47,30.374217,130.959968,269.94,195.47,1
583.76,46.93,195.47,30.374217,130.959968,269.94,195.47,1
583.83,46.93,195.47,30.374217,130.959968,269.94,195.47,1
583.89,46.93,195.47,30.374217,130.959968,269.94,195.47,1
583.96,46.93,195.47,30.374217,130.959968,269.94,195.47,1
584.03,46.93,195.47,30.374217,130.959968,269.94,195.47,1
584.09,46.93,195.47,30.374217,130.959968,269.94,195.47,1
584.16,46.93,195.47,30.374217,130.959968,269.94,195.47,1
584.23,46.93,195.47,30.374217,130.959968,269.94,195.47,1
584.29,46.93,195.47,30.374217,130.959968,269.94,195.47,1
584.36,46.93,195.47,30.374217,130.959968,269.94,195.47,1
584.43,46.93,195.47,30.374217,130.959968,269.94,195.47,1
584.49,46.93,195.47,30.374217,130.959968,269.94,195.47,1
584.56,46.93,195.47,30.374217,130.959968,269.94,195.47,1
584.63,46.93,195.47,30.374217,130.959968,269.94,195.47,1
584.69,46.93,195.47,30.374217,130.959968,269.94,195.47,1
584.76,46.93,195.47,30.374217,130.959968,269.94,195.47,1
584.83,46.93,195.47,30.374217,130.959968,269.94,195.47,1
584.9,46.93,195.47,30.374217,130.959968,269.94,195.47,1
584.96,46.93,195.47,30.374217,130.959968,269.94,195.47,1
585.03,46.93,195.47,30.374217,130.959968,269.94,195.47,1
585.1,46.93,195.47,30.374217,130.959968,269.94,195.47,1
585.16,46.93,195.47,30.374217,130.959968,269.94,195.47,1
585.23,46.93,195.47,30.374217,130.959968,269.94,195.47,1
585.3,46.93,195.47,30.374217,130.959968,269.94,195.47,1
585.37,46.93,195.47,30.374217,130.959968,269.94,195.47,1
585.44,46.93,195.47,30.374217,130.959968,269.94,195.47,1
585.51,46.93,195.47,30.374217,130.959968,269.94,195.47,1
585.57,46.93,195.47,30.374217,130.959968,269.94,195.47,1
585.64,46.93,195.47,30.374217,130.959968,269.94,195.47,1
585.7,46.93,195.47,30.374217,130.959968,269.94,195.47,1
585.77,46.93,195.47,30.374217,130.959968,269.94,195.47,1
585.84,46.93,195.47,30.374217,130.959968,269.94,195.47,1
585.9,46.93,195.47,30.374217,130.959968,269.94,195.47,1
585.97,46.93,195.47,30.374217,130.959968,269.94,195.47,1
586.04,46.93,195.47,30.374217,130.959968,269.94,195.47,1
586.1,46.93,195.47,30.374217,130.959968,269.94,195.47,1
586.17,46.93,195.47,30.374217,130.959968,269.94,195.47,1
586.24,46.93,195.47,30.374217,130.959968,269.94,195.47,1
586.3,46.93,195.47,30.374217,130.959968,269.94,195.47,1
586.37,46.93,195.47,30.374217,130.959968,269.94,195.47,1
586.44,46.93,195.47,30.374217,130.959968,269.94,195.47,1
586.5,46.93,195.47,30.374217,130.959968,269.94,195.47,1
586.57,46.93,195.47,30.374217,130.959968,269.94,195.47,1
586.63,46.93,195.47,30.374217,130.959968,269.94,195.47,1
586.7,46.93,195.47,30.374217,130.959968,269.94,195.47,1
586.77,46.93,195.47,30.374217,130.959968,269.94,195.47,1
586.83,46.93,195.47,30.374217,130.959968,269.94,195.47,1
586.9,46.93,195.47,30.374217,130.959968,269.94,195.47,1
586.97,46.93,195.47,30.374217,130.959968,269.94,195.47,1
587.03,46.93,195.47,30.374217,130.959968,269.94,195.47,1
587.1,46.93,195.47,30.374217,130.959968,269.94,195.47,1
587.17,46.93,195.47,30.374217,130.959968,269.94,195.47,1
587.23,46.93,195.47,30.374217,130.959968,269.94,195.47,1
587.3,46.93,195.47,30.374217,130.959968,269.94,195.47,1
587.37,46.93,195.47,30.374217,130.959968,269.94,195.47,1
587.43,46.93,195.47,30.374217,130.959968,269.94,195.47,1
587.5,46.93,195.47,30.374217,130.959968,269.94,195.47,1
587.57,46.93,195.47,30.374217,130.959968,269.94,195.47,1
587.63,46.93,195.47,30.374217,130.959968,269.94,195.47,1
587.7,46.93,195.47,30.374217,130.959968,269.94,195.47,1
587.77,46.93,195.47,30.374217,130.959968,269.94,195.47,1
587.83,46.93,195.47,30.374217,130.959968,269.94,195.47,1
587.9,46.93,195.47,30.374217,130.959968,269.94,195.47,1
587.97,46.93,195.47,30.374217,130.959968,269.94,195.47,1
588.03,46.93,195.47,30.374217,130.959968,269.94,195.47,1
588.1,46.93,195.47,30.374217,130.959968,269.94,195.47,1
588.16,46.93,195.47,30.374217,130.959968,269.94,195.47,1
588.23,46.93,195.47,30.374217,130.959968,269.94,195.47,1
588.3,46.93,195.47,30.374217,130.959968,269.94,195.47,1
588.37,46.93,195.47,30.374217,130.959968,269.94,195.47,1
588.43,46.93,195.47,30.374217,130.959968,269.94,195.47,1
588.5,46.93,195.47,30.374217,130.959968,269.94,195.47,1
588.57,46.93,195.47,30.374217,130.959968,269.94,195.47,1
588.63,46.93,195.47,30.374217,130.959968,269.94,195.47,1
588.7,46.93,195.47,30.374217,130.959968,269.94,195.47,1
588.76,46.93,195.47,30.374217,130.959968,269.94,195.47,1
588.83,46.93,195.47,30.374217,130.959968,269.94,195.47,1
588.9,46.93,195.47,30.374217,130.959968,269.94,195.47,1
588.96,46.93,195.47,30.374217,130.959968,269.94,195.47,1
589.03,46.93,195.47,30.374217,130.959968,269.94,195.47,1
589.1,46.93,195.47,30.374217,130.959968,269.94,195.47,1
589.16,46.93,195.47,30.374217,130.959968,269.94,195.47,1
589.23,46.93,195.47,30.374217,130.959968,269.94,195.47,1
589.3,46.93,195.47,30.374217,130.959968,269.94,195.47,1
589.36,46.93,195.47,30.374217,130.959968,269.94,195.47,1
589.43,46.93,195.47,30.374217,130.959968,269.94,195.47,1
589.5,46.93,195.47,30.374217,130.959968,269.94,195.47,1
589.57,46.93,195.47,30.374217,130.959968,269.94,195.47,1
589.63,46.93,195.47,30.374217,130.959968,269.94,195.47,1
589.7,46.93,195.47,30.374217,130.959968,269.94,195.47,1
589.77,46.93,195.47,30.374217,130.959968,269.94,195.47,1
589.83,46.93,195.47,30.374217,130.959968,269.94,195.47,1
589.9,46.93,195.47,30.374217,130.959968,269.94,195.47,1
589.97,46.93,195.47,30.374217,130.959968,269.94,195.47,1
590.03,46.93,195.47,30.374217,130.959968,269.94,195.47,1
590.1,46.93,195.47,30.374217,130.959968,269.94,195.47,1
590.17,46.93,195.47,30.374217,130.959968,269.94,195.47,1
590.23,46.93,195.47,30.374217,130.959968,269.94,195.47,1
590.3,46.93,195.47,30.374217,130.959968,269.94,195.47,1
590.37,46.93,195.47,30.374217,130.959968,269.94,195.47,1
590.43,46.93,195.47,30.374217,130.959968,269.94,195.47,1
590.5,46.93,195.47,30.374217,130.959968,269.94,195.47,1
590.57,46.93,195.47,30.374217,130.959968,269.94,195.47,1
590.63,46.93,195.47,30.374217,130.959968,269.94,195.47,1
590.7,46.93,195.47,30.374217,130.959968,269.94,195.47,1
590.77,46.93,195.47,30.374217,130.959968,269.94,195.47,1
590.84,46.93,195.47,30.374217,130.959968,269.94,195.47,1
590.9,46.93,195.47,30.374217,130.959968,269.94,195.47,1
590.97,46.93,195.47,30.374217,130.959968,269.94,195.47,1
591.04,46.93,195.47,30.374217,130.959968,269.94,195.47,1
591.1,46.93,195.47,30.374217,130.959968,269.94,195.47,1
591.17,46.93,195.47,30.374217,130.959968,269.94,195.47,1
591.24,46.93,195.47,30.374217,130.959968,269.94,195.47,1
591.31,46.93,195.47,30.374217,130.959968,269.94,195.47,1
591.37,46.93,195.47,30.374217,130.959968,269.94,195.47,1
591.44,46.93,195.47,30.374217,130.959968,269.94,195.47,1
591.51,46.93,195.47,30.374217,130.959968,269.94,195.47,1
591.57,46.93,195.47,30.374217,130.959968,269.94,195.47,1
591.64,46.93,195.47,30.374217,130.959968,269.94,195.47,1
591.71,46.93,195.47,30.374217,130.959968,269.94,195.47,1
591.77,46.93,195.47,30.374217,130.959968,269.94,195.47,1
591.84,46.93,195.47,30.374217,130.959968,269.94,195.47,1
591.91,46.93,195.47,30.374217,130.959968,269.94,195.47,1
591.98,46.93,195.47,30.374217,130.959968,269.94,195.47,1
592.05,46.93,195.47,30.374217,130.959968,269.94,195.47,1
592.12,46.93,195.47,30.374217,130.959968,269.94,195.47,1
592.18,46.93,195.47,30.374217,130.959968,269.94,195.47,1
592.25,46.93,195.47,30.374217,130.959968,269.94,195.47,1
592.32,46.93,195.47,30.374217,130.959968,269.94,195.47,1
592.38,46.93,195.47,30.374217,130.959968,269.94,195.47,1
592.45,46.93,195.47,30.374217,130.959968,269.94,195.47,1
592.52,46.93,195.47,30.374217,130.959968,269.94,195.47,1
592.58,46.93,195.47,30.374217,130.959968,269.94,195.47,1
592.65,46.93,195.47,30.374217,130.959968,269.94,195.47,1
592.71,46.93,195.47,30.374217,130.959968,269.94,195.47,1
592.78,46.93,195.47,30.374217,130.959968,269.94,195.47,1
592.85,46.93,195.47,30.374217,130.959968,269.94,195.47,1
592.91,46.93,195.47,30.374217,130.959968,269.94,195.47,1
592.98,46.93,195.47,30.374217,130.959968,269.94,195.47,1
593.05,46.93,195.47,30.374217,130.959968,269.94,195.47,1
593.11,46.93,195.47,30.374217,130.959968,269.94,195.47,1
593.18,46.93,195.47,30.374217,130.959968,269.94,195.47,1
593.25,46.93,195.47,30.374217,130.959968,269.94,195.47,1
593.31,46.93,195.47,30.374217,130.959968,269.94,195.47,1
593.38,46.93,195.47,30.374217,130.959968,269.94,195.47,1
593.44,46.93,195.47,30.374217,130.959968,269.94,195.47,1
593.51,46.93,195.47,30.374217,130.959968,269.94,195.47,1
593.58,46.93,195.47,30.374217,130.959968,269.94,195.47,1
593.64,46.93,195.47,30.374217,130.959968,269.94,195.47,1
593.71,46.93,195.47,30.374217,130.959968,269.94,195.47,1
593.78,46.93,195.47,30.374217,130.959968,269.94,195.47,1
593.84,46.93,195.47,30.374217,130.959968,269.94,195.47,1
593.91,46.93,195.47,30.374217,130.959968,269.94,195.47,1
593.98,46.93,195.47,30.374217,130.959968,269.94,195.47,1
594.04,46.93,195.47,30.374217,130.959968,269.94,195.47,1
594.11,46.93,195.47,30.374217,130.959968,269.94,195.47,1
594.18,46.93,195.47,30.374217,130.959968,269.94,195.47,1
594.24,46.93,195.47,30.374217,130.959968,269.94,195.47,1
594.31,46.93,195.47,30.374217,130.959968,269.94,195.47,1
594.38,46.75,195.53,30.374217,130.959968,269.94,195.53,1
594.44,46.75,195.53,30.374217,130.959968,269.94,195.53,1
594.51,46.75,195.53,30.374217,130.959968,269.94,195.53,1
594.58,46.75,195.53,30.374217,130.959968,269.94,195.53,1
594.64,46.75,195.53,30.374217,130.959968,269.94,195.53,1
594.71,46.75,195.53,30.374217,130.959968,269.94,195.53,1
594.77,46.75,195.53,30.374217,130.959968,269.94,195.53,1
594.84,46.75,195.53,30.374217,130.959968,269.94,195.53,1
594.91,46.75,195.53,30.374217,130.959968,269.94,195.53,1
594.97,46.75,195.53,30.374217,130.959968,269.94,195.53,1
595.04,46.75,195.53,30.374217,130.959968,269.94,195.53,1
595.11,46.75,195.53,30.374217,130.959968,269.94,195.53,1
595.17,46.75,195.53,30.374217,130.959968,269.94,195.53,1
595.24,46.75,195.53,30.374217,130.959968,269.94,195.53,1
595.31,46.75,195.53,30.374217,130.959968,269.94,195.53,1
595.37,46.75,195.53,30.374217,130.959968,269.94,195.53,1
595.44,46.75,195.53,30.374217,130.959968,269.94,195.53,1
595.51,46.75,195.53,30.374217,130.959968,269.94,195.53,1
595.57,46.75,195.53,30.374217,130.959968,269.94,195.53,1
595.64,46.75,195.53,30.374217,130.959968,269.94,195.53,1
595.71,46.75,195.53,30.374217,130.959968,269.94,195.53,1
595.77,46.75,195.53,30.374217,130.959968,269.94,195.53,1
595.84,46.75,195.53,30.374217,130.959968,269.94,195.53,1
595.91,46.75,195.53,30.374217,130.959968,269.94,195.53,1
595.97,46.75,195.53,30.374217,130.959968,269.94,195.53,1
596.04,46.75,195.53,30.374217,130.959968,269.94,195.53,1
596.11,46.75,195.53,30.374217,130.959968,269.94,195.53,1
596.17,46.75,195.53,30.374217,130.959968,269.94,195.53,1
596.24,46.75,195.53,30.374217,130.959968,269.94,195.53,1
596.31,46.75,195.53,30.374217,130.959968,269.94,195.53,1
596.37,46.75,195.53,30.374217,130.959968,269.94,195.53,1
596.44,46.75,195.53,30.374217,130.959968,269.94,195.53,1
596.51,46.75,195.53,30.374217,130.959968,269.94,195.53,1
596.57,46.75,195.53,30.374217,130.959968,269.94,195.53,1
596.64,46.75,195.53,30.374217,130.959968,269.94,195.53,1
596.71,46.75,195.53,30.374217,130.959968,269.94,195.53,1
596.77,46.75,195.53,30.374217,130.959968,269.94,195.53,1
596.84,46.75,195.53,30.374217,130.959968,269.94,195.53,1
596.91,46.75,195.53,30.374217,130.959968,269.94,195.53,1
596.97,46.75,195.53,30.374217,130.959968,269.94,195.53,1
597.04,46.75,195.53,30.374217,130.959968,269.94,195.53,1
597.11,46.75,195.53,30.374217,130.959968,269.94,195.53,1
597.17,46.75,195.53,30.374217,130.959968,269.94,195.53,1
597.24,46.75,195.53,30.374217,130.959968,269.94,195.53,1
597.31,46.75,195.53,30.374217,130.959968,269.94,195.53,1
597.37,46.75,195.53,30.374217,130.959968,269.94,195.53,1
597.44,46.75,195.53,30.374217,130.959968,269.94,195.53,1
597.51,46.75,195.53,30.374217,130.959968,269.94,195.53,1
597.57,46.75,195.53,30.374217,130.959968,269.94,195.53,1
597.64,46.75,195.53,30.374217,130.959968,269.94,195.53,1
597.71,46.75,195.53,30.374217,130.959968,269.94,195.53,1
597.78,46.75,195.53,30.374217,130.959968,269.94,195.53,1
597.84,46.75,195.53,30.374217,130.959968,269.94,195.53,1
597.91,46.75,195.53,30.374217,130.959968,269.94,195.53,1
597.98,46.75,195.53,30.374217,130.959968,269.94,195.53,1
598.04,46.75,195.53,30.374217,130.959968,269.94,195.53,1
598.11,46.75,195.53,30.374217,130.959968,269.94,195.53,1
598.18,46.75,195.53,30.374217,130.959968,269.94,195.53,1
598.24,46.75,195.53,30.374217,130.959968,269.94,195.53,1
598.31,46.75,195.53,30.374217,130.959968,269.94,195.53,1
598.38,46.75,195.53,30.374217,130.959968,269.94,195.53,1
598.46,46.75,195.53,30.374217,130.959968,269.94,195.53,1
598.52,46.75,195.53,30.374217,130.959968,269.94,195.53,1
598.59,46.75,195.53,30.374217,130.959968,269.94,195.53,1
598.65,46.75,195.53,30.374217,130.959968,269.94,195.53,1
598.72,46.75,195.53,30.374217,130.959968,269.94,195.53,1
598.79,46.75,195.53,30.374217,130.959968,269.94,195.53,1
598.85,46.75,195.53,30.374217,130.959968,269.94,195.53,1
598.92,46.75,195.53,30.374217,130.959968,269.94,195.53,1
598.99,46.75,195.53,30.374217,130.959968,269.94,195.53,1
599.05,46.75,195.53,30.374217,130.959968,269.94,195.53,1
599.12,46.75,195.53,30.374217,130.959968,269.94,195.53,1
599.19,46.75,195.53,30.374217,130.959968,269.94,195.53,1
599.25,46.75,195.53,30.374217,130.959968,269.94,195.53,1
599.32,46.75,195.53,30.374217,130.959968,269.94,195.53,1
599.38,46.75,195.53,30.374217,130.959968,269.94,195.53,1
599.45,46.75,195.53,30.374217,130.959968,269.94,195.53,1
599.52,46.75,195.53,30.374217,130.959968,269.94,195.53,1
599.58,46.75,195.53,30.374217,130.959968,269.94,195.53,1
599.65,46.75,195.53,30.374217,130.959968,269.94,195.53,1
599.71,46.75,195.53,30.374217,130.959968,269.94,195.53,1
599.78,46.75,195.53,30.374217,130.959968,269.94,195.53,1
599.85,46.75,195.53,30.374217,130.959968,269.94,195.53,1
599.92,46.75,195.53,30.374217,130.959968,269.94,195.53,1
599.99,46.75,195.53,30.374217,130.959968,269.94,195.53,1
600.06,46.75,195.53,30.374217,130.959968,269.94,195.53,1
600.12,46.75,195.53,30.374217,130.959968,269.94,195.53,1
600.19,46.75,195.53,30.374217,130.959968,269.94,195.53,1
600.25,46.75,195.53,30.374217,130.959968,269.94,195.53,1
600.32,46.75,195.53,30.374217,130.959968,269.94,195.53,1
600.39,46.75,195.53,30.374217,130.959968,269.94,195.53,1
600.45,46.75,195.53,30.374217,130.959968,269.94,195.53,1
600.52,46.75,195.53,30.374217,130.959968,269.94,195.53,1
600.58,46.75,195.53,30.374217,130.959968,269.94,195.53,1
600.65,46.75,195.53,30.374217,130.959968,269.94,195.53,1
600.72,46.75,195.53,30.374217,130.959968,269.94,195.53,1
600.78,46.75,195.53,30.374217,130.959968,269.94,195.53,1
600.85,46.75,195.53,30.374217,130.959968,269.94,195.53,1
600.92,46.75,195.53,30.374217,130.959968,269.94,195.53,1
600.98,46.75,195.53,30.374217,130.959968,269.94,195.53,1
601.05,46.75,195.53,30.374217,130.959968,269.94,195.53,1
601.12,46.75,195.53,30.374217,130.959968,269.94,195.53,1
601.18,46.75,195.53,30.374217,130.959968,269.94,195.53,1
601.25,46.75,195.53,30.374217,130.959968,269.94,195.53,1
601.32,46.75,195.53,30.374217,130.959968,269.94,195.53,1
601.38,46.75,195.53,30.374217,130.959968,269.94,195.53,1
601.45,46.75,195.53,30.374217,130.959968,269.94,195.53,1
601.51,46.75,195.53,30.374217,130.959968,269.94,195.53,1
601.58,46.75,195.53,30.374217,130.959968,269.94,195.53,1
601.65,46.75,195.53,30.374217,130.959968,269.94,195.53,1
601.71,46.75,195.53,30.374217,130.959968,269.94,195.53,1
601.78,46.75,195.53,30.374217,130.959968,269.94,195.53,1
601.85,46.75,195.53,30.374217,130.959968,269.94,195.53,1
601.91,46.75,195.53,30.374217,130.959968,269.94,195.53,1
601.98,46.75,195.53,30.374217,130.959968,269.94,195.53,1
602.05,46.75,195.53,30.374217,130.959968,269.94,195.53,1
602.11,46.75,195.53,30.374217,130.959968,269.94,195.53,1
602.18,46.75,195.53,30.374217,130.959968,269.94,195.53,1
602.25,46.75,195.53,30.374217,130.959968,269.94,195.53,1
602.31,46.75,195.53,30.374217,130.959968,269.94,195.53,1
602.38,46.75,195.53,30.374217,130.959968,269.94,195.53,1
602.45,46.75,195.53,30.374217,130.959968,269.94,195.53,1
602.51,46.75,195.53,30.374217,130.959968,269.94,195.53,1
602.58,46.75,195.53,30.374217,130.959968,269.94,195.53,1
602.65,46.75,195.53,30.374217,130.959968,269.94,195.53,1
602.71,46.75,195.53,30.374217,130.959968,269.94,195.53,1
602.78,46.75,195.53,30.374217,130.959968,269.94,195.53,1
602.85,46.75,195.53,30.374217,130.959968,269.94,195.53,1
602.91,46.75,195.53,30.374217,130.959968,269.94,195.53,1
602.98,46.75,195.53,30.374217,130.959968,269.94,195.53,1
603.05,46.75,195.53,30.374217,130.959968,269.94,195.53,1
603.11,46.75,195.53,30.374217,130.959968,269.94,195.53,1
603.18,46.75,195.53,30.374217,130.959968,269.94,195.53,1
603.25,46.75,195.53,30.374217,130.959968,269.94,195.53,1
603.31,46.75,195.53,30.374217,130.959968,269.94,195.53,1
603.38,46.75,195.53,30.374217,130.959968,269.94,195.53,1
603.45,46.75,195.53,30.374217,130.959968,269.94,195.53,1
603.51,46.75,195.53,30.374217,130.959968,269.94,195.53,1
603.58,46.75,195.53,30.374217,130.959968,269.94,195.53,1
603.65,46.75,195.53,30.374217,130.959968,269.94,195.53,1
603.71,46.75,195.53,30.374217,130.959968,269.94,195.53,1
603.78,46.75,195.53,30.374217,130.959968,269.94,195.53,1
603.85,46.75,195.53,30.374217,130.959968,269.94,195.53,1
603.91,46.75,195.53,30.374217,130.959968,269.94,195.53,1
603.98,46.75,195.53,30.374217,130.959968,269.94,195.53,1
604.05,46.75,195.53,30.374217,130.959968,269.94,195.53,1
604.11,46.75,195.53,30.374217,130.959968,269.94,195.53,1
604.18,46.75,195.53,30.374217,130.959968,269.94,195.53,1
604.25,46.75,195.53,30.374217,130.959968,269.94,195.53,1
604.31,46.75,195.53,30.374217,130.959968,269.94,195.53,1
604.38,46.75,195.53,30.374217,130.959968,269.94,195.53,1
604.45,46.75,195.53,30.374217,130.959968,269.94,195.53,1
604.51,46.75,195.53,30.374217,130.959968,269.94,195.53,1
604.58,46.75,195.53,30.374217,130.959968,269.94,195.53,1
604.65,46.75,195.53,30.374217,130.959968,269.94,195.53,1
604.72,46.75,195.53,30.374217,130.959968,269.94,195.53,1
604.78,46.75,195.53,30.374217,130.959968,269.94,195.53,1
604.85,46.75,195.53,30.374217,130.959968,269.94,195.53,1
604.92,46.75,195.53,30.374217,130.959968,269.94,195.53,1
604.98,46.75,195.53,30.374217,130.959968,269.94,195.53,1
605.05,46.75,195.53,30.374217,130.959968,269.94,195.53,1
605.12,46.75,195.53,30.374217,130.959968,269.94,195.53,1
605.18,46.75,195.53,30.374217,130.959968,269.94,195.53,1
605.25,46.75,195.53,30.374217,130.959968,269.94,195.53,1
605.32,46.75,195.53,30.374217,130.959968,269.94,195.53,1
605.38,46.75,195.53,30.374217,130.959968,269.94,195.53,1
605.45,46.75,195.53,30.374217,130.959968,269.94,195.53,1
605.52,46.75,195.53,30.374217,130.959968,269.94,195.53,1
605.58,46.75,195.53,30.374217,130.959968,269.94,195.53,1
605.65,46.75,195.53,30.374217,130.959968,269.94,195.53,1
605.72,46.75,195.53,30.374217,130.959968,269.94,195.53,1
605.79,46.75,195.53,30.374217,130.959968,269.94,195.53,1
605.85,46.75,195.53,30.374217,130.959968,269.94,195.53,1
605.92,46.75,195.53,30.374217,130.959968,269.94,195.53,1
605.99,46.75,195.53,30.374217,130.959968,269.94,195.53,1
606.05,46.75,195.53,30.374217,130.959968,269.94,195.53,1
606.12,46.75,195.53,30.374217,130.959968,269.94,195.53,1
606.19,46.75,195.53,30.374217,130.959968,269.94,195.53,1
606.26,46.75,195.53,30.374217,130.959968,269.94,195.53,1
606.32,46.75,195.53,30.374217,130.959968,269.94,195.53,1
606.39,46.75,195.53,30.374217,130.959968,269.94,195.53,1
606.46,46.75,195.53,30.374217,130.959968,269.94,195.53,1
606.53,46.75,195.53,30.374217,130.959968,269.94,195.53,1
606.6,46.75,195.53,30.374217,130.959968,269.94,195.53,1
606.66,46.75,195.53,30.374217,130.959968,269.94,195.53,1
606.73,46.75,195.53,30.374217,130.959968,269.94,195.53,1
606.8,46.75,195.53,30.374217,130.959968,269.94,195.53,1
606.86,46.75,195.53,30.374217,130.959968,269.94,195.53,1
606.93,46.75,195.53,30.374217,130.959968,269.94,195.53,1
607.0,46.75,195.53,30.374217,130.959968,269.94,195.53,1
607.06,46.75,195.53,30.374217,130.959968,269.94,195.53,1
607.13,46.75,195.53,30.374217,130.959968,269.94,195.53,1
607.19,46.75,195.53,30.374217,130.959968,269.94,195.53,1
607.26,46.75,195.53,30.374217,130.959968,269.94,195.53,1
607.33,46.75,195.53,30.374217,130.959968,269.94,195.53,1
607.39,46.75,195.53,30.374217,130.959968,269.94,195.53,1
607.46,46.75,195.53,30.374217,130.959968,269.94,195.53,1
607.53,46.75,195.53,30.374217,130.959968,269.94,195.53,1
607.59,46.75,195.53,30.374217,130.959968,269.94,195.53,1
607.66,46.75,195.53,30.374217,130.959968,269.94,195.53,1
607.73,46.75,195.53,30.374217,130.959968,269.94,195.53,1
607.79,46.75,195.53,30.374217,130.959968,269.94,195.53,1
607.86,46.75,195.53,30.374217,130.959968,269.94,195.53,1
607.93,46.75,195.53,30.374217,130.959968,269.94,195.53,1
607.99,46.75,195.53,30.374217,130.959968,269.94,195.53,1
608.06,46.75,195.53,30.374217,130.959968,269.94,195.53,1
608.13,46.75,195.53,30.374217,130.959968,269.94,195.53,1
608.19,46.75,195.53,30.374217,130.959968,269.94,195.53,1
608.26,46.75,195.53,30.374217,130.959968,269.94,195.53,1
608.32,46.75,195.53,30.374217,130.959968,269.94,195.53,1
608.39,46.75,195.53,30.374217,130.959968,269.94,195.53,1
608.46,46.75,195.53,30.374217,130.959968,269.94,195.53,1
608.52,46.75,195.53,30.374217,130.959968,269.94,195.53,1
608.59,46.75,195.53,30.374217,130.959968,269.94,195.53,1
608.66,46.75,195.53,30.374217,130.959968,269.94,195.53,1
608.72,46.75,195.53,30.374217,130.959968,269.94,195.53,1
608.79,46.75,195.53,30.374217,130.959968,269.94,195.53,1
608.86,46.75,195.53,30.374217,130.959968,269.94,195.53,1
608.92,46.75,195.53,30.374217,130.959968,269.94,195.53,1
608.99,46.75,195.53,30.374217,130.959968,269.94,195.53,1
609.06,46.75,195.53,30.374217,130.959968,269.94,195.53,1
609.12,46.75,195.53,30.374217,130.959968,269.94,195.53,1
609.19,46.75,195.53,30.374217,130.959968,269.94,195.53,1
609.25,46.75,195.53,30.374217,130.959968,269.94,195.53,1
609.32,46.75,195.53,30.374217,130.959968,269.94,195.53,1
609.39,46.75,195.53,30.374217,130.959968,269.94,195.53,1
609.45,46.75,195.53,30.374217,130.959968,269.94,195.53,1
609.52,46.75,195.53,30.374217,130.959968,269.94,195.53,1
609.59,46.75,195.53,30.374217,130.959968,269.94,195.53,1
609.66,46.75,195.53,30.374217,130.959968,269.94,195.53,1
609.72,46.75,195.53,30.374217,130.959968,269.94,195.53,1
609.79,46.75,195.53,30.374217,130.959968,269.94,195.53,1
609.86,46.75,195.53,30.374217,130.959968,269.94,195.53,1
609.92,46.75,195.53,30.374217,130.959968,269.94,195.53,1
609.99,46.75,195.53,30.374217,130.959968,269.94,195.53,1
610.06,46.75,195.53,30.374217,130.959968,269.94,195.53,1
610.12,46.75,195.53,30.374217,130.959968,269.94,195.53,1
610.19,46.75,195.53,30.374217,130.959968,269.94,195.53,1
610.26,46.75,195.53,30.374217,130.959968,269.94,195.53,1
610.32,46.75,195.53,30.374217,130.959968,269.94,195.53,1
610.39,46.75,195.53,30.374217,130.959968,269.94,195.53,1
610.46,46.75,195.53,30.374217,130.959968,269.94,195.53,1
610.52,46.75,195.53,30.374217,130.959968,269.94,195.53,1
610.59,46.75,195.53,30.374217,130.959968,269.94,195.53,1
610.66,46.75,195.53,30.374217,130.959968,269.94,195.53,1
610.72,46.75,195.53,30.374217,130.959968,269.94,195.53,1
610.79,46.75,195.53,30.374217,130.959968,269.94,195.53,1
610.86,46.75,195.53,30.374217,130.959968,269.94,195.53,1
610.92,46.75,195.53,30.374217,130.959968,269.94,195.53,1
610.99,46.75,195.53,30.374217,130.959968,269.94,195.53,1
611.06,46.75,195.53,30.374217,130.959968,269.94,195.53,1
611.12,46.75,195.53,30.374217,130.959968,269.94,195.53,1
611.19,46.75,195.53,30.374217,130.959968,269.94,195.53,1
611.26,46.75,195.53,30.374217,130.959968,269.94,195.53,1
611.32,46.75,195.53,30.374217,130.959968,269.94,195.53,1
611.39,46.75,195.53,30.374217,130.959968,269.94,195.53,1
611.46,46.75,195.53,30.374217,130.959968,269.94,195.53,1
611.53,46.75,195.53,30.374217,130.959968,269.94,195.53,1
611.59,46.75,195.53,30.374217,130.959968,269.94,195.53,1
611.66,46.75,195.53,30.374217,130.959968,269.94,195.53,1
611.73,46.75,195.53,30.374217,130.959968,269.94,195.53,1
611.79,46.75,195.53,30.374217,130.959968,269.94,195.53,1
611.86,46.75,195.53,30.374217,130.959968,269.94,195.53,1
611.93,46.75,195.53,30.374217,130.959968,269.94,195.53,1
611.99,46.75,195.53,30.374217,130.959968,269.94,195.53,1
612.06,46.75,195.53,30.374217,130.959968,269.94,195.53,1
612.13,46.75,195.53,30.374217,130.959968,269.94,195.53,1
612.19,46.75,195.53,30.374217,130.959968,269.94,195.53,1
612.26,46.75,195.53,30.374217,130.959968,269.94,195.53,1
612.33,46.75,195.53,30.374217,130.959968,269.94,195.53,1
612.4,46.75,195.53,30.374217,130.959968,269.94,195.53,1
612.46,46.75,195.53,30.374217,130.959968,269.94,195.53,1
612.53,46.75,195.53,30.374217,130.959968,269.94,195.53,1
612.6,46.75,195.53,30.374217,130.959968,269.94,195.53,1
612.66,46.75,195.53,30.374217,130.959968,269.94,195.53,1
612.73,46.75,195.53,30.374217,130.959968,269.94,195.53,1
612.8,46.75,195.53,30.374217,130.959968,269.94,195.53,1
612.87,46.75,195.53,30.374217,130.959968,269.94,195.53,1
612.93,46.75,195.53,30.374217,130.959968,269.94,195.53,1
613.0,46.75,195.53,30.374217,130.959968,269.94,195.53,1
613.07,46.75,195.53,30.374217,130.959968,269.94,195.53,1
613.13,46.75,195.53,30.374217,130.959968,269.94,195.53,1
613.2,46.75,195.53,30.374217,130.959968,269.94,195.53,1
613.27,46.75,195.53,30.374217,130.959968,269.94,195.53,1
613.34,46.75,195.53,30.374217,130.959968,269.94,195.53,1
613.41,46.75,195.53,30.374217,130.959968,269.94,195.53,1
613.47,46.75,195.53,30.374217,130.959968,269.94,195.53,1
613.54,46.75,195.53,30.374217,130.959968,269.94,195.53,1
613.61,46.75,195.53,30.374217,130.959968,269.94,195.53,1
613.67,46.75,195.53,30.374217,130.959968,269.94,195.53,1
613.74,46.75,195.53,30.374217,130.959968,269.94,195.53,1
613.81,46.75,195.53,30.374217,130.959968,269.94,195.53,1
613.87,46.75,195.53,30.374217,130.959968,269.94,195.53,1
613.94,46.75,195.53,30.374217,130.959968,269.94,195.53,1
614.01,46.75,195.53,30.374217,130.959968,269.94,195.53,1
614.07,46.75,195.53,30.374217,130.959968,269.94,195.53,1
614.14,46.75,195.53,30.374217,130.959968,269.94,195.53,1
614.21,46.75,195.53,30.374217,130.959968,269.94,195.53,1
614.27,46.75,195.53,30.374217,130.959968,269.94,195.53,1
614.34,46.75,195.53,30.374217,130.959968,269.94,195.53,1
614.41,46.75,195.53,30.374217,130.959968,269.94,195.53,1
614.47,46.75,195.53,30.374217,130.959968,269.94,195.53,1
614.54,46.75,195.53,30.374217,130.959968,269.94,195.53,1
614.6,46.75,195.53,30.374217,130.959968,269.94,195.53,1
614.67,46.75,195.53,30.374217,130.959968,269.94,195.53,1
614.74,46.75,195.53,30.374217,130.959968,269.94,195.53,1
614.8,46.75,195.53,30.374217,130.959968,269.94,195.53,1
614.87,46.75,195.53,30.374217,130.959968,269.94,195.53,1
614.94,46.75,195.53,30.374217,130.959968,269.94,195.53,1
615.0,46.75,195.53,30.374217,130.959968,269.94,195.53,1
615.07,46.75,195.53,30.374217,130.959968,269.94,195.53,1
615.14,46.75,195.53,30.374217,130.959968,269.94,195.53,1
615.2,46.75,195.53,30.374217,130.959968,269.94,195.53,1
615.27,46.75,195.53,30.374217,130.959968,269.94,195.53,1
615.34,46.75,195.53,30.374217,130.959968,269.94,195.53,1
615.4,46.75,195.53,30.374217,130.959968,269.94,195.53,1
615.47,46.75,195.53,30.374217,130.959968,269.94,195.53,1
615.54,46.75,195.53,30.374217,130.959968,269.94,195.53,1
615.6,46.75,195.53,30.374217,130.959968,269.94,195.53,1
615.67,46.75,195.53,30.374217,130.959968,269.94,195.53,1
615.73,46.75,195.53,30.374217,130.959968,269.94,195.53,1
615.8,46.75,195.53,30.374217,130.959968,269.94,195.53,1
615.87,46.75,195.53,30.374217,130.959968,269.94,195.53,1
615.93,46.75,195.53,30.374217,130.959968,269.94,195.53,1
616.0,46.75,195.53,30.374217,130.959968,269.94,195.53,1
616.07,46.75,195.53,30.374217,130.959968,269.94,195.53,1
616.13,46.75,195.53,30.374217,130.959968,269.94,195.53,1
616.2,46.75,195.53,30.374217,130.959968,269.94,195.53,1
616.27,46.75,195.53,30.374217,130.959968,269.94,195.53,1
616.34,46.75,195.53,30.374217,130.959968,269.94,195.53,1
616.4,46.75,195.53,30.374217,130.959968,269.94,195.53,1
616.47,46.75,195.53,30.374217,130.959968,269.94,195.53,1
616.53,46.75,195.53,30.374217,130.959968,269.94,195.53,1
616.6,46.75,195.53,30.374217,130.959968,269.94,195.53,1
616.67,46.75,195.53,30.374217,130.959968,269.94,195.53,1
616.73,46.75,195.53,30.374217,130.959968,269.94,195.53,1
616.8,46.75,195.53,30.374217,130.959968,269.94,195.53,1
616.87,46.75,195.53,30.374217,130.959968,269.94,195.53,1
616.93,46.75,195.53,30.374217,130.959968,269.94,195.53,1
617.0,46.75,195.53,30.374217,130.959968,269.94,195.53,1
617.07,46.75,195.53,30.374217,130.959968,269.94,195.53,1
617.13,46.75,195.53,30.374217,130.959968,269.94,195.53,1
617.2,46.75,195.53,30.374217,130.959968,269.94,195.53,1
617.27,46.75,195.53,30.374217,130.959968,269.94,195.53,1
617.34,46.75,195.53,30.374217,130.959968,269.94,195.53,1
617.4,46.75,195.53,30.374217,130.959968,269.94,195.53,1
617.47,46.75,195.53,30.374217,130.959968,269.94,195.53,1
617.54,46.75,195.53,30.374217,130.959968,269.94,195.53,1
617.6,46.75,195.53,30.374217,130.959968,269.94,195.53,1
617.67,46.75,195.53,30.374217,130.959968,269.94,195.53,1
617.74,46.75,195.53,30.374217,130.959968,269.94,195.53,1
617.8,46.75,195.53,30.374217,130.959968,269.94,195.53,1
617.87,46.75,195.53,30.374217,130.959968,269.94,195.53,1
617.94,46.75,195.53,30.374217,130.959968,269.94,195.53,1
618.0,46.75,195.53,30.374217,130.959968,269.94,195.53,1
618.07,46.75,195.53,30.374217,130.959968,269.94,195.53,1
618.14,46.75,195.53,30.374217,130.959968,269.94,195.53,1
618.21,46.75,195.53,30.374217,130.959968,269.94,195.53,1
618.27,46.75,195.53,30.374217,130.959968,269.94,195.53,1
618.34,46.75,195.53,30.374217,130.959968,269.94,195.53,1
618.41,46.75,195.53,30.374217,130.959968,269.94,195.53,1
618.47,46.75,195.53,30.374217,130.959968,269.94,195.53,1
618.54,46.75,195.53,30.374217,130.959968,269.94,195.53,1
618.61,46.75,195.53,30.374217,130.959968,269.94,195.53,1
618.68,46.75,195.53,30.374217,130.959968,269.94,195.53,1
618.74,46.75,195.53,30.374217,130.959968,269.94,195.53,1
618.81,46.75,195.53,30.374217,130.959968,269.94,195.53,1
618.88,46.75,195.53,30.374217,130.959968,269.94,195.53,1
618.94,46.75,195.53,30.374217,130.959968,269.94,195.53,1
619.01,46.75,195.53,30.374217,130.959968,269.94,195.53,1
619.08,46.75,195.53,30.374217,130.959968,269.94,195.53,1
619.15,46.75,195.53,30.374217,130.959968,269.94,195.53,1
619.21,46.75,195.53,30.374217,130.959968,269.94,195.53,1
619.28,46.75,195.53,30.374217,130.959968,269.94,195.53,1
619.35,46.75,195.53,30.374217,130.959968,269.94,195.53,1
619.42,46.75,195.53,30.374217,130.959968,269.94,195.53,1
619.48,46.75,195.53,30.374217,130.959968,269.94,195.53,1
619.55,46.75,195.53,30.374217,130.959968,269.94,195.53,1
619.62,46.75,195.53,30.374217,130.959968,269.94,195.53,1
619.68,46.75,195.53,30.374217,130.959968,269.94,195.53,1
619.75,46.75,195.53,30.374217,130.959968,269.94,195.53,1
619.82,46.75,195.53,30.374217,130.959968,269.94,195.53,1
619.88,46.75,195.53,30.374217,130.959968,269.94,195.53,1
619.95,46.75,195.53,30.374217,130.959968,269.94,195.53,1
620.02,46.75,195.53,30.374217,130.959968,269.94,195.53,1
620.09,46.75,195.53,30.374217,130.959968,269.94,195.53,1
620.16,46.75,195.53,30.374217,130.959968,269.94,195.53,1
620.22,46.75,195.53,30.374217,130.959968,269.94,195.53,1
620.29,46.75,195.53,30.374217,130.959968,269.94,195.53,1
620.36,46.75,195.53,30.374217,130.959968,269.94,195.53,1
620.42,46.75,195.53,30.374217,130.959968,269.94,195.53,1
620.49,46.75,195.53,30.374217,130.959968,269.94,195.53,1
620.56,46.75,195.53,30.374217,130.959968,269.94,195.53,1
620.62,46.75,195.53,30.374217,130.959968,269.94,195.53,1
620.69,46.75,195.53,30.374217,130.959968,269.94,195.53,1
620.76,46.75,195.53,30.374217,130.959968,269.94,195.53,1
620.82,46.75,195.53,30.374217,130.959968,269.94,195.53,1
620.89,46.75,195.53,30.374217,130.959968,269.94,195.53,1
620.95,46.75,195.53,30.374217,130.959968,269.94,195.53,1
621.02,46.75,195.53,30.374217,130.959968,269.94,195.53,1
621.09,46.75,195.53,30.374217,130.959968,269.94,195.53,1
621.15,46.75,195.53,30.374217,130.959968,269.94,195.53,1
621.22,46.75,195.53,30.374217,130.959968,269.94,195.53,1
621.29,46.75,195.53,30.374217,130.959968,269.94,195.53,1
621.35,46.75,195.53,30.374217,130.959968,269.94,195.53,1
621.42,46.75,195.53,30.374217,130.959968,269.94,195.53,1
621.49,46.75,195.53,30.374217,130.959968,269.94,195.53,1
621.55,46.75,195.53,30.374217,130.959968,269.94,195.53,1
621.62,46.75,195.53,30.374217,130.959968,269.94,195.53,1
621.68,46.75,195.53,30.374217,130.959968,269.94,195.53,1
621.75,46.75,195.53,30.374217,130.959968,269.94,195.53,1
621.82,46.75,195.53,30.374217,130.959968,269.94,195.53,1
621.88,46.75,195.53,30.374217,130.959968,269.94,195.53,1
621.95,46.75,195.53,30.374217,130.959968,269.94,195.53,1
622.02,46.75,195.53,30.374217,130.959968,269.94,195.53,1
622.09,46.75,195.53,30.374217,130.959968,269.94,195.53,1
622.15,46.75,195.53,30.374217,130.959968,269.94,195.53,1
622.22,46.75,195.53,30.374217,130.959968,269.94,195.53,1
622.29,46.75,195.53,30.374217,130.959968,269.94,195.53,1
622.35,46.75,195.53,30.374217,130.959968,269.94,195.53,1
622.42,46.75,195.53,30.374217,130.959968,269.94,195.53,1
622.48,46.75,195.53,30.374217,130.959968,269.94,195.53,1
622.55,46.75,195.53,30.374217,130.959968,269.94,195.53,1
622.62,46.75,195.53,30.374217,130.959968,269.94,195.53,1
622.68,46.75,195.53,30.374217,130.959968,269.94,195.53,1
622.75,46.75,195.53,30.374217,130.959968,269.94,195.53,1
622.82,46.75,195.53,30.374217,130.959968,269.94,195.53,1
622.88,46.75,195.53,30.374217,130.959968,269.94,195.53,1
622.95,46.75,195.53,30.374217,130.959968,269.94,195.53,1
623.02,46.75,195.53,30.374217,130.959968,269.94,195.53,1
623.08,46.75,195.53,30.374217,130.959968,269.94,195.53,1
623.15,46.75,195.53,30.374217,130.959968,269.94,195.53,1
623.22,46.75,195.53,30.374217,130.959968,269.94,195.53,1
623.28,46.75,195.53,30.374217,130.959968,269.94,195.53,1
623.35,46.75,195.53,30.374217,130.959968,269.94,195.53,1
623.42,46.75,195.53,30.374217,130.959968,269.94,195.53,1
623.48,46.75,195.53,30.374217,130.959968,269.94,195.53,1
623.55,46.75,195.53,30.374217,130.959968,269.94,195.53,1
623.62,46.75,195.53,30.374217,130.959968,269.94,195.53,1
623.68,46.75,195.53,30.374217,130.959968,269.94,195.53,1
623.75,46.75,195.53,30.374217,130.959968,269.94,195.53,1
623.82,46.75,195.53,30.374217,130.959968,269.94,195.53,1
623.89,46.75,195.53,30.374217,130.959968,269.94,195.53,1
623.95,46.75,195.53,30.374217,130.959968,269.94,195.53,1
624.02,46.75,195.53,30.374217,130.959968,269.94,195.53,1
624.09,46.75,195.53,30.374217,130.959968,269.94,195.53,1
624.15,46.75,195.53,30.374217,130.959968,269.94,195.53,1
624.22,46.75,195.53,30.374217,130.959968,269.94,195.53,1
624.29,46.75,195.53,30.374217,130.959968,269.94,195.53,1
624.35,46.75,195.53,30.374217,130.959968,269.94,195.53,1
624.42,46.75,195.53,30.374217,130.959968,269.94,195.53,1
624.49,46.75,195.53,30.374217,130.959968,269.94,195.53,1
624.56,46.75,195.53,30.374217,130.959968,269.94,195.53,1
624.62,46.75,195.53,30.374217,130.959968,269.94,195.53,1
624.69,46.75,195.53,30.374217,130.959968,269.94,195.53,1
624.76,46.75,195.53,30.374217,130.959968,269.94,195.53,1
624.82,46.75,195.53,30.374217,130.959968,269.94,195.53,1
624.89,46.75,195.53,30.374217,130.959968,269.94,195.53,1
624.96,46.75,195.53,30.374217,130.959968,269.94,195.53,1
625.02,46.75,195.53,30.374217,130.959968,269.94,195.53,1
625.09,46.75,195.53,30.374217,130.959968,269.94,195.53,1
625.16,46.75,195.53,30.374217,130.959968,269.94,195.53,1
625.23,46.75,195.53,30.374217,130.959968,269.94,195.53,1
625.29,46.75,195.53,30.374217,130.959968,269.94,195.53,1
625.36,46.75,195.53,30.374217,130.959968,269.94,195.53,1
625.43,46.75,195.53,30.374217,130.959968,269.94,195.53,1
625.49,46.75,195.53,30.374217,130.959968,269.94,195.53,1
625.56,46.75,195.53,30.374217,130.959968,269.94,195.53,1
625.63,46.75,195.53,30.374217,130.959968,269.94,195.53,1
625.7,46.75,195.53,30.374217,130.959968,269.94,195.53,1
625.76,46.75,195.53,30.374217,130.959968,269.94,195.53,1
625.83,46.75,195.53,30.374217,130.959968,269.94,195.53,1
625.9,46.75,195.53,30.374217,130.959968,269.94,195.53,1
625.96,46.75,195.53,30.374217,130.959968,269.94,195.53,1
626.03,46.75,195.53,30.374217,130.959968,269.94,195.53,1
626.1,46.75,195.53,30.374217,130.959968,269.94,195.53,1
626.17,46.75,195.53,30.374217,130.959968,269.94,195.53,1
626.23,46.75,195.53,30.374217,130.959968,269.94,195.53,1
626.3,46.75,195.53,30.374217,130.959968,269.94,195.53,1
626.37,46.75,195.53,30.374217,130.959968,269.94,195.53,1
626.43,46.75,195.53,30.374217,130.959968,269.94,195.53,1
626.5,46.75,195.53,30.374217,130.959968,269.94,195.53,1
626.57,46.75,195.53,30.374217,130.959968,269.94,195.53,1
626.64,46.75,195.53,30.374217,130.959968,269.94,195.53,1
626.71,46.75,195.53,30.374217,130.959968,269.94,195.53,1
626.77,46.75,195.53,30.374217,130.959968,269.94,195.53,1
626.84,46.75,195.53,30.374217,130.959968,269.94,195.53,1
626.91,46.75,195.53,30.374217,130.959968,269.94,195.53,1
626.97,46.75,195.53,30.374217,130.959968,269.94,195.53,1
627.04,46.75,195.53,30.374217,130.959968,269.94,195.53,1
627.11,46.75,195.53,30.374217,130.959968,269.94,195.53,1
627.17,46.75,195.53,30.374217,130.959968,269.94,195.53,1
627.24,46.75,195.53,30.374217,130.959968,269.94,195.53,1
627.31,46.75,195.53,30.374217,130.959968,269.94,195.53,1
627.37,46.75,195.53,30.374217,130.959968,269.94,195.53,1
627.44,46.75,195.53,30.374217,130.959968,269.94,195.53,1
627.51,46.75,195.53,30.374217,130.959968,269.94,195.53,1
627.57,46.75,195.53,30.374217,130.959968,269.94,195.53,1
627.64,46.75,195.53,30.374217,130.959968,269.94,195.53,1
627.7,46.75,195.53,30.374217,130.959968,269.94,195.53,1
627.77,46.75,195.53,30.374217,130.959968,269.94,195.53,1
627.84,46.75,195.53,30.374217,130.959968,269.94,195.53,1
627.9,46.75,195.53,30.374217,130.959968,269.94,195.53,1
627.97,46.75,195.53,30.374217,130.959968,269.94,195.53,1
628.04,46.75,195.53,30.374217,130.959968,269.94,195.53,1
628.1,46.75,195.53,30.374217,130.959968,269.94,195.53,1
628.17,46.75,195.53,30.374217,130.959968,269.94,195.53,1
628.24,46.75,195.53,30.374217,130.959968,269.94,195.53,1
628.3,46.75,195.53,30.374217,130.959968,269.94,195.53,1
628.37,46.75,195.53,30.374217,130.959968,269.94,195.53,1
628.44,46.75,195.53,30.374217,130.959968,269.94,195.53,1
628.5,46.75,195.53,30.374217,130.959968,269.94,195.53,1
628.57,46.75,195.53,30.374217,130.959968,269.94,195.53,1
628.63,46.75,195.53,30.374217,130.959968,269.94,195.53,1
628.7,46.75,195.53,30.374217,130.959968,269.94,195.53,1
628.77,46.75,195.53,30.374217,130.959968,269.94,195.53,1
628.84,46.75,195.53,30.374217,130.959968,269.94,195.53,1
628.9,46.75,195.53,30.374217,130.959968,269.94,195.53,1
628.97,46.75,195.53,30.374217,130.959968,269.94,195.53,1
629.04,46.75,195.53,30.374217,130.959968,269.94,195.53,1
629.1,46.75,195.53,30.374217,130.959968,269.94,195.53,1
629.17,46.75,195.53,30.374217,130.959968,269.94,195.53,1
629.24,46.75,195.53,30.374217,130.959968,269.94,195.53,1
629.3,46.75,195.53,30.374217,130.959968,269.94,195.53,1
629.37,46.75,195.53,30.374217,130.959968,269.94,195.53,1
629.44,46.75,195.53,30.374217,130.959968,269.94,195.53,1
629.5,46.75,195.53,30.374217,130.959968,269.94,195.53,1
629.57,46.75,195.53,30.374217,130.959968,269.94,195.53,1
629.64,46.75,195.53,30.374217,130.959968,269.94,195.53,1
629.7,46.75,195.53,30.374217,130.959968,269.94,195.53,1
629.77,46.75,195.53,30.374217,130.959968,269.94,195.53,1
629.84,46.75,195.53,30.374217,130.959968,269.94,195.53,1
629.9,46.75,195.53,30.374217,130.959968,269.94,195.53,1
629.97,46.75,195.53,30.374217,130.959968,269.94,195.53,1
630.04,46.75,195.53,30.374217,130.959968,269.94,195.53,1
630.1,46.75,195.53,30.374217,130.959968,269.94,195.53,1
630.17,46.75,195.53,30.374217,130.959968,269.94,195.53,1
630.24,46.75,195.53,30.374217,130.959968,269.94,195.53,1
630.3,46.75,195.53,30.374217,130.959968,269.94,195.53,1
630.37,46.75,195.53,30.374217,130.959968,269.94,195.53,1
630.44,46.75,195.53,30.374217,130.959968,269.94,195.53,1
630.5,46.75,195.53,30.374217,130.959968,269.94,195.53,1
630.57,46.75,195.53,30.374217,130.959968,269.94,195.53,1
630.64,46.75,195.53,30.374217,130.959968,269.94,195.53,1
630.71,46.75,195.53,30.374217,130.959968,269.94,195.53,1
630.77,46.75,195.53,30.374217,130.959968,269.94,195.53,1
630.84,46.75,195.53,30.374217,130.959968,269.94,195.53,1
630.91,46.75,195.53,30.374217,130.959968,269.94,195.53,1
630.97,46.75,195.53,30.374217,130.959968,269.94,195.53,1
631.04,46.75,195.53,30.374217,130.959968,269.94,195.53,1
631.11,46.75,195.53,30.374217,130.959968,269.94,195.53,1
631.17,46.75,195.53,30.374217,130.959968,269.94,195.53,1
631.24,46.75,195.53,30.374217,130.959968,269.94,195.53,1
631.31,46.75,195.53,30.374217,130.959968,269.94,195.53,1
631.37,46.75,195.53,30.374217,130.959968,269.94,195.53,1
631.44,46.75,195.53,30.374217,130.959968,269.94,195.53,1
631.51,46.75,195.53,30.374217,130.959968,269.94,195.53,1
631.58,46.75,195.53,30.374217,130.959968,269.94,195.53,1
631.64,46.75,195.53,30.374217,130.959968,269.94,195.53,1
631.71,46.75,195.53,30.374217,130.959968,269.94,195.53,1
631.78,46.75,195.53,30.374217,130.959968,269.94,195.53,1
631.84,46.75,195.53,30.374217,130.959968,269.94,195.53,1
631.91,46.75,195.53,30.374217,130.959968,269.94,195.53,1
631.98,46.75,195.53,30.374217,130.959968,269.94,195.53,1
632.05,46.75,195.53,30.374217,130.959968,269.94,195.53,1
632.11,46.75,195.53,30.374217,130.959968,269.94,195.53,1
632.18,46.75,195.53,30.374217,130.959968,269.94,195.53,1
632.25,46.75,195.53,30.374217,130.959968,269.94,195.53,1
632.31,46.75,195.53,30.374217,130.959968,269.94,195.53,1
632.38,46.75,195.53,30.374217,130.959968,269.94,195.53,1
632.45,46.75,195.53,30.374217,130.959968,269.94,195.53,1
632.51,46.75,195.53,30.374217,130.959968,269.94,195.53,1
632.58,46.75,195.53,30.374217,130.959968,269.94,195.53,1
632.65,46.75,195.53,30.374217,130.959968,269.94,195.53,1
632.72,46.75,195.53,30.374217,130.959968,269.94,195.53,1
632.78,46.75,195.53,30.374217,130.959968,269.94,195.53,1
632.85,46.75,195.53,30.374217,130.959968,269.94,195.53,1
632.92,46.75,195.53,30.374217,130.959968,269.94,195.53,1
632.99,46.75,195.53,30.374217,130.959968,269.94,195.53,1
633.05,46.75,195.53,30.374217,130.959968,269.94,195.53,1
633.13,46.75,195.53,30.374217,130.959968,269.94,195.53,1
633.19,46.75,195.53,30.374217,130.959968,269.94,195.53,1
633.26,46.75,195.53,30.374217,130.959968,269.94,195.53,1
633.33,46.75,195.53,30.374217,130.959968,269.94,195.53,1
633.39,46.75,195.53,30.374217,130.959968,269.94,195.53,1
633.46,46.75,195.53,30.374217,130.959968,269.94,195.53,1
633.53,46.75,195.53,30.374217,130.959968,269.94,195.53,1
633.59,46.75,195.53,30.374217,130.959968,269.94,195.53,1
633.66,46.75,195.53,30.374217,130.959968,269.94,195.53,1
633.73,46.75,195.53,30.374217,130.959968,269.94,195.53,1
633.79,46.75,195.53,30.374217,130.959968,269.94,195.53,1
633.86,46.75,195.53,30.374217,130.959968,269.94,195.53,1
633.93,46.75,195.53,30.374217,130.959968,269.94,195.53,1
633.99,46.75,195.53,30.374217,130.959968,269.94,195.53,1
634.06,46.75,195.53,30.374217,130.959968,269.94,195.53,1
634.13,46.75,195.53,30.374217,130.959968,269.94,195.53,1
634.19,46.75,195.53,30.374217,130.959968,269.94,195.53,1
634.26,46.75,195.53,30.374217,130.959968,269.94,195.53,1
634.32,46.75,195.53,30.374217,130.959968,269.94,195.53,1
634.39,46.75,195.53,30.374217,130.959968,269.94,195.53,1
634.46,46.75,195.53,30.374217,130.959968,269.94,195.53,1
634.52,46.75,195.53,30.374217,130.959968,269.94,195.53,1
634.59,46.75,195.53,30.374217,130.959968,269.94,195.53,1
634.66,46.75,195.53,30.374217,130.959968,269.94,195.53,1
634.72,46.75,195.53,30.374217,130.959968,269.94,195.53,1
634.79,46.75,195.53,30.374217,130.959968,269.94,195.53,1
634.86,46.75,195.53,30.374217,130.959968,269.94,195.53,1
634.92,46.75,195.53,30.374217,130.959968,269.94,195.53,1
634.99,46.75,195.53,30.374217,130.959968,269.94,195.53,1
635.05,46.75,195.53,30.374217,130.959968,269.94,195.53,1
635.12,46.75,195.53,30.374217,130.959968,269.94,195.53,1
635.19,46.75,195.53,30.374217,130.959968,269.94,195.53,1
635.25,46.75,195.53,30.374217,130.959968,269.94,195.53,1
635.32,46.75,195.53,30.374217,130.959968,269.94,195.53,1
635.39,46.75,195.53,30.374217,130.959968,269.94,195.53,1
635.45,46.75,195.53,30.374217,130.959968,269.94,195.53,1
635.52,46.75,195.53,30.374217,130.959968,269.94,195.53,1
635.59,46.75,195.53,30.374217,130.959968,269.94,195.53,1
635.65,46.75,195.53,30.374217,130.959968,269.94,195.53,1
635.72,46.75,195.53,30.374217,130.959968,269.94,195.53,1
635.79,46.75,195.53,30.374217,130.959968,269.94,195.53,1
635.85,46.75,195.53,30.374217,130.959968,269.94,195.53,1
635.92,46.75,195.53,30.374217,130.959968,269.94,195.53,1
635.99,46.75,195.53,30.374217,130.959968,269.94,195.53,1
636.05,46.75,195.53,30.374217,130.959968,269.94,195.53,1
636.12,46.75,195.53,30.374217,130.959968,269.94,195.53,1
636.19,46.75,195.53,30.374217,130.959968,269.94,195.53,1
636.25,46.75,195.53,30.374217,130.959968,269.94,195.53,1
636.32,46.75,195.53,30.374217,130.959968,269.94,195.53,1
636.39,46.75,195.53,30.374217,130.959968,269.94,195.53,1
636.45,46.75,195.53,30.374217,130.959968,269.94,195.53,1
636.52,46.75,195.53,30.374217,130.959968,269.94,195.53,1
636.59,46.75,195.53,30.374217,130.959968,269.94,195.53,1
636.65,46.75,195.53,30.374217,130.959968,269.94,195.53,1
636.72,46.75,195.53,30.374217,130.959968,269.94,195.53,1
636.79,46.75,195.53,30.374217,130.959968,269.94,195.53,1
636.85,46.75,195.53,30.374217,130.959968,269.94,195.53,1
636.92,46.75,195.53,30.374217,130.959968,269.94,195.53,1
636.99,46.75,195.53,30.374217,130.959968,269.94,195.53,1
637.05,46.75,195.53,30.374217,130.959968,269.94,195.53,1
637.12,46.75,195.53,30.374217,130.959968,269.94,195.53,1
637.19,46.75,195.53,30.374217,130.959968,269.94,195.53,1
637.25,46.75,195.53,30.374217,130.959968,269.94,195.53,1
637.32,46.75,195.53,30.374217,130.959968,269.94,195.53,1
637.39,46.75,195.53,30.374217,130.959968,269.94,195.53,1
637.46,46.75,195.53,30.374217,130.959968,269.94,195.53,1
637.52,46.75,195.53,30.374217,130.959968,269.94,195.53,1
637.59,46.75,195.53,30.374217,130.959968,269.94,195.53,1
637.66,46.75,195.53,30.374217,130.959968,269.94,195.53,1
637.72,46.75,195.53,30.374217,130.959968,269.94,195.53,1
637.79,46.75,195.53,30.374217,130.959968,269.94,195.53,1
637.86,46.75,195.53,30.374217,130.959968,269.94,195.53,1
637.92,46.75,195.53,30.374217,130.959968,269.94,195.53,1
637.99,46.75,195.53,30.374217,130.959968,269.94,195.53,1
638.06,46.75,195.53,30.374217,130.959968,269.94,195.53,1
638.12,46.75,195.53,30.374217,130.959968,269.94,195.53,1
638.19,46.75,195.53,30.374217,130.959968,269.94,195.53,1
638.26,46.75,195.53,30.374217,130.959968,269.94,195.53,1
638.32,46.75,195.53,30.374217,130.959968,269.94,195.53,1
638.39,46.75,195.53,30.374217,130.959968,269.94,195.53,1
638.46,46.75,195.53,30.374217,130.959968,269.94,195.53,1
638.53,46.75,195.53,30.374217,130.959968,269.94,195.53,1
638.59,46.75,195.53,30.374217,130.959968,269.94,195.53,1
638.66,46.75,195.53,30.374217,130.959968,269.94,195.53,1
638.73,46.75,195.53,30.374217,130.959968,269.94,195.53,1
638.79,46.75,195.53,30.374217,130.959968,269.94,195.53,1
638.86,46.75,195.53,30.374217,130.959968,269.94,195.53,1
638.93,46.75,195.53,30.374217,130.959968,269.94,195.53,1
638.99,46.75,195.53,30.374217,130.959968,269.94,195.53,1
639.06,46.75,195.53,30.374217,130.959968,269.94,195.53,1
639.13,46.75,195.53,30.374217,130.959968,269.94,195.53,1
639.2,46.75,195.53,30.374217,130.959968,269.94,195.53,1
639.26,46.75,195.53,30.374217,130.959968,269.94,195.53,1
639.33,46.75,195.53,30.374217,130.959968,269.94,195.53,1
639.4,46.75,195.53,30.374217,130.959968,269.94,195.53,1
639.47,46.75,195.53,30.374217,130.959968,269.94,195.53,1
639.53,46.75,195.53,30.374217,130.959968,269.94,195.53,1
639.6,46.75,195.53,30.374217,130.959968,269.94,195.53,1
639.67,46.75,195.53,30.374217,130.959968,269.94,195.53,1
639.74,46.75,195.53,30.374217,130.959968,269.94,195.53,1
639.81,46.75,195.53,30.374217,130.959968,269.94,195.53,1
639.87,46.75,195.53,30.374217,130.959968,269.94,195.53,1
639.94,46.75,195.53,30.374217,130.959968,269.94,195.53,1
640.01,46.75,195.53,30.374217,130.959968,269.94,195.53,1
640.07,46.75,195.53,30.374217,130.959968,269.94,195.53,1
640.14,46.75,195.53,30.374217,130.959968,269.94,195.53,1
640.21,46.75,195.53,30.374217,130.959968,269.94,195.53,1
640.27,46.75,195.53,30.374217,130.959968,269.94,195.53,1
640.34,46.75,195.53,30.374217,130.959968,269.94,195.53,1
640.41,46.75,195.53,30.374217,130.959968,269.94,195.53,1
640.47,46.75,195.53,30.374217,130.959968,269.94,195.53,1
640.54,46.75,195.53,30.374217,130.959968,269.94,195.53,1
640.61,46.75,195.53,30.374217,130.959968,269.94,195.53,1
640.67,46.75,195.53,30.374217,130.959968,269.94,195.53,1
640.74,46.75,195.53,30.374217,130.959968,269.94,195.53,1
640.8,46.75,195.53,30.374217,130.959968,269.94,195.53,1
640.87,46.75,195.53,30.374217,130.959968,269.94,195.53,1
640.94,46.75,195.53,30.374217,130.959968,269.94,195.53,1
641.0,46.75,195.53,30.374217,130.959968,269.94,195.53,1
641.07,46.75,195.53,30.374217,130.959968,269.94,195.53,1
641.15,46.75,195.53,30.374217,130.959968,269.94,195.53,1
641.21,46.75,195.53,30.374217,130.959968,269.94,195.53,1
641.28,46.75,195.53,30.374217,130.959968,269.94,195.53,1
641.35,46.75,195.53,30.374217,130.959968,269.94,195.53,1
641.41,46.75,195.53,30.374217,130.959968,269.94,195.53,1
641.48,46.75,195.53,30.374217,130.959968,269.94,195.53,1
641.54,46.75,195.53,30.374217,130.959968,269.94,195.53,1
641.61,46.75,195.53,30.374217,130.959968,269.94,195.53,1
641.68,46.75,195.53,30.374217,130.959968,269.94,195.53,1
641.74,46.75,195.53,30.374217,130.959968,269.94,195.53,1
641.81,46.75,195.53,30.374217,130.959968,269.94,195.53,1
641.88,46.75,195.53,30.374217,130.959968,269.94,195.53,1
641.94,46.75,195.53,30.374217,130.959968,269.94,195.53,1
642.01,46.75,195.53,30.374217,130.959968,269.94,195.53,1
642.07,46.75,195.53,30.374217,130.959968,269.94,195.53,1
642.14,46.75,195.53,30.374217,130.959968,269.94,195.53,1
642.21,46.75,195.53,30.374217,130.959968,269.94,195.53,1
642.27,46.75,195.53,30.374217,130.959968,269.94,195.53,1
642.34,46.75,195.53,30.374217,130.959968,269.94,195.53,1
642.41,46.75,195.53,30.374217,130.959968,269.94,195.53,1
642.47,46.75,195.53,30.374217,130.959968,269.94,195.53,1
642.54,46.75,195.53,30.374217,130.959968,269.94,195.53,1
642.61,46.75,195.53,30.374217,130.959968,269.94,195.53,1
642.67,46.75,195.53,30.374217,130.959968,269.94,195.53,1
642.74,46.75,195.53,30.374217,130.959968,269.94,195.53,1
642.8,46.75,195.53,30.374217,130.959968,269.94,195.53,1
642.87,46.75,195.53,30.374217,130.959968,269.94,195.53,1
642.94,46.75,195.53,30.374217,130.959968,269.94,195.53,1
643.0,46.75,195.53,30.374217,130.959968,269.94,195.53,1
643.07,46.75,195.53,30.374217,130.959968,269.94,195.53,1
643.14,46.75,195.53,30.374217,130.959968,269.94,195.53,1
643.2,46.75,195.53,30.374217,130.959968,269.94,195.53,1
643.27,46.75,195.53,30.374217,130.959968,269.94,195.53,1
643.34,46.75,195.53,30.374217,130.959968,269.94,195.53,1
643.4,46.75,195.53,30.374217,130.959968,269.94,195.53,1
643.47,46.75,195.53,30.374217,130.959968,269.94,195.53,1
643.54,46.75,195.53,30.374217,130.959968,269.94,195.53,1
643.6,46.75,195.53,30.374217,130.959968,269.94,195.53,1
643.67,46.75,195.53,30.374217,130.959968,269.94,195.53,1
643.74,46.75,195.53,30.374217,130.959968,269.94,195.53,1
643.8,46.75,195.53,30.374217,130.959968,269.94,195.53,1
643.87,46.75,195.53,30.374217,130.959968,269.94,195.53,1
643.94,46.75,195.53,30.374217,130.959968,269.94,195.53,1
644.0,46.75,195.53,30.374217,130.959968,269.94,195.53,1
644.07,46.75,195.53,30.374217,130.959968,269.94,195.53,1
644.14,46.75,195.53,30.374217,130.959968,269.94,195.53,1
644.21,46.75,195.53,30.374217,130.959968,269.94,195.53,1
644.27,46.75,195.53,30.374217,130.959968,269.94,195.53,1
644.34,46.75,195.53,30.374217,130.959968,269.94,195.53,1
644.41,46.75,195.53,30.374217,130.959968,269.94,195.53,1
644.47,46.75,195.53,30.374217,130.959968,269.94,195.53,1
644.54,46.75,195.53,30.374217,130.959968,269.94,195.53,1
644.61,46.75,195.53,30.374217,130.959968,269.94,195.53,1
644.67,46.75,195.53,30.374217,130.959968,269.94,195.53,1
644.74,46.75,195.53,30.374217,130.959968,269.94,195.53,1
644.81,46.75,195.53,30.374217,130.959968,269.94,195.53,1
644.87,46.75,195.53,30.374217,130.959968,269.94,195.53,1
644.94,46.75,195.53,30.374217,130.959968,269.94,195.53,1
645.01,46.75,195.53,30.374217,130.959968,269.94,195.53,1
645.08,46.75,195.53,30.374217,130.959968,269.94,195.53,1
645.14,46.75,195.53,30.374217,130.959968,269.94,195.53,1
645.21,46.75,195.53,30.374217,130.959968,269.94,195.53,1
645.28,46.75,195.53,30.374217,130.959968,269.94,195.53,1
645.34,46.75,195.53,30.374217,130.959968,269.94,195.53,1
645.41,46.75,195.53,30.374217,130.959968,269.94,195.53,1
645.48,46.75,195.53,30.374217,130.959968,269.94,195.53,1
645.54,46.75,195.53,30.374217,130.959968,269.94,195.53,1
645.61,46.75,195.53,30.374217,130.959968,269.94,195.53,1
645.68,46.75,195.53,30.374217,130.959968,269.94,195.53,1
645.74,46.75,195.53,30.374217,130.959968,269.94,195.53,1
645.81,46.75,195.53,30.374217,130.959968,269.94,195.53,1
645.88,46.75,195.53,30.374217,130.959968,269.94,195.53,1
645.94,46.75,195.53,30.374217,130.959968,269.94,195.53,1
646.01,46.75,195.53,30.374217,130.959968,269.94,195.53,1
646.08,46.75,195.53,30.374217,130.959968,269.94,195.53,1
646.15,46.75,195.53,30.374217,130.959968,269.94,195.53,1
646.21,46.75,195.53,30.374217,130.959968,269.94,195.53,1
646.28,46.75,195.53,30.374217,130.959968,269.94,195.53,1
646.35,46.75,195.53,30.374217,130.959968,269.94,195.53,1
646.41,46.75,195.53,30.374217,130.959968,269.94,195.53,1
646.48,46.75,195.53,30.374217,130.959968,269.94,195.53,1
646.55,46.75,195.53,30.374217,130.959968,269.94,195.53,1
646.61,46.75,195.53,30.374217,130.959968,269.94,195.53,1
646.68,46.75,195.53,30.374217,130.959968,269.94,195.53,1
646.75,46.75,195.53,30.374217,130.959968,269.94,195.53,1
646.82,46.75,195.53,30.374217,130.959968,269.94,195.53,1
646.88,46.75,195.53,30.374217,130.959968,269.94,195.53,1
646.95,46.75,195.53,30.374217,130.959968,269.94,195.53,1
647.02,46.75,195.53,30.374217,130.959968,269.94,195.53,1
647.09,46.75,195.53,30.374217,130.959968,269.94,195.53,1
647.15,46.75,195.53,30.374217,130.959968,269.94,195.53,1
647.22,46.75,195.53,30.374217,130.959968,269.94,195.53,1
647.29,46.75,195.53,30.374217,130.959968,269.94,195.53,1
647.35,46.75,195.53,30.374217,130.959968,269.94,195.53,1
647.42,46.75,195.53,30.374217,130.959968,269.94,195.53,1
647.49,46.75,195.53,30.374217,130.959968,269.94,195.53,1
647.55,46.75,195.53,30.374217,130.959968,269.94,195.53,1
647.62,46.75,195.53,30.374217,130.959968,269.94,195.53,1
647.69,46.75,195.53,30.374217,130.959968,269.94,195.53,1
647.76,46.75,195.53,30.374217,130.959968,269.94,195.53,1
647.83,46.75,195.53,30.374217,130.959968,269.94,195.53,1
647.89,46.75,195.53,30.374217,130.959968,269.94,195.53,1
647.96,46.75,195.53,30.374217,130.959968,269.94,195.53,1
648.03,46.75,195.53,30.374217,130.959968,269.94,195.53,1
648.09,46.75,195.53,30.374217,130.959968,269.94,195.53,1
648.16,46.75,195.53,30.374217,130.959968,269.94,195.53,1
648.23,46.75,195.53,30.374217,130.959968,269.94,195.53,1
648.29,46.75,195.53,30.374217,130.959968,269.94,195.53,1
648.36,46.75,195.53,30.374217,130.959968,269.94,195.53,1
648.42,46.75,195.53,30.374217,130.959968,269.94,195.53,1
648.49,46.75,195.53,30.374217,130.959968,269.94,195.53,1
648.56,46.75,195.53,30.374217,130.959968,269.94,195.53,1
648.62,46.75,195.53,30.374217,130.959968,269.94,195.53,1
648.69,46.75,195.53,30.374217,130.959968,269.94,195.53,1
648.75,46.75,195.53,30.374217,130.959968,269.94,195.53,1
648.82,46.75,195.53,30.374217,130.959968,269.94,195.53,1
648.89,46.75,195.53,30.374217,130.959968,269.94,195.53,1
648.95,46.75,195.53,30.374217,130.959968,269.94,195.53,1
649.02,46.75,195.53,30.374217,130.959968,269.94,195.53,1
649.09,46.75,195.53,30.374217,130.959968,269.94,195.53,1
649.15,46.75,195.53,30.374217,130.959968,269.94,195.53,1
649.22,46.75,195.53,30.374217,130.959968,269.94,195.53,1
649.29,46.75,195.53,30.374217,130.959968,269.94,195.53,1
649.35,46.75,195.53,30.374217,130.959968,269.94,195.53,1
649.42,46.75,195.53,30.374217,130.959968,269.94,195.53,1
649.49,46.75,195.53,30.374217,130.959968,269.94,195.53,1
649.55,46.75,195.53,30.374217,130.959968,269.94,195.53,1
649.62,46.75,195.53,30.374217,130.959968,269.94,195.53,1
649.68,46.75,195.53,30.374217,130.959968,269.94,195.53,1
649.75,46.75,195.53,30.374217,130.959968,269.94,195.53,1
649.82,46.75,195.53,30.374217,130.959968,269.94,195.53,1
649.88,46.75,195.53,30.374217,130.959968,269.94,195.53,1
649.95,46.75,195.53,30.374217,130.959968,269.94,195.53,1
650.02,46.75,195.53,30.374217,130.959968,269.94,195.53,1
650.08,46.75,195.53,30.374217,130.959968,269.94,195.53,1
650.15,46.75,195.53,30.374217,130.959968,269.94,195.53,1
650.22,46.75,195.53,30.374217,130.959968,269.94,195.53,1
650.28,46.75,195.53,30.374217,130.959968,269.94,195.53,1
650.35,46.75,195.53,30.374217,130.959968,269.94,195.53,1
650.42,46.75,195.53,30.374217,130.959968,269.94,195.53,1
650.48,46.75,195.53,30.374217,130.959968,269.94,195.53,1
650.55,46.75,195.53,30.374217,130.959968,269.94,195.53,1
650.62,46.75,195.53,30.374217,130.959968,269.94,195.53,1
650.68,46.75,195.53,30.374217,130.959968,269.94,195.53,1
650.75,46.75,195.53,30.374217,130.959968,269.94,195.53,1
650.82,46.75,195.53,30.374217,130.959968,269.94,195.53,1
650.88,46.75,195.53,30.374217,130.959968,269.94,195.53,1
650.95,46.75,195.53,30.374217,130.959968,269.94,195.53,1
651.02,46.75,195.53,30.374217,130.959968,269.94,195.53,1
651.08,46.75,195.53,30.374217,130.959968,269.94,195.53,1
651.15,46.75,195.53,30.374217,130.959968,269.94,195.53,1
651.22,46.75,195.53,30.374217,130.959968,269.94,195.53,1
651.28,46.75,195.53,30.374217,130.959968,269.94,195.53,1
651.35,46.75,195.53,30.374217,130.959968,269.94,195.53,1
651.42,46.75,195.53,30.374217,130.959968,269.94,269.94,1
651.48,46.75,195.53,30.374217,130.959968,269.94,269.94,1
651.84,46.75,195.53,30.374217,130.959968,269.94,269.94,1
651.91,46.75,195.53,30.374217,130.959968,269.94,269.94,1
652.0,46.75,195.53,30.374217,130.959968,269.94,269.94,1
652.06,46.75,195.53,30.374217,130.959968,269.94,269.94,1
652.13,46.75,195.53,30.374217,130.959968,269.94,269.94,1
652.2,46.75,195.53,30.374217,130.959968,269.94,269.94,1
652.27,46.75,195.53,30.374217,130.959968,269.94,269.94,1
652.33,46.75,195.53,30.374217,130.959968,269.94,269.94,1
652.4,46.75,195.53,30.374217,130.959968,269.94,269.94,1
652.47,46.75,195.53,30.374217,130.959968,269.94,269.94,1
652.53,46.75,195.53,30.374217,130.959968,269.94,269.94,1
652.6,46.75,195.53,30.374217,130.959968,269.94,269.94,1
652.67,46.75,195.53,30.374217,130.959968,269.94,269.94,1
652.73,46.75,195.53,30.374217,130.959968,269.94,269.94,1
652.8,46.75,195.53,30.374217,130.959968,269.94,269.94,1
652.87,46.75,195.53,30.374217,130.959968,269.94,269.94,1
652.94,46.75,195.53,30.374217,130.959968,269.94,269.94,1
653.01,46.75,195.53,30.374217,130.959968,269.94,269.94,1
653.08,46.75,195.53,30.374217,130.959968,269.94,269.94,1
653.14,46.75,195.53,30.374217,130.959968,269.94,269.94,1
653.21,46.75,195.53,30.374217,130.959968,269.94,269.94,1
653.28,46.75,195.53,30.374217,130.959968,269.94,269.94,1
653.34,46.75,195.53,30.374217,130.959968,269.94,269.94,1
653.41,46.75,195.53,30.374217,130.959968,269.94,269.94,1
653.48,46.75,195.53,30.374217,130.959968,269.94,269.94,1
653.54,46.75,195.53,30.374217,130.959968,269.94,269.94,1
653.61,46.75,195.53,30.374217,130.959968,269.94,269.94,1
653.68,46.75,195.53,30.374217,130.959968,269.94,269.94,1
653.74,46.75,195.53,30.374217,130.959968,269.94,269.94,1
653.81,46.75,195.53,30.374217,130.959968,269.94,269.94,1
653.88,46.75,195.53,30.374217,130.959968,269.94,269.94,1
653.95,46.75,195.53,30.374217,130.959968,269.94,269.94,1
654.02,46.75,195.53,30.374217,130.959968,269.94,269.94,1
654.1,46.75,195.53,30.374217,130.959968,269.94,269.94,1
654.17,46.75,195.53,30.374217,130.959968,269.94,269.94,1
654.25,46.75,195.53,30.374217,130.959968,269.94,269.94,1
654.32,46.75,195.53,30.374217,130.959968,269.94,269.94,1
654.4,46.75,195.53,30.374217,130.959968,269.94,269.94,1
654.47,46.75,195.53,30.374217,130.959968,269.94,269.94,1
654.54,46.75,195.53,30.374217,130.959968,269.94,269.94,1
654.6,46.75,195.53,30.374217,130.959968,269.94,269.94,1
654.67,46.75,195.53,30.374217,130.959968,269.94,269.94,1
654.74,46.75,195.53,30.374217,130.959968,269.94,269.94,1
654.81,46.75,195.53,30.374217,130.959968,269.94,269.94,1
654.88,46.75,195.53,30.374217,130.959968,269.94,269.94,1
654.95,46.75,195.53,30.374217,130.959968,269.94,269.94,1
655.01,46.75,195.53,30.374217,130.959968,269.94,269.94,1
655.08,46.75,195.53,30.374217,130.959968,269.94,269.94,1
655.15,46.75,195.53,30.374217,130.959968,269.94,269.94,1
655.22,46.75,195.53,30.374217,130.959968,269.94,269.94,1
655.29,46.75,195.53,30.374217,130.959968,269.94,269.94,1
655.35,46.75,195.53,30.374217,130.959968,269.94,269.94,1
655.42,46.75,195.53,30.374217,130.959968,269.94,269.94,1
655.49,46.75,195.53,30.374217,130.959968,269.94,269.94,1
655.56,46.75,195.53,30.374217,130.959968,269.94,269.94,1
655.63,46.75,195.53,30.374217,130.959968,269.94,269.94,1
655.69,46.75,195.53,30.374217,130.959968,269.94,269.94,1
655.76,46.75,195.53,30.374217,130.959968,269.94,269.94,1
655.82,46.75,195.53,30.374217,130.959968,269.94,269.94,1
655.89,46.75,195.53,30.374217,130.959968,269.94,269.94,1
655.96,46.75,195.53,30.374217,130.959968,269.94,269.94,1
656.02,46.75,195.53,30.374217,130.959968,269.94,269.94,1
656.09,46.75,195.53,30.374217,130.959968,269.94,269.94,1
656.16,46.75,195.53,30.374217,130.959968,269.94,269.94,1
656.23,46.75,195.53,30.374217,130.959968,269.94,269.94,1
656.29,46.75,195.53,30.374217,130.959968,269.94,269.94,1
656.36,46.75,195.53,30.374217,130.959968,269.94,269.94,1
656.43,46.75,195.53,30.374217,130.959968,269.94,269.94,1
656.5,46.75,195.53,30.374217,130.959968,269.94,269.94,1
656.57,46.75,195.53,30.374217,130.959968,269.94,269.94,1
656.64,46.75,195.53,30.374217,130.959968,269.94,269.94,1
656.71,46.75,195.53,30.374217,130.959968,269.94,269.94,1
656.78,46.75,195.53,30.374217,130.959968,269.94,269.94,1
656.84,46.75,195.53,30.374217,130.959968,269.94,269.94,1
656.91,46.75,195.53,30.374217,130.959968,269.94,269.94,1
656.98,46.75,195.53,30.374217,130.959968,269.94,269.94,1
657.05,46.75,195.53,30.374217,130.959968,269.94,269.94,1
657.12,46.75,195.53,30.374217,130.959968,269.94,269.94,1
657.19,46.75,195.53,30.374217,130.959968,269.94,269.94,1
657.26,46.75,195.53,30.374217,130.959968,269.94,269.94,1
657.32,46.98,195.66,30.374217,130.959968,269.94,269.94,1
657.39,46.98,195.66,30.374217,130.959968,269.94,269.94,1
657.45,46.98,195.66,30.374217,130.959968,269.94,269.94,1
657.52,46.98,195.66,30.374217,130.959968,269.94,269.94,1
657.59,46.98,195.66,30.374217,130.959968,269.94,269.94,1
657.65,46.98,195.66,30.374217,130.959968,269.94,269.94,1
657.72,46.98,195.66,30.374217,130.959968,269.94,269.94,1
657.79,46.98,195.66,30.374217,130.959968,269.94,269.94,1
657.86,46.98,195.66,30.374217,130.959968,269.94,269.94,1
657.92,46.98,195.66,30.374217,130.959968,269.94,269.94,1
657.99,46.98,195.66,30.374217,130.959968,269.94,269.94,1
658.07,46.98,195.66,30.374217,130.959968,269.94,269.94,1
658.13,46.98,195.66,30.374217,130.959968,269.94,269.94,1
658.2,46.98,195.66,30.374217,130.959968,269.94,269.94,1
658.27,46.98,195.66,30.374217,130.959968,269.94,269.94,1
658.33,46.98,195.66,30.374217,130.959968,269.94,269.94,1
658.4,46.98,195.66,30.374217,130.959968,269.94,269.94,1
658.47,46.98,195.66,30.374217,130.959968,269.94,269.94,1
658.53,46.98,195.66,30.374217,130.959968,269.94,269.94,1
658.6,46.98,195.66,30.374217,130.959968,269.94,269.94,1
658.67,46.98,195.66,30.374217,130.959968,269.94,269.94,1
658.73,46.98,195.66,30.374217,130.959968,269.94,269.94,1
658.81,46.98,195.66,30.374217,130.959968,269.94,269.94,1
658.88,46.98,195.66,30.374217,130.959968,269.94,269.94,1
658.94,46.98,195.66,30.374217,130.959968,269.94,269.94,1
659.02,46.98,195.66,30.374217,130.959968,269.94,269.94,1
659.09,46.98,195.66,30.374217,130.959968,269.94,269.94,1
659.16,46.98,195.66,30.374217,130.959968,269.94,269.94,1
659.22,46.98,195.66,30.374217,130.959968,269.94,269.94,1
659.29,46.98,195.66,30.374217,130.959968,269.94,269.94,1
659.35,47.2,195.78,30.374217,130.959968,269.94,269.94,1
659.42,47.2,195.78,30.374217,130.959968,269.94,269.94,1
659.49,47.2,195.78,30.374217,130.959968,269.94,269.94,1
659.56,47.2,195.78,30.374217,130.959968,269.94,269.94,1
659.62,47.2,195.78,30.374217,130.959968,269.94,269.94,1
659.69,47.2,195.78,30.374217,130.959968,269.94,269.94,1
659.76,47.2,195.78,30.374217,130.959968,269.94,269.94,1
659.83,47.2,195.78,30.374217,130.959968,269.94,269.94,1
659.89,47.2,195.78,30.374217,130.959968,269.94,269.94,1
659.96,47.2,195.78,30.374217,130.959968,269.94,269.94,1
660.03,47.2,195.78,30.374217,130.959968,269.94,269.94,1
660.1,47.2,195.78,30.374217,130.959968,269.94,269.94,1
660.17,47.2,195.78,30.374217,130.959968,269.94,269.94,1
660.24,47.2,195.78,30.374217,130.959968,269.94,269.94,1
660.3,47.2,195.78,30.374217,130.959968,269.94,269.94,1
660.37,46.84,195.91,30.374217,130.959968,269.94,269.94,1
660.44,46.84,195.91,30.374217,130.959968,269.94,269.94,1
660.51,46.84,195.91,30.374217,130.959968,269.94,269.94,1
660.57,46.84,195.91,30.374217,130.959968,269.94,269.94,1
660.64,46.84,195.91,30.374217,130.959968,269.94,269.94,1
660.71,46.84,195.91,30.374217,130.959968,269.94,269.94,1
660.78,46.84,195.91,30.374217,130.959968,269.94,269.94,1
660.85,46.84,195.91,30.374217,130.959968,269.94,269.94,1
660.92,46.84,195.91,30.374217,130.959968,269.94,269.94,1
660.99,46.84,195.91,30.374217,130.959968,269.94,269.94,1
661.06,46.84,195.91,30.374217,130.959968,269.94,269.94,1
661.12,46.84,195.91,30.374217,130.959968,269.94,269.94,1
661.19,46.84,195.91,30.374217,130.959968,269.94,269.94,1
661.26,46.84,195.91,30.374217,130.959968,269.94,269.94,1
661.33,46.84,195.91,30.374217,130.959968,269.94,269.94,1
661.4,47.24,195.97,30.374217,130.959968,269.94,269.94,1
661.46,47.24,195.97,30.374217,130.959968,269.94,269.94,1
661.53,47.24,195.97,30.374217,130.959968,269.94,269.94,1
661.6,47.24,195.97,30.374217,130.959968,269.94,269.94,1
661.66,47.24,195.97,30.374217,130.959968,269.94,269.94,1
661.73,47.24,195.97,30.374217,130.959968,269.94,269.94,1
661.8,47.24,195.97,30.374217,130.959968,269.94,269.94,1
661.86,47.24,195.97,30.374217,130.959968,269.94,269.94,1
661.93,47.24,195.97,30.374217,130.959968,269.94,269.94,1
662.0,47.24,195.97,30.374217,130.959968,269.94,269.94,1
662.07,47.24,195.97,30.374217,130.959968,269.94,269.94,1
662.14,47.24,195.97,30.374217,130.959968,269.94,269.94,1
662.2,47.24,195.97,30.374217,130.959968,269.94,269.94,1
662.27,47.24,195.97,30.374217,130.959968,269.94,269.94,1
662.34,47.24,195.97,30.374217,130.959968,269.94,269.94,1
662.4,46.88,196.09,30.374217,130.959968,269.94,269.94,1
662.47,46.88,196.09,30.374217,130.959968,269.94,269.94,1
662.54,46.88,196.09,30.374217,130.959968,269.94,269.94,1
662.6,46.88,196.09,30.374217,130.959968,269.94,269.94,1
662.67,46.88,196.09,30.374217,130.959968,269.94,269.94,1
662.74,46.88,196.09,30.374217,130.959968,269.94,269.94,1
662.8,46.88,196.09,30.374217,130.959968,269.94,269.94,1
662.87,46.88,196.09,30.374217,130.959968,269.94,269.94,1
662.94,46.88,196.09,30.374217,130.959968,269.94,269.94,1
663.01,46.88,196.09,30.374217,130.959968,269.94,269.94,1
663.08,46.88,196.09,30.374217,130.959968,269.94,269.94,1
663.15,46.88,196.09,30.374217,130.959968,269.94,269.94,1
663.22,46.88,196.09,30.374217,130.959968,269.94,269.94,1
663.28,46.88,196.09,30.374217,130.959968,269.94,269.94,1
663.35,46.88,196.09,30.374217,130.959968,269.94,269.94,1
663.42,47.06,196.03,30.374217,130.959968,269.94,269.94,1
663.48,47.06,196.03,30.374217,130.959968,269.94,269.94,1
663.55,47.06,196.03,30.374217,130.959968,269.94,269.94,1
663.61,47.06,196.03,30.374217,130.959968,269.94,269.94,1
663.68,47.06,196.03,30.374217,130.959968,269.94,269.94,1
663.75,47.06,196.03,30.374217,130.959968,269.94,269.94,1
663.82,47.06,196.03,30.374217,130.959968,269.94,269.94,1
663.88,47.06,196.03,30.374217,130.959968,269.94,269.94,1
663.95,47.06,196.03,30.374217,130.959968,269.94,269.94,1
664.02,47.06,196.03,30.374217,130.959968,269.94,269.94,1
664.09,47.06,196.03,30.374217,130.959968,269.94,269.94,1
664.16,47.06,196.03,30.374217,130.959968,269.94,269.94,1
664.23,47.06,196.03,30.374217,130.959968,269.94,269.94,1
664.3,47.06,196.03,30.374217,130.959968,269.94,269.94,1
664.36,47.06,196.03,30.374217,130.959968,269.94,269.94,1
664.43,47.02,195.84,30.374217,130.959968,269.94,269.94,1
664.5,47.02,195.84,30.374217,130.959968,269.94,269.94,1
664.56,47.02,195.84,30.374217,130.959968,269.94,269.94,1
664.63,47.02,195.84,30.374217,130.959968,269.94,269.94,1
664.7,47.02,195.84,30.374217,130.959968,269.94,269.94,1
664.76,47.02,195.84,30.374217,130.959968,269.94,269.94,1
664.83,47.02,195.84,30.374217,130.959968,269.94,269.94,1
664.9,47.02,195.84,30.374217,130.959968,269.94,269.94,1
664.97,47.02,195.84,30.374217,130.959968,269.94,269.94,1
665.04,47.02,195.84,30.374217,130.959968,269.94,269.94,1
665.11,47.02,195.84,30.374217,130.959968,269.94,269.94,1
665.18,47.02,195.84,30.374217,130.959968,269.94,269.94,1
665.25,47.02,195.84,30.374217,130.959968,269.94,269.94,1
665.32,47.02,195.84,30.374217,130.959968,269.94,269.94,1
665.39,47.02,195.84,30.374217,130.959968,269.94,269.94,1
665.46,47.02,195.84,30.374217,130.959968,269.94,269.94,1
665.52,47.02,195.84,30.374217,130.959968,269.94,269.94,1
665.59,47.02,195.84,30.374217,130.959968,269.94,269.94,1
665.66,47.02,195.84,30.374217,130.959968,269.94,269.94,1
665.73,47.02,195.84,30.374217,130.959968,269.94,269.94,1
665.8,47.02,195.84,30.374217,130.959968,269.94,269.94,1
665.86,47.02,195.84,30.374217,130.959968,269.94,269.94,1
665.94,47.02,195.84,30.374217,130.959968,269.94,269.94,1
666.01,47.02,195.84,30.374217,130.959968,269.94,269.94,1
666.07,47.02,195.84,30.374217,130.959968,269.94,269.94,1
666.14,47.02,195.84,30.374217,130.959968,269.94,269.94,1
666.21,47.02,195.84,30.374217,130.959968,269.94,269.94,1
666.27,47.02,195.84,30.374217,130.959968,269.94,269.94,1
666.34,47.02,195.84,30.374217,130.959968,269.94,269.94,1
666.41,47.02,195.84,30.374217,130.959968,269.94,269.94,1
666.48,47.15,195.6,30.374217,130.959968,269.94,269.94,1
666.54,47.15,195.6,30.374217,130.959968,269.94,269.94,1
666.61,47.15,195.6,30.374217,130.959968,269.94,269.94,1
666.68,47.15,195.6,30.374217,130.959968,269.94,269.94,1
666.75,47.15,195.6,30.374217,130.959968,269.94,269.94,1
666.82,47.15,195.6,30.374217,130.959968,269.94,269.94,1
666.89,47.15,195.6,30.374217,130.959968,269.94,269.94,1
666.96,47.15,195.6,30.374217,130.959968,269.94,269.94,1
667.02,47.15,195.6,30.374217,130.959968,269.94,269.94,1
667.09,47.15,195.6,30.374217,130.959968,269.94,269.94,1
667.16,47.15,195.6,30.374217,130.959968,269.94,269.94,1
667.22,47.15,195.6,30.374217,130.959968,269.94,269.94,1
667.29,47.15,195.6,30.374217,130.959968,269.94,269.94,1
667.36,47.15,195.6,30.374217,130.959968,269.94,269.94,1
667.42,47.15,195.6,30.374217,130.959968,269.94,269.94,1
667.49,47.15,195.6,30.374217,130.959968,269.94,269.94,1
667.56,47.15,195.6,30.374217,130.959968,269.94,269.94,1
667.63,47.15,195.6,30.374217,130.959968,269.94,269.94,1
667.7,47.15,195.6,30.374217,130.959968,269.94,269.94,1
667.77,47.15,195.6,30.374217,130.959968,269.94,269.94,1
667.84,47.15,195.6,30.374217,130.959968,269.94,269.94,1
667.9,47.15,195.6,30.374217,130.959968,269.94,269.94,1
667.98,47.15,195.6,30.374217,130.959968,269.94,269.94,1
668.05,47.15,195.6,30.374217,130.959968,269.94,269.94,1
668.12,47.15,195.6,30.374217,130.959968,269.94,269.94,1
668.18,47.15,195.6,30.374217,130.959968,269.94,269.94,1
668.25,47.15,195.6,30.374217,130.959968,269.94,269.94,1
668.33,47.15,195.6,30.374217,130.959968,269.94,269.94,1
668.39,47.15,195.6,30.374217,130.959968,269.94,269.94,1
668.46,47.15,195.6,30.374217,130.959968,269.94,269.94,1
668.53,47.15,195.6,30.374217,130.959968,269.94,269.94,1
668.6,47.15,195.6,30.374217,130.959968,269.94,269.94,1
668.66,47.15,195.6,30.374217,130.959968,269.94,269.94,1
668.73,47.15,195.6,30.374217,130.959968,269.94,269.94,1
668.8,47.15,195.6,30.374217,130.959968,269.94,269.94,1
668.87,47.15,195.6,30.374217,130.959968,269.94,269.94,1
668.93,47.15,195.6,30.374217,130.959968,269.94,269.94,1
669.0,47.15,195.6,30.374217,130.959968,269.94,269.94,1
669.07,47.15,195.6,30.374217,130.959968,269.94,269.94,1
669.14,47.15,195.6,30.374217,130.959968,269.94,269.94,1
669.21,47.15,195.6,30.374217,130.959968,269.94,269.94,1
669.27,46.98,195.66,30.374217,130.959968,269.94,269.94,1
669.34,46.98,195.66,30.374217,130.959968,269.94,269.94,1
669.41,46.98,195.66,30.374217,130.959968,269.94,269.94,1
669.47,46.98,195.66,30.374217,130.959968,269.94,269.94,1
669.54,46.98,195.66,30.374217,130.959968,269.94,269.94,1
669.61,46.98,195.66,30.374217,130.959968,269.94,269.94,1
669.67,46.98,195.66,30.374217,130.959968,269.94,269.94,1
669.74,46.98,195.66,30.374217,130.959968,269.94,269.94,1
669.81,46.98,195.66,30.374217,130.959968,269.94,269.94,1
669.88,46.98,195.66,30.374217,130.959968,269.94,269.94,1
669.95,46.98,195.66,30.374217,130.959968,269.94,269.94,1
670.02,46.98,195.66,30.374217,130.959968,269.94,269.94,1
670.09,46.98,195.66,30.374217,130.959968,269.94,269.94,1
670.16,46.98,195.66,30.374217,130.959968,269.94,269.94,1
670.22,46.98,195.66,30.374217,130.959968,269.94,269.94,1
670.29,46.98,195.66,30.374217,130.959968,269.94,269.94,1
670.36,46.84,195.91,30.374217,130.959968,269.94,269.94,1
670.42,46.84,195.91,30.374217,130.959968,269.94,269.94,1
670.49,46.84,195.91,30.374217,130.959968,269.94,269.94,1
670.56,46.84,195.91,30.374217,130.959968,269.94,269.94,1
670.62,46.84,195.91,30.374217,130.959968,269.94,269.94,1
670.69,46.84,195.91,30.374217,130.959968,269.94,269.94,1
670.77,46.84,195.91,30.374217,130.959968,269.94,269.94,1
670.84,46.84,195.91,30.374217,130.959968,269.94,269.94,1
670.9,46.84,195.91,30.374217,130.959968,269.94,269.94,1
670.97,46.84,195.91,30.374217,130.959968,269.94,269.94,1
671.04,46.84,195.91,30.374217,130.959968,269.94,269.94,1
671.11,46.84,195.91,30.374217,130.959968,269.94,269.94,1
671.17,46.84,195.91,30.374217,130.959968,269.94,269.94,1
671.24,46.84,195.91,30.374217,130.959968,269.94,269.94,1
671.31,46.98,195.66,30.374217,130.959968,269.94,269.94,1
671.37,46.98,195.66,30.374217,130.959968,269.94,269.94,1
671.44,46.98,195.66,30.374217,130.959968,269.94,269.94,1
671.51,46.98,195.66,30.374217,130.959968,269.94,269.94,1
671.57,46.98,195.66,30.374217,130.959968,269.94,269.94,1
671.64,46.98,195.66,30.374217,130.959968,269.94,269.94,1
671.71,46.98,195.66,30.374217,130.959968,269.94,269.94,1
671.78,46.98,195.66,30.374217,130.959968,269.94,269.94,1
671.85,46.98,195.66,30.374217,130.959968,269.94,269.94,1
671.92,46.98,195.66,30.374217,130.959968,269.94,269.94,1
671.99,46.98,195.66,30.374217,130.959968,269.94,269.94,1
672.06,46.98,195.66,30.374217,130.959968,269.94,269.94,1
672.12,46.98,195.66,30.374217,130.959968,269.94,269.94,1
672.19,46.98,195.66,30.374217,130.959968,269.94,269.94,1
672.26,46.98,195.66,30.374217,130.959968,269.94,269.94,1
672.32,47.02,195.84,30.374217,130.959968,269.94,269.94,1
672.39,47.02,195.84,30.374217,130.959968,269.94,269.94,1
672.46,47.02,195.84,30.374217,130.959968,269.94,269.94,1
672.52,47.02,195.84,30.374217,130.959968,269.94,269.94,1
672.59,47.02,195.84,30.374217,130.959968,269.94,269.94,1
672.66,47.02,195.84,30.374217,130.959968,269.94,269.94,1
672.73,47.02,195.84,30.374217,130.959968,269.94,269.94,1
672.8,47.02,195.84,30.374217,130.959968,269.94,269.94,1
672.86,47.02,195.84,30.374217,130.959968,269.94,269.94,1
672.93,47.02,195.84,30.374217,130.959968,269.94,269.94,1
673.0,47.02,195.84,30.374217,130.959968,269.94,269.94,1
673.07,47.02,195.84,30.374217,130.959968,269.94,269.94,1
673.14,47.02,195.84,30.374217,130.959968,269.94,269.94,1
673.21,47.02,195.84,30.374217,130.959968,269.94,269.94,1
673.27,47.02,195.84,30.374217,130.959968,269.94,269.94,1
673.34,47.02,195.84,30.374217,130.959968,269.94,269.94,1
673.41,47.02,195.84,30.374217,130.959968,269.94,269.94,1
673.47,47.02,195.84,30.374217,130.959968,269.94,269.94,1
673.54,47.02,195.84,30.374217,130.959968,269.94,269.94,1
673.61,47.02,195.84,30.374217,130.959968,269.94,269.94,1
673.67,47.02,195.84,30.374217,130.959968,269.94,269.94,1
673.74,47.02,195.84,30.374217,130.959968,269.94,269.94,1
673.81,47.02,195.84,30.374217,130.959968,269.94,269.94,1
673.88,47.02,195.84,30.374217,130.959968,269.94,269.94,1
673.94,47.02,195.84,30.374217,130.959968,269.94,269.94,1
674.01,47.02,195.84,30.374217,130.959968,269.94,269.94,1
674.08,47.02,195.84,30.374217,130.959968,269.94,269.94,1
674.15,47.02,195.84,30.374217,130.959968,269.94,269.94,1
674.22,47.02,195.84,30.374217,130.959968,269.94,269.94,1
674.29,47.02,195.84,30.374217,130.959968,269.94,269.94,1
674.36,47.06,196.03,30.374217,130.959968,269.94,269.94,1
674.43,47.06,196.03,30.374217,130.959968,269.94,269.94,1
674.5,47.06,196.03,30.374217,130.959968,269.94,269.94,1
674.57,47.06,196.03,30.374217,130.959968,269.94,269.94,1
674.64,47.06,196.03,30.374217,130.959968,269.94,269.94,1
674.71,47.06,196.03,30.374217,130.959968,269.94,269.94,1
674.78,47.06,196.03,30.374217,130.959968,269.94,269.94,1
674.84,47.06,196.03,30.374217,130.959968,269.94,269.94,1
674.91,47.06,196.03,30.374217,130.959968,269.94,269.94,1
674.97,47.06,196.03,30.374217,130.959968,269.94,269.94,1
675.04,47.06,196.03,30.374217,130.959968,269.94,269.94,1
675.11,47.06,196.03,30.374217,130.959968,269.94,269.94,1
675.18,47.06,196.03,30.374217,130.959968,269.94,269.94,1
675.24,47.06,196.03,30.374217,130.959968,269.94,269.94,1
675.31,47.06,196.03,30.374217,130.959968,269.94,269.94,1
675.38,47.06,196.03,30.374217,130.959968,269.94,269.94,1
675.45,47.06,196.03,30.374217,130.959968,269.94,269.94,1
675.52,47.06,196.03,30.374217,130.959968,269.94,269.94,1
675.59,47.06,196.03,30.374217,130.959968,269.94,269.94,1
675.66,47.06,196.03,30.374217,130.959968,269.94,269.94,1
675.72,47.06,196.03,30.374217,130.959968,269.94,269.94,1
675.79,47.06,196.03,30.374217,130.959968,269.94,269.94,1
675.85,47.06,196.03,30.374217,130.959968,269.94,269.94,1
675.92,47.06,196.03,30.374217,130.959968,269.94,269.94,1
675.99,47.06,196.03,30.374217,130.959968,269.94,269.94,1
676.05,47.06,196.03,30.374217,130.959968,269.94,269.94,1
676.12,47.06,196.03,30.374217,130.959968,269.94,269.94,1
676.19,47.06,196.03,30.374217,130.959968,269.94,269.94,1
676.25,47.06,196.03,30.374217,130.959968,269.94,269.94,1
676.32,47.06,196.03,30.374217,130.959968,269.94,269.94,1
676.39,47.06,196.03,30.374217,130.959968,269.94,269.94,1
676.46,47.06,196.03,30.374217,130.959968,269.94,269.94,1
676.53,47.06,196.03,30.374217,130.959968,269.94,269.94,1
676.6,47.06,196.03,30.374217,130.959968,269.94,269.94,1
676.67,47.06,196.03,30.374217,130.959968,269.94,269.94,1
676.74,47.06,196.03,30.374217,130.959968,269.94,269.94,1
676.8,47.06,196.03,30.374217,130.959968,269.94,269.94,1
676.87,47.06,196.03,30.374217,130.959968,269.94,269.94,1
676.94,47.06,196.03,30.374217,130.959968,269.94,269.94,1
677.01,47.06,196.03,30.374217,130.959968,269.94,269.94,1
677.08,47.06,196.03,30.374217,130.959968,269.94,269.94,1
677.14,47.06,196.03,30.374217,130.959968,269.94,269.94,1
677.22,47.06,196.03,30.374217,130.959968,269.94,269.94,1
677.28,47.06,196.03,30.374217,130.959968,269.94,269.94,1
677.35,47.06,196.03,30.374217,130.959968,269.94,269.94,1
677.42,46.84,195.91,30.374217,130.959968,269.94,269.94,1
677.48,46.84,195.91,30.374217,130.959968,269.94,269.94,1
677.55,46.84,195.91,30.374217,130.959968,269.94,269.94,1
677.62,46.84,195.91,30.374217,130.959968,269.94,269.94,1
677.69,46.84,195.91,30.374217,130.959968,269.94,269.94,1
677.75,46.84,195.91,30.374217,130.959968,269.94,269.94,1
677.82,46.84,195.91,30.374217,130.959968,269.94,269.94,1
677.89,46.84,195.91,30.374217,130.959968,269.94,269.94,1
677.96,46.84,195.91,30.374217,130.959968,269.94,269.94,1
678.03,46.84,195.91,30.374217,130.959968,269.94,269.94,1
678.1,46.84,195.91,30.374217,130.959968,269.94,269.94,1
678.17,46.84,195.91,30.374217,130.959968,269.94,269.94,1
678.23,46.84,195.91,30.374217,130.959968,269.94,269.94,1
678.3,46.84,195.91,30.374217,130.959968,269.94,269.94,1
678.37,46.84,195.91,30.374217,130.959968,269.94,269.94,1
678.44,46.48,196.03,30.374217,130.959968,269.94,269.94,1
678.51,46.48,196.03,30.374217,130.959968,269.94,269.94,1
678.58,46.48,196.03,30.374217,130.959968,269.94,269.94,1
678.65,46.48,196.03,30.374217,130.959968,269.94,269.94,1
678.71,46.48,196.03,30.374217,130.959968,269.94,269.94,1
678.78,46.48,196.03,30.374217,130.959968,269.94,269.94,1
678.85,46.48,196.03,30.374217,130.959968,269.94,269.94,1
678.91,46.48,196.03,30.374217,130.959968,269.94,269.94,1
678.98,46.48,196.03,30.374217,130.959968,269.94,269.94,1
679.05,46.48,196.03,30.374217,130.959968,269.94,269.94,1
679.11,46.48,196.03,30.374217,130.959968,269.94,269.94,1
679.18,46.48,196.03,30.374217,130.959968,269.94,269.94,1
679.25,46.48,196.03,30.374217,130.959968,269.94,269.94,1
679.32,46.48,196.03,30.374217,130.959968,269.94,269.94,1
679.39,46.48,196.03,30.374217,130.959968,269.94,269.94,1
679.46,46.08,195.97,30.374217,130.959968,269.94,269.94,1
679.52,46.08,195.97,30.374217,130.959968,269.94,269.94,1
679.59,46.08,195.97,30.374217,130.959968,269.94,269.94,1
679.67,46.08,195.97,30.374217,130.959968,269.94,269.94,1
679.73,46.08,195.97,30.374217,130.959968,269.94,269.94,1
679.8,46.08,195.97,30.374217,130.959968,269.94,269.94,1
679.87,46.08,195.97,30.374217,130.959968,269.94,269.94,1
679.94,46.08,195.97,30.374217,130.959968,269.94,269.94,1
680.01,46.08,195.97,30.374217,130.959968,269.94,269.94,1
680.07,46.08,195.97,30.374217,130.959968,269.94,269.94,1
680.15,46.08,195.97,30.374217,130.959968,269.94,269.94,1
680.21,46.08,195.97,30.374217,130.959968,269.94,269.94,1
680.28,46.08,195.97,30.374217,130.959968,269.94,269.94,1
680.35,46.08,195.97,30.374217,130.959968,269.94,269.94,1
680.42,46.08,195.97,30.374217,130.959968,269.94,269.94,1
680.49,46.08,195.97,30.374217,130.959968,269.94,269.94,1
680.56,46.08,195.97,30.374217,130.959968,269.94,269.94,1
680.63,46.08,195.97,30.374217,130.959968,269.94,269.94,1
680.7,46.08,195.97,30.374217,130.959968,269.94,269.94,1
680.76,46.08,195.97,30.374217,130.959968,269.94,269.94,1
680.83,46.08,195.97,30.374217,130.959968,269.94,269.94,1
680.9,46.08,195.97,30.374217,130.959968,269.94,269.94,1
680.97,46.08,195.97,30.374217,130.959968,269.94,269.94,1
681.04,46.08,195.97,30.374217,130.959968,269.94,269.94,1
681.11,46.08,195.97,30.374217,130.959968,269.94,269.94,1
681.18,46.08,195.97,30.374217,130.959968,269.94,269.94,1
681.24,46.08,195.97,30.374217,130.959968,269.94,269.94,1
681.32,46.08,195.97,30.374217,130.959968,269.94,269.94,1
681.38,46.08,195.97,30.374217,130.959968,269.94,269.94,1
681.45,45.9,196.03,30.374217,130.959968,269.94,269.94,1
681.52,45.9,196.03,30.374217,130.959968,269.94,269.94,1
681.58,45.9,196.03,30.374217,130.959968,269.94,269.94,1
681.65,45.9,196.03,30.374217,130.959968,269.94,269.94,1
681.72,45.9,196.03,30.374217,130.959968,269.94,269.94,1
681.79,45.9,196.03,30.374217,130.959968,269.94,269.94,1
681.86,45.9,196.03,30.374217,130.959968,269.94,269.94,1
681.93,45.9,196.03,30.374217,130.959968,269.94,269.94,1
682.0,45.9,196.03,30.374217,130.959968,269.94,269.94,1
682.06,45.9,196.03,30.374217,130.959968,269.94,269.94,1
682.13,45.9,196.03,30.374217,130.959968,269.94,269.94,1
682.2,45.9,196.03,30.374217,130.959968,269.94,269.94,1
682.26,45.9,196.03,30.374217,130.959968,269.94,269.94,1
682.33,45.9,196.03,30.374217,130.959968,269.94,269.94,1
682.4,45.9,196.03,30.374217,130.959968,269.94,269.94,1
682.46,45.9,196.03,30.374217,130.959968,269.94,269.94,1
682.53,45.9,196.03,30.374217,130.959968,269.94,269.94,1
682.6,45.9,196.03,30.374217,130.959968,269.94,269.94,1
682.67,45.9,196.03,30.374217,130.959968,269.94,269.94,1
682.74,45.9,196.03,30.374217,130.959968,269.94,269.94,1
682.81,45.9,196.03,30.374217,130.959968,269.94,269.94,1
682.88,45.9,196.03,30.374217,130.959968,269.94,269.94,1
682.96,45.9,196.03,30.374217,130.959968,269.94,269.94,1
683.03,45.9,196.03,30.374217,130.959968,269.94,269.94,1
683.09,45.9,196.03,30.374217,130.959968,269.94,269.94,1
683.16,45.9,196.03,30.374217,130.959968,269.94,269.94,1
683.22,45.9,196.03,30.374217,130.959968,269.94,269.94,1
683.29,45.9,196.03,30.374217,130.959968,269.94,269.94,1
683.36,45.9,196.03,30.374217,130.959968,269.94,269.94,1
683.42,45.9,196.03,30.374217,130.959968,269.94,269.94,1
683.49,45.95,196.22,30.374217,130.959968,269.94,269.94,1
683.56,45.95,196.22,30.374217,130.959968,269.94,269.94,1
683.62,45.95,196.22,30.374217,130.959968,269.94,269.94,1
683.7,45.95,196.22,30.374217,130.959968,269.94,269.94,1
683.77,45.95,196.22,30.374217,130.959968,269.94,269.94,1
683.83,45.95,196.22,30.374217,130.959968,269.94,269.94,1
683.9,45.95,196.22,30.374217,130.959968,269.94,269.94,1
683.97,45.95,196.22,30.374217,130.959968,269.94,269.94,1
684.04,45.95,196.22,30.374217,130.959968,269.94,269.94,1
684.11,45.95,196.22,30.374217,130.959968,269.94,269.94,1
684.18,45.95,196.22,30.374217,130.959968,269.94,269.94,1
684.25,45.95,196.22,30.374217,130.959968,269.94,269.94,1
684.31,45.95,196.22,30.374217,130.959968,269.94,269.94,1
684.38,45.95,196.22,30.374217,130.959968,269.94,269.94,1
684.45,45.95,196.22,30.374217,130.959968,269.94,269.94,1
684.52,45.95,196.22,30.374217,130.959968,269.94,269.94,1
684.59,45.95,196.22,30.374217,130.959968,269.94,269.94,1
684.65,45.95,196.22,30.374217,130.959968,269.94,269.94,1
684.72,45.95,196.22,30.374217,130.959968,269.94,269.94,1
684.79,45.95,196.22,30.374217,130.959968,269.94,269.94,1
684.85,45.95,196.22,30.374217,130.959968,269.94,269.94,1
684.92,45.95,196.22,30.374217,130.959968,269.94,269.94,1
684.98,45.95,196.22,30.374217,130.959968,269.94,269.94,1
685.05,45.95,196.22,30.374217,130.959968,269.94,269.94,1
685.12,45.95,196.22,30.374217,130.959968,269.94,269.94,1
685.19,45.95,196.22,30.374217,130.959968,269.94,269.94,1
685.26,45.95,196.22,30.374217,130.959968,269.94,269.94,1
685.32,45.95,196.22,30.374217,130.959968,269.94,269.94,1
685.39,45.95,196.22,30.374217,130.959968,269.94,269.94,1
685.46,45.95,196.22,30.374217,130.959968,269.94,269.94,1
685.53,45.95,196.22,30.374217,130.959968,269.94,269.94,1
685.6,45.95,196.22,30.374217,130.959968,269.94,269.94,1
685.66,45.95,196.22,30.374217,130.959968,269.94,269.94,1
685.73,45.95,196.22,30.374217,130.959968,269.94,269.94,1
685.79,45.95,196.22,30.374217,130.959968,269.94,269.94,1
685.86,45.95,196.22,30.374217,130.959968,269.94,269.94,1
685.93,45.95,196.22,30.374217,130.959968,269.94,269.94,1
686.0,45.95,196.22,30.374217,130.959968,269.94,269.94,1
686.06,45.95,196.22,30.374217,130.959968,269.94,269.94,1
686.13,45.95,196.22,30.374217,130.959968,269.94,269.94,1
686.2,45.95,196.22,30.374217,130.959968,269.94,269.94,1
686.26,45.95,196.22,30.374217,130.959968,269.94,269.94,1
686.33,46.13,196.16,30.374217,130.959968,269.94,269.94,1
686.4,46.13,196.16,30.374217,130.959968,269.94,269.94,1
686.47,46.13,196.16,30.374217,130.959968,269.94,269.94,1
686.54,46.13,196.16,30.374217,130.959968,269.94,269.94,1
686.6,46.13,196.16,30.374217,130.959968,269.94,269.94,1
686.67,46.13,196.16,30.374217,130.959968,269.94,269.94,1
686.74,46.13,196.16,30.374217,130.959968,269.94,269.94,1
686.81,46.13,196.16,30.374217,130.959968,269.94,269.94,1
686.87,46.13,196.16,30.374217,130.959968,269.94,269.94,1
686.94,46.13,196.16,30.374217,130.959968,269.94,269.94,1
687.0,46.13,196.16,30.374217,130.959968,269.94,269.94,1
687.07,46.13,196.16,30.374217,130.959968,269.94,269.94,1
687.14,46.13,196.16,30.374217,130.959968,269.94,269.94,1
687.21,46.13,196.16,30.374217,130.959968,269.94,269.94,1
687.28,46.13,196.16,30.374217,130.959968,269.94,269.94,1
687.35,46.13,196.16,30.374217,130.959968,269.94,269.94,1
687.42,46.13,196.16,30.374217,130.959968,269.94,269.94,1
687.48,46.13,196.16,30.374217,130.959968,269.94,269.94,1
687.55,46.13,196.16,30.374217,130.959968,269.94,269.94,1
687.62,46.13,196.16,30.374217,130.959968,269.94,269.94,1
687.69,46.13,196.16,30.374217,130.959968,269.94,269.94,1
687.75,46.13,196.16,30.374217,130.959968,269.94,269.94,1
687.82,46.13,196.16,30.374217,130.959968,269.94,269.94,1
687.89,46.13,196.16,30.374217,130.959968,269.94,269.94,1
687.95,46.13,196.16,30.374217,130.959968,269.94,269.94,1
688.02,46.13,196.16,30.374217,130.959968,269.94,269.94,1
688.09,46.13,196.16,30.374217,130.959968,269.94,269.94,1
688.15,46.13,196.16,30.374217,130.959968,269.94,269.94,1
688.22,46.13,196.16,30.374217,130.959968,269.94,269.94,1
688.29,46.13,196.16,30.374217,130.959968,269.94,269.94,1
688.35,46.13,196.16,30.374217,130.959968,269.94,269.94,1
688.42,46.13,196.16,30.374217,130.959968,269.94,269.94,1
688.49,46.13,196.16,30.374217,130.959968,269.94,269.94,1
688.56,46.13,196.16,30.374217,130.959968,269.94,269.94,1
688.63,46.13,196.16,30.374217,130.959968,269.94,269.94,1
688.7,46.13,196.16,30.374217,130.959968,269.94,269.94,1
688.76,46.13,196.16,30.374217,130.959968,269.94,269.94,1
688.83,46.13,196.16,30.374217,130.959968,269.94,269.94,1
688.9,46.13,196.16,30.374217,130.959968,269.94,269.94,1
688.97,46.13,196.16,30.374217,130.959968,269.94,269.94,1
689.04,46.13,196.16,30.374217,130.959968,269.94,269.94,1
689.11,46.13,196.16,30.374217,130.959968,269.94,269.94,1
689.18,46.13,196.16,30.374217,130.959968,269.94,269.94,1
689.24,46.13,196.16,30.374217,130.959968,269.94,269.94,1
689.31,46.13,196.16,30.374217,130.959968,269.94,269.94,1
689.38,46.13,196.16,30.374217,130.959968,269.94,269.94,1
689.45,46.13,196.16,30.374217,130.959968,269.94,269.94,1
689.52,46.13,196.16,30.374217,130.959968,269.94,269.94,1
689.59,46.13,196.16,30.374217,130.959968,269.94,269.94,1
689.66,46.13,196.16,30.374217,130.959968,269.94,269.94,1
689.73,46.13,196.16,30.374217,130.959968,269.94,269.94,1
689.8,46.13,196.16,30.374217,130.959968,269.94,269.94,1
689.86,46.13,196.16,30.374217,130.959968,269.94,269.94,1
689.93,46.13,196.16,30.374217,130.959968,269.94,269.94,1
689.99,46.13,196.16,30.374217,130.959968,269.94,269.94,1
690.06,46.13,196.16,30.374217,130.959968,269.94,269.94,1
690.13,46.13,196.16,30.374217,130.959968,269.94,269.94,1
690.19,46.13,196.16,30.374217,130.959968,269.94,269.94,1
690.26,46.13,196.16,30.374217,130.959968,269.94,269.94,1
690.33,46.13,196.16,30.374217,130.959968,269.94,269.94,1
690.39,46.17,196.35,30.374217,130.959968,269.94,269.94,1
690.46,46.17,196.35,30.374217,130.959968,269.94,269.94,1
690.52,46.17,196.35,30.374217,130.959968,269.94,269.94,1
690.59,46.17,196.35,30.374217,130.959968,269.94,269.94,1
690.66,46.17,196.35,30.374217,130.959968,269.94,269.94,1
690.72,46.17,196.35,30.374217,130.959968,269.94,269.94,1
690.79,46.17,196.35,30.374217,130.959968,269.94,269.94,1
690.86,46.17,196.35,30.374217,130.959968,269.94,269.94,1
690.93,46.17,196.35,30.374217,130.959968,269.94,269.94,1
691.0,46.17,196.35,30.374217,130.959968,269.94,269.94,1
691.07,46.17,196.35,30.374217,130.959968,269.94,269.94,1
691.13,46.17,196.35,30.374217,130.959968,269.94,269.94,1
691.2,46.17,196.35,30.374217,130.959968,269.94,269.94,1
691.26,46.17,196.35,30.374217,130.959968,269.94,269.94,1
691.33,46.17,196.35,30.374217,130.959968,269.94,269.94,1
691.4,46.13,196.16,30.374217,130.959968,269.94,269.94,1
691.46,46.13,196.16,30.374217,130.959968,269.94,269.94,1
691.53,46.13,196.16,30.374217,130.959968,269.94,269.94,1
691.6,46.13,196.16,30.374217,130.959968,269.94,269.94,1
691.67,46.13,196.16,30.374217,130.959968,269.94,269.94,1
691.73,46.13,196.16,30.374217,130.959968,269.94,269.94,1
691.8,46.13,196.16,30.374217,130.959968,269.94,269.94,1
691.87,46.13,196.16,30.374217,130.959968,269.94,269.94,1
691.94,46.13,196.16,30.374217,130.959968,269.94,269.94,1
692.01,46.13,196.16,30.374217,130.959968,269.94,269.94,1
692.07,46.13,196.16,30.374217,130.959968,269.94,269.94,1
692.14,46.13,196.16,30.374217,130.959968,269.94,269.94,1
692.21,46.13,196.16,30.374217,130.959968,269.94,269.94,1
692.27,46.13,196.16,30.374217,130.959968,269.94,269.94,1
692.34,46.13,196.16,30.374217,130.959968,269.94,269.94,1
692.41,46.08,195.97,30.374217,130.959968,269.94,269.94,1
692.47,46.08,195.97,30.374217,130.959968,269.94,269.94,1
692.54,46.08,195.97,30.374217,130.959968,269.94,269.94,1
692.61,46.08,195.97,30.374217,130.959968,269.94,269.94,1
692.68,46.08,195.97,30.374217,130.959968,269.94,269.94,1
692.75,46.08,195.97,30.374217,130.959968,269.94,269.94,1
692.82,46.08,195.97,30.374217,130.959968,269.94,269.94,1
692.89,46.08,195.97,30.374217,130.959968,269.94,269.94,1
692.95,46.08,195.97,30.374217,130.959968,269.94,269.94,1
693.02,46.08,195.97,30.374217,130.959968,269.94,269.94,1
693.09,46.08,195.97,30.374217,130.959968,269.94,269.94,1
693.15,46.08,195.97,30.374217,130.959968,269.94,269.94,1
693.22,46.08,195.97,30.374217,130.959968,269.94,269.94,1
693.29,46.08,195.97,30.374217,130.959968,269.94,269.94,1
693.36,46.08,195.97,30.374217,130.959968,269.94,269.94,1
693.42,45.86,195.84,30.374217,130.959968,269.94,269.94,1
693.49,45.86,195.84,30.374217,130.959968,269.94,269.94,1
693.56,45.86,195.84,30.374217,130.959968,269.94,269.94,1
693.62,45.86,195.84,30.374217,130.959968,269.94,269.94,1
693.69,45.86,195.84,30.374217,130.959968,269.94,269.94,1
693.76,45.86,195.84,30.374217,130.959968,269.94,269.94,1
693.83,45.86,195.84,30.374217,130.959968,269.94,269.94,1
693.9,45.86,195.84,30.374217,130.959968,269.94,269.94,1
693.96,45.86,195.84,30.374217,130.959968,269.94,269.94,1
694.03,45.86,195.84,30.374217,130.959968,269.94,269.94,1
694.1,45.86,195.84,30.374217,130.959968,269.94,269.94,1
694.17,45.86,195.84,30.374217,130.959968,269.94,269.94,1
694.24,45.86,195.84,30.374217,130.959968,269.94,269.94,1
694.31,45.86,195.84,30.374217,130.959968,269.94,269.94,1
694.38,45.86,195.84,30.374217,130.959968,269.94,269.94,1
694.45,45.46,195.77,30.374217,130.959968,269.94,269.94,1
694.51,45.46,195.77,30.374217,130.959968,269.94,269.94,1
694.58,45.46,195.77,30.374217,130.959968,269.94,269.94,1
694.65,45.46,195.77,30.374217,130.959968,269.94,269.94,1
694.72,45.46,195.77,30.374217,130.959968,269.94,269.94,1
694.79,45.46,195.77,30.374217,130.959968,269.94,269.94,1
694.86,45.46,195.77,30.374217,130.959968,269.94,269.94,1
694.93,45.46,195.77,30.374217,130.959968,269.94,269.94,1
695.0,45.46,195.77,30.374217,130.959968,269.94,269.94,1
695.07,45.46,195.77,30.374217,130.959968,269.94,269.94,1
695.13,45.46,195.77,30.374217,130.959968,269.94,269.94,1
695.2,45.46,195.77,30.374217,130.959968,269.94,269.94,1
695.27,45.46,195.77,30.374217,130.959968,269.94,269.94,1
695.33,45.46,195.77,30.374217,130.959968,269.94,269.94,1
695.4,45.46,195.77,30.374217,130.959968,269.94,269.94,1
695.48,45.2,195.45,30.374217,130.959968,269.94,269.94,1
695.55,45.2,195.45,30.374217,130.959968,269.94,269.94,1
695.61,45.2,195.45,30.374217,130.959968,269.94,269.94,1
695.68,45.2,195.45,30.374217,130.959968,269.94,269.94,1
695.75,45.2,195.45,30.374217,130.959968,269.94,269.94,1
695.82,45.2,195.45,30.374217,130.959968,269.94,269.94,1
695.89,45.2,195.45,30.374217,130.959968,269.94,269.94,1
695.95,45.2,195.45,30.374217,130.959968,269.94,269.94,1
696.02,45.2,195.45,30.374217,130.959968,269.94,269.94,1
696.09,45.2,195.45,30.374217,130.959968,269.94,269.94,1
696.15,45.2,195.45,30.374217,130.959968,269.94,269.94,1
696.22,45.2,195.45,30.374217,130.959968,269.94,269.94,1
696.29,45.2,195.45,30.374217,130.959968,269.94,269.94,1
696.36,45.2,195.45,30.374217,130.959968,269.94,269.94,1
696.42,45.11,195.05,30.374217,130.959968,269.94,269.94,1
696.5,45.11,195.05,30.374217,130.959968,269.94,269.94,1
696.57,45.11,195.05,30.374217,130.959968,269.94,269.94,1
696.64,45.11,195.05,30.374217,130.959968,269.94,269.94,1
696.71,45.11,195.05,30.374217,130.959968,269.94,269.94,1
696.78,45.11,195.05,30.374217,130.959968,269.94,269.94,1
696.85,45.11,195.05,30.374217,130.959968,269.94,269.94,1
696.91,45.11,195.05,30.374217,130.959968,269.94,269.94,1
696.98,45.11,195.05,30.374217,130.959968,269.94,269.94,1
697.05,45.11,195.05,30.374217,130.959968,269.94,269.94,1
697.12,45.11,195.05,30.374217,130.959968,269.94,269.94,1
697.19,45.11,195.05,30.374217,130.959968,269.94,269.94,1
697.26,45.11,195.05,30.374217,130.959968,269.94,269.94,1
697.32,45.11,195.05,30.374217,130.959968,269.94,269.94,1
697.39,45.11,195.05,30.374217,130.959968,269.94,269.94,1
697.46,44.99,194.46,30.374217,130.959968,269.94,269.94,1
697.52,44.99,194.46,30.374217,130.959968,269.94,269.94,1
697.59,44.99,194.46,30.374217,130.959968,269.94,269.94,1
697.66,44.99,194.46,30.374217,130.959968,269.94,269.94,1
697.72,44.99,194.46,30.374217,130.959968,269.94,269.94,1
697.79,44.99,194.46,30.374217,130.959968,269.94,269.94,1
697.85,44.99,194.46,30.374217,130.959968,269.94,269.94,1
697.92,44.99,194.46,30.374217,130.959968,269.94,269.94,1
697.99,44.99,194.46,30.374217,130.959968,269.94,269.94,1
698.05,44.99,194.46,30.374217,130.959968,269.94,269.94,1
698.12,44.99,194.46,30.374217,130.959968,269.94,269.94,1
698.19,44.99,194.46,30.374217,130.959968,269.94,269.94,1
698.25,44.99,194.46,30.374217,130.959968,269.94,269.94,1
698.32,44.99,194.46,30.374217,130.959968,269.94,269.94,1
698.38,44.99,194.46,30.374217,130.959968,269.94,269.94,1
698.45,44.95,194.27,30.374217,130.959968,269.94,269.94,1
698.52,44.95,194.27,30.374217,130.959968,269.94,269.94,1
698.59,44.95,194.27,30.374217,130.959968,269.94,269.94,1
698.66,44.95,194.27,30.374217,130.959968,269.94,269.94,1
698.72,44.95,194.27,30.374217,130.959968,269.94,269.94,1
698.79,44.95,194.27,30.374217,130.959968,269.94,269.94,1
698.86,44.95,194.27,30.374217,130.959968,269.94,269.94,1
698.93,44.95,194.27,30.374217,130.959968,269.94,269.94,1
699.0,44.95,194.27,30.374217,130.959968,269.94,269.94,1
699.07,44.95,194.27,30.374217,130.959968,269.94,269.94,1
699.14,44.95,194.27,30.374217,130.959968,269.94,269.94,1
699.22,44.95,194.27,30.374217,130.959968,269.94,269.94,1
699.28,44.95,194.27,30.374217,130.959968,269.94,269.94,1
699.35,44.95,194.27,30.374217,130.959968,269.94,269.94,1
699.42,44.95,194.27,30.374217,130.959968,269.94,269.94,1
699.49,44.69,193.93,30.374217,130.959968,269.94,269.94,1
699.56,44.69,193.93,30.374217,130.959968,269.94,269.94,1
699.62,44.69,193.93,30.374217,130.959968,269.94,269.94,1
699.69,44.69,193.93,30.374217,130.959968,269.94,269.94,1
699.76,44.69,193.93,30.374217,130.959968,269.94,269.94,1
699.83,44.69,193.93,30.374217,130.959968,269.94,269.94,1
699.9,44.69,193.93,30.374217,130.959968,269.94,269.94,1
699.97,44.69,193.93,30.374217,130.959968,269.94,269.94,1
700.03,44.69,193.93,30.374217,130.959968,269.94,269.94,1
700.1,44.69,193.93,30.374217,130.959968,269.94,269.94,1
700.17,44.69,193.93,30.374217,130.959968,269.94,269.94,1
700.23,44.69,193.93,30.374217,130.959968,269.94,269.94,1
700.3,44.69,193.93,30.374217,130.959968,269.94,269.94,1
700.37,44.69,193.93,30.374217,130.959968,269.94,269.94,1
700.43,44.69,193.93,30.374217,130.959968,269.94,269.94,1
700.5,44.87,193.87,30.374217,130.959968,269.94,269.94,1
700.57,44.87,193.87,30.374217,130.959968,269.94,269.94,1
700.64,44.87,193.87,30.374217,130.959968,269.94,269.94,1
700.71,44.87,193.87,30.374217,130.959968,269.94,269.94,1
700.78,44.87,193.87,30.374217,130.959968,269.94,269.94,1
700.85,44.87,193.87,30.374217,130.959968,269.94,269.94,1
700.91,44.87,193.87,30.374217,130.959968,269.94,269.94,1
700.98,44.87,193.87,30.374217,130.959968,269.94,269.94,1
701.05,44.87,193.87,30.374217,130.959968,269.94,269.94,1
701.12,44.87,193.87,30.374217,130.959968,269.94,269.94,1
701.18,44.87,193.87,30.374217,130.959968,269.94,269.94,1
701.25,44.87,193.87,30.374217,130.959968,269.94,269.94,1
701.32,44.69,193.93,30.374217,130.959968,269.94,269.94,1
701.38,44.69,193.93,30.374217,130.959968,269.94,269.94,1
701.45,44.69,193.93,30.374217,130.959968,269.94,269.94,1
701.52,44.69,193.93,30.374217,130.959968,269.94,269.94,1
701.59,44.69,193.93,30.374217,130.959968,269.94,269.94,1
701.66,44.69,193.93,30.374217,130.959968,269.94,269.94,1
701.73,44.69,193.93,30.374217,130.959968,269.94,269.94,1
701.8,44.69,193.93,30.374217,130.959968,269.94,269.94,1
701.86,44.69,193.93,30.374217,130.959968,269.94,269.94,1
701.93,44.69,193.93,30.374217,130.959968,269.94,269.94,1
702.0,44.69,193.93,30.374217,130.959968,269.94,269.94,1
702.07,44.69,193.93,30.374217,130.959968,269.94,269.94,1
702.14,44.69,193.93,30.374217,130.959968,269.94,269.94,1
702.2,44.69,193.93,30.374217,130.959968,269.94,269.94,1
702.27,44.69,193.93,30.374217,130.959968,269.94,269.94,1
702.34,44.91,194.07,30.374217,130.959968,269.94,269.94,1
702.4,44.91,194.07,30.374217,130.959968,269.94,269.94,1
702.47,44.91,194.07,30.374217,130.959968,269.94,269.94,1
702.54,44.91,194.07,30.374217,130.959968,269.94,269.94,1
702.61,44.91,194.07,30.374217,130.959968,269.94,269.94,1
702.68,44.91,194.07,30.374217,130.959968,269.94,269.94,1
702.75,44.91,194.07,30.374217,130.959968,269.94,269.94,1
702.81,44.91,194.07,30.374217,130.959968,269.94,269.94,1
702.88,44.91,194.07,30.374217,130.959968,269.94,269.94,1
702.95,44.91,194.07,30.374217,130.959968,269.94,269.94,1
703.02,44.91,194.07,30.374217,130.959968,269.94,269.94,1
703.09,44.91,194.07,30.374217,130.959968,269.94,269.94,1
703.16,44.91,194.07,30.374217,130.959968,269.94,269.94,1
703.22,44.91,194.07,30.374217,130.959968,269.94,269.94,1
703.29,44.91,194.07,30.374217,130.959968,269.94,269.94,1
703.36,44.91,194.07,30.374217,130.959968,269.94,269.94,1
703.42,44.91,194.07,30.374217,130.959968,269.94,269.94,1
703.49,44.91,194.07,30.374217,130.959968,269.94,269.94,1
703.56,45.23,193.76,30.374217,130.959968,269.94,269.94,1
703.63,45.23,193.76,30.374217,130.959968,269.94,269.94,1
703.7,45.23,193.76,30.374217,130.959968,269.94,269.94,1
703.77,45.23,193.76,30.374217,130.959968,269.94,269.94,1
703.84,45.23,193.76,30.374217,130.959968,269.94,269.94,1
703.9,45.23,193.76,30.374217,130.959968,269.94,269.94,1
703.97,45.23,193.76,30.374217,130.959968,269.94,269.94,1
704.04,45.23,193.76,30.374217,130.959968,269.94,269.94,1
704.11,45.23,193.76,30.374217,130.959968,269.94,269.94,1
704.18,45.23,193.76,30.374217,130.959968,269.94,269.94,1
704.25,45.23,193.76,30.374217,130.959968,269.94,269.94,1
704.31,45.23,193.76,30.374217,130.959968,269.94,269.94,1
704.38,45.27,193.95,30.374217,130.959968,269.94,269.94,1
704.44,45.27,193.95,30.374217,130.959968,269.94,269.94,1
704.51,45.27,193.95,30.374217,130.959968,269.94,269.94,1
704.58,45.27,193.95,30.374217,130.959968,269.94,269.94,1
704.64,45.27,193.95,30.374217,130.959968,269.94,269.94,1
704.71,45.27,193.95,30.374217,130.959968,269.94,269.94,1
704.77,45.27,193.95,30.374217,130.959968,269.94,269.94,1
704.84,45.27,193.95,30.374217,130.959968,269.94,269.94,1
704.91,45.27,193.95,30.374217,130.959968,269.94,269.94,1
704.98,45.27,193.95,30.374217,130.959968,269.94,269.94,1
705.05,45.27,193.95,30.374217,130.959968,269.94,269.94,1
705.12,45.27,193.95,30.374217,130.959968,269.94,269.94,1
705.19,45.27,193.95,30.374217,130.959968,269.94,269.94,1
705.25,45.27,193.95,30.374217,130.959968,269.94,269.94,1
705.32,45.27,193.95,30.374217,130.959968,269.94,269.94,1
705.39,45.21,194.6,30.374217,130.959968,269.94,269.94,1
705.45,45.21,194.6,30.374217,130.959968,269.94,269.94,1
705.52,45.21,194.6,30.374217,130.959968,269.94,269.94,1
705.59,45.21,194.6,30.374217,130.959968,269.94,269.94,1
705.65,45.21,194.6,30.374217,130.959968,269.94,269.94,1
705.72,45.21,194.6,30.374217,130.959968,269.94,269.94,1
705.78,45.21,194.6,30.374217,130.959968,269.94,269.94,1
705.85,45.21,194.6,30.374217,130.959968,269.94,269.94,1
705.92,45.21,194.6,30.374217,130.959968,269.94,269.94,1
705.99,45.21,194.6,30.374217,130.959968,269.94,269.94,1
706.06,45.21,194.6,30.374217,130.959968,269.94,269.94,1
706.13,45.21,194.6,30.374217,130.959968,269.94,269.94,1
706.19,45.21,194.6,30.374217,130.959968,269.94,269.94,1
706.26,45.21,194.6,30.374217,130.959968,269.94,269.94,1
706.33,45.21,194.6,30.374217,130.959968,269.94,269.94,1
706.4,45.25,194.8,30.374217,130.959968,269.94,269.94,1
706.46,45.25,194.8,30.374217,130.959968,269.94,269.94,1
706.53,45.25,194.8,30.374217,130.959968,269.94,269.94,1
706.6,45.25,194.8,30.374217,130.959968,269.94,269.94,1
706.66,45.25,194.8,30.374217,130.959968,269.94,269.94,1
706.73,45.25,194.8,30.374217,130.959968,269.94,269.94,1
706.8,45.25,194.8,30.374217,130.959968,269.94,269.94,1
706.86,45.25,194.8,30.374217,130.959968,269.94,269.94,1
706.93,45.25,194.8,30.374217,130.959968,269.94,269.94,1
707.0,45.25,194.8,30.374217,130.959968,269.94,269.94,1
707.07,45.25,194.8,30.374217,130.959968,269.94,269.94,1
707.14,45.25,194.8,30.374217,130.959968,269.94,269.94,1
707.21,45.25,194.8,30.374217,130.959968,269.94,269.94,1
707.28,45.25,194.8,30.374217,130.959968,269.94,269.94,1
707.35,45.25,194.8,30.374217,130.959968,269.94,269.94,1
707.41,44.23,194.5,30.374217,130.959968,269.94,269.94,1
707.48,44.23,194.5,30.374217,130.959968,269.94,269.94,1
707.55,44.23,194.5,30.374217,130.959968,269.94,269.94,1
707.62,44.23,194.5,30.374217,130.959968,269.94,269.94,1
707.68,44.23,194.5,30.374217,130.959968,269.94,269.94,1
707.75,44.23,194.5,30.374217,130.959968,269.94,269.94,1
707.82,44.23,194.5,30.374217,130.959968,269.94,269.94,1
707.88,44.23,194.5,30.374217,130.959968,269.94,269.94,1
707.95,44.23,194.5,30.374217,130.959968,269.94,269.94,1
708.02,44.23,194.5,30.374217,130.959968,269.94,269.94,1
708.09,44.23,194.5,30.374217,130.959968,269.94,269.94,1
708.16,44.23,194.5,30.374217,130.959968,269.94,269.94,1
708.23,44.23,194.5,30.374217,130.959968,269.94,269.94,1
708.3,44.23,194.5,30.374217,130.959968,269.94,269.94,1
708.36,44.23,194.5,30.374217,130.959968,269.94,269.94,1
708.43,44.09,194.76,30.374217,130.959968,269.94,269.94,1
708.5,44.09,194.76,30.374217,130.959968,269.94,269.94,1
708.57,44.09,194.76,30.374217,130.959968,269.94,269.94,1
708.63,44.09,194.76,30.374217,130.959968,269.94,269.94,1
708.7,44.09,194.76,30.374217,130.959968,269.94,269.94,1
708.77,44.09,194.76,30.374217,130.959968,269.94,269.94,1
708.84,44.09,194.76,30.374217,130.959968,269.94,269.94,1
708.9,44.09,194.76,30.374217,130.959968,269.94,269.94,1
708.97,44.09,194.76,30.374217,130.959968,269.94,269.94,1
709.04,44.09,194.76,30.374217,130.959968,269.94,269.94,1
709.11,44.09,194.76,30.374217,130.959968,269.94,269.94,1
709.18,44.09,194.76,30.374217,130.959968,269.94,269.94,1
709.25,44.09,194.76,30.374217,130.959968,269.94,269.94,1
709.32,44.09,194.76,30.374217,130.959968,269.94,269.94,1
709.39,44.31,194.9,30.374217,130.959968,269.94,269.94,1
709.46,44.31,194.9,30.374217,130.959968,269.94,269.94,1
709.52,44.31,194.9,30.374217,130.959968,269.94,269.94,1
709.59,44.31,194.9,30.374217,130.959968,269.94,269.94,1
709.66,44.31,194.9,30.374217,130.959968,269.94,269.94,1
709.73,44.31,194.9,30.374217,130.959968,269.94,269.94,1
709.8,44.31,194.9,30.374217,130.959968,269.94,269.94,1
709.87,44.31,194.9,30.374217,130.959968,269.94,269.94,1
709.93,44.31,194.9,30.374217,130.959968,269.94,269.94,1
710.01,44.31,194.9,30.374217,130.959968,269.94,269.94,1
710.08,44.31,194.9,30.374217,130.959968,269.94,269.94,1
710.15,44.31,194.9,30.374217,130.959968,269.94,269.94,1
710.21,44.31,194.9,30.374217,130.959968,269.94,269.94,1
710.28,44.31,194.9,30.374217,130.959968,269.94,269.94,1
710.35,44.31,194.9,30.374217,130.959968,269.94,269.94,1
710.42,44.35,195.1,30.374217,130.959968,269.94,269.94,1
710.48,44.35,195.1,30.374217,130.959968,269.94,269.94,1
710.55,44.35,195.1,30.374217,130.959968,269.94,269.94,1
710.62,44.35,195.1,30.374217,130.959968,269.94,269.94,1
710.68,44.35,195.1,30.374217,130.959968,269.94,269.94,1
710.75,44.35,195.1,30.374217,130.959968,269.94,269.94,1
710.82,44.35,195.1,30.374217,130.959968,269.94,269.94,1
710.88,44.35,195.1,30.374217,130.959968,269.94,269.94,1
710.95,44.35,195.1,30.374217,130.959968,269.94,269.94,1
711.02,44.35,195.1,30.374217,130.959968,269.94,269.94,1
711.09,44.35,195.1,30.374217,130.959968,269.94,269.94,1
711.16,44.35,195.1,30.374217,130.959968,269.94,269.94,1
711.23,44.35,195.1,30.374217,130.959968,269.94,269.94,1
711.3,44.35,195.1,30.374217,130.959968,269.94,269.94,1
711.37,44.35,195.1,30.374217,130.959968,269.94,269.94,1
711.43,44.31,194.9,30.374217,130.959968,269.94,269.94,1
711.5,44.31,194.9,30.374217,130.959968,269.94,269.94,1
711.57,44.31,194.9,30.374217,130.959968,269.94,269.94,1
711.63,44.31,194.9,30.374217,130.959968,269.94,269.94,1
711.7,44.31,194.9,30.374217,130.959968,269.94,269.94,1
711.76,44.31,194.9,30.374217,130.959968,269.94,269.94,1
711.83,44.31,194.9,30.374217,130.959968,269.94,269.94,1
711.9,44.31,194.9,30.374217,130.959968,269.94,269.94,1
711.97,44.31,194.9,30.374217,130.959968,269.94,269.94,1
712.04,44.31,194.9,30.374217,130.959968,269.94,269.94,1
712.1,44.31,194.9,30.374217,130.959968,269.94,269.94,1
712.17,44.31,194.9,30.374217,130.959968,269.94,269.94,1
712.24,44.31,194.9,30.374217,130.959968,269.94,269.94,1
712.31,44.31,194.9,30.374217,130.959968,269.94,269.94,1
712.38,44.31,194.9,30.374217,130.959968,269.94,269.94,1
712.44,44.27,194.7,30.374217,130.959968,269.94,269.94,1
712.51,44.27,194.7,30.374217,130.959968,269.94,269.94,1
712.58,44.27,194.7,30.374217,130.959968,269.94,269.94,1
712.64,44.27,194.7,30.374217,130.959968,269.94,269.94,1
712.71,44.27,194.7,30.374217,130.959968,269.94,269.94,1
712.78,44.27,194.7,30.374217,130.959968,269.94,269.94,1
712.85,44.27,194.7,30.374217,130.959968,269.94,269.94,1
712.92,44.27,194.7,30.374217,130.959968,269.94,269.94,1
712.98,44.27,194.7,30.374217,130.959968,269.94,269.94,1
713.05,44.27,194.7,30.374217,130.959968,269.94,269.94,1
713.12,44.27,194.7,30.374217,130.959968,269.94,269.94,1
713.19,44.27,194.7,30.374217,130.959968,269.94,269.94,1
713.25,44.27,194.7,30.374217,130.959968,269.94,269.94,1
713.32,44.27,194.7,30.374217,130.959968,269.94,269.94,1
713.39,44.27,194.7,30.374217,130.959968,269.94,269.94,1
713.46,44.41,194.44,30.374217,130.959968,269.94,269.94,1
713.52,44.41,194.44,30.374217,130.959968,269.94,269.94,1
713.59,44.41,194.44,30.374217,130.959968,269.94,269.94,1
713.66,44.41,194.44,30.374217,130.959968,269.94,269.94,1
713.72,44.41,194.44,30.374217,130.959968,269.94,269.94,1
713.79,44.41,194.44,30.374217,130.959968,269.94,269.94,1
713.86,44.41,194.44,30.374217,130.959968,269.94,269.94,1
713.93,44.41,194.44,30.374217,130.959968,269.94,269.94,1
714.0,44.41,194.44,30.374217,130.959968,269.94,269.94,1
714.07,44.41,194.44,30.374217,130.959968,269.94,269.94,1
714.14,44.41,194.44,30.374217,130.959968,269.94,269.94,1
714.21,44.41,194.44,30.374217,130.959968,269.94,269.94,1
714.28,44.41,194.44,30.374217,130.959968,269.94,269.94,1
714.35,44.41,194.44,30.374217,130.959968,269.94,269.94,1
714.42,44.41,194.44,30.374217,130.959968,269.94,269.94,1
714.48,44.55,194.18,30.374217,130.959968,269.94,269.94,1
714.55,44.55,194.18,30.374217,130.959968,269.94,269.94,1
714.62,44.55,194.18,30.374217,130.959968,269.94,269.94,1
714.69,44.55,194.18,30.374217,130.959968,269.94,269.94,1
714.76,44.55,194.18,30.374217,130.959968,269.94,269.94,1
714.83,44.55,194.18,30.374217,130.959968,269.94,269.94,1
714.89,44.55,194.18,30.374217,130.959968,269.94,269.94,1
714.96,44.55,194.18,30.374217,130.959968,269.94,269.94,1
715.03,44.55,194.18,30.374217,130.959968,269.94,269.94,1
715.09,44.55,194.18,30.374217,130.959968,269.94,269.94,1
715.16,44.55,194.18,30.374217,130.959968,269.94,269.94,1
715.23,44.55,194.18,30.374217,130.959968,269.94,269.94,1
715.3,44.55,194.18,30.374217,130.959968,269.94,269.94,1
715.36,44.55,194.18,30.374217,130.959968,269.94,269.94,1
715.43,44.55,194.18,30.374217,130.959968,269.94,269.94,1
715.5,44.73,194.13,30.374217,130.959968,269.94,269.94,1
715.57,44.73,194.13,30.374217,130.959968,269.94,269.94,1
715.64,44.73,194.13,30.374217,130.959968,269.94,269.94,1
715.71,44.73,194.13,30.374217,130.959968,269.94,269.94,1
715.78,44.73,194.13,30.374217,130.959968,269.94,269.94,1
715.84,44.73,194.13,30.374217,130.959968,269.94,269.94,1
715.91,44.73,194.13,30.374217,130.959968,269.94,269.94,1
715.98,44.73,194.13,30.374217,130.959968,269.94,269.94,1
716.05,44.73,194.13,30.374217,130.959968,269.94,269.94,1
716.12,44.73,194.13,30.374217,130.959968,269.94,269.94,1
716.18,44.73,194.13,30.374217,130.959968,269.94,269.94,1
716.25,44.73,194.13,30.374217,130.959968,269.94,269.94,1
716.32,44.69,193.93,30.374217,130.959968,269.94,269.94,1
716.39,44.69,193.93,30.374217,130.959968,269.94,269.94,1
716.46,44.69,193.93,30.374217,130.959968,269.94,269.94,1
716.53,44.69,193.93,30.374217,130.959968,269.94,269.94,1
716.61,44.69,193.93,30.374217,130.959968,269.94,269.94,1
716.68,44.69,193.93,30.374217,130.959968,269.94,269.94,1
716.74,44.69,193.93,30.374217,130.959968,269.94,269.94,1
716.81,44.69,193.93,30.374217,130.959968,269.94,269.94,1
716.88,44.69,193.93,30.374217,130.959968,269.94,269.94,1
716.94,44.69,193.93,30.374217,130.959968,269.94,269.94,1
717.01,44.69,193.93,30.374217,130.959968,269.94,269.94,1
717.07,44.69,193.93,30.374217,130.959968,269.94,269.94,1
717.14,44.69,193.93,30.374217,130.959968,269.94,269.94,1
717.21,44.69,193.93,30.374217,130.959968,269.94,269.94,1
717.27,44.69,193.93,30.374217,130.959968,269.94,269.94,1
717.34,44.43,193.58,30.374217,130.959968,269.94,269.94,1
717.41,44.43,193.58,30.374217,130.959968,269.94,269.94,1
717.48,44.43,193.58,30.374217,130.959968,269.94,269.94,1
717.54,44.43,193.58,30.374217,130.959968,269.94,269.94,1
717.61,44.43,193.58,30.374217,130.959968,269.94,269.94,1
717.68,44.43,193.58,30.374217,130.959968,269.94,269.94,1
717.75,44.43,193.58,30.374217,130.959968,269.94,269.94,1
717.81,44.43,193.58,30.374217,130.959968,269.94,269.94,1
717.88,44.43,193.58,30.374217,130.959968,269.94,269.94,1
717.95,44.43,193.58,30.374217,130.959968,269.94,269.94,1
718.02,44.43,193.58,30.374217,130.959968,269.94,269.94,1
718.09,44.43,193.58,30.374217,130.959968,269.94,269.94,1
718.16,44.43,193.58,30.374217,130.959968,269.94,269.94,1
718.23,44.43,193.58,30.374217,130.959968,269.94,269.94,1
718.3,44.43,193.58,30.374217,130.959968,269.94,269.94,1
718.36,44.58,193.33,30.374217,130.959968,269.94,269.94,1
718.43,44.58,193.33,30.374217,130.959968,269.94,269.94,1
718.5,44.58,193.33,30.374217,130.959968,269.94,269.94,1
718.57,44.58,193.33,30.374217,130.959968,269.94,269.94,1
718.64,44.58,193.33,30.374217,130.959968,269.94,269.94,1
718.7,44.58,193.33,30.374217,130.959968,269.94,269.94,1
718.77,44.58,193.33,30.374217,130.959968,269.94,269.94,1
718.84,44.58,193.33,30.374217,130.959968,269.94,269.94,1
718.9,44.58,193.33,30.374217,130.959968,269.94,269.94,1
718.97,44.58,193.33,30.374217,130.959968,269.94,269.94,1
719.04,44.58,193.33,30.374217,130.959968,269.94,269.94,1
719.11,44.58,193.33,30.374217,130.959968,269.94,269.94,1
719.18,44.58,193.33,30.374217,130.959968,269.94,269.94,1
719.24,44.58,193.33,30.374217,130.959968,269.94,269.94,1
719.31,44.36,193.18,30.374217,130.959968,269.94,269.94,1
719.38,44.36,193.18,30.374217,130.959968,269.94,269.94,1
719.44,44.36,193.18,30.374217,130.959968,269.94,269.94,1
719.51,44.36,193.18,30.374217,130.959968,269.94,269.94,1
719.58,44.36,193.18,30.374217,130.959968,269.94,269.94,1
719.65,44.36,193.18,30.374217,130.959968,269.94,269.94,1
719.71,44.36,193.18,30.374217,130.959968,269.94,269.94,1
719.78,44.36,193.18,30.374217,130.959968,269.94,269.94,1
719.85,44.36,193.18,30.374217,130.959968,269.94,269.94,1
719.92,44.36,193.18,30.374217,130.959968,269.94,269.94,1
719.98,44.36,193.18,30.374217,130.959968,269.94,269.94,1
720.05,44.36,193.18,30.374217,130.959968,269.94,269.94,1
720.12,44.36,193.18,30.374217,130.959968,269.94,269.94,1
720.18,44.36,193.18,30.374217,130.959968,269.94,269.94,1
720.25,44.36,193.18,30.374217,130.959968,269.94,269.94,1
720.32,44.36,193.18,30.374217,130.959968,269.94,269.94,1
720.39,44.43,193.58,30.374217,130.959968,269.94,269.94,1
720.46,44.43,193.58,30.374217,130.959968,269.94,269.94,1
720.53,44.43,193.58,30.374217,130.959968,269.94,269.94,1
720.59,44.43,193.58,30.374217,130.959968,269.94,269.94,1
720.66,44.43,193.58,30.374217,130.959968,269.94,269.94,1
720.73,44.43,193.58,30.374217,130.959968,269.94,269.94,1
720.8,44.43,193.58,30.374217,130.959968,269.94,269.94,1
720.86,44.43,193.58,30.374217,130.959968,269.94,269.94,1
720.93,44.43,193.58,30.374217,130.959968,269.94,269.94,1
720.99,44.43,193.58,30.374217,130.959968,269.94,269.94,1
721.06,44.43,193.58,30.374217,130.959968,269.94,269.94,1
721.13,44.43,193.58,30.374217,130.959968,269.94,269.94,1
721.2,44.43,193.58,30.374217,130.959968,269.94,269.94,1
721.26,44.43,193.58,30.374217,130.959968,269.94,269.94,1
721.33,44.43,193.58,30.374217,130.959968,269.94,269.94,1
721.4,44.47,193.78,30.374217,130.959968,269.94,269.94,1
721.47,44.47,193.78,30.374217,130.959968,269.94,269.94,1
721.54,44.47,193.78,30.374217,130.959968,269.94,269.94,1
721.61,44.47,193.78,30.374217,130.959968,269.94,269.94,1
721.67,44.47,193.78,30.374217,130.959968,269.94,269.94,1
721.74,44.47,193.78,30.374217,130.959968,269.94,269.94,1
721.81,44.47,193.78,30.374217,130.959968,269.94,269.94,1
721.87,44.47,193.78,30.374217,130.959968,269.94,269.94,1
721.94,44.47,193.78,30.374217,130.959968,269.94,269.94,1
722.01,44.47,193.78,30.374217,130.959968,269.94,269.94,1
722.07,44.47,193.78,30.374217,130.959968,269.94,269.94,1
722.14,44.47,193.78,30.374217,130.959968,269.94,269.94,1
722.21,44.47,193.78,30.374217,130.959968,269.94,269.94,1
722.28,44.47,193.78,30.374217,130.959968,269.94,269.94,1
722.34,44.47,193.78,30.374217,130.959968,269.94,269.94,1
722.41,44.65,193.73,30.374217,130.959968,269.94,269.94,1
722.48,44.65,193.73,30.374217,130.959968,269.94,269.94,1
722.55,44.65,193.73,30.374217,130.959968,269.94,269.94,1
722.62,44.65,193.73,30.374217,130.959968,269.94,269.94,1
722.69,44.65,193.73,30.374217,130.959968,269.94,269.94,1
722.76,44.65,193.73,30.374217,130.959968,269.94,269.94,1
722.82,44.65,193.73,30.374217,130.959968,269.94,269.94,1
722.89,44.65,193.73,30.374217,130.959968,269.94,269.94,1
722.95,44.65,193.73,30.374217,130.959968,269.94,269.94,1
723.02,44.65,193.73,30.374217,130.959968,269.94,269.94,1
723.09,44.65,193.73,30.374217,130.959968,269.94,269.94,1
723.16,44.65,193.73,30.374217,130.959968,269.94,269.94,1
723.23,44.65,193.73,30.374217,130.959968,269.94,269.94,1
723.3,44.65,193.73,30.374217,130.959968,269.94,269.94,1
723.37,44.87,193.87,30.374217,130.959968,269.94,269.94,1
723.44,44.87,193.87,30.374217,130.959968,269.94,269.94,1
723.5,44.87,193.87,30.374217,130.959968,269.94,269.94,1
723.57,44.87,193.87,30.374217,130.959968,269.94,269.94,1
723.64,44.87,193.87,30.374217,130.959968,269.94,269.94,1
723.71,44.87,193.87,30.374217,130.959968,269.94,269.94,1
723.78,44.87,193.87,30.374217,130.959968,269.94,269.94,1
723.84,44.87,193.87,30.374217,130.959968,269.94,269.94,1
723.91,44.87,193.87,30.374217,130.959968,269.94,269.94,1
723.97,44.87,193.87,30.374217,130.959968,269.94,269.94,1
724.04,44.87,193.87,30.374217,130.959968,269.94,269.94,1
724.11,44.87,193.87,30.374217,130.959968,269.94,269.94,1
724.17,44.87,193.87,30.374217,130.959968,269.94,269.94,1
724.24,44.87,193.87,30.374217,130.959968,269.94,269.94,1
724.31,44.87,193.87,30.374217,130.959968,269.94,269.94,1
724.38,44.87,193.87,30.374217,130.959968,269.94,269.94,1
724.45,45.05,193.81,30.374217,130.959968,269.94,269.94,1
724.51,45.05,193.81,30.374217,130.959968,269.94,269.94,1
724.58,45.05,193.81,30.374217,130.959968,269.94,269.94,1
724.66,45.05,193.81,30.374217,130.959968,269.94,269.94,1
724.72,45.05,193.81,30.374217,130.959968,269.94,269.94,1
724.79,45.05,193.81,30.374217,130.959968,269.94,269.94,1
724.86,45.05,193.81,30.374217,130.959968,269.94,269.94,1
724.92,45.05,193.81,30.374217,130.959968,269.94,269.94,1
724.99,45.05,193.81,30.374217,130.959968,269.94,269.94,1
725.06,45.05,193.81,30.374217,130.959968,269.94,269.94,1
725.12,45.05,193.81,30.374217,130.959968,269.94,269.94,1
725.19,45.05,193.81,30.374217,130.959968,269.94,269.94,1
725.26,45.05,193.81,30.374217,130.959968,269.94,269.94,1
725.32,45.05,193.81,30.374217,130.959968,269.94,269.94,1
725.39,45.05,193.81,30.374217,130.959968,269.94,269.94,1
725.46,45.05,193.81,30.374217,130.959968,269.94,269.94,1
725.53,45.05,193.81,30.374217,130.959968,269.94,269.94,1
725.6,45.05,193.81,30.374217,130.959968,269.94,269.94,1
725.67,45.05,193.81,30.374217,130.959968,269.94,269.94,1
725.73,45.05,193.81,30.374217,130.959968,269.94,269.94,1
725.8,45.05,193.81,30.374217,130.959968,269.94,269.94,1
725.87,45.05,193.81,30.374217,130.959968,269.94,269.94,1
725.93,45.05,193.81,30.374217,130.959968,269.94,269.94,1
726.0,45.05,193.81,30.374217,130.959968,269.94,269.94,1
726.06,45.05,193.81,30.374217,130.959968,269.94,269.94,1
726.13,45.05,193.81,30.374217,130.959968,269.94,269.94,1
726.2,45.05,193.81,30.374217,130.959968,269.94,269.94,1
726.27,45.05,193.81,30.374217,130.959968,269.94,269.94,1
726.34,45.05,193.81,30.374217,130.959968,269.94,269.94,1
726.41,45.05,193.81,30.374217,130.959968,269.94,269.94,1
726.47,45.05,193.81,30.374217,130.959968,269.94,269.94,1
726.54,45.05,193.81,30.374217,130.959968,269.94,269.94,1
726.61,45.05,193.81,30.374217,130.959968,269.94,269.94,1
726.68,45.05,193.81,30.374217,130.959968,269.94,269.94,1
726.75,45.05,193.81,30.374217,130.959968,269.94,269.94,1
726.81,45.05,193.81,30.374217,130.959968,269.94,269.94,1
726.88,45.05,193.81,30.374217,130.959968,269.94,269.94,1
726.95,45.05,193.81,30.374217,130.959968,269.94,269.94,1
727.01,45.05,193.81,30.374217,130.959968,269.94,269.94,1
727.08,45.05,193.81,30.374217,130.959968,269.94,269.94,1
727.14,45.05,193.81,30.374217,130.959968,269.94,269.94,1
727.21,45.05,193.81,30.374217,130.959968,269.94,269.94,1
727.28,45.05,193.81,30.374217,130.959968,269.94,269.94,1
727.35,45.05,193.81,30.374217,130.959968,269.94,269.94,1
727.42,45.05,193.81,30.374217,130.959968,269.94,269.94,1
727.49,45.05,193.81,30.374217,130.959968,269.94,269.94,1
727.56,45.05,193.81,30.374217,130.959968,269.94,269.94,1
727.62,45.05,193.81,30.374217,130.959968,269.94,269.94,1
727.7,45.05,193.81,30.374217,130.959968,269.94,269.94,1
727.77,45.05,193.81,30.374217,130.959968,269.94,269.94,1
727.83,45.05,193.81,30.374217,130.959968,269.94,269.94,1
727.9,45.05,193.81,30.374217,130.959968,269.94,269.94,1
727.97,45.05,193.81,30.374217,130.959968,269.94,269.94,1
728.04,45.05,193.81,30.374217,130.959968,269.94,269.94,1
728.11,45.05,193.81,30.374217,130.959968,269.94,269.94,1
728.17,45.05,193.81,30.374217,130.959968,269.94,269.94,1
728.24,45.05,193.81,30.374217,130.959968,269.94,269.94,1
728.31,44.87,193.87,30.374217,130.959968,269.94,269.94,1
728.37,44.87,193.87,30.374217,130.959968,269.94,269.94,1
728.44,44.87,193.87,30.374217,130.959968,269.94,269.94,1
728.51,44.87,193.87,30.374217,130.959968,269.94,269.94,1
728.58,44.87,193.87,30.374217,130.959968,269.94,269.94,1
728.64,44.87,193.87,30.374217,130.959968,269.94,269.94,1
728.72,44.87,193.87,30.374217,130.959968,269.94,269.94,1
728.79,44.87,193.87,30.374217,130.959968,269.94,269.94,1
728.86,44.87,193.87,30.374217,130.959968,269.94,269.94,1
728.92,44.87,193.87,30.374217,130.959968,269.94,269.94,1
728.99,44.87,193.87,30.374217,130.959968,269.94,269.94,1
729.06,44.87,193.87,30.374217,130.959968,269.94,269.94,1
729.13,44.87,193.87,30.374217,130.959968,269.94,269.94,1
729.2,44.87,193.87,30.374217,130.959968,269.94,269.94,1
729.27,44.87,193.87,30.374217,130.959968,269.94,269.94,1
729.33,44.87,193.87,30.374217,130.959968,269.94,269.94,1
729.4,44.87,193.87,30.374217,130.959968,269.94,269.94,1
729.47,44.65,193.73,30.374217,130.959968,269.94,269.94,1
729.53,44.65,193.73,30.374217,130.959968,269.94,269.94,1
729.6,44.65,193.73,30.374217,130.959968,269.94,269.94,1
729.67,44.65,193.73,30.374217,130.959968,269.94,269.94,1
729.74,44.65,193.73,30.374217,130.959968,269.94,269.94,1
729.81,44.65,193.73,30.374217,130.959968,269.94,269.94,1
729.88,44.65,193.73,30.374217,130.959968,269.94,269.94,1
729.95,44.65,193.73,30.374217,130.959968,269.94,269.94,1
730.02,44.65,193.73,30.374217,130.959968,269.94,269.94,1
730.09,44.65,193.73,30.374217,130.959968,269.94,269.94,1
730.16,44.65,193.73,30.374217,130.959968,269.94,269.94,1
730.23,44.65,193.73,30.374217,130.959968,269.94,269.94,1
730.29,44.65,193.73,30.374217,130.959968,269.94,269.94,1
730.36,44.65,193.73,30.374217,130.959968,269.94,269.94,1
730.43,44.65,193.73,30.374217,130.959968,269.94,269.94,1
730.5,44.65,193.73,30.374217,130.959968,269.94,269.94,1
730.56,44.65,193.73,30.374217,130.959968,269.94,269.94,1
730.63,44.65,193.73,30.374217,130.959968,269.94,269.94,1
730.7,44.65,193.73,30.374217,130.959968,269.94,269.94,1
730.76,44.65,193.73,30.374217,130.959968,269.94,269.94,1
730.83,44.65,193.73,30.374217,130.959968,269.94,269.94,1
730.9,44.65,193.73,30.374217,130.959968,269.94,269.94,1
730.97,44.65,193.73,30.374217,130.959968,269.94,269.94,1
731.04,44.65,193.73,30.374217,130.959968,269.94,269.94,1
731.1,44.65,193.73,30.374217,130.959968,269.94,269.94,1
731.17,44.65,193.73,30.374217,130.959968,269.94,269.94,1
731.25,44.65,193.73,30.374217,130.959968,269.94,269.94,1
731.31,44.47,193.78,30.374217,130.959968,269.94,269.94,1
731.38,44.47,193.78,30.374217,130.959968,269.94,269.94,1
731.45,44.47,193.78,30.374217,130.959968,269.94,269.94,1
731.51,44.47,193.78,30.374217,130.959968,269.94,269.94,1
731.58,44.47,193.78,30.374217,130.959968,269.94,269.94,1
731.64,44.47,193.78,30.374217,130.959968,269.94,269.94,1
731.71,44.47,193.78,30.374217,130.959968,269.94,269.94,1
731.78,44.47,193.78,30.374217,130.959968,269.94,269.94,1
731.85,44.47,193.78,30.374217,130.959968,269.94,269.94,1
731.91,44.47,193.78,30.374217,130.959968,269.94,269.94,1
731.98,44.47,193.78,30.374217,130.959968,269.94,269.94,1
732.05,44.47,193.78,30.374217,130.959968,269.94,269.94,1
732.12,44.47,193.78,30.374217,130.959968,269.94,269.94,1
732.19,44.47,193.78,30.374217,130.959968,269.94,269.94,1
732.26,44.47,193.78,30.374217,130.959968,269.94,269.94,1
732.33,44.62,193.53,30.374217,130.959968,269.94,269.94,1
732.39,44.62,193.53,30.374217,130.959968,269.94,269.94,1
732.46,44.62,193.53,30.374217,130.959968,269.94,269.94,1
732.53,44.62,193.53,30.374217,130.959968,269.94,269.94,1
732.6,44.62,193.53,30.374217,130.959968,269.94,269.94,1
732.67,44.62,193.53,30.374217,130.959968,269.94,269.94,1
732.74,44.62,193.53,30.374217,130.959968,269.94,269.94,1
732.8,44.62,193.53,30.374217,130.959968,269.94,269.94,1
732.87,44.62,193.53,30.374217,130.959968,269.94,269.94,1
732.93,44.62,193.53,30.374217,130.959968,269.94,269.94,1
733.0,44.62,193.53,30.374217,130.959968,269.94,269.94,1
733.07,44.62,193.53,30.374217,130.959968,269.94,269.94,1
733.13,44.62,193.53,30.374217,130.959968,269.94,269.94,1
733.2,44.62,193.53,30.374217,130.959968,269.94,269.94,1
733.27,44.62,193.53,30.374217,130.959968,269.94,269.94,1
733.34,44.43,193.58,30.374217,130.959968,269.94,269.94,1
733.4,44.43,193.58,30.374217,130.959968,269.94,269.94,1
733.47,44.43,193.58,30.374217,130.959968,269.94,269.94,1
733.54,44.43,193.58,30.374217,130.959968,269.94,269.94,1
733.61,44.43,193.58,30.374217,130.959968,269.94,269.94,1
733.68,44.43,193.58,30.374217,130.959968,269.94,269.94,1
733.74,44.43,193.58,30.374217,130.959968,269.94,269.94,1
733.81,44.43,193.58,30.374217,130.959968,269.94,269.94,1
733.87,44.43,193.58,30.374217,130.959968,269.94,269.94,1
733.94,44.43,193.58,30.374217,130.959968,269.94,269.94,1
734.01,44.43,193.58,30.374217,130.959968,269.94,269.94,1
734.07,44.43,193.58,30.374217,130.959968,269.94,269.94,1
734.14,44.43,193.58,30.374217,130.959968,269.94,269.94,1
734.21,44.43,193.58,30.374217,130.959968,269.94,269.94,1
734.28,44.43,193.58,30.374217,130.959968,269.94,269.94,1
734.35,44.4,193.38,30.374217,130.959968,269.94,269.94,1
734.42,44.4,193.38,30.374217,130.959968,269.94,269.94,1
734.48,44.4,193.38,30.374217,130.959968,269.94,269.94,1
734.55,44.4,193.38,30.374217,130.959968,269.94,269.94,1
734.62,44.4,193.38,30.374217,130.959968,269.94,269.94,1
734.69,44.4,193.38,30.374217,130.959968,269.94,269.94,1
734.75,44.4,193.38,30.374217,130.959968,269.94,269.94,1
734.82,44.4,193.38,30.374217,130.959968,269.94,269.94,1
734.88,44.4,193.38,30.374217,130.959968,269.94,269.94,1
734.95,44.4,193.38,30.374217,130.959968,269.94,269.94,1
735.02,44.4,193.38,30.374217,130.959968,269.94,269.94,1
735.08,44.4,193.38,30.374217,130.959968,269.94,269.94,1
735.15,44.4,193.38,30.374217,130.959968,269.94,269.94,1
735.22,44.4,193.38,30.374217,130.959968,269.94,269.94,1
735.29,44.4,193.38,30.374217,130.959968,269.94,269.94,1
735.35,44.36,193.18,30.374217,130.959968,269.94,269.94,1
735.42,44.36,193.18,30.374217,130.959968,269.94,269.94,1
735.49,44.36,193.18,30.374217,130.959968,269.94,269.94,1
735.56,44.36,193.18,30.374217,130.959968,269.94,269.94,1
735.63,44.36,193.18,30.374217,130.959968,269.94,269.94,1
735.69,44.36,193.18,30.374217,130.959968,269.94,269.94,1
735.76,44.36,193.18,30.374217,130.959968,269.94,269.94,1
735.83,44.36,193.18,30.374217,130.959968,269.94,269.94,1
735.89,44.36,193.18,30.374217,130.959968,269.94,269.94,1
735.96,44.36,193.18,30.374217,130.959968,269.94,269.94,1
736.03,44.36,193.18,30.374217,130.959968,269.94,269.94,1
736.09,44.36,193.18,30.374217,130.959968,269.94,269.94,1
736.16,44.36,193.18,30.374217,130.959968,269.94,269.94,1
736.23,44.36,193.18,30.374217,130.959968,269.94,269.94,1
736.3,44.36,193.18,30.374217,130.959968,269.94,269.94,1
736.37,44.58,193.33,30.374217,130.959968,269.94,269.94,1
736.43,44.58,193.33,30.374217,130.959968,269.94,269.94,1
736.5,44.58,193.33,30.374217,130.959968,269.94,269.94,1
736.57,44.58,193.33,30.374217,130.959968,269.94,269.94,1
736.64,44.58,193.33,30.374217,130.959968,269.94,269.94,1
736.71,44.58,193.33,30.374217,130.959968,269.94,269.94,1
736.78,44.58,193.33,30.374217,130.959968,269.94,269.94,1
736.85,44.58,193.33,30.374217,130.959968,269.94,269.94,1
736.92,44.58,193.33,30.374217,130.959968,269.94,269.94,1
736.99,44.58,193.33,30.374217,130.959968,269.94,269.94,1
737.06,44.58,193.33,30.374217,130.959968,269.94,269.94,1
737.13,44.58,193.33,30.374217,130.959968,269.94,269.94,1
737.19,44.58,193.33,30.374217,130.959968,269.94,269.94,1
737.26,44.58,193.33,30.374217,130.959968,269.94,269.94,1
737.33,44.58,193.33,30.374217,130.959968,269.94,269.94,1
737.4,44.4,193.38,30.374217,130.959968,269.94,269.94,1
737.47,44.4,193.38,30.374217,130.959968,269.94,269.94,1
737.53,44.4,193.38,30.374217,130.959968,269.94,269.94,1
737.6,44.4,193.38,30.374217,130.959968,269.94,269.94,1
737.67,44.4,193.38,30.374217,130.959968,269.94,269.94,1
737.73,44.4,193.38,30.374217,130.959968,269.94,269.94,1
737.8,44.4,193.38,30.374217,130.959968,269.94,269.94,1
737.87,44.4,193.38,30.374217,130.959968,269.94,269.94,1
737.94,44.4,193.38,30.374217,130.959968,269.94,269.94,1
738.01,44.4,193.38,30.374217,130.959968,269.94,269.94,1
738.08,44.4,193.38,30.374217,130.959968,269.94,269.94,1
738.15,44.4,193.38,30.374217,130.959968,269.94,269.94,1
738.21,44.4,193.38,30.374217,130.959968,269.94,269.94,1
738.28,44.4,193.38,30.374217,130.959968,269.94,269.94,1
738.35,44.4,193.38,30.374217,130.959968,269.94,269.94,1
738.41,44.4,193.38,30.374217,130.959968,269.94,269.94,1
738.48,44.4,193.38,30.374217,130.959968,269.94,269.94,1
738.55,44.4,193.38,30.374217,130.959968,269.94,269.94,1
738.61,44.4,193.38,30.374217,130.959968,269.94,269.94,1
738.68,44.4,193.38,30.374217,130.959968,269.94,269.94,1
738.75,44.4,193.38,30.374217,130.959968,269.94,269.94,1
738.81,44.4,193.38,30.374217,130.959968,269.94,269.94,1
738.88,44.4,193.38,30.374217,130.959968,269.94,269.94,1
738.94,44.4,193.38,30.374217,130.959968,269.94,269.94,1
739.01,44.4,193.38,30.374217,130.959968,269.94,269.94,1
739.08,44.4,193.38,30.374217,130.959968,269.94,269.94,1
739.15,44.4,193.38,30.374217,130.959968,269.94,269.94,1
739.22,44.4,193.38,30.374217,130.959968,269.94,269.94,1
739.29,44.4,193.38,30.374217,130.959968,269.94,269.94,1
739.36,44.4,193.38,30.374217,130.959968,269.94,269.94,1
739.43,44.25,193.64,30.374217,130.959968,269.94,269.94,1
739.49,44.25,193.64,30.374217,130.959968,269.94,269.94,1
739.56,44.25,193.64,30.374217,130.959968,269.94,269.94,1
739.63,44.25,193.64,30.374217,130.959968,269.94,269.94,1
739.69,44.25,193.64,30.374217,130.959968,269.94,269.94,1
739.76,44.25,193.64,30.374217,130.959968,269.94,269.94,1
739.83,44.25,193.64,30.374217,130.959968,269.94,269.94,1
739.89,44.25,193.64,30.374217,130.959968,269.94,269.94,1
739.96,44.25,193.64,30.374217,130.959968,269.94,269.94,1
740.03,44.25,193.64,30.374217,130.959968,269.94,269.94,1
740.1,44.25,193.64,30.374217,130.959968,269.94,269.94,1
740.17,44.25,193.64,30.374217,130.959968,269.94,269.94,1
740.23,44.25,193.64,30.374217,130.959968,269.94,269.94,1
740.31,44.25,193.64,30.374217,130.959968,269.94,269.94,1
740.38,44.25,193.64,30.374217,130.959968,269.94,269.94,1
740.45,44.43,193.58,30.374217,130.959968,269.94,269.94,1
740.51,44.43,193.58,30.374217,130.959968,269.94,269.94,1
740.58,44.43,193.58,30.374217,130.959968,269.94,269.94,1
740.65,44.43,193.58,30.374217,130.959968,269.94,269.94,1
740.71,44.43,193.58,30.374217,130.959968,269.94,269.94,1
740.78,44.43,193.58,30.374217,130.959968,269.94,269.94,1
740.84,44.43,193.58,30.374217,130.959968,269.94,269.94,1
740.91,44.43,193.58,30.374217,130.959968,269.94,269.94,1
740.98,44.43,193.58,30.374217,130.959968,269.94,269.94,1
741.04,44.43,193.58,30.374217,130.959968,269.94,269.94,1
741.11,44.43,193.58,30.374217,130.959968,269.94,269.94,1
741.18,44.43,193.58,30.374217,130.959968,269.94,269.94,1
741.24,44.43,193.58,30.374217,130.959968,269.94,269.94,1
741.31,44.43,193.58,30.374217,130.959968,269.94,269.94,1
741.37,44.43,193.58,30.374217,130.959968,269.94,269.94,1
741.44,44.43,193.58,30.374217,130.959968,269.94,269.94,1
741.51,44.43,193.58,30.374217,130.959968,269.94,269.94,1
741.58,44.43,193.58,30.374217,130.959968,269.94,269.94,1
741.65,44.43,193.58,30.374217,130.959968,269.94,269.94,1
741.71,44.43,193.58,30.374217,130.959968,269.94,269.94,1
741.78,44.43,193.58,30.374217,130.959968,269.94,269.94,1
741.85,44.43,193.58,30.374217,130.959968,269.94,269.94,1
741.92,44.43,193.58,30.374217,130.959968,269.94,269.94,1
741.99,44.43,193.58,30.374217,130.959968,269.94,269.94,1
742.06,44.43,193.58,30.374217,130.959968,269.94,269.94,1
742.12,44.43,193.58,30.374217,130.959968,269.94,269.94,1
742.19,44.43,193.58,30.374217,130.959968,269.94,269.94,1
742.25,44.43,193.58,30.374217,130.959968,269.94,269.94,1
742.32,44.43,193.58,30.374217,130.959968,269.94,269.94,1
742.39,44.43,193.58,30.374217,130.959968,269.94,269.94,1
742.46,44.25,193.64,30.374217,130.959968,269.94,269.94,1
742.53,44.25,193.64,30.374217,130.959968,269.94,269.94,1
742.6,44.25,193.64,30.374217,130.959968,269.94,269.94,1
742.67,44.25,193.64,30.374217,130.959968,269.94,269.94,1
742.73,44.25,193.64,30.374217,130.959968,269.94,269.94,1
742.8,44.25,193.64,30.374217,130.959968,269.94,269.94,1
742.87,44.25,193.64,30.374217,130.959968,269.94,269.94,1
742.94,44.25,193.64,30.374217,130.959968,269.94,269.94,1
743.0,44.25,193.64,30.374217,130.959968,269.94,269.94,1
743.07,44.25,193.64,30.374217,130.959968,269.94,269.94,1
743.13,44.25,193.64,30.374217,130.959968,269.94,269.94,1
743.2,44.25,193.64,30.374217,130.959968,269.94,269.94,1
743.27,44.25,193.64,30.374217,130.959968,269.94,269.94,1
743.34,44.25,193.64,30.374217,130.959968,269.94,269.94,1
743.4,44.25,193.64,30.374217,130.959968,269.94,269.94,1
743.48,44.25,193.64,30.374217,130.959968,269.94,269.94,1
743.55,44.25,193.64,30.374217,130.959968,269.94,269.94,1
743.61,44.25,193.64,30.374217,130.959968,269.94,269.94,1
743.68,44.25,193.64,30.374217,130.959968,269.94,269.94,1
743.75,44.25,193.64,30.374217,130.959968,269.94,269.94,1
743.82,44.25,193.64,30.374217,130.959968,269.94,269.94,1
743.89,44.25,193.64,30.374217,130.959968,269.94,269.94,1
743.96,44.25,193.64,30.374217,130.959968,269.94,269.94,1
744.02,44.25,193.64,30.374217,130.959968,269.94,269.94,1
744.09,44.25,193.64,30.374217,130.959968,269.94,269.94,1
744.16,44.25,193.64,30.374217,130.959968,269.94,269.94,1
744.22,44.25,193.64,30.374217,130.959968,269.94,269.94,1
744.29,44.25,193.64,30.374217,130.959968,269.94,269.94,1
744.36,44.25,193.64,30.374217,130.959968,269.94,269.94,1
744.43,44.25,193.64,30.374217,130.959968,269.94,269.94,1
744.5,44.25,193.64,30.374217,130.959968,269.94,269.94,1
744.57,44.25,193.64,30.374217,130.959968,269.94,269.94,1
744.64,44.25,193.64,30.374217,130.959968,269.94,269.94,1
744.71,44.25,193.64,30.374217,130.959968,269.94,269.94,1
744.78,44.25,193.64,30.374217,130.959968,269.94,269.94,1
744.85,44.25,193.64,30.374217,130.959968,269.94,269.94,1
744.92,44.25,193.64,30.374217,130.959968,269.94,269.94,1
744.99,44.25,193.64,30.374217,130.959968,269.94,269.94,1
745.05,44.25,193.64,30.374217,130.959968,269.94,269.94,1
745.12,44.25,193.64,30.374217,130.959968,269.94,269.94,1
745.19,44.25,193.64,30.374217,130.959968,269.94,269.94,1
745.26,44.25,193.64,30.374217,130.959968,269.94,269.94,1
745.32,44.25,193.64,30.374217,130.959968,269.94,269.94,1
745.39,44.25,193.64,30.374217,130.959968,269.94,269.94,1
745.45,44.25,193.64,30.374217,130.959968,269.94,269.94,1
745.52,44.07,193.7,30.374217,130.959968,269.94,269.94,1
745.59,44.07,193.7,30.374217,130.959968,269.94,269.94,1
745.65,44.07,193.7,30.374217,130.959968,269.94,269.94,1
745.72,44.07,193.7,30.374217,130.959968,269.94,269.94,1
745.79,44.07,193.7,30.374217,130.959968,269.94,269.94,1
745.85,44.07,193.7,30.374217,130.959968,269.94,269.94,1
745.92,44.07,193.7,30.374217,130.959968,269.94,269.94,1
745.99,44.07,193.7,30.374217,130.959968,269.94,269.94,1
746.06,44.07,193.7,30.374217,130.959968,269.94,269.94,1
746.12,44.07,193.7,30.374217,130.959968,269.94,269.94,1
746.19,44.07,193.7,30.374217,130.959968,269.94,269.94,1
746.26,44.07,193.7,30.374217,130.959968,269.94,269.94,1
746.33,44.07,193.7,30.374217,130.959968,269.94,269.94,1
746.4,44.07,193.7,30.374217,130.959968,269.94,269.94,1
746.46,44.07,193.7,30.374217,130.959968,269.94,269.94,1
746.53,43.89,193.75,30.374217,130.959968,269.94,269.94,1
746.6,43.89,193.75,30.374217,130.959968,269.94,269.94,1
746.66,43.89,193.75,30.374217,130.959968,269.94,269.94,1
746.73,43.89,193.75,30.374217,130.959968,269.94,269.94,1
746.79,43.89,193.75,30.374217,130.959968,269.94,269.94,1
746.86,43.89,193.75,30.374217,130.959968,269.94,269.94,1
746.93,43.89,193.75,30.374217,130.959968,269.94,269.94,1
746.99,43.89,193.75,30.374217,130.959968,269.94,269.94,1
747.06,43.89,193.75,30.374217,130.959968,269.94,269.94,1
747.13,43.89,193.75,30.374217,130.959968,269.94,269.94,1
747.2,43.89,193.75,30.374217,130.959968,269.94,269.94,1
747.27,43.89,193.75,30.374217,130.959968,269.94,269.94,1
747.34,43.89,193.75,30.374217,130.959968,269.94,269.94,1
747.41,43.89,193.75,30.374217,130.959968,269.94,269.94,1
747.47,43.89,193.75,30.374217,130.959968,269.94,269.94,1
747.54,43.89,193.75,30.374217,130.959968,269.94,269.94,1
747.61,43.89,193.75,30.374217,130.959968,269.94,269.94,1
747.67,43.89,193.75,30.374217,130.959968,269.94,269.94,1
747.74,43.89,193.75,30.374217,130.959968,269.94,269.94,1
747.8,43.89,193.75,30.374217,130.959968,269.94,269.94,1
747.87,43.89,193.75,30.374217,130.959968,269.94,269.94,1
747.94,43.89,193.75,30.374217,130.959968,269.94,269.94,1
748.0,43.89,193.75,30.374217,130.959968,269.94,269.94,1
748.07,43.89,193.75,30.374217,130.959968,269.94,269.94,1
748.14,43.89,193.75,30.374217,130.959968,269.94,269.94,1
748.21,43.89,193.75,30.374217,130.959968,269.94,269.94,1
748.27,43.89,193.75,30.374217,130.959968,269.94,269.94,1
748.34,43.93,193.96,30.374217,130.959968,269.94,269.94,1
748.41,43.93,193.96,30.374217,130.959968,269.94,269.94,1
748.48,43.93,193.96,30.374217,130.959968,269.94,269.94,1
748.55,43.93,193.96,30.374217,130.959968,269.94,269.94,1
748.62,43.93,193.96,30.374217,130.959968,269.94,269.94,1
748.68,43.93,193.96,30.374217,130.959968,269.94,269.94,1
748.75,43.93,193.96,30.374217,130.959968,269.94,269.94,1
748.82,43.93,193.96,30.374217,130.959968,269.94,269.94,1
748.89,43.93,193.96,30.374217,130.959968,269.94,269.94,1
748.96,43.93,193.96,30.374217,130.959968,269.94,269.94,1
749.03,43.93,193.96,30.374217,130.959968,269.94,269.94,1
749.1,43.93,193.96,30.374217,130.959968,269.94,269.94,1
749.17,43.93,193.96,30.374217,130.959968,269.94,269.94,1
749.24,43.93,193.96,30.374217,130.959968,269.94,269.94,1
749.31,43.93,193.96,30.374217,130.959968,269.94,269.94,1
749.38,43.93,193.96,30.374217,130.959968,269.94,269.94,1
749.44,43.93,193.96,30.374217,130.959968,269.94,269.94,1
749.51,43.93,193.96,30.374217,130.959968,269.94,269.94,1
749.58,43.93,193.96,30.374217,130.959968,269.94,269.94,1
749.64,43.93,193.96,30.374217,130.959968,269.94,269.94,1
749.71,43.93,193.96,30.374217,130.959968,269.94,269.94,1
749.78,43.93,193.96,30.374217,130.959968,269.94,269.94,1
749.85,43.93,193.96,30.374217,130.959968,269.94,269.94,1
749.91,43.93,193.96,30.374217,130.959968,269.94,269.94,1
749.98,43.93,193.96,30.374217,130.959968,269.94,269.94,1
750.05,43.93,193.96,30.374217,130.959968,269.94,269.94,1
750.12,43.93,193.96,30.374217,130.959968,269.94,269.94,1
750.19,43.93,193.96,30.374217,130.959968,269.94,269.94,1
750.25,43.93,193.96,30.374217,130.959968,269.94,269.94,1
750.32,43.93,193.96,30.374217,130.959968,269.94,269.94,1
750.39,43.93,193.96,30.374217,130.959968,269.94,269.94,1
750.46,43.93,193.96,30.374217,130.959968,269.94,269.94,1
750.53,43.93,193.96,30.374217,130.959968,269.94,269.94,1
750.59,43.93,193.96,30.374217,130.959968,269.94,269.94,1
750.66,43.93,193.96,30.374217,130.959968,269.94,269.94,1
750.73,43.93,193.96,30.374217,130.959968,269.94,269.94,1
750.8,43.93,193.96,30.374217,130.959968,269.94,269.94,1
750.87,43.93,193.96,30.374217,130.959968,269.94,269.94,1
750.94,43.93,193.96,30.374217,130.959968,269.94,269.94,1
751.0,43.93,193.96,30.374217,130.959968,269.94,269.94,1
751.07,43.93,193.96,30.374217,130.959968,269.94,269.94,1
751.14,43.93,193.96,30.374217,130.959968,269.94,269.94,1
751.2,43.93,193.96,30.374217,130.959968,269.94,269.94,1
751.27,43.93,193.96,30.374217,130.959968,269.94,269.94,1
751.34,43.93,193.96,30.374217,130.959968,269.94,269.94,1
751.41,43.97,194.16,30.374217,130.959968,269.94,269.94,1
751.48,43.97,194.16,30.374217,130.959968,269.94,269.94,1
751.55,43.97,194.16,30.374217,130.959968,269.94,269.94,1
751.63,43.97,194.16,30.374217,130.959968,269.94,269.94,1
751.7,43.97,194.16,30.374217,130.959968,269.94,269.94,1
751.76,43.97,194.16,30.374217,130.959968,269.94,269.94,1
751.83,43.97,194.16,30.374217,130.959968,269.94,269.94,1
751.9,43.97,194.16,30.374217,130.959968,269.94,269.94,1
751.96,43.97,194.16,30.374217,130.959968,269.94,269.94,1
752.03,43.97,194.16,30.374217,130.959968,269.94,269.94,1
752.1,43.97,194.16,30.374217,130.959968,269.94,269.94,1
752.16,43.97,194.16,30.374217,130.959968,269.94,269.94,1
752.23,43.97,194.16,30.374217,130.959968,269.94,269.94,1
752.29,43.97,194.16,30.374217,130.959968,269.94,269.94,1
752.36,43.93,193.96,30.374217,130.959968,269.94,269.94,1
752.43,43.93,193.96,30.374217,130.959968,269.94,269.94,1
752.5,43.93,193.96,30.374217,130.959968,269.94,269.94,1
752.57,43.93,193.96,30.374217,130.959968,269.94,269.94,1
752.64,43.93,193.96,30.374217,130.959968,269.94,269.94,1
752.71,43.93,193.96,30.374217,130.959968,269.94,269.94,1
752.78,43.93,193.96,30.374217,130.959968,269.94,269.94,1
752.84,43.93,193.96,30.374217,130.959968,269.94,269.94,1
752.91,43.93,193.96,30.374217,130.959968,269.94,269.94,1
752.98,43.93,193.96,30.374217,130.959968,269.94,269.94,1
753.05,43.93,193.96,30.374217,130.959968,269.94,269.94,1
753.12,43.93,193.96,30.374217,130.959968,269.94,269.94,1
753.18,43.93,193.96,30.374217,130.959968,269.94,269.94,1
753.25,43.93,193.96,30.374217,130.959968,269.94,269.94,1
753.31,43.93,193.96,30.374217,130.959968,269.94,269.94,1
753.38,43.93,193.96,30.374217,130.959968,269.94,269.94,1
753.45,43.93,193.96,30.374217,130.959968,269.94,269.94,1
753.51,43.93,193.96,30.374217,130.959968,269.94,269.94,1
753.58,43.93,193.96,30.374217,130.959968,269.94,269.94,1
753.65,43.93,193.96,30.374217,130.959968,269.94,269.94,1
753.71,43.93,193.96,30.374217,130.959968,269.94,269.94,1
753.79,43.93,193.96,30.374217,130.959968,269.94,269.94,1
753.85,43.93,193.96,30.374217,130.959968,269.94,269.94,1
753.92,43.93,193.96,30.374217,130.959968,269.94,269.94,1
753.99,43.93,193.96,30.374217,130.959968,269.94,269.94,1
754.06,43.93,193.96,30.374217,130.959968,269.94,269.94,1
754.13,43.93,193.96,30.374217,130.959968,269.94,269.94,1
754.2,43.93,193.96,30.374217,130.959968,269.94,269.94,1
754.27,43.93,193.96,30.374217,130.959968,269.94,269.94,1
754.34,43.93,193.96,30.374217,130.959968,269.94,269.94,1
754.41,43.97,194.16,30.374217,130.959968,269.94,269.94,1
754.47,43.97,194.16,30.374217,130.959968,269.94,269.94,1
754.54,43.97,194.16,30.374217,130.959968,269.94,269.94,1
754.61,43.97,194.16,30.374217,130.959968,269.94,269.94,1
754.68,43.97,194.16,30.374217,130.959968,269.94,269.94,1
754.75,43.97,194.16,30.374217,130.959968,269.94,269.94,1
754.82,43.97,194.16,30.374217,130.959968,269.94,269.94,1
754.88,43.97,194.16,30.374217,130.959968,269.94,269.94,1
754.95,43.97,194.16,30.374217,130.959968,269.94,269.94,1
755.02,43.97,194.16,30.374217,130.959968,269.94,269.94,1
755.09,43.97,194.16,30.374217,130.959968,269.94,269.94,1
755.15,43.97,194.16,30.374217,130.959968,269.94,269.94,1
755.22,43.97,194.16,30.374217,130.959968,269.94,269.94,1
755.29,43.97,194.16,30.374217,130.959968,269.94,269.94,1
755.35,43.97,194.16,30.374217,130.959968,269.94,269.94,1
755.42,43.87,194.62,30.374217,130.959968,269.94,269.94,1
755.49,43.87,194.62,30.374217,130.959968,269.94,269.94,1
755.55,43.87,194.62,30.374217,130.959968,269.94,269.94,1
755.62,43.87,194.62,30.374217,130.959968,269.94,269.94,1
755.69,43.87,194.62,30.374217,130.959968,269.94,269.94,1
755.76,43.87,194.62,30.374217,130.959968,269.94,269.94,1
755.82,43.87,194.62,30.374217,130.959968,269.94,269.94,1
755.89,43.87,194.62,30.374217,130.959968,269.94,269.94,1
755.97,43.87,194.62,30.374217,130.959968,269.94,269.94,1
756.04,43.87,194.62,30.374217,130.959968,269.94,269.94,1
756.11,43.87,194.62,30.374217,130.959968,269.94,269.94,1
756.18,43.87,194.62,30.374217,130.959968,269.94,269.94,1
756.25,43.87,194.62,30.374217,130.959968,269.94,269.94,1
756.32,43.87,194.62,30.374217,130.959968,269.94,269.94,1
756.38,43.87,194.62,30.374217,130.959968,269.94,269.94,1
756.45,43.79,194.22,30.374217,130.959968,269.94,269.94,1
756.52,43.79,194.22,30.374217,130.959968,269.94,269.94,1
756.59,43.79,194.22,30.374217,130.959968,269.94,269.94,1
756.65,43.79,194.22,30.374217,130.959968,269.94,269.94,1
756.72,43.79,194.22,30.374217,130.959968,269.94,269.94,1
756.78,43.79,194.22,30.374217,130.959968,269.94,269.94,1
756.85,43.79,194.22,30.374217,130.959968,269.94,269.94,1
756.92,43.79,194.22,30.374217,130.959968,269.94,269.94,1
756.99,43.79,194.22,30.374217,130.959968,269.94,269.94,1
757.05,43.79,194.22,30.374217,130.959968,269.94,269.94,1
757.12,43.79,194.22,30.374217,130.959968,269.94,269.94,1
757.19,43.79,194.22,30.374217,130.959968,269.94,269.94,1
757.26,43.79,194.22,30.374217,130.959968,269.94,269.94,1
757.33,43.79,194.22,30.374217,130.959968,269.94,269.94,1
757.4,43.79,194.22,30.374217,130.959968,269.94,269.94,1
757.47,43.87,194.62,30.374217,130.959968,269.94,269.94,1
757.54,43.87,194.62,30.374217,130.959968,269.94,269.94,1
757.61,43.87,194.62,30.374217,130.959968,269.94,269.94,1
757.68,43.87,194.62,30.374217,130.959968,269.94,269.94,1
757.74,43.87,194.62,30.374217,130.959968,269.94,269.94,1
757.81,43.87,194.62,30.374217,130.959968,269.94,269.94,1
757.88,43.87,194.62,30.374217,130.959968,269.94,269.94,1
757.95,43.87,194.62,30.374217,130.959968,269.94,269.94,1
758.02,43.87,194.62,30.374217,130.959968,269.94,269.94,1
758.08,43.87,194.62,30.374217,130.959968,269.94,269.94,1
758.15,43.87,194.62,30.374217,130.959968,269.94,269.94,1
758.22,43.87,194.62,30.374217,130.959968,269.94,269.94,1
758.29,43.87,194.62,30.374217,130.959968,269.94,269.94,1
758.36,43.87,194.62,30.374217,130.959968,269.94,269.94,1
758.43,43.87,194.62,30.374217,130.959968,269.94,269.94,1
758.49,43.83,194.42,30.374217,130.959968,269.94,269.94,1
758.56,43.83,194.42,30.374217,130.959968,269.94,269.94,1
758.63,43.83,194.42,30.374217,130.959968,269.94,269.94,1
758.7,43.83,194.42,30.374217,130.959968,269.94,269.94,1
758.76,43.83,194.42,30.374217,130.959968,269.94,269.94,1
758.83,43.83,194.42,30.374217,130.959968,269.94,269.94,1
758.9,43.83,194.42,30.374217,130.959968,269.94,269.94,1
758.97,43.83,194.42,30.374217,130.959968,269.94,269.94,1
759.03,43.83,194.42,30.374217,130.959968,269.94,269.94,1
759.1,43.83,194.42,30.374217,130.959968,269.94,269.94,1
759.17,43.83,194.42,30.374217,130.959968,269.94,269.94,1
759.23,43.83,194.42,30.374217,130.959968,269.94,269.94,1
759.3,43.83,194.42,30.374217,130.959968,269.94,269.94,1
759.36,43.83,194.42,30.374217,130.959968,269.94,269.94,1
759.43,43.83,194.42,30.374217,130.959968,269.94,269.94,1
759.5,43.83,194.42,30.374217,130.959968,269.94,269.94,1
759.56,43.83,194.42,30.374217,130.959968,269.94,269.94,1
759.63,43.83,194.42,30.374217,130.959968,269.94,269.94,1
759.7,43.83,194.42,30.374217,130.959968,269.94,269.94,1
759.76,43.83,194.42,30.374217,130.959968,269.94,269.94,1
759.83,43.83,194.42,30.374217,130.959968,269.94,269.94,1
759.9,43.83,194.42,30.374217,130.959968,269.94,269.94,1
759.97,43.83,194.42,30.374217,130.959968,269.94,269.94,1
760.04,43.83,194.42,30.374217,130.959968,269.94,269.94,1
760.11,43.83,194.42,30.374217,130.959968,269.94,269.94,1
760.18,43.83,194.42,30.374217,130.959968,269.94,269.94,1
760.25,43.83,194.42,30.374217,130.959968,269.94,269.94,1
760.31,43.83,194.42,30.374217,130.959968,269.94,269.94,1
760.38,43.83,194.42,30.374217,130.959968,269.94,269.94,1
760.45,43.83,194.42,30.374217,130.959968,269.94,269.94,1
760.51,43.83,194.42,30.374217,130.959968,269.94,269.94,1
760.58,43.83,194.42,30.374217,130.959968,269.94,269.94,1
760.65,43.83,194.42,30.374217,130.959968,269.94,269.94,1
760.71,43.83,194.42,30.374217,130.959968,269.94,269.94,1
760.78,43.83,194.42,30.374217,130.959968,269.94,269.94,1
760.85,43.83,194.42,30.374217,130.959968,269.94,269.94,1
760.91,43.83,194.42,30.374217,130.959968,269.94,269.94,1
760.98,43.83,194.42,30.374217,130.959968,269.94,269.94,1
761.05,43.83,194.42,30.374217,130.959968,269.94,269.94,1
761.12,43.83,194.42,30.374217,130.959968,269.94,269.94,1
761.19,43.83,194.42,30.374217,130.959968,269.94,269.94,1
761.25,43.83,194.42,30.374217,130.959968,269.94,269.94,1
761.32,43.83,194.42,30.374217,130.959968,269.94,269.94,1
761.39,43.83,194.42,30.374217,130.959968,269.94,269.94,1
761.46,43.83,194.42,30.374217,130.959968,269.94,269.94,1
761.52,43.87,194.62,30.374217,130.959968,269.94,269.94,1
761.59,43.87,194.62,30.374217,130.959968,269.94,269.94,1
761.66,43.87,194.62,30.374217,130.959968,269.94,269.94,1
761.72,43.87,194.62,30.374217,130.959968,269.94,269.94,1
761.79,43.87,194.62,30.374217,130.959968,269.94,269.94,1
761.86,43.87,194.62,30.374217,130.959968,269.94,269.94,1
761.93,43.87,194.62,30.374217,130.959968,269.94,269.94,1
762.0,43.87,194.62,30.374217,130.959968,269.94,269.94,1
762.06,43.87,194.62,30.374217,130.959968,269.94,269.94,1
762.13,43.87,194.62,30.374217,130.959968,269.94,269.94,1
762.2,43.87,194.62,30.374217,130.959968,269.94,269.94,1
762.27,43.87,194.62,30.374217,130.959968,269.94,269.94,1
762.34,44.27,194.7,30.374217,130.959968,269.94,269.94,1
762.4,44.27,194.7,30.374217,130.959968,269.94,269.94,1
762.47,44.27,194.7,30.374217,130.959968,269.94,269.94,1
762.54,44.27,194.7,30.374217,130.959968,269.94,269.94,1
762.6,44.27,194.7,30.374217,130.959968,269.94,269.94,1
762.67,44.27,194.7,30.374217,130.959968,269.94,269.94,1
762.73,44.27,194.7,30.374217,130.959968,269.94,269.94,1
762.8,44.27,194.7,30.374217,130.959968,269.94,269.94,1
762.87,44.27,194.7,30.374217,130.959968,269.94,269.94,1
762.94,44.27,194.7,30.374217,130.959968,269.94,269.94,1
763.01,44.27,194.7,30.374217,130.959968,269.94,269.94,1
763.07,44.27,194.7,30.374217,130.959968,269.94,269.94,1
763.14,44.27,194.7,30.374217,130.959968,269.94,269.94,1
763.21,44.27,194.7,30.374217,130.959968,269.94,269.94,1
763.28,44.27,194.7,30.374217,130.959968,269.94,269.94,1
763.35,44.67,194.78,30.374217,130.959968,269.94,269.94,1
763.41,44.67,194.78,30.374217,130.959968,269.94,269.94,1
763.48,44.67,194.78,30.374217,130.959968,269.94,269.94,1
763.55,44.67,194.78,30.374217,130.959968,269.94,269.94,1
763.61,44.67,194.78,30.374217,130.959968,269.94,269.94,1
763.68,44.67,194.78,30.374217,130.959968,269.94,269.94,1
763.75,44.67,194.78,30.374217,130.959968,269.94,269.94,1
763.82,44.67,194.78,30.374217,130.959968,269.94,269.94,1
763.88,44.67,194.78,30.374217,130.959968,269.94,269.94,1
763.95,44.67,194.78,30.374217,130.959968,269.94,269.94,1
764.02,44.67,194.78,30.374217,130.959968,269.94,269.94,1
764.09,44.67,194.78,30.374217,130.959968,269.94,269.94,1
764.16,44.67,194.78,30.374217,130.959968,269.94,269.94,1
764.23,44.67,194.78,30.374217,130.959968,269.94,269.94,1
764.3,44.67,194.78,30.374217,130.959968,269.94,269.94,1
764.36,44.67,194.78,30.374217,130.959968,269.94,269.94,1
764.43,44.67,194.78,30.374217,130.959968,269.94,269.94,1
764.5,44.67,194.78,30.374217,130.959968,269.94,269.94,1
764.56,44.71,194.98,30.374217,130.959968,269.94,269.94,1
764.63,44.71,194.98,30.374217,130.959968,269.94,269.94,1
764.7,44.71,194.98,30.374217,130.959968,269.94,269.94,1
764.77,44.71,194.98,30.374217,130.959968,269.94,269.94,1
764.83,44.71,194.98,30.374217,130.959968,269.94,269.94,1
764.91,44.71,194.98,30.374217,130.959968,269.94,269.94,1
764.98,44.71,194.98,30.374217,130.959968,269.94,269.94,1
765.04,44.71,194.98,30.374217,130.959968,269.94,269.94,1
765.11,44.71,194.98,30.374217,130.959968,269.94,269.94,1
765.18,44.71,194.98,30.374217,130.959968,269.94,269.94,1
765.25,44.71,194.98,30.374217,130.959968,269.94,269.94,1
765.32,44.71,194.98,30.374217,130.959968,269.94,269.94,1
765.39,44.75,195.18,30.374217,130.959968,269.94,269.94,1
765.46,44.75,195.18,30.374217,130.959968,269.94,269.94,1
765.52,44.75,195.18,30.374217,130.959968,269.94,269.94,1
765.59,44.75,195.18,30.374217,130.959968,269.94,269.94,1
765.66,44.75,195.18,30.374217,130.959968,269.94,269.94,1
765.72,44.75,195.18,30.374217,130.959968,269.94,269.94,1
765.79,44.75,195.18,30.374217,130.959968,269.94,269.94,1
765.85,44.75,195.18,30.374217,130.959968,269.94,269.94,1
765.92,44.75,195.18,30.374217,130.959968,269.94,269.94,1
765.99,44.75,195.18,30.374217,130.959968,269.94,269.94,1
766.06,44.75,195.18,30.374217,130.959968,269.94,269.94,1
766.13,44.75,195.18,30.374217,130.959968,269.94,269.94,1
766.19,44.75,195.18,30.374217,130.959968,269.94,269.94,1
766.26,44.75,195.18,30.374217,130.959968,269.94,269.94,1
766.33,44.75,195.18,30.374217,130.959968,269.94,269.94,1
766.4,44.39,195.3,30.374217,130.959968,269.94,269.94,1
766.47,44.39,195.3,30.374217,130.959968,269.94,269.94,1
766.54,44.39,195.3,30.374217,130.959968,269.94,269.94,1
766.6,44.39,195.3,30.374217,130.959968,269.94,269.94,1
766.67,44.39,195.3,30.374217,130.959968,269.94,269.94,1
766.73,44.39,195.3,30.374217,130.959968,269.94,269.94,1
766.8,44.39,195.3,30.374217,130.959968,269.94,269.94,1
766.87,44.39,195.3,30.374217,130.959968,269.94,269.94,1
766.94,44.39,195.3,30.374217,130.959968,269.94,269.94,1
767.0,44.39,195.3,30.374217,130.959968,269.94,269.94,1
767.07,44.39,195.3,30.374217,130.959968,269.94,269.94,1
767.14,44.39,195.3,30.374217,130.959968,269.94,269.94,1
767.21,44.39,195.3,30.374217,130.959968,269.94,269.94,1
767.28,44.39,195.3,30.374217,130.959968,269.94,269.94,1
767.35,44.39,195.3,30.374217,130.959968,269.94,269.94,1
767.41,44.62,195.44,30.374217,130.959968,269.94,269.94,1
767.48,44.62,195.44,30.374217,130.959968,269.94,269.94,1
767.55,44.62,195.44,30.374217,130.959968,269.94,269.94,1
767.61,44.62,195.44,30.374217,130.959968,269.94,269.94,1
767.68,44.62,195.44,30.374217,130.959968,269.94,269.94,1
767.75,44.62,195.44,30.374217,130.959968,269.94,269.94,1
767.82,44.62,195.44,30.374217,130.959968,269.94,269.94,1
767.88,44.62,195.44,30.374217,130.959968,269.94,269.94,1
767.95,44.62,195.44,30.374217,130.959968,269.94,269.94,1
768.01,44.62,195.44,30.374217,130.959968,269.94,269.94,1
768.08,44.62,195.44,30.374217,130.959968,269.94,269.94,1
768.15,44.62,195.44,30.374217,130.959968,269.94,269.94,1
768.21,44.62,195.44,30.374217,130.959968,269.94,269.94,1
768.28,44.62,195.44,30.374217,130.959968,269.94,269.94,1
768.35,44.62,195.44,30.374217,130.959968,269.94,269.94,1
768.42,44.39,195.3,30.374217,130.959968,269.94,269.94,1
768.49,44.39,195.3,30.374217,130.959968,269.94,269.94,1
768.56,44.39,195.3,30.374217,130.959968,269.94,269.94,1
768.63,44.39,195.3,30.374217,130.959968,269.94,269.94,1
768.69,44.39,195.3,30.374217,130.959968,269.94,269.94,1
768.76,44.39,195.3,30.374217,130.959968,269.94,269.94,1
768.83,44.39,195.3,30.374217,130.959968,269.94,269.94,1
768.9,44.39,195.3,30.374217,130.959968,269.94,269.94,1
768.96,44.39,195.3,30.374217,130.959968,269.94,269.94,1
769.03,44.39,195.3,30.374217,130.959968,269.94,269.94,1
769.1,44.39,195.3,30.374217,130.959968,269.94,269.94,1
769.16,44.39,195.3,30.374217,130.959968,269.94,269.94,1
769.23,44.39,195.3,30.374217,130.959968,269.94,269.94,1
769.3,44.39,195.3,30.374217,130.959968,269.94,269.94,1
769.36,44.39,195.3,30.374217,130.959968,269.94,269.94,1
769.44,44.39,195.3,30.374217,130.959968,269.94,269.94,1
769.5,44.39,195.3,30.374217,130.959968,269.94,269.94,1
769.57,44.39,195.3,30.374217,130.959968,269.94,269.94,1
769.64,44.39,195.3,30.374217,130.959968,269.94,269.94,1
769.71,44.39,195.3,30.374217,130.959968,269.94,269.94,1
769.78,44.39,195.3,30.374217,130.959968,269.94,269.94,1
769.85,44.39,195.3,30.374217,130.959968,269.94,269.94,1
769.92,44.39,195.3,30.374217,130.959968,269.94,269.94,1
769.98,44.39,195.3,30.374217,130.959968,269.94,269.94,1
770.05,44.39,195.3,30.374217,130.959968,269.94,269.94,1
770.12,44.39,195.3,30.374217,130.959968,269.94,269.94,1
770.18,44.39,195.3,30.374217,130.959968,269.94,269.94,1
770.25,44.39,195.3,30.374217,130.959968,269.94,269.94,1
770.32,44.39,195.3,30.374217,130.959968,269.94,269.94,1
770.38,44.39,195.3,30.374217,130.959968,269.94,269.94,1
770.46,44.39,195.3,30.374217,130.959968,269.94,269.94,1
770.53,44.39,195.3,30.374217,130.959968,269.94,269.94,1
770.59,44.39,195.3,30.374217,130.959968,269.94,269.94,1
770.66,44.39,195.3,30.374217,130.959968,269.94,269.94,1
770.74,44.39,195.3,30.374217,130.959968,269.94,269.94,1
770.8,44.39,195.3,30.374217,130.959968,269.94,269.94,1
770.87,44.39,195.3,30.374217,130.959968,269.94,269.94,1
770.94,44.39,195.3,30.374217,130.959968,269.94,269.94,1
771.01,44.39,195.3,30.374217,130.959968,269.94,269.94,1
771.08,44.39,195.3,30.374217,130.959968,269.94,269.94,1
771.15,44.39,195.3,30.374217,130.959968,269.94,269.94,1
771.21,44.39,195.3,30.374217,130.959968,269.94,269.94,1
771.28,44.39,195.3,30.374217,130.959968,269.94,269.94,1
771.35,44.39,195.3,30.374217,130.959968,269.94,269.94,1
771.41,44.39,195.3,30.374217,130.959968,269.94,269.94,1
771.48,44.62,195.44,30.374217,130.959968,269.94,269.94,1
771.55,44.62,195.44,30.374217,130.959968,269.94,269.94,1
771.61,44.62,195.44,30.374217,130.959968,269.94,269.94,1
771.68,44.62,195.44,30.374217,130.959968,269.94,269.94,1
771.75,44.62,195.44,30.374217,130.959968,269.94,269.94,1
771.82,44.62,195.44,30.374217,130.959968,269.94,269.94,1
771.89,44.62,195.44,30.374217,130.959968,269.94,269.94,1
771.96,44.62,195.44,30.374217,130.959968,269.94,269.94,1
772.02,44.62,195.44,30.374217,130.959968,269.94,269.94,1
772.09,44.62,195.44,30.374217,130.959968,269.94,269.94,1
772.16,44.62,195.44,30.374217,130.959968,269.94,269.94,1
772.23,44.62,195.44,30.374217,130.959968,269.94,269.94,1
772.3,44.62,195.44,30.374217,130.959968,269.94,269.94,1
772.37,44.62,195.44,30.374217,130.959968,269.94,269.94,1
772.43,44.62,195.44,30.374217,130.959968,269.94,269.94,1
772.5,44.71,194.98,30.374217,130.959968,269.94,269.94,1
772.57,44.71,194.98,30.374217,130.959968,269.94,269.94,1
772.64,44.71,194.98,30.374217,130.959968,269.94,269.94,1
772.71,44.71,194.98,30.374217,130.959968,269.94,269.94,1
772.78,44.71,194.98,30.374217,130.959968,269.94,269.94,1
772.85,44.71,194.98,30.374217,130.959968,269.94,269.94,1
772.91,44.71,194.98,30.374217,130.959968,269.94,269.94,1
772.98,44.71,194.98,30.374217,130.959968,269.94,269.94,1
773.05,44.71,194.98,30.374217,130.959968,269.94,269.94,1
773.11,44.71,194.98,30.374217,130.959968,269.94,269.94,1
773.19,44.71,194.98,30.374217,130.959968,269.94,269.94,1
773.25,44.71,194.98,30.374217,130.959968,269.94,269.94,1
773.32,44.71,194.98,30.374217,130.959968,269.94,269.94,1
773.39,44.71,194.98,30.374217,130.959968,269.94,269.94,1
773.46,44.57,195.24,30.374217,130.959968,269.94,269.94,1
773.52,44.57,195.24,30.374217,130.959968,269.94,269.94,1
773.59,44.57,195.24,30.374217,130.959968,269.94,269.94,1
773.66,44.57,195.24,30.374217,130.959968,269.94,269.94,1
773.73,44.57,195.24,30.374217,130.959968,269.94,269.94,1
773.8,44.57,195.24,30.374217,130.959968,269.94,269.94,1
773.87,44.57,195.24,30.374217,130.959968,269.94,269.94,1
773.94,44.57,195.24,30.374217,130.959968,269.94,269.94,1
774.0,44.57,195.24,30.374217,130.959968,269.94,269.94,1
774.07,44.57,195.24,30.374217,130.959968,269.94,269.94,1
774.14,44.57,195.24,30.374217,130.959968,269.94,269.94,1
774.2,44.57,195.24,30.374217,130.959968,269.94,269.94,1
774.27,44.57,195.24,30.374217,130.959968,269.94,269.94,1
774.34,44.57,195.24,30.374217,130.959968,269.94,269.94,1
774.4,44.57,195.24,30.374217,130.959968,269.94,269.94,1
774.47,44.8,195.38,30.374217,130.959968,269.94,269.94,1
774.54,44.8,195.38,30.374217,130.959968,269.94,269.94,1
774.6,44.8,195.38,30.374217,130.959968,269.94,269.94,1
774.67,44.8,195.38,30.374217,130.959968,269.94,269.94,1
774.74,44.8,195.38,30.374217,130.959968,269.94,269.94,1
774.81,44.8,195.38,30.374217,130.959968,269.94,269.94,1
774.88,44.8,195.38,30.374217,130.959968,269.94,269.94,1
774.95,44.8,195.38,30.374217,130.959968,269.94,269.94,1
775.01,44.8,195.38,30.374217,130.959968,269.94,269.94,1
775.08,44.8,195.38,30.374217,130.959968,269.94,269.94,1
775.15,44.8,195.38,30.374217,130.959968,269.94,269.94,1
775.21,44.8,195.38,30.374217,130.959968,269.94,269.94,1
775.28,44.8,195.38,30.374217,130.959968,269.94,269.94,1
775.35,44.8,195.38,30.374217,130.959968,269.94,269.94,1
775.42,44.8,195.38,30.374217,130.959968,269.94,269.94,1
775.49,44.71,194.98,30.374217,130.959968,269.94,269.94,1
775.55,44.71,194.98,30.374217,130.959968,269.94,269.94,1
775.62,44.71,194.98,30.374217,130.959968,269.94,269.94,1
775.69,44.71,194.98,30.374217,130.959968,269.94,269.94,1
775.75,44.71,194.98,30.374217,130.959968,269.94,269.94,1
775.82,44.71,194.98,30.374217,130.959968,269.94,269.94,1
775.89,44.71,194.98,30.374217,130.959968,269.94,269.94,1
775.95,44.71,194.98,30.374217,130.959968,269.94,269.94,1
776.02,44.71,194.98,30.374217,130.959968,269.94,269.94,1
776.09,44.71,194.98,30.374217,130.959968,269.94,269.94,1
776.16,44.71,194.98,30.374217,130.959968,269.94,269.94,1
776.23,44.71,194.98,30.374217,130.959968,269.94,269.94,1
776.3,44.71,194.98,30.374217,130.959968,269.94,269.94,1
776.36,44.71,194.98,30.374217,130.959968,269.94,269.94,1
776.43,44.71,194.98,30.374217,130.959968,269.94,269.94,1
776.5,44.71,194.98,30.374217,130.959968,269.94,269.94,1
776.57,44.71,194.98,30.374217,130.959968,269.94,269.94,1
776.63,44.71,194.98,30.374217,130.959968,269.94,269.94,1
776.7,44.71,194.98,30.374217,130.959968,269.94,269.94,1
776.77,44.71,194.98,30.374217,130.959968,269.94,269.94,1
776.83,44.71,194.98,30.374217,130.959968,269.94,269.94,1
776.9,44.71,194.98,30.374217,130.959968,269.94,269.94,1
776.97,44.71,194.98,30.374217,130.959968,269.94,269.94,1
777.03,44.71,194.98,30.374217,130.959968,269.94,269.94,1
777.1,44.71,194.98,30.374217,130.959968,269.94,269.94,1
777.17,44.71,194.98,30.374217,130.959968,269.94,269.94,1
777.23,44.71,194.98,30.374217,130.959968,269.94,269.94,1
777.3,44.71,194.98,30.374217,130.959968,269.94,269.94,1
777.37,44.71,194.98,30.374217,130.959968,269.94,269.94,1
777.44,44.71,194.98,30.374217,130.959968,269.94,269.94,1
777.5,44.71,194.98,30.374217,130.959968,269.94,269.94,1
777.58,44.71,194.98,30.374217,130.959968,269.94,269.94,1
777.65,44.71,194.98,30.374217,130.959968,269.94,269.94,1
777.71,44.71,194.98,30.374217,130.959968,269.94,269.94,1
777.78,44.71,194.98,30.374217,130.959968,269.94,269.94,1
777.85,44.71,194.98,30.374217,130.959968,269.94,269.94,1
777.92,44.71,194.98,30.374217,130.959968,269.94,269.94,1
777.98,44.71,194.98,30.374217,130.959968,269.94,269.94,1
778.05,44.71,194.98,30.374217,130.959968,269.94,269.94,1
778.12,44.71,194.98,30.374217,130.959968,269.94,269.94,1
778.19,44.71,194.98,30.374217,130.959968,269.94,269.94,1
778.26,44.71,194.98,30.374217,130.959968,269.94,269.94,1
778.33,44.71,194.98,30.374217,130.959968,269.94,269.94,1
778.39,44.71,194.98,30.374217,130.959968,269.94,269.94,1
778.46,44.71,194.98,30.374217,130.959968,269.94,269.94,1
778.53,44.53,195.04,30.374217,130.959968,269.94,269.94,1
778.59,44.53,195.04,30.374217,130.959968,269.94,269.94,1
778.66,44.53,195.04,30.374217,130.959968,269.94,269.94,1
778.73,44.53,195.04,30.374217,130.959968,269.94,269.94,1
778.79,44.53,195.04,30.374217,130.959968,269.94,269.94,1
778.86,44.53,195.04,30.374217,130.959968,269.94,269.94,1
778.93,44.53,195.04,30.374217,130.959968,269.94,269.94,1
779.0,44.53,195.04,30.374217,130.959968,269.94,269.94,1
779.07,44.53,195.04,30.374217,130.959968,269.94,269.94,1
779.14,44.53,195.04,30.374217,130.959968,269.94,269.94,1
779.21,44.53,195.04,30.374217,130.959968,269.94,269.94,1
779.28,44.53,195.04,30.374217,130.959968,269.94,269.94,1
779.35,44.35,195.1,30.374217,130.959968,269.94,269.94,1
779.42,44.35,195.1,30.374217,130.959968,269.94,269.94,1
779.49,44.35,195.1,30.374217,130.959968,269.94,269.94,1
779.56,44.35,195.1,30.374217,130.959968,269.94,269.94,1
779.63,44.35,195.1,30.374217,130.959968,269.94,269.94,1
779.69,44.35,195.1,30.374217,130.959968,269.94,269.94,1
779.76,44.35,195.1,30.374217,130.959968,269.94,269.94,1
779.83,44.35,195.1,30.374217,130.959968,269.94,269.94,1
779.91,44.35,195.1,30.374217,130.959968,269.94,269.94,1
779.97,44.35,195.1,30.374217,130.959968,269.94,269.94,1
780.04,44.35,195.1,30.374217,130.959968,269.94,269.94,1
780.11,44.35,195.1,30.374217,130.959968,269.94,269.94,1
780.18,44.35,195.1,30.374217,130.959968,269.94,269.94,1
780.24,44.35,195.1,30.374217,130.959968,269.94,269.94,1
780.31,44.35,195.1,30.374217,130.959968,269.94,269.94,1
780.38,44.17,195.17,30.374217,130.959968,269.94,269.94,1
780.44,44.17,195.17,30.374217,130.959968,269.94,269.94,1
780.51,44.17,195.17,30.374217,130.959968,269.94,269.94,1
780.58,44.17,195.17,30.374217,130.959968,269.94,269.94,1
780.65,44.17,195.17,30.374217,130.959968,269.94,269.94,1
780.71,44.17,195.17,30.374217,130.959968,269.94,269.94,1
780.78,44.17,195.17,30.374217,130.959968,269.94,269.94,1
780.84,44.17,195.17,30.374217,130.959968,269.94,269.94,1
780.91,44.17,195.17,30.374217,130.959968,269.94,269.94,1
780.98,44.17,195.17,30.374217,130.959968,269.94,269.94,1
781.04,44.17,195.17,30.374217,130.959968,269.94,269.94,1
781.11,44.17,195.17,30.374217,130.959968,269.94,269.94,1
781.18,44.17,195.17,30.374217,130.959968,269.94,269.94,1
781.25,44.17,195.17,30.374217,130.959968,269.94,269.94,1
781.31,44.17,195.17,30.374217,130.959968,269.94,269.94,1
781.38,44.17,195.17,30.374217,130.959968,269.94,269.94,1
781.45,44.17,195.17,30.374217,130.959968,269.94,269.94,1
781.52,44.17,195.17,30.374217,130.959968,269.94,269.94,1
781.59,44.17,195.17,30.374217,130.959968,269.94,269.94,1
781.66,44.17,195.17,30.374217,130.959968,269.94,269.94,1
781.73,44.17,195.17,30.374217,130.959968,269.94,269.94,1
781.79,44.17,195.17,30.374217,130.959968,269.94,269.94,1
781.86,44.17,195.17,30.374217,130.959968,269.94,269.94,1
781.93,44.17,195.17,30.374217,130.959968,269.94,269.94,1
782.0,44.17,195.17,30.374217,130.959968,269.94,269.94,1
782.06,44.17,195.17,30.374217,130.959968,269.94,269.94,1
782.13,44.17,195.17,30.374217,130.959968,269.94,269.94,1
782.2,44.17,195.17,30.374217,130.959968,269.94,269.94,1
782.26,44.17,195.17,30.374217,130.959968,269.94,269.94,1
782.33,44.17,195.17,30.374217,130.959968,269.94,269.94,1
782.4,44.13,194.97,30.374217,130.959968,269.94,269.94,1
782.46,44.13,194.97,30.374217,130.959968,269.94,269.94,1
782.53,44.13,194.97,30.374217,130.959968,269.94,269.94,1
782.6,44.13,194.97,30.374217,130.959968,269.94,269.94,1
782.67,44.13,194.97,30.374217,130.959968,269.94,269.94,1
782.73,44.13,194.97,30.374217,130.959968,269.94,269.94,1
782.8,44.13,194.97,30.374217,130.959968,269.94,269.94,1
782.87,44.13,194.97,30.374217,130.959968,269.94,269.94,1
782.93,44.13,194.97,30.374217,130.959968,269.94,269.94,1
783.0,44.13,194.97,30.374217,130.959968,269.94,269.94,1
783.07,44.13,194.97,30.374217,130.959968,269.94,269.94,1
783.14,44.13,194.97,30.374217,130.959968,269.94,269.94,1
783.21,44.13,194.97,30.374217,130.959968,269.94,269.94,1
783.28,44.13,194.97,30.374217,130.959968,269.94,269.94,1
783.35,44.13,194.97,30.374217,130.959968,269.94,269.94,1
783.42,44.05,194.56,30.374217,130.959968,269.94,269.94,1
783.5,44.05,194.56,30.374217,130.959968,269.94,269.94,1
783.57,44.05,194.56,30.374217,130.959968,269.94,269.94,1
783.63,44.05,194.56,30.374217,130.959968,269.94,269.94,1
783.7,44.05,194.56,30.374217,130.959968,269.94,269.94,1
783.77,44.05,194.56,30.374217,130.959968,269.94,269.94,1
783.84,44.05,194.56,30.374217,130.959968,269.94,269.94,1
783.91,44.05,194.56,30.374217,130.959968,269.94,269.94,1
783.98,44.05,194.56,30.374217,130.959968,269.94,269.94,1
784.05,44.05,194.56,30.374217,130.959968,269.94,269.94,1
784.12,44.05,194.56,30.374217,130.959968,269.94,269.94,1
784.19,44.05,194.56,30.374217,130.959968,269.94,269.94,1
784.26,44.05,194.56,30.374217,130.959968,269.94,269.94,1
784.33,44.05,194.56,30.374217,130.959968,269.94,269.94,1
784.4,44.05,194.56,30.374217,130.959968,269.94,269.94,1
784.46,44.05,194.56,30.374217,130.959968,269.94,269.94,1
784.53,44.05,194.56,30.374217,130.959968,269.94,269.94,1
784.6,44.05,194.56,30.374217,130.959968,269.94,269.94,1
784.67,44.05,194.56,30.374217,130.959968,269.94,269.94,1
784.74,44.05,194.56,30.374217,130.959968,269.94,269.94,1
784.81,44.05,194.56,30.374217,130.959968,269.94,269.94,1
784.88,44.05,194.56,30.374217,130.959968,269.94,269.94,1
784.95,44.05,194.56,30.374217,130.959968,269.94,269.94,1
785.01,44.05,194.56,30.374217,130.959968,269.94,269.94,1
785.08,44.05,194.56,30.374217,130.959968,269.94,269.94,1
785.16,44.05,194.56,30.374217,130.959968,269.94,269.94,1
785.22,44.05,194.56,30.374217,130.959968,269.94,269.94,1
785.29,44.05,194.56,30.374217,130.959968,269.94,269.94,1
785.36,44.05,194.56,30.374217,130.959968,269.94,269.94,1
785.44,44.13,194.97,30.374217,130.959968,269.94,269.94,1
785.51,44.13,194.97,30.374217,130.959968,269.94,269.94,1
785.57,44.13,194.97,30.374217,130.959968,269.94,269.94,1
785.64,44.13,194.97,30.374217,130.959968,269.94,269.94,1
785.71,44.13,194.97,30.374217,130.959968,269.94,269.94,1
785.77,44.13,194.97,30.374217,130.959968,269.94,269.94,1
785.84,44.13,194.97,30.374217,130.959968,269.94,269.94,1
785.91,44.13,194.97,30.374217,130.959968,269.94,269.94,1
785.98,44.13,194.97,30.374217,130.959968,269.94,269.94,1
786.04,44.13,194.97,30.374217,130.959968,269.94,269.94,1
786.11,44.13,194.97,30.374217,130.959968,269.94,269.94,1
786.18,44.13,194.97,30.374217,130.959968,269.94,269.94,1
786.25,44.13,194.97,30.374217,130.959968,269.94,269.94,1
786.32,44.13,194.97,30.374217,130.959968,269.94,269.94,1
786.39,44.13,194.97,30.374217,130.959968,269.94,269.94,1
786.46,44.05,194.56,30.374217,130.959968,269.94,269.94,1
786.52,44.05,194.56,30.374217,130.959968,269.94,269.94,1
786.59,44.05,194.56,30.374217,130.959968,269.94,269.94,1
786.66,44.05,194.56,30.374217,130.959968,269.94,269.94,1
786.73,44.05,194.56,30.374217,130.959968,269.94,269.94,1
786.8,44.05,194.56,30.374217,130.959968,269.94,269.94,1
786.87,44.05,194.56,30.374217,130.959968,269.94,269.94,1
786.94,44.05,194.56,30.374217,130.959968,269.94,269.94,1
787.01,44.05,194.56,30.374217,130.959968,269.94,269.94,1
787.07,44.05,194.56,30.374217,130.959968,269.94,269.94,1
787.14,44.05,194.56,30.374217,130.959968,269.94,269.94,1
787.21,44.05,194.56,30.374217,130.959968,269.94,269.94,1
787.28,44.05,194.56,30.374217,130.959968,269.94,269.94,1
787.35,44.05,194.56,30.374217,130.959968,269.94,269.94,1
787.42,44.05,194.56,30.374217,130.959968,269.94,269.94,1
787.48,44.05,194.56,30.374217,130.959968,269.94,269.94,1
787.55,44.05,194.56,30.374217,130.959968,269.94,269.94,1
787.62,44.05,194.56,30.374217,130.959968,269.94,269.94,1
787.68,44.05,194.56,30.374217,130.959968,269.94,269.94,1
787.75,44.05,194.56,30.374217,130.959968,269.94,269.94,1
787.82,44.05,194.56,30.374217,130.959968,269.94,269.94,1
787.88,44.05,194.56,30.374217,130.959968,269.94,269.94,1
787.95,44.05,194.56,30.374217,130.959968,269.94,269.94,1
788.02,44.05,194.56,30.374217,130.959968,269.94,269.94,1
788.08,44.05,194.56,30.374217,130.959968,269.94,269.94,1
788.15,44.05,194.56,30.374217,130.959968,269.94,269.94,1
788.22,44.05,194.56,30.374217,130.959968,269.94,269.94,1
788.28,44.05,194.56,30.374217,130.959968,269.94,269.94,1
788.35,44.05,194.56,30.374217,130.959968,269.94,269.94,1
788.42,44.05,194.56,30.374217,130.959968,269.94,269.94,1
788.48,44.05,194.56,30.374217,130.959968,269.94,269.94,1
788.55,44.05,194.56,30.374217,130.959968,269.94,269.94,1
788.61,44.05,194.56,30.374217,130.959968,269.94,269.94,1
788.68,44.05,194.56,30.374217,130.959968,269.94,269.94,1
788.75,44.05,194.56,30.374217,130.959968,269.94,269.94,1
788.82,44.05,194.56,30.374217,130.959968,269.94,269.94,1
788.89,44.05,194.56,30.374217,130.959968,269.94,269.94,1
788.95,44.05,194.56,30.374217,130.959968,269.94,269.94,1
789.02,44.05,194.56,30.374217,130.959968,269.94,269.94,1
789.09,44.05,194.56,30.374217,130.959968,269.94,269.94,1
789.16,44.05,194.56,30.374217,130.959968,269.94,269.94,1
789.23,44.05,194.56,30.374217,130.959968,269.94,269.94,1
789.29,44.09,194.76,30.374217,130.959968,269.94,269.94,1
789.36,44.09,194.76,30.374217,130.959968,269.94,269.94,1
789.42,44.09,194.76,30.374217,130.959968,269.94,269.94,1
789.49,44.09,194.76,30.374217,130.959968,269.94,269.94,1
789.56,44.09,194.76,30.374217,130.959968,269.94,269.94,1
789.63,44.09,194.76,30.374217,130.959968,269.94,269.94,1
789.69,44.09,194.76,30.374217,130.959968,269.94,269.94,1
789.76,44.09,194.76,30.374217,130.959968,269.94,269.94,1
789.83,44.09,194.76,30.374217,130.959968,269.94,269.94,1
789.89,44.09,194.76,30.374217,130.959968,269.94,269.94,1
789.96,44.09,194.76,30.374217,130.959968,269.94,269.94,1
790.03,44.09,194.76,30.374217,130.959968,269.94,269.94,1
790.1,44.09,194.76,30.374217,130.959968,269.94,269.94,1
790.17,44.09,194.76,30.374217,130.959968,269.94,269.94,1
790.24,44.09,194.76,30.374217,130.959968,269.94,269.94,1
790.3,44.09,194.76,30.374217,130.959968,269.94,269.94,1
790.37,44.09,194.76,30.374217,130.959968,269.94,269.94,1
790.43,44.09,194.76,30.374217,130.959968,269.94,269.94,1
790.5,44.05,194.56,30.374217,130.959968,269.94,269.94,1
790.57,44.05,194.56,30.374217,130.959968,269.94,269.94,1
790.64,44.05,194.56,30.374217,130.959968,269.94,269.94,1
790.71,44.05,194.56,30.374217,130.959968,269.94,269.94,1
790.78,44.05,194.56,30.374217,130.959968,269.94,269.94,1
790.86,44.05,194.56,30.374217,130.959968,269.94,269.94,1
790.92,44.05,194.56,30.374217,130.959968,269.94,269.94,1
790.99,44.05,194.56,30.374217,130.959968,269.94,269.94,1
791.06,44.05,194.56,30.374217,130.959968,269.94,269.94,1
791.13,44.05,194.56,30.374217,130.959968,269.94,269.94,1
791.2,44.05,194.56,30.374217,130.959968,269.94,269.94,1
791.27,44.05,194.56,30.374217,130.959968,269.94,269.94,1
791.34,44.09,194.76,30.374217,130.959968,269.94,269.94,1
791.41,44.09,194.76,30.374217,130.959968,269.94,269.94,1
791.48,44.09,194.76,30.374217,130.959968,269.94,269.94,1
791.54,44.09,194.76,30.374217,130.959968,269.94,269.94,1
791.61,44.09,194.76,30.374217,130.959968,269.94,269.94,1
791.68,44.09,194.76,30.374217,130.959968,269.94,269.94,1
791.75,44.09,194.76,30.374217,130.959968,269.94,269.94,1
791.82,44.09,194.76,30.374217,130.959968,269.94,269.94,1
791.89,44.09,194.76,30.374217,130.959968,269.94,269.94,1
791.96,44.09,194.76,30.374217,130.959968,269.94,269.94,1
792.03,44.09,194.76,30.374217,130.959968,269.94,269.94,1
792.1,44.09,194.76,30.374217,130.959968,269.94,269.94,1
792.17,44.09,194.76,30.374217,130.959968,269.94,269.94,1
792.24,44.09,194.76,30.374217,130.959968,269.94,269.94,1
792.31,44.09,194.76,30.374217,130.959968,269.94,269.94,1
792.38,44.13,194.97,30.374217,130.959968,269.94,269.94,1
792.45,44.13,194.97,30.374217,130.959968,269.94,269.94,1
792.52,44.13,194.97,30.374217,130.959968,269.94,269.94,1
792.59,44.13,194.97,30.374217,130.959968,269.94,269.94,1
792.65,44.13,194.97,30.374217,130.959968,269.94,269.94,1
792.72,44.13,194.97,30.374217,130.959968,269.94,269.94,1
792.78,44.13,194.97,30.374217,130.959968,269.94,269.94,1
792.85,44.13,194.97,30.374217,130.959968,269.94,269.94,1
792.92,44.13,194.97,30.374217,130.959968,269.94,269.94,1
792.99,44.13,194.97,30.374217,130.959968,269.94,269.94,1
793.05,44.13,194.97,30.374217,130.959968,269.94,269.94,1
793.12,44.13,194.97,30.374217,130.959968,269.94,269.94,1
793.19,44.13,194.97,30.374217,130.959968,269.94,269.94,1
793.26,44.13,194.97,30.374217,130.959968,269.94,269.94,1
793.34,44.13,194.97,30.374217,130.959968,269.94,269.94,1
793.41,44.17,195.17,30.374217,130.959968,269.94,269.94,1
793.48,44.17,195.17,30.374217,130.959968,269.94,269.94,1
793.55,44.17,195.17,30.374217,130.959968,269.94,269.94,1
793.62,44.17,195.17,30.374217,130.959968,269.94,269.94,1
793.68,44.17,195.17,30.374217,130.959968,269.94,269.94,1
793.75,44.17,195.17,30.374217,130.959968,269.94,269.94,1
793.82,44.17,195.17,30.374217,130.959968,269.94,269.94,1
793.89,44.17,195.17,30.374217,130.959968,269.94,269.94,1
793.95,44.17,195.17,30.374217,130.959968,269.94,269.94,1
794.02,44.17,195.17,30.374217,130.959968,269.94,269.94,1
794.09,44.17,195.17,30.374217,130.959968,269.94,269.94,1
794.17,44.17,195.17,30.374217,130.959968,269.94,269.94,1
794.23,44.17,195.17,30.374217,130.959968,269.94,269.94,1
794.31,44.17,195.17,30.374217,130.959968,269.94,269.94,1
794.38,43.99,195.23,30.374217,130.959968,269.94,269.94,1
794.45,43.99,195.23,30.374217,130.959968,269.94,269.94,1
794.51,43.99,195.23,30.374217,130.959968,269.94,269.94,1
794.58,43.99,195.23,30.374217,130.959968,269.94,269.94,1
794.65,43.99,195.23,30.374217,130.959968,269.94,269.94,1
794.72,43.99,195.23,30.374217,130.959968,269.94,269.94,1
794.78,43.99,195.23,30.374217,130.959968,269.94,269.94,1
794.85,43.99,195.23,30.374217,130.959968,269.94,269.94,1
794.91,43.99,195.23,30.374217,130.959968,269.94,269.94,1
794.98,43.99,195.23,30.374217,130.959968,269.94,269.94,1
795.05,43.99,195.23,30.374217,130.959968,269.94,269.94,1
795.12,43.99,195.23,30.374217,130.959968,269.94,269.94,1
795.19,43.99,195.23,30.374217,130.959968,269.94,269.94,1
795.26,43.99,195.23,30.374217,130.959968,269.94,269.94,1
795.33,43.99,195.23,30.374217,130.959968,269.94,269.94,1
795.39,44.04,195.43,30.374217,130.959968,269.94,269.94,1
795.46,44.04,195.43,30.374217,130.959968,269.94,269.94,1
795.53,44.04,195.43,30.374217,130.959968,269.94,269.94,1
795.6,44.04,195.43,30.374217,130.959968,269.94,269.94,1
795.67,44.04,195.43,30.374217,130.959968,269.94,269.94,1
795.73,44.04,195.43,30.374217,130.959968,269.94,269.94,1
795.8,44.04,195.43,30.374217,130.959968,269.94,269.94,1
795.87,44.04,195.43,30.374217,130.959968,269.94,269.94,1
795.93,44.04,195.43,30.374217,130.959968,269.94,269.94,1
796.0,44.04,195.43,30.374217,130.959968,269.94,269.94,1
796.07,44.04,195.43,30.374217,130.959968,269.94,269.94,1
796.14,44.04,195.43,30.374217,130.959968,269.94,269.94,1
796.21,44.04,195.43,30.374217,130.959968,269.94,269.94,1
796.28,44.04,195.43,30.374217,130.959968,269.94,269.94,1
796.35,44.04,195.43,30.374217,130.959968,269.94,269.94,1
796.42,44.04,195.43,30.374217,130.959968,269.94,269.94,1
796.49,44.04,195.43,30.374217,130.959968,269.94,269.94,1
796.55,44.04,195.43,30.374217,130.959968,269.94,269.94,1
796.62,44.04,195.43,30.374217,130.959968,269.94,269.94,1
796.69,44.04,195.43,30.374217,130.959968,269.94,269.94,1
796.76,44.04,195.43,30.374217,130.959968,269.94,269.94,1
796.83,44.04,195.43,30.374217,130.959968,269.94,269.94,1
796.89,44.04,195.43,30.374217,130.959968,269.94,269.94,1
796.96,44.04,195.43,30.374217,130.959968,269.94,269.94,1
797.03,44.04,195.43,30.374217,130.959968,269.94,269.94,1
797.1,44.04,195.43,30.374217,130.959968,269.94,269.94,1
797.17,44.04,195.43,30.374217,130.959968,269.94,269.94,1
797.24,44.04,195.43,30.374217,130.959968,269.94,269.94,1
797.31,44.04,195.43,30.374217,130.959968,269.94,269.94,1
797.38,44.04,195.43,30.374217,130.959968,269.94,269.94,1
797.45,44.26,195.57,30.374217,130.959968,269.94,269.94,1
797.52,44.26,195.57,30.374217,130.959968,269.94,269.94,1
797.58,44.26,195.57,30.374217,130.959968,269.94,269.94,1
797.65,44.26,195.57,30.374217,130.959968,269.94,269.94,1
797.72,44.26,195.57,30.374217,130.959968,269.94,269.94,1
797.78,44.26,195.57,30.374217,130.959968,269.94,269.94,1
797.85,44.26,195.57,30.374217,130.959968,269.94,269.94,1
797.92,44.26,195.57,30.374217,130.959968,269.94,269.94,1
797.98,44.26,195.57,30.374217,130.959968,269.94,269.94,1
798.05,44.26,195.57,30.374217,130.959968,269.94,269.94,1
798.12,44.26,195.57,30.374217,130.959968,269.94,269.94,1
798.19,44.26,195.57,30.374217,130.959968,269.94,269.94,1
798.25,44.26,195.57,30.374217,130.959968,269.94,269.94,1
798.32,44.26,195.57,30.374217,130.959968,269.94,269.94,1
798.39,44.26,195.57,30.374217,130.959968,269.94,269.94,1
798.45,44.26,195.57,30.374217,130.959968,269.94,269.94,1
798.52,44.26,195.57,30.374217,130.959968,269.94,269.94,1
798.59,44.26,195.57,30.374217,130.959968,269.94,269.94,1
798.66,44.26,195.57,30.374217,130.959968,269.94,269.94,1
798.73,44.26,195.57,30.374217,130.959968,269.94,269.94,1
798.79,44.26,195.57,30.374217,130.959968,269.94,269.94,1
798.86,44.26,195.57,30.374217,130.959968,269.94,269.94,1
798.93,44.26,195.57,30.374217,130.959968,269.94,269.94,1
799.0,44.26,195.57,30.374217,130.959968,269.94,269.94,1
799.07,44.26,195.57,30.374217,130.959968,269.94,269.94,1
799.14,44.26,195.57,30.374217,130.959968,269.94,269.94,1
799.2,44.26,195.57,30.374217,130.959968,269.94,269.94,1
799.27,44.26,195.57,30.374217,130.959968,269.94,269.94,1
799.34,44.26,195.57,30.374217,130.959968,269.94,269.94,1
799.4,44.26,195.57,30.374217,130.959968,269.94,269.94,1
799.47,44.44,195.5,30.374217,130.959968,269.94,269.94,1
799.54,44.44,195.5,30.374217,130.959968,269.94,269.94,1
799.6,44.44,195.5,30.374217,130.959968,269.94,269.94,1
799.67,44.44,195.5,30.374217,130.959968,269.94,269.94,1
799.74,44.44,195.5,30.374217,130.959968,269.94,269.94,1
799.81,44.44,195.5,30.374217,130.959968,269.94,269.94,1
799.88,44.44,195.5,30.374217,130.959968,269.94,269.94,1
799.95,44.44,195.5,30.374217,130.959968,269.94,269.94,1
800.02,44.44,195.5,30.374217,130.959968,269.94,269.94,1
800.1,44.44,195.5,30.374217,130.959968,269.94,269.94,1
800.17,44.44,195.5,30.374217,130.959968,269.94,269.94,1
800.24,44.44,195.5,30.374217,130.959968,269.94,269.94,1
800.3,44.44,195.5,30.374217,130.959968,269.94,269.94,1
800.37,44.44,195.5,30.374217,130.959968,269.94,269.94,1
800.44,44.44,195.5,30.374217,130.959968,269.94,269.94,1
800.51,44.44,195.5,30.374217,130.959968,269.94,269.94,1
800.58,44.44,195.5,30.374217,130.959968,269.94,269.94,1
800.64,44.44,195.5,30.374217,130.959968,269.94,269.94,1
800.71,44.44,195.5,30.374217,130.959968,269.94,269.94,1
800.77,44.44,195.5,30.374217,130.959968,269.94,269.94,1
800.84,44.44,195.5,30.374217,130.959968,269.94,269.94,1
800.91,44.44,195.5,30.374217,130.959968,269.94,269.94,1
800.97,44.44,195.5,30.374217,130.959968,269.94,269.94,1
801.04,44.44,195.5,30.374217,130.959968,269.94,269.94,1
801.11,44.44,195.5,30.374217,130.959968,269.94,269.94,1
801.18,44.44,195.5,30.374217,130.959968,269.94,269.94,1
801.25,44.44,195.5,30.374217,130.959968,269.94,269.94,1
801.31,44.44,195.5,30.374217,130.959968,269.94,269.94,1
801.38,44.44,195.5,30.374217,130.959968,269.94,269.94,1
801.45,44.44,195.5,30.374217,130.959968,269.94,269.94,1
801.51,44.44,195.5,30.374217,130.959968,269.94,269.94,1
801.58,44.44,195.5,30.374217,130.959968,269.94,269.94,1
801.65,44.44,195.5,30.374217,130.959968,269.94,269.94,1
801.71,44.44,195.5,30.374217,130.959968,269.94,269.94,1
801.78,44.44,195.5,30.374217,130.959968,269.94,269.94,1
801.85,44.44,195.5,30.374217,130.959968,269.94,269.94,1
801.92,44.44,195.5,30.374217,130.959968,269.94,269.94,1
801.99,44.44,195.5,30.374217,130.959968,269.94,269.94,1
802.05,44.44,195.5,30.374217,130.959968,269.94,269.94,1
802.12,44.44,195.5,30.374217,130.959968,269.94,269.94,1
802.19,44.44,195.5,30.374217,130.959968,269.94,269.94,1
802.25,44.44,195.5,30.374217,130.959968,269.94,269.94,1
802.32,44.44,195.5,30.374217,130.959968,269.94,269.94,1
802.39,44.44,195.5,30.374217,130.959968,269.94,269.94,1
802.45,44.44,195.5,30.374217,130.959968,269.94,269.94,1
802.52,44.3,195.77,30.374217,130.959968,269.94,269.94,1
802.59,44.3,195.77,30.374217,130.959968,269.94,269.94,1
802.66,44.3,195.77,30.374217,130.959968,269.94,269.94,1
802.73,44.3,195.77,30.374217,130.959968,269.94,269.94,1
802.8,44.3,195.77,30.374217,130.959968,269.94,269.94,1
802.87,44.3,195.77,30.374217,130.959968,269.94,269.94,1
802.93,44.3,195.77,30.374217,130.959968,269.94,269.94,1
803.0,44.3,195.77,30.374217,130.959968,269.94,269.94,1
803.07,44.3,195.77,30.374217,130.959968,269.94,269.94,1
803.14,44.3,195.77,30.374217,130.959968,269.94,269.94,1
803.21,44.3,195.77,30.374217,130.959968,269.94,269.94,1
803.28,44.3,195.77,30.374217,130.959968,269.94,269.94,1
803.35,44.3,195.77,30.374217,130.959968,269.94,269.94,1
803.41,44.3,195.77,30.374217,130.959968,269.94,269.94,1
803.48,44.3,195.77,30.374217,130.959968,269.94,269.94,1
803.55,44.12,195.83,30.374217,130.959968,269.94,269.94,1
803.61,44.12,195.83,30.374217,130.959968,269.94,269.94,1
803.68,44.12,195.83,30.374217,130.959968,269.94,269.94,1
803.75,44.12,195.83,30.374217,130.959968,269.94,269.94,1
803.81,44.12,195.83,30.374217,130.959968,269.94,269.94,1
803.88,44.12,195.83,30.374217,130.959968,269.94,269.94,1
803.95,44.12,195.83,30.374217,130.959968,269.94,269.94,1
804.02,44.12,195.83,30.374217,130.959968,269.94,269.94,1
804.09,44.12,195.83,30.374217,130.959968,269.94,269.94,1
804.16,44.12,195.83,30.374217,130.959968,269.94,269.94,1
804.22,44.12,195.83,30.374217,130.959968,269.94,269.94,1
804.29,44.12,195.83,30.374217,130.959968,269.94,269.94,1
804.36,44.17,196.03,30.374217,130.959968,269.94,269.94,1
804.43,44.17,196.03,30.374217,130.959968,269.94,269.94,1
804.5,44.17,196.03,30.374217,130.959968,269.94,269.94,1
804.56,44.17,196.03,30.374217,130.959968,269.94,269.94,1
804.63,44.17,196.03,30.374217,130.959968,269.94,269.94,1
804.69,44.17,196.03,30.374217,130.959968,269.94,269.94,1
804.76,44.17,196.03,30.374217,130.959968,269.94,269.94,1
804.83,44.17,196.03,30.374217,130.959968,269.94,269.94,1
804.9,44.17,196.03,30.374217,130.959968,269.94,269.94,1
804.97,44.17,196.03,30.374217,130.959968,269.94,269.94,1
805.04,44.17,196.03,30.374217,130.959968,269.94,269.94,1
805.1,44.17,196.03,30.374217,130.959968,269.94,269.94,1
805.17,44.17,196.03,30.374217,130.959968,269.94,269.94,1
805.24,44.17,196.03,30.374217,130.959968,269.94,269.94,1
805.31,43.99,196.1,30.374217,130.959968,269.94,269.94,1
805.38,43.99,196.1,30.374217,130.959968,269.94,269.94,1
805.45,43.99,196.1,30.374217,130.959968,269.94,269.94,1
805.52,43.99,196.1,30.374217,130.959968,269.94,269.94,1
805.59,43.99,196.1,30.374217,130.959968,269.94,269.94,1
805.66,43.99,196.1,30.374217,130.959968,269.94,269.94,1
805.73,43.99,196.1,30.374217,130.959968,269.94,269.94,1
805.8,43.99,196.1,30.374217,130.959968,269.94,269.94,1
805.87,43.99,196.1,30.374217,130.959968,269.94,269.94,1
805.93,43.99,196.1,30.374217,130.959968,269.94,269.94,1
806.0,43.99,196.1,30.374217,130.959968,269.94,269.94,1
806.07,43.99,196.1,30.374217,130.959968,269.94,269.94,1
806.13,43.99,196.1,30.374217,130.959968,269.94,269.94,1
806.2,43.99,196.1,30.374217,130.959968,269.94,269.94,1
806.27,43.99,196.1,30.374217,130.959968,269.94,269.94,1
806.34,43.99,196.1,30.374217,130.959968,269.94,269.94,1
806.41,43.99,196.1,30.374217,130.959968,269.94,269.94,1
806.47,43.99,196.1,30.374217,130.959968,269.94,269.94,1
806.54,43.99,196.1,30.374217,130.959968,269.94,269.94,1
806.61,43.99,196.1,30.374217,130.959968,269.94,269.94,1
806.68,43.99,196.1,30.374217,130.959968,269.94,269.94,1
806.75,43.99,196.1,30.374217,130.959968,269.94,269.94,1
806.82,43.99,196.1,30.374217,130.959968,269.94,269.94,1
806.89,43.99,196.1,30.374217,130.959968,269.94,269.94,1
806.96,43.99,196.1,30.374217,130.959968,269.94,269.94,1
807.03,43.99,196.1,30.374217,130.959968,269.94,269.94,1
807.1,43.99,196.1,30.374217,130.959968,269.94,269.94,1
807.17,43.99,196.1,30.374217,130.959968,269.94,269.94,1
807.23,43.99,196.1,30.374217,130.959968,269.94,269.94,1
807.3,43.99,196.1,30.374217,130.959968,269.94,269.94,1
807.36,43.99,196.1,30.374217,130.959968,269.94,269.94,1
807.43,43.99,196.1,30.374217,130.959968,269.94,269.94,1
807.5,43.99,196.1,30.374217,130.959968,269.94,269.94,1
807.56,43.99,196.1,30.374217,130.959968,269.94,269.94,1
807.63,43.99,196.1,30.374217,130.959968,269.94,269.94,1
807.7,43.99,196.1,30.374217,130.959968,269.94,269.94,1
807.76,43.99,196.1,30.374217,130.959968,269.94,269.94,1
807.83,43.99,196.1,30.374217,130.959968,269.94,269.94,1
807.9,43.99,196.1,30.374217,130.959968,269.94,269.94,1
807.97,43.99,196.1,30.374217,130.959968,269.94,269.94,1
808.04,43.99,196.1,30.374217,130.959968,269.94,269.94,1
808.1,43.99,196.1,30.374217,130.959968,269.94,269.94,1
808.18,43.99,196.1,30.374217,130.959968,269.94,269.94,1
808.25,43.99,196.1,30.374217,130.959968,269.94,269.94,1
808.32,43.99,196.1,30.374217,130.959968,269.94,269.94,1
808.38,43.99,196.1,30.374217,130.959968,269.94,269.94,1
808.46,43.99,196.1,30.374217,130.959968,269.94,269.94,1
808.52,43.99,196.1,30.374217,130.959968,269.94,269.94,1
808.59,43.99,196.1,30.374217,130.959968,269.94,269.94,1
808.66,43.99,196.1,30.374217,130.959968,269.94,269.94,1
808.73,43.99,196.1,30.374217,130.959968,269.94,269.94,1
808.8,43.99,196.1,30.374217,130.959968,269.94,269.94,1
808.87,43.99,196.1,30.374217,130.959968,269.94,269.94,1
808.94,43.99,196.1,30.374217,130.959968,269.94,269.94,1
809.01,43.99,196.1,30.374217,130.959968,269.94,269.94,1
809.07,43.99,196.1,30.374217,130.959968,269.94,269.94,1
809.14,43.99,196.1,30.374217,130.959968,269.94,269.94,1
809.21,43.99,196.1,30.374217,130.959968,269.94,269.94,1
809.27,43.99,196.1,30.374217,130.959968,269.94,269.94,1
809.34,43.99,196.1,30.374217,130.959968,269.94,269.94,1
809.41,43.77,195.96,30.374217,130.959968,269.94,269.94,1
809.47,43.77,195.96,30.374217,130.959968,269.94,269.94,1
809.54,43.77,195.96,30.374217,130.959968,269.94,269.94,1
809.61,43.77,195.96,30.374217,130.959968,269.94,269.94,1
809.68,43.77,195.96,30.374217,130.959968,269.94,269.94,1
809.74,43.77,195.96,30.374217,130.959968,269.94,269.94,1
809.81,43.77,195.96,30.374217,130.959968,269.94,269.94,1
809.88,43.77,195.96,30.374217,130.959968,269.94,269.94,1
809.95,43.77,195.96,30.374217,130.959968,269.94,269.94,1
810.02,43.77,195.96,30.374217,130.959968,269.94,269.94,1
810.09,43.77,195.96,30.374217,130.959968,269.94,269.94,1
810.15,43.77,195.96,30.374217,130.959968,269.94,269.94,1
810.22,43.77,195.96,30.374217,130.959968,269.94,269.94,1
810.29,43.77,195.96,30.374217,130.959968,269.94,269.94,1
810.35,43.77,195.96,30.374217,130.959968,269.94,269.94,1
810.42,43.59,196.03,30.374217,130.959968,269.94,269.94,1
810.49,43.59,196.03,30.374217,130.959968,269.94,269.94,1
810.56,43.59,196.03,30.374217,130.959968,269.94,269.94,1
810.63,43.59,196.03,30.374217,130.959968,269.94,269.94,1
810.69,43.59,196.03,30.374217,130.959968,269.94,269.94,1
810.76,43.59,196.03,30.374217,130.959968,269.94,269.94,1
810.83,43.59,196.03,30.374217,130.959968,269.94,269.94,1
810.9,43.59,196.03,30.374217,130.959968,269.94,269.94,1
810.96,43.59,196.03,30.374217,130.959968,269.94,269.94,1
811.03,43.59,196.03,30.374217,130.959968,269.94,269.94,1
811.09,43.59,196.03,30.374217,130.959968,269.94,269.94,1
811.16,43.59,196.03,30.374217,130.959968,269.94,269.94,1
811.23,43.59,196.03,30.374217,130.959968,269.94,269.94,1
811.29,43.59,196.03,30.374217,130.959968,269.94,269.94,1
811.36,43.59,196.03,30.374217,130.959968,269.94,269.94,1
811.44,43.19,195.96,30.374217,130.959968,269.94,269.94,1
811.5,43.19,195.96,30.374217,130.959968,269.94,269.94,1
811.57,43.19,195.96,30.374217,130.959968,269.94,269.94,1
811.64,43.19,195.96,30.374217,130.959968,269.94,269.94,1
811.71,43.19,195.96,30.374217,130.959968,269.94,269.94,1
811.78,43.19,195.96,30.374217,130.959968,269.94,269.94,1
811.85,43.19,195.96,30.374217,130.959968,269.94,269.94,1
811.92,43.19,195.96,30.374217,130.959968,269.94,269.94,1
811.99,43.19,195.96,30.374217,130.959968,269.94,269.94,1
812.06,43.19,195.96,30.374217,130.959968,269.94,269.94,1
812.12,43.19,195.96,30.374217,130.959968,269.94,269.94,1
812.19,43.19,195.96,30.374217,130.959968,269.94,269.94,1
812.26,43.19,195.96,30.374217,130.959968,269.94,269.94,1
812.33,43.19,195.96,30.374217,130.959968,269.94,269.94,1
812.4,43.19,195.96,30.374217,130.959968,269.94,269.94,1
812.47,43.14,195.76,30.374217,130.959968,269.94,269.94,1
812.54,43.14,195.76,30.374217,130.959968,269.94,269.94,1
812.61,43.14,195.76,30.374217,130.959968,269.94,269.94,1
812.68,43.14,195.76,30.374217,130.959968,269.94,269.94,1
812.75,43.14,195.76,30.374217,130.959968,269.94,269.94,1
812.81,43.14,195.76,30.374217,130.959968,269.94,269.94,1
812.88,43.14,195.76,30.374217,130.959968,269.94,269.94,1
812.95,43.14,195.76,30.374217,130.959968,269.94,269.94,1
813.02,43.14,195.76,30.374217,130.959968,269.94,269.94,1
813.09,43.14,195.76,30.374217,130.959968,269.94,269.94,1
813.16,43.14,195.76,30.374217,130.959968,269.94,269.94,1
813.22,43.14,195.76,30.374217,130.959968,269.94,269.94,1
813.29,43.14,195.76,30.374217,130.959968,269.94,269.94,1
813.36,43.14,195.76,30.374217,130.959968,269.94,269.94,1
813.42,42.92,195.62,30.374217,130.959968,269.94,269.94,1
813.49,42.92,195.62,30.374217,130.959968,269.94,269.94,1
813.56,42.92,195.62,30.374217,130.959968,269.94,269.94,1
813.63,42.92,195.62,30.374217,130.959968,269.94,269.94,1
813.7,42.92,195.62,30.374217,130.959968,269.94,269.94,1
813.76,42.92,195.62,30.374217,130.959968,269.94,269.94,1
813.83,42.92,195.62,30.374217,130.959968,269.94,269.94,1
813.9,42.92,195.62,30.374217,130.959968,269.94,269.94,1
813.97,42.92,195.62,30.374217,130.959968,269.94,269.94,1
814.04,42.92,195.62,30.374217,130.959968,269.94,269.94,1
814.11,42.92,195.62,30.374217,130.959968,269.94,269.94,1
814.18,42.92,195.62,30.374217,130.959968,269.94,269.94,1
814.24,42.92,195.62,30.374217,130.959968,269.94,269.94,1
814.31,42.92,195.62,30.374217,130.959968,269.94,269.94,1
814.38,42.92,195.62,30.374217,130.959968,269.94,269.94,1
814.44,43.06,195.35,30.374217,130.959968,269.94,269.94,1
814.51,43.06,195.35,30.374217,130.959968,269.94,269.94,1
814.58,43.06,195.35,30.374217,130.959968,269.94,269.94,1
814.64,43.06,195.35,30.374217,130.959968,269.94,269.94,1
814.71,43.06,195.35,30.374217,130.959968,269.94,269.94,1
814.78,43.06,195.35,30.374217,130.959968,269.94,269.94,1
814.85,43.06,195.35,30.374217,130.959968,269.94,269.94,1
814.91,43.06,195.35,30.374217,130.959968,269.94,269.94,1
814.99,43.06,195.35,30.374217,130.959968,269.94,269.94,1
815.05,43.06,195.35,30.374217,130.959968,269.94,269.94,1
815.12,43.06,195.35,30.374217,130.959968,269.94,269.94,1
815.19,43.06,195.35,30.374217,130.959968,269.94,269.94,1
815.26,43.06,195.35,30.374217,130.959968,269.94,269.94,1
815.33,43.06,195.35,30.374217,130.959968,269.94,269.94,1
815.4,43.06,195.35,30.374217,130.959968,269.94,269.94,1
815.46,43.1,195.55,30.374217,130.959968,269.94,269.94,1
815.53,43.1,195.55,30.374217,130.959968,269.94,269.94,1
815.6,43.1,195.55,30.374217,130.959968,269.94,269.94,1
815.66,43.1,195.55,30.374217,130.959968,269.94,269.94,1
815.73,43.1,195.55,30.374217,130.959968,269.94,269.94,1
815.8,43.1,195.55,30.374217,130.959968,269.94,269.94,1
815.86,43.1,195.55,30.374217,130.959968,269.94,269.94,1
815.93,43.1,195.55,30.374217,130.959968,269.94,269.94,1
816.0,43.1,195.55,30.374217,130.959968,269.94,269.94,1
816.07,43.1,195.55,30.374217,130.959968,269.94,269.94,1
816.14,43.1,195.55,30.374217,130.959968,269.94,269.94,1
816.2,43.1,195.55,30.374217,130.959968,269.94,269.94,1
816.27,43.14,195.76,30.374217,130.959968,269.94,269.94,1
816.34,43.14,195.76,30.374217,130.959968,269.94,269.94,1
816.41,43.14,195.76,30.374217,130.959968,269.94,269.94,1
816.48,43.14,195.76,30.374217,130.959968,269.94,269.94,1
816.54,43.14,195.76,30.374217,130.959968,269.94,269.94,1
816.61,43.14,195.76,30.374217,130.959968,269.94,269.94,1
816.67,43.14,195.76,30.374217,130.959968,269.94,269.94,1
816.74,43.14,195.76,30.374217,130.959968,269.94,269.94,1
816.81,43.14,195.76,30.374217,130.959968,269.94,269.94,1
816.87,43.14,195.76,30.374217,130.959968,269.94,269.94,1
816.94,43.14,195.76,30.374217,130.959968,269.94,269.94,1
817.01,43.14,195.76,30.374217,130.959968,269.94,269.94,1
817.08,43.14,195.76,30.374217,130.959968,269.94,269.94,1
817.15,43.14,195.76,30.374217,130.959968,269.94,269.94,1
817.21,43.14,195.76,30.374217,130.959968,269.94,269.94,1
817.28,42.97,195.83,30.374217,130.959968,269.94,269.94,1
817.35,42.97,195.83,30.374217,130.959968,269.94,269.94,1
817.42,42.97,195.83,30.374217,130.959968,269.94,269.94,1
817.48,42.97,195.83,30.374217,130.959968,269.94,269.94,1
817.55,42.97,195.83,30.374217,130.959968,269.94,269.94,1
817.62,42.97,195.83,30.374217,130.959968,269.94,269.94,1
817.68,42.97,195.83,30.374217,130.959968,269.94,269.94,1
817.75,42.97,195.83,30.374217,130.959968,269.94,269.94,1
817.82,42.97,195.83,30.374217,130.959968,269.94,269.94,1
817.88,42.97,195.83,30.374217,130.959968,269.94,269.94,1
817.95,42.97,195.83,30.374217,130.959968,269.94,269.94,1
818.02,42.97,195.83,30.374217,130.959968,269.94,269.94,1
818.09,42.97,195.83,30.374217,130.959968,269.94,269.94,1
818.16,42.97,195.83,30.374217,130.959968,269.94,269.94,1
818.22,42.97,195.83,30.374217,130.959968,269.94,269.94,1
818.29,42.97,195.83,30.374217,130.959968,269.94,269.94,1
818.36,42.97,195.83,30.374217,130.959968,269.94,269.94,1
818.43,42.97,195.83,30.374217,130.959968,269.94,269.94,1
818.5,42.97,195.83,30.374217,130.959968,269.94,269.94,1
818.56,42.97,195.83,30.374217,130.959968,269.94,269.94,1
818.63,42.97,195.83,30.374217,130.959968,269.94,269.94,1
818.7,42.97,195.83,30.374217,130.959968,269.94,269.94,1
818.77,42.97,195.83,30.374217,130.959968,269.94,269.94,1
818.83,42.97,195.83,30.374217,130.959968,269.94,269.94,1
818.9,42.97,195.83,30.374217,130.959968,269.94,269.94,1
818.97,42.97,195.83,30.374217,130.959968,269.94,269.94,1
819.04,42.97,195.83,30.374217,130.959968,269.94,269.94,1
819.1,42.97,195.83,30.374217,130.959968,269.94,269.94,1
819.17,42.97,195.83,30.374217,130.959968,269.94,269.94,1
819.24,42.97,195.83,30.374217,130.959968,269.94,269.94,1
819.31,42.97,195.83,30.374217,130.959968,269.94,269.94,1
819.38,42.97,195.83,30.374217,130.959968,269.94,269.94,1
819.45,42.97,195.83,30.374217,130.959968,269.94,269.94,1
819.51,42.97,195.83,30.374217,130.959968,269.94,269.94,1
819.58,42.97,195.83,30.374217,130.959968,269.94,269.94,1
819.65,42.97,195.83,30.374217,130.959968,269.94,269.94,1
819.71,42.97,195.83,30.374217,130.959968,269.94,269.94,1
819.78,42.97,195.83,30.374217,130.959968,269.94,269.94,1
819.85,42.97,195.83,30.374217,130.959968,269.94,269.94,1
819.92,42.97,195.83,30.374217,130.959968,269.94,269.94,1
819.99,42.97,195.83,30.374217,130.959968,269.94,269.94,1
820.06,42.97,195.83,30.374217,130.959968,269.94,269.94,1
820.12,42.97,195.83,30.374217,130.959968,269.94,269.94,1
820.2,42.97,195.83,30.374217,130.959968,269.94,269.94,1
820.27,42.97,195.83,30.374217,130.959968,269.94,269.94,1
820.34,42.79,195.89,30.374217,130.959968,269.94,269.94,1
820.4,42.79,195.89,30.374217,130.959968,269.94,269.94,1
820.47,42.79,195.89,30.374217,130.959968,269.94,269.94,1
820.54,42.79,195.89,30.374217,130.959968,269.94,269.94,1
820.6,42.79,195.89,30.374217,130.959968,269.94,269.94,1
820.67,42.79,195.89,30.374217,130.959968,269.94,269.94,1
820.74,42.79,195.89,30.374217,130.959968,269.94,269.94,1
820.8,42.79,195.89,30.374217,130.959968,269.94,269.94,1
820.87,42.79,195.89,30.374217,130.959968,269.94,269.94,1
820.94,42.79,195.89,30.374217,130.959968,269.94,269.94,1
821.01,42.79,195.89,30.374217,130.959968,269.94,269.94,1
821.08,42.79,195.89,30.374217,130.959968,269.94,269.94,1
821.15,42.79,195.89,30.374217,130.959968,269.94,269.94,1
821.22,42.79,195.89,30.374217,130.959968,269.94,269.94,1
821.28,42.79,195.89,30.374217,130.959968,269.94,269.94,1
821.35,42.79,195.89,30.374217,130.959968,269.94,269.94,1
821.43,42.79,195.89,30.374217,130.959968,269.94,269.94,1
821.49,42.79,195.89,30.374217,130.959968,269.94,269.94,1
821.57,42.79,195.89,30.374217,130.959968,269.94,269.94,1
821.64,42.79,195.89,30.374217,130.959968,269.94,269.94,1
821.71,42.79,195.89,30.374217,130.959968,269.94,269.94,1
821.78,42.79,195.89,30.374217,130.959968,269.94,269.94,1
821.85,42.79,195.89,30.374217,130.959968,269.94,269.94,1
821.91,42.79,195.89,30.374217,130.959968,269.94,269.94,1
821.98,42.79,195.89,30.374217,130.959968,269.94,269.94,1
822.05,42.79,195.89,30.374217,130.959968,269.94,269.94,1
822.11,42.79,195.89,30.374217,130.959968,269.94,269.94,1
822.18,42.79,195.89,30.374217,130.959968,269.94,269.94,1
822.24,42.79,195.89,30.374217,130.959968,269.94,269.94,1
822.31,42.79,195.89,30.374217,130.959968,269.94,269.94,1
822.38,42.79,195.89,30.374217,130.959968,269.94,269.94,1
822.45,42.79,195.89,30.374217,130.959968,269.94,269.94,1
822.52,42.79,195.89,30.374217,130.959968,269.94,269.94,1
822.59,42.79,195.89,30.374217,130.959968,269.94,269.94,1
822.66,42.79,195.89,30.374217,130.959968,269.94,269.94,1
822.73,42.79,195.89,30.374217,130.959968,269.94,269.94,1
822.8,42.79,195.89,30.374217,130.959968,269.94,269.94,1
822.86,42.79,195.89,30.374217,130.959968,269.94,269.94,1
822.93,42.79,195.89,30.374217,130.959968,269.94,269.94,1
822.99,42.79,195.89,30.374217,130.959968,269.94,269.94,1
823.06,42.79,195.89,30.374217,130.959968,269.94,269.94,1
823.13,42.79,195.89,30.374217,130.959968,269.94,269.94,1
823.19,42.79,195.89,30.374217,130.959968,269.94,269.94,1
823.26,42.79,195.89,30.374217,130.959968,269.94,269.94,1
823.32,42.79,195.89,30.374217,130.959968,269.94,269.94,1
823.39,42.56,195.75,30.374217,130.959968,269.94,269.94,1
823.46,42.56,195.75,30.374217,130.959968,269.94,269.94,1
823.53,42.56,195.75,30.374217,130.959968,269.94,269.94,1
823.6,42.56,195.75,30.374217,130.959968,269.94,269.94,1
823.66,42.56,195.75,30.374217,130.959968,269.94,269.94,1
823.73,42.56,195.75,30.374217,130.959968,269.94,269.94,1
823.8,42.56,195.75,30.374217,130.959968,269.94,269.94,1
823.87,42.56,195.75,30.374217,130.959968,269.94,269.94,1
823.94,42.56,195.75,30.374217,130.959968,269.94,269.94,1
824.0,42.56,195.75,30.374217,130.959968,269.94,269.94,1
824.07,42.56,195.75,30.374217,130.959968,269.94,269.94,1
824.13,42.56,195.75,30.374217,130.959968,269.94,269.94,1
824.2,42.56,195.75,30.374217,130.959968,269.94,269.94,1
824.27,42.56,195.75,30.374217,130.959968,269.94,269.94,1
824.33,42.56,195.75,30.374217,130.959968,269.94,269.94,1
824.4,42.43,196.03,30.374217,130.959968,269.94,269.94,1
824.46,42.43,196.03,30.374217,130.959968,269.94,269.94,1
824.53,42.43,196.03,30.374217,130.959968,269.94,269.94,1
824.6,42.43,196.03,30.374217,130.959968,269.94,269.94,1
824.66,42.43,196.03,30.374217,130.959968,269.94,269.94,1
824.73,42.43,196.03,30.374217,130.959968,269.94,269.94,1
824.8,42.43,196.03,30.374217,130.959968,269.94,269.94,1
824.87,42.43,196.03,30.374217,130.959968,269.94,269.94,1
824.94,42.43,196.03,30.374217,130.959968,269.94,269.94,1
825.01,42.43,196.03,30.374217,130.959968,269.94,269.94,1
825.07,42.43,196.03,30.374217,130.959968,269.94,269.94,1
825.14,42.43,196.03,30.374217,130.959968,269.94,269.94,1
825.21,42.43,196.03,30.374217,130.959968,269.94,269.94,1
825.27,42.43,196.03,30.374217,130.959968,269.94,269.94,1
825.34,42.43,196.03,30.374217,130.959968,269.94,269.94,1
825.41,42.7,196.37,30.374217,130.959968,269.94,269.94,1
825.47,42.7,196.37,30.374217,130.959968,269.94,269.94,1
825.54,42.7,196.37,30.374217,130.959968,269.94,269.94,1
825.61,42.7,196.37,30.374217,130.959968,269.94,269.94,1
825.68,42.7,196.37,30.374217,130.959968,269.94,269.94,1
825.74,42.7,196.37,30.374217,130.959968,269.94,269.94,1
825.81,42.7,196.37,30.374217,130.959968,269.94,269.94,1
825.88,42.7,196.37,30.374217,130.959968,269.94,269.94,1
825.95,42.7,196.37,30.374217,130.959968,269.94,269.94,1
826.02,42.7,196.37,30.374217,130.959968,269.94,269.94,1
826.09,42.7,196.37,30.374217,130.959968,269.94,269.94,1
826.16,42.7,196.37,30.374217,130.959968,269.94,269.94,1
826.22,42.7,196.37,30.374217,130.959968,269.94,269.94,1
826.29,42.7,196.37,30.374217,130.959968,269.94,269.94,1
826.36,42.7,196.37,30.374217,130.959968,269.94,269.94,1
826.42,42.3,196.31,30.374217,130.959968,269.94,269.94,1
826.49,42.3,196.31,30.374217,130.959968,269.94,269.94,1
826.56,42.3,196.31,30.374217,130.959968,269.94,269.94,1
826.62,42.3,196.31,30.374217,130.959968,269.94,269.94,1
826.7,42.3,196.31,30.374217,130.959968,269.94,269.94,1
826.76,42.3,196.31,30.374217,130.959968,269.94,269.94,1
826.84,42.3,196.31,30.374217,130.959968,269.94,269.94,1
826.9,42.3,196.31,30.374217,130.959968,269.94,269.94,1
826.97,42.3,196.31,30.374217,130.959968,269.94,269.94,1
827.04,42.3,196.31,30.374217,130.959968,269.94,269.94,1
827.11,42.3,196.31,30.374217,130.959968,269.94,269.94,1
827.18,42.3,196.31,30.374217,130.959968,269.94,269.94,1
827.25,42.3,196.31,30.374217,130.959968,269.94,269.94,1
827.31,42.3,196.31,30.374217,130.959968,269.94,269.94,1
827.38,42.3,196.31,30.374217,130.959968,269.94,269.94,1
827.44,42.7,196.37,30.374217,130.959968,269.94,269.94,1
827.51,42.7,196.37,30.374217,130.959968,269.94,269.94,1
827.58,42.7,196.37,30.374217,130.959968,269.94,269.94,1
827.65,42.7,196.37,30.374217,130.959968,269.94,269.94,1
827.72,42.7,196.37,30.374217,130.959968,269.94,269.94,1
827.78,42.7,196.37,30.374217,130.959968,269.94,269.94,1
827.85,42.7,196.37,30.374217,130.959968,269.94,269.94,1
827.92,42.7,196.37,30.374217,130.959968,269.94,269.94,1
827.99,42.7,196.37,30.374217,130.959968,269.94,269.94,1
828.05,42.7,196.37,30.374217,130.959968,269.94,269.94,1
828.13,42.7,196.37,30.374217,130.959968,269.94,269.94,1
828.2,42.7,196.37,30.374217,130.959968,269.94,269.94,1
828.27,42.7,196.37,30.374217,130.959968,269.94,269.94,1
828.34,42.7,196.37,30.374217,130.959968,269.94,269.94,1
828.4,42.7,196.37,30.374217,130.959968,269.94,269.94,1
828.47,42.47,196.24,30.374217,130.959968,269.94,269.94,1
828.54,42.47,196.24,30.374217,130.959968,269.94,269.94,1
828.6,42.47,196.24,30.374217,130.959968,269.94,269.94,1
828.67,42.47,196.24,30.374217,130.959968,269.94,269.94,1
828.74,42.47,196.24,30.374217,130.959968,269.94,269.94,1
828.81,42.47,196.24,30.374217,130.959968,269.94,269.94,1
828.87,42.47,196.24,30.374217,130.959968,269.94,269.94,1
828.94,42.47,196.24,30.374217,130.959968,269.94,269.94,1
829.0,42.47,196.24,30.374217,130.959968,269.94,269.94,1
829.07,42.47,196.24,30.374217,130.959968,269.94,269.94,1
829.14,42.47,196.24,30.374217,130.959968,269.94,269.94,1
829.2,42.47,196.24,30.374217,130.959968,269.94,269.94,1
829.28,42.47,196.24,30.374217,130.959968,269.94,269.94,1
829.34,42.47,196.24,30.374217,130.959968,269.94,269.94,1
829.41,42.47,196.24,30.374217,130.959968,269.94,269.94,1
829.48,42.47,196.24,30.374217,130.959968,269.94,269.94,1
829.55,42.47,196.24,30.374217,130.959968,269.94,269.94,1
829.62,42.47,196.24,30.374217,130.959968,269.94,269.94,1
829.69,42.47,196.24,30.374217,130.959968,269.94,269.94,1
829.75,42.47,196.24,30.374217,130.959968,269.94,269.94,1
829.83,42.47,196.24,30.374217,130.959968,269.94,269.94,1
829.89,42.47,196.24,30.374217,130.959968,269.94,269.94,1
829.96,42.47,196.24,30.374217,130.959968,269.94,269.94,1
830.03,42.47,196.24,30.374217,130.959968,269.94,269.94,1
830.1,42.47,196.24,30.374217,130.959968,269.94,269.94,1
830.17,42.47,196.24,30.374217,130.959968,269.94,269.94,1
830.23,42.47,196.24,30.374217,130.959968,269.94,269.94,1
830.3,42.47,196.24,30.374217,130.959968,269.94,269.94,1
830.37,42.47,196.24,30.374217,130.959968,269.94,269.94,1
830.44,42.65,196.17,30.374217,130.959968,269.94,269.94,1
830.51,42.65,196.17,30.374217,130.959968,269.94,269.94,1
830.58,42.65,196.17,30.374217,130.959968,269.94,269.94,1
830.65,42.65,196.17,30.374217,130.959968,269.94,269.94,1
830.72,42.65,196.17,30.374217,130.959968,269.94,269.94,1
830.79,42.65,196.17,30.374217,130.959968,269.94,269.94,1
830.86,42.65,196.17,30.374217,130.959968,269.94,269.94,1
830.92,42.65,196.17,30.374217,130.959968,269.94,269.94,1
830.99,42.65,196.17,30.374217,130.959968,269.94,269.94,1
831.06,42.65,196.17,30.374217,130.959968,269.94,269.94,1
831.13,42.65,196.17,30.374217,130.959968,269.94,269.94,1
831.2,42.65,196.17,30.374217,130.959968,269.94,269.94,1
831.27,42.65,196.17,30.374217,130.959968,269.94,269.94,1
831.33,42.65,196.17,30.374217,130.959968,269.94,269.94,1
831.4,42.52,196.44,30.374217,130.959968,269.94,269.94,1
831.47,42.52,196.44,30.374217,130.959968,269.94,269.94,1
831.54,42.52,196.44,30.374217,130.959968,269.94,269.94,1
831.61,42.52,196.44,30.374217,130.959968,269.94,269.94,1
831.67,42.52,196.44,30.374217,130.959968,269.94,269.94,1
831.74,42.52,196.44,30.374217,130.959968,269.94,269.94,1
831.81,42.52,196.44,30.374217,130.959968,269.94,269.94,1
831.87,42.52,196.44,30.374217,130.959968,269.94,269.94,1
831.94,42.52,196.44,30.374217,130.959968,269.94,269.94,1
832.01,42.52,196.44,30.374217,130.959968,269.94,269.94,1
832.08,42.52,196.44,30.374217,130.959968,269.94,269.94,1
832.14,42.52,196.44,30.374217,130.959968,269.94,269.94,1
832.21,42.52,196.44,30.374217,130.959968,269.94,269.94,1
832.28,42.52,196.44,30.374217,130.959968,269.94,269.94,1
832.35,42.52,196.44,30.374217,130.959968,269.94,269.94,1
832.41,42.52,196.44,30.374217,130.959968,269.94,269.94,1
832.48,42.52,196.44,30.374217,130.959968,269.94,269.94,1
832.55,42.52,196.44,30.374217,130.959968,269.94,269.94,1
832.63,42.52,196.44,30.374217,130.959968,269.94,269.94,1
832.69,42.52,196.44,30.374217,130.959968,269.94,269.94,1
832.76,42.52,196.44,30.374217,130.959968,269.94,269.94,1
832.83,42.52,196.44,30.374217,130.959968,269.94,269.94,1
832.9,42.52,196.44,30.374217,130.959968,269.94,269.94,1
832.96,42.52,196.44,30.374217,130.959968,269.94,269.94,1
833.03,42.52,196.44,30.374217,130.959968,269.94,269.94,1
833.1,42.52,196.44,30.374217,130.959968,269.94,269.94,1
833.17,42.52,196.44,30.374217,130.959968,269.94,269.94,1
833.23,42.52,196.44,30.374217,130.959968,269.94,269.94,1
833.3,42.52,196.44,30.374217,130.959968,269.94,269.94,1
833.36,42.52,196.44,30.374217,130.959968,269.94,269.94,1
833.43,42.52,196.44,30.374217,130.959968,269.94,269.94,1
833.5,42.7,196.37,30.374217,130.959968,269.94,269.94,1
833.58,42.7,196.37,30.374217,130.959968,269.94,269.94,1
833.64,42.7,196.37,30.374217,130.959968,269.94,269.94,1
833.71,42.7,196.37,30.374217,130.959968,269.94,269.94,1
833.78,42.7,196.37,30.374217,130.959968,269.94,269.94,1
833.85,42.7,196.37,30.374217,130.959968,269.94,269.94,1
833.92,42.7,196.37,30.374217,130.959968,269.94,269.94,1
833.98,42.7,196.37,30.374217,130.959968,269.94,269.94,1
834.06,42.7,196.37,30.374217,130.959968,269.94,269.94,1
834.13,42.7,196.37,30.374217,130.959968,269.94,269.94,1
834.19,42.7,196.37,30.374217,130.959968,269.94,269.94,1
834.26,42.7,196.37,30.374217,130.959968,269.94,269.94,1
834.33,42.7,196.37,30.374217,130.959968,269.94,269.94,1
834.4,42.52,196.44,30.374217,130.959968,269.94,269.94,1
834.47,42.52,196.44,30.374217,130.959968,269.94,269.94,1
834.54,42.52,196.44,30.374217,130.959968,269.94,269.94,1
834.61,42.52,196.44,30.374217,130.959968,269.94,269.94,1
834.67,42.52,196.44,30.374217,130.959968,269.94,269.94,1
834.74,42.52,196.44,30.374217,130.959968,269.94,269.94,1
834.81,42.52,196.44,30.374217,130.959968,269.94,269.94,1
834.88,42.52,196.44,30.374217,130.959968,269.94,269.94,1
834.95,42.52,196.44,30.374217,130.959968,269.94,269.94,1
835.02,42.52,196.44,30.374217,130.959968,269.94,269.94,1
835.08,42.52,196.44,30.374217,130.959968,269.94,269.94,1
835.15,42.52,196.44,30.374217,130.959968,269.94,269.94,1
835.21,42.52,196.44,30.374217,130.959968,269.94,269.94,1
835.28,42.52,196.44,30.374217,130.959968,269.94,269.94,1
835.35,42.88,196.3,30.374217,130.959968,269.94,269.94,1
835.42,42.88,196.3,30.374217,130.959968,269.94,269.94,1
835.49,42.88,196.3,30.374217,130.959968,269.94,269.94,1
835.56,42.88,196.3,30.374217,130.959968,269.94,269.94,1
835.63,42.88,196.3,30.374217,130.959968,269.94,269.94,1
835.7,42.88,196.3,30.374217,130.959968,269.94,269.94,1
835.77,42.88,196.3,30.374217,130.959968,269.94,269.94,1
835.84,42.88,196.3,30.374217,130.959968,269.94,269.94,1
835.91,42.88,196.3,30.374217,130.959968,269.94,269.94,1
835.97,42.88,196.3,30.374217,130.959968,269.94,269.94,1
836.04,42.88,196.3,30.374217,130.959968,269.94,269.94,1
836.11,42.88,196.3,30.374217,130.959968,269.94,269.94,1
836.18,42.88,196.3,30.374217,130.959968,269.94,269.94,1
836.24,42.88,196.3,30.374217,130.959968,269.94,269.94,1
836.31,42.88,196.3,30.374217,130.959968,269.94,269.94,1
836.38,42.88,196.3,30.374217,130.959968,269.94,269.94,1
836.44,42.88,196.3,30.374217,130.959968,269.94,269.94,1
836.51,42.7,196.37,30.374217,130.959968,269.94,269.94,1
836.58,42.7,196.37,30.374217,130.959968,269.94,269.94,1
836.64,42.7,196.37,30.374217,130.959968,269.94,269.94,1
836.71,42.7,196.37,30.374217,130.959968,269.94,269.94,1
836.78,42.7,196.37,30.374217,130.959968,269.94,269.94,1
836.84,42.7,196.37,30.374217,130.959968,269.94,269.94,1
836.91,42.7,196.37,30.374217,130.959968,269.94,269.94,1
836.98,42.7,196.37,30.374217,130.959968,269.94,269.94,1
837.05,42.7,196.37,30.374217,130.959968,269.94,269.94,1
837.12,42.7,196.37,30.374217,130.959968,269.94,269.94,1
837.19,42.7,196.37,30.374217,130.959968,269.94,269.94,1
837.26,42.7,196.37,30.374217,130.959968,269.94,269.94,1
837.32,42.7,196.37,30.374217,130.959968,269.94,269.94,1
837.39,42.7,196.37,30.374217,130.959968,269.94,269.94,1
837.46,42.47,196.24,30.374217,130.959968,269.94,269.94,1
837.53,42.47,196.24,30.374217,130.959968,269.94,269.94,1
837.6,42.47,196.24,30.374217,130.959968,269.94,269.94,1
837.67,42.47,196.24,30.374217,130.959968,269.94,269.94,1
837.74,42.47,196.24,30.374217,130.959968,269.94,269.94,1
837.81,42.47,196.24,30.374217,130.959968,269.94,269.94,1
837.88,42.47,196.24,30.374217,130.959968,269.94,269.94,1
837.95,42.47,196.24,30.374217,130.959968,269.94,269.94,1
838.02,42.47,196.24,30.374217,130.959968,269.94,269.94,1
838.08,42.47,196.24,30.374217,130.959968,269.94,269.94,1
838.15,42.47,196.24,30.374217,130.959968,269.94,269.94,1
838.22,42.47,196.24,30.374217,130.959968,269.94,269.94,1
838.29,42.47,196.24,30.374217,130.959968,269.94,269.94,1
838.36,42.47,196.24,30.374217,130.959968,269.94,269.94,1
838.43,42.47,196.24,30.374217,130.959968,269.94,269.94,1
838.49,42.47,196.24,30.374217,130.959968,269.94,269.94,1
838.56,42.47,196.24,30.374217,130.959968,269.94,269.94,1
838.63,42.47,196.24,30.374217,130.959968,269.94,269.94,1
838.7,42.47,196.24,30.374217,130.959968,269.94,269.94,1
838.77,42.47,196.24,30.374217,130.959968,269.94,269.94,1
838.83,42.47,196.24,30.374217,130.959968,269.94,269.94,1
838.9,42.47,196.24,30.374217,130.959968,269.94,269.94,1
838.96,42.47,196.24,30.374217,130.959968,269.94,269.94,1
839.03,42.47,196.24,30.374217,130.959968,269.94,269.94,1
839.1,42.47,196.24,30.374217,130.959968,269.94,269.94,1
839.17,42.47,196.24,30.374217,130.959968,269.94,269.94,1
839.23,42.47,196.24,30.374217,130.959968,269.94,269.94,1
839.3,42.47,196.24,30.374217,130.959968,269.94,269.94,1
839.38,42.47,196.24,30.374217,130.959968,269.94,269.94,1
839.44,42.47,196.24,30.374217,130.959968,269.94,269.94,1
839.51,42.47,196.24,30.374217,130.959968,269.94,269.94,1
839.58,42.65,196.17,30.374217,130.959968,269.94,269.94,1
839.65,42.65,196.17,30.374217,130.959968,269.94,269.94,1
839.72,42.65,196.17,30.374217,130.959968,269.94,269.94,1
839.79,42.65,196.17,30.374217,130.959968,269.94,269.94,1
839.86,42.65,196.17,30.374217,130.959968,269.94,269.94,1
839.92,42.65,196.17,30.374217,130.959968,269.94,269.94,1
839.99,42.65,196.17,30.374217,130.959968,269.94,269.94,1
840.06,42.65,196.17,30.374217,130.959968,269.94,269.94,1
840.13,42.65,196.17,30.374217,130.959968,269.94,269.94,1
840.2,42.65,196.17,30.374217,130.959968,269.94,269.94,1
840.27,42.65,196.17,30.374217,130.959968,269.94,269.94,1
840.34,42.65,196.17,30.374217,130.959968,269.94,269.94,1
840.41,42.65,196.17,30.374217,130.959968,269.94,269.94,1
840.47,42.65,196.17,30.374217,130.959968,269.94,269.94,1
840.54,42.65,196.17,30.374217,130.959968,269.94,269.94,1
840.61,42.65,196.17,30.374217,130.959968,269.94,269.94,1
840.68,42.65,196.17,30.374217,130.959968,269.94,269.94,1
840.74,42.65,196.17,30.374217,130.959968,269.94,269.94,1
840.82,42.65,196.17,30.374217,130.959968,269.94,269.94,1
840.89,42.65,196.17,30.374217,130.959968,269.94,269.94,1
840.95,42.65,196.17,30.374217,130.959968,269.94,269.94,1
841.02,42.65,196.17,30.374217,130.959968,269.94,269.94,1
841.09,42.65,196.17,30.374217,130.959968,269.94,269.94,1
841.16,42.65,196.17,30.374217,130.959968,269.94,269.94,1
841.23,42.65,196.17,30.374217,130.959968,269.94,269.94,1
841.3,42.65,196.17,30.374217,130.959968,269.94,269.94,1
841.36,42.65,196.17,30.374217,130.959968,269.94,269.94,1
841.43,42.7,196.37,30.374217,130.959968,269.94,269.94,1
841.5,42.7,196.37,30.374217,130.959968,269.94,269.94,1
841.56,42.7,196.37,30.374217,130.959968,269.94,269.94,1
841.63,42.7,196.37,30.374217,130.959968,269.94,269.94,1
841.71,42.7,196.37,30.374217,130.959968,269.94,269.94,1
841.78,42.7,196.37,30.374217,130.959968,269.94,269.94,1
841.84,42.7,196.37,30.374217,130.959968,269.94,269.94,1
841.91,42.7,196.37,30.374217,130.959968,269.94,269.94,1
841.98,42.7,196.37,30.374217,130.959968,269.94,269.94,1
842.05,42.7,196.37,30.374217,130.959968,269.94,269.94,1
842.12,42.7,196.37,30.374217,130.959968,269.94,269.94,1
842.18,42.7,196.37,30.374217,130.959968,269.94,269.94,1
842.25,42.7,196.37,30.374217,130.959968,269.94,269.94,1
842.32,42.7,196.37,30.374217,130.959968,269.94,269.94,1
842.38,42.7,196.37,30.374217,130.959968,269.94,269.94,1
842.45,42.7,196.37,30.374217,130.959968,269.94,269.94,1
842.52,42.7,196.37,30.374217,130.959968,269.94,269.94,1
842.58,42.7,196.37,30.374217,130.959968,269.94,269.94,1
842.65,42.88,196.3,30.374217,130.959968,269.94,269.94,1
842.72,42.88,196.3,30.374217,130.959968,269.94,269.94,1
842.79,42.88,196.3,30.374217,130.959968,269.94,269.94,1
842.86,42.88,196.3,30.374217,130.959968,269.94,269.94,1
842.93,42.88,196.3,30.374217,130.959968,269.94,269.94,1
842.99,42.88,196.3,30.374217,130.959968,269.94,269.94,1
843.06,42.88,196.3,30.374217,130.959968,269.94,269.94,1
843.13,42.88,196.3,30.374217,130.959968,269.94,269.94,1
843.2,42.88,196.3,30.374217,130.959968,269.94,269.94,1
843.27,42.88,196.3,30.374217,130.959968,269.94,269.94,1
843.34,42.88,196.3,30.374217,130.959968,269.94,269.94,1
843.41,42.88,196.3,30.374217,130.959968,269.94,269.94,1
843.48,42.88,196.3,30.374217,130.959968,269.94,269.94,1
843.54,43.23,196.17,30.374217,130.959968,269.94,269.94,1
843.61,43.23,196.17,30.374217,130.959968,269.94,269.94,1
843.68,43.23,196.17,30.374217,130.959968,269.94,269.94,1
843.75,43.23,196.17,30.374217,130.959968,269.94,269.94,1
843.81,43.23,196.17,30.374217,130.959968,269.94,269.94,1
843.88,43.23,196.17,30.374217,130.959968,269.94,269.94,1
843.94,43.23,196.17,30.374217,130.959968,269.94,269.94,1
844.01,43.23,196.17,30.374217,130.959968,269.94,269.94,1
844.08,43.23,196.17,30.374217,130.959968,269.94,269.94,1
844.14,43.23,196.17,30.374217,130.959968,269.94,269.94,1
844.21,43.23,196.17,30.374217,130.959968,269.94,269.94,1
844.28,43.23,196.17,30.374217,130.959968,269.94,269.94,1
844.35,43.23,196.17,30.374217,130.959968,269.94,269.94,1
844.42,43.23,196.17,30.374217,130.959968,269.94,269.94,1
844.49,43.1,196.44,30.374217,130.959968,269.94,269.94,1
844.56,43.1,196.44,30.374217,130.959968,269.94,269.94,1
844.62,43.1,196.44,30.374217,130.959968,269.94,269.94,1
844.69,43.1,196.44,30.374217,130.959968,269.94,269.94,1
844.76,43.1,196.44,30.374217,130.959968,269.94,269.94,1
844.82,43.1,196.44,30.374217,130.959968,269.94,269.94,1
844.89,43.1,196.44,30.374217,130.959968,269.94,269.94,1
844.96,43.1,196.44,30.374217,130.959968,269.94,269.94,1
845.02,43.1,196.44,30.374217,130.959968,269.94,269.94,1
845.09,43.1,196.44,30.374217,130.959968,269.94,269.94,1
845.16,43.1,196.44,30.374217,130.959968,269.94,269.94,1
845.23,43.1,196.44,30.374217,130.959968,269.94,269.94,1
845.3,43.1,196.44,30.374217,130.959968,269.94,269.94,1
845.37,43.23,196.17,30.374217,130.959968,269.94,269.94,1
845.44,43.23,196.17,30.374217,130.959968,269.94,269.94,1
845.51,43.23,196.17,30.374217,130.959968,269.94,269.94,1
845.58,43.23,196.17,30.374217,130.959968,269.94,269.94,1
845.65,43.23,196.17,30.374217,130.959968,269.94,269.94,1
845.71,43.23,196.17,30.374217,130.959968,269.94,269.94,1
845.78,43.23,196.17,30.374217,130.959968,269.94,269.94,1
845.85,43.23,196.17,30.374217,130.959968,269.94,269.94,1
845.92,43.23,196.17,30.374217,130.959968,269.94,269.94,1
845.99,43.23,196.17,30.374217,130.959968,269.94,269.94,1
846.05,43.23,196.17,30.374217,130.959968,269.94,269.94,1
846.12,43.23,196.17,30.374217,130.959968,269.94,269.94,1
846.19,43.23,196.17,30.374217,130.959968,269.94,269.94,1
846.25,43.05,196.24,30.374217,130.959968,269.94,269.94,1
846.32,43.05,196.24,30.374217,130.959968,269.94,269.94,1
846.39,43.05,196.24,30.374217,130.959968,269.94,269.94,1
846.45,43.05,196.24,30.374217,130.959968,269.94,269.94,1
846.52,43.05,196.24,30.374217,130.959968,269.94,269.94,1
846.6,43.05,196.24,30.374217,130.959968,269.94,269.94,1
846.67,43.05,196.24,30.374217,130.959968,269.94,269.94,1
846.74,43.05,196.24,30.374217,130.959968,269.94,269.94,1
846.8,43.05,196.24,30.374217,130.959968,269.94,269.94,1
846.87,43.05,196.24,30.374217,130.959968,269.94,269.94,1
846.94,43.05,196.24,30.374217,130.959968,269.94,269.94,1
847.01,43.05,196.24,30.374217,130.959968,269.94,269.94,1
847.07,43.05,196.24,30.374217,130.959968,269.94,269.94,1
847.14,43.05,196.24,30.374217,130.959968,269.94,269.94,1
847.21,43.05,196.24,30.374217,130.959968,269.94,269.94,1
847.28,43.05,196.24,30.374217,130.959968,269.94,269.94,1
847.34,43.05,196.24,30.374217,130.959968,269.94,269.94,1
847.41,43.05,196.24,30.374217,130.959968,269.94,269.94,1
847.48,43.05,196.24,30.374217,130.959968,269.94,269.94,1
847.55,43.05,196.24,30.374217,130.959968,269.94,269.94,1
847.62,43.05,196.24,30.374217,130.959968,269.94,269.94,1
847.66,43.05,196.24,30.374217,130.959968,269.94,269.94,1
847.68,43.05,196.24,30.374217,130.959968,269.94,269.94,1
847.75,43.05,196.24,30.374217,130.959968,269.94,269.94,1
847.82,43.05,196.24,30.374217,130.959968,269.94,269.94,1
847.89,43.05,196.24,30.374217,130.959968,269.94,269.94,1
