ElapsedSec,Phase,MissionElapsedSec,MissionEndReason,MissionTotalTimeout
0.0,0,0.0,RUNNING,0
0.0,0,0.0,RUNNING,0
0.0,0,0.0,RUNNING,0
0.0,0,0.0,RUNNING,0
0.0,0,0.0,RUNNING,0
0.0,0,0.0,RUNNING,0
0.0,0,0.0,RUNNING,0
0.0,0,0.0,RUNNING,0
0.0,0,0.0,RUNNING,0
0.0,0,0.0,RUNNING,0
0.0,0,0.0,RUNNING,0
0.0,0,0.0,RUNNING,0
0.0,0,0.0,RUNNING,0
0.0,0,0.0,RUNNING,0
0.0,0,0.0,RUNNING,0
0.0,0,0.0,RUNNING,0
0.0,0,0.0,RUNNING,0
0.0,0,0.0,RUNNING,0
0.0,0,0.0,RUNNING,0
0.05,0,0.05,RUNNING,0
0.12,0,0.12,RUNNING,0
0.19,0,0.19,RUNNING,0
0.25,0,0.25,RUNNING,0
0.32,0,0.32,RUNNING,0
0.38,0,0.38,RUNNING,0
0.45,0,0.45,RUNNING,0
0.51,0,0.51,RUNNING,0
0.58,0,0.58,RUNNING,0
0.64,0,0.64,RUNNING,0
0.71,0,0.71,RUNNING,0
0.78,0,0.78,RUNNING,0
0.84,0,0.84,RUNNING,0
0.91,0,0.91,RUNNING,0
0.97,0,0.97,RUNNING,0
1.04,0,1.04,RUNNING,0
1.1,0,1.1,RUNNING,0
1.17,0,1.17,RUNNING,0
1.23,0,1.23,RUNNING,0
1.3,0,1.3,RUNNING,0
1.37,0,1.37,RUNNING,0
1.43,0,1.43,RUNNING,0
1.5,0,1.5,RUNNING,0
1.56,0,1.56,RUNNING,0
1.63,0,1.63,RUNNING,0
1.69,0,1.69,RUNNING,0
1.76,0,1.76,RUNNING,0
1.83,0,1.83,RUNNING,0
1.89,0,1.89,RUNNING,0
1.96,0,1.96,RUNNING,0
2.02,0,2.02,RUNNING,0
2.09,0,2.09,RUNNING,0
2.16,0,2.16,RUNNING,0
2.22,0,2.22,RUNNING,0
2.29,0,2.29,RUNNING,0
2.35,0,2.35,RUNNING,0
2.42,0,2.42,RUNNING,0
2.48,0,2.48,RUNNING,0
2.55,0,2.55,RUNNING,0
2.62,0,2.62,RUNNING,0
2.68,0,2.68,RUNNING,0
2.75,0,2.75,RUNNING,0
2.81,0,2.81,RUNNING,0
2.88,0,2.88,RUNNING,0
2.94,0,2.94,RUNNING,0
3.01,0,3.01,RUNNING,0
3.08,0,3.08,RUNNING,0
3.14,0,3.14,RUNNING,0
3.21,0,3.21,RUNNING,0
3.27,0,3.27,RUNNING,0
3.34,0,3.34,RUNNING,0
3.41,0,3.41,RUNNING,0
3.47,0,3.47,RUNNING,0
3.54,0,3.54,RUNNING,0
3.61,0,3.61,RUNNING,0
3.67,0,3.67,RUNNING,0
3.74,0,3.74,RUNNING,0
3.81,0,3.81,RUNNING,0
3.87,0,3.87,RUNNING,0
3.94,0,3.94,RUNNING,0
4.01,0,4.01,RUNNING,0
4.07,0,4.07,RUNNING,0
4.16,0,4.16,RUNNING,0
4.22,0,4.22,RUNNING,0
4.29,0,4.29,RUNNING,0
4.36,0,4.36,RUNNING,0
4.43,0,4.43,RUNNING,0
4.5,0,4.5,RUNNING,0
4.56,0,4.56,RUNNING,0
4.63,0,4.63,RUNNING,0
4.69,0,4.69,RUNNING,0
4.76,0,4.76,RUNNING,0
4.83,0,4.83,RUNNING,0
4.9,0,4.9,RUNNING,0
4.97,0,4.97,RUNNING,0
5.03,0,5.03,RUNNING,0
5.1,0,5.1,RUNNING,0
5.16,0,5.16,RUNNING,0
5.23,0,5.23,RUNNING,0
5.3,0,5.3,RUNNING,0
5.36,0,5.36,RUNNING,0
5.43,0,5.43,RUNNING,0
5.5,0,5.5,RUNNING,0
5.56,0,5.56,RUNNING,0
5.63,0,5.63,RUNNING,0
5.69,0,5.69,RUNNING,0
5.76,0,5.76,RUNNING,0
5.82,0,5.82,RUNNING,0
5.89,0,5.89,RUNNING,0
5.96,0,5.96,RUNNING,0
6.02,0,6.02,RUNNING,0
6.09,0,6.09,RUNNING,0
6.15,0,6.15,RUNNING,0
6.22,0,6.22,RUNNING,0
6.29,0,6.29,RUNNING,0
6.36,0,6.36,RUNNING,0
6.42,0,6.42,RUNNING,0
6.49,0,6.49,RUNNING,0
6.56,0,6.56,RUNNING,0
6.62,0,6.62,RUNNING,0
6.69,0,6.69,RUNNING,0
6.75,0,6.75,RUNNING,0
6.82,0,6.82,RUNNING,0
6.89,0,6.89,RUNNING,0
6.95,0,6.95,RUNNING,0
7.02,0,7.02,RUNNING,0
7.08,0,7.08,RUNNING,0
7.15,0,7.15,RUNNING,0
7.22,0,7.22,RUNNING,0
7.28,0,7.28,RUNNING,0
7.35,0,7.35,RUNNING,0
7.42,0,7.42,RUNNING,0
7.48,0,7.48,RUNNING,0
7.55,0,7.55,RUNNING,0
7.62,0,7.62,RUNNING,0
7.68,0,7.68,RUNNING,0
7.75,0,7.75,RUNNING,0
7.81,0,7.81,RUNNING,0
7.88,0,7.88,RUNNING,0
7.95,0,7.95,RUNNING,0
8.01,0,8.01,RUNNING,0
8.08,0,8.08,RUNNING,0
8.15,0,8.15,RUNNING,0
8.21,0,8.21,RUNNING,0
8.28,0,8.28,RUNNING,0
8.34,0,8.34,RUNNING,0
8.41,0,8.41,RUNNING,0
8.48,0,8.48,RUNNING,0
8.55,0,8.55,RUNNING,0
8.61,0,8.61,RUNNING,0
8.68,0,8.68,RUNNING,0
8.75,0,8.75,RUNNING,0
8.81,0,8.81,RUNNING,0
8.88,0,8.88,RUNNING,0
8.95,0,8.95,RUNNING,0
9.01,0,9.01,RUNNING,0
9.08,0,9.08,RUNNING,0
9.15,0,9.15,RUNNING,0
9.21,0,9.21,RUNNING,0
9.28,0,9.28,RUNNING,0
9.35,0,9.35,RUNNING,0
9.42,0,9.42,RUNNING,0
9.48,0,9.48,RUNNING,0
9.55,0,9.55,RUNNING,0
9.62,0,9.62,RUNNING,0
9.68,0,9.68,RUNNING,0
9.75,0,9.75,RUNNING,0
9.82,0,9.82,RUNNING,0
9.88,0,9.88,RUNNING,0
9.95,0,9.95,RUNNING,0
10.02,0,10.02,RUNNING,0
10.08,0,10.08,RUNNING,0
10.15,0,10.15,RUNNING,0
10.22,0,10.22,RUNNING,0
10.28,0,10.28,RUNNING,0
10.35,0,10.35,RUNNING,0
10.42,0,10.42,RUNNING,0
10.48,0,10.48,RUNNING,0
10.55,0,10.55,RUNNING,0
10.62,0,10.62,RUNNING,0
10.68,0,10.68,RUNNING,0
10.75,0,10.75,RUNNING,0
10.82,0,10.82,RUNNING,0
10.89,0,10.89,RUNNING,0
10.96,0,10.96,RUNNING,0
11.02,0,11.02,RUNNING,0
11.09,0,11.09,RUNNING,0
11.16,0,11.16,RUNNING,0
11.22,0,11.22,RUNNING,0
11.29,0,11.29,RUNNING,0
11.35,0,11.35,RUNNING,0
11.42,0,11.42,RUNNING,0
11.49,0,11.49,RUNNING,0
11.55,0,11.55,RUNNING,0
11.62,0,11.62,RUNNING,0
11.68,0,11.68,RUNNING,0
11.75,0,11.75,RUNNING,0
11.82,0,11.82,RUNNING,0
11.88,0,11.88,RUNNING,0
11.95,0,11.95,RUNNING,0
12.02,0,12.02,RUNNING,0
12.08,0,12.08,RUNNING,0
12.15,0,12.15,RUNNING,0
12.21,0,12.21,RUNNING,0
12.28,0,12.28,RUNNING,0
12.35,0,12.35,RUNNING,0
12.41,0,12.41,RUNNING,0
12.48,0,12.48,RUNNING,0
12.54,0,12.54,RUNNING,0
12.61,0,12.61,RUNNING,0
12.67,0,12.67,RUNNING,0
12.74,0,12.74,RUNNING,0
12.81,0,12.81,RUNNING,0
12.87,0,12.87,RUNNING,0
12.94,0,12.94,RUNNING,0
13.01,0,13.01,RUNNING,0
13.1,0,13.1,RUNNING,0
13.16,0,13.16,RUNNING,0
13.23,0,13.23,RUNNING,0
13.3,0,13.3,RUNNING,0
13.36,0,13.36,RUNNING,0
13.43,0,13.43,RUNNING,0
13.5,0,13.5,RUNNING,0
13.56,0,13.56,RUNNING,0
13.63,0,13.63,RUNNING,0
13.69,0,13.69,RUNNING,0
13.76,0,13.76,RUNNING,0
13.83,0,13.83,RUNNING,0
13.89,0,13.89,RUNNING,0
13.96,0,13.96,RUNNING,0
14.04,0,14.04,RUNNING,0
14.1,0,14.1,RUNNING,0
14.17,0,14.17,RUNNING,0
14.24,0,14.24,RUNNING,0
14.3,0,14.3,RUNNING,0
14.37,0,14.37,RUNNING,0
14.44,0,14.44,RUNNING,0
14.5,0,14.5,RUNNING,0
14.57,0,14.57,RUNNING,0
14.63,0,14.63,RUNNING,0
14.7,0,14.7,RUNNING,0
14.77,0,14.77,RUNNING,0
14.83,0,14.83,RUNNING,0
14.9,0,14.9,RUNNING,0
14.97,0,14.97,RUNNING,0
15.03,0,15.03,RUNNING,0
15.1,0,15.1,RUNNING,0
15.17,0,15.17,RUNNING,0
15.23,0,15.23,RUNNING,0
15.3,0,15.3,RUNNING,0
15.37,0,15.37,RUNNING,0
15.43,0,15.43,RUNNING,0
15.5,0,15.5,RUNNING,0
15.57,0,15.57,RUNNING,0
15.63,0,15.63,RUNNING,0
15.7,0,15.7,RUNNING,0
15.77,0,15.77,RUNNING,0
15.83,0,15.83,RUNNING,0
15.9,0,15.9,RUNNING,0
15.97,0,15.97,RUNNING,0
16.03,0,16.03,RUNNING,0
16.1,0,16.1,RUNNING,0
16.16,0,16.16,RUNNING,0
16.23,0,16.23,RUNNING,0
16.3,0,16.3,RUNNING,0
16.37,0,16.37,RUNNING,0
16.43,0,16.43,RUNNING,0
16.5,0,16.5,RUNNING,0
16.56,0,16.56,RUNNING,0
16.63,0,16.63,RUNNING,0
16.7,0,16.7,RUNNING,0
16.76,0,16.76,RUNNING,0
16.83,0,16.83,RUNNING,0
16.9,0,16.9,RUNNING,0
16.96,0,16.96,RUNNING,0
17.03,0,17.03,RUNNING,0
17.1,0,17.1,RUNNING,0
17.17,0,17.17,RUNNING,0
17.24,0,17.24,RUNNING,0
17.31,0,17.31,RUNNING,0
17.37,0,17.37,RUNNING,0
17.44,0,17.44,RUNNING,0
17.5,0,17.5,RUNNING,0
17.57,0,17.57,RUNNING,0
17.64,0,17.64,RUNNING,0
17.7,0,17.7,RUNNING,0
17.77,0,17.77,RUNNING,0
17.83,0,17.83,RUNNING,0
17.9,0,17.9,RUNNING,0
17.97,0,17.97,RUNNING,0
18.03,0,18.03,RUNNING,0
18.1,0,18.1,RUNNING,0
18.16,0,18.16,RUNNING,0
18.23,0,18.23,RUNNING,0
18.3,0,18.3,RUNNING,0
18.36,0,18.36,RUNNING,0
18.43,0,18.43,RUNNING,0
18.5,0,18.5,RUNNING,0
18.56,0,18.56,RUNNING,0
18.63,0,18.63,RUNNING,0
18.69,0,18.69,RUNNING,0
18.76,0,18.76,RUNNING,0
18.83,0,18.83,RUNNING,0
18.89,0,18.89,RUNNING,0
18.96,0,18.96,RUNNING,0
19.02,0,19.02,RUNNING,0
19.09,0,19.09,RUNNING,0
19.16,0,19.16,RUNNING,0
19.22,0,19.22,RUNNING,0
19.29,0,19.29,RUNNING,0
19.35,0,19.35,RUNNING,0
19.42,0,19.42,RUNNING,0
19.49,0,19.49,RUNNING,0
19.55,0,19.55,RUNNING,0
19.62,0,19.62,RUNNING,0
19.69,0,19.69,RUNNING,0
19.75,0,19.75,RUNNING,0
19.82,0,19.82,RUNNING,0
19.88,0,19.88,RUNNING,0
19.95,0,19.95,RUNNING,0
20.02,0,20.02,RUNNING,0
20.08,0,20.08,RUNNING,0
20.15,0,20.15,RUNNING,0
20.22,0,20.22,RUNNING,0
20.28,0,20.28,RUNNING,0
20.35,0,20.35,RUNNING,0
20.42,0,20.42,RUNNING,0
20.48,0,20.48,RUNNING,0
20.55,0,20.55,RUNNING,0
20.61,0,20.61,RUNNING,0
20.68,0,20.68,RUNNING,0
20.75,0,20.75,RUNNING,0
20.81,0,20.81,RUNNING,0
20.88,0,20.88,RUNNING,0
20.95,0,20.95,RUNNING,0
21.01,0,21.01,RUNNING,0
21.08,0,21.08,RUNNING,0
21.15,0,21.15,RUNNING,0
21.21,0,21.21,RUNNING,0
21.28,0,21.28,RUNNING,0
21.34,0,21.34,RUNNING,0
21.41,0,21.41,RUNNING,0
21.48,0,21.48,RUNNING,0
21.54,0,21.54,RUNNING,0
21.61,0,21.61,RUNNING,0
21.68,0,21.68,RUNNING,0
21.74,0,21.74,RUNNING,0
21.81,0,21.81,RUNNING,0
21.88,0,21.88,RUNNING,0
21.94,0,21.94,RUNNING,0
22.01,0,22.01,RUNNING,0
22.08,0,22.08,RUNNING,0
22.14,0,22.14,RUNNING,0
22.21,0,22.21,RUNNING,0
22.28,0,22.28,RUNNING,0
22.34,0,22.34,RUNNING,0
22.41,0,22.41,RUNNING,0
22.48,0,22.48,RUNNING,0
22.54,0,22.54,RUNNING,0
22.61,0,22.61,RUNNING,0
22.68,0,22.68,RUNNING,0
22.74,0,22.74,RUNNING,0
22.81,0,22.81,RUNNING,0
22.88,0,22.88,RUNNING,0
22.94,0,22.94,RUNNING,0
23.01,0,23.01,RUNNING,0
23.08,0,23.08,RUNNING,0
23.14,0,23.14,RUNNING,0
23.21,0,23.21,RUNNING,0
23.28,0,23.28,RUNNING,0
23.34,0,23.34,RUNNING,0
23.41,0,23.41,RUNNING,0
23.48,0,23.48,RUNNING,0
23.54,0,23.54,RUNNING,0
23.61,0,23.61,RUNNING,0
23.68,0,23.68,RUNNING,0
23.74,0,23.74,RUNNING,0
23.81,0,23.81,RUNNING,0
23.88,0,23.88,RUNNING,0
23.95,0,23.95,RUNNING,0
24.02,0,24.02,RUNNING,0
24.08,0,24.08,RUNNING,0
24.15,0,24.15,RUNNING,0
24.21,0,24.21,RUNNING,0
24.28,0,24.28,RUNNING,0
24.35,0,24.35,RUNNING,0
24.41,0,24.41,RUNNING,0
24.48,0,24.48,RUNNING,0
24.54,0,24.54,RUNNING,0
24.61,0,24.61,RUNNING,0
24.67,0,24.67,RUNNING,0
24.74,0,24.74,RUNNING,0
24.81,0,24.81,RUNNING,0
24.87,0,24.87,RUNNING,0
24.94,0,24.94,RUNNING,0
25.01,0,25.01,RUNNING,0
25.07,0,25.07,RUNNING,0
25.15,0,25.15,RUNNING,0
25.21,0,25.21,RUNNING,0
25.28,0,25.28,RUNNING,0
25.35,0,25.35,RUNNING,0
25.41,0,25.41,RUNNING,0
25.48,0,25.48,RUNNING,0
25.54,0,25.54,RUNNING,0
25.61,0,25.61,RUNNING,0
25.67,0,25.67,RUNNING,0
25.74,0,25.74,RUNNING,0
25.81,0,25.81,RUNNING,0
25.87,0,25.87,RUNNING,0
25.94,0,25.94,RUNNING,0
26.01,0,26.01,RUNNING,0
26.07,0,26.07,RUNNING,0
26.14,0,26.14,RUNNING,0
26.2,0,26.2,RUNNING,0
26.27,0,26.27,RUNNING,0
26.34,0,26.34,RUNNING,0
26.4,0,26.4,RUNNING,0
26.47,0,26.47,RUNNING,0
26.53,0,26.53,RUNNING,0
26.6,0,26.6,RUNNING,0
26.67,0,26.67,RUNNING,0
26.73,0,26.73,RUNNING,0
26.8,0,26.8,RUNNING,0
26.86,0,26.86,RUNNING,0
26.93,0,26.93,RUNNING,0
26.99,0,26.99,RUNNING,0
27.06,0,27.06,RUNNING,0
27.13,0,27.13,RUNNING,0
27.19,0,27.19,RUNNING,0
27.26,0,27.26,RUNNING,0
27.33,0,27.33,RUNNING,0
27.39,0,27.39,RUNNING,0
27.46,0,27.46,RUNNING,0
27.52,0,27.52,RUNNING,0
27.59,0,27.59,RUNNING,0
27.66,0,27.66,RUNNING,0
27.72,0,27.72,RUNNING,0
27.79,0,27.79,RUNNING,0
27.86,0,27.86,RUNNING,0
27.92,0,27.92,RUNNING,0
27.99,0,27.99,RUNNING,0
28.05,0,28.05,RUNNING,0
28.12,0,28.12,RUNNING,0
28.19,0,28.19,RUNNING,0
28.25,0,28.25,RUNNING,0
28.32,0,28.32,RUNNING,0
28.39,0,28.39,RUNNING,0
28.45,0,28.45,RUNNING,0
28.52,0,28.52,RUNNING,0
28.59,0,28.59,RUNNING,0
28.65,0,28.65,RUNNING,0
28.72,0,28.72,RUNNING,0
28.79,0,28.79,RUNNING,0
28.85,0,28.85,RUNNING,0
28.92,0,28.92,RUNNING,0
28.99,0,28.99,RUNNING,0
29.05,0,29.05,RUNNING,0
29.12,0,29.12,RUNNING,0
29.19,0,29.19,RUNNING,0
29.25,0,29.25,RUNNING,0
29.32,0,29.32,RUNNING,0
29.39,0,29.39,RUNNING,0
29.45,0,29.45,RUNNING,0
29.52,0,29.52,RUNNING,0
29.58,0,29.58,RUNNING,0
29.65,0,29.65,RUNNING,0
29.72,0,29.72,RUNNING,0
29.78,0,29.78,RUNNING,0
29.85,0,29.85,RUNNING,0
29.92,0,29.92,RUNNING,0
29.98,0,29.98,RUNNING,0
30.05,0,30.05,RUNNING,0
30.12,0,30.12,RUNNING,0
30.18,0,30.18,RUNNING,0
30.25,0,30.25,RUNNING,0
30.32,0,30.32,RUNNING,0
30.38,0,30.38,RUNNING,0
30.45,0,30.45,RUNNING,0
30.52,0,30.52,RUNNING,0
30.58,0,30.58,RUNNING,0
30.65,0,30.65,RUNNING,0
30.71,0,30.71,RUNNING,0
30.78,0,30.78,RUNNING,0
30.85,0,30.85,RUNNING,0
30.91,0,30.91,RUNNING,0
30.98,0,30.98,RUNNING,0
31.05,0,31.05,RUNNING,0
31.11,0,31.11,RUNNING,0
31.18,0,31.18,RUNNING,0
31.25,0,31.25,RUNNING,0
31.31,0,31.31,RUNNING,0
31.38,0,31.38,RUNNING,0
31.45,0,31.45,RUNNING,0
31.52,0,31.52,RUNNING,0
31.58,0,31.58,RUNNING,0
31.65,0,31.65,RUNNING,0
31.72,0,31.72,RUNNING,0
31.79,0,31.79,RUNNING,0
31.85,0,31.85,RUNNING,0
31.92,0,31.92,RUNNING,0
31.99,0,31.99,RUNNING,0
32.05,0,32.05,RUNNING,0
32.12,0,32.12,RUNNING,0
32.18,0,32.18,RUNNING,0
32.25,0,32.25,RUNNING,0
32.32,0,32.32,RUNNING,0
32.38,0,32.38,RUNNING,0
32.45,0,32.45,RUNNING,0
32.51,0,32.51,RUNNING,0
32.58,0,32.58,RUNNING,0
32.65,0,32.65,RUNNING,0
32.71,0,32.71,RUNNING,0
32.78,0,32.78,RUNNING,0
32.84,0,32.84,RUNNING,0
32.91,0,32.91,RUNNING,0
32.98,0,32.98,RUNNING,0
33.04,0,33.04,RUNNING,0
33.11,0,33.11,RUNNING,0
33.17,0,33.17,RUNNING,0
33.24,0,33.24,RUNNING,0
33.31,0,33.31,RUNNING,0
33.37,0,33.37,RUNNING,0
33.44,0,33.44,RUNNING,0
33.51,0,33.51,RUNNING,0
33.57,0,33.57,RUNNING,0
33.64,0,33.64,RUNNING,0
33.71,0,33.71,RUNNING,0
33.77,0,33.77,RUNNING,0
33.84,0,33.84,RUNNING,0
33.9,0,33.9,RUNNING,0
33.97,0,33.97,RUNNING,0
34.04,0,34.04,RUNNING,0
34.11,0,34.11,RUNNING,0
34.18,0,34.18,RUNNING,0
34.24,0,34.24,RUNNING,0
34.31,0,34.31,RUNNING,0
34.37,0,34.37,RUNNING,0
34.44,0,34.44,RUNNING,0
34.51,0,34.51,RUNNING,0
34.57,0,34.57,RUNNING,0
34.64,0,34.64,RUNNING,0
34.71,0,34.71,RUNNING,0
34.77,0,34.77,RUNNING,0
34.84,0,34.84,RUNNING,0
34.9,0,34.9,RUNNING,0
34.97,0,34.97,RUNNING,0
35.04,0,35.04,RUNNING,0
35.1,0,35.1,RUNNING,0
35.17,0,35.17,RUNNING,0
35.24,0,35.24,RUNNING,0
35.3,0,35.3,RUNNING,0
35.37,0,35.37,RUNNING,0
35.44,0,35.44,RUNNING,0
35.5,0,35.5,RUNNING,0
35.57,0,35.57,RUNNING,0
35.63,0,35.63,RUNNING,0
35.7,0,35.7,RUNNING,0
35.77,0,35.77,RUNNING,0
35.83,0,35.83,RUNNING,0
35.9,0,35.9,RUNNING,0
35.97,0,35.97,RUNNING,0
36.03,0,36.03,RUNNING,0
36.1,0,36.1,RUNNING,0
36.17,0,36.17,RUNNING,0
36.23,0,36.23,RUNNING,0
36.3,0,36.3,RUNNING,0
36.37,0,36.37,RUNNING,0
36.43,0,36.43,RUNNING,0
36.5,0,36.5,RUNNING,0
36.56,0,36.56,RUNNING,0
36.63,0,36.63,RUNNING,0
36.7,0,36.7,RUNNING,0
36.76,0,36.76,RUNNING,0
36.83,0,36.83,RUNNING,0
36.9,0,36.9,RUNNING,0
36.96,0,36.96,RUNNING,0
37.03,0,37.03,RUNNING,0
37.1,0,37.1,RUNNING,0
37.16,0,37.16,RUNNING,0
37.23,0,37.23,RUNNING,0
37.3,0,37.3,RUNNING,0
37.36,0,37.36,RUNNING,0
37.43,0,37.43,RUNNING,0
37.5,0,37.5,RUNNING,0
37.56,0,37.56,RUNNING,0
37.63,0,37.63,RUNNING,0
37.7,0,37.7,RUNNING,0
37.76,0,37.76,RUNNING,0
37.83,0,37.83,RUNNING,0
37.9,0,37.9,RUNNING,0
37.96,0,37.96,RUNNING,0
38.03,0,38.03,RUNNING,0
38.1,0,38.1,RUNNING,0
38.16,0,38.16,RUNNING,0
38.23,0,38.23,RUNNING,0
38.3,0,38.3,RUNNING,0
38.36,0,38.36,RUNNING,0
38.43,0,38.43,RUNNING,0
38.5,0,38.5,RUNNING,0
38.57,0,38.57,RUNNING,0
38.63,0,38.63,RUNNING,0
38.7,0,38.7,RUNNING,0
38.77,0,38.77,RUNNING,0
38.83,0,38.83,RUNNING,0
38.9,0,38.9,RUNNING,0
38.96,0,38.96,RUNNING,0
39.03,0,39.03,RUNNING,0
39.1,0,39.1,RUNNING,0
39.16,0,39.16,RUNNING,0
39.23,0,39.23,RUNNING,0
39.29,0,39.29,RUNNING,0
39.36,0,39.36,RUNNING,0
39.43,0,39.43,RUNNING,0
39.49,0,39.49,RUNNING,0
39.56,0,39.56,RUNNING,0
39.62,0,39.62,RUNNING,0
39.69,0,39.69,RUNNING,0
39.76,0,39.76,RUNNING,0
39.82,0,39.82,RUNNING,0
39.89,0,39.89,RUNNING,0
39.96,0,39.96,RUNNING,0
40.02,0,40.02,RUNNING,0
40.09,0,40.09,RUNNING,0
40.15,0,40.15,RUNNING,0
40.22,0,40.22,RUNNING,0
40.29,0,40.29,RUNNING,0
40.35,0,40.35,RUNNING,0
40.42,0,40.42,RUNNING,0
40.48,0,40.48,RUNNING,0
40.55,0,40.55,RUNNING,0
40.62,0,40.62,RUNNING,0
40.68,0,40.68,RUNNING,0
40.75,0,40.75,RUNNING,0
40.81,0,40.81,RUNNING,0
40.88,0,40.88,RUNNING,0
40.95,0,40.95,RUNNING,0
41.01,0,41.01,RUNNING,0
41.08,0,41.08,RUNNING,0
41.15,0,41.15,RUNNING,0
41.21,0,41.21,RUNNING,0
41.28,0,41.28,RUNNING,0
41.35,0,41.35,RUNNING,0
41.41,0,41.41,RUNNING,0
41.48,0,41.48,RUNNING,0
41.54,0,41.54,RUNNING,0
41.61,0,41.61,RUNNING,0
41.68,0,41.68,RUNNING,0
41.74,0,41.74,RUNNING,0
41.81,0,41.81,RUNNING,0
41.88,0,41.88,RUNNING,0
41.94,0,41.94,RUNNING,0
42.01,0,42.01,RUNNING,0
42.07,0,42.07,RUNNING,0
42.14,0,42.14,RUNNING,0
42.21,0,42.21,RUNNING,0
42.28,0,42.28,RUNNING,0
42.34,0,42.34,RUNNING,0
42.41,0,42.41,RUNNING,0
42.47,0,42.47,RUNNING,0
42.54,0,42.54,RUNNING,0
42.61,0,42.61,RUNNING,0
42.67,0,42.67,RUNNING,0
42.74,0,42.74,RUNNING,0
42.81,0,42.81,RUNNING,0
42.87,0,42.87,RUNNING,0
42.94,0,42.94,RUNNING,0
43.01,0,43.01,RUNNING,0
43.07,0,43.07,RUNNING,0
43.14,0,43.14,RUNNING,0
43.2,0,43.2,RUNNING,0
43.27,0,43.27,RUNNING,0
43.34,0,43.34,RUNNING,0
43.4,0,43.4,RUNNING,0
43.47,0,43.47,RUNNING,0
43.54,0,43.54,RUNNING,0
43.6,0,43.6,RUNNING,0
43.67,0,43.67,RUNNING,0
43.74,0,43.74,RUNNING,0
43.8,0,43.8,RUNNING,0
43.87,0,43.87,RUNNING,0
43.94,0,43.94,RUNNING,0
44.0,0,44.0,RUNNING,0
44.07,0,44.07,RUNNING,0
44.14,0,44.14,RUNNING,0
44.2,0,44.2,RUNNING,0
44.27,0,44.27,RUNNING,0
44.33,0,44.33,RUNNING,0
44.4,0,44.4,RUNNING,0
44.47,0,44.47,RUNNING,0
44.54,0,44.54,RUNNING,0
44.6,0,44.6,RUNNING,0
44.67,0,44.67,RUNNING,0
44.73,0,44.73,RUNNING,0
44.8,0,44.8,RUNNING,0
44.87,0,44.87,RUNNING,0
44.93,0,44.93,RUNNING,0
45.0,0,45.0,RUNNING,0
45.08,0,45.08,RUNNING,0
45.14,0,45.14,RUNNING,0
45.21,0,45.21,RUNNING,0
45.27,0,45.27,RUNNING,0
45.34,0,45.34,RUNNING,0
45.4,0,45.4,RUNNING,0
45.47,0,45.47,RUNNING,0
45.54,0,45.54,RUNNING,0
45.6,0,45.6,RUNNING,0
45.67,0,45.67,RUNNING,0
45.74,0,45.74,RUNNING,0
45.8,0,45.8,RUNNING,0
45.87,0,45.87,RUNNING,0
45.93,0,45.93,RUNNING,0
46.0,0,46.0,RUNNING,0
46.06,0,46.06,RUNNING,0
46.13,0,46.13,RUNNING,0
46.2,0,46.2,RUNNING,0
46.26,0,46.26,RUNNING,0
46.33,0,46.33,RUNNING,0
46.4,0,46.4,RUNNING,0
46.46,0,46.46,RUNNING,0
46.53,0,46.53,RUNNING,0
46.6,0,46.6,RUNNING,0
46.66,0,46.66,RUNNING,0
46.73,0,46.73,RUNNING,0
46.79,0,46.79,RUNNING,0
46.86,0,46.86,RUNNING,0
46.93,0,46.93,RUNNING,0
46.99,0,46.99,RUNNING,0
47.06,0,47.06,RUNNING,0
47.12,0,47.12,RUNNING,0
47.19,0,47.19,RUNNING,0
47.26,0,47.26,RUNNING,0
47.32,0,47.32,RUNNING,0
47.39,0,47.39,RUNNING,0
47.46,0,47.46,RUNNING,0
47.52,0,47.52,RUNNING,0
47.59,0,47.59,RUNNING,0
47.66,0,47.66,RUNNING,0
47.73,0,47.73,RUNNING,0
47.8,0,47.8,RUNNING,0
47.86,0,47.86,RUNNING,0
47.93,0,47.93,RUNNING,0
48.0,0,48.0,RUNNING,0
48.06,0,48.06,RUNNING,0
48.13,0,48.13,RUNNING,0
48.19,0,48.19,RUNNING,0
48.26,0,48.26,RUNNING,0
48.33,0,48.33,RUNNING,0
48.39,0,48.39,RUNNING,0
48.46,0,48.46,RUNNING,0
48.53,0,48.53,RUNNING,0
48.59,0,48.59,RUNNING,0
48.66,0,48.66,RUNNING,0
48.72,0,48.72,RUNNING,0
48.79,0,48.79,RUNNING,0
48.87,0,48.87,RUNNING,0
48.95,0,48.95,RUNNING,0
49.03,0,49.03,RUNNING,0
49.1,0,49.1,RUNNING,0
49.17,0,49.17,RUNNING,0
49.26,0,49.26,RUNNING,0
49.33,0,49.33,RUNNING,0
49.4,0,49.4,RUNNING,0
49.46,0,49.46,RUNNING,0
49.53,0,49.53,RUNNING,0
49.6,0,49.6,RUNNING,0
49.66,0,49.66,RUNNING,0
49.73,0,49.73,RUNNING,0
49.8,0,49.8,RUNNING,0
49.86,0,49.86,RUNNING,0
49.93,0,49.93,RUNNING,0
50.0,0,50.0,RUNNING,0
50.06,0,50.06,RUNNING,0
50.13,0,50.13,RUNNING,0
50.2,0,50.2,RUNNING,0
50.26,0,50.26,RUNNING,0
50.33,0,50.33,RUNNING,0
50.4,0,50.4,RUNNING,0
50.46,0,50.46,RUNNING,0
50.53,0,50.53,RUNNING,0
50.6,0,50.6,RUNNING,0
50.66,0,50.66,RUNNING,0
50.73,0,50.73,RUNNING,0
50.8,0,50.8,RUNNING,0
50.87,0,50.87,RUNNING,0
50.93,0,50.93,RUNNING,0
51.0,0,51.0,RUNNING,0
51.07,0,51.07,RUNNING,0
51.13,0,51.13,RUNNING,0
51.2,0,51.2,RUNNING,0
51.27,0,51.27,RUNNING,0
51.33,0,51.33,RUNNING,0
51.4,0,51.4,RUNNING,0
51.47,0,51.47,RUNNING,0
51.53,0,51.53,RUNNING,0
51.6,0,51.6,RUNNING,0
51.67,0,51.67,RUNNING,0
51.73,0,51.73,RUNNING,0
51.8,0,51.8,RUNNING,0
51.87,0,51.87,RUNNING,0
51.94,0,51.94,RUNNING,0
52.0,0,52.0,RUNNING,0
52.07,0,52.07,RUNNING,0
52.14,0,52.14,RUNNING,0
52.2,0,52.2,RUNNING,0
52.27,0,52.27,RUNNING,0
52.33,0,52.33,RUNNING,0
52.4,0,52.4,RUNNING,0
52.47,0,52.47,RUNNING,0
52.53,0,52.53,RUNNING,0
52.6,0,52.6,RUNNING,0
52.66,0,52.66,RUNNING,0
52.73,0,52.73,RUNNING,0
52.79,0,52.79,RUNNING,0
52.86,0,52.86,RUNNING,0
52.93,0,52.93,RUNNING,0
52.99,0,52.99,RUNNING,0
53.06,0,53.06,RUNNING,0
53.12,0,53.12,RUNNING,0
53.19,0,53.19,RUNNING,0
53.26,0,53.26,RUNNING,0
53.32,0,53.32,RUNNING,0
53.39,0,53.39,RUNNING,0
53.46,0,53.46,RUNNING,0
53.52,0,53.52,RUNNING,0
53.59,0,53.59,RUNNING,0
53.66,0,53.66,RUNNING,0
53.72,0,53.72,RUNNING,0
53.79,0,53.79,RUNNING,0
53.85,0,53.85,RUNNING,0
53.92,0,53.92,RUNNING,0
53.99,0,53.99,RUNNING,0
54.05,0,54.05,RUNNING,0
54.12,0,54.12,RUNNING,0
54.18,0,54.18,RUNNING,0
54.25,0,54.25,RUNNING,0
54.32,0,54.32,RUNNING,0
54.38,0,54.38,RUNNING,0
54.45,0,54.45,RUNNING,0
54.52,0,54.52,RUNNING,0
54.58,0,54.58,RUNNING,0
54.65,0,54.65,RUNNING,0
54.72,0,54.72,RUNNING,0
54.78,0,54.78,RUNNING,0
54.85,0,54.85,RUNNING,0
54.91,0,54.91,RUNNING,0
54.98,0,54.98,RUNNING,0
55.05,0,55.05,RUNNING,0
55.11,0,55.11,RUNNING,0
55.18,0,55.18,RUNNING,0
55.25,0,55.25,RUNNING,0
55.31,0,55.31,RUNNING,0
55.38,0,55.38,RUNNING,0
55.45,0,55.45,RUNNING,0
55.51,0,55.51,RUNNING,0
55.58,0,55.58,RUNNING,0
55.65,0,55.65,RUNNING,0
55.71,0,55.71,RUNNING,0
55.78,0,55.78,RUNNING,0
55.85,0,55.85,RUNNING,0
55.91,0,55.91,RUNNING,0
55.98,0,55.98,RUNNING,0
56.04,0,56.04,RUNNING,0
56.11,0,56.11,RUNNING,0
56.18,0,56.18,RUNNING,0
56.24,0,56.24,RUNNING,0
56.31,0,56.31,RUNNING,0
56.38,0,56.38,RUNNING,0
56.44,0,56.44,RUNNING,0
56.51,0,56.51,RUNNING,0
56.58,0,56.58,RUNNING,0
56.64,0,56.64,RUNNING,0
56.71,0,56.71,RUNNING,0
56.78,0,56.78,RUNNING,0
56.84,0,56.84,RUNNING,0
56.91,0,56.91,RUNNING,0
56.98,0,56.98,RUNNING,0
57.04,0,57.04,RUNNING,0
57.11,0,57.11,RUNNING,0
57.18,0,57.18,RUNNING,0
57.24,0,57.24,RUNNING,0
57.31,0,57.31,RUNNING,0
57.37,0,57.37,RUNNING,0
57.44,0,57.44,RUNNING,0
57.51,0,57.51,RUNNING,0
57.58,0,57.58,RUNNING,0
57.64,0,57.64,RUNNING,0
57.71,0,57.71,RUNNING,0
57.78,0,57.78,RUNNING,0
57.84,0,57.84,RUNNING,0
57.91,0,57.91,RUNNING,0
57.98,0,57.98,RUNNING,0
58.04,0,58.04,RUNNING,0
58.11,0,58.11,RUNNING,0
58.18,0,58.18,RUNNING,0
58.24,0,58.24,RUNNING,0
58.31,0,58.31,RUNNING,0
58.38,0,58.38,RUNNING,0
58.45,0,58.45,RUNNING,0
58.52,0,58.52,RUNNING,0
58.58,0,58.58,RUNNING,0
58.65,0,58.65,RUNNING,0
58.71,0,58.71,RUNNING,0
58.78,0,58.78,RUNNING,0
58.85,0,58.85,RUNNING,0
58.91,0,58.91,RUNNING,0
58.98,0,58.98,RUNNING,0
59.05,0,59.05,RUNNING,0
59.11,0,59.11,RUNNING,0
59.18,0,59.18,RUNNING,0
59.24,0,59.24,RUNNING,0
59.31,0,59.31,RUNNING,0
59.38,0,59.38,RUNNING,0
59.44,0,59.44,RUNNING,0
59.51,0,59.51,RUNNING,0
59.57,0,59.57,RUNNING,0
59.64,0,59.64,RUNNING,0
59.71,0,59.71,RUNNING,0
59.77,0,59.77,RUNNING,0
59.84,0,59.84,RUNNING,0
59.91,0,59.91,RUNNING,0
59.97,0,59.97,RUNNING,0
60.04,0,60.04,RUNNING,0
60.1,0,60.1,RUNNING,0
60.17,0,60.17,RUNNING,0
60.24,0,60.24,RUNNING,0
60.3,0,60.3,RUNNING,0
60.37,0,60.37,RUNNING,0
60.43,0,60.43,RUNNING,0
60.5,0,60.5,RUNNING,0
60.57,0,60.57,RUNNING,0
60.63,0,60.63,RUNNING,0
60.7,0,60.7,RUNNING,0
60.77,0,60.77,RUNNING,0
60.83,0,60.83,RUNNING,0
60.9,0,60.9,RUNNING,0
60.96,0,60.96,RUNNING,0
61.03,0,61.03,RUNNING,0
61.1,0,61.1,RUNNING,0
61.16,0,61.16,RUNNING,0
61.23,0,61.23,RUNNING,0
61.3,0,61.3,RUNNING,0
61.36,0,61.36,RUNNING,0
61.43,0,61.43,RUNNING,0
61.5,0,61.5,RUNNING,0
61.56,0,61.56,RUNNING,0
61.63,0,61.63,RUNNING,0
61.7,0,61.7,RUNNING,0
61.76,0,61.76,RUNNING,0
61.83,0,61.83,RUNNING,0
61.9,0,61.9,RUNNING,0
61.96,0,61.96,RUNNING,0
62.03,0,62.03,RUNNING,0
62.1,0,62.1,RUNNING,0
62.16,0,62.16,RUNNING,0
62.23,0,62.23,RUNNING,0
62.29,0,62.29,RUNNING,0
62.36,0,62.36,RUNNING,0
62.43,0,62.43,RUNNING,0
62.49,0,62.49,RUNNING,0
62.56,0,62.56,RUNNING,0
62.63,0,62.63,RUNNING,0
62.69,0,62.69,RUNNING,0
62.77,0,62.77,RUNNING,0
62.83,0,62.83,RUNNING,0
62.9,0,62.9,RUNNING,0
62.97,0,62.97,RUNNING,0
63.03,0,63.03,RUNNING,0
63.1,0,63.1,RUNNING,0
63.17,0,63.17,RUNNING,0
63.23,0,63.23,RUNNING,0
63.3,0,63.3,RUNNING,0
63.36,0,63.36,RUNNING,0
63.43,0,63.43,RUNNING,0
63.49,0,63.49,RUNNING,0
63.56,0,63.56,RUNNING,0
63.63,0,63.63,RUNNING,0
63.69,0,63.69,RUNNING,0
63.76,0,63.76,RUNNING,0
63.82,0,63.82,RUNNING,0
63.89,0,63.89,RUNNING,0
63.96,0,63.96,RUNNING,0
64.02,0,64.02,RUNNING,0
64.09,0,64.09,RUNNING,0
64.16,0,64.16,RUNNING,0
64.22,0,64.22,RUNNING,0
64.29,0,64.29,RUNNING,0
64.35,0,64.35,RUNNING,0
64.42,0,64.42,RUNNING,0
64.49,0,64.49,RUNNING,0
64.55,0,64.55,RUNNING,0
64.62,0,64.62,RUNNING,0
64.68,0,64.68,RUNNING,0
64.75,0,64.75,RUNNING,0
64.82,0,64.82,RUNNING,0
64.88,0,64.88,RUNNING,0
64.95,0,64.95,RUNNING,0
65.01,0,65.01,RUNNING,0
65.09,0,65.09,RUNNING,0
65.15,0,65.15,RUNNING,0
65.22,0,65.22,RUNNING,0
65.28,0,65.28,RUNNING,0
65.35,0,65.35,RUNNING,0
65.41,0,65.41,RUNNING,0
65.48,0,65.48,RUNNING,0
65.54,0,65.54,RUNNING,0
65.61,0,65.61,RUNNING,0
65.68,0,65.68,RUNNING,0
65.74,0,65.74,RUNNING,0
65.81,0,65.81,RUNNING,0
65.87,0,65.87,RUNNING,0
65.94,0,65.94,RUNNING,0
66.0,0,66.0,RUNNING,0
66.07,0,66.07,RUNNING,0
66.13,0,66.13,RUNNING,0
66.2,0,66.2,RUNNING,0
66.26,0,66.26,RUNNING,0
66.33,0,66.33,RUNNING,0
66.4,0,66.4,RUNNING,0
66.47,0,66.47,RUNNING,0
66.53,0,66.53,RUNNING,0
66.6,0,66.6,RUNNING,0
66.66,0,66.66,RUNNING,0
66.73,0,66.73,RUNNING,0
66.8,0,66.8,RUNNING,0
66.86,0,66.86,RUNNING,0
66.93,0,66.93,RUNNING,0
66.99,0,66.99,RUNNING,0
67.06,0,67.06,RUNNING,0
67.12,0,67.12,RUNNING,0
67.19,0,67.19,RUNNING,0
67.26,0,67.26,RUNNING,0
67.32,0,67.32,RUNNING,0
67.39,0,67.39,RUNNING,0
67.45,0,67.45,RUNNING,0
67.52,0,67.52,RUNNING,0
67.58,0,67.58,RUNNING,0
67.65,0,67.65,RUNNING,0
67.71,0,67.71,RUNNING,0
67.78,0,67.78,RUNNING,0
67.85,0,67.85,RUNNING,0
67.91,0,67.91,RUNNING,0
67.98,0,67.98,RUNNING,0
68.04,0,68.04,RUNNING,0
68.11,0,68.11,RUNNING,0
68.18,0,68.18,RUNNING,0
68.24,0,68.24,RUNNING,0
68.31,0,68.31,RUNNING,0
68.38,0,68.38,RUNNING,0
68.44,0,68.44,RUNNING,0
68.51,0,68.51,RUNNING,0
68.57,0,68.57,RUNNING,0
68.64,0,68.64,RUNNING,0
68.71,0,68.71,RUNNING,0
68.77,0,68.77,RUNNING,0
68.84,0,68.84,RUNNING,0
68.9,0,68.9,RUNNING,0
68.97,0,68.97,RUNNING,0
69.04,0,69.04,RUNNING,0
69.1,0,69.1,RUNNING,0
69.17,0,69.17,RUNNING,0
69.23,0,69.23,RUNNING,0
69.3,0,69.3,RUNNING,0
69.37,0,69.37,RUNNING,0
69.43,0,69.43,RUNNING,0
69.5,0,69.5,RUNNING,0
69.57,0,69.57,RUNNING,0
69.63,0,69.63,RUNNING,0
69.7,0,69.7,RUNNING,0
69.76,0,69.76,RUNNING,0
69.83,0,69.83,RUNNING,0
69.9,0,69.9,RUNNING,0
69.97,0,69.97,RUNNING,0
70.03,0,70.03,RUNNING,0
70.1,0,70.1,RUNNING,0
70.16,0,70.16,RUNNING,0
70.23,0,70.23,RUNNING,0
70.3,0,70.3,RUNNING,0
70.36,0,70.36,RUNNING,0
70.43,0,70.43,RUNNING,0
70.5,0,70.5,RUNNING,0
70.56,0,70.56,RUNNING,0
70.63,0,70.63,RUNNING,0
70.7,0,70.7,RUNNING,0
70.76,0,70.76,RUNNING,0
70.83,0,70.83,RUNNING,0
70.9,0,70.9,RUNNING,0
70.96,0,70.96,RUNNING,0
71.03,0,71.03,RUNNING,0
71.09,0,71.09,RUNNING,0
71.16,0,71.16,RUNNING,0
71.23,0,71.23,RUNNING,0
71.29,0,71.29,RUNNING,0
71.36,0,71.36,RUNNING,0
71.43,0,71.43,RUNNING,0
71.49,0,71.49,RUNNING,0
71.56,0,71.56,RUNNING,0
71.63,0,71.63,RUNNING,0
71.69,0,71.69,RUNNING,0
71.76,0,71.76,RUNNING,0
71.83,0,71.83,RUNNING,0
71.9,0,71.9,RUNNING,0
71.96,0,71.96,RUNNING,0
72.03,0,72.03,RUNNING,0
72.1,0,72.1,RUNNING,0
72.16,0,72.16,RUNNING,0
72.23,0,72.23,RUNNING,0
72.3,0,72.3,RUNNING,0
72.36,0,72.36,RUNNING,0
72.43,0,72.43,RUNNING,0
72.49,0,72.49,RUNNING,0
72.56,0,72.56,RUNNING,0
72.63,0,72.63,RUNNING,0
72.7,0,72.7,RUNNING,0
72.76,0,72.76,RUNNING,0
72.83,0,72.83,RUNNING,0
72.9,0,72.9,RUNNING,0
72.97,0,72.97,RUNNING,0
73.03,0,73.03,RUNNING,0
73.1,0,73.1,RUNNING,0
73.16,0,73.16,RUNNING,0
73.23,0,73.23,RUNNING,0
73.3,0,73.3,RUNNING,0
73.36,0,73.36,RUNNING,0
73.43,0,73.43,RUNNING,0
73.49,0,73.49,RUNNING,0
73.56,0,73.56,RUNNING,0
73.63,0,73.63,RUNNING,0
73.69,0,73.69,RUNNING,0
73.76,0,73.76,RUNNING,0
73.82,0,73.82,RUNNING,0
73.89,0,73.89,RUNNING,0
73.96,0,73.96,RUNNING,0
74.02,0,74.02,RUNNING,0
74.09,0,74.09,RUNNING,0
74.15,0,74.15,RUNNING,0
74.22,0,74.22,RUNNING,0
74.29,0,74.29,RUNNING,0
74.35,0,74.35,RUNNING,0
74.42,0,74.42,RUNNING,0
74.48,0,74.48,RUNNING,0
74.55,0,74.55,RUNNING,0
74.62,0,74.62,RUNNING,0
74.68,0,74.68,RUNNING,0
74.75,0,74.75,RUNNING,0
74.82,0,74.82,RUNNING,0
74.88,0,74.88,RUNNING,0
74.95,0,74.95,RUNNING,0
75.02,0,75.02,RUNNING,0
75.08,0,75.08,RUNNING,0
75.15,0,75.15,RUNNING,0
75.21,0,75.21,RUNNING,0
75.28,0,75.28,RUNNING,0
75.35,0,75.35,RUNNING,0
75.41,0,75.41,RUNNING,0
75.48,0,75.48,RUNNING,0
75.55,0,75.55,RUNNING,0
75.61,0,75.61,RUNNING,0
75.68,0,75.68,RUNNING,0
75.74,0,75.74,RUNNING,0
75.81,0,75.81,RUNNING,0
75.88,0,75.88,RUNNING,0
75.94,0,75.94,RUNNING,0
76.01,0,76.01,RUNNING,0
76.08,0,76.08,RUNNING,0
76.14,0,76.14,RUNNING,0
76.21,0,76.21,RUNNING,0
76.28,0,76.28,RUNNING,0
76.34,0,76.34,RUNNING,0
76.41,0,76.41,RUNNING,0
76.48,0,76.48,RUNNING,0
76.54,0,76.54,RUNNING,0
76.61,0,76.61,RUNNING,0
76.67,0,76.67,RUNNING,0
76.74,0,76.74,RUNNING,0
76.81,0,76.81,RUNNING,0
76.87,0,76.87,RUNNING,0
76.94,0,76.94,RUNNING,0
77.01,0,77.01,RUNNING,0
77.07,0,77.07,RUNNING,0
77.14,0,77.14,RUNNING,0
77.21,0,77.21,RUNNING,0
77.27,0,77.27,RUNNING,0
77.34,0,77.34,RUNNING,0
77.4,0,77.4,RUNNING,0
77.47,0,77.47,RUNNING,0
77.54,0,77.54,RUNNING,0
77.6,0,77.6,RUNNING,0
77.67,0,77.67,RUNNING,0
77.74,0,77.74,RUNNING,0
77.8,0,77.8,RUNNING,0
77.87,0,77.87,RUNNING,0
77.94,0,77.94,RUNNING,0
78.01,0,78.01,RUNNING,0
78.07,0,78.07,RUNNING,0
78.14,0,78.14,RUNNING,0
78.21,0,78.21,RUNNING,0
78.27,0,78.27,RUNNING,0
78.34,0,78.34,RUNNING,0
78.41,0,78.41,RUNNING,0
78.47,0,78.47,RUNNING,0
78.54,0,78.54,RUNNING,0
78.6,0,78.6,RUNNING,0
78.67,0,78.67,RUNNING,0
78.74,0,78.74,RUNNING,0
78.81,0,78.81,RUNNING,0
78.88,0,78.88,RUNNING,0
78.94,0,78.94,RUNNING,0
79.01,0,79.01,RUNNING,0
79.08,0,79.08,RUNNING,0
79.14,0,79.14,RUNNING,0
79.21,0,79.21,RUNNING,0
79.28,0,79.28,RUNNING,0
79.34,0,79.34,RUNNING,0
79.42,0,79.42,RUNNING,0
79.48,0,79.48,RUNNING,0
79.55,0,79.55,RUNNING,0
79.62,0,79.62,RUNNING,0
79.68,0,79.68,RUNNING,0
79.75,0,79.75,RUNNING,0
79.81,0,79.81,RUNNING,0
79.88,0,79.88,RUNNING,0
79.95,0,79.95,RUNNING,0
80.01,0,80.01,RUNNING,0
80.08,0,80.08,RUNNING,0
80.14,0,80.14,RUNNING,0
80.21,0,80.21,RUNNING,0
80.28,0,80.28,RUNNING,0
80.34,0,80.34,RUNNING,0
80.41,0,80.41,RUNNING,0
80.48,0,80.48,RUNNING,0
80.54,0,80.54,RUNNING,0
80.61,0,80.61,RUNNING,0
80.68,0,80.68,RUNNING,0
80.74,0,80.74,RUNNING,0
80.81,0,80.81,RUNNING,0
80.87,0,80.87,RUNNING,0
80.94,0,80.94,RUNNING,0
81.01,0,81.01,RUNNING,0
81.07,0,81.07,RUNNING,0
81.14,0,81.14,RUNNING,0
81.21,0,81.21,RUNNING,0
81.27,0,81.27,RUNNING,0
81.34,0,81.34,RUNNING,0
81.41,0,81.41,RUNNING,0
81.47,0,81.47,RUNNING,0
81.54,0,81.54,RUNNING,0
81.61,0,81.61,RUNNING,0
81.67,0,81.67,RUNNING,0
81.74,0,81.74,RUNNING,0
81.8,0,81.8,RUNNING,0
81.87,0,81.87,RUNNING,0
81.93,0,81.93,RUNNING,0
82.0,0,82.0,RUNNING,0
82.06,0,82.06,RUNNING,0
82.13,0,82.13,RUNNING,0
82.2,0,82.2,RUNNING,0
82.26,0,82.26,RUNNING,0
82.33,0,82.33,RUNNING,0
82.39,0,82.39,RUNNING,0
82.46,0,82.46,RUNNING,0
82.52,0,82.52,RUNNING,0
82.59,0,82.59,RUNNING,0
82.66,0,82.66,RUNNING,0
82.72,0,82.72,RUNNING,0
82.79,0,82.79,RUNNING,0
82.85,0,82.85,RUNNING,0
82.92,0,82.92,RUNNING,0
82.99,0,82.99,RUNNING,0
83.05,0,83.05,RUNNING,0
83.12,0,83.12,RUNNING,0
83.18,0,83.18,RUNNING,0
83.25,0,83.25,RUNNING,0
83.31,0,83.31,RUNNING,0
83.38,0,83.38,RUNNING,0
83.45,0,83.45,RUNNING,0
83.51,0,83.51,RUNNING,0
83.58,0,83.58,RUNNING,0
83.64,0,83.64,RUNNING,0
83.71,0,83.71,RUNNING,0
83.78,0,83.78,RUNNING,0
83.84,0,83.84,RUNNING,0
83.91,0,83.91,RUNNING,0
83.97,0,83.97,RUNNING,0
84.04,0,84.04,RUNNING,0
84.11,0,84.11,RUNNING,0
84.17,0,84.17,RUNNING,0
84.24,0,84.24,RUNNING,0
84.3,0,84.3,RUNNING,0
84.38,0,84.38,RUNNING,0
84.45,0,84.45,RUNNING,0
84.51,0,84.51,RUNNING,0
84.58,0,84.58,RUNNING,0
84.65,0,84.65,RUNNING,0
84.71,0,84.71,RUNNING,0
84.78,0,84.78,RUNNING,0
84.84,0,84.84,RUNNING,0
84.91,0,84.91,RUNNING,0
84.98,0,84.98,RUNNING,0
85.04,0,85.04,RUNNING,0
85.11,0,85.11,RUNNING,0
85.17,0,85.17,RUNNING,0
85.24,0,85.24,RUNNING,0
85.31,0,85.31,RUNNING,0
85.37,0,85.37,RUNNING,0
85.44,0,85.44,RUNNING,0
85.5,0,85.5,RUNNING,0
85.57,0,85.57,RUNNING,0
85.64,0,85.64,RUNNING,0
85.7,0,85.7,RUNNING,0
85.77,0,85.77,RUNNING,0
85.84,0,85.84,RUNNING,0
85.9,0,85.9,RUNNING,0
85.97,0,85.97,RUNNING,0
86.04,0,86.04,RUNNING,0
86.11,0,86.11,RUNNING,0
86.17,0,86.17,RUNNING,0
86.24,0,86.24,RUNNING,0
86.3,0,86.3,RUNNING,0
86.37,0,86.37,RUNNING,0
86.43,0,86.43,RUNNING,0
86.5,0,86.5,RUNNING,0
86.56,0,86.56,RUNNING,0
86.63,0,86.63,RUNNING,0
86.7,0,86.7,RUNNING,0
86.76,0,86.76,RUNNING,0
86.83,0,86.83,RUNNING,0
86.9,0,86.9,RUNNING,0
86.96,0,86.96,RUNNING,0
87.03,0,87.03,RUNNING,0
87.09,0,87.09,RUNNING,0
87.16,0,87.16,RUNNING,0
87.23,0,87.23,RUNNING,0
87.29,0,87.29,RUNNING,0
87.36,0,87.36,RUNNING,0
87.42,0,87.42,RUNNING,0
87.49,0,87.49,RUNNING,0
87.56,0,87.56,RUNNING,0
87.62,0,87.62,RUNNING,0
87.69,0,87.69,RUNNING,0
87.75,0,87.75,RUNNING,0
87.82,0,87.82,RUNNING,0
87.89,0,87.89,RUNNING,0
87.95,0,87.95,RUNNING,0
88.02,0,88.02,RUNNING,0
88.09,0,88.09,RUNNING,0
88.15,0,88.15,RUNNING,0
88.22,0,88.22,RUNNING,0
88.28,0,88.28,RUNNING,0
88.35,0,88.35,RUNNING,0
88.42,0,88.42,RUNNING,0
88.48,0,88.48,RUNNING,0
88.55,0,88.55,RUNNING,0
88.62,0,88.62,RUNNING,0
88.68,0,88.68,RUNNING,0
88.75,0,88.75,RUNNING,0
88.81,0,88.81,RUNNING,0
88.88,0,88.88,RUNNING,0
88.95,0,88.95,RUNNING,0
89.01,0,89.01,RUNNING,0
89.08,0,89.08,RUNNING,0
89.15,0,89.15,RUNNING,0
89.21,0,89.21,RUNNING,0
89.28,0,89.28,RUNNING,0
89.35,0,89.35,RUNNING,0
89.41,0,89.41,RUNNING,0
89.48,0,89.48,RUNNING,0
89.55,0,89.55,RUNNING,0
89.61,0,89.61,RUNNING,0
89.68,0,89.68,RUNNING,0
89.75,0,89.75,RUNNING,0
89.81,0,89.81,RUNNING,0
89.88,0,89.88,RUNNING,0
89.94,0,89.94,RUNNING,0
90.01,0,90.01,RUNNING,0
90.08,0,90.08,RUNNING,0
90.15,0,90.15,RUNNING,0
90.21,0,90.21,RUNNING,0
90.28,0,90.28,RUNNING,0
90.34,0,90.34,RUNNING,0
90.41,0,90.41,RUNNING,0
90.48,0,90.48,RUNNING,0
90.54,0,90.54,RUNNING,0
90.61,0,90.61,RUNNING,0
90.68,0,90.68,RUNNING,0
90.74,0,90.74,RUNNING,0
90.81,0,90.81,RUNNING,0
90.88,0,90.88,RUNNING,0
90.94,0,90.94,RUNNING,0
91.01,0,91.01,RUNNING,0
91.08,0,91.08,RUNNING,0
91.14,0,91.14,RUNNING,0
91.21,0,91.21,RUNNING,0
91.27,0,91.27,RUNNING,0
91.34,0,91.34,RUNNING,0
91.41,0,91.41,RUNNING,0
91.48,0,91.48,RUNNING,0
91.54,0,91.54,RUNNING,0
91.61,0,91.61,RUNNING,0
91.67,0,91.67,RUNNING,0
91.74,0,91.74,RUNNING,0
91.81,0,91.81,RUNNING,0
91.87,0,91.87,RUNNING,0
91.94,0,91.94,RUNNING,0
92.01,0,92.01,RUNNING,0
92.07,0,92.07,RUNNING,0
92.14,0,92.14,RUNNING,0
92.21,0,92.21,RUNNING,0
92.28,0,92.28,RUNNING,0
92.34,0,92.34,RUNNING,0
92.41,0,92.41,RUNNING,0
92.48,0,92.48,RUNNING,0
92.54,0,92.54,RUNNING,0
92.61,0,92.61,RUNNING,0
92.68,0,92.68,RUNNING,0
92.75,0,92.75,RUNNING,0
92.81,0,92.81,RUNNING,0
92.88,0,92.88,RUNNING,0
92.95,0,92.95,RUNNING,0
93.01,0,93.01,RUNNING,0
93.08,0,93.08,RUNNING,0
93.14,0,93.14,RUNNING,0
93.21,0,93.21,RUNNING,0
93.28,0,93.28,RUNNING,0
93.34,0,93.34,RUNNING,0
93.41,0,93.41,RUNNING,0
93.48,0,93.48,RUNNING,0
93.54,0,93.54,RUNNING,0
93.61,0,93.61,RUNNING,0
93.68,0,93.68,RUNNING,0
93.74,0,93.74,RUNNING,0
93.81,0,93.81,RUNNING,0
93.87,0,93.87,RUNNING,0
93.94,0,93.94,RUNNING,0
94.01,0,94.01,RUNNING,0
94.07,0,94.07,RUNNING,0
94.14,0,94.14,RUNNING,0
94.2,0,94.2,RUNNING,0
94.27,0,94.27,RUNNING,0
94.34,0,94.34,RUNNING,0
94.4,0,94.4,RUNNING,0
94.47,0,94.47,RUNNING,0
94.54,0,94.54,RUNNING,0
94.6,0,94.6,RUNNING,0
94.67,0,94.67,RUNNING,0
94.73,0,94.73,RUNNING,0
94.8,0,94.8,RUNNING,0
94.87,0,94.87,RUNNING,0
94.93,0,94.93,RUNNING,0
95.0,0,95.0,RUNNING,0
95.06,0,95.06,RUNNING,0
95.13,0,95.13,RUNNING,0
95.2,0,95.2,RUNNING,0
95.26,0,95.26,RUNNING,0
95.33,0,95.33,RUNNING,0
95.4,0,95.4,RUNNING,0
95.46,0,95.46,RUNNING,0
95.53,0,95.53,RUNNING,0
95.59,0,95.59,RUNNING,0
95.66,0,95.66,RUNNING,0
95.73,0,95.73,RUNNING,0
95.79,0,95.79,RUNNING,0
95.86,0,95.86,RUNNING,0
95.93,0,95.93,RUNNING,0
95.99,0,95.99,RUNNING,0
96.06,0,96.06,RUNNING,0
96.13,0,96.13,RUNNING,0
96.19,0,96.19,RUNNING,0
96.26,0,96.26,RUNNING,0
96.33,0,96.33,RUNNING,0
96.39,0,96.39,RUNNING,0
96.46,0,96.46,RUNNING,0
96.53,0,96.53,RUNNING,0
96.59,0,96.59,RUNNING,0
96.66,0,96.66,RUNNING,0
96.73,0,96.73,RUNNING,0
96.79,0,96.79,RUNNING,0
96.86,0,96.86,RUNNING,0
96.93,0,96.93,RUNNING,0
96.99,0,96.99,RUNNING,0
97.06,0,97.06,RUNNING,0
97.13,0,97.13,RUNNING,0
97.19,0,97.19,RUNNING,0
97.26,0,97.26,RUNNING,0
97.32,0,97.32,RUNNING,0
97.39,0,97.39,RUNNING,0
97.46,0,97.46,RUNNING,0
97.52,0,97.52,RUNNING,0
97.59,0,97.59,RUNNING,0
97.66,0,97.66,RUNNING,0
97.72,0,97.72,RUNNING,0
97.79,0,97.79,RUNNING,0
97.86,0,97.86,RUNNING,0
97.92,0,97.92,RUNNING,0
97.99,0,97.99,RUNNING,0
98.06,0,98.06,RUNNING,0
98.13,0,98.13,RUNNING,0
98.19,0,98.19,RUNNING,0
98.26,0,98.26,RUNNING,0
98.33,0,98.33,RUNNING,0
98.39,0,98.39,RUNNING,0
98.46,0,98.46,RUNNING,0
98.53,0,98.53,RUNNING,0
98.59,0,98.59,RUNNING,0
98.66,0,98.66,RUNNING,0
98.73,0,98.73,RUNNING,0
98.79,0,98.79,RUNNING,0
98.86,0,98.86,RUNNING,0
98.93,0,98.93,RUNNING,0
98.99,0,98.99,RUNNING,0
99.06,0,99.06,RUNNING,0
99.13,0,99.13,RUNNING,0
99.19,0,99.19,RUNNING,0
99.26,0,99.26,RUNNING,0
99.33,0,99.33,RUNNING,0
99.4,0,99.4,RUNNING,0
99.47,0,99.47,RUNNING,0
99.53,0,99.53,RUNNING,0
99.6,0,99.6,RUNNING,0
99.66,0,99.66,RUNNING,0
99.73,0,99.73,RUNNING,0
99.8,0,99.8,RUNNING,0
99.86,0,99.86,RUNNING,0
99.93,0,99.93,RUNNING,0
99.99,0,99.99,RUNNING,0
100.06,0,100.06,RUNNING,0
100.13,0,100.13,RUNNING,0
100.19,0,100.19,RUNNING,0
100.26,0,100.26,RUNNING,0
100.32,0,100.32,RUNNING,0
100.39,0,100.39,RUNNING,0
100.46,0,100.46,RUNNING,0
100.52,0,100.52,RUNNING,0
100.59,0,100.59,RUNNING,0
100.66,0,100.66,RUNNING,0
100.72,0,100.72,RUNNING,0
100.79,0,100.79,RUNNING,0
100.86,0,100.86,RUNNING,0
100.92,0,100.92,RUNNING,0
100.99,0,100.99,RUNNING,0
101.06,0,101.06,RUNNING,0
101.12,0,101.12,RUNNING,0
101.19,0,101.19,RUNNING,0
101.25,0,101.25,RUNNING,0
101.32,0,101.32,RUNNING,0
101.39,0,101.39,RUNNING,0
101.45,0,101.45,RUNNING,0
101.52,0,101.52,RUNNING,0
101.59,0,101.59,RUNNING,0
101.65,0,101.65,RUNNING,0
101.72,0,101.72,RUNNING,0
101.79,0,101.79,RUNNING,0
101.85,0,101.85,RUNNING,0
101.92,0,101.92,RUNNING,0
101.99,0,101.99,RUNNING,0
102.05,0,102.05,RUNNING,0
102.12,0,102.12,RUNNING,0
102.19,0,102.19,RUNNING,0
102.25,0,102.25,RUNNING,0
102.32,0,102.32,RUNNING,0
102.38,0,102.38,RUNNING,0
102.45,0,102.45,RUNNING,0
102.52,0,102.52,RUNNING,0
102.58,0,102.58,RUNNING,0
102.65,0,102.65,RUNNING,0
102.72,0,102.72,RUNNING,0
102.78,0,102.78,RUNNING,0
102.85,0,102.85,RUNNING,0
102.92,0,102.92,RUNNING,0
102.98,0,102.98,RUNNING,0
103.05,0,103.05,RUNNING,0
103.12,0,103.12,RUNNING,0
103.18,0,103.18,RUNNING,0
103.25,0,103.25,RUNNING,0
103.32,0,103.32,RUNNING,0
103.38,0,103.38,RUNNING,0
103.45,0,103.45,RUNNING,0
103.51,0,103.51,RUNNING,0
103.58,0,103.58,RUNNING,0
103.65,0,103.65,RUNNING,0
103.72,0,103.72,RUNNING,0
103.78,0,103.78,RUNNING,0
103.85,0,103.85,RUNNING,0
103.92,0,103.92,RUNNING,0
103.98,0,103.98,RUNNING,0
104.05,0,104.05,RUNNING,0
104.11,0,104.11,RUNNING,0
104.18,0,104.18,RUNNING,0
104.25,0,104.25,RUNNING,0
104.31,0,104.31,RUNNING,0
104.38,0,104.38,RUNNING,0
104.44,0,104.44,RUNNING,0
104.51,0,104.51,RUNNING,0
104.58,0,104.58,RUNNING,0
104.64,0,104.64,RUNNING,0
104.71,0,104.71,RUNNING,0
104.77,0,104.77,RUNNING,0
104.84,0,104.84,RUNNING,0
104.91,0,104.91,RUNNING,0
104.97,0,104.97,RUNNING,0
105.04,0,105.04,RUNNING,0
105.11,0,105.11,RUNNING,0
105.17,0,105.17,RUNNING,0
105.24,0,105.24,RUNNING,0
105.3,0,105.3,RUNNING,0
105.37,0,105.37,RUNNING,0
105.44,0,105.44,RUNNING,0
105.5,0,105.5,RUNNING,0
105.57,0,105.57,RUNNING,0
105.63,0,105.63,RUNNING,0
105.7,0,105.7,RUNNING,0
105.77,0,105.77,RUNNING,0
105.83,0,105.83,RUNNING,0
105.9,0,105.9,RUNNING,0
105.96,0,105.96,RUNNING,0
106.03,0,106.03,RUNNING,0
106.09,0,106.09,RUNNING,0
106.16,0,106.16,RUNNING,0
106.23,0,106.23,RUNNING,0
106.29,0,106.29,RUNNING,0
106.36,0,106.36,RUNNING,0
106.42,0,106.42,RUNNING,0
106.49,0,106.49,RUNNING,0
106.55,0,106.55,RUNNING,0
106.62,0,106.62,RUNNING,0
106.68,0,106.68,RUNNING,0
106.75,0,106.75,RUNNING,0
106.82,0,106.82,RUNNING,0
106.88,0,106.88,RUNNING,0
106.95,0,106.95,RUNNING,0
107.01,0,107.01,RUNNING,0
107.08,0,107.08,RUNNING,0
107.15,0,107.15,RUNNING,0
107.22,0,107.22,RUNNING,0
107.29,0,107.29,RUNNING,0
107.35,0,107.35,RUNNING,0
107.42,0,107.42,RUNNING,0
107.48,0,107.48,RUNNING,0
107.55,0,107.55,RUNNING,0
107.61,0,107.61,RUNNING,0
107.68,0,107.68,RUNNING,0
107.74,0,107.74,RUNNING,0
107.81,0,107.81,RUNNING,0
107.87,0,107.87,RUNNING,0
107.94,0,107.94,RUNNING,0
108.0,0,108.0,RUNNING,0
108.07,0,108.07,RUNNING,0
108.13,0,108.13,RUNNING,0
108.2,0,108.2,RUNNING,0
108.26,0,108.26,RUNNING,0
108.33,0,108.33,RUNNING,0
108.4,0,108.4,RUNNING,0
108.46,0,108.46,RUNNING,0
108.53,0,108.53,RUNNING,0
108.59,0,108.59,RUNNING,0
108.66,0,108.66,RUNNING,0
108.72,0,108.72,RUNNING,0
108.79,0,108.79,RUNNING,0
108.86,0,108.86,RUNNING,0
108.92,0,108.92,RUNNING,0
108.99,0,108.99,RUNNING,0
109.05,0,109.05,RUNNING,0
109.12,0,109.12,RUNNING,0
109.19,0,109.19,RUNNING,0
109.25,0,109.25,RUNNING,0
109.32,0,109.32,RUNNING,0
109.39,0,109.39,RUNNING,0
109.45,0,109.45,RUNNING,0
109.52,0,109.52,RUNNING,0
109.58,0,109.58,RUNNING,0
109.65,0,109.65,RUNNING,0
109.72,0,109.72,RUNNING,0
109.78,0,109.78,RUNNING,0
109.85,0,109.85,RUNNING,0
109.92,0,109.92,RUNNING,0
109.98,0,109.98,RUNNING,0
110.05,0,110.05,RUNNING,0
110.11,0,110.11,RUNNING,0
110.18,0,110.18,RUNNING,0
110.25,0,110.25,RUNNING,0
110.31,0,110.31,RUNNING,0
110.38,0,110.38,RUNNING,0
110.45,0,110.45,RUNNING,0
110.51,0,110.51,RUNNING,0
110.58,0,110.58,RUNNING,0
110.65,0,110.65,RUNNING,0
110.71,0,110.71,RUNNING,0
110.78,0,110.78,RUNNING,0
110.85,0,110.85,RUNNING,0
110.91,0,110.91,RUNNING,0
110.98,0,110.98,RUNNING,0
111.05,0,111.05,RUNNING,0
111.11,0,111.11,RUNNING,0
111.18,0,111.18,RUNNING,0
111.24,0,111.24,RUNNING,0
111.31,0,111.31,RUNNING,0
111.38,0,111.38,RUNNING,0
111.44,0,111.44,RUNNING,0
111.51,0,111.51,RUNNING,0
111.58,0,111.58,RUNNING,0
111.64,0,111.64,RUNNING,0
111.71,0,111.71,RUNNING,0
111.78,0,111.78,RUNNING,0
111.84,0,111.84,RUNNING,0
111.91,0,111.91,RUNNING,0
111.97,0,111.97,RUNNING,0
112.04,0,112.04,RUNNING,0
112.11,0,112.11,RUNNING,0
112.17,0,112.17,RUNNING,0
112.24,0,112.24,RUNNING,0
112.31,0,112.31,RUNNING,0
112.37,0,112.37,RUNNING,0
112.44,0,112.44,RUNNING,0
112.51,0,112.51,RUNNING,0
112.57,0,112.57,RUNNING,0
112.64,0,112.64,RUNNING,0
112.71,0,112.71,RUNNING,0
112.77,0,112.77,RUNNING,0
112.84,0,112.84,RUNNING,0
112.91,0,112.91,RUNNING,0
112.97,0,112.97,RUNNING,0
113.04,0,113.04,RUNNING,0
113.11,0,113.11,RUNNING,0
113.17,0,113.17,RUNNING,0
113.24,0,113.24,RUNNING,0
113.31,0,113.31,RUNNING,0
113.37,0,113.37,RUNNING,0
113.44,0,113.44,RUNNING,0
113.5,0,113.5,RUNNING,0
113.57,0,113.57,RUNNING,0
113.64,0,113.64,RUNNING,0
113.71,0,113.71,RUNNING,0
113.77,0,113.77,RUNNING,0
113.85,0,113.85,RUNNING,0
113.91,0,113.91,RUNNING,0
113.98,0,113.98,RUNNING,0
114.04,0,114.04,RUNNING,0
114.11,0,114.11,RUNNING,0
114.17,0,114.17,RUNNING,0
114.24,0,114.24,RUNNING,0
114.31,0,114.31,RUNNING,0
114.37,0,114.37,RUNNING,0
114.44,0,114.44,RUNNING,0
114.5,0,114.5,RUNNING,0
114.57,0,114.57,RUNNING,0
114.64,0,114.64,RUNNING,0
114.7,0,114.7,RUNNING,0
114.77,0,114.77,RUNNING,0
114.84,0,114.84,RUNNING,0
114.9,0,114.9,RUNNING,0
114.97,0,114.97,RUNNING,0
115.03,0,115.03,RUNNING,0
115.1,0,115.1,RUNNING,0
115.16,0,115.16,RUNNING,0
115.23,0,115.23,RUNNING,0
115.3,0,115.3,RUNNING,0
115.36,0,115.36,RUNNING,0
115.43,0,115.43,RUNNING,0
115.5,0,115.5,RUNNING,0
115.56,0,115.56,RUNNING,0
115.63,0,115.63,RUNNING,0
115.69,0,115.69,RUNNING,0
115.76,0,115.76,RUNNING,0
115.83,0,115.83,RUNNING,0
115.89,0,115.89,RUNNING,0
115.96,0,115.96,RUNNING,0
116.02,0,116.02,RUNNING,0
116.09,0,116.09,RUNNING,0
116.16,0,116.16,RUNNING,0
116.22,0,116.22,RUNNING,0
116.29,0,116.29,RUNNING,0
116.36,0,116.36,RUNNING,0
116.42,0,116.42,RUNNING,0
116.49,0,116.49,RUNNING,0
116.56,0,116.56,RUNNING,0
116.62,0,116.62,RUNNING,0
116.69,0,116.69,RUNNING,0
116.75,0,116.75,RUNNING,0
116.82,0,116.82,RUNNING,0
116.89,0,116.89,RUNNING,0
116.95,0,116.95,RUNNING,0
117.02,0,117.02,RUNNING,0
117.09,0,117.09,RUNNING,0
117.15,0,117.15,RUNNING,0
117.22,0,117.22,RUNNING,0
117.28,0,117.28,RUNNING,0
117.35,0,117.35,RUNNING,0
117.42,0,117.42,RUNNING,0
117.48,0,117.48,RUNNING,0
117.55,0,117.55,RUNNING,0
117.62,0,117.62,RUNNING,0
117.68,0,117.68,RUNNING,0
117.75,0,117.75,RUNNING,0
117.81,0,117.81,RUNNING,0
117.88,0,117.88,RUNNING,0
117.95,0,117.95,RUNNING,0
118.01,0,118.01,RUNNING,0
118.08,0,118.08,RUNNING,0
118.15,0,118.15,RUNNING,0
118.21,0,118.21,RUNNING,0
118.28,0,118.28,RUNNING,0
118.35,0,118.35,RUNNING,0
118.41,0,118.41,RUNNING,0
118.48,0,118.48,RUNNING,0
118.55,0,118.55,RUNNING,0
118.61,0,118.61,RUNNING,0
118.68,0,118.68,RUNNING,0
118.75,0,118.75,RUNNING,0
118.81,0,118.81,RUNNING,0
118.88,0,118.88,RUNNING,0
118.94,0,118.94,RUNNING,0
119.01,0,119.01,RUNNING,0
119.08,0,119.08,RUNNING,0
119.14,0,119.14,RUNNING,0
119.21,0,119.21,RUNNING,0
119.28,0,119.28,RUNNING,0
119.34,0,119.34,RUNNING,0
119.41,0,119.41,RUNNING,0
119.48,0,119.48,RUNNING,0
119.54,0,119.54,RUNNING,0
119.61,0,119.61,RUNNING,0
119.68,0,119.68,RUNNING,0
119.74,0,119.74,RUNNING,0
119.81,0,119.81,RUNNING,0
119.88,0,119.88,RUNNING,0
119.94,0,119.94,RUNNING,0
120.01,0,120.01,RUNNING,0
120.08,0,120.08,RUNNING,0
120.14,0,120.14,RUNNING,0
120.21,0,120.21,RUNNING,0
120.28,0,120.28,RUNNING,0
120.34,0,120.34,RUNNING,0
120.42,0,120.42,RUNNING,0
120.48,0,120.48,RUNNING,0
120.55,0,120.55,RUNNING,0
120.62,0,120.62,RUNNING,0
120.68,0,120.68,RUNNING,0
120.75,0,120.75,RUNNING,0
120.81,0,120.81,RUNNING,0
120.88,0,120.88,RUNNING,0
120.94,0,120.94,RUNNING,0
121.01,0,121.01,RUNNING,0
121.08,0,121.08,RUNNING,0
121.15,0,121.15,RUNNING,0
121.21,0,121.21,RUNNING,0
121.28,0,121.28,RUNNING,0
121.34,0,121.34,RUNNING,0
121.41,0,121.41,RUNNING,0
121.48,0,121.48,RUNNING,0
121.54,0,121.54,RUNNING,0
121.61,0,121.61,RUNNING,0
121.67,0,121.67,RUNNING,0
121.74,0,121.74,RUNNING,0
121.81,0,121.81,RUNNING,0
121.87,0,121.87,RUNNING,0
121.94,0,121.94,RUNNING,0
122.0,0,122.0,RUNNING,0
122.07,0,122.07,RUNNING,0
122.14,0,122.14,RUNNING,0
122.2,0,122.2,RUNNING,0
122.27,0,122.27,RUNNING,0
122.34,0,122.34,RUNNING,0
122.4,0,122.4,RUNNING,0
122.47,0,122.47,RUNNING,0
122.53,0,122.53,RUNNING,0
122.6,0,122.6,RUNNING,0
122.67,0,122.67,RUNNING,0
122.73,0,122.73,RUNNING,0
122.8,0,122.8,RUNNING,0
122.87,0,122.87,RUNNING,0
122.93,0,122.93,RUNNING,0
123.0,0,123.0,RUNNING,0
123.06,0,123.06,RUNNING,0
123.13,0,123.13,RUNNING,0
123.2,0,123.2,RUNNING,0
123.26,0,123.26,RUNNING,0
123.33,0,123.33,RUNNING,0
123.39,0,123.39,RUNNING,0
123.46,0,123.46,RUNNING,0
123.53,0,123.53,RUNNING,0
123.59,0,123.59,RUNNING,0
123.66,0,123.66,RUNNING,0
123.72,0,123.72,RUNNING,0
123.79,0,123.79,RUNNING,0
123.85,0,123.85,RUNNING,0
123.92,0,123.92,RUNNING,0
123.99,0,123.99,RUNNING,0
124.05,0,124.05,RUNNING,0
124.12,0,124.12,RUNNING,0
124.18,0,124.18,RUNNING,0
124.25,0,124.25,RUNNING,0
124.32,0,124.32,RUNNING,0
124.38,0,124.38,RUNNING,0
124.45,0,124.45,RUNNING,0
124.51,0,124.51,RUNNING,0
124.58,0,124.58,RUNNING,0
124.65,0,124.65,RUNNING,0
124.71,0,124.71,RUNNING,0
124.78,0,124.78,RUNNING,0
124.84,0,124.84,RUNNING,0
124.91,0,124.91,RUNNING,0
124.97,0,124.97,RUNNING,0
125.04,0,125.04,RUNNING,0
125.11,0,125.11,RUNNING,0
125.17,0,125.17,RUNNING,0
125.24,0,125.24,RUNNING,0
125.3,0,125.3,RUNNING,0
125.37,0,125.37,RUNNING,0
125.43,0,125.43,RUNNING,0
125.5,0,125.5,RUNNING,0
125.57,0,125.57,RUNNING,0
125.63,0,125.63,RUNNING,0
125.7,0,125.7,RUNNING,0
125.76,0,125.76,RUNNING,0
125.83,0,125.83,RUNNING,0
125.9,0,125.9,RUNNING,0
125.96,0,125.96,RUNNING,0
126.03,0,126.03,RUNNING,0
126.09,0,126.09,RUNNING,0
126.16,0,126.16,RUNNING,0
126.23,0,126.23,RUNNING,0
126.29,0,126.29,RUNNING,0
126.36,0,126.36,RUNNING,0
126.42,0,126.42,RUNNING,0
126.49,0,126.49,RUNNING,0
126.56,0,126.56,RUNNING,0
126.62,0,126.62,RUNNING,0
126.69,0,126.69,RUNNING,0
126.75,0,126.75,RUNNING,0
126.82,0,126.82,RUNNING,0
126.89,0,126.89,RUNNING,0
126.95,0,126.95,RUNNING,0
127.02,0,127.02,RUNNING,0
127.09,0,127.09,RUNNING,0
127.16,0,127.16,RUNNING,0
127.22,0,127.22,RUNNING,0
127.29,0,127.29,RUNNING,0
127.35,0,127.35,RUNNING,0
127.42,0,127.42,RUNNING,0
127.48,0,127.48,RUNNING,0
127.55,0,127.55,RUNNING,0
127.61,0,127.61,RUNNING,0
127.68,0,127.68,RUNNING,0
127.74,0,127.74,RUNNING,0
127.81,0,127.81,RUNNING,0
127.88,0,127.88,RUNNING,0
127.94,0,127.94,RUNNING,0
128.01,0,128.01,RUNNING,0
128.07,0,128.07,RUNNING,0
128.14,0,128.14,RUNNING,0
128.21,0,128.21,RUNNING,0
128.27,0,128.27,RUNNING,0
128.34,0,128.34,RUNNING,0
128.4,0,128.4,RUNNING,0
128.47,0,128.47,RUNNING,0
128.54,0,128.54,RUNNING,0
128.6,0,128.6,RUNNING,0
128.67,0,128.67,RUNNING,0
128.74,0,128.74,RUNNING,0
128.8,0,128.8,RUNNING,0
128.87,0,128.87,RUNNING,0
128.93,0,128.93,RUNNING,0
129.0,0,129.0,RUNNING,0
129.07,0,129.07,RUNNING,0
129.13,0,129.13,RUNNING,0
129.2,0,129.2,RUNNING,0
129.26,0,129.26,RUNNING,0
129.33,0,129.33,RUNNING,0
129.4,0,129.4,RUNNING,0
129.46,0,129.46,RUNNING,0
129.53,0,129.53,RUNNING,0
129.6,0,129.6,RUNNING,0
129.66,0,129.66,RUNNING,0
129.73,0,129.73,RUNNING,0
129.8,0,129.8,RUNNING,0
129.86,0,129.86,RUNNING,0
129.93,0,129.93,RUNNING,0
130.0,0,130.0,RUNNING,0
130.06,0,130.06,RUNNING,0
130.13,0,130.13,RUNNING,0
130.19,0,130.19,RUNNING,0
130.26,0,130.26,RUNNING,0
130.33,0,130.33,RUNNING,0
130.39,0,130.39,RUNNING,0
130.46,0,130.46,RUNNING,0
130.52,0,130.52,RUNNING,0
130.59,0,130.59,RUNNING,0
130.66,0,130.66,RUNNING,0
130.72,0,130.72,RUNNING,0
130.79,0,130.79,RUNNING,0
130.86,0,130.86,RUNNING,0
130.92,0,130.92,RUNNING,0
130.99,0,130.99,RUNNING,0
131.06,0,131.06,RUNNING,0
131.12,0,131.12,RUNNING,0
131.19,0,131.19,RUNNING,0
131.26,0,131.26,RUNNING,0
131.32,0,131.32,RUNNING,0
131.39,0,131.39,RUNNING,0
131.46,0,131.46,RUNNING,0
131.52,0,131.52,RUNNING,0
131.59,0,131.59,RUNNING,0
131.65,0,131.65,RUNNING,0
131.72,0,131.72,RUNNING,0
131.79,0,131.79,RUNNING,0
131.86,0,131.86,RUNNING,0
131.92,0,131.92,RUNNING,0
131.99,0,131.99,RUNNING,0
132.05,0,132.05,RUNNING,0
132.12,0,132.12,RUNNING,0
132.19,0,132.19,RUNNING,0
132.25,0,132.25,RUNNING,0
132.32,0,132.32,RUNNING,0
132.39,0,132.39,RUNNING,0
132.45,0,132.45,RUNNING,0
132.52,0,132.52,RUNNING,0
132.59,0,132.59,RUNNING,0
132.65,0,132.65,RUNNING,0
132.72,0,132.72,RUNNING,0
132.79,0,132.79,RUNNING,0
132.86,0,132.86,RUNNING,0
132.92,0,132.92,RUNNING,0
132.99,0,132.99,RUNNING,0
133.06,0,133.06,RUNNING,0
133.12,0,133.12,RUNNING,0
133.19,0,133.19,RUNNING,0
133.25,0,133.25,RUNNING,0
133.32,0,133.32,RUNNING,0
133.39,0,133.39,RUNNING,0
133.45,0,133.45,RUNNING,0
133.52,0,133.52,RUNNING,0
133.59,0,133.59,RUNNING,0
133.65,0,133.65,RUNNING,0
133.72,0,133.72,RUNNING,0
133.79,0,133.79,RUNNING,0
133.86,0,133.86,RUNNING,0
133.92,0,133.92,RUNNING,0
133.99,0,133.99,RUNNING,0
134.06,0,134.06,RUNNING,0
134.12,0,134.12,RUNNING,0
134.19,0,134.19,RUNNING,0
134.26,0,134.26,RUNNING,0
134.32,0,134.32,RUNNING,0
134.39,0,134.39,RUNNING,0
134.45,0,134.45,RUNNING,0
134.52,0,134.52,RUNNING,0
134.59,0,134.59,RUNNING,0
134.65,0,134.65,RUNNING,0
134.72,0,134.72,RUNNING,0
134.78,0,134.78,RUNNING,0
134.85,0,134.85,RUNNING,0
134.92,0,134.92,RUNNING,0
134.98,0,134.98,RUNNING,0
135.05,0,135.05,RUNNING,0
135.11,0,135.11,RUNNING,0
135.18,0,135.18,RUNNING,0
135.25,0,135.25,RUNNING,0
135.31,0,135.31,RUNNING,0
135.38,0,135.38,RUNNING,0
135.45,0,135.45,RUNNING,0
135.51,0,135.51,RUNNING,0
135.58,0,135.58,RUNNING,0
135.64,0,135.64,RUNNING,0
135.71,0,135.71,RUNNING,0
135.77,0,135.77,RUNNING,0
135.84,0,135.84,RUNNING,0
135.91,0,135.91,RUNNING,0
135.97,0,135.97,RUNNING,0
136.04,0,136.04,RUNNING,0
136.11,0,136.11,RUNNING,0
136.17,0,136.17,RUNNING,0
136.24,0,136.24,RUNNING,0
136.31,0,136.31,RUNNING,0
136.37,0,136.37,RUNNING,0
136.44,0,136.44,RUNNING,0
136.5,0,136.5,RUNNING,0
136.57,0,136.57,RUNNING,0
136.64,0,136.64,RUNNING,0
136.7,0,136.7,RUNNING,0
136.77,0,136.77,RUNNING,0
136.84,0,136.84,RUNNING,0
136.9,0,136.9,RUNNING,0
136.97,0,136.97,RUNNING,0
137.03,0,137.03,RUNNING,0
137.1,0,137.1,RUNNING,0
137.17,0,137.17,RUNNING,0
137.24,0,137.24,RUNNING,0
137.3,0,137.3,RUNNING,0
137.37,0,137.37,RUNNING,0
137.43,0,137.43,RUNNING,0
137.5,0,137.5,RUNNING,0
137.57,0,137.57,RUNNING,0
137.63,0,137.63,RUNNING,0
137.7,0,137.7,RUNNING,0
137.77,0,137.77,RUNNING,0
137.83,0,137.83,RUNNING,0
137.9,0,137.9,RUNNING,0
137.96,0,137.96,RUNNING,0
138.03,0,138.03,RUNNING,0
138.1,0,138.1,RUNNING,0
138.16,0,138.16,RUNNING,0
138.23,0,138.23,RUNNING,0
138.3,0,138.3,RUNNING,0
138.36,0,138.36,RUNNING,0
138.43,0,138.43,RUNNING,0
138.5,0,138.5,RUNNING,0
138.56,0,138.56,RUNNING,0
138.63,0,138.63,RUNNING,0
138.7,0,138.7,RUNNING,0
138.76,0,138.76,RUNNING,0
138.83,0,138.83,RUNNING,0
138.9,0,138.9,RUNNING,0
138.96,0,138.96,RUNNING,0
139.03,0,139.03,RUNNING,0
139.1,0,139.1,RUNNING,0
139.16,0,139.16,RUNNING,0
139.23,0,139.23,RUNNING,0
139.3,0,139.3,RUNNING,0
139.36,0,139.36,RUNNING,0
139.43,0,139.43,RUNNING,0
139.5,0,139.5,RUNNING,0
139.56,0,139.56,RUNNING,0
139.63,0,139.63,RUNNING,0
139.7,0,139.7,RUNNING,0
139.76,0,139.76,RUNNING,0
139.83,0,139.83,RUNNING,0
139.9,0,139.9,RUNNING,0
139.96,0,139.96,RUNNING,0
140.03,0,140.03,RUNNING,0
140.1,0,140.1,RUNNING,0
140.16,0,140.16,RUNNING,0
140.23,0,140.23,RUNNING,0
140.3,0,140.3,RUNNING,0
140.37,0,140.37,RUNNING,0
140.44,0,140.44,RUNNING,0
140.5,0,140.5,RUNNING,0
140.57,0,140.57,RUNNING,0
140.63,0,140.63,RUNNING,0
140.7,0,140.7,RUNNING,0
140.77,0,140.77,RUNNING,0
140.83,0,140.83,RUNNING,0
140.9,0,140.9,RUNNING,0
140.96,0,140.96,RUNNING,0
141.03,0,141.03,RUNNING,0
141.1,0,141.1,RUNNING,0
141.16,0,141.16,RUNNING,0
141.23,0,141.23,RUNNING,0
141.29,0,141.29,RUNNING,0
141.36,0,141.36,RUNNING,0
141.43,0,141.43,RUNNING,0
141.49,0,141.49,RUNNING,0
141.56,0,141.56,RUNNING,0
141.62,0,141.62,RUNNING,0
141.69,0,141.69,RUNNING,0
141.76,0,141.76,RUNNING,0
141.82,0,141.82,RUNNING,0
141.89,0,141.89,RUNNING,0
141.96,0,141.96,RUNNING,0
142.02,0,142.02,RUNNING,0
142.09,0,142.09,RUNNING,0
142.15,0,142.15,RUNNING,0
142.22,0,142.22,RUNNING,0
142.29,0,142.29,RUNNING,0
142.35,0,142.35,RUNNING,0
142.42,0,142.42,RUNNING,0
142.49,0,142.49,RUNNING,0
142.55,0,142.55,RUNNING,0
142.62,0,142.62,RUNNING,0
142.69,0,142.69,RUNNING,0
142.75,0,142.75,RUNNING,0
142.82,0,142.82,RUNNING,0
142.88,0,142.88,RUNNING,0
142.95,0,142.95,RUNNING,0
143.02,0,143.02,RUNNING,0
143.08,0,143.08,RUNNING,0
143.15,0,143.15,RUNNING,0
143.22,0,143.22,RUNNING,0
143.28,0,143.28,RUNNING,0
143.35,0,143.35,RUNNING,0
143.41,0,143.41,RUNNING,0
143.48,0,143.48,RUNNING,0
143.55,0,143.55,RUNNING,0
143.61,0,143.61,RUNNING,0
143.68,0,143.68,RUNNING,0
143.75,0,143.75,RUNNING,0
143.81,0,143.81,RUNNING,0
143.88,0,143.88,RUNNING,0
143.95,0,143.95,RUNNING,0
144.01,0,144.01,RUNNING,0
144.08,0,144.08,RUNNING,0
144.14,0,144.14,RUNNING,0
144.21,0,144.21,RUNNING,0
144.28,0,144.28,RUNNING,0
144.34,0,144.34,RUNNING,0
144.41,0,144.41,RUNNING,0
144.48,0,144.48,RUNNING,0
144.54,0,144.54,RUNNING,0
144.61,0,144.61,RUNNING,0
144.68,0,144.68,RUNNING,0
144.74,0,144.74,RUNNING,0
144.81,0,144.81,RUNNING,0
144.88,0,144.88,RUNNING,0
144.94,0,144.94,RUNNING,0
145.01,0,145.01,RUNNING,0
145.08,0,145.08,RUNNING,0
145.14,0,145.14,RUNNING,0
145.21,0,145.21,RUNNING,0
145.27,0,145.27,RUNNING,0
145.34,0,145.34,RUNNING,0
145.41,0,145.41,RUNNING,0
145.47,0,145.47,RUNNING,0
145.54,0,145.54,RUNNING,0
145.61,0,145.61,RUNNING,0
145.67,0,145.67,RUNNING,0
145.74,0,145.74,RUNNING,0
145.81,0,145.81,RUNNING,0
145.88,0,145.88,RUNNING,0
145.94,0,145.94,RUNNING,0
146.01,0,146.01,RUNNING,0
146.08,0,146.08,RUNNING,0
146.14,0,146.14,RUNNING,0
146.21,0,146.21,RUNNING,0
146.28,0,146.28,RUNNING,0
146.34,0,146.34,RUNNING,0
146.41,0,146.41,RUNNING,0
146.47,0,146.47,RUNNING,0
146.54,0,146.54,RUNNING,0
146.61,0,146.61,RUNNING,0
146.67,0,146.67,RUNNING,0
146.74,0,146.74,RUNNING,0
146.81,0,146.81,RUNNING,0
146.88,0,146.88,RUNNING,0
146.95,0,146.95,RUNNING,0
147.01,0,147.01,RUNNING,0
147.08,0,147.08,RUNNING,0
147.15,0,147.15,RUNNING,0
147.21,0,147.21,RUNNING,0
147.28,0,147.28,RUNNING,0
147.34,0,147.34,RUNNING,0
147.41,0,147.41,RUNNING,0
147.48,0,147.48,RUNNING,0
147.54,0,147.54,RUNNING,0
147.61,0,147.61,RUNNING,0
147.67,0,147.67,RUNNING,0
147.74,0,147.74,RUNNING,0
147.81,0,147.81,RUNNING,0
147.87,0,147.87,RUNNING,0
147.94,0,147.94,RUNNING,0
148.0,0,148.0,RUNNING,0
148.07,0,148.07,RUNNING,0
148.14,0,148.14,RUNNING,0
148.21,0,148.21,RUNNING,0
148.28,0,148.28,RUNNING,0
148.34,0,148.34,RUNNING,0
148.41,0,148.41,RUNNING,0
148.48,0,148.48,RUNNING,0
148.54,0,148.54,RUNNING,0
148.61,0,148.61,RUNNING,0
148.67,0,148.67,RUNNING,0
148.74,0,148.74,RUNNING,0
148.81,0,148.81,RUNNING,0
148.87,0,148.87,RUNNING,0
148.94,0,148.94,RUNNING,0
149.0,0,149.0,RUNNING,0
149.07,0,149.07,RUNNING,0
149.14,0,149.14,RUNNING,0
149.2,0,149.2,RUNNING,0
149.27,0,149.27,RUNNING,0
149.33,0,149.33,RUNNING,0
149.4,0,149.4,RUNNING,0
149.47,0,149.47,RUNNING,0
149.53,0,149.53,RUNNING,0
149.6,0,149.6,RUNNING,0
149.67,0,149.67,RUNNING,0
149.73,0,149.73,RUNNING,0
149.8,0,149.8,RUNNING,0
149.86,0,149.86,RUNNING,0
149.93,0,149.93,RUNNING,0
150.0,0,150.0,RUNNING,0
150.06,0,150.06,RUNNING,0
150.13,0,150.13,RUNNING,0
150.2,0,150.2,RUNNING,0
150.26,0,150.26,RUNNING,0
150.33,0,150.33,RUNNING,0
150.39,0,150.39,RUNNING,0
150.46,0,150.46,RUNNING,0
150.53,0,150.53,RUNNING,0
150.59,0,150.59,RUNNING,0
150.66,0,150.66,RUNNING,0
150.72,0,150.72,RUNNING,0
150.79,0,150.79,RUNNING,0
150.86,0,150.86,RUNNING,0
150.92,0,150.92,RUNNING,0
150.99,0,150.99,RUNNING,0
151.05,0,151.05,RUNNING,0
151.12,0,151.12,RUNNING,0
151.19,0,151.19,RUNNING,0
151.25,0,151.25,RUNNING,0
151.32,0,151.32,RUNNING,0
151.39,0,151.39,RUNNING,0
151.45,0,151.45,RUNNING,0
151.52,0,151.52,RUNNING,0
151.58,0,151.58,RUNNING,0
151.65,0,151.65,RUNNING,0
151.72,0,151.72,RUNNING,0
151.78,0,151.78,RUNNING,0
151.85,0,151.85,RUNNING,0
151.92,0,151.92,RUNNING,0
151.98,0,151.98,RUNNING,0
152.05,0,152.05,RUNNING,0
152.11,0,152.11,RUNNING,0
152.18,0,152.18,RUNNING,0
152.25,0,152.25,RUNNING,0
152.32,0,152.32,RUNNING,0
152.38,0,152.38,RUNNING,0
152.45,0,152.45,RUNNING,0
152.51,0,152.51,RUNNING,0
152.58,0,152.58,RUNNING,0
152.65,0,152.65,RUNNING,0
152.71,0,152.71,RUNNING,0
152.78,0,152.78,RUNNING,0
152.85,0,152.85,RUNNING,0
152.91,0,152.91,RUNNING,0
152.98,0,152.98,RUNNING,0
153.05,0,153.05,RUNNING,0
153.11,0,153.11,RUNNING,0
153.18,0,153.18,RUNNING,0
153.25,0,153.25,RUNNING,0
153.31,0,153.31,RUNNING,0
153.38,0,153.38,RUNNING,0
153.45,0,153.45,RUNNING,0
153.51,0,153.51,RUNNING,0
153.58,0,153.58,RUNNING,0
153.65,0,153.65,RUNNING,0
153.71,0,153.71,RUNNING,0
153.78,0,153.78,RUNNING,0
153.85,0,153.85,RUNNING,0
153.91,0,153.91,RUNNING,0
153.98,0,153.98,RUNNING,0
154.05,0,154.05,RUNNING,0
154.11,0,154.11,RUNNING,0
154.18,0,154.18,RUNNING,0
154.25,0,154.25,RUNNING,0
154.31,0,154.31,RUNNING,0
154.38,0,154.38,RUNNING,0
154.45,0,154.45,RUNNING,0
154.51,0,154.51,RUNNING,0
154.58,0,154.58,RUNNING,0
154.65,0,154.65,RUNNING,0
154.71,0,154.71,RUNNING,0
154.78,0,154.78,RUNNING,0
154.85,0,154.85,RUNNING,0
154.92,0,154.92,RUNNING,0
154.99,0,154.99,RUNNING,0
155.05,0,155.05,RUNNING,0
155.12,0,155.12,RUNNING,0
155.18,0,155.18,RUNNING,0
155.25,0,155.25,RUNNING,0
155.32,0,155.32,RUNNING,0
155.38,0,155.38,RUNNING,0
155.45,0,155.45,RUNNING,0
155.52,0,155.52,RUNNING,0
155.58,0,155.58,RUNNING,0
155.65,0,155.65,RUNNING,0
155.71,0,155.71,RUNNING,0
155.78,0,155.78,RUNNING,0
155.85,0,155.85,RUNNING,0
155.91,0,155.91,RUNNING,0
155.98,0,155.98,RUNNING,0
156.05,0,156.05,RUNNING,0
156.11,0,156.11,RUNNING,0
156.18,0,156.18,RUNNING,0
156.24,0,156.24,RUNNING,0
156.31,0,156.31,RUNNING,0
156.38,0,156.38,RUNNING,0
156.44,0,156.44,RUNNING,0
156.51,0,156.51,RUNNING,0
156.57,0,156.57,RUNNING,0
156.64,0,156.64,RUNNING,0
156.7,0,156.7,RUNNING,0
156.77,0,156.77,RUNNING,0
156.84,0,156.84,RUNNING,0
156.91,0,156.91,RUNNING,0
156.97,0,156.97,RUNNING,0
157.04,0,157.04,RUNNING,0
157.1,0,157.1,RUNNING,0
157.17,0,157.17,RUNNING,0
157.23,0,157.23,RUNNING,0
157.3,0,157.3,RUNNING,0
157.37,0,157.37,RUNNING,0
157.43,0,157.43,RUNNING,0
157.5,0,157.5,RUNNING,0
157.56,0,157.56,RUNNING,0
157.63,0,157.63,RUNNING,0
157.7,0,157.7,RUNNING,0
157.76,0,157.76,RUNNING,0
157.83,0,157.83,RUNNING,0
157.89,0,157.89,RUNNING,0
157.96,0,157.96,RUNNING,0
158.02,0,158.02,RUNNING,0
158.09,0,158.09,RUNNING,0
158.16,0,158.16,RUNNING,0
158.22,0,158.22,RUNNING,0
158.29,0,158.29,RUNNING,0
158.35,0,158.35,RUNNING,0
158.42,0,158.42,RUNNING,0
158.49,0,158.49,RUNNING,0
158.55,0,158.55,RUNNING,0
158.62,0,158.62,RUNNING,0
158.68,0,158.68,RUNNING,0
158.75,0,158.75,RUNNING,0
158.82,0,158.82,RUNNING,0
158.88,0,158.88,RUNNING,0
158.95,0,158.95,RUNNING,0
159.01,0,159.01,RUNNING,0
159.08,0,159.08,RUNNING,0
159.14,0,159.14,RUNNING,0
159.21,0,159.21,RUNNING,0
159.28,0,159.28,RUNNING,0
159.34,0,159.34,RUNNING,0
159.41,0,159.41,RUNNING,0
159.47,0,159.47,RUNNING,0
159.54,0,159.54,RUNNING,0
159.61,0,159.61,RUNNING,0
159.67,0,159.67,RUNNING,0
159.74,0,159.74,RUNNING,0
159.8,0,159.8,RUNNING,0
159.87,0,159.87,RUNNING,0
159.94,0,159.94,RUNNING,0
160.0,0,160.0,RUNNING,0
160.07,0,160.07,RUNNING,0
160.13,0,160.13,RUNNING,0
160.2,0,160.2,RUNNING,0
160.27,0,160.27,RUNNING,0
160.33,0,160.33,RUNNING,0
160.4,0,160.4,RUNNING,0
160.46,0,160.46,RUNNING,0
160.53,0,160.53,RUNNING,0
160.6,0,160.6,RUNNING,0
160.66,0,160.66,RUNNING,0
160.73,0,160.73,RUNNING,0
160.79,0,160.79,RUNNING,0
160.86,0,160.86,RUNNING,0
160.93,0,160.93,RUNNING,0
160.99,0,160.99,RUNNING,0
161.06,0,161.06,RUNNING,0
161.13,0,161.13,RUNNING,0
161.19,0,161.19,RUNNING,0
161.26,0,161.26,RUNNING,0
161.33,0,161.33,RUNNING,0
161.39,0,161.39,RUNNING,0
161.47,0,161.47,RUNNING,0
161.53,0,161.53,RUNNING,0
161.6,0,161.6,RUNNING,0
161.66,0,161.66,RUNNING,0
161.73,0,161.73,RUNNING,0
161.8,0,161.8,RUNNING,0
161.86,0,161.86,RUNNING,0
161.93,0,161.93,RUNNING,0
161.99,0,161.99,RUNNING,0
162.06,0,162.06,RUNNING,0
162.13,0,162.13,RUNNING,0
162.19,0,162.19,RUNNING,0
162.26,0,162.26,RUNNING,0
162.32,0,162.32,RUNNING,0
162.39,0,162.39,RUNNING,0
162.46,0,162.46,RUNNING,0
162.52,0,162.52,RUNNING,0
162.59,0,162.59,RUNNING,0
162.65,0,162.65,RUNNING,0
162.72,0,162.72,RUNNING,0
162.79,0,162.79,RUNNING,0
162.85,0,162.85,RUNNING,0
162.92,0,162.92,RUNNING,0
162.99,0,162.99,RUNNING,0
163.05,0,163.05,RUNNING,0
163.12,0,163.12,RUNNING,0
163.18,0,163.18,RUNNING,0
163.25,0,163.25,RUNNING,0
163.32,0,163.32,RUNNING,0
163.38,0,163.38,RUNNING,0
163.45,0,163.45,RUNNING,0
163.51,0,163.51,RUNNING,0
163.58,0,163.58,RUNNING,0
163.65,0,163.65,RUNNING,0
163.71,0,163.71,RUNNING,0
163.78,0,163.78,RUNNING,0
163.84,0,163.84,RUNNING,0
163.91,0,163.91,RUNNING,0
163.98,0,163.98,RUNNING,0
164.04,0,164.04,RUNNING,0
164.11,0,164.11,RUNNING,0
164.18,0,164.18,RUNNING,0
164.24,0,164.24,RUNNING,0
164.31,0,164.31,RUNNING,0
164.37,0,164.37,RUNNING,0
164.44,0,164.44,RUNNING,0
164.51,0,164.51,RUNNING,0
164.57,0,164.57,RUNNING,0
164.64,0,164.64,RUNNING,0
164.71,0,164.71,RUNNING,0
164.77,0,164.77,RUNNING,0
164.84,0,164.84,RUNNING,0
164.9,0,164.9,RUNNING,0
164.97,0,164.97,RUNNING,0
165.04,0,165.04,RUNNING,0
165.11,0,165.11,RUNNING,0
165.17,0,165.17,RUNNING,0
165.24,0,165.24,RUNNING,0
165.3,0,165.3,RUNNING,0
165.37,0,165.37,RUNNING,0
165.44,0,165.44,RUNNING,0
165.5,0,165.5,RUNNING,0
165.57,0,165.57,RUNNING,0
165.64,0,165.64,RUNNING,0
165.7,0,165.7,RUNNING,0
165.77,0,165.77,RUNNING,0
165.84,0,165.84,RUNNING,0
165.9,0,165.9,RUNNING,0
165.97,0,165.97,RUNNING,0
166.04,0,166.04,RUNNING,0
166.1,0,166.1,RUNNING,0
166.17,0,166.17,RUNNING,0
166.24,0,166.24,RUNNING,0
166.3,0,166.3,RUNNING,0
166.37,0,166.37,RUNNING,0
166.43,0,166.43,RUNNING,0
166.5,0,166.5,RUNNING,0
166.57,0,166.57,RUNNING,0
166.63,0,166.63,RUNNING,0
166.7,0,166.7,RUNNING,0
166.77,0,166.77,RUNNING,0
166.83,0,166.83,RUNNING,0
166.9,0,166.9,RUNNING,0
166.97,0,166.97,RUNNING,0
167.03,0,167.03,RUNNING,0
167.1,0,167.1,RUNNING,0
167.17,0,167.17,RUNNING,0
167.24,0,167.24,RUNNING,0
167.3,0,167.3,RUNNING,0
167.37,0,167.37,RUNNING,0
167.43,0,167.43,RUNNING,0
167.5,0,167.5,RUNNING,0
167.57,0,167.57,RUNNING,0
167.63,0,167.63,RUNNING,0
167.7,0,167.7,RUNNING,0
167.78,0,167.78,RUNNING,0
167.84,0,167.84,RUNNING,0
167.91,0,167.91,RUNNING,0
167.97,0,167.97,RUNNING,0
168.04,0,168.04,RUNNING,0
168.11,0,168.11,RUNNING,0
168.17,0,168.17,RUNNING,0
168.24,0,168.24,RUNNING,0
168.31,0,168.31,RUNNING,0
168.37,0,168.37,RUNNING,0
168.44,0,168.44,RUNNING,0
168.5,0,168.5,RUNNING,0
168.57,0,168.57,RUNNING,0
168.64,0,168.64,RUNNING,0
168.7,0,168.7,RUNNING,0
168.77,0,168.77,RUNNING,0
168.83,0,168.83,RUNNING,0
168.9,0,168.9,RUNNING,0
168.96,0,168.96,RUNNING,0
169.03,0,169.03,RUNNING,0
169.1,0,169.1,RUNNING,0
169.16,0,169.16,RUNNING,0
169.23,0,169.23,RUNNING,0
169.3,0,169.3,RUNNING,0
169.36,0,169.36,RUNNING,0
169.43,0,169.43,RUNNING,0
169.49,0,169.49,RUNNING,0
169.56,0,169.56,RUNNING,0
169.63,0,169.63,RUNNING,0
169.69,0,169.69,RUNNING,0
169.76,0,169.76,RUNNING,0
169.82,0,169.82,RUNNING,0
169.89,0,169.89,RUNNING,0
169.96,0,169.96,RUNNING,0
170.02,0,170.02,RUNNING,0
170.09,0,170.09,RUNNING,0
170.15,0,170.15,RUNNING,0
170.22,0,170.22,RUNNING,0
170.29,0,170.29,RUNNING,0
170.35,0,170.35,RUNNING,0
170.42,0,170.42,RUNNING,0
170.49,0,170.49,RUNNING,0
170.55,0,170.55,RUNNING,0
170.62,0,170.62,RUNNING,0
170.69,0,170.69,RUNNING,0
170.75,0,170.75,RUNNING,0
170.82,0,170.82,RUNNING,0
170.88,0,170.88,RUNNING,0
170.95,0,170.95,RUNNING,0
171.02,0,171.02,RUNNING,0
171.08,0,171.08,RUNNING,0
171.15,0,171.15,RUNNING,0
171.22,0,171.22,RUNNING,0
171.28,0,171.28,RUNNING,0
171.35,0,171.35,RUNNING,0
171.42,0,171.42,RUNNING,0
171.48,0,171.48,RUNNING,0
171.55,0,171.55,RUNNING,0
171.62,0,171.62,RUNNING,0
171.68,0,171.68,RUNNING,0
171.75,0,171.75,RUNNING,0
171.81,0,171.81,RUNNING,0
171.88,0,171.88,RUNNING,0
171.95,0,171.95,RUNNING,0
172.01,0,172.01,RUNNING,0
172.08,0,172.08,RUNNING,0
172.15,0,172.15,RUNNING,0
172.21,0,172.21,RUNNING,0
172.28,0,172.28,RUNNING,0
172.35,0,172.35,RUNNING,0
172.41,0,172.41,RUNNING,0
172.48,0,172.48,RUNNING,0
172.55,0,172.55,RUNNING,0
172.61,0,172.61,RUNNING,0
172.68,0,172.68,RUNNING,0
172.75,0,172.75,RUNNING,0
172.81,0,172.81,RUNNING,0
172.88,0,172.88,RUNNING,0
172.95,0,172.95,RUNNING,0
173.01,0,173.01,RUNNING,0
173.08,0,173.08,RUNNING,0
173.15,0,173.15,RUNNING,0
173.21,0,173.21,RUNNING,0
173.28,0,173.28,RUNNING,0
173.34,0,173.34,RUNNING,0
173.41,0,173.41,RUNNING,0
173.48,0,173.48,RUNNING,0
173.55,0,173.55,RUNNING,0
173.61,0,173.61,RUNNING,0
173.68,0,173.68,RUNNING,0
173.75,0,173.75,RUNNING,0
173.81,0,173.81,RUNNING,0
173.88,0,173.88,RUNNING,0
173.95,0,173.95,RUNNING,0
174.01,0,174.01,RUNNING,0
174.09,0,174.09,RUNNING,0
174.15,0,174.15,RUNNING,0
174.22,0,174.22,RUNNING,0
174.28,0,174.28,RUNNING,0
174.35,0,174.35,RUNNING,0
174.41,0,174.41,RUNNING,0
174.48,0,174.48,RUNNING,0
174.55,0,174.55,RUNNING,0
174.61,0,174.61,RUNNING,0
174.68,0,174.68,RUNNING,0
174.75,0,174.75,RUNNING,0
174.81,0,174.81,RUNNING,0
174.88,0,174.88,RUNNING,0
174.94,0,174.94,RUNNING,0
175.01,0,175.01,RUNNING,0
175.08,0,175.08,RUNNING,0
175.14,0,175.14,RUNNING,0
175.21,0,175.21,RUNNING,0
175.27,0,175.27,RUNNING,0
175.34,0,175.34,RUNNING,0
175.41,0,175.41,RUNNING,0
175.47,0,175.47,RUNNING,0
175.54,0,175.54,RUNNING,0
175.61,0,175.61,RUNNING,0
175.67,0,175.67,RUNNING,0
175.74,0,175.74,RUNNING,0
175.81,0,175.81,RUNNING,0
175.87,0,175.87,RUNNING,0
175.94,0,175.94,RUNNING,0
176.0,0,176.0,RUNNING,0
176.07,0,176.07,RUNNING,0
176.14,0,176.14,RUNNING,0
176.2,0,176.2,RUNNING,0
176.27,0,176.27,RUNNING,0
176.33,0,176.33,RUNNING,0
176.4,0,176.4,RUNNING,0
176.47,0,176.47,RUNNING,0
176.53,0,176.53,RUNNING,0
176.6,0,176.6,RUNNING,0
176.66,0,176.66,RUNNING,0
176.73,0,176.73,RUNNING,0
176.8,0,176.8,RUNNING,0
176.86,0,176.86,RUNNING,0
176.93,0,176.93,RUNNING,0
177.0,0,177.0,RUNNING,0
177.06,0,177.06,RUNNING,0
177.13,0,177.13,RUNNING,0
177.2,0,177.2,RUNNING,0
177.26,0,177.26,RUNNING,0
177.33,0,177.33,RUNNING,0
177.39,0,177.39,RUNNING,0
177.46,0,177.46,RUNNING,0
177.53,0,177.53,RUNNING,0
177.59,0,177.59,RUNNING,0
177.66,0,177.66,RUNNING,0
177.73,0,177.73,RUNNING,0
177.79,0,177.79,RUNNING,0
177.86,0,177.86,RUNNING,0
177.93,0,177.93,RUNNING,0
177.99,0,177.99,RUNNING,0
178.06,0,178.06,RUNNING,0
178.12,0,178.12,RUNNING,0
178.19,0,178.19,RUNNING,0
178.26,0,178.26,RUNNING,0
178.32,0,178.32,RUNNING,0
178.39,0,178.39,RUNNING,0
178.46,0,178.46,RUNNING,0
178.52,0,178.52,RUNNING,0
178.59,0,178.59,RUNNING,0
178.66,0,178.66,RUNNING,0
178.72,0,178.72,RUNNING,0
178.79,0,178.79,RUNNING,0
178.86,0,178.86,RUNNING,0
178.92,0,178.92,RUNNING,0
178.99,0,178.99,RUNNING,0
179.06,0,179.06,RUNNING,0
179.12,0,179.12,RUNNING,0
179.19,0,179.19,RUNNING,0
179.26,0,179.26,RUNNING,0
179.32,0,179.32,RUNNING,0
179.39,0,179.39,RUNNING,0
179.46,0,179.46,RUNNING,0
179.52,0,179.52,RUNNING,0
179.59,0,179.59,RUNNING,0
179.66,0,179.66,RUNNING,0
179.72,0,179.72,RUNNING,0
179.79,0,179.79,RUNNING,0
179.86,0,179.86,RUNNING,0
179.92,0,179.92,RUNNING,0
179.99,0,179.99,RUNNING,0
180.06,1,180.06,RUNNING,0
180.13,1,180.13,RUNNING,0
180.19,1,180.19,RUNNING,0
180.26,1,180.26,RUNNING,0
180.33,1,180.33,RUNNING,0
180.4,1,180.4,RUNNING,0
180.46,1,180.46,RUNNING,0
180.53,1,180.53,RUNNING,0
180.6,1,180.6,RUNNING,0
180.66,1,180.66,RUNNING,0
180.73,1,180.73,RUNNING,0
180.79,1,180.79,RUNNING,0
180.86,1,180.86,RUNNING,0
180.93,1,180.93,RUNNING,0
180.99,1,180.99,RUNNING,0
181.06,1,181.06,RUNNING,0
181.13,1,181.13,RUNNING,0
181.19,1,181.19,RUNNING,0
181.26,1,181.26,RUNNING,0
181.32,1,181.32,RUNNING,0
181.39,1,181.39,RUNNING,0
181.46,1,181.46,RUNNING,0
181.52,1,181.52,RUNNING,0
181.59,1,181.59,RUNNING,0
181.65,1,181.65,RUNNING,0
181.72,1,181.72,RUNNING,0
181.79,1,181.79,RUNNING,0
181.85,1,181.85,RUNNING,0
181.92,1,181.92,RUNNING,0
181.98,1,181.98,RUNNING,0
182.05,1,182.05,RUNNING,0
182.12,1,182.12,RUNNING,0
182.18,1,182.18,RUNNING,0
182.25,1,182.25,RUNNING,0
182.32,1,182.32,RUNNING,0
182.38,1,182.38,RUNNING,0
182.45,1,182.45,RUNNING,0
182.52,1,182.52,RUNNING,0
182.58,1,182.58,RUNNING,0
182.65,1,182.65,RUNNING,0
182.71,1,182.71,RUNNING,0
182.78,1,182.78,RUNNING,0
182.85,1,182.85,RUNNING,0
182.91,1,182.91,RUNNING,0
182.98,1,182.98,RUNNING,0
183.05,1,183.05,RUNNING,0
183.11,1,183.11,RUNNING,0
183.18,1,183.18,RUNNING,0
183.24,1,183.24,RUNNING,0
183.31,1,183.31,RUNNING,0
183.38,1,183.38,RUNNING,0
183.44,1,183.44,RUNNING,0
183.51,1,183.51,RUNNING,0
183.58,1,183.58,RUNNING,0
183.64,1,183.64,RUNNING,0
183.71,1,183.71,RUNNING,0
183.78,1,183.78,RUNNING,0
183.84,1,183.84,RUNNING,0
183.91,1,183.91,RUNNING,0
183.98,1,183.98,RUNNING,0
184.04,1,184.04,RUNNING,0
184.11,1,184.11,RUNNING,0
184.18,1,184.18,RUNNING,0
184.24,1,184.24,RUNNING,0
184.31,1,184.31,RUNNING,0
184.37,1,184.37,RUNNING,0
184.44,1,184.44,RUNNING,0
184.51,1,184.51,RUNNING,0
184.57,1,184.57,RUNNING,0
184.64,1,184.64,RUNNING,0
184.71,1,184.71,RUNNING,0
184.77,1,184.77,RUNNING,0
184.84,1,184.84,RUNNING,0
184.91,1,184.91,RUNNING,0
184.97,1,184.97,RUNNING,0
185.04,1,185.04,RUNNING,0
185.11,1,185.11,RUNNING,0
185.17,1,185.17,RUNNING,0
185.24,1,185.24,RUNNING,0
185.3,1,185.3,RUNNING,0
185.37,1,185.37,RUNNING,0
185.44,1,185.44,RUNNING,0
185.5,1,185.5,RUNNING,0
185.57,1,185.57,RUNNING,0
185.64,1,185.64,RUNNING,0
185.7,1,185.7,RUNNING,0
185.77,1,185.77,RUNNING,0
185.84,1,185.84,RUNNING,0
185.9,1,185.9,RUNNING,0
185.97,1,185.97,RUNNING,0
186.04,1,186.04,RUNNING,0
186.1,1,186.1,RUNNING,0
186.17,1,186.17,RUNNING,0
186.24,1,186.24,RUNNING,0
186.3,1,186.3,RUNNING,0
186.37,1,186.37,RUNNING,0
186.44,1,186.44,RUNNING,0
186.5,1,186.5,RUNNING,0
186.57,1,186.57,RUNNING,0
186.64,1,186.64,RUNNING,0
186.7,1,186.7,RUNNING,0
186.78,1,186.78,RUNNING,0
186.84,1,186.84,RUNNING,0
186.91,1,186.91,RUNNING,0
186.98,1,186.98,RUNNING,0
187.04,1,187.04,RUNNING,0
187.11,1,187.11,RUNNING,0
187.17,1,187.17,RUNNING,0
187.24,1,187.24,RUNNING,0
187.31,1,187.31,RUNNING,0
187.37,1,187.37,RUNNING,0
187.44,1,187.44,RUNNING,0
187.5,1,187.5,RUNNING,0
187.57,1,187.57,RUNNING,0
187.64,1,187.64,RUNNING,0
187.7,1,187.7,RUNNING,0
187.77,1,187.77,RUNNING,0
187.84,1,187.84,RUNNING,0
187.9,1,187.9,RUNNING,0
187.97,1,187.97,RUNNING,0
188.03,1,188.03,RUNNING,0
188.1,1,188.1,RUNNING,0
188.17,1,188.17,RUNNING,0
188.23,1,188.23,RUNNING,0
188.3,1,188.3,RUNNING,0
188.37,1,188.37,RUNNING,0
188.43,1,188.43,RUNNING,0
188.5,1,188.5,RUNNING,0
188.56,1,188.56,RUNNING,0
188.63,1,188.63,RUNNING,0
188.7,1,188.7,RUNNING,0
188.76,1,188.76,RUNNING,0
188.83,1,188.83,RUNNING,0
188.9,1,188.9,RUNNING,0
188.96,1,188.96,RUNNING,0
189.03,1,189.03,RUNNING,0
189.09,1,189.09,RUNNING,0
189.16,1,189.16,RUNNING,0
189.23,1,189.23,RUNNING,0
189.3,1,189.3,RUNNING,0
189.37,1,189.37,RUNNING,0
189.43,1,189.43,RUNNING,0
189.5,1,189.5,RUNNING,0
189.57,1,189.57,RUNNING,0
189.63,1,189.63,RUNNING,0
189.7,1,189.7,RUNNING,0
189.76,1,189.76,RUNNING,0
189.83,1,189.83,RUNNING,0
189.9,1,189.9,RUNNING,0
189.96,1,189.96,RUNNING,0
190.03,1,190.03,RUNNING,0
190.09,1,190.09,RUNNING,0
190.16,1,190.16,RUNNING,0
190.23,1,190.23,RUNNING,0
190.29,1,190.29,RUNNING,0
190.36,1,190.36,RUNNING,0
190.42,1,190.42,RUNNING,0
190.49,1,190.49,RUNNING,0
190.56,1,190.56,RUNNING,0
190.62,1,190.62,RUNNING,0
190.69,1,190.69,RUNNING,0
190.76,1,190.76,RUNNING,0
190.82,1,190.82,RUNNING,0
190.89,1,190.89,RUNNING,0
190.96,1,190.96,RUNNING,0
191.02,1,191.02,RUNNING,0
191.09,1,191.09,RUNNING,0
191.15,1,191.15,RUNNING,0
191.22,1,191.22,RUNNING,0
191.29,1,191.29,RUNNING,0
191.35,1,191.35,RUNNING,0
191.42,1,191.42,RUNNING,0
191.49,1,191.49,RUNNING,0
191.55,1,191.55,RUNNING,0
191.62,1,191.62,RUNNING,0
191.69,1,191.69,RUNNING,0
191.75,1,191.75,RUNNING,0
191.82,1,191.82,RUNNING,0
191.88,1,191.88,RUNNING,0
191.95,1,191.95,RUNNING,0
192.02,1,192.02,RUNNING,0
192.08,1,192.08,RUNNING,0
192.15,1,192.15,RUNNING,0
192.22,1,192.22,RUNNING,0
192.28,1,192.28,RUNNING,0
192.35,1,192.35,RUNNING,0
192.41,1,192.41,RUNNING,0
192.48,1,192.48,RUNNING,0
192.55,1,192.55,RUNNING,0
192.61,1,192.61,RUNNING,0
192.68,1,192.68,RUNNING,0
192.75,1,192.75,RUNNING,0
192.81,1,192.81,RUNNING,0
192.88,1,192.88,RUNNING,0
192.95,1,192.95,RUNNING,0
193.01,1,193.01,RUNNING,0
193.08,1,193.08,RUNNING,0
193.15,1,193.15,RUNNING,0
193.21,1,193.21,RUNNING,0
193.28,1,193.28,RUNNING,0
193.35,1,193.35,RUNNING,0
193.41,1,193.41,RUNNING,0
193.48,1,193.48,RUNNING,0
193.55,1,193.55,RUNNING,0
193.61,1,193.61,RUNNING,0
193.68,1,193.68,RUNNING,0
193.75,1,193.75,RUNNING,0
193.81,1,193.81,RUNNING,0
193.88,1,193.88,RUNNING,0
193.95,1,193.95,RUNNING,0
194.01,1,194.01,RUNNING,0
194.08,1,194.08,RUNNING,0
194.15,1,194.15,RUNNING,0
194.21,1,194.21,RUNNING,0
194.28,1,194.28,RUNNING,0
194.35,1,194.35,RUNNING,0
194.41,1,194.41,RUNNING,0
194.48,1,194.48,RUNNING,0
194.55,1,194.55,RUNNING,0
194.61,1,194.61,RUNNING,0
194.68,1,194.68,RUNNING,0
194.75,1,194.75,RUNNING,0
194.81,1,194.81,RUNNING,0
194.88,1,194.88,RUNNING,0
194.95,1,194.95,RUNNING,0
195.01,1,195.01,RUNNING,0
195.08,1,195.08,RUNNING,0
195.15,1,195.15,RUNNING,0
195.21,1,195.21,RUNNING,0
195.28,1,195.28,RUNNING,0
195.35,1,195.35,RUNNING,0
195.41,1,195.41,RUNNING,0
195.48,1,195.48,RUNNING,0
195.55,1,195.55,RUNNING,0
195.62,1,195.62,RUNNING,0
195.68,1,195.68,RUNNING,0
195.75,1,195.75,RUNNING,0
195.82,1,195.82,RUNNING,0
195.89,1,195.89,RUNNING,0
195.95,1,195.95,RUNNING,0
196.02,1,196.02,RUNNING,0
196.09,1,196.09,RUNNING,0
196.15,1,196.15,RUNNING,0
196.22,1,196.22,RUNNING,0
196.28,1,196.28,RUNNING,0
196.35,1,196.35,RUNNING,0
196.42,1,196.42,RUNNING,0
196.48,1,196.48,RUNNING,0
196.55,1,196.55,RUNNING,0
196.61,1,196.61,RUNNING,0
196.68,1,196.68,RUNNING,0
196.75,1,196.75,RUNNING,0
196.81,1,196.81,RUNNING,0
196.88,1,196.88,RUNNING,0
196.95,1,196.95,RUNNING,0
197.01,1,197.01,RUNNING,0
197.08,1,197.08,RUNNING,0
197.14,1,197.14,RUNNING,0
197.21,1,197.21,RUNNING,0
197.28,1,197.28,RUNNING,0
197.34,1,197.34,RUNNING,0
197.41,1,197.41,RUNNING,0
197.48,1,197.48,RUNNING,0
197.54,1,197.54,RUNNING,0
197.61,1,197.61,RUNNING,0
197.67,1,197.67,RUNNING,0
197.74,1,197.74,RUNNING,0
197.81,1,197.81,RUNNING,0
197.87,1,197.87,RUNNING,0
197.94,1,197.94,RUNNING,0
198.01,1,198.01,RUNNING,0
198.07,1,198.07,RUNNING,0
198.14,1,198.14,RUNNING,0
198.2,1,198.2,RUNNING,0
198.27,1,198.27,RUNNING,0
198.34,1,198.34,RUNNING,0
198.4,1,198.4,RUNNING,0
198.47,1,198.47,RUNNING,0
198.54,1,198.54,RUNNING,0
198.6,1,198.6,RUNNING,0
198.67,1,198.67,RUNNING,0
198.74,1,198.74,RUNNING,0
198.8,1,198.8,RUNNING,0
198.87,1,198.87,RUNNING,0
198.94,1,198.94,RUNNING,0
199.0,1,199.0,RUNNING,0
199.07,1,199.07,RUNNING,0
199.14,1,199.14,RUNNING,0
199.2,1,199.2,RUNNING,0
199.27,1,199.27,RUNNING,0
199.34,1,199.34,RUNNING,0
199.4,1,199.4,RUNNING,0
199.47,1,199.47,RUNNING,0
199.53,1,199.53,RUNNING,0
199.6,1,199.6,RUNNING,0
199.67,1,199.67,RUNNING,0
199.73,1,199.73,RUNNING,0
199.8,1,199.8,RUNNING,0
199.87,1,199.87,RUNNING,0
199.93,1,199.93,RUNNING,0
200.0,1,200.0,RUNNING,0
200.07,1,200.07,RUNNING,0
200.13,1,200.13,RUNNING,0
200.2,1,200.2,RUNNING,0
200.27,1,200.27,RUNNING,0
200.33,1,200.33,RUNNING,0
200.4,1,200.4,RUNNING,0
200.47,1,200.47,RUNNING,0
200.53,1,200.53,RUNNING,0
200.6,1,200.6,RUNNING,0
200.67,1,200.67,RUNNING,0
200.73,1,200.73,RUNNING,0
200.8,1,200.8,RUNNING,0
200.87,1,200.87,RUNNING,0
200.93,1,200.93,RUNNING,0
201.0,1,201.0,RUNNING,0
201.07,1,201.07,RUNNING,0
201.13,1,201.13,RUNNING,0
201.2,1,201.2,RUNNING,0
201.27,1,201.27,RUNNING,0
201.34,1,201.34,RUNNING,0
201.4,1,201.4,RUNNING,0
201.47,1,201.47,RUNNING,0
201.54,1,201.54,RUNNING,0
201.6,1,201.6,RUNNING,0
201.67,1,201.67,RUNNING,0
201.74,1,201.74,RUNNING,0
201.8,1,201.8,RUNNING,0
201.87,1,201.87,RUNNING,0
201.94,1,201.94,RUNNING,0
202.0,1,202.0,RUNNING,0
202.07,1,202.07,RUNNING,0
202.14,1,202.14,RUNNING,0
202.2,1,202.2,RUNNING,0
202.27,1,202.27,RUNNING,0
202.35,1,202.35,RUNNING,0
202.41,1,202.41,RUNNING,0
202.48,1,202.48,RUNNING,0
202.55,1,202.55,RUNNING,0
202.61,1,202.61,RUNNING,0
202.68,1,202.68,RUNNING,0
202.74,1,202.74,RUNNING,0
202.81,1,202.81,RUNNING,0
202.88,1,202.88,RUNNING,0
202.94,1,202.94,RUNNING,0
203.01,1,203.01,RUNNING,0
203.07,1,203.07,RUNNING,0
203.14,1,203.14,RUNNING,0
203.21,1,203.21,RUNNING,0
203.27,1,203.27,RUNNING,0
203.34,1,203.34,RUNNING,0
203.41,1,203.41,RUNNING,0
203.47,1,203.47,RUNNING,0
203.54,1,203.54,RUNNING,0
203.6,1,203.6,RUNNING,0
203.67,1,203.67,RUNNING,0
203.74,1,203.74,RUNNING,0
203.8,1,203.8,RUNNING,0
203.87,1,203.87,RUNNING,0
203.93,1,203.93,RUNNING,0
204.0,1,204.0,RUNNING,0
204.07,1,204.07,RUNNING,0
204.13,1,204.13,RUNNING,0
204.2,1,204.2,RUNNING,0
204.27,1,204.27,RUNNING,0
204.33,1,204.33,RUNNING,0
204.4,1,204.4,RUNNING,0
204.46,1,204.46,RUNNING,0
204.53,1,204.53,RUNNING,0
204.6,1,204.6,RUNNING,0
204.66,1,204.66,RUNNING,0
204.73,1,204.73,RUNNING,0
204.8,1,204.8,RUNNING,0
204.86,1,204.86,RUNNING,0
204.93,1,204.93,RUNNING,0
204.99,1,204.99,RUNNING,0
205.06,1,205.06,RUNNING,0
205.13,1,205.13,RUNNING,0
205.19,1,205.19,RUNNING,0
205.26,1,205.26,RUNNING,0
205.33,1,205.33,RUNNING,0
205.39,1,205.39,RUNNING,0
205.46,1,205.46,RUNNING,0
205.53,1,205.53,RUNNING,0
205.59,1,205.59,RUNNING,0
205.66,1,205.66,RUNNING,0
205.73,1,205.73,RUNNING,0
205.79,1,205.79,RUNNING,0
205.86,1,205.86,RUNNING,0
205.92,1,205.92,RUNNING,0
205.99,1,205.99,RUNNING,0
206.06,1,206.06,RUNNING,0
206.13,1,206.13,RUNNING,0
206.19,1,206.19,RUNNING,0
206.26,1,206.26,RUNNING,0
206.32,1,206.32,RUNNING,0
206.39,1,206.39,RUNNING,0
206.46,1,206.46,RUNNING,0
206.52,1,206.52,RUNNING,0
206.59,1,206.59,RUNNING,0
206.66,1,206.66,RUNNING,0
206.72,1,206.72,RUNNING,0
206.79,1,206.79,RUNNING,0
206.86,1,206.86,RUNNING,0
206.92,1,206.92,RUNNING,0
206.99,1,206.99,RUNNING,0
207.06,1,207.06,RUNNING,0
207.12,1,207.12,RUNNING,0
207.19,1,207.19,RUNNING,0
207.26,1,207.26,RUNNING,0
207.32,1,207.32,RUNNING,0
207.39,1,207.39,RUNNING,0
207.46,1,207.46,RUNNING,0
207.52,1,207.52,RUNNING,0
207.59,1,207.59,RUNNING,0
207.66,1,207.66,RUNNING,0
207.72,1,207.72,RUNNING,0
207.79,1,207.79,RUNNING,0
207.86,1,207.86,RUNNING,0
207.92,1,207.92,RUNNING,0
207.99,1,207.99,RUNNING,0
208.06,1,208.06,RUNNING,0
208.13,1,208.13,RUNNING,0
208.19,1,208.19,RUNNING,0
208.26,1,208.26,RUNNING,0
208.33,1,208.33,RUNNING,0
208.39,1,208.39,RUNNING,0
208.46,1,208.46,RUNNING,0
208.53,1,208.53,RUNNING,0
208.59,1,208.59,RUNNING,0
208.66,1,208.66,RUNNING,0
208.73,1,208.73,RUNNING,0
208.79,1,208.79,RUNNING,0
208.86,1,208.86,RUNNING,0
208.93,1,208.93,RUNNING,0
209.0,1,209.0,RUNNING,0
209.07,1,209.07,RUNNING,0
209.13,1,209.13,RUNNING,0
209.2,1,209.2,RUNNING,0
209.27,1,209.27,RUNNING,0
209.33,1,209.33,RUNNING,0
209.4,1,209.4,RUNNING,0
209.46,1,209.46,RUNNING,0
209.53,1,209.53,RUNNING,0
209.6,1,209.6,RUNNING,0
209.66,1,209.66,RUNNING,0
209.73,1,209.73,RUNNING,0
209.79,1,209.79,RUNNING,0
209.86,1,209.86,RUNNING,0
209.93,1,209.93,RUNNING,0
209.99,1,209.99,RUNNING,0
210.06,1,210.06,RUNNING,0
210.13,2,210.13,RUNNING,0
210.19,2,210.19,RUNNING,0
210.26,2,210.26,RUNNING,0
210.32,2,210.32,RUNNING,0
210.39,2,210.39,RUNNING,0
210.46,2,210.46,RUNNING,0
210.52,2,210.52,RUNNING,0
210.59,2,210.59,RUNNING,0
210.66,2,210.66,RUNNING,0
210.72,2,210.72,RUNNING,0
210.79,2,210.79,RUNNING,0
210.85,2,210.85,RUNNING,0
210.92,2,210.92,RUNNING,0
210.99,2,210.99,RUNNING,0
211.05,2,211.05,RUNNING,0
211.12,2,211.12,RUNNING,0
211.19,2,211.19,RUNNING,0
211.25,2,211.25,RUNNING,0
211.32,2,211.32,RUNNING,0
211.38,2,211.38,RUNNING,0
211.45,2,211.45,RUNNING,0
211.52,2,211.52,RUNNING,0
211.58,2,211.58,RUNNING,0
211.65,2,211.65,RUNNING,0
211.72,2,211.72,RUNNING,0
211.78,2,211.78,RUNNING,0
211.85,2,211.85,RUNNING,0
211.92,2,211.92,RUNNING,0
211.98,2,211.98,RUNNING,0
212.05,2,212.05,RUNNING,0
212.12,2,212.12,RUNNING,0
212.18,2,212.18,RUNNING,0
212.25,2,212.25,RUNNING,0
212.32,2,212.32,RUNNING,0
212.38,2,212.38,RUNNING,0
212.45,2,212.45,RUNNING,0
212.52,2,212.52,RUNNING,0
212.58,2,212.58,RUNNING,0
212.65,2,212.65,RUNNING,0
212.72,2,212.72,RUNNING,0
212.78,2,212.78,RUNNING,0
212.85,2,212.85,RUNNING,0
212.92,2,212.92,RUNNING,0
212.98,2,212.98,RUNNING,0
213.05,2,213.05,RUNNING,0
213.11,2,213.11,RUNNING,0
213.18,2,213.18,RUNNING,0
213.25,2,213.25,RUNNING,0
213.31,2,213.31,RUNNING,0
213.38,2,213.38,RUNNING,0
213.44,2,213.44,RUNNING,0
213.51,2,213.51,RUNNING,0
213.58,2,213.58,RUNNING,0
213.64,2,213.64,RUNNING,0
213.71,2,213.71,RUNNING,0
213.78,2,213.78,RUNNING,0
213.84,2,213.84,RUNNING,0
213.91,2,213.91,RUNNING,0
213.97,2,213.97,RUNNING,0
214.04,2,214.04,RUNNING,0
214.11,2,214.11,RUNNING,0
214.17,2,214.17,RUNNING,0
214.24,2,214.24,RUNNING,0
214.31,2,214.31,RUNNING,0
214.37,2,214.37,RUNNING,0
214.44,2,214.44,RUNNING,0
214.5,2,214.5,RUNNING,0
214.57,2,214.57,RUNNING,0
214.64,2,214.64,RUNNING,0
214.7,2,214.7,RUNNING,0
214.77,2,214.77,RUNNING,0
214.83,2,214.83,RUNNING,0
214.9,2,214.9,RUNNING,0
214.97,2,214.97,RUNNING,0
215.03,2,215.03,RUNNING,0
215.1,2,215.1,RUNNING,0
215.16,2,215.16,RUNNING,0
215.23,2,215.23,RUNNING,0
215.29,2,215.29,RUNNING,0
215.36,2,215.36,RUNNING,0
215.43,2,215.43,RUNNING,0
215.49,2,215.49,RUNNING,0
215.56,2,215.56,RUNNING,0
215.63,2,215.63,RUNNING,0
215.7,2,215.7,RUNNING,0
215.76,2,215.76,RUNNING,0
215.83,2,215.83,RUNNING,0
215.89,2,215.89,RUNNING,0
215.96,2,215.96,RUNNING,0
216.02,2,216.02,RUNNING,0
216.09,2,216.09,RUNNING,0
216.16,2,216.16,RUNNING,0
216.22,2,216.22,RUNNING,0
216.29,2,216.29,RUNNING,0
216.35,2,216.35,RUNNING,0
216.42,2,216.42,RUNNING,0
216.48,2,216.48,RUNNING,0
216.55,2,216.55,RUNNING,0
216.61,2,216.61,RUNNING,0
216.68,2,216.68,RUNNING,0
216.75,2,216.75,RUNNING,0
216.81,2,216.81,RUNNING,0
216.88,2,216.88,RUNNING,0
216.94,2,216.94,RUNNING,0
217.01,2,217.01,RUNNING,0
217.08,2,217.08,RUNNING,0
217.14,2,217.14,RUNNING,0
217.21,2,217.21,RUNNING,0
217.27,2,217.27,RUNNING,0
217.34,2,217.34,RUNNING,0
217.4,2,217.4,RUNNING,0
217.47,2,217.47,RUNNING,0
217.54,2,217.54,RUNNING,0
217.6,2,217.6,RUNNING,0
217.67,2,217.67,RUNNING,0
217.74,2,217.74,RUNNING,0
217.8,2,217.8,RUNNING,0
217.87,2,217.87,RUNNING,0
217.94,2,217.94,RUNNING,0
218.0,2,218.0,RUNNING,0
218.07,2,218.07,RUNNING,0
218.14,2,218.14,RUNNING,0
218.2,2,218.2,RUNNING,0
218.27,2,218.27,RUNNING,0
218.34,2,218.34,RUNNING,0
218.4,2,218.4,RUNNING,0
218.47,2,218.47,RUNNING,0
218.54,2,218.54,RUNNING,0
218.6,2,218.6,RUNNING,0
218.67,2,218.67,RUNNING,0
218.74,2,218.74,RUNNING,0
218.8,2,218.8,RUNNING,0
218.87,2,218.87,RUNNING,0
218.94,2,218.94,RUNNING,0
219.0,2,219.0,RUNNING,0
219.07,2,219.07,RUNNING,0
219.14,2,219.14,RUNNING,0
219.2,2,219.2,RUNNING,0
219.27,2,219.27,RUNNING,0
219.34,2,219.34,RUNNING,0
219.4,2,219.4,RUNNING,0
219.47,2,219.47,RUNNING,0
219.54,2,219.54,RUNNING,0
219.6,2,219.6,RUNNING,0
219.67,2,219.67,RUNNING,0
219.74,2,219.74,RUNNING,0
219.8,2,219.8,RUNNING,0
219.87,2,219.87,RUNNING,0
219.94,2,219.94,RUNNING,0
220.0,2,220.0,RUNNING,0
220.07,2,220.07,RUNNING,0
220.14,2,220.14,RUNNING,0
220.2,2,220.2,RUNNING,0
220.27,2,220.27,RUNNING,0
220.34,2,220.34,RUNNING,0
220.4,2,220.4,RUNNING,0
220.47,2,220.47,RUNNING,0
220.54,2,220.54,RUNNING,0
220.6,2,220.6,RUNNING,0
220.67,2,220.67,RUNNING,0
220.74,2,220.74,RUNNING,0
220.8,2,220.8,RUNNING,0
220.87,2,220.87,RUNNING,0
220.94,2,220.94,RUNNING,0
221.0,2,221.0,RUNNING,0
221.07,2,221.07,RUNNING,0
221.14,2,221.14,RUNNING,0
221.2,2,221.2,RUNNING,0
221.27,2,221.27,RUNNING,0
221.34,2,221.34,RUNNING,0
221.4,2,221.4,RUNNING,0
221.47,2,221.47,RUNNING,0
221.54,2,221.54,RUNNING,0
221.6,2,221.6,RUNNING,0
221.67,2,221.67,RUNNING,0
221.74,2,221.74,RUNNING,0
221.8,2,221.8,RUNNING,0
221.87,2,221.87,RUNNING,0
221.94,2,221.94,RUNNING,0
222.01,2,222.01,RUNNING,0
222.07,2,222.07,RUNNING,0
222.15,2,222.15,RUNNING,0
222.21,2,222.21,RUNNING,0
222.28,2,222.28,RUNNING,0
222.34,2,222.34,RUNNING,0
222.41,2,222.41,RUNNING,0
222.48,2,222.48,RUNNING,0
222.54,2,222.54,RUNNING,0
222.61,2,222.61,RUNNING,0
222.68,2,222.68,RUNNING,0
222.74,2,222.74,RUNNING,0
222.81,2,222.81,RUNNING,0
222.87,2,222.87,RUNNING,0
222.94,2,222.94,RUNNING,0
223.01,2,223.01,RUNNING,0
223.07,2,223.07,RUNNING,0
223.15,2,223.15,RUNNING,0
223.21,2,223.21,RUNNING,0
223.28,2,223.28,RUNNING,0
223.35,2,223.35,RUNNING,0
223.41,2,223.41,RUNNING,0
223.48,2,223.48,RUNNING,0
223.55,2,223.55,RUNNING,0
223.61,2,223.61,RUNNING,0
223.68,2,223.68,RUNNING,0
223.74,2,223.74,RUNNING,0
223.81,2,223.81,RUNNING,0
223.88,2,223.88,RUNNING,0
223.94,2,223.94,RUNNING,0
224.01,2,224.01,RUNNING,0
224.08,2,224.08,RUNNING,0
224.14,2,224.14,RUNNING,0
224.21,2,224.21,RUNNING,0
224.28,2,224.28,RUNNING,0
224.34,2,224.34,RUNNING,0
224.41,2,224.41,RUNNING,0
224.48,2,224.48,RUNNING,0
224.54,2,224.54,RUNNING,0
224.61,2,224.61,RUNNING,0
224.67,2,224.67,RUNNING,0
224.74,2,224.74,RUNNING,0
224.81,2,224.81,RUNNING,0
224.87,2,224.87,RUNNING,0
224.94,2,224.94,RUNNING,0
225.01,2,225.01,RUNNING,0
225.07,2,225.07,RUNNING,0
225.14,2,225.14,RUNNING,0
225.21,2,225.21,RUNNING,0
225.27,2,225.27,RUNNING,0
225.34,2,225.34,RUNNING,0
225.4,2,225.4,RUNNING,0
225.47,2,225.47,RUNNING,0
225.54,2,225.54,RUNNING,0
225.6,2,225.6,RUNNING,0
225.67,2,225.67,RUNNING,0
225.74,2,225.74,RUNNING,0
225.8,2,225.8,RUNNING,0
225.87,2,225.87,RUNNING,0
225.93,2,225.93,RUNNING,0
226.0,2,226.0,RUNNING,0
226.07,2,226.07,RUNNING,0
226.14,2,226.14,RUNNING,0
226.2,2,226.2,RUNNING,0
226.27,2,226.27,RUNNING,0
226.33,2,226.33,RUNNING,0
226.4,2,226.4,RUNNING,0
226.47,2,226.47,RUNNING,0
226.53,2,226.53,RUNNING,0
226.6,2,226.6,RUNNING,0
226.67,2,226.67,RUNNING,0
226.74,2,226.74,RUNNING,0
226.8,2,226.8,RUNNING,0
226.87,2,226.87,RUNNING,0
226.94,2,226.94,RUNNING,0
227.0,2,227.0,RUNNING,0
227.07,2,227.07,RUNNING,0
227.14,2,227.14,RUNNING,0
227.2,2,227.2,RUNNING,0
227.27,2,227.27,RUNNING,0
227.34,2,227.34,RUNNING,0
227.4,2,227.4,RUNNING,0
227.47,2,227.47,RUNNING,0
227.54,2,227.54,RUNNING,0
227.6,2,227.6,RUNNING,0
227.67,2,227.67,RUNNING,0
227.74,2,227.74,RUNNING,0
227.8,2,227.8,RUNNING,0
227.87,2,227.87,RUNNING,0
227.94,2,227.94,RUNNING,0
228.0,2,228.0,RUNNING,0
228.07,2,228.07,RUNNING,0
228.14,2,228.14,RUNNING,0
228.2,2,228.2,RUNNING,0
228.27,2,228.27,RUNNING,0
228.34,2,228.34,RUNNING,0
228.4,2,228.4,RUNNING,0
228.47,2,228.47,RUNNING,0
228.54,2,228.54,RUNNING,0
228.6,2,228.6,RUNNING,0
228.67,2,228.67,RUNNING,0
228.74,2,228.74,RUNNING,0
228.81,2,228.81,RUNNING,0
228.88,2,228.88,RUNNING,0
228.94,2,228.94,RUNNING,0
229.01,2,229.01,RUNNING,0
229.08,2,229.08,RUNNING,0
229.14,2,229.14,RUNNING,0
229.21,2,229.21,RUNNING,0
229.27,2,229.27,RUNNING,0
229.34,2,229.34,RUNNING,0
229.41,2,229.41,RUNNING,0
229.47,2,229.47,RUNNING,0
229.54,2,229.54,RUNNING,0
229.6,2,229.6,RUNNING,0
229.67,2,229.67,RUNNING,0
229.74,2,229.74,RUNNING,0
229.8,2,229.8,RUNNING,0
229.87,2,229.87,RUNNING,0
229.93,2,229.93,RUNNING,0
230.0,2,230.0,RUNNING,0
230.08,2,230.08,RUNNING,0
230.14,2,230.14,RUNNING,0
230.21,2,230.21,RUNNING,0
230.28,2,230.28,RUNNING,0
230.34,2,230.34,RUNNING,0
230.41,2,230.41,RUNNING,0
230.48,2,230.48,RUNNING,0
230.54,2,230.54,RUNNING,0
230.61,2,230.61,RUNNING,0
230.67,2,230.67,RUNNING,0
230.74,2,230.74,RUNNING,0
230.81,2,230.81,RUNNING,0
230.87,2,230.87,RUNNING,0
230.94,2,230.94,RUNNING,0
231.0,2,231.0,RUNNING,0
231.07,2,231.07,RUNNING,0
231.14,2,231.14,RUNNING,0
231.2,3,231.2,RUNNING,0
231.27,3,231.27,RUNNING,0
231.33,3,231.33,RUNNING,0
231.4,3,231.4,RUNNING,0
231.47,3,231.47,RUNNING,0
231.53,3,231.53,RUNNING,0
231.6,3,231.6,RUNNING,0
231.66,3,231.66,RUNNING,0
231.73,3,231.73,RUNNING,0
231.8,3,231.8,RUNNING,0
231.86,3,231.86,RUNNING,0
231.93,3,231.93,RUNNING,0
231.99,3,231.99,RUNNING,0
232.06,3,232.06,RUNNING,0
232.13,3,232.13,RUNNING,0
232.19,3,232.19,RUNNING,0
232.26,3,232.26,RUNNING,0
232.33,3,232.33,RUNNING,0
232.39,3,232.39,RUNNING,0
232.46,3,232.46,RUNNING,0
232.52,3,232.52,RUNNING,0
232.59,3,232.59,RUNNING,0
232.66,3,232.66,RUNNING,0
232.72,3,232.72,RUNNING,0
232.79,3,232.79,RUNNING,0
232.86,3,232.86,RUNNING,0
232.92,3,232.92,RUNNING,0
232.99,3,232.99,RUNNING,0
233.05,3,233.05,RUNNING,0
233.12,3,233.12,RUNNING,0
233.19,3,233.19,RUNNING,0
233.25,3,233.25,RUNNING,0
233.32,3,233.32,RUNNING,0
233.39,3,233.39,RUNNING,0
233.45,3,233.45,RUNNING,0
233.52,3,233.52,RUNNING,0
233.59,3,233.59,RUNNING,0
233.65,3,233.65,RUNNING,0
233.72,3,233.72,RUNNING,0
233.78,3,233.78,RUNNING,0
233.85,3,233.85,RUNNING,0
233.92,3,233.92,RUNNING,0
233.98,3,233.98,RUNNING,0
234.12,3,234.12,RUNNING,0
234.19,3,234.19,RUNNING,0
234.25,3,234.25,RUNNING,0
234.32,3,234.32,RUNNING,0
234.39,3,234.39,RUNNING,0
234.45,3,234.45,RUNNING,0
234.52,3,234.52,RUNNING,0
234.59,3,234.59,RUNNING,0
234.65,3,234.65,RUNNING,0
234.72,3,234.72,RUNNING,0
234.79,3,234.79,RUNNING,0
234.85,3,234.85,RUNNING,0
234.92,3,234.92,RUNNING,0
234.98,3,234.98,RUNNING,0
235.05,3,235.05,RUNNING,0
235.12,3,235.12,RUNNING,0
235.19,3,235.19,RUNNING,0
235.25,3,235.25,RUNNING,0
235.32,3,235.32,RUNNING,0
235.38,3,235.38,RUNNING,0
235.45,3,235.45,RUNNING,0
235.52,3,235.52,RUNNING,0
235.58,3,235.58,RUNNING,0
235.65,3,235.65,RUNNING,0
235.72,3,235.72,RUNNING,0
235.78,3,235.78,RUNNING,0
235.85,3,235.85,RUNNING,0
235.92,3,235.92,RUNNING,0
235.98,3,235.98,RUNNING,0
236.05,3,236.05,RUNNING,0
236.12,3,236.12,RUNNING,0
236.18,3,236.18,RUNNING,0
236.25,3,236.25,RUNNING,0
236.32,3,236.32,RUNNING,0
236.38,3,236.38,RUNNING,0
236.45,3,236.45,RUNNING,0
236.52,3,236.52,RUNNING,0
236.58,3,236.58,RUNNING,0
236.65,3,236.65,RUNNING,0
236.72,3,236.72,RUNNING,0
236.79,3,236.79,RUNNING,0
236.85,3,236.85,RUNNING,0
236.92,3,236.92,RUNNING,0
236.99,3,236.99,RUNNING,0
237.05,3,237.05,RUNNING,0
237.12,3,237.12,RUNNING,0
237.19,3,237.19,RUNNING,0
237.26,3,237.26,RUNNING,0
237.32,3,237.32,RUNNING,0
237.39,3,237.39,RUNNING,0
237.45,3,237.45,RUNNING,0
237.52,3,237.52,RUNNING,0
237.59,3,237.59,RUNNING,0
237.65,3,237.65,RUNNING,0
237.72,3,237.72,RUNNING,0
237.78,3,237.78,RUNNING,0
237.85,3,237.85,RUNNING,0
237.92,3,237.92,RUNNING,0
237.98,3,237.98,RUNNING,0
238.05,3,238.05,RUNNING,0
238.11,3,238.11,RUNNING,0
238.18,3,238.18,RUNNING,0
238.25,3,238.25,RUNNING,0
238.31,3,238.31,RUNNING,0
238.38,3,238.38,RUNNING,0
238.45,3,238.45,RUNNING,0
238.51,3,238.51,RUNNING,0
238.58,3,238.58,RUNNING,0
238.64,3,238.64,RUNNING,0
238.71,3,238.71,RUNNING,0
238.78,3,238.78,RUNNING,0
238.84,3,238.84,RUNNING,0
238.91,3,238.91,RUNNING,0
238.97,3,238.97,RUNNING,0
239.04,3,239.04,RUNNING,0
239.11,3,239.11,RUNNING,0
239.18,3,239.18,RUNNING,0
239.24,3,239.24,RUNNING,0
239.31,3,239.31,RUNNING,0
239.37,3,239.37,RUNNING,0
239.44,3,239.44,RUNNING,0
239.51,3,239.51,RUNNING,0
239.57,3,239.57,RUNNING,0
239.64,3,239.64,RUNNING,0
239.71,3,239.71,RUNNING,0
239.77,3,239.77,RUNNING,0
239.84,3,239.84,RUNNING,0
239.9,3,239.9,RUNNING,0
239.97,3,239.97,RUNNING,0
240.04,3,240.04,RUNNING,0
240.1,3,240.1,RUNNING,0
240.17,3,240.17,RUNNING,0
240.24,3,240.24,RUNNING,0
240.3,3,240.3,RUNNING,0
240.37,3,240.37,RUNNING,0
240.44,3,240.44,RUNNING,0
240.5,3,240.5,RUNNING,0
240.57,3,240.57,RUNNING,0
240.64,3,240.64,RUNNING,0
240.7,3,240.7,RUNNING,0
240.77,3,240.77,RUNNING,0
240.83,3,240.83,RUNNING,0
240.9,3,240.9,RUNNING,0
240.97,3,240.97,RUNNING,0
241.03,3,241.03,RUNNING,0
241.1,3,241.1,RUNNING,0
241.17,3,241.17,RUNNING,0
241.23,3,241.23,RUNNING,0
241.3,3,241.3,RUNNING,0
241.37,3,241.37,RUNNING,0
241.43,3,241.43,RUNNING,0
241.5,3,241.5,RUNNING,0
241.56,3,241.56,RUNNING,0
241.63,3,241.63,RUNNING,0
241.7,3,241.7,RUNNING,0
241.76,3,241.76,RUNNING,0
241.83,3,241.83,RUNNING,0
241.9,3,241.9,RUNNING,0
241.96,3,241.96,RUNNING,0
242.03,3,242.03,RUNNING,0
242.1,3,242.1,RUNNING,0
242.16,3,242.16,RUNNING,0
242.23,3,242.23,RUNNING,0
242.3,3,242.3,RUNNING,0
242.36,3,242.36,RUNNING,0
242.43,3,242.43,RUNNING,0
242.5,3,242.5,RUNNING,0
242.56,3,242.56,RUNNING,0
242.63,3,242.63,RUNNING,0
242.7,3,242.7,RUNNING,0
242.76,3,242.76,RUNNING,0
242.83,3,242.83,RUNNING,0
242.9,3,242.9,RUNNING,0
242.96,3,242.96,RUNNING,0
243.03,3,243.03,RUNNING,0
243.1,3,243.1,RUNNING,0
243.16,3,243.16,RUNNING,0
243.23,3,243.23,RUNNING,0
243.3,3,243.3,RUNNING,0
243.37,3,243.37,RUNNING,0
243.44,3,243.44,RUNNING,0
243.5,3,243.5,RUNNING,0
243.57,3,243.57,RUNNING,0
243.64,3,243.64,RUNNING,0
243.7,3,243.7,RUNNING,0
243.77,3,243.77,RUNNING,0
243.83,3,243.83,RUNNING,0
243.9,3,243.9,RUNNING,0
243.97,3,243.97,RUNNING,0
244.03,3,244.03,RUNNING,0
244.1,3,244.1,RUNNING,0
244.16,3,244.16,RUNNING,0
244.23,3,244.23,RUNNING,0
244.3,3,244.3,RUNNING,0
244.36,3,244.36,RUNNING,0
244.43,3,244.43,RUNNING,0
244.49,3,244.49,RUNNING,0
244.56,3,244.56,RUNNING,0
244.63,3,244.63,RUNNING,0
244.69,3,244.69,RUNNING,0
244.76,3,244.76,RUNNING,0
244.82,3,244.82,RUNNING,0
244.89,3,244.89,RUNNING,0
244.96,3,244.96,RUNNING,0
245.02,3,245.02,RUNNING,0
245.09,3,245.09,RUNNING,0
245.15,3,245.15,RUNNING,0
245.22,3,245.22,RUNNING,0
245.29,3,245.29,RUNNING,0
245.35,3,245.35,RUNNING,0
245.42,3,245.42,RUNNING,0
245.49,3,245.49,RUNNING,0
245.55,3,245.55,RUNNING,0
245.62,3,245.62,RUNNING,0
245.68,3,245.68,RUNNING,0
245.75,3,245.75,RUNNING,0
245.82,3,245.82,RUNNING,0
245.88,3,245.88,RUNNING,0
245.95,3,245.95,RUNNING,0
246.02,3,246.02,RUNNING,0
246.08,3,246.08,RUNNING,0
246.15,3,246.15,RUNNING,0
246.22,3,246.22,RUNNING,0
246.28,3,246.28,RUNNING,0
246.35,3,246.35,RUNNING,0
246.41,3,246.41,RUNNING,0
246.48,3,246.48,RUNNING,0
246.55,3,246.55,RUNNING,0
246.61,3,246.61,RUNNING,0
246.68,3,246.68,RUNNING,0
246.75,3,246.75,RUNNING,0
246.81,3,246.81,RUNNING,0
246.88,3,246.88,RUNNING,0
246.94,3,246.94,RUNNING,0
247.01,3,247.01,RUNNING,0
247.08,3,247.08,RUNNING,0
247.14,3,247.14,RUNNING,0
247.21,3,247.21,RUNNING,0
247.28,3,247.28,RUNNING,0
247.34,3,247.34,RUNNING,0
247.41,3,247.41,RUNNING,0
247.48,3,247.48,RUNNING,0
247.54,3,247.54,RUNNING,0
247.61,3,247.61,RUNNING,0
247.68,3,247.68,RUNNING,0
247.74,3,247.74,RUNNING,0
247.81,3,247.81,RUNNING,0
247.88,3,247.88,RUNNING,0
247.94,3,247.94,RUNNING,0
248.01,3,248.01,RUNNING,0
248.07,3,248.07,RUNNING,0
248.14,3,248.14,RUNNING,0
248.21,3,248.21,RUNNING,0
248.28,3,248.28,RUNNING,0
248.34,3,248.34,RUNNING,0
248.41,3,248.41,RUNNING,0
248.48,3,248.48,RUNNING,0
248.54,3,248.54,RUNNING,0
248.61,3,248.61,RUNNING,0
248.67,3,248.67,RUNNING,0
248.74,3,248.74,RUNNING,0
248.81,3,248.81,RUNNING,0
248.87,3,248.87,RUNNING,0
248.94,3,248.94,RUNNING,0
249.01,3,249.01,RUNNING,0
249.07,3,249.07,RUNNING,0
249.14,3,249.14,RUNNING,0
249.21,3,249.21,RUNNING,0
249.28,3,249.28,RUNNING,0
249.34,3,249.34,RUNNING,0
249.41,3,249.41,RUNNING,0
249.48,3,249.48,RUNNING,0
249.54,3,249.54,RUNNING,0
249.61,3,249.61,RUNNING,0
249.68,3,249.68,RUNNING,0
249.75,3,249.75,RUNNING,0
249.81,3,249.81,RUNNING,0
249.88,3,249.88,RUNNING,0
249.95,3,249.95,RUNNING,0
250.01,3,250.01,RUNNING,0
250.08,3,250.08,RUNNING,0
250.14,3,250.14,RUNNING,0
250.21,3,250.21,RUNNING,0
250.28,3,250.28,RUNNING,0
250.34,3,250.34,RUNNING,0
250.41,3,250.41,RUNNING,0
250.47,3,250.47,RUNNING,0
250.54,3,250.54,RUNNING,0
250.61,3,250.61,RUNNING,0
250.67,3,250.67,RUNNING,0
250.74,3,250.74,RUNNING,0
250.8,3,250.8,RUNNING,0
250.87,3,250.87,RUNNING,0
250.94,3,250.94,RUNNING,0
251.0,3,251.0,RUNNING,0
251.07,3,251.07,RUNNING,0
251.13,3,251.13,RUNNING,0
251.2,3,251.2,RUNNING,0
251.27,3,251.27,RUNNING,0
251.33,3,251.33,RUNNING,0
251.4,3,251.4,RUNNING,0
251.47,3,251.47,RUNNING,0
251.53,3,251.53,RUNNING,0
251.6,3,251.6,RUNNING,0
251.67,3,251.67,RUNNING,0
251.73,3,251.73,RUNNING,0
251.8,3,251.8,RUNNING,0
251.87,3,251.87,RUNNING,0
251.93,3,251.93,RUNNING,0
252.0,3,252.0,RUNNING,0
252.06,3,252.06,RUNNING,0
252.13,3,252.13,RUNNING,0
252.2,3,252.2,RUNNING,0
252.26,3,252.26,RUNNING,0
252.33,3,252.33,RUNNING,0
252.4,3,252.4,RUNNING,0
252.46,3,252.46,RUNNING,0
252.53,3,252.53,RUNNING,0
252.6,3,252.6,RUNNING,0
252.66,3,252.66,RUNNING,0
252.73,3,252.73,RUNNING,0
252.79,3,252.79,RUNNING,0
252.86,3,252.86,RUNNING,0
252.93,3,252.93,RUNNING,0
252.99,3,252.99,RUNNING,0
253.06,3,253.06,RUNNING,0
253.13,3,253.13,RUNNING,0
253.19,3,253.19,RUNNING,0
253.26,3,253.26,RUNNING,0
253.33,3,253.33,RUNNING,0
253.39,3,253.39,RUNNING,0
253.46,3,253.46,RUNNING,0
253.52,3,253.52,RUNNING,0
253.59,3,253.59,RUNNING,0
253.66,3,253.66,RUNNING,0
253.72,3,253.72,RUNNING,0
253.79,3,253.79,RUNNING,0
253.86,3,253.86,RUNNING,0
253.92,3,253.92,RUNNING,0
253.99,3,253.99,RUNNING,0
254.06,3,254.06,RUNNING,0
254.12,3,254.12,RUNNING,0
254.19,3,254.19,RUNNING,0
254.26,3,254.26,RUNNING,0
254.32,3,254.32,RUNNING,0
254.39,3,254.39,RUNNING,0
254.46,3,254.46,RUNNING,0
254.52,3,254.52,RUNNING,0
254.59,3,254.59,RUNNING,0
254.66,3,254.66,RUNNING,0
254.72,3,254.72,RUNNING,0
254.79,3,254.79,RUNNING,0
254.86,3,254.86,RUNNING,0
254.92,3,254.92,RUNNING,0
254.99,3,254.99,RUNNING,0
255.06,3,255.06,RUNNING,0
255.12,3,255.12,RUNNING,0
255.19,3,255.19,RUNNING,0
255.26,3,255.26,RUNNING,0
255.33,3,255.33,RUNNING,0
255.39,3,255.39,RUNNING,0
255.46,3,255.46,RUNNING,0
255.53,3,255.53,RUNNING,0
255.59,3,255.59,RUNNING,0
255.66,3,255.66,RUNNING,0
255.73,3,255.73,RUNNING,0
255.79,3,255.79,RUNNING,0
255.87,3,255.87,RUNNING,0
255.93,3,255.93,RUNNING,0
256.0,3,256.0,RUNNING,0
256.06,3,256.06,RUNNING,0
256.13,3,256.13,RUNNING,0
256.2,3,256.2,RUNNING,0
256.26,3,256.26,RUNNING,0
256.33,3,256.33,RUNNING,0
256.4,3,256.4,RUNNING,0
256.46,3,256.46,RUNNING,0
256.53,3,256.53,RUNNING,0
256.59,3,256.59,RUNNING,0
256.66,3,256.66,RUNNING,0
256.73,3,256.73,RUNNING,0
256.79,3,256.79,RUNNING,0
256.86,3,256.86,RUNNING,0
256.92,3,256.92,RUNNING,0
256.99,3,256.99,RUNNING,0
257.06,3,257.06,RUNNING,0
257.12,3,257.12,RUNNING,0
257.19,3,257.19,RUNNING,0
257.26,3,257.26,RUNNING,0
257.32,3,257.32,RUNNING,0
257.39,3,257.39,RUNNING,0
257.45,3,257.45,RUNNING,0
257.52,3,257.52,RUNNING,0
257.59,3,257.59,RUNNING,0
257.65,3,257.65,RUNNING,0
257.72,3,257.72,RUNNING,0
257.78,3,257.78,RUNNING,0
257.85,3,257.85,RUNNING,0
257.92,3,257.92,RUNNING,0
257.98,3,257.98,RUNNING,0
258.05,3,258.05,RUNNING,0
258.12,3,258.12,RUNNING,0
258.18,3,258.18,RUNNING,0
258.25,3,258.25,RUNNING,0
258.32,3,258.32,RUNNING,0
258.38,3,258.38,RUNNING,0
258.45,3,258.45,RUNNING,0
258.52,3,258.52,RUNNING,0
258.58,3,258.58,RUNNING,0
258.65,3,258.65,RUNNING,0
258.71,3,258.71,RUNNING,0
258.78,3,258.78,RUNNING,0
258.85,3,258.85,RUNNING,0
258.91,3,258.91,RUNNING,0
258.98,3,258.98,RUNNING,0
259.05,3,259.05,RUNNING,0
259.11,3,259.11,RUNNING,0
259.18,3,259.18,RUNNING,0
259.25,3,259.25,RUNNING,0
259.31,3,259.31,RUNNING,0
259.38,3,259.38,RUNNING,0
259.44,3,259.44,RUNNING,0
259.51,3,259.51,RUNNING,0
259.58,3,259.58,RUNNING,0
259.64,3,259.64,RUNNING,0
259.71,3,259.71,RUNNING,0
259.78,3,259.78,RUNNING,0
259.84,3,259.84,RUNNING,0
259.91,3,259.91,RUNNING,0
259.97,3,259.97,RUNNING,0
260.04,3,260.04,RUNNING,0
260.11,3,260.11,RUNNING,0
260.17,3,260.17,RUNNING,0
260.24,3,260.24,RUNNING,0
260.31,3,260.31,RUNNING,0
260.37,3,260.37,RUNNING,0
260.44,3,260.44,RUNNING,0
260.51,3,260.51,RUNNING,0
260.57,3,260.57,RUNNING,0
260.64,3,260.64,RUNNING,0
260.71,3,260.71,RUNNING,0
260.77,3,260.77,RUNNING,0
260.84,3,260.84,RUNNING,0
260.91,3,260.91,RUNNING,0
260.97,3,260.97,RUNNING,0
261.04,3,261.04,RUNNING,0
261.11,3,261.11,RUNNING,0
261.17,3,261.17,RUNNING,0
261.24,3,261.24,RUNNING,0
261.31,3,261.31,RUNNING,0
261.38,3,261.38,RUNNING,0
261.44,3,261.44,RUNNING,0
261.51,3,261.51,RUNNING,0
261.58,3,261.58,RUNNING,0
261.64,3,261.64,RUNNING,0
261.71,3,261.71,RUNNING,0
261.78,3,261.78,RUNNING,0
261.84,3,261.84,RUNNING,0
261.91,3,261.91,RUNNING,0
261.98,3,261.98,RUNNING,0
262.04,3,262.04,RUNNING,0
262.11,3,262.11,RUNNING,0
262.19,3,262.19,RUNNING,0
262.25,3,262.25,RUNNING,0
262.32,3,262.32,RUNNING,0
262.39,3,262.39,RUNNING,0
262.45,3,262.45,RUNNING,0
262.52,3,262.52,RUNNING,0
262.58,3,262.58,RUNNING,0
262.65,3,262.65,RUNNING,0
262.72,3,262.72,RUNNING,0
262.78,3,262.78,RUNNING,0
262.85,3,262.85,RUNNING,0
262.92,3,262.92,RUNNING,0
262.98,3,262.98,RUNNING,0
263.05,3,263.05,RUNNING,0
263.11,3,263.11,RUNNING,0
263.18,3,263.18,RUNNING,0
263.25,3,263.25,RUNNING,0
263.31,3,263.31,RUNNING,0
263.38,3,263.38,RUNNING,0
263.44,3,263.44,RUNNING,0
263.51,3,263.51,RUNNING,0
263.58,3,263.58,RUNNING,0
263.64,3,263.64,RUNNING,0
263.71,3,263.71,RUNNING,0
263.78,3,263.78,RUNNING,0
263.84,3,263.84,RUNNING,0
263.91,3,263.91,RUNNING,0
263.97,3,263.97,RUNNING,0
264.04,3,264.04,RUNNING,0
264.11,3,264.11,RUNNING,0
264.17,3,264.17,RUNNING,0
264.24,3,264.24,RUNNING,0
264.31,3,264.31,RUNNING,0
264.37,3,264.37,RUNNING,0
264.44,3,264.44,RUNNING,0
264.5,3,264.5,RUNNING,0
264.57,3,264.57,RUNNING,0
264.64,3,264.64,RUNNING,0
264.7,3,264.7,RUNNING,0
264.77,3,264.77,RUNNING,0
264.84,3,264.84,RUNNING,0
264.9,3,264.9,RUNNING,0
264.97,3,264.97,RUNNING,0
265.04,3,265.04,RUNNING,0
265.1,3,265.1,RUNNING,0
265.17,3,265.17,RUNNING,0
265.24,3,265.24,RUNNING,0
265.3,3,265.3,RUNNING,0
265.37,3,265.37,RUNNING,0
265.44,3,265.44,RUNNING,0
265.5,3,265.5,RUNNING,0
265.57,3,265.57,RUNNING,0
265.64,3,265.64,RUNNING,0
265.7,3,265.7,RUNNING,0
265.77,3,265.77,RUNNING,0
265.84,3,265.84,RUNNING,0
265.9,3,265.9,RUNNING,0
265.97,3,265.97,RUNNING,0
266.04,3,266.04,RUNNING,0
266.1,3,266.1,RUNNING,0
266.17,3,266.17,RUNNING,0
266.24,3,266.24,RUNNING,0
266.3,3,266.3,RUNNING,0
266.37,3,266.37,RUNNING,0
266.44,3,266.44,RUNNING,0
266.5,3,266.5,RUNNING,0
266.57,3,266.57,RUNNING,0
266.64,3,266.64,RUNNING,0
266.7,3,266.7,RUNNING,0
266.77,3,266.77,RUNNING,0
266.84,3,266.84,RUNNING,0
266.9,3,266.9,RUNNING,0
266.97,3,266.97,RUNNING,0
267.03,3,267.03,RUNNING,0
267.1,3,267.1,RUNNING,0
267.17,3,267.17,RUNNING,0
267.24,3,267.24,RUNNING,0
267.3,3,267.3,RUNNING,0
267.37,3,267.37,RUNNING,0
267.44,3,267.44,RUNNING,0
267.5,3,267.5,RUNNING,0
267.57,3,267.57,RUNNING,0
267.64,3,267.64,RUNNING,0
267.7,3,267.7,RUNNING,0
267.77,3,267.77,RUNNING,0
267.84,3,267.84,RUNNING,0
267.9,3,267.9,RUNNING,0
267.97,3,267.97,RUNNING,0
268.04,3,268.04,RUNNING,0
268.1,3,268.1,RUNNING,0
268.17,3,268.17,RUNNING,0
268.24,3,268.24,RUNNING,0
268.3,3,268.3,RUNNING,0
268.37,3,268.37,RUNNING,0
268.44,3,268.44,RUNNING,0
268.5,3,268.5,RUNNING,0
268.57,3,268.57,RUNNING,0
268.64,3,268.64,RUNNING,0
268.71,3,268.71,RUNNING,0
268.77,3,268.77,RUNNING,0
268.85,3,268.85,RUNNING,0
268.91,3,268.91,RUNNING,0
268.98,3,268.98,RUNNING,0
269.04,3,269.04,RUNNING,0
269.11,3,269.11,RUNNING,0
269.18,3,269.18,RUNNING,0
269.24,3,269.24,RUNNING,0
269.31,3,269.31,RUNNING,0
269.38,3,269.38,RUNNING,0
269.44,3,269.44,RUNNING,0
269.51,3,269.51,RUNNING,0
269.57,3,269.57,RUNNING,0
269.64,3,269.64,RUNNING,0
269.71,3,269.71,RUNNING,0
269.77,3,269.77,RUNNING,0
269.84,3,269.84,RUNNING,0
269.9,3,269.9,RUNNING,0
269.97,3,269.97,RUNNING,0
270.04,3,270.04,RUNNING,0
270.1,3,270.1,RUNNING,0
270.17,3,270.17,RUNNING,0
270.24,3,270.24,RUNNING,0
270.3,3,270.3,RUNNING,0
270.37,3,270.37,RUNNING,0
270.44,3,270.44,RUNNING,0
270.5,3,270.5,RUNNING,0
270.57,3,270.57,RUNNING,0
270.63,3,270.63,RUNNING,0
270.7,3,270.7,RUNNING,0
270.77,3,270.77,RUNNING,0
270.83,3,270.83,RUNNING,0
270.9,3,270.9,RUNNING,0
270.97,3,270.97,RUNNING,0
271.03,3,271.03,RUNNING,0
271.1,3,271.1,RUNNING,0
271.17,3,271.17,RUNNING,0
271.24,3,271.24,RUNNING,0
271.31,3,271.31,RUNNING,0
271.37,3,271.37,RUNNING,0
271.44,3,271.44,RUNNING,0
271.51,3,271.51,RUNNING,0
271.57,3,271.57,RUNNING,0
271.64,3,271.64,RUNNING,0
271.7,3,271.7,RUNNING,0
271.77,3,271.77,RUNNING,0
271.83,3,271.83,RUNNING,0
271.9,3,271.9,RUNNING,0
271.97,3,271.97,RUNNING,0
272.03,3,272.03,RUNNING,0
272.1,3,272.1,RUNNING,0
272.16,3,272.16,RUNNING,0
272.23,3,272.23,RUNNING,0
272.3,3,272.3,RUNNING,0
272.36,3,272.36,RUNNING,0
272.43,3,272.43,RUNNING,0
272.5,3,272.5,RUNNING,0
272.56,3,272.56,RUNNING,0
272.63,3,272.63,RUNNING,0
272.7,3,272.7,RUNNING,0
272.76,3,272.76,RUNNING,0
272.83,3,272.83,RUNNING,0
272.89,3,272.89,RUNNING,0
272.96,3,272.96,RUNNING,0
273.03,3,273.03,RUNNING,0
273.09,3,273.09,RUNNING,0
273.16,3,273.16,RUNNING,0
273.23,3,273.23,RUNNING,0
273.3,3,273.3,RUNNING,0
273.36,3,273.36,RUNNING,0
273.43,3,273.43,RUNNING,0
273.49,3,273.49,RUNNING,0
273.56,3,273.56,RUNNING,0
273.63,3,273.63,RUNNING,0
273.69,3,273.69,RUNNING,0
273.76,3,273.76,RUNNING,0
273.83,3,273.83,RUNNING,0
273.89,3,273.89,RUNNING,0
273.96,3,273.96,RUNNING,0
274.03,3,274.03,RUNNING,0
274.09,3,274.09,RUNNING,0
274.16,3,274.16,RUNNING,0
274.23,3,274.23,RUNNING,0
274.29,3,274.29,RUNNING,0
274.36,3,274.36,RUNNING,0
274.43,3,274.43,RUNNING,0
274.49,3,274.49,RUNNING,0
274.56,3,274.56,RUNNING,0
274.63,3,274.63,RUNNING,0
274.69,3,274.69,RUNNING,0
274.76,3,274.76,RUNNING,0
274.83,3,274.83,RUNNING,0
274.89,3,274.89,RUNNING,0
274.96,3,274.96,RUNNING,0
275.02,3,275.02,RUNNING,0
275.09,3,275.09,RUNNING,0
275.16,3,275.16,RUNNING,0
275.22,3,275.22,RUNNING,0
275.29,3,275.29,RUNNING,0
275.36,3,275.36,RUNNING,0
275.42,3,275.42,RUNNING,0
275.49,3,275.49,RUNNING,0
275.56,3,275.56,RUNNING,0
275.62,3,275.62,RUNNING,0
275.69,3,275.69,RUNNING,0
275.76,3,275.76,RUNNING,0
275.82,3,275.82,RUNNING,0
275.89,3,275.89,RUNNING,0
275.96,3,275.96,RUNNING,0
276.02,3,276.02,RUNNING,0
276.09,3,276.09,RUNNING,0
276.16,3,276.16,RUNNING,0
276.22,3,276.22,RUNNING,0
276.29,3,276.29,RUNNING,0
276.36,3,276.36,RUNNING,0
276.42,3,276.42,RUNNING,0
276.49,3,276.49,RUNNING,0
276.56,3,276.56,RUNNING,0
276.62,3,276.62,RUNNING,0
276.69,3,276.69,RUNNING,0
276.76,3,276.76,RUNNING,0
276.82,3,276.82,RUNNING,0
276.89,3,276.89,RUNNING,0
276.96,3,276.96,RUNNING,0
277.02,3,277.02,RUNNING,0
277.09,3,277.09,RUNNING,0
277.16,3,277.16,RUNNING,0
277.23,3,277.23,RUNNING,0
277.29,3,277.29,RUNNING,0
277.36,3,277.36,RUNNING,0
277.43,3,277.43,RUNNING,0
277.49,3,277.49,RUNNING,0
277.56,3,277.56,RUNNING,0
277.63,3,277.63,RUNNING,0
277.69,3,277.69,RUNNING,0
277.76,3,277.76,RUNNING,0
277.84,3,277.84,RUNNING,0
277.9,3,277.9,RUNNING,0
277.97,3,277.97,RUNNING,0
278.03,3,278.03,RUNNING,0
278.1,3,278.1,RUNNING,0
278.17,3,278.17,RUNNING,0
278.23,3,278.23,RUNNING,0
278.3,3,278.3,RUNNING,0
278.37,3,278.37,RUNNING,0
278.43,3,278.43,RUNNING,0
278.5,3,278.5,RUNNING,0
278.57,3,278.57,RUNNING,0
278.63,3,278.63,RUNNING,0
278.7,3,278.7,RUNNING,0
278.76,3,278.76,RUNNING,0
278.83,3,278.83,RUNNING,0
278.9,3,278.9,RUNNING,0
278.96,3,278.96,RUNNING,0
279.03,3,279.03,RUNNING,0
279.1,3,279.1,RUNNING,0
279.16,3,279.16,RUNNING,0
279.23,3,279.23,RUNNING,0
279.3,3,279.3,RUNNING,0
279.36,3,279.36,RUNNING,0
279.43,3,279.43,RUNNING,0
279.5,3,279.5,RUNNING,0
279.56,3,279.56,RUNNING,0
279.63,3,279.63,RUNNING,0
279.69,3,279.69,RUNNING,0
279.76,3,279.76,RUNNING,0
279.83,3,279.83,RUNNING,0
279.89,3,279.89,RUNNING,0
279.96,3,279.96,RUNNING,0
280.03,3,280.03,RUNNING,0
280.09,3,280.09,RUNNING,0
280.16,3,280.16,RUNNING,0
280.22,3,280.22,RUNNING,0
280.29,3,280.29,RUNNING,0
280.36,3,280.36,RUNNING,0
280.43,3,280.43,RUNNING,0
280.49,3,280.49,RUNNING,0
280.56,3,280.56,RUNNING,0
280.62,3,280.62,RUNNING,0
280.69,3,280.69,RUNNING,0
280.76,3,280.76,RUNNING,0
280.82,3,280.82,RUNNING,0
280.89,3,280.89,RUNNING,0
280.96,3,280.96,RUNNING,0
281.02,3,281.02,RUNNING,0
281.09,3,281.09,RUNNING,0
281.16,3,281.16,RUNNING,0
281.22,3,281.22,RUNNING,0
281.29,3,281.29,RUNNING,0
281.36,3,281.36,RUNNING,0
281.42,3,281.42,RUNNING,0
281.49,3,281.49,RUNNING,0
281.56,3,281.56,RUNNING,0
281.62,3,281.62,RUNNING,0
281.69,3,281.69,RUNNING,0
281.76,3,281.76,RUNNING,0
281.82,3,281.82,RUNNING,0
281.89,3,281.89,RUNNING,0
281.96,3,281.96,RUNNING,0
282.02,3,282.02,RUNNING,0
282.09,3,282.09,RUNNING,0
282.16,3,282.16,RUNNING,0
282.22,3,282.22,RUNNING,0
282.29,3,282.29,RUNNING,0
282.36,3,282.36,RUNNING,0
282.43,3,282.43,RUNNING,0
282.49,3,282.49,RUNNING,0
282.56,3,282.56,RUNNING,0
282.63,3,282.63,RUNNING,0
282.69,3,282.69,RUNNING,0
282.76,3,282.76,RUNNING,0
282.83,3,282.83,RUNNING,0
282.9,3,282.9,RUNNING,0
282.96,3,282.96,RUNNING,0
283.03,3,283.03,RUNNING,0
283.1,3,283.1,RUNNING,0
283.16,3,283.16,RUNNING,0
283.23,3,283.23,RUNNING,0
283.3,3,283.3,RUNNING,0
283.36,3,283.36,RUNNING,0
283.43,3,283.43,RUNNING,0
283.5,3,283.5,RUNNING,0
283.57,3,283.57,RUNNING,0
283.63,3,283.63,RUNNING,0
283.7,3,283.7,RUNNING,0
283.77,3,283.77,RUNNING,0
283.83,3,283.83,RUNNING,0
283.9,3,283.9,RUNNING,0
283.97,3,283.97,RUNNING,0
284.03,3,284.03,RUNNING,0
284.1,3,284.1,RUNNING,0
284.17,3,284.17,RUNNING,0
284.23,3,284.23,RUNNING,0
284.3,3,284.3,RUNNING,0
284.37,3,284.37,RUNNING,0
284.44,3,284.44,RUNNING,0
284.51,3,284.51,RUNNING,0
284.58,3,284.58,RUNNING,0
284.64,3,284.64,RUNNING,0
284.71,3,284.71,RUNNING,0
284.77,3,284.77,RUNNING,0
284.84,3,284.84,RUNNING,0
284.91,3,284.91,RUNNING,0
284.97,3,284.97,RUNNING,0
285.04,3,285.04,RUNNING,0
285.11,3,285.11,RUNNING,0
285.17,3,285.17,RUNNING,0
285.24,3,285.24,RUNNING,0
285.31,3,285.31,RUNNING,0
285.37,3,285.37,RUNNING,0
285.44,3,285.44,RUNNING,0
285.5,3,285.5,RUNNING,0
285.57,3,285.57,RUNNING,0
285.64,3,285.64,RUNNING,0
285.7,3,285.7,RUNNING,0
285.77,3,285.77,RUNNING,0
285.84,3,285.84,RUNNING,0
285.9,3,285.9,RUNNING,0
285.97,3,285.97,RUNNING,0
286.03,3,286.03,RUNNING,0
286.1,3,286.1,RUNNING,0
286.17,3,286.17,RUNNING,0
286.23,3,286.23,RUNNING,0
286.3,3,286.3,RUNNING,0
286.37,3,286.37,RUNNING,0
286.44,3,286.44,RUNNING,0
286.5,3,286.5,RUNNING,0
286.57,3,286.57,RUNNING,0
286.64,3,286.64,RUNNING,0
286.7,3,286.7,RUNNING,0
286.77,3,286.77,RUNNING,0
286.84,3,286.84,RUNNING,0
286.9,3,286.9,RUNNING,0
286.97,3,286.97,RUNNING,0
287.04,3,287.04,RUNNING,0
287.1,3,287.1,RUNNING,0
287.17,3,287.17,RUNNING,0
287.24,3,287.24,RUNNING,0
287.3,3,287.3,RUNNING,0
287.37,3,287.37,RUNNING,0
287.44,3,287.44,RUNNING,0
287.5,3,287.5,RUNNING,0
287.57,3,287.57,RUNNING,0
287.64,3,287.64,RUNNING,0
287.7,3,287.7,RUNNING,0
287.77,3,287.77,RUNNING,0
287.84,3,287.84,RUNNING,0
287.9,3,287.9,RUNNING,0
287.97,3,287.97,RUNNING,0
288.03,3,288.03,RUNNING,0
288.1,3,288.1,RUNNING,0
288.17,3,288.17,RUNNING,0
288.23,3,288.23,RUNNING,0
288.3,3,288.3,RUNNING,0
288.37,3,288.37,RUNNING,0
288.44,3,288.44,RUNNING,0
288.5,3,288.5,RUNNING,0
288.57,3,288.57,RUNNING,0
288.64,3,288.64,RUNNING,0
288.7,3,288.7,RUNNING,0
288.77,3,288.77,RUNNING,0
288.84,3,288.84,RUNNING,0
288.9,3,288.9,RUNNING,0
288.97,3,288.97,RUNNING,0
289.04,3,289.04,RUNNING,0
289.1,3,289.1,RUNNING,0
289.17,3,289.17,RUNNING,0
289.24,3,289.24,RUNNING,0
289.3,3,289.3,RUNNING,0
289.37,3,289.37,RUNNING,0
289.44,3,289.44,RUNNING,0
289.5,3,289.5,RUNNING,0
289.57,3,289.57,RUNNING,0
289.64,3,289.64,RUNNING,0
289.7,3,289.7,RUNNING,0
289.77,3,289.77,RUNNING,0
289.84,3,289.84,RUNNING,0
289.9,3,289.9,RUNNING,0
289.97,3,289.97,RUNNING,0
290.04,3,290.04,RUNNING,0
290.1,3,290.1,RUNNING,0
290.17,3,290.17,RUNNING,0
290.24,3,290.24,RUNNING,0
290.31,3,290.31,RUNNING,0
290.37,3,290.37,RUNNING,0
290.44,3,290.44,RUNNING,0
290.51,3,290.51,RUNNING,0
290.57,3,290.57,RUNNING,0
290.64,3,290.64,RUNNING,0
290.71,3,290.71,RUNNING,0
290.78,3,290.78,RUNNING,0
290.85,3,290.85,RUNNING,0
290.92,3,290.92,RUNNING,0
290.99,3,290.99,RUNNING,0
291.05,3,291.05,RUNNING,0
291.12,3,291.12,RUNNING,0
291.18,3,291.18,RUNNING,0
291.25,3,291.25,RUNNING,0
291.32,3,291.32,RUNNING,0
291.38,3,291.38,RUNNING,0
291.45,3,291.45,RUNNING,0
291.52,3,291.52,RUNNING,0
291.58,3,291.58,RUNNING,0
291.65,3,291.65,RUNNING,0
291.71,3,291.71,RUNNING,0
291.78,3,291.78,RUNNING,0
291.85,3,291.85,RUNNING,0
291.91,3,291.91,RUNNING,0
291.98,3,291.98,RUNNING,0
292.05,3,292.05,RUNNING,0
292.11,3,292.11,RUNNING,0
292.18,3,292.18,RUNNING,0
292.25,3,292.25,RUNNING,0
292.31,3,292.31,RUNNING,0
292.38,3,292.38,RUNNING,0
292.45,3,292.45,RUNNING,0
292.51,3,292.51,RUNNING,0
292.58,3,292.58,RUNNING,0
292.65,3,292.65,RUNNING,0
292.71,3,292.71,RUNNING,0
292.78,3,292.78,RUNNING,0
292.84,3,292.84,RUNNING,0
292.91,3,292.91,RUNNING,0
292.98,3,292.98,RUNNING,0
293.04,3,293.04,RUNNING,0
293.11,3,293.11,RUNNING,0
293.18,3,293.18,RUNNING,0
293.24,3,293.24,RUNNING,0
293.31,3,293.31,RUNNING,0
293.38,3,293.38,RUNNING,0
293.45,3,293.45,RUNNING,0
293.51,3,293.51,RUNNING,0
293.58,3,293.58,RUNNING,0
293.65,3,293.65,RUNNING,0
293.71,3,293.71,RUNNING,0
293.78,3,293.78,RUNNING,0
293.85,3,293.85,RUNNING,0
293.91,3,293.91,RUNNING,0
293.98,3,293.98,RUNNING,0
294.04,3,294.04,RUNNING,0
294.11,3,294.11,RUNNING,0
294.18,3,294.18,RUNNING,0
294.25,3,294.25,RUNNING,0
294.31,3,294.31,RUNNING,0
294.38,3,294.38,RUNNING,0
294.45,3,294.45,RUNNING,0
294.51,3,294.51,RUNNING,0
294.58,3,294.58,RUNNING,0
294.65,3,294.65,RUNNING,0
294.71,3,294.71,RUNNING,0
294.78,3,294.78,RUNNING,0
294.85,3,294.85,RUNNING,0
294.91,3,294.91,RUNNING,0
294.98,3,294.98,RUNNING,0
295.05,3,295.05,RUNNING,0
295.11,3,295.11,RUNNING,0
295.18,3,295.18,RUNNING,0
295.25,3,295.25,RUNNING,0
295.32,3,295.32,RUNNING,0
295.38,3,295.38,RUNNING,0
295.45,3,295.45,RUNNING,0
295.52,3,295.52,RUNNING,0
295.58,3,295.58,RUNNING,0
295.65,3,295.65,RUNNING,0
295.72,3,295.72,RUNNING,0
295.78,3,295.78,RUNNING,0
295.85,3,295.85,RUNNING,0
295.92,3,295.92,RUNNING,0
295.98,3,295.98,RUNNING,0
296.05,3,296.05,RUNNING,0
296.12,3,296.12,RUNNING,0
296.19,3,296.19,RUNNING,0
296.25,3,296.25,RUNNING,0
296.32,3,296.32,RUNNING,0
296.39,3,296.39,RUNNING,0
296.45,3,296.45,RUNNING,0
296.52,3,296.52,RUNNING,0
296.59,3,296.59,RUNNING,0
296.65,3,296.65,RUNNING,0
296.72,3,296.72,RUNNING,0
296.79,3,296.79,RUNNING,0
296.85,3,296.85,RUNNING,0
296.92,3,296.92,RUNNING,0
296.99,3,296.99,RUNNING,0
297.06,3,297.06,RUNNING,0
297.12,3,297.12,RUNNING,0
297.19,3,297.19,RUNNING,0
297.26,3,297.26,RUNNING,0
297.32,3,297.32,RUNNING,0
297.39,3,297.39,RUNNING,0
297.46,3,297.46,RUNNING,0
297.53,3,297.53,RUNNING,0
297.6,3,297.6,RUNNING,0
297.66,3,297.66,RUNNING,0
297.73,3,297.73,RUNNING,0
297.8,3,297.8,RUNNING,0
297.86,3,297.86,RUNNING,0
297.93,3,297.93,RUNNING,0
297.99,3,297.99,RUNNING,0
298.06,3,298.06,RUNNING,0
298.13,3,298.13,RUNNING,0
298.2,3,298.2,RUNNING,0
298.26,3,298.26,RUNNING,0
298.33,3,298.33,RUNNING,0
298.39,3,298.39,RUNNING,0
298.46,3,298.46,RUNNING,0
298.53,3,298.53,RUNNING,0
298.59,3,298.59,RUNNING,0
298.66,3,298.66,RUNNING,0
298.73,3,298.73,RUNNING,0
298.79,3,298.79,RUNNING,0
298.86,3,298.86,RUNNING,0
298.93,3,298.93,RUNNING,0
298.99,3,298.99,RUNNING,0
299.06,3,299.06,RUNNING,0
299.13,3,299.13,RUNNING,0
299.19,3,299.19,RUNNING,0
299.26,3,299.26,RUNNING,0
299.33,3,299.33,RUNNING,0
299.39,3,299.39,RUNNING,0
299.46,3,299.46,RUNNING,0
299.53,3,299.53,RUNNING,0
299.59,3,299.59,RUNNING,0
299.66,3,299.66,RUNNING,0
299.73,3,299.73,RUNNING,0
299.79,3,299.79,RUNNING,0
299.86,3,299.86,RUNNING,0
299.92,3,299.92,RUNNING,0
299.99,3,299.99,RUNNING,0
300.06,3,300.06,RUNNING,0
300.12,3,300.12,RUNNING,0
300.19,3,300.19,RUNNING,0
300.26,3,300.26,RUNNING,0
300.32,3,300.32,RUNNING,0
300.39,3,300.39,RUNNING,0
300.46,3,300.46,RUNNING,0
300.52,3,300.52,RUNNING,0
300.59,3,300.59,RUNNING,0
300.66,3,300.66,RUNNING,0
300.72,3,300.72,RUNNING,0
300.79,3,300.79,RUNNING,0
300.86,3,300.86,RUNNING,0
300.92,3,300.92,RUNNING,0
300.99,3,300.99,RUNNING,0
301.06,3,301.06,RUNNING,0
301.12,3,301.12,RUNNING,0
301.19,3,301.19,RUNNING,0
301.26,3,301.26,RUNNING,0
301.32,3,301.32,RUNNING,0
301.39,3,301.39,RUNNING,0
301.46,3,301.46,RUNNING,0
301.52,3,301.52,RUNNING,0
301.59,3,301.59,RUNNING,0
301.66,3,301.66,RUNNING,0
301.73,3,301.73,RUNNING,0
301.79,3,301.79,RUNNING,0
301.86,3,301.86,RUNNING,0
301.93,3,301.93,RUNNING,0
301.99,3,301.99,RUNNING,0
302.06,3,302.06,RUNNING,0
302.13,3,302.13,RUNNING,0
302.19,3,302.19,RUNNING,0
302.26,3,302.26,RUNNING,0
302.33,3,302.33,RUNNING,0
302.39,3,302.39,RUNNING,0
302.46,3,302.46,RUNNING,0
302.53,3,302.53,RUNNING,0
302.6,3,302.6,RUNNING,0
302.66,3,302.66,RUNNING,0
302.73,3,302.73,RUNNING,0
302.8,3,302.8,RUNNING,0
302.86,3,302.86,RUNNING,0
302.93,3,302.93,RUNNING,0
303.0,3,303.0,RUNNING,0
303.07,3,303.07,RUNNING,0
303.13,3,303.13,RUNNING,0
303.2,3,303.2,RUNNING,0
303.27,3,303.27,RUNNING,0
303.33,3,303.33,RUNNING,0
303.4,3,303.4,RUNNING,0
303.47,3,303.47,RUNNING,0
303.53,3,303.53,RUNNING,0
303.6,3,303.6,RUNNING,0
303.67,3,303.67,RUNNING,0
303.74,3,303.74,RUNNING,0
303.8,3,303.8,RUNNING,0
303.87,3,303.87,RUNNING,0
303.94,3,303.94,RUNNING,0
304.01,3,304.01,RUNNING,0
304.08,3,304.08,RUNNING,0
304.15,3,304.15,RUNNING,0
304.21,3,304.21,RUNNING,0
304.28,3,304.28,RUNNING,0
304.35,3,304.35,RUNNING,0
304.41,3,304.41,RUNNING,0
304.48,3,304.48,RUNNING,0
304.54,3,304.54,RUNNING,0
304.61,3,304.61,RUNNING,0
304.68,3,304.68,RUNNING,0
304.74,3,304.74,RUNNING,0
304.81,3,304.81,RUNNING,0
304.88,3,304.88,RUNNING,0
304.94,3,304.94,RUNNING,0
305.01,3,305.01,RUNNING,0
305.08,3,305.08,RUNNING,0
305.14,3,305.14,RUNNING,0
305.21,3,305.21,RUNNING,0
305.28,3,305.28,RUNNING,0
305.34,3,305.34,RUNNING,0
305.41,3,305.41,RUNNING,0
305.48,3,305.48,RUNNING,0
305.54,3,305.54,RUNNING,0
305.61,3,305.61,RUNNING,0
305.68,3,305.68,RUNNING,0
305.74,3,305.74,RUNNING,0
305.81,3,305.81,RUNNING,0
305.88,3,305.88,RUNNING,0
305.94,3,305.94,RUNNING,0
306.01,3,306.01,RUNNING,0
306.08,3,306.08,RUNNING,0
306.14,3,306.14,RUNNING,0
306.21,3,306.21,RUNNING,0
306.28,3,306.28,RUNNING,0
306.34,3,306.34,RUNNING,0
306.41,3,306.41,RUNNING,0
306.48,3,306.48,RUNNING,0
306.54,3,306.54,RUNNING,0
306.61,3,306.61,RUNNING,0
306.68,3,306.68,RUNNING,0
306.74,3,306.74,RUNNING,0
306.81,3,306.81,RUNNING,0
306.88,3,306.88,RUNNING,0
306.94,3,306.94,RUNNING,0
307.01,3,307.01,RUNNING,0
307.08,3,307.08,RUNNING,0
307.14,3,307.14,RUNNING,0
307.21,3,307.21,RUNNING,0
307.28,3,307.28,RUNNING,0
307.34,3,307.34,RUNNING,0
307.41,3,307.41,RUNNING,0
307.48,3,307.48,RUNNING,0
307.54,3,307.54,RUNNING,0
307.61,3,307.61,RUNNING,0
307.68,3,307.68,RUNNING,0
307.75,3,307.75,RUNNING,0
307.82,3,307.82,RUNNING,0
307.88,3,307.88,RUNNING,0
307.95,3,307.95,RUNNING,0
308.01,3,308.01,RUNNING,0
308.08,3,308.08,RUNNING,0
308.15,3,308.15,RUNNING,0
308.21,3,308.21,RUNNING,0
308.28,3,308.28,RUNNING,0
308.34,3,308.34,RUNNING,0
308.41,3,308.41,RUNNING,0
308.48,3,308.48,RUNNING,0
308.54,3,308.54,RUNNING,0
308.61,3,308.61,RUNNING,0
308.68,3,308.68,RUNNING,0
308.74,3,308.74,RUNNING,0
308.81,3,308.81,RUNNING,0
308.87,3,308.87,RUNNING,0
308.94,3,308.94,RUNNING,0
309.01,3,309.01,RUNNING,0
309.07,3,309.07,RUNNING,0
309.14,3,309.14,RUNNING,0
309.21,3,309.21,RUNNING,0
309.27,3,309.27,RUNNING,0
309.34,3,309.34,RUNNING,0
309.4,3,309.4,RUNNING,0
309.47,3,309.47,RUNNING,0
309.54,3,309.54,RUNNING,0
309.6,3,309.6,RUNNING,0
309.67,3,309.67,RUNNING,0
309.74,3,309.74,RUNNING,0
309.8,3,309.8,RUNNING,0
309.87,3,309.87,RUNNING,0
309.94,3,309.94,RUNNING,0
310.0,3,310.0,RUNNING,0
310.07,3,310.07,RUNNING,0
310.14,3,310.14,RUNNING,0
310.2,3,310.2,RUNNING,0
310.27,3,310.27,RUNNING,0
310.34,3,310.34,RUNNING,0
310.4,3,310.4,RUNNING,0
310.47,3,310.47,RUNNING,0
310.54,3,310.54,RUNNING,0
310.6,3,310.6,RUNNING,0
310.67,3,310.67,RUNNING,0
310.74,3,310.74,RUNNING,0
310.81,3,310.81,RUNNING,0
310.87,3,310.87,RUNNING,0
310.94,3,310.94,RUNNING,0
311.01,3,311.01,RUNNING,0
311.07,3,311.07,RUNNING,0
311.14,3,311.14,RUNNING,0
311.2,3,311.2,RUNNING,0
311.27,3,311.27,RUNNING,0
311.33,3,311.33,RUNNING,0
311.4,3,311.4,RUNNING,0
311.47,3,311.47,RUNNING,0
311.53,3,311.53,RUNNING,0
311.6,3,311.6,RUNNING,0
311.66,3,311.66,RUNNING,0
311.73,3,311.73,RUNNING,0
311.8,3,311.8,RUNNING,0
311.86,3,311.86,RUNNING,0
311.93,3,311.93,RUNNING,0
311.99,3,311.99,RUNNING,0
312.06,3,312.06,RUNNING,0
312.12,3,312.12,RUNNING,0
312.19,3,312.19,RUNNING,0
312.26,3,312.26,RUNNING,0
312.33,3,312.33,RUNNING,0
312.4,3,312.4,RUNNING,0
312.46,3,312.46,RUNNING,0
312.53,3,312.53,RUNNING,0
312.59,3,312.59,RUNNING,0
312.66,3,312.66,RUNNING,0
312.73,3,312.73,RUNNING,0
312.79,3,312.79,RUNNING,0
312.86,3,312.86,RUNNING,0
312.93,3,312.93,RUNNING,0
312.99,3,312.99,RUNNING,0
313.06,3,313.06,RUNNING,0
313.12,3,313.12,RUNNING,0
313.19,3,313.19,RUNNING,0
313.26,3,313.26,RUNNING,0
313.32,3,313.32,RUNNING,0
313.39,3,313.39,RUNNING,0
313.46,3,313.46,RUNNING,0
313.53,3,313.53,RUNNING,0
313.59,3,313.59,RUNNING,0
313.66,3,313.66,RUNNING,0
313.72,3,313.72,RUNNING,0
313.79,3,313.79,RUNNING,0
313.86,3,313.86,RUNNING,0
313.92,3,313.92,RUNNING,0
313.99,3,313.99,RUNNING,0
314.06,3,314.06,RUNNING,0
314.12,3,314.12,RUNNING,0
314.19,3,314.19,RUNNING,0
314.26,3,314.26,RUNNING,0
314.32,3,314.32,RUNNING,0
314.39,3,314.39,RUNNING,0
314.46,3,314.46,RUNNING,0
314.52,3,314.52,RUNNING,0
314.59,3,314.59,RUNNING,0
314.66,3,314.66,RUNNING,0
314.72,3,314.72,RUNNING,0
314.79,3,314.79,RUNNING,0
314.86,3,314.86,RUNNING,0
314.92,3,314.92,RUNNING,0
314.99,3,314.99,RUNNING,0
315.05,3,315.05,RUNNING,0
315.12,3,315.12,RUNNING,0
315.19,3,315.19,RUNNING,0
315.25,3,315.25,RUNNING,0
315.32,3,315.32,RUNNING,0
315.39,3,315.39,RUNNING,0
315.45,3,315.45,RUNNING,0
315.52,3,315.52,RUNNING,0
315.59,3,315.59,RUNNING,0
315.65,3,315.65,RUNNING,0
315.72,3,315.72,RUNNING,0
315.79,3,315.79,RUNNING,0
315.85,3,315.85,RUNNING,0
315.92,3,315.92,RUNNING,0
315.99,3,315.99,RUNNING,0
316.05,3,316.05,RUNNING,0
316.12,3,316.12,RUNNING,0
316.19,3,316.19,RUNNING,0
316.25,3,316.25,RUNNING,0
316.32,3,316.32,RUNNING,0
316.39,3,316.39,RUNNING,0
316.45,3,316.45,RUNNING,0
316.52,3,316.52,RUNNING,0
316.59,3,316.59,RUNNING,0
316.65,3,316.65,RUNNING,0
316.72,3,316.72,RUNNING,0
316.79,3,316.79,RUNNING,0
316.85,3,316.85,RUNNING,0
316.92,3,316.92,RUNNING,0
316.99,3,316.99,RUNNING,0
317.05,3,317.05,RUNNING,0
317.12,3,317.12,RUNNING,0
317.19,3,317.19,RUNNING,0
317.25,3,317.25,RUNNING,0
317.32,3,317.32,RUNNING,0
317.39,3,317.39,RUNNING,0
317.46,3,317.46,RUNNING,0
317.52,3,317.52,RUNNING,0
317.59,3,317.59,RUNNING,0
317.66,3,317.66,RUNNING,0
317.72,3,317.72,RUNNING,0
317.79,3,317.79,RUNNING,0
317.86,3,317.86,RUNNING,0
317.93,3,317.93,RUNNING,0
317.99,3,317.99,RUNNING,0
318.06,3,318.06,RUNNING,0
318.13,3,318.13,RUNNING,0
318.19,3,318.19,RUNNING,0
318.26,3,318.26,RUNNING,0
318.33,3,318.33,RUNNING,0
318.4,3,318.4,RUNNING,0
318.46,3,318.46,RUNNING,0
318.53,3,318.53,RUNNING,0
318.6,3,318.6,RUNNING,0
318.66,3,318.66,RUNNING,0
318.73,3,318.73,RUNNING,0
318.81,3,318.81,RUNNING,0
318.87,3,318.87,RUNNING,0
318.94,3,318.94,RUNNING,0
319.01,3,319.01,RUNNING,0
319.07,3,319.07,RUNNING,0
319.14,3,319.14,RUNNING,0
319.21,3,319.21,RUNNING,0
319.27,3,319.27,RUNNING,0
319.34,3,319.34,RUNNING,0
319.41,3,319.41,RUNNING,0
319.47,3,319.47,RUNNING,0
319.54,3,319.54,RUNNING,0
319.6,3,319.6,RUNNING,0
319.67,3,319.67,RUNNING,0
319.74,3,319.74,RUNNING,0
319.8,3,319.8,RUNNING,0
319.87,3,319.87,RUNNING,0
319.94,3,319.94,RUNNING,0
320.0,3,320.0,RUNNING,0
320.07,3,320.07,RUNNING,0
320.13,3,320.13,RUNNING,0
320.2,3,320.2,RUNNING,0
320.27,3,320.27,RUNNING,0
320.33,3,320.33,RUNNING,0
320.4,3,320.4,RUNNING,0
320.47,3,320.47,RUNNING,0
320.53,3,320.53,RUNNING,0
320.6,3,320.6,RUNNING,0
320.67,3,320.67,RUNNING,0
320.73,3,320.73,RUNNING,0
320.8,3,320.8,RUNNING,0
320.87,3,320.87,RUNNING,0
320.93,3,320.93,RUNNING,0
321.0,3,321.0,RUNNING,0
321.06,3,321.06,RUNNING,0
321.13,3,321.13,RUNNING,0
321.2,3,321.2,RUNNING,0
321.27,3,321.27,RUNNING,0
321.33,3,321.33,RUNNING,0
321.4,3,321.4,RUNNING,0
321.47,3,321.47,RUNNING,0
321.53,3,321.53,RUNNING,0
321.6,3,321.6,RUNNING,0
321.67,3,321.67,RUNNING,0
321.73,3,321.73,RUNNING,0
321.8,3,321.8,RUNNING,0
321.87,3,321.87,RUNNING,0
321.93,3,321.93,RUNNING,0
322.0,3,322.0,RUNNING,0
322.07,3,322.07,RUNNING,0
322.13,3,322.13,RUNNING,0
322.2,3,322.2,RUNNING,0
322.27,3,322.27,RUNNING,0
322.33,3,322.33,RUNNING,0
322.4,3,322.4,RUNNING,0
322.47,3,322.47,RUNNING,0
322.53,3,322.53,RUNNING,0
322.6,3,322.6,RUNNING,0
322.67,3,322.67,RUNNING,0
322.73,3,322.73,RUNNING,0
322.8,3,322.8,RUNNING,0
322.87,3,322.87,RUNNING,0
322.94,3,322.94,RUNNING,0
323.0,3,323.0,RUNNING,0
323.07,3,323.07,RUNNING,0
323.14,3,323.14,RUNNING,0
323.2,3,323.2,RUNNING,0
323.27,3,323.27,RUNNING,0
323.34,3,323.34,RUNNING,0
323.41,3,323.41,RUNNING,0
323.47,3,323.47,RUNNING,0
323.54,3,323.54,RUNNING,0
323.61,3,323.61,RUNNING,0
323.67,3,323.67,RUNNING,0
323.74,3,323.74,RUNNING,0
323.81,3,323.81,RUNNING,0
323.88,3,323.88,RUNNING,0
323.94,3,323.94,RUNNING,0
324.01,3,324.01,RUNNING,0
324.08,3,324.08,RUNNING,0
324.14,3,324.14,RUNNING,0
324.21,3,324.21,RUNNING,0
324.28,3,324.28,RUNNING,0
324.35,3,324.35,RUNNING,0
324.41,3,324.41,RUNNING,0
324.48,3,324.48,RUNNING,0
324.55,3,324.55,RUNNING,0
324.61,3,324.61,RUNNING,0
324.68,3,324.68,RUNNING,0
324.75,3,324.75,RUNNING,0
324.81,3,324.81,RUNNING,0
324.88,3,324.88,RUNNING,0
324.96,3,324.96,RUNNING,0
325.03,3,325.03,RUNNING,0
325.09,3,325.09,RUNNING,0
325.16,3,325.16,RUNNING,0
325.22,3,325.22,RUNNING,0
325.29,3,325.29,RUNNING,0
325.36,3,325.36,RUNNING,0
325.42,3,325.42,RUNNING,0
325.49,3,325.49,RUNNING,0
325.56,3,325.56,RUNNING,0
325.62,3,325.62,RUNNING,0
325.69,3,325.69,RUNNING,0
325.76,3,325.76,RUNNING,0
325.82,3,325.82,RUNNING,0
325.89,3,325.89,RUNNING,0
325.96,3,325.96,RUNNING,0
326.02,3,326.02,RUNNING,0
326.09,3,326.09,RUNNING,0
326.16,3,326.16,RUNNING,0
326.22,3,326.22,RUNNING,0
326.29,3,326.29,RUNNING,0
326.35,3,326.35,RUNNING,0
326.42,3,326.42,RUNNING,0
326.49,3,326.49,RUNNING,0
326.55,3,326.55,RUNNING,0
326.62,3,326.62,RUNNING,0
326.69,3,326.69,RUNNING,0
326.75,3,326.75,RUNNING,0
326.82,3,326.82,RUNNING,0
326.88,3,326.88,RUNNING,0
326.95,3,326.95,RUNNING,0
327.02,3,327.02,RUNNING,0
327.08,3,327.08,RUNNING,0
327.15,3,327.15,RUNNING,0
327.22,3,327.22,RUNNING,0
327.28,3,327.28,RUNNING,0
327.35,3,327.35,RUNNING,0
327.42,3,327.42,RUNNING,0
327.48,3,327.48,RUNNING,0
327.55,3,327.55,RUNNING,0
327.62,3,327.62,RUNNING,0
327.68,3,327.68,RUNNING,0
327.75,3,327.75,RUNNING,0
327.82,3,327.82,RUNNING,0
327.88,3,327.88,RUNNING,0
327.95,3,327.95,RUNNING,0
328.02,3,328.02,RUNNING,0
328.08,3,328.08,RUNNING,0
328.15,3,328.15,RUNNING,0
328.22,3,328.22,RUNNING,0
328.28,3,328.28,RUNNING,0
328.35,3,328.35,RUNNING,0
328.42,3,328.42,RUNNING,0
328.48,3,328.48,RUNNING,0
328.55,3,328.55,RUNNING,0
328.62,3,328.62,RUNNING,0
328.68,3,328.68,RUNNING,0
328.75,3,328.75,RUNNING,0
328.82,3,328.82,RUNNING,0
328.88,3,328.88,RUNNING,0
328.95,3,328.95,RUNNING,0
329.02,3,329.02,RUNNING,0
329.08,3,329.08,RUNNING,0
329.15,3,329.15,RUNNING,0
329.22,3,329.22,RUNNING,0
329.28,3,329.28,RUNNING,0
329.35,3,329.35,RUNNING,0
329.42,3,329.42,RUNNING,0
329.48,3,329.48,RUNNING,0
329.55,3,329.55,RUNNING,0
329.62,3,329.62,RUNNING,0
329.69,3,329.69,RUNNING,0
329.75,3,329.75,RUNNING,0
329.82,3,329.82,RUNNING,0
329.89,3,329.89,RUNNING,0
329.95,3,329.95,RUNNING,0
330.02,3,330.02,RUNNING,0
330.09,3,330.09,RUNNING,0
330.15,3,330.15,RUNNING,0
330.22,3,330.22,RUNNING,0
330.29,3,330.29,RUNNING,0
330.36,3,330.36,RUNNING,0
330.42,3,330.42,RUNNING,0
330.49,3,330.49,RUNNING,0
330.56,3,330.56,RUNNING,0
330.62,3,330.62,RUNNING,0
330.69,3,330.69,RUNNING,0
330.76,3,330.76,RUNNING,0
330.82,3,330.82,RUNNING,0
330.89,3,330.89,RUNNING,0
330.96,3,330.96,RUNNING,0
331.02,3,331.02,RUNNING,0
331.09,3,331.09,RUNNING,0
331.17,3,331.17,RUNNING,0
331.23,3,331.23,RUNNING,0
331.3,3,331.3,RUNNING,0
331.36,3,331.36,RUNNING,0
331.43,3,331.43,RUNNING,0
331.5,3,331.5,RUNNING,0
331.56,3,331.56,RUNNING,0
331.63,3,331.63,RUNNING,0
331.7,3,331.7,RUNNING,0
331.76,3,331.76,RUNNING,0
331.83,3,331.83,RUNNING,0
331.9,3,331.9,RUNNING,0
331.96,3,331.96,RUNNING,0
332.03,3,332.03,RUNNING,0
332.09,3,332.09,RUNNING,0
332.16,3,332.16,RUNNING,0
332.23,3,332.23,RUNNING,0
332.29,3,332.29,RUNNING,0
332.36,3,332.36,RUNNING,0
332.43,3,332.43,RUNNING,0
332.49,3,332.49,RUNNING,0
332.56,3,332.56,RUNNING,0
332.62,3,332.62,RUNNING,0
332.69,3,332.69,RUNNING,0
332.76,3,332.76,RUNNING,0
332.83,3,332.83,RUNNING,0
332.89,3,332.89,RUNNING,0
332.96,3,332.96,RUNNING,0
333.03,3,333.03,RUNNING,0
333.09,3,333.09,RUNNING,0
333.16,3,333.16,RUNNING,0
333.22,3,333.22,RUNNING,0
333.29,3,333.29,RUNNING,0
333.36,3,333.36,RUNNING,0
333.42,3,333.42,RUNNING,0
333.49,3,333.49,RUNNING,0
333.56,3,333.56,RUNNING,0
333.62,3,333.62,RUNNING,0
333.69,3,333.69,RUNNING,0
333.76,3,333.76,RUNNING,0
333.83,3,333.83,RUNNING,0
333.89,3,333.89,RUNNING,0
333.96,3,333.96,RUNNING,0
334.03,3,334.03,RUNNING,0
334.09,3,334.09,RUNNING,0
334.16,3,334.16,RUNNING,0
334.23,3,334.23,RUNNING,0
334.29,3,334.29,RUNNING,0
334.36,3,334.36,RUNNING,0
334.43,3,334.43,RUNNING,0
334.49,3,334.49,RUNNING,0
334.56,3,334.56,RUNNING,0
334.63,3,334.63,RUNNING,0
334.69,3,334.69,RUNNING,0
334.76,3,334.76,RUNNING,0
334.83,3,334.83,RUNNING,0
334.89,3,334.89,RUNNING,0
334.96,3,334.96,RUNNING,0
335.03,3,335.03,RUNNING,0
335.09,3,335.09,RUNNING,0
335.16,3,335.16,RUNNING,0
335.23,3,335.23,RUNNING,0
335.29,3,335.29,RUNNING,0
335.36,3,335.36,RUNNING,0
335.43,3,335.43,RUNNING,0
335.5,3,335.5,RUNNING,0
335.56,3,335.56,RUNNING,0
335.63,3,335.63,RUNNING,0
335.7,3,335.7,RUNNING,0
335.76,3,335.76,RUNNING,0
335.83,3,335.83,RUNNING,0
335.9,3,335.9,RUNNING,0
335.96,3,335.96,RUNNING,0
336.03,3,336.03,RUNNING,0
336.1,3,336.1,RUNNING,0
336.16,3,336.16,RUNNING,0
336.23,3,336.23,RUNNING,0
336.3,3,336.3,RUNNING,0
336.37,3,336.37,RUNNING,0
336.43,3,336.43,RUNNING,0
336.5,3,336.5,RUNNING,0
336.57,3,336.57,RUNNING,0
336.63,3,336.63,RUNNING,0
336.7,3,336.7,RUNNING,0
336.77,3,336.77,RUNNING,0
336.83,3,336.83,RUNNING,0
336.9,3,336.9,RUNNING,0
336.97,3,336.97,RUNNING,0
337.04,3,337.04,RUNNING,0
337.1,3,337.1,RUNNING,0
337.17,3,337.17,RUNNING,0
337.24,3,337.24,RUNNING,0
337.31,3,337.31,RUNNING,0
337.37,3,337.37,RUNNING,0
337.44,3,337.44,RUNNING,0
337.51,3,337.51,RUNNING,0
337.57,3,337.57,RUNNING,0
337.64,3,337.64,RUNNING,0
337.71,3,337.71,RUNNING,0
337.78,3,337.78,RUNNING,0
337.85,3,337.85,RUNNING,0
337.91,3,337.91,RUNNING,0
337.98,3,337.98,RUNNING,0
338.05,3,338.05,RUNNING,0
338.11,3,338.11,RUNNING,0
338.18,3,338.18,RUNNING,0
338.25,3,338.25,RUNNING,0
338.31,3,338.31,RUNNING,0
338.38,3,338.38,RUNNING,0
338.44,3,338.44,RUNNING,0
338.51,3,338.51,RUNNING,0
338.58,3,338.58,RUNNING,0
338.64,3,338.64,RUNNING,0
338.71,3,338.71,RUNNING,0
338.77,3,338.77,RUNNING,0
338.84,3,338.84,RUNNING,0
338.91,3,338.91,RUNNING,0
338.98,3,338.98,RUNNING,0
339.04,3,339.04,RUNNING,0
339.11,3,339.11,RUNNING,0
339.18,3,339.18,RUNNING,0
339.24,3,339.24,RUNNING,0
339.31,3,339.31,RUNNING,0
339.37,3,339.37,RUNNING,0
339.44,3,339.44,RUNNING,0
339.51,3,339.51,RUNNING,0
339.57,3,339.57,RUNNING,0
339.64,3,339.64,RUNNING,0
339.71,3,339.71,RUNNING,0
339.77,3,339.77,RUNNING,0
339.84,3,339.84,RUNNING,0
339.91,3,339.91,RUNNING,0
339.97,3,339.97,RUNNING,0
340.04,3,340.04,RUNNING,0
340.11,3,340.11,RUNNING,0
340.17,3,340.17,RUNNING,0
340.24,3,340.24,RUNNING,0
340.31,3,340.31,RUNNING,0
340.37,3,340.37,RUNNING,0
340.44,3,340.44,RUNNING,0
340.51,3,340.51,RUNNING,0
340.57,3,340.57,RUNNING,0
340.64,3,340.64,RUNNING,0
340.71,3,340.71,RUNNING,0
340.77,3,340.77,RUNNING,0
340.84,3,340.84,RUNNING,0
340.91,3,340.91,RUNNING,0
340.97,3,340.97,RUNNING,0
341.04,3,341.04,RUNNING,0
341.11,3,341.11,RUNNING,0
341.17,3,341.17,RUNNING,0
341.24,3,341.24,RUNNING,0
341.31,3,341.31,RUNNING,0
341.38,3,341.38,RUNNING,0
341.44,3,341.44,RUNNING,0
341.51,3,341.51,RUNNING,0
341.58,3,341.58,RUNNING,0
341.64,3,341.64,RUNNING,0
341.71,3,341.71,RUNNING,0
341.78,3,341.78,RUNNING,0
341.84,3,341.84,RUNNING,0
341.91,3,341.91,RUNNING,0
341.98,3,341.98,RUNNING,0
342.04,3,342.04,RUNNING,0
342.11,3,342.11,RUNNING,0
342.18,3,342.18,RUNNING,0
342.24,3,342.24,RUNNING,0
342.31,3,342.31,RUNNING,0
342.38,3,342.38,RUNNING,0
342.44,3,342.44,RUNNING,0
342.51,3,342.51,RUNNING,0
342.58,3,342.58,RUNNING,0
342.65,3,342.65,RUNNING,0
342.71,3,342.71,RUNNING,0
342.78,3,342.78,RUNNING,0
342.85,3,342.85,RUNNING,0
342.91,3,342.91,RUNNING,0
342.98,3,342.98,RUNNING,0
343.05,3,343.05,RUNNING,0
343.12,3,343.12,RUNNING,0
343.18,3,343.18,RUNNING,0
343.25,3,343.25,RUNNING,0
343.32,3,343.32,RUNNING,0
343.38,3,343.38,RUNNING,0
343.45,3,343.45,RUNNING,0
343.52,3,343.52,RUNNING,0
343.58,3,343.58,RUNNING,0
343.65,3,343.65,RUNNING,0
343.72,3,343.72,RUNNING,0
343.79,3,343.79,RUNNING,0
343.85,3,343.85,RUNNING,0
343.92,3,343.92,RUNNING,0
343.99,3,343.99,RUNNING,0
344.05,3,344.05,RUNNING,0
344.12,3,344.12,RUNNING,0
344.19,3,344.19,RUNNING,0
344.25,3,344.25,RUNNING,0
344.33,3,344.33,RUNNING,0
344.39,3,344.39,RUNNING,0
344.46,3,344.46,RUNNING,0
344.53,3,344.53,RUNNING,0
344.59,3,344.59,RUNNING,0
344.66,3,344.66,RUNNING,0
344.73,3,344.73,RUNNING,0
344.79,3,344.79,RUNNING,0
344.86,3,344.86,RUNNING,0
344.93,3,344.93,RUNNING,0
344.99,3,344.99,RUNNING,0
345.06,3,345.06,RUNNING,0
345.13,3,345.13,RUNNING,0
345.19,3,345.19,RUNNING,0
345.26,3,345.26,RUNNING,0
345.32,3,345.32,RUNNING,0
345.39,3,345.39,RUNNING,0
345.46,3,345.46,RUNNING,0
345.52,3,345.52,RUNNING,0
345.59,3,345.59,RUNNING,0
345.66,3,345.66,RUNNING,0
345.72,3,345.72,RUNNING,0
345.79,3,345.79,RUNNING,0
345.86,3,345.86,RUNNING,0
345.92,3,345.92,RUNNING,0
345.99,3,345.99,RUNNING,0
346.06,3,346.06,RUNNING,0
346.12,3,346.12,RUNNING,0
346.19,3,346.19,RUNNING,0
346.26,3,346.26,RUNNING,0
346.32,3,346.32,RUNNING,0
346.39,3,346.39,RUNNING,0
346.45,3,346.45,RUNNING,0
346.52,3,346.52,RUNNING,0
346.59,3,346.59,RUNNING,0
346.66,3,346.66,RUNNING,0
346.72,3,346.72,RUNNING,0
346.79,3,346.79,RUNNING,0
346.85,3,346.85,RUNNING,0
346.92,3,346.92,RUNNING,0
346.99,3,346.99,RUNNING,0
347.05,3,347.05,RUNNING,0
347.12,3,347.12,RUNNING,0
347.19,3,347.19,RUNNING,0
347.25,3,347.25,RUNNING,0
347.32,3,347.32,RUNNING,0
347.39,3,347.39,RUNNING,0
347.45,3,347.45,RUNNING,0
347.52,3,347.52,RUNNING,0
347.59,3,347.59,RUNNING,0
347.66,3,347.66,RUNNING,0
347.72,3,347.72,RUNNING,0
347.79,3,347.79,RUNNING,0
347.86,3,347.86,RUNNING,0
347.92,3,347.92,RUNNING,0
347.99,3,347.99,RUNNING,0
348.05,3,348.05,RUNNING,0
348.12,3,348.12,RUNNING,0
348.19,3,348.19,RUNNING,0
348.25,3,348.25,RUNNING,0
348.32,3,348.32,RUNNING,0
348.39,3,348.39,RUNNING,0
348.45,3,348.45,RUNNING,0
348.52,3,348.52,RUNNING,0
348.59,3,348.59,RUNNING,0
348.66,3,348.66,RUNNING,0
348.72,3,348.72,RUNNING,0
348.79,3,348.79,RUNNING,0
348.86,3,348.86,RUNNING,0
348.92,3,348.92,RUNNING,0
348.99,3,348.99,RUNNING,0
349.06,3,349.06,RUNNING,0
349.13,3,349.13,RUNNING,0
349.19,3,349.19,RUNNING,0
349.26,3,349.26,RUNNING,0
349.33,3,349.33,RUNNING,0
349.39,3,349.39,RUNNING,0
349.46,3,349.46,RUNNING,0
349.53,3,349.53,RUNNING,0
349.59,3,349.59,RUNNING,0
349.66,3,349.66,RUNNING,0
349.73,3,349.73,RUNNING,0
349.79,3,349.79,RUNNING,0
349.86,3,349.86,RUNNING,0
349.93,3,349.93,RUNNING,0
350.0,3,350.0,RUNNING,0
350.06,3,350.06,RUNNING,0
350.13,3,350.13,RUNNING,0
350.2,3,350.2,RUNNING,0
350.26,3,350.26,RUNNING,0
350.33,3,350.33,RUNNING,0
350.4,3,350.4,RUNNING,0
350.47,3,350.47,RUNNING,0
350.53,3,350.53,RUNNING,0
350.6,3,350.6,RUNNING,0
350.67,3,350.67,RUNNING,0
350.73,3,350.73,RUNNING,0
350.8,3,350.8,RUNNING,0
350.87,3,350.87,RUNNING,0
350.93,3,350.93,RUNNING,0
351.01,3,351.01,RUNNING,0
351.07,3,351.07,RUNNING,0
351.14,3,351.14,RUNNING,0
351.21,3,351.21,RUNNING,0
351.27,3,351.27,RUNNING,0
351.34,3,351.34,RUNNING,0
351.4,3,351.4,RUNNING,0
351.47,3,351.47,RUNNING,0
351.54,3,351.54,RUNNING,0
351.6,3,351.6,RUNNING,0
351.67,3,351.67,RUNNING,0
351.74,3,351.74,RUNNING,0
351.8,3,351.8,RUNNING,0
351.87,3,351.87,RUNNING,0
351.94,3,351.94,RUNNING,0
352.0,3,352.0,RUNNING,0
352.07,3,352.07,RUNNING,0
352.13,3,352.13,RUNNING,0
352.2,3,352.2,RUNNING,0
352.27,3,352.27,RUNNING,0
352.33,3,352.33,RUNNING,0
352.4,3,352.4,RUNNING,0
352.47,3,352.47,RUNNING,0
352.54,3,352.54,RUNNING,0
352.6,3,352.6,RUNNING,0
352.67,3,352.67,RUNNING,0
352.74,3,352.74,RUNNING,0
352.8,3,352.8,RUNNING,0
352.87,3,352.87,RUNNING,0
352.93,3,352.93,RUNNING,0
353.0,3,353.0,RUNNING,0
353.07,3,353.07,RUNNING,0
353.13,3,353.13,RUNNING,0
353.2,3,353.2,RUNNING,0
353.27,3,353.27,RUNNING,0
353.35,3,353.35,RUNNING,0
353.41,3,353.41,RUNNING,0
353.48,3,353.48,RUNNING,0
353.55,3,353.55,RUNNING,0
353.61,3,353.61,RUNNING,0
353.68,3,353.68,RUNNING,0
353.74,3,353.74,RUNNING,0
353.81,3,353.81,RUNNING,0
353.88,3,353.88,RUNNING,0
353.94,3,353.94,RUNNING,0
354.01,3,354.01,RUNNING,0
354.08,3,354.08,RUNNING,0
354.14,3,354.14,RUNNING,0
354.21,3,354.21,RUNNING,0
354.28,3,354.28,RUNNING,0
354.34,3,354.34,RUNNING,0
354.41,3,354.41,RUNNING,0
354.47,3,354.47,RUNNING,0
354.54,3,354.54,RUNNING,0
354.61,3,354.61,RUNNING,0
354.67,3,354.67,RUNNING,0
354.74,3,354.74,RUNNING,0
354.81,3,354.81,RUNNING,0
354.87,3,354.87,RUNNING,0
354.94,3,354.94,RUNNING,0
355.01,3,355.01,RUNNING,0
355.07,3,355.07,RUNNING,0
355.14,3,355.14,RUNNING,0
355.2,3,355.2,RUNNING,0
355.27,3,355.27,RUNNING,0
355.34,3,355.34,RUNNING,0
355.41,3,355.41,RUNNING,0
355.47,3,355.47,RUNNING,0
355.54,3,355.54,RUNNING,0
355.6,3,355.6,RUNNING,0
355.67,3,355.67,RUNNING,0
355.74,3,355.74,RUNNING,0
355.8,3,355.8,RUNNING,0
355.87,3,355.87,RUNNING,0
355.94,3,355.94,RUNNING,0
356.0,3,356.0,RUNNING,0
356.07,3,356.07,RUNNING,0
356.14,3,356.14,RUNNING,0
356.2,3,356.2,RUNNING,0
356.27,3,356.27,RUNNING,0
356.34,3,356.34,RUNNING,0
356.4,3,356.4,RUNNING,0
356.47,3,356.47,RUNNING,0
356.54,3,356.54,RUNNING,0
356.6,3,356.6,RUNNING,0
356.67,3,356.67,RUNNING,0
356.74,3,356.74,RUNNING,0
356.8,3,356.8,RUNNING,0
356.87,3,356.87,RUNNING,0
356.94,3,356.94,RUNNING,0
357.0,3,357.0,RUNNING,0
357.07,3,357.07,RUNNING,0
357.14,3,357.14,RUNNING,0
357.2,3,357.2,RUNNING,0
357.27,3,357.27,RUNNING,0
357.34,3,357.34,RUNNING,0
357.4,3,357.4,RUNNING,0
357.47,3,357.47,RUNNING,0
357.54,3,357.54,RUNNING,0
357.6,3,357.6,RUNNING,0
357.67,3,357.67,RUNNING,0
357.74,3,357.74,RUNNING,0
357.8,3,357.8,RUNNING,0
357.87,3,357.87,RUNNING,0
357.94,3,357.94,RUNNING,0
358.0,3,358.0,RUNNING,0
358.07,3,358.07,RUNNING,0
358.14,3,358.14,RUNNING,0
358.2,3,358.2,RUNNING,0
358.27,3,358.27,RUNNING,0
358.34,3,358.34,RUNNING,0
358.41,3,358.41,RUNNING,0
358.47,3,358.47,RUNNING,0
358.54,3,358.54,RUNNING,0
358.61,3,358.61,RUNNING,0
358.67,3,358.67,RUNNING,0
358.74,3,358.74,RUNNING,0
358.81,3,358.81,RUNNING,0
358.87,3,358.87,RUNNING,0
358.94,3,358.94,RUNNING,0
359.01,3,359.01,RUNNING,0
359.07,3,359.07,RUNNING,0
359.14,3,359.14,RUNNING,0
359.21,3,359.21,RUNNING,0
359.28,3,359.28,RUNNING,0
359.34,3,359.34,RUNNING,0
359.41,3,359.41,RUNNING,0
359.48,3,359.48,RUNNING,0
359.54,3,359.54,RUNNING,0
359.61,3,359.61,RUNNING,0
359.68,3,359.68,RUNNING,0
359.75,3,359.75,RUNNING,0
359.81,3,359.81,RUNNING,0
359.88,3,359.88,RUNNING,0
359.95,3,359.95,RUNNING,0
360.02,3,360.02,RUNNING,0
360.09,3,360.09,RUNNING,0
360.15,3,360.15,RUNNING,0
360.22,3,360.22,RUNNING,0
360.29,3,360.29,RUNNING,0
360.35,3,360.35,RUNNING,0
360.42,3,360.42,RUNNING,0
360.49,3,360.49,RUNNING,0
360.55,3,360.55,RUNNING,0
360.62,3,360.62,RUNNING,0
360.69,3,360.69,RUNNING,0
360.75,3,360.75,RUNNING,0
360.82,3,360.82,RUNNING,0
360.89,3,360.89,RUNNING,0
360.95,3,360.95,RUNNING,0
361.02,3,361.02,RUNNING,0
361.08,3,361.08,RUNNING,0
361.15,3,361.15,RUNNING,0
361.22,3,361.22,RUNNING,0
361.28,3,361.28,RUNNING,0
361.35,3,361.35,RUNNING,0
361.42,3,361.42,RUNNING,0
361.48,3,361.48,RUNNING,0
361.55,3,361.55,RUNNING,0
361.62,3,361.62,RUNNING,0
361.68,3,361.68,RUNNING,0
361.75,3,361.75,RUNNING,0
361.82,3,361.82,RUNNING,0
361.88,3,361.88,RUNNING,0
361.95,3,361.95,RUNNING,0
362.01,3,362.01,RUNNING,0
362.08,3,362.08,RUNNING,0
362.15,3,362.15,RUNNING,0
362.21,3,362.21,RUNNING,0
362.28,3,362.28,RUNNING,0
362.35,3,362.35,RUNNING,0
362.41,3,362.41,RUNNING,0
362.48,3,362.48,RUNNING,0
362.55,3,362.55,RUNNING,0
362.61,3,362.61,RUNNING,0
362.68,3,362.68,RUNNING,0
362.75,3,362.75,RUNNING,0
362.81,3,362.81,RUNNING,0
362.88,3,362.88,RUNNING,0
362.95,3,362.95,RUNNING,0
363.01,3,363.01,RUNNING,0
363.08,3,363.08,RUNNING,0
363.15,3,363.15,RUNNING,0
363.21,3,363.21,RUNNING,0
363.28,3,363.28,RUNNING,0
363.35,3,363.35,RUNNING,0
363.41,3,363.41,RUNNING,0
363.48,3,363.48,RUNNING,0
363.55,3,363.55,RUNNING,0
363.61,3,363.61,RUNNING,0
363.68,3,363.68,RUNNING,0
363.75,3,363.75,RUNNING,0
363.81,3,363.81,RUNNING,0
363.88,3,363.88,RUNNING,0
363.94,3,363.94,RUNNING,0
364.01,3,364.01,RUNNING,0
364.08,3,364.08,RUNNING,0
364.15,3,364.15,RUNNING,0
364.21,3,364.21,RUNNING,0
364.28,3,364.28,RUNNING,0
364.35,3,364.35,RUNNING,0
364.41,3,364.41,RUNNING,0
364.48,3,364.48,RUNNING,0
364.55,3,364.55,RUNNING,0
364.61,3,364.61,RUNNING,0
364.68,3,364.68,RUNNING,0
364.75,3,364.75,RUNNING,0
364.81,3,364.81,RUNNING,0
364.88,3,364.88,RUNNING,0
364.95,3,364.95,RUNNING,0
365.01,3,365.01,RUNNING,0
365.08,3,365.08,RUNNING,0
365.15,3,365.15,RUNNING,0
365.22,3,365.22,RUNNING,0
365.28,3,365.28,RUNNING,0
365.35,3,365.35,RUNNING,0
365.42,3,365.42,RUNNING,0
365.48,3,365.48,RUNNING,0
365.55,3,365.55,RUNNING,0
365.62,3,365.62,RUNNING,0
365.68,3,365.68,RUNNING,0
365.75,3,365.75,RUNNING,0
365.82,3,365.82,RUNNING,0
365.89,3,365.89,RUNNING,0
365.95,3,365.95,RUNNING,0
366.02,3,366.02,RUNNING,0
366.09,3,366.09,RUNNING,0
366.15,3,366.15,RUNNING,0
366.22,3,366.22,RUNNING,0
366.29,3,366.29,RUNNING,0
366.35,3,366.35,RUNNING,0
366.42,3,366.42,RUNNING,0
366.49,3,366.49,RUNNING,0
366.55,3,366.55,RUNNING,0
366.62,3,366.62,RUNNING,0
366.69,3,366.69,RUNNING,0
366.76,3,366.76,RUNNING,0
366.83,3,366.83,RUNNING,0
366.89,3,366.89,RUNNING,0
366.96,3,366.96,RUNNING,0
367.03,3,367.03,RUNNING,0
367.09,3,367.09,RUNNING,0
367.16,3,367.16,RUNNING,0
367.23,3,367.23,RUNNING,0
367.29,3,367.29,RUNNING,0
367.36,3,367.36,RUNNING,0
367.42,3,367.42,RUNNING,0
367.49,3,367.49,RUNNING,0
367.56,3,367.56,RUNNING,0
367.62,3,367.62,RUNNING,0
367.69,3,367.69,RUNNING,0
367.76,3,367.76,RUNNING,0
367.82,3,367.82,RUNNING,0
367.89,3,367.89,RUNNING,0
367.95,3,367.95,RUNNING,0
368.02,3,368.02,RUNNING,0
368.09,3,368.09,RUNNING,0
368.15,3,368.15,RUNNING,0
368.22,3,368.22,RUNNING,0
368.29,3,368.29,RUNNING,0
368.35,3,368.35,RUNNING,0
368.42,3,368.42,RUNNING,0
368.49,3,368.49,RUNNING,0
368.55,3,368.55,RUNNING,0
368.62,3,368.62,RUNNING,0
368.69,3,368.69,RUNNING,0
368.75,3,368.75,RUNNING,0
368.82,3,368.82,RUNNING,0
368.89,3,368.89,RUNNING,0
368.95,3,368.95,RUNNING,0
369.02,3,369.02,RUNNING,0
369.09,3,369.09,RUNNING,0
369.15,3,369.15,RUNNING,0
369.22,3,369.22,RUNNING,0
369.29,3,369.29,RUNNING,0
369.35,3,369.35,RUNNING,0
369.42,3,369.42,RUNNING,0
369.49,3,369.49,RUNNING,0
369.55,3,369.55,RUNNING,0
369.62,3,369.62,RUNNING,0
369.69,3,369.69,RUNNING,0
369.75,3,369.75,RUNNING,0
369.82,3,369.82,RUNNING,0
369.89,3,369.89,RUNNING,0
369.95,3,369.95,RUNNING,0
370.02,3,370.02,RUNNING,0
370.09,3,370.09,RUNNING,0
370.15,3,370.15,RUNNING,0
370.22,3,370.22,RUNNING,0
370.29,3,370.29,RUNNING,0
370.35,3,370.35,RUNNING,0
370.42,3,370.42,RUNNING,0
370.49,3,370.49,RUNNING,0
370.55,3,370.55,RUNNING,0
370.62,3,370.62,RUNNING,0
370.68,3,370.68,RUNNING,0
370.75,3,370.75,RUNNING,0
370.82,3,370.82,RUNNING,0
370.88,3,370.88,RUNNING,0
370.95,3,370.95,RUNNING,0
371.02,3,371.02,RUNNING,0
371.09,3,371.09,RUNNING,0
371.15,3,371.15,RUNNING,0
371.22,3,371.22,RUNNING,0
371.29,3,371.29,RUNNING,0
371.35,3,371.35,RUNNING,0
371.42,3,371.42,RUNNING,0
371.49,3,371.49,RUNNING,0
371.55,3,371.55,RUNNING,0
371.62,3,371.62,RUNNING,0
371.69,3,371.69,RUNNING,0
371.75,3,371.75,RUNNING,0
371.82,3,371.82,RUNNING,0
371.89,3,371.89,RUNNING,0
371.95,3,371.95,RUNNING,0
372.02,3,372.02,RUNNING,0
372.09,3,372.09,RUNNING,0
372.16,3,372.16,RUNNING,0
372.22,3,372.22,RUNNING,0
372.29,3,372.29,RUNNING,0
372.36,3,372.36,RUNNING,0
372.42,3,372.42,RUNNING,0
372.49,3,372.49,RUNNING,0
372.56,3,372.56,RUNNING,0
372.62,3,372.62,RUNNING,0
372.69,3,372.69,RUNNING,0
372.76,3,372.76,RUNNING,0
372.82,3,372.82,RUNNING,0
372.89,3,372.89,RUNNING,0
372.96,3,372.96,RUNNING,0
373.03,3,373.03,RUNNING,0
373.09,3,373.09,RUNNING,0
373.16,3,373.16,RUNNING,0
373.23,3,373.23,RUNNING,0
373.29,3,373.29,RUNNING,0
373.36,3,373.36,RUNNING,0
373.44,3,373.44,RUNNING,0
373.5,3,373.5,RUNNING,0
373.57,3,373.57,RUNNING,0
373.63,3,373.63,RUNNING,0
373.7,3,373.7,RUNNING,0
373.77,3,373.77,RUNNING,0
373.83,3,373.83,RUNNING,0
373.9,3,373.9,RUNNING,0
373.96,3,373.96,RUNNING,0
374.03,3,374.03,RUNNING,0
374.1,3,374.1,RUNNING,0
374.16,3,374.16,RUNNING,0
374.23,3,374.23,RUNNING,0
374.3,3,374.3,RUNNING,0
374.36,3,374.36,RUNNING,0
374.43,3,374.43,RUNNING,0
374.5,3,374.5,RUNNING,0
374.56,3,374.56,RUNNING,0
374.63,3,374.63,RUNNING,0
374.7,3,374.7,RUNNING,0
374.76,3,374.76,RUNNING,0
374.83,3,374.83,RUNNING,0
374.89,3,374.89,RUNNING,0
374.96,3,374.96,RUNNING,0
375.03,3,375.03,RUNNING,0
375.09,3,375.09,RUNNING,0
375.16,3,375.16,RUNNING,0
375.23,3,375.23,RUNNING,0
375.29,3,375.29,RUNNING,0
375.36,3,375.36,RUNNING,0
375.43,3,375.43,RUNNING,0
375.49,3,375.49,RUNNING,0
375.56,3,375.56,RUNNING,0
375.63,3,375.63,RUNNING,0
375.69,3,375.69,RUNNING,0
375.76,3,375.76,RUNNING,0
375.82,3,375.82,RUNNING,0
375.89,3,375.89,RUNNING,0
375.96,3,375.96,RUNNING,0
376.02,3,376.02,RUNNING,0
376.09,3,376.09,RUNNING,0
376.16,3,376.16,RUNNING,0
376.22,3,376.22,RUNNING,0
376.29,3,376.29,RUNNING,0
376.36,3,376.36,RUNNING,0
376.42,3,376.42,RUNNING,0
376.49,3,376.49,RUNNING,0
376.56,3,376.56,RUNNING,0
376.62,3,376.62,RUNNING,0
376.69,3,376.69,RUNNING,0
376.76,3,376.76,RUNNING,0
376.82,3,376.82,RUNNING,0
376.89,3,376.89,RUNNING,0
376.96,3,376.96,RUNNING,0
377.02,3,377.02,RUNNING,0
377.09,3,377.09,RUNNING,0
377.16,3,377.16,RUNNING,0
377.22,3,377.22,RUNNING,0
377.29,3,377.29,RUNNING,0
377.36,3,377.36,RUNNING,0
377.42,3,377.42,RUNNING,0
377.49,3,377.49,RUNNING,0
377.56,3,377.56,RUNNING,0
377.62,3,377.62,RUNNING,0
377.69,3,377.69,RUNNING,0
377.76,3,377.76,RUNNING,0
377.82,3,377.82,RUNNING,0
377.89,3,377.89,RUNNING,0
377.96,3,377.96,RUNNING,0
378.02,3,378.02,RUNNING,0
378.09,3,378.09,RUNNING,0
378.16,3,378.16,RUNNING,0
378.22,3,378.22,RUNNING,0
378.29,3,378.29,RUNNING,0
378.36,3,378.36,RUNNING,0
378.42,3,378.42,RUNNING,0
378.49,3,378.49,RUNNING,0
378.56,3,378.56,RUNNING,0
378.63,3,378.63,RUNNING,0
378.69,3,378.69,RUNNING,0
378.76,3,378.76,RUNNING,0
378.83,3,378.83,RUNNING,0
378.89,3,378.89,RUNNING,0
378.96,3,378.96,RUNNING,0
379.03,3,379.03,RUNNING,0
379.1,3,379.1,RUNNING,0
379.16,3,379.16,RUNNING,0
379.23,3,379.23,RUNNING,0
379.3,3,379.3,RUNNING,0
379.36,3,379.36,RUNNING,0
379.43,3,379.43,RUNNING,0
379.5,3,379.5,RUNNING,0
379.56,3,379.56,RUNNING,0
379.63,3,379.63,RUNNING,0
379.7,3,379.7,RUNNING,0
379.76,3,379.76,RUNNING,0
379.83,3,379.83,RUNNING,0
379.9,3,379.9,RUNNING,0
379.96,3,379.96,RUNNING,0
380.03,3,380.03,RUNNING,0
380.1,3,380.1,RUNNING,0
380.17,3,380.17,RUNNING,0
380.24,3,380.24,RUNNING,0
380.31,3,380.31,RUNNING,0
380.37,3,380.37,RUNNING,0
380.44,3,380.44,RUNNING,0
380.51,3,380.51,RUNNING,0
380.57,3,380.57,RUNNING,0
380.64,3,380.64,RUNNING,0
380.71,3,380.71,RUNNING,0
380.77,3,380.77,RUNNING,0
380.84,3,380.84,RUNNING,0
380.9,3,380.9,RUNNING,0
380.97,3,380.97,RUNNING,0
381.04,3,381.04,RUNNING,0
381.1,3,381.1,RUNNING,0
381.17,3,381.17,RUNNING,0
381.24,3,381.24,RUNNING,0
381.3,3,381.3,RUNNING,0
381.37,3,381.37,RUNNING,0
381.44,3,381.44,RUNNING,0
381.5,3,381.5,RUNNING,0
381.57,3,381.57,RUNNING,0
381.63,3,381.63,RUNNING,0
381.7,3,381.7,RUNNING,0
381.77,3,381.77,RUNNING,0
381.83,3,381.83,RUNNING,0
381.9,3,381.9,RUNNING,0
381.97,3,381.97,RUNNING,0
382.03,3,382.03,RUNNING,0
382.1,3,382.1,RUNNING,0
382.17,3,382.17,RUNNING,0
382.23,3,382.23,RUNNING,0
382.3,3,382.3,RUNNING,0
382.37,3,382.37,RUNNING,0
382.43,3,382.43,RUNNING,0
382.5,3,382.5,RUNNING,0
382.57,3,382.57,RUNNING,0
382.63,3,382.63,RUNNING,0
382.7,3,382.7,RUNNING,0
382.76,3,382.76,RUNNING,0
382.83,3,382.83,RUNNING,0
382.9,3,382.9,RUNNING,0
382.96,3,382.96,RUNNING,0
383.03,3,383.03,RUNNING,0
383.1,3,383.1,RUNNING,0
383.16,3,383.16,RUNNING,0
383.23,3,383.23,RUNNING,0
383.3,3,383.3,RUNNING,0
383.36,3,383.36,RUNNING,0
383.43,3,383.43,RUNNING,0
383.49,3,383.49,RUNNING,0
383.56,3,383.56,RUNNING,0
383.63,3,383.63,RUNNING,0
383.69,3,383.69,RUNNING,0
383.76,3,383.76,RUNNING,0
383.83,3,383.83,RUNNING,0
383.89,3,383.89,RUNNING,0
383.96,3,383.96,RUNNING,0
384.03,3,384.03,RUNNING,0
384.09,3,384.09,RUNNING,0
384.16,3,384.16,RUNNING,0
384.23,3,384.23,RUNNING,0
384.29,3,384.29,RUNNING,0
384.36,3,384.36,RUNNING,0
384.43,3,384.43,RUNNING,0
384.49,3,384.49,RUNNING,0
384.56,3,384.56,RUNNING,0
384.63,3,384.63,RUNNING,0
384.69,3,384.69,RUNNING,0
384.76,3,384.76,RUNNING,0
384.83,3,384.83,RUNNING,0
384.9,3,384.9,RUNNING,0
384.96,3,384.96,RUNNING,0
385.03,3,385.03,RUNNING,0
385.1,3,385.1,RUNNING,0
385.16,3,385.16,RUNNING,0
385.23,3,385.23,RUNNING,0
385.3,3,385.3,RUNNING,0
385.36,3,385.36,RUNNING,0
385.43,3,385.43,RUNNING,0
385.5,3,385.5,RUNNING,0
385.56,3,385.56,RUNNING,0
385.63,3,385.63,RUNNING,0
385.7,3,385.7,RUNNING,0
385.76,3,385.76,RUNNING,0
385.83,3,385.83,RUNNING,0
385.9,3,385.9,RUNNING,0
385.96,3,385.96,RUNNING,0
386.03,3,386.03,RUNNING,0
386.1,3,386.1,RUNNING,0
386.16,3,386.16,RUNNING,0
386.23,3,386.23,RUNNING,0
386.3,3,386.3,RUNNING,0
386.36,3,386.36,RUNNING,0
386.43,3,386.43,RUNNING,0
386.5,3,386.5,RUNNING,0
386.56,3,386.56,RUNNING,0
386.63,3,386.63,RUNNING,0
386.7,3,386.7,RUNNING,0
386.77,3,386.77,RUNNING,0
386.84,3,386.84,RUNNING,0
386.91,3,386.91,RUNNING,0
386.98,3,386.98,RUNNING,0
387.04,3,387.04,RUNNING,0
387.11,3,387.11,RUNNING,0
387.17,3,387.17,RUNNING,0
387.24,3,387.24,RUNNING,0
387.31,3,387.31,RUNNING,0
387.37,3,387.37,RUNNING,0
387.44,3,387.44,RUNNING,0
387.51,3,387.51,RUNNING,0
387.57,3,387.57,RUNNING,0
387.64,3,387.64,RUNNING,0
387.71,3,387.71,RUNNING,0
387.77,3,387.77,RUNNING,0
387.84,3,387.84,RUNNING,0
387.9,3,387.9,RUNNING,0
387.97,3,387.97,RUNNING,0
388.04,3,388.04,RUNNING,0
388.1,3,388.1,RUNNING,0
388.17,3,388.17,RUNNING,0
388.24,3,388.24,RUNNING,0
388.3,3,388.3,RUNNING,0
388.37,3,388.37,RUNNING,0
388.44,3,388.44,RUNNING,0
388.5,3,388.5,RUNNING,0
388.57,3,388.57,RUNNING,0
388.64,3,388.64,RUNNING,0
388.7,3,388.7,RUNNING,0
388.77,3,388.77,RUNNING,0
388.84,3,388.84,RUNNING,0
388.9,3,388.9,RUNNING,0
388.97,3,388.97,RUNNING,0
389.04,3,389.04,RUNNING,0
389.1,3,389.1,RUNNING,0
389.17,3,389.17,RUNNING,0
389.24,3,389.24,RUNNING,0
389.3,3,389.3,RUNNING,0
389.37,3,389.37,RUNNING,0
389.44,3,389.44,RUNNING,0
389.5,3,389.5,RUNNING,0
389.57,3,389.57,RUNNING,0
389.64,3,389.64,RUNNING,0
389.7,3,389.7,RUNNING,0
389.77,3,389.77,RUNNING,0
389.84,3,389.84,RUNNING,0
389.9,3,389.9,RUNNING,0
389.97,3,389.97,RUNNING,0
390.04,3,390.04,RUNNING,0
390.1,3,390.1,RUNNING,0
390.17,3,390.17,RUNNING,0
390.24,3,390.24,RUNNING,0
390.3,3,390.3,RUNNING,0
390.37,3,390.37,RUNNING,0
390.44,3,390.44,RUNNING,0
390.5,3,390.5,RUNNING,0
390.57,3,390.57,RUNNING,0
390.64,3,390.64,RUNNING,0
390.7,3,390.7,RUNNING,0
390.77,3,390.77,RUNNING,0
390.84,3,390.84,RUNNING,0
390.91,3,390.91,RUNNING,0
390.97,3,390.97,RUNNING,0
391.04,3,391.04,RUNNING,0
391.11,3,391.11,RUNNING,0
391.17,3,391.17,RUNNING,0
391.24,3,391.24,RUNNING,0
391.31,3,391.31,RUNNING,0
391.37,3,391.37,RUNNING,0
391.44,3,391.44,RUNNING,0
391.51,3,391.51,RUNNING,0
391.57,3,391.57,RUNNING,0
391.64,3,391.64,RUNNING,0
391.71,3,391.71,RUNNING,0
391.77,3,391.77,RUNNING,0
391.84,3,391.84,RUNNING,0
391.91,3,391.91,RUNNING,0
391.98,3,391.98,RUNNING,0
392.04,3,392.04,RUNNING,0
392.11,3,392.11,RUNNING,0
392.18,3,392.18,RUNNING,0
392.24,3,392.24,RUNNING,0
392.31,3,392.31,RUNNING,0
392.38,3,392.38,RUNNING,0
392.45,3,392.45,RUNNING,0
392.51,3,392.51,RUNNING,0
392.58,3,392.58,RUNNING,0
392.65,3,392.65,RUNNING,0
392.71,3,392.71,RUNNING,0
392.78,3,392.78,RUNNING,0
392.85,3,392.85,RUNNING,0
392.92,3,392.92,RUNNING,0
392.98,3,392.98,RUNNING,0
393.05,3,393.05,RUNNING,0
393.12,3,393.12,RUNNING,0
393.18,3,393.18,RUNNING,0
393.25,3,393.25,RUNNING,0
393.32,3,393.32,RUNNING,0
393.39,3,393.39,RUNNING,0
393.46,3,393.46,RUNNING,0
393.53,3,393.53,RUNNING,0
393.59,3,393.59,RUNNING,0
393.66,3,393.66,RUNNING,0
393.72,3,393.72,RUNNING,0
393.79,3,393.79,RUNNING,0
393.86,3,393.86,RUNNING,0
393.92,3,393.92,RUNNING,0
393.99,3,393.99,RUNNING,0
394.06,3,394.06,RUNNING,0
394.12,3,394.12,RUNNING,0
394.19,3,394.19,RUNNING,0
394.26,3,394.26,RUNNING,0
394.32,3,394.32,RUNNING,0
394.39,3,394.39,RUNNING,0
394.45,3,394.45,RUNNING,0
394.52,3,394.52,RUNNING,0
394.59,3,394.59,RUNNING,0
394.66,3,394.66,RUNNING,0
394.73,3,394.73,RUNNING,0
394.8,3,394.8,RUNNING,0
394.86,3,394.86,RUNNING,0
394.93,3,394.93,RUNNING,0
394.99,3,394.99,RUNNING,0
395.06,3,395.06,RUNNING,0
395.12,3,395.12,RUNNING,0
395.19,3,395.19,RUNNING,0
395.26,3,395.26,RUNNING,0
395.32,3,395.32,RUNNING,0
395.39,3,395.39,RUNNING,0
395.46,3,395.46,RUNNING,0
395.52,3,395.52,RUNNING,0
395.59,3,395.59,RUNNING,0
395.66,3,395.66,RUNNING,0
395.72,3,395.72,RUNNING,0
395.79,3,395.79,RUNNING,0
395.85,3,395.85,RUNNING,0
395.92,3,395.92,RUNNING,0
395.99,3,395.99,RUNNING,0
396.05,3,396.05,RUNNING,0
396.12,3,396.12,RUNNING,0
396.19,3,396.19,RUNNING,0
396.25,3,396.25,RUNNING,0
396.32,3,396.32,RUNNING,0
396.39,3,396.39,RUNNING,0
396.45,3,396.45,RUNNING,0
396.52,3,396.52,RUNNING,0
396.59,3,396.59,RUNNING,0
396.65,3,396.65,RUNNING,0
396.72,3,396.72,RUNNING,0
396.79,3,396.79,RUNNING,0
396.85,3,396.85,RUNNING,0
396.92,3,396.92,RUNNING,0
396.99,3,396.99,RUNNING,0
397.05,3,397.05,RUNNING,0
397.12,3,397.12,RUNNING,0
397.19,3,397.19,RUNNING,0
397.25,3,397.25,RUNNING,0
397.32,3,397.32,RUNNING,0
397.38,3,397.38,RUNNING,0
397.45,3,397.45,RUNNING,0
397.52,3,397.52,RUNNING,0
397.59,3,397.59,RUNNING,0
397.65,3,397.65,RUNNING,0
397.72,3,397.72,RUNNING,0
397.79,3,397.79,RUNNING,0
397.85,3,397.85,RUNNING,0
397.92,3,397.92,RUNNING,0
397.99,3,397.99,RUNNING,0
398.05,3,398.05,RUNNING,0
398.12,3,398.12,RUNNING,0
398.18,3,398.18,RUNNING,0
398.25,3,398.25,RUNNING,0
398.32,3,398.32,RUNNING,0
398.38,3,398.38,RUNNING,0
398.45,3,398.45,RUNNING,0
398.52,3,398.52,RUNNING,0
398.58,3,398.58,RUNNING,0
398.65,3,398.65,RUNNING,0
398.72,3,398.72,RUNNING,0
398.78,3,398.78,RUNNING,0
398.85,3,398.85,RUNNING,0
398.92,3,398.92,RUNNING,0
398.98,3,398.98,RUNNING,0
399.05,3,399.05,RUNNING,0
399.12,3,399.12,RUNNING,0
399.18,3,399.18,RUNNING,0
399.25,3,399.25,RUNNING,0
399.32,3,399.32,RUNNING,0
399.38,3,399.38,RUNNING,0
399.45,3,399.45,RUNNING,0
399.52,3,399.52,RUNNING,0
399.58,3,399.58,RUNNING,0
399.65,3,399.65,RUNNING,0
399.72,3,399.72,RUNNING,0
399.78,3,399.78,RUNNING,0
399.85,3,399.85,RUNNING,0
399.92,3,399.92,RUNNING,0
399.98,3,399.98,RUNNING,0
400.05,3,400.05,RUNNING,0
400.12,3,400.12,RUNNING,0
400.19,3,400.19,RUNNING,0
400.25,3,400.25,RUNNING,0
400.32,3,400.32,RUNNING,0
400.39,3,400.39,RUNNING,0
400.45,3,400.45,RUNNING,0
400.52,3,400.52,RUNNING,0
400.59,3,400.59,RUNNING,0
400.66,3,400.66,RUNNING,0
400.72,3,400.72,RUNNING,0
400.79,3,400.79,RUNNING,0
400.86,3,400.86,RUNNING,0
400.92,3,400.92,RUNNING,0
400.99,3,400.99,RUNNING,0
401.06,3,401.06,RUNNING,0
401.12,3,401.12,RUNNING,0
401.19,3,401.19,RUNNING,0
401.26,3,401.26,RUNNING,0
401.33,3,401.33,RUNNING,0
401.4,3,401.4,RUNNING,0
401.46,3,401.46,RUNNING,0
401.53,3,401.53,RUNNING,0
401.6,3,401.6,RUNNING,0
401.66,3,401.66,RUNNING,0
401.73,3,401.73,RUNNING,0
401.79,3,401.79,RUNNING,0
401.86,3,401.86,RUNNING,0
401.93,3,401.93,RUNNING,0
401.99,3,401.99,RUNNING,0
402.06,3,402.06,RUNNING,0
402.13,3,402.13,RUNNING,0
402.19,3,402.19,RUNNING,0
402.26,3,402.26,RUNNING,0
402.32,3,402.32,RUNNING,0
402.39,3,402.39,RUNNING,0
402.46,3,402.46,RUNNING,0
402.52,3,402.52,RUNNING,0
402.59,3,402.59,RUNNING,0
402.66,3,402.66,RUNNING,0
402.72,3,402.72,RUNNING,0
402.79,3,402.79,RUNNING,0
402.86,3,402.86,RUNNING,0
402.92,3,402.92,RUNNING,0
402.99,3,402.99,RUNNING,0
403.05,3,403.05,RUNNING,0
403.12,3,403.12,RUNNING,0
403.19,3,403.19,RUNNING,0
403.25,3,403.25,RUNNING,0
403.32,3,403.32,RUNNING,0
403.38,3,403.38,RUNNING,0
403.45,3,403.45,RUNNING,0
403.52,3,403.52,RUNNING,0
403.59,3,403.59,RUNNING,0
403.65,3,403.65,RUNNING,0
403.72,3,403.72,RUNNING,0
403.78,3,403.78,RUNNING,0
403.85,3,403.85,RUNNING,0
403.92,3,403.92,RUNNING,0
403.98,3,403.98,RUNNING,0
404.05,3,404.05,RUNNING,0
404.12,3,404.12,RUNNING,0
404.18,3,404.18,RUNNING,0
404.25,3,404.25,RUNNING,0
404.32,3,404.32,RUNNING,0
404.38,3,404.38,RUNNING,0
404.45,3,404.45,RUNNING,0
404.52,3,404.52,RUNNING,0
404.58,3,404.58,RUNNING,0
404.65,3,404.65,RUNNING,0
404.72,3,404.72,RUNNING,0
404.78,3,404.78,RUNNING,0
404.85,3,404.85,RUNNING,0
404.92,3,404.92,RUNNING,0
404.98,3,404.98,RUNNING,0
405.05,3,405.05,RUNNING,0
405.12,3,405.12,RUNNING,0
405.18,3,405.18,RUNNING,0
405.25,3,405.25,RUNNING,0
405.32,3,405.32,RUNNING,0
405.38,3,405.38,RUNNING,0
405.45,3,405.45,RUNNING,0
405.52,3,405.52,RUNNING,0
405.58,3,405.58,RUNNING,0
405.65,3,405.65,RUNNING,0
405.72,3,405.72,RUNNING,0
405.78,3,405.78,RUNNING,0
405.85,3,405.85,RUNNING,0
405.92,3,405.92,RUNNING,0
405.98,3,405.98,RUNNING,0
406.05,3,406.05,RUNNING,0
406.12,3,406.12,RUNNING,0
406.18,3,406.18,RUNNING,0
406.25,3,406.25,RUNNING,0
406.32,3,406.32,RUNNING,0
406.38,3,406.38,RUNNING,0
406.46,3,406.46,RUNNING,0
406.52,3,406.52,RUNNING,0
406.59,3,406.59,RUNNING,0
406.66,3,406.66,RUNNING,0
406.72,3,406.72,RUNNING,0
406.79,3,406.79,RUNNING,0
406.86,3,406.86,RUNNING,0
406.93,3,406.93,RUNNING,0
406.99,3,406.99,RUNNING,0
407.06,3,407.06,RUNNING,0
407.13,3,407.13,RUNNING,0
407.19,3,407.19,RUNNING,0
407.26,3,407.26,RUNNING,0
407.33,3,407.33,RUNNING,0
407.39,3,407.39,RUNNING,0
407.46,3,407.46,RUNNING,0
407.53,3,407.53,RUNNING,0
407.6,3,407.6,RUNNING,0
407.66,3,407.66,RUNNING,0
407.73,3,407.73,RUNNING,0
407.8,3,407.8,RUNNING,0
407.87,3,407.87,RUNNING,0
407.94,3,407.94,RUNNING,0
408.01,3,408.01,RUNNING,0
408.07,3,408.07,RUNNING,0
408.14,3,408.14,RUNNING,0
408.21,3,408.21,RUNNING,0
408.27,3,408.27,RUNNING,0
408.34,3,408.34,RUNNING,0
408.4,3,408.4,RUNNING,0
408.47,3,408.47,RUNNING,0
408.54,3,408.54,RUNNING,0
408.6,3,408.6,RUNNING,0
408.67,3,408.67,RUNNING,0
408.74,3,408.74,RUNNING,0
408.8,3,408.8,RUNNING,0
408.87,3,408.87,RUNNING,0
408.93,3,408.93,RUNNING,0
409.0,3,409.0,RUNNING,0
409.07,3,409.07,RUNNING,0
409.13,3,409.13,RUNNING,0
409.2,3,409.2,RUNNING,0
409.26,3,409.26,RUNNING,0
409.33,3,409.33,RUNNING,0
409.4,3,409.4,RUNNING,0
409.46,3,409.46,RUNNING,0
409.53,3,409.53,RUNNING,0
409.6,3,409.6,RUNNING,0
409.66,3,409.66,RUNNING,0
409.73,3,409.73,RUNNING,0
409.8,3,409.8,RUNNING,0
409.86,3,409.86,RUNNING,0
409.93,3,409.93,RUNNING,0
410.0,3,410.0,RUNNING,0
410.06,3,410.06,RUNNING,0
410.13,3,410.13,RUNNING,0
410.2,3,410.2,RUNNING,0
410.26,3,410.26,RUNNING,0
410.33,3,410.33,RUNNING,0
410.39,3,410.39,RUNNING,0
410.46,3,410.46,RUNNING,0
410.53,3,410.53,RUNNING,0
410.6,3,410.6,RUNNING,0
410.66,3,410.66,RUNNING,0
410.73,3,410.73,RUNNING,0
410.79,3,410.79,RUNNING,0
410.86,3,410.86,RUNNING,0
410.93,3,410.93,RUNNING,0
410.99,3,410.99,RUNNING,0
411.06,3,411.06,RUNNING,0
411.13,3,411.13,RUNNING,0
411.19,3,411.19,RUNNING,0
411.26,3,411.26,RUNNING,0
411.33,3,411.33,RUNNING,0
411.39,3,411.39,RUNNING,0
411.46,3,411.46,RUNNING,0
411.53,3,411.53,RUNNING,0
411.6,3,411.6,RUNNING,0
411.66,3,411.66,RUNNING,0
411.73,3,411.73,RUNNING,0
411.8,3,411.8,RUNNING,0
411.86,3,411.86,RUNNING,0
411.93,3,411.93,RUNNING,0
412.0,3,412.0,RUNNING,0
412.06,3,412.06,RUNNING,0
412.13,3,412.13,RUNNING,0
412.2,3,412.2,RUNNING,0
412.26,3,412.26,RUNNING,0
412.33,3,412.33,RUNNING,0
412.4,3,412.4,RUNNING,0
412.47,3,412.47,RUNNING,0
412.53,3,412.53,RUNNING,0
412.6,3,412.6,RUNNING,0
412.67,3,412.67,RUNNING,0
412.73,3,412.73,RUNNING,0
412.8,3,412.8,RUNNING,0
412.87,3,412.87,RUNNING,0
412.93,3,412.93,RUNNING,0
413.0,3,413.0,RUNNING,0
413.06,3,413.06,RUNNING,0
413.13,3,413.13,RUNNING,0
413.2,3,413.2,RUNNING,0
413.26,3,413.26,RUNNING,0
413.33,3,413.33,RUNNING,0
413.4,3,413.4,RUNNING,0
413.47,3,413.47,RUNNING,0
413.53,3,413.53,RUNNING,0
413.6,3,413.6,RUNNING,0
413.67,3,413.67,RUNNING,0
413.74,3,413.74,RUNNING,0
413.8,3,413.8,RUNNING,0
413.87,3,413.87,RUNNING,0
413.94,3,413.94,RUNNING,0
414.0,3,414.0,RUNNING,0
414.07,3,414.07,RUNNING,0
414.14,3,414.14,RUNNING,0
414.2,3,414.2,RUNNING,0
414.27,3,414.27,RUNNING,0
414.34,3,414.34,RUNNING,0
414.41,3,414.41,RUNNING,0
414.48,3,414.48,RUNNING,0
414.55,3,414.55,RUNNING,0
414.61,3,414.61,RUNNING,0
414.68,3,414.68,RUNNING,0
414.75,3,414.75,RUNNING,0
414.81,3,414.81,RUNNING,0
414.88,3,414.88,RUNNING,0
414.94,3,414.94,RUNNING,0
415.01,3,415.01,RUNNING,0
415.08,3,415.08,RUNNING,0
415.14,3,415.14,RUNNING,0
415.21,3,415.21,RUNNING,0
415.27,3,415.27,RUNNING,0
415.34,3,415.34,RUNNING,0
415.41,3,415.41,RUNNING,0
415.47,3,415.47,RUNNING,0
415.54,3,415.54,RUNNING,0
415.61,3,415.61,RUNNING,0
415.67,3,415.67,RUNNING,0
415.74,3,415.74,RUNNING,0
415.81,3,415.81,RUNNING,0
415.87,3,415.87,RUNNING,0
415.94,3,415.94,RUNNING,0
416.0,3,416.0,RUNNING,0
416.07,3,416.07,RUNNING,0
416.14,3,416.14,RUNNING,0
416.2,3,416.2,RUNNING,0
416.27,3,416.27,RUNNING,0
416.34,3,416.34,RUNNING,0
416.4,3,416.4,RUNNING,0
416.47,3,416.47,RUNNING,0
416.54,3,416.54,RUNNING,0
416.6,3,416.6,RUNNING,0
416.67,3,416.67,RUNNING,0
416.74,3,416.74,RUNNING,0
416.8,3,416.8,RUNNING,0
416.87,3,416.87,RUNNING,0
416.93,3,416.93,RUNNING,0
417.0,3,417.0,RUNNING,0
417.07,3,417.07,RUNNING,0
417.13,3,417.13,RUNNING,0
417.2,3,417.2,RUNNING,0
417.27,3,417.27,RUNNING,0
417.34,3,417.34,RUNNING,0
417.4,3,417.4,RUNNING,0
417.47,3,417.47,RUNNING,0
417.54,3,417.54,RUNNING,0
417.6,3,417.6,RUNNING,0
417.67,3,417.67,RUNNING,0
417.73,3,417.73,RUNNING,0
417.8,3,417.8,RUNNING,0
417.87,3,417.87,RUNNING,0
417.93,3,417.93,RUNNING,0
418.0,3,418.0,RUNNING,0
418.07,3,418.07,RUNNING,0
418.13,3,418.13,RUNNING,0
418.2,3,418.2,RUNNING,0
418.27,3,418.27,RUNNING,0
418.34,3,418.34,RUNNING,0
418.4,3,418.4,RUNNING,0
418.47,3,418.47,RUNNING,0
418.54,3,418.54,RUNNING,0
418.6,3,418.6,RUNNING,0
418.67,3,418.67,RUNNING,0
418.74,3,418.74,RUNNING,0
418.8,3,418.8,RUNNING,0
418.87,3,418.87,RUNNING,0
418.94,3,418.94,RUNNING,0
419.0,3,419.0,RUNNING,0
419.07,3,419.07,RUNNING,0
419.14,3,419.14,RUNNING,0
419.2,3,419.2,RUNNING,0
419.27,3,419.27,RUNNING,0
419.34,3,419.34,RUNNING,0
419.4,3,419.4,RUNNING,0
419.47,3,419.47,RUNNING,0
419.54,3,419.54,RUNNING,0
419.6,3,419.6,RUNNING,0
419.67,3,419.67,RUNNING,0
419.74,3,419.74,RUNNING,0
419.81,3,419.81,RUNNING,0
419.87,3,419.87,RUNNING,0
419.94,3,419.94,RUNNING,0
420.01,3,420.01,RUNNING,0
420.07,3,420.07,RUNNING,0
420.14,3,420.14,RUNNING,0
420.21,3,420.21,RUNNING,0
420.28,3,420.28,RUNNING,0
420.34,3,420.34,RUNNING,0
420.41,3,420.41,RUNNING,0
420.48,3,420.48,RUNNING,0
420.54,3,420.54,RUNNING,0
420.61,3,420.61,RUNNING,0
420.68,3,420.68,RUNNING,0
420.74,3,420.74,RUNNING,0
420.81,3,420.81,RUNNING,0
420.88,3,420.88,RUNNING,0
420.94,3,420.94,RUNNING,0
421.01,3,421.01,RUNNING,0
421.09,3,421.09,RUNNING,0
421.15,3,421.15,RUNNING,0
421.22,3,421.22,RUNNING,0
421.28,3,421.28,RUNNING,0
421.35,3,421.35,RUNNING,0
421.42,3,421.42,RUNNING,0
421.48,3,421.48,RUNNING,0
421.55,3,421.55,RUNNING,0
421.61,3,421.61,RUNNING,0
421.68,3,421.68,RUNNING,0
421.75,3,421.75,RUNNING,0
421.81,3,421.81,RUNNING,0
421.88,3,421.88,RUNNING,0
421.95,3,421.95,RUNNING,0
422.01,3,422.01,RUNNING,0
422.08,3,422.08,RUNNING,0
422.15,3,422.15,RUNNING,0
422.21,3,422.21,RUNNING,0
422.28,3,422.28,RUNNING,0
422.35,3,422.35,RUNNING,0
422.41,3,422.41,RUNNING,0
422.48,3,422.48,RUNNING,0
422.54,3,422.54,RUNNING,0
422.61,3,422.61,RUNNING,0
422.68,3,422.68,RUNNING,0
422.74,3,422.74,RUNNING,0
422.81,3,422.81,RUNNING,0
422.88,3,422.88,RUNNING,0
422.94,3,422.94,RUNNING,0
423.01,3,423.01,RUNNING,0
423.08,3,423.08,RUNNING,0
423.14,3,423.14,RUNNING,0
423.21,3,423.21,RUNNING,0
423.28,3,423.28,RUNNING,0
423.34,3,423.34,RUNNING,0
423.41,3,423.41,RUNNING,0
423.47,3,423.47,RUNNING,0
423.54,3,423.54,RUNNING,0
423.61,3,423.61,RUNNING,0
423.67,3,423.67,RUNNING,0
423.74,3,423.74,RUNNING,0
423.81,3,423.81,RUNNING,0
423.87,3,423.87,RUNNING,0
423.94,3,423.94,RUNNING,0
424.01,3,424.01,RUNNING,0
424.07,3,424.07,RUNNING,0
424.14,3,424.14,RUNNING,0
424.21,3,424.21,RUNNING,0
424.28,3,424.28,RUNNING,0
424.34,3,424.34,RUNNING,0
424.41,3,424.41,RUNNING,0
424.48,3,424.48,RUNNING,0
424.54,3,424.54,RUNNING,0
424.61,3,424.61,RUNNING,0
424.68,3,424.68,RUNNING,0
424.74,3,424.74,RUNNING,0
424.81,3,424.81,RUNNING,0
424.87,3,424.87,RUNNING,0
424.94,3,424.94,RUNNING,0
425.01,3,425.01,RUNNING,0
425.08,3,425.08,RUNNING,0
425.14,3,425.14,RUNNING,0
425.21,3,425.21,RUNNING,0
425.28,3,425.28,RUNNING,0
425.34,3,425.34,RUNNING,0
425.41,3,425.41,RUNNING,0
425.48,3,425.48,RUNNING,0
425.54,3,425.54,RUNNING,0
425.61,3,425.61,RUNNING,0
425.68,3,425.68,RUNNING,0
425.74,3,425.74,RUNNING,0
425.81,3,425.81,RUNNING,0
425.88,3,425.88,RUNNING,0
425.95,3,425.95,RUNNING,0
426.01,3,426.01,RUNNING,0
426.08,3,426.08,RUNNING,0
426.15,3,426.15,RUNNING,0
426.21,3,426.21,RUNNING,0
426.28,3,426.28,RUNNING,0
426.35,3,426.35,RUNNING,0
426.41,3,426.41,RUNNING,0
426.48,3,426.48,RUNNING,0
426.55,3,426.55,RUNNING,0
426.62,3,426.62,RUNNING,0
426.68,3,426.68,RUNNING,0
426.75,3,426.75,RUNNING,0
426.82,3,426.82,RUNNING,0
426.88,3,426.88,RUNNING,0
426.95,3,426.95,RUNNING,0
427.02,3,427.02,RUNNING,0
427.09,3,427.09,RUNNING,0
427.15,3,427.15,RUNNING,0
427.22,3,427.22,RUNNING,0
427.29,3,427.29,RUNNING,0
427.35,3,427.35,RUNNING,0
427.42,3,427.42,RUNNING,0
427.49,3,427.49,RUNNING,0
427.56,3,427.56,RUNNING,0
427.62,3,427.62,RUNNING,0
427.7,3,427.7,RUNNING,0
427.76,3,427.76,RUNNING,0
427.83,3,427.83,RUNNING,0
427.9,3,427.9,RUNNING,0
427.96,3,427.96,RUNNING,0
428.03,3,428.03,RUNNING,0
428.09,3,428.09,RUNNING,0
428.16,3,428.16,RUNNING,0
428.23,3,428.23,RUNNING,0
428.29,3,428.29,RUNNING,0
428.36,3,428.36,RUNNING,0
428.42,3,428.42,RUNNING,0
428.49,3,428.49,RUNNING,0
428.56,3,428.56,RUNNING,0
428.62,3,428.62,RUNNING,0
428.69,3,428.69,RUNNING,0
428.76,3,428.76,RUNNING,0
428.82,3,428.82,RUNNING,0
428.89,3,428.89,RUNNING,0
428.96,3,428.96,RUNNING,0
429.02,3,429.02,RUNNING,0
429.09,3,429.09,RUNNING,0
429.15,3,429.15,RUNNING,0
429.22,3,429.22,RUNNING,0
429.29,3,429.29,RUNNING,0
429.35,3,429.35,RUNNING,0
429.42,3,429.42,RUNNING,0
429.49,3,429.49,RUNNING,0
429.55,3,429.55,RUNNING,0
429.62,3,429.62,RUNNING,0
429.69,3,429.69,RUNNING,0
429.75,3,429.75,RUNNING,0
429.82,3,429.82,RUNNING,0
429.89,3,429.89,RUNNING,0
429.95,3,429.95,RUNNING,0
430.02,3,430.02,RUNNING,0
430.09,3,430.09,RUNNING,0
430.15,3,430.15,RUNNING,0
430.22,3,430.22,RUNNING,0
430.29,3,430.29,RUNNING,0
430.35,3,430.35,RUNNING,0
430.42,3,430.42,RUNNING,0
430.49,3,430.49,RUNNING,0
430.55,3,430.55,RUNNING,0
430.62,3,430.62,RUNNING,0
430.69,3,430.69,RUNNING,0
430.76,3,430.76,RUNNING,0
430.83,3,430.83,RUNNING,0
430.9,3,430.9,RUNNING,0
430.96,3,430.96,RUNNING,0
431.03,3,431.03,RUNNING,0
431.1,3,431.1,RUNNING,0
431.16,3,431.16,RUNNING,0
431.23,3,431.23,RUNNING,0
431.3,3,431.3,RUNNING,0
431.36,3,431.36,RUNNING,0
431.43,3,431.43,RUNNING,0
431.5,3,431.5,RUNNING,0
431.56,3,431.56,RUNNING,0
431.63,3,431.63,RUNNING,0
431.7,3,431.7,RUNNING,0
431.76,3,431.76,RUNNING,0
431.83,3,431.83,RUNNING,0
431.9,3,431.9,RUNNING,0
431.96,3,431.96,RUNNING,0
432.03,3,432.03,RUNNING,0
432.1,3,432.1,RUNNING,0
432.16,3,432.16,RUNNING,0
432.23,3,432.23,RUNNING,0
432.3,3,432.3,RUNNING,0
432.36,3,432.36,RUNNING,0
432.43,3,432.43,RUNNING,0
432.5,3,432.5,RUNNING,0
432.56,3,432.56,RUNNING,0
432.63,3,432.63,RUNNING,0
432.7,3,432.7,RUNNING,0
432.77,3,432.77,RUNNING,0
432.83,3,432.83,RUNNING,0
432.9,3,432.9,RUNNING,0
432.97,3,432.97,RUNNING,0
433.03,3,433.03,RUNNING,0
433.1,3,433.1,RUNNING,0
433.17,3,433.17,RUNNING,0
433.23,3,433.23,RUNNING,0
433.3,3,433.3,RUNNING,0
433.37,3,433.37,RUNNING,0
433.44,3,433.44,RUNNING,0
433.5,3,433.5,RUNNING,0
433.57,3,433.57,RUNNING,0
433.64,3,433.64,RUNNING,0
433.7,3,433.7,RUNNING,0
433.77,3,433.77,RUNNING,0
433.84,3,433.84,RUNNING,0
433.9,3,433.9,RUNNING,0
433.97,3,433.97,RUNNING,0
434.04,3,434.04,RUNNING,0
434.11,3,434.11,RUNNING,0
434.17,3,434.17,RUNNING,0
434.24,3,434.24,RUNNING,0
434.31,3,434.31,RUNNING,0
434.38,3,434.38,RUNNING,0
434.45,3,434.45,RUNNING,0
434.51,3,434.51,RUNNING,0
434.58,3,434.58,RUNNING,0
434.65,3,434.65,RUNNING,0
434.71,3,434.71,RUNNING,0
434.78,3,434.78,RUNNING,0
434.84,3,434.84,RUNNING,0
434.91,3,434.91,RUNNING,0
434.98,3,434.98,RUNNING,0
435.04,3,435.04,RUNNING,0
435.11,3,435.11,RUNNING,0
435.17,3,435.17,RUNNING,0
435.24,3,435.24,RUNNING,0
435.31,3,435.31,RUNNING,0
435.38,3,435.38,RUNNING,0
435.44,3,435.44,RUNNING,0
435.51,3,435.51,RUNNING,0
435.58,3,435.58,RUNNING,0
435.64,3,435.64,RUNNING,0
435.72,3,435.72,RUNNING,0
435.78,3,435.78,RUNNING,0
435.85,3,435.85,RUNNING,0
435.92,3,435.92,RUNNING,0
435.98,3,435.98,RUNNING,0
436.05,3,436.05,RUNNING,0
436.11,3,436.11,RUNNING,0
436.18,3,436.18,RUNNING,0
436.25,3,436.25,RUNNING,0
436.31,3,436.31,RUNNING,0
436.38,3,436.38,RUNNING,0
436.45,3,436.45,RUNNING,0
436.51,3,436.51,RUNNING,0
436.58,3,436.58,RUNNING,0
436.65,3,436.65,RUNNING,0
436.71,3,436.71,RUNNING,0
436.78,3,436.78,RUNNING,0
436.85,3,436.85,RUNNING,0
436.91,3,436.91,RUNNING,0
436.98,3,436.98,RUNNING,0
437.04,3,437.04,RUNNING,0
437.11,3,437.11,RUNNING,0
437.18,3,437.18,RUNNING,0
437.24,3,437.24,RUNNING,0
437.31,3,437.31,RUNNING,0
437.38,3,437.38,RUNNING,0
437.44,3,437.44,RUNNING,0
437.51,3,437.51,RUNNING,0
437.58,3,437.58,RUNNING,0
437.64,3,437.64,RUNNING,0
437.71,3,437.71,RUNNING,0
437.78,3,437.78,RUNNING,0
437.84,3,437.84,RUNNING,0
437.91,3,437.91,RUNNING,0
437.97,3,437.97,RUNNING,0
438.04,3,438.04,RUNNING,0
438.11,3,438.11,RUNNING,0
438.17,3,438.17,RUNNING,0
438.24,3,438.24,RUNNING,0
438.31,3,438.31,RUNNING,0
438.37,3,438.37,RUNNING,0
438.44,3,438.44,RUNNING,0
438.51,3,438.51,RUNNING,0
438.57,3,438.57,RUNNING,0
438.64,3,438.64,RUNNING,0
438.71,3,438.71,RUNNING,0
438.77,3,438.77,RUNNING,0
438.84,3,438.84,RUNNING,0
438.91,3,438.91,RUNNING,0
438.97,3,438.97,RUNNING,0
439.04,3,439.04,RUNNING,0
439.11,3,439.11,RUNNING,0
439.17,3,439.17,RUNNING,0
439.24,3,439.24,RUNNING,0
439.31,3,439.31,RUNNING,0
439.38,3,439.38,RUNNING,0
439.44,3,439.44,RUNNING,0
439.51,3,439.51,RUNNING,0
439.58,3,439.58,RUNNING,0
439.64,3,439.64,RUNNING,0
439.71,3,439.71,RUNNING,0
439.78,3,439.78,RUNNING,0
439.84,3,439.84,RUNNING,0
439.91,3,439.91,RUNNING,0
439.98,3,439.98,RUNNING,0
440.04,3,440.04,RUNNING,0
440.11,3,440.11,RUNNING,0
440.18,3,440.18,RUNNING,0
440.24,3,440.24,RUNNING,0
440.31,3,440.31,RUNNING,0
440.38,3,440.38,RUNNING,0
440.44,3,440.44,RUNNING,0
440.51,3,440.51,RUNNING,0
440.58,3,440.58,RUNNING,0
440.64,3,440.64,RUNNING,0
440.71,3,440.71,RUNNING,0
440.78,3,440.78,RUNNING,0
440.84,3,440.84,RUNNING,0
440.91,3,440.91,RUNNING,0
440.98,3,440.98,RUNNING,0
441.04,3,441.04,RUNNING,0
441.11,3,441.11,RUNNING,0
441.18,3,441.18,RUNNING,0
441.25,3,441.25,RUNNING,0
441.31,3,441.31,RUNNING,0
441.38,3,441.38,RUNNING,0
441.45,3,441.45,RUNNING,0
441.51,3,441.51,RUNNING,0
441.58,3,441.58,RUNNING,0
441.65,3,441.65,RUNNING,0
441.71,3,441.71,RUNNING,0
441.78,3,441.78,RUNNING,0
441.85,3,441.85,RUNNING,0
441.91,3,441.91,RUNNING,0
441.98,3,441.98,RUNNING,0
442.05,3,442.05,RUNNING,0
442.12,3,442.12,RUNNING,0
442.18,3,442.18,RUNNING,0
442.25,3,442.25,RUNNING,0
442.32,3,442.32,RUNNING,0
442.39,3,442.39,RUNNING,0
442.46,3,442.46,RUNNING,0
442.52,3,442.52,RUNNING,0
442.59,3,442.59,RUNNING,0
442.66,3,442.66,RUNNING,0
442.72,3,442.72,RUNNING,0
442.79,3,442.79,RUNNING,0
442.86,3,442.86,RUNNING,0
442.92,3,442.92,RUNNING,0
442.99,3,442.99,RUNNING,0
443.05,3,443.05,RUNNING,0
443.12,3,443.12,RUNNING,0
443.19,3,443.19,RUNNING,0
443.25,3,443.25,RUNNING,0
443.32,3,443.32,RUNNING,0
443.39,3,443.39,RUNNING,0
443.45,3,443.45,RUNNING,0
443.52,3,443.52,RUNNING,0
443.59,3,443.59,RUNNING,0
443.65,3,443.65,RUNNING,0
443.72,3,443.72,RUNNING,0
443.79,3,443.79,RUNNING,0
443.85,3,443.85,RUNNING,0
443.92,3,443.92,RUNNING,0
443.98,3,443.98,RUNNING,0
444.05,3,444.05,RUNNING,0
444.12,3,444.12,RUNNING,0
444.18,3,444.18,RUNNING,0
444.25,3,444.25,RUNNING,0
444.32,3,444.32,RUNNING,0
444.38,3,444.38,RUNNING,0
444.45,3,444.45,RUNNING,0
444.52,3,444.52,RUNNING,0
444.58,3,444.58,RUNNING,0
444.65,3,444.65,RUNNING,0
444.72,3,444.72,RUNNING,0
444.78,3,444.78,RUNNING,0
444.85,3,444.85,RUNNING,0
444.92,3,444.92,RUNNING,0
444.98,3,444.98,RUNNING,0
445.05,3,445.05,RUNNING,0
445.12,3,445.12,RUNNING,0
445.18,3,445.18,RUNNING,0
445.25,3,445.25,RUNNING,0
445.32,3,445.32,RUNNING,0
445.38,3,445.38,RUNNING,0
445.45,3,445.45,RUNNING,0
445.52,3,445.52,RUNNING,0
445.58,3,445.58,RUNNING,0
445.65,3,445.65,RUNNING,0
445.71,3,445.71,RUNNING,0
445.78,3,445.78,RUNNING,0
445.85,3,445.85,RUNNING,0
445.91,3,445.91,RUNNING,0
445.98,3,445.98,RUNNING,0
446.05,3,446.05,RUNNING,0
446.11,3,446.11,RUNNING,0
446.18,3,446.18,RUNNING,0
446.25,3,446.25,RUNNING,0
446.31,3,446.31,RUNNING,0
446.38,3,446.38,RUNNING,0
446.45,3,446.45,RUNNING,0
446.52,3,446.52,RUNNING,0
446.58,3,446.58,RUNNING,0
446.65,3,446.65,RUNNING,0
446.72,3,446.72,RUNNING,0
446.78,3,446.78,RUNNING,0
446.85,3,446.85,RUNNING,0
446.92,3,446.92,RUNNING,0
446.98,3,446.98,RUNNING,0
447.05,3,447.05,RUNNING,0
447.12,3,447.12,RUNNING,0
447.18,3,447.18,RUNNING,0
447.25,3,447.25,RUNNING,0
447.32,3,447.32,RUNNING,0
447.39,3,447.39,RUNNING,0
447.45,3,447.45,RUNNING,0
447.52,3,447.52,RUNNING,0
447.59,3,447.59,RUNNING,0
447.65,3,447.65,RUNNING,0
447.72,3,447.72,RUNNING,0
447.79,3,447.79,RUNNING,0
447.85,3,447.85,RUNNING,0
447.92,3,447.92,RUNNING,0
447.99,3,447.99,RUNNING,0
448.05,3,448.05,RUNNING,0
448.12,3,448.12,RUNNING,0
448.19,3,448.19,RUNNING,0
448.25,3,448.25,RUNNING,0
448.32,3,448.32,RUNNING,0
448.39,3,448.39,RUNNING,0
448.45,3,448.45,RUNNING,0
448.52,3,448.52,RUNNING,0
448.59,3,448.59,RUNNING,0
448.65,3,448.65,RUNNING,0
448.72,3,448.72,RUNNING,0
448.79,3,448.79,RUNNING,0
448.87,3,448.87,RUNNING,0
448.93,3,448.93,RUNNING,0
449.0,3,449.0,RUNNING,0
449.06,3,449.06,RUNNING,0
449.13,3,449.13,RUNNING,0
449.2,3,449.2,RUNNING,0
449.26,3,449.26,RUNNING,0
449.33,3,449.33,RUNNING,0
449.4,3,449.4,RUNNING,0
449.46,3,449.46,RUNNING,0
449.53,3,449.53,RUNNING,0
449.59,3,449.59,RUNNING,0
449.66,3,449.66,RUNNING,0
449.73,3,449.73,RUNNING,0
449.79,3,449.79,RUNNING,0
449.86,3,449.86,RUNNING,0
449.92,3,449.92,RUNNING,0
449.99,3,449.99,RUNNING,0
450.06,3,450.06,RUNNING,0
450.12,3,450.12,RUNNING,0
450.19,3,450.19,RUNNING,0
450.26,3,450.26,RUNNING,0
450.32,3,450.32,RUNNING,0
450.39,3,450.39,RUNNING,0
450.46,3,450.46,RUNNING,0
450.52,3,450.52,RUNNING,0
450.59,3,450.59,RUNNING,0
450.66,3,450.66,RUNNING,0
450.72,3,450.72,RUNNING,0
450.79,3,450.79,RUNNING,0
450.86,3,450.86,RUNNING,0
450.92,3,450.92,RUNNING,0
450.99,3,450.99,RUNNING,0
451.06,3,451.06,RUNNING,0
451.12,3,451.12,RUNNING,0
451.19,3,451.19,RUNNING,0
451.25,3,451.25,RUNNING,0
451.32,3,451.32,RUNNING,0
451.39,3,451.39,RUNNING,0
451.45,3,451.45,RUNNING,0
451.52,3,451.52,RUNNING,0
451.59,3,451.59,RUNNING,0
451.65,3,451.65,RUNNING,0
451.72,3,451.72,RUNNING,0
451.79,3,451.79,RUNNING,0
451.85,3,451.85,RUNNING,0
451.92,3,451.92,RUNNING,0
451.99,3,451.99,RUNNING,0
452.05,3,452.05,RUNNING,0
452.12,3,452.12,RUNNING,0
452.19,3,452.19,RUNNING,0
452.25,3,452.25,RUNNING,0
452.32,3,452.32,RUNNING,0
452.39,3,452.39,RUNNING,0
452.45,3,452.45,RUNNING,0
452.52,3,452.52,RUNNING,0
452.59,3,452.59,RUNNING,0
452.65,3,452.65,RUNNING,0
452.72,3,452.72,RUNNING,0
452.79,3,452.79,RUNNING,0
452.85,3,452.85,RUNNING,0
452.92,3,452.92,RUNNING,0
452.99,3,452.99,RUNNING,0
453.05,3,453.05,RUNNING,0
453.12,3,453.12,RUNNING,0
453.19,3,453.19,RUNNING,0
453.25,3,453.25,RUNNING,0
453.32,3,453.32,RUNNING,0
453.39,3,453.39,RUNNING,0
453.45,3,453.45,RUNNING,0
453.52,3,453.52,RUNNING,0
453.59,3,453.59,RUNNING,0
453.65,3,453.65,RUNNING,0
453.72,3,453.72,RUNNING,0
453.79,3,453.79,RUNNING,0
453.85,3,453.85,RUNNING,0
453.92,3,453.92,RUNNING,0
453.99,3,453.99,RUNNING,0
454.06,3,454.06,RUNNING,0
454.12,3,454.12,RUNNING,0
454.19,3,454.19,RUNNING,0
454.26,3,454.26,RUNNING,0
454.32,3,454.32,RUNNING,0
454.39,3,454.39,RUNNING,0
454.46,3,454.46,RUNNING,0
454.53,3,454.53,RUNNING,0
454.59,3,454.59,RUNNING,0
454.66,3,454.66,RUNNING,0
454.73,3,454.73,RUNNING,0
454.79,3,454.79,RUNNING,0
454.86,3,454.86,RUNNING,0
454.93,3,454.93,RUNNING,0
454.99,3,454.99,RUNNING,0
455.06,3,455.06,RUNNING,0
455.13,3,455.13,RUNNING,0
455.2,3,455.2,RUNNING,0
455.26,3,455.26,RUNNING,0
455.33,3,455.33,RUNNING,0
455.4,3,455.4,RUNNING,0
455.47,3,455.47,RUNNING,0
455.54,3,455.54,RUNNING,0
455.61,3,455.61,RUNNING,0
455.67,3,455.67,RUNNING,0
455.74,3,455.74,RUNNING,0
455.8,3,455.8,RUNNING,0
455.87,3,455.87,RUNNING,0
455.94,3,455.94,RUNNING,0
456.0,3,456.0,RUNNING,0
456.07,3,456.07,RUNNING,0
456.14,3,456.14,RUNNING,0
456.2,3,456.2,RUNNING,0
456.27,3,456.27,RUNNING,0
456.33,3,456.33,RUNNING,0
456.4,3,456.4,RUNNING,0
456.47,3,456.47,RUNNING,0
456.54,3,456.54,RUNNING,0
456.6,3,456.6,RUNNING,0
456.67,3,456.67,RUNNING,0
456.73,3,456.73,RUNNING,0
456.8,3,456.8,RUNNING,0
456.87,3,456.87,RUNNING,0
456.93,3,456.93,RUNNING,0
457.0,3,457.0,RUNNING,0
457.07,3,457.07,RUNNING,0
457.13,3,457.13,RUNNING,0
457.2,3,457.2,RUNNING,0
457.26,3,457.26,RUNNING,0
457.33,3,457.33,RUNNING,0
457.4,3,457.4,RUNNING,0
457.46,3,457.46,RUNNING,0
457.53,3,457.53,RUNNING,0
457.6,3,457.6,RUNNING,0
457.66,3,457.66,RUNNING,0
457.73,3,457.73,RUNNING,0
457.8,3,457.8,RUNNING,0
457.86,3,457.86,RUNNING,0
457.93,3,457.93,RUNNING,0
458.0,3,458.0,RUNNING,0
458.06,3,458.06,RUNNING,0
458.13,3,458.13,RUNNING,0
458.19,3,458.19,RUNNING,0
458.26,3,458.26,RUNNING,0
458.33,3,458.33,RUNNING,0
458.4,3,458.4,RUNNING,0
458.46,3,458.46,RUNNING,0
458.53,3,458.53,RUNNING,0
458.6,3,458.6,RUNNING,0
458.66,3,458.66,RUNNING,0
458.73,3,458.73,RUNNING,0
458.79,3,458.79,RUNNING,0
458.86,3,458.86,RUNNING,0
458.93,3,458.93,RUNNING,0
459.0,3,459.0,RUNNING,0
459.06,3,459.06,RUNNING,0
459.13,3,459.13,RUNNING,0
459.2,3,459.2,RUNNING,0
459.26,3,459.26,RUNNING,0
459.33,3,459.33,RUNNING,0
459.4,3,459.4,RUNNING,0
459.47,3,459.47,RUNNING,0
459.53,3,459.53,RUNNING,0
459.6,3,459.6,RUNNING,0
459.67,3,459.67,RUNNING,0
459.73,3,459.73,RUNNING,0
459.8,3,459.8,RUNNING,0
459.87,3,459.87,RUNNING,0
459.93,3,459.93,RUNNING,0
460.0,3,460.0,RUNNING,0
460.07,3,460.07,RUNNING,0
460.13,3,460.13,RUNNING,0
460.2,3,460.2,RUNNING,0
460.27,3,460.27,RUNNING,0
460.33,3,460.33,RUNNING,0
460.4,3,460.4,RUNNING,0
460.47,3,460.47,RUNNING,0
460.54,3,460.54,RUNNING,0
460.6,3,460.6,RUNNING,0
460.67,3,460.67,RUNNING,0
460.74,3,460.74,RUNNING,0
460.81,3,460.81,RUNNING,0
460.87,3,460.87,RUNNING,0
460.94,3,460.94,RUNNING,0
461.01,3,461.01,RUNNING,0
461.07,3,461.07,RUNNING,0
461.14,3,461.14,RUNNING,0
461.21,3,461.21,RUNNING,0
461.27,3,461.27,RUNNING,0
461.34,3,461.34,RUNNING,0
461.41,3,461.41,RUNNING,0
461.48,3,461.48,RUNNING,0
461.55,3,461.55,RUNNING,0
461.61,3,461.61,RUNNING,0
461.68,3,461.68,RUNNING,0
461.75,3,461.75,RUNNING,0
461.81,3,461.81,RUNNING,0
461.88,3,461.88,RUNNING,0
461.95,3,461.95,RUNNING,0
462.01,3,462.01,RUNNING,0
462.09,3,462.09,RUNNING,0
462.16,3,462.16,RUNNING,0
462.22,3,462.22,RUNNING,0
462.29,3,462.29,RUNNING,0
462.35,3,462.35,RUNNING,0
462.42,3,462.42,RUNNING,0
462.49,3,462.49,RUNNING,0
462.55,3,462.55,RUNNING,0
462.62,3,462.62,RUNNING,0
462.69,3,462.69,RUNNING,0
462.75,3,462.75,RUNNING,0
462.82,3,462.82,RUNNING,0
462.89,3,462.89,RUNNING,0
462.95,3,462.95,RUNNING,0
463.02,3,463.02,RUNNING,0
463.08,3,463.08,RUNNING,0
463.15,3,463.15,RUNNING,0
463.22,3,463.22,RUNNING,0
463.28,3,463.28,RUNNING,0
463.35,3,463.35,RUNNING,0
463.42,3,463.42,RUNNING,0
463.48,3,463.48,RUNNING,0
463.55,3,463.55,RUNNING,0
463.62,3,463.62,RUNNING,0
463.68,3,463.68,RUNNING,0
463.75,3,463.75,RUNNING,0
463.81,3,463.81,RUNNING,0
463.88,3,463.88,RUNNING,0
463.95,3,463.95,RUNNING,0
464.01,3,464.01,RUNNING,0
464.08,3,464.08,RUNNING,0
464.15,3,464.15,RUNNING,0
464.21,3,464.21,RUNNING,0
464.28,3,464.28,RUNNING,0
464.35,3,464.35,RUNNING,0
464.41,3,464.41,RUNNING,0
464.48,3,464.48,RUNNING,0
464.55,3,464.55,RUNNING,0
464.61,3,464.61,RUNNING,0
464.68,3,464.68,RUNNING,0
464.75,3,464.75,RUNNING,0
464.81,3,464.81,RUNNING,0
464.88,3,464.88,RUNNING,0
464.94,3,464.94,RUNNING,0
465.01,3,465.01,RUNNING,0
465.08,3,465.08,RUNNING,0
465.14,3,465.14,RUNNING,0
465.21,3,465.21,RUNNING,0
465.28,3,465.28,RUNNING,0
465.34,3,465.34,RUNNING,0
465.41,3,465.41,RUNNING,0
465.48,3,465.48,RUNNING,0
465.54,3,465.54,RUNNING,0
465.61,3,465.61,RUNNING,0
465.68,3,465.68,RUNNING,0
465.74,3,465.74,RUNNING,0
465.81,3,465.81,RUNNING,0
465.88,3,465.88,RUNNING,0
465.95,3,465.95,RUNNING,0
466.01,3,466.01,RUNNING,0
466.08,3,466.08,RUNNING,0
466.15,3,466.15,RUNNING,0
466.21,3,466.21,RUNNING,0
466.28,3,466.28,RUNNING,0
466.35,3,466.35,RUNNING,0
466.41,3,466.41,RUNNING,0
466.48,3,466.48,RUNNING,0
466.55,3,466.55,RUNNING,0
466.62,3,466.62,RUNNING,0
466.68,3,466.68,RUNNING,0
466.75,3,466.75,RUNNING,0
466.82,3,466.82,RUNNING,0
466.88,3,466.88,RUNNING,0
466.95,3,466.95,RUNNING,0
467.02,3,467.02,RUNNING,0
467.09,3,467.09,RUNNING,0
467.15,3,467.15,RUNNING,0
467.22,3,467.22,RUNNING,0
467.29,3,467.29,RUNNING,0
467.36,3,467.36,RUNNING,0
467.42,3,467.42,RUNNING,0
467.49,3,467.49,RUNNING,0
467.56,3,467.56,RUNNING,0
467.62,3,467.62,RUNNING,0
467.69,3,467.69,RUNNING,0
467.76,3,467.76,RUNNING,0
467.82,3,467.82,RUNNING,0
467.89,3,467.89,RUNNING,0
467.96,3,467.96,RUNNING,0
468.02,3,468.02,RUNNING,0
468.09,3,468.09,RUNNING,0
468.16,3,468.16,RUNNING,0
468.23,3,468.23,RUNNING,0
468.29,3,468.29,RUNNING,0
468.36,3,468.36,RUNNING,0
468.43,3,468.43,RUNNING,0
468.49,3,468.49,RUNNING,0
468.56,3,468.56,RUNNING,0
468.63,3,468.63,RUNNING,0
468.7,3,468.7,RUNNING,0
468.77,3,468.77,RUNNING,0
468.84,3,468.84,RUNNING,0
468.9,3,468.9,RUNNING,0
468.97,3,468.97,RUNNING,0
469.04,3,469.04,RUNNING,0
469.1,3,469.1,RUNNING,0
469.17,3,469.17,RUNNING,0
469.24,3,469.24,RUNNING,0
469.3,3,469.3,RUNNING,0
469.37,3,469.37,RUNNING,0
469.43,3,469.43,RUNNING,0
469.5,3,469.5,RUNNING,0
469.57,3,469.57,RUNNING,0
469.63,3,469.63,RUNNING,0
469.7,3,469.7,RUNNING,0
469.77,3,469.77,RUNNING,0
469.83,3,469.83,RUNNING,0
469.9,3,469.9,RUNNING,0
469.97,3,469.97,RUNNING,0
470.03,3,470.03,RUNNING,0
470.1,3,470.1,RUNNING,0
470.17,3,470.17,RUNNING,0
470.23,3,470.23,RUNNING,0
470.3,3,470.3,RUNNING,0
470.37,3,470.37,RUNNING,0
470.43,3,470.43,RUNNING,0
470.5,3,470.5,RUNNING,0
470.57,3,470.57,RUNNING,0
470.63,3,470.63,RUNNING,0
470.7,3,470.7,RUNNING,0
470.77,3,470.77,RUNNING,0
470.83,3,470.83,RUNNING,0
470.9,3,470.9,RUNNING,0
470.97,3,470.97,RUNNING,0
471.03,3,471.03,RUNNING,0
471.1,3,471.1,RUNNING,0
471.17,3,471.17,RUNNING,0
471.23,3,471.23,RUNNING,0
471.3,3,471.3,RUNNING,0
471.37,3,471.37,RUNNING,0
471.43,3,471.43,RUNNING,0
471.5,3,471.5,RUNNING,0
471.56,3,471.56,RUNNING,0
471.63,3,471.63,RUNNING,0
471.7,3,471.7,RUNNING,0
471.76,3,471.76,RUNNING,0
471.83,3,471.83,RUNNING,0
471.9,3,471.9,RUNNING,0
471.96,3,471.96,RUNNING,0
472.03,3,472.03,RUNNING,0
472.1,3,472.1,RUNNING,0
472.16,3,472.16,RUNNING,0
472.23,3,472.23,RUNNING,0
472.3,3,472.3,RUNNING,0
472.36,3,472.36,RUNNING,0
472.43,3,472.43,RUNNING,0
472.5,3,472.5,RUNNING,0
472.56,3,472.56,RUNNING,0
472.63,3,472.63,RUNNING,0
472.7,3,472.7,RUNNING,0
472.76,3,472.76,RUNNING,0
472.83,3,472.83,RUNNING,0
472.9,3,472.9,RUNNING,0
472.96,3,472.96,RUNNING,0
473.03,3,473.03,RUNNING,0
473.1,3,473.1,RUNNING,0
473.17,3,473.17,RUNNING,0
473.23,3,473.23,RUNNING,0
473.3,3,473.3,RUNNING,0
473.37,3,473.37,RUNNING,0
473.43,3,473.43,RUNNING,0
473.5,3,473.5,RUNNING,0
473.57,3,473.57,RUNNING,0
473.63,3,473.63,RUNNING,0
473.7,3,473.7,RUNNING,0
473.77,3,473.77,RUNNING,0
473.84,3,473.84,RUNNING,0
473.9,3,473.9,RUNNING,0
473.97,3,473.97,RUNNING,0
474.04,3,474.04,RUNNING,0
474.1,3,474.1,RUNNING,0
474.17,3,474.17,RUNNING,0
474.24,3,474.24,RUNNING,0
474.3,3,474.3,RUNNING,0
474.37,3,474.37,RUNNING,0
474.44,3,474.44,RUNNING,0
474.5,3,474.5,RUNNING,0
474.57,3,474.57,RUNNING,0
474.64,3,474.64,RUNNING,0
474.71,3,474.71,RUNNING,0
474.77,3,474.77,RUNNING,0
474.84,3,474.84,RUNNING,0
474.91,3,474.91,RUNNING,0
474.98,3,474.98,RUNNING,0
475.04,3,475.04,RUNNING,0
475.11,3,475.11,RUNNING,0
475.18,3,475.18,RUNNING,0
475.25,3,475.25,RUNNING,0
475.32,3,475.32,RUNNING,0
475.39,3,475.39,RUNNING,0
475.45,3,475.45,RUNNING,0
475.52,3,475.52,RUNNING,0
475.58,3,475.58,RUNNING,0
475.65,3,475.65,RUNNING,0
475.72,3,475.72,RUNNING,0
475.78,3,475.78,RUNNING,0
475.85,3,475.85,RUNNING,0
475.92,3,475.92,RUNNING,0
475.98,3,475.98,RUNNING,0
476.05,3,476.05,RUNNING,0
476.12,3,476.12,RUNNING,0
476.18,3,476.18,RUNNING,0
476.25,3,476.25,RUNNING,0
476.31,3,476.31,RUNNING,0
476.38,3,476.38,RUNNING,0
476.45,3,476.45,RUNNING,0
476.51,3,476.51,RUNNING,0
476.58,3,476.58,RUNNING,0
476.66,3,476.66,RUNNING,0
476.72,3,476.72,RUNNING,0
476.79,3,476.79,RUNNING,0
476.86,3,476.86,RUNNING,0
476.92,3,476.92,RUNNING,0
476.99,3,476.99,RUNNING,0
477.05,3,477.05,RUNNING,0
477.12,3,477.12,RUNNING,0
477.19,3,477.19,RUNNING,0
477.25,3,477.25,RUNNING,0
477.32,3,477.32,RUNNING,0
477.39,3,477.39,RUNNING,0
477.45,3,477.45,RUNNING,0
477.52,3,477.52,RUNNING,0
477.59,3,477.59,RUNNING,0
477.65,3,477.65,RUNNING,0
477.72,3,477.72,RUNNING,0
477.79,3,477.79,RUNNING,0
477.85,3,477.85,RUNNING,0
477.92,3,477.92,RUNNING,0
477.99,3,477.99,RUNNING,0
478.05,3,478.05,RUNNING,0
478.12,3,478.12,RUNNING,0
478.19,3,478.19,RUNNING,0
478.25,3,478.25,RUNNING,0
478.32,3,478.32,RUNNING,0
478.38,3,478.38,RUNNING,0
478.45,3,478.45,RUNNING,0
478.52,3,478.52,RUNNING,0
478.58,3,478.58,RUNNING,0
478.65,3,478.65,RUNNING,0
478.72,3,478.72,RUNNING,0
478.78,3,478.78,RUNNING,0
478.85,3,478.85,RUNNING,0
478.92,3,478.92,RUNNING,0
478.98,3,478.98,RUNNING,0
479.05,3,479.05,RUNNING,0
479.12,3,479.12,RUNNING,0
479.18,3,479.18,RUNNING,0
479.25,3,479.25,RUNNING,0
479.32,3,479.32,RUNNING,0
479.38,3,479.38,RUNNING,0
479.45,3,479.45,RUNNING,0
479.52,3,479.52,RUNNING,0
479.58,3,479.58,RUNNING,0
479.65,3,479.65,RUNNING,0
479.72,3,479.72,RUNNING,0
479.78,3,479.78,RUNNING,0
479.85,3,479.85,RUNNING,0
479.92,3,479.92,RUNNING,0
479.98,3,479.98,RUNNING,0
480.05,3,480.05,RUNNING,0
480.12,3,480.12,RUNNING,0
480.18,3,480.18,RUNNING,0
480.25,3,480.25,RUNNING,0
480.32,3,480.32,RUNNING,0
480.38,3,480.38,RUNNING,0
480.45,3,480.45,RUNNING,0
480.52,3,480.52,RUNNING,0
480.59,3,480.59,RUNNING,0
480.65,3,480.65,RUNNING,0
480.72,3,480.72,RUNNING,0
480.79,3,480.79,RUNNING,0
480.85,3,480.85,RUNNING,0
480.92,3,480.92,RUNNING,0
480.99,3,480.99,RUNNING,0
481.05,3,481.05,RUNNING,0
481.12,3,481.12,RUNNING,0
481.19,3,481.19,RUNNING,0
481.25,3,481.25,RUNNING,0
481.32,3,481.32,RUNNING,0
481.39,3,481.39,RUNNING,0
481.45,3,481.45,RUNNING,0
481.52,3,481.52,RUNNING,0
481.59,3,481.59,RUNNING,0
481.65,3,481.65,RUNNING,0
481.72,3,481.72,RUNNING,0
481.79,3,481.79,RUNNING,0
481.86,3,481.86,RUNNING,0
481.92,3,481.92,RUNNING,0
481.99,3,481.99,RUNNING,0
482.06,3,482.06,RUNNING,0
482.12,3,482.12,RUNNING,0
482.19,3,482.19,RUNNING,0
482.26,3,482.26,RUNNING,0
482.32,3,482.32,RUNNING,0
482.39,3,482.39,RUNNING,0
482.46,3,482.46,RUNNING,0
482.52,3,482.52,RUNNING,0
482.59,3,482.59,RUNNING,0
482.66,3,482.66,RUNNING,0
482.73,3,482.73,RUNNING,0
482.79,3,482.79,RUNNING,0
482.86,3,482.86,RUNNING,0
482.93,3,482.93,RUNNING,0
482.99,3,482.99,RUNNING,0
483.06,3,483.06,RUNNING,0
483.13,3,483.13,RUNNING,0
483.2,3,483.2,RUNNING,0
483.27,3,483.27,RUNNING,0
483.33,3,483.33,RUNNING,0
483.4,3,483.4,RUNNING,0
483.47,3,483.47,RUNNING,0
483.53,3,483.53,RUNNING,0
483.6,3,483.6,RUNNING,0
483.67,3,483.67,RUNNING,0
483.73,3,483.73,RUNNING,0
483.8,3,483.8,RUNNING,0
483.87,3,483.87,RUNNING,0
483.93,3,483.93,RUNNING,0
484.0,3,484.0,RUNNING,0
484.06,3,484.06,RUNNING,0
484.13,3,484.13,RUNNING,0
484.2,3,484.2,RUNNING,0
484.26,3,484.26,RUNNING,0
484.33,3,484.33,RUNNING,0
484.39,3,484.39,RUNNING,0
484.46,3,484.46,RUNNING,0
484.53,3,484.53,RUNNING,0
484.59,3,484.59,RUNNING,0
484.66,3,484.66,RUNNING,0
484.73,3,484.73,RUNNING,0
484.79,3,484.79,RUNNING,0
484.86,3,484.86,RUNNING,0
484.93,3,484.93,RUNNING,0
484.99,3,484.99,RUNNING,0
485.06,3,485.06,RUNNING,0
485.13,3,485.13,RUNNING,0
485.19,3,485.19,RUNNING,0
485.26,3,485.26,RUNNING,0
485.32,3,485.32,RUNNING,0
485.39,3,485.39,RUNNING,0
485.46,3,485.46,RUNNING,0
485.52,3,485.52,RUNNING,0
485.59,3,485.59,RUNNING,0
485.66,3,485.66,RUNNING,0
485.72,3,485.72,RUNNING,0
485.79,3,485.79,RUNNING,0
485.86,3,485.86,RUNNING,0
485.92,3,485.92,RUNNING,0
485.99,3,485.99,RUNNING,0
486.06,3,486.06,RUNNING,0
486.12,3,486.12,RUNNING,0
486.19,3,486.19,RUNNING,0
486.26,3,486.26,RUNNING,0
486.32,3,486.32,RUNNING,0
486.39,3,486.39,RUNNING,0
486.46,3,486.46,RUNNING,0
486.52,3,486.52,RUNNING,0
486.59,3,486.59,RUNNING,0
486.66,3,486.66,RUNNING,0
486.72,3,486.72,RUNNING,0
486.79,3,486.79,RUNNING,0
486.86,3,486.86,RUNNING,0
486.92,3,486.92,RUNNING,0
486.99,3,486.99,RUNNING,0
487.06,3,487.06,RUNNING,0
487.12,3,487.12,RUNNING,0
487.19,3,487.19,RUNNING,0
487.26,3,487.26,RUNNING,0
487.33,3,487.33,RUNNING,0
487.39,3,487.39,RUNNING,0
487.46,3,487.46,RUNNING,0
487.53,3,487.53,RUNNING,0
487.59,3,487.59,RUNNING,0
487.66,3,487.66,RUNNING,0
487.73,3,487.73,RUNNING,0
487.79,3,487.79,RUNNING,0
487.86,3,487.86,RUNNING,0
487.93,3,487.93,RUNNING,0
487.99,3,487.99,RUNNING,0
488.06,3,488.06,RUNNING,0
488.13,3,488.13,RUNNING,0
488.19,3,488.19,RUNNING,0
488.26,3,488.26,RUNNING,0
488.33,3,488.33,RUNNING,0
488.4,3,488.4,RUNNING,0
488.46,3,488.46,RUNNING,0
488.53,3,488.53,RUNNING,0
488.6,3,488.6,RUNNING,0
488.66,3,488.66,RUNNING,0
488.73,3,488.73,RUNNING,0
488.8,3,488.8,RUNNING,0
488.86,3,488.86,RUNNING,0
488.93,3,488.93,RUNNING,0
489.0,3,489.0,RUNNING,0
489.07,3,489.07,RUNNING,0
489.13,3,489.13,RUNNING,0
489.2,3,489.2,RUNNING,0
489.27,3,489.27,RUNNING,0
489.33,3,489.33,RUNNING,0
489.4,3,489.4,RUNNING,0
489.47,3,489.47,RUNNING,0
489.54,3,489.54,RUNNING,0
489.6,3,489.6,RUNNING,0
489.67,3,489.67,RUNNING,0
489.74,3,489.74,RUNNING,0
489.8,3,489.8,RUNNING,0
489.87,3,489.87,RUNNING,0
489.94,3,489.94,RUNNING,0
490.01,3,490.01,RUNNING,0
490.08,3,490.08,RUNNING,0
490.14,3,490.14,RUNNING,0
490.21,3,490.21,RUNNING,0
490.28,3,490.28,RUNNING,0
490.34,3,490.34,RUNNING,0
490.41,3,490.41,RUNNING,0
490.48,3,490.48,RUNNING,0
490.54,3,490.54,RUNNING,0
490.61,3,490.61,RUNNING,0
490.67,3,490.67,RUNNING,0
490.74,3,490.74,RUNNING,0
490.81,3,490.81,RUNNING,0
490.87,3,490.87,RUNNING,0
490.94,3,490.94,RUNNING,0
491.01,3,491.01,RUNNING,0
491.07,3,491.07,RUNNING,0
491.14,3,491.14,RUNNING,0
491.21,3,491.21,RUNNING,0
491.27,3,491.27,RUNNING,0
491.34,3,491.34,RUNNING,0
491.41,3,491.41,RUNNING,0
491.47,3,491.47,RUNNING,0
491.54,3,491.54,RUNNING,0
491.6,3,491.6,RUNNING,0
491.67,3,491.67,RUNNING,0
491.74,3,491.74,RUNNING,0
491.8,3,491.8,RUNNING,0
491.87,3,491.87,RUNNING,0
491.94,3,491.94,RUNNING,0
492.0,3,492.0,RUNNING,0
492.07,3,492.07,RUNNING,0
492.14,3,492.14,RUNNING,0
492.2,3,492.2,RUNNING,0
492.27,3,492.27,RUNNING,0
492.34,3,492.34,RUNNING,0
492.4,3,492.4,RUNNING,0
492.47,3,492.47,RUNNING,0
492.54,3,492.54,RUNNING,0
492.6,3,492.6,RUNNING,0
492.67,3,492.67,RUNNING,0
492.74,3,492.74,RUNNING,0
492.8,3,492.8,RUNNING,0
492.87,3,492.87,RUNNING,0
492.94,3,492.94,RUNNING,0
493.0,3,493.0,RUNNING,0
493.07,3,493.07,RUNNING,0
493.14,3,493.14,RUNNING,0
493.2,3,493.2,RUNNING,0
493.27,3,493.27,RUNNING,0
493.34,3,493.34,RUNNING,0
493.41,3,493.41,RUNNING,0
493.47,3,493.47,RUNNING,0
493.54,3,493.54,RUNNING,0
493.61,3,493.61,RUNNING,0
493.67,3,493.67,RUNNING,0
493.74,3,493.74,RUNNING,0
493.81,3,493.81,RUNNING,0
493.87,3,493.87,RUNNING,0
493.94,3,493.94,RUNNING,0
494.01,3,494.01,RUNNING,0
494.07,3,494.07,RUNNING,0
494.14,3,494.14,RUNNING,0
494.21,3,494.21,RUNNING,0
494.27,3,494.27,RUNNING,0
494.34,3,494.34,RUNNING,0
494.41,3,494.41,RUNNING,0
494.47,3,494.47,RUNNING,0
494.54,3,494.54,RUNNING,0
494.61,3,494.61,RUNNING,0
494.67,3,494.67,RUNNING,0
494.74,3,494.74,RUNNING,0
494.81,3,494.81,RUNNING,0
494.88,3,494.88,RUNNING,0
494.94,3,494.94,RUNNING,0
495.01,3,495.01,RUNNING,0
495.08,3,495.08,RUNNING,0
495.14,3,495.14,RUNNING,0
495.21,3,495.21,RUNNING,0
495.28,3,495.28,RUNNING,0
495.34,3,495.34,RUNNING,0
495.41,3,495.41,RUNNING,0
495.48,3,495.48,RUNNING,0
495.55,3,495.55,RUNNING,0
495.61,3,495.61,RUNNING,0
495.68,3,495.68,RUNNING,0
495.75,3,495.75,RUNNING,0
495.81,3,495.81,RUNNING,0
495.88,3,495.88,RUNNING,0
495.95,3,495.95,RUNNING,0
496.01,3,496.01,RUNNING,0
496.08,3,496.08,RUNNING,0
496.15,3,496.15,RUNNING,0
496.21,3,496.21,RUNNING,0
496.28,3,496.28,RUNNING,0
496.35,3,496.35,RUNNING,0
496.41,3,496.41,RUNNING,0
496.48,3,496.48,RUNNING,0
496.55,3,496.55,RUNNING,0
496.62,3,496.62,RUNNING,0
496.69,3,496.69,RUNNING,0
496.75,3,496.75,RUNNING,0
496.82,3,496.82,RUNNING,0
496.89,3,496.89,RUNNING,0
496.95,3,496.95,RUNNING,0
497.02,3,497.02,RUNNING,0
497.09,3,497.09,RUNNING,0
497.15,3,497.15,RUNNING,0
497.22,3,497.22,RUNNING,0
497.29,3,497.29,RUNNING,0
497.35,3,497.35,RUNNING,0
497.42,3,497.42,RUNNING,0
497.49,3,497.49,RUNNING,0
497.55,3,497.55,RUNNING,0
497.62,3,497.62,RUNNING,0
497.68,3,497.68,RUNNING,0
497.75,3,497.75,RUNNING,0
497.82,3,497.82,RUNNING,0
497.88,3,497.88,RUNNING,0
497.95,3,497.95,RUNNING,0
498.02,3,498.02,RUNNING,0
498.08,3,498.08,RUNNING,0
498.15,3,498.15,RUNNING,0
498.22,3,498.22,RUNNING,0
498.28,3,498.28,RUNNING,0
498.35,3,498.35,RUNNING,0
498.42,3,498.42,RUNNING,0
498.48,3,498.48,RUNNING,0
498.55,3,498.55,RUNNING,0
498.62,3,498.62,RUNNING,0
498.68,3,498.68,RUNNING,0
498.75,3,498.75,RUNNING,0
498.81,3,498.81,RUNNING,0
498.88,3,498.88,RUNNING,0
498.95,3,498.95,RUNNING,0
499.02,3,499.02,RUNNING,0
499.08,3,499.08,RUNNING,0
499.15,3,499.15,RUNNING,0
499.22,3,499.22,RUNNING,0
499.28,3,499.28,RUNNING,0
499.35,3,499.35,RUNNING,0
499.42,3,499.42,RUNNING,0
499.48,3,499.48,RUNNING,0
499.55,3,499.55,RUNNING,0
499.62,3,499.62,RUNNING,0
499.68,3,499.68,RUNNING,0
499.75,3,499.75,RUNNING,0
499.82,3,499.82,RUNNING,0
499.88,3,499.88,RUNNING,0
499.95,3,499.95,RUNNING,0
500.02,3,500.02,RUNNING,0
500.08,3,500.08,RUNNING,0
500.15,3,500.15,RUNNING,0
500.22,3,500.22,RUNNING,0
500.28,3,500.28,RUNNING,0
500.35,3,500.35,RUNNING,0
500.42,3,500.42,RUNNING,0
500.49,3,500.49,RUNNING,0
500.55,3,500.55,RUNNING,0
500.62,3,500.62,RUNNING,0
500.69,3,500.69,RUNNING,0
500.75,3,500.75,RUNNING,0
500.82,3,500.82,RUNNING,0
500.89,3,500.89,RUNNING,0
500.95,3,500.95,RUNNING,0
501.02,3,501.02,RUNNING,0
501.09,3,501.09,RUNNING,0
501.15,3,501.15,RUNNING,0
501.22,3,501.22,RUNNING,0
501.29,3,501.29,RUNNING,0
501.35,3,501.35,RUNNING,0
501.42,3,501.42,RUNNING,0
501.49,3,501.49,RUNNING,0
501.55,3,501.55,RUNNING,0
501.62,3,501.62,RUNNING,0
501.69,3,501.69,RUNNING,0
501.76,3,501.76,RUNNING,0
501.82,3,501.82,RUNNING,0
501.89,3,501.89,RUNNING,0
501.96,3,501.96,RUNNING,0
502.03,3,502.03,RUNNING,0
502.09,3,502.09,RUNNING,0
502.16,3,502.16,RUNNING,0
502.23,3,502.23,RUNNING,0
502.29,3,502.29,RUNNING,0
502.36,3,502.36,RUNNING,0
502.43,3,502.43,RUNNING,0
502.49,3,502.49,RUNNING,0
502.56,3,502.56,RUNNING,0
502.63,3,502.63,RUNNING,0
502.69,3,502.69,RUNNING,0
502.76,3,502.76,RUNNING,0
502.83,3,502.83,RUNNING,0
502.9,3,502.9,RUNNING,0
502.96,3,502.96,RUNNING,0
503.03,3,503.03,RUNNING,0
503.1,3,503.1,RUNNING,0
503.17,3,503.17,RUNNING,0
503.24,3,503.24,RUNNING,0
503.31,3,503.31,RUNNING,0
503.37,3,503.37,RUNNING,0
503.44,3,503.44,RUNNING,0
503.5,3,503.5,RUNNING,0
503.57,3,503.57,RUNNING,0
503.64,3,503.64,RUNNING,0
503.7,3,503.7,RUNNING,0
503.77,3,503.77,RUNNING,0
503.84,3,503.84,RUNNING,0
503.9,3,503.9,RUNNING,0
503.97,3,503.97,RUNNING,0
504.03,3,504.03,RUNNING,0
504.1,3,504.1,RUNNING,0
504.17,3,504.17,RUNNING,0
504.23,3,504.23,RUNNING,0
504.3,3,504.3,RUNNING,0
504.37,3,504.37,RUNNING,0
504.43,3,504.43,RUNNING,0
504.5,3,504.5,RUNNING,0
504.57,3,504.57,RUNNING,0
504.63,3,504.63,RUNNING,0
504.7,3,504.7,RUNNING,0
504.77,3,504.77,RUNNING,0
504.83,3,504.83,RUNNING,0
504.9,3,504.9,RUNNING,0
504.97,3,504.97,RUNNING,0
505.03,3,505.03,RUNNING,0
505.1,3,505.1,RUNNING,0
505.17,3,505.17,RUNNING,0
505.23,3,505.23,RUNNING,0
505.3,3,505.3,RUNNING,0
505.37,3,505.37,RUNNING,0
505.43,3,505.43,RUNNING,0
505.5,3,505.5,RUNNING,0
505.57,3,505.57,RUNNING,0
505.63,3,505.63,RUNNING,0
505.7,3,505.7,RUNNING,0
505.77,3,505.77,RUNNING,0
505.83,3,505.83,RUNNING,0
505.9,3,505.9,RUNNING,0
505.97,3,505.97,RUNNING,0
506.03,3,506.03,RUNNING,0
506.1,3,506.1,RUNNING,0
506.17,3,506.17,RUNNING,0
506.23,3,506.23,RUNNING,0
506.3,3,506.3,RUNNING,0
506.37,3,506.37,RUNNING,0
506.43,3,506.43,RUNNING,0
506.5,3,506.5,RUNNING,0
506.57,3,506.57,RUNNING,0
506.63,3,506.63,RUNNING,0
506.7,3,506.7,RUNNING,0
506.77,3,506.77,RUNNING,0
506.83,3,506.83,RUNNING,0
506.9,3,506.9,RUNNING,0
506.97,3,506.97,RUNNING,0
507.03,3,507.03,RUNNING,0
507.1,3,507.1,RUNNING,0
507.17,3,507.17,RUNNING,0
507.23,3,507.23,RUNNING,0
507.3,3,507.3,RUNNING,0
507.37,3,507.37,RUNNING,0
507.43,3,507.43,RUNNING,0
507.5,3,507.5,RUNNING,0
507.57,3,507.57,RUNNING,0
507.64,3,507.64,RUNNING,0
507.7,3,507.7,RUNNING,0
507.77,3,507.77,RUNNING,0
507.84,3,507.84,RUNNING,0
507.9,3,507.9,RUNNING,0
507.97,3,507.97,RUNNING,0
508.04,3,508.04,RUNNING,0
508.1,3,508.1,RUNNING,0
508.17,3,508.17,RUNNING,0
508.24,3,508.24,RUNNING,0
508.3,3,508.3,RUNNING,0
508.37,3,508.37,RUNNING,0
508.44,3,508.44,RUNNING,0
508.5,3,508.5,RUNNING,0
508.57,3,508.57,RUNNING,0
508.64,3,508.64,RUNNING,0
508.71,3,508.71,RUNNING,0
508.77,3,508.77,RUNNING,0
508.84,3,508.84,RUNNING,0
508.91,3,508.91,RUNNING,0
508.97,3,508.97,RUNNING,0
509.04,3,509.04,RUNNING,0
509.11,3,509.11,RUNNING,0
509.17,3,509.17,RUNNING,0
509.24,3,509.24,RUNNING,0
509.31,3,509.31,RUNNING,0
509.38,3,509.38,RUNNING,0
509.44,3,509.44,RUNNING,0
509.51,3,509.51,RUNNING,0
509.59,3,509.59,RUNNING,0
509.66,3,509.66,RUNNING,0
509.72,3,509.72,RUNNING,0
509.79,3,509.79,RUNNING,0
509.85,3,509.85,RUNNING,0
509.92,3,509.92,RUNNING,0
509.99,3,509.99,RUNNING,0
510.05,3,510.05,RUNNING,0
510.12,3,510.12,RUNNING,0
510.19,3,510.19,RUNNING,0
510.25,3,510.25,RUNNING,0
510.32,3,510.32,RUNNING,0
510.38,3,510.38,RUNNING,0
510.45,3,510.45,RUNNING,0
510.52,3,510.52,RUNNING,0
510.58,3,510.58,RUNNING,0
510.65,3,510.65,RUNNING,0
510.72,3,510.72,RUNNING,0
510.78,3,510.78,RUNNING,0
510.85,3,510.85,RUNNING,0
510.92,3,510.92,RUNNING,0
510.98,3,510.98,RUNNING,0
511.05,3,511.05,RUNNING,0
511.11,3,511.11,RUNNING,0
511.18,3,511.18,RUNNING,0
511.25,3,511.25,RUNNING,0
511.31,3,511.31,RUNNING,0
511.38,3,511.38,RUNNING,0
511.45,3,511.45,RUNNING,0
511.51,3,511.51,RUNNING,0
511.58,3,511.58,RUNNING,0
511.65,3,511.65,RUNNING,0
511.71,3,511.71,RUNNING,0
511.78,3,511.78,RUNNING,0
511.84,3,511.84,RUNNING,0
511.91,3,511.91,RUNNING,0
511.98,3,511.98,RUNNING,0
512.04,3,512.04,RUNNING,0
512.11,3,512.11,RUNNING,0
512.18,3,512.18,RUNNING,0
512.24,3,512.24,RUNNING,0
512.31,3,512.31,RUNNING,0
512.38,3,512.38,RUNNING,0
512.45,3,512.45,RUNNING,0
512.51,3,512.51,RUNNING,0
512.58,3,512.58,RUNNING,0
512.65,3,512.65,RUNNING,0
512.71,3,512.71,RUNNING,0
512.78,3,512.78,RUNNING,0
512.85,3,512.85,RUNNING,0
512.91,3,512.91,RUNNING,0
512.98,3,512.98,RUNNING,0
513.05,3,513.05,RUNNING,0
513.11,3,513.11,RUNNING,0
513.18,3,513.18,RUNNING,0
513.25,3,513.25,RUNNING,0
513.31,3,513.31,RUNNING,0
513.38,3,513.38,RUNNING,0
513.45,3,513.45,RUNNING,0
513.51,3,513.51,RUNNING,0
513.58,3,513.58,RUNNING,0
513.65,3,513.65,RUNNING,0
513.71,3,513.71,RUNNING,0
513.78,3,513.78,RUNNING,0
513.85,3,513.85,RUNNING,0
513.91,3,513.91,RUNNING,0
513.98,3,513.98,RUNNING,0
514.05,3,514.05,RUNNING,0
514.12,3,514.12,RUNNING,0
514.18,3,514.18,RUNNING,0
514.25,3,514.25,RUNNING,0
514.32,3,514.32,RUNNING,0
514.38,3,514.38,RUNNING,0
514.45,3,514.45,RUNNING,0
514.52,3,514.52,RUNNING,0
514.58,3,514.58,RUNNING,0
514.65,3,514.65,RUNNING,0
514.72,3,514.72,RUNNING,0
514.79,3,514.79,RUNNING,0
514.85,3,514.85,RUNNING,0
514.92,3,514.92,RUNNING,0
514.99,3,514.99,RUNNING,0
515.05,3,515.05,RUNNING,0
515.12,3,515.12,RUNNING,0
515.19,3,515.19,RUNNING,0
515.25,3,515.25,RUNNING,0
515.32,3,515.32,RUNNING,0
515.39,3,515.39,RUNNING,0
515.46,3,515.46,RUNNING,0
515.52,3,515.52,RUNNING,0
515.59,3,515.59,RUNNING,0
515.66,3,515.66,RUNNING,0
515.72,3,515.72,RUNNING,0
515.79,3,515.79,RUNNING,0
515.86,3,515.86,RUNNING,0
515.93,3,515.93,RUNNING,0
515.99,3,515.99,RUNNING,0
516.06,3,516.06,RUNNING,0
516.13,3,516.13,RUNNING,0
516.19,3,516.19,RUNNING,0
516.27,3,516.27,RUNNING,0
516.33,3,516.33,RUNNING,0
516.4,3,516.4,RUNNING,0
516.47,3,516.47,RUNNING,0
516.53,3,516.53,RUNNING,0
516.6,3,516.6,RUNNING,0
516.67,3,516.67,RUNNING,0
516.73,3,516.73,RUNNING,0
516.8,3,516.8,RUNNING,0
516.87,3,516.87,RUNNING,0
516.93,3,516.93,RUNNING,0
517.0,3,517.0,RUNNING,0
517.06,3,517.06,RUNNING,0
517.13,3,517.13,RUNNING,0
517.2,3,517.2,RUNNING,0
517.27,3,517.27,RUNNING,0
517.33,3,517.33,RUNNING,0
517.4,3,517.4,RUNNING,0
517.46,3,517.46,RUNNING,0
517.53,3,517.53,RUNNING,0
517.6,3,517.6,RUNNING,0
517.67,3,517.67,RUNNING,0
517.74,3,517.74,RUNNING,0
517.81,3,517.81,RUNNING,0
517.87,3,517.87,RUNNING,0
517.94,3,517.94,RUNNING,0
518.0,3,518.0,RUNNING,0
518.07,3,518.07,RUNNING,0
518.14,3,518.14,RUNNING,0
518.2,3,518.2,RUNNING,0
518.27,3,518.27,RUNNING,0
518.34,3,518.34,RUNNING,0
518.4,3,518.4,RUNNING,0
518.47,3,518.47,RUNNING,0
518.53,3,518.53,RUNNING,0
518.6,3,518.6,RUNNING,0
518.67,3,518.67,RUNNING,0
518.73,3,518.73,RUNNING,0
518.8,3,518.8,RUNNING,0
518.87,3,518.87,RUNNING,0
518.93,3,518.93,RUNNING,0
519.0,3,519.0,RUNNING,0
519.06,3,519.06,RUNNING,0
519.13,3,519.13,RUNNING,0
519.2,3,519.2,RUNNING,0
519.26,3,519.26,RUNNING,0
519.33,3,519.33,RUNNING,0
519.4,3,519.4,RUNNING,0
519.46,3,519.46,RUNNING,0
519.53,3,519.53,RUNNING,0
519.6,3,519.6,RUNNING,0
519.66,3,519.66,RUNNING,0
519.73,3,519.73,RUNNING,0
519.79,3,519.79,RUNNING,0
519.86,3,519.86,RUNNING,0
519.93,3,519.93,RUNNING,0
519.99,3,519.99,RUNNING,0
520.06,3,520.06,RUNNING,0
520.13,3,520.13,RUNNING,0
520.19,3,520.19,RUNNING,0
520.26,3,520.26,RUNNING,0
520.33,3,520.33,RUNNING,0
520.39,3,520.39,RUNNING,0
520.46,3,520.46,RUNNING,0
520.53,3,520.53,RUNNING,0
520.59,3,520.59,RUNNING,0
520.66,3,520.66,RUNNING,0
520.73,3,520.73,RUNNING,0
520.79,3,520.79,RUNNING,0
520.86,3,520.86,RUNNING,0
520.93,3,520.93,RUNNING,0
520.99,3,520.99,RUNNING,0
521.06,3,521.06,RUNNING,0
521.13,3,521.13,RUNNING,0
521.19,3,521.19,RUNNING,0
521.26,3,521.26,RUNNING,0
521.33,3,521.33,RUNNING,0
521.39,3,521.39,RUNNING,0
521.46,3,521.46,RUNNING,0
521.53,3,521.53,RUNNING,0
521.59,3,521.59,RUNNING,0
521.66,3,521.66,RUNNING,0
521.73,3,521.73,RUNNING,0
521.79,3,521.79,RUNNING,0
521.86,3,521.86,RUNNING,0
521.93,3,521.93,RUNNING,0
521.99,3,521.99,RUNNING,0
522.06,3,522.06,RUNNING,0
522.13,3,522.13,RUNNING,0
522.19,3,522.19,RUNNING,0
522.26,3,522.26,RUNNING,0
522.33,3,522.33,RUNNING,0
522.39,3,522.39,RUNNING,0
522.46,3,522.46,RUNNING,0
522.53,3,522.53,RUNNING,0
522.59,3,522.59,RUNNING,0
522.66,3,522.66,RUNNING,0
522.73,3,522.73,RUNNING,0
522.8,3,522.8,RUNNING,0
522.86,3,522.86,RUNNING,0
522.93,3,522.93,RUNNING,0
523.0,3,523.0,RUNNING,0
523.06,3,523.06,RUNNING,0
523.13,3,523.13,RUNNING,0
523.2,3,523.2,RUNNING,0
523.26,3,523.26,RUNNING,0
523.33,3,523.33,RUNNING,0
523.4,3,523.4,RUNNING,0
523.47,3,523.47,RUNNING,0
523.53,3,523.53,RUNNING,0
523.6,3,523.6,RUNNING,0
523.67,3,523.67,RUNNING,0
523.73,3,523.73,RUNNING,0
523.8,3,523.8,RUNNING,0
523.87,3,523.87,RUNNING,0
523.94,3,523.94,RUNNING,0
524.0,3,524.0,RUNNING,0
524.07,3,524.07,RUNNING,0
524.14,3,524.14,RUNNING,0
524.21,3,524.21,RUNNING,0
524.27,3,524.27,RUNNING,0
524.35,3,524.35,RUNNING,0
524.41,3,524.41,RUNNING,0
524.48,3,524.48,RUNNING,0
524.54,3,524.54,RUNNING,0
524.61,3,524.61,RUNNING,0
524.68,3,524.68,RUNNING,0
524.74,3,524.74,RUNNING,0
524.81,3,524.81,RUNNING,0
524.88,3,524.88,RUNNING,0
524.94,3,524.94,RUNNING,0
525.01,3,525.01,RUNNING,0
525.08,3,525.08,RUNNING,0
525.14,3,525.14,RUNNING,0
525.21,3,525.21,RUNNING,0
525.27,3,525.27,RUNNING,0
525.34,3,525.34,RUNNING,0
525.41,3,525.41,RUNNING,0
525.47,3,525.47,RUNNING,0
525.54,3,525.54,RUNNING,0
525.61,3,525.61,RUNNING,0
525.67,3,525.67,RUNNING,0
525.74,3,525.74,RUNNING,0
525.8,3,525.8,RUNNING,0
525.87,3,525.87,RUNNING,0
525.94,3,525.94,RUNNING,0
526.0,3,526.0,RUNNING,0
526.07,3,526.07,RUNNING,0
526.14,3,526.14,RUNNING,0
526.2,3,526.2,RUNNING,0
526.27,3,526.27,RUNNING,0
526.34,3,526.34,RUNNING,0
526.4,3,526.4,RUNNING,0
526.47,3,526.47,RUNNING,0
526.54,3,526.54,RUNNING,0
526.6,3,526.6,RUNNING,0
526.67,3,526.67,RUNNING,0
526.73,3,526.73,RUNNING,0
526.8,3,526.8,RUNNING,0
526.87,3,526.87,RUNNING,0
526.93,3,526.93,RUNNING,0
527.0,3,527.0,RUNNING,0
527.07,3,527.07,RUNNING,0
527.13,3,527.13,RUNNING,0
527.2,3,527.2,RUNNING,0
527.27,3,527.27,RUNNING,0
527.33,3,527.33,RUNNING,0
527.4,3,527.4,RUNNING,0
527.47,3,527.47,RUNNING,0
527.53,3,527.53,RUNNING,0
527.6,3,527.6,RUNNING,0
527.67,3,527.67,RUNNING,0
527.73,3,527.73,RUNNING,0
527.8,3,527.8,RUNNING,0
527.87,3,527.87,RUNNING,0
527.93,3,527.93,RUNNING,0
528.0,3,528.0,RUNNING,0
528.07,3,528.07,RUNNING,0
528.13,3,528.13,RUNNING,0
528.2,3,528.2,RUNNING,0
528.27,3,528.27,RUNNING,0
528.33,3,528.33,RUNNING,0
528.4,3,528.4,RUNNING,0
528.47,3,528.47,RUNNING,0
528.53,3,528.53,RUNNING,0
528.6,3,528.6,RUNNING,0
528.67,3,528.67,RUNNING,0
528.74,3,528.74,RUNNING,0
528.8,3,528.8,RUNNING,0
528.87,3,528.87,RUNNING,0
528.94,3,528.94,RUNNING,0
529.0,3,529.0,RUNNING,0
529.07,3,529.07,RUNNING,0
529.14,3,529.14,RUNNING,0
529.2,3,529.2,RUNNING,0
529.27,3,529.27,RUNNING,0
529.34,3,529.34,RUNNING,0
529.4,3,529.4,RUNNING,0
529.47,3,529.47,RUNNING,0
529.54,3,529.54,RUNNING,0
529.6,3,529.6,RUNNING,0
529.67,3,529.67,RUNNING,0
529.74,3,529.74,RUNNING,0
529.81,3,529.81,RUNNING,0
529.87,3,529.87,RUNNING,0
529.94,3,529.94,RUNNING,0
530.01,3,530.01,RUNNING,0
530.07,3,530.07,RUNNING,0
530.14,3,530.14,RUNNING,0
530.21,3,530.21,RUNNING,0
530.27,3,530.27,RUNNING,0
530.34,3,530.34,RUNNING,0
530.41,3,530.41,RUNNING,0
530.47,3,530.47,RUNNING,0
530.54,3,530.54,RUNNING,0
530.61,3,530.61,RUNNING,0
530.68,3,530.68,RUNNING,0
530.74,3,530.74,RUNNING,0
530.81,3,530.81,RUNNING,0
530.88,3,530.88,RUNNING,0
530.94,3,530.94,RUNNING,0
531.01,3,531.01,RUNNING,0
531.09,3,531.09,RUNNING,0
531.15,3,531.15,RUNNING,0
531.22,4,531.22,RUNNING,0
531.29,4,531.29,RUNNING,0
531.35,3,531.35,RUNNING,0
531.42,3,531.42,RUNNING,0
531.48,3,531.48,RUNNING,0
531.55,3,531.55,RUNNING,0
531.62,3,531.62,RUNNING,0
531.68,3,531.68,RUNNING,0
531.75,3,531.75,RUNNING,0
531.82,3,531.82,RUNNING,0
531.88,3,531.88,RUNNING,0
531.95,3,531.95,RUNNING,0
532.01,3,532.01,RUNNING,0
532.08,3,532.08,RUNNING,0
532.15,3,532.15,RUNNING,0
532.21,3,532.21,RUNNING,0
532.28,3,532.28,RUNNING,0
532.35,3,532.35,RUNNING,0
532.41,3,532.41,RUNNING,0
532.48,3,532.48,RUNNING,0
532.54,3,532.54,RUNNING,0
532.61,3,532.61,RUNNING,0
532.68,3,532.68,RUNNING,0
532.75,3,532.75,RUNNING,0
532.81,3,532.81,RUNNING,0
532.88,3,532.88,RUNNING,0
532.94,3,532.94,RUNNING,0
533.01,3,533.01,RUNNING,0
533.08,3,533.08,RUNNING,0
533.14,3,533.14,RUNNING,0
533.21,3,533.21,RUNNING,0
533.28,3,533.28,RUNNING,0
533.34,3,533.34,RUNNING,0
533.41,3,533.41,RUNNING,0
533.48,3,533.48,RUNNING,0
533.54,3,533.54,RUNNING,0
533.61,3,533.61,RUNNING,0
533.68,3,533.68,RUNNING,0
533.74,3,533.74,RUNNING,0
533.81,3,533.81,RUNNING,0
533.88,3,533.88,RUNNING,0
533.94,3,533.94,RUNNING,0
534.01,3,534.01,RUNNING,0
534.08,3,534.08,RUNNING,0
534.14,3,534.14,RUNNING,0
534.21,3,534.21,RUNNING,0
534.28,3,534.28,RUNNING,0
534.34,3,534.34,RUNNING,0
534.41,3,534.41,RUNNING,0
534.48,3,534.48,RUNNING,0
534.54,3,534.54,RUNNING,0
534.61,3,534.61,RUNNING,0
534.68,3,534.68,RUNNING,0
534.74,3,534.74,RUNNING,0
534.81,3,534.81,RUNNING,0
534.88,3,534.88,RUNNING,0
534.94,3,534.94,RUNNING,0
535.01,3,535.01,RUNNING,0
535.08,3,535.08,RUNNING,0
535.14,3,535.14,RUNNING,0
535.21,3,535.21,RUNNING,0
535.27,3,535.27,RUNNING,0
535.34,3,535.34,RUNNING,0
535.41,3,535.41,RUNNING,0
535.47,3,535.47,RUNNING,0
535.54,3,535.54,RUNNING,0
535.61,3,535.61,RUNNING,0
535.68,3,535.68,RUNNING,0
535.74,3,535.74,RUNNING,0
535.81,3,535.81,RUNNING,0
535.88,3,535.88,RUNNING,0
535.94,3,535.94,RUNNING,0
536.01,3,536.01,RUNNING,0
536.08,3,536.08,RUNNING,0
536.14,3,536.14,RUNNING,0
536.21,3,536.21,RUNNING,0
536.28,3,536.28,RUNNING,0
536.35,3,536.35,RUNNING,0
536.41,3,536.41,RUNNING,0
536.48,3,536.48,RUNNING,0
536.55,3,536.55,RUNNING,0
536.61,3,536.61,RUNNING,0
536.68,3,536.68,RUNNING,0
536.75,3,536.75,RUNNING,0
536.82,3,536.82,RUNNING,0
536.88,3,536.88,RUNNING,0
536.95,3,536.95,RUNNING,0
537.02,3,537.02,RUNNING,0
537.08,3,537.08,RUNNING,0
537.15,3,537.15,RUNNING,0
537.22,3,537.22,RUNNING,0
537.28,3,537.28,RUNNING,0
537.35,3,537.35,RUNNING,0
537.42,3,537.42,RUNNING,0
537.49,3,537.49,RUNNING,0
537.56,3,537.56,RUNNING,0
537.63,3,537.63,RUNNING,0
537.69,3,537.69,RUNNING,0
537.76,3,537.76,RUNNING,0
537.82,3,537.82,RUNNING,0
537.89,3,537.89,RUNNING,0
537.96,3,537.96,RUNNING,0
538.02,3,538.02,RUNNING,0
538.09,3,538.09,RUNNING,0
538.15,3,538.15,RUNNING,0
538.22,3,538.22,RUNNING,0
538.29,3,538.29,RUNNING,0
538.35,3,538.35,RUNNING,0
538.42,3,538.42,RUNNING,0
538.49,3,538.49,RUNNING,0
538.55,3,538.55,RUNNING,0
538.62,3,538.62,RUNNING,0
538.69,3,538.69,RUNNING,0
538.75,3,538.75,RUNNING,0
538.82,3,538.82,RUNNING,0
538.88,3,538.88,RUNNING,0
538.95,3,538.95,RUNNING,0
539.02,3,539.02,RUNNING,0
539.08,3,539.08,RUNNING,0
539.15,3,539.15,RUNNING,0
539.22,3,539.22,RUNNING,0
539.28,3,539.28,RUNNING,0
539.35,3,539.35,RUNNING,0
539.41,3,539.41,RUNNING,0
539.48,3,539.48,RUNNING,0
539.55,3,539.55,RUNNING,0
539.62,3,539.62,RUNNING,0
539.68,3,539.68,RUNNING,0
539.75,3,539.75,RUNNING,0
539.81,3,539.81,RUNNING,0
539.88,3,539.88,RUNNING,0
539.95,3,539.95,RUNNING,0
540.01,3,540.01,RUNNING,0
540.08,3,540.08,RUNNING,0
540.15,3,540.15,RUNNING,0
540.21,3,540.21,RUNNING,0
540.28,3,540.28,RUNNING,0
540.35,3,540.35,RUNNING,0
540.41,3,540.41,RUNNING,0
540.48,3,540.48,RUNNING,0
540.55,3,540.55,RUNNING,0
540.61,3,540.61,RUNNING,0
540.68,3,540.68,RUNNING,0
540.75,3,540.75,RUNNING,0
540.81,3,540.81,RUNNING,0
540.88,3,540.88,RUNNING,0
540.95,3,540.95,RUNNING,0
541.01,3,541.01,RUNNING,0
541.08,3,541.08,RUNNING,0
541.15,3,541.15,RUNNING,0
541.21,3,541.21,RUNNING,0
541.28,3,541.28,RUNNING,0
541.34,3,541.34,RUNNING,0
541.41,3,541.41,RUNNING,0
541.48,3,541.48,RUNNING,0
541.55,3,541.55,RUNNING,0
541.61,3,541.61,RUNNING,0
541.68,3,541.68,RUNNING,0
541.75,3,541.75,RUNNING,0
541.81,3,541.81,RUNNING,0
541.88,3,541.88,RUNNING,0
541.95,3,541.95,RUNNING,0
542.01,3,542.01,RUNNING,0
542.08,3,542.08,RUNNING,0
542.15,3,542.15,RUNNING,0
542.21,3,542.21,RUNNING,0
542.28,3,542.28,RUNNING,0
542.35,3,542.35,RUNNING,0
542.41,3,542.41,RUNNING,0
542.48,3,542.48,RUNNING,0
542.55,3,542.55,RUNNING,0
542.62,3,542.62,RUNNING,0
542.68,3,542.68,RUNNING,0
542.75,3,542.75,RUNNING,0
542.82,3,542.82,RUNNING,0
542.88,3,542.88,RUNNING,0
542.95,3,542.95,RUNNING,0
543.02,3,543.02,RUNNING,0
543.08,3,543.08,RUNNING,0
543.15,3,543.15,RUNNING,0
543.22,3,543.22,RUNNING,0
543.28,3,543.28,RUNNING,0
543.35,3,543.35,RUNNING,0
543.42,3,543.42,RUNNING,0
543.49,3,543.49,RUNNING,0
543.55,3,543.55,RUNNING,0
543.62,3,543.62,RUNNING,0
543.69,3,543.69,RUNNING,0
543.75,3,543.75,RUNNING,0
543.82,3,543.82,RUNNING,0
543.89,3,543.89,RUNNING,0
543.96,3,543.96,RUNNING,0
544.03,3,544.03,RUNNING,0
544.1,3,544.1,RUNNING,0
544.16,3,544.16,RUNNING,0
544.23,3,544.23,RUNNING,0
544.3,3,544.3,RUNNING,0
544.37,3,544.37,RUNNING,0
544.43,3,544.43,RUNNING,0
544.5,3,544.5,RUNNING,0
544.57,3,544.57,RUNNING,0
544.63,3,544.63,RUNNING,0
544.7,3,544.7,RUNNING,0
544.77,3,544.77,RUNNING,0
544.83,3,544.83,RUNNING,0
544.9,3,544.9,RUNNING,0
544.96,3,544.96,RUNNING,0
545.03,3,545.03,RUNNING,0
545.1,3,545.1,RUNNING,0
545.16,3,545.16,RUNNING,0
545.23,3,545.23,RUNNING,0
545.3,3,545.3,RUNNING,0
545.36,3,545.36,RUNNING,0
545.43,3,545.43,RUNNING,0
545.5,3,545.5,RUNNING,0
545.56,3,545.56,RUNNING,0
545.63,3,545.63,RUNNING,0
545.69,3,545.69,RUNNING,0
545.76,3,545.76,RUNNING,0
545.83,3,545.83,RUNNING,0
545.89,3,545.89,RUNNING,0
545.96,3,545.96,RUNNING,0
546.03,3,546.03,RUNNING,0
546.09,3,546.09,RUNNING,0
546.16,3,546.16,RUNNING,0
546.23,3,546.23,RUNNING,0
546.29,3,546.29,RUNNING,0
546.36,3,546.36,RUNNING,0
546.43,3,546.43,RUNNING,0
546.49,3,546.49,RUNNING,0
546.56,3,546.56,RUNNING,0
546.63,3,546.63,RUNNING,0
546.69,3,546.69,RUNNING,0
546.76,3,546.76,RUNNING,0
546.83,3,546.83,RUNNING,0
546.89,3,546.89,RUNNING,0
546.96,3,546.96,RUNNING,0
547.03,3,547.03,RUNNING,0
547.09,3,547.09,RUNNING,0
547.16,3,547.16,RUNNING,0
547.23,3,547.23,RUNNING,0
547.29,3,547.29,RUNNING,0
547.36,3,547.36,RUNNING,0
547.43,3,547.43,RUNNING,0
547.49,3,547.49,RUNNING,0
547.56,3,547.56,RUNNING,0
547.63,3,547.63,RUNNING,0
547.69,3,547.69,RUNNING,0
547.76,3,547.76,RUNNING,0
547.83,3,547.83,RUNNING,0
547.89,3,547.89,RUNNING,0
547.96,3,547.96,RUNNING,0
548.03,3,548.03,RUNNING,0
548.09,3,548.09,RUNNING,0
548.16,3,548.16,RUNNING,0
548.23,3,548.23,RUNNING,0
548.29,3,548.29,RUNNING,0
548.36,3,548.36,RUNNING,0
548.43,3,548.43,RUNNING,0
548.5,3,548.5,RUNNING,0
548.56,3,548.56,RUNNING,0
548.63,3,548.63,RUNNING,0
548.7,3,548.7,RUNNING,0
548.77,3,548.77,RUNNING,0
548.83,3,548.83,RUNNING,0
548.9,3,548.9,RUNNING,0
548.97,3,548.97,RUNNING,0
549.03,3,549.03,RUNNING,0
549.1,3,549.1,RUNNING,0
549.17,3,549.17,RUNNING,0
549.24,3,549.24,RUNNING,0
549.3,3,549.3,RUNNING,0
549.37,3,549.37,RUNNING,0
549.44,3,549.44,RUNNING,0
549.5,3,549.5,RUNNING,0
549.57,3,549.57,RUNNING,0
549.64,3,549.64,RUNNING,0
549.71,3,549.71,RUNNING,0
549.77,3,549.77,RUNNING,0
549.84,3,549.84,RUNNING,0
549.91,3,549.91,RUNNING,0
549.97,3,549.97,RUNNING,0
550.04,3,550.04,RUNNING,0
550.11,3,550.11,RUNNING,0
550.18,3,550.18,RUNNING,0
550.24,3,550.24,RUNNING,0
550.31,3,550.31,RUNNING,0
550.38,3,550.38,RUNNING,0
550.45,3,550.45,RUNNING,0
550.51,3,550.51,RUNNING,0
550.58,3,550.58,RUNNING,0
550.65,3,550.65,RUNNING,0
550.72,3,550.72,RUNNING,0
550.79,3,550.79,RUNNING,0
550.85,3,550.85,RUNNING,0
550.92,3,550.92,RUNNING,0
550.98,3,550.98,RUNNING,0
551.05,3,551.05,RUNNING,0
551.12,3,551.12,RUNNING,0
551.18,3,551.18,RUNNING,0
551.25,3,551.25,RUNNING,0
551.32,3,551.32,RUNNING,0
551.39,3,551.39,RUNNING,0
551.45,3,551.45,RUNNING,0
551.52,3,551.52,RUNNING,0
551.58,3,551.58,RUNNING,0
551.65,3,551.65,RUNNING,0
551.72,3,551.72,RUNNING,0
551.78,3,551.78,RUNNING,0
551.85,3,551.85,RUNNING,0
551.92,3,551.92,RUNNING,0
551.98,3,551.98,RUNNING,0
552.05,3,552.05,RUNNING,0
552.11,3,552.11,RUNNING,0
552.18,3,552.18,RUNNING,0
552.25,3,552.25,RUNNING,0
552.32,3,552.32,RUNNING,0
552.38,3,552.38,RUNNING,0
552.45,3,552.45,RUNNING,0
552.51,3,552.51,RUNNING,0
552.58,3,552.58,RUNNING,0
552.65,3,552.65,RUNNING,0
552.71,3,552.71,RUNNING,0
552.78,3,552.78,RUNNING,0
552.85,3,552.85,RUNNING,0
552.91,3,552.91,RUNNING,0
552.98,3,552.98,RUNNING,0
553.05,3,553.05,RUNNING,0
553.11,3,553.11,RUNNING,0
553.18,3,553.18,RUNNING,0
553.25,3,553.25,RUNNING,0
553.31,3,553.31,RUNNING,0
553.38,3,553.38,RUNNING,0
553.45,3,553.45,RUNNING,0
553.51,3,553.51,RUNNING,0
553.58,3,553.58,RUNNING,0
553.64,3,553.64,RUNNING,0
553.71,3,553.71,RUNNING,0
553.78,3,553.78,RUNNING,0
553.84,3,553.84,RUNNING,0
553.91,3,553.91,RUNNING,0
553.98,3,553.98,RUNNING,0
554.04,3,554.04,RUNNING,0
554.11,3,554.11,RUNNING,0
554.18,3,554.18,RUNNING,0
554.24,3,554.24,RUNNING,0
554.31,3,554.31,RUNNING,0
554.38,3,554.38,RUNNING,0
554.44,3,554.44,RUNNING,0
554.51,3,554.51,RUNNING,0
554.58,3,554.58,RUNNING,0
554.64,3,554.64,RUNNING,0
554.71,3,554.71,RUNNING,0
554.78,3,554.78,RUNNING,0
554.84,3,554.84,RUNNING,0
554.91,3,554.91,RUNNING,0
554.97,3,554.97,RUNNING,0
555.04,3,555.04,RUNNING,0
555.11,3,555.11,RUNNING,0
555.18,3,555.18,RUNNING,0
555.24,3,555.24,RUNNING,0
555.31,3,555.31,RUNNING,0
555.38,3,555.38,RUNNING,0
555.44,3,555.44,RUNNING,0
555.51,3,555.51,RUNNING,0
555.58,3,555.58,RUNNING,0
555.64,3,555.64,RUNNING,0
555.71,3,555.71,RUNNING,0
555.78,3,555.78,RUNNING,0
555.84,3,555.84,RUNNING,0
555.91,3,555.91,RUNNING,0
555.98,3,555.98,RUNNING,0
556.04,3,556.04,RUNNING,0
556.11,3,556.11,RUNNING,0
556.18,3,556.18,RUNNING,0
556.24,3,556.24,RUNNING,0
556.31,3,556.31,RUNNING,0
556.38,3,556.38,RUNNING,0
556.44,3,556.44,RUNNING,0
556.51,3,556.51,RUNNING,0
556.58,3,556.58,RUNNING,0
556.64,3,556.64,RUNNING,0
556.71,3,556.71,RUNNING,0
556.78,3,556.78,RUNNING,0
556.84,3,556.84,RUNNING,0
556.91,3,556.91,RUNNING,0
556.98,3,556.98,RUNNING,0
557.05,3,557.05,RUNNING,0
557.11,3,557.11,RUNNING,0
557.18,3,557.18,RUNNING,0
557.25,3,557.25,RUNNING,0
557.31,3,557.31,RUNNING,0
557.38,3,557.38,RUNNING,0
557.45,3,557.45,RUNNING,0
557.52,3,557.52,RUNNING,0
557.59,3,557.59,RUNNING,0
557.65,3,557.65,RUNNING,0
557.72,3,557.72,RUNNING,0
557.78,3,557.78,RUNNING,0
557.85,3,557.85,RUNNING,0
557.92,3,557.92,RUNNING,0
557.98,3,557.98,RUNNING,0
558.05,3,558.05,RUNNING,0
558.12,3,558.12,RUNNING,0
558.18,3,558.18,RUNNING,0
558.25,3,558.25,RUNNING,0
558.31,3,558.31,RUNNING,0
558.38,3,558.38,RUNNING,0
558.45,3,558.45,RUNNING,0
558.51,3,558.51,RUNNING,0
558.58,3,558.58,RUNNING,0
558.65,3,558.65,RUNNING,0
558.71,3,558.71,RUNNING,0
558.78,3,558.78,RUNNING,0
558.85,3,558.85,RUNNING,0
558.92,3,558.92,RUNNING,0
558.99,3,558.99,RUNNING,0
559.05,3,559.05,RUNNING,0
559.12,3,559.12,RUNNING,0
559.18,3,559.18,RUNNING,0
559.25,3,559.25,RUNNING,0
559.32,3,559.32,RUNNING,0
559.38,3,559.38,RUNNING,0
559.45,3,559.45,RUNNING,0
559.52,3,559.52,RUNNING,0
559.58,3,559.58,RUNNING,0
559.65,3,559.65,RUNNING,0
559.72,3,559.72,RUNNING,0
559.78,3,559.78,RUNNING,0
559.85,3,559.85,RUNNING,0
559.91,3,559.91,RUNNING,0
559.98,3,559.98,RUNNING,0
560.05,3,560.05,RUNNING,0
560.11,3,560.11,RUNNING,0
560.18,3,560.18,RUNNING,0
560.25,3,560.25,RUNNING,0
560.31,3,560.31,RUNNING,0
560.38,3,560.38,RUNNING,0
560.45,3,560.45,RUNNING,0
560.51,3,560.51,RUNNING,0
560.58,3,560.58,RUNNING,0
560.65,3,560.65,RUNNING,0
560.71,3,560.71,RUNNING,0
560.78,3,560.78,RUNNING,0
560.84,3,560.84,RUNNING,0
560.91,3,560.91,RUNNING,0
560.98,3,560.98,RUNNING,0
561.04,3,561.04,RUNNING,0
561.11,3,561.11,RUNNING,0
561.18,3,561.18,RUNNING,0
561.24,3,561.24,RUNNING,0
561.31,3,561.31,RUNNING,0
561.38,3,561.38,RUNNING,0
561.44,3,561.44,RUNNING,0
561.51,3,561.51,RUNNING,0
561.58,3,561.58,RUNNING,0
561.64,3,561.64,RUNNING,0
561.71,3,561.71,RUNNING,0
561.77,3,561.77,RUNNING,0
561.84,3,561.84,RUNNING,0
561.91,3,561.91,RUNNING,0
561.97,3,561.97,RUNNING,0
562.04,3,562.04,RUNNING,0
562.11,3,562.11,RUNNING,0
562.17,3,562.17,RUNNING,0
562.24,3,562.24,RUNNING,0
562.31,3,562.31,RUNNING,0
562.37,3,562.37,RUNNING,0
562.44,3,562.44,RUNNING,0
562.51,3,562.51,RUNNING,0
562.57,3,562.57,RUNNING,0
562.64,3,562.64,RUNNING,0
562.71,3,562.71,RUNNING,0
562.77,3,562.77,RUNNING,0
562.84,3,562.84,RUNNING,0
562.91,3,562.91,RUNNING,0
562.97,3,562.97,RUNNING,0
563.04,3,563.04,RUNNING,0
563.11,3,563.11,RUNNING,0
563.17,3,563.17,RUNNING,0
563.24,3,563.24,RUNNING,0
563.31,3,563.31,RUNNING,0
563.38,3,563.38,RUNNING,0
563.44,3,563.44,RUNNING,0
563.51,3,563.51,RUNNING,0
563.58,3,563.58,RUNNING,0
563.64,3,563.64,RUNNING,0
563.71,3,563.71,RUNNING,0
563.78,3,563.78,RUNNING,0
563.84,3,563.84,RUNNING,0
563.91,3,563.91,RUNNING,0
563.98,3,563.98,RUNNING,0
564.04,3,564.04,RUNNING,0
564.11,3,564.11,RUNNING,0
564.18,3,564.18,RUNNING,0
564.25,3,564.25,RUNNING,0
564.31,3,564.31,RUNNING,0
564.38,3,564.38,RUNNING,0
564.45,3,564.45,RUNNING,0
564.51,3,564.51,RUNNING,0
564.58,3,564.58,RUNNING,0
564.65,3,564.65,RUNNING,0
564.71,3,564.71,RUNNING,0
564.78,3,564.78,RUNNING,0
564.85,3,564.85,RUNNING,0
564.92,3,564.92,RUNNING,0
564.98,3,564.98,RUNNING,0
565.05,3,565.05,RUNNING,0
565.12,3,565.12,RUNNING,0
565.18,3,565.18,RUNNING,0
565.25,3,565.25,RUNNING,0
565.32,3,565.32,RUNNING,0
565.38,3,565.38,RUNNING,0
565.46,3,565.46,RUNNING,0
565.52,3,565.52,RUNNING,0
565.59,3,565.59,RUNNING,0
565.66,3,565.66,RUNNING,0
565.72,3,565.72,RUNNING,0
565.79,3,565.79,RUNNING,0
565.85,3,565.85,RUNNING,0
565.92,3,565.92,RUNNING,0
565.99,3,565.99,RUNNING,0
566.05,3,566.05,RUNNING,0
566.12,3,566.12,RUNNING,0
566.19,3,566.19,RUNNING,0
566.25,3,566.25,RUNNING,0
566.32,3,566.32,RUNNING,0
566.38,3,566.38,RUNNING,0
566.45,3,566.45,RUNNING,0
566.52,3,566.52,RUNNING,0
566.58,3,566.58,RUNNING,0
566.65,3,566.65,RUNNING,0
566.72,3,566.72,RUNNING,0
566.78,3,566.78,RUNNING,0
566.85,3,566.85,RUNNING,0
566.91,3,566.91,RUNNING,0
566.98,3,566.98,RUNNING,0
567.05,3,567.05,RUNNING,0
567.11,3,567.11,RUNNING,0
567.18,3,567.18,RUNNING,0
567.25,3,567.25,RUNNING,0
567.31,3,567.31,RUNNING,0
567.38,3,567.38,RUNNING,0
567.45,3,567.45,RUNNING,0
567.51,3,567.51,RUNNING,0
567.58,3,567.58,RUNNING,0
567.64,3,567.64,RUNNING,0
567.71,3,567.71,RUNNING,0
567.78,3,567.78,RUNNING,0
567.84,3,567.84,RUNNING,0
567.91,3,567.91,RUNNING,0
567.98,3,567.98,RUNNING,0
568.04,3,568.04,RUNNING,0
568.11,3,568.11,RUNNING,0
568.18,3,568.18,RUNNING,0
568.24,3,568.24,RUNNING,0
568.31,3,568.31,RUNNING,0
568.38,3,568.38,RUNNING,0
568.44,3,568.44,RUNNING,0
568.51,3,568.51,RUNNING,0
568.58,3,568.58,RUNNING,0
568.64,3,568.64,RUNNING,0
568.71,3,568.71,RUNNING,0
568.78,3,568.78,RUNNING,0
568.84,3,568.84,RUNNING,0
568.91,3,568.91,RUNNING,0
568.98,3,568.98,RUNNING,0
569.04,3,569.04,RUNNING,0
569.11,3,569.11,RUNNING,0
569.18,3,569.18,RUNNING,0
569.24,3,569.24,RUNNING,0
569.31,3,569.31,RUNNING,0
569.38,3,569.38,RUNNING,0
569.44,3,569.44,RUNNING,0
569.51,3,569.51,RUNNING,0
569.58,3,569.58,RUNNING,0
569.65,3,569.65,RUNNING,0
569.71,3,569.71,RUNNING,0
569.78,3,569.78,RUNNING,0
569.85,3,569.85,RUNNING,0
569.91,3,569.91,RUNNING,0
569.98,3,569.98,RUNNING,0
570.05,3,570.05,RUNNING,0
570.11,3,570.11,RUNNING,0
570.18,3,570.18,RUNNING,0
570.25,3,570.25,RUNNING,0
570.31,3,570.31,RUNNING,0
570.38,3,570.38,RUNNING,0
570.45,3,570.45,RUNNING,0
570.51,3,570.51,RUNNING,0
570.58,3,570.58,RUNNING,0
570.65,3,570.65,RUNNING,0
570.71,3,570.71,RUNNING,0
570.78,3,570.78,RUNNING,0
570.85,3,570.85,RUNNING,0
570.92,3,570.92,RUNNING,0
570.98,3,570.98,RUNNING,0
571.05,3,571.05,RUNNING,0
571.12,3,571.12,RUNNING,0
571.18,3,571.18,RUNNING,0
571.25,3,571.25,RUNNING,0
571.32,3,571.32,RUNNING,0
571.39,3,571.39,RUNNING,0
571.45,3,571.45,RUNNING,0
571.52,3,571.52,RUNNING,0
571.59,3,571.59,RUNNING,0
571.65,3,571.65,RUNNING,0
571.72,3,571.72,RUNNING,0
571.79,3,571.79,RUNNING,0
571.86,3,571.86,RUNNING,0
571.92,3,571.92,RUNNING,0
572.0,3,572.0,RUNNING,0
572.07,3,572.07,RUNNING,0
572.13,3,572.13,RUNNING,0
572.2,3,572.2,RUNNING,0
572.26,3,572.26,RUNNING,0
572.33,3,572.33,RUNNING,0
572.4,3,572.4,RUNNING,0
572.46,3,572.46,RUNNING,0
572.53,3,572.53,RUNNING,0
572.59,3,572.59,RUNNING,0
572.66,3,572.66,RUNNING,0
572.73,3,572.73,RUNNING,0
572.79,3,572.79,RUNNING,0
572.86,3,572.86,RUNNING,0
572.93,3,572.93,RUNNING,0
572.99,3,572.99,RUNNING,0
573.06,3,573.06,RUNNING,0
573.13,3,573.13,RUNNING,0
573.19,3,573.19,RUNNING,0
573.26,3,573.26,RUNNING,0
573.32,3,573.32,RUNNING,0
573.39,3,573.39,RUNNING,0
573.46,3,573.46,RUNNING,0
573.52,3,573.52,RUNNING,0
573.59,3,573.59,RUNNING,0
573.66,3,573.66,RUNNING,0
573.72,3,573.72,RUNNING,0
573.79,3,573.79,RUNNING,0
573.85,3,573.85,RUNNING,0
573.92,3,573.92,RUNNING,0
573.99,3,573.99,RUNNING,0
574.06,3,574.06,RUNNING,0
574.12,3,574.12,RUNNING,0
574.19,3,574.19,RUNNING,0
574.26,3,574.26,RUNNING,0
574.32,3,574.32,RUNNING,0
574.39,3,574.39,RUNNING,0
574.46,3,574.46,RUNNING,0
574.52,3,574.52,RUNNING,0
574.59,3,574.59,RUNNING,0
574.66,3,574.66,RUNNING,0
574.72,3,574.72,RUNNING,0
574.79,3,574.79,RUNNING,0
574.86,3,574.86,RUNNING,0
574.92,3,574.92,RUNNING,0
574.99,3,574.99,RUNNING,0
575.06,3,575.06,RUNNING,0
575.12,3,575.12,RUNNING,0
575.19,3,575.19,RUNNING,0
575.26,3,575.26,RUNNING,0
575.32,3,575.32,RUNNING,0
575.39,3,575.39,RUNNING,0
575.46,3,575.46,RUNNING,0
575.52,3,575.52,RUNNING,0
575.59,3,575.59,RUNNING,0
575.66,3,575.66,RUNNING,0
575.72,3,575.72,RUNNING,0
575.79,3,575.79,RUNNING,0
575.86,3,575.86,RUNNING,0
575.92,3,575.92,RUNNING,0
575.99,3,575.99,RUNNING,0
576.06,3,576.06,RUNNING,0
576.12,3,576.12,RUNNING,0
576.19,3,576.19,RUNNING,0
576.26,3,576.26,RUNNING,0
576.32,3,576.32,RUNNING,0
576.39,3,576.39,RUNNING,0
576.46,3,576.46,RUNNING,0
576.52,3,576.52,RUNNING,0
576.59,3,576.59,RUNNING,0
576.66,3,576.66,RUNNING,0
576.72,3,576.72,RUNNING,0
576.79,3,576.79,RUNNING,0
576.86,3,576.86,RUNNING,0
576.92,3,576.92,RUNNING,0
576.99,3,576.99,RUNNING,0
577.06,3,577.06,RUNNING,0
577.12,3,577.12,RUNNING,0
577.19,3,577.19,RUNNING,0
577.26,3,577.26,RUNNING,0
577.33,3,577.33,RUNNING,0
577.39,3,577.39,RUNNING,0
577.46,3,577.46,RUNNING,0
577.53,3,577.53,RUNNING,0
577.6,3,577.6,RUNNING,0
577.66,3,577.66,RUNNING,0
577.73,3,577.73,RUNNING,0
577.8,3,577.8,RUNNING,0
577.86,3,577.86,RUNNING,0
577.93,3,577.93,RUNNING,0
578.0,3,578.0,RUNNING,0
578.06,3,578.06,RUNNING,0
578.13,3,578.13,RUNNING,0
578.19,3,578.19,RUNNING,0
578.26,3,578.26,RUNNING,0
578.33,3,578.33,RUNNING,0
578.39,3,578.39,RUNNING,0
578.46,3,578.46,RUNNING,0
578.53,3,578.53,RUNNING,0
578.59,3,578.59,RUNNING,0
578.66,3,578.66,RUNNING,0
578.73,3,578.73,RUNNING,0
578.8,3,578.8,RUNNING,0
578.86,3,578.86,RUNNING,0
578.93,3,578.93,RUNNING,0
578.99,3,578.99,RUNNING,0
579.06,3,579.06,RUNNING,0
579.13,3,579.13,RUNNING,0
579.19,3,579.19,RUNNING,0
579.26,3,579.26,RUNNING,0
579.32,3,579.32,RUNNING,0
579.39,3,579.39,RUNNING,0
579.46,3,579.46,RUNNING,0
579.52,3,579.52,RUNNING,0
579.59,3,579.59,RUNNING,0
579.65,3,579.65,RUNNING,0
579.72,3,579.72,RUNNING,0
579.79,3,579.79,RUNNING,0
579.85,3,579.85,RUNNING,0
579.92,3,579.92,RUNNING,0
579.98,3,579.98,RUNNING,0
580.05,3,580.05,RUNNING,0
580.11,3,580.11,RUNNING,0
580.18,3,580.18,RUNNING,0
580.24,3,580.24,RUNNING,0
580.31,3,580.31,RUNNING,0
580.38,3,580.38,RUNNING,0
580.44,3,580.44,RUNNING,0
580.51,3,580.51,RUNNING,0
580.57,3,580.57,RUNNING,0
580.64,3,580.64,RUNNING,0
580.71,3,580.71,RUNNING,0
580.77,3,580.77,RUNNING,0
580.84,3,580.84,RUNNING,0
580.9,3,580.9,RUNNING,0
580.97,3,580.97,RUNNING,0
581.03,3,581.03,RUNNING,0
581.1,3,581.1,RUNNING,0
581.17,3,581.17,RUNNING,0
581.23,3,581.23,RUNNING,0
581.3,3,581.3,RUNNING,0
581.36,3,581.36,RUNNING,0
581.43,3,581.43,RUNNING,0
581.5,3,581.5,RUNNING,0
581.56,3,581.56,RUNNING,0
581.63,3,581.63,RUNNING,0
581.7,3,581.7,RUNNING,0
581.76,3,581.76,RUNNING,0
581.83,3,581.83,RUNNING,0
581.89,3,581.89,RUNNING,0
581.96,3,581.96,RUNNING,0
582.03,3,582.03,RUNNING,0
582.09,3,582.09,RUNNING,0
582.16,3,582.16,RUNNING,0
582.22,3,582.22,RUNNING,0
582.29,3,582.29,RUNNING,0
582.35,3,582.35,RUNNING,0
582.42,3,582.42,RUNNING,0
582.49,3,582.49,RUNNING,0
582.56,3,582.56,RUNNING,0
582.62,3,582.62,RUNNING,0
582.69,3,582.69,RUNNING,0
582.76,3,582.76,RUNNING,0
582.82,3,582.82,RUNNING,0
582.89,3,582.89,RUNNING,0
582.96,3,582.96,RUNNING,0
583.02,3,583.02,RUNNING,0
583.09,3,583.09,RUNNING,0
583.16,3,583.16,RUNNING,0
583.22,3,583.22,RUNNING,0
583.29,3,583.29,RUNNING,0
583.36,3,583.36,RUNNING,0
583.42,3,583.42,RUNNING,0
583.49,3,583.49,RUNNING,0
583.56,3,583.56,RUNNING,0
583.62,3,583.62,RUNNING,0
583.69,3,583.69,RUNNING,0
583.76,3,583.76,RUNNING,0
583.83,3,583.83,RUNNING,0
583.89,3,583.89,RUNNING,0
583.96,3,583.96,RUNNING,0
584.03,3,584.03,RUNNING,0
584.09,3,584.09,RUNNING,0
584.16,3,584.16,RUNNING,0
584.23,3,584.23,RUNNING,0
584.29,3,584.29,RUNNING,0
584.36,3,584.36,RUNNING,0
584.43,3,584.43,RUNNING,0
584.49,3,584.49,RUNNING,0
584.56,3,584.56,RUNNING,0
584.63,3,584.63,RUNNING,0
584.69,3,584.69,RUNNING,0
584.76,3,584.76,RUNNING,0
584.83,3,584.83,RUNNING,0
584.9,3,584.9,RUNNING,0
584.96,3,584.96,RUNNING,0
585.03,3,585.03,RUNNING,0
585.1,3,585.1,RUNNING,0
585.16,3,585.16,RUNNING,0
585.23,3,585.23,RUNNING,0
585.3,3,585.3,RUNNING,0
585.37,3,585.37,RUNNING,0
585.44,3,585.44,RUNNING,0
585.51,3,585.51,RUNNING,0
585.57,3,585.57,RUNNING,0
585.64,3,585.64,RUNNING,0
585.7,3,585.7,RUNNING,0
585.77,3,585.77,RUNNING,0
585.84,3,585.84,RUNNING,0
585.9,3,585.9,RUNNING,0
585.97,3,585.97,RUNNING,0
586.04,3,586.04,RUNNING,0
586.1,3,586.1,RUNNING,0
586.17,3,586.17,RUNNING,0
586.24,3,586.24,RUNNING,0
586.3,3,586.3,RUNNING,0
586.37,3,586.37,RUNNING,0
586.44,3,586.44,RUNNING,0
586.5,3,586.5,RUNNING,0
586.57,3,586.57,RUNNING,0
586.63,3,586.63,RUNNING,0
586.7,3,586.7,RUNNING,0
586.77,3,586.77,RUNNING,0
586.83,3,586.83,RUNNING,0
586.9,3,586.9,RUNNING,0
586.97,3,586.97,RUNNING,0
587.03,3,587.03,RUNNING,0
587.1,3,587.1,RUNNING,0
587.17,3,587.17,RUNNING,0
587.23,3,587.23,RUNNING,0
587.3,3,587.3,RUNNING,0
587.37,3,587.37,RUNNING,0
587.43,3,587.43,RUNNING,0
587.5,3,587.5,RUNNING,0
587.57,3,587.57,RUNNING,0
587.63,3,587.63,RUNNING,0
587.7,3,587.7,RUNNING,0
587.77,3,587.77,RUNNING,0
587.83,3,587.83,RUNNING,0
587.9,3,587.9,RUNNING,0
587.97,3,587.97,RUNNING,0
588.03,3,588.03,RUNNING,0
588.1,3,588.1,RUNNING,0
588.16,3,588.16,RUNNING,0
588.23,3,588.23,RUNNING,0
588.3,3,588.3,RUNNING,0
588.37,3,588.37,RUNNING,0
588.43,3,588.43,RUNNING,0
588.5,3,588.5,RUNNING,0
588.57,3,588.57,RUNNING,0
588.63,3,588.63,RUNNING,0
588.7,3,588.7,RUNNING,0
588.76,3,588.76,RUNNING,0
588.83,3,588.83,RUNNING,0
588.9,3,588.9,RUNNING,0
588.96,3,588.96,RUNNING,0
589.03,3,589.03,RUNNING,0
589.1,3,589.1,RUNNING,0
589.16,3,589.16,RUNNING,0
589.23,3,589.23,RUNNING,0
589.3,3,589.3,RUNNING,0
589.36,3,589.36,RUNNING,0
589.43,3,589.43,RUNNING,0
589.5,3,589.5,RUNNING,0
589.57,3,589.57,RUNNING,0
589.63,3,589.63,RUNNING,0
589.7,3,589.7,RUNNING,0
589.77,3,589.77,RUNNING,0
589.83,3,589.83,RUNNING,0
589.9,3,589.9,RUNNING,0
589.97,3,589.97,RUNNING,0
590.03,3,590.03,RUNNING,0
590.1,3,590.1,RUNNING,0
590.17,3,590.17,RUNNING,0
590.23,3,590.23,RUNNING,0
590.3,3,590.3,RUNNING,0
590.37,3,590.37,RUNNING,0
590.43,3,590.43,RUNNING,0
590.5,3,590.5,RUNNING,0
590.57,3,590.57,RUNNING,0
590.63,3,590.63,RUNNING,0
590.7,3,590.7,RUNNING,0
590.77,3,590.77,RUNNING,0
590.84,3,590.84,RUNNING,0
590.9,3,590.9,RUNNING,0
590.97,3,590.97,RUNNING,0
591.04,3,591.04,RUNNING,0
591.1,3,591.1,RUNNING,0
591.17,3,591.17,RUNNING,0
591.24,3,591.24,RUNNING,0
591.31,3,591.31,RUNNING,0
591.37,3,591.37,RUNNING,0
591.44,3,591.44,RUNNING,0
591.51,3,591.51,RUNNING,0
591.57,3,591.57,RUNNING,0
591.64,3,591.64,RUNNING,0
591.71,3,591.71,RUNNING,0
591.77,3,591.77,RUNNING,0
591.84,3,591.84,RUNNING,0
591.91,3,591.91,RUNNING,0
591.98,3,591.98,RUNNING,0
592.05,3,592.05,RUNNING,0
592.12,3,592.12,RUNNING,0
592.18,3,592.18,RUNNING,0
592.25,3,592.25,RUNNING,0
592.32,3,592.32,RUNNING,0
592.38,3,592.38,RUNNING,0
592.45,3,592.45,RUNNING,0
592.52,3,592.52,RUNNING,0
592.58,3,592.58,RUNNING,0
592.65,3,592.65,RUNNING,0
592.71,3,592.71,RUNNING,0
592.78,3,592.78,RUNNING,0
592.85,3,592.85,RUNNING,0
592.91,3,592.91,RUNNING,0
592.98,3,592.98,RUNNING,0
593.05,3,593.05,RUNNING,0
593.11,3,593.11,RUNNING,0
593.18,3,593.18,RUNNING,0
593.25,3,593.25,RUNNING,0
593.31,3,593.31,RUNNING,0
593.38,3,593.38,RUNNING,0
593.44,3,593.44,RUNNING,0
593.51,3,593.51,RUNNING,0
593.58,3,593.58,RUNNING,0
593.64,3,593.64,RUNNING,0
593.71,3,593.71,RUNNING,0
593.78,3,593.78,RUNNING,0
593.84,3,593.84,RUNNING,0
593.91,3,593.91,RUNNING,0
593.98,3,593.98,RUNNING,0
594.04,3,594.04,RUNNING,0
594.11,3,594.11,RUNNING,0
594.18,3,594.18,RUNNING,0
594.24,3,594.24,RUNNING,0
594.31,3,594.31,RUNNING,0
594.38,3,594.38,RUNNING,0
594.44,3,594.44,RUNNING,0
594.51,3,594.51,RUNNING,0
594.58,3,594.58,RUNNING,0
594.64,3,594.64,RUNNING,0
594.71,3,594.71,RUNNING,0
594.77,3,594.77,RUNNING,0
594.84,3,594.84,RUNNING,0
594.91,3,594.91,RUNNING,0
594.97,3,594.97,RUNNING,0
595.04,3,595.04,RUNNING,0
595.11,3,595.11,RUNNING,0
595.17,3,595.17,RUNNING,0
595.24,3,595.24,RUNNING,0
595.31,3,595.31,RUNNING,0
595.37,3,595.37,RUNNING,0
595.44,3,595.44,RUNNING,0
595.51,3,595.51,RUNNING,0
595.57,3,595.57,RUNNING,0
595.64,3,595.64,RUNNING,0
595.71,3,595.71,RUNNING,0
595.77,3,595.77,RUNNING,0
595.84,3,595.84,RUNNING,0
595.91,3,595.91,RUNNING,0
595.97,3,595.97,RUNNING,0
596.04,3,596.04,RUNNING,0
596.11,3,596.11,RUNNING,0
596.17,3,596.17,RUNNING,0
596.24,3,596.24,RUNNING,0
596.31,3,596.31,RUNNING,0
596.37,3,596.37,RUNNING,0
596.44,3,596.44,RUNNING,0
596.51,3,596.51,RUNNING,0
596.57,3,596.57,RUNNING,0
596.64,3,596.64,RUNNING,0
596.71,3,596.71,RUNNING,0
596.77,3,596.77,RUNNING,0
596.84,3,596.84,RUNNING,0
596.91,3,596.91,RUNNING,0
596.97,3,596.97,RUNNING,0
597.04,3,597.04,RUNNING,0
597.11,3,597.11,RUNNING,0
597.17,3,597.17,RUNNING,0
597.24,3,597.24,RUNNING,0
597.31,3,597.31,RUNNING,0
597.37,3,597.37,RUNNING,0
597.44,3,597.44,RUNNING,0
597.51,3,597.51,RUNNING,0
597.57,3,597.57,RUNNING,0
597.64,3,597.64,RUNNING,0
597.71,3,597.71,RUNNING,0
597.78,3,597.78,RUNNING,0
597.84,3,597.84,RUNNING,0
597.91,3,597.91,RUNNING,0
597.98,3,597.98,RUNNING,0
598.04,3,598.04,RUNNING,0
598.11,3,598.11,RUNNING,0
598.18,3,598.18,RUNNING,0
598.24,3,598.24,RUNNING,0
598.31,3,598.31,RUNNING,0
598.38,3,598.38,RUNNING,0
598.46,3,598.46,RUNNING,0
598.52,3,598.52,RUNNING,0
598.59,3,598.59,RUNNING,0
598.65,3,598.65,RUNNING,0
598.72,3,598.72,RUNNING,0
598.79,3,598.79,RUNNING,0
598.85,3,598.85,RUNNING,0
598.92,3,598.92,RUNNING,0
598.99,3,598.99,RUNNING,0
599.05,3,599.05,RUNNING,0
599.12,3,599.12,RUNNING,0
599.19,3,599.19,RUNNING,0
599.25,3,599.25,RUNNING,0
599.32,3,599.32,RUNNING,0
599.38,3,599.38,RUNNING,0
599.45,3,599.45,RUNNING,0
599.52,3,599.52,RUNNING,0
599.58,3,599.58,RUNNING,0
599.65,3,599.65,RUNNING,0
599.71,3,599.71,RUNNING,0
599.78,3,599.78,RUNNING,0
599.85,3,599.85,RUNNING,0
599.92,3,599.92,RUNNING,0
599.99,3,599.99,RUNNING,0
600.06,3,600.06,RUNNING,0
600.12,3,600.12,RUNNING,0
600.19,3,600.19,RUNNING,0
600.25,3,600.25,RUNNING,0
600.32,3,600.32,RUNNING,0
600.39,3,600.39,RUNNING,0
600.45,3,600.45,RUNNING,0
600.52,3,600.52,RUNNING,0
600.58,3,600.58,RUNNING,0
600.65,3,600.65,RUNNING,0
600.72,3,600.72,RUNNING,0
600.78,3,600.78,RUNNING,0
600.85,3,600.85,RUNNING,0
600.92,3,600.92,RUNNING,0
600.98,3,600.98,RUNNING,0
601.05,3,601.05,RUNNING,0
601.12,3,601.12,RUNNING,0
601.18,3,601.18,RUNNING,0
601.25,3,601.25,RUNNING,0
601.32,3,601.32,RUNNING,0
601.38,3,601.38,RUNNING,0
601.45,3,601.45,RUNNING,0
601.51,3,601.51,RUNNING,0
601.58,3,601.58,RUNNING,0
601.65,3,601.65,RUNNING,0
601.71,3,601.71,RUNNING,0
601.78,3,601.78,RUNNING,0
601.85,3,601.85,RUNNING,0
601.91,3,601.91,RUNNING,0
601.98,3,601.98,RUNNING,0
602.05,3,602.05,RUNNING,0
602.11,3,602.11,RUNNING,0
602.18,3,602.18,RUNNING,0
602.25,3,602.25,RUNNING,0
602.31,3,602.31,RUNNING,0
602.38,3,602.38,RUNNING,0
602.45,3,602.45,RUNNING,0
602.51,3,602.51,RUNNING,0
602.58,3,602.58,RUNNING,0
602.65,3,602.65,RUNNING,0
602.71,3,602.71,RUNNING,0
602.78,3,602.78,RUNNING,0
602.85,3,602.85,RUNNING,0
602.91,3,602.91,RUNNING,0
602.98,3,602.98,RUNNING,0
603.05,3,603.05,RUNNING,0
603.11,3,603.11,RUNNING,0
603.18,3,603.18,RUNNING,0
603.25,3,603.25,RUNNING,0
603.31,3,603.31,RUNNING,0
603.38,3,603.38,RUNNING,0
603.45,3,603.45,RUNNING,0
603.51,3,603.51,RUNNING,0
603.58,3,603.58,RUNNING,0
603.65,3,603.65,RUNNING,0
603.71,3,603.71,RUNNING,0
603.78,3,603.78,RUNNING,0
603.85,3,603.85,RUNNING,0
603.91,3,603.91,RUNNING,0
603.98,3,603.98,RUNNING,0
604.05,3,604.05,RUNNING,0
604.11,3,604.11,RUNNING,0
604.18,3,604.18,RUNNING,0
604.25,3,604.25,RUNNING,0
604.31,3,604.31,RUNNING,0
604.38,3,604.38,RUNNING,0
604.45,3,604.45,RUNNING,0
604.51,3,604.51,RUNNING,0
604.58,3,604.58,RUNNING,0
604.65,3,604.65,RUNNING,0
604.72,3,604.72,RUNNING,0
604.78,3,604.78,RUNNING,0
604.85,3,604.85,RUNNING,0
604.92,3,604.92,RUNNING,0
604.98,3,604.98,RUNNING,0
605.05,3,605.05,RUNNING,0
605.12,3,605.12,RUNNING,0
605.18,3,605.18,RUNNING,0
605.25,3,605.25,RUNNING,0
605.32,3,605.32,RUNNING,0
605.38,3,605.38,RUNNING,0
605.45,3,605.45,RUNNING,0
605.52,3,605.52,RUNNING,0
605.58,3,605.58,RUNNING,0
605.65,3,605.65,RUNNING,0
605.72,3,605.72,RUNNING,0
605.79,3,605.79,RUNNING,0
605.85,3,605.85,RUNNING,0
605.92,3,605.92,RUNNING,0
605.99,3,605.99,RUNNING,0
606.05,3,606.05,RUNNING,0
606.12,3,606.12,RUNNING,0
606.19,3,606.19,RUNNING,0
606.26,3,606.26,RUNNING,0
606.32,3,606.32,RUNNING,0
606.39,3,606.39,RUNNING,0
606.46,3,606.46,RUNNING,0
606.53,3,606.53,RUNNING,0
606.6,3,606.6,RUNNING,0
606.66,3,606.66,RUNNING,0
606.73,3,606.73,RUNNING,0
606.8,3,606.8,RUNNING,0
606.86,3,606.86,RUNNING,0
606.93,3,606.93,RUNNING,0
607.0,3,607.0,RUNNING,0
607.06,3,607.06,RUNNING,0
607.13,3,607.13,RUNNING,0
607.19,3,607.19,RUNNING,0
607.26,3,607.26,RUNNING,0
607.33,3,607.33,RUNNING,0
607.39,3,607.39,RUNNING,0
607.46,3,607.46,RUNNING,0
607.53,3,607.53,RUNNING,0
607.59,3,607.59,RUNNING,0
607.66,3,607.66,RUNNING,0
607.73,3,607.73,RUNNING,0
607.79,3,607.79,RUNNING,0
607.86,3,607.86,RUNNING,0
607.93,3,607.93,RUNNING,0
607.99,3,607.99,RUNNING,0
608.06,3,608.06,RUNNING,0
608.13,3,608.13,RUNNING,0
608.19,3,608.19,RUNNING,0
608.26,3,608.26,RUNNING,0
608.32,3,608.32,RUNNING,0
608.39,3,608.39,RUNNING,0
608.46,3,608.46,RUNNING,0
608.52,3,608.52,RUNNING,0
608.59,3,608.59,RUNNING,0
608.66,3,608.66,RUNNING,0
608.72,3,608.72,RUNNING,0
608.79,3,608.79,RUNNING,0
608.86,3,608.86,RUNNING,0
608.92,3,608.92,RUNNING,0
608.99,3,608.99,RUNNING,0
609.06,3,609.06,RUNNING,0
609.12,3,609.12,RUNNING,0
609.19,3,609.19,RUNNING,0
609.25,3,609.25,RUNNING,0
609.32,3,609.32,RUNNING,0
609.39,3,609.39,RUNNING,0
609.45,3,609.45,RUNNING,0
609.52,3,609.52,RUNNING,0
609.59,3,609.59,RUNNING,0
609.66,3,609.66,RUNNING,0
609.72,3,609.72,RUNNING,0
609.79,3,609.79,RUNNING,0
609.86,3,609.86,RUNNING,0
609.92,3,609.92,RUNNING,0
609.99,3,609.99,RUNNING,0
610.06,3,610.06,RUNNING,0
610.12,3,610.12,RUNNING,0
610.19,3,610.19,RUNNING,0
610.26,3,610.26,RUNNING,0
610.32,3,610.32,RUNNING,0
610.39,3,610.39,RUNNING,0
610.46,3,610.46,RUNNING,0
610.52,3,610.52,RUNNING,0
610.59,3,610.59,RUNNING,0
610.66,3,610.66,RUNNING,0
610.72,3,610.72,RUNNING,0
610.79,3,610.79,RUNNING,0
610.86,3,610.86,RUNNING,0
610.92,3,610.92,RUNNING,0
610.99,3,610.99,RUNNING,0
611.06,3,611.06,RUNNING,0
611.12,3,611.12,RUNNING,0
611.19,3,611.19,RUNNING,0
611.26,3,611.26,RUNNING,0
611.32,3,611.32,RUNNING,0
611.39,3,611.39,RUNNING,0
611.46,3,611.46,RUNNING,0
611.53,3,611.53,RUNNING,0
611.59,3,611.59,RUNNING,0
611.66,3,611.66,RUNNING,0
611.73,3,611.73,RUNNING,0
611.79,3,611.79,RUNNING,0
611.86,3,611.86,RUNNING,0
611.93,3,611.93,RUNNING,0
611.99,3,611.99,RUNNING,0
612.06,3,612.06,RUNNING,0
612.13,3,612.13,RUNNING,0
612.19,3,612.19,RUNNING,0
612.26,3,612.26,RUNNING,0
612.33,3,612.33,RUNNING,0
612.4,3,612.4,RUNNING,0
612.46,3,612.46,RUNNING,0
612.53,3,612.53,RUNNING,0
612.6,3,612.6,RUNNING,0
612.66,3,612.66,RUNNING,0
612.73,3,612.73,RUNNING,0
612.8,3,612.8,RUNNING,0
612.87,3,612.87,RUNNING,0
612.93,3,612.93,RUNNING,0
613.0,3,613.0,RUNNING,0
613.07,3,613.07,RUNNING,0
613.13,3,613.13,RUNNING,0
613.2,3,613.2,RUNNING,0
613.27,3,613.27,RUNNING,0
613.34,3,613.34,RUNNING,0
613.41,3,613.41,RUNNING,0
613.47,3,613.47,RUNNING,0
613.54,3,613.54,RUNNING,0
613.61,3,613.61,RUNNING,0
613.67,3,613.67,RUNNING,0
613.74,3,613.74,RUNNING,0
613.81,3,613.81,RUNNING,0
613.87,3,613.87,RUNNING,0
613.94,3,613.94,RUNNING,0
614.01,3,614.01,RUNNING,0
614.07,3,614.07,RUNNING,0
614.14,3,614.14,RUNNING,0
614.21,3,614.21,RUNNING,0
614.27,3,614.27,RUNNING,0
614.34,3,614.34,RUNNING,0
614.41,3,614.41,RUNNING,0
614.47,3,614.47,RUNNING,0
614.54,3,614.54,RUNNING,0
614.6,3,614.6,RUNNING,0
614.67,3,614.67,RUNNING,0
614.74,3,614.74,RUNNING,0
614.8,3,614.8,RUNNING,0
614.87,3,614.87,RUNNING,0
614.94,3,614.94,RUNNING,0
615.0,3,615.0,RUNNING,0
615.07,3,615.07,RUNNING,0
615.14,3,615.14,RUNNING,0
615.2,3,615.2,RUNNING,0
615.27,3,615.27,RUNNING,0
615.34,3,615.34,RUNNING,0
615.4,3,615.4,RUNNING,0
615.47,3,615.47,RUNNING,0
615.54,3,615.54,RUNNING,0
615.6,3,615.6,RUNNING,0
615.67,3,615.67,RUNNING,0
615.73,3,615.73,RUNNING,0
615.8,3,615.8,RUNNING,0
615.87,3,615.87,RUNNING,0
615.93,3,615.93,RUNNING,0
616.0,3,616.0,RUNNING,0
616.07,3,616.07,RUNNING,0
616.13,3,616.13,RUNNING,0
616.2,3,616.2,RUNNING,0
616.27,3,616.27,RUNNING,0
616.34,3,616.34,RUNNING,0
616.4,3,616.4,RUNNING,0
616.47,3,616.47,RUNNING,0
616.53,3,616.53,RUNNING,0
616.6,3,616.6,RUNNING,0
616.67,3,616.67,RUNNING,0
616.73,3,616.73,RUNNING,0
616.8,3,616.8,RUNNING,0
616.87,3,616.87,RUNNING,0
616.93,3,616.93,RUNNING,0
617.0,3,617.0,RUNNING,0
617.07,3,617.07,RUNNING,0
617.13,3,617.13,RUNNING,0
617.2,3,617.2,RUNNING,0
617.27,3,617.27,RUNNING,0
617.34,3,617.34,RUNNING,0
617.4,3,617.4,RUNNING,0
617.47,3,617.47,RUNNING,0
617.54,3,617.54,RUNNING,0
617.6,3,617.6,RUNNING,0
617.67,3,617.67,RUNNING,0
617.74,3,617.74,RUNNING,0
617.8,3,617.8,RUNNING,0
617.87,3,617.87,RUNNING,0
617.94,3,617.94,RUNNING,0
618.0,3,618.0,RUNNING,0
618.07,3,618.07,RUNNING,0
618.14,3,618.14,RUNNING,0
618.21,3,618.21,RUNNING,0
618.27,3,618.27,RUNNING,0
618.34,3,618.34,RUNNING,0
618.41,3,618.41,RUNNING,0
618.47,3,618.47,RUNNING,0
618.54,3,618.54,RUNNING,0
618.61,3,618.61,RUNNING,0
618.68,3,618.68,RUNNING,0
618.74,3,618.74,RUNNING,0
618.81,3,618.81,RUNNING,0
618.88,3,618.88,RUNNING,0
618.94,3,618.94,RUNNING,0
619.01,3,619.01,RUNNING,0
619.08,3,619.08,RUNNING,0
619.15,3,619.15,RUNNING,0
619.21,3,619.21,RUNNING,0
619.28,3,619.28,RUNNING,0
619.35,3,619.35,RUNNING,0
619.42,3,619.42,RUNNING,0
619.48,3,619.48,RUNNING,0
619.55,3,619.55,RUNNING,0
619.62,3,619.62,RUNNING,0
619.68,3,619.68,RUNNING,0
619.75,3,619.75,RUNNING,0
619.82,3,619.82,RUNNING,0
619.88,3,619.88,RUNNING,0
619.95,3,619.95,RUNNING,0
620.02,3,620.02,RUNNING,0
620.09,3,620.09,RUNNING,0
620.16,3,620.16,RUNNING,0
620.22,3,620.22,RUNNING,0
620.29,3,620.29,RUNNING,0
620.36,3,620.36,RUNNING,0
620.42,3,620.42,RUNNING,0
620.49,3,620.49,RUNNING,0
620.56,3,620.56,RUNNING,0
620.62,3,620.62,RUNNING,0
620.69,3,620.69,RUNNING,0
620.76,3,620.76,RUNNING,0
620.82,3,620.82,RUNNING,0
620.89,3,620.89,RUNNING,0
620.95,3,620.95,RUNNING,0
621.02,3,621.02,RUNNING,0
621.09,3,621.09,RUNNING,0
621.15,3,621.15,RUNNING,0
621.22,3,621.22,RUNNING,0
621.29,3,621.29,RUNNING,0
621.35,3,621.35,RUNNING,0
621.42,3,621.42,RUNNING,0
621.49,3,621.49,RUNNING,0
621.55,3,621.55,RUNNING,0
621.62,3,621.62,RUNNING,0
621.68,3,621.68,RUNNING,0
621.75,3,621.75,RUNNING,0
621.82,3,621.82,RUNNING,0
621.88,3,621.88,RUNNING,0
621.95,3,621.95,RUNNING,0
622.02,3,622.02,RUNNING,0
622.09,3,622.09,RUNNING,0
622.15,3,622.15,RUNNING,0
622.22,3,622.22,RUNNING,0
622.29,3,622.29,RUNNING,0
622.35,3,622.35,RUNNING,0
622.42,3,622.42,RUNNING,0
622.48,3,622.48,RUNNING,0
622.55,3,622.55,RUNNING,0
622.62,3,622.62,RUNNING,0
622.68,3,622.68,RUNNING,0
622.75,3,622.75,RUNNING,0
622.82,3,622.82,RUNNING,0
622.88,3,622.88,RUNNING,0
622.95,3,622.95,RUNNING,0
623.02,3,623.02,RUNNING,0
623.08,3,623.08,RUNNING,0
623.15,3,623.15,RUNNING,0
623.22,3,623.22,RUNNING,0
623.28,3,623.28,RUNNING,0
623.35,3,623.35,RUNNING,0
623.42,3,623.42,RUNNING,0
623.48,3,623.48,RUNNING,0
623.55,3,623.55,RUNNING,0
623.62,3,623.62,RUNNING,0
623.68,3,623.68,RUNNING,0
623.75,3,623.75,RUNNING,0
623.82,3,623.82,RUNNING,0
623.89,3,623.89,RUNNING,0
623.95,3,623.95,RUNNING,0
624.02,3,624.02,RUNNING,0
624.09,3,624.09,RUNNING,0
624.15,3,624.15,RUNNING,0
624.22,3,624.22,RUNNING,0
624.29,3,624.29,RUNNING,0
624.35,3,624.35,RUNNING,0
624.42,3,624.42,RUNNING,0
624.49,3,624.49,RUNNING,0
624.56,3,624.56,RUNNING,0
624.62,3,624.62,RUNNING,0
624.69,3,624.69,RUNNING,0
624.76,3,624.76,RUNNING,0
624.82,3,624.82,RUNNING,0
624.89,3,624.89,RUNNING,0
624.96,3,624.96,RUNNING,0
625.02,3,625.02,RUNNING,0
625.09,3,625.09,RUNNING,0
625.16,3,625.16,RUNNING,0
625.23,3,625.23,RUNNING,0
625.29,3,625.29,RUNNING,0
625.36,3,625.36,RUNNING,0
625.43,3,625.43,RUNNING,0
625.49,3,625.49,RUNNING,0
625.56,3,625.56,RUNNING,0
625.63,3,625.63,RUNNING,0
625.7,3,625.7,RUNNING,0
625.76,3,625.76,RUNNING,0
625.83,3,625.83,RUNNING,0
625.9,3,625.9,RUNNING,0
625.96,3,625.96,RUNNING,0
626.03,3,626.03,RUNNING,0
626.1,3,626.1,RUNNING,0
626.17,3,626.17,RUNNING,0
626.23,3,626.23,RUNNING,0
626.3,3,626.3,RUNNING,0
626.37,3,626.37,RUNNING,0
626.43,3,626.43,RUNNING,0
626.5,3,626.5,RUNNING,0
626.57,3,626.57,RUNNING,0
626.64,3,626.64,RUNNING,0
626.71,3,626.71,RUNNING,0
626.77,3,626.77,RUNNING,0
626.84,3,626.84,RUNNING,0
626.91,3,626.91,RUNNING,0
626.97,3,626.97,RUNNING,0
627.04,3,627.04,RUNNING,0
627.11,3,627.11,RUNNING,0
627.17,3,627.17,RUNNING,0
627.24,3,627.24,RUNNING,0
627.31,3,627.31,RUNNING,0
627.37,3,627.37,RUNNING,0
627.44,3,627.44,RUNNING,0
627.51,3,627.51,RUNNING,0
627.57,3,627.57,RUNNING,0
627.64,3,627.64,RUNNING,0
627.7,3,627.7,RUNNING,0
627.77,3,627.77,RUNNING,0
627.84,3,627.84,RUNNING,0
627.9,3,627.9,RUNNING,0
627.97,3,627.97,RUNNING,0
628.04,3,628.04,RUNNING,0
628.1,3,628.1,RUNNING,0
628.17,3,628.17,RUNNING,0
628.24,3,628.24,RUNNING,0
628.3,3,628.3,RUNNING,0
628.37,3,628.37,RUNNING,0
628.44,3,628.44,RUNNING,0
628.5,3,628.5,RUNNING,0
628.57,3,628.57,RUNNING,0
628.63,3,628.63,RUNNING,0
628.7,3,628.7,RUNNING,0
628.77,3,628.77,RUNNING,0
628.84,3,628.84,RUNNING,0
628.9,3,628.9,RUNNING,0
628.97,3,628.97,RUNNING,0
629.04,3,629.04,RUNNING,0
629.1,3,629.1,RUNNING,0
629.17,3,629.17,RUNNING,0
629.24,3,629.24,RUNNING,0
629.3,3,629.3,RUNNING,0
629.37,3,629.37,RUNNING,0
629.44,3,629.44,RUNNING,0
629.5,3,629.5,RUNNING,0
629.57,3,629.57,RUNNING,0
629.64,3,629.64,RUNNING,0
629.7,3,629.7,RUNNING,0
629.77,3,629.77,RUNNING,0
629.84,3,629.84,RUNNING,0
629.9,3,629.9,RUNNING,0
629.97,3,629.97,RUNNING,0
630.04,3,630.04,RUNNING,0
630.1,3,630.1,RUNNING,0
630.17,3,630.17,RUNNING,0
630.24,3,630.24,RUNNING,0
630.3,3,630.3,RUNNING,0
630.37,3,630.37,RUNNING,0
630.44,3,630.44,RUNNING,0
630.5,3,630.5,RUNNING,0
630.57,3,630.57,RUNNING,0
630.64,3,630.64,RUNNING,0
630.71,3,630.71,RUNNING,0
630.77,3,630.77,RUNNING,0
630.84,3,630.84,RUNNING,0
630.91,3,630.91,RUNNING,0
630.97,3,630.97,RUNNING,0
631.04,3,631.04,RUNNING,0
631.11,3,631.11,RUNNING,0
631.17,3,631.17,RUNNING,0
631.24,3,631.24,RUNNING,0
631.31,3,631.31,RUNNING,0
631.37,3,631.37,RUNNING,0
631.44,3,631.44,RUNNING,0
631.51,3,631.51,RUNNING,0
631.58,3,631.58,RUNNING,0
631.64,3,631.64,RUNNING,0
631.71,3,631.71,RUNNING,0
631.78,3,631.78,RUNNING,0
631.84,3,631.84,RUNNING,0
631.91,3,631.91,RUNNING,0
631.98,3,631.98,RUNNING,0
632.05,3,632.05,RUNNING,0
632.11,3,632.11,RUNNING,0
632.18,3,632.18,RUNNING,0
632.25,3,632.25,RUNNING,0
632.31,3,632.31,RUNNING,0
632.38,3,632.38,RUNNING,0
632.45,3,632.45,RUNNING,0
632.51,3,632.51,RUNNING,0
632.58,3,632.58,RUNNING,0
632.65,3,632.65,RUNNING,0
632.72,3,632.72,RUNNING,0
632.78,3,632.78,RUNNING,0
632.85,3,632.85,RUNNING,0
632.92,3,632.92,RUNNING,0
632.99,3,632.99,RUNNING,0
633.05,3,633.05,RUNNING,0
633.13,3,633.13,RUNNING,0
633.19,3,633.19,RUNNING,0
633.26,3,633.26,RUNNING,0
633.33,3,633.33,RUNNING,0
633.39,3,633.39,RUNNING,0
633.46,3,633.46,RUNNING,0
633.53,3,633.53,RUNNING,0
633.59,3,633.59,RUNNING,0
633.66,3,633.66,RUNNING,0
633.73,3,633.73,RUNNING,0
633.79,3,633.79,RUNNING,0
633.86,3,633.86,RUNNING,0
633.93,3,633.93,RUNNING,0
633.99,3,633.99,RUNNING,0
634.06,3,634.06,RUNNING,0
634.13,3,634.13,RUNNING,0
634.19,3,634.19,RUNNING,0
634.26,3,634.26,RUNNING,0
634.32,3,634.32,RUNNING,0
634.39,3,634.39,RUNNING,0
634.46,3,634.46,RUNNING,0
634.52,3,634.52,RUNNING,0
634.59,3,634.59,RUNNING,0
634.66,3,634.66,RUNNING,0
634.72,3,634.72,RUNNING,0
634.79,3,634.79,RUNNING,0
634.86,3,634.86,RUNNING,0
634.92,3,634.92,RUNNING,0
634.99,3,634.99,RUNNING,0
635.05,3,635.05,RUNNING,0
635.12,3,635.12,RUNNING,0
635.19,3,635.19,RUNNING,0
635.25,3,635.25,RUNNING,0
635.32,3,635.32,RUNNING,0
635.39,3,635.39,RUNNING,0
635.45,3,635.45,RUNNING,0
635.52,3,635.52,RUNNING,0
635.59,3,635.59,RUNNING,0
635.65,3,635.65,RUNNING,0
635.72,3,635.72,RUNNING,0
635.79,3,635.79,RUNNING,0
635.85,3,635.85,RUNNING,0
635.92,3,635.92,RUNNING,0
635.99,3,635.99,RUNNING,0
636.05,3,636.05,RUNNING,0
636.12,3,636.12,RUNNING,0
636.19,3,636.19,RUNNING,0
636.25,3,636.25,RUNNING,0
636.32,3,636.32,RUNNING,0
636.39,3,636.39,RUNNING,0
636.45,3,636.45,RUNNING,0
636.52,3,636.52,RUNNING,0
636.59,3,636.59,RUNNING,0
636.65,3,636.65,RUNNING,0
636.72,3,636.72,RUNNING,0
636.79,3,636.79,RUNNING,0
636.85,3,636.85,RUNNING,0
636.92,3,636.92,RUNNING,0
636.99,3,636.99,RUNNING,0
637.05,3,637.05,RUNNING,0
637.12,3,637.12,RUNNING,0
637.19,3,637.19,RUNNING,0
637.25,3,637.25,RUNNING,0
637.32,3,637.32,RUNNING,0
637.39,3,637.39,RUNNING,0
637.46,3,637.46,RUNNING,0
637.52,3,637.52,RUNNING,0
637.59,3,637.59,RUNNING,0
637.66,3,637.66,RUNNING,0
637.72,3,637.72,RUNNING,0
637.79,3,637.79,RUNNING,0
637.86,3,637.86,RUNNING,0
637.92,3,637.92,RUNNING,0
637.99,3,637.99,RUNNING,0
638.06,3,638.06,RUNNING,0
638.12,3,638.12,RUNNING,0
638.19,3,638.19,RUNNING,0
638.26,3,638.26,RUNNING,0
638.32,3,638.32,RUNNING,0
638.39,3,638.39,RUNNING,0
638.46,3,638.46,RUNNING,0
638.53,3,638.53,RUNNING,0
638.59,3,638.59,RUNNING,0
638.66,3,638.66,RUNNING,0
638.73,3,638.73,RUNNING,0
638.79,3,638.79,RUNNING,0
638.86,3,638.86,RUNNING,0
638.93,3,638.93,RUNNING,0
638.99,3,638.99,RUNNING,0
639.06,3,639.06,RUNNING,0
639.13,3,639.13,RUNNING,0
639.2,3,639.2,RUNNING,0
639.26,3,639.26,RUNNING,0
639.33,3,639.33,RUNNING,0
639.4,3,639.4,RUNNING,0
639.47,3,639.47,RUNNING,0
639.53,3,639.53,RUNNING,0
639.6,3,639.6,RUNNING,0
639.67,3,639.67,RUNNING,0
639.74,3,639.74,RUNNING,0
639.81,3,639.81,RUNNING,0
639.87,3,639.87,RUNNING,0
639.94,3,639.94,RUNNING,0
640.01,3,640.01,RUNNING,0
640.07,3,640.07,RUNNING,0
640.14,3,640.14,RUNNING,0
640.21,3,640.21,RUNNING,0
640.27,3,640.27,RUNNING,0
640.34,3,640.34,RUNNING,0
640.41,3,640.41,RUNNING,0
640.47,3,640.47,RUNNING,0
640.54,3,640.54,RUNNING,0
640.61,3,640.61,RUNNING,0
640.67,3,640.67,RUNNING,0
640.74,3,640.74,RUNNING,0
640.8,3,640.8,RUNNING,0
640.87,3,640.87,RUNNING,0
640.94,3,640.94,RUNNING,0
641.0,3,641.0,RUNNING,0
641.07,3,641.07,RUNNING,0
641.15,3,641.15,RUNNING,0
641.21,3,641.21,RUNNING,0
641.28,3,641.28,RUNNING,0
641.35,3,641.35,RUNNING,0
641.41,3,641.41,RUNNING,0
641.48,3,641.48,RUNNING,0
641.54,3,641.54,RUNNING,0
641.61,3,641.61,RUNNING,0
641.68,3,641.68,RUNNING,0
641.74,3,641.74,RUNNING,0
641.81,3,641.81,RUNNING,0
641.88,3,641.88,RUNNING,0
641.94,3,641.94,RUNNING,0
642.01,3,642.01,RUNNING,0
642.07,3,642.07,RUNNING,0
642.14,3,642.14,RUNNING,0
642.21,3,642.21,RUNNING,0
642.27,3,642.27,RUNNING,0
642.34,3,642.34,RUNNING,0
642.41,3,642.41,RUNNING,0
642.47,3,642.47,RUNNING,0
642.54,3,642.54,RUNNING,0
642.61,3,642.61,RUNNING,0
642.67,3,642.67,RUNNING,0
642.74,3,642.74,RUNNING,0
642.8,3,642.8,RUNNING,0
642.87,3,642.87,RUNNING,0
642.94,3,642.94,RUNNING,0
643.0,3,643.0,RUNNING,0
643.07,3,643.07,RUNNING,0
643.14,3,643.14,RUNNING,0
643.2,3,643.2,RUNNING,0
643.27,3,643.27,RUNNING,0
643.34,3,643.34,RUNNING,0
643.4,3,643.4,RUNNING,0
643.47,3,643.47,RUNNING,0
643.54,3,643.54,RUNNING,0
643.6,3,643.6,RUNNING,0
643.67,3,643.67,RUNNING,0
643.74,3,643.74,RUNNING,0
643.8,3,643.8,RUNNING,0
643.87,3,643.87,RUNNING,0
643.94,3,643.94,RUNNING,0
644.0,3,644.0,RUNNING,0
644.07,3,644.07,RUNNING,0
644.14,3,644.14,RUNNING,0
644.21,3,644.21,RUNNING,0
644.27,3,644.27,RUNNING,0
644.34,3,644.34,RUNNING,0
644.41,3,644.41,RUNNING,0
644.47,3,644.47,RUNNING,0
644.54,3,644.54,RUNNING,0
644.61,3,644.61,RUNNING,0
644.67,3,644.67,RUNNING,0
644.74,3,644.74,RUNNING,0
644.81,3,644.81,RUNNING,0
644.87,3,644.87,RUNNING,0
644.94,3,644.94,RUNNING,0
645.01,3,645.01,RUNNING,0
645.08,3,645.08,RUNNING,0
645.14,3,645.14,RUNNING,0
645.21,3,645.21,RUNNING,0
645.28,3,645.28,RUNNING,0
645.34,3,645.34,RUNNING,0
645.41,3,645.41,RUNNING,0
645.48,3,645.48,RUNNING,0
645.54,3,645.54,RUNNING,0
645.61,3,645.61,RUNNING,0
645.68,3,645.68,RUNNING,0
645.74,3,645.74,RUNNING,0
645.81,3,645.81,RUNNING,0
645.88,3,645.88,RUNNING,0
645.94,3,645.94,RUNNING,0
646.01,3,646.01,RUNNING,0
646.08,3,646.08,RUNNING,0
646.15,3,646.15,RUNNING,0
646.21,3,646.21,RUNNING,0
646.28,3,646.28,RUNNING,0
646.35,3,646.35,RUNNING,0
646.41,3,646.41,RUNNING,0
646.48,3,646.48,RUNNING,0
646.55,3,646.55,RUNNING,0
646.61,3,646.61,RUNNING,0
646.68,3,646.68,RUNNING,0
646.75,3,646.75,RUNNING,0
646.82,3,646.82,RUNNING,0
646.88,3,646.88,RUNNING,0
646.95,3,646.95,RUNNING,0
647.02,3,647.02,RUNNING,0
647.09,3,647.09,RUNNING,0
647.15,3,647.15,RUNNING,0
647.22,3,647.22,RUNNING,0
647.29,3,647.29,RUNNING,0
647.35,3,647.35,RUNNING,0
647.42,3,647.42,RUNNING,0
647.49,3,647.49,RUNNING,0
647.55,3,647.55,RUNNING,0
647.62,3,647.62,RUNNING,0
647.69,3,647.69,RUNNING,0
647.76,3,647.76,RUNNING,0
647.83,3,647.83,RUNNING,0
647.89,3,647.89,RUNNING,0
647.96,3,647.96,RUNNING,0
648.03,3,648.03,RUNNING,0
648.09,3,648.09,RUNNING,0
648.16,3,648.16,RUNNING,0
648.23,3,648.23,RUNNING,0
648.29,3,648.29,RUNNING,0
648.36,3,648.36,RUNNING,0
648.42,3,648.42,RUNNING,0
648.49,3,648.49,RUNNING,0
648.56,3,648.56,RUNNING,0
648.62,3,648.62,RUNNING,0
648.69,3,648.69,RUNNING,0
648.75,3,648.75,RUNNING,0
648.82,3,648.82,RUNNING,0
648.89,3,648.89,RUNNING,0
648.95,3,648.95,RUNNING,0
649.02,3,649.02,RUNNING,0
649.09,3,649.09,RUNNING,0
649.15,3,649.15,RUNNING,0
649.22,3,649.22,RUNNING,0
649.29,3,649.29,RUNNING,0
649.35,3,649.35,RUNNING,0
649.42,3,649.42,RUNNING,0
649.49,3,649.49,RUNNING,0
649.55,3,649.55,RUNNING,0
649.62,3,649.62,RUNNING,0
649.68,3,649.68,RUNNING,0
649.75,3,649.75,RUNNING,0
649.82,3,649.82,RUNNING,0
649.88,3,649.88,RUNNING,0
649.95,3,649.95,RUNNING,0
650.02,3,650.02,RUNNING,0
650.08,3,650.08,RUNNING,0
650.15,3,650.15,RUNNING,0
650.22,3,650.22,RUNNING,0
650.28,3,650.28,RUNNING,0
650.35,3,650.35,RUNNING,0
650.42,3,650.42,RUNNING,0
650.48,3,650.48,RUNNING,0
650.55,3,650.55,RUNNING,0
650.62,3,650.62,RUNNING,0
650.68,3,650.68,RUNNING,0
650.75,3,650.75,RUNNING,0
650.82,3,650.82,RUNNING,0
650.88,3,650.88,RUNNING,0
650.95,3,650.95,RUNNING,0
651.02,3,651.02,RUNNING,0
651.08,3,651.08,RUNNING,0
651.15,3,651.15,RUNNING,0
651.22,3,651.22,RUNNING,0
651.28,3,651.28,RUNNING,0
651.35,4,651.35,RUNNING,0
651.42,3,651.42,RUNNING,0
651.48,3,651.48,RUNNING,0
651.84,4,651.84,RUNNING,0
651.91,3,651.91,RUNNING,0
652.0,4,652.0,RUNNING,0
652.06,3,652.06,RUNNING,0
652.13,3,652.13,RUNNING,0
652.2,4,652.2,RUNNING,0
652.27,3,652.27,RUNNING,0
652.33,3,652.33,RUNNING,0
652.4,4,652.4,RUNNING,0
652.47,3,652.47,RUNNING,0
652.53,3,652.53,RUNNING,0
652.6,4,652.6,RUNNING,0
652.67,3,652.67,RUNNING,0
652.73,3,652.73,RUNNING,0
652.8,4,652.8,RUNNING,0
652.87,3,652.87,RUNNING,0
652.94,3,652.94,RUNNING,0
653.01,4,653.01,RUNNING,0
653.08,3,653.08,RUNNING,0
653.14,3,653.14,RUNNING,0
653.21,4,653.21,RUNNING,0
653.28,3,653.28,RUNNING,0
653.34,3,653.34,RUNNING,0
653.41,4,653.41,RUNNING,0
653.48,3,653.48,RUNNING,0
653.54,3,653.54,RUNNING,0
653.61,4,653.61,RUNNING,0
653.68,3,653.68,RUNNING,0
653.74,3,653.74,RUNNING,0
653.81,4,653.81,RUNNING,0
653.88,3,653.88,RUNNING,0
653.95,3,653.95,RUNNING,0
654.02,4,654.02,RUNNING,0
654.1,3,654.1,RUNNING,0
654.17,4,654.17,RUNNING,0
654.25,4,654.25,RUNNING,0
654.32,3,654.32,RUNNING,0
654.4,4,654.4,RUNNING,0
654.47,4,654.47,RUNNING,0
654.54,3,654.54,RUNNING,0
654.6,4,654.6,RUNNING,0
654.67,4,654.67,RUNNING,0
654.74,3,654.74,RUNNING,0
654.81,4,654.81,RUNNING,0
654.88,3,654.88,RUNNING,0
654.95,3,654.95,RUNNING,0
655.01,4,655.01,RUNNING,0
655.08,3,655.08,RUNNING,0
655.15,3,655.15,RUNNING,0
655.22,4,655.22,RUNNING,0
655.29,3,655.29,RUNNING,0
655.35,3,655.35,RUNNING,0
655.42,4,655.42,RUNNING,0
655.49,3,655.49,RUNNING,0
655.56,3,655.56,RUNNING,0
655.63,4,655.63,RUNNING,0
655.69,3,655.69,RUNNING,0
655.76,3,655.76,RUNNING,0
655.82,4,655.82,RUNNING,0
655.89,3,655.89,RUNNING,0
655.96,3,655.96,RUNNING,0
656.02,4,656.02,RUNNING,0
656.09,3,656.09,RUNNING,0
656.16,3,656.16,RUNNING,0
656.23,4,656.23,RUNNING,0
656.29,3,656.29,RUNNING,0
656.36,3,656.36,RUNNING,0
656.43,4,656.43,RUNNING,0
656.5,3,656.5,RUNNING,0
656.57,3,656.57,RUNNING,0
656.64,4,656.64,RUNNING,0
656.71,3,656.71,RUNNING,0
656.78,3,656.78,RUNNING,0
656.84,4,656.84,RUNNING,0
656.91,3,656.91,RUNNING,0
656.98,3,656.98,RUNNING,0
657.05,4,657.05,RUNNING,0
657.12,3,657.12,RUNNING,0
657.19,3,657.19,RUNNING,0
657.26,4,657.26,RUNNING,0
657.32,3,657.32,RUNNING,0
657.39,3,657.39,RUNNING,0
657.45,4,657.45,RUNNING,0
657.52,3,657.52,RUNNING,0
657.59,3,657.59,RUNNING,0
657.65,4,657.65,RUNNING,0
657.72,3,657.72,RUNNING,0
657.79,3,657.79,RUNNING,0
657.86,4,657.86,RUNNING,0
657.92,3,657.92,RUNNING,0
657.99,3,657.99,RUNNING,0
658.07,4,658.07,RUNNING,0
658.13,3,658.13,RUNNING,0
658.2,3,658.2,RUNNING,0
658.27,4,658.27,RUNNING,0
658.33,3,658.33,RUNNING,0
658.4,3,658.4,RUNNING,0
658.47,4,658.47,RUNNING,0
658.53,3,658.53,RUNNING,0
658.6,3,658.6,RUNNING,0
658.67,4,658.67,RUNNING,0
658.73,3,658.73,RUNNING,0
658.81,3,658.81,RUNNING,0
658.88,4,658.88,RUNNING,0
658.94,3,658.94,RUNNING,0
659.02,3,659.02,RUNNING,0
659.09,4,659.09,RUNNING,0
659.16,3,659.16,RUNNING,0
659.22,3,659.22,RUNNING,0
659.29,4,659.29,RUNNING,0
659.35,3,659.35,RUNNING,0
659.42,3,659.42,RUNNING,0
659.49,4,659.49,RUNNING,0
659.56,3,659.56,RUNNING,0
659.62,3,659.62,RUNNING,0
659.69,4,659.69,RUNNING,0
659.76,3,659.76,RUNNING,0
659.83,3,659.83,RUNNING,0
659.89,4,659.89,RUNNING,0
659.96,3,659.96,RUNNING,0
660.03,3,660.03,RUNNING,0
660.1,4,660.1,RUNNING,0
660.17,3,660.17,RUNNING,0
660.24,3,660.24,RUNNING,0
660.3,4,660.3,RUNNING,0
660.37,3,660.37,RUNNING,0
660.44,3,660.44,RUNNING,0
660.51,4,660.51,RUNNING,0
660.57,3,660.57,RUNNING,0
660.64,3,660.64,RUNNING,0
660.71,4,660.71,RUNNING,0
660.78,3,660.78,RUNNING,0
660.85,3,660.85,RUNNING,0
660.92,4,660.92,RUNNING,0
660.99,3,660.99,RUNNING,0
661.06,4,661.06,RUNNING,0
661.12,4,661.12,RUNNING,0
661.19,3,661.19,RUNNING,0
661.26,4,661.26,RUNNING,0
661.33,4,661.33,RUNNING,0
661.4,3,661.4,RUNNING,0
661.46,4,661.46,RUNNING,0
661.53,4,661.53,RUNNING,0
661.6,3,661.6,RUNNING,0
661.66,4,661.66,RUNNING,0
661.73,4,661.73,RUNNING,0
661.8,3,661.8,RUNNING,0
661.86,4,661.86,RUNNING,0
661.93,4,661.93,RUNNING,0
662.0,3,662.0,RUNNING,0
662.07,4,662.07,RUNNING,0
662.14,4,662.14,RUNNING,0
662.2,3,662.2,RUNNING,0
662.27,4,662.27,RUNNING,0
662.34,4,662.34,RUNNING,0
662.4,3,662.4,RUNNING,0
662.47,4,662.47,RUNNING,0
662.54,4,662.54,RUNNING,0
662.6,3,662.6,RUNNING,0
662.67,4,662.67,RUNNING,0
662.74,4,662.74,RUNNING,0
662.8,3,662.8,RUNNING,0
662.87,4,662.87,RUNNING,0
662.94,4,662.94,RUNNING,0
663.01,3,663.01,RUNNING,0
663.08,4,663.08,RUNNING,0
663.15,4,663.15,RUNNING,0
663.22,3,663.22,RUNNING,0
663.28,4,663.28,RUNNING,0
663.35,4,663.35,RUNNING,0
663.42,3,663.42,RUNNING,0
663.48,4,663.48,RUNNING,0
663.55,4,663.55,RUNNING,0
663.61,3,663.61,RUNNING,0
663.68,4,663.68,RUNNING,0
663.75,4,663.75,RUNNING,0
663.82,3,663.82,RUNNING,0
663.88,3,663.88,RUNNING,0
663.95,4,663.95,RUNNING,0
664.02,3,664.02,RUNNING,0
664.09,3,664.09,RUNNING,0
664.16,4,664.16,RUNNING,0
664.23,3,664.23,RUNNING,0
664.3,4,664.3,RUNNING,0
664.36,4,664.36,RUNNING,0
664.43,3,664.43,RUNNING,0
664.5,3,664.5,RUNNING,0
664.56,4,664.56,RUNNING,0
664.63,3,664.63,RUNNING,0
664.7,3,664.7,RUNNING,0
664.76,4,664.76,RUNNING,0
664.83,3,664.83,RUNNING,0
664.9,3,664.9,RUNNING,0
664.97,4,664.97,RUNNING,0
665.04,3,665.04,RUNNING,0
665.11,4,665.11,RUNNING,0
665.18,4,665.18,RUNNING,0
665.25,3,665.25,RUNNING,0
665.32,4,665.32,RUNNING,0
665.39,4,665.39,RUNNING,0
665.46,3,665.46,RUNNING,0
665.52,4,665.52,RUNNING,0
665.59,4,665.59,RUNNING,0
665.66,3,665.66,RUNNING,0
665.73,4,665.73,RUNNING,0
665.8,4,665.8,RUNNING,0
665.86,3,665.86,RUNNING,0
665.94,4,665.94,RUNNING,0
666.01,4,666.01,RUNNING,0
666.07,3,666.07,RUNNING,0
666.14,4,666.14,RUNNING,0
666.21,4,666.21,RUNNING,0
666.27,3,666.27,RUNNING,0
666.34,4,666.34,RUNNING,0
666.41,4,666.41,RUNNING,0
666.48,3,666.48,RUNNING,0
666.54,4,666.54,RUNNING,0
666.61,4,666.61,RUNNING,0
666.68,3,666.68,RUNNING,0
666.75,4,666.75,RUNNING,0
666.82,4,666.82,RUNNING,0
666.89,3,666.89,RUNNING,0
666.96,4,666.96,RUNNING,0
667.02,4,667.02,RUNNING,0
667.09,3,667.09,RUNNING,0
667.16,4,667.16,RUNNING,0
667.22,4,667.22,RUNNING,0
667.29,3,667.29,RUNNING,0
667.36,4,667.36,RUNNING,0
667.42,4,667.42,RUNNING,0
667.49,3,667.49,RUNNING,0
667.56,4,667.56,RUNNING,0
667.63,4,667.63,RUNNING,0
667.7,3,667.7,RUNNING,0
667.77,4,667.77,RUNNING,0
667.84,4,667.84,RUNNING,0
667.9,3,667.9,RUNNING,0
667.98,4,667.98,RUNNING,0
668.05,4,668.05,RUNNING,0
668.12,3,668.12,RUNNING,0
668.18,4,668.18,RUNNING,0
668.25,4,668.25,RUNNING,0
668.33,3,668.33,RUNNING,0
668.39,4,668.39,RUNNING,0
668.46,3,668.46,RUNNING,0
668.53,3,668.53,RUNNING,0
668.6,4,668.6,RUNNING,0
668.66,4,668.66,RUNNING,0
668.73,3,668.73,RUNNING,0
668.8,4,668.8,RUNNING,0
668.87,4,668.87,RUNNING,0
668.93,3,668.93,RUNNING,0
669.0,4,669.0,RUNNING,0
669.07,3,669.07,RUNNING,0
669.14,3,669.14,RUNNING,0
669.21,4,669.21,RUNNING,0
669.27,3,669.27,RUNNING,0
669.34,3,669.34,RUNNING,0
669.41,4,669.41,RUNNING,0
669.47,3,669.47,RUNNING,0
669.54,3,669.54,RUNNING,0
669.61,4,669.61,RUNNING,0
669.67,4,669.67,RUNNING,0
669.74,3,669.74,RUNNING,0
669.81,4,669.81,RUNNING,0
669.88,4,669.88,RUNNING,0
669.95,3,669.95,RUNNING,0
670.02,4,670.02,RUNNING,0
670.09,4,670.09,RUNNING,0
670.16,3,670.16,RUNNING,0
670.22,4,670.22,RUNNING,0
670.29,4,670.29,RUNNING,0
670.36,3,670.36,RUNNING,0
670.42,4,670.42,RUNNING,0
670.49,4,670.49,RUNNING,0
670.56,3,670.56,RUNNING,0
670.62,4,670.62,RUNNING,0
670.69,4,670.69,RUNNING,0
670.77,3,670.77,RUNNING,0
670.84,4,670.84,RUNNING,0
670.9,3,670.9,RUNNING,0
670.97,3,670.97,RUNNING,0
671.04,4,671.04,RUNNING,0
671.11,3,671.11,RUNNING,0
671.17,3,671.17,RUNNING,0
671.24,4,671.24,RUNNING,0
671.31,3,671.31,RUNNING,0
671.37,3,671.37,RUNNING,0
671.44,4,671.44,RUNNING,0
671.51,3,671.51,RUNNING,0
671.57,3,671.57,RUNNING,0
671.64,4,671.64,RUNNING,0
671.71,4,671.71,RUNNING,0
671.78,3,671.78,RUNNING,0
671.85,4,671.85,RUNNING,0
671.92,3,671.92,RUNNING,0
671.99,3,671.99,RUNNING,0
672.06,4,672.06,RUNNING,0
672.12,3,672.12,RUNNING,0
672.19,3,672.19,RUNNING,0
672.26,4,672.26,RUNNING,0
672.32,3,672.32,RUNNING,0
672.39,3,672.39,RUNNING,0
672.46,4,672.46,RUNNING,0
672.52,3,672.52,RUNNING,0
672.59,3,672.59,RUNNING,0
672.66,4,672.66,RUNNING,0
672.73,3,672.73,RUNNING,0
672.8,3,672.8,RUNNING,0
672.86,4,672.86,RUNNING,0
672.93,3,672.93,RUNNING,0
673.0,3,673.0,RUNNING,0
673.07,4,673.07,RUNNING,0
673.14,3,673.14,RUNNING,0
673.21,3,673.21,RUNNING,0
673.27,4,673.27,RUNNING,0
673.34,3,673.34,RUNNING,0
673.41,3,673.41,RUNNING,0
673.47,4,673.47,RUNNING,0
673.54,3,673.54,RUNNING,0
673.61,3,673.61,RUNNING,0
673.67,4,673.67,RUNNING,0
673.74,3,673.74,RUNNING,0
673.81,3,673.81,RUNNING,0
673.88,4,673.88,RUNNING,0
673.94,3,673.94,RUNNING,0
674.01,3,674.01,RUNNING,0
674.08,4,674.08,RUNNING,0
674.15,3,674.15,RUNNING,0
674.22,3,674.22,RUNNING,0
674.29,4,674.29,RUNNING,0
674.36,3,674.36,RUNNING,0
674.43,3,674.43,RUNNING,0
674.5,4,674.5,RUNNING,0
674.57,3,674.57,RUNNING,0
674.64,3,674.64,RUNNING,0
674.71,4,674.71,RUNNING,0
674.78,3,674.78,RUNNING,0
674.84,3,674.84,RUNNING,0
674.91,4,674.91,RUNNING,0
674.97,3,674.97,RUNNING,0
675.04,3,675.04,RUNNING,0
675.11,4,675.11,RUNNING,0
675.18,3,675.18,RUNNING,0
675.24,3,675.24,RUNNING,0
675.31,4,675.31,RUNNING,0
675.38,3,675.38,RUNNING,0
675.45,3,675.45,RUNNING,0
675.52,4,675.52,RUNNING,0
675.59,3,675.59,RUNNING,0
675.66,3,675.66,RUNNING,0
675.72,4,675.72,RUNNING,0
675.79,3,675.79,RUNNING,0
675.85,3,675.85,RUNNING,0
675.92,4,675.92,RUNNING,0
675.99,3,675.99,RUNNING,0
676.05,3,676.05,RUNNING,0
676.12,4,676.12,RUNNING,0
676.19,3,676.19,RUNNING,0
676.25,3,676.25,RUNNING,0
676.32,4,676.32,RUNNING,0
676.39,3,676.39,RUNNING,0
676.46,3,676.46,RUNNING,0
676.53,4,676.53,RUNNING,0
676.6,3,676.6,RUNNING,0
676.67,3,676.67,RUNNING,0
676.74,4,676.74,RUNNING,0
676.8,3,676.8,RUNNING,0
676.87,3,676.87,RUNNING,0
676.94,4,676.94,RUNNING,0
677.01,3,677.01,RUNNING,0
677.08,3,677.08,RUNNING,0
677.14,4,677.14,RUNNING,0
677.22,3,677.22,RUNNING,0
677.28,3,677.28,RUNNING,0
677.35,4,677.35,RUNNING,0
677.42,3,677.42,RUNNING,0
677.48,3,677.48,RUNNING,0
677.55,4,677.55,RUNNING,0
677.62,3,677.62,RUNNING,0
677.69,3,677.69,RUNNING,0
677.75,4,677.75,RUNNING,0
677.82,3,677.82,RUNNING,0
677.89,4,677.89,RUNNING,0
677.96,4,677.96,RUNNING,0
678.03,3,678.03,RUNNING,0
678.1,4,678.1,RUNNING,0
678.17,4,678.17,RUNNING,0
678.23,3,678.23,RUNNING,0
678.3,4,678.3,RUNNING,0
678.37,4,678.37,RUNNING,0
678.44,3,678.44,RUNNING,0
678.51,4,678.51,RUNNING,0
678.58,4,678.58,RUNNING,0
678.65,3,678.65,RUNNING,0
678.71,4,678.71,RUNNING,0
678.78,4,678.78,RUNNING,0
678.85,3,678.85,RUNNING,0
678.91,4,678.91,RUNNING,0
678.98,4,678.98,RUNNING,0
679.05,3,679.05,RUNNING,0
679.11,4,679.11,RUNNING,0
679.18,4,679.18,RUNNING,0
679.25,3,679.25,RUNNING,0
679.32,4,679.32,RUNNING,0
679.39,4,679.39,RUNNING,0
679.46,3,679.46,RUNNING,0
679.52,4,679.52,RUNNING,0
679.59,4,679.59,RUNNING,0
679.67,3,679.67,RUNNING,0
679.73,4,679.73,RUNNING,0
679.8,4,679.8,RUNNING,0
679.87,3,679.87,RUNNING,0
679.94,4,679.94,RUNNING,0
680.01,4,680.01,RUNNING,0
680.07,3,680.07,RUNNING,0
680.15,4,680.15,RUNNING,0
680.21,4,680.21,RUNNING,0
680.28,3,680.28,RUNNING,0
680.35,4,680.35,RUNNING,0
680.42,4,680.42,RUNNING,0
680.49,3,680.49,RUNNING,0
680.56,4,680.56,RUNNING,0
680.63,4,680.63,RUNNING,0
680.7,3,680.7,RUNNING,0
680.76,4,680.76,RUNNING,0
680.83,3,680.83,RUNNING,0
680.9,3,680.9,RUNNING,0
680.97,4,680.97,RUNNING,0
681.04,3,681.04,RUNNING,0
681.11,3,681.11,RUNNING,0
681.18,4,681.18,RUNNING,0
681.24,3,681.24,RUNNING,0
681.32,3,681.32,RUNNING,0
681.38,4,681.38,RUNNING,0
681.45,3,681.45,RUNNING,0
681.52,3,681.52,RUNNING,0
681.58,4,681.58,RUNNING,0
681.65,3,681.65,RUNNING,0
681.72,3,681.72,RUNNING,0
681.79,4,681.79,RUNNING,0
681.86,3,681.86,RUNNING,0
681.93,3,681.93,RUNNING,0
682.0,4,682.0,RUNNING,0
682.06,3,682.06,RUNNING,0
682.13,3,682.13,RUNNING,0
682.2,4,682.2,RUNNING,0
682.26,3,682.26,RUNNING,0
682.33,3,682.33,RUNNING,0
682.4,4,682.4,RUNNING,0
682.46,3,682.46,RUNNING,0
682.53,3,682.53,RUNNING,0
682.6,4,682.6,RUNNING,0
682.67,3,682.67,RUNNING,0
682.74,3,682.74,RUNNING,0
682.81,4,682.81,RUNNING,0
682.88,3,682.88,RUNNING,0
682.96,4,682.96,RUNNING,0
683.03,4,683.03,RUNNING,0
683.09,3,683.09,RUNNING,0
683.16,4,683.16,RUNNING,0
683.22,4,683.22,RUNNING,0
683.29,3,683.29,RUNNING,0
683.36,3,683.36,RUNNING,0
683.42,4,683.42,RUNNING,0
683.49,3,683.49,RUNNING,0
683.56,3,683.56,RUNNING,0
683.62,4,683.62,RUNNING,0
683.7,3,683.7,RUNNING,0
683.77,4,683.77,RUNNING,0
683.83,4,683.83,RUNNING,0
683.9,3,683.9,RUNNING,0
683.97,4,683.97,RUNNING,0
684.04,4,684.04,RUNNING,0
684.11,3,684.11,RUNNING,0
684.18,4,684.18,RUNNING,0
684.25,4,684.25,RUNNING,0
684.31,3,684.31,RUNNING,0
684.38,4,684.38,RUNNING,0
684.45,4,684.45,RUNNING,0
684.52,3,684.52,RUNNING,0
684.59,4,684.59,RUNNING,0
684.65,4,684.65,RUNNING,0
684.72,3,684.72,RUNNING,0
684.79,4,684.79,RUNNING,0
684.85,4,684.85,RUNNING,0
684.92,3,684.92,RUNNING,0
684.98,4,684.98,RUNNING,0
685.05,4,685.05,RUNNING,0
685.12,3,685.12,RUNNING,0
685.19,4,685.19,RUNNING,0
685.26,4,685.26,RUNNING,0
685.32,3,685.32,RUNNING,0
685.39,4,685.39,RUNNING,0
685.46,4,685.46,RUNNING,0
685.53,3,685.53,RUNNING,0
685.6,4,685.6,RUNNING,0
685.66,4,685.66,RUNNING,0
685.73,3,685.73,RUNNING,0
685.79,4,685.79,RUNNING,0
685.86,4,685.86,RUNNING,0
685.93,3,685.93,RUNNING,0
686.0,4,686.0,RUNNING,0
686.06,4,686.06,RUNNING,0
686.13,3,686.13,RUNNING,0
686.2,4,686.2,RUNNING,0
686.26,4,686.26,RUNNING,0
686.33,3,686.33,RUNNING,0
686.4,4,686.4,RUNNING,0
686.47,4,686.47,RUNNING,0
686.54,3,686.54,RUNNING,0
686.6,4,686.6,RUNNING,0
686.67,4,686.67,RUNNING,0
686.74,3,686.74,RUNNING,0
686.81,4,686.81,RUNNING,0
686.87,4,686.87,RUNNING,0
686.94,3,686.94,RUNNING,0
687.0,4,687.0,RUNNING,0
687.07,4,687.07,RUNNING,0
687.14,3,687.14,RUNNING,0
687.21,4,687.21,RUNNING,0
687.28,4,687.28,RUNNING,0
687.35,3,687.35,RUNNING,0
687.42,4,687.42,RUNNING,0
687.48,4,687.48,RUNNING,0
687.55,3,687.55,RUNNING,0
687.62,4,687.62,RUNNING,0
687.69,4,687.69,RUNNING,0
687.75,3,687.75,RUNNING,0
687.82,4,687.82,RUNNING,0
687.89,4,687.89,RUNNING,0
687.95,3,687.95,RUNNING,0
688.02,4,688.02,RUNNING,0
688.09,4,688.09,RUNNING,0
688.15,3,688.15,RUNNING,0
688.22,4,688.22,RUNNING,0
688.29,4,688.29,RUNNING,0
688.35,3,688.35,RUNNING,0
688.42,4,688.42,RUNNING,0
688.49,4,688.49,RUNNING,0
688.56,3,688.56,RUNNING,0
688.63,4,688.63,RUNNING,0
688.7,4,688.7,RUNNING,0
688.76,3,688.76,RUNNING,0
688.83,4,688.83,RUNNING,0
688.9,4,688.9,RUNNING,0
688.97,3,688.97,RUNNING,0
689.04,4,689.04,RUNNING,0
689.11,4,689.11,RUNNING,0
689.18,3,689.18,RUNNING,0
689.24,4,689.24,RUNNING,0
689.31,4,689.31,RUNNING,0
689.38,3,689.38,RUNNING,0
689.45,4,689.45,RUNNING,0
689.52,4,689.52,RUNNING,0
689.59,3,689.59,RUNNING,0
689.66,4,689.66,RUNNING,0
689.73,4,689.73,RUNNING,0
689.8,3,689.8,RUNNING,0
689.86,4,689.86,RUNNING,0
689.93,4,689.93,RUNNING,0
689.99,3,689.99,RUNNING,0
690.06,4,690.06,RUNNING,0
690.13,4,690.13,RUNNING,0
690.19,3,690.19,RUNNING,0
690.26,4,690.26,RUNNING,0
690.33,4,690.33,RUNNING,0
690.39,3,690.39,RUNNING,0
690.46,4,690.46,RUNNING,0
690.52,4,690.52,RUNNING,0
690.59,3,690.59,RUNNING,0
690.66,4,690.66,RUNNING,0
690.72,4,690.72,RUNNING,0
690.79,3,690.79,RUNNING,0
690.86,4,690.86,RUNNING,0
690.93,4,690.93,RUNNING,0
691.0,3,691.0,RUNNING,0
691.07,4,691.07,RUNNING,0
691.13,4,691.13,RUNNING,0
691.2,3,691.2,RUNNING,0
691.26,4,691.26,RUNNING,0
691.33,4,691.33,RUNNING,0
691.4,3,691.4,RUNNING,0
691.46,4,691.46,RUNNING,0
691.53,4,691.53,RUNNING,0
691.6,3,691.6,RUNNING,0
691.67,4,691.67,RUNNING,0
691.73,4,691.73,RUNNING,0
691.8,3,691.8,RUNNING,0
691.87,4,691.87,RUNNING,0
691.94,4,691.94,RUNNING,0
692.01,3,692.01,RUNNING,0
692.07,4,692.07,RUNNING,0
692.14,4,692.14,RUNNING,0
692.21,3,692.21,RUNNING,0
692.27,4,692.27,RUNNING,0
692.34,4,692.34,RUNNING,0
692.41,3,692.41,RUNNING,0
692.47,4,692.47,RUNNING,0
692.54,4,692.54,RUNNING,0
692.61,3,692.61,RUNNING,0
692.68,4,692.68,RUNNING,0
692.75,4,692.75,RUNNING,0
692.82,3,692.82,RUNNING,0
692.89,4,692.89,RUNNING,0
692.95,4,692.95,RUNNING,0
693.02,3,693.02,RUNNING,0
693.09,4,693.09,RUNNING,0
693.15,4,693.15,RUNNING,0
693.22,3,693.22,RUNNING,0
693.29,4,693.29,RUNNING,0
693.36,4,693.36,RUNNING,0
693.42,3,693.42,RUNNING,0
693.49,4,693.49,RUNNING,0
693.56,4,693.56,RUNNING,0
693.62,3,693.62,RUNNING,0
693.69,4,693.69,RUNNING,0
693.76,4,693.76,RUNNING,0
693.83,3,693.83,RUNNING,0
693.9,4,693.9,RUNNING,0
693.96,4,693.96,RUNNING,0
694.03,3,694.03,RUNNING,0
694.1,4,694.1,RUNNING,0
694.17,4,694.17,RUNNING,0
694.24,3,694.24,RUNNING,0
694.31,4,694.31,RUNNING,0
694.38,4,694.38,RUNNING,0
694.45,3,694.45,RUNNING,0
694.51,4,694.51,RUNNING,0
694.58,4,694.58,RUNNING,0
694.65,3,694.65,RUNNING,0
694.72,4,694.72,RUNNING,0
694.79,4,694.79,RUNNING,0
694.86,3,694.86,RUNNING,0
694.93,4,694.93,RUNNING,0
695.0,4,695.0,RUNNING,0
695.07,3,695.07,RUNNING,0
695.13,4,695.13,RUNNING,0
695.2,4,695.2,RUNNING,0
695.27,3,695.27,RUNNING,0
695.33,4,695.33,RUNNING,0
695.4,4,695.4,RUNNING,0
695.48,3,695.48,RUNNING,0
695.55,4,695.55,RUNNING,0
695.61,3,695.61,RUNNING,0
695.68,3,695.68,RUNNING,0
695.75,4,695.75,RUNNING,0
695.82,3,695.82,RUNNING,0
695.89,3,695.89,RUNNING,0
695.95,4,695.95,RUNNING,0
696.02,3,696.02,RUNNING,0
696.09,3,696.09,RUNNING,0
696.15,4,696.15,RUNNING,0
696.22,3,696.22,RUNNING,0
696.29,3,696.29,RUNNING,0
696.36,4,696.36,RUNNING,0
696.42,3,696.42,RUNNING,0
696.5,3,696.5,RUNNING,0
696.57,4,696.57,RUNNING,0
696.64,3,696.64,RUNNING,0
696.71,3,696.71,RUNNING,0
696.78,4,696.78,RUNNING,0
696.85,3,696.85,RUNNING,0
696.91,3,696.91,RUNNING,0
696.98,4,696.98,RUNNING,0
697.05,3,697.05,RUNNING,0
697.12,3,697.12,RUNNING,0
697.19,4,697.19,RUNNING,0
697.26,3,697.26,RUNNING,0
697.32,3,697.32,RUNNING,0
697.39,4,697.39,RUNNING,0
697.46,3,697.46,RUNNING,0
697.52,3,697.52,RUNNING,0
697.59,4,697.59,RUNNING,0
697.66,3,697.66,RUNNING,0
697.72,3,697.72,RUNNING,0
697.79,4,697.79,RUNNING,0
697.85,3,697.85,RUNNING,0
697.92,3,697.92,RUNNING,0
697.99,4,697.99,RUNNING,0
698.05,3,698.05,RUNNING,0
698.12,3,698.12,RUNNING,0
698.19,4,698.19,RUNNING,0
698.25,3,698.25,RUNNING,0
698.32,3,698.32,RUNNING,0
698.38,4,698.38,RUNNING,0
698.45,3,698.45,RUNNING,0
698.52,3,698.52,RUNNING,0
698.59,4,698.59,RUNNING,0
698.66,3,698.66,RUNNING,0
698.72,3,698.72,RUNNING,0
698.79,4,698.79,RUNNING,0
698.86,3,698.86,RUNNING,0
698.93,3,698.93,RUNNING,0
699.0,4,699.0,RUNNING,0
699.07,3,699.07,RUNNING,0
699.14,3,699.14,RUNNING,0
699.22,4,699.22,RUNNING,0
699.28,3,699.28,RUNNING,0
699.35,3,699.35,RUNNING,0
699.42,4,699.42,RUNNING,0
699.49,3,699.49,RUNNING,0
699.56,3,699.56,RUNNING,0
699.62,4,699.62,RUNNING,0
699.69,3,699.69,RUNNING,0
699.76,3,699.76,RUNNING,0
699.83,4,699.83,RUNNING,0
699.9,3,699.9,RUNNING,0
699.97,3,699.97,RUNNING,0
700.03,4,700.03,RUNNING,0
700.1,3,700.1,RUNNING,0
700.17,3,700.17,RUNNING,0
700.23,4,700.23,RUNNING,0
700.3,3,700.3,RUNNING,0
700.37,3,700.37,RUNNING,0
700.43,4,700.43,RUNNING,0
700.5,3,700.5,RUNNING,0
700.57,3,700.57,RUNNING,0
700.64,4,700.64,RUNNING,0
700.71,3,700.71,RUNNING,0
700.78,3,700.78,RUNNING,0
700.85,4,700.85,RUNNING,0
700.91,3,700.91,RUNNING,0
700.98,4,700.98,RUNNING,0
701.05,4,701.05,RUNNING,0
701.12,3,701.12,RUNNING,0
701.18,4,701.18,RUNNING,0
701.25,4,701.25,RUNNING,0
701.32,3,701.32,RUNNING,0
701.38,4,701.38,RUNNING,0
701.45,4,701.45,RUNNING,0
701.52,3,701.52,RUNNING,0
701.59,4,701.59,RUNNING,0
701.66,4,701.66,RUNNING,0
701.73,3,701.73,RUNNING,0
701.8,4,701.8,RUNNING,0
701.86,4,701.86,RUNNING,0
701.93,3,701.93,RUNNING,0
702.0,4,702.0,RUNNING,0
702.07,4,702.07,RUNNING,0
702.14,3,702.14,RUNNING,0
702.2,4,702.2,RUNNING,0
702.27,4,702.27,RUNNING,0
702.34,3,702.34,RUNNING,0
702.4,4,702.4,RUNNING,0
702.47,4,702.47,RUNNING,0
702.54,3,702.54,RUNNING,0
702.61,4,702.61,RUNNING,0
702.68,4,702.68,RUNNING,0
702.75,3,702.75,RUNNING,0
702.81,4,702.81,RUNNING,0
702.88,4,702.88,RUNNING,0
702.95,3,702.95,RUNNING,0
703.02,4,703.02,RUNNING,0
703.09,4,703.09,RUNNING,0
703.16,3,703.16,RUNNING,0
703.22,4,703.22,RUNNING,0
703.29,4,703.29,RUNNING,0
703.36,3,703.36,RUNNING,0
703.42,4,703.42,RUNNING,0
703.49,4,703.49,RUNNING,0
703.56,3,703.56,RUNNING,0
703.63,4,703.63,RUNNING,0
703.7,4,703.7,RUNNING,0
703.77,3,703.77,RUNNING,0
703.84,4,703.84,RUNNING,0
703.9,4,703.9,RUNNING,0
703.97,3,703.97,RUNNING,0
704.04,4,704.04,RUNNING,0
704.11,4,704.11,RUNNING,0
704.18,3,704.18,RUNNING,0
704.25,4,704.25,RUNNING,0
704.31,4,704.31,RUNNING,0
704.38,3,704.38,RUNNING,0
704.44,4,704.44,RUNNING,0
704.51,4,704.51,RUNNING,0
704.58,3,704.58,RUNNING,0
704.64,4,704.64,RUNNING,0
704.71,4,704.71,RUNNING,0
704.77,3,704.77,RUNNING,0
704.84,4,704.84,RUNNING,0
704.91,4,704.91,RUNNING,0
704.98,3,704.98,RUNNING,0
705.05,4,705.05,RUNNING,0
705.12,4,705.12,RUNNING,0
705.19,3,705.19,RUNNING,0
705.25,4,705.25,RUNNING,0
705.32,4,705.32,RUNNING,0
705.39,3,705.39,RUNNING,0
705.45,4,705.45,RUNNING,0
705.52,4,705.52,RUNNING,0
705.59,3,705.59,RUNNING,0
705.65,4,705.65,RUNNING,0
705.72,4,705.72,RUNNING,0
705.78,3,705.78,RUNNING,0
705.85,4,705.85,RUNNING,0
705.92,4,705.92,RUNNING,0
705.99,3,705.99,RUNNING,0
706.06,4,706.06,RUNNING,0
706.13,4,706.13,RUNNING,0
706.19,3,706.19,RUNNING,0
706.26,4,706.26,RUNNING,0
706.33,4,706.33,RUNNING,0
706.4,3,706.4,RUNNING,0
706.46,4,706.46,RUNNING,0
706.53,4,706.53,RUNNING,0
706.6,3,706.6,RUNNING,0
706.66,4,706.66,RUNNING,0
706.73,4,706.73,RUNNING,0
706.8,3,706.8,RUNNING,0
706.86,4,706.86,RUNNING,0
706.93,4,706.93,RUNNING,0
707.0,3,707.0,RUNNING,0
707.07,4,707.07,RUNNING,0
707.14,4,707.14,RUNNING,0
707.21,3,707.21,RUNNING,0
707.28,4,707.28,RUNNING,0
707.35,4,707.35,RUNNING,0
707.41,3,707.41,RUNNING,0
707.48,4,707.48,RUNNING,0
707.55,4,707.55,RUNNING,0
707.62,3,707.62,RUNNING,0
707.68,4,707.68,RUNNING,0
707.75,4,707.75,RUNNING,0
707.82,3,707.82,RUNNING,0
707.88,4,707.88,RUNNING,0
707.95,4,707.95,RUNNING,0
708.02,3,708.02,RUNNING,0
708.09,4,708.09,RUNNING,0
708.16,4,708.16,RUNNING,0
708.23,3,708.23,RUNNING,0
708.3,4,708.3,RUNNING,0
708.36,4,708.36,RUNNING,0
708.43,3,708.43,RUNNING,0
708.5,4,708.5,RUNNING,0
708.57,4,708.57,RUNNING,0
708.63,3,708.63,RUNNING,0
708.7,4,708.7,RUNNING,0
708.77,4,708.77,RUNNING,0
708.84,3,708.84,RUNNING,0
708.9,4,708.9,RUNNING,0
708.97,3,708.97,RUNNING,0
709.04,3,709.04,RUNNING,0
709.11,4,709.11,RUNNING,0
709.18,3,709.18,RUNNING,0
709.25,3,709.25,RUNNING,0
709.32,4,709.32,RUNNING,0
709.39,3,709.39,RUNNING,0
709.46,3,709.46,RUNNING,0
709.52,4,709.52,RUNNING,0
709.59,3,709.59,RUNNING,0
709.66,3,709.66,RUNNING,0
709.73,4,709.73,RUNNING,0
709.8,3,709.8,RUNNING,0
709.87,3,709.87,RUNNING,0
709.93,4,709.93,RUNNING,0
710.01,3,710.01,RUNNING,0
710.08,3,710.08,RUNNING,0
710.15,4,710.15,RUNNING,0
710.21,3,710.21,RUNNING,0
710.28,3,710.28,RUNNING,0
710.35,4,710.35,RUNNING,0
710.42,3,710.42,RUNNING,0
710.48,3,710.48,RUNNING,0
710.55,4,710.55,RUNNING,0
710.62,3,710.62,RUNNING,0
710.68,3,710.68,RUNNING,0
710.75,4,710.75,RUNNING,0
710.82,3,710.82,RUNNING,0
710.88,3,710.88,RUNNING,0
710.95,4,710.95,RUNNING,0
711.02,3,711.02,RUNNING,0
711.09,3,711.09,RUNNING,0
711.16,4,711.16,RUNNING,0
711.23,3,711.23,RUNNING,0
711.3,3,711.3,RUNNING,0
711.37,4,711.37,RUNNING,0
711.43,3,711.43,RUNNING,0
711.5,3,711.5,RUNNING,0
711.57,4,711.57,RUNNING,0
711.63,3,711.63,RUNNING,0
711.7,3,711.7,RUNNING,0
711.76,4,711.76,RUNNING,0
711.83,3,711.83,RUNNING,0
711.9,3,711.9,RUNNING,0
711.97,4,711.97,RUNNING,0
712.04,3,712.04,RUNNING,0
712.1,3,712.1,RUNNING,0
712.17,4,712.17,RUNNING,0
712.24,3,712.24,RUNNING,0
712.31,3,712.31,RUNNING,0
712.38,4,712.38,RUNNING,0
712.44,3,712.44,RUNNING,0
712.51,3,712.51,RUNNING,0
712.58,4,712.58,RUNNING,0
712.64,3,712.64,RUNNING,0
712.71,3,712.71,RUNNING,0
712.78,4,712.78,RUNNING,0
712.85,3,712.85,RUNNING,0
712.92,3,712.92,RUNNING,0
712.98,4,712.98,RUNNING,0
713.05,3,713.05,RUNNING,0
713.12,3,713.12,RUNNING,0
713.19,4,713.19,RUNNING,0
713.25,3,713.25,RUNNING,0
713.32,3,713.32,RUNNING,0
713.39,4,713.39,RUNNING,0
713.46,3,713.46,RUNNING,0
713.52,3,713.52,RUNNING,0
713.59,4,713.59,RUNNING,0
713.66,3,713.66,RUNNING,0
713.72,3,713.72,RUNNING,0
713.79,4,713.79,RUNNING,0
713.86,3,713.86,RUNNING,0
713.93,3,713.93,RUNNING,0
714.0,4,714.0,RUNNING,0
714.07,3,714.07,RUNNING,0
714.14,3,714.14,RUNNING,0
714.21,4,714.21,RUNNING,0
714.28,3,714.28,RUNNING,0
714.35,3,714.35,RUNNING,0
714.42,4,714.42,RUNNING,0
714.48,3,714.48,RUNNING,0
714.55,3,714.55,RUNNING,0
714.62,4,714.62,RUNNING,0
714.69,3,714.69,RUNNING,0
714.76,4,714.76,RUNNING,0
714.83,4,714.83,RUNNING,0
714.89,3,714.89,RUNNING,0
714.96,4,714.96,RUNNING,0
715.03,4,715.03,RUNNING,0
715.09,3,715.09,RUNNING,0
715.16,3,715.16,RUNNING,0
715.23,4,715.23,RUNNING,0
715.3,3,715.3,RUNNING,0
715.36,3,715.36,RUNNING,0
715.43,4,715.43,RUNNING,0
715.5,3,715.5,RUNNING,0
715.57,3,715.57,RUNNING,0
715.64,4,715.64,RUNNING,0
715.71,3,715.71,RUNNING,0
715.78,4,715.78,RUNNING,0
715.84,4,715.84,RUNNING,0
715.91,3,715.91,RUNNING,0
715.98,4,715.98,RUNNING,0
716.05,4,716.05,RUNNING,0
716.12,3,716.12,RUNNING,0
716.18,4,716.18,RUNNING,0
716.25,4,716.25,RUNNING,0
716.32,3,716.32,RUNNING,0
716.39,4,716.39,RUNNING,0
716.46,4,716.46,RUNNING,0
716.53,3,716.53,RUNNING,0
716.61,4,716.61,RUNNING,0
716.68,4,716.68,RUNNING,0
716.74,3,716.74,RUNNING,0
716.81,4,716.81,RUNNING,0
716.88,4,716.88,RUNNING,0
716.94,3,716.94,RUNNING,0
717.01,4,717.01,RUNNING,0
717.07,4,717.07,RUNNING,0
717.14,3,717.14,RUNNING,0
717.21,4,717.21,RUNNING,0
717.27,4,717.27,RUNNING,0
717.34,3,717.34,RUNNING,0
717.41,4,717.41,RUNNING,0
717.48,4,717.48,RUNNING,0
717.54,3,717.54,RUNNING,0
717.61,4,717.61,RUNNING,0
717.68,4,717.68,RUNNING,0
717.75,3,717.75,RUNNING,0
717.81,4,717.81,RUNNING,0
717.88,4,717.88,RUNNING,0
717.95,3,717.95,RUNNING,0
718.02,4,718.02,RUNNING,0
718.09,4,718.09,RUNNING,0
718.16,3,718.16,RUNNING,0
718.23,4,718.23,RUNNING,0
718.3,4,718.3,RUNNING,0
718.36,3,718.36,RUNNING,0
718.43,4,718.43,RUNNING,0
718.5,3,718.5,RUNNING,0
718.57,3,718.57,RUNNING,0
718.64,4,718.64,RUNNING,0
718.7,3,718.7,RUNNING,0
718.77,3,718.77,RUNNING,0
718.84,4,718.84,RUNNING,0
718.9,3,718.9,RUNNING,0
718.97,3,718.97,RUNNING,0
719.04,4,719.04,RUNNING,0
719.11,3,719.11,RUNNING,0
719.18,3,719.18,RUNNING,0
719.24,4,719.24,RUNNING,0
719.31,3,719.31,RUNNING,0
719.38,3,719.38,RUNNING,0
719.44,4,719.44,RUNNING,0
719.51,3,719.51,RUNNING,0
719.58,3,719.58,RUNNING,0
719.65,4,719.65,RUNNING,0
719.71,4,719.71,RUNNING,0
719.78,3,719.78,RUNNING,0
719.85,4,719.85,RUNNING,0
719.92,4,719.92,RUNNING,0
719.98,3,719.98,RUNNING,0
720.05,4,720.05,RUNNING,0
720.12,4,720.12,RUNNING,0
720.18,3,720.18,RUNNING,0
720.25,4,720.25,RUNNING,0
720.32,4,720.32,RUNNING,0
720.39,3,720.39,RUNNING,0
720.46,4,720.46,RUNNING,0
720.53,4,720.53,RUNNING,0
720.59,3,720.59,RUNNING,0
720.66,4,720.66,RUNNING,0
720.73,4,720.73,RUNNING,0
720.8,3,720.8,RUNNING,0
720.86,4,720.86,RUNNING,0
720.93,4,720.93,RUNNING,0
720.99,3,720.99,RUNNING,0
721.06,4,721.06,RUNNING,0
721.13,4,721.13,RUNNING,0
721.2,3,721.2,RUNNING,0
721.26,4,721.26,RUNNING,0
721.33,4,721.33,RUNNING,0
721.4,3,721.4,RUNNING,0
721.47,4,721.47,RUNNING,0
721.54,4,721.54,RUNNING,0
721.61,3,721.61,RUNNING,0
721.67,4,721.67,RUNNING,0
721.74,4,721.74,RUNNING,0
721.81,3,721.81,RUNNING,0
721.87,4,721.87,RUNNING,0
721.94,4,721.94,RUNNING,0
722.01,3,722.01,RUNNING,0
722.07,4,722.07,RUNNING,0
722.14,4,722.14,RUNNING,0
722.21,3,722.21,RUNNING,0
722.28,4,722.28,RUNNING,0
722.34,4,722.34,RUNNING,0
722.41,3,722.41,RUNNING,0
722.48,4,722.48,RUNNING,0
722.55,4,722.55,RUNNING,0
722.62,3,722.62,RUNNING,0
722.69,4,722.69,RUNNING,0
722.76,4,722.76,RUNNING,0
722.82,3,722.82,RUNNING,0
722.89,4,722.89,RUNNING,0
722.95,4,722.95,RUNNING,0
723.02,3,723.02,RUNNING,0
723.09,4,723.09,RUNNING,0
723.16,4,723.16,RUNNING,0
723.23,3,723.23,RUNNING,0
723.3,4,723.3,RUNNING,0
723.37,3,723.37,RUNNING,0
723.44,3,723.44,RUNNING,0
723.5,4,723.5,RUNNING,0
723.57,3,723.57,RUNNING,0
723.64,3,723.64,RUNNING,0
723.71,4,723.71,RUNNING,0
723.78,3,723.78,RUNNING,0
723.84,3,723.84,RUNNING,0
723.91,4,723.91,RUNNING,0
723.97,4,723.97,RUNNING,0
724.04,3,724.04,RUNNING,0
724.11,4,724.11,RUNNING,0
724.17,4,724.17,RUNNING,0
724.24,3,724.24,RUNNING,0
724.31,4,724.31,RUNNING,0
724.38,4,724.38,RUNNING,0
724.45,3,724.45,RUNNING,0
724.51,4,724.51,RUNNING,0
724.58,4,724.58,RUNNING,0
724.66,3,724.66,RUNNING,0
724.72,4,724.72,RUNNING,0
724.79,4,724.79,RUNNING,0
724.86,3,724.86,RUNNING,0
724.92,4,724.92,RUNNING,0
724.99,4,724.99,RUNNING,0
725.06,3,725.06,RUNNING,0
725.12,4,725.12,RUNNING,0
725.19,4,725.19,RUNNING,0
725.26,3,725.26,RUNNING,0
725.32,4,725.32,RUNNING,0
725.39,4,725.39,RUNNING,0
725.46,3,725.46,RUNNING,0
725.53,4,725.53,RUNNING,0
725.6,4,725.6,RUNNING,0
725.67,3,725.67,RUNNING,0
725.73,4,725.73,RUNNING,0
725.8,4,725.8,RUNNING,0
725.87,3,725.87,RUNNING,0
725.93,4,725.93,RUNNING,0
726.0,4,726.0,RUNNING,0
726.06,3,726.06,RUNNING,0
726.13,4,726.13,RUNNING,0
726.2,4,726.2,RUNNING,0
726.27,3,726.27,RUNNING,0
726.34,4,726.34,RUNNING,0
726.41,4,726.41,RUNNING,0
726.47,3,726.47,RUNNING,0
726.54,4,726.54,RUNNING,0
726.61,4,726.61,RUNNING,0
726.68,3,726.68,RUNNING,0
726.75,4,726.75,RUNNING,0
726.81,4,726.81,RUNNING,0
726.88,3,726.88,RUNNING,0
726.95,4,726.95,RUNNING,0
727.01,4,727.01,RUNNING,0
727.08,3,727.08,RUNNING,0
727.14,4,727.14,RUNNING,0
727.21,4,727.21,RUNNING,0
727.28,3,727.28,RUNNING,0
727.35,4,727.35,RUNNING,0
727.42,4,727.42,RUNNING,0
727.49,3,727.49,RUNNING,0
727.56,4,727.56,RUNNING,0
727.62,4,727.62,RUNNING,0
727.7,3,727.7,RUNNING,0
727.77,4,727.77,RUNNING,0
727.83,4,727.83,RUNNING,0
727.9,3,727.9,RUNNING,0
727.97,4,727.97,RUNNING,0
728.04,3,728.04,RUNNING,0
728.11,3,728.11,RUNNING,0
728.17,4,728.17,RUNNING,0
728.24,4,728.24,RUNNING,0
728.31,3,728.31,RUNNING,0
728.37,4,728.37,RUNNING,0
728.44,4,728.44,RUNNING,0
728.51,3,728.51,RUNNING,0
728.58,4,728.58,RUNNING,0
728.64,4,728.64,RUNNING,0
728.72,3,728.72,RUNNING,0
728.79,4,728.79,RUNNING,0
728.86,4,728.86,RUNNING,0
728.92,3,728.92,RUNNING,0
728.99,4,728.99,RUNNING,0
729.06,3,729.06,RUNNING,0
729.13,3,729.13,RUNNING,0
729.2,4,729.2,RUNNING,0
729.27,3,729.27,RUNNING,0
729.33,3,729.33,RUNNING,0
729.4,4,729.4,RUNNING,0
729.47,3,729.47,RUNNING,0
729.53,3,729.53,RUNNING,0
729.6,4,729.6,RUNNING,0
729.67,3,729.67,RUNNING,0
729.74,3,729.74,RUNNING,0
729.81,4,729.81,RUNNING,0
729.88,3,729.88,RUNNING,0
729.95,3,729.95,RUNNING,0
730.02,4,730.02,RUNNING,0
730.09,3,730.09,RUNNING,0
730.16,3,730.16,RUNNING,0
730.23,4,730.23,RUNNING,0
730.29,3,730.29,RUNNING,0
730.36,3,730.36,RUNNING,0
730.43,4,730.43,RUNNING,0
730.5,3,730.5,RUNNING,0
730.56,3,730.56,RUNNING,0
730.63,4,730.63,RUNNING,0
730.7,3,730.7,RUNNING,0
730.76,3,730.76,RUNNING,0
730.83,4,730.83,RUNNING,0
730.9,3,730.9,RUNNING,0
730.97,3,730.97,RUNNING,0
731.04,4,731.04,RUNNING,0
731.1,3,731.1,RUNNING,0
731.17,3,731.17,RUNNING,0
731.25,4,731.25,RUNNING,0
731.31,3,731.31,RUNNING,0
731.38,3,731.38,RUNNING,0
731.45,4,731.45,RUNNING,0
731.51,3,731.51,RUNNING,0
731.58,3,731.58,RUNNING,0
731.64,4,731.64,RUNNING,0
731.71,3,731.71,RUNNING,0
731.78,3,731.78,RUNNING,0
731.85,4,731.85,RUNNING,0
731.91,3,731.91,RUNNING,0
731.98,3,731.98,RUNNING,0
732.05,4,732.05,RUNNING,0
732.12,3,732.12,RUNNING,0
732.19,3,732.19,RUNNING,0
732.26,4,732.26,RUNNING,0
732.33,3,732.33,RUNNING,0
732.39,3,732.39,RUNNING,0
732.46,4,732.46,RUNNING,0
732.53,3,732.53,RUNNING,0
732.6,3,732.6,RUNNING,0
732.67,4,732.67,RUNNING,0
732.74,3,732.74,RUNNING,0
732.8,3,732.8,RUNNING,0
732.87,4,732.87,RUNNING,0
732.93,3,732.93,RUNNING,0
733.0,3,733.0,RUNNING,0
733.07,4,733.07,RUNNING,0
733.13,3,733.13,RUNNING,0
733.2,3,733.2,RUNNING,0
733.27,4,733.27,RUNNING,0
733.34,3,733.34,RUNNING,0
733.4,3,733.4,RUNNING,0
733.47,4,733.47,RUNNING,0
733.54,3,733.54,RUNNING,0
733.61,3,733.61,RUNNING,0
733.68,4,733.68,RUNNING,0
733.74,3,733.74,RUNNING,0
733.81,3,733.81,RUNNING,0
733.87,4,733.87,RUNNING,0
733.94,3,733.94,RUNNING,0
734.01,3,734.01,RUNNING,0
734.07,4,734.07,RUNNING,0
734.14,3,734.14,RUNNING,0
734.21,3,734.21,RUNNING,0
734.28,4,734.28,RUNNING,0
734.35,3,734.35,RUNNING,0
734.42,3,734.42,RUNNING,0
734.48,4,734.48,RUNNING,0
734.55,3,734.55,RUNNING,0
734.62,3,734.62,RUNNING,0
734.69,4,734.69,RUNNING,0
734.75,3,734.75,RUNNING,0
734.82,3,734.82,RUNNING,0
734.88,4,734.88,RUNNING,0
734.95,3,734.95,RUNNING,0
735.02,3,735.02,RUNNING,0
735.08,4,735.08,RUNNING,0
735.15,3,735.15,RUNNING,0
735.22,3,735.22,RUNNING,0
735.29,4,735.29,RUNNING,0
735.35,3,735.35,RUNNING,0
735.42,3,735.42,RUNNING,0
735.49,4,735.49,RUNNING,0
735.56,3,735.56,RUNNING,0
735.63,3,735.63,RUNNING,0
735.69,4,735.69,RUNNING,0
735.76,3,735.76,RUNNING,0
735.83,3,735.83,RUNNING,0
735.89,4,735.89,RUNNING,0
735.96,3,735.96,RUNNING,0
736.03,3,736.03,RUNNING,0
736.09,4,736.09,RUNNING,0
736.16,3,736.16,RUNNING,0
736.23,3,736.23,RUNNING,0
736.3,4,736.3,RUNNING,0
736.37,3,736.37,RUNNING,0
736.43,3,736.43,RUNNING,0
736.5,4,736.5,RUNNING,0
736.57,3,736.57,RUNNING,0
736.64,3,736.64,RUNNING,0
736.71,4,736.71,RUNNING,0
736.78,3,736.78,RUNNING,0
736.85,3,736.85,RUNNING,0
736.92,4,736.92,RUNNING,0
736.99,3,736.99,RUNNING,0
737.06,3,737.06,RUNNING,0
737.13,4,737.13,RUNNING,0
737.19,3,737.19,RUNNING,0
737.26,3,737.26,RUNNING,0
737.33,4,737.33,RUNNING,0
737.4,3,737.4,RUNNING,0
737.47,3,737.47,RUNNING,0
737.53,4,737.53,RUNNING,0
737.6,3,737.6,RUNNING,0
737.67,3,737.67,RUNNING,0
737.73,4,737.73,RUNNING,0
737.8,3,737.8,RUNNING,0
737.87,3,737.87,RUNNING,0
737.94,4,737.94,RUNNING,0
738.01,3,738.01,RUNNING,0
738.08,4,738.08,RUNNING,0
738.15,4,738.15,RUNNING,0
738.21,3,738.21,RUNNING,0
738.28,4,738.28,RUNNING,0
738.35,4,738.35,RUNNING,0
738.41,3,738.41,RUNNING,0
738.48,4,738.48,RUNNING,0
738.55,4,738.55,RUNNING,0
738.61,3,738.61,RUNNING,0
738.68,4,738.68,RUNNING,0
738.75,4,738.75,RUNNING,0
738.81,3,738.81,RUNNING,0
738.88,3,738.88,RUNNING,0
738.94,4,738.94,RUNNING,0
739.01,3,739.01,RUNNING,0
739.08,3,739.08,RUNNING,0
739.15,4,739.15,RUNNING,0
739.22,3,739.22,RUNNING,0
739.29,3,739.29,RUNNING,0
739.36,4,739.36,RUNNING,0
739.43,3,739.43,RUNNING,0
739.49,4,739.49,RUNNING,0
739.56,4,739.56,RUNNING,0
739.63,3,739.63,RUNNING,0
739.69,4,739.69,RUNNING,0
739.76,4,739.76,RUNNING,0
739.83,3,739.83,RUNNING,0
739.89,3,739.89,RUNNING,0
739.96,4,739.96,RUNNING,0
740.03,3,740.03,RUNNING,0
740.1,3,740.1,RUNNING,0
740.17,4,740.17,RUNNING,0
740.23,3,740.23,RUNNING,0
740.31,4,740.31,RUNNING,0
740.38,4,740.38,RUNNING,0
740.45,3,740.45,RUNNING,0
740.51,4,740.51,RUNNING,0
740.58,4,740.58,RUNNING,0
740.65,3,740.65,RUNNING,0
740.71,4,740.71,RUNNING,0
740.78,4,740.78,RUNNING,0
740.84,3,740.84,RUNNING,0
740.91,3,740.91,RUNNING,0
740.98,4,740.98,RUNNING,0
741.04,3,741.04,RUNNING,0
741.11,3,741.11,RUNNING,0
741.18,4,741.18,RUNNING,0
741.24,3,741.24,RUNNING,0
741.31,3,741.31,RUNNING,0
741.37,4,741.37,RUNNING,0
741.44,3,741.44,RUNNING,0
741.51,3,741.51,RUNNING,0
741.58,4,741.58,RUNNING,0
741.65,3,741.65,RUNNING,0
741.71,3,741.71,RUNNING,0
741.78,4,741.78,RUNNING,0
741.85,3,741.85,RUNNING,0
741.92,3,741.92,RUNNING,0
741.99,4,741.99,RUNNING,0
742.06,3,742.06,RUNNING,0
742.12,3,742.12,RUNNING,0
742.19,4,742.19,RUNNING,0
742.25,3,742.25,RUNNING,0
742.32,3,742.32,RUNNING,0
742.39,4,742.39,RUNNING,0
742.46,3,742.46,RUNNING,0
742.53,3,742.53,RUNNING,0
742.6,4,742.6,RUNNING,0
742.67,3,742.67,RUNNING,0
742.73,3,742.73,RUNNING,0
742.8,4,742.8,RUNNING,0
742.87,3,742.87,RUNNING,0
742.94,3,742.94,RUNNING,0
743.0,4,743.0,RUNNING,0
743.07,3,743.07,RUNNING,0
743.13,3,743.13,RUNNING,0
743.2,4,743.2,RUNNING,0
743.27,3,743.27,RUNNING,0
743.34,3,743.34,RUNNING,0
743.4,4,743.4,RUNNING,0
743.48,3,743.48,RUNNING,0
743.55,3,743.55,RUNNING,0
743.61,4,743.61,RUNNING,0
743.68,3,743.68,RUNNING,0
743.75,4,743.75,RUNNING,0
743.82,4,743.82,RUNNING,0
743.89,3,743.89,RUNNING,0
743.96,4,743.96,RUNNING,0
744.02,4,744.02,RUNNING,0
744.09,3,744.09,RUNNING,0
744.16,4,744.16,RUNNING,0
744.22,4,744.22,RUNNING,0
744.29,3,744.29,RUNNING,0
744.36,4,744.36,RUNNING,0
744.43,4,744.43,RUNNING,0
744.5,3,744.5,RUNNING,0
744.57,4,744.57,RUNNING,0
744.64,4,744.64,RUNNING,0
744.71,3,744.71,RUNNING,0
744.78,4,744.78,RUNNING,0
744.85,4,744.85,RUNNING,0
744.92,3,744.92,RUNNING,0
744.99,4,744.99,RUNNING,0
745.05,4,745.05,RUNNING,0
745.12,3,745.12,RUNNING,0
745.19,4,745.19,RUNNING,0
745.26,4,745.26,RUNNING,0
745.32,3,745.32,RUNNING,0
745.39,4,745.39,RUNNING,0
745.45,4,745.45,RUNNING,0
745.52,3,745.52,RUNNING,0
745.59,4,745.59,RUNNING,0
745.65,4,745.65,RUNNING,0
745.72,3,745.72,RUNNING,0
745.79,4,745.79,RUNNING,0
745.85,4,745.85,RUNNING,0
745.92,3,745.92,RUNNING,0
745.99,4,745.99,RUNNING,0
746.06,4,746.06,RUNNING,0
746.12,3,746.12,RUNNING,0
746.19,4,746.19,RUNNING,0
746.26,4,746.26,RUNNING,0
746.33,3,746.33,RUNNING,0
746.4,4,746.4,RUNNING,0
746.46,4,746.46,RUNNING,0
746.53,3,746.53,RUNNING,0
746.6,4,746.6,RUNNING,0
746.66,4,746.66,RUNNING,0
746.73,3,746.73,RUNNING,0
746.79,4,746.79,RUNNING,0
746.86,4,746.86,RUNNING,0
746.93,3,746.93,RUNNING,0
746.99,4,746.99,RUNNING,0
747.06,4,747.06,RUNNING,0
747.13,3,747.13,RUNNING,0
747.2,4,747.2,RUNNING,0
747.27,4,747.27,RUNNING,0
747.34,3,747.34,RUNNING,0
747.41,4,747.41,RUNNING,0
747.47,4,747.47,RUNNING,0
747.54,3,747.54,RUNNING,0
747.61,4,747.61,RUNNING,0
747.67,4,747.67,RUNNING,0
747.74,3,747.74,RUNNING,0
747.8,4,747.8,RUNNING,0
747.87,4,747.87,RUNNING,0
747.94,3,747.94,RUNNING,0
748.0,4,748.0,RUNNING,0
748.07,4,748.07,RUNNING,0
748.14,3,748.14,RUNNING,0
748.21,4,748.21,RUNNING,0
748.27,4,748.27,RUNNING,0
748.34,3,748.34,RUNNING,0
748.41,4,748.41,RUNNING,0
748.48,4,748.48,RUNNING,0
748.55,3,748.55,RUNNING,0
748.62,4,748.62,RUNNING,0
748.68,4,748.68,RUNNING,0
748.75,3,748.75,RUNNING,0
748.82,4,748.82,RUNNING,0
748.89,4,748.89,RUNNING,0
748.96,3,748.96,RUNNING,0
749.03,4,749.03,RUNNING,0
749.1,4,749.1,RUNNING,0
749.17,3,749.17,RUNNING,0
749.24,4,749.24,RUNNING,0
749.31,4,749.31,RUNNING,0
749.38,3,749.38,RUNNING,0
749.44,4,749.44,RUNNING,0
749.51,4,749.51,RUNNING,0
749.58,3,749.58,RUNNING,0
749.64,4,749.64,RUNNING,0
749.71,4,749.71,RUNNING,0
749.78,3,749.78,RUNNING,0
749.85,4,749.85,RUNNING,0
749.91,4,749.91,RUNNING,0
749.98,3,749.98,RUNNING,0
750.05,4,750.05,RUNNING,0
750.12,4,750.12,RUNNING,0
750.19,3,750.19,RUNNING,0
750.25,4,750.25,RUNNING,0
750.32,4,750.32,RUNNING,0
750.39,3,750.39,RUNNING,0
750.46,4,750.46,RUNNING,0
750.53,4,750.53,RUNNING,0
750.59,3,750.59,RUNNING,0
750.66,4,750.66,RUNNING,0
750.73,4,750.73,RUNNING,0
750.8,3,750.8,RUNNING,0
750.87,4,750.87,RUNNING,0
750.94,4,750.94,RUNNING,0
751.0,3,751.0,RUNNING,0
751.07,4,751.07,RUNNING,0
751.14,4,751.14,RUNNING,0
751.2,3,751.2,RUNNING,0
751.27,4,751.27,RUNNING,0
751.34,4,751.34,RUNNING,0
751.41,3,751.41,RUNNING,0
751.48,4,751.48,RUNNING,0
751.55,3,751.55,RUNNING,0
751.63,3,751.63,RUNNING,0
751.7,4,751.7,RUNNING,0
751.76,3,751.76,RUNNING,0
751.83,3,751.83,RUNNING,0
751.9,4,751.9,RUNNING,0
751.96,3,751.96,RUNNING,0
752.03,3,752.03,RUNNING,0
752.1,4,752.1,RUNNING,0
752.16,3,752.16,RUNNING,0
752.23,3,752.23,RUNNING,0
752.29,4,752.29,RUNNING,0
752.36,3,752.36,RUNNING,0
752.43,3,752.43,RUNNING,0
752.5,4,752.5,RUNNING,0
752.57,3,752.57,RUNNING,0
752.64,3,752.64,RUNNING,0
752.71,4,752.71,RUNNING,0
752.78,3,752.78,RUNNING,0
752.84,3,752.84,RUNNING,0
752.91,4,752.91,RUNNING,0
752.98,3,752.98,RUNNING,0
753.05,3,753.05,RUNNING,0
753.12,4,753.12,RUNNING,0
753.18,3,753.18,RUNNING,0
753.25,3,753.25,RUNNING,0
753.31,4,753.31,RUNNING,0
753.38,3,753.38,RUNNING,0
753.45,3,753.45,RUNNING,0
753.51,4,753.51,RUNNING,0
753.58,3,753.58,RUNNING,0
753.65,3,753.65,RUNNING,0
753.71,4,753.71,RUNNING,0
753.79,3,753.79,RUNNING,0
753.85,3,753.85,RUNNING,0
753.92,4,753.92,RUNNING,0
753.99,3,753.99,RUNNING,0
754.06,3,754.06,RUNNING,0
754.13,4,754.13,RUNNING,0
754.2,3,754.2,RUNNING,0
754.27,3,754.27,RUNNING,0
754.34,4,754.34,RUNNING,0
754.41,3,754.41,RUNNING,0
754.47,3,754.47,RUNNING,0
754.54,4,754.54,RUNNING,0
754.61,3,754.61,RUNNING,0
754.68,3,754.68,RUNNING,0
754.75,4,754.75,RUNNING,0
754.82,3,754.82,RUNNING,0
754.88,3,754.88,RUNNING,0
754.95,4,754.95,RUNNING,0
755.02,3,755.02,RUNNING,0
755.09,3,755.09,RUNNING,0
755.15,4,755.15,RUNNING,0
755.22,3,755.22,RUNNING,0
755.29,3,755.29,RUNNING,0
755.35,4,755.35,RUNNING,0
755.42,3,755.42,RUNNING,0
755.49,3,755.49,RUNNING,0
755.55,4,755.55,RUNNING,0
755.62,3,755.62,RUNNING,0
755.69,3,755.69,RUNNING,0
755.76,4,755.76,RUNNING,0
755.82,3,755.82,RUNNING,0
755.89,3,755.89,RUNNING,0
755.97,4,755.97,RUNNING,0
756.04,3,756.04,RUNNING,0
756.11,4,756.11,RUNNING,0
756.18,4,756.18,RUNNING,0
756.25,3,756.25,RUNNING,0
756.32,4,756.32,RUNNING,0
756.38,4,756.38,RUNNING,0
756.45,3,756.45,RUNNING,0
756.52,4,756.52,RUNNING,0
756.59,4,756.59,RUNNING,0
756.65,3,756.65,RUNNING,0
756.72,4,756.72,RUNNING,0
756.78,4,756.78,RUNNING,0
756.85,3,756.85,RUNNING,0
756.92,4,756.92,RUNNING,0
756.99,4,756.99,RUNNING,0
757.05,3,757.05,RUNNING,0
757.12,4,757.12,RUNNING,0
757.19,4,757.19,RUNNING,0
757.26,3,757.26,RUNNING,0
757.33,4,757.33,RUNNING,0
757.4,4,757.4,RUNNING,0
757.47,3,757.47,RUNNING,0
757.54,4,757.54,RUNNING,0
757.61,4,757.61,RUNNING,0
757.68,3,757.68,RUNNING,0
757.74,4,757.74,RUNNING,0
757.81,4,757.81,RUNNING,0
757.88,3,757.88,RUNNING,0
757.95,4,757.95,RUNNING,0
758.02,4,758.02,RUNNING,0
758.08,3,758.08,RUNNING,0
758.15,4,758.15,RUNNING,0
758.22,4,758.22,RUNNING,0
758.29,3,758.29,RUNNING,0
758.36,4,758.36,RUNNING,0
758.43,4,758.43,RUNNING,0
758.49,3,758.49,RUNNING,0
758.56,4,758.56,RUNNING,0
758.63,4,758.63,RUNNING,0
758.7,3,758.7,RUNNING,0
758.76,4,758.76,RUNNING,0
758.83,4,758.83,RUNNING,0
758.9,3,758.9,RUNNING,0
758.97,4,758.97,RUNNING,0
759.03,4,759.03,RUNNING,0
759.1,3,759.1,RUNNING,0
759.17,4,759.17,RUNNING,0
759.23,4,759.23,RUNNING,0
759.3,3,759.3,RUNNING,0
759.36,4,759.36,RUNNING,0
759.43,4,759.43,RUNNING,0
759.5,3,759.5,RUNNING,0
759.56,4,759.56,RUNNING,0
759.63,4,759.63,RUNNING,0
759.7,3,759.7,RUNNING,0
759.76,4,759.76,RUNNING,0
759.83,4,759.83,RUNNING,0
759.9,3,759.9,RUNNING,0
759.97,4,759.97,RUNNING,0
760.04,4,760.04,RUNNING,0
760.11,3,760.11,RUNNING,0
760.18,4,760.18,RUNNING,0
760.25,4,760.25,RUNNING,0
760.31,3,760.31,RUNNING,0
760.38,4,760.38,RUNNING,0
760.45,4,760.45,RUNNING,0
760.51,3,760.51,RUNNING,0
760.58,4,760.58,RUNNING,0
760.65,4,760.65,RUNNING,0
760.71,3,760.71,RUNNING,0
760.78,4,760.78,RUNNING,0
760.85,4,760.85,RUNNING,0
760.91,3,760.91,RUNNING,0
760.98,4,760.98,RUNNING,0
761.05,4,761.05,RUNNING,0
761.12,3,761.12,RUNNING,0
761.19,4,761.19,RUNNING,0
761.25,4,761.25,RUNNING,0
761.32,3,761.32,RUNNING,0
761.39,4,761.39,RUNNING,0
761.46,4,761.46,RUNNING,0
761.52,3,761.52,RUNNING,0
761.59,4,761.59,RUNNING,0
761.66,4,761.66,RUNNING,0
761.72,3,761.72,RUNNING,0
761.79,4,761.79,RUNNING,0
761.86,4,761.86,RUNNING,0
761.93,3,761.93,RUNNING,0
762.0,4,762.0,RUNNING,0
762.06,4,762.06,RUNNING,0
762.13,3,762.13,RUNNING,0
762.2,4,762.2,RUNNING,0
762.27,4,762.27,RUNNING,0
762.34,3,762.34,RUNNING,0
762.4,4,762.4,RUNNING,0
762.47,4,762.47,RUNNING,0
762.54,3,762.54,RUNNING,0
762.6,4,762.6,RUNNING,0
762.67,4,762.67,RUNNING,0
762.73,3,762.73,RUNNING,0
762.8,4,762.8,RUNNING,0
762.87,4,762.87,RUNNING,0
762.94,3,762.94,RUNNING,0
763.01,4,763.01,RUNNING,0
763.07,4,763.07,RUNNING,0
763.14,3,763.14,RUNNING,0
763.21,3,763.21,RUNNING,0
763.28,4,763.28,RUNNING,0
763.35,3,763.35,RUNNING,0
763.41,4,763.41,RUNNING,0
763.48,4,763.48,RUNNING,0
763.55,3,763.55,RUNNING,0
763.61,3,763.61,RUNNING,0
763.68,4,763.68,RUNNING,0
763.75,3,763.75,RUNNING,0
763.82,3,763.82,RUNNING,0
763.88,4,763.88,RUNNING,0
763.95,3,763.95,RUNNING,0
764.02,4,764.02,RUNNING,0
764.09,4,764.09,RUNNING,0
764.16,3,764.16,RUNNING,0
764.23,4,764.23,RUNNING,0
764.3,4,764.3,RUNNING,0
764.36,3,764.36,RUNNING,0
764.43,4,764.43,RUNNING,0
764.5,4,764.5,RUNNING,0
764.56,3,764.56,RUNNING,0
764.63,4,764.63,RUNNING,0
764.7,4,764.7,RUNNING,0
764.77,3,764.77,RUNNING,0
764.83,4,764.83,RUNNING,0
764.91,4,764.91,RUNNING,0
764.98,3,764.98,RUNNING,0
765.04,4,765.04,RUNNING,0
765.11,4,765.11,RUNNING,0
765.18,3,765.18,RUNNING,0
765.25,4,765.25,RUNNING,0
765.32,4,765.32,RUNNING,0
765.39,3,765.39,RUNNING,0
765.46,4,765.46,RUNNING,0
765.52,4,765.52,RUNNING,0
765.59,3,765.59,RUNNING,0
765.66,4,765.66,RUNNING,0
765.72,4,765.72,RUNNING,0
765.79,3,765.79,RUNNING,0
765.85,4,765.85,RUNNING,0
765.92,4,765.92,RUNNING,0
765.99,3,765.99,RUNNING,0
766.06,4,766.06,RUNNING,0
766.13,4,766.13,RUNNING,0
766.19,3,766.19,RUNNING,0
766.26,4,766.26,RUNNING,0
766.33,4,766.33,RUNNING,0
766.4,3,766.4,RUNNING,0
766.47,4,766.47,RUNNING,0
766.54,4,766.54,RUNNING,0
766.6,3,766.6,RUNNING,0
766.67,4,766.67,RUNNING,0
766.73,4,766.73,RUNNING,0
766.8,3,766.8,RUNNING,0
766.87,4,766.87,RUNNING,0
766.94,4,766.94,RUNNING,0
767.0,3,767.0,RUNNING,0
767.07,4,767.07,RUNNING,0
767.14,4,767.14,RUNNING,0
767.21,3,767.21,RUNNING,0
767.28,4,767.28,RUNNING,0
767.35,4,767.35,RUNNING,0
767.41,3,767.41,RUNNING,0
767.48,4,767.48,RUNNING,0
767.55,4,767.55,RUNNING,0
767.61,3,767.61,RUNNING,0
767.68,4,767.68,RUNNING,0
767.75,4,767.75,RUNNING,0
767.82,3,767.82,RUNNING,0
767.88,4,767.88,RUNNING,0
767.95,4,767.95,RUNNING,0
768.01,3,768.01,RUNNING,0
768.08,4,768.08,RUNNING,0
768.15,4,768.15,RUNNING,0
768.21,3,768.21,RUNNING,0
768.28,4,768.28,RUNNING,0
768.35,4,768.35,RUNNING,0
768.42,3,768.42,RUNNING,0
768.49,4,768.49,RUNNING,0
768.56,4,768.56,RUNNING,0
768.63,3,768.63,RUNNING,0
768.69,4,768.69,RUNNING,0
768.76,4,768.76,RUNNING,0
768.83,3,768.83,RUNNING,0
768.9,4,768.9,RUNNING,0
768.96,4,768.96,RUNNING,0
769.03,3,769.03,RUNNING,0
769.1,4,769.1,RUNNING,0
769.16,4,769.16,RUNNING,0
769.23,3,769.23,RUNNING,0
769.3,4,769.3,RUNNING,0
769.36,4,769.36,RUNNING,0
769.44,3,769.44,RUNNING,0
769.5,4,769.5,RUNNING,0
769.57,4,769.57,RUNNING,0
769.64,3,769.64,RUNNING,0
769.71,4,769.71,RUNNING,0
769.78,4,769.78,RUNNING,0
769.85,3,769.85,RUNNING,0
769.92,4,769.92,RUNNING,0
769.98,4,769.98,RUNNING,0
770.05,3,770.05,RUNNING,0
770.12,4,770.12,RUNNING,0
770.18,4,770.18,RUNNING,0
770.25,3,770.25,RUNNING,0
770.32,4,770.32,RUNNING,0
770.38,4,770.38,RUNNING,0
770.46,3,770.46,RUNNING,0
770.53,4,770.53,RUNNING,0
770.59,4,770.59,RUNNING,0
770.66,3,770.66,RUNNING,0
770.74,4,770.74,RUNNING,0
770.8,4,770.8,RUNNING,0
770.87,3,770.87,RUNNING,0
770.94,4,770.94,RUNNING,0
771.01,4,771.01,RUNNING,0
771.08,3,771.08,RUNNING,0
771.15,4,771.15,RUNNING,0
771.21,4,771.21,RUNNING,0
771.28,3,771.28,RUNNING,0
771.35,4,771.35,RUNNING,0
771.41,4,771.41,RUNNING,0
771.48,3,771.48,RUNNING,0
771.55,4,771.55,RUNNING,0
771.61,4,771.61,RUNNING,0
771.68,3,771.68,RUNNING,0
771.75,4,771.75,RUNNING,0
771.82,4,771.82,RUNNING,0
771.89,3,771.89,RUNNING,0
771.96,4,771.96,RUNNING,0
772.02,4,772.02,RUNNING,0
772.09,3,772.09,RUNNING,0
772.16,4,772.16,RUNNING,0
772.23,4,772.23,RUNNING,0
772.3,3,772.3,RUNNING,0
772.37,4,772.37,RUNNING,0
772.43,4,772.43,RUNNING,0
772.5,3,772.5,RUNNING,0
772.57,4,772.57,RUNNING,0
772.64,3,772.64,RUNNING,0
772.71,3,772.71,RUNNING,0
772.78,4,772.78,RUNNING,0
772.85,3,772.85,RUNNING,0
772.91,3,772.91,RUNNING,0
772.98,4,772.98,RUNNING,0
773.05,3,773.05,RUNNING,0
773.11,3,773.11,RUNNING,0
773.19,4,773.19,RUNNING,0
773.25,3,773.25,RUNNING,0
773.32,3,773.32,RUNNING,0
773.39,4,773.39,RUNNING,0
773.46,3,773.46,RUNNING,0
773.52,3,773.52,RUNNING,0
773.59,4,773.59,RUNNING,0
773.66,3,773.66,RUNNING,0
773.73,3,773.73,RUNNING,0
773.8,4,773.8,RUNNING,0
773.87,3,773.87,RUNNING,0
773.94,3,773.94,RUNNING,0
774.0,4,774.0,RUNNING,0
774.07,3,774.07,RUNNING,0
774.14,3,774.14,RUNNING,0
774.2,4,774.2,RUNNING,0
774.27,3,774.27,RUNNING,0
774.34,3,774.34,RUNNING,0
774.4,4,774.4,RUNNING,0
774.47,3,774.47,RUNNING,0
774.54,3,774.54,RUNNING,0
774.6,4,774.6,RUNNING,0
774.67,3,774.67,RUNNING,0
774.74,3,774.74,RUNNING,0
774.81,4,774.81,RUNNING,0
774.88,3,774.88,RUNNING,0
774.95,3,774.95,RUNNING,0
775.01,4,775.01,RUNNING,0
775.08,3,775.08,RUNNING,0
775.15,3,775.15,RUNNING,0
775.21,4,775.21,RUNNING,0
775.28,3,775.28,RUNNING,0
775.35,3,775.35,RUNNING,0
775.42,4,775.42,RUNNING,0
775.49,3,775.49,RUNNING,0
775.55,3,775.55,RUNNING,0
775.62,4,775.62,RUNNING,0
775.69,3,775.69,RUNNING,0
775.75,3,775.75,RUNNING,0
775.82,4,775.82,RUNNING,0
775.89,3,775.89,RUNNING,0
775.95,3,775.95,RUNNING,0
776.02,4,776.02,RUNNING,0
776.09,3,776.09,RUNNING,0
776.16,3,776.16,RUNNING,0
776.23,4,776.23,RUNNING,0
776.3,3,776.3,RUNNING,0
776.36,3,776.36,RUNNING,0
776.43,4,776.43,RUNNING,0
776.5,3,776.5,RUNNING,0
776.57,3,776.57,RUNNING,0
776.63,4,776.63,RUNNING,0
776.7,3,776.7,RUNNING,0
776.77,3,776.77,RUNNING,0
776.83,4,776.83,RUNNING,0
776.9,3,776.9,RUNNING,0
776.97,3,776.97,RUNNING,0
777.03,4,777.03,RUNNING,0
777.1,3,777.1,RUNNING,0
777.17,3,777.17,RUNNING,0
777.23,4,777.23,RUNNING,0
777.3,3,777.3,RUNNING,0
777.37,3,777.37,RUNNING,0
777.44,4,777.44,RUNNING,0
777.5,4,777.5,RUNNING,0
777.58,3,777.58,RUNNING,0
777.65,4,777.65,RUNNING,0
777.71,3,777.71,RUNNING,0
777.78,3,777.78,RUNNING,0
777.85,4,777.85,RUNNING,0
777.92,3,777.92,RUNNING,0
777.98,3,777.98,RUNNING,0
778.05,4,778.05,RUNNING,0
778.12,3,778.12,RUNNING,0
778.19,3,778.19,RUNNING,0
778.26,4,778.26,RUNNING,0
778.33,3,778.33,RUNNING,0
778.39,3,778.39,RUNNING,0
778.46,4,778.46,RUNNING,0
778.53,3,778.53,RUNNING,0
778.59,3,778.59,RUNNING,0
778.66,4,778.66,RUNNING,0
778.73,3,778.73,RUNNING,0
778.79,3,778.79,RUNNING,0
778.86,4,778.86,RUNNING,0
778.93,4,778.93,RUNNING,0
779.0,3,779.0,RUNNING,0
779.07,4,779.07,RUNNING,0
779.14,3,779.14,RUNNING,0
779.21,3,779.21,RUNNING,0
779.28,4,779.28,RUNNING,0
779.35,3,779.35,RUNNING,0
779.42,3,779.42,RUNNING,0
779.49,4,779.49,RUNNING,0
779.56,3,779.56,RUNNING,0
779.63,3,779.63,RUNNING,0
779.69,4,779.69,RUNNING,0
779.76,3,779.76,RUNNING,0
779.83,3,779.83,RUNNING,0
779.91,4,779.91,RUNNING,0
779.97,3,779.97,RUNNING,0
780.04,3,780.04,RUNNING,0
780.11,4,780.11,RUNNING,0
780.18,3,780.18,RUNNING,0
780.24,3,780.24,RUNNING,0
780.31,4,780.31,RUNNING,0
780.38,3,780.38,RUNNING,0
780.44,3,780.44,RUNNING,0
780.51,4,780.51,RUNNING,0
780.58,3,780.58,RUNNING,0
780.65,3,780.65,RUNNING,0
780.71,4,780.71,RUNNING,0
780.78,3,780.78,RUNNING,0
780.84,3,780.84,RUNNING,0
780.91,4,780.91,RUNNING,0
780.98,3,780.98,RUNNING,0
781.04,3,781.04,RUNNING,0
781.11,4,781.11,RUNNING,0
781.18,3,781.18,RUNNING,0
781.25,3,781.25,RUNNING,0
781.31,4,781.31,RUNNING,0
781.38,3,781.38,RUNNING,0
781.45,3,781.45,RUNNING,0
781.52,4,781.52,RUNNING,0
781.59,3,781.59,RUNNING,0
781.66,3,781.66,RUNNING,0
781.73,4,781.73,RUNNING,0
781.79,3,781.79,RUNNING,0
781.86,3,781.86,RUNNING,0
781.93,4,781.93,RUNNING,0
782.0,3,782.0,RUNNING,0
782.06,3,782.06,RUNNING,0
782.13,4,782.13,RUNNING,0
782.2,3,782.2,RUNNING,0
782.26,3,782.26,RUNNING,0
782.33,4,782.33,RUNNING,0
782.4,3,782.4,RUNNING,0
782.46,3,782.46,RUNNING,0
782.53,4,782.53,RUNNING,0
782.6,3,782.6,RUNNING,0
782.67,3,782.67,RUNNING,0
782.73,4,782.73,RUNNING,0
782.8,3,782.8,RUNNING,0
782.87,3,782.87,RUNNING,0
782.93,4,782.93,RUNNING,0
783.0,3,783.0,RUNNING,0
783.07,3,783.07,RUNNING,0
783.14,4,783.14,RUNNING,0
783.21,3,783.21,RUNNING,0
783.28,3,783.28,RUNNING,0
783.35,4,783.35,RUNNING,0
783.42,3,783.42,RUNNING,0
783.5,3,783.5,RUNNING,0
783.57,4,783.57,RUNNING,0
783.63,3,783.63,RUNNING,0
783.7,3,783.7,RUNNING,0
783.77,4,783.77,RUNNING,0
783.84,3,783.84,RUNNING,0
783.91,3,783.91,RUNNING,0
783.98,4,783.98,RUNNING,0
784.05,3,784.05,RUNNING,0
784.12,4,784.12,RUNNING,0
784.19,4,784.19,RUNNING,0
784.26,3,784.26,RUNNING,0
784.33,4,784.33,RUNNING,0
784.4,4,784.4,RUNNING,0
784.46,3,784.46,RUNNING,0
784.53,4,784.53,RUNNING,0
784.6,4,784.6,RUNNING,0
784.67,3,784.67,RUNNING,0
784.74,4,784.74,RUNNING,0
784.81,4,784.81,RUNNING,0
784.88,3,784.88,RUNNING,0
784.95,4,784.95,RUNNING,0
785.01,4,785.01,RUNNING,0
785.08,3,785.08,RUNNING,0
785.16,4,785.16,RUNNING,0
785.22,4,785.22,RUNNING,0
785.29,3,785.29,RUNNING,0
785.36,4,785.36,RUNNING,0
785.44,3,785.44,RUNNING,0
785.51,3,785.51,RUNNING,0
785.57,4,785.57,RUNNING,0
785.64,3,785.64,RUNNING,0
785.71,3,785.71,RUNNING,0
785.77,4,785.77,RUNNING,0
785.84,3,785.84,RUNNING,0
785.91,3,785.91,RUNNING,0
785.98,4,785.98,RUNNING,0
786.04,3,786.04,RUNNING,0
786.11,3,786.11,RUNNING,0
786.18,4,786.18,RUNNING,0
786.25,3,786.25,RUNNING,0
786.32,3,786.32,RUNNING,0
786.39,4,786.39,RUNNING,0
786.46,3,786.46,RUNNING,0
786.52,3,786.52,RUNNING,0
786.59,4,786.59,RUNNING,0
786.66,3,786.66,RUNNING,0
786.73,3,786.73,RUNNING,0
786.8,4,786.8,RUNNING,0
786.87,3,786.87,RUNNING,0
786.94,3,786.94,RUNNING,0
787.01,4,787.01,RUNNING,0
787.07,3,787.07,RUNNING,0
787.14,3,787.14,RUNNING,0
787.21,4,787.21,RUNNING,0
787.28,3,787.28,RUNNING,0
787.35,3,787.35,RUNNING,0
787.42,4,787.42,RUNNING,0
787.48,3,787.48,RUNNING,0
787.55,3,787.55,RUNNING,0
787.62,4,787.62,RUNNING,0
787.68,3,787.68,RUNNING,0
787.75,3,787.75,RUNNING,0
787.82,4,787.82,RUNNING,0
787.88,3,787.88,RUNNING,0
787.95,3,787.95,RUNNING,0
788.02,4,788.02,RUNNING,0
788.08,3,788.08,RUNNING,0
788.15,3,788.15,RUNNING,0
788.22,4,788.22,RUNNING,0
788.28,3,788.28,RUNNING,0
788.35,3,788.35,RUNNING,0
788.42,4,788.42,RUNNING,0
788.48,3,788.48,RUNNING,0
788.55,3,788.55,RUNNING,0
788.61,4,788.61,RUNNING,0
788.68,3,788.68,RUNNING,0
788.75,3,788.75,RUNNING,0
788.82,4,788.82,RUNNING,0
788.89,3,788.89,RUNNING,0
788.95,3,788.95,RUNNING,0
789.02,4,789.02,RUNNING,0
789.09,3,789.09,RUNNING,0
789.16,3,789.16,RUNNING,0
789.23,4,789.23,RUNNING,0
789.29,3,789.29,RUNNING,0
789.36,3,789.36,RUNNING,0
789.42,4,789.42,RUNNING,0
789.49,3,789.49,RUNNING,0
789.56,3,789.56,RUNNING,0
789.63,4,789.63,RUNNING,0
789.69,3,789.69,RUNNING,0
789.76,3,789.76,RUNNING,0
789.83,4,789.83,RUNNING,0
789.89,3,789.89,RUNNING,0
789.96,3,789.96,RUNNING,0
790.03,4,790.03,RUNNING,0
790.1,3,790.1,RUNNING,0
790.17,3,790.17,RUNNING,0
790.24,4,790.24,RUNNING,0
790.3,3,790.3,RUNNING,0
790.37,3,790.37,RUNNING,0
790.43,4,790.43,RUNNING,0
790.5,3,790.5,RUNNING,0
790.57,3,790.57,RUNNING,0
790.64,4,790.64,RUNNING,0
790.71,3,790.71,RUNNING,0
790.78,3,790.78,RUNNING,0
790.86,4,790.86,RUNNING,0
790.92,3,790.92,RUNNING,0
790.99,3,790.99,RUNNING,0
791.06,4,791.06,RUNNING,0
791.13,3,791.13,RUNNING,0
791.2,3,791.2,RUNNING,0
791.27,4,791.27,RUNNING,0
791.34,3,791.34,RUNNING,0
791.41,3,791.41,RUNNING,0
791.48,4,791.48,RUNNING,0
791.54,3,791.54,RUNNING,0
791.61,3,791.61,RUNNING,0
791.68,4,791.68,RUNNING,0
791.75,3,791.75,RUNNING,0
791.82,3,791.82,RUNNING,0
791.89,4,791.89,RUNNING,0
791.96,3,791.96,RUNNING,0
792.03,4,792.03,RUNNING,0
792.1,4,792.1,RUNNING,0
792.17,3,792.17,RUNNING,0
792.24,4,792.24,RUNNING,0
792.31,4,792.31,RUNNING,0
792.38,3,792.38,RUNNING,0
792.45,4,792.45,RUNNING,0
792.52,4,792.52,RUNNING,0
792.59,3,792.59,RUNNING,0
792.65,4,792.65,RUNNING,0
792.72,4,792.72,RUNNING,0
792.78,3,792.78,RUNNING,0
792.85,4,792.85,RUNNING,0
792.92,4,792.92,RUNNING,0
792.99,3,792.99,RUNNING,0
793.05,4,793.05,RUNNING,0
793.12,4,793.12,RUNNING,0
793.19,3,793.19,RUNNING,0
793.26,4,793.26,RUNNING,0
793.34,4,793.34,RUNNING,0
793.41,3,793.41,RUNNING,0
793.48,4,793.48,RUNNING,0
793.55,4,793.55,RUNNING,0
793.62,3,793.62,RUNNING,0
793.68,4,793.68,RUNNING,0
793.75,4,793.75,RUNNING,0
793.82,3,793.82,RUNNING,0
793.89,4,793.89,RUNNING,0
793.95,4,793.95,RUNNING,0
794.02,3,794.02,RUNNING,0
794.09,4,794.09,RUNNING,0
794.17,4,794.17,RUNNING,0
794.23,3,794.23,RUNNING,0
794.31,4,794.31,RUNNING,0
794.38,3,794.38,RUNNING,0
794.45,3,794.45,RUNNING,0
794.51,4,794.51,RUNNING,0
794.58,3,794.58,RUNNING,0
794.65,3,794.65,RUNNING,0
794.72,4,794.72,RUNNING,0
794.78,3,794.78,RUNNING,0
794.85,3,794.85,RUNNING,0
794.91,4,794.91,RUNNING,0
794.98,3,794.98,RUNNING,0
795.05,3,795.05,RUNNING,0
795.12,4,795.12,RUNNING,0
795.19,3,795.19,RUNNING,0
795.26,3,795.26,RUNNING,0
795.33,4,795.33,RUNNING,0
795.39,3,795.39,RUNNING,0
795.46,3,795.46,RUNNING,0
795.53,4,795.53,RUNNING,0
795.6,3,795.6,RUNNING,0
795.67,3,795.67,RUNNING,0
795.73,4,795.73,RUNNING,0
795.8,3,795.8,RUNNING,0
795.87,3,795.87,RUNNING,0
795.93,4,795.93,RUNNING,0
796.0,3,796.0,RUNNING,0
796.07,3,796.07,RUNNING,0
796.14,4,796.14,RUNNING,0
796.21,3,796.21,RUNNING,0
796.28,3,796.28,RUNNING,0
796.35,4,796.35,RUNNING,0
796.42,3,796.42,RUNNING,0
796.49,3,796.49,RUNNING,0
796.55,4,796.55,RUNNING,0
796.62,3,796.62,RUNNING,0
796.69,3,796.69,RUNNING,0
796.76,4,796.76,RUNNING,0
796.83,3,796.83,RUNNING,0
796.89,3,796.89,RUNNING,0
796.96,4,796.96,RUNNING,0
797.03,3,797.03,RUNNING,0
797.1,3,797.1,RUNNING,0
797.17,4,797.17,RUNNING,0
797.24,3,797.24,RUNNING,0
797.31,3,797.31,RUNNING,0
797.38,4,797.38,RUNNING,0
797.45,3,797.45,RUNNING,0
797.52,3,797.52,RUNNING,0
797.58,4,797.58,RUNNING,0
797.65,3,797.65,RUNNING,0
797.72,3,797.72,RUNNING,0
797.78,4,797.78,RUNNING,0
797.85,3,797.85,RUNNING,0
797.92,3,797.92,RUNNING,0
797.98,4,797.98,RUNNING,0
798.05,3,798.05,RUNNING,0
798.12,3,798.12,RUNNING,0
798.19,4,798.19,RUNNING,0
798.25,3,798.25,RUNNING,0
798.32,3,798.32,RUNNING,0
798.39,4,798.39,RUNNING,0
798.45,3,798.45,RUNNING,0
798.52,3,798.52,RUNNING,0
798.59,4,798.59,RUNNING,0
798.66,3,798.66,RUNNING,0
798.73,3,798.73,RUNNING,0
798.79,4,798.79,RUNNING,0
798.86,3,798.86,RUNNING,0
798.93,4,798.93,RUNNING,0
799.0,4,799.0,RUNNING,0
799.07,3,799.07,RUNNING,0
799.14,4,799.14,RUNNING,0
799.2,4,799.2,RUNNING,0
799.27,3,799.27,RUNNING,0
799.34,4,799.34,RUNNING,0
799.4,4,799.4,RUNNING,0
799.47,3,799.47,RUNNING,0
799.54,3,799.54,RUNNING,0
799.6,4,799.6,RUNNING,0
799.67,3,799.67,RUNNING,0
799.74,3,799.74,RUNNING,0
799.81,4,799.81,RUNNING,0
799.88,3,799.88,RUNNING,0
799.95,4,799.95,RUNNING,0
800.02,4,800.02,RUNNING,0
800.1,3,800.1,RUNNING,0
800.17,4,800.17,RUNNING,0
800.24,4,800.24,RUNNING,0
800.3,3,800.3,RUNNING,0
800.37,4,800.37,RUNNING,0
800.44,4,800.44,RUNNING,0
800.51,3,800.51,RUNNING,0
800.58,4,800.58,RUNNING,0
800.64,4,800.64,RUNNING,0
800.71,3,800.71,RUNNING,0
800.77,4,800.77,RUNNING,0
800.84,4,800.84,RUNNING,0
800.91,3,800.91,RUNNING,0
800.97,4,800.97,RUNNING,0
801.04,4,801.04,RUNNING,0
801.11,3,801.11,RUNNING,0
801.18,4,801.18,RUNNING,0
801.25,4,801.25,RUNNING,0
801.31,3,801.31,RUNNING,0
801.38,4,801.38,RUNNING,0
801.45,4,801.45,RUNNING,0
801.51,3,801.51,RUNNING,0
801.58,4,801.58,RUNNING,0
801.65,4,801.65,RUNNING,0
801.71,3,801.71,RUNNING,0
801.78,4,801.78,RUNNING,0
801.85,4,801.85,RUNNING,0
801.92,3,801.92,RUNNING,0
801.99,4,801.99,RUNNING,0
802.05,4,802.05,RUNNING,0
802.12,3,802.12,RUNNING,0
802.19,4,802.19,RUNNING,0
802.25,4,802.25,RUNNING,0
802.32,3,802.32,RUNNING,0
802.39,4,802.39,RUNNING,0
802.45,4,802.45,RUNNING,0
802.52,3,802.52,RUNNING,0
802.59,4,802.59,RUNNING,0
802.66,4,802.66,RUNNING,0
802.73,3,802.73,RUNNING,0
802.8,4,802.8,RUNNING,0
802.87,4,802.87,RUNNING,0
802.93,3,802.93,RUNNING,0
803.0,4,803.0,RUNNING,0
803.07,4,803.07,RUNNING,0
803.14,3,803.14,RUNNING,0
803.21,4,803.21,RUNNING,0
803.28,4,803.28,RUNNING,0
803.35,3,803.35,RUNNING,0
803.41,4,803.41,RUNNING,0
803.48,4,803.48,RUNNING,0
803.55,3,803.55,RUNNING,0
803.61,4,803.61,RUNNING,0
803.68,4,803.68,RUNNING,0
803.75,3,803.75,RUNNING,0
803.81,4,803.81,RUNNING,0
803.88,4,803.88,RUNNING,0
803.95,3,803.95,RUNNING,0
804.02,4,804.02,RUNNING,0
804.09,4,804.09,RUNNING,0
804.16,3,804.16,RUNNING,0
804.22,4,804.22,RUNNING,0
804.29,4,804.29,RUNNING,0
804.36,3,804.36,RUNNING,0
804.43,4,804.43,RUNNING,0
804.5,4,804.5,RUNNING,0
804.56,3,804.56,RUNNING,0
804.63,4,804.63,RUNNING,0
804.69,4,804.69,RUNNING,0
804.76,3,804.76,RUNNING,0
804.83,4,804.83,RUNNING,0
804.9,4,804.9,RUNNING,0
804.97,3,804.97,RUNNING,0
805.04,4,805.04,RUNNING,0
805.1,4,805.1,RUNNING,0
805.17,3,805.17,RUNNING,0
805.24,4,805.24,RUNNING,0
805.31,4,805.31,RUNNING,0
805.38,3,805.38,RUNNING,0
805.45,4,805.45,RUNNING,0
805.52,3,805.52,RUNNING,0
805.59,3,805.59,RUNNING,0
805.66,4,805.66,RUNNING,0
805.73,3,805.73,RUNNING,0
805.8,3,805.8,RUNNING,0
805.87,4,805.87,RUNNING,0
805.93,3,805.93,RUNNING,0
806.0,3,806.0,RUNNING,0
806.07,4,806.07,RUNNING,0
806.13,3,806.13,RUNNING,0
806.2,3,806.2,RUNNING,0
806.27,4,806.27,RUNNING,0
806.34,3,806.34,RUNNING,0
806.41,3,806.41,RUNNING,0
806.47,4,806.47,RUNNING,0
806.54,3,806.54,RUNNING,0
806.61,3,806.61,RUNNING,0
806.68,4,806.68,RUNNING,0
806.75,3,806.75,RUNNING,0
806.82,3,806.82,RUNNING,0
806.89,4,806.89,RUNNING,0
806.96,3,806.96,RUNNING,0
807.03,3,807.03,RUNNING,0
807.1,4,807.1,RUNNING,0
807.17,3,807.17,RUNNING,0
807.23,3,807.23,RUNNING,0
807.3,4,807.3,RUNNING,0
807.36,3,807.36,RUNNING,0
807.43,3,807.43,RUNNING,0
807.5,4,807.5,RUNNING,0
807.56,3,807.56,RUNNING,0
807.63,3,807.63,RUNNING,0
807.7,4,807.7,RUNNING,0
807.76,3,807.76,RUNNING,0
807.83,3,807.83,RUNNING,0
807.9,4,807.9,RUNNING,0
807.97,3,807.97,RUNNING,0
808.04,3,808.04,RUNNING,0
808.1,4,808.1,RUNNING,0
808.18,3,808.18,RUNNING,0
808.25,3,808.25,RUNNING,0
808.32,4,808.32,RUNNING,0
808.38,3,808.38,RUNNING,0
808.46,4,808.46,RUNNING,0
808.52,4,808.52,RUNNING,0
808.59,3,808.59,RUNNING,0
808.66,4,808.66,RUNNING,0
808.73,4,808.73,RUNNING,0
808.8,3,808.8,RUNNING,0
808.87,4,808.87,RUNNING,0
808.94,4,808.94,RUNNING,0
809.01,3,809.01,RUNNING,0
809.07,4,809.07,RUNNING,0
809.14,4,809.14,RUNNING,0
809.21,3,809.21,RUNNING,0
809.27,4,809.27,RUNNING,0
809.34,4,809.34,RUNNING,0
809.41,3,809.41,RUNNING,0
809.47,4,809.47,RUNNING,0
809.54,4,809.54,RUNNING,0
809.61,3,809.61,RUNNING,0
809.68,4,809.68,RUNNING,0
809.74,4,809.74,RUNNING,0
809.81,3,809.81,RUNNING,0
809.88,4,809.88,RUNNING,0
809.95,4,809.95,RUNNING,0
810.02,3,810.02,RUNNING,0
810.09,4,810.09,RUNNING,0
810.15,4,810.15,RUNNING,0
810.22,3,810.22,RUNNING,0
810.29,4,810.29,RUNNING,0
810.35,4,810.35,RUNNING,0
810.42,3,810.42,RUNNING,0
810.49,4,810.49,RUNNING,0
810.56,4,810.56,RUNNING,0
810.63,3,810.63,RUNNING,0
810.69,4,810.69,RUNNING,0
810.76,4,810.76,RUNNING,0
810.83,3,810.83,RUNNING,0
810.9,4,810.9,RUNNING,0
810.96,4,810.96,RUNNING,0
811.03,3,811.03,RUNNING,0
811.09,4,811.09,RUNNING,0
811.16,4,811.16,RUNNING,0
811.23,3,811.23,RUNNING,0
811.29,4,811.29,RUNNING,0
811.36,4,811.36,RUNNING,0
811.44,3,811.44,RUNNING,0
811.5,4,811.5,RUNNING,0
811.57,4,811.57,RUNNING,0
811.64,3,811.64,RUNNING,0
811.71,4,811.71,RUNNING,0
811.78,4,811.78,RUNNING,0
811.85,3,811.85,RUNNING,0
811.92,4,811.92,RUNNING,0
811.99,4,811.99,RUNNING,0
812.06,3,812.06,RUNNING,0
812.12,4,812.12,RUNNING,0
812.19,4,812.19,RUNNING,0
812.26,3,812.26,RUNNING,0
812.33,4,812.33,RUNNING,0
812.4,4,812.4,RUNNING,0
812.47,3,812.47,RUNNING,0
812.54,4,812.54,RUNNING,0
812.61,3,812.61,RUNNING,0
812.68,3,812.68,RUNNING,0
812.75,4,812.75,RUNNING,0
812.81,3,812.81,RUNNING,0
812.88,3,812.88,RUNNING,0
812.95,4,812.95,RUNNING,0
813.02,3,813.02,RUNNING,0
813.09,3,813.09,RUNNING,0
813.16,4,813.16,RUNNING,0
813.22,3,813.22,RUNNING,0
813.29,3,813.29,RUNNING,0
813.36,4,813.36,RUNNING,0
813.42,3,813.42,RUNNING,0
813.49,3,813.49,RUNNING,0
813.56,4,813.56,RUNNING,0
813.63,3,813.63,RUNNING,0
813.7,3,813.7,RUNNING,0
813.76,4,813.76,RUNNING,0
813.83,3,813.83,RUNNING,0
813.9,3,813.9,RUNNING,0
813.97,4,813.97,RUNNING,0
814.04,3,814.04,RUNNING,0
814.11,3,814.11,RUNNING,0
814.18,4,814.18,RUNNING,0
814.24,3,814.24,RUNNING,0
814.31,3,814.31,RUNNING,0
814.38,4,814.38,RUNNING,0
814.44,3,814.44,RUNNING,0
814.51,3,814.51,RUNNING,0
814.58,4,814.58,RUNNING,0
814.64,3,814.64,RUNNING,0
814.71,3,814.71,RUNNING,0
814.78,4,814.78,RUNNING,0
814.85,3,814.85,RUNNING,0
814.91,3,814.91,RUNNING,0
814.99,4,814.99,RUNNING,0
815.05,3,815.05,RUNNING,0
815.12,3,815.12,RUNNING,0
815.19,4,815.19,RUNNING,0
815.26,3,815.26,RUNNING,0
815.33,3,815.33,RUNNING,0
815.4,4,815.4,RUNNING,0
815.46,3,815.46,RUNNING,0
815.53,3,815.53,RUNNING,0
815.6,4,815.6,RUNNING,0
815.66,3,815.66,RUNNING,0
815.73,3,815.73,RUNNING,0
815.8,4,815.8,RUNNING,0
815.86,3,815.86,RUNNING,0
815.93,3,815.93,RUNNING,0
816.0,4,816.0,RUNNING,0
816.07,3,816.07,RUNNING,0
816.14,3,816.14,RUNNING,0
816.2,4,816.2,RUNNING,0
816.27,3,816.27,RUNNING,0
816.34,3,816.34,RUNNING,0
816.41,4,816.41,RUNNING,0
816.48,3,816.48,RUNNING,0
816.54,3,816.54,RUNNING,0
816.61,4,816.61,RUNNING,0
816.67,3,816.67,RUNNING,0
816.74,3,816.74,RUNNING,0
816.81,4,816.81,RUNNING,0
816.87,3,816.87,RUNNING,0
816.94,3,816.94,RUNNING,0
817.01,4,817.01,RUNNING,0
817.08,3,817.08,RUNNING,0
817.15,3,817.15,RUNNING,0
817.21,4,817.21,RUNNING,0
817.28,3,817.28,RUNNING,0
817.35,3,817.35,RUNNING,0
817.42,4,817.42,RUNNING,0
817.48,3,817.48,RUNNING,0
817.55,3,817.55,RUNNING,0
817.62,4,817.62,RUNNING,0
817.68,3,817.68,RUNNING,0
817.75,3,817.75,RUNNING,0
817.82,4,817.82,RUNNING,0
817.88,3,817.88,RUNNING,0
817.95,3,817.95,RUNNING,0
818.02,4,818.02,RUNNING,0
818.09,3,818.09,RUNNING,0
818.16,3,818.16,RUNNING,0
818.22,4,818.22,RUNNING,0
818.29,3,818.29,RUNNING,0
818.36,3,818.36,RUNNING,0
818.43,4,818.43,RUNNING,0
818.5,3,818.5,RUNNING,0
818.56,3,818.56,RUNNING,0
818.63,4,818.63,RUNNING,0
818.7,3,818.7,RUNNING,0
818.77,3,818.77,RUNNING,0
818.83,4,818.83,RUNNING,0
818.9,3,818.9,RUNNING,0
818.97,3,818.97,RUNNING,0
819.04,4,819.04,RUNNING,0
819.1,3,819.1,RUNNING,0
819.17,3,819.17,RUNNING,0
819.24,4,819.24,RUNNING,0
819.31,3,819.31,RUNNING,0
819.38,3,819.38,RUNNING,0
819.45,4,819.45,RUNNING,0
819.51,3,819.51,RUNNING,0
819.58,3,819.58,RUNNING,0
819.65,4,819.65,RUNNING,0
819.71,3,819.71,RUNNING,0
819.78,3,819.78,RUNNING,0
819.85,4,819.85,RUNNING,0
819.92,3,819.92,RUNNING,0
819.99,3,819.99,RUNNING,0
820.06,4,820.06,RUNNING,0
820.12,3,820.12,RUNNING,0
820.2,3,820.2,RUNNING,0
820.27,4,820.27,RUNNING,0
820.34,3,820.34,RUNNING,0
820.4,3,820.4,RUNNING,0
820.47,4,820.47,RUNNING,0
820.54,3,820.54,RUNNING,0
820.6,3,820.6,RUNNING,0
820.67,4,820.67,RUNNING,0
820.74,3,820.74,RUNNING,0
820.8,3,820.8,RUNNING,0
820.87,4,820.87,RUNNING,0
820.94,3,820.94,RUNNING,0
821.01,3,821.01,RUNNING,0
821.08,4,821.08,RUNNING,0
821.15,3,821.15,RUNNING,0
821.22,4,821.22,RUNNING,0
821.28,4,821.28,RUNNING,0
821.35,3,821.35,RUNNING,0
821.43,4,821.43,RUNNING,0
821.49,4,821.49,RUNNING,0
821.57,3,821.57,RUNNING,0
821.64,4,821.64,RUNNING,0
821.71,4,821.71,RUNNING,0
821.78,3,821.78,RUNNING,0
821.85,4,821.85,RUNNING,0
821.91,4,821.91,RUNNING,0
821.98,3,821.98,RUNNING,0
822.05,4,822.05,RUNNING,0
822.11,4,822.11,RUNNING,0
822.18,3,822.18,RUNNING,0
822.24,4,822.24,RUNNING,0
822.31,4,822.31,RUNNING,0
822.38,3,822.38,RUNNING,0
822.45,4,822.45,RUNNING,0
822.52,4,822.52,RUNNING,0
822.59,3,822.59,RUNNING,0
822.66,4,822.66,RUNNING,0
822.73,4,822.73,RUNNING,0
822.8,3,822.8,RUNNING,0
822.86,4,822.86,RUNNING,0
822.93,4,822.93,RUNNING,0
822.99,3,822.99,RUNNING,0
823.06,4,823.06,RUNNING,0
823.13,4,823.13,RUNNING,0
823.19,3,823.19,RUNNING,0
823.26,4,823.26,RUNNING,0
823.32,4,823.32,RUNNING,0
823.39,3,823.39,RUNNING,0
823.46,4,823.46,RUNNING,0
823.53,4,823.53,RUNNING,0
823.6,3,823.6,RUNNING,0
823.66,4,823.66,RUNNING,0
823.73,4,823.73,RUNNING,0
823.8,3,823.8,RUNNING,0
823.87,4,823.87,RUNNING,0
823.94,4,823.94,RUNNING,0
824.0,3,824.0,RUNNING,0
824.07,4,824.07,RUNNING,0
824.13,4,824.13,RUNNING,0
824.2,3,824.2,RUNNING,0
824.27,4,824.27,RUNNING,0
824.33,4,824.33,RUNNING,0
824.4,3,824.4,RUNNING,0
824.46,4,824.46,RUNNING,0
824.53,4,824.53,RUNNING,0
824.6,3,824.6,RUNNING,0
824.66,4,824.66,RUNNING,0
824.73,4,824.73,RUNNING,0
824.8,3,824.8,RUNNING,0
824.87,4,824.87,RUNNING,0
824.94,4,824.94,RUNNING,0
825.01,3,825.01,RUNNING,0
825.07,4,825.07,RUNNING,0
825.14,4,825.14,RUNNING,0
825.21,3,825.21,RUNNING,0
825.27,4,825.27,RUNNING,0
825.34,4,825.34,RUNNING,0
825.41,3,825.41,RUNNING,0
825.47,4,825.47,RUNNING,0
825.54,4,825.54,RUNNING,0
825.61,3,825.61,RUNNING,0
825.68,4,825.68,RUNNING,0
825.74,4,825.74,RUNNING,0
825.81,3,825.81,RUNNING,0
825.88,4,825.88,RUNNING,0
825.95,4,825.95,RUNNING,0
826.02,3,826.02,RUNNING,0
826.09,4,826.09,RUNNING,0
826.16,4,826.16,RUNNING,0
826.22,3,826.22,RUNNING,0
826.29,4,826.29,RUNNING,0
826.36,4,826.36,RUNNING,0
826.42,3,826.42,RUNNING,0
826.49,4,826.49,RUNNING,0
826.56,4,826.56,RUNNING,0
826.62,3,826.62,RUNNING,0
826.7,4,826.7,RUNNING,0
826.76,4,826.76,RUNNING,0
826.84,3,826.84,RUNNING,0
826.9,4,826.9,RUNNING,0
826.97,4,826.97,RUNNING,0
827.04,3,827.04,RUNNING,0
827.11,4,827.11,RUNNING,0
827.18,4,827.18,RUNNING,0
827.25,3,827.25,RUNNING,0
827.31,4,827.31,RUNNING,0
827.38,4,827.38,RUNNING,0
827.44,3,827.44,RUNNING,0
827.51,4,827.51,RUNNING,0
827.58,4,827.58,RUNNING,0
827.65,3,827.65,RUNNING,0
827.72,4,827.72,RUNNING,0
827.78,4,827.78,RUNNING,0
827.85,3,827.85,RUNNING,0
827.92,4,827.92,RUNNING,0
827.99,4,827.99,RUNNING,0
828.05,3,828.05,RUNNING,0
828.13,4,828.13,RUNNING,0
828.2,4,828.2,RUNNING,0
828.27,3,828.27,RUNNING,0
828.34,4,828.34,RUNNING,0
828.4,4,828.4,RUNNING,0
828.47,3,828.47,RUNNING,0
828.54,4,828.54,RUNNING,0
828.6,4,828.6,RUNNING,0
828.67,3,828.67,RUNNING,0
828.74,4,828.74,RUNNING,0
828.81,4,828.81,RUNNING,0
828.87,3,828.87,RUNNING,0
828.94,4,828.94,RUNNING,0
829.0,4,829.0,RUNNING,0
829.07,3,829.07,RUNNING,0
829.14,4,829.14,RUNNING,0
829.2,4,829.2,RUNNING,0
829.28,3,829.28,RUNNING,0
829.34,4,829.34,RUNNING,0
829.41,4,829.41,RUNNING,0
829.48,3,829.48,RUNNING,0
829.55,4,829.55,RUNNING,0
829.62,4,829.62,RUNNING,0
829.69,3,829.69,RUNNING,0
829.75,4,829.75,RUNNING,0
829.83,3,829.83,RUNNING,0
829.89,3,829.89,RUNNING,0
829.96,4,829.96,RUNNING,0
830.03,5,830.03,RUNNING,0
830.1,5,830.1,RUNNING,0
830.17,3,830.17,RUNNING,0
830.23,4,830.23,RUNNING,0
830.3,4,830.3,RUNNING,0
830.37,5,830.37,RUNNING,0
830.44,3,830.44,RUNNING,0
830.51,3,830.51,RUNNING,0
830.58,4,830.58,RUNNING,0
830.65,5,830.65,RUNNING,0
830.72,5,830.72,RUNNING,0
830.79,3,830.79,RUNNING,0
830.86,4,830.86,RUNNING,0
830.92,4,830.92,RUNNING,0
830.99,5,830.99,RUNNING,0
831.06,3,831.06,RUNNING,0
831.13,3,831.13,RUNNING,0
831.2,4,831.2,RUNNING,0
831.27,5,831.27,RUNNING,0
831.33,5,831.33,RUNNING,0
831.4,3,831.4,RUNNING,0
831.47,4,831.47,RUNNING,0
831.54,4,831.54,RUNNING,0
831.61,5,831.61,RUNNING,0
831.67,3,831.67,RUNNING,0
831.74,3,831.74,RUNNING,0
831.81,4,831.81,RUNNING,0
831.87,5,831.87,RUNNING,0
831.94,5,831.94,RUNNING,0
832.01,3,832.01,RUNNING,0
832.08,4,832.08,RUNNING,0
832.14,4,832.14,RUNNING,0
832.21,5,832.21,RUNNING,0
832.28,3,832.28,RUNNING,0
832.35,3,832.35,RUNNING,0
832.41,4,832.41,RUNNING,0
832.48,5,832.48,RUNNING,0
832.55,5,832.55,RUNNING,0
832.63,3,832.63,RUNNING,0
832.69,4,832.69,RUNNING,0
832.76,4,832.76,RUNNING,0
832.83,5,832.83,RUNNING,0
832.9,3,832.9,RUNNING,0
832.96,3,832.96,RUNNING,0
833.03,4,833.03,RUNNING,0
833.1,5,833.1,RUNNING,0
833.17,5,833.17,RUNNING,0
833.23,3,833.23,RUNNING,0
833.3,4,833.3,RUNNING,0
833.36,4,833.36,RUNNING,0
833.43,5,833.43,RUNNING,0
833.5,3,833.5,RUNNING,0
833.58,4,833.58,RUNNING,0
833.64,4,833.64,RUNNING,0
833.71,5,833.71,RUNNING,0
833.78,3,833.78,RUNNING,0
833.85,3,833.85,RUNNING,0
833.92,4,833.92,RUNNING,0
833.98,5,833.98,RUNNING,0
834.06,5,834.06,RUNNING,0
834.13,3,834.13,RUNNING,0
834.19,4,834.19,RUNNING,0
834.26,4,834.26,RUNNING,0
834.33,5,834.33,RUNNING,0
834.4,3,834.4,RUNNING,0
834.47,3,834.47,RUNNING,0
834.54,4,834.54,RUNNING,0
834.61,5,834.61,RUNNING,0
834.67,5,834.67,RUNNING,0
834.74,3,834.74,RUNNING,0
834.81,4,834.81,RUNNING,0
834.88,4,834.88,RUNNING,0
834.95,5,834.95,RUNNING,0
835.02,3,835.02,RUNNING,0
835.08,3,835.08,RUNNING,0
835.15,4,835.15,RUNNING,0
835.21,5,835.21,RUNNING,0
835.28,5,835.28,RUNNING,0
835.35,3,835.35,RUNNING,0
835.42,4,835.42,RUNNING,0
835.49,4,835.49,RUNNING,0
835.56,5,835.56,RUNNING,0
835.63,3,835.63,RUNNING,0
835.7,4,835.7,RUNNING,0
835.77,4,835.77,RUNNING,0
835.84,5,835.84,RUNNING,0
835.91,3,835.91,RUNNING,0
835.97,3,835.97,RUNNING,0
836.04,4,836.04,RUNNING,0
836.11,5,836.11,RUNNING,0
836.18,5,836.18,RUNNING,0
836.24,3,836.24,RUNNING,0
836.31,4,836.31,RUNNING,0
836.38,4,836.38,RUNNING,0
836.44,5,836.44,RUNNING,0
836.51,3,836.51,RUNNING,0
836.58,3,836.58,RUNNING,0
836.64,4,836.64,RUNNING,0
836.71,5,836.71,RUNNING,0
836.78,5,836.78,RUNNING,0
836.84,3,836.84,RUNNING,0
836.91,4,836.91,RUNNING,0
836.98,4,836.98,RUNNING,0
837.05,5,837.05,RUNNING,0
837.12,3,837.12,RUNNING,0
837.19,3,837.19,RUNNING,0
837.26,4,837.26,RUNNING,0
837.32,5,837.32,RUNNING,0
837.39,5,837.39,RUNNING,0
837.46,3,837.46,RUNNING,0
837.53,4,837.53,RUNNING,0
837.6,4,837.6,RUNNING,0
837.67,5,837.67,RUNNING,0
837.74,3,837.74,RUNNING,0
837.81,3,837.81,RUNNING,0
837.88,4,837.88,RUNNING,0
837.95,5,837.95,RUNNING,0
838.02,5,838.02,RUNNING,0
838.08,3,838.08,RUNNING,0
838.15,4,838.15,RUNNING,0
838.22,4,838.22,RUNNING,0
838.29,5,838.29,RUNNING,0
838.36,3,838.36,RUNNING,0
838.43,3,838.43,RUNNING,0
838.49,4,838.49,RUNNING,0
838.56,5,838.56,RUNNING,0
838.63,5,838.63,RUNNING,0
838.7,3,838.7,RUNNING,0
838.77,4,838.77,RUNNING,0
838.83,4,838.83,RUNNING,0
838.9,5,838.9,RUNNING,0
838.96,3,838.96,RUNNING,0
839.03,3,839.03,RUNNING,0
839.1,4,839.1,RUNNING,0
839.17,5,839.17,RUNNING,0
839.23,5,839.23,RUNNING,0
839.3,3,839.3,RUNNING,0
839.38,4,839.38,RUNNING,0
839.44,4,839.44,RUNNING,0
839.51,5,839.51,RUNNING,0
839.58,3,839.58,RUNNING,0
839.65,3,839.65,RUNNING,0
839.72,4,839.72,RUNNING,0
839.79,5,839.79,RUNNING,0
839.86,3,839.86,RUNNING,0
839.92,3,839.92,RUNNING,0
839.99,4,839.99,RUNNING,0
840.06,5,840.06,RUNNING,0
840.13,5,840.13,RUNNING,0
840.2,3,840.2,RUNNING,0
840.27,4,840.27,RUNNING,0
840.34,4,840.34,RUNNING,0
840.41,5,840.41,RUNNING,0
840.47,3,840.47,RUNNING,0
840.54,3,840.54,RUNNING,0
840.61,4,840.61,RUNNING,0
840.68,5,840.68,RUNNING,0
840.74,5,840.74,RUNNING,0
840.82,3,840.82,RUNNING,0
840.89,4,840.89,RUNNING,0
840.95,4,840.95,RUNNING,0
841.02,5,841.02,RUNNING,0
841.09,3,841.09,RUNNING,0
841.16,3,841.16,RUNNING,0
841.23,4,841.23,RUNNING,0
841.3,5,841.3,RUNNING,0
841.36,5,841.36,RUNNING,0
841.43,3,841.43,RUNNING,0
841.5,4,841.5,RUNNING,0
841.56,4,841.56,RUNNING,0
841.63,5,841.63,RUNNING,0
841.71,3,841.71,RUNNING,0
841.78,3,841.78,RUNNING,0
841.84,4,841.84,RUNNING,0
841.91,5,841.91,RUNNING,0
841.98,5,841.98,RUNNING,0
842.05,3,842.05,RUNNING,0
842.12,4,842.12,RUNNING,0
842.18,4,842.18,RUNNING,0
842.25,5,842.25,RUNNING,0
842.32,3,842.32,RUNNING,0
842.38,3,842.38,RUNNING,0
842.45,4,842.45,RUNNING,0
842.52,5,842.52,RUNNING,0
842.58,5,842.58,RUNNING,0
842.65,3,842.65,RUNNING,0
842.72,4,842.72,RUNNING,0
842.79,4,842.79,RUNNING,0
842.86,5,842.86,RUNNING,0
842.93,3,842.93,RUNNING,0
842.99,3,842.99,RUNNING,0
843.06,4,843.06,RUNNING,0
843.13,5,843.13,RUNNING,0
843.2,5,843.2,RUNNING,0
843.27,3,843.27,RUNNING,0
843.34,4,843.34,RUNNING,0
843.41,5,843.41,RUNNING,0
843.48,5,843.48,RUNNING,0
843.54,3,843.54,RUNNING,0
843.61,4,843.61,RUNNING,0
843.68,4,843.68,RUNNING,0
843.75,5,843.75,RUNNING,0
843.81,3,843.81,RUNNING,0
843.88,3,843.88,RUNNING,0
843.94,4,843.94,RUNNING,0
844.01,5,844.01,RUNNING,0
844.08,5,844.08,RUNNING,0
844.14,3,844.14,RUNNING,0
844.21,3,844.21,RUNNING,0
844.28,4,844.28,RUNNING,0
844.35,5,844.35,RUNNING,0
844.42,5,844.42,RUNNING,0
844.49,3,844.49,RUNNING,0
844.56,4,844.56,RUNNING,0
844.62,4,844.62,RUNNING,0
844.69,5,844.69,RUNNING,0
844.76,3,844.76,RUNNING,0
844.82,3,844.82,RUNNING,0
844.89,4,844.89,RUNNING,0
844.96,5,844.96,RUNNING,0
845.02,5,845.02,RUNNING,0
845.09,3,845.09,RUNNING,0
845.16,4,845.16,RUNNING,0
845.23,4,845.23,RUNNING,0
845.3,5,845.3,RUNNING,0
845.37,3,845.37,RUNNING,0
845.44,4,845.44,RUNNING,0
845.51,4,845.51,RUNNING,0
845.58,5,845.58,RUNNING,0
845.65,3,845.65,RUNNING,0
845.71,3,845.71,RUNNING,0
845.78,4,845.78,RUNNING,0
845.85,5,845.85,RUNNING,0
845.92,5,845.92,RUNNING,0
845.99,3,845.99,RUNNING,0
846.05,4,846.05,RUNNING,0
846.12,4,846.12,RUNNING,0
846.19,5,846.19,RUNNING,0
846.25,3,846.25,RUNNING,0
846.32,3,846.32,RUNNING,0
846.39,4,846.39,RUNNING,0
846.45,5,846.45,RUNNING,0
846.52,5,846.52,RUNNING,0
846.6,3,846.6,RUNNING,0
846.67,4,846.67,RUNNING,0
846.74,4,846.74,RUNNING,0
846.8,5,846.8,RUNNING,0
846.87,3,846.87,RUNNING,0
846.94,3,846.94,RUNNING,0
847.01,4,847.01,RUNNING,0
847.07,5,847.07,RUNNING,0
847.14,5,847.14,RUNNING,0
847.21,3,847.21,RUNNING,0
847.28,4,847.28,RUNNING,0
847.34,4,847.34,RUNNING,0
847.41,5,847.41,RUNNING,0
847.48,3,847.48,RUNNING,0
847.55,3,847.55,RUNNING,0
847.62,7,847.62,MISSION_TOTAL_TIMEOUT,1
847.66,7,847.66,MISSION_TOTAL_TIMEOUT,1
847.68,7,847.68,MISSION_TOTAL_TIMEOUT,1
847.75,7,847.75,MISSION_TOTAL_TIMEOUT,1
847.82,7,847.82,MISSION_TOTAL_TIMEOUT,1
847.89,7,847.89,MISSION_TOTAL_TIMEOUT,1
